3.996813e+002,0.000000e+000
4.001635e+002,1.958129e-002
4.006456e+002,1.987756e-002
4.011277e+002,2.013918e-002
4.016098e+002,2.036947e-002
4.020919e+002,2.056156e-002
4.025741e+002,2.071020e-002
4.030562e+002,2.081810e-002
4.035383e+002,2.089805e-002
4.040204e+002,2.096413e-002
4.045026e+002,2.102605e-002
4.049847e+002,2.108406e-002
4.054668e+002,2.113276e-002
4.059489e+002,2.116555e-002
4.064311e+002,2.118396e-002
4.069132e+002,2.119733e-002
4.073953e+002,2.122106e-002
4.078774e+002,2.126553e-002
4.083596e+002,2.133123e-002
4.088417e+002,2.140640e-002
4.093238e+002,2.147199e-002
4.098059e+002,2.150940e-002
4.102881e+002,2.151242e-002
4.107702e+002,2.148979e-002
4.112523e+002,2.146161e-002
4.117344e+002,2.144841e-002
4.122166e+002,2.146344e-002
4.126987e+002,2.150637e-002
4.131808e+002,2.156650e-002
4.136629e+002,2.162675e-002
4.141451e+002,2.167234e-002
4.146272e+002,2.169508e-002
4.151093e+002,2.169445e-002
4.155914e+002,2.167072e-002
4.160736e+002,2.162216e-002
4.165557e+002,2.154134e-002
4.170378e+002,2.142181e-002
4.175200e+002,2.126806e-002
4.180021e+002,2.111615e-002
4.184842e+002,2.103499e-002
4.189663e+002,2.109230e-002
4.194484e+002,2.129663e-002
4.199306e+002,2.158810e-002
4.204127e+002,2.188407e-002
4.208948e+002,2.212504e-002
4.213770e+002,2.228689e-002
4.218591e+002,2.237804e-002
4.223412e+002,2.242836e-002
4.228233e+002,2.247857e-002
4.233055e+002,2.256618e-002
4.237876e+002,2.271444e-002
4.242697e+002,2.292068e-002
4.247518e+002,2.315900e-002
4.252339e+002,2.338905e-002
4.257161e+002,2.357632e-002
4.261982e+002,2.370311e-002
4.266803e+002,2.377204e-002
4.271624e+002,2.379607e-002
4.276446e+002,2.378885e-002
4.281267e+002,2.375644e-002
4.286088e+002,2.369976e-002
4.290909e+002,2.361888e-002
4.295731e+002,2.352002e-002
4.300552e+002,2.341901e-002
4.305373e+002,2.333854e-002
4.310194e+002,2.330050e-002
4.315016e+002,2.331800e-002
4.319837e+002,2.338965e-002
4.324658e+002,2.350037e-002
4.329479e+002,2.362723e-002
4.334301e+002,2.374722e-002
4.339122e+002,2.384369e-002
4.343943e+002,2.390967e-002
4.348764e+002,2.394545e-002
4.353586e+002,2.395423e-002
4.358407e+002,2.393959e-002
4.363228e+002,2.390725e-002
4.368049e+002,2.386546e-002
4.372870e+002,2.382754e-002
4.377692e+002,2.380721e-002
4.382513e+002,2.381563e-002
4.387334e+002,2.385625e-002
4.392155e+002,2.392486e-002
4.396977e+002,2.401014e-002
4.401798e+002,2.409950e-002
4.406619e+002,2.418326e-002
4.411440e+002,2.426202e-002
4.416262e+002,2.434693e-002
4.421083e+002,2.445620e-002
4.425904e+002,2.460396e-002
4.430725e+002,2.479307e-002
4.435547e+002,2.501062e-002
4.440368e+002,2.523472e-002
4.445189e+002,2.544350e-002
4.450010e+002,2.562520e-002
4.454832e+002,2.578224e-002
4.459653e+002,2.592757e-002
4.464474e+002,2.607588e-002
4.469295e+002,2.623595e-002
4.474117e+002,2.640453e-002
4.478938e+002,2.656980e-002
4.483759e+002,2.671800e-002
4.488580e+002,2.684316e-002
4.493401e+002,2.695126e-002
4.498223e+002,2.705834e-002
4.503044e+002,2.718315e-002
4.507865e+002,2.734003e-002
4.512687e+002,2.753204e-002
4.517508e+002,2.775007e-002
4.522329e+002,2.797530e-002
4.527150e+002,2.818864e-002
4.531971e+002,2.837842e-002
4.536793e+002,2.854498e-002
4.541614e+002,2.869602e-002
4.546435e+002,2.883996e-002
4.551257e+002,2.898120e-002
4.556078e+002,2.912046e-002
4.560899e+002,2.925749e-002
4.565720e+002,2.939604e-002
4.570542e+002,2.954413e-002
4.575363e+002,2.970995e-002
4.580184e+002,2.989147e-002
4.585005e+002,3.007206e-002
4.589827e+002,3.022332e-002
4.594648e+002,3.031894e-002
4.599469e+002,3.034411e-002
4.604290e+002,3.030200e-002
4.609112e+002,3.021057e-002
4.613933e+002,3.009524e-002
4.618754e+002,2.997935e-002
4.623575e+002,2.987674e-002
4.628397e+002,2.978852e-002
4.633218e+002,2.970789e-002
4.638039e+002,2.962783e-002
4.642860e+002,2.954837e-002
4.647682e+002,2.947774e-002
4.652503e+002,2.942845e-002
4.657324e+002,2.940818e-002
4.662145e+002,2.941324e-002
4.666967e+002,2.942541e-002
4.671788e+002,2.941828e-002
4.676609e+002,2.936875e-002
4.681430e+002,2.926974e-002
4.686252e+002,2.913472e-002
4.691073e+002,2.899158e-002
4.695894e+002,2.886965e-002
4.700715e+002,2.878963e-002
4.705536e+002,2.875817e-002
4.710358e+002,2.877005e-002
4.715179e+002,2.881234e-002
4.720000e+002,2.887311e-002
4.724821e+002,2.894648e-002
4.729643e+002,2.903375e-002
4.734464e+002,2.913682e-002
4.739285e+002,2.925180e-002
4.744106e+002,2.936613e-002
4.748928e+002,2.946337e-002
4.753749e+002,2.953012e-002
4.758570e+002,2.956284e-002
4.763391e+002,2.957004e-002
4.768213e+002,2.957010e-002
4.773034e+002,2.958261e-002
4.777855e+002,2.962020e-002
4.782676e+002,2.968291e-002
4.787498e+002,2.975976e-002
4.792319e+002,2.983495e-002
4.797140e+002,2.989776e-002
4.801961e+002,2.994717e-002
4.806783e+002,2.999236e-002
4.811604e+002,3.004661e-002
4.816425e+002,3.011973e-002
4.821246e+002,3.021242e-002
4.826068e+002,3.031554e-002
4.830889e+002,3.041453e-002
4.835710e+002,3.049772e-002
4.840531e+002,3.056179e-002
4.845352e+002,3.061419e-002
4.850174e+002,3.066734e-002
4.854995e+002,3.073192e-002
4.859816e+002,3.081025e-002
4.864637e+002,3.089690e-002
4.869459e+002,3.098137e-002
4.874280e+002,3.105497e-002
4.879101e+002,3.111351e-002
4.883922e+002,3.115857e-002
4.888744e+002,3.119435e-002
4.893565e+002,3.122492e-002
4.898386e+002,3.125167e-002
4.903207e+002,3.127485e-002
4.908029e+002,3.129615e-002
4.912850e+002,3.132079e-002
4.917671e+002,3.135679e-002
4.922492e+002,3.141171e-002
4.927314e+002,3.148654e-002
4.932135e+002,3.157397e-002
4.936956e+002,3.165927e-002
4.941777e+002,3.172741e-002
4.946599e+002,3.177110e-002
4.951420e+002,3.179575e-002
4.956241e+002,3.181848e-002
4.961062e+002,3.186261e-002
4.965884e+002,3.194731e-002
4.970705e+002,3.207977e-002
4.975526e+002,3.225045e-002
4.980347e+002,3.243746e-002
4.985169e+002,3.261432e-002
4.989990e+002,3.276008e-002
4.994811e+002,3.286456e-002
4.999633e+002,3.292940e-002
5.004454e+002,3.296280e-002
5.009275e+002,3.297471e-002
5.014096e+002,3.297265e-002
5.018917e+002,3.296296e-002
5.023739e+002,3.295217e-002
5.028560e+002,3.295082e-002
5.033381e+002,3.297091e-002
5.038203e+002,3.302276e-002
5.043024e+002,3.310900e-002
5.047845e+002,3.322282e-002
5.052666e+002,3.334766e-002
5.057487e+002,3.346233e-002
5.062309e+002,3.354709e-002
5.067130e+002,3.359207e-002
5.071951e+002,3.360111e-002
5.076772e+002,3.358898e-002
5.081594e+002,3.357344e-002
5.086415e+002,3.356742e-002
5.091236e+002,3.357446e-002
5.096057e+002,3.359212e-002
5.100879e+002,3.361584e-002
5.105700e+002,3.364535e-002
5.110521e+002,3.368497e-002
5.115342e+002,3.374178e-002
5.120164e+002,3.381908e-002
5.124985e+002,3.391321e-002
5.129806e+002,3.401227e-002
5.134627e+002,3.410123e-002
5.139448e+002,3.416909e-002
5.144270e+002,3.421561e-002
5.149091e+002,3.425280e-002
5.153912e+002,3.430150e-002
5.158734e+002,3.438257e-002
5.163555e+002,3.450706e-002
5.168376e+002,3.467001e-002
5.173197e+002,3.485159e-002
5.178019e+002,3.502500e-002
5.182840e+002,3.516947e-002
5.187661e+002,3.527838e-002
5.192482e+002,3.535983e-002
5.197303e+002,3.542899e-002
5.202125e+002,3.549909e-002
5.206946e+002,3.557504e-002
5.211767e+002,3.565404e-002
5.216588e+002,3.572951e-002
5.221410e+002,3.579738e-002
5.226231e+002,3.585817e-002
5.231052e+002,3.591732e-002
5.235873e+002,3.597993e-002
5.240695e+002,3.604714e-002
5.245516e+002,3.611285e-002
5.250337e+002,3.616645e-002
5.255159e+002,3.619841e-002
5.259980e+002,3.620815e-002
5.264801e+002,3.620632e-002
5.269622e+002,3.621136e-002
5.274443e+002,3.623995e-002
5.279265e+002,3.629902e-002
5.284086e+002,3.638326e-002
5.288907e+002,3.647771e-002
5.293728e+002,3.656482e-002
5.298550e+002,3.663141e-002
5.303371e+002,3.667298e-002
5.308192e+002,3.669403e-002
5.313013e+002,3.670309e-002
5.317834e+002,3.670701e-002
5.322656e+002,3.670635e-002
5.327477e+002,3.669592e-002
5.332299e+002,3.666881e-002
5.337120e+002,3.662257e-002
5.341941e+002,3.656279e-002
5.346762e+002,3.650260e-002
5.351583e+002,3.645754e-002
5.356404e+002,3.644000e-002
5.361226e+002,3.645351e-002
5.366047e+002,3.649233e-002
5.370868e+002,3.654464e-002
5.375690e+002,3.659815e-002
5.380511e+002,3.664459e-002
5.385332e+002,3.668168e-002
5.390153e+002,3.671160e-002
5.394974e+002,3.673787e-002
5.399796e+002,3.676232e-002
5.404617e+002,3.678549e-002
5.409438e+002,3.680717e-002
5.414260e+002,3.682981e-002
5.419081e+002,3.685806e-002
5.423902e+002,3.689846e-002
5.428723e+002,3.695547e-002
5.433544e+002,3.702835e-002
5.438365e+002,3.711052e-002
5.443187e+002,3.719138e-002
5.448008e+002,3.726022e-002
5.452830e+002,3.731149e-002
5.457651e+002,3.734692e-002
5.462472e+002,3.737476e-002
5.467293e+002,3.740527e-002
5.472114e+002,3.744561e-002
5.476936e+002,3.749657e-002
5.481757e+002,3.755383e-002
5.486578e+002,3.761086e-002
5.491400e+002,3.766379e-002
5.496221e+002,3.771270e-002
5.501042e+002,3.776216e-002
5.505863e+002,3.781722e-002
5.510684e+002,3.788026e-002
5.515505e+002,3.794871e-002
5.520327e+002,3.801696e-002
5.525148e+002,3.807891e-002
5.529969e+002,3.813192e-002
5.534791e+002,3.817791e-002
5.539612e+002,3.822189e-002
5.544433e+002,3.826810e-002
5.549254e+002,3.831682e-002
5.554076e+002,3.836267e-002
5.558896e+002,3.839684e-002
5.563718e+002,3.841159e-002
5.568539e+002,3.840472e-002
5.573361e+002,3.838041e-002
5.578182e+002,3.834886e-002
5.583003e+002,3.832025e-002
5.587825e+002,3.830208e-002
5.592645e+002,3.829616e-002
5.597467e+002,3.830022e-002
5.602288e+002,3.831133e-002
5.607109e+002,3.832956e-002
5.611931e+002,3.835856e-002
5.616752e+002,3.840424e-002
5.621573e+002,3.847031e-002
5.626394e+002,3.855482e-002
5.631216e+002,3.864803e-002
5.636037e+002,3.873573e-002
5.640858e+002,3.880347e-002
5.645679e+002,3.884252e-002
5.650500e+002,3.885270e-002
5.655322e+002,3.884211e-002
5.660143e+002,3.882234e-002
5.664965e+002,3.880479e-002
5.669785e+002,3.879601e-002
5.674607e+002,3.879834e-002
5.679428e+002,3.881115e-002
5.684249e+002,3.883390e-002
5.689070e+002,3.886768e-002
5.693892e+002,3.891469e-002
5.698713e+002,3.897595e-002
5.703534e+002,3.904922e-002
5.708356e+002,3.912781e-002
5.713177e+002,3.920325e-002
5.717998e+002,3.926809e-002
5.722819e+002,3.931982e-002
5.727640e+002,3.936135e-002
5.732462e+002,3.939948e-002
5.737283e+002,3.944097e-002
5.742104e+002,3.948898e-002
5.746925e+002,3.954138e-002
5.751747e+002,3.959206e-002
5.756568e+002,3.963417e-002
5.761389e+002,3.966493e-002
5.766210e+002,3.968673e-002
5.771031e+002,3.970623e-002
5.775853e+002,3.973012e-002
5.780674e+002,3.976129e-002
5.785496e+002,3.979762e-002
5.790317e+002,3.983310e-002
5.795138e+002,3.986173e-002
5.799959e+002,3.988125e-002
5.804780e+002,3.989476e-002
5.809601e+002,3.990981e-002
5.814423e+002,3.993422e-002
5.819244e+002,3.997202e-002
5.824066e+002,4.002164e-002
5.828887e+002,4.007699e-002
5.833708e+002,4.013061e-002
5.838529e+002,4.017806e-002
5.843350e+002,4.021937e-002
5.848171e+002,4.025859e-002
5.852993e+002,4.030065e-002
5.857814e+002,4.034851e-002
5.862635e+002,4.040046e-002
5.867457e+002,4.045172e-002
5.872278e+002,4.049734e-002
5.877099e+002,4.053484e-002
5.881920e+002,4.056559e-002
5.886741e+002,4.059420e-002
5.891563e+002,4.062518e-002
5.896384e+002,4.066084e-002
5.901205e+002,4.069944e-002
5.906027e+002,4.073697e-002
5.910848e+002,4.076970e-002
5.915669e+002,4.079715e-002
5.920490e+002,4.082322e-002
5.925311e+002,4.085447e-002
5.930133e+002,4.089615e-002
5.934954e+002,4.094939e-002
5.939775e+002,4.100994e-002
5.944597e+002,4.107059e-002
5.949418e+002,4.112440e-002
5.954239e+002,4.116822e-002
5.959060e+002,4.120369e-002
5.963882e+002,4.123598e-002
5.968702e+002,4.127065e-002
5.973524e+002,4.131069e-002
5.978345e+002,4.135505e-002
5.983167e+002,4.140047e-002
5.987988e+002,4.144398e-002
5.992809e+002,4.148595e-002
5.997630e+002,4.153056e-002
6.002451e+002,4.158415e-002
6.007273e+002,4.165178e-002
6.012094e+002,4.173386e-002
6.016915e+002,4.182534e-002
6.021736e+002,4.191792e-002
6.026558e+002,4.200329e-002
6.031379e+002,4.207671e-002
6.036200e+002,4.213792e-002
6.041022e+002,4.219046e-002
6.045842e+002,4.223868e-002
6.050664e+002,4.228513e-002
6.055485e+002,4.232971e-002
6.060306e+002,4.237099e-002
6.065128e+002,4.240846e-002
6.069949e+002,4.244482e-002
6.074770e+002,4.248484e-002
6.079591e+002,4.253377e-002
6.084413e+002,4.259342e-002
6.089234e+002,4.265982e-002
6.094055e+002,4.272405e-002
6.098876e+002,4.277514e-002
6.103698e+002,4.280492e-002
6.108519e+002,4.281195e-002
6.113340e+002,4.280159e-002
6.118162e+002,4.278382e-002
6.122983e+002,4.276839e-002
6.127804e+002,4.276102e-002
6.132625e+002,4.276148e-002
6.137446e+002,4.276642e-002
6.142267e+002,4.277223e-002
6.147089e+002,4.277920e-002
6.151910e+002,4.279199e-002
6.156731e+002,4.281797e-002
6.161553e+002,4.286239e-002
6.166374e+002,4.292499e-002
6.171195e+002,4.299846e-002
6.176016e+002,4.307127e-002
6.180837e+002,4.313330e-002
6.185659e+002,4.318045e-002
6.190480e+002,4.321640e-002
6.195302e+002,4.325128e-002
6.200123e+002,4.329598e-002
6.204944e+002,4.335764e-002
6.209765e+002,4.343587e-002
6.214586e+002,4.352377e-002
6.219407e+002,4.361079e-002
6.224229e+002,4.368787e-002
6.229050e+002,4.374999e-002
6.233871e+002,4.379767e-002
6.238693e+002,4.383428e-002
6.243514e+002,4.386346e-002
6.248335e+002,4.388660e-002
6.253156e+002,4.390259e-002
6.257977e+002,4.390936e-002
6.262798e+002,4.390628e-002
6.267620e+002,4.389483e-002
6.272441e+002,4.387855e-002
6.277263e+002,4.386066e-002
6.282084e+002,4.384239e-002
6.286905e+002,4.382200e-002
6.291726e+002,4.379655e-002
6.296547e+002,4.376370e-002
6.301368e+002,4.372387e-002
6.306190e+002,4.368076e-002
6.311011e+002,4.363974e-002
6.315833e+002,4.360561e-002
6.320654e+002,4.358023e-002
6.325475e+002,4.356202e-002
6.330296e+002,4.354772e-002
6.335117e+002,4.353419e-002
6.339939e+002,4.352136e-002
6.344760e+002,4.351181e-002
6.349581e+002,4.350892e-002
6.354402e+002,4.351402e-002
6.359224e+002,4.352403e-002
6.364045e+002,4.353155e-002
6.368866e+002,4.352760e-002
6.373687e+002,4.350526e-002
6.378508e+002,4.346325e-002
6.383330e+002,4.340604e-002
6.388151e+002,4.334221e-002
6.392972e+002,4.328067e-002
6.397794e+002,4.322690e-002
6.402615e+002,4.318193e-002
6.407436e+002,4.314302e-002
6.412257e+002,4.310656e-002
6.417079e+002,4.307130e-002
6.421899e+002,4.303914e-002
6.426721e+002,4.301438e-002
6.431542e+002,4.300059e-002
6.436364e+002,4.299819e-002
6.441185e+002,4.300312e-002
6.446006e+002,4.300879e-002
6.450827e+002,4.300870e-002
6.455648e+002,4.299992e-002
6.460470e+002,4.298434e-002
6.465291e+002,4.296790e-002
6.470112e+002,4.295679e-002
6.474933e+002,4.295523e-002
6.479755e+002,4.296280e-002
6.484576e+002,4.297563e-002
6.489397e+002,4.298878e-002
6.494219e+002,4.299886e-002
6.499040e+002,4.300542e-002
6.503861e+002,4.301094e-002
6.508682e+002,4.301822e-002
6.513503e+002,4.302831e-002
6.518325e+002,4.303991e-002
6.523146e+002,4.305049e-002
6.527968e+002,4.305847e-002
6.532788e+002,4.306540e-002
6.537610e+002,4.307591e-002
6.542431e+002,4.309640e-002
6.547252e+002,4.313112e-002
6.552073e+002,4.318004e-002
6.556895e+002,4.323749e-002
6.561716e+002,4.329464e-002
6.566537e+002,4.334213e-002
6.571359e+002,4.337460e-002
6.576179e+002,4.339159e-002
6.581001e+002,4.339698e-002
6.585822e+002,4.339636e-002
6.590643e+002,4.339412e-002
6.595464e+002,4.339191e-002
6.600286e+002,4.338928e-002
6.605107e+002,4.338530e-002
6.609928e+002,4.338104e-002
6.614750e+002,4.337917e-002
6.619571e+002,4.338361e-002
6.624392e+002,4.339628e-002
6.629213e+002,4.341562e-002
6.634034e+002,4.343625e-002
6.638856e+002,4.345109e-002
6.643677e+002,4.345398e-002
6.648499e+002,4.344207e-002
6.653320e+002,4.341523e-002
6.658141e+002,4.337570e-002
6.662962e+002,4.332593e-002
6.667783e+002,4.326668e-002
6.672605e+002,4.319702e-002
6.677426e+002,4.311723e-002
6.682247e+002,4.303210e-002
6.687068e+002,4.295174e-002
6.691890e+002,4.288530e-002
6.696711e+002,4.283577e-002
6.701532e+002,4.279939e-002
6.706353e+002,4.276950e-002
6.711174e+002,4.273909e-002
6.715996e+002,4.270276e-002
6.720817e+002,4.265774e-002
6.725638e+002,4.260499e-002
6.730460e+002,4.254799e-002
6.735281e+002,4.249148e-002
6.740102e+002,4.243870e-002
6.744923e+002,4.238940e-002
6.749745e+002,4.234003e-002
6.754565e+002,4.228625e-002
6.759387e+002,4.222466e-002
6.764208e+002,4.215622e-002
6.769030e+002,4.208500e-002
6.773851e+002,4.201701e-002
6.778672e+002,4.195685e-002
6.783493e+002,4.190581e-002
6.788314e+002,4.186144e-002
6.793136e+002,4.181918e-002
6.797957e+002,4.177545e-002
6.802778e+002,4.172934e-002
6.807599e+002,4.168252e-002
6.812421e+002,4.163844e-002
6.817242e+002,4.159926e-002
6.822063e+002,4.156470e-002
6.826885e+002,4.153179e-002
6.831705e+002,4.149646e-002
6.836527e+002,4.145556e-002
6.841348e+002,4.140892e-002
6.846169e+002,4.135879e-002
6.850991e+002,4.130860e-002
6.855812e+002,4.126054e-002
6.860634e+002,4.121505e-002
6.865454e+002,4.117049e-002
6.870276e+002,4.112568e-002
6.875096e+002,4.108192e-002
6.879918e+002,4.104363e-002
6.884739e+002,4.101768e-002
6.889561e+002,4.101036e-002
6.894382e+002,4.102410e-002
6.899203e+002,4.105636e-002
6.904025e+002,4.110020e-002
6.908845e+002,4.114755e-002
6.913667e+002,4.119277e-002
6.918488e+002,4.123478e-002
6.923309e+002,4.127751e-002
6.928130e+002,4.132707e-002
6.932952e+002,4.138901e-002
6.937773e+002,4.146481e-002
6.942594e+002,4.155124e-002
6.947416e+002,4.164188e-002
6.952236e+002,4.172946e-002
6.957058e+002,4.180983e-002
6.961879e+002,4.188209e-002
6.966700e+002,4.194862e-002
6.971522e+002,4.201239e-002
6.976343e+002,4.207427e-002
6.981165e+002,4.213192e-002
6.985985e+002,4.218057e-002
6.990807e+002,4.221534e-002
6.995628e+002,4.223367e-002
7.000449e+002,4.223625e-002
7.005270e+002,4.222649e-002
7.010092e+002,4.220789e-002
7.014913e+002,4.218162e-002
7.019734e+002,4.214536e-002
7.024556e+002,4.209404e-002
7.029377e+002,4.202195e-002
7.034198e+002,4.192592e-002
7.039019e+002,4.180643e-002
7.043840e+002,4.166816e-002
7.048662e+002,4.151743e-002
7.053483e+002,4.136060e-002
7.058304e+002,4.120212e-002
7.063125e+002,4.104462e-002
7.067947e+002,4.088983e-002
7.072768e+002,4.073925e-002
7.077589e+002,4.059491e-002
7.082410e+002,4.045866e-002
7.087231e+002,4.033108e-002
7.092053e+002,4.021095e-002
7.096874e+002,4.009500e-002
7.101696e+002,3.997936e-002
7.106517e+002,3.986143e-002
7.111338e+002,3.974067e-002
7.116159e+002,3.961855e-002
7.120980e+002,3.949821e-002
7.125802e+002,3.938238e-002
7.130623e+002,3.927242e-002
7.135444e+002,3.916801e-002
7.140265e+002,3.906801e-002
7.145087e+002,3.897131e-002
7.149908e+002,3.887825e-002
7.154729e+002,3.878973e-002
7.159550e+002,3.870713e-002
7.164371e+002,3.863022e-002
7.169193e+002,3.855733e-002
7.174014e+002,3.848523e-002
7.178835e+002,3.841095e-002
7.183657e+002,3.833236e-002
7.188478e+002,3.825026e-002
7.193299e+002,3.816695e-002
7.198120e+002,3.808551e-002
7.202942e+002,3.800798e-002
7.207762e+002,3.793430e-002
7.212584e+002,3.786238e-002
7.217405e+002,3.778999e-002
7.222227e+002,3.771598e-002
7.227048e+002,3.764190e-002
7.231869e+002,3.757112e-002
7.236691e+002,3.750753e-002
7.241511e+002,3.745361e-002
7.246333e+002,3.740886e-002
7.251154e+002,3.736978e-002
7.255975e+002,3.733134e-002
7.260797e+002,3.728876e-002
7.265618e+002,3.723996e-002
7.270439e+002,3.718564e-002
7.275260e+002,3.712946e-002
7.280082e+002,3.707549e-002
7.284902e+002,3.702698e-002
7.289724e+002,3.698486e-002
7.294545e+002,3.694788e-002
7.299366e+002,3.691349e-002
7.304188e+002,3.687947e-002
7.309009e+002,3.684444e-002
7.313831e+002,3.680857e-002
7.318651e+002,3.677290e-002
7.323473e+002,3.673870e-002
7.328293e+002,3.670660e-002
7.333115e+002,3.667676e-002
7.337936e+002,3.664874e-002
7.342758e+002,3.662179e-002
7.347579e+002,3.659528e-002
7.352400e+002,3.656853e-002
7.357222e+002,3.654100e-002
7.362042e+002,3.651229e-002
7.366864e+002,3.648231e-002
7.371685e+002,3.645184e-002
7.376506e+002,3.642291e-002
7.381328e+002,3.639816e-002
7.386149e+002,3.637996e-002
7.390970e+002,3.636999e-002
7.395791e+002,3.636760e-002
7.400613e+002,3.637086e-002
7.405434e+002,3.637609e-002
7.410255e+002,3.637956e-002
7.415076e+002,3.637886e-002
7.419897e+002,3.637292e-002
7.424719e+002,3.636213e-002
7.429540e+002,3.634751e-002
7.434362e+002,3.632959e-002
7.439182e+002,3.630789e-002
7.444004e+002,3.628111e-002
7.448825e+002,3.624790e-002
7.453646e+002,3.620764e-002
7.458467e+002,3.616139e-002
7.463289e+002,3.611116e-002
7.468110e+002,3.605958e-002
7.472931e+002,3.600827e-002
7.477753e+002,3.595731e-002
7.482574e+002,3.590500e-002
7.487395e+002,3.584857e-002
7.492216e+002,3.578518e-002
7.497037e+002,3.571311e-002
7.501859e+002,3.563202e-002
7.506680e+002,3.554337e-002
7.511501e+002,3.544951e-002
7.516322e+002,3.535351e-002
7.521144e+002,3.525762e-002
7.525965e+002,3.516407e-002
7.530786e+002,3.507366e-002
7.535608e+002,3.498640e-002
7.540428e+002,3.490119e-002
7.545250e+002,3.481638e-002
7.550071e+002,3.473043e-002
7.554893e+002,3.464287e-002
7.559714e+002,3.455445e-002
7.564535e+002,3.446794e-002
7.569356e+002,3.438657e-002
7.574177e+002,3.431341e-002
7.578999e+002,3.424970e-002
7.583820e+002,3.419450e-002
7.588641e+002,3.414465e-002
7.593463e+002,3.409599e-002
7.598284e+002,3.404487e-002
7.603105e+002,3.398914e-002
7.607926e+002,3.392863e-002
7.612748e+002,3.386458e-002
7.617568e+002,3.379820e-002
7.622390e+002,3.373006e-002
7.627211e+002,3.365999e-002
7.632032e+002,3.358758e-002
7.636854e+002,3.351341e-002
7.641675e+002,3.343973e-002
7.646496e+002,3.337013e-002
7.651317e+002,3.330855e-002
7.656139e+002,3.325730e-002
7.660959e+002,3.321572e-002
7.665781e+002,3.318021e-002
7.670602e+002,3.314537e-002
7.675424e+002,3.310576e-002
7.680245e+002,3.305843e-002
7.685066e+002,3.300319e-002
7.689888e+002,3.294299e-002
7.694708e+002,3.288171e-002
7.699530e+002,3.282278e-002
7.704351e+002,3.276758e-002
7.709172e+002,3.271587e-002
7.713994e+002,3.266596e-002
7.718815e+002,3.261657e-002
7.723636e+002,3.256747e-002
7.728457e+002,3.251964e-002
7.733279e+002,3.247356e-002
7.738099e+002,3.242911e-002
7.742921e+002,3.238447e-002
7.747742e+002,3.233675e-002
7.752563e+002,3.228310e-002
7.757385e+002,3.222206e-002
7.762206e+002,3.215426e-002
7.767028e+002,3.208257e-002
7.771848e+002,3.201065e-002
7.776670e+002,3.194218e-002
7.781491e+002,3.187972e-002
7.786312e+002,3.182472e-002
7.791133e+002,3.177755e-002
7.795955e+002,3.173877e-002
7.800776e+002,3.170881e-002
7.805597e+002,3.168804e-002
7.810419e+002,3.167583e-002
7.815239e+002,3.167010e-002
7.820061e+002,3.166760e-002
7.824882e+002,3.166470e-002
7.829703e+002,3.165863e-002
7.834525e+002,3.164852e-002
7.839346e+002,3.163528e-002
7.844167e+002,3.162174e-002
7.848988e+002,3.161039e-002
7.853810e+002,3.160336e-002
7.858631e+002,3.160065e-002
7.863452e+002,3.160144e-002
7.868273e+002,3.160382e-002
7.873094e+002,3.160677e-002
7.877916e+002,3.160914e-002
7.882737e+002,3.161061e-002
7.887559e+002,3.161040e-002
7.892380e+002,3.160771e-002
7.897201e+002,3.160129e-002
7.902022e+002,3.159084e-002
7.906843e+002,3.157761e-002
7.911665e+002,3.156453e-002
7.916486e+002,3.155547e-002
7.921307e+002,3.155433e-002
7.926128e+002,3.156224e-002
7.930950e+002,3.157770e-002
7.935771e+002,3.159658e-002
7.940592e+002,3.161392e-002
7.945413e+002,3.162593e-002
7.950234e+002,3.163251e-002
7.955056e+002,3.163652e-002
7.959877e+002,3.164345e-002
7.964698e+002,3.165893e-002
7.969520e+002,3.168663e-002
7.974341e+002,3.172735e-002
7.979162e+002,3.177928e-002
7.983983e+002,3.183908e-002
7.988805e+002,3.190441e-002
7.993625e+002,3.197454e-002
7.998447e+002,3.205076e-002
8.003268e+002,3.213571e-002
8.008090e+002,3.223291e-002
8.012911e+002,3.234589e-002
8.017732e+002,3.247919e-002
8.022553e+002,3.263837e-002
8.027374e+002,3.283057e-002
8.032196e+002,3.306359e-002
8.037017e+002,3.334457e-002
8.041838e+002,3.367661e-002
8.046660e+002,3.405728e-002
8.051481e+002,3.447707e-002
8.056302e+002,3.491949e-002
8.061123e+002,3.536215e-002
8.065945e+002,3.577956e-002
8.070765e+002,3.614533e-002
8.075587e+002,3.643581e-002
8.080408e+002,3.663126e-002
8.085229e+002,3.671848e-002
8.090051e+002,3.669036e-002
8.094872e+002,3.654636e-002
8.099694e+002,3.629210e-002
8.104514e+002,3.593994e-002
8.109336e+002,3.550792e-002
8.114156e+002,3.501966e-002
8.118978e+002,3.450038e-002
8.123799e+002,3.397508e-002
8.128621e+002,3.346490e-002
8.133442e+002,3.298606e-002
8.138263e+002,3.254990e-002
8.143085e+002,3.216344e-002
8.147905e+002,3.183008e-002
8.152727e+002,3.154953e-002
8.157548e+002,3.131773e-002
8.162369e+002,3.112763e-002
8.167191e+002,3.096979e-002
8.172012e+002,3.083487e-002
8.176833e+002,3.071553e-002
8.181654e+002,3.060759e-002
8.186476e+002,3.051019e-002
8.191296e+002,3.042544e-002
8.196118e+002,3.035568e-002
8.200939e+002,3.030279e-002
8.205760e+002,3.026700e-002
8.210582e+002,3.024728e-002
8.215403e+002,3.024173e-002
8.220225e+002,3.024812e-002
8.225045e+002,3.026428e-002
8.229867e+002,3.028803e-002
8.234688e+002,3.031619e-002
8.239509e+002,3.034630e-002
8.244330e+002,3.037602e-002
8.249152e+002,3.040502e-002
8.253973e+002,3.043453e-002
8.258794e+002,3.046764e-002
8.263616e+002,3.050758e-002
8.268437e+002,3.055655e-002
8.273258e+002,3.061466e-002
8.278079e+002,3.067988e-002
8.282900e+002,3.074931e-002
8.287722e+002,3.082076e-002
8.292543e+002,3.089368e-002
8.297365e+002,3.096975e-002
8.302185e+002,3.105184e-002
8.307007e+002,3.114299e-002
8.311828e+002,3.124581e-002
8.316649e+002,3.136217e-002
8.321470e+002,3.149407e-002
8.326292e+002,3.164533e-002
8.331113e+002,3.182138e-002
8.335934e+002,3.203045e-002
8.340756e+002,3.228382e-002
8.345577e+002,3.259763e-002
8.350398e+002,3.299446e-002
8.355219e+002,3.350608e-002
8.360040e+002,3.417304e-002
8.364862e+002,3.504029e-002
8.369683e+002,3.614470e-002
8.374504e+002,3.749850e-002
8.379325e+002,3.907110e-002
8.384147e+002,4.077685e-002
8.388968e+002,4.247476e-002
8.393789e+002,4.398615e-002
8.398610e+002,4.512406e-002
8.403431e+002,4.573095e-002
8.408253e+002,4.571170e-002
8.413074e+002,4.505681e-002
8.417896e+002,4.384529e-002
8.422717e+002,4.222794e-002
8.427538e+002,4.039225e-002
8.432359e+002,3.852233e-002
8.437180e+002,3.676507e-002
8.442002e+002,3.521323e-002
8.446823e+002,3.390592e-002
8.451644e+002,3.284095e-002
8.456465e+002,3.199108e-002
8.461287e+002,3.131906e-002
8.466108e+002,3.078716e-002
8.470929e+002,3.036237e-002
8.475751e+002,3.001712e-002
8.480571e+002,2.972915e-002
8.485393e+002,2.948135e-002
8.490214e+002,2.926224e-002
8.495035e+002,2.906488e-002
8.499857e+002,2.888608e-002
8.504678e+002,2.872366e-002
8.509499e+002,2.857483e-002
8.514320e+002,2.843494e-002
8.519142e+002,2.829841e-002
8.523962e+002,2.816076e-002
8.528784e+002,2.802087e-002
8.533605e+002,2.788121e-002
8.538427e+002,2.774690e-002
8.543248e+002,2.762210e-002
8.548069e+002,2.750816e-002
8.552891e+002,2.740205e-002
8.557711e+002,2.729839e-002
8.562533e+002,2.719152e-002
8.567354e+002,2.707928e-002
8.572175e+002,2.696386e-002
8.576996e+002,2.685130e-002
8.581818e+002,2.674808e-002
8.586639e+002,2.665824e-002
8.591460e+002,2.658159e-002
8.596282e+002,2.651414e-002
8.601102e+002,2.644990e-002
8.605924e+002,2.638439e-002
8.610745e+002,2.631544e-002
8.615566e+002,2.624415e-002
8.620388e+002,2.617281e-002
8.625209e+002,2.610337e-002
8.630031e+002,2.603616e-002
8.634851e+002,2.597098e-002
8.639673e+002,2.590757e-002
8.644494e+002,2.584748e-002
8.649315e+002,2.579425e-002
8.654136e+002,2.575211e-002
8.658958e+002,2.572344e-002
8.663779e+002,2.570749e-002
8.668600e+002,2.569996e-002
8.673422e+002,2.569478e-002
8.678242e+002,2.568588e-002
8.683064e+002,2.566997e-002
8.687885e+002,2.564734e-002
8.692706e+002,2.562118e-002
8.697527e+002,2.559459e-002
8.702349e+002,2.557018e-002
8.707170e+002,2.554858e-002
8.711991e+002,2.552919e-002
8.716813e+002,2.551164e-002
8.721634e+002,2.549667e-002
8.726455e+002,2.548624e-002
8.731276e+002,2.548200e-002
8.736097e+002,2.548335e-002
8.740919e+002,2.548694e-002
8.745740e+002,2.548674e-002
8.750562e+002,2.547720e-002
8.755382e+002,2.545481e-002
8.760204e+002,2.542079e-002
8.765025e+002,2.538073e-002
8.769846e+002,2.534217e-002
8.774668e+002,2.531185e-002
8.779489e+002,2.529321e-002
8.784310e+002,2.528537e-002
8.789131e+002,2.528537e-002
8.793953e+002,2.528993e-002
8.798774e+002,2.529781e-002
8.803595e+002,2.531055e-002
8.808416e+002,2.533065e-002
8.813237e+002,2.535965e-002
8.818059e+002,2.539653e-002
8.822880e+002,2.543712e-002
8.827701e+002,2.547565e-002
8.832523e+002,2.550705e-002
8.837344e+002,2.552905e-002
8.842165e+002,2.554241e-002
8.846986e+002,2.555061e-002
8.851808e+002,2.555644e-002
8.856628e+002,2.556193e-002
8.861450e+002,2.556700e-002
8.866271e+002,2.557130e-002
8.871093e+002,2.557534e-002
8.875914e+002,2.558245e-002
8.880735e+002,2.559779e-002
8.885556e+002,2.562742e-002
8.890377e+002,2.567501e-002
8.895199e+002,2.574129e-002
8.900020e+002,2.582368e-002
8.904841e+002,2.591846e-002
8.909662e+002,2.602386e-002
8.914484e+002,2.614192e-002
8.919305e+002,2.627911e-002
8.924126e+002,2.644489e-002
8.928948e+002,2.664864e-002
8.933768e+002,2.689774e-002
8.938590e+002,2.719505e-002
8.943411e+002,2.753984e-002
8.948232e+002,2.792763e-002
8.953054e+002,2.835064e-002
8.957875e+002,2.879747e-002
8.962697e+002,2.925205e-002
8.967517e+002,2.969270e-002
8.972339e+002,3.009278e-002
8.977159e+002,3.042282e-002
8.981981e+002,3.065458e-002
8.986802e+002,3.076490e-002
8.991624e+002,3.074073e-002
8.996445e+002,3.058088e-002
9.001266e+002,3.029703e-002
9.006088e+002,2.990980e-002
9.010908e+002,2.944582e-002
9.015730e+002,2.893255e-002
9.020551e+002,2.839582e-002
9.025372e+002,2.785932e-002
9.030193e+002,2.734425e-002
9.035015e+002,2.686901e-002
9.039836e+002,2.644804e-002
9.044657e+002,2.608943e-002
9.049479e+002,2.579392e-002
9.054299e+002,2.555523e-002
9.059121e+002,2.536280e-002
9.063942e+002,2.520487e-002
9.068763e+002,2.507172e-002
9.073585e+002,2.495786e-002
9.078406e+002,2.486086e-002
9.083228e+002,2.478035e-002
9.088048e+002,2.471575e-002
9.092870e+002,2.466520e-002
9.097691e+002,2.462633e-002
9.102512e+002,2.459627e-002
9.107333e+002,2.457356e-002
9.112155e+002,2.455794e-002
9.116976e+002,2.455024e-002
9.121797e+002,2.455048e-002
9.126619e+002,2.455774e-002
9.131440e+002,2.456971e-002
9.136261e+002,2.458365e-002
9.141082e+002,2.459752e-002
9.145903e+002,2.461079e-002
9.150724e+002,2.462406e-002
9.155546e+002,2.463871e-002
9.160367e+002,2.465536e-002
9.165189e+002,2.467341e-002
9.170010e+002,2.469143e-002
9.174831e+002,2.470830e-002
9.179652e+002,2.472397e-002
9.184473e+002,2.473999e-002
9.189294e+002,2.475878e-002
9.194116e+002,2.478201e-002
9.198937e+002,2.480992e-002
9.203759e+002,2.484019e-002
9.208580e+002,2.486931e-002
9.213401e+002,2.489480e-002
9.218222e+002,2.491574e-002
9.223043e+002,2.493422e-002
9.227864e+002,2.495370e-002
9.232686e+002,2.497749e-002
9.237507e+002,2.500636e-002
9.242328e+002,2.503845e-002
9.247150e+002,2.506957e-002
9.251971e+002,2.509583e-002
9.256792e+002,2.511556e-002
9.261613e+002,2.513041e-002
9.266434e+002,2.514500e-002
9.271255e+002,2.516455e-002
9.276077e+002,2.519243e-002
9.280898e+002,2.522899e-002
9.285720e+002,2.527129e-002
9.290541e+002,2.531522e-002
9.295362e+002,2.535718e-002
9.300183e+002,2.539590e-002
9.305004e+002,2.543257e-002
9.309826e+002,2.547018e-002
9.314647e+002,2.551096e-002
9.319468e+002,2.555609e-002
9.324290e+002,2.560539e-002
9.329111e+002,2.565821e-002
9.333932e+002,2.571493e-002
9.338753e+002,2.577810e-002
9.343574e+002,2.585116e-002
9.348396e+002,2.593835e-002
9.353217e+002,2.604160e-002
9.358038e+002,2.616013e-002
9.362859e+002,2.628982e-002
9.367681e+002,2.642450e-002
9.372502e+002,2.655639e-002
9.377323e+002,2.667809e-002
9.382144e+002,2.678239e-002
9.386966e+002,2.686246e-002
9.391787e+002,2.691202e-002
9.396608e+002,2.692581e-002
9.401429e+002,2.690116e-002
9.406251e+002,2.683899e-002
9.411072e+002,2.674430e-002
9.415893e+002,2.662656e-002
9.420714e+002,2.649669e-002
9.425536e+002,2.636570e-002
9.430357e+002,2.624114e-002
9.435178e+002,2.612676e-002
9.439999e+002,2.602268e-002
9.444821e+002,2.592767e-002
9.449642e+002,2.584080e-002
9.454463e+002,2.576284e-002
9.459284e+002,2.569587e-002
9.464106e+002,2.564200e-002
9.468927e+002,2.560120e-002
9.473748e+002,2.557174e-002
9.478569e+002,2.555007e-002
9.483391e+002,2.553318e-002
9.488212e+002,2.551997e-002
9.493033e+002,2.551158e-002
9.497855e+002,2.551105e-002
9.502676e+002,2.552072e-002
9.507497e+002,2.554085e-002
9.512318e+002,2.556942e-002
9.517139e+002,2.560294e-002
9.521960e+002,2.563844e-002
9.526782e+002,2.567530e-002
9.531603e+002,2.571584e-002
9.536425e+002,2.576419e-002
9.541246e+002,2.582388e-002
9.546067e+002,2.589561e-002
9.550888e+002,2.597711e-002
9.555709e+002,2.606365e-002
9.560530e+002,2.615077e-002
9.565352e+002,2.623668e-002
9.570173e+002,2.632327e-002
9.574995e+002,2.641516e-002
9.579816e+002,2.651854e-002
9.584637e+002,2.663721e-002
9.589458e+002,2.677291e-002
9.594279e+002,2.692443e-002
9.599100e+002,2.708931e-002
9.603922e+002,2.726598e-002
9.608743e+002,2.745461e-002
9.613564e+002,2.765748e-002
9.618386e+002,2.787792e-002
9.623207e+002,2.811932e-002
9.628028e+002,2.838515e-002
9.632849e+002,2.867981e-002
9.637670e+002,2.900960e-002
9.642491e+002,2.938395e-002
9.647313e+002,2.981608e-002
9.652134e+002,3.032192e-002
9.656956e+002,3.091924e-002
9.661777e+002,3.162682e-002
9.666598e+002,3.246399e-002
9.671419e+002,3.345005e-002
9.676240e+002,3.460253e-002
9.681061e+002,3.593196e-002
9.685883e+002,3.743527e-002
9.690704e+002,3.908696e-002
9.695526e+002,4.083329e-002
9.700347e+002,4.259091e-002
9.705168e+002,4.425333e-002
9.709989e+002,4.570255e-002
9.714810e+002,4.682633e-002
9.719631e+002,4.753457e-002
9.724453e+002,4.777512e-002
9.729274e+002,4.754108e-002
9.734095e+002,4.687221e-002
9.738917e+002,4.584456e-002
9.743738e+002,4.455480e-002
9.748559e+002,4.310229e-002
9.753380e+002,4.157543e-002
9.758201e+002,4.004452e-002
9.763023e+002,3.856099e-002
9.767844e+002,3.715985e-002
9.772665e+002,3.586425e-002
9.777487e+002,3.468706e-002
9.782308e+002,3.363355e-002
9.787129e+002,3.270225e-002
9.791950e+002,3.188730e-002
9.796771e+002,3.118027e-002
9.801593e+002,3.057277e-002
9.806414e+002,3.005685e-002
9.811235e+002,2.962560e-002
9.816057e+002,2.927192e-002
9.820878e+002,2.898841e-002
9.825699e+002,2.876717e-002
9.830520e+002,2.860052e-002
9.835342e+002,2.848222e-002
9.840163e+002,2.840791e-002
9.844984e+002,2.837512e-002
9.849805e+002,2.838232e-002
9.854626e+002,2.842768e-002
9.859448e+002,2.850887e-002
9.864269e+002,2.862305e-002
9.869090e+002,2.876861e-002
9.873912e+002,2.894546e-002
9.878733e+002,2.915648e-002
9.883554e+002,2.940730e-002
9.888375e+002,2.970482e-002
9.893196e+002,3.005656e-002
9.898018e+002,3.047025e-002
9.902839e+002,3.095412e-002
9.907660e+002,3.151790e-002
9.912482e+002,3.217379e-002
9.917303e+002,3.293610e-002
9.922124e+002,3.381934e-002
9.926945e+002,3.483566e-002
9.931766e+002,3.598890e-002
9.936588e+002,3.727103e-002
9.941409e+002,3.865724e-002
9.946230e+002,4.010315e-002
9.951052e+002,4.154366e-002
9.955873e+002,4.289598e-002
9.960694e+002,4.406577e-002
9.965515e+002,4.495937e-002
9.970336e+002,4.549661e-002
9.975157e+002,4.562435e-002
9.979979e+002,4.532456e-002
9.984800e+002,4.461808e-002
9.989622e+002,4.356087e-002
9.994443e+002,4.223683e-002
9.999264e+002,4.074563e-002
1.000409e+003,3.918936e-002
1.000891e+003,3.765862e-002
1.001373e+003,3.622260e-002
1.001855e+003,3.492477e-002
1.002337e+003,3.378410e-002
1.002819e+003,3.280130e-002
1.003301e+003,3.196571e-002
1.003783e+003,3.126137e-002
1.004266e+003,3.067150e-002
1.004748e+003,3.017955e-002
1.005230e+003,2.976993e-002
1.005712e+003,2.942871e-002
1.006194e+003,2.914409e-002
1.006676e+003,2.890737e-002
1.007158e+003,2.871209e-002
1.007640e+003,2.855477e-002
1.008122e+003,2.843189e-002
1.008605e+003,2.833905e-002
1.009087e+003,2.827035e-002
1.009569e+003,2.821915e-002
1.010051e+003,2.817963e-002
1.010533e+003,2.814816e-002
1.011015e+003,2.812430e-002
1.011497e+003,2.810938e-002
1.011979e+003,2.810504e-002
1.012462e+003,2.811107e-002
1.012944e+003,2.812503e-002
1.013426e+003,2.814253e-002
1.013908e+003,2.815950e-002
1.014390e+003,2.817382e-002
1.014872e+003,2.818667e-002
1.015354e+003,2.820136e-002
1.015836e+003,2.822196e-002
1.016319e+003,2.825057e-002
1.016801e+003,2.828647e-002
1.017283e+003,2.832614e-002
1.017765e+003,2.836514e-002
1.018247e+003,2.839991e-002
1.018729e+003,2.842933e-002
1.019211e+003,2.845493e-002
1.019693e+003,2.847908e-002
1.020176e+003,2.850362e-002
1.020658e+003,2.852902e-002
1.021140e+003,2.855398e-002
1.021622e+003,2.857750e-002
1.022104e+003,2.859993e-002
1.022586e+003,2.862362e-002
1.023068e+003,2.865252e-002
1.023550e+003,2.869070e-002
1.024033e+003,2.873921e-002
1.024515e+003,2.879670e-002
1.024997e+003,2.885902e-002
1.025479e+003,2.892169e-002
1.025961e+003,2.898209e-002
1.026443e+003,2.904104e-002
1.026925e+003,2.910196e-002
1.027407e+003,2.916999e-002
1.027890e+003,2.924852e-002
1.028372e+003,2.933834e-002
1.028854e+003,2.943679e-002
1.029336e+003,2.953951e-002
1.029818e+003,2.964154e-002
1.030300e+003,2.973997e-002
1.030782e+003,2.983380e-002
1.031264e+003,2.992391e-002
1.031747e+003,3.001050e-002
1.032229e+003,3.009343e-002
1.032711e+003,3.017186e-002
1.033193e+003,3.024479e-002
1.033675e+003,3.031203e-002
1.034157e+003,3.037566e-002
1.034639e+003,3.043850e-002
1.035121e+003,3.050370e-002
1.035604e+003,3.057307e-002
1.036086e+003,3.064679e-002
1.036568e+003,3.072342e-002
1.037050e+003,3.080202e-002
1.037532e+003,3.088319e-002
1.038014e+003,3.097018e-002
1.038496e+003,3.106791e-002
1.038979e+003,3.118178e-002
1.039461e+003,3.131520e-002
1.039943e+003,3.146832e-002
1.040425e+003,3.163884e-002
1.040907e+003,3.182233e-002
1.041389e+003,3.201392e-002
1.041871e+003,3.220948e-002
1.042353e+003,3.240506e-002
1.042835e+003,3.259625e-002
1.043318e+003,3.277662e-002
1.043800e+003,3.293799e-002
1.044282e+003,3.307146e-002
1.044764e+003,3.317037e-002
1.045246e+003,3.323088e-002
1.045728e+003,3.325527e-002
1.046210e+003,3.325002e-002
1.046692e+003,3.322500e-002
1.047175e+003,3.319021e-002
1.047657e+003,3.315397e-002
1.048139e+003,3.312115e-002
1.048621e+003,3.309472e-002
1.049103e+003,3.307562e-002
1.049585e+003,3.306517e-002
1.050067e+003,3.306408e-002
1.050549e+003,3.307267e-002
1.051031e+003,3.308901e-002
1.051514e+003,3.310928e-002
1.051996e+003,3.312795e-002
1.052478e+003,3.314018e-002
1.052960e+003,3.314368e-002
1.053442e+003,3.313969e-002
1.053924e+003,3.313241e-002
1.054406e+003,3.312781e-002
1.054889e+003,3.313007e-002
1.055371e+003,3.314081e-002
1.055853e+003,3.315832e-002
1.056335e+003,3.317937e-002
1.056817e+003,3.320079e-002
1.057299e+003,3.322186e-002
1.057781e+003,3.324379e-002
1.058263e+003,3.326911e-002
1.058746e+003,3.329939e-002
1.059228e+003,3.333418e-002
1.059710e+003,3.337050e-002
1.060192e+003,3.340448e-002
1.060674e+003,3.343347e-002
1.061156e+003,3.345703e-002
1.061638e+003,3.347805e-002
1.062120e+003,3.350075e-002
1.062603e+003,3.352894e-002
1.063085e+003,3.356446e-002
1.063567e+003,3.360663e-002
1.064049e+003,3.365302e-002
1.064531e+003,3.370143e-002
1.065013e+003,3.375124e-002
1.065495e+003,3.380392e-002
1.065977e+003,3.386262e-002
1.066460e+003,3.392971e-002
1.066942e+003,3.400652e-002
1.067424e+003,3.409198e-002
1.067906e+003,3.418435e-002
1.068388e+003,3.428180e-002
1.068870e+003,3.438425e-002
1.069352e+003,3.449287e-002
1.069834e+003,3.460934e-002
1.070317e+003,3.473446e-002
1.070799e+003,3.486654e-002
1.071281e+003,3.500215e-002
1.071763e+003,3.513699e-002
1.072245e+003,3.526703e-002
1.072727e+003,3.539101e-002
1.073209e+003,3.551006e-002
1.073691e+003,3.562695e-002
1.074174e+003,3.574423e-002
1.074656e+003,3.586344e-002
1.075138e+003,3.598343e-002
1.075620e+003,3.610241e-002
1.076102e+003,3.621791e-002
1.076584e+003,3.632889e-002
1.077066e+003,3.643627e-002
1.077548e+003,3.654190e-002
1.078031e+003,3.664777e-002
1.078513e+003,3.675437e-002
1.078995e+003,3.686003e-002
1.079477e+003,3.696183e-002
1.079959e+003,3.705639e-002
1.080441e+003,3.714121e-002
1.080923e+003,3.721539e-002
1.081406e+003,3.727985e-002
1.081888e+003,3.733595e-002
1.082370e+003,3.738489e-002
1.082852e+003,3.742688e-002
1.083334e+003,3.746142e-002
1.083816e+003,3.748816e-002
1.084298e+003,3.750717e-002
1.084780e+003,3.751941e-002
1.085262e+003,3.752725e-002
1.085745e+003,3.753271e-002
1.086227e+003,3.753783e-002
1.086709e+003,3.754384e-002
1.087191e+003,3.755235e-002
1.087673e+003,3.756429e-002
1.088155e+003,3.758187e-002
1.088637e+003,3.760695e-002
1.089119e+003,3.764131e-002
1.089602e+003,3.768492e-002
1.090084e+003,3.773676e-002
1.090566e+003,3.779458e-002
1.091048e+003,3.785658e-002
1.091530e+003,3.792178e-002
1.092012e+003,3.799160e-002
1.092494e+003,3.806822e-002
1.092976e+003,3.815484e-002
1.093458e+003,3.825259e-002
1.093941e+003,3.836207e-002
1.094423e+003,3.848179e-002
1.094905e+003,3.861055e-002
1.095387e+003,3.874806e-002
1.095869e+003,3.889580e-002
1.096351e+003,3.905698e-002
1.096833e+003,3.923522e-002
1.097316e+003,3.943237e-002
1.097798e+003,3.964820e-002
1.098280e+003,3.987956e-002
1.098762e+003,4.012179e-002
1.099244e+003,4.036840e-002
1.099726e+003,4.061285e-002
1.100208e+003,4.084824e-002
1.100690e+003,4.106716e-002
1.101173e+003,4.126092e-002
1.101655e+003,4.142039e-002
1.102137e+003,4.153655e-002
1.102619e+003,4.160243e-002
1.103101e+003,4.161404e-002
1.103583e+003,4.157315e-002
1.104065e+003,4.148616e-002
1.104547e+003,4.136379e-002
1.105030e+003,4.121817e-002
1.105512e+003,4.106151e-002
1.105994e+003,4.090364e-002
1.106476e+003,4.075217e-002
1.106958e+003,4.061193e-002
1.107440e+003,4.048694e-002
1.107922e+003,4.037974e-002
1.108404e+003,4.029208e-002
1.108886e+003,4.022356e-002
1.109369e+003,4.017240e-002
1.109851e+003,4.013463e-002
1.110333e+003,4.010616e-002
1.110815e+003,4.008338e-002
1.111297e+003,4.006432e-002
1.111779e+003,4.004845e-002
1.112261e+003,4.003695e-002
1.112744e+003,4.002992e-002
1.113226e+003,4.002721e-002
1.113708e+003,4.002759e-002
1.114190e+003,4.002961e-002
1.114672e+003,4.003200e-002
1.115154e+003,4.003502e-002
1.115636e+003,4.003945e-002
1.116118e+003,4.004667e-002
1.116601e+003,4.005669e-002
1.117083e+003,4.006900e-002
1.117565e+003,4.008135e-002
1.118047e+003,4.009184e-002
1.118529e+003,4.009911e-002
1.119011e+003,4.010392e-002
1.119493e+003,4.010770e-002
1.119975e+003,4.011244e-002
1.120458e+003,4.011922e-002
1.120940e+003,4.012733e-002
1.121422e+003,4.013471e-002
1.121904e+003,4.013960e-002
1.122386e+003,4.014058e-002
1.122868e+003,4.013855e-002
1.123350e+003,4.013526e-002
1.123832e+003,4.013344e-002
1.124314e+003,4.013395e-002
1.124797e+003,4.013591e-002
1.125279e+003,4.013648e-002
1.125761e+003,4.013261e-002
1.126243e+003,4.012121e-002
1.126725e+003,4.010163e-002
1.127207e+003,4.007497e-002
1.127689e+003,4.004337e-002
1.128172e+003,4.000799e-002
1.128654e+003,3.996886e-002
1.129136e+003,3.992362e-002
1.129618e+003,3.986995e-002
1.130100e+003,3.980542e-002
1.130582e+003,3.973026e-002
1.131064e+003,3.964620e-002
1.131546e+003,3.955735e-002
1.132029e+003,3.946657e-002
1.132511e+003,3.937710e-002
1.132993e+003,3.929025e-002
1.133475e+003,3.920712e-002
1.133957e+003,3.912937e-002
1.134439e+003,3.905949e-002
1.134921e+003,3.900116e-002
1.135403e+003,3.895807e-002
1.135885e+003,3.893263e-002
1.136368e+003,3.892515e-002
1.136850e+003,3.893485e-002
1.137332e+003,3.895997e-002
1.137814e+003,3.900035e-002
1.138296e+003,3.905708e-002
1.138778e+003,3.913304e-002
1.139260e+003,3.923145e-002
1.139742e+003,3.935447e-002
1.140225e+003,3.950269e-002
1.140707e+003,3.967523e-002
1.141189e+003,3.987056e-002
1.141671e+003,4.008808e-002
1.142153e+003,4.032831e-002
1.142635e+003,4.059298e-002
1.143117e+003,4.088349e-002
1.143599e+003,4.120065e-002
1.144082e+003,4.154374e-002
1.144564e+003,4.191134e-002
1.145046e+003,4.230233e-002
1.145528e+003,4.271765e-002
1.146010e+003,4.315959e-002
1.146492e+003,4.363118e-002
1.146974e+003,4.413526e-002
1.147457e+003,4.467175e-002
1.147939e+003,4.523684e-002
1.148421e+003,4.582295e-002
1.148903e+003,4.641996e-002
1.149385e+003,4.701603e-002
1.149867e+003,4.759991e-002
1.150349e+003,4.816174e-002
1.150831e+003,4.869406e-002
1.151313e+003,4.919167e-002
1.151796e+003,4.965179e-002
1.152278e+003,5.007414e-002
1.152760e+003,5.045999e-002
1.153242e+003,5.081298e-002
1.153724e+003,5.113882e-002
1.154206e+003,5.144442e-002
1.154688e+003,5.173816e-002
1.155170e+003,5.202725e-002
1.155653e+003,5.231800e-002
1.156135e+003,5.261452e-002
1.156617e+003,5.291915e-002
1.157099e+003,5.323293e-002
1.157581e+003,5.355787e-002
1.158063e+003,5.389734e-002
1.158545e+003,5.425728e-002
1.159027e+003,5.464521e-002
1.159510e+003,5.506971e-002
1.159992e+003,5.553813e-002
1.160474e+003,5.605600e-002
1.160956e+003,5.662585e-002
1.161438e+003,5.724712e-002
1.161920e+003,5.791695e-002
1.162402e+003,5.863024e-002
1.162885e+003,5.937978e-002
1.163367e+003,6.015537e-002
1.163849e+003,6.094240e-002
1.164331e+003,6.171935e-002
1.164813e+003,6.245696e-002
1.165295e+003,6.311812e-002
1.165777e+003,6.365988e-002
1.166259e+003,6.403834e-002
1.166741e+003,6.421389e-002
1.167224e+003,6.415554e-002
1.167706e+003,6.384569e-002
1.168188e+003,6.328205e-002
1.168670e+003,6.247795e-002
1.169152e+003,6.146327e-002
1.169634e+003,6.028108e-002
1.170116e+003,5.898387e-002
1.170598e+003,5.762627e-002
1.171081e+003,5.625867e-002
1.171563e+003,5.492076e-002
1.172045e+003,5.364018e-002
1.172527e+003,5.243327e-002
1.173009e+003,5.130867e-002
1.173491e+003,5.027029e-002
1.173973e+003,4.931952e-002
1.174455e+003,4.845526e-002
1.174938e+003,4.767347e-002
1.175420e+003,4.696701e-002
1.175902e+003,4.632647e-002
1.176384e+003,4.574220e-002
1.176866e+003,4.520613e-002
1.177348e+003,4.471297e-002
1.177830e+003,4.426025e-002
1.178313e+003,4.384714e-002
1.178795e+003,4.347276e-002
1.179277e+003,4.313532e-002
1.179759e+003,4.283275e-002
1.180241e+003,4.256186e-002
1.180723e+003,4.232107e-002
1.181205e+003,4.210903e-002
1.181687e+003,4.192458e-002
1.182169e+003,4.176614e-002
1.182652e+003,4.163085e-002
1.183134e+003,4.151508e-002
1.183616e+003,4.141537e-002
1.184098e+003,4.132943e-002
1.184580e+003,4.125729e-002
1.185062e+003,4.120057e-002
1.185544e+003,4.116150e-002
1.186026e+003,4.114129e-002
1.186509e+003,4.113876e-002
1.186991e+003,4.115071e-002
1.187473e+003,4.117288e-002
1.187955e+003,4.120103e-002
1.188437e+003,4.123279e-002
1.188919e+003,4.126715e-002
1.189401e+003,4.130437e-002
1.189883e+003,4.134464e-002
1.190366e+003,4.138738e-002
1.190848e+003,4.143149e-002
1.191330e+003,4.147582e-002
1.191812e+003,4.152003e-002
1.192294e+003,4.156572e-002
1.192776e+003,4.161512e-002
1.193258e+003,4.167093e-002
1.193740e+003,4.173458e-002
1.194223e+003,4.180586e-002
1.194705e+003,4.188311e-002
1.195187e+003,4.196402e-002
1.195669e+003,4.204758e-002
1.196151e+003,4.213408e-002
1.196633e+003,4.222532e-002
1.197115e+003,4.232417e-002
1.197597e+003,4.243235e-002
1.198080e+003,4.255057e-002
1.198562e+003,4.267813e-002
1.199044e+003,4.281421e-002
1.199526e+003,4.295786e-002
1.200008e+003,4.311008e-002
1.200490e+003,4.327161e-002
1.200972e+003,4.344392e-002
1.201454e+003,4.362693e-002
1.201937e+003,4.381921e-002
1.202419e+003,4.401790e-002
1.202901e+003,4.422013e-002
1.203383e+003,4.442374e-002
1.203865e+003,4.462805e-002
1.204347e+003,4.483384e-002
1.204829e+003,4.504220e-002
1.205312e+003,4.525334e-002
1.205794e+003,4.546676e-002
1.206276e+003,4.568033e-002
1.206758e+003,4.589176e-002
1.207240e+003,4.609971e-002
1.207722e+003,4.630421e-002
1.208204e+003,4.650668e-002
1.208686e+003,4.670963e-002
1.209168e+003,4.691517e-002
1.209651e+003,4.712442e-002
1.210133e+003,4.733736e-002
1.210615e+003,4.755381e-002
1.211097e+003,4.777345e-002
1.211579e+003,4.799706e-002
1.212061e+003,4.822627e-002
1.212543e+003,4.846350e-002
1.213025e+003,4.871039e-002
1.213508e+003,4.896761e-002
1.213990e+003,4.923419e-002
1.214472e+003,4.950840e-002
1.214954e+003,4.978715e-002
1.215436e+003,5.006782e-002
1.215918e+003,5.034808e-002
1.216400e+003,5.062579e-002
1.216882e+003,5.089881e-002
1.217365e+003,5.116552e-002
1.217847e+003,5.142336e-002
1.218329e+003,5.167044e-002
1.218811e+003,5.190453e-002
1.219293e+003,5.212402e-002
1.219775e+003,5.232809e-002
1.220257e+003,5.251687e-002
1.220740e+003,5.269116e-002
1.221222e+003,5.285277e-002
1.221704e+003,5.300409e-002
1.222186e+003,5.314854e-002
1.222668e+003,5.329016e-002
1.223150e+003,5.343354e-002
1.223632e+003,5.358347e-002
1.224114e+003,5.374404e-002
1.224596e+003,5.391831e-002
1.225079e+003,5.410763e-002
1.225561e+003,5.431186e-002
1.226043e+003,5.452937e-002
1.226525e+003,5.475737e-002
1.227007e+003,5.499360e-002
1.227489e+003,5.523536e-002
1.227971e+003,5.548083e-002
1.228453e+003,5.572805e-002
1.228936e+003,5.597567e-002
1.229418e+003,5.622248e-002
1.229900e+003,5.646816e-002
1.230382e+003,5.671263e-002
1.230864e+003,5.695716e-002
1.231346e+003,5.720310e-002
1.231828e+003,5.745216e-002
1.232310e+003,5.770587e-002
1.232792e+003,5.796449e-002
1.233275e+003,5.822686e-002
1.233757e+003,5.849068e-002
1.234239e+003,5.875263e-002
1.234721e+003,5.900927e-002
1.235203e+003,5.925789e-002
1.235685e+003,5.949680e-002
1.236167e+003,5.972594e-002
1.236650e+003,5.994596e-002
1.237132e+003,6.015755e-002
1.237614e+003,6.036118e-002
1.238096e+003,6.055556e-002
1.238578e+003,6.073886e-002
1.239060e+003,6.090887e-002
1.239542e+003,6.106390e-002
1.240024e+003,6.120271e-002
1.240507e+003,6.132571e-002
1.240989e+003,6.143336e-002
1.241471e+003,6.152657e-002
1.241953e+003,6.160605e-002
1.242435e+003,6.167170e-002
1.242917e+003,6.172395e-002
1.243399e+003,6.176372e-002
1.243881e+003,6.179199e-002
1.244364e+003,6.181086e-002
1.244846e+003,6.182210e-002
1.245328e+003,6.182734e-002
1.245810e+003,6.182759e-002
1.246292e+003,6.182337e-002
1.246774e+003,6.181519e-002
1.247256e+003,6.180390e-002
1.247738e+003,6.179159e-002
1.248220e+003,6.178070e-002
1.248703e+003,6.177494e-002
1.249185e+003,6.177857e-002
1.249667e+003,6.179644e-002
1.250149e+003,6.183382e-002
1.250631e+003,6.189571e-002
1.251113e+003,6.198587e-002
1.251595e+003,6.210472e-002
1.252078e+003,6.224824e-002
1.252560e+003,6.240628e-002
1.253042e+003,6.256270e-002
1.253524e+003,6.269611e-002
1.254006e+003,6.278311e-002
1.254488e+003,6.280217e-002
1.254970e+003,6.273751e-002
1.255452e+003,6.258222e-002
1.255935e+003,6.233986e-002
1.256417e+003,6.202272e-002
1.256899e+003,6.164964e-002
1.257381e+003,6.124184e-002
1.257863e+003,6.082099e-002
1.258345e+003,6.040546e-002
1.258827e+003,6.001000e-002
1.259309e+003,5.964448e-002
1.259792e+003,5.931396e-002
1.260274e+003,5.901940e-002
1.260756e+003,5.875938e-002
1.261238e+003,5.853021e-002
1.261720e+003,5.832868e-002
1.262202e+003,5.815195e-002
1.262684e+003,5.799788e-002
1.263166e+003,5.786452e-002
1.263648e+003,5.775039e-002
1.264131e+003,5.765335e-002
1.264613e+003,5.757139e-002
1.265095e+003,5.750219e-002
1.265577e+003,5.744390e-002
1.266059e+003,5.739494e-002
1.266541e+003,5.735434e-002
1.267023e+003,5.732082e-002
1.267505e+003,5.729350e-002
1.267988e+003,5.727119e-002
1.268470e+003,5.725338e-002
1.268952e+003,5.723945e-002
1.269434e+003,5.722952e-002
1.269916e+003,5.722440e-002
1.270398e+003,5.722512e-002
1.270880e+003,5.723240e-002
1.271363e+003,5.724679e-002
1.271845e+003,5.726822e-002
1.272327e+003,5.729666e-002
1.272809e+003,5.733184e-002
1.273291e+003,5.737397e-002
1.273773e+003,5.742317e-002
1.274255e+003,5.747981e-002
1.274737e+003,5.754372e-002
1.275219e+003,5.761471e-002
1.275702e+003,5.769161e-002
1.276184e+003,5.777357e-002
1.276666e+003,5.785925e-002
1.277148e+003,5.794776e-002
1.277630e+003,5.803792e-002
1.278112e+003,5.812900e-002
1.278594e+003,5.821969e-002
1.279076e+003,5.830900e-002
1.279559e+003,5.839617e-002
1.280041e+003,5.848107e-002
1.280523e+003,5.856428e-002
1.281005e+003,5.864749e-002
1.281487e+003,5.873298e-002
1.281969e+003,5.882325e-002
1.282451e+003,5.892004e-002
1.282933e+003,5.902438e-002
1.283416e+003,5.913638e-002
1.283898e+003,5.925525e-002
1.284380e+003,5.937964e-002
1.284862e+003,5.950877e-002
1.285344e+003,5.964189e-002
1.285826e+003,5.977933e-002
1.286308e+003,5.992202e-002
1.286791e+003,6.007146e-002
1.287273e+003,6.022900e-002
1.287755e+003,6.039652e-002
1.288237e+003,6.057441e-002
1.288719e+003,6.076356e-002
1.289201e+003,6.096340e-002
1.289683e+003,6.117343e-002
1.290165e+003,6.139202e-002
1.290647e+003,6.161793e-002
1.291130e+003,6.184876e-002
1.291612e+003,6.208188e-002
1.292094e+003,6.231330e-002
1.292576e+003,6.253897e-002
1.293058e+003,6.275411e-002
1.293540e+003,6.295487e-002
1.294022e+003,6.313778e-002
1.294504e+003,6.330050e-002
1.294987e+003,6.344192e-002
1.295469e+003,6.356199e-002
1.295951e+003,6.366108e-002
1.296433e+003,6.374095e-002
1.296915e+003,6.380450e-002
1.297397e+003,6.385697e-002
1.297879e+003,6.390560e-002
1.298361e+003,6.395964e-002
1.298844e+003,6.403005e-002
1.299326e+003,6.412775e-002
1.299808e+003,6.426327e-002
1.300290e+003,6.444360e-002
1.300772e+003,6.467114e-002
1.301254e+003,6.494140e-002
1.301736e+003,6.524108e-002
1.302219e+003,6.554876e-002
1.302701e+003,6.583524e-002
1.303183e+003,6.606701e-002
1.303665e+003,6.621050e-002
1.304147e+003,6.623820e-002
1.304629e+003,6.613428e-002
1.305111e+003,6.589893e-002
1.305593e+003,6.554873e-002
1.306075e+003,6.511362e-002
1.306558e+003,6.463147e-002
1.307040e+003,6.414131e-002
1.307522e+003,6.367654e-002
1.308004e+003,6.326155e-002
1.308486e+003,6.290922e-002
1.308968e+003,6.262130e-002
1.309450e+003,6.239122e-002
1.309932e+003,6.220808e-002
1.310415e+003,6.206022e-002
1.310897e+003,6.193795e-002
1.311379e+003,6.183377e-002
1.311861e+003,6.174269e-002
1.312343e+003,6.166067e-002
1.312825e+003,6.158422e-002
1.313307e+003,6.151013e-002
1.313789e+003,6.143579e-002
1.314272e+003,6.135954e-002
1.314754e+003,6.128020e-002
1.315236e+003,6.119785e-002
1.315718e+003,6.111213e-002
1.316200e+003,6.102233e-002
1.316682e+003,6.092736e-002
1.317164e+003,6.082597e-002
1.317646e+003,6.071798e-002
1.318129e+003,6.060477e-002
1.318611e+003,6.048925e-002
1.319093e+003,6.037508e-002
1.319575e+003,6.026627e-002
1.320057e+003,6.016509e-002
1.320539e+003,6.007252e-002
1.321021e+003,5.998905e-002
1.321503e+003,5.991479e-002
1.321986e+003,5.985065e-002
1.322468e+003,5.979847e-002
1.322950e+003,5.975842e-002
1.323432e+003,5.972986e-002
1.323914e+003,5.970874e-002
1.324396e+003,5.968887e-002
1.324878e+003,5.966336e-002
1.325360e+003,5.962617e-002
1.325843e+003,5.957488e-002
1.326325e+003,5.951028e-002
1.326807e+003,5.943429e-002
1.327289e+003,5.934902e-002
1.327771e+003,5.925335e-002
1.328253e+003,5.914339e-002
1.328735e+003,5.901258e-002
1.329218e+003,5.885523e-002
1.329700e+003,5.866826e-002
1.330182e+003,5.845427e-002
1.330664e+003,5.821973e-002
1.331146e+003,5.797474e-002
1.331628e+003,5.772908e-002
1.332110e+003,5.749063e-002
1.332592e+003,5.726409e-002
1.333074e+003,5.705177e-002
1.333557e+003,5.685535e-002
1.334039e+003,5.667767e-002
1.334521e+003,5.652205e-002
1.335003e+003,5.639224e-002
1.335485e+003,5.628943e-002
1.335967e+003,5.621201e-002
1.336449e+003,5.615501e-002
1.336931e+003,5.611336e-002
1.337414e+003,5.608425e-002
1.337896e+003,5.606961e-002
1.338378e+003,5.607546e-002
1.338860e+003,5.610855e-002
1.339342e+003,5.617084e-002
1.339824e+003,5.625737e-002
1.340306e+003,5.635671e-002
1.340788e+003,5.645775e-002
1.341271e+003,5.655439e-002
1.341753e+003,5.664865e-002
1.342235e+003,5.674792e-002
1.342717e+003,5.686109e-002
1.343199e+003,5.699383e-002
1.343681e+003,5.714704e-002
1.344163e+003,5.731728e-002
1.344646e+003,5.749928e-002
1.345128e+003,5.768965e-002
1.345610e+003,5.788979e-002
1.346092e+003,5.810537e-002
1.346574e+003,5.834365e-002
1.347056e+003,5.861038e-002
1.347538e+003,5.890770e-002
1.348020e+003,5.923501e-002
1.348502e+003,5.959214e-002
1.348985e+003,5.998217e-002
1.349467e+003,6.041281e-002
1.349949e+003,6.089408e-002
1.350431e+003,6.143561e-002
1.350913e+003,6.204241e-002
1.351395e+003,6.271631e-002
1.351877e+003,6.345855e-002
1.352359e+003,6.427496e-002
1.352842e+003,6.517810e-002
1.353324e+003,6.618506e-002
1.353806e+003,6.730896e-002
1.354288e+003,6.854872e-002
1.354770e+003,6.987984e-002
1.355252e+003,7.125435e-002
1.355734e+003,7.260787e-002
1.356216e+003,7.387362e-002
1.356698e+003,7.499363e-002
1.357181e+003,7.592420e-002
1.357663e+003,7.663473e-002
1.358145e+003,7.710482e-002
1.358627e+003,7.732282e-002
1.359109e+003,7.728645e-002
1.359591e+003,7.700718e-002
1.360073e+003,7.651401e-002
1.360556e+003,7.585431e-002
1.361038e+003,7.509455e-002
1.361520e+003,7.431570e-002
1.362002e+003,7.360482e-002
1.362484e+003,7.303876e-002
1.362966e+003,7.266773e-002
1.363448e+003,7.250873e-002
1.363930e+003,7.255603e-002
1.364413e+003,7.280002e-002
1.364895e+003,7.324187e-002
1.365377e+003,7.389925e-002
1.365859e+003,7.480465e-002
1.366341e+003,7.600281e-002
1.366823e+003,7.754916e-002
1.367305e+003,7.950993e-002
1.367787e+003,8.195829e-002
1.368270e+003,8.496369e-002
1.368752e+003,8.857416e-002
1.369234e+003,9.280042e-002
1.369716e+003,9.761251e-002
1.370198e+003,1.029553e-001
1.370680e+003,1.087789e-001
1.371162e+003,1.150683e-001
1.371644e+003,1.218555e-001
1.372126e+003,1.291909e-001
1.372609e+003,1.370641e-001
1.373091e+003,1.452743e-001
1.373573e+003,1.533103e-001
1.374055e+003,1.603503e-001
1.374537e+003,1.654775e-001
1.375019e+003,1.680286e-001
1.375501e+003,1.678204e-001
1.375984e+003,1.651048e-001
1.376466e+003,1.603517e-001
1.376948e+003,1.540613e-001
1.377430e+003,1.466943e-001
1.377912e+003,1.386867e-001
1.378394e+003,1.304768e-001
1.378876e+003,1.224913e-001
1.379358e+003,1.150842e-001
1.379841e+003,1.084704e-001
1.380323e+003,1.027045e-001
1.380805e+003,9.771784e-002
1.381287e+003,9.338941e-002
1.381769e+003,8.961165e-002
1.382251e+003,8.632309e-002
1.382733e+003,8.350274e-002
1.383215e+003,8.114211e-002
1.383698e+003,7.921657e-002
1.384180e+003,7.767441e-002
1.384662e+003,7.644697e-002
1.385144e+003,7.546820e-002
1.385626e+003,7.469149e-002
1.386108e+003,7.409784e-002
1.386590e+003,7.368486e-002
1.387072e+003,7.344884e-002
1.387554e+003,7.336630e-002
1.388037e+003,7.339320e-002
1.388519e+003,7.348294e-002
1.389001e+003,7.360479e-002
1.389483e+003,7.374878e-002
1.389965e+003,7.392000e-002
1.390447e+003,7.412459e-002
1.390929e+003,7.436194e-002
1.391411e+003,7.462016e-002
1.391894e+003,7.488175e-002
1.392376e+003,7.513081e-002
1.392858e+003,7.536113e-002
1.393340e+003,7.558063e-002
1.393822e+003,7.580754e-002
1.394304e+003,7.605901e-002
1.394786e+003,7.633620e-002
1.395269e+003,7.661861e-002
1.395751e+003,7.687413e-002
1.396233e+003,7.707728e-002
1.396715e+003,7.722116e-002
1.397197e+003,7.731607e-002
1.397679e+003,7.738215e-002
1.398161e+003,7.743694e-002
1.398643e+003,7.748676e-002
1.399125e+003,7.752363e-002
1.399608e+003,7.753111e-002
1.400090e+003,7.749633e-002
1.400572e+003,7.741690e-002
1.401054e+003,7.730079e-002
1.401536e+003,7.715841e-002
1.402018e+003,7.699563e-002
1.402500e+003,7.680985e-002
1.402982e+003,7.659087e-002
1.403465e+003,7.632465e-002
1.403947e+003,7.600226e-002
1.404429e+003,7.562803e-002
1.404911e+003,7.522163e-002
1.405393e+003,7.481080e-002
1.405875e+003,7.441825e-002
1.406357e+003,7.405143e-002
1.406839e+003,7.370351e-002
1.407322e+003,7.335973e-002
1.407804e+003,7.300703e-002
1.408286e+003,7.263985e-002
1.408768e+003,7.226137e-002
1.409250e+003,7.188171e-002
1.409732e+003,7.151277e-002
1.410214e+003,7.116260e-002
1.410697e+003,7.083354e-002
1.411179e+003,7.052364e-002
1.411661e+003,7.022922e-002
1.412143e+003,6.995027e-002
1.412625e+003,6.968967e-002
1.413107e+003,6.945150e-002
1.413589e+003,6.923644e-002
1.414071e+003,6.904070e-002
1.414553e+003,6.885648e-002
1.415036e+003,6.867434e-002
1.415518e+003,6.848755e-002
1.416000e+003,6.829480e-002
1.416482e+003,6.809922e-002
1.416964e+003,6.790668e-002
1.417446e+003,6.772052e-002
1.417928e+003,6.754025e-002
1.418410e+003,6.736144e-002
1.418893e+003,6.718329e-002
1.419375e+003,6.701279e-002
1.419857e+003,6.686191e-002
1.420339e+003,6.673965e-002
1.420821e+003,6.664418e-002
1.421303e+003,6.656429e-002
1.421785e+003,6.648472e-002
1.422267e+003,6.639176e-002
1.422750e+003,6.627963e-002
1.423232e+003,6.615643e-002
1.423714e+003,6.604408e-002
1.424196e+003,6.596994e-002
1.424678e+003,6.595410e-002
1.425160e+003,6.599833e-002
1.425642e+003,6.608971e-002
1.426125e+003,6.621360e-002
1.426607e+003,6.636534e-002
1.427089e+003,6.655701e-002
1.427571e+003,6.681795e-002
1.428053e+003,6.718828e-002
1.428535e+003,6.770843e-002
1.429017e+003,6.840775e-002
1.429499e+003,6.929749e-002
1.429981e+003,7.037354e-002
1.430464e+003,7.162514e-002
1.430946e+003,7.303837e-002
1.431428e+003,7.459246e-002
1.431910e+003,7.625161e-002
1.432392e+003,7.796216e-002
1.432874e+003,7.966012e-002
1.433356e+003,8.128285e-002
1.433838e+003,8.277844e-002
1.434321e+003,8.411073e-002
1.434803e+003,8.525510e-002
1.435285e+003,8.619598e-002
1.435767e+003,8.692780e-002
1.436249e+003,8.746564e-002
1.436731e+003,8.785758e-002
1.437213e+003,8.817681e-002
1.437696e+003,8.849701e-002
1.438177e+003,8.887255e-002
1.438660e+003,8.933671e-002
1.439142e+003,8.991358e-002
1.439624e+003,9.062460e-002
1.440106e+003,9.149176e-002
1.440588e+003,9.253489e-002
1.441070e+003,9.377024e-002
1.441552e+003,9.520863e-002
1.442035e+003,9.685505e-002
1.442517e+003,9.870666e-002
1.442999e+003,1.007517e-001
1.443481e+003,1.029668e-001
1.443963e+003,1.053208e-001
1.444445e+003,1.077816e-001
1.444927e+003,1.103293e-001
1.445409e+003,1.129626e-001
1.445892e+003,1.156960e-001
1.446374e+003,1.185383e-001
1.446856e+003,1.214595e-001
1.447338e+003,1.243596e-001
1.447820e+003,1.270742e-001
1.448302e+003,1.294267e-001
1.448784e+003,1.313059e-001
1.449266e+003,1.327042e-001
1.449749e+003,1.336970e-001
1.450231e+003,1.343900e-001
1.450713e+003,1.348743e-001
1.451195e+003,1.352064e-001
1.451677e+003,1.354115e-001
1.452159e+003,1.354991e-001
1.452641e+003,1.354823e-001
1.453124e+003,1.353855e-001
1.453605e+003,1.352404e-001
1.454088e+003,1.350710e-001
1.454570e+003,1.348760e-001
1.455052e+003,1.346149e-001
1.455534e+003,1.341999e-001
1.456016e+003,1.335107e-001
1.456498e+003,1.324624e-001
1.456980e+003,1.311131e-001
1.457463e+003,1.296870e-001
1.457945e+003,1.284072e-001
1.458427e+003,1.273344e-001
1.458909e+003,1.263926e-001
1.459391e+003,1.254818e-001
1.459873e+003,1.245420e-001
1.460355e+003,1.235571e-001
1.460837e+003,1.225317e-001
1.461320e+003,1.214672e-001
1.461802e+003,1.203387e-001
1.462284e+003,1.190851e-001
1.462766e+003,1.176090e-001
1.463248e+003,1.157954e-001
1.463730e+003,1.135586e-001
1.464212e+003,1.109057e-001
1.464694e+003,1.079774e-001
1.465177e+003,1.050031e-001
1.465659e+003,1.021874e-001
1.466141e+003,9.962088e-002
1.466623e+003,9.728437e-002
1.467105e+003,9.511171e-002
1.467587e+003,9.304554e-002
1.468069e+003,9.106117e-002
1.468552e+003,8.915866e-002
1.469033e+003,8.734167e-002
1.469516e+003,8.559429e-002
1.469998e+003,8.386613e-002
1.470480e+003,8.206801e-002
1.470962e+003,8.009000e-002
1.471444e+003,7.784771e-002
1.471926e+003,7.536152e-002
1.472408e+003,7.280976e-002
1.472891e+003,7.046566e-002
1.473373e+003,6.852382e-002
1.473855e+003,6.699738e-002
1.474337e+003,6.576853e-002
1.474819e+003,6.470151e-002
1.475301e+003,6.371059e-002
1.475783e+003,6.277238e-002
1.476265e+003,6.190602e-002
1.476748e+003,6.113981e-002
1.477230e+003,6.048627e-002
1.477712e+003,5.993446e-002
1.478194e+003,5.946002e-002
1.478676e+003,5.904059e-002
1.479158e+003,5.866629e-002
1.479640e+003,5.834086e-002
1.480122e+003,5.807527e-002
1.480604e+003,5.787889e-002
1.481087e+003,5.775041e-002
1.481569e+003,5.767754e-002
1.482051e+003,5.764361e-002
1.482533e+003,5.763783e-002
1.483015e+003,5.766033e-002
1.483497e+003,5.772021e-002
1.483979e+003,5.782733e-002
1.484461e+003,5.798617e-002
1.484944e+003,5.819238e-002
1.485426e+003,5.843474e-002
1.485908e+003,5.870052e-002
1.486390e+003,5.898425e-002
1.486872e+003,5.929293e-002
1.487354e+003,5.964740e-002
1.487836e+003,6.007523e-002
1.488319e+003,6.060264e-002
1.488801e+003,6.124276e-002
1.489283e+003,6.198808e-002
1.489765e+003,6.280790e-002
1.490247e+003,6.365827e-002
1.490729e+003,6.449712e-002
1.491211e+003,6.529714e-002
1.491693e+003,6.604767e-002
1.492176e+003,6.674940e-002
1.492658e+003,6.740993e-002
1.493140e+003,6.804379e-002
1.493622e+003,6.867302e-002
1.494104e+003,6.932840e-002
1.494586e+003,7.004928e-002
1.495068e+003,7.087506e-002
1.495550e+003,7.182997e-002
1.496032e+003,7.290483e-002
1.496515e+003,7.404791e-002
1.496997e+003,7.518503e-002
1.497479e+003,7.625570e-002
1.497961e+003,7.724214e-002
1.498443e+003,7.816574e-002
1.498925e+003,7.906205e-002
1.499407e+003,7.995801e-002
1.499890e+003,8.086050e-002
1.500372e+003,8.176025e-002
1.500854e+003,8.264115e-002
1.501336e+003,8.348991e-002
1.501818e+003,8.430120e-002
1.502300e+003,8.507603e-002
1.502782e+003,8.581991e-002
1.503264e+003,8.653855e-002
1.503747e+003,8.723941e-002
1.504229e+003,8.793750e-002
1.504711e+003,8.867220e-002
1.505193e+003,8.953235e-002
1.505675e+003,9.068748e-002
1.506157e+003,9.236210e-002
1.506639e+003,9.464438e-002
1.507121e+003,9.722862e-002
1.507604e+003,9.957760e-002
1.508086e+003,1.014129e-001
1.508568e+003,1.028135e-001
1.509050e+003,1.039815e-001
1.509532e+003,1.050886e-001
1.510014e+003,1.062442e-001
1.510496e+003,1.075036e-001
1.510979e+003,1.088774e-001
1.511460e+003,1.103384e-001
1.511943e+003,1.118334e-001
1.512425e+003,1.133032e-001
1.512907e+003,1.147017e-001
1.513389e+003,1.160113e-001
1.513871e+003,1.172426e-001
1.514353e+003,1.184278e-001
1.514835e+003,1.196097e-001
1.515318e+003,1.208261e-001
1.515800e+003,1.220904e-001
1.516282e+003,1.233726e-001
1.516764e+003,1.245983e-001
1.517246e+003,1.256835e-001
1.517728e+003,1.265796e-001
1.518210e+003,1.272926e-001
1.518692e+003,1.278658e-001
1.519175e+003,1.283578e-001
1.519657e+003,1.288349e-001
1.520139e+003,1.293750e-001
1.520621e+003,1.300624e-001
1.521103e+003,1.309544e-001
1.521585e+003,1.320251e-001
1.522067e+003,1.331629e-001
1.522549e+003,1.342490e-001
1.523031e+003,1.352351e-001
1.523514e+003,1.361432e-001
1.523996e+003,1.370318e-001
1.524478e+003,1.379671e-001
1.524960e+003,1.390069e-001
1.525442e+003,1.401864e-001
1.525924e+003,1.415081e-001
1.526406e+003,1.429406e-001
1.526888e+003,1.444332e-001
1.527371e+003,1.459346e-001
1.527853e+003,1.474076e-001
1.528335e+003,1.488274e-001
1.528817e+003,1.501761e-001
1.529299e+003,1.514415e-001
1.529781e+003,1.526214e-001
1.530263e+003,1.537295e-001
1.530746e+003,1.548024e-001
1.531228e+003,1.559021e-001
1.531710e+003,1.571143e-001
1.532192e+003,1.585326e-001
1.532674e+003,1.602146e-001
1.533156e+003,1.621141e-001
1.533638e+003,1.640583e-001
1.534120e+003,1.658356e-001
1.534603e+003,1.673275e-001
1.535085e+003,1.685413e-001
1.535567e+003,1.695491e-001
1.536049e+003,1.704223e-001
1.536531e+003,1.712075e-001
1.537013e+003,1.719275e-001
1.537495e+003,1.725975e-001
1.537977e+003,1.732449e-001
1.538459e+003,1.739346e-001
1.538942e+003,1.747772e-001
1.539424e+003,1.758818e-001
1.539906e+003,1.772275e-001
1.540388e+003,1.785794e-001
1.540870e+003,1.796378e-001
1.541352e+003,1.802804e-001
1.541834e+003,1.805922e-001
1.542316e+003,1.807330e-001
1.542799e+003,1.808246e-001
1.543281e+003,1.809096e-001
1.543763e+003,1.809542e-001
1.544245e+003,1.808855e-001
1.544727e+003,1.806432e-001
1.545209e+003,1.802262e-001
1.545691e+003,1.796912e-001
1.546174e+003,1.791119e-001
1.546656e+003,1.785329e-001
1.547138e+003,1.779448e-001
1.547620e+003,1.772822e-001
1.548102e+003,1.764394e-001
1.548584e+003,1.753041e-001
1.549066e+003,1.738164e-001
1.549548e+003,1.720246e-001
1.550031e+003,1.700927e-001
1.550513e+003,1.682186e-001
1.550995e+003,1.665241e-001
1.551477e+003,1.649997e-001
1.551959e+003,1.635309e-001
1.552441e+003,1.619608e-001
1.552923e+003,1.601592e-001
1.553405e+003,1.580808e-001
1.553887e+003,1.558049e-001
1.554370e+003,1.535155e-001
1.554852e+003,1.514191e-001
1.555334e+003,1.496436e-001
1.555816e+003,1.481905e-001
1.556298e+003,1.469499e-001
1.556780e+003,1.457303e-001
1.557262e+003,1.442547e-001
1.557744e+003,1.421293e-001
1.558227e+003,1.389276e-001
1.558709e+003,1.347050e-001
1.559191e+003,1.305088e-001
1.559673e+003,1.274550e-001
1.560155e+003,1.256039e-001
1.560637e+003,1.244556e-001
1.561119e+003,1.236134e-001
1.561602e+003,1.228786e-001
1.562083e+003,1.221577e-001
1.562566e+003,1.213915e-001
1.563048e+003,1.205275e-001
1.563530e+003,1.195224e-001
1.564012e+003,1.183634e-001
1.564494e+003,1.170907e-001
1.564976e+003,1.157971e-001
1.565458e+003,1.145906e-001
1.565941e+003,1.135430e-001
1.566423e+003,1.126621e-001
1.566905e+003,1.118942e-001
1.567387e+003,1.111501e-001
1.567869e+003,1.103341e-001
1.568351e+003,1.093769e-001
1.568833e+003,1.082723e-001
1.569315e+003,1.071020e-001
1.569798e+003,1.060012e-001
1.570280e+003,1.050759e-001
1.570762e+003,1.043403e-001
1.571244e+003,1.037390e-001
1.571726e+003,1.032038e-001
1.572208e+003,1.026898e-001
1.572690e+003,1.021791e-001
1.573172e+003,1.016695e-001
1.573655e+003,1.011577e-001
1.574137e+003,1.006260e-001
1.574619e+003,1.000348e-001
1.575101e+003,9.933373e-002
1.575583e+003,9.849807e-002
1.576065e+003,9.757592e-002
1.576547e+003,9.668777e-002
1.577030e+003,9.595024e-002
1.577511e+003,9.539869e-002
1.577994e+003,9.498795e-002
1.578476e+003,9.464225e-002
1.578958e+003,9.429774e-002
1.579440e+003,9.391837e-002
1.579922e+003,9.349859e-002
1.580404e+003,9.305482e-002
1.580886e+003,9.261356e-002
1.581369e+003,9.219582e-002
1.581851e+003,9.180605e-002
1.582333e+003,9.143206e-002
1.582815e+003,9.105355e-002
1.583297e+003,9.065812e-002
1.583779e+003,9.024921e-002
1.584261e+003,8.984557e-002
1.584743e+003,8.947035e-002
1.585226e+003,8.913686e-002
1.585708e+003,8.884104e-002
1.586190e+003,8.856468e-002
1.586672e+003,8.828675e-002
1.587154e+003,8.799748e-002
1.587636e+003,8.770496e-002
1.588118e+003,8.743148e-002
1.588600e+003,8.720145e-002
1.589083e+003,8.702677e-002
1.589565e+003,8.690060e-002
1.590047e+003,8.680119e-002
1.590529e+003,8.670566e-002
1.591011e+003,8.660347e-002
1.591493e+003,8.650298e-002
1.591975e+003,8.642477e-002
1.592458e+003,8.638871e-002
1.592939e+003,8.640093e-002
1.593422e+003,8.644880e-002
1.593904e+003,8.650811e-002
1.594386e+003,8.655720e-002
1.594868e+003,8.659033e-002
1.595350e+003,8.662224e-002
1.595832e+003,8.667891e-002
1.596314e+003,8.678153e-002
1.596797e+003,8.693355e-002
1.597279e+003,8.711947e-002
1.597761e+003,8.731528e-002
1.598243e+003,8.750375e-002
1.598725e+003,8.768555e-002
1.599207e+003,8.787981e-002
1.599689e+003,8.811461e-002
1.600171e+003,8.841194e-002
1.600654e+003,8.877505e-002
1.601136e+003,8.918769e-002
1.601618e+003,8.962388e-002
1.602100e+003,9.006462e-002
1.602582e+003,9.051068e-002
1.603064e+003,9.098201e-002
1.603546e+003,9.150483e-002
1.604028e+003,9.209432e-002
1.604510e+003,9.274464e-002
1.604993e+003,9.343258e-002
1.605475e+003,9.413280e-002
1.605957e+003,9.483518e-002
1.606439e+003,9.555311e-002
1.606921e+003,9.632076e-002
1.607403e+003,9.717570e-002
1.607885e+003,9.813777e-002
1.608367e+003,9.919562e-002
1.608850e+003,1.003120e-001
1.609332e+003,1.014455e-001
1.609814e+003,1.025740e-001
1.610296e+003,1.037036e-001
1.610778e+003,1.048583e-001
1.611260e+003,1.060578e-001
1.611742e+003,1.072988e-001
1.612225e+003,1.085498e-001
1.612707e+003,1.097661e-001
1.613189e+003,1.109131e-001
1.613671e+003,1.119872e-001
1.614153e+003,1.130295e-001
1.614635e+003,1.141290e-001
1.615117e+003,1.154080e-001
1.615599e+003,1.169824e-001
1.616082e+003,1.188861e-001
1.616564e+003,1.210056e-001
1.617046e+003,1.231123e-001
1.617528e+003,1.250067e-001
1.618010e+003,1.266308e-001
1.618492e+003,1.280467e-001
1.618974e+003,1.293524e-001
1.619456e+003,1.306253e-001
1.619938e+003,1.319086e-001
1.620421e+003,1.332275e-001
1.620903e+003,1.346098e-001
1.621385e+003,1.361082e-001
1.621867e+003,1.378027e-001
1.622349e+003,1.397731e-001
1.622831e+003,1.420348e-001
1.623313e+003,1.444855e-001
1.623796e+003,1.469265e-001
1.624278e+003,1.491687e-001
1.624760e+003,1.511281e-001
1.625242e+003,1.528472e-001
1.625724e+003,1.544519e-001
1.626206e+003,1.560963e-001
1.626688e+003,1.579109e-001
1.627170e+003,1.599569e-001
1.627653e+003,1.621970e-001
1.628135e+003,1.645087e-001
1.628617e+003,1.667455e-001
1.629099e+003,1.688145e-001
1.629581e+003,1.707108e-001
1.630063e+003,1.724912e-001
1.630545e+003,1.742216e-001
1.631027e+003,1.759368e-001
1.631510e+003,1.776262e-001
1.631992e+003,1.792491e-001
1.632474e+003,1.807658e-001
1.632956e+003,1.821727e-001
1.633438e+003,1.835341e-001
1.633920e+003,1.849990e-001
1.634402e+003,1.867869e-001
1.634885e+003,1.891042e-001
1.635366e+003,1.919716e-001
1.635849e+003,1.950818e-001
1.636331e+003,1.979523e-001
1.636813e+003,2.002996e-001
1.637295e+003,2.021823e-001
1.637777e+003,2.038288e-001
1.638259e+003,2.054433e-001
1.638741e+003,2.071317e-001
1.639224e+003,2.089074e-001
1.639706e+003,2.107277e-001
1.640188e+003,2.125379e-001
1.640670e+003,2.143078e-001
1.641152e+003,2.160483e-001
1.641634e+003,2.177995e-001
1.642116e+003,2.195973e-001
1.642598e+003,2.214441e-001
1.643081e+003,2.232972e-001
1.643563e+003,2.250859e-001
1.644045e+003,2.267492e-001
1.644527e+003,2.282860e-001
1.645009e+003,2.298011e-001
1.645491e+003,2.315180e-001
1.645973e+003,2.337099e-001
1.646455e+003,2.364987e-001
1.646938e+003,2.396309e-001
1.647420e+003,2.425483e-001
1.647902e+003,2.447983e-001
1.648384e+003,2.463172e-001
1.648866e+003,2.473250e-001
1.649348e+003,2.480996e-001
1.649830e+003,2.488463e-001
1.650313e+003,2.496663e-001
1.650794e+003,2.505571e-001
1.651277e+003,2.514144e-001
1.651759e+003,2.520239e-001
1.652241e+003,2.520986e-001
1.652723e+003,2.514797e-001
1.653205e+003,2.504748e-001
1.653687e+003,2.497035e-001
1.654169e+003,2.493788e-001
1.654652e+003,2.492069e-001
1.655134e+003,2.488404e-001
1.655616e+003,2.481021e-001
1.656098e+003,2.469718e-001
1.656580e+003,2.455224e-001
1.657062e+003,2.438632e-001
1.657544e+003,2.420958e-001
1.658026e+003,2.402779e-001
1.658509e+003,2.384069e-001
1.658991e+003,2.364285e-001
1.659473e+003,2.342657e-001
1.659955e+003,2.318529e-001
1.660437e+003,2.291585e-001
1.660919e+003,2.261837e-001
1.661401e+003,2.229512e-001
1.661883e+003,2.194954e-001
1.662365e+003,2.158693e-001
1.662848e+003,2.121660e-001
1.663330e+003,2.085204e-001
1.663812e+003,2.050769e-001
1.664294e+003,2.019418e-001
1.664776e+003,1.991576e-001
1.665258e+003,1.967018e-001
1.665740e+003,1.944977e-001
1.666222e+003,1.924235e-001
1.666705e+003,1.903205e-001
1.667187e+003,1.880098e-001
1.667669e+003,1.853282e-001
1.668151e+003,1.821852e-001
1.668633e+003,1.786282e-001
1.669115e+003,1.748669e-001
1.669597e+003,1.712055e-001
1.670080e+003,1.679002e-001
1.670562e+003,1.650458e-001
1.671044e+003,1.625856e-001
1.671526e+003,1.604037e-001
1.672008e+003,1.583987e-001
1.672490e+003,1.564988e-001
1.672972e+003,1.546393e-001
1.673454e+003,1.527340e-001
1.673937e+003,1.506638e-001
1.674419e+003,1.483110e-001
1.674901e+003,1.456438e-001
1.675383e+003,1.427947e-001
1.675865e+003,1.400229e-001
1.676347e+003,1.375607e-001
1.676829e+003,1.354935e-001
1.677311e+003,1.337596e-001
1.677793e+003,1.322121e-001
1.678276e+003,1.306826e-001
1.678758e+003,1.290295e-001
1.679240e+003,1.271811e-001
1.679722e+003,1.251679e-001
1.680204e+003,1.231132e-001
1.680686e+003,1.211750e-001
1.681168e+003,1.194639e-001
1.681650e+003,1.179776e-001
1.682133e+003,1.165702e-001
1.682615e+003,1.149402e-001
1.683097e+003,1.126750e-001
1.683579e+003,1.094697e-001
1.684061e+003,1.055457e-001
1.684543e+003,1.017315e-001
1.685025e+003,9.876706e-002
1.685508e+003,9.673604e-002
1.685990e+003,9.528983e-002
1.686472e+003,9.404615e-002
1.686954e+003,9.274761e-002
1.687436e+003,9.126578e-002
1.687918e+003,8.956811e-002
1.688400e+003,8.768933e-002
1.688882e+003,8.570291e-002
1.689365e+003,8.368786e-002
1.689847e+003,8.170495e-002
1.690329e+003,7.978775e-002
1.690811e+003,7.795461e-002
1.691293e+003,7.622388e-002
1.691775e+003,7.461866e-002
1.692257e+003,7.315571e-002
1.692739e+003,7.183050e-002
1.693221e+003,7.060150e-002
1.693704e+003,6.937883e-002
1.694186e+003,6.802724e-002
1.694668e+003,6.639753e-002
1.695150e+003,6.441233e-002
1.695632e+003,6.217642e-002
1.696114e+003,5.998951e-002
1.696596e+003,5.816645e-002
1.697078e+003,5.682928e-002
1.697561e+003,5.587901e-002
1.698043e+003,5.509938e-002
1.698525e+003,5.425346e-002
1.699007e+003,5.313714e-002
1.699489e+003,5.165296e-002
1.699971e+003,4.991014e-002
1.700453e+003,4.822493e-002
1.700936e+003,4.689233e-002
1.701417e+003,4.596630e-002
1.701900e+003,4.530777e-002
1.702382e+003,4.475120e-002
1.702864e+003,4.418648e-002
1.703346e+003,4.356640e-002
1.703828e+003,4.288571e-002
1.704310e+003,4.216481e-002
1.704792e+003,4.143418e-002
1.705275e+003,4.072094e-002
1.705757e+003,4.003820e-002
1.706239e+003,3.938778e-002
1.706721e+003,3.877173e-002
1.707203e+003,3.819945e-002
1.707685e+003,3.768491e-002
1.708167e+003,3.723700e-002
1.708649e+003,3.684966e-002
1.709132e+003,3.650200e-002
1.709614e+003,3.616257e-002
1.710096e+003,3.580490e-002
1.710578e+003,3.541964e-002
1.711060e+003,3.501873e-002
1.711542e+003,3.462958e-002
1.712024e+003,3.427962e-002
1.712506e+003,3.398267e-002
1.712989e+003,3.373022e-002
1.713471e+003,3.349202e-002
1.713953e+003,3.322865e-002
1.714435e+003,3.291143e-002
1.714917e+003,3.254098e-002
1.715399e+003,3.215271e-002
1.715881e+003,3.180140e-002
1.716364e+003,3.153399e-002
1.716845e+003,3.135742e-002
1.717328e+003,3.123058e-002
1.717810e+003,3.109424e-002
1.718292e+003,3.092041e-002
1.718774e+003,3.072907e-002
1.719256e+003,3.055958e-002
1.719738e+003,3.043791e-002
1.720220e+003,3.036316e-002
1.720703e+003,3.031395e-002
1.721185e+003,3.025890e-002
1.721667e+003,3.016895e-002
1.722149e+003,3.002930e-002
1.722631e+003,2.984475e-002
1.723113e+003,2.964048e-002
1.723595e+003,2.944898e-002
1.724077e+003,2.929128e-002
1.724560e+003,2.916668e-002
1.725042e+003,2.905474e-002
1.725524e+003,2.892885e-002
1.726006e+003,2.877307e-002
1.726488e+003,2.859002e-002
1.726970e+003,2.839764e-002
1.727452e+003,2.822172e-002
1.727934e+003,2.808046e-002
1.728417e+003,2.797587e-002
1.728899e+003,2.789069e-002
1.729381e+003,2.779696e-002
1.729863e+003,2.767172e-002
1.730345e+003,2.751183e-002
1.730827e+003,2.733421e-002
1.731309e+003,2.716642e-002
1.731792e+003,2.703109e-002
1.732273e+003,2.693331e-002
1.732756e+003,2.685608e-002
1.733238e+003,2.676637e-002
1.733720e+003,2.663876e-002
1.734202e+003,2.648463e-002
1.734684e+003,2.634983e-002
1.735166e+003,2.627142e-002
1.735648e+003,2.624972e-002
1.736131e+003,2.625755e-002
1.736613e+003,2.626103e-002
1.737095e+003,2.623316e-002
1.737577e+003,2.615872e-002
1.738059e+003,2.603918e-002
1.738541e+003,2.589305e-002
1.739023e+003,2.575231e-002
1.739505e+003,2.564489e-002
1.739988e+003,2.557685e-002
1.740470e+003,2.552793e-002
1.740952e+003,2.546746e-002
1.741434e+003,2.537456e-002
1.741916e+003,2.525011e-002
1.742398e+003,2.511337e-002
1.742880e+003,2.499156e-002
1.743362e+003,2.490421e-002
1.743844e+003,2.485144e-002
1.744327e+003,2.481310e-002
1.744809e+003,2.476053e-002
1.745291e+003,2.467298e-002
1.745773e+003,2.454761e-002
1.746255e+003,2.439968e-002
1.746737e+003,2.425605e-002
1.747219e+003,2.413992e-002
1.747702e+003,2.405841e-002
1.748184e+003,2.399713e-002
1.748666e+003,2.392864e-002
1.749148e+003,2.383064e-002
1.749630e+003,2.370262e-002
1.750112e+003,2.356888e-002
1.750594e+003,2.346278e-002
1.751076e+003,2.340413e-002
1.751559e+003,2.338466e-002
1.752041e+003,2.337332e-002
1.752523e+003,2.333874e-002
1.753005e+003,2.326581e-002
1.753487e+003,2.315923e-002
1.753969e+003,2.303801e-002
1.754451e+003,2.292475e-002
1.754933e+003,2.283674e-002
1.755416e+003,2.277870e-002
1.755898e+003,2.273916e-002
1.756380e+003,2.269601e-002
1.756862e+003,2.262901e-002
1.757344e+003,2.253410e-002
1.757826e+003,2.242457e-002
1.758308e+003,2.232196e-002
1.758791e+003,2.224066e-002
1.759272e+003,2.218284e-002
1.759755e+003,2.213712e-002
1.760237e+003,2.208627e-002
1.760719e+003,2.201810e-002
1.761201e+003,2.193399e-002
1.761683e+003,2.185260e-002
1.762165e+003,2.179778e-002
1.762647e+003,2.178151e-002
1.763130e+003,2.179342e-002
1.763612e+003,2.180828e-002
1.764094e+003,2.180059e-002
1.764576e+003,2.175668e-002
1.765058e+003,2.167869e-002
1.765540e+003,2.158232e-002
1.766022e+003,2.149132e-002
1.766504e+003,2.142634e-002
1.766987e+003,2.139589e-002
1.767469e+003,2.138944e-002
1.767951e+003,2.138323e-002
1.768433e+003,2.135357e-002
1.768915e+003,2.129142e-002
1.769397e+003,2.120681e-002
1.769879e+003,2.112259e-002
1.770361e+003,2.106209e-002
1.770844e+003,2.103894e-002
1.771326e+003,2.104636e-002
1.771808e+003,2.106041e-002
1.772290e+003,2.105395e-002
1.772772e+003,2.101863e-002
1.773254e+003,2.097048e-002
1.773736e+003,2.093397e-002
1.774219e+003,2.092281e-002
1.774700e+003,2.093394e-002
1.775183e+003,2.095062e-002
1.775665e+003,2.095426e-002
1.776147e+003,2.093195e-002
1.776629e+003,2.088531e-002
1.777111e+003,2.082812e-002
1.777593e+003,2.078010e-002
1.778075e+003,2.075723e-002
1.778558e+003,2.076395e-002
1.779040e+003,2.079083e-002
1.779522e+003,2.082015e-002
1.780004e+003,2.083458e-002
1.780486e+003,2.082846e-002
1.780968e+003,2.081010e-002
1.781450e+003,2.079511e-002
1.781932e+003,2.079474e-002
1.782415e+003,2.080947e-002
1.782897e+003,2.082735e-002
1.783379e+003,2.083323e-002
1.783861e+003,2.081706e-002
1.784343e+003,2.078121e-002
1.784825e+003,2.074011e-002
1.785307e+003,2.071339e-002
1.785789e+003,2.071187e-002
1.786271e+003,2.073108e-002
1.786754e+003,2.075309e-002
1.787236e+003,2.075669e-002
1.787718e+003,2.072742e-002
1.788200e+003,2.066480e-002
1.788682e+003,2.058176e-002
1.789164e+003,2.049844e-002
1.789646e+003,2.043371e-002
1.790128e+003,2.039591e-002
1.790611e+003,2.037820e-002
1.791093e+003,2.036188e-002
1.791575e+003,2.032842e-002
1.792057e+003,2.027563e-002
1.792539e+003,2.022110e-002
1.793021e+003,2.019038e-002
1.793503e+003,2.019636e-002
1.793986e+003,2.023089e-002
1.794468e+003,2.027160e-002
1.794950e+003,2.029456e-002
1.795432e+003,2.028609e-002
1.795914e+003,2.024812e-002
1.796396e+003,2.019656e-002
1.796878e+003,2.015310e-002
1.797360e+003,2.013407e-002
1.797843e+003,2.014191e-002
1.798325e+003,2.016309e-002
1.798807e+003,2.017693e-002
1.799289e+003,2.016674e-002
1.799771e+003,2.013115e-002
1.800253e+003,2.008672e-002
1.800735e+003,2.005947e-002
1.801217e+003,2.006711e-002
1.801699e+003,2.010806e-002
1.802182e+003,2.016136e-002
1.802664e+003,2.019874e-002
1.803146e+003,2.020170e-002
1.803628e+003,2.016766e-002
1.804110e+003,2.011172e-002
1.804592e+003,2.005532e-002
1.805074e+003,2.001595e-002
1.805556e+003,1.999878e-002
1.806039e+003,1.999417e-002
1.806521e+003,1.998495e-002
1.807003e+003,1.995651e-002
1.807485e+003,1.990581e-002
1.807967e+003,1.984341e-002
1.808449e+003,1.978762e-002
1.808931e+003,1.975454e-002
1.809414e+003,1.974622e-002
1.809896e+003,1.975019e-002
1.810378e+003,1.974413e-002
1.810860e+003,1.971081e-002
1.811342e+003,1.964824e-002
1.811824e+003,1.957100e-002
1.812306e+003,1.949975e-002
1.812788e+003,1.944793e-002
1.813271e+003,1.941277e-002
1.813753e+003,1.937696e-002
1.814235e+003,1.931934e-002
1.814717e+003,1.922785e-002
1.815199e+003,1.910805e-002
1.815681e+003,1.898413e-002
1.816163e+003,1.889221e-002
1.816645e+003,1.886270e-002
1.817127e+003,1.890612e-002
1.817610e+003,1.900719e-002
1.818092e+003,1.913412e-002
1.818574e+003,1.925470e-002
1.819056e+003,1.935128e-002
1.819538e+003,1.942493e-002
1.820020e+003,1.948997e-002
1.820502e+003,1.955944e-002
1.820984e+003,1.963531e-002
1.821467e+003,1.970498e-002
1.821949e+003,1.974807e-002
1.822431e+003,1.974729e-002
1.822913e+003,1.970075e-002
1.823395e+003,1.962396e-002
1.823877e+003,1.954664e-002
1.824359e+003,1.949796e-002
1.824842e+003,1.948880e-002
1.825323e+003,1.950529e-002
1.825806e+003,1.951708e-002
1.826288e+003,1.949867e-002
1.826770e+003,1.944432e-002
1.827252e+003,1.936936e-002
1.827734e+003,1.930336e-002
1.828216e+003,1.927661e-002
1.828698e+003,1.930621e-002
1.829181e+003,1.938496e-002
1.829663e+003,1.948238e-002
1.830145e+003,1.956203e-002
1.830627e+003,1.960436e-002
1.831109e+003,1.961668e-002
1.831591e+003,1.962085e-002
1.832073e+003,1.963460e-002
1.832555e+003,1.966005e-002
1.833038e+003,1.968459e-002
1.833520e+003,1.968765e-002
1.834002e+003,1.965334e-002
1.834484e+003,1.958032e-002
1.834966e+003,1.948496e-002
1.835448e+003,1.939604e-002
1.835930e+003,1.933881e-002
1.836412e+003,1.932350e-002
1.836895e+003,1.933824e-002
1.837377e+003,1.935860e-002
1.837859e+003,1.935931e-002
1.838341e+003,1.933131e-002
1.838823e+003,1.928283e-002
1.839305e+003,1.923276e-002
1.839787e+003,1.919933e-002
1.840270e+003,1.918644e-002
1.840751e+003,1.918278e-002
1.841234e+003,1.916812e-002
1.841716e+003,1.912376e-002
1.842198e+003,1.904551e-002
1.842680e+003,1.894995e-002
1.843162e+003,1.887256e-002
1.843644e+003,1.884941e-002
1.844126e+003,1.889331e-002
1.844609e+003,1.897980e-002
1.845091e+003,1.906414e-002
1.845573e+003,1.911102e-002
1.846055e+003,1.911294e-002
1.846537e+003,1.908830e-002
1.847019e+003,1.906727e-002
1.847501e+003,1.907250e-002
1.847983e+003,1.910920e-002
1.848466e+003,1.916199e-002
1.848948e+003,1.920513e-002
1.849430e+003,1.921679e-002
1.849912e+003,1.919311e-002
1.850394e+003,1.914933e-002
1.850876e+003,1.911123e-002
1.851358e+003,1.910038e-002
1.851840e+003,1.912207e-002
1.852323e+003,1.916249e-002
1.852805e+003,1.919665e-002
1.853287e+003,1.920203e-002
1.853769e+003,1.917224e-002
1.854251e+003,1.912104e-002
1.854733e+003,1.907422e-002
1.855215e+003,1.905501e-002
1.855698e+003,1.907142e-002
1.856179e+003,1.911215e-002
1.856662e+003,1.915384e-002
1.857144e+003,1.917431e-002
1.857626e+003,1.916555e-002
1.858108e+003,1.913717e-002
1.858590e+003,1.911017e-002
1.859072e+003,1.910131e-002
1.859554e+003,1.911314e-002
1.860037e+003,1.913065e-002
1.860519e+003,1.913024e-002
1.861001e+003,1.909517e-002
1.861483e+003,1.902705e-002
1.861965e+003,1.894741e-002
1.862447e+003,1.888751e-002
1.862929e+003,1.887135e-002
1.863411e+003,1.890304e-002
1.863894e+003,1.896350e-002
1.864376e+003,1.902089e-002
1.864858e+003,1.904631e-002
1.865340e+003,1.902725e-002
1.865822e+003,1.897407e-002
1.866304e+003,1.891554e-002
1.866786e+003,1.888320e-002
1.867268e+003,1.889599e-002
1.867750e+003,1.894623e-002
1.868233e+003,1.900568e-002
1.868715e+003,1.904291e-002
1.869197e+003,1.904573e-002
1.869679e+003,1.902896e-002
1.870161e+003,1.901889e-002
1.870643e+003,1.903287e-002
1.871125e+003,1.906754e-002
1.871608e+003,1.910223e-002
1.872090e+003,1.911166e-002
1.872572e+003,1.908126e-002
1.873054e+003,1.901578e-002
1.873536e+003,1.894042e-002
1.874018e+003,1.888810e-002
1.874500e+003,1.888272e-002
1.874982e+003,1.892649e-002
1.875465e+003,1.899496e-002
1.875947e+003,1.905177e-002
1.876429e+003,1.906608e-002
1.876911e+003,1.903049e-002
1.877393e+003,1.896362e-002
1.877875e+003,1.890073e-002
1.878357e+003,1.887482e-002
1.878839e+003,1.889827e-002
1.879322e+003,1.895774e-002
1.879804e+003,1.902265e-002
1.880286e+003,1.906356e-002
1.880768e+003,1.906845e-002
1.881250e+003,1.904877e-002
1.881732e+003,1.903049e-002
1.882214e+003,1.903894e-002
1.882697e+003,1.908162e-002
1.883178e+003,1.914336e-002
1.883661e+003,1.919489e-002
1.884143e+003,1.920850e-002
1.884625e+003,1.917513e-002
1.885107e+003,1.910861e-002
1.885589e+003,1.903963e-002
1.886071e+003,1.899628e-002
1.886553e+003,1.899083e-002
1.887036e+003,1.901354e-002
1.887518e+003,1.904131e-002
1.888000e+003,1.905213e-002
1.888482e+003,1.903893e-002
1.888964e+003,1.901535e-002
1.889446e+003,1.900842e-002
1.889928e+003,1.903724e-002
1.890410e+003,1.909825e-002
1.890893e+003,1.916418e-002
1.891375e+003,1.920056e-002
1.891857e+003,1.918659e-002
1.892339e+003,1.912634e-002
1.892821e+003,1.904744e-002
1.893303e+003,1.898957e-002
1.893785e+003,1.898387e-002
1.894267e+003,1.903804e-002
1.894750e+003,1.912872e-002
1.895232e+003,1.921420e-002
1.895714e+003,1.925734e-002
1.896196e+003,1.924661e-002
1.896678e+003,1.920068e-002
1.897160e+003,1.915506e-002
1.897642e+003,1.913881e-002
1.898125e+003,1.915900e-002
1.898606e+003,1.919509e-002
1.899089e+003,1.921214e-002
1.899571e+003,1.917901e-002
1.900053e+003,1.908826e-002
1.900535e+003,1.895894e-002
1.901017e+003,1.882841e-002
1.901499e+003,1.873212e-002
1.901981e+003,1.868323e-002
1.902464e+003,1.867004e-002
1.902946e+003,1.866336e-002
1.903428e+003,1.863803e-002
1.903910e+003,1.858842e-002
1.904392e+003,1.853292e-002
1.904874e+003,1.850282e-002
1.905356e+003,1.852042e-002
1.905838e+003,1.858549e-002
1.906321e+003,1.866900e-002
1.906803e+003,1.872956e-002
1.907285e+003,1.873449e-002
1.907767e+003,1.867877e-002
1.908249e+003,1.859154e-002
1.908731e+003,1.852308e-002
1.909213e+003,1.851638e-002
1.909695e+003,1.858511e-002
1.910177e+003,1.870399e-002
1.910660e+003,1.882637e-002
1.911142e+003,1.891145e-002
1.911624e+003,1.894584e-002
1.912106e+003,1.894685e-002
1.912588e+003,1.894995e-002
1.913070e+003,1.898359e-002
1.913552e+003,1.905110e-002
1.914034e+003,1.912663e-002
1.914517e+003,1.916877e-002
1.914999e+003,1.914231e-002
1.915481e+003,1.903997e-002
1.915963e+003,1.888746e-002
1.916445e+003,1.873555e-002
1.916927e+003,1.863477e-002
1.917409e+003,1.860750e-002
1.917892e+003,1.863245e-002
1.918374e+003,1.865689e-002
1.918856e+003,1.863174e-002
1.919338e+003,1.854005e-002
1.919820e+003,1.840397e-002
1.920302e+003,1.826882e-002
1.920784e+003,1.817420e-002
1.921266e+003,1.813706e-002
1.921749e+003,1.813927e-002
1.922231e+003,1.814076e-002
1.922713e+003,1.810280e-002
1.923195e+003,1.801448e-002
1.923677e+003,1.790177e-002
1.924159e+003,1.781305e-002
1.924641e+003,1.778696e-002
1.925123e+003,1.782987e-002
1.925605e+003,1.791255e-002
1.926088e+003,1.798719e-002
1.926570e+003,1.801302e-002
1.927052e+003,1.797793e-002
1.927534e+003,1.790608e-002
1.928016e+003,1.784458e-002
1.928498e+003,1.783553e-002
1.928980e+003,1.789275e-002
1.929462e+003,1.798977e-002
1.929945e+003,1.807797e-002
1.930427e+003,1.811196e-002
1.930909e+003,1.807797e-002
1.931391e+003,1.800089e-002
1.931873e+003,1.793161e-002
1.932355e+003,1.791745e-002
1.932837e+003,1.797158e-002
1.933320e+003,1.806539e-002
1.933802e+003,1.814270e-002
1.934284e+003,1.815188e-002
1.934766e+003,1.807492e-002
1.935248e+003,1.793818e-002
1.935730e+003,1.779857e-002
1.936212e+003,1.771088e-002
1.936694e+003,1.769773e-002
1.937177e+003,1.773524e-002
1.937659e+003,1.776824e-002
1.938141e+003,1.774131e-002
1.938623e+003,1.762916e-002
1.939105e+003,1.744710e-002
1.939587e+003,1.724249e-002
1.940069e+003,1.706577e-002
1.940551e+003,1.694385e-002
1.941033e+003,1.686735e-002
1.941516e+003,1.680151e-002
1.941998e+003,1.671897e-002
1.942480e+003,1.662643e-002
1.942962e+003,1.657363e-002
1.943444e+003,1.662418e-002
1.943926e+003,1.681337e-002
1.944408e+003,1.711702e-002
1.944890e+003,1.745948e-002
1.945373e+003,1.774392e-002
1.945855e+003,1.789279e-002
1.946337e+003,1.788385e-002
1.946819e+003,1.775665e-002
1.947301e+003,1.759436e-002
1.947783e+003,1.747906e-002
1.948265e+003,1.744965e-002
1.948748e+003,1.748811e-002
1.949229e+003,1.753793e-002
1.949712e+003,1.754372e-002
1.950194e+003,1.748823e-002
1.950676e+003,1.740288e-002
1.951158e+003,1.735182e-002
1.951640e+003,1.738944e-002
1.952122e+003,1.752321e-002
1.952604e+003,1.769988e-002
1.953087e+003,1.783179e-002
1.953569e+003,1.783904e-002
1.954051e+003,1.769005e-002
1.954533e+003,1.741892e-002
1.955015e+003,1.710728e-002
1.955497e+003,1.683817e-002
1.955979e+003,1.664911e-002
1.956461e+003,1.651731e-002
1.956944e+003,1.638050e-002
1.957426e+003,1.618342e-002
1.957908e+003,1.592191e-002
1.958390e+003,1.565606e-002
1.958872e+003,1.548500e-002
1.959354e+003,1.549205e-002
1.959836e+003,1.569143e-002
1.960318e+003,1.600942e-002
1.960801e+003,1.632331e-002
1.961283e+003,1.651567e-002
1.961765e+003,1.653484e-002
1.962247e+003,1.641316e-002
1.962729e+003,1.624205e-002
1.963211e+003,1.611657e-002
1.963693e+003,1.607537e-002
1.964176e+003,1.608475e-002
1.964657e+003,1.606449e-002
1.965140e+003,1.594503e-002
1.965622e+003,1.572243e-002
1.966104e+003,1.546747e-002
1.966586e+003,1.530765e-002
1.967068e+003,1.534021e-002
1.967550e+003,1.557405e-002
1.968032e+003,1.590951e-002
1.968515e+003,1.619673e-002
1.968997e+003,1.631759e-002
1.969479e+003,1.624357e-002
1.969961e+003,1.605238e-002
1.970443e+003,1.588636e-002
1.970925e+003,1.587228e-002
1.971407e+003,1.605911e-002
1.971889e+003,1.638885e-002
1.972372e+003,1.673553e-002
1.972854e+003,1.697102e-002
1.973336e+003,1.703839e-002
1.973818e+003,1.697324e-002
1.974300e+003,1.688978e-002
1.974782e+003,1.691059e-002
1.975264e+003,1.710058e-002
1.975746e+003,1.744641e-002
1.976229e+003,1.788521e-002
1.976711e+003,1.835709e-002
1.977193e+003,1.886214e-002
1.977675e+003,1.944782e-002
1.978157e+003,2.017233e-002
1.978639e+003,2.103456e-002
1.979121e+003,2.193925e-002
1.979604e+003,2.272535e-002
1.980085e+003,2.323142e-002
1.980568e+003,2.336573e-002
1.981050e+003,2.314954e-002
1.981532e+003,2.270678e-002
1.982014e+003,2.221219e-002
1.982496e+003,2.181353e-002
1.982978e+003,2.156926e-002
1.983460e+003,2.143455e-002
1.983943e+003,2.130614e-002
1.984425e+003,2.108509e-002
1.984907e+003,2.074150e-002
1.985389e+003,2.032083e-002
1.985871e+003,1.992529e-002
1.986353e+003,1.964991e-002
1.986835e+003,1.953117e-002
1.987317e+003,1.952971e-002
1.987800e+003,1.956221e-002
1.988282e+003,1.955320e-002
1.988764e+003,1.948434e-002
1.989246e+003,1.940096e-002
1.989728e+003,1.938395e-002
1.990210e+003,1.949271e-002
1.990692e+003,1.971706e-002
1.991174e+003,1.996891e-002
1.991656e+003,2.012253e-002
1.992139e+003,2.008180e-002
1.992621e+003,1.983681e-002
1.993103e+003,1.947275e-002
1.993585e+003,1.912886e-002
1.994067e+003,1.892108e-002
1.994549e+003,1.888269e-002
1.995031e+003,1.896779e-002
1.995514e+003,1.907815e-002
1.995996e+003,1.912812e-002
1.996478e+003,1.908926e-002
1.996960e+003,1.900364e-002
1.997442e+003,1.895919e-002
1.997924e+003,1.902953e-002
1.998406e+003,1.922664e-002
1.998888e+003,1.948260e-002
1.999371e+003,1.968129e-002
1.999853e+003,1.971926e-002
2.000335e+003,1.955574e-002
2.000817e+003,1.922997e-002
2.001299e+003,1.884006e-002
2.001781e+003,1.848388e-002
2.002263e+003,1.820531e-002
2.002745e+003,1.797133e-002
2.003228e+003,1.770500e-002
2.003710e+003,1.734176e-002
2.004192e+003,1.688580e-002
2.004674e+003,1.642642e-002
2.005156e+003,1.610985e-002
2.005638e+003,1.606126e-002
2.006120e+003,1.631222e-002
2.006603e+003,1.678010e-002
2.007084e+003,1.730150e-002
2.007567e+003,1.771762e-002
2.008049e+003,1.794563e-002
2.008531e+003,1.801414e-002
2.009013e+003,1.803199e-002
2.009495e+003,1.811959e-002
2.009977e+003,1.832999e-002
2.010459e+003,1.862253e-002
2.010942e+003,1.889406e-002
2.011424e+003,1.904510e-002
2.011906e+003,1.903768e-002
2.012388e+003,1.891924e-002
2.012870e+003,1.879954e-002
2.013352e+003,1.878114e-002
2.013834e+003,1.889983e-002
2.014316e+003,1.909848e-002
2.014799e+003,1.925843e-002
2.015281e+003,1.926754e-002
2.015763e+003,1.908223e-002
2.016245e+003,1.875454e-002
2.016727e+003,1.841249e-002
2.017209e+003,1.818833e-002
2.017691e+003,1.814326e-002
2.018173e+003,1.824044e-002
2.018656e+003,1.837901e-002
2.019138e+003,1.846436e-002
2.019620e+003,1.846767e-002
2.020102e+003,1.844269e-002
2.020584e+003,1.848894e-002
2.021066e+003,1.868945e-002
2.021548e+003,1.904691e-002
2.022031e+003,1.946811e-002
2.022512e+003,1.981224e-002
2.022995e+003,1.995279e-002
2.023477e+003,1.985001e-002
2.023959e+003,1.956381e-002
2.024441e+003,1.922855e-002
2.024923e+003,1.898272e-002
2.025405e+003,1.889103e-002
2.025887e+003,1.892228e-002
2.026370e+003,1.898276e-002
2.026852e+003,1.898591e-002
2.027334e+003,1.890799e-002
2.027816e+003,1.881145e-002
2.028298e+003,1.880871e-002
2.028780e+003,1.899202e-002
2.029262e+003,1.937297e-002
2.029744e+003,1.986156e-002
2.030227e+003,2.031629e-002
2.030709e+003,2.061379e-002
2.031191e+003,2.071114e-002
2.031673e+003,2.067023e-002
2.032155e+003,2.062365e-002
2.032637e+003,2.069734e-002
2.033119e+003,2.094532e-002
2.033601e+003,2.131516e-002
2.034083e+003,2.168815e-002
2.034566e+003,2.194398e-002
2.035048e+003,2.202875e-002
2.035530e+003,2.197312e-002
2.036012e+003,2.186940e-002
2.036494e+003,2.181061e-002
2.036976e+003,2.183154e-002
2.037458e+003,2.189262e-002
2.037940e+003,2.191566e-002
2.038423e+003,2.183292e-002
2.038905e+003,2.164305e-002
2.039387e+003,2.141290e-002
2.039869e+003,2.125145e-002
2.040351e+003,2.124982e-002
2.040833e+003,2.142545e-002
2.041315e+003,2.170932e-002
2.041798e+003,2.198321e-002
2.042280e+003,2.213881e-002
2.042762e+003,2.213251e-002
2.043244e+003,2.200191e-002
2.043726e+003,2.183781e-002
2.044208e+003,2.173710e-002
2.044690e+003,2.175021e-002
2.045172e+003,2.186215e-002
2.045655e+003,2.202023e-002
2.046137e+003,2.217950e-002
2.046619e+003,2.234236e-002
2.047101e+003,2.256292e-002
2.047583e+003,2.292084e-002
2.048065e+003,2.346146e-002
2.048547e+003,2.415008e-002
2.049029e+003,2.486970e-002
2.049511e+003,2.545479e-002
2.049994e+003,2.576348e-002
2.050476e+003,2.572876e-002
2.050958e+003,2.538403e-002
2.051440e+003,2.484318e-002
2.051922e+003,2.425232e-002
2.052404e+003,2.373651e-002
2.052886e+003,2.336718e-002
2.053368e+003,2.315862e-002
2.053851e+003,2.308262e-002
2.054333e+003,2.309999e-002
2.054815e+003,2.317577e-002
2.055297e+003,2.328605e-002
2.055779e+003,2.341367e-002
2.056261e+003,2.353205e-002
2.056743e+003,2.360803e-002
2.057226e+003,2.360636e-002
2.057708e+003,2.351004e-002
2.058190e+003,2.333058e-002
2.058672e+003,2.311301e-002
2.059154e+003,2.291729e-002
2.059636e+003,2.279531e-002
2.060118e+003,2.276760e-002
2.060600e+003,2.281691e-002
2.061083e+003,2.289945e-002
2.061565e+003,2.297278e-002
2.062047e+003,2.301426e-002
2.062529e+003,2.302672e-002
2.063011e+003,2.303274e-002
2.063493e+003,2.305208e-002
2.063975e+003,2.308715e-002
2.064457e+003,2.311676e-002
2.064939e+003,2.311120e-002
2.065422e+003,2.305466e-002
2.065904e+003,2.296130e-002
2.066386e+003,2.287444e-002
2.066868e+003,2.284823e-002
2.067350e+003,2.292095e-002
2.067832e+003,2.309036e-002
2.068314e+003,2.331678e-002
2.068796e+003,2.353751e-002
2.069279e+003,2.369475e-002
2.069761e+003,2.376351e-002
2.070243e+003,2.375636e-002
2.070725e+003,2.371646e-002
2.071207e+003,2.369189e-002
2.071689e+003,2.371263e-002
2.072171e+003,2.377518e-002
2.072654e+003,2.385362e-002
2.073135e+003,2.391511e-002
2.073618e+003,2.394135e-002
2.074100e+003,2.393604e-002
2.074582e+003,2.391958e-002
2.075064e+003,2.391589e-002
2.075546e+003,2.393607e-002
2.076028e+003,2.397229e-002
2.076510e+003,2.400569e-002
2.076993e+003,2.402166e-002
2.077475e+003,2.402051e-002
2.077957e+003,2.402022e-002
2.078439e+003,2.404524e-002
2.078921e+003,2.410989e-002
2.079403e+003,2.420593e-002
2.079885e+003,2.430335e-002
2.080367e+003,2.436429e-002
2.080850e+003,2.435946e-002
2.081332e+003,2.428660e-002
2.081814e+003,2.417051e-002
2.082296e+003,2.405068e-002
2.082778e+003,2.396377e-002
2.083260e+003,2.392402e-002
2.083742e+003,2.392034e-002
2.084224e+003,2.392503e-002
2.084707e+003,2.391255e-002
2.085189e+003,2.387608e-002
2.085671e+003,2.382718e-002
2.086153e+003,2.379160e-002
2.086635e+003,2.378958e-002
2.087117e+003,2.382326e-002
2.087599e+003,2.387038e-002
2.088082e+003,2.389600e-002
2.088563e+003,2.386812e-002
2.089046e+003,2.377428e-002
2.089528e+003,2.362449e-002
2.090010e+003,2.344594e-002
2.090492e+003,2.326657e-002
2.090974e+003,2.310150e-002
2.091456e+003,2.294732e-002
2.091938e+003,2.279275e-002
2.092421e+003,2.263252e-002
2.092903e+003,2.247928e-002
2.093385e+003,2.236380e-002
2.093867e+003,2.232388e-002
2.094349e+003,2.238385e-002
2.094831e+003,2.253919e-002
2.095313e+003,2.275513e-002
2.095795e+003,2.297748e-002
2.096278e+003,2.315916e-002
2.096760e+003,2.327874e-002
2.097242e+003,2.334447e-002
2.097724e+003,2.338685e-002
2.098206e+003,2.343887e-002
2.098688e+003,2.351504e-002
2.099170e+003,2.360602e-002
2.099652e+003,2.368734e-002
2.100135e+003,2.373413e-002
2.100617e+003,2.373779e-002
2.101099e+003,2.370973e-002
2.101581e+003,2.367415e-002
2.102063e+003,2.365363e-002
2.102545e+003,2.365334e-002
2.103027e+003,2.365977e-002
2.103510e+003,2.365031e-002
2.103991e+003,2.360944e-002
2.104474e+003,2.354166e-002
2.104956e+003,2.347384e-002
2.105438e+003,2.344186e-002
2.105920e+003,2.347292e-002
2.106402e+003,2.356982e-002
2.106884e+003,2.370681e-002
2.107366e+003,2.384359e-002
2.107849e+003,2.394375e-002
2.108331e+003,2.399347e-002
2.108813e+003,2.400498e-002
2.109295e+003,2.400875e-002
2.109777e+003,2.403412e-002
2.110259e+003,2.409309e-002
2.110741e+003,2.417319e-002
2.111223e+003,2.424673e-002
2.111706e+003,2.428870e-002
2.112188e+003,2.428871e-002
2.112670e+003,2.425817e-002
2.113152e+003,2.422179e-002
2.113634e+003,2.419992e-002
2.114116e+003,2.419595e-002
2.114598e+003,2.419017e-002
2.115080e+003,2.415014e-002
2.115563e+003,2.405008e-002
2.116045e+003,2.388443e-002
2.116527e+003,2.367526e-002
2.117009e+003,2.346123e-002
2.117491e+003,2.328061e-002
2.117973e+003,2.315226e-002
2.118455e+003,2.306857e-002
2.118938e+003,2.300262e-002
2.119420e+003,2.292441e-002
2.119902e+003,2.281787e-002
2.120384e+003,2.269033e-002
2.120866e+003,2.256506e-002
2.121348e+003,2.246676e-002
2.121830e+003,2.240588e-002
2.122312e+003,2.236939e-002
2.122794e+003,2.232648e-002
2.123277e+003,2.224708e-002
2.123759e+003,2.211518e-002
2.124241e+003,2.193919e-002
2.124723e+003,2.174435e-002
2.125205e+003,2.155926e-002
2.125687e+003,2.139625e-002
2.126169e+003,2.124596e-002
2.126651e+003,2.108055e-002
2.127134e+003,2.087285e-002
2.127616e+003,2.061053e-002
2.128098e+003,2.030644e-002
2.128580e+003,1.998941e-002
2.129062e+003,1.969144e-002
2.129544e+003,1.942427e-002
2.130026e+003,1.917536e-002
2.130509e+003,1.891473e-002
2.130990e+003,1.861560e-002
2.131473e+003,1.827729e-002
2.131955e+003,1.793494e-002
2.132437e+003,1.765111e-002
2.132919e+003,1.749181e-002
2.133401e+003,1.749728e-002
2.133883e+003,1.766164e-002
2.134365e+003,1.793662e-002
2.134848e+003,1.825263e-002
2.135330e+003,1.854695e-002
2.135812e+003,1.878350e-002
2.136294e+003,1.895693e-002
2.136776e+003,1.908246e-002
2.137258e+003,1.917439e-002
2.137740e+003,1.923041e-002
2.138222e+003,1.923692e-002
2.138705e+003,1.918519e-002
2.139187e+003,1.908713e-002
2.139669e+003,1.898065e-002
2.140151e+003,1.891863e-002
2.140633e+003,1.894316e-002
2.141115e+003,1.906104e-002
2.141597e+003,1.923411e-002
2.142079e+003,1.939351e-002
2.142562e+003,1.946863e-002
2.143044e+003,1.941812e-002
2.143526e+003,1.924867e-002
2.144008e+003,1.900602e-002
2.144490e+003,1.875244e-002
2.144972e+003,1.853268e-002
2.145454e+003,1.835687e-002
2.145937e+003,1.820373e-002
2.146418e+003,1.804647e-002
2.146901e+003,1.787937e-002
2.147383e+003,1.772674e-002
2.147865e+003,1.763099e-002
2.148347e+003,1.763423e-002
2.148829e+003,1.773556e-002
2.149311e+003,1.788885e-002
2.149793e+003,1.801551e-002
2.150276e+003,1.804250e-002
2.150758e+003,1.793409e-002
2.151240e+003,1.770351e-002
2.151722e+003,1.740490e-002
2.152204e+003,1.709551e-002
2.152686e+003,1.679719e-002
2.153168e+003,1.647414e-002
2.153650e+003,1.605023e-002
2.154133e+003,1.544620e-002
2.154615e+003,1.462798e-002
2.155097e+003,1.363939e-002
2.155579e+003,1.260762e-002
2.156061e+003,1.170657e-002
2.156543e+003,1.111333e-002
2.157025e+003,1.096597e-002
2.157507e+003,1.134309e-002
2.157990e+003,1.227725e-002
2.158472e+003,1.374631e-002
2.158954e+003,1.566638e-002
2.159436e+003,1.787233e-002
2.159918e+003,2.013182e-002
2.160400e+003,2.217858e-002
2.160882e+003,2.378756e-002
2.161365e+003,2.482759e-002
2.161846e+003,2.529043e-002
2.162329e+003,2.528635e-002
2.162811e+003,2.500330e-002
2.163293e+003,2.464891e-002
2.163775e+003,2.439028e-002
2.164257e+003,2.430557e-002
2.164739e+003,2.437723e-002
2.165221e+003,2.452912e-002
2.165704e+003,2.467829e-002
2.166186e+003,2.477198e-002
2.166668e+003,2.480322e-002
2.167150e+003,2.479473e-002
2.167632e+003,2.476928e-002
2.168114e+003,2.472464e-002
2.168596e+003,2.462820e-002
2.169078e+003,2.444004e-002
2.169561e+003,2.414303e-002
2.170043e+003,2.375898e-002
2.170525e+003,2.334248e-002
2.171007e+003,2.296681e-002
2.171489e+003,2.267721e-002
2.171971e+003,2.247814e-002
2.172453e+003,2.233283e-002
2.172935e+003,2.219581e-002
2.173417e+003,2.204946e-002
2.173900e+003,2.192201e-002
2.174382e+003,2.188255e-002
2.174864e+003,2.200099e-002
2.175346e+003,2.230190e-002
2.175828e+003,2.273205e-002
2.176310e+003,2.316879e-002
2.176792e+003,2.346637e-002
2.177274e+003,2.351779e-002
2.177757e+003,2.329873e-002
2.178239e+003,2.287576e-002
2.178721e+003,2.237960e-002
2.179203e+003,2.195280e-002
2.179685e+003,2.168967e-002
2.180167e+003,2.161620e-002
2.180649e+003,2.170030e-002
2.181132e+003,2.188628e-002
2.181614e+003,2.213520e-002
2.182096e+003,2.244188e-002
2.182578e+003,2.282131e-002
2.183060e+003,2.329016e-002
2.183542e+003,2.382970e-002
2.184024e+003,2.438522e-002
2.184506e+003,2.488081e-002
2.184989e+003,2.525396e-002
2.185471e+003,2.548214e-002
2.185953e+003,2.558657e-002
2.186435e+003,2.562236e-002
2.186917e+003,2.564751e-002
2.187399e+003,2.569375e-002
2.187881e+003,2.575728e-002
2.188363e+003,2.581392e-002
2.188845e+003,2.583965e-002
2.189328e+003,2.583126e-002
2.189810e+003,2.581092e-002
2.190292e+003,2.580535e-002
2.190774e+003,2.582953e-002
2.191256e+003,2.586155e-002
2.191738e+003,2.585074e-002
2.192220e+003,2.574157e-002
2.192702e+003,2.550214e-002
2.193185e+003,2.515259e-002
2.193667e+003,2.475938e-002
2.194149e+003,2.441054e-002
2.194631e+003,2.418190e-002
2.195113e+003,2.409986e-002
2.195595e+003,2.413596e-002
2.196077e+003,2.422508e-002
2.196560e+003,2.430124e-002
2.197042e+003,2.432719e-002
2.197524e+003,2.430683e-002
2.198006e+003,2.427198e-002
2.198488e+003,2.426004e-002
2.198970e+003,2.428823e-002
2.199452e+003,2.433811e-002
2.199934e+003,2.437507e-002
2.200417e+003,2.436725e-002
2.200899e+003,2.430878e-002
2.201381e+003,2.422291e-002
2.201863e+003,2.414949e-002
2.202345e+003,2.412185e-002
2.202827e+003,2.414181e-002
2.203309e+003,2.418056e-002
2.203791e+003,2.419394e-002
2.204273e+003,2.414650e-002
2.204756e+003,2.403911e-002
2.205238e+003,2.390838e-002
2.205720e+003,2.381380e-002
2.206202e+003,2.380762e-002
2.206684e+003,2.390719e-002
2.207166e+003,2.408729e-002
2.207648e+003,2.429443e-002
2.208130e+003,2.447354e-002
2.208613e+003,2.459608e-002
2.209095e+003,2.466678e-002
2.209577e+003,2.471611e-002
2.210059e+003,2.478312e-002
2.210541e+003,2.488436e-002
2.211023e+003,2.500896e-002
2.211505e+003,2.512603e-002
2.211988e+003,2.520344e-002
2.212469e+003,2.523023e-002
2.212952e+003,2.521841e-002
2.213434e+003,2.519869e-002
2.213916e+003,2.519778e-002
2.214398e+003,2.522300e-002
2.214880e+003,2.525200e-002
2.215362e+003,2.524837e-002
2.215844e+003,2.518144e-002
2.216327e+003,2.504393e-002
2.216809e+003,2.485994e-002
2.217291e+003,2.467358e-002
2.217773e+003,2.452614e-002
2.218255e+003,2.443904e-002
2.218737e+003,2.440153e-002
2.219219e+003,2.438473e-002
2.219701e+003,2.436038e-002
2.220184e+003,2.431905e-002
2.220666e+003,2.427837e-002
2.221148e+003,2.427172e-002
2.221630e+003,2.432983e-002
2.222112e+003,2.445918e-002
2.222594e+003,2.463664e-002
2.223076e+003,2.481874e-002
2.223558e+003,2.495802e-002
2.224041e+003,2.503005e-002
2.224523e+003,2.503578e-002
2.225005e+003,2.499967e-002
2.225487e+003,2.495560e-002
2.225969e+003,2.492695e-002
2.226451e+003,2.491789e-002
2.226933e+003,2.491867e-002
2.227416e+003,2.491422e-002
2.227897e+003,2.489946e-002
2.228380e+003,2.488288e-002
2.228862e+003,2.487940e-002
2.229344e+003,2.490312e-002
2.229826e+003,2.495179e-002
2.230308e+003,2.500799e-002
2.230790e+003,2.504905e-002
2.231272e+003,2.505947e-002
2.231755e+003,2.504439e-002
2.232237e+003,2.502537e-002
2.232719e+003,2.503282e-002
2.233201e+003,2.508690e-002
2.233683e+003,2.518718e-002
2.234165e+003,2.530985e-002
2.234647e+003,2.542112e-002
2.235129e+003,2.549601e-002
2.235612e+003,2.553056e-002
2.236094e+003,2.554527e-002
2.236576e+003,2.557109e-002
2.237058e+003,2.563505e-002
2.237540e+003,2.573992e-002
2.238022e+003,2.586228e-002
2.238504e+003,2.596474e-002
2.238986e+003,2.601308e-002
2.239469e+003,2.599620e-002
2.239951e+003,2.592885e-002
2.240433e+003,2.584692e-002
2.240915e+003,2.578980e-002
2.241397e+003,2.577956e-002
2.241879e+003,2.581371e-002
2.242361e+003,2.586908e-002
2.242844e+003,2.591501e-002
2.243326e+003,2.593013e-002
2.243808e+003,2.591028e-002
2.244290e+003,2.586606e-002
2.244772e+003,2.581677e-002
2.245254e+003,2.577419e-002
2.245736e+003,2.573809e-002
2.246218e+003,2.570174e-002
2.246700e+003,2.565719e-002
2.247183e+003,2.560713e-002
2.247665e+003,2.556492e-002
2.248147e+003,2.555067e-002
2.248629e+003,2.557833e-002
2.249111e+003,2.564639e-002
2.249593e+003,2.573553e-002
2.250075e+003,2.581584e-002
2.250557e+003,2.586179e-002
2.251040e+003,2.586542e-002
2.251522e+003,2.583833e-002
2.252004e+003,2.580992e-002
2.252486e+003,2.581544e-002
2.252968e+003,2.587739e-002
2.253450e+003,2.600207e-002
2.253932e+003,2.617813e-002
2.254415e+003,2.638500e-002
2.254896e+003,2.660266e-002
2.255379e+003,2.681662e-002
2.255861e+003,2.701619e-002
2.256343e+003,2.719366e-002
2.256825e+003,2.733580e-002
2.257307e+003,2.742693e-002
2.257789e+003,2.745272e-002
2.258271e+003,2.741080e-002
2.258754e+003,2.731260e-002
2.259236e+003,2.718389e-002
2.259718e+003,2.705545e-002
2.260200e+003,2.695176e-002
2.260682e+003,2.688153e-002
2.261164e+003,2.683682e-002
2.261646e+003,2.680180e-002
2.262128e+003,2.676200e-002
2.262611e+003,2.671855e-002
2.263093e+003,2.668588e-002
2.263575e+003,2.668740e-002
2.264057e+003,2.674496e-002
2.264539e+003,2.686570e-002
2.265021e+003,2.703949e-002
2.265503e+003,2.724349e-002
2.265985e+003,2.745054e-002
2.266468e+003,2.764157e-002
2.266950e+003,2.780684e-002
2.267432e+003,2.794491e-002
2.267914e+003,2.805700e-002
2.268396e+003,2.813883e-002
2.268878e+003,2.818024e-002
2.269360e+003,2.817246e-002
2.269843e+003,2.811335e-002
2.270324e+003,2.801647e-002
2.270807e+003,2.790925e-002
2.271289e+003,2.782484e-002
2.271771e+003,2.779358e-002
2.272253e+003,2.782844e-002
2.272735e+003,2.792358e-002
2.273217e+003,2.805752e-002
2.273699e+003,2.820346e-002
2.274182e+003,2.833877e-002
2.274664e+003,2.845082e-002
2.275146e+003,2.853568e-002
2.275628e+003,2.859559e-002
2.276110e+003,2.863223e-002
2.276592e+003,2.864459e-002
2.277074e+003,2.863310e-002
2.277556e+003,2.860234e-002
2.278039e+003,2.856450e-002
2.278521e+003,2.853799e-002
2.279003e+003,2.854154e-002
2.279485e+003,2.858536e-002
2.279967e+003,2.866784e-002
2.280449e+003,2.877472e-002
2.280931e+003,2.888755e-002
2.281413e+003,2.899095e-002
2.281896e+003,2.908077e-002
2.282378e+003,2.916378e-002
2.282860e+003,2.925267e-002
2.283342e+003,2.935891e-002
2.283824e+003,2.948352e-002
2.284306e+003,2.961606e-002
2.284788e+003,2.973931e-002
2.285271e+003,2.983626e-002
2.285752e+003,2.989867e-002
2.286235e+003,2.992778e-002
2.286717e+003,2.993284e-002
2.287199e+003,2.992642e-002
2.287681e+003,2.991492e-002
2.288163e+003,2.989809e-002
2.288645e+003,2.987110e-002
2.289127e+003,2.982800e-002
2.289610e+003,2.976783e-002
2.290092e+003,2.969600e-002
2.290574e+003,2.962155e-002
2.291056e+003,2.955365e-002
2.291538e+003,2.949480e-002
2.292020e+003,2.943991e-002
2.292502e+003,2.938038e-002
2.292984e+003,2.930753e-002
2.293467e+003,2.921837e-002
2.293949e+003,2.911659e-002
2.294431e+003,2.901234e-002
2.294913e+003,2.891573e-002
2.295395e+003,2.883279e-002
2.295877e+003,2.876352e-002
2.296359e+003,2.870417e-002
2.296841e+003,2.865012e-002
2.297323e+003,2.860075e-002
2.297806e+003,2.856013e-002
2.298288e+003,2.853502e-002
2.298770e+003,2.853066e-002
2.299252e+003,2.854644e-002
2.299734e+003,2.857517e-002
2.300216e+003,2.860641e-002
2.300698e+003,2.863084e-002
2.301180e+003,2.864469e-002
2.301663e+003,2.865163e-002
2.302145e+003,2.865999e-002
2.302627e+003,2.867800e-002
2.303109e+003,2.870906e-002
2.303591e+003,2.874955e-002
2.304073e+003,2.879132e-002
2.304555e+003,2.882564e-002
2.305038e+003,2.884787e-002
2.305520e+003,2.885908e-002
2.306002e+003,2.886590e-002
2.306484e+003,2.887454e-002
2.306966e+003,2.888867e-002
2.307448e+003,2.890589e-002
2.307930e+003,2.892058e-002
2.308412e+003,2.892733e-002
2.308895e+003,2.892637e-002
2.309377e+003,2.892240e-002
2.309859e+003,2.892522e-002
2.310341e+003,2.894417e-002
2.310823e+003,2.898339e-002
2.311305e+003,2.903949e-002
2.311787e+003,2.910469e-002
2.312269e+003,2.916952e-002
2.312751e+003,2.922846e-002
2.313234e+003,2.928111e-002
2.313716e+003,2.933133e-002
2.314198e+003,2.938489e-002
2.314680e+003,2.944338e-002
2.315162e+003,2.950575e-002
2.315644e+003,2.956776e-002
2.316126e+003,2.962616e-002
2.316608e+003,2.968284e-002
2.317091e+003,2.974279e-002
2.317573e+003,2.981423e-002
2.318055e+003,2.990430e-002
2.318537e+003,3.001570e-002
2.319019e+003,3.014909e-002
2.319501e+003,3.030456e-002
2.319983e+003,3.048706e-002
2.320466e+003,3.070707e-002
2.320948e+003,3.097598e-002
2.321430e+003,3.129776e-002
2.321912e+003,3.165692e-002
2.322394e+003,3.201381e-002
2.322876e+003,3.230857e-002
2.323358e+003,3.247522e-002
2.323840e+003,3.246113e-002
2.324323e+003,3.224273e-002
2.324805e+003,3.183269e-002
2.325287e+003,3.127592e-002
2.325769e+003,3.063600e-002
2.326251e+003,2.998193e-002
2.326733e+003,2.937246e-002
2.327215e+003,2.884998e-002
2.327697e+003,2.843536e-002
2.328179e+003,2.813162e-002
2.328662e+003,2.792787e-002
2.329144e+003,2.780482e-002
2.329626e+003,2.773973e-002
2.330108e+003,2.770999e-002
2.330590e+003,2.769565e-002
2.331072e+003,2.768289e-002
2.331554e+003,2.766424e-002
2.332036e+003,2.763986e-002
2.332519e+003,2.761587e-002
2.333001e+003,2.759878e-002
2.333483e+003,2.759352e-002
2.333965e+003,2.759850e-002
2.334447e+003,2.760580e-002
2.334929e+003,2.760474e-002
2.335411e+003,2.758611e-002
2.335894e+003,2.754838e-002
2.336375e+003,2.749767e-002
2.336858e+003,2.744757e-002
2.337340e+003,2.741171e-002
2.337822e+003,2.740009e-002
2.338304e+003,2.741354e-002
2.338786e+003,2.744618e-002
2.339268e+003,2.748760e-002
2.339750e+003,2.752982e-002
2.340233e+003,2.756888e-002
2.340715e+003,2.760683e-002
2.341197e+003,2.764775e-002
2.341679e+003,2.769523e-002
2.342161e+003,2.774909e-002
2.342643e+003,2.780562e-002
2.343125e+003,2.786145e-002
2.343607e+003,2.791419e-002
2.344090e+003,2.796456e-002
2.344572e+003,2.801431e-002
2.345054e+003,2.806368e-002
2.345536e+003,2.810828e-002
2.346018e+003,2.814106e-002
2.346500e+003,2.815500e-002
2.346982e+003,2.814647e-002
2.347464e+003,2.811739e-002
2.347947e+003,2.807335e-002
2.348429e+003,2.802168e-002
2.348911e+003,2.796976e-002
2.349393e+003,2.792062e-002
2.349875e+003,2.787505e-002
2.350357e+003,2.783075e-002
2.350839e+003,2.778500e-002
2.351322e+003,2.773761e-002
2.351803e+003,2.769094e-002
2.352286e+003,2.765025e-002
2.352768e+003,2.762139e-002
2.353250e+003,2.760550e-002
2.353732e+003,2.759770e-002
2.354214e+003,2.759005e-002
2.354696e+003,2.757302e-002
2.355178e+003,2.754387e-002
2.355661e+003,2.750461e-002
2.356143e+003,2.746476e-002
2.356625e+003,2.743285e-002
2.357107e+003,2.741207e-002
2.357589e+003,2.739713e-002
2.358071e+003,2.737753e-002
2.358553e+003,2.734164e-002
2.359035e+003,2.728469e-002
2.359518e+003,2.721014e-002
2.360000e+003,2.712762e-002
2.360482e+003,2.704771e-002
2.360964e+003,2.697509e-002
2.361446e+003,2.690637e-002
2.361928e+003,2.683410e-002
2.362410e+003,2.675183e-002
2.362892e+003,2.666103e-002
2.363375e+003,2.656827e-002
2.363857e+003,2.648672e-002
2.364339e+003,2.642645e-002
2.364821e+003,2.638995e-002
2.365303e+003,2.637065e-002
2.365785e+003,2.635873e-002
2.366267e+003,2.634624e-002
2.366750e+003,2.633222e-002
2.367232e+003,2.632471e-002
2.367714e+003,2.633394e-002
2.368196e+003,2.636916e-002
2.368678e+003,2.642953e-002
2.369160e+003,2.650490e-002
2.369642e+003,2.658015e-002
2.370124e+003,2.664051e-002
2.370606e+003,2.667987e-002
2.371089e+003,2.670013e-002
2.371571e+003,2.671032e-002
2.372053e+003,2.672285e-002
2.372535e+003,2.674506e-002
2.373017e+003,2.677930e-002
2.373499e+003,2.682236e-002
2.373981e+003,2.686858e-002
2.374463e+003,2.691425e-002
2.374946e+003,2.695784e-002
2.375428e+003,2.700024e-002
2.375910e+003,2.704265e-002
2.376392e+003,2.708564e-002
2.376874e+003,2.712695e-002
2.377356e+003,2.716424e-002
2.377838e+003,2.719547e-002
2.378321e+003,2.722145e-002
2.378802e+003,2.724437e-002
2.379285e+003,2.726632e-002
2.379767e+003,2.728852e-002
2.380249e+003,2.730920e-002
2.380731e+003,2.732429e-002
2.381213e+003,2.733014e-002
2.381695e+003,2.732636e-002
2.382177e+003,2.731641e-002
2.382660e+003,2.730768e-002
2.383142e+003,2.730809e-002
2.383624e+003,2.732424e-002
2.384106e+003,2.735799e-002
2.384588e+003,2.740506e-002
2.385070e+003,2.745905e-002
2.385552e+003,2.751281e-002
2.386034e+003,2.756051e-002
2.386517e+003,2.760157e-002
2.386999e+003,2.763662e-002
2.387481e+003,2.766764e-002
2.387963e+003,2.769517e-002
2.388445e+003,2.771758e-002
2.388927e+003,2.773277e-002
2.389409e+003,2.773975e-002
2.389891e+003,2.774047e-002
2.390374e+003,2.774037e-002
2.390856e+003,2.774589e-002
2.391338e+003,2.776165e-002
2.391820e+003,2.778890e-002
2.392302e+003,2.782226e-002
2.392784e+003,2.785491e-002
2.393266e+003,2.787926e-002
2.393749e+003,2.789156e-002
2.394230e+003,2.789285e-002
2.394713e+003,2.788868e-002
2.395195e+003,2.788640e-002
2.395677e+003,2.789234e-002
2.396159e+003,2.790823e-002
2.396641e+003,2.793415e-002
2.397123e+003,2.796637e-002
2.397605e+003,2.800235e-002
2.398088e+003,2.803965e-002
2.398570e+003,2.807738e-002
2.399052e+003,2.811503e-002
2.399534e+003,2.814993e-002
2.400016e+003,2.817829e-002
2.400498e+003,2.819596e-002
2.400980e+003,2.820024e-002
2.401462e+003,2.819151e-002
2.401945e+003,2.817240e-002
2.402427e+003,2.814910e-002
2.402909e+003,2.812653e-002
2.403391e+003,2.810853e-002
2.403873e+003,2.809781e-002
2.404355e+003,2.809624e-002
2.404837e+003,2.810679e-002
2.405319e+003,2.813330e-002
2.405802e+003,2.818128e-002
2.406284e+003,2.825221e-002
2.406766e+003,2.834390e-002
2.407248e+003,2.844760e-002
2.407730e+003,2.855110e-002
2.408212e+003,2.864128e-002
2.408694e+003,2.870994e-002
2.409177e+003,2.875670e-002
2.409658e+003,2.878790e-002
2.410141e+003,2.881344e-002
2.410623e+003,2.884261e-002
2.411105e+003,2.887843e-002
2.411587e+003,2.891739e-002
2.412069e+003,2.895217e-002
2.412551e+003,2.897472e-002
2.413033e+003,2.898109e-002
2.413516e+003,2.897348e-002
2.413998e+003,2.895814e-002
2.414480e+003,2.894213e-002
2.414962e+003,2.893071e-002
2.415444e+003,2.892439e-002
2.415926e+003,2.892013e-002
2.416408e+003,2.891413e-002
2.416890e+003,2.890500e-002
2.417373e+003,2.889504e-002
2.417855e+003,2.888969e-002
2.418337e+003,2.889380e-002
2.418819e+003,2.891011e-002
2.419301e+003,2.893697e-002
2.419783e+003,2.896952e-002
2.420265e+003,2.900364e-002
2.420747e+003,2.903622e-002
2.421229e+003,2.906823e-002
2.421712e+003,2.910231e-002
2.422194e+003,2.914095e-002
2.422676e+003,2.918364e-002
2.423158e+003,2.922733e-002
2.423640e+003,2.926742e-002
2.424122e+003,2.929966e-002
2.424604e+003,2.932425e-002
2.425086e+003,2.934313e-002
2.425569e+003,2.936152e-002
2.426051e+003,2.938307e-002
2.426533e+003,2.940808e-002
2.427015e+003,2.943320e-002
2.427497e+003,2.945500e-002
2.427979e+003,2.947128e-002
2.428461e+003,2.948416e-002
2.428944e+003,2.950086e-002
2.429426e+003,2.952989e-002
2.429908e+003,2.957657e-002
2.430390e+003,2.964058e-002
2.430872e+003,2.971547e-002
2.431354e+003,2.979088e-002
2.431836e+003,2.985680e-002
2.432318e+003,2.990724e-002
2.432801e+003,2.994161e-002
2.433283e+003,2.996438e-002
2.433765e+003,2.997961e-002
2.434247e+003,2.999070e-002
2.434729e+003,2.999630e-002
2.435211e+003,2.999427e-002
2.435693e+003,2.998327e-002
2.436175e+003,2.996621e-002
2.436657e+003,2.994963e-002
2.437140e+003,2.994185e-002
2.437622e+003,2.994952e-002
2.438104e+003,2.997389e-002
2.438586e+003,3.001057e-002
2.439068e+003,3.005126e-002
2.439550e+003,3.008813e-002
2.440032e+003,3.011753e-002
2.440514e+003,3.014013e-002
2.440997e+003,3.016015e-002
2.441479e+003,3.018291e-002
2.441961e+003,3.020927e-002
2.442443e+003,3.023730e-002
2.442925e+003,3.026334e-002
2.443407e+003,3.028439e-002
2.443889e+003,3.030262e-002
2.444372e+003,3.032342e-002
2.444854e+003,3.035425e-002
2.445336e+003,3.040009e-002
2.445818e+003,3.045878e-002
2.446300e+003,3.052260e-002
2.446782e+003,3.057984e-002
2.447264e+003,3.062050e-002
2.447746e+003,3.063998e-002
2.448229e+003,3.064267e-002
2.448711e+003,3.063768e-002
2.449193e+003,3.063645e-002
2.449675e+003,3.064565e-002
2.450157e+003,3.066832e-002
2.450639e+003,3.070034e-002
2.451121e+003,3.073630e-002
2.451604e+003,3.077287e-002
2.452085e+003,3.080986e-002
2.452568e+003,3.084905e-002
2.453050e+003,3.089251e-002
2.453532e+003,3.093892e-002
2.454014e+003,3.098175e-002
2.454496e+003,3.101287e-002
2.454978e+003,3.102491e-002
2.455460e+003,3.101751e-002
2.455943e+003,3.099479e-002
2.456425e+003,3.096727e-002
2.456907e+003,3.094552e-002
2.457389e+003,3.093684e-002
2.457871e+003,3.094216e-002
2.458353e+003,3.095686e-002
2.458835e+003,3.097359e-002
2.459317e+003,3.098696e-002
2.459800e+003,3.099471e-002
2.460282e+003,3.099827e-002
2.460764e+003,3.100015e-002
2.461246e+003,3.100210e-002
2.461728e+003,3.100298e-002
2.462210e+003,3.099973e-002
2.462692e+003,3.099059e-002
2.463174e+003,3.097700e-002
2.463656e+003,3.096390e-002
2.464139e+003,3.095769e-002
2.464621e+003,3.096400e-002
2.465103e+003,3.098276e-002
2.465585e+003,3.100833e-002
2.466067e+003,3.103163e-002
2.466549e+003,3.104300e-002
2.467031e+003,3.103838e-002
2.467513e+003,3.101954e-002
2.467996e+003,3.099420e-002
2.468478e+003,3.097214e-002
2.468960e+003,3.096109e-002
2.469442e+003,3.096335e-002
2.469924e+003,3.097740e-002
2.470406e+003,3.099843e-002
2.470888e+003,3.102294e-002
2.471371e+003,3.105007e-002
2.471853e+003,3.108024e-002
2.472335e+003,3.111505e-002
2.472817e+003,3.115359e-002
2.473299e+003,3.119130e-002
2.473781e+003,3.122287e-002
2.474263e+003,3.124254e-002
2.474745e+003,3.124989e-002
2.475228e+003,3.124957e-002
2.475710e+003,3.124949e-002
2.476192e+003,3.125836e-002
2.476674e+003,3.128143e-002
2.477156e+003,3.131828e-002
2.477638e+003,3.136461e-002
2.478120e+003,3.141290e-002
2.478602e+003,3.145875e-002
2.479084e+003,3.149997e-002
2.479567e+003,3.153824e-002
2.480049e+003,3.157637e-002
2.480531e+003,3.161567e-002
2.481013e+003,3.165518e-002
2.481495e+003,3.169215e-002
2.481977e+003,3.172405e-002
2.482459e+003,3.175114e-002
2.482941e+003,3.177654e-002
2.483424e+003,3.180465e-002
2.483906e+003,3.183898e-002
2.484388e+003,3.187814e-002
2.484870e+003,3.191596e-002
2.485352e+003,3.194411e-002
2.485834e+003,3.195599e-002
2.486316e+003,3.195065e-002
2.486799e+003,3.193292e-002
2.487281e+003,3.191373e-002
2.487763e+003,3.190506e-002
2.488245e+003,3.191463e-002
2.488727e+003,3.194435e-002
2.489209e+003,3.198995e-002
2.489691e+003,3.204441e-002
2.490173e+003,3.210025e-002
2.490656e+003,3.215450e-002
2.491138e+003,3.220699e-002
2.491620e+003,3.226034e-002
2.492102e+003,3.231516e-002
2.492584e+003,3.237034e-002
2.493066e+003,3.242315e-002
2.493548e+003,3.246944e-002
2.494030e+003,3.250841e-002
2.494512e+003,3.254110e-002
2.494995e+003,3.257040e-002
2.495477e+003,3.259816e-002
2.495959e+003,3.262321e-002
2.496441e+003,3.264000e-002
2.496923e+003,3.264255e-002
2.497405e+003,3.262523e-002
2.497887e+003,3.258922e-002
2.498370e+003,3.254203e-002
2.498852e+003,3.249515e-002
2.499334e+003,3.246192e-002
2.499816e+003,3.245085e-002
2.500298e+003,3.246428e-002
2.500780e+003,3.249787e-002
2.501262e+003,3.254401e-002
2.501744e+003,3.259478e-002
2.502227e+003,3.264592e-002
2.502709e+003,3.269528e-002
2.503191e+003,3.274295e-002
2.503673e+003,3.278755e-002
2.504155e+003,3.282576e-002
2.504637e+003,3.285338e-002
2.505119e+003,3.286647e-002
2.505601e+003,3.286535e-002
2.506083e+003,3.285524e-002
2.506566e+003,3.284470e-002
2.507048e+003,3.284186e-002
2.507530e+003,3.285177e-002
2.508012e+003,3.287341e-002
2.508494e+003,3.290184e-002
2.508976e+003,3.293052e-002
2.509458e+003,3.295605e-002
2.509940e+003,3.297833e-002
2.510423e+003,3.300386e-002
2.510905e+003,3.303807e-002
2.511387e+003,3.308430e-002
2.511869e+003,3.314153e-002
2.512351e+003,3.320272e-002
2.512833e+003,3.325948e-002
2.513315e+003,3.330389e-002
2.513798e+003,3.333295e-002
2.514280e+003,3.334854e-002
2.514762e+003,3.335665e-002
2.515244e+003,3.336304e-002
2.515726e+003,3.337125e-002
2.516208e+003,3.338271e-002
2.516690e+003,3.339633e-002
2.517172e+003,3.341132e-002
2.517655e+003,3.342951e-002
2.518137e+003,3.345217e-002
2.518619e+003,3.348318e-002
2.519101e+003,3.352221e-002
2.519583e+003,3.356702e-002
2.520065e+003,3.361288e-002
2.520547e+003,3.365445e-002
2.521029e+003,3.368931e-002
2.521511e+003,3.371901e-002
2.521994e+003,3.374778e-002
2.522476e+003,3.378216e-002
2.522958e+003,3.382587e-002
2.523440e+003,3.387856e-002
2.523922e+003,3.393660e-002
2.524404e+003,3.399460e-002
2.524886e+003,3.404657e-002
2.525368e+003,3.408958e-002
2.525851e+003,3.412389e-002
2.526333e+003,3.415155e-002
2.526815e+003,3.417474e-002
2.527297e+003,3.419422e-002
2.527779e+003,3.421180e-002
2.528261e+003,3.422810e-002
2.528743e+003,3.424629e-002
2.529226e+003,3.427184e-002
2.529708e+003,3.430960e-002
2.530190e+003,3.436379e-002
2.530672e+003,3.443202e-002
2.531154e+003,3.450816e-002
2.531636e+003,3.458191e-002
2.532118e+003,3.464165e-002
2.532600e+003,3.468029e-002
2.533083e+003,3.469495e-002
2.533565e+003,3.468856e-002
2.534047e+003,3.466830e-002
2.534529e+003,3.464144e-002
2.535011e+003,3.461362e-002
2.535493e+003,3.458925e-002
2.535975e+003,3.457016e-002
2.536457e+003,3.455940e-002
2.536939e+003,3.456041e-002
2.537422e+003,3.457808e-002
2.537904e+003,3.461581e-002
2.538386e+003,3.467480e-002
2.538868e+003,3.475188e-002
2.539350e+003,3.484133e-002
2.539832e+003,3.493541e-002
2.540314e+003,3.502771e-002
2.540796e+003,3.511387e-002
2.541279e+003,3.519181e-002
2.541761e+003,3.526084e-002
2.542243e+003,3.531997e-002
2.542725e+003,3.536756e-002
2.543207e+003,3.540158e-002
2.543689e+003,3.542099e-002
2.544171e+003,3.542649e-002
2.544654e+003,3.542206e-002
2.545135e+003,3.541301e-002
2.545618e+003,3.540535e-002
2.546100e+003,3.540351e-002
2.546582e+003,3.540961e-002
2.547064e+003,3.542547e-002
2.547546e+003,3.545143e-002
2.548028e+003,3.549005e-002
2.548510e+003,3.554315e-002
2.548993e+003,3.561136e-002
2.549475e+003,3.569182e-002
2.549957e+003,3.577762e-002
2.550439e+003,3.585788e-002
2.550921e+003,3.592316e-002
2.551403e+003,3.596584e-002
2.551885e+003,3.598626e-002
2.552367e+003,3.599113e-002
2.552850e+003,3.599164e-002
2.553332e+003,3.599905e-002
2.553814e+003,3.602028e-002
2.554296e+003,3.605601e-002
2.554778e+003,3.610146e-002
2.555260e+003,3.614870e-002
2.555742e+003,3.619217e-002
2.556224e+003,3.622954e-002
2.556707e+003,3.626289e-002
2.557189e+003,3.629617e-002
2.557671e+003,3.633375e-002
2.558153e+003,3.637580e-002
2.558635e+003,3.642111e-002
2.559117e+003,3.646477e-002
2.559599e+003,3.650433e-002
2.560082e+003,3.653900e-002
2.560563e+003,3.656999e-002
2.561046e+003,3.660064e-002
2.561528e+003,3.663350e-002
2.562010e+003,3.666864e-002
2.562492e+003,3.670512e-002
2.562974e+003,3.674028e-002
2.563456e+003,3.677274e-002
2.563938e+003,3.680161e-002
2.564421e+003,3.682952e-002
2.564903e+003,3.685815e-002
2.565385e+003,3.688949e-002
2.565867e+003,3.692375e-002
2.566349e+003,3.696146e-002
2.566831e+003,3.700278e-002
2.567313e+003,3.705027e-002
2.567795e+003,3.710728e-002
2.568278e+003,3.717715e-002
2.568760e+003,3.726201e-002
2.569242e+003,3.736002e-002
2.569724e+003,3.746617e-002
2.570206e+003,3.757264e-002
2.570688e+003,3.767245e-002
2.571170e+003,3.776129e-002
2.571652e+003,3.783844e-002
2.572135e+003,3.790725e-002
2.572617e+003,3.797265e-002
2.573099e+003,3.803833e-002
2.573581e+003,3.810723e-002
2.574063e+003,3.818019e-002
2.574545e+003,3.825690e-002
2.575027e+003,3.833753e-002
2.575510e+003,3.842278e-002
2.575991e+003,3.851266e-002
2.576474e+003,3.860637e-002
2.576956e+003,3.870065e-002
2.577438e+003,3.878950e-002
2.577920e+003,3.886705e-002
2.578402e+003,3.892908e-002
2.578884e+003,3.897538e-002
2.579366e+003,3.900921e-002
2.579849e+003,3.903650e-002
2.580331e+003,3.906434e-002
2.580813e+003,3.909563e-002
2.581295e+003,3.913137e-002
2.581777e+003,3.916772e-002
2.582259e+003,3.920092e-002
2.582741e+003,3.922685e-002
2.583223e+003,3.924348e-002
2.583706e+003,3.925151e-002
2.584188e+003,3.925325e-002
2.584670e+003,3.924993e-002
2.585152e+003,3.924350e-002
2.585634e+003,3.923707e-002
2.586116e+003,3.923232e-002
2.586598e+003,3.923253e-002
2.587080e+003,3.924171e-002
2.587563e+003,3.926118e-002
2.588045e+003,3.928990e-002
2.588527e+003,3.932262e-002
2.589009e+003,3.935304e-002
2.589491e+003,3.937388e-002
2.589973e+003,3.938165e-002
2.590455e+003,3.937760e-002
2.590938e+003,3.936795e-002
2.591419e+003,3.936087e-002
2.591902e+003,3.936402e-002
2.592384e+003,3.937935e-002
2.592866e+003,3.940508e-002
2.593348e+003,3.943618e-002
2.593830e+003,3.946674e-002
2.594312e+003,3.949401e-002
2.594794e+003,3.951890e-002
2.595277e+003,3.954565e-002
2.595759e+003,3.957964e-002
2.596241e+003,3.962316e-002
2.596723e+003,3.967561e-002
2.597205e+003,3.973326e-002
2.597687e+003,3.979190e-002
2.598169e+003,3.984753e-002
2.598651e+003,3.990033e-002
2.599134e+003,3.995234e-002
2.599616e+003,4.000678e-002
2.600098e+003,4.006508e-002
2.600580e+003,4.012661e-002
2.601062e+003,4.018987e-002
2.601544e+003,4.025162e-002
2.602026e+003,4.031099e-002
2.602508e+003,4.036896e-002
2.602990e+003,4.042890e-002
2.603473e+003,4.049253e-002
2.603955e+003,4.056093e-002
2.604437e+003,4.063258e-002
2.604919e+003,4.070362e-002
2.605401e+003,4.077156e-002
2.605883e+003,4.083541e-002
2.606365e+003,4.089803e-002
2.606847e+003,4.096418e-002
2.607330e+003,4.103857e-002
2.607812e+003,4.112393e-002
2.608294e+003,4.121820e-002
2.608776e+003,4.131662e-002
2.609258e+003,4.141295e-002
2.609740e+003,4.150258e-002
2.610222e+003,4.158363e-002
2.610705e+003,4.165701e-002
2.611187e+003,4.172700e-002
2.611669e+003,4.179656e-002
2.612151e+003,4.186696e-002
2.612633e+003,4.193737e-002
2.613115e+003,4.200459e-002
2.613597e+003,4.206572e-002
2.614079e+003,4.211861e-002
2.614562e+003,4.216351e-002
2.615044e+003,4.220176e-002
2.615526e+003,4.223473e-002
2.616008e+003,4.226429e-002
2.616490e+003,4.229160e-002
2.616972e+003,4.231803e-002
2.617454e+003,4.234608e-002
2.617936e+003,4.237900e-002
2.618418e+003,4.241940e-002
2.618901e+003,4.246909e-002
2.619383e+003,4.252665e-002
2.619865e+003,4.258845e-002
2.620347e+003,4.264848e-002
2.620829e+003,4.270095e-002
2.621311e+003,4.274289e-002
2.621793e+003,4.277385e-002
2.622276e+003,4.279705e-002
2.622758e+003,4.281728e-002
2.623240e+003,4.283860e-002
2.623722e+003,4.286353e-002
2.624204e+003,4.289317e-002
2.624686e+003,4.292597e-002
2.625168e+003,4.296077e-002
2.625650e+003,4.299802e-002
2.626133e+003,4.303763e-002
2.626615e+003,4.308033e-002
2.627097e+003,4.312639e-002
2.627579e+003,4.317453e-002
2.628061e+003,4.322234e-002
2.628543e+003,4.326799e-002
2.629025e+003,4.331049e-002
2.629507e+003,4.335074e-002
2.629990e+003,4.339099e-002
2.630472e+003,4.343481e-002
2.630954e+003,4.348424e-002
2.631436e+003,4.353967e-002
2.631918e+003,4.359946e-002
2.632400e+003,4.366055e-002
2.632882e+003,4.371949e-002
2.633364e+003,4.377373e-002
2.633846e+003,4.382218e-002
2.634329e+003,4.386503e-002
2.634811e+003,4.390327e-002
2.635293e+003,4.393825e-002
2.635775e+003,4.397197e-002
2.636257e+003,4.400588e-002
2.636739e+003,4.404280e-002
2.637221e+003,4.408418e-002
2.637704e+003,4.413158e-002
2.638186e+003,4.418507e-002
2.638668e+003,4.424348e-002
2.639150e+003,4.430373e-002
2.639632e+003,4.436383e-002
2.640114e+003,4.442277e-002
2.640596e+003,4.448136e-002
2.641078e+003,4.454279e-002
2.641561e+003,4.461043e-002
2.642043e+003,4.468628e-002
2.642525e+003,4.477019e-002
2.643007e+003,4.485885e-002
2.643489e+003,4.494655e-002
2.643971e+003,4.502818e-002
2.644453e+003,4.509854e-002
2.644935e+003,4.515707e-002
2.645417e+003,4.520523e-002
2.645900e+003,4.524703e-002
2.646382e+003,4.528629e-002
2.646864e+003,4.532601e-002
2.647346e+003,4.536738e-002
2.647828e+003,4.540997e-002
2.648310e+003,4.545311e-002
2.648792e+003,4.549535e-002
2.649274e+003,4.553678e-002
2.649757e+003,4.557785e-002
2.650239e+003,4.561922e-002
2.650721e+003,4.566096e-002
2.651203e+003,4.570337e-002
2.651685e+003,4.574642e-002
2.652167e+003,4.579012e-002
2.652649e+003,4.583439e-002
2.653132e+003,4.587931e-002
2.653614e+003,4.592499e-002
2.654096e+003,4.597002e-002
2.654578e+003,4.601306e-002
2.655060e+003,4.605256e-002
2.655542e+003,4.608765e-002
2.656024e+003,4.611828e-002
2.656506e+003,4.614525e-002
2.656989e+003,4.616975e-002
2.657471e+003,4.619215e-002
2.657953e+003,4.621263e-002
2.658435e+003,4.622779e-002
2.658917e+003,4.623572e-002
2.659399e+003,4.623310e-002
2.659881e+003,4.621772e-002
2.660363e+003,4.618940e-002
2.660845e+003,4.614877e-002
2.661328e+003,4.609739e-002
2.661810e+003,4.603745e-002
2.662292e+003,4.596988e-002
2.662774e+003,4.589742e-002
2.663256e+003,4.582180e-002
2.663738e+003,4.574636e-002
2.664220e+003,4.567548e-002
2.664702e+003,4.561349e-002
2.665185e+003,4.556369e-002
2.665667e+003,4.552801e-002
2.666149e+003,4.550593e-002
2.666631e+003,4.549559e-002
2.667113e+003,4.549371e-002
2.667595e+003,4.549816e-002
2.668077e+003,4.550730e-002
2.668560e+003,4.552096e-002
2.669042e+003,4.553957e-002
2.669524e+003,4.556214e-002
2.670006e+003,4.558833e-002
2.670488e+003,4.561653e-002
2.670970e+003,4.564502e-002
2.671452e+003,4.567259e-002
2.671934e+003,4.569925e-002
2.672417e+003,4.572500e-002
2.672899e+003,4.575093e-002
2.673381e+003,4.577752e-002
2.673863e+003,4.580449e-002
2.674345e+003,4.583173e-002
2.674827e+003,4.585899e-002
2.675309e+003,4.588699e-002
2.675791e+003,4.591637e-002
2.676273e+003,4.594790e-002
2.676756e+003,4.598210e-002
2.677238e+003,4.601686e-002
2.677720e+003,4.605016e-002
2.678202e+003,4.607886e-002
2.678684e+003,4.610101e-002
2.679166e+003,4.611605e-002
2.679648e+003,4.612565e-002
2.680130e+003,4.613265e-002
2.680613e+003,4.614020e-002
2.681095e+003,4.615008e-002
2.681577e+003,4.616263e-002
2.682059e+003,4.617666e-002
2.682541e+003,4.619088e-002
2.683023e+003,4.620482e-002
2.683505e+003,4.621961e-002
2.683988e+003,4.623688e-002
2.684469e+003,4.625880e-002
2.684952e+003,4.628636e-002
2.685434e+003,4.631809e-002
2.685916e+003,4.635215e-002
2.686398e+003,4.638529e-002
2.686880e+003,4.641483e-002
2.687362e+003,4.644085e-002
2.687844e+003,4.646429e-002
2.688327e+003,4.648783e-002
2.688809e+003,4.651406e-002
2.689291e+003,4.654400e-002
2.689773e+003,4.657786e-002
2.690255e+003,4.661459e-002
2.690737e+003,4.665171e-002
2.691219e+003,4.668846e-002
2.691701e+003,4.672337e-002
2.692184e+003,4.675644e-002
2.692666e+003,4.678682e-002
2.693148e+003,4.681424e-002
2.693630e+003,4.683794e-002
2.694112e+003,4.685887e-002
2.694594e+003,4.687767e-002
2.695076e+003,4.689740e-002
2.695558e+003,4.692029e-002
2.696041e+003,4.694988e-002
2.696523e+003,4.698655e-002
2.697005e+003,4.703030e-002
2.697487e+003,4.707983e-002
2.697969e+003,4.713283e-002
2.698451e+003,4.718844e-002
2.698933e+003,4.724566e-002
2.699416e+003,4.730579e-002
2.699897e+003,4.736918e-002
2.700380e+003,4.743643e-002
2.700862e+003,4.750640e-002
2.701344e+003,4.757733e-002
2.701826e+003,4.764736e-002
2.702308e+003,4.771545e-002
2.702790e+003,4.778123e-002
2.703272e+003,4.784657e-002
2.703755e+003,4.791249e-002
2.704237e+003,4.798180e-002
2.704719e+003,4.805523e-002
2.705201e+003,4.813280e-002
2.705683e+003,4.821498e-002
2.706165e+003,4.830149e-002
2.706647e+003,4.839299e-002
2.707129e+003,4.849031e-002
2.707612e+003,4.859347e-002
2.708094e+003,4.870200e-002
2.708576e+003,4.881404e-002
2.709058e+003,4.892742e-002
2.709540e+003,4.904022e-002
2.710022e+003,4.915220e-002
2.710504e+003,4.926414e-002
2.710986e+003,4.937876e-002
2.711469e+003,4.949903e-002
2.711951e+003,4.962686e-002
2.712433e+003,4.976261e-002
2.712915e+003,4.990566e-002
2.713397e+003,5.005429e-002
2.713879e+003,5.020805e-002
2.714361e+003,5.036564e-002
2.714844e+003,5.052922e-002
2.715325e+003,5.069945e-002
2.715808e+003,5.087708e-002
2.716290e+003,5.106175e-002
2.716772e+003,5.125159e-002
2.717254e+003,5.144434e-002
2.717736e+003,5.163747e-002
2.718218e+003,5.182871e-002
2.718700e+003,5.201656e-002
2.719183e+003,5.219914e-002
2.719665e+003,5.237332e-002
2.720147e+003,5.253459e-002
2.720629e+003,5.267765e-002
2.721111e+003,5.279662e-002
2.721593e+003,5.288774e-002
2.722075e+003,5.294908e-002
2.722557e+003,5.298081e-002
2.723040e+003,5.298632e-002
2.723522e+003,5.296918e-002
2.724004e+003,5.293317e-002
2.724486e+003,5.288164e-002
2.724968e+003,5.281812e-002
2.725450e+003,5.274522e-002
2.725932e+003,5.266710e-002
2.726414e+003,5.258831e-002
2.726896e+003,5.251259e-002
2.727379e+003,5.244347e-002
2.727861e+003,5.238246e-002
2.728343e+003,5.233002e-002
2.728825e+003,5.228512e-002
2.729307e+003,5.224720e-002
2.729789e+003,5.221588e-002
2.730271e+003,5.219249e-002
2.730753e+003,5.217778e-002
2.731236e+003,5.217261e-002
2.731718e+003,5.217690e-002
2.732200e+003,5.218951e-002
2.732682e+003,5.220734e-002
2.733164e+003,5.222904e-002
2.733646e+003,5.225226e-002
2.734128e+003,5.227540e-002
2.734611e+003,5.229853e-002
2.735093e+003,5.232083e-002
2.735575e+003,5.234141e-002
2.736057e+003,5.235982e-002
2.736539e+003,5.237521e-002
2.737021e+003,5.238784e-002
2.737503e+003,5.239850e-002
2.737985e+003,5.240820e-002
2.738468e+003,5.241894e-002
2.738950e+003,5.243074e-002
2.739432e+003,5.244376e-002
2.739914e+003,5.245613e-002
2.740396e+003,5.246677e-002
2.740878e+003,5.247581e-002
2.741360e+003,5.248325e-002
2.741842e+003,5.249124e-002
2.742324e+003,5.250246e-002
2.742807e+003,5.251995e-002
2.743289e+003,5.254449e-002
2.743771e+003,5.257681e-002
2.744253e+003,5.261588e-002
2.744735e+003,5.266067e-002
2.745217e+003,5.271014e-002
2.745699e+003,5.276380e-002
2.746182e+003,5.282063e-002
2.746664e+003,5.287975e-002
2.747146e+003,5.294050e-002
2.747628e+003,5.300167e-002
2.748110e+003,5.306190e-002
2.748592e+003,5.312110e-002
2.749074e+003,5.317955e-002
2.749556e+003,5.323794e-002
2.750039e+003,5.329701e-002
2.750521e+003,5.335695e-002
2.751003e+003,5.341711e-002
2.751485e+003,5.347776e-002
2.751967e+003,5.353901e-002
2.752449e+003,5.360229e-002
2.752931e+003,5.366987e-002
2.753413e+003,5.374501e-002
2.753896e+003,5.382887e-002
2.754378e+003,5.392125e-002
2.754860e+003,5.401989e-002
2.755342e+003,5.412102e-002
2.755824e+003,5.422107e-002
2.756306e+003,5.431686e-002
2.756788e+003,5.440865e-002
2.757270e+003,5.449792e-002
2.757752e+003,5.458710e-002
2.758235e+003,5.467929e-002
2.758717e+003,5.477554e-002
2.759199e+003,5.487622e-002
2.759681e+003,5.498010e-002
2.760163e+003,5.508612e-002
2.760645e+003,5.519392e-002
2.761127e+003,5.530329e-002
2.761610e+003,5.541375e-002
2.762092e+003,5.552609e-002
2.762574e+003,5.563818e-002
2.763056e+003,5.574905e-002
2.763538e+003,5.585682e-002
2.764020e+003,5.596136e-002
2.764502e+003,5.606297e-002
2.764984e+003,5.616308e-002
2.765467e+003,5.626370e-002
2.765949e+003,5.636525e-002
2.766431e+003,5.646787e-002
2.766913e+003,5.656968e-002
2.767395e+003,5.666999e-002
2.767877e+003,5.676802e-002
2.768359e+003,5.686465e-002
2.768841e+003,5.696170e-002
2.769323e+003,5.706109e-002
2.769806e+003,5.716371e-002
2.770288e+003,5.726895e-002
2.770770e+003,5.737570e-002
2.771252e+003,5.748171e-002
2.771734e+003,5.758611e-002
2.772216e+003,5.769037e-002
2.772698e+003,5.779601e-002
2.773180e+003,5.790642e-002
2.773663e+003,5.802382e-002
2.774145e+003,5.814830e-002
2.774627e+003,5.827786e-002
2.775109e+003,5.841046e-002
2.775591e+003,5.854340e-002
2.776073e+003,5.867573e-002
2.776555e+003,5.880887e-002
2.777038e+003,5.894528e-002
2.777520e+003,5.908666e-002
2.778002e+003,5.923437e-002
2.778484e+003,5.938797e-002
2.778966e+003,5.954588e-002
2.779448e+003,5.970706e-002
2.779930e+003,5.987015e-002
2.780412e+003,6.003650e-002
2.780895e+003,6.020739e-002
2.781377e+003,6.038522e-002
2.781859e+003,6.056945e-002
2.782341e+003,6.076034e-002
2.782823e+003,6.095491e-002
2.783305e+003,6.115123e-002
2.783787e+003,6.134783e-002
2.784269e+003,6.154415e-002
2.784751e+003,6.174142e-002
2.785234e+003,6.194111e-002
2.785716e+003,6.214539e-002
2.786198e+003,6.235529e-002
2.786680e+003,6.257161e-002
2.787162e+003,6.279436e-002
2.787644e+003,6.302384e-002
2.788126e+003,6.325996e-002
2.788608e+003,6.350271e-002
2.789091e+003,6.375086e-002
2.789573e+003,6.400196e-002
2.790055e+003,6.425221e-002
2.790537e+003,6.449841e-002
2.791019e+003,6.473740e-002
2.791501e+003,6.496764e-002
2.791983e+003,6.518912e-002
2.792466e+003,6.540337e-002
2.792948e+003,6.561179e-002
2.793430e+003,6.581452e-002
2.793912e+003,6.601266e-002
2.794394e+003,6.620504e-002
2.794876e+003,6.639183e-002
2.795358e+003,6.657438e-002
2.795840e+003,6.675420e-002
2.796323e+003,6.693448e-002
2.796805e+003,6.711818e-002
2.797287e+003,6.730716e-002
2.797769e+003,6.750327e-002
2.798251e+003,6.770673e-002
2.798733e+003,6.791960e-002
2.799215e+003,6.814378e-002
2.799697e+003,6.838236e-002
2.800179e+003,6.863786e-002
2.800662e+003,6.891324e-002
2.801144e+003,6.920783e-002
2.801626e+003,6.952027e-002
2.802108e+003,6.984694e-002
2.802590e+003,7.018384e-002
2.803072e+003,7.052784e-002
2.803554e+003,7.087617e-002
2.804036e+003,7.122698e-002
2.804519e+003,7.157857e-002
2.805001e+003,7.192940e-002
2.805483e+003,7.227640e-002
2.805965e+003,7.261718e-002
2.806447e+003,7.295017e-002
2.806929e+003,7.327516e-002
2.807411e+003,7.359353e-002
2.807894e+003,7.390773e-002
2.808375e+003,7.421912e-002
2.808858e+003,7.452872e-002
2.809340e+003,7.483592e-002
2.809822e+003,7.513943e-002
2.810304e+003,7.543936e-002
2.810786e+003,7.573666e-002
2.811268e+003,7.603511e-002
2.811750e+003,7.633901e-002
2.812233e+003,7.665329e-002
2.812715e+003,7.698084e-002
2.813197e+003,7.732298e-002
2.813679e+003,7.767912e-002
2.814161e+003,7.804763e-002
2.814643e+003,7.842787e-002
2.815125e+003,7.882129e-002
2.815607e+003,7.923049e-002
2.816090e+003,7.965906e-002
2.816572e+003,8.010876e-002
2.817054e+003,8.058098e-002
2.817536e+003,8.107487e-002
2.818018e+003,8.158930e-002
2.818500e+003,8.212356e-002
2.818982e+003,8.267901e-002
2.819464e+003,8.325877e-002
2.819947e+003,8.386781e-002
2.820429e+003,8.451009e-002
2.820911e+003,8.519048e-002
2.821393e+003,8.591088e-002
2.821875e+003,8.667405e-002
2.822357e+003,8.748233e-002
2.822839e+003,8.834016e-002
2.823322e+003,8.925307e-002
2.823803e+003,9.022930e-002
2.824286e+003,9.127826e-002
2.824768e+003,9.240919e-002
2.825250e+003,9.363296e-002
2.825732e+003,9.496079e-002
2.826214e+003,9.640668e-002
2.826696e+003,9.798655e-002
2.827178e+003,9.971943e-002
2.827661e+003,1.016254e-001
2.828143e+003,1.037261e-001
2.828625e+003,1.060416e-001
2.829107e+003,1.085891e-001
2.829589e+003,1.113828e-001
2.830071e+003,1.144322e-001
2.830553e+003,1.177409e-001
2.831035e+003,1.213052e-001
2.831518e+003,1.251109e-001
2.832000e+003,1.291294e-001
2.832482e+003,1.333167e-001
2.832964e+003,1.376096e-001
2.833446e+003,1.419279e-001
2.833928e+003,1.461772e-001
2.834410e+003,1.502555e-001
2.834892e+003,1.540581e-001
2.835375e+003,1.574862e-001
2.835857e+003,1.604499e-001
2.836339e+003,1.628754e-001
2.836821e+003,1.647059e-001
2.837303e+003,1.659035e-001
2.837785e+003,1.664522e-001
2.838267e+003,1.663571e-001
2.838750e+003,1.656416e-001
2.839231e+003,1.643479e-001
2.839714e+003,1.625302e-001
2.840196e+003,1.602545e-001
2.840678e+003,1.575927e-001
2.841160e+003,1.546229e-001
2.841642e+003,1.514251e-001
2.842124e+003,1.480804e-001
2.842606e+003,1.446679e-001
2.843089e+003,1.412608e-001
2.843571e+003,1.379241e-001
2.844053e+003,1.347133e-001
2.844535e+003,1.316710e-001
2.845017e+003,1.288296e-001
2.845499e+003,1.262109e-001
2.845981e+003,1.238263e-001
2.846463e+003,1.216777e-001
2.846946e+003,1.197594e-001
2.847428e+003,1.180579e-001
2.847910e+003,1.165561e-001
2.848392e+003,1.152356e-001
2.848874e+003,1.140795e-001
2.849356e+003,1.130748e-001
2.849838e+003,1.122138e-001
2.850320e+003,1.114920e-001
2.850802e+003,1.109097e-001
2.851285e+003,1.104668e-001
2.851767e+003,1.101664e-001
2.852249e+003,1.100118e-001
2.852731e+003,1.100086e-001
2.853213e+003,1.101657e-001
2.853695e+003,1.104938e-001
2.854177e+003,1.110059e-001
2.854659e+003,1.117151e-001
2.855142e+003,1.126347e-001
2.855624e+003,1.137767e-001
2.856106e+003,1.151544e-001
2.856588e+003,1.167816e-001
2.857070e+003,1.186754e-001
2.857552e+003,1.208552e-001
2.858034e+003,1.233415e-001
2.858517e+003,1.261527e-001
2.858999e+003,1.293008e-001
2.859481e+003,1.327871e-001
2.859963e+003,1.365986e-001
2.860445e+003,1.407018e-001
2.860927e+003,1.450424e-001
2.861409e+003,1.495428e-001
2.861891e+003,1.541034e-001
2.862374e+003,1.586054e-001
2.862856e+003,1.629172e-001
2.863338e+003,1.669057e-001
2.863820e+003,1.704464e-001
2.864302e+003,1.734385e-001
2.864784e+003,1.758141e-001
2.865266e+003,1.775464e-001
2.865748e+003,1.786501e-001
2.866230e+003,1.791759e-001
2.866713e+003,1.792014e-001
2.867195e+003,1.788203e-001
2.867677e+003,1.781308e-001
2.868159e+003,1.772283e-001
2.868641e+003,1.762001e-001
2.869123e+003,1.751228e-001
2.869605e+003,1.740601e-001
2.870088e+003,1.730625e-001
2.870570e+003,1.721686e-001
2.871052e+003,1.714043e-001
2.871534e+003,1.707880e-001
2.872016e+003,1.703304e-001
2.872498e+003,1.700375e-001
2.872980e+003,1.699097e-001
2.873462e+003,1.699398e-001
2.873945e+003,1.701100e-001
2.874427e+003,1.703891e-001
2.874909e+003,1.707333e-001
2.875391e+003,1.710891e-001
2.875873e+003,1.713997e-001
2.876355e+003,1.716125e-001
2.876837e+003,1.716876e-001
2.877319e+003,1.716005e-001
2.877802e+003,1.713428e-001
2.878284e+003,1.709222e-001
2.878766e+003,1.703559e-001
2.879248e+003,1.696697e-001
2.879730e+003,1.688925e-001
2.880212e+003,1.680562e-001
2.880694e+003,1.671942e-001
2.881176e+003,1.663378e-001
2.881658e+003,1.655139e-001
2.882141e+003,1.647443e-001
2.882623e+003,1.640412e-001
2.883105e+003,1.634089e-001
2.883587e+003,1.628461e-001
2.884069e+003,1.623477e-001
2.884551e+003,1.619096e-001
2.885033e+003,1.615296e-001
2.885516e+003,1.612077e-001
2.885998e+003,1.609451e-001
2.886480e+003,1.607443e-001
2.886962e+003,1.606064e-001
2.887444e+003,1.605324e-001
2.887926e+003,1.605254e-001
2.888408e+003,1.605903e-001
2.888890e+003,1.607354e-001
2.889373e+003,1.609705e-001
2.889855e+003,1.613053e-001
2.890337e+003,1.617492e-001
2.890819e+003,1.623098e-001
2.891301e+003,1.629949e-001
2.891783e+003,1.638127e-001
2.892265e+003,1.647723e-001
2.892747e+003,1.658848e-001
2.893229e+003,1.671614e-001
2.893712e+003,1.686101e-001
2.894194e+003,1.702351e-001
2.894676e+003,1.720336e-001
2.895158e+003,1.739986e-001
2.895640e+003,1.761184e-001
2.896122e+003,1.783811e-001
2.896604e+003,1.807740e-001
2.897086e+003,1.832858e-001
2.897569e+003,1.859052e-001
2.898051e+003,1.886203e-001
2.898533e+003,1.914175e-001
2.899015e+003,1.942832e-001
2.899497e+003,1.972043e-001
2.899979e+003,2.001701e-001
2.900461e+003,2.031712e-001
2.900944e+003,2.062005e-001
2.901426e+003,2.092495e-001
2.901908e+003,2.123071e-001
2.902390e+003,2.153571e-001
2.902872e+003,2.183814e-001
2.903354e+003,2.213585e-001
2.903836e+003,2.242690e-001
2.904318e+003,2.270956e-001
2.904801e+003,2.298257e-001
2.905283e+003,2.324527e-001
2.905765e+003,2.349759e-001
2.906247e+003,2.374035e-001
2.906729e+003,2.397532e-001
2.907211e+003,2.420571e-001
2.907693e+003,2.443605e-001
2.908175e+003,2.467208e-001
2.908657e+003,2.492029e-001
2.909140e+003,2.518719e-001
2.909622e+003,2.547874e-001
2.910104e+003,2.579960e-001
2.910586e+003,2.615260e-001
2.911068e+003,2.653862e-001
2.911550e+003,2.695625e-001
2.912032e+003,2.740135e-001
2.912514e+003,2.786712e-001
2.912997e+003,2.834344e-001
2.913479e+003,2.881731e-001
2.913961e+003,2.927302e-001
2.914443e+003,2.969325e-001
2.914925e+003,3.006052e-001
2.915407e+003,3.035882e-001
2.915889e+003,3.057517e-001
2.916372e+003,3.070080e-001
2.916854e+003,3.073184e-001
2.917336e+003,3.066941e-001
2.917818e+003,3.051942e-001
2.918300e+003,3.029176e-001
2.918782e+003,2.999935e-001
2.919264e+003,2.965692e-001
2.919746e+003,2.927950e-001
2.920229e+003,2.888108e-001
2.920711e+003,2.847326e-001
2.921193e+003,2.806458e-001
2.921675e+003,2.766023e-001
2.922157e+003,2.726263e-001
2.922639e+003,2.687181e-001
2.923121e+003,2.648630e-001
2.923603e+003,2.610360e-001
2.924085e+003,2.572075e-001
2.924568e+003,2.533446e-001
2.925050e+003,2.494158e-001
2.925532e+003,2.453923e-001
2.926014e+003,2.412559e-001
2.926496e+003,2.370011e-001
2.926978e+003,2.326377e-001
2.927460e+003,2.281908e-001
2.927942e+003,2.236952e-001
2.928425e+003,2.191921e-001
2.928907e+003,2.147225e-001
2.929389e+003,2.103251e-001
2.929871e+003,2.060357e-001
2.930353e+003,2.018874e-001
2.930835e+003,1.979121e-001
2.931317e+003,1.941398e-001
2.931800e+003,1.905970e-001
2.932281e+003,1.873067e-001
2.932764e+003,1.842849e-001
2.933246e+003,1.815430e-001
2.933728e+003,1.790885e-001
2.934210e+003,1.769285e-001
2.934692e+003,1.750699e-001
2.935174e+003,1.735216e-001
2.935656e+003,1.722929e-001
2.936139e+003,1.713925e-001
2.936621e+003,1.708289e-001
2.937103e+003,1.706097e-001
2.937585e+003,1.707456e-001
2.938067e+003,1.712509e-001
2.938549e+003,1.721474e-001
2.939031e+003,1.734614e-001
2.939513e+003,1.752226e-001
2.939996e+003,1.774591e-001
2.940478e+003,1.801928e-001
2.940960e+003,1.834351e-001
2.941442e+003,1.871857e-001
2.941924e+003,1.914310e-001
2.942406e+003,1.961468e-001
2.942888e+003,2.012959e-001
2.943370e+003,2.068282e-001
2.943853e+003,2.126781e-001
2.944335e+003,2.187614e-001
2.944817e+003,2.249738e-001
2.945299e+003,2.311913e-001
2.945781e+003,2.372737e-001
2.946263e+003,2.430693e-001
2.946745e+003,2.484230e-001
2.947228e+003,2.531821e-001
2.947709e+003,2.572024e-001
2.948192e+003,2.603571e-001
2.948674e+003,2.625447e-001
2.949156e+003,2.637004e-001
2.949638e+003,2.638049e-001
2.950120e+003,2.628908e-001
2.950602e+003,2.610427e-001
2.951084e+003,2.583925e-001
2.951567e+003,2.551058e-001
2.952049e+003,2.513699e-001
2.952531e+003,2.473796e-001
2.953013e+003,2.433265e-001
2.953495e+003,2.393875e-001
2.953977e+003,2.357184e-001
2.954459e+003,2.324448e-001
2.954941e+003,2.296562e-001
2.955424e+003,2.274012e-001
2.955906e+003,2.256870e-001
2.956388e+003,2.244801e-001
2.956870e+003,2.237125e-001
2.957352e+003,2.232867e-001
2.957834e+003,2.230857e-001
2.958316e+003,2.229747e-001
2.958798e+003,2.228111e-001
2.959281e+003,2.224508e-001
2.959763e+003,2.217570e-001
2.960245e+003,2.206107e-001
2.960727e+003,2.189251e-001
2.961209e+003,2.166537e-001
2.961691e+003,2.137989e-001
2.962173e+003,2.104069e-001
2.962656e+003,2.065610e-001
2.963137e+003,2.023649e-001
2.963620e+003,1.979289e-001
2.964102e+003,1.933552e-001
2.964584e+003,1.887299e-001
2.965066e+003,1.841193e-001
2.965548e+003,1.795708e-001
2.966030e+003,1.751144e-001
2.966512e+003,1.707667e-001
2.966995e+003,1.665337e-001
2.967477e+003,1.624160e-001
2.967959e+003,1.584103e-001
2.968441e+003,1.545163e-001
2.968923e+003,1.507352e-001
2.969405e+003,1.470732e-001
2.969887e+003,1.435384e-001
2.970369e+003,1.401393e-001
2.970852e+003,1.368818e-001
2.971334e+003,1.337685e-001
2.971816e+003,1.307985e-001
2.972298e+003,1.279689e-001
2.972780e+003,1.252771e-001
2.973262e+003,1.227221e-001
2.973744e+003,1.203042e-001
2.974226e+003,1.180241e-001
2.974708e+003,1.158807e-001
2.975191e+003,1.138703e-001
2.975673e+003,1.119870e-001
2.976155e+003,1.102223e-001
2.976637e+003,1.085676e-001
2.977119e+003,1.070144e-001
2.977601e+003,1.055560e-001
2.978083e+003,1.041850e-001
2.978565e+003,1.028959e-001
2.979048e+003,1.016813e-001
2.979530e+003,1.005350e-001
2.980012e+003,9.945071e-002
2.980494e+003,9.842363e-002
2.980976e+003,9.745069e-002
2.981458e+003,9.652907e-002
2.981940e+003,9.565655e-002
2.982423e+003,9.483038e-002
2.982905e+003,9.404659e-002
2.983387e+003,9.330113e-002
2.983869e+003,9.259168e-002
2.984351e+003,9.191532e-002
2.984833e+003,9.127314e-002
2.985315e+003,9.066517e-002
2.985797e+003,9.009173e-002
2.986280e+003,8.955177e-002
2.986762e+003,8.904263e-002
2.987244e+003,8.856042e-002
2.987726e+003,8.810177e-002
2.988208e+003,8.766560e-002
2.988690e+003,8.725104e-002
2.989172e+003,8.685926e-002
2.989654e+003,8.649065e-002
2.990136e+003,8.614489e-002
2.990619e+003,8.581959e-002
2.991101e+003,8.551170e-002
2.991583e+003,8.521872e-002
2.992065e+003,8.493999e-002
2.992547e+003,8.467668e-002
2.993029e+003,8.443155e-002
2.993511e+003,8.420713e-002
2.993994e+003,8.400385e-002
2.994476e+003,8.381999e-002
2.994958e+003,8.365134e-002
2.995440e+003,8.349400e-002
2.995922e+003,8.334476e-002
2.996404e+003,8.320322e-002
2.996886e+003,8.307073e-002
2.997368e+003,8.294903e-002
2.997851e+003,8.284032e-002
2.998333e+003,8.274448e-002
2.998815e+003,8.265943e-002
2.999297e+003,8.258409e-002
2.999779e+003,8.251837e-002
3.000261e+003,8.246364e-002
3.000743e+003,8.242351e-002
3.001225e+003,8.240231e-002
3.001708e+003,8.240221e-002
3.002190e+003,8.242317e-002
3.002672e+003,8.246111e-002
3.003154e+003,8.251017e-002
3.003636e+003,8.256317e-002
3.004118e+003,8.261558e-002
3.004600e+003,8.266394e-002
3.005082e+003,8.270860e-002
3.005564e+003,8.275168e-002
3.006047e+003,8.279722e-002
3.006529e+003,8.284871e-002
3.007011e+003,8.290935e-002
3.007493e+003,8.298094e-002
3.007975e+003,8.306518e-002
3.008457e+003,8.316188e-002
3.008939e+003,8.326936e-002
3.009422e+003,8.338483e-002
3.009904e+003,8.350450e-002
3.010386e+003,8.362494e-002
3.010868e+003,8.374447e-002
3.011350e+003,8.386331e-002
3.011832e+003,8.398335e-002
3.012314e+003,8.410717e-002
3.012796e+003,8.423753e-002
3.013279e+003,8.437389e-002
3.013761e+003,8.451521e-002
3.014243e+003,8.465732e-002
3.014725e+003,8.479757e-002
3.015207e+003,8.493458e-002
3.015689e+003,8.507003e-002
3.016171e+003,8.520649e-002
3.016653e+003,8.534843e-002
3.017135e+003,8.549834e-002
3.017618e+003,8.565706e-002
3.018100e+003,8.582234e-002
3.018582e+003,8.599166e-002
3.019064e+003,8.616284e-002
3.019546e+003,8.633602e-002
3.020028e+003,8.651260e-002
3.020510e+003,8.669532e-002
3.020992e+003,8.688669e-002
3.021475e+003,8.708744e-002
3.021957e+003,8.729577e-002
3.022439e+003,8.750859e-002
3.022921e+003,8.772213e-002
3.023403e+003,8.793277e-002
3.023885e+003,8.813868e-002
3.024367e+003,8.833921e-002
3.024850e+003,8.853427e-002
3.025332e+003,8.872445e-002
3.025814e+003,8.890978e-002
3.026296e+003,8.909123e-002
3.026778e+003,8.927039e-002
3.027260e+003,8.944856e-002
3.027742e+003,8.962765e-002
3.028224e+003,8.980820e-002
3.028707e+003,8.998970e-002
3.029189e+003,9.017073e-002
3.029671e+003,9.034894e-002
3.030153e+003,9.052195e-002
3.030635e+003,9.069039e-002
3.031117e+003,9.085525e-002
3.031599e+003,9.101866e-002
3.032081e+003,9.118237e-002
3.032563e+003,9.134569e-002
3.033046e+003,9.150606e-002
3.033528e+003,9.165983e-002
3.034010e+003,9.180329e-002
3.034492e+003,9.193571e-002
3.034974e+003,9.205977e-002
3.035456e+003,9.218073e-002
3.035938e+003,9.230521e-002
3.036420e+003,9.243879e-002
3.036903e+003,9.258384e-002
3.037385e+003,9.273922e-002
3.037867e+003,9.290200e-002
3.038349e+003,9.306765e-002
3.038831e+003,9.323338e-002
3.039313e+003,9.339710e-002
3.039795e+003,9.355841e-002
3.040278e+003,9.371663e-002
3.040760e+003,9.387159e-002
3.041242e+003,9.402139e-002
3.041724e+003,9.416550e-002
3.042206e+003,9.430298e-002
3.042688e+003,9.443573e-002
3.043170e+003,9.456626e-002
3.043652e+003,9.469770e-002
3.044135e+003,9.483178e-002
3.044617e+003,9.496831e-002
3.045099e+003,9.510565e-002
3.045581e+003,9.524096e-002
3.046063e+003,9.537286e-002
3.046545e+003,9.550177e-002
3.047027e+003,9.563029e-002
3.047509e+003,9.576276e-002
3.047991e+003,9.590266e-002
3.048474e+003,9.605153e-002
3.048956e+003,9.620673e-002
3.049438e+003,9.636539e-002
3.049920e+003,9.652116e-002
3.050402e+003,9.666926e-002
3.050884e+003,9.680776e-002
3.051366e+003,9.693542e-002
3.051848e+003,9.705410e-002
3.052331e+003,9.716650e-002
3.052813e+003,9.727523e-002
3.053295e+003,9.738293e-002
3.053777e+003,9.749228e-002
3.054259e+003,9.760515e-002
3.054741e+003,9.772331e-002
3.055223e+003,9.784693e-002
3.055706e+003,9.797464e-002
3.056188e+003,9.810339e-002
3.056670e+003,9.822889e-002
3.057152e+003,9.834801e-002
3.057634e+003,9.845854e-002
3.058116e+003,9.856062e-002
3.058598e+003,9.865529e-002
3.059080e+003,9.874541e-002
3.059563e+003,9.883197e-002
3.060045e+003,9.891558e-002
3.060527e+003,9.899487e-002
3.061009e+003,9.906804e-002
3.061491e+003,9.913467e-002
3.061973e+003,9.919588e-002
3.062455e+003,9.925270e-002
3.062937e+003,9.930869e-002
3.063419e+003,9.936501e-002
3.063902e+003,9.942199e-002
3.064384e+003,9.947780e-002
3.064866e+003,9.952968e-002
3.065348e+003,9.957465e-002
3.065830e+003,9.961057e-002
3.066312e+003,9.963652e-002
3.066794e+003,9.965252e-002
3.067276e+003,9.965844e-002
3.067759e+003,9.965536e-002
3.068241e+003,9.964354e-002
3.068723e+003,9.962446e-002
3.069205e+003,9.960078e-002
3.069687e+003,9.957629e-002
3.070169e+003,9.955390e-002
3.070651e+003,9.953620e-002
3.071134e+003,9.952212e-002
3.071615e+003,9.950946e-002
3.072098e+003,9.949414e-002
3.072580e+003,9.947289e-002
3.073062e+003,9.944508e-002
3.073544e+003,9.941262e-002
3.074026e+003,9.937995e-002
3.074508e+003,9.935196e-002
3.074990e+003,9.933229e-002
3.075473e+003,9.932121e-002
3.075955e+003,9.931678e-002
3.076437e+003,9.931543e-002
3.076919e+003,9.931476e-002
3.077401e+003,9.931285e-002
3.077883e+003,9.931052e-002
3.078365e+003,9.930904e-002
3.078847e+003,9.930789e-002
3.079330e+003,9.930706e-002
3.079812e+003,9.930217e-002
3.080294e+003,9.929024e-002
3.080776e+003,9.926938e-002
3.081258e+003,9.924126e-002
3.081740e+003,9.920939e-002
3.082222e+003,9.917939e-002
3.082704e+003,9.915640e-002
3.083187e+003,9.914309e-002
3.083669e+003,9.913900e-002
3.084151e+003,9.914229e-002
3.084633e+003,9.914877e-002
3.085115e+003,9.915612e-002
3.085597e+003,9.916258e-002
3.086079e+003,9.916817e-002
3.086562e+003,9.917167e-002
3.087043e+003,9.917238e-002
3.087526e+003,9.916826e-002
3.088008e+003,9.915698e-002
3.088490e+003,9.913753e-002
3.088972e+003,9.911081e-002
3.089454e+003,9.907833e-002
3.089936e+003,9.904451e-002
3.090418e+003,9.901125e-002
3.090901e+003,9.898027e-002
3.091383e+003,9.895261e-002
3.091865e+003,9.892746e-002
3.092347e+003,9.890548e-002
3.092829e+003,9.888816e-002
3.093311e+003,9.887698e-002
3.093793e+003,9.887397e-002
3.094275e+003,9.887822e-002
3.094758e+003,9.888800e-002
3.095240e+003,9.889955e-002
3.095722e+003,9.890965e-002
3.096204e+003,9.891678e-002
3.096686e+003,9.892356e-002
3.097168e+003,9.893465e-002
3.097650e+003,9.895404e-002
3.098132e+003,9.898435e-002
3.098615e+003,9.902383e-002
3.099097e+003,9.906810e-002
3.099579e+003,9.911003e-002
3.100061e+003,9.914480e-002
3.100543e+003,9.917205e-002
3.101025e+003,9.919610e-002
3.101507e+003,9.922360e-002
3.101990e+003,9.926168e-002
3.102471e+003,9.931541e-002
3.102954e+003,9.938374e-002
3.103436e+003,9.946273e-002
3.103918e+003,9.954739e-002
3.104400e+003,9.963360e-002
3.104882e+003,9.972043e-002
3.105364e+003,9.980937e-002
3.105846e+003,9.990398e-002
3.106329e+003,1.000061e-001
3.106811e+003,1.001143e-001
3.107293e+003,1.002244e-001
3.107775e+003,1.003308e-001
3.108257e+003,1.004290e-001
3.108739e+003,1.005165e-001
3.109221e+003,1.005953e-001
3.109703e+003,1.006697e-001
3.110186e+003,1.007449e-001
3.110668e+003,1.008259e-001
3.111150e+003,1.009154e-001
3.111632e+003,1.010141e-001
3.112114e+003,1.011214e-001
3.112596e+003,1.012361e-001
3.113078e+003,1.013569e-001
3.113560e+003,1.014832e-001
3.114042e+003,1.016142e-001
3.114525e+003,1.017489e-001
3.115007e+003,1.018858e-001
3.115489e+003,1.020250e-001
3.115971e+003,1.021667e-001
3.116453e+003,1.023114e-001
3.116935e+003,1.024589e-001
3.117417e+003,1.026084e-001
3.117900e+003,1.027581e-001
3.118382e+003,1.029041e-001
3.118864e+003,1.030431e-001
3.119346e+003,1.031733e-001
3.119828e+003,1.032961e-001
3.120310e+003,1.034153e-001
3.120792e+003,1.035367e-001
3.121274e+003,1.036655e-001
3.121757e+003,1.038048e-001
3.122239e+003,1.039544e-001
3.122721e+003,1.041114e-001
3.123203e+003,1.042716e-001
3.123685e+003,1.044323e-001
3.124167e+003,1.045913e-001
3.124649e+003,1.047508e-001
3.125131e+003,1.049123e-001
3.125614e+003,1.050796e-001
3.126096e+003,1.052545e-001
3.126578e+003,1.054373e-001
3.127060e+003,1.056276e-001
3.127542e+003,1.058238e-001
3.128024e+003,1.060240e-001
3.128506e+003,1.062258e-001
3.128988e+003,1.064283e-001
3.129470e+003,1.066291e-001
3.129953e+003,1.068273e-001
3.130435e+003,1.070234e-001
3.130917e+003,1.072185e-001
3.131399e+003,1.074166e-001
3.131881e+003,1.076201e-001
3.132363e+003,1.078323e-001
3.132845e+003,1.080521e-001
3.133328e+003,1.082781e-001
3.133810e+003,1.085030e-001
3.134292e+003,1.087230e-001
3.134774e+003,1.089349e-001
3.135256e+003,1.091394e-001
3.135738e+003,1.093405e-001
3.136220e+003,1.095436e-001
3.136702e+003,1.097542e-001
3.137185e+003,1.099737e-001
3.137667e+003,1.102001e-001
3.138149e+003,1.104297e-001
3.138631e+003,1.106571e-001
3.139113e+003,1.108788e-001
3.139595e+003,1.110942e-001
3.140077e+003,1.113048e-001
3.140559e+003,1.115138e-001
3.141042e+003,1.117243e-001
3.141524e+003,1.119376e-001
3.142006e+003,1.121552e-001
3.142488e+003,1.123771e-001
3.142970e+003,1.126044e-001
3.143452e+003,1.128371e-001
3.143934e+003,1.130775e-001
3.144417e+003,1.133252e-001
3.144898e+003,1.135780e-001
3.145381e+003,1.138327e-001
3.145863e+003,1.140853e-001
3.146345e+003,1.143325e-001
3.146827e+003,1.145749e-001
3.147309e+003,1.148144e-001
3.147791e+003,1.150545e-001
3.148273e+003,1.152987e-001
3.148756e+003,1.155478e-001
3.149238e+003,1.158003e-001
3.149720e+003,1.160524e-001
3.150202e+003,1.163011e-001
3.150684e+003,1.165442e-001
3.151166e+003,1.167823e-001
3.151648e+003,1.170179e-001
3.152130e+003,1.172536e-001
3.152613e+003,1.174906e-001
3.153095e+003,1.177290e-001
3.153577e+003,1.179665e-001
3.154059e+003,1.182022e-001
3.154541e+003,1.184364e-001
3.155023e+003,1.186716e-001
3.155505e+003,1.189118e-001
3.155987e+003,1.191591e-001
3.156469e+003,1.194156e-001
3.156952e+003,1.196797e-001
3.157434e+003,1.199466e-001
3.157916e+003,1.202123e-001
3.158398e+003,1.204737e-001
3.158880e+003,1.207289e-001
3.159362e+003,1.209785e-001
3.159844e+003,1.212236e-001
3.160326e+003,1.214652e-001
3.160809e+003,1.217041e-001
3.161291e+003,1.219408e-001
3.161773e+003,1.221770e-001
3.162255e+003,1.224156e-001
3.162737e+003,1.226600e-001
3.163219e+003,1.229151e-001
3.163701e+003,1.231821e-001
3.164184e+003,1.234602e-001
3.164666e+003,1.237463e-001
3.165148e+003,1.240345e-001
3.165630e+003,1.243218e-001
3.166112e+003,1.246066e-001
3.166594e+003,1.248907e-001
3.167076e+003,1.251775e-001
3.167558e+003,1.254686e-001
3.168041e+003,1.257638e-001
3.168523e+003,1.260603e-001
3.169005e+003,1.263530e-001
3.169487e+003,1.266379e-001
3.169969e+003,1.269134e-001
3.170451e+003,1.271826e-001
3.170933e+003,1.274505e-001
3.171415e+003,1.277234e-001
3.171897e+003,1.280042e-001
3.172380e+003,1.282932e-001
3.172862e+003,1.285861e-001
3.173344e+003,1.288773e-001
3.173826e+003,1.291626e-001
3.174308e+003,1.294394e-001
3.174790e+003,1.297083e-001
3.175272e+003,1.299718e-001
3.175754e+003,1.302329e-001
3.176237e+003,1.304936e-001
3.176719e+003,1.307561e-001
3.177201e+003,1.310209e-001
3.177683e+003,1.312904e-001
3.178165e+003,1.315660e-001
3.178647e+003,1.318499e-001
3.179129e+003,1.321420e-001
3.179612e+003,1.324401e-001
3.180094e+003,1.327402e-001
3.180576e+003,1.330360e-001
3.181058e+003,1.333227e-001
3.181540e+003,1.335972e-001
3.182022e+003,1.338599e-001
3.182504e+003,1.341135e-001
3.182986e+003,1.343615e-001
3.183469e+003,1.346072e-001
3.183951e+003,1.348528e-001
3.184433e+003,1.350996e-001
3.184915e+003,1.353479e-001
3.185397e+003,1.355992e-001
3.185879e+003,1.358544e-001
3.186361e+003,1.361143e-001
3.186843e+003,1.363781e-001
3.187325e+003,1.366430e-001
3.187808e+003,1.369050e-001
3.188290e+003,1.371606e-001
3.188772e+003,1.374089e-001
3.189254e+003,1.376521e-001
3.189736e+003,1.378947e-001
3.190218e+003,1.381416e-001
3.190700e+003,1.383964e-001
3.191182e+003,1.386582e-001
3.191665e+003,1.389226e-001
3.192147e+003,1.391829e-001
3.192629e+003,1.394338e-001
3.193111e+003,1.396731e-001
3.193593e+003,1.399040e-001
3.194075e+003,1.401307e-001
3.194557e+003,1.403586e-001
3.195040e+003,1.405913e-001
3.195521e+003,1.408287e-001
3.196004e+003,1.410685e-001
3.196486e+003,1.413084e-001
3.196968e+003,1.415463e-001
3.197450e+003,1.417833e-001
3.197932e+003,1.420211e-001
3.198414e+003,1.422611e-001
3.198896e+003,1.425026e-001
3.199379e+003,1.427415e-001
3.199861e+003,1.429728e-001
3.200343e+003,1.431917e-001
3.200825e+003,1.433970e-001
3.201307e+003,1.435910e-001
3.201789e+003,1.437789e-001
3.202271e+003,1.439671e-001
3.202753e+003,1.441597e-001
3.203236e+003,1.443581e-001
3.203718e+003,1.445611e-001
3.204200e+003,1.447653e-001
3.204682e+003,1.449686e-001
3.205164e+003,1.451700e-001
3.205646e+003,1.453700e-001
3.206128e+003,1.455699e-001
3.206610e+003,1.457701e-001
3.207093e+003,1.459698e-001
3.207575e+003,1.461675e-001
3.208057e+003,1.463627e-001
3.208539e+003,1.465567e-001
3.209021e+003,1.467518e-001
3.209503e+003,1.469514e-001
3.209985e+003,1.471583e-001
3.210468e+003,1.473730e-001
3.210949e+003,1.475927e-001
3.211432e+003,1.478149e-001
3.211914e+003,1.480366e-001
3.212396e+003,1.482563e-001
3.212878e+003,1.484748e-001
3.213360e+003,1.486930e-001
3.213842e+003,1.489111e-001
3.214324e+003,1.491270e-001
3.214807e+003,1.493375e-001
3.215289e+003,1.495391e-001
3.215771e+003,1.497327e-001
3.216253e+003,1.499205e-001
3.216735e+003,1.501098e-001
3.217217e+003,1.503075e-001
3.217699e+003,1.505190e-001
3.218181e+003,1.507461e-001
3.218664e+003,1.509846e-001
3.219146e+003,1.512280e-001
3.219628e+003,1.514685e-001
3.220110e+003,1.517023e-001
3.220592e+003,1.519284e-001
3.221074e+003,1.521499e-001
3.221556e+003,1.523707e-001
3.222038e+003,1.525946e-001
3.222521e+003,1.528238e-001
3.223003e+003,1.530581e-001
3.223485e+003,1.532974e-001
3.223967e+003,1.535424e-001
3.224449e+003,1.537940e-001
3.224931e+003,1.540535e-001
3.225413e+003,1.543204e-001
3.225896e+003,1.545922e-001
3.226377e+003,1.548647e-001
3.226860e+003,1.551338e-001
3.227342e+003,1.553976e-001
3.227824e+003,1.556567e-001
3.228306e+003,1.559153e-001
3.228788e+003,1.561793e-001
3.229270e+003,1.564535e-001
3.229752e+003,1.567407e-001
3.230235e+003,1.570395e-001
3.230717e+003,1.573498e-001
3.231199e+003,1.576699e-001
3.231681e+003,1.580014e-001
3.232163e+003,1.583455e-001
3.232645e+003,1.587042e-001
3.233127e+003,1.590759e-001
3.233609e+003,1.594559e-001
3.234092e+003,1.598369e-001
3.234574e+003,1.602112e-001
3.235056e+003,1.605749e-001
3.235538e+003,1.609282e-001
3.236020e+003,1.612776e-001
3.236502e+003,1.616302e-001
3.236984e+003,1.619934e-001
3.237466e+003,1.623711e-001
3.237948e+003,1.627621e-001
3.238431e+003,1.631638e-001
3.238913e+003,1.635733e-001
3.239395e+003,1.639889e-001
3.239877e+003,1.644129e-001
3.240359e+003,1.648472e-001
3.240841e+003,1.652934e-001
3.241323e+003,1.657506e-001
3.241806e+003,1.662155e-001
3.242288e+003,1.666857e-001
3.242770e+003,1.671597e-001
3.243252e+003,1.676406e-001
3.243734e+003,1.681328e-001
3.244216e+003,1.686409e-001
3.244698e+003,1.691649e-001
3.245180e+003,1.697003e-001
3.245663e+003,1.702373e-001
3.246145e+003,1.707668e-001
3.246627e+003,1.712819e-001
3.247109e+003,1.717833e-001
3.247591e+003,1.722776e-001
3.248073e+003,1.727738e-001
3.248555e+003,1.732792e-001
3.249037e+003,1.737975e-001
3.249520e+003,1.743260e-001
3.250002e+003,1.748587e-001
3.250484e+003,1.753911e-001
3.250966e+003,1.759233e-001
3.251448e+003,1.764599e-001
3.251930e+003,1.770092e-001
3.252412e+003,1.775783e-001
3.252894e+003,1.781706e-001
3.253376e+003,1.787817e-001
3.253859e+003,1.794033e-001
3.254341e+003,1.800247e-001
3.254823e+003,1.806383e-001
3.255305e+003,1.812402e-001
3.255787e+003,1.818320e-001
3.256269e+003,1.824170e-001
3.256751e+003,1.829995e-001
3.257234e+003,1.835815e-001
3.257716e+003,1.841652e-001
3.258198e+003,1.847524e-001
3.258680e+003,1.853449e-001
3.259162e+003,1.859476e-001
3.259644e+003,1.865614e-001
3.260126e+003,1.871864e-001
3.260608e+003,1.878178e-001
3.261091e+003,1.884483e-001
3.261573e+003,1.890712e-001
3.262055e+003,1.896827e-001
3.262537e+003,1.902844e-001
3.263019e+003,1.908832e-001
3.263501e+003,1.914858e-001
3.263983e+003,1.920985e-001
3.264465e+003,1.927209e-001
3.264948e+003,1.933485e-001
3.265430e+003,1.939740e-001
3.265912e+003,1.945908e-001
3.266394e+003,1.951981e-001
3.266876e+003,1.957990e-001
3.267358e+003,1.963982e-001
3.267840e+003,1.969995e-001
3.268323e+003,1.976016e-001
3.268804e+003,1.981983e-001
3.269287e+003,1.987803e-001
3.269769e+003,1.993405e-001
3.270251e+003,1.998758e-001
3.270733e+003,2.003901e-001
3.271215e+003,2.008913e-001
3.271697e+003,2.013869e-001
3.272179e+003,2.018815e-001
3.272662e+003,2.023751e-001
3.273144e+003,2.028641e-001
3.273626e+003,2.033443e-001
3.274108e+003,2.038122e-001
3.274590e+003,2.042697e-001
3.275072e+003,2.047201e-001
3.275554e+003,2.051668e-001
3.276036e+003,2.056107e-001
3.276519e+003,2.060503e-001
3.277001e+003,2.064817e-001
3.277483e+003,2.069015e-001
3.277965e+003,2.073078e-001
3.278447e+003,2.077028e-001
3.278929e+003,2.080886e-001
3.279411e+003,2.084655e-001
3.279893e+003,2.088324e-001
3.280375e+003,2.091845e-001
3.280858e+003,2.095184e-001
3.281340e+003,2.098309e-001
3.281822e+003,2.101233e-001
3.282304e+003,2.104003e-001
3.282786e+003,2.106672e-001
3.283268e+003,2.109280e-001
3.283750e+003,2.111823e-001
3.284232e+003,2.114266e-001
3.284715e+003,2.116573e-001
3.285197e+003,2.118708e-001
3.285679e+003,2.120684e-001
3.286161e+003,2.122527e-001
3.286643e+003,2.124285e-001
3.287125e+003,2.125974e-001
3.287607e+003,2.127598e-001
3.288090e+003,2.129114e-001
3.288572e+003,2.130502e-001
3.289054e+003,2.131743e-001
3.289536e+003,2.132864e-001
3.290018e+003,2.133904e-001
3.290500e+003,2.134887e-001
3.290982e+003,2.135809e-001
3.291464e+003,2.136615e-001
3.291947e+003,2.137218e-001
3.292429e+003,2.137551e-001
3.292911e+003,2.137597e-001
3.293393e+003,2.137403e-001
3.293875e+003,2.137060e-001
3.294357e+003,2.136654e-001
3.294839e+003,2.136235e-001
3.295321e+003,2.135776e-001
3.295803e+003,2.135198e-001
3.296286e+003,2.134394e-001
3.296768e+003,2.133305e-001
3.297250e+003,2.131933e-001
3.297732e+003,2.130352e-001
3.298214e+003,2.128673e-001
3.298696e+003,2.127004e-001
3.299178e+003,2.125404e-001
3.299660e+003,2.123871e-001
3.300143e+003,2.122366e-001
3.300625e+003,2.120836e-001
3.301107e+003,2.119243e-001
3.301589e+003,2.117570e-001
3.302071e+003,2.115817e-001
3.302553e+003,2.113968e-001
3.303035e+003,2.111991e-001
3.303518e+003,2.109846e-001
3.304000e+003,2.107501e-001
3.304482e+003,2.104960e-001
3.304964e+003,2.102273e-001
3.305446e+003,2.099507e-001
3.305928e+003,2.096743e-001
3.306410e+003,2.094011e-001
3.306892e+003,2.091286e-001
3.307375e+003,2.088496e-001
3.307857e+003,2.085572e-001
3.308339e+003,2.082463e-001
3.308821e+003,2.079169e-001
3.309303e+003,2.075736e-001
3.309785e+003,2.072239e-001
3.310267e+003,2.068715e-001
3.310749e+003,2.065174e-001
3.311231e+003,2.061578e-001
3.311714e+003,2.057899e-001
3.312196e+003,2.054112e-001
3.312678e+003,2.050258e-001
3.313160e+003,2.046406e-001
3.313642e+003,2.042639e-001
3.314124e+003,2.039012e-001
3.314606e+003,2.035535e-001
3.315088e+003,2.032149e-001
3.315571e+003,2.028787e-001
3.316053e+003,2.025399e-001
3.316535e+003,2.021943e-001
3.317017e+003,2.018443e-001
3.317499e+003,2.014926e-001
3.317981e+003,2.011408e-001
3.318463e+003,2.007896e-001
3.318946e+003,2.004356e-001
3.319427e+003,2.000776e-001
3.319910e+003,1.997158e-001
3.320392e+003,1.993541e-001
3.320874e+003,1.989994e-001
3.321356e+003,1.986582e-001
3.321838e+003,1.983335e-001
3.322320e+003,1.980235e-001
3.322802e+003,1.977222e-001
3.323285e+003,1.974226e-001
3.323767e+003,1.971183e-001
3.324249e+003,1.968071e-001
3.324731e+003,1.964896e-001
3.325213e+003,1.961685e-001
3.325695e+003,1.958446e-001
3.326177e+003,1.955171e-001
3.326659e+003,1.951827e-001
3.327142e+003,1.948400e-001
3.327624e+003,1.944895e-001
3.328106e+003,1.941360e-001
3.328588e+003,1.937856e-001
3.329070e+003,1.934431e-001
3.329552e+003,1.931099e-001
3.330034e+003,1.927817e-001
3.330516e+003,1.924533e-001
3.330999e+003,1.921195e-001
3.331481e+003,1.917804e-001
3.331963e+003,1.914410e-001
3.332445e+003,1.911104e-001
3.332927e+003,1.907966e-001
3.333409e+003,1.905020e-001
3.333891e+003,1.902230e-001
3.334374e+003,1.899496e-001
3.334855e+003,1.896708e-001
3.335338e+003,1.893805e-001
3.335820e+003,1.890793e-001
3.336302e+003,1.887753e-001
3.336784e+003,1.884791e-001
3.337266e+003,1.881986e-001
3.337748e+003,1.879361e-001
3.338230e+003,1.876867e-001
3.338713e+003,1.874412e-001
3.339195e+003,1.871908e-001
3.339677e+003,1.869305e-001
3.340159e+003,1.866591e-001
3.340641e+003,1.863808e-001
3.341123e+003,1.860981e-001
3.341605e+003,1.858123e-001
3.342087e+003,1.855224e-001
3.342570e+003,1.852257e-001
3.343052e+003,1.849227e-001
3.343534e+003,1.846165e-001
3.344016e+003,1.843137e-001
3.344498e+003,1.840221e-001
3.344980e+003,1.837471e-001
3.345462e+003,1.834881e-001
3.345944e+003,1.832408e-001
3.346427e+003,1.829972e-001
3.346909e+003,1.827499e-001
3.347391e+003,1.824961e-001
3.347873e+003,1.822353e-001
3.348355e+003,1.819713e-001
3.348837e+003,1.817063e-001
3.349319e+003,1.814415e-001
3.349802e+003,1.811747e-001
3.350283e+003,1.809040e-001
3.350766e+003,1.806286e-001
3.351248e+003,1.803506e-001
3.351730e+003,1.800756e-001
3.352212e+003,1.798093e-001
3.352694e+003,1.795558e-001
3.353176e+003,1.793143e-001
3.353658e+003,1.790811e-001
3.354141e+003,1.788490e-001
3.354623e+003,1.786120e-001
3.355105e+003,1.783683e-001
3.355587e+003,1.781175e-001
3.356069e+003,1.778624e-001
3.356551e+003,1.776051e-001
3.357033e+003,1.773458e-001
3.357515e+003,1.770822e-001
3.357998e+003,1.768115e-001
3.358480e+003,1.765319e-001
3.358962e+003,1.762445e-001
3.359444e+003,1.759529e-001
3.359926e+003,1.756594e-001
3.360408e+003,1.753668e-001
3.360890e+003,1.750749e-001
3.361372e+003,1.747807e-001
3.361854e+003,1.744839e-001
3.362337e+003,1.741854e-001
3.362819e+003,1.738901e-001
3.363301e+003,1.736038e-001
3.363783e+003,1.733336e-001
3.364265e+003,1.730802e-001
3.364747e+003,1.728407e-001
3.365229e+003,1.726066e-001
3.365712e+003,1.723683e-001
3.366194e+003,1.721176e-001
3.366676e+003,1.718526e-001
3.367158e+003,1.715760e-001
3.367640e+003,1.712935e-001
3.368122e+003,1.710120e-001
3.368604e+003,1.707354e-001
3.369086e+003,1.704645e-001
3.369569e+003,1.701993e-001
3.370051e+003,1.699384e-001
3.370533e+003,1.696818e-001
3.371015e+003,1.694297e-001
3.371497e+003,1.691829e-001
3.371979e+003,1.689386e-001
3.372461e+003,1.686938e-001
3.372943e+003,1.684436e-001
3.373426e+003,1.681859e-001
3.373908e+003,1.679215e-001
3.374390e+003,1.676556e-001
3.374872e+003,1.673947e-001
3.375354e+003,1.671451e-001
3.375836e+003,1.669090e-001
3.376318e+003,1.666837e-001
3.376800e+003,1.664625e-001
3.377282e+003,1.662390e-001
3.377765e+003,1.660080e-001
3.378247e+003,1.657697e-001
3.378729e+003,1.655273e-001
3.379211e+003,1.652860e-001
3.379693e+003,1.650472e-001
3.380175e+003,1.648104e-001
3.380657e+003,1.645710e-001
3.381140e+003,1.643251e-001
3.381622e+003,1.640707e-001
3.382104e+003,1.638116e-001
3.382586e+003,1.635540e-001
3.383068e+003,1.633071e-001
3.383550e+003,1.630774e-001
3.384032e+003,1.628667e-001
3.384514e+003,1.626729e-001
3.384997e+003,1.624901e-001
3.385479e+003,1.623134e-001
3.385961e+003,1.621390e-001
3.386443e+003,1.619654e-001
3.386925e+003,1.617929e-001
3.387407e+003,1.616197e-001
3.387889e+003,1.614437e-001
3.388371e+003,1.612605e-001
3.388854e+003,1.610683e-001
3.389336e+003,1.608677e-001
3.389818e+003,1.606624e-001
3.390300e+003,1.604594e-001
3.390782e+003,1.602651e-001
3.391264e+003,1.600822e-001
3.391746e+003,1.599101e-001
3.392229e+003,1.597436e-001
3.392710e+003,1.595770e-001
3.393193e+003,1.594061e-001
3.393675e+003,1.592311e-001
3.394157e+003,1.590557e-001
3.394639e+003,1.588835e-001
3.395121e+003,1.587170e-001
3.395603e+003,1.585565e-001
3.396085e+003,1.583992e-001
3.396568e+003,1.582431e-001
3.397050e+003,1.580880e-001
3.397532e+003,1.579350e-001
3.398014e+003,1.577891e-001
3.398496e+003,1.576527e-001
3.398978e+003,1.575241e-001
3.399460e+003,1.573992e-001
3.399942e+003,1.572703e-001
3.400425e+003,1.571307e-001
3.400907e+003,1.569777e-001
3.401389e+003,1.568130e-001
3.401871e+003,1.566415e-001
3.402353e+003,1.564701e-001
3.402835e+003,1.563012e-001
3.403317e+003,1.561358e-001
3.403799e+003,1.559699e-001
3.404281e+003,1.558019e-001
3.404764e+003,1.556331e-001
3.405246e+003,1.554681e-001
3.405728e+003,1.553133e-001
3.406210e+003,1.551741e-001
3.406692e+003,1.550509e-001
3.407174e+003,1.549386e-001
3.407656e+003,1.548276e-001
3.408138e+003,1.547087e-001
3.408621e+003,1.545771e-001
3.409103e+003,1.544346e-001
3.409585e+003,1.542868e-001
3.410067e+003,1.541419e-001
3.410549e+003,1.540035e-001
3.411031e+003,1.538709e-001
3.411513e+003,1.537382e-001
3.411996e+003,1.535995e-001
3.412478e+003,1.534508e-001
3.412960e+003,1.532942e-001
3.413442e+003,1.531361e-001
3.413924e+003,1.529835e-001
3.414406e+003,1.528400e-001
3.414888e+003,1.527044e-001
3.415370e+003,1.525702e-001
3.415853e+003,1.524291e-001
3.416335e+003,1.522772e-001
3.416817e+003,1.521143e-001
3.417299e+003,1.519470e-001
3.417781e+003,1.517844e-001
3.418263e+003,1.516329e-001
3.418745e+003,1.514937e-001
3.419227e+003,1.513632e-001
3.419709e+003,1.512338e-001
3.420192e+003,1.511001e-001
3.420674e+003,1.509593e-001
3.421156e+003,1.508149e-001
3.421638e+003,1.506715e-001
3.422120e+003,1.505329e-001
3.422602e+003,1.503985e-001
3.423084e+003,1.502650e-001
3.423566e+003,1.501261e-001
3.424049e+003,1.499786e-001
3.424531e+003,1.498242e-001
3.425013e+003,1.496671e-001
3.425495e+003,1.495149e-001
3.425977e+003,1.493716e-001
3.426459e+003,1.492374e-001
3.426941e+003,1.491073e-001
3.427424e+003,1.489747e-001
3.427906e+003,1.488342e-001
3.428388e+003,1.486851e-001
3.428870e+003,1.485319e-001
3.429352e+003,1.483812e-001
3.429834e+003,1.482388e-001
3.430316e+003,1.481065e-001
3.430798e+003,1.479808e-001
3.431281e+003,1.478550e-001
3.431763e+003,1.477222e-001
3.432245e+003,1.475778e-001
3.432727e+003,1.474223e-001
3.433209e+003,1.472587e-001
3.433691e+003,1.470915e-001
3.434173e+003,1.469253e-001
3.434655e+003,1.467617e-001
3.435137e+003,1.466021e-001
3.435620e+003,1.464480e-001
3.436102e+003,1.463025e-001
3.436584e+003,1.461677e-001
3.437066e+003,1.460446e-001
3.437548e+003,1.459306e-001
3.438030e+003,1.458201e-001
3.438512e+003,1.457038e-001
3.438994e+003,1.455761e-001
3.439477e+003,1.454333e-001
3.439959e+003,1.452790e-001
3.440441e+003,1.451210e-001
3.440923e+003,1.449680e-001
3.441405e+003,1.448255e-001
3.441887e+003,1.446950e-001
3.442369e+003,1.445697e-001
3.442852e+003,1.444423e-001
3.443333e+003,1.443051e-001
3.443816e+003,1.441546e-001
3.444298e+003,1.439928e-001
3.444780e+003,1.438242e-001
3.445262e+003,1.436552e-001
3.445744e+003,1.434909e-001
3.446226e+003,1.433347e-001
3.446708e+003,1.431874e-001
3.447191e+003,1.430480e-001
3.447673e+003,1.429165e-001
3.448155e+003,1.427908e-001
3.448637e+003,1.426676e-001
3.449119e+003,1.425417e-001
3.449601e+003,1.424071e-001
3.450083e+003,1.422585e-001
3.450565e+003,1.420937e-001
3.451048e+003,1.419156e-001
3.451530e+003,1.417326e-001
3.452012e+003,1.415549e-001
3.452494e+003,1.413912e-001
3.452976e+003,1.412438e-001
3.453458e+003,1.411111e-001
3.453940e+003,1.409829e-001
3.454422e+003,1.408525e-001
3.454905e+003,1.407126e-001
3.455387e+003,1.405625e-001
3.455869e+003,1.404043e-001
3.456351e+003,1.402422e-001
3.456833e+003,1.400783e-001
3.457315e+003,1.399115e-001
3.457797e+003,1.397370e-001
3.458280e+003,1.395520e-001
3.458761e+003,1.393560e-001
3.459244e+003,1.391536e-001
3.459726e+003,1.389518e-001
3.460208e+003,1.387589e-001
3.460690e+003,1.385794e-001
3.461172e+003,1.384121e-001
3.461654e+003,1.382528e-001
3.462136e+003,1.380956e-001
3.462619e+003,1.379355e-001
3.463101e+003,1.377711e-001
3.463583e+003,1.376051e-001
3.464065e+003,1.374383e-001
3.464547e+003,1.372709e-001
3.465029e+003,1.370994e-001
3.465511e+003,1.369178e-001
3.465993e+003,1.367242e-001
3.466476e+003,1.365185e-001
3.466958e+003,1.363074e-001
3.467440e+003,1.360993e-001
3.467922e+003,1.359014e-001
3.468404e+003,1.357158e-001
3.468886e+003,1.355382e-001
3.469368e+003,1.353603e-001
3.469850e+003,1.351727e-001
3.470333e+003,1.349714e-001
3.470815e+003,1.347579e-001
3.471297e+003,1.345398e-001
3.471779e+003,1.343252e-001
3.472261e+003,1.341206e-001
3.472743e+003,1.339282e-001
3.473225e+003,1.337442e-001
3.473708e+003,1.335646e-001
3.474189e+003,1.333848e-001
3.474672e+003,1.332047e-001
3.475154e+003,1.330254e-001
3.475636e+003,1.328491e-001
3.476118e+003,1.326735e-001
3.476600e+003,1.324945e-001
3.477082e+003,1.323044e-001
3.477564e+003,1.320972e-001
3.478047e+003,1.318706e-001
3.478529e+003,1.316286e-001
3.479011e+003,1.313789e-001
3.479493e+003,1.311317e-001
3.479975e+003,1.308938e-001
3.480457e+003,1.306678e-001
3.480939e+003,1.304518e-001
3.481421e+003,1.302424e-001
3.481904e+003,1.300370e-001
3.482386e+003,1.298347e-001
3.482868e+003,1.296376e-001
3.483350e+003,1.294457e-001
3.483832e+003,1.292573e-001
3.484314e+003,1.290663e-001
3.484796e+003,1.288659e-001
3.485278e+003,1.286499e-001
3.485760e+003,1.284171e-001
3.486243e+003,1.281717e-001
3.486725e+003,1.279210e-001
3.487207e+003,1.276732e-001
3.487689e+003,1.274332e-001
3.488171e+003,1.272013e-001
3.488653e+003,1.269741e-001
3.489135e+003,1.267488e-001
3.489618e+003,1.265242e-001
3.490100e+003,1.263039e-001
3.490582e+003,1.260918e-001
3.491064e+003,1.258894e-001
3.491546e+003,1.256940e-001
3.492028e+003,1.254972e-001
3.492510e+003,1.252883e-001
3.492992e+003,1.250598e-001
3.493475e+003,1.248088e-001
3.493957e+003,1.245424e-001
3.494439e+003,1.242705e-001
3.494921e+003,1.240080e-001
3.495403e+003,1.237620e-001
3.495885e+003,1.235359e-001
3.496367e+003,1.233256e-001
3.496849e+003,1.231255e-001
3.497332e+003,1.229295e-001
3.497814e+003,1.227363e-001
3.498296e+003,1.225453e-001
3.498778e+003,1.223560e-001
3.499260e+003,1.221637e-001
3.499742e+003,1.219600e-001
3.500224e+003,1.217349e-001
3.500706e+003,1.214797e-001
3.501188e+003,1.211944e-001
3.501671e+003,1.208878e-001
3.502153e+003,1.205758e-001
3.502635e+003,1.202781e-001
3.503117e+003,1.200069e-001
3.503599e+003,1.197656e-001
3.504081e+003,1.195474e-001
3.504563e+003,1.193406e-001
3.505046e+003,1.191347e-001
3.505528e+003,1.189247e-001
3.506010e+003,1.187087e-001
3.506492e+003,1.184884e-001
3.506974e+003,1.182634e-001
3.507456e+003,1.180311e-001
3.507938e+003,1.177865e-001
3.508420e+003,1.175267e-001
3.508903e+003,1.172513e-001
3.509385e+003,1.169664e-001
3.509867e+003,1.166817e-001
3.510349e+003,1.164049e-001
3.510831e+003,1.161396e-001
3.511313e+003,1.158835e-001
3.511795e+003,1.156300e-001
3.512277e+003,1.153740e-001
3.512760e+003,1.151130e-001
3.513242e+003,1.148490e-001
3.513724e+003,1.145878e-001
3.514206e+003,1.143332e-001
3.514688e+003,1.140860e-001
3.515170e+003,1.138414e-001
3.515652e+003,1.135927e-001
3.516135e+003,1.133335e-001
3.516616e+003,1.130614e-001
3.517099e+003,1.127782e-001
3.517581e+003,1.124903e-001
3.518063e+003,1.122030e-001
3.518545e+003,1.119186e-001
3.519027e+003,1.116336e-001
3.519509e+003,1.113433e-001
3.519991e+003,1.110435e-001
3.520474e+003,1.107356e-001
3.520956e+003,1.104257e-001
3.521438e+003,1.101244e-001
3.521920e+003,1.098398e-001
3.522402e+003,1.095741e-001
3.522884e+003,1.093229e-001
3.523366e+003,1.090730e-001
3.523848e+003,1.088116e-001
3.524331e+003,1.085312e-001
3.524813e+003,1.082320e-001
3.525295e+003,1.079215e-001
3.525777e+003,1.076100e-001
3.526259e+003,1.073039e-001
3.526741e+003,1.070071e-001
3.527223e+003,1.067173e-001
3.527705e+003,1.064317e-001
3.528188e+003,1.061488e-001
3.528670e+003,1.058697e-001
3.529152e+003,1.055971e-001
3.529634e+003,1.053327e-001
3.530116e+003,1.050741e-001
3.530598e+003,1.048162e-001
3.531080e+003,1.045511e-001
3.531563e+003,1.042735e-001
3.532044e+003,1.039831e-001
3.532527e+003,1.036840e-001
3.533009e+003,1.033831e-001
3.533491e+003,1.030856e-001
3.533973e+003,1.027923e-001
3.534455e+003,1.025012e-001
3.534937e+003,1.022066e-001
3.535419e+003,1.019058e-001
3.535902e+003,1.016005e-001
3.536384e+003,1.012966e-001
3.536866e+003,1.010021e-001
3.537348e+003,1.007214e-001
3.537830e+003,1.004518e-001
3.538312e+003,1.001846e-001
3.538794e+003,9.990860e-002
3.539276e+003,9.961549e-002
3.539759e+003,9.930298e-002
3.540241e+003,9.897570e-002
3.540723e+003,9.864176e-002
3.541205e+003,9.830955e-002
3.541687e+003,9.798121e-002
3.542169e+003,9.765385e-002
3.542651e+003,9.731986e-002
3.543133e+003,9.697369e-002
3.543615e+003,9.661516e-002
3.544098e+003,9.625400e-002
3.544580e+003,9.590618e-002
3.545062e+003,9.558710e-002
3.545544e+003,9.530511e-002
3.546026e+003,9.505799e-002
3.546508e+003,9.483207e-002
3.546990e+003,9.461150e-002
3.547472e+003,9.438378e-002
3.547955e+003,9.414415e-002
3.548437e+003,9.389225e-002
3.548919e+003,9.363034e-002
3.549401e+003,9.335727e-002
3.549883e+003,9.306969e-002
3.550365e+003,9.276010e-002
3.550847e+003,9.242611e-002
3.551330e+003,9.207065e-002
3.551812e+003,9.170479e-002
3.552294e+003,9.134605e-002
3.552776e+003,9.100866e-002
3.553258e+003,9.069956e-002
3.553740e+003,9.041546e-002
3.554222e+003,9.014678e-002
3.554704e+003,8.988208e-002
3.555187e+003,8.961524e-002
3.555669e+003,8.934624e-002
3.556151e+003,8.907711e-002
3.556633e+003,8.881181e-002
3.557115e+003,8.854910e-002
3.557597e+003,8.828338e-002
3.558079e+003,8.800527e-002
3.558561e+003,8.770593e-002
3.559043e+003,8.738161e-002
3.559526e+003,8.703568e-002
3.560008e+003,8.667839e-002
3.560490e+003,8.632071e-002
3.560972e+003,8.597237e-002
3.561454e+003,8.563662e-002
3.561936e+003,8.531082e-002
3.562418e+003,8.499063e-002
3.562900e+003,8.467115e-002
3.563383e+003,8.434942e-002
3.563865e+003,8.402444e-002
3.564347e+003,8.369531e-002
3.564829e+003,8.335919e-002
3.565311e+003,8.301271e-002
3.565793e+003,8.265736e-002
3.566275e+003,8.230162e-002
3.566758e+003,8.196482e-002
3.567240e+003,8.166900e-002
3.567722e+003,8.142586e-002
3.568204e+003,8.122739e-002
3.568686e+003,8.105397e-002
3.569168e+003,8.088125e-002
3.569650e+003,8.068957e-002
3.570132e+003,8.046908e-002
3.570615e+003,8.021915e-002
3.571097e+003,7.994579e-002
3.571579e+003,7.965881e-002
3.572061e+003,7.936633e-002
3.572543e+003,7.907271e-002
3.573025e+003,7.877658e-002
3.573507e+003,7.847469e-002
3.573989e+003,7.816456e-002
3.574471e+003,7.784980e-002
3.574954e+003,7.753902e-002
3.575436e+003,7.724252e-002
3.575918e+003,7.696767e-002
3.576400e+003,7.671508e-002
3.576882e+003,7.647628e-002
3.577364e+003,7.623957e-002
3.577846e+003,7.599263e-002
3.578328e+003,7.573048e-002
3.578811e+003,7.545435e-002
3.579293e+003,7.517222e-002
3.579775e+003,7.489294e-002
3.580257e+003,7.462246e-002
3.580739e+003,7.436118e-002
3.581221e+003,7.410510e-002
3.581703e+003,7.385097e-002
3.582186e+003,7.359546e-002
3.582667e+003,7.333792e-002
3.583150e+003,7.307911e-002
3.583632e+003,7.281706e-002
3.584114e+003,7.254587e-002
3.584596e+003,7.225813e-002
3.585078e+003,7.194436e-002
3.585560e+003,7.160344e-002
3.586042e+003,7.124525e-002
3.586525e+003,7.089634e-002
3.587007e+003,7.058922e-002
3.587489e+003,7.034773e-002
3.587971e+003,7.016727e-002
3.588453e+003,7.002075e-002
3.588935e+003,6.987344e-002
3.589417e+003,6.970186e-002
3.589899e+003,6.949716e-002
3.590382e+003,6.926321e-002
3.590864e+003,6.900897e-002
3.591346e+003,6.874313e-002
3.591828e+003,6.847031e-002
3.592310e+003,6.818987e-002
3.592792e+003,6.789759e-002
3.593274e+003,6.758975e-002
3.593756e+003,6.727009e-002
3.594239e+003,6.694778e-002
3.594721e+003,6.663591e-002
3.595203e+003,6.634700e-002
3.595685e+003,6.608246e-002
3.596167e+003,6.583811e-002
3.596649e+003,6.560395e-002
3.597131e+003,6.537349e-002
3.597614e+003,6.514424e-002
3.598095e+003,6.492043e-002
3.598578e+003,6.470778e-002
3.599060e+003,6.450938e-002
3.599542e+003,6.432129e-002
3.600024e+003,6.413291e-002
3.600506e+003,6.393047e-002
3.600988e+003,6.370611e-002
3.601470e+003,6.345936e-002
3.601953e+003,6.320053e-002
3.602435e+003,6.294205e-002
3.602917e+003,6.269250e-002
3.603399e+003,6.245422e-002
3.603881e+003,6.221964e-002
3.604363e+003,6.197684e-002
3.604845e+003,6.171499e-002
3.605327e+003,6.142728e-002
3.605810e+003,6.111668e-002
3.606292e+003,6.079427e-002
3.606774e+003,6.047719e-002
3.607256e+003,6.018218e-002
3.607738e+003,5.991944e-002
3.608220e+003,5.968574e-002
3.608702e+003,5.947189e-002
3.609184e+003,5.926484e-002
3.609667e+003,5.905664e-002
3.610149e+003,5.884494e-002
3.610631e+003,5.862924e-002
3.611113e+003,5.840829e-002
3.611595e+003,5.818173e-002
3.612077e+003,5.794694e-002
3.612559e+003,5.770517e-002
3.613042e+003,5.746065e-002
3.613524e+003,5.722180e-002
3.614006e+003,5.699522e-002
3.614488e+003,5.678165e-002
3.614970e+003,5.657638e-002
3.615452e+003,5.637133e-002
3.615934e+003,5.615755e-002
3.616416e+003,5.593220e-002
3.616898e+003,5.569788e-002
3.617381e+003,5.546379e-002
3.617863e+003,5.524308e-002
3.618345e+003,5.504494e-002
3.618827e+003,5.486787e-002
3.619309e+003,5.470320e-002
3.619791e+003,5.453663e-002
3.620273e+003,5.436197e-002
3.620755e+003,5.418107e-002
3.621238e+003,5.400288e-002
3.621720e+003,5.383372e-002
3.622202e+003,5.367497e-002
3.622684e+003,5.351955e-002
3.623166e+003,5.335565e-002
3.623648e+003,5.316738e-002
3.624130e+003,5.294407e-002
3.624612e+003,5.268148e-002
3.625094e+003,5.238149e-002
3.625577e+003,5.205180e-002
3.626059e+003,5.170210e-002
3.626541e+003,5.133862e-002
3.627023e+003,5.096829e-002
3.627505e+003,5.060168e-002
3.627987e+003,5.026373e-002
3.628469e+003,4.999028e-002
3.628952e+003,4.980654e-002
3.629434e+003,4.970356e-002
3.629916e+003,4.963953e-002
3.630398e+003,4.957339e-002
3.630880e+003,4.947805e-002
3.631362e+003,4.934395e-002
3.631844e+003,4.917470e-002
3.632326e+003,4.898196e-002
3.632809e+003,4.878224e-002
3.633291e+003,4.859155e-002
3.633773e+003,4.841995e-002
3.634255e+003,4.826434e-002
3.634737e+003,4.811442e-002
3.635219e+003,4.795615e-002
3.635701e+003,4.778121e-002
3.636183e+003,4.759049e-002
3.636666e+003,4.739252e-002
3.637148e+003,4.719950e-002
3.637630e+003,4.702074e-002
3.638112e+003,4.685721e-002
3.638594e+003,4.670186e-002
3.639076e+003,4.654126e-002
3.639558e+003,4.636462e-002
3.640041e+003,4.616635e-002
3.640522e+003,4.594854e-002
3.641005e+003,4.572016e-002
3.641487e+003,4.548827e-002
3.641969e+003,4.525697e-002
3.642451e+003,4.502354e-002
3.642933e+003,4.478052e-002
3.643415e+003,4.451996e-002
3.643897e+003,4.423728e-002
3.644380e+003,4.393272e-002
3.644862e+003,4.361039e-002
3.645344e+003,4.327663e-002
3.645826e+003,4.293824e-002
3.646308e+003,4.260196e-002
3.646790e+003,4.227484e-002
3.647272e+003,4.196967e-002
3.647754e+003,4.170803e-002
3.648237e+003,4.151908e-002
3.648719e+003,4.143050e-002
3.649201e+003,4.144900e-002
3.649683e+003,4.154386e-002
3.650165e+003,4.165687e-002
3.650647e+003,4.172881e-002
3.651129e+003,4.172712e-002
3.651611e+003,4.164928e-002
3.652094e+003,4.151316e-002
3.652576e+003,4.133988e-002
3.653058e+003,4.114657e-002
3.653540e+003,4.094466e-002
3.654022e+003,4.074248e-002
3.654504e+003,4.054399e-002
3.654986e+003,4.035543e-002
3.655469e+003,4.018234e-002
3.655950e+003,4.003086e-002
3.656433e+003,3.990022e-002
3.656915e+003,3.978360e-002
3.657397e+003,3.966944e-002
3.657879e+003,3.954754e-002
3.658361e+003,3.941196e-002
3.658843e+003,3.926294e-002
3.659325e+003,3.910580e-002
3.659808e+003,3.894940e-002
3.660290e+003,3.880179e-002
3.660772e+003,3.866806e-002
3.661254e+003,3.854800e-002
3.661736e+003,3.843797e-002
3.662218e+003,3.833152e-002
3.662700e+003,3.822444e-002
3.663182e+003,3.811608e-002
3.663665e+003,3.800622e-002
3.664147e+003,3.789471e-002
3.664629e+003,3.777748e-002
3.665111e+003,3.764640e-002
3.665593e+003,3.748956e-002
3.666075e+003,3.729639e-002
3.666557e+003,3.706203e-002
3.667039e+003,3.678885e-002
3.667521e+003,3.649252e-002
3.668004e+003,3.620113e-002
3.668486e+003,3.595324e-002
3.668968e+003,3.578750e-002
3.669450e+003,3.572021e-002
3.669932e+003,3.572590e-002
3.670414e+003,3.575049e-002
3.670896e+003,3.573914e-002
3.671378e+003,3.566546e-002
3.671861e+003,3.552919e-002
3.672343e+003,3.534002e-002
3.672825e+003,3.511026e-002
3.673307e+003,3.485523e-002
3.673789e+003,3.459594e-002
3.674271e+003,3.437344e-002
3.674753e+003,3.424197e-002
3.675236e+003,3.424087e-002
3.675718e+003,3.435014e-002
3.676200e+003,3.450076e-002
3.676682e+003,3.462654e-002
3.677164e+003,3.470043e-002
3.677646e+003,3.472279e-002
3.678128e+003,3.470817e-002
3.678610e+003,3.467086e-002
3.679093e+003,3.462046e-002
3.679575e+003,3.456022e-002
3.680057e+003,3.448650e-002
3.680539e+003,3.439133e-002
3.681021e+003,3.426935e-002
3.681503e+003,3.411956e-002
3.681985e+003,3.394881e-002
3.682467e+003,3.376868e-002
3.682949e+003,3.359401e-002
3.683432e+003,3.343577e-002
3.683914e+003,3.329881e-002
3.684396e+003,3.317878e-002
3.684878e+003,3.306532e-002
3.685360e+003,3.294586e-002
3.685842e+003,3.281417e-002
3.686324e+003,3.267086e-002
3.686806e+003,3.252889e-002
3.687289e+003,3.241083e-002
3.687771e+003,3.234051e-002
3.688253e+003,3.233214e-002
3.688735e+003,3.238015e-002
3.689217e+003,3.245635e-002
3.689699e+003,3.253096e-002
3.690181e+003,3.258262e-002
3.690664e+003,3.260685e-002
3.691146e+003,3.260786e-002
3.691628e+003,3.258990e-002
3.692110e+003,3.255396e-002
3.692592e+003,3.250077e-002
3.693074e+003,3.243210e-002
3.693556e+003,3.235304e-002
3.694038e+003,3.227445e-002
3.694521e+003,3.220935e-002
3.695003e+003,3.216858e-002
3.695485e+003,3.215717e-002
3.695967e+003,3.216936e-002
3.696449e+003,3.219067e-002
3.696931e+003,3.220325e-002
3.697413e+003,3.219219e-002
3.697895e+003,3.215102e-002
3.698377e+003,3.208270e-002
3.698860e+003,3.199811e-002
3.699342e+003,3.191113e-002
3.699824e+003,3.183514e-002
3.700306e+003,3.178114e-002
3.700788e+003,3.175388e-002
3.701270e+003,3.175276e-002
3.701752e+003,3.177129e-002
3.702234e+003,3.180032e-002
3.702717e+003,3.183074e-002
3.703199e+003,3.185504e-002
3.703681e+003,3.186807e-002
3.704163e+003,3.186546e-002
3.704645e+003,3.184431e-002
3.705127e+003,3.180613e-002
3.705609e+003,3.175192e-002
3.706092e+003,3.168567e-002
3.706573e+003,3.161038e-002
3.707056e+003,3.152806e-002
3.707538e+003,3.143657e-002
3.708020e+003,3.133317e-002
3.708502e+003,3.121346e-002
3.708984e+003,3.108045e-002
3.709466e+003,3.094704e-002
3.709948e+003,3.083791e-002
3.710431e+003,3.078665e-002
3.710913e+003,3.082060e-002
3.711395e+003,3.094118e-002
3.711877e+003,3.112438e-002
3.712359e+003,3.132581e-002
3.712841e+003,3.150852e-002
3.713323e+003,3.164761e-002
3.713805e+003,3.173755e-002
3.714288e+003,3.178323e-002
3.714770e+003,3.179325e-002
3.715252e+003,3.177792e-002
3.715734e+003,3.174663e-002
3.716216e+003,3.170504e-002
3.716698e+003,3.165892e-002
3.717180e+003,3.161002e-002
3.717662e+003,3.155973e-002
3.718145e+003,3.150628e-002
3.718627e+003,3.144655e-002
3.719109e+003,3.137951e-002
3.719591e+003,3.130667e-002
3.720073e+003,3.123520e-002
3.720555e+003,3.117427e-002
3.721037e+003,3.113557e-002
3.721520e+003,3.112478e-002
3.722001e+003,3.113962e-002
3.722484e+003,3.116767e-002
3.722966e+003,3.119283e-002
3.723448e+003,3.120417e-002
3.723930e+003,3.120079e-002
3.724412e+003,3.119803e-002
3.724894e+003,3.121818e-002
3.725376e+003,3.128375e-002
3.725859e+003,3.140196e-002
3.726341e+003,3.155849e-002
3.726823e+003,3.171859e-002
3.727305e+003,3.184373e-002
3.727787e+003,3.190605e-002
3.728269e+003,3.189733e-002
3.728751e+003,3.182459e-002
3.729233e+003,3.170660e-002
3.729716e+003,3.156413e-002
3.730198e+003,3.141775e-002
3.730680e+003,3.128254e-002
3.731162e+003,3.116610e-002
3.731644e+003,3.106551e-002
3.732126e+003,3.097372e-002
3.732608e+003,3.088432e-002
3.733090e+003,3.080283e-002
3.733573e+003,3.074780e-002
3.734055e+003,3.074863e-002
3.734537e+003,3.083116e-002
3.735019e+003,3.100164e-002
3.735501e+003,3.123022e-002
3.735983e+003,3.146344e-002
3.736465e+003,3.165017e-002
3.736948e+003,3.176713e-002
3.737430e+003,3.181682e-002
3.737912e+003,3.181625e-002
3.738394e+003,3.178043e-002
3.738876e+003,3.172213e-002
3.739358e+003,3.164586e-002
3.739840e+003,3.155278e-002
3.740322e+003,3.144363e-002
3.740804e+003,3.131967e-002
3.741287e+003,3.118647e-002
3.741769e+003,3.105501e-002
3.742251e+003,3.094325e-002
3.742733e+003,3.088012e-002
3.743215e+003,3.089851e-002
3.743697e+003,3.102209e-002
3.744179e+003,3.123133e-002
3.744661e+003,3.145885e-002
3.745144e+003,3.162561e-002
3.745626e+003,3.169359e-002
3.746108e+003,3.166641e-002
3.746590e+003,3.156884e-002
3.747072e+003,3.142493e-002
3.747554e+003,3.125720e-002
3.748036e+003,3.108551e-002
3.748518e+003,3.093013e-002
3.749000e+003,3.081093e-002
3.749483e+003,3.074678e-002
3.749965e+003,3.074795e-002
3.750447e+003,3.081762e-002
3.750929e+003,3.094597e-002
3.751411e+003,3.111705e-002
3.751893e+003,3.130670e-002
3.752375e+003,3.148893e-002
3.752858e+003,3.164156e-002
3.753340e+003,3.175062e-002
3.753822e+003,3.181038e-002
3.754304e+003,3.182347e-002
3.754786e+003,3.179584e-002
3.755268e+003,3.173852e-002
3.755750e+003,3.166075e-002
3.756232e+003,3.157624e-002
3.756715e+003,3.149488e-002
3.757197e+003,3.142925e-002
3.757679e+003,3.138822e-002
3.758161e+003,3.137968e-002
3.758643e+003,3.140834e-002
3.759125e+003,3.147332e-002
3.759607e+003,3.156435e-002
3.760089e+003,3.166240e-002
3.760572e+003,3.174496e-002
3.761054e+003,3.179389e-002
3.761536e+003,3.179988e-002
3.762018e+003,3.176493e-002
3.762500e+003,3.169934e-002
3.762982e+003,3.162090e-002
3.763464e+003,3.154957e-002
3.763947e+003,3.150453e-002
3.764428e+003,3.149712e-002
3.764911e+003,3.152456e-002
3.765393e+003,3.156815e-002
3.765875e+003,3.160463e-002
3.766357e+003,3.161478e-002
3.766839e+003,3.159465e-002
3.767321e+003,3.155390e-002
3.767803e+003,3.151136e-002
3.768286e+003,3.148968e-002
3.768768e+003,3.150759e-002
3.769250e+003,3.157209e-002
3.769732e+003,3.167469e-002
3.770214e+003,3.179402e-002
3.770696e+003,3.190776e-002
3.771178e+003,3.200116e-002
3.771660e+003,3.206973e-002
3.772143e+003,3.211692e-002
3.772625e+003,3.214614e-002
3.773107e+003,3.216096e-002
3.773589e+003,3.216226e-002
3.774071e+003,3.214851e-002
3.774553e+003,3.211971e-002
3.775035e+003,3.207611e-002
3.775517e+003,3.201962e-002
3.776000e+003,3.195392e-002
3.776482e+003,3.188412e-002
3.776964e+003,3.181750e-002
3.777446e+003,3.176516e-002
3.777928e+003,3.173909e-002
3.778410e+003,3.175195e-002
3.778892e+003,3.180834e-002
3.779375e+003,3.190089e-002
3.779856e+003,3.200763e-002
3.780339e+003,3.210227e-002
3.780821e+003,3.216270e-002
3.781303e+003,3.217971e-002
3.781785e+003,3.215403e-002
3.782267e+003,3.209769e-002
3.782749e+003,3.202714e-002
3.783231e+003,3.196335e-002
3.783714e+003,3.192306e-002
3.784196e+003,3.191793e-002
3.784678e+003,3.194718e-002
3.785160e+003,3.199729e-002
3.785642e+003,3.205291e-002
3.786124e+003,3.209805e-002
3.786606e+003,3.212453e-002
3.787088e+003,3.213041e-002
3.787571e+003,3.211914e-002
3.788053e+003,3.209713e-002
3.788535e+003,3.207267e-002
3.789017e+003,3.205306e-002
3.789499e+003,3.204587e-002
3.789981e+003,3.205674e-002
3.790463e+003,3.208592e-002
3.790945e+003,3.212945e-002
3.791427e+003,3.217670e-002
3.791910e+003,3.221450e-002
3.792392e+003,3.222820e-002
3.792874e+003,3.221051e-002
3.793356e+003,3.216039e-002
3.793838e+003,3.208539e-002
3.794320e+003,3.199986e-002
3.794802e+003,3.192226e-002
3.795284e+003,3.186837e-002
3.795767e+003,3.184344e-002
3.796249e+003,3.183915e-002
3.796731e+003,3.183589e-002
3.797213e+003,3.181055e-002
3.797695e+003,3.175186e-002
3.798177e+003,3.165749e-002
3.798659e+003,3.153950e-002
3.799142e+003,3.141814e-002
3.799624e+003,3.132064e-002
3.800106e+003,3.128201e-002
3.800588e+003,3.133385e-002
3.801070e+003,3.148198e-002
3.801552e+003,3.168961e-002
3.802034e+003,3.189358e-002
3.802516e+003,3.204214e-002
3.802999e+003,3.211545e-002
3.803481e+003,3.212350e-002
3.803963e+003,3.208555e-002
3.804445e+003,3.202561e-002
3.804927e+003,3.196836e-002
3.805409e+003,3.194169e-002
3.805891e+003,3.196952e-002
3.806373e+003,3.206217e-002
3.806855e+003,3.220230e-002
3.807338e+003,3.235199e-002
3.807820e+003,3.247190e-002
3.808302e+003,3.254228e-002
3.808784e+003,3.256390e-002
3.809266e+003,3.255090e-002
3.809748e+003,3.251936e-002
3.810230e+003,3.248138e-002
3.810712e+003,3.244055e-002
3.811195e+003,3.239391e-002
3.811677e+003,3.233207e-002
3.812159e+003,3.224716e-002
3.812641e+003,3.213544e-002
3.813123e+003,3.200528e-002
3.813605e+003,3.187509e-002
3.814087e+003,3.177568e-002
3.814570e+003,3.174129e-002
3.815052e+003,3.179505e-002
3.815534e+003,3.192537e-002
3.816016e+003,3.208035e-002
3.816498e+003,3.219180e-002
3.816980e+003,3.221611e-002
3.817462e+003,3.214500e-002
3.817944e+003,3.199854e-002
3.818427e+003,3.180976e-002
3.818909e+003,3.161902e-002
3.819391e+003,3.147146e-002
3.819873e+003,3.141725e-002
3.820355e+003,3.149024e-002
3.820837e+003,3.167937e-002
3.821319e+003,3.191930e-002
3.821801e+003,3.212873e-002
3.822283e+003,3.225997e-002
3.822766e+003,3.231028e-002
3.823248e+003,3.230053e-002
3.823730e+003,3.225797e-002
3.824212e+003,3.220765e-002
3.824694e+003,3.217036e-002
3.825176e+003,3.216072e-002
3.825658e+003,3.218364e-002
3.826140e+003,3.223203e-002
3.826623e+003,3.228547e-002
3.827105e+003,3.232135e-002
3.827587e+003,3.232297e-002
3.828069e+003,3.228746e-002
3.828551e+003,3.222453e-002
3.829033e+003,3.215292e-002
3.829515e+003,3.209474e-002
3.829998e+003,3.207123e-002
3.830479e+003,3.209338e-002
3.830962e+003,3.216031e-002
3.831444e+003,3.225470e-002
3.831926e+003,3.234614e-002
3.832408e+003,3.240965e-002
3.832890e+003,3.242524e-002
3.833372e+003,3.238801e-002
3.833854e+003,3.230181e-002
3.834337e+003,3.217931e-002
3.834819e+003,3.203193e-002
3.835301e+003,3.187443e-002
3.835783e+003,3.172064e-002
3.836265e+003,3.158796e-002
3.836747e+003,3.149308e-002
3.837229e+003,3.145389e-002
3.837711e+003,3.148143e-002
3.838194e+003,3.157234e-002
3.838676e+003,3.170970e-002
3.839158e+003,3.186602e-002
3.839640e+003,3.201450e-002
3.840122e+003,3.213928e-002
3.840604e+003,3.223672e-002
3.841086e+003,3.231291e-002
3.841568e+003,3.237718e-002
3.842051e+003,3.243849e-002
3.842533e+003,3.250098e-002
3.843015e+003,3.256374e-002
3.843497e+003,3.262016e-002
3.843979e+003,3.266348e-002
3.844461e+003,3.268693e-002
3.844943e+003,3.268869e-002
3.845426e+003,3.266953e-002
3.845907e+003,3.263192e-002
3.846390e+003,3.257830e-002
3.846872e+003,3.251117e-002
3.847354e+003,3.242932e-002
3.847836e+003,3.233278e-002
3.848318e+003,3.221788e-002
3.848800e+003,3.208333e-002
3.849282e+003,3.192588e-002
3.849765e+003,3.174422e-002
3.850247e+003,3.153992e-002
3.850729e+003,3.132169e-002
3.851211e+003,3.111096e-002
3.851693e+003,3.095377e-002
3.852175e+003,3.092085e-002
3.852657e+003,3.107817e-002
3.853139e+003,3.142298e-002
3.853622e+003,3.185008e-002
3.854104e+003,3.222921e-002
3.854586e+003,3.249757e-002
3.855068e+003,3.265754e-002
3.855550e+003,3.274538e-002
3.856032e+003,3.279352e-002
3.856514e+003,3.282316e-002
3.856996e+003,3.284238e-002
3.857479e+003,3.284896e-002
3.857961e+003,3.283573e-002
3.858443e+003,3.279499e-002
3.858925e+003,3.272215e-002
3.859407e+003,3.261893e-002
3.859889e+003,3.249156e-002
3.860371e+003,3.235308e-002
3.860854e+003,3.221849e-002
3.861336e+003,3.210540e-002
3.861818e+003,3.202828e-002
3.862300e+003,3.200033e-002
3.862782e+003,3.203080e-002
3.863264e+003,3.212196e-002
3.863746e+003,3.226665e-002
3.864228e+003,3.244179e-002
3.864710e+003,3.261074e-002
3.865193e+003,3.273521e-002
3.865675e+003,3.278958e-002
3.866157e+003,3.276898e-002
3.866639e+003,3.268632e-002
3.867121e+003,3.256550e-002
3.867603e+003,3.243786e-002
3.868085e+003,3.233960e-002
3.868567e+003,3.230704e-002
3.869050e+003,3.236151e-002
3.869532e+003,3.248776e-002
3.870014e+003,3.263274e-002
3.870496e+003,3.273723e-002
3.870978e+003,3.277309e-002
3.871460e+003,3.274787e-002
3.871942e+003,3.269361e-002
3.872424e+003,3.264901e-002
3.872906e+003,3.264719e-002
3.873389e+003,3.270661e-002
3.873871e+003,3.282232e-002
3.874353e+003,3.296138e-002
3.874835e+003,3.308306e-002
3.875317e+003,3.315225e-002
3.875799e+003,3.315546e-002
3.876281e+003,3.309461e-002
3.876764e+003,3.298267e-002
3.877246e+003,3.283428e-002
3.877728e+003,3.267040e-002
3.878210e+003,3.251293e-002
3.878692e+003,3.239015e-002
3.879174e+003,3.232814e-002
3.879656e+003,3.234369e-002
3.880138e+003,3.243041e-002
3.880621e+003,3.255635e-002
3.881103e+003,3.267550e-002
3.881585e+003,3.275287e-002
3.882067e+003,3.277438e-002
3.882549e+003,3.274658e-002
3.883031e+003,3.269187e-002
3.883513e+003,3.263886e-002
3.883995e+003,3.262008e-002
3.884478e+003,3.266271e-002
3.884960e+003,3.277386e-002
3.885442e+003,3.293217e-002
3.885924e+003,3.309343e-002
3.886406e+003,3.321375e-002
3.886888e+003,3.327212e-002
3.887370e+003,3.326981e-002
3.887853e+003,3.322060e-002
3.888334e+003,3.314102e-002
3.888817e+003,3.304842e-002
3.889299e+003,3.295922e-002
3.889781e+003,3.289063e-002
3.890263e+003,3.286053e-002
3.890745e+003,3.288234e-002
3.891227e+003,3.295781e-002
3.891709e+003,3.307248e-002
3.892192e+003,3.320191e-002
3.892674e+003,3.331902e-002
3.893156e+003,3.340432e-002
3.893638e+003,3.344820e-002
3.894120e+003,3.345037e-002
3.894602e+003,3.341633e-002
3.895084e+003,3.335518e-002
3.895566e+003,3.327730e-002
3.896049e+003,3.319163e-002
3.896531e+003,3.310463e-002
3.897013e+003,3.302155e-002
3.897495e+003,3.294571e-002
3.897977e+003,3.287986e-002
3.898459e+003,3.282598e-002
3.898941e+003,3.278618e-002
3.899423e+003,3.276020e-002
3.899906e+003,3.274422e-002
3.900388e+003,3.273180e-002
3.900870e+003,3.271871e-002
3.901352e+003,3.270365e-002
3.901834e+003,3.269359e-002
3.902316e+003,3.270198e-002
3.902798e+003,3.274531e-002
3.903281e+003,3.283571e-002
3.903762e+003,3.297377e-002
3.904245e+003,3.314326e-002
3.904727e+003,3.331874e-002
3.905209e+003,3.347435e-002
3.905691e+003,3.359477e-002
3.906173e+003,3.367548e-002
3.906655e+003,3.372203e-002
3.907137e+003,3.374402e-002
3.907620e+003,3.375069e-002
3.908102e+003,3.374825e-002
3.908584e+003,3.374238e-002
3.909066e+003,3.373346e-002
3.909548e+003,3.372401e-002
3.910030e+003,3.371284e-002
3.910512e+003,3.369994e-002
3.910994e+003,3.368573e-002
3.911477e+003,3.366926e-002
3.911959e+003,3.364775e-002
3.912441e+003,3.362083e-002
3.912923e+003,3.358676e-002
3.913405e+003,3.354698e-002
3.913887e+003,3.350456e-002
3.914369e+003,3.346490e-002
3.914851e+003,3.343370e-002
3.915333e+003,3.341586e-002
3.915816e+003,3.341653e-002
3.916298e+003,3.343521e-002
3.916780e+003,3.347016e-002
3.917262e+003,3.351902e-002
3.917744e+003,3.357717e-002
3.918226e+003,3.364327e-002
3.918708e+003,3.371270e-002
3.919190e+003,3.377937e-002
3.919673e+003,3.383452e-002
3.920155e+003,3.386771e-002
3.920637e+003,3.387307e-002
3.921119e+003,3.384821e-002
3.921601e+003,3.379763e-002
3.922083e+003,3.373232e-002
3.922565e+003,3.366674e-002
3.923048e+003,3.361758e-002
3.923530e+003,3.359771e-002
3.924012e+003,3.361285e-002
3.924494e+003,3.365915e-002
3.924976e+003,3.372457e-002
3.925458e+003,3.379013e-002
3.925940e+003,3.384206e-002
3.926422e+003,3.386957e-002
3.926905e+003,3.387107e-002
3.927387e+003,3.384629e-002
3.927869e+003,3.380252e-002
3.928351e+003,3.374640e-002
3.928833e+003,3.368973e-002
3.929315e+003,3.364459e-002
3.929797e+003,3.362349e-002
3.930279e+003,3.363320e-002
3.930761e+003,3.367823e-002
3.931244e+003,3.375411e-002
3.931726e+003,3.384914e-002
3.932208e+003,3.394831e-002
3.932690e+003,3.403609e-002
3.933172e+003,3.410061e-002
3.933654e+003,3.413751e-002
3.934136e+003,3.414781e-002
3.934618e+003,3.413777e-002
3.935101e+003,3.411654e-002
3.935583e+003,3.409145e-002
3.936065e+003,3.406995e-002
3.936547e+003,3.405656e-002
3.937029e+003,3.405209e-002
3.937511e+003,3.405266e-002
3.937993e+003,3.405203e-002
3.938476e+003,3.404156e-002
3.938958e+003,3.401524e-002
3.939440e+003,3.397173e-002
3.939922e+003,3.391397e-002
3.940404e+003,3.385434e-002
3.940886e+003,3.380454e-002
3.941368e+003,3.377964e-002
3.941850e+003,3.378643e-002
3.942333e+003,3.382321e-002
3.942815e+003,3.387624e-002
3.943297e+003,3.392850e-002
3.943779e+003,3.396304e-002
3.944261e+003,3.397132e-002
3.944743e+003,3.395374e-002
3.945225e+003,3.391843e-002
3.945707e+003,3.387550e-002
3.946189e+003,3.383522e-002
3.946672e+003,3.380521e-002
3.947154e+003,3.379014e-002
3.947636e+003,3.378906e-002
3.948118e+003,3.380053e-002
3.948600e+003,3.382067e-002
3.949082e+003,3.384722e-002
3.949564e+003,3.387764e-002
3.950046e+003,3.391021e-002
3.950529e+003,3.394279e-002
3.951011e+003,3.397310e-002
3.951493e+003,3.399808e-002
3.951975e+003,3.401799e-002
3.952457e+003,3.403203e-002
3.952939e+003,3.404219e-002
3.953421e+003,3.405035e-002
3.953904e+003,3.405811e-002
3.954385e+003,3.406400e-002
3.954868e+003,3.406762e-002
3.955350e+003,3.406616e-002
3.955832e+003,3.405815e-002
3.956314e+003,3.404398e-002
3.956796e+003,3.402433e-002
3.957278e+003,3.400212e-002
3.957760e+003,3.398058e-002
3.958243e+003,3.396145e-002
3.958725e+003,3.394712e-002
3.959207e+003,3.393921e-002
3.959689e+003,3.393826e-002
3.960171e+003,3.394547e-002
3.960653e+003,3.396071e-002
3.961135e+003,3.398332e-002
3.961617e+003,3.401088e-002
3.962100e+003,3.403873e-002
3.962582e+003,3.406389e-002
3.963064e+003,3.408170e-002
3.963546e+003,3.409120e-002
3.964028e+003,3.409093e-002
3.964510e+003,3.408328e-002
3.964992e+003,3.406947e-002
3.965474e+003,3.405231e-002
3.965957e+003,3.403326e-002
3.966439e+003,3.401501e-002
3.966921e+003,3.400078e-002
3.967403e+003,3.399204e-002
3.967885e+003,3.399188e-002
3.968367e+003,3.400044e-002
3.968849e+003,3.401650e-002
3.969332e+003,3.403620e-002
3.969813e+003,3.405697e-002
3.970296e+003,3.407559e-002
3.970778e+003,3.409060e-002
3.971260e+003,3.410226e-002
3.971742e+003,3.411324e-002
3.972224e+003,3.412504e-002
3.972706e+003,3.413817e-002
3.973188e+003,3.415199e-002
3.973671e+003,3.416378e-002
3.974153e+003,3.417263e-002
3.974635e+003,3.417905e-002
3.975117e+003,3.418804e-002
3.975599e+003,3.420321e-002
3.976081e+003,3.422805e-002
3.976563e+003,3.426298e-002
3.977045e+003,3.430356e-002
3.977528e+003,3.434294e-002
3.978010e+003,3.437467e-002
3.978492e+003,3.439241e-002
3.978974e+003,3.439752e-002
3.979456e+003,3.439268e-002
3.979938e+003,3.438514e-002
3.980420e+003,3.438016e-002
3.980902e+003,3.438096e-002
3.981385e+003,3.438660e-002
3.981867e+003,3.439346e-002
3.982349e+003,3.439708e-002
3.982831e+003,3.439546e-002
3.983313e+003,3.438966e-002
3.983795e+003,3.438265e-002
3.984277e+003,3.437765e-002
3.984760e+003,3.437602e-002
3.985242e+003,3.437587e-002
3.985724e+003,3.437437e-002
3.986206e+003,3.436789e-002
3.986688e+003,3.435533e-002
3.987170e+003,3.433873e-002
3.987652e+003,3.432294e-002
3.988134e+003,3.431307e-002
3.988616e+003,3.431304e-002
3.989099e+003,3.432339e-002
3.989581e+003,3.433967e-002
3.990063e+003,3.435650e-002
3.990545e+003,3.436875e-002
3.991027e+003,3.437222e-002
3.991509e+003,3.436734e-002
3.991991e+003,3.435705e-002
3.992473e+003,3.434528e-002
3.992956e+003,3.433539e-002
3.993438e+003,3.433009e-002
3.993920e+003,3.432978e-002
3.994402e+003,3.433406e-002
3.994884e+003,3.434239e-002
3.995366e+003,3.435247e-002
3.995848e+003,3.436337e-002
3.996330e+003,3.437265e-002
3.996813e+003,3.437774e-002
3.997295e+003,3.437756e-002
3.997777e+003,3.437158e-002
3.998259e+003,3.436221e-002
3.998741e+003,3.435284e-002
3.999223e+003,3.434793e-002
3.999705e+003,3.434977e-002
4.000188e+003,3.436094e-002
