3.996813e+002,0.000000e+000
4.001635e+002,7.780343e-002
4.006456e+002,7.862359e-002
4.011277e+002,7.966094e-002
4.016098e+002,8.061619e-002
4.020919e+002,8.124698e-002
4.025741e+002,8.148184e-002
4.030562e+002,8.144487e-002
4.035383e+002,8.136947e-002
4.040204e+002,8.146700e-002
4.045026e+002,8.182642e-002
4.049847e+002,8.238232e-002
4.054668e+002,8.295158e-002
4.059489e+002,8.333782e-002
4.064311e+002,8.345484e-002
4.069132e+002,8.338428e-002
4.073953e+002,8.332261e-002
4.078774e+002,8.345788e-002
4.083596e+002,8.386740e-002
4.088417e+002,8.448179e-002
4.093238e+002,8.512101e-002
4.098059e+002,8.559185e-002
4.102881e+002,8.579926e-002
4.107702e+002,8.579954e-002
4.112523e+002,8.575512e-002
4.117344e+002,8.582758e-002
4.122166e+002,8.608443e-002
4.126987e+002,8.646623e-002
4.131808e+002,8.682171e-002
4.136629e+002,8.699794e-002
4.141451e+002,8.693744e-002
4.146272e+002,8.671587e-002
4.151093e+002,8.649348e-002
4.155914e+002,8.642480e-002
4.160736e+002,8.658535e-002
4.165557e+002,8.693845e-002
4.170378e+002,8.733524e-002
4.175200e+002,8.755811e-002
4.180021e+002,8.744464e-002
4.184842e+002,8.706854e-002
4.189663e+002,8.678386e-002
4.194484e+002,8.695459e-002
4.199306e+002,8.763620e-002
4.204127e+002,8.857933e-002
4.208948e+002,8.945432e-002
4.213770e+002,9.003778e-002
4.218591e+002,9.028480e-002
4.223412e+002,9.030825e-002
4.228233e+002,9.030752e-002
4.233055e+002,9.046888e-002
4.237876e+002,9.087703e-002
4.242697e+002,9.147105e-002
4.247518e+002,9.207605e-002
4.252339e+002,9.250413e-002
4.257161e+002,9.266870e-002
4.261982e+002,9.263026e-002
4.266803e+002,9.254280e-002
4.271624e+002,9.255435e-002
4.276446e+002,9.272566e-002
4.281267e+002,9.300815e-002
4.286088e+002,9.327713e-002
4.290909e+002,9.340803e-002
4.295731e+002,9.335309e-002
4.300552e+002,9.317698e-002
4.305373e+002,9.302194e-002
4.310194e+002,9.302378e-002
4.315016e+002,9.323413e-002
4.319837e+002,9.359170e-002
4.324658e+002,9.395702e-002
4.329479e+002,9.419274e-002
4.334301e+002,9.424376e-002
4.339122e+002,9.416805e-002
4.343943e+002,9.410187e-002
4.348764e+002,9.418051e-002
4.353586e+002,9.446209e-002
4.358407e+002,9.489170e-002
4.363228e+002,9.532965e-002
4.368049e+002,9.563218e-002
4.372870e+002,9.574106e-002
4.377692e+002,9.571485e-002
4.382513e+002,9.568356e-002
4.387334e+002,9.576780e-002
4.392155e+002,9.601466e-002
4.396977e+002,9.638033e-002
4.401798e+002,9.675366e-002
4.406619e+002,9.701650e-002
4.411440e+002,9.711387e-002
4.416262e+002,9.709630e-002
4.421083e+002,9.709831e-002
4.425904e+002,9.725703e-002
4.430725e+002,9.762688e-002
4.435547e+002,9.814445e-002
4.440368e+002,9.866509e-002
4.445189e+002,9.904727e-002
4.450010e+002,9.923185e-002
4.454832e+002,9.927184e-002
4.459653e+002,9.929607e-002
4.464474e+002,9.943582e-002
4.469295e+002,9.975363e-002
4.474117e+002,1.002135e-001
4.478938e+002,1.007040e-001
4.483759e+002,1.011062e-001
4.488580e+002,1.013644e-001
4.493401e+002,1.015162e-001
4.498223e+002,1.016614e-001
4.503044e+002,1.019022e-001
4.507865e+002,1.022837e-001
4.512687e+002,1.027678e-001
4.517508e+002,1.032468e-001
4.522329e+002,1.036037e-001
4.527150e+002,1.037871e-001
4.531971e+002,1.038505e-001
4.536793e+002,1.039189e-001
4.541614e+002,1.041119e-001
4.546435e+002,1.044774e-001
4.551257e+002,1.049730e-001
4.556078e+002,1.054869e-001
4.560899e+002,1.058893e-001
4.565720e+002,1.061033e-001
4.570542e+002,1.061612e-001
4.575363e+002,1.061983e-001
4.580184e+002,1.063658e-001
4.585005e+002,1.067202e-001
4.589827e+002,1.071864e-001
4.594648e+002,1.076165e-001
4.599469e+002,1.078867e-001
4.604290e+002,1.079654e-001
4.609112e+002,1.079210e-001
4.613933e+002,1.078780e-001
4.618754e+002,1.079492e-001
4.623575e+002,1.081757e-001
4.628397e+002,1.085052e-001
4.633218e+002,1.088210e-001
4.638039e+002,1.090112e-001
4.642860e+002,1.090368e-001
4.647682e+002,1.089538e-001
4.652503e+002,1.088799e-001
4.657324e+002,1.089276e-001
4.662145e+002,1.091429e-001
4.666967e+002,1.094777e-001
4.671788e+002,1.098112e-001
4.676609e+002,1.100180e-001
4.681430e+002,1.100447e-001
4.686252e+002,1.099457e-001
4.691073e+002,1.098489e-001
4.695894e+002,1.098818e-001
4.700715e+002,1.101047e-001
4.705536e+002,1.104831e-001
4.710358e+002,1.109022e-001
4.715179e+002,1.112236e-001
4.720000e+002,1.113664e-001
4.724821e+002,1.113638e-001
4.729643e+002,1.113425e-001
4.734464e+002,1.114319e-001
4.739285e+002,1.116764e-001
4.744106e+002,1.120152e-001
4.748928e+002,1.123290e-001
4.753749e+002,1.125131e-001
4.758570e+002,1.125359e-001
4.763391e+002,1.124564e-001
4.768213e+002,1.123916e-001
4.773034e+002,1.124530e-001
4.777855e+002,1.126849e-001
4.782676e+002,1.130393e-001
4.787498e+002,1.134018e-001
4.792319e+002,1.136566e-001
4.797140e+002,1.137524e-001
4.801961e+002,1.137293e-001
4.806783e+002,1.136930e-001
4.811604e+002,1.137519e-001
4.816425e+002,1.139567e-001
4.821246e+002,1.142709e-001
4.826068e+002,1.145903e-001
4.830889e+002,1.148008e-001
4.835710e+002,1.148486e-001
4.840531e+002,1.147763e-001
4.845352e+002,1.147000e-001
4.850174e+002,1.147391e-001
4.854995e+002,1.149448e-001
4.859816e+002,1.152742e-001
4.864637e+002,1.156185e-001
4.869459e+002,1.158675e-001
4.874280e+002,1.159712e-001
4.879101e+002,1.159647e-001
4.883922e+002,1.159412e-001
4.888744e+002,1.159979e-001
4.893565e+002,1.161807e-001
4.898386e+002,1.164597e-001
4.903207e+002,1.167461e-001
4.908029e+002,1.169441e-001
4.912850e+002,1.170100e-001
4.917671e+002,1.169828e-001
4.922492e+002,1.169624e-001
4.927314e+002,1.170486e-001
4.932135e+002,1.172807e-001
4.936956e+002,1.176145e-001
4.941777e+002,1.179481e-001
4.946599e+002,1.181816e-001
4.951420e+002,1.182715e-001
4.956241e+002,1.182532e-001
4.961062e+002,1.182167e-001
4.965884e+002,1.182527e-001
4.970705e+002,1.184006e-001
4.975526e+002,1.186278e-001
4.980347e+002,1.188490e-001
4.985169e+002,1.189782e-001
4.989990e+002,1.189794e-001
4.994811e+002,1.188894e-001
4.999633e+002,1.187989e-001
5.004454e+002,1.188051e-001
5.009275e+002,1.189601e-001
5.014096e+002,1.192393e-001
5.018917e+002,1.195520e-001
5.023739e+002,1.197928e-001
5.028560e+002,1.199092e-001
5.033381e+002,1.199321e-001
5.038203e+002,1.199507e-001
5.043024e+002,1.200545e-001
5.047845e+002,1.202834e-001
5.052666e+002,1.206106e-001
5.057487e+002,1.209600e-001
5.062309e+002,1.212495e-001
5.067130e+002,1.214379e-001
5.071951e+002,1.215522e-001
5.076772e+002,1.216681e-001
5.081594e+002,1.218618e-001
5.086415e+002,1.221604e-001
5.091236e+002,1.225256e-001
5.096057e+002,1.228767e-001
5.100879e+002,1.231367e-001
5.105700e+002,1.232779e-001
5.110521e+002,1.233392e-001
5.115342e+002,1.234055e-001
5.120164e+002,1.235584e-001
5.124985e+002,1.238307e-001
5.129806e+002,1.241892e-001
5.134627e+002,1.245536e-001
5.139448e+002,1.248433e-001
5.144270e+002,1.250217e-001
5.149091e+002,1.251187e-001
5.153912e+002,1.252146e-001
5.158734e+002,1.253959e-001
5.163555e+002,1.257039e-001
5.168376e+002,1.261075e-001
5.173197e+002,1.265159e-001
5.178019e+002,1.268304e-001
5.182840e+002,1.270054e-001
5.187661e+002,1.270764e-001
5.192482e+002,1.271349e-001
5.197303e+002,1.272710e-001
5.202125e+002,1.275215e-001
5.206946e+002,1.278524e-001
5.211767e+002,1.281828e-001
5.216588e+002,1.284325e-001
5.221410e+002,1.285661e-001
5.226231e+002,1.286100e-001
5.231052e+002,1.286340e-001
5.235873e+002,1.287103e-001
5.240695e+002,1.288719e-001
5.245516e+002,1.290922e-001
5.250337e+002,1.292953e-001
5.255159e+002,1.293989e-001
5.259980e+002,1.293671e-001
5.264801e+002,1.292379e-001
5.269622e+002,1.291022e-001
5.274443e+002,1.290480e-001
5.279265e+002,1.291117e-001
5.284086e+002,1.292629e-001
5.288907e+002,1.294260e-001
5.293728e+002,1.295225e-001
5.298550e+002,1.295122e-001
5.303371e+002,1.294121e-001
5.308192e+002,1.292838e-001
5.313013e+002,1.291963e-001
5.317834e+002,1.291859e-001
5.322656e+002,1.292379e-001
5.327477e+002,1.292968e-001
5.332299e+002,1.293025e-001
5.337120e+002,1.292267e-001
5.341941e+002,1.290918e-001
5.346762e+002,1.289571e-001
5.351583e+002,1.288842e-001
5.356404e+002,1.289003e-001
5.361226e+002,1.289815e-001
5.366047e+002,1.290674e-001
5.370868e+002,1.290955e-001
5.375690e+002,1.290390e-001
5.380511e+002,1.289221e-001
5.385332e+002,1.288049e-001
5.390153e+002,1.287478e-001
5.394974e+002,1.287763e-001
5.399796e+002,1.288677e-001
5.404617e+002,1.289641e-001
5.409438e+002,1.290070e-001
5.414260e+002,1.289731e-001
5.419081e+002,1.288883e-001
5.423902e+002,1.288141e-001
5.428723e+002,1.288122e-001
5.433544e+002,1.289091e-001
5.438365e+002,1.290819e-001
5.443187e+002,1.292699e-001
5.448008e+002,1.294063e-001
5.452830e+002,1.294567e-001
5.457651e+002,1.294363e-001
5.462472e+002,1.294007e-001
5.467293e+002,1.294108e-001
5.472114e+002,1.294965e-001
5.476936e+002,1.296412e-001
5.481757e+002,1.297936e-001
5.486578e+002,1.299004e-001
5.491400e+002,1.299397e-001
5.496221e+002,1.299349e-001
5.501042e+002,1.299407e-001
5.505863e+002,1.300098e-001
5.510684e+002,1.301612e-001
5.515505e+002,1.303674e-001
5.520327e+002,1.305687e-001
5.525148e+002,1.307070e-001
5.529969e+002,1.307577e-001
5.534791e+002,1.307432e-001
5.539612e+002,1.307198e-001
5.544433e+002,1.307450e-001
5.549254e+002,1.308458e-001
5.554076e+002,1.310047e-001
5.558896e+002,1.311725e-001
5.563718e+002,1.312995e-001
5.568539e+002,1.313670e-001
5.573361e+002,1.313990e-001
5.578182e+002,1.314490e-001
5.583003e+002,1.315672e-001
5.587825e+002,1.317702e-001
5.592645e+002,1.320300e-001
5.597467e+002,1.322877e-001
5.602288e+002,1.324868e-001
5.607109e+002,1.326047e-001
5.611931e+002,1.326665e-001
5.616752e+002,1.327302e-001
5.621573e+002,1.328535e-001
5.626394e+002,1.330619e-001
5.631216e+002,1.333337e-001
5.636037e+002,1.336141e-001
5.640858e+002,1.338457e-001
5.645679e+002,1.340023e-001
5.650500e+002,1.341042e-001
5.655322e+002,1.342057e-001
5.660143e+002,1.343645e-001
5.664965e+002,1.346088e-001
5.669785e+002,1.349222e-001
5.674607e+002,1.352529e-001
5.679428e+002,1.355444e-001
5.684249e+002,1.357682e-001
5.689070e+002,1.359409e-001
5.693892e+002,1.361119e-001
5.698713e+002,1.363318e-001
5.703534e+002,1.366211e-001
5.708356e+002,1.369566e-001
5.713177e+002,1.372852e-001
5.717998e+002,1.375543e-001
5.722819e+002,1.377424e-001
5.727640e+002,1.378717e-001
5.732462e+002,1.379945e-001
5.737283e+002,1.381631e-001
5.742104e+002,1.383985e-001
5.746925e+002,1.386759e-001
5.751747e+002,1.389345e-001
5.756568e+002,1.391093e-001
5.761389e+002,1.391674e-001
5.766210e+002,1.391266e-001
5.771031e+002,1.390437e-001
5.775853e+002,1.389792e-001
5.780674e+002,1.389637e-001
5.785496e+002,1.389836e-001
5.790317e+002,1.389935e-001
5.795138e+002,1.389445e-001
5.799959e+002,1.388161e-001
5.804780e+002,1.386299e-001
5.809601e+002,1.384399e-001
5.814423e+002,1.383006e-001
5.819244e+002,1.382356e-001
5.824066e+002,1.382248e-001
5.828887e+002,1.382170e-001
5.833708e+002,1.381599e-001
5.838529e+002,1.380301e-001
5.843350e+002,1.378469e-001
5.848171e+002,1.376601e-001
5.852993e+002,1.375217e-001
5.857814e+002,1.374558e-001
5.862635e+002,1.374458e-001
5.867457e+002,1.374443e-001
5.872278e+002,1.374033e-001
5.877099e+002,1.373004e-001
5.881920e+002,1.371521e-001
5.886741e+002,1.370027e-001
5.891563e+002,1.368982e-001
5.896384e+002,1.368600e-001
5.901205e+002,1.368730e-001
5.906027e+002,1.368942e-001
5.910848e+002,1.368789e-001
5.915669e+002,1.368087e-001
5.920490e+002,1.367044e-001
5.925311e+002,1.366144e-001
5.930133e+002,1.365849e-001
5.934954e+002,1.366318e-001
5.939775e+002,1.367319e-001
5.944597e+002,1.368363e-001
5.949418e+002,1.368983e-001
5.954239e+002,1.368993e-001
5.959060e+002,1.368583e-001
5.963882e+002,1.368195e-001
5.968702e+002,1.368260e-001
5.973524e+002,1.368949e-001
5.978345e+002,1.370060e-001
5.983167e+002,1.371148e-001
5.987988e+002,1.371776e-001
5.992809e+002,1.371784e-001
5.997630e+002,1.371400e-001
6.002451e+002,1.371115e-001
6.007273e+002,1.371402e-001
6.012094e+002,1.372440e-001
6.016915e+002,1.374003e-001
6.021736e+002,1.375596e-001
6.026558e+002,1.376716e-001
6.031379e+002,1.377131e-001
6.036200e+002,1.376982e-001
6.041022e+002,1.376682e-001
6.045842e+002,1.376676e-001
6.050664e+002,1.377166e-001
6.055485e+002,1.378015e-001
6.060306e+002,1.378833e-001
6.065128e+002,1.379214e-001
6.069949e+002,1.378988e-001
6.074770e+002,1.378309e-001
6.079591e+002,1.377565e-001
6.084413e+002,1.377133e-001
6.089234e+002,1.377145e-001
6.094055e+002,1.377410e-001
6.098876e+002,1.377508e-001
6.103698e+002,1.377041e-001
6.108519e+002,1.375871e-001
6.113340e+002,1.374203e-001
6.118162e+002,1.372478e-001
6.122983e+002,1.371120e-001
6.127804e+002,1.370295e-001
6.132625e+002,1.369832e-001
6.137446e+002,1.369319e-001
6.142267e+002,1.368357e-001
6.147089e+002,1.366800e-001
6.151910e+002,1.364852e-001
6.156731e+002,1.362971e-001
6.161553e+002,1.361626e-001
6.166374e+002,1.361033e-001
6.171195e+002,1.361043e-001
6.176016e+002,1.361214e-001
6.180837e+002,1.361075e-001
6.185659e+002,1.360366e-001
6.190480e+002,1.359163e-001
6.195302e+002,1.357796e-001
6.200123e+002,1.356636e-001
6.204944e+002,1.355873e-001
6.209765e+002,1.355412e-001
6.214586e+002,1.354943e-001
6.219407e+002,1.354138e-001
6.224229e+002,1.352852e-001
6.229050e+002,1.351207e-001
6.233871e+002,1.349518e-001
6.238693e+002,1.348096e-001
6.243514e+002,1.347052e-001
6.248335e+002,1.346221e-001
6.253156e+002,1.345245e-001
6.257977e+002,1.343787e-001
6.262798e+002,1.341739e-001
6.267620e+002,1.339301e-001
6.272441e+002,1.336865e-001
6.277263e+002,1.334808e-001
6.282084e+002,1.333282e-001
6.286905e+002,1.332140e-001
6.291726e+002,1.331031e-001
6.296547e+002,1.329602e-001
6.301368e+002,1.327701e-001
6.306190e+002,1.325465e-001
6.311011e+002,1.323222e-001
6.315833e+002,1.321310e-001
6.320654e+002,1.319859e-001
6.325475e+002,1.318728e-001
6.330296e+002,1.317579e-001
6.335117e+002,1.316079e-001
6.339939e+002,1.314113e-001
6.344760e+002,1.311861e-001
6.349581e+002,1.309709e-001
6.354402e+002,1.308035e-001
6.359224e+002,1.306993e-001
6.364045e+002,1.306419e-001
6.368866e+002,1.305924e-001
6.373687e+002,1.305110e-001
6.378508e+002,1.303787e-001
6.383330e+002,1.302070e-001
6.388151e+002,1.300310e-001
6.392972e+002,1.298894e-001
6.397794e+002,1.298033e-001
6.402615e+002,1.297653e-001
6.407436e+002,1.297450e-001
6.412257e+002,1.297075e-001
6.417079e+002,1.296328e-001
6.421899e+002,1.295270e-001
6.426721e+002,1.294169e-001
6.431542e+002,1.293331e-001
6.436364e+002,1.292909e-001
6.441185e+002,1.292820e-001
6.446006e+002,1.292789e-001
6.450827e+002,1.292521e-001
6.455648e+002,1.291882e-001
6.460470e+002,1.290987e-001
6.465291e+002,1.290136e-001
6.470112e+002,1.289641e-001
6.474933e+002,1.289647e-001
6.479755e+002,1.290048e-001
6.484576e+002,1.290542e-001
6.489397e+002,1.290814e-001
6.494219e+002,1.290712e-001
6.499040e+002,1.290343e-001
6.503861e+002,1.289999e-001
6.508682e+002,1.289972e-001
6.513503e+002,1.290384e-001
6.518325e+002,1.291106e-001
6.523146e+002,1.291833e-001
6.527968e+002,1.292264e-001
6.532788e+002,1.292285e-001
6.537610e+002,1.292038e-001
6.542431e+002,1.291845e-001
6.547252e+002,1.292018e-001
6.552073e+002,1.292679e-001
6.556895e+002,1.293677e-001
6.561716e+002,1.294670e-001
6.566537e+002,1.295311e-001
6.571359e+002,1.295436e-001
6.576179e+002,1.295151e-001
6.581001e+002,1.294755e-001
6.585822e+002,1.294565e-001
6.590643e+002,1.294721e-001
6.595464e+002,1.295105e-001
6.600286e+002,1.295417e-001
6.605107e+002,1.295342e-001
6.609928e+002,1.294741e-001
6.614750e+002,1.293719e-001
6.619571e+002,1.292558e-001
6.624392e+002,1.291558e-001
6.629213e+002,1.290854e-001
6.634034e+002,1.290364e-001
6.638856e+002,1.289842e-001
6.643677e+002,1.289034e-001
6.648499e+002,1.287813e-001
6.653320e+002,1.286217e-001
6.658141e+002,1.284416e-001
6.662962e+002,1.282607e-001
6.667783e+002,1.280885e-001
6.672605e+002,1.279145e-001
6.677426e+002,1.277112e-001
6.682247e+002,1.274586e-001
6.687068e+002,1.271760e-001
6.691890e+002,1.269151e-001
6.696711e+002,1.267204e-001
6.701532e+002,1.266027e-001
6.706353e+002,1.265410e-001
6.711174e+002,1.264985e-001
6.715996e+002,1.264361e-001
6.720817e+002,1.263266e-001
6.725638e+002,1.261644e-001
6.730460e+002,1.259681e-001
6.735281e+002,1.257723e-001
6.740102e+002,1.256095e-001
6.744923e+002,1.254924e-001
6.749745e+002,1.254078e-001
6.754565e+002,1.253245e-001
6.759387e+002,1.252116e-001
6.764208e+002,1.250558e-001
6.769030e+002,1.248694e-001
6.773851e+002,1.246831e-001
6.778672e+002,1.245280e-001
6.783493e+002,1.244179e-001
6.788314e+002,1.243436e-001
6.793136e+002,1.242781e-001
6.797957e+002,1.241934e-001
6.802778e+002,1.240769e-001
6.807599e+002,1.239382e-001
6.812421e+002,1.238023e-001
6.817242e+002,1.236939e-001
6.822063e+002,1.236230e-001
6.826885e+002,1.235781e-001
6.831705e+002,1.235342e-001
6.836527e+002,1.234686e-001
6.841348e+002,1.233741e-001
6.846169e+002,1.232660e-001
6.850991e+002,1.231729e-001
6.855812e+002,1.231217e-001
6.860634e+002,1.231217e-001
6.865454e+002,1.231602e-001
6.870276e+002,1.232092e-001
6.875096e+002,1.232424e-001
6.879918e+002,1.232491e-001
6.884739e+002,1.232422e-001
6.889561e+002,1.232499e-001
6.894382e+002,1.233005e-001
6.899203e+002,1.234052e-001
6.904025e+002,1.235531e-001
6.908845e+002,1.237172e-001
6.913667e+002,1.238696e-001
6.918488e+002,1.239965e-001
6.923309e+002,1.241058e-001
6.928130e+002,1.242201e-001
6.932952e+002,1.243639e-001
6.937773e+002,1.245482e-001
6.942594e+002,1.247640e-001
6.947416e+002,1.249878e-001
6.952236e+002,1.251934e-001
6.957058e+002,1.253673e-001
6.961879e+002,1.255147e-001
6.966700e+002,1.256538e-001
6.971522e+002,1.258039e-001
6.976343e+002,1.259709e-001
6.981165e+002,1.261415e-001
6.985985e+002,1.262890e-001
6.990807e+002,1.263861e-001
6.995628e+002,1.264193e-001
7.000449e+002,1.263949e-001
7.005270e+002,1.263334e-001
7.010092e+002,1.262563e-001
7.014913e+002,1.261733e-001
7.019734e+002,1.260765e-001
7.024556e+002,1.259456e-001
7.029377e+002,1.257614e-001
7.034198e+002,1.255183e-001
7.039019e+002,1.252296e-001
7.043840e+002,1.249211e-001
7.048662e+002,1.246180e-001
7.053483e+002,1.243319e-001
7.058304e+002,1.240557e-001
7.063125e+002,1.237702e-001
7.067947e+002,1.234573e-001
7.072768e+002,1.231128e-001
7.077589e+002,1.227503e-001
7.082410e+002,1.223950e-001
7.087231e+002,1.220702e-001
7.092053e+002,1.217848e-001
7.096874e+002,1.215300e-001
7.101696e+002,1.212846e-001
7.106517e+002,1.210286e-001
7.111338e+002,1.207549e-001
7.116159e+002,1.204734e-001
7.120980e+002,1.202060e-001
7.125802e+002,1.199731e-001
7.130623e+002,1.197829e-001
7.135444e+002,1.196265e-001
7.140265e+002,1.194846e-001
7.145087e+002,1.193388e-001
7.149908e+002,1.191830e-001
7.154729e+002,1.190277e-001
7.159550e+002,1.188936e-001
7.164371e+002,1.187995e-001
7.169193e+002,1.187503e-001
7.174014e+002,1.187341e-001
7.178835e+002,1.187266e-001
7.183657e+002,1.187023e-001
7.188478e+002,1.186462e-001
7.193299e+002,1.185589e-001
7.198120e+002,1.184508e-001
7.202942e+002,1.183320e-001
7.207762e+002,1.182012e-001
7.212584e+002,1.180426e-001
7.217405e+002,1.178319e-001
7.222227e+002,1.175494e-001
7.227048e+002,1.171894e-001
7.231869e+002,1.167642e-001
7.236691e+002,1.162969e-001
7.241511e+002,1.158101e-001
7.246333e+002,1.153148e-001
7.251154e+002,1.148079e-001
7.255975e+002,1.142782e-001
7.260797e+002,1.137172e-001
7.265618e+002,1.131285e-001
7.270439e+002,1.125309e-001
7.275260e+002,1.119504e-001
7.280082e+002,1.114086e-001
7.284902e+002,1.109124e-001
7.289724e+002,1.104518e-001
7.294545e+002,1.100062e-001
7.299366e+002,1.095564e-001
7.304188e+002,1.090948e-001
7.309009e+002,1.086293e-001
7.313831e+002,1.081774e-001
7.318651e+002,1.077555e-001
7.323473e+002,1.073698e-001
7.328293e+002,1.070126e-001
7.333115e+002,1.066675e-001
7.337936e+002,1.063194e-001
7.342758e+002,1.059625e-001
7.347579e+002,1.056034e-001
7.352400e+002,1.052552e-001
7.357222e+002,1.049284e-001
7.362042e+002,1.046231e-001
7.366864e+002,1.043279e-001
7.371685e+002,1.040256e-001
7.376506e+002,1.037033e-001
7.381328e+002,1.033608e-001
7.386149e+002,1.030115e-001
7.390970e+002,1.026764e-001
7.395791e+002,1.023732e-001
7.400613e+002,1.021075e-001
7.405434e+002,1.018707e-001
7.410255e+002,1.016447e-001
7.415076e+002,1.014136e-001
7.419897e+002,1.011705e-001
7.424719e+002,1.009210e-001
7.429540e+002,1.006778e-001
7.434362e+002,1.004514e-001
7.439182e+002,1.002436e-001
7.444004e+002,1.000440e-001
7.448825e+002,9.983659e-002
7.453646e+002,9.960867e-002
7.458467e+002,9.935760e-002
7.463289e+002,9.909349e-002
7.468110e+002,9.883232e-002
7.472931e+002,9.858716e-002
7.477753e+002,9.836079e-002
7.482574e+002,9.814325e-002
7.487395e+002,9.791874e-002
7.492216e+002,9.767415e-002
7.497037e+002,9.740686e-002
7.501859e+002,9.712695e-002
7.506680e+002,9.685139e-002
7.511501e+002,9.659573e-002
7.516322e+002,9.636515e-002
7.521144e+002,9.615343e-002
7.525965e+002,9.594718e-002
7.530786e+002,9.573425e-002
7.535608e+002,9.551082e-002
7.540428e+002,9.528366e-002
7.545250e+002,9.506547e-002
7.550071e+002,9.486739e-002
7.554893e+002,9.469196e-002
7.559714e+002,9.453200e-002
7.564535e+002,9.437509e-002
7.569356e+002,9.421107e-002
7.574177e+002,9.403785e-002
7.578999e+002,9.386278e-002
7.583820e+002,9.369759e-002
7.588641e+002,9.355096e-002
7.593463e+002,9.342234e-002
7.598284e+002,9.330177e-002
7.603105e+002,9.317458e-002
7.607926e+002,9.302917e-002
7.612748e+002,9.286268e-002
7.617568e+002,9.268185e-002
7.622390e+002,9.249783e-002
7.627211e+002,9.231865e-002
7.632032e+002,9.214318e-002
7.636854e+002,9.196178e-002
7.641675e+002,9.176057e-002
7.646496e+002,9.153000e-002
7.651317e+002,9.127036e-002
7.656139e+002,9.099175e-002
7.660959e+002,9.070858e-002
7.665781e+002,9.043103e-002
7.670602e+002,9.015984e-002
7.675424e+002,8.988630e-002
7.680245e+002,8.959712e-002
7.685066e+002,8.928356e-002
7.689888e+002,8.894646e-002
7.694708e+002,8.859648e-002
7.699530e+002,8.824863e-002
7.704351e+002,8.791362e-002
7.709172e+002,8.759311e-002
7.713994e+002,8.727867e-002
7.718815e+002,8.695763e-002
7.723636e+002,8.662160e-002
7.728457e+002,8.627106e-002
7.733279e+002,8.591601e-002
7.738099e+002,8.557010e-002
7.742921e+002,8.524337e-002
7.747742e+002,8.493715e-002
7.752563e+002,8.464398e-002
7.757385e+002,8.435353e-002
7.762206e+002,8.405893e-002
7.767028e+002,8.376250e-002
7.771848e+002,8.347507e-002
7.776670e+002,8.320966e-002
7.781491e+002,8.297437e-002
7.786312e+002,8.276715e-002
7.791133e+002,8.257634e-002
7.795955e+002,8.238652e-002
7.800776e+002,8.218621e-002
7.805597e+002,8.197348e-002
7.810419e+002,8.175652e-002
7.815239e+002,8.154720e-002
7.820061e+002,8.135494e-002
7.824882e+002,8.118033e-002
7.829703e+002,8.101541e-002
7.834525e+002,8.084814e-002
7.839346e+002,8.067047e-002
7.844167e+002,8.048240e-002
7.848988e+002,8.029336e-002
7.853810e+002,8.011608e-002
7.858631e+002,7.996031e-002
7.863452e+002,7.982665e-002
7.868273e+002,7.970670e-002
7.873094e+002,7.958714e-002
7.877916e+002,7.945678e-002
7.882737e+002,7.931240e-002
7.887559e+002,7.915929e-002
7.892380e+002,7.900760e-002
7.897201e+002,7.886660e-002
7.902022e+002,7.873901e-002
7.906843e+002,7.862119e-002
7.911665e+002,7.850533e-002
7.916486e+002,7.838541e-002
7.921307e+002,7.826063e-002
7.926128e+002,7.813515e-002
7.930950e+002,7.801528e-002
7.935771e+002,7.790373e-002
7.940592e+002,7.779738e-002
7.945413e+002,7.768798e-002
7.950234e+002,7.756700e-002
7.955056e+002,7.743062e-002
7.959877e+002,7.728277e-002
7.964698e+002,7.713373e-002
7.969520e+002,7.699414e-002
7.974341e+002,7.686920e-002
7.979162e+002,7.675564e-002
7.983983e+002,7.664294e-002
7.988805e+002,7.651966e-002
7.993625e+002,7.638048e-002
7.998447e+002,7.622942e-002
8.003268e+002,7.607966e-002
8.008090e+002,7.594676e-002
8.012911e+002,7.584142e-002
8.017732e+002,7.576548e-002
8.022553e+002,7.571156e-002
8.027374e+002,7.566839e-002
8.032196e+002,7.562804e-002
8.037017e+002,7.559001e-002
8.041838e+002,7.556108e-002
8.046660e+002,7.555091e-002
8.051481e+002,7.556523e-002
8.056302e+002,7.560149e-002
8.061123e+002,7.564860e-002
8.065945e+002,7.569122e-002
8.070765e+002,7.571599e-002
8.075587e+002,7.571607e-002
8.080408e+002,7.569181e-002
8.085229e+002,7.564761e-002
8.090051e+002,7.558678e-002
8.094872e+002,7.550801e-002
8.099694e+002,7.540609e-002
8.104514e+002,7.527591e-002
8.109336e+002,7.511752e-002
8.114156e+002,7.493889e-002
8.118978e+002,7.475452e-002
8.123799e+002,7.457937e-002
8.128621e+002,7.442297e-002
8.133442e+002,7.428512e-002
8.138263e+002,7.415744e-002
8.143085e+002,7.402788e-002
8.147905e+002,7.388768e-002
8.152727e+002,7.373510e-002
8.157548e+002,7.357556e-002
8.162369e+002,7.341703e-002
8.167191e+002,7.326445e-002
8.172012e+002,7.311606e-002
8.176833e+002,7.296420e-002
8.181654e+002,7.279915e-002
8.186476e+002,7.261495e-002
8.191296e+002,7.241268e-002
8.196118e+002,7.219950e-002
8.200939e+002,7.198460e-002
8.205760e+002,7.177440e-002
8.210582e+002,7.156878e-002
8.215403e+002,7.136332e-002
8.220225e+002,7.115229e-002
8.225045e+002,7.093424e-002
8.229867e+002,7.071393e-002
8.234688e+002,7.050014e-002
8.239509e+002,7.030190e-002
8.244330e+002,7.012275e-002
8.249152e+002,6.995907e-002
8.253973e+002,6.980205e-002
8.258794e+002,6.964284e-002
8.263616e+002,6.947791e-002
8.268437e+002,6.931133e-002
8.273258e+002,6.915297e-002
8.278079e+002,6.901371e-002
8.282900e+002,6.889949e-002
8.287722e+002,6.880879e-002
8.292543e+002,6.873444e-002
8.297365e+002,6.866686e-002
8.302185e+002,6.860034e-002
8.307007e+002,6.853462e-002
8.311828e+002,6.847487e-002
8.316649e+002,6.842689e-002
8.321470e+002,6.839384e-002
8.326292e+002,6.837344e-002
8.331113e+002,6.836057e-002
8.335934e+002,6.835051e-002
8.340756e+002,6.834386e-002
8.345577e+002,6.834862e-002
8.350398e+002,6.837895e-002
8.355219e+002,6.845110e-002
8.360040e+002,6.857859e-002
8.364862e+002,6.876883e-002
8.369683e+002,6.902248e-002
8.374504e+002,6.933269e-002
8.379325e+002,6.968598e-002
8.384147e+002,7.006090e-002
8.388968e+002,7.042715e-002
8.393789e+002,7.074533e-002
8.398610e+002,7.097125e-002
8.403431e+002,7.106189e-002
8.408253e+002,7.098690e-002
8.413074e+002,7.073770e-002
8.417896e+002,7.033333e-002
8.422717e+002,6.981730e-002
8.427538e+002,6.924731e-002
8.432359e+002,6.867911e-002
8.437180e+002,6.815379e-002
8.442002e+002,6.769138e-002
8.446823e+002,6.729313e-002
8.451644e+002,6.695016e-002
8.456465e+002,6.665251e-002
8.461287e+002,6.639484e-002
8.466108e+002,6.617685e-002
8.470929e+002,6.599846e-002
8.475751e+002,6.585549e-002
8.480571e+002,6.573696e-002
8.485393e+002,6.562732e-002
8.490214e+002,6.551171e-002
8.495035e+002,6.538124e-002
8.499857e+002,6.523498e-002
8.504678e+002,6.507844e-002
8.509499e+002,6.491773e-002
8.514320e+002,6.475501e-002
8.519142e+002,6.458668e-002
8.523962e+002,6.440575e-002
8.528784e+002,6.420647e-002
8.533605e+002,6.398990e-002
8.538427e+002,6.376404e-002
8.543248e+002,6.354136e-002
8.548069e+002,6.333303e-002
8.552891e+002,6.314380e-002
8.557711e+002,6.297065e-002
8.562533e+002,6.280658e-002
8.567354e+002,6.264512e-002
8.572175e+002,6.248639e-002
8.576996e+002,6.233688e-002
8.581818e+002,6.220740e-002
8.586639e+002,6.210581e-002
8.591460e+002,6.203334e-002
8.596282e+002,6.198256e-002
8.601102e+002,6.194116e-002
8.605924e+002,6.189752e-002
8.610745e+002,6.184692e-002
8.615566e+002,6.179204e-002
8.620388e+002,6.174156e-002
8.625209e+002,6.170361e-002
8.630031e+002,6.168124e-002
8.634851e+002,6.166994e-002
8.639673e+002,6.166025e-002
8.644494e+002,6.164253e-002
8.649315e+002,6.161219e-002
8.654136e+002,6.157095e-002
8.658958e+002,6.152608e-002
8.663779e+002,6.148427e-002
8.668600e+002,6.144881e-002
8.673422e+002,6.141689e-002
8.678242e+002,6.138242e-002
8.683064e+002,6.133890e-002
8.687885e+002,6.128395e-002
8.692706e+002,6.121987e-002
8.697527e+002,6.115098e-002
8.702349e+002,6.108017e-002
8.707170e+002,6.100560e-002
8.711991e+002,6.092057e-002
8.716813e+002,6.081757e-002
8.721634e+002,6.069199e-002
8.726455e+002,6.054601e-002
8.731276e+002,6.038842e-002
8.736097e+002,6.023048e-002
8.740919e+002,6.008038e-002
8.745740e+002,5.994016e-002
8.750562e+002,5.980489e-002
8.755382e+002,5.966710e-002
8.760204e+002,5.952181e-002
8.765025e+002,5.937047e-002
8.769846e+002,5.922088e-002
8.774668e+002,5.908336e-002
8.779489e+002,5.896495e-002
8.784310e+002,5.886601e-002
8.789131e+002,5.877966e-002
8.793953e+002,5.869664e-002
8.798774e+002,5.861004e-002
8.803595e+002,5.851999e-002
8.808416e+002,5.843369e-002
8.813237e+002,5.836189e-002
8.818059e+002,5.831260e-002
8.822880e+002,5.828763e-002
8.827701e+002,5.828127e-002
8.832523e+002,5.828452e-002
8.837344e+002,5.828934e-002
8.842165e+002,5.829304e-002
8.846986e+002,5.829880e-002
8.851808e+002,5.831274e-002
8.856628e+002,5.833918e-002
8.861450e+002,5.837815e-002
8.866271e+002,5.842393e-002
8.871093e+002,5.847008e-002
8.875914e+002,5.851252e-002
8.880735e+002,5.855348e-002
8.885556e+002,5.860031e-002
8.890377e+002,5.866231e-002
8.895199e+002,5.874492e-002
8.900020e+002,5.884666e-002
8.904841e+002,5.895925e-002
8.909662e+002,5.907179e-002
8.914484e+002,5.917572e-002
8.919305e+002,5.926996e-002
8.924126e+002,5.935986e-002
8.928948e+002,5.945443e-002
8.933768e+002,5.956070e-002
8.938590e+002,5.967916e-002
8.943411e+002,5.980328e-002
8.948232e+002,5.992249e-002
8.953054e+002,6.002691e-002
8.957875e+002,6.011202e-002
8.962697e+002,6.017898e-002
8.967517e+002,6.023231e-002
8.972339e+002,6.027472e-002
8.977159e+002,6.030395e-002
8.981981e+002,6.031175e-002
8.986802e+002,6.028778e-002
8.991624e+002,6.022368e-002
8.996445e+002,6.011871e-002
9.001266e+002,5.997923e-002
9.006088e+002,5.981690e-002
9.010908e+002,5.964314e-002
9.015730e+002,5.946553e-002
9.020551e+002,5.928592e-002
9.025372e+002,5.910419e-002
9.030193e+002,5.892123e-002
9.035015e+002,5.874238e-002
9.039836e+002,5.857714e-002
9.044657e+002,5.843558e-002
9.049479e+002,5.832343e-002
9.054299e+002,5.823944e-002
9.059121e+002,5.817533e-002
9.063942e+002,5.812068e-002
9.068763e+002,5.806789e-002
9.073585e+002,5.801632e-002
9.078406e+002,5.797233e-002
9.083228e+002,5.794603e-002
9.088048e+002,5.794528e-002
9.092870e+002,5.797223e-002
9.097691e+002,5.802212e-002
9.102512e+002,5.808669e-002
9.107333e+002,5.815863e-002
9.112155e+002,5.823547e-002
9.116976e+002,5.832041e-002
9.121797e+002,5.841935e-002
9.126619e+002,5.853670e-002
9.131440e+002,5.867202e-002
9.136261e+002,5.881950e-002
9.141082e+002,5.897062e-002
9.145903e+002,5.911834e-002
9.150724e+002,5.926099e-002
9.155546e+002,5.940175e-002
9.160367e+002,5.954718e-002
9.165189e+002,5.970227e-002
9.170010e+002,5.986732e-002
9.174831e+002,6.003693e-002
9.179652e+002,6.020309e-002
9.184473e+002,6.035820e-002
9.189294e+002,6.049982e-002
9.194116e+002,6.063006e-002
9.198937e+002,6.075459e-002
9.203759e+002,6.087820e-002
9.208580e+002,6.100233e-002
9.213401e+002,6.112375e-002
9.218222e+002,6.123756e-002
9.223043e+002,6.134041e-002
9.227864e+002,6.143342e-002
9.232686e+002,6.152241e-002
9.237507e+002,6.161556e-002
9.242328e+002,6.171960e-002
9.247150e+002,6.183666e-002
9.251971e+002,6.196432e-002
9.256792e+002,6.209832e-002
9.261613e+002,6.223568e-002
9.266434e+002,6.237821e-002
9.271255e+002,6.253184e-002
9.276077e+002,6.270432e-002
9.280898e+002,6.290050e-002
9.285720e+002,6.311976e-002
9.290541e+002,6.335535e-002
9.295362e+002,6.359739e-002
9.300183e+002,6.383687e-002
9.305004e+002,6.406941e-002
9.309826e+002,6.429603e-002
9.314647e+002,6.452073e-002
9.319468e+002,6.474680e-002
9.324290e+002,6.497359e-002
9.329111e+002,6.519492e-002
9.333932e+002,6.540203e-002
9.338753e+002,6.558641e-002
9.343574e+002,6.574359e-002
9.348396e+002,6.587411e-002
9.353217e+002,6.598227e-002
9.358038e+002,6.607205e-002
9.362859e+002,6.614474e-002
9.367681e+002,6.619745e-002
9.372502e+002,6.622531e-002
9.377323e+002,6.622414e-002
9.382144e+002,6.619388e-002
9.386966e+002,6.613863e-002
9.391787e+002,6.606460e-002
9.396608e+002,6.597675e-002
9.401429e+002,6.587664e-002
9.406251e+002,6.576145e-002
9.411072e+002,6.562757e-002
9.415893e+002,6.547346e-002
9.420714e+002,6.530268e-002
9.425536e+002,6.512353e-002
9.430357e+002,6.494551e-002
9.435178e+002,6.477559e-002
9.439999e+002,6.461506e-002
9.444821e+002,6.445889e-002
9.449642e+002,6.429998e-002
9.454463e+002,6.413252e-002
9.459284e+002,6.395617e-002
9.464106e+002,6.377598e-002
9.468927e+002,6.360061e-002
9.473748e+002,6.343753e-002
9.478569e+002,6.329053e-002
9.483391e+002,6.315907e-002
9.488212e+002,6.304050e-002
9.493033e+002,6.293392e-002
9.497855e+002,6.284206e-002
9.502676e+002,6.277157e-002
9.507497e+002,6.273009e-002
9.512318e+002,6.272224e-002
9.517139e+002,6.274789e-002
9.521960e+002,6.280193e-002
9.526782e+002,6.287735e-002
9.531603e+002,6.296904e-002
9.536425e+002,6.307644e-002
9.541246e+002,6.320281e-002
9.546067e+002,6.335291e-002
9.550888e+002,6.352881e-002
9.555709e+002,6.372737e-002
9.560530e+002,6.394020e-002
9.565352e+002,6.415706e-002
9.570173e+002,6.436910e-002
9.574995e+002,6.457321e-002
9.579816e+002,6.477153e-002
9.584637e+002,6.496998e-002
9.589458e+002,6.517370e-002
9.594279e+002,6.538490e-002
9.599100e+002,6.560107e-002
9.603922e+002,6.581762e-002
9.608743e+002,6.603017e-002
9.613564e+002,6.623845e-002
9.618386e+002,6.644569e-002
9.623207e+002,6.665783e-002
9.628028e+002,6.688029e-002
9.632849e+002,6.711567e-002
9.637670e+002,6.736328e-002
9.642491e+002,6.762141e-002
9.647313e+002,6.789026e-002
9.652134e+002,6.817450e-002
9.656956e+002,6.848384e-002
9.661777e+002,6.883091e-002
9.666598e+002,6.922770e-002
9.671419e+002,6.968278e-002
9.676240e+002,7.019903e-002
9.681061e+002,7.077387e-002
9.685883e+002,7.140061e-002
9.690704e+002,7.206899e-002
9.695526e+002,7.276463e-002
9.700347e+002,7.346851e-002
9.705168e+002,7.415635e-002
9.709989e+002,7.479972e-002
9.714810e+002,7.536955e-002
9.719631e+002,7.584201e-002
9.724453e+002,7.620415e-002
9.729274e+002,7.645823e-002
9.734095e+002,7.662167e-002
9.738917e+002,7.672236e-002
9.743738e+002,7.679165e-002
9.748559e+002,7.685708e-002
9.753380e+002,7.693839e-002
9.758201e+002,7.704789e-002
9.763023e+002,7.719357e-002
9.767844e+002,7.738326e-002
9.772665e+002,7.762650e-002
9.777487e+002,7.793431e-002
9.782308e+002,7.831612e-002
9.787129e+002,7.877699e-002
9.791950e+002,7.931619e-002
9.796771e+002,7.992855e-002
9.801593e+002,8.060757e-002
9.806414e+002,8.134920e-002
9.811235e+002,8.215304e-002
9.816057e+002,8.302284e-002
9.820878e+002,8.396292e-002
9.825699e+002,8.497562e-002
9.830520e+002,8.605967e-002
9.835342e+002,8.721041e-002
9.840163e+002,8.842185e-002
9.844984e+002,8.969068e-002
9.849805e+002,9.101690e-002
9.854626e+002,9.240399e-002
9.859448e+002,9.385605e-002
9.864269e+002,9.537421e-002
9.869090e+002,9.695470e-002
9.873912e+002,9.858919e-002
9.878733e+002,1.002678e-001
9.883554e+002,1.019839e-001
9.888375e+002,1.037366e-001
9.893196e+002,1.055318e-001
9.898018e+002,1.073778e-001
9.902839e+002,1.092816e-001
9.907660e+002,1.112431e-001
9.912482e+002,1.132544e-001
9.917303e+002,1.153021e-001
9.922124e+002,1.173732e-001
9.926945e+002,1.194591e-001
9.931766e+002,1.215570e-001
9.936588e+002,1.236669e-001
9.941409e+002,1.257842e-001
9.946230e+002,1.278922e-001
9.951052e+002,1.299602e-001
9.955873e+002,1.319467e-001
9.960694e+002,1.338082e-001
9.965515e+002,1.355105e-001
9.970336e+002,1.370360e-001
9.975157e+002,1.383850e-001
9.979979e+002,1.395707e-001
9.984800e+002,1.406115e-001
9.989622e+002,1.415258e-001
9.994443e+002,1.423319e-001
9.999264e+002,1.430509e-001
1.000409e+003,1.437109e-001
1.000891e+003,1.443468e-001
1.001373e+003,1.449946e-001
1.001855e+003,1.456832e-001
1.002337e+003,1.464272e-001
1.002819e+003,1.472244e-001
1.003301e+003,1.480625e-001
1.003783e+003,1.489274e-001
1.004266e+003,1.498139e-001
1.004748e+003,1.507299e-001
1.005230e+003,1.516927e-001
1.005712e+003,1.527207e-001
1.006194e+003,1.538237e-001
1.006676e+003,1.549998e-001
1.007158e+003,1.562364e-001
1.007640e+003,1.575202e-001
1.008122e+003,1.588456e-001
1.008605e+003,1.602202e-001
1.009087e+003,1.616604e-001
1.009569e+003,1.631830e-001
1.010051e+003,1.647946e-001
1.010533e+003,1.664874e-001
1.011015e+003,1.682405e-001
1.011497e+003,1.700314e-001
1.011979e+003,1.718445e-001
1.012462e+003,1.736781e-001
1.012944e+003,1.755407e-001
1.013426e+003,1.774405e-001
1.013908e+003,1.793745e-001
1.014390e+003,1.813221e-001
1.014872e+003,1.832487e-001
1.015354e+003,1.851179e-001
1.015836e+003,1.869053e-001
1.016319e+003,1.886063e-001
1.016801e+003,1.902328e-001
1.017283e+003,1.918009e-001
1.017765e+003,1.933163e-001
1.018247e+003,1.947656e-001
1.018729e+003,1.961193e-001
1.019211e+003,1.973448e-001
1.019693e+003,1.984221e-001
1.020176e+003,1.993529e-001
1.020658e+003,2.001569e-001
1.021140e+003,2.008591e-001
1.021622e+003,2.014734e-001
1.022104e+003,2.019935e-001
1.022586e+003,2.023967e-001
1.023068e+003,2.026577e-001
1.023550e+003,2.027640e-001
1.024033e+003,2.027258e-001
1.024515e+003,2.025709e-001
1.024997e+003,2.023320e-001
1.025479e+003,2.020290e-001
1.025961e+003,2.016619e-001
1.026443e+003,2.012137e-001
1.026925e+003,2.006647e-001
1.027407e+003,2.000074e-001
1.027890e+003,1.992552e-001
1.028372e+003,1.984371e-001
1.028854e+003,1.975847e-001
1.029336e+003,1.967171e-001
1.029818e+003,1.958347e-001
1.030300e+003,1.949228e-001
1.030782e+003,1.939662e-001
1.031264e+003,1.929632e-001
1.031747e+003,1.919316e-001
1.032229e+003,1.909036e-001
1.032711e+003,1.899131e-001
1.033193e+003,1.889808e-001
1.033675e+003,1.881080e-001
1.034157e+003,1.872812e-001
1.034639e+003,1.864848e-001
1.035121e+003,1.857133e-001
1.035604e+003,1.849775e-001
1.036086e+003,1.842992e-001
1.036568e+003,1.836996e-001
1.037050e+003,1.831862e-001
1.037532e+003,1.827486e-001
1.038014e+003,1.823631e-001
1.038496e+003,1.820064e-001
1.038979e+003,1.816667e-001
1.039461e+003,1.813505e-001
1.039943e+003,1.810771e-001
1.040425e+003,1.808650e-001
1.040907e+003,1.807207e-001
1.041389e+003,1.806321e-001
1.041871e+003,1.805735e-001
1.042353e+003,1.805193e-001
1.042835e+003,1.804558e-001
1.043318e+003,1.803882e-001
1.043800e+003,1.803359e-001
1.044282e+003,1.803191e-001
1.044764e+003,1.803470e-001
1.045246e+003,1.804109e-001
1.045728e+003,1.804885e-001
1.046210e+003,1.805572e-001
1.046692e+003,1.806061e-001
1.047175e+003,1.806431e-001
1.047657e+003,1.806902e-001
1.048139e+003,1.807697e-001
1.048621e+003,1.808918e-001
1.049103e+003,1.810469e-001
1.049585e+003,1.812099e-001
1.050067e+003,1.813523e-001
1.050549e+003,1.814558e-001
1.051031e+003,1.815189e-001
1.051514e+003,1.815543e-001
1.051996e+003,1.815759e-001
1.052478e+003,1.815870e-001
1.052960e+003,1.815738e-001
1.053442e+003,1.815095e-001
1.053924e+003,1.813673e-001
1.054406e+003,1.811334e-001
1.054889e+003,1.808131e-001
1.055371e+003,1.804263e-001
1.055853e+003,1.799954e-001
1.056335e+003,1.795306e-001
1.056817e+003,1.790254e-001
1.057299e+003,1.784598e-001
1.057781e+003,1.778146e-001
1.058263e+003,1.770836e-001
1.058746e+003,1.762799e-001
1.059228e+003,1.754309e-001
1.059710e+003,1.745660e-001
1.060192e+003,1.737034e-001
1.060674e+003,1.728455e-001
1.061156e+003,1.719821e-001
1.061638e+003,1.711039e-001
1.062120e+003,1.702129e-001
1.062603e+003,1.693279e-001
1.063085e+003,1.684794e-001
1.063567e+003,1.676982e-001
1.064049e+003,1.670032e-001
1.064531e+003,1.663977e-001
1.065013e+003,1.658733e-001
1.065495e+003,1.654211e-001
1.065977e+003,1.650425e-001
1.066460e+003,1.647530e-001
1.066942e+003,1.645783e-001
1.067424e+003,1.645440e-001
1.067906e+003,1.646638e-001
1.068388e+003,1.649363e-001
1.068870e+003,1.653484e-001
1.069352e+003,1.658846e-001
1.069834e+003,1.665370e-001
1.070317e+003,1.673083e-001
1.070799e+003,1.682074e-001
1.071281e+003,1.692384e-001
1.071763e+003,1.703899e-001
1.072245e+003,1.716309e-001
1.072727e+003,1.729159e-001
1.073209e+003,1.741970e-001
1.073691e+003,1.754366e-001
1.074174e+003,1.766159e-001
1.074656e+003,1.777308e-001
1.075138e+003,1.787813e-001
1.075620e+003,1.797588e-001
1.076102e+003,1.806401e-001
1.076584e+003,1.813910e-001
1.077066e+003,1.819800e-001
1.077548e+003,1.823899e-001
1.078031e+003,1.826261e-001
1.078513e+003,1.827110e-001
1.078995e+003,1.826709e-001
1.079477e+003,1.825218e-001
1.079959e+003,1.822630e-001
1.080441e+003,1.818811e-001
1.080923e+003,1.813638e-001
1.081406e+003,1.807123e-001
1.081888e+003,1.799476e-001
1.082370e+003,1.791051e-001
1.082852e+003,1.782219e-001
1.083334e+003,1.773223e-001
1.083816e+003,1.764137e-001
1.084298e+003,1.754902e-001
1.084780e+003,1.745451e-001
1.085262e+003,1.735829e-001
1.085745e+003,1.726238e-001
1.086227e+003,1.716976e-001
1.086709e+003,1.708331e-001
1.087191e+003,1.700454e-001
1.087673e+003,1.693323e-001
1.088155e+003,1.686785e-001
1.088637e+003,1.680680e-001
1.089119e+003,1.674947e-001
1.089602e+003,1.669660e-001
1.090084e+003,1.664989e-001
1.090566e+003,1.661094e-001
1.091048e+003,1.658012e-001
1.091530e+003,1.655636e-001
1.092012e+003,1.653754e-001
1.092494e+003,1.652160e-001
1.092976e+003,1.650752e-001
1.093458e+003,1.649572e-001
1.093941e+003,1.648761e-001
1.094423e+003,1.648449e-001
1.094905e+003,1.648653e-001
1.095387e+003,1.649241e-001
1.095869e+003,1.649991e-001
1.096351e+003,1.650684e-001
1.096833e+003,1.651214e-001
1.097316e+003,1.651621e-001
1.097798e+003,1.652048e-001
1.098280e+003,1.652621e-001
1.098762e+003,1.653352e-001
1.099244e+003,1.654102e-001
1.099726e+003,1.654619e-001
1.100208e+003,1.654663e-001
1.100690e+003,1.654109e-001
1.101173e+003,1.652990e-001
1.101655e+003,1.651461e-001
1.102137e+003,1.649684e-001
1.102619e+003,1.647736e-001
1.103101e+003,1.645561e-001
1.103583e+003,1.643016e-001
1.104065e+003,1.639984e-001
1.104547e+003,1.636465e-001
1.105030e+003,1.632612e-001
1.105512e+003,1.628685e-001
1.105994e+003,1.624941e-001
1.106476e+003,1.621530e-001
1.106958e+003,1.618459e-001
1.107440e+003,1.615630e-001
1.107922e+003,1.612948e-001
1.108404e+003,1.610398e-001
1.108886e+003,1.608091e-001
1.109369e+003,1.606204e-001
1.109851e+003,1.604884e-001
1.110333e+003,1.604152e-001
1.110815e+003,1.603879e-001
1.111297e+003,1.603837e-001
1.111779e+003,1.603795e-001
1.112261e+003,1.603628e-001
1.112744e+003,1.603348e-001
1.113226e+003,1.603065e-001
1.113708e+003,1.602893e-001
1.114190e+003,1.602843e-001
1.114672e+003,1.602795e-001
1.115154e+003,1.602539e-001
1.115636e+003,1.601862e-001
1.116118e+003,1.600657e-001
1.116601e+003,1.598947e-001
1.117083e+003,1.596852e-001
1.117565e+003,1.594494e-001
1.118047e+003,1.591895e-001
1.118529e+003,1.588956e-001
1.119011e+003,1.585499e-001
1.119493e+003,1.581361e-001
1.119975e+003,1.576490e-001
1.120458e+003,1.570980e-001
1.120940e+003,1.565025e-001
1.121422e+003,1.558827e-001
1.121904e+003,1.552505e-001
1.122386e+003,1.546064e-001
1.122868e+003,1.539433e-001
1.123350e+003,1.532554e-001
1.123832e+003,1.525453e-001
1.124314e+003,1.518274e-001
1.124797e+003,1.511222e-001
1.125279e+003,1.504493e-001
1.125761e+003,1.498182e-001
1.126243e+003,1.492277e-001
1.126725e+003,1.486691e-001
1.127207e+003,1.481362e-001
1.127689e+003,1.476309e-001
1.128172e+003,1.471663e-001
1.128654e+003,1.467615e-001
1.129136e+003,1.464333e-001
1.129618e+003,1.461892e-001
1.130100e+003,1.460260e-001
1.130582e+003,1.459334e-001
1.131064e+003,1.459024e-001
1.131546e+003,1.459321e-001
1.132029e+003,1.460323e-001
1.132511e+003,1.462190e-001
1.132993e+003,1.465064e-001
1.133475e+003,1.469001e-001
1.133957e+003,1.473941e-001
1.134439e+003,1.479739e-001
1.134921e+003,1.486236e-001
1.135403e+003,1.493334e-001
1.135885e+003,1.501022e-001
1.136368e+003,1.509351e-001
1.136850e+003,1.518366e-001
1.137332e+003,1.528039e-001
1.137814e+003,1.538242e-001
1.138296e+003,1.548780e-001
1.138778e+003,1.559467e-001
1.139260e+003,1.570190e-001
1.139742e+003,1.580959e-001
1.140225e+003,1.591858e-001
1.140707e+003,1.602982e-001
1.141189e+003,1.614350e-001
1.141671e+003,1.625875e-001
1.142153e+003,1.637396e-001
1.142635e+003,1.648754e-001
1.143117e+003,1.659875e-001
1.143599e+003,1.670810e-001
1.144082e+003,1.681704e-001
1.144564e+003,1.692708e-001
1.145046e+003,1.703885e-001
1.145528e+003,1.715180e-001
1.146010e+003,1.726425e-001
1.146492e+003,1.737441e-001
1.146974e+003,1.748116e-001
1.147457e+003,1.758448e-001
1.147939e+003,1.768519e-001
1.148421e+003,1.778400e-001
1.148903e+003,1.788062e-001
1.149385e+003,1.797335e-001
1.149867e+003,1.805944e-001
1.150349e+003,1.813616e-001
1.150831e+003,1.820174e-001
1.151313e+003,1.825601e-001
1.151796e+003,1.829999e-001
1.152278e+003,1.833490e-001
1.152760e+003,1.836118e-001
1.153242e+003,1.837794e-001
1.153724e+003,1.838337e-001
1.154206e+003,1.837577e-001
1.154688e+003,1.835448e-001
1.155170e+003,1.832040e-001
1.155653e+003,1.827555e-001
1.156135e+003,1.822194e-001
1.156617e+003,1.816064e-001
1.157099e+003,1.809130e-001
1.157581e+003,1.801267e-001
1.158063e+003,1.792365e-001
1.158545e+003,1.782428e-001
1.159027e+003,1.771614e-001
1.159510e+003,1.760177e-001
1.159992e+003,1.748362e-001
1.160474e+003,1.736307e-001
1.160956e+003,1.724006e-001
1.161438e+003,1.711359e-001
1.161920e+003,1.698268e-001
1.162402e+003,1.684736e-001
1.162885e+003,1.670895e-001
1.163367e+003,1.656953e-001
1.163849e+003,1.643103e-001
1.164331e+003,1.629433e-001
1.164813e+003,1.615896e-001
1.165295e+003,1.602359e-001
1.165777e+003,1.588686e-001
1.166259e+003,1.574821e-001
1.166741e+003,1.560817e-001
1.167224e+003,1.546786e-001
1.167706e+003,1.532827e-001
1.168188e+003,1.518959e-001
1.168670e+003,1.505113e-001
1.169152e+003,1.491172e-001
1.169634e+003,1.477049e-001
1.170116e+003,1.462747e-001
1.170598e+003,1.448362e-001
1.171081e+003,1.434029e-001
1.171563e+003,1.419856e-001
1.172045e+003,1.405848e-001
1.172527e+003,1.391931e-001
1.173009e+003,1.377988e-001
1.173491e+003,1.363937e-001
1.173973e+003,1.349793e-001
1.174455e+003,1.335664e-001
1.174938e+003,1.321707e-001
1.175420e+003,1.308047e-001
1.175902e+003,1.294739e-001
1.176384e+003,1.281759e-001
1.176866e+003,1.269047e-001
1.177348e+003,1.256577e-001
1.177830e+003,1.244383e-001
1.178313e+003,1.232566e-001
1.178795e+003,1.221237e-001
1.179277e+003,1.210471e-001
1.179759e+003,1.200260e-001
1.180241e+003,1.190539e-001
1.180723e+003,1.181213e-001
1.181205e+003,1.172229e-001
1.181687e+003,1.163603e-001
1.182169e+003,1.155402e-001
1.182652e+003,1.147711e-001
1.183134e+003,1.140573e-001
1.183616e+003,1.133960e-001
1.184098e+003,1.127798e-001
1.184580e+003,1.121988e-001
1.185062e+003,1.116468e-001
1.185544e+003,1.111231e-001
1.186026e+003,1.106313e-001
1.186509e+003,1.101766e-001
1.186991e+003,1.097600e-001
1.187473e+003,1.093771e-001
1.187955e+003,1.090196e-001
1.188437e+003,1.086788e-001
1.188919e+003,1.083503e-001
1.189401e+003,1.080351e-001
1.189883e+003,1.077385e-001
1.190366e+003,1.074663e-001
1.190848e+003,1.072201e-001
1.191330e+003,1.069964e-001
1.191812e+003,1.067878e-001
1.192294e+003,1.065878e-001
1.192776e+003,1.063943e-001
1.193258e+003,1.062112e-001
1.193740e+003,1.060469e-001
1.194223e+003,1.059093e-001
1.194705e+003,1.058029e-001
1.195187e+003,1.057252e-001
1.195669e+003,1.056704e-001
1.196151e+003,1.056310e-001
1.196633e+003,1.056048e-001
1.197115e+003,1.055939e-001
1.197597e+003,1.056045e-001
1.198080e+003,1.056428e-001
1.198562e+003,1.057108e-001
1.199044e+003,1.058049e-001
1.199526e+003,1.059171e-001
1.200008e+003,1.060390e-001
1.200490e+003,1.061656e-001
1.200972e+003,1.062974e-001
1.201454e+003,1.064381e-001
1.201937e+003,1.065918e-001
1.202419e+003,1.067590e-001
1.202901e+003,1.069353e-001
1.203383e+003,1.071129e-001
1.203865e+003,1.072845e-001
1.204347e+003,1.074465e-001
1.204829e+003,1.076016e-001
1.205312e+003,1.077554e-001
1.205794e+003,1.079142e-001
1.206276e+003,1.080797e-001
1.206758e+003,1.082480e-001
1.207240e+003,1.084115e-001
1.207722e+003,1.085627e-001
1.208204e+003,1.086983e-001
1.208686e+003,1.088220e-001
1.209168e+003,1.089427e-001
1.209651e+003,1.090705e-001
1.210133e+003,1.092127e-001
1.210615e+003,1.093711e-001
1.211097e+003,1.095435e-001
1.211579e+003,1.097268e-001
1.212061e+003,1.099209e-001
1.212543e+003,1.101301e-001
1.213025e+003,1.103624e-001
1.213508e+003,1.106255e-001
1.213990e+003,1.109232e-001
1.214472e+003,1.112535e-001
1.214954e+003,1.116103e-001
1.215436e+003,1.119873e-001
1.215918e+003,1.123808e-001
1.216400e+003,1.127932e-001
1.216882e+003,1.132307e-001
1.217365e+003,1.137002e-001
1.217847e+003,1.142054e-001
1.218329e+003,1.147446e-001
1.218811e+003,1.153111e-001
1.219293e+003,1.158973e-001
1.219775e+003,1.164983e-001
1.220257e+003,1.171138e-001
1.220740e+003,1.177482e-001
1.221222e+003,1.184064e-001
1.221704e+003,1.190913e-001
1.222186e+003,1.198003e-001
1.222668e+003,1.205271e-001
1.223150e+003,1.212641e-001
1.223632e+003,1.220071e-001
1.224114e+003,1.227569e-001
1.224596e+003,1.235189e-001
1.225079e+003,1.242996e-001
1.225561e+003,1.251023e-001
1.226043e+003,1.259239e-001
1.226525e+003,1.267561e-001
1.227007e+003,1.275879e-001
1.227489e+003,1.284112e-001
1.227971e+003,1.292235e-001
1.228453e+003,1.300282e-001
1.228936e+003,1.308313e-001
1.229418e+003,1.316372e-001
1.229900e+003,1.324449e-001
1.230382e+003,1.332484e-001
1.230864e+003,1.340393e-001
1.231346e+003,1.348124e-001
1.231828e+003,1.355684e-001
1.232310e+003,1.363136e-001
1.232792e+003,1.370564e-001
1.233275e+003,1.378019e-001
1.233757e+003,1.385477e-001
1.234239e+003,1.392842e-001
1.234721e+003,1.399976e-001
1.235203e+003,1.406762e-001
1.235685e+003,1.413152e-001
1.236167e+003,1.419173e-001
1.236650e+003,1.424889e-001
1.237132e+003,1.430354e-001
1.237614e+003,1.435548e-001
1.238096e+003,1.440387e-001
1.238578e+003,1.444741e-001
1.239060e+003,1.448503e-001
1.239542e+003,1.451642e-001
1.240024e+003,1.454205e-001
1.240507e+003,1.456281e-001
1.240989e+003,1.457948e-001
1.241471e+003,1.459217e-001
1.241953e+003,1.460022e-001
1.242435e+003,1.460265e-001
1.242917e+003,1.459874e-001
1.243399e+003,1.458864e-001
1.243881e+003,1.457334e-001
1.244364e+003,1.455436e-001
1.244846e+003,1.453294e-001
1.245328e+003,1.450962e-001
1.245810e+003,1.448407e-001
1.246292e+003,1.445555e-001
1.246774e+003,1.442356e-001
1.247256e+003,1.438837e-001
1.247738e+003,1.435114e-001
1.248220e+003,1.431352e-001
1.248703e+003,1.427695e-001
1.249185e+003,1.424218e-001
1.249667e+003,1.420918e-001
1.250149e+003,1.417746e-001
1.250631e+003,1.414667e-001
1.251113e+003,1.411705e-001
1.251595e+003,1.408944e-001
1.252078e+003,1.406495e-001
1.252560e+003,1.404424e-001
1.253042e+003,1.402722e-001
1.253524e+003,1.401292e-001
1.254006e+003,1.399998e-001
1.254488e+003,1.398724e-001
1.254970e+003,1.397418e-001
1.255452e+003,1.396104e-001
1.255935e+003,1.394854e-001
1.256417e+003,1.393719e-001
1.256899e+003,1.392704e-001
1.257381e+003,1.391753e-001
1.257863e+003,1.390786e-001
1.258345e+003,1.389758e-001
1.258827e+003,1.388683e-001
1.259309e+003,1.387652e-001
1.259792e+003,1.386761e-001
1.260274e+003,1.386084e-001
1.260756e+003,1.385605e-001
1.261238e+003,1.385238e-001
1.261720e+003,1.384865e-001
1.262202e+003,1.384398e-001
1.262684e+003,1.383824e-001
1.263166e+003,1.383203e-001
1.263648e+003,1.382624e-001
1.264131e+003,1.382151e-001
1.264613e+003,1.381777e-001
1.265095e+003,1.381419e-001
1.265577e+003,1.380972e-001
1.266059e+003,1.380354e-001
1.266541e+003,1.379565e-001
1.267023e+003,1.378677e-001
1.267505e+003,1.377805e-001
1.267988e+003,1.377047e-001
1.268470e+003,1.376434e-001
1.268952e+003,1.375930e-001
1.269434e+003,1.375471e-001
1.269916e+003,1.375015e-001
1.270398e+003,1.374582e-001
1.270880e+003,1.374253e-001
1.271363e+003,1.374133e-001
1.271845e+003,1.374290e-001
1.272327e+003,1.374723e-001
1.272809e+003,1.375365e-001
1.273291e+003,1.376117e-001
1.273773e+003,1.376907e-001
1.274255e+003,1.377728e-001
1.274737e+003,1.378631e-001
1.275219e+003,1.379684e-001
1.275702e+003,1.380921e-001
1.276184e+003,1.382301e-001
1.276666e+003,1.383720e-001
1.277148e+003,1.385048e-001
1.277630e+003,1.386194e-001
1.278112e+003,1.387145e-001
1.278594e+003,1.387964e-001
1.279076e+003,1.388748e-001
1.279559e+003,1.389566e-001
1.280041e+003,1.390419e-001
1.280523e+003,1.391242e-001
1.281005e+003,1.391938e-001
1.281487e+003,1.392444e-001
1.281969e+003,1.392768e-001
1.282451e+003,1.393002e-001
1.282933e+003,1.393265e-001
1.283416e+003,1.393658e-001
1.283898e+003,1.394217e-001
1.284380e+003,1.394911e-001
1.284862e+003,1.395678e-001
1.285344e+003,1.396486e-001
1.285826e+003,1.397366e-001
1.286308e+003,1.398421e-001
1.286791e+003,1.399771e-001
1.287273e+003,1.401507e-001
1.287755e+003,1.403633e-001
1.288237e+003,1.406073e-001
1.288719e+003,1.408708e-001
1.289201e+003,1.411430e-001
1.289683e+003,1.414206e-001
1.290165e+003,1.417066e-001
1.290647e+003,1.420076e-001
1.291130e+003,1.423279e-001
1.291612e+003,1.426645e-001
1.292094e+003,1.430078e-001
1.292576e+003,1.433451e-001
1.293058e+003,1.436665e-001
1.293540e+003,1.439698e-001
1.294022e+003,1.442602e-001
1.294504e+003,1.445470e-001
1.294987e+003,1.448378e-001
1.295469e+003,1.451334e-001
1.295951e+003,1.454277e-001
1.296433e+003,1.457110e-001
1.296915e+003,1.459768e-001
1.297397e+003,1.462252e-001
1.297879e+003,1.464638e-001
1.298361e+003,1.467029e-001
1.298844e+003,1.469492e-001
1.299326e+003,1.472027e-001
1.299808e+003,1.474546e-001
1.300290e+003,1.476937e-001
1.300772e+003,1.479115e-001
1.301254e+003,1.481069e-001
1.301736e+003,1.482857e-001
1.302219e+003,1.484566e-001
1.302701e+003,1.486240e-001
1.303183e+003,1.487840e-001
1.303665e+003,1.489251e-001
1.304147e+003,1.490340e-001
1.304629e+003,1.491031e-001
1.305111e+003,1.491365e-001
1.305593e+003,1.491499e-001
1.306075e+003,1.491648e-001
1.306558e+003,1.491995e-001
1.307040e+003,1.492628e-001
1.307522e+003,1.493524e-001
1.308004e+003,1.494585e-001
1.308486e+003,1.495711e-001
1.308968e+003,1.496857e-001
1.309450e+003,1.498055e-001
1.309932e+003,1.499374e-001
1.310415e+003,1.500861e-001
1.310897e+003,1.502487e-001
1.311379e+003,1.504142e-001
1.311861e+003,1.505666e-001
1.312343e+003,1.506925e-001
1.312825e+003,1.507870e-001
1.313307e+003,1.508551e-001
1.313789e+003,1.509075e-001
1.314272e+003,1.509535e-001
1.314754e+003,1.509942e-001
1.315236e+003,1.510223e-001
1.315718e+003,1.510261e-001
1.316200e+003,1.509964e-001
1.316682e+003,1.509310e-001
1.317164e+003,1.508367e-001
1.317646e+003,1.507236e-001
1.318129e+003,1.505993e-001
1.318611e+003,1.504628e-001
1.319093e+003,1.503050e-001
1.319575e+003,1.501136e-001
1.320057e+003,1.498814e-001
1.320539e+003,1.496104e-001
1.321021e+003,1.493119e-001
1.321503e+003,1.489992e-001
1.321986e+003,1.486810e-001
1.322468e+003,1.483559e-001
1.322950e+003,1.480147e-001
1.323432e+003,1.476448e-001
1.323914e+003,1.472380e-001
1.324396e+003,1.467951e-001
1.324878e+003,1.463259e-001
1.325360e+003,1.458432e-001
1.325843e+003,1.453567e-001
1.326325e+003,1.448684e-001
1.326807e+003,1.443725e-001
1.327289e+003,1.438607e-001
1.327771e+003,1.433294e-001
1.328253e+003,1.427823e-001
1.328735e+003,1.422310e-001
1.329218e+003,1.416882e-001
1.329700e+003,1.411633e-001
1.330182e+003,1.406578e-001
1.330664e+003,1.401670e-001
1.331146e+003,1.396850e-001
1.331628e+003,1.392102e-001
1.332110e+003,1.387466e-001
1.332592e+003,1.383042e-001
1.333074e+003,1.378919e-001
1.333557e+003,1.375143e-001
1.334039e+003,1.371683e-001
1.334521e+003,1.368465e-001
1.335003e+003,1.365404e-001
1.335485e+003,1.362461e-001
1.335967e+003,1.359661e-001
1.336449e+003,1.357072e-001
1.336931e+003,1.354762e-001
1.337414e+003,1.352747e-001
1.337896e+003,1.350957e-001
1.338378e+003,1.349269e-001
1.338860e+003,1.347543e-001
1.339342e+003,1.345710e-001
1.339824e+003,1.343796e-001
1.340306e+003,1.341896e-001
1.340788e+003,1.340107e-001
1.341271e+003,1.338461e-001
1.341753e+003,1.336913e-001
1.342235e+003,1.335389e-001
1.342717e+003,1.333830e-001
1.343199e+003,1.332234e-001
1.343681e+003,1.330656e-001
1.344163e+003,1.329187e-001
1.344646e+003,1.327910e-001
1.345128e+003,1.326851e-001
1.345610e+003,1.325973e-001
1.346092e+003,1.325198e-001
1.346574e+003,1.324456e-001
1.347056e+003,1.323722e-001
1.347538e+003,1.323028e-001
1.348020e+003,1.322451e-001
1.348502e+003,1.322053e-001
1.348985e+003,1.321860e-001
1.349467e+003,1.321847e-001
1.349949e+003,1.321962e-001
1.350431e+003,1.322167e-001
1.350913e+003,1.322487e-001
1.351395e+003,1.322992e-001
1.351877e+003,1.323789e-001
1.352359e+003,1.324963e-001
1.352842e+003,1.326558e-001
1.353324e+003,1.328558e-001
1.353806e+003,1.330909e-001
1.354288e+003,1.333550e-001
1.354770e+003,1.336440e-001
1.355252e+003,1.339554e-001
1.355734e+003,1.342865e-001
1.356216e+003,1.346319e-001
1.356698e+003,1.349812e-001
1.357181e+003,1.353203e-001
1.357663e+003,1.356355e-001
1.358145e+003,1.359171e-001
1.358627e+003,1.361641e-001
1.359109e+003,1.363844e-001
1.359591e+003,1.365935e-001
1.360073e+003,1.368111e-001
1.360556e+003,1.370575e-001
1.361038e+003,1.373514e-001
1.361520e+003,1.377089e-001
1.362002e+003,1.381401e-001
1.362484e+003,1.386482e-001
1.362966e+003,1.392265e-001
1.363448e+003,1.398596e-001
1.363930e+003,1.405292e-001
1.364413e+003,1.412210e-001
1.364895e+003,1.419268e-001
1.365377e+003,1.426468e-001
1.365859e+003,1.433865e-001
1.366341e+003,1.441548e-001
1.366823e+003,1.449621e-001
1.367305e+003,1.458158e-001
1.367787e+003,1.467189e-001
1.368270e+003,1.476666e-001
1.368752e+003,1.486504e-001
1.369234e+003,1.496604e-001
1.369716e+003,1.506928e-001
1.370198e+003,1.517546e-001
1.370680e+003,1.528665e-001
1.371162e+003,1.540620e-001
1.371644e+003,1.553842e-001
1.372126e+003,1.568757e-001
1.372609e+003,1.585626e-001
1.373091e+003,1.604283e-001
1.373573e+003,1.623894e-001
1.374055e+003,1.642937e-001
1.374537e+003,1.659579e-001
1.375019e+003,1.672355e-001
1.375501e+003,1.680638e-001
1.375984e+003,1.684630e-001
1.376466e+003,1.684983e-001
1.376948e+003,1.682465e-001
1.377430e+003,1.677796e-001
1.377912e+003,1.671674e-001
1.378394e+003,1.664827e-001
1.378876e+003,1.658010e-001
1.379358e+003,1.651911e-001
1.379841e+003,1.647018e-001
1.380323e+003,1.643570e-001
1.380805e+003,1.641580e-001
1.381287e+003,1.640937e-001
1.381769e+003,1.641512e-001
1.382251e+003,1.643196e-001
1.382733e+003,1.645909e-001
1.383215e+003,1.649554e-001
1.383698e+003,1.654015e-001
1.384180e+003,1.659158e-001
1.384662e+003,1.664877e-001
1.385144e+003,1.671139e-001
1.385626e+003,1.677977e-001
1.386108e+003,1.685459e-001
1.386590e+003,1.693590e-001
1.387072e+003,1.702224e-001
1.387554e+003,1.711040e-001
1.388037e+003,1.719659e-001
1.388519e+003,1.727795e-001
1.389001e+003,1.735357e-001
1.389483e+003,1.742438e-001
1.389965e+003,1.749235e-001
1.390447e+003,1.755969e-001
1.390929e+003,1.762828e-001
1.391411e+003,1.769947e-001
1.391894e+003,1.777405e-001
1.392376e+003,1.785271e-001
1.392858e+003,1.793617e-001
1.393340e+003,1.802516e-001
1.393822e+003,1.811985e-001
1.394304e+003,1.821882e-001
1.394786e+003,1.831846e-001
1.395269e+003,1.841378e-001
1.395751e+003,1.850017e-001
1.396233e+003,1.857545e-001
1.396715e+003,1.864002e-001
1.397197e+003,1.869638e-001
1.397679e+003,1.874782e-001
1.398161e+003,1.879719e-001
1.398643e+003,1.884568e-001
1.399125e+003,1.889208e-001
1.399608e+003,1.893311e-001
1.400090e+003,1.896510e-001
1.400572e+003,1.898564e-001
1.401054e+003,1.899432e-001
1.401536e+003,1.899222e-001
1.402018e+003,1.898100e-001
1.402500e+003,1.896210e-001
1.402982e+003,1.893602e-001
1.403465e+003,1.890215e-001
1.403947e+003,1.885900e-001
1.404429e+003,1.880532e-001
1.404911e+003,1.874132e-001
1.405393e+003,1.866946e-001
1.405875e+003,1.859388e-001
1.406357e+003,1.851891e-001
1.406839e+003,1.844747e-001
1.407322e+003,1.838049e-001
1.407804e+003,1.831717e-001
1.408286e+003,1.825588e-001
1.408768e+003,1.819524e-001
1.409250e+003,1.813493e-001
1.409732e+003,1.807604e-001
1.410214e+003,1.802060e-001
1.410697e+003,1.797071e-001
1.411179e+003,1.792728e-001
1.411661e+003,1.788961e-001
1.412143e+003,1.785570e-001
1.412625e+003,1.782329e-001
1.413107e+003,1.779085e-001
1.413589e+003,1.775802e-001
1.414071e+003,1.772541e-001
1.414553e+003,1.769376e-001
1.415036e+003,1.766316e-001
1.415518e+003,1.763253e-001
1.416000e+003,1.759948e-001
1.416482e+003,1.756059e-001
1.416964e+003,1.751191e-001
1.417446e+003,1.744971e-001
1.417928e+003,1.737161e-001
1.418410e+003,1.727841e-001
1.418893e+003,1.717507e-001
1.419375e+003,1.706956e-001
1.419857e+003,1.696875e-001
1.420339e+003,1.687590e-001
1.420821e+003,1.679051e-001
1.421303e+003,1.671018e-001
1.421785e+003,1.663205e-001
1.422267e+003,1.655350e-001
1.422750e+003,1.647248e-001
1.423232e+003,1.638819e-001
1.423714e+003,1.630180e-001
1.424196e+003,1.621650e-001
1.424678e+003,1.613670e-001
1.425160e+003,1.606604e-001
1.425642e+003,1.600634e-001
1.426125e+003,1.595750e-001
1.426607e+003,1.591846e-001
1.427089e+003,1.588813e-001
1.427571e+003,1.586590e-001
1.428053e+003,1.585206e-001
1.428535e+003,1.584763e-001
1.429017e+003,1.585406e-001
1.429499e+003,1.587265e-001
1.429981e+003,1.590391e-001
1.430464e+003,1.594725e-001
1.430946e+003,1.600082e-001
1.431428e+003,1.606202e-001
1.431910e+003,1.612776e-001
1.432392e+003,1.619532e-001
1.432874e+003,1.626283e-001
1.433356e+003,1.632978e-001
1.433838e+003,1.639717e-001
1.434321e+003,1.646734e-001
1.434803e+003,1.654357e-001
1.435285e+003,1.662894e-001
1.435767e+003,1.672436e-001
1.436249e+003,1.682624e-001
1.436731e+003,1.692641e-001
1.437213e+003,1.701616e-001
1.437696e+003,1.709119e-001
1.438177e+003,1.715249e-001
1.438660e+003,1.720377e-001
1.439142e+003,1.724893e-001
1.439624e+003,1.729098e-001
1.440106e+003,1.733219e-001
1.440588e+003,1.737447e-001
1.441070e+003,1.741955e-001
1.441552e+003,1.746882e-001
1.442035e+003,1.752289e-001
1.442517e+003,1.758131e-001
1.442999e+003,1.764264e-001
1.443481e+003,1.770494e-001
1.443963e+003,1.776672e-001
1.444445e+003,1.782762e-001
1.444927e+003,1.788869e-001
1.445409e+003,1.795221e-001
1.445892e+003,1.802072e-001
1.446374e+003,1.809577e-001
1.446856e+003,1.817677e-001
1.447338e+003,1.826029e-001
1.447820e+003,1.834119e-001
1.448302e+003,1.841499e-001
1.448784e+003,1.848013e-001
1.449266e+003,1.853863e-001
1.449749e+003,1.859437e-001
1.450231e+003,1.865110e-001
1.450713e+003,1.871076e-001
1.451195e+003,1.877312e-001
1.451677e+003,1.883608e-001
1.452159e+003,1.889677e-001
1.452641e+003,1.895278e-001
1.453124e+003,1.900296e-001
1.453605e+003,1.904732e-001
1.454088e+003,1.908585e-001
1.454570e+003,1.911692e-001
1.455052e+003,1.913543e-001
1.455534e+003,1.913124e-001
1.456016e+003,1.908999e-001
1.456498e+003,1.899935e-001
1.456980e+003,1.886244e-001
1.457463e+003,1.870372e-001
1.457945e+003,1.855258e-001
1.458427e+003,1.842240e-001
1.458909e+003,1.831055e-001
1.459391e+003,1.820974e-001
1.459873e+003,1.811542e-001
1.460355e+003,1.802651e-001
1.460837e+003,1.794365e-001
1.461320e+003,1.786714e-001
1.461802e+003,1.779569e-001
1.462284e+003,1.772611e-001
1.462766e+003,1.765379e-001
1.463248e+003,1.757397e-001
1.463730e+003,1.748353e-001
1.464212e+003,1.738283e-001
1.464694e+003,1.727533e-001
1.465177e+003,1.716447e-001
1.465659e+003,1.704990e-001
1.466141e+003,1.692662e-001
1.466623e+003,1.678791e-001
1.467105e+003,1.662897e-001
1.467587e+003,1.644910e-001
1.468069e+003,1.625156e-001
1.468552e+003,1.604180e-001
1.469033e+003,1.582468e-001
1.469516e+003,1.560157e-001
1.469998e+003,1.536841e-001
1.470480e+003,1.511491e-001
1.470962e+003,1.482697e-001
1.471444e+003,1.449348e-001
1.471926e+003,1.411846e-001
1.472408e+003,1.373028e-001
1.472891e+003,1.337217e-001
1.473373e+003,1.307557e-001
1.473855e+003,1.284310e-001
1.474337e+003,1.265676e-001
1.474819e+003,1.249535e-001
1.475301e+003,1.234540e-001
1.475783e+003,1.220304e-001
1.476265e+003,1.207118e-001
1.476748e+003,1.195460e-001
1.477230e+003,1.185600e-001
1.477712e+003,1.177444e-001
1.478194e+003,1.170682e-001
1.478676e+003,1.165012e-001
1.479158e+003,1.160304e-001
1.479640e+003,1.156624e-001
1.480122e+003,1.154156e-001
1.480604e+003,1.153047e-001
1.481087e+003,1.153268e-001
1.481569e+003,1.154578e-001
1.482051e+003,1.156648e-001
1.482533e+003,1.159232e-001
1.483015e+003,1.162292e-001
1.483497e+003,1.165977e-001
1.483979e+003,1.170515e-001
1.484461e+003,1.176084e-001
1.484944e+003,1.182752e-001
1.485426e+003,1.190442e-001
1.485908e+003,1.199012e-001
1.486390e+003,1.208348e-001
1.486872e+003,1.218490e-001
1.487354e+003,1.229720e-001
1.487836e+003,1.242564e-001
1.488319e+003,1.257663e-001
1.488801e+003,1.275541e-001
1.489283e+003,1.296207e-001
1.489765e+003,1.318871e-001
1.490247e+003,1.342061e-001
1.490729e+003,1.364250e-001
1.491211e+003,1.384505e-001
1.491693e+003,1.402668e-001
1.492176e+003,1.419115e-001
1.492658e+003,1.434463e-001
1.493140e+003,1.449424e-001
1.493622e+003,1.464771e-001
1.494104e+003,1.481366e-001
1.494586e+003,1.500123e-001
1.495068e+003,1.521878e-001
1.495550e+003,1.547046e-001
1.496032e+003,1.575236e-001
1.496515e+003,1.605093e-001
1.496997e+003,1.634741e-001
1.497479e+003,1.662649e-001
1.497961e+003,1.688270e-001
1.498443e+003,1.711980e-001
1.498925e+003,1.734564e-001
1.499407e+003,1.756711e-001
1.499890e+003,1.778762e-001
1.500372e+003,1.800718e-001
1.500854e+003,1.822363e-001
1.501336e+003,1.843439e-001
1.501818e+003,1.863734e-001
1.502300e+003,1.883136e-001
1.502782e+003,1.901615e-001
1.503264e+003,1.919261e-001
1.503747e+003,1.936343e-001
1.504229e+003,1.953509e-001
1.504711e+003,1.972199e-001
1.505193e+003,1.995313e-001
1.505675e+003,2.027834e-001
1.506157e+003,2.075744e-001
1.506639e+003,2.140176e-001
1.507121e+003,2.210525e-001
1.507604e+003,2.270878e-001
1.508086e+003,2.314826e-001
1.508568e+003,2.346349e-001
1.509050e+003,2.371884e-001
1.509532e+003,2.396139e-001
1.510014e+003,2.421779e-001
1.510496e+003,2.450000e-001
1.510979e+003,2.480958e-001
1.511460e+003,2.513991e-001
1.511943e+003,2.547888e-001
1.512425e+003,2.581277e-001
1.512907e+003,2.613048e-001
1.513389e+003,2.642667e-001
1.513871e+003,2.670243e-001
1.514353e+003,2.696432e-001
1.514835e+003,2.722216e-001
1.515318e+003,2.748570e-001
1.515800e+003,2.775968e-001
1.516282e+003,2.803805e-001
1.516764e+003,2.830276e-001
1.517246e+003,2.853186e-001
1.517728e+003,2.871232e-001
1.518210e+003,2.884605e-001
1.518692e+003,2.894620e-001
1.519175e+003,2.903128e-001
1.519657e+003,2.912271e-001
1.520139e+003,2.924418e-001
1.520621e+003,2.941751e-001
1.521103e+003,2.965011e-001
1.521585e+003,2.992131e-001
1.522067e+003,3.019040e-001
1.522549e+003,3.042661e-001
1.523031e+003,3.062633e-001
1.523514e+003,3.080551e-001
1.523996e+003,3.098530e-001
1.524478e+003,3.118412e-001
1.524960e+003,3.141398e-001
1.525442e+003,3.167866e-001
1.525924e+003,3.197318e-001
1.526406e+003,3.228605e-001
1.526888e+003,3.260426e-001
1.527371e+003,3.291783e-001
1.527853e+003,3.322065e-001
1.528335e+003,3.350853e-001
1.528817e+003,3.377748e-001
1.529299e+003,3.402409e-001
1.529781e+003,3.424760e-001
1.530263e+003,3.445209e-001
1.530746e+003,3.464773e-001
1.531228e+003,3.485094e-001
1.531710e+003,3.508256e-001
1.532192e+003,3.536305e-001
1.532674e+003,3.570110e-001
1.533156e+003,3.607908e-001
1.533638e+003,3.645179e-001
1.534120e+003,3.677202e-001
1.534603e+003,3.702024e-001
1.535085e+003,3.720649e-001
1.535567e+003,3.735189e-001
1.536049e+003,3.747365e-001
1.536531e+003,3.758107e-001
1.537013e+003,3.767719e-001
1.537495e+003,3.776293e-001
1.537977e+003,3.784241e-001
1.538459e+003,3.792818e-001
1.538942e+003,3.804312e-001
1.539424e+003,3.820875e-001
1.539906e+003,3.841586e-001
1.540388e+003,3.860728e-001
1.540870e+003,3.871690e-001
1.541352e+003,3.872545e-001
1.541834e+003,3.866146e-001
1.542316e+003,3.856534e-001
1.542799e+003,3.846426e-001
1.543281e+003,3.836448e-001
1.543763e+003,3.825504e-001
1.544245e+003,3.811803e-001
1.544727e+003,3.794228e-001
1.545209e+003,3.773229e-001
1.545691e+003,3.750539e-001
1.546174e+003,3.728020e-001
1.546656e+003,3.706616e-001
1.547138e+003,3.685927e-001
1.547620e+003,3.664327e-001
1.548102e+003,3.639375e-001
1.548584e+003,3.608625e-001
1.549066e+003,3.570870e-001
1.549548e+003,3.527322e-001
1.550031e+003,3.481636e-001
1.550513e+003,3.438055e-001
1.550995e+003,3.399045e-001
1.551477e+003,3.364303e-001
1.551959e+003,3.331407e-001
1.552441e+003,3.297206e-001
1.552923e+003,3.259139e-001
1.553405e+003,3.216345e-001
1.553887e+003,3.170288e-001
1.554370e+003,3.124360e-001
1.554852e+003,3.082298e-001
1.555334e+003,3.046378e-001
1.555816e+003,3.016610e-001
1.556298e+003,2.991147e-001
1.556780e+003,2.966904e-001
1.557262e+003,2.939592e-001
1.557744e+003,2.903045e-001
1.558227e+003,2.850184e-001
1.558709e+003,2.780841e-001
1.559191e+003,2.710880e-001
1.559673e+003,2.658291e-001
1.560155e+003,2.624714e-001
1.560637e+003,2.602756e-001
1.561119e+003,2.586399e-001
1.561602e+003,2.572538e-001
1.562083e+003,2.559614e-001
1.562566e+003,2.546583e-001
1.563048e+003,2.532522e-001
1.563530e+003,2.516711e-001
1.564012e+003,2.498959e-001
1.564494e+003,2.479910e-001
1.564976e+003,2.460983e-001
1.565458e+003,2.443744e-001
1.565941e+003,2.429147e-001
1.566423e+003,2.417178e-001
1.566905e+003,2.406999e-001
1.567387e+003,2.397400e-001
1.567869e+003,2.387231e-001
1.568351e+003,2.375827e-001
1.568833e+003,2.363348e-001
1.569315e+003,2.350822e-001
1.569798e+003,2.339580e-001
1.570280e+003,2.330315e-001
1.570762e+003,2.322730e-001
1.571244e+003,2.316063e-001
1.571726e+003,2.309730e-001
1.572208e+003,2.303563e-001
1.572690e+003,2.297712e-001
1.573172e+003,2.292423e-001
1.573655e+003,2.287832e-001
1.574137e+003,2.283814e-001
1.574619e+003,2.279925e-001
1.575101e+003,2.275568e-001
1.575583e+003,2.270382e-001
1.576065e+003,2.264724e-001
1.576547e+003,2.259597e-001
1.577030e+003,2.255848e-001
1.577511e+003,2.253498e-001
1.577994e+003,2.251885e-001
1.578476e+003,2.250250e-001
1.578958e+003,2.248137e-001
1.579440e+003,2.245502e-001
1.579922e+003,2.242642e-001
1.580404e+003,2.240024e-001
1.580886e+003,2.238043e-001
1.581369e+003,2.236815e-001
1.581851e+003,2.236103e-001
1.582333e+003,2.235458e-001
1.582815e+003,2.234491e-001
1.583297e+003,2.233111e-001
1.583779e+003,2.231569e-001
1.584261e+003,2.230307e-001
1.584743e+003,2.229674e-001
1.585226e+003,2.229724e-001
1.585708e+003,2.230157e-001
1.586190e+003,2.230519e-001
1.586672e+003,2.230475e-001
1.587154e+003,2.230023e-001
1.587636e+003,2.229512e-001
1.588118e+003,2.229454e-001
1.588600e+003,2.230233e-001
1.589083e+003,2.231869e-001
1.589565e+003,2.234001e-001
1.590047e+003,2.236094e-001
1.590529e+003,2.237757e-001
1.591011e+003,2.238984e-001
1.591493e+003,2.240147e-001
1.591975e+003,2.241769e-001
1.592458e+003,2.244229e-001
1.592939e+003,2.247511e-001
1.593422e+003,2.251216e-001
1.593904e+003,2.254789e-001
1.594386e+003,2.257842e-001
1.594868e+003,2.260408e-001
1.595350e+003,2.262914e-001
1.595832e+003,2.265920e-001
1.596314e+003,2.269748e-001
1.596797e+003,2.274287e-001
1.597279e+003,2.279067e-001
1.597761e+003,2.283557e-001
1.598243e+003,2.287504e-001
1.598725e+003,2.291113e-001
1.599207e+003,2.294971e-001
1.599689e+003,2.299777e-001
1.600171e+003,2.305984e-001
1.600654e+003,2.313577e-001
1.601136e+003,2.322098e-001
1.601618e+003,2.330939e-001
1.602100e+003,2.339727e-001
1.602582e+003,2.348557e-001
1.603064e+003,2.357922e-001
1.603546e+003,2.368382e-001
1.604028e+003,2.380171e-001
1.604510e+003,2.393045e-001
1.604993e+003,2.406426e-001
1.605475e+003,2.419777e-001
1.605957e+003,2.432979e-001
1.606439e+003,2.446494e-001
1.606921e+003,2.461202e-001
1.607403e+003,2.477973e-001
1.607885e+003,2.497178e-001
1.608367e+003,2.518409e-001
1.608850e+003,2.540668e-001
1.609332e+003,2.562935e-001
1.609814e+003,2.584698e-001
1.610296e+003,2.606157e-001
1.610778e+003,2.627932e-001
1.611260e+003,2.650510e-001
1.611742e+003,2.673826e-001
1.612225e+003,2.697179e-001
1.612707e+003,2.719589e-001
1.613189e+003,2.740332e-001
1.613671e+003,2.759426e-001
1.614153e+003,2.777925e-001
1.614635e+003,2.797928e-001
1.615117e+003,2.822243e-001
1.615599e+003,2.853419e-001
1.616082e+003,2.891978e-001
1.616564e+003,2.934977e-001
1.617046e+003,2.976969e-001
1.617528e+003,3.013513e-001
1.618010e+003,3.043657e-001
1.618492e+003,3.069181e-001
1.618974e+003,3.092521e-001
1.619456e+003,3.115444e-001
1.619938e+003,3.138841e-001
1.620421e+003,3.163115e-001
1.620903e+003,3.188756e-001
1.621385e+003,3.216808e-001
1.621867e+003,3.249000e-001
1.622349e+003,3.287097e-001
1.622831e+003,3.331472e-001
1.623313e+003,3.379797e-001
1.623796e+003,3.427542e-001
1.624278e+003,3.470395e-001
1.624760e+003,3.506517e-001
1.625242e+003,3.536968e-001
1.625724e+003,3.564740e-001
1.626206e+003,3.593422e-001
1.626688e+003,3.626019e-001
1.627170e+003,3.663869e-001
1.627653e+003,3.705992e-001
1.628135e+003,3.749396e-001
1.628617e+003,3.790622e-001
1.629099e+003,3.827592e-001
1.629581e+003,3.860402e-001
1.630063e+003,3.890636e-001
1.630545e+003,3.920051e-001
1.631027e+003,3.949558e-001
1.631510e+003,3.978930e-001
1.631992e+003,4.007126e-001
1.632474e+003,4.033059e-001
1.632956e+003,4.056468e-001
1.633438e+003,4.078680e-001
1.633920e+003,4.103031e-001
1.634402e+003,4.134505e-001
1.634885e+003,4.177780e-001
1.635366e+003,4.233098e-001
1.635849e+003,4.292940e-001
1.636331e+003,4.345866e-001
1.636813e+003,4.385612e-001
1.637295e+003,4.414286e-001
1.637777e+003,4.437815e-001
1.638259e+003,4.461187e-001
1.638741e+003,4.486789e-001
1.639224e+003,4.514689e-001
1.639706e+003,4.543558e-001
1.640188e+003,4.571798e-001
1.640670e+003,4.598492e-001
1.641152e+003,4.623880e-001
1.641634e+003,4.649076e-001
1.642116e+003,4.675239e-001
1.642598e+003,4.702733e-001
1.643081e+003,4.730760e-001
1.643563e+003,4.757643e-001
1.644045e+003,4.781675e-001
1.644527e+003,4.802237e-001
1.645009e+003,4.820874e-001
1.645491e+003,4.841696e-001
1.645973e+003,4.870084e-001
1.646455e+003,4.908682e-001
1.646938e+003,4.952789e-001
1.647420e+003,4.991647e-001
1.647902e+003,5.016827e-001
1.648384e+003,5.027822e-001
1.648866e+003,5.029714e-001
1.649348e+003,5.028464e-001
1.649830e+003,5.028342e-001
1.650313e+003,5.031310e-001
1.650794e+003,5.036945e-001
1.651277e+003,5.042090e-001
1.651759e+003,5.040035e-001
1.652241e+003,5.020679e-001
1.652723e+003,4.976384e-001
1.653205e+003,4.915002e-001
1.653687e+003,4.858976e-001
1.654169e+003,4.820535e-001
1.654652e+003,4.793628e-001
1.655134e+003,4.767703e-001
1.655616e+003,4.736289e-001
1.656098e+003,4.697452e-001
1.656580e+003,4.652103e-001
1.657062e+003,4.602490e-001
1.657544e+003,4.551001e-001
1.658026e+003,4.499255e-001
1.658509e+003,4.447613e-001
1.658991e+003,4.395241e-001
1.659473e+003,4.340627e-001
1.659955e+003,4.282306e-001
1.660437e+003,4.219374e-001
1.660919e+003,4.151621e-001
1.661401e+003,4.079395e-001
1.661883e+003,4.003462e-001
1.662365e+003,3.925130e-001
1.662848e+003,3.846460e-001
1.663330e+003,3.770146e-001
1.663812e+003,3.698811e-001
1.664294e+003,3.634220e-001
1.664776e+003,3.576962e-001
1.665258e+003,3.526536e-001
1.665740e+003,3.481537e-001
1.666222e+003,3.439765e-001
1.666705e+003,3.398296e-001
1.667187e+003,3.353725e-001
1.667669e+003,3.302798e-001
1.668151e+003,3.243490e-001
1.668633e+003,3.176347e-001
1.669115e+003,3.105103e-001
1.669597e+003,3.035517e-001
1.670080e+003,2.972547e-001
1.670562e+003,2.918052e-001
1.671044e+003,2.870927e-001
1.671526e+003,2.828895e-001
1.672008e+003,2.790006e-001
1.672490e+003,2.752979e-001
1.672972e+003,2.716776e-001
1.673454e+003,2.680028e-001
1.673937e+003,2.640770e-001
1.674419e+003,2.596949e-001
1.674901e+003,2.547890e-001
1.675383e+003,2.495720e-001
1.675865e+003,2.444856e-001
1.676347e+003,2.399365e-001
1.676829e+003,2.360846e-001
1.677311e+003,2.328330e-001
1.677793e+003,2.299318e-001
1.678276e+003,2.270832e-001
1.678758e+003,2.240267e-001
1.679240e+003,2.206205e-001
1.679722e+003,2.169037e-001
1.680204e+003,2.130944e-001
1.680686e+003,2.094874e-001
1.681168e+003,2.063036e-001
1.681650e+003,2.035677e-001
1.682133e+003,2.010399e-001
1.682615e+003,1.981844e-001
1.683097e+003,1.942297e-001
1.683579e+003,1.885551e-001
1.684061e+003,1.814899e-001
1.684543e+003,1.745326e-001
1.685025e+003,1.690738e-001
1.685508e+003,1.653090e-001
1.685990e+003,1.626256e-001
1.686472e+003,1.603366e-001
1.686954e+003,1.579732e-001
1.687436e+003,1.552953e-001
1.687918e+003,1.522368e-001
1.688400e+003,1.488569e-001
1.688882e+003,1.452872e-001
1.689365e+003,1.416737e-001
1.689847e+003,1.381275e-001
1.690329e+003,1.347087e-001
1.690811e+003,1.314476e-001
1.691293e+003,1.283750e-001
1.691775e+003,1.255308e-001
1.692257e+003,1.229493e-001
1.692739e+003,1.206293e-001
1.693221e+003,1.185049e-001
1.693704e+003,1.164244e-001
1.694186e+003,1.141493e-001
1.694668e+003,1.114062e-001
1.695150e+003,1.080329e-001
1.695632e+003,1.041849e-001
1.696114e+003,1.003773e-001
1.696596e+003,9.717669e-002
1.697078e+003,9.482129e-002
1.697561e+003,9.315045e-002
1.698043e+003,9.178471e-002
1.698525e+003,9.029364e-002
1.699007e+003,8.829957e-002
1.699489e+003,8.561168e-002
1.699971e+003,8.242401e-002
1.700453e+003,7.932207e-002
1.700936e+003,7.686017e-002
1.701417e+003,7.514711e-002
1.701900e+003,7.393481e-002
1.702382e+003,7.292187e-002
1.702864e+003,7.190915e-002
1.703346e+003,7.080887e-002
1.703828e+003,6.960920e-002
1.704310e+003,6.833864e-002
1.704792e+003,6.703769e-002
1.705275e+003,6.573556e-002
1.705757e+003,6.444276e-002
1.706239e+003,6.316512e-002
1.706721e+003,6.192511e-002
1.707203e+003,6.076480e-002
1.707685e+003,5.973053e-002
1.708167e+003,5.884924e-002
1.708649e+003,5.811249e-002
1.709132e+003,5.747340e-002
1.709614e+003,5.686446e-002
1.710096e+003,5.622593e-002
1.710578e+003,5.553594e-002
1.711060e+003,5.481887e-002
1.711542e+003,5.413432e-002
1.712024e+003,5.354562e-002
1.712506e+003,5.308843e-002
1.712989e+003,5.275180e-002
1.713471e+003,5.247818e-002
1.713953e+003,5.218526e-002
1.714435e+003,5.180838e-002
1.714917e+003,5.134089e-002
1.715399e+003,5.084836e-002
1.715881e+003,5.043955e-002
1.716364e+003,5.020183e-002
1.716845e+003,5.013295e-002
1.717328e+003,5.012110e-002
1.717810e+003,5.002457e-002
1.718292e+003,4.978891e-002
1.718774e+003,4.948169e-002
1.719256e+003,4.921702e-002
1.719738e+003,4.907283e-002
1.720220e+003,4.906364e-002
1.720703e+003,4.915545e-002
1.721185e+003,4.929336e-002
1.721667e+003,4.942716e-002
1.722149e+003,4.953317e-002
1.722631e+003,4.962645e-002
1.723113e+003,4.975634e-002
1.723595e+003,4.997884e-002
1.724077e+003,5.032469e-002
1.724560e+003,5.077757e-002
1.725042e+003,5.128695e-002
1.725524e+003,5.179817e-002
1.726006e+003,5.228472e-002
1.726488e+003,5.276380e-002
1.726970e+003,5.329104e-002
1.727452e+003,5.393840e-002
1.727934e+003,5.476493e-002
1.728417e+003,5.579121e-002
1.728899e+003,5.698387e-002
1.729381e+003,5.826657e-002
1.729863e+003,5.955269e-002
1.730345e+003,6.078648e-002
1.730827e+003,6.197406e-002
1.731309e+003,6.318791e-002
1.731792e+003,6.456088e-002
1.732273e+003,6.627903e-002
1.732756e+003,6.856589e-002
1.733238e+003,7.160594e-002
1.733720e+003,7.536599e-002
1.734202e+003,7.944551e-002
1.734684e+003,8.326092e-002
1.735166e+003,8.645848e-002
1.735648e+003,8.905486e-002
1.736131e+003,9.126166e-002
1.736613e+003,9.331029e-002
1.737095e+003,9.539445e-002
1.737577e+003,9.767568e-002
1.738059e+003,1.002867e-001
1.738541e+003,1.033044e-001
1.739023e+003,1.066943e-001
1.739505e+003,1.102763e-001
1.739988e+003,1.137753e-001
1.740470e+003,1.169465e-001
1.740952e+003,1.196715e-001
1.741434e+003,1.219603e-001
1.741916e+003,1.238922e-001
1.742398e+003,1.255543e-001
1.742880e+003,1.270033e-001
1.743362e+003,1.282510e-001
1.743844e+003,1.292689e-001
1.744327e+003,1.300076e-001
1.744809e+003,1.304165e-001
1.745291e+003,1.304571e-001
1.745773e+003,1.301067e-001
1.746255e+003,1.293573e-001
1.746737e+003,1.282133e-001
1.747219e+003,1.266955e-001
1.747702e+003,1.248326e-001
1.748184e+003,1.226494e-001
1.748666e+003,1.201474e-001
1.749148e+003,1.172947e-001
1.749630e+003,1.140454e-001
1.750112e+003,1.103862e-001
1.750594e+003,1.063921e-001
1.751076e+003,1.022411e-001
1.751559e+003,9.816373e-002
1.752041e+003,9.434798e-002
1.752523e+003,9.087480e-002
1.753005e+003,8.771824e-002
1.753487e+003,8.478714e-002
1.753969e+003,8.196679e-002
1.754451e+003,7.914390e-002
1.754933e+003,7.621804e-002
1.755416e+003,7.311744e-002
1.755898e+003,6.982381e-002
1.756380e+003,6.639927e-002
1.756862e+003,6.298642e-002
1.757344e+003,5.976109e-002
1.757826e+003,5.686155e-002
1.758308e+003,5.434339e-002
1.758791e+003,5.217932e-002
1.759272e+003,5.028367e-002
1.759755e+003,4.854010e-002
1.760237e+003,4.682621e-002
1.760719e+003,4.504589e-002
1.761201e+003,4.316764e-002
1.761683e+003,4.125260e-002
1.762165e+003,3.943430e-002
1.762647e+003,3.784876e-002
1.763130e+003,3.655974e-002
1.763612e+003,3.554132e-002
1.764094e+003,3.471114e-002
1.764576e+003,3.397830e-002
1.765058e+003,3.327428e-002
1.765540e+003,3.256780e-002
1.766022e+003,3.186165e-002
1.766504e+003,3.118205e-002
1.766987e+003,3.055930e-002
1.767469e+003,3.000802e-002
1.767951e+003,2.951680e-002
1.768433e+003,2.905607e-002
1.768915e+003,2.859981e-002
1.769397e+003,2.814235e-002
1.769879e+003,2.770165e-002
1.770361e+003,2.730696e-002
1.770844e+003,2.697961e-002
1.771326e+003,2.671219e-002
1.771808e+003,2.646306e-002
1.772290e+003,2.617974e-002
1.772772e+003,2.584036e-002
1.773254e+003,2.547593e-002
1.773736e+003,2.514232e-002
1.774219e+003,2.488165e-002
1.774700e+003,2.470186e-002
1.775183e+003,2.457843e-002
1.775665e+003,2.446940e-002
1.776147e+003,2.433743e-002
1.776629e+003,2.416544e-002
1.777111e+003,2.396545e-002
1.777593e+003,2.376978e-002
1.778075e+003,2.361287e-002
1.778558e+003,2.351210e-002
1.779040e+003,2.345601e-002
1.779522e+003,2.340699e-002
1.780004e+003,2.332100e-002
1.780486e+003,2.317320e-002
1.780968e+003,2.297598e-002
1.781450e+003,2.277154e-002
1.781932e+003,2.260491e-002
1.782415e+003,2.249750e-002
1.782897e+003,2.243846e-002
1.783379e+003,2.239276e-002
1.783861e+003,2.232034e-002
1.784343e+003,2.219859e-002
1.784825e+003,2.203573e-002
1.785307e+003,2.186673e-002
1.785789e+003,2.173157e-002
1.786271e+003,2.165009e-002
1.786754e+003,2.161052e-002
1.787236e+003,2.157988e-002
1.787718e+003,2.152340e-002
1.788200e+003,2.142309e-002
1.788682e+003,2.128669e-002
1.789164e+003,2.114408e-002
1.789646e+003,2.103444e-002
1.790128e+003,2.098556e-002
1.790611e+003,2.099633e-002
1.791093e+003,2.102979e-002
1.791575e+003,2.102947e-002
1.792057e+003,2.095681e-002
1.792539e+003,2.082194e-002
1.793021e+003,2.067714e-002
1.793503e+003,2.057683e-002
1.793986e+003,2.054025e-002
1.794468e+003,2.054644e-002
1.794950e+003,2.055257e-002
1.795432e+003,2.051808e-002
1.795914e+003,2.042481e-002
1.796396e+003,2.028525e-002
1.796878e+003,2.013521e-002
1.797360e+003,2.001540e-002
1.797843e+003,1.994920e-002
1.798325e+003,1.993065e-002
1.798807e+003,1.992664e-002
1.799289e+003,1.989706e-002
1.799771e+003,1.981664e-002
1.800253e+003,1.969317e-002
1.800735e+003,1.956439e-002
1.801217e+003,1.947350e-002
1.801699e+003,1.944083e-002
1.802182e+003,1.944995e-002
1.802664e+003,1.946139e-002
1.803146e+003,1.943629e-002
1.803628e+003,1.935921e-002
1.804110e+003,1.924313e-002
1.804592e+003,1.912162e-002
1.805074e+003,1.902892e-002
1.805556e+003,1.898087e-002
1.806039e+003,1.896748e-002
1.806521e+003,1.895832e-002
1.807003e+003,1.892007e-002
1.807485e+003,1.883666e-002
1.807967e+003,1.871989e-002
1.808449e+003,1.860406e-002
1.808931e+003,1.852721e-002
1.809414e+003,1.850809e-002
1.809896e+003,1.853254e-002
1.810378e+003,1.855861e-002
1.810860e+003,1.853984e-002
1.811342e+003,1.845242e-002
1.811824e+003,1.830917e-002
1.812306e+003,1.814910e-002
1.812788e+003,1.801294e-002
1.813271e+003,1.791643e-002
1.813753e+003,1.784582e-002
1.814235e+003,1.776885e-002
1.814717e+003,1.765494e-002
1.815199e+003,1.749709e-002
1.815681e+003,1.732036e-002
1.816163e+003,1.717549e-002
1.816645e+003,1.711380e-002
1.817127e+003,1.715877e-002
1.817610e+003,1.729104e-002
1.818092e+003,1.745605e-002
1.818574e+003,1.759295e-002
1.819056e+003,1.766412e-002
1.819538e+003,1.767004e-002
1.820020e+003,1.764358e-002
1.820502e+003,1.762740e-002
1.820984e+003,1.764681e-002
1.821467e+003,1.769487e-002
1.821949e+003,1.773901e-002
1.822431e+003,1.773956e-002
1.822913e+003,1.767360e-002
1.823395e+003,1.755015e-002
1.823877e+003,1.741010e-002
1.824359e+003,1.730614e-002
1.824842e+003,1.727005e-002
1.825323e+003,1.729130e-002
1.825806e+003,1.732338e-002
1.826288e+003,1.731813e-002
1.826770e+003,1.725446e-002
1.827252e+003,1.715018e-002
1.827734e+003,1.705075e-002
1.828216e+003,1.700902e-002
1.828698e+003,1.705399e-002
1.829181e+003,1.716841e-002
1.829663e+003,1.728854e-002
1.830145e+003,1.733908e-002
1.830627e+003,1.728395e-002
1.831109e+003,1.714974e-002
1.831591e+003,1.699888e-002
1.832073e+003,1.688888e-002
1.832555e+003,1.684346e-002
1.833038e+003,1.684820e-002
1.833520e+003,1.686448e-002
1.834002e+003,1.685167e-002
1.834484e+003,1.678880e-002
1.834966e+003,1.668797e-002
1.835448e+003,1.658834e-002
1.835930e+003,1.653251e-002
1.836412e+003,1.653965e-002
1.836895e+003,1.659246e-002
1.837377e+003,1.664393e-002
1.837859e+003,1.664513e-002
1.838341e+003,1.657424e-002
1.838823e+003,1.644989e-002
1.839305e+003,1.631891e-002
1.839787e+003,1.623036e-002
1.840270e+003,1.620755e-002
1.840751e+003,1.623737e-002
1.841234e+003,1.627849e-002
1.841716e+003,1.628100e-002
1.842198e+003,1.621307e-002
1.842680e+003,1.608237e-002
1.843162e+003,1.594104e-002
1.843644e+003,1.586283e-002
1.844126e+003,1.589265e-002
1.844609e+003,1.601028e-002
1.845091e+003,1.614321e-002
1.845573e+003,1.621850e-002
1.846055e+003,1.620601e-002
1.846537e+003,1.612852e-002
1.847019e+003,1.603751e-002
1.847501e+003,1.598356e-002
1.847983e+003,1.598660e-002
1.848466e+003,1.602795e-002
1.848948e+003,1.606257e-002
1.849430e+003,1.604600e-002
1.849912e+003,1.596302e-002
1.850394e+003,1.583735e-002
1.850876e+003,1.571859e-002
1.851358e+003,1.565531e-002
1.851840e+003,1.566702e-002
1.852323e+003,1.573331e-002
1.852805e+003,1.580339e-002
1.853287e+003,1.582573e-002
1.853769e+003,1.577616e-002
1.854251e+003,1.567438e-002
1.854733e+003,1.557207e-002
1.855215e+003,1.552435e-002
1.855698e+003,1.555923e-002
1.856179e+003,1.566140e-002
1.856662e+003,1.578165e-002
1.857144e+003,1.586425e-002
1.857626e+003,1.587678e-002
1.858108e+003,1.582916e-002
1.858590e+003,1.576425e-002
1.859072e+003,1.573147e-002
1.859554e+003,1.575446e-002
1.860037e+003,1.581693e-002
1.860519e+003,1.587177e-002
1.861001e+003,1.586978e-002
1.861483e+003,1.579067e-002
1.861965e+003,1.565681e-002
1.862447e+003,1.552272e-002
1.862929e+003,1.544519e-002
1.863411e+003,1.545126e-002
1.863894e+003,1.552570e-002
1.864376e+003,1.561864e-002
1.864858e+003,1.567415e-002
1.865340e+003,1.566049e-002
1.865822e+003,1.558802e-002
1.866304e+003,1.550544e-002
1.866786e+003,1.547609e-002
1.867268e+003,1.553792e-002
1.867750e+003,1.567524e-002
1.868233e+003,1.581707e-002
1.868715e+003,1.587873e-002
1.869197e+003,1.582011e-002
1.869679e+003,1.567538e-002
1.870161e+003,1.552605e-002
1.870643e+003,1.544471e-002
1.871125e+003,1.545652e-002
1.871608e+003,1.553313e-002
1.872090e+003,1.561680e-002
1.872572e+003,1.565232e-002
1.873054e+003,1.561327e-002
1.873536e+003,1.551655e-002
1.874018e+003,1.541093e-002
1.874500e+003,1.534939e-002
1.874982e+003,1.535770e-002
1.875465e+003,1.541934e-002
1.875947e+003,1.548526e-002
1.876429e+003,1.550312e-002
1.876911e+003,1.545057e-002
1.877393e+003,1.534899e-002
1.877875e+003,1.525257e-002
1.878357e+003,1.521780e-002
1.878839e+003,1.526788e-002
1.879322e+003,1.537859e-002
1.879804e+003,1.549152e-002
1.880286e+003,1.554584e-002
1.880768e+003,1.551388e-002
1.881250e+003,1.541634e-002
1.881732e+003,1.531115e-002
1.882214e+003,1.525934e-002
1.882697e+003,1.528969e-002
1.883178e+003,1.538160e-002
1.883661e+003,1.547598e-002
1.884143e+003,1.550978e-002
1.884625e+003,1.545298e-002
1.885107e+003,1.532798e-002
1.885589e+003,1.519689e-002
1.886071e+003,1.512738e-002
1.886553e+003,1.515296e-002
1.887036e+003,1.525690e-002
1.887518e+003,1.538142e-002
1.888000e+003,1.545731e-002
1.888482e+003,1.544213e-002
1.888964e+003,1.534831e-002
1.889446e+003,1.523716e-002
1.889928e+003,1.518217e-002
1.890410e+003,1.521667e-002
1.890893e+003,1.531489e-002
1.891375e+003,1.541029e-002
1.891857e+003,1.544035e-002
1.892339e+003,1.537924e-002
1.892821e+003,1.525256e-002
1.893303e+003,1.512263e-002
1.893785e+003,1.505746e-002
1.894267e+003,1.508942e-002
1.894750e+003,1.519468e-002
1.895232e+003,1.530339e-002
1.895714e+003,1.534075e-002
1.896196e+003,1.527284e-002
1.896678e+003,1.512693e-002
1.897160e+003,1.497444e-002
1.897642e+003,1.489033e-002
1.898125e+003,1.490930e-002
1.898606e+003,1.501020e-002
1.899089e+003,1.512923e-002
1.899571e+003,1.519603e-002
1.900053e+003,1.517507e-002
1.900535e+003,1.508637e-002
1.901017e+003,1.499308e-002
1.901499e+003,1.496654e-002
1.901981e+003,1.503906e-002
1.902464e+003,1.518552e-002
1.902946e+003,1.533369e-002
1.903428e+003,1.540421e-002
1.903910e+003,1.535477e-002
1.904392e+003,1.520497e-002
1.904874e+003,1.502382e-002
1.905356e+003,1.489352e-002
1.905838e+003,1.486283e-002
1.906321e+003,1.492235e-002
1.906803e+003,1.501149e-002
1.907285e+003,1.505660e-002
1.907767e+003,1.501123e-002
1.908249e+003,1.488704e-002
1.908731e+003,1.474632e-002
1.909213e+003,1.466595e-002
1.909695e+003,1.468698e-002
1.910177e+003,1.479023e-002
1.910660e+003,1.490817e-002
1.911142e+003,1.497021e-002
1.911624e+003,1.494426e-002
1.912106e+003,1.485688e-002
1.912588e+003,1.477464e-002
1.913070e+003,1.476597e-002
1.913552e+003,1.485767e-002
1.914034e+003,1.501916e-002
1.914517e+003,1.517629e-002
1.914999e+003,1.525140e-002
1.915481e+003,1.520462e-002
1.915963e+003,1.505723e-002
1.916445e+003,1.488517e-002
1.916927e+003,1.477977e-002
1.917409e+003,1.479345e-002
1.917892e+003,1.490242e-002
1.918374e+003,1.501825e-002
1.918856e+003,1.504766e-002
1.919338e+003,1.494862e-002
1.919820e+003,1.475630e-002
1.920302e+003,1.455240e-002
1.920784e+003,1.442084e-002
1.921266e+003,1.440056e-002
1.921749e+003,1.446351e-002
1.922231e+003,1.452864e-002
1.922713e+003,1.450617e-002
1.923195e+003,1.435777e-002
1.923677e+003,1.412828e-002
1.924159e+003,1.392020e-002
1.924641e+003,1.383195e-002
1.925123e+003,1.389858e-002
1.925605e+003,1.407574e-002
1.926088e+003,1.426497e-002
1.926570e+003,1.436400e-002
1.927052e+003,1.431855e-002
1.927534e+003,1.415271e-002
1.928016e+003,1.395369e-002
1.928498e+003,1.382400e-002
1.928980e+003,1.382148e-002
1.929462e+003,1.392698e-002
1.929945e+003,1.405914e-002
1.930427e+003,1.412321e-002
1.930909e+003,1.406753e-002
1.931391e+003,1.391806e-002
1.931873e+003,1.376314e-002
1.932355e+003,1.370403e-002
1.932837e+003,1.379163e-002
1.933320e+003,1.399644e-002
1.933802e+003,1.422460e-002
1.934284e+003,1.437150e-002
1.934766e+003,1.437998e-002
1.935248e+003,1.427633e-002
1.935730e+003,1.415001e-002
1.936212e+003,1.410076e-002
1.936694e+003,1.417416e-002
1.937177e+003,1.433143e-002
1.937659e+003,1.447123e-002
1.938141e+003,1.448862e-002
1.938623e+003,1.433808e-002
1.939105e+003,1.406851e-002
1.939587e+003,1.380013e-002
1.940069e+003,1.366818e-002
1.940551e+003,1.374837e-002
1.941033e+003,1.401495e-002
1.941516e+003,1.434468e-002
1.941998e+003,1.458265e-002
1.942480e+003,1.462793e-002
1.942962e+003,1.449820e-002
1.943444e+003,1.431505e-002
1.943926e+003,1.421988e-002
1.944408e+003,1.427779e-002
1.944890e+003,1.444658e-002
1.945373e+003,1.460603e-002
1.945855e+003,1.463241e-002
1.946337e+003,1.447228e-002
1.946819e+003,1.417833e-002
1.947301e+003,1.388617e-002
1.947783e+003,1.373925e-002
1.948265e+003,1.380164e-002
1.948748e+003,1.401983e-002
1.949229e+003,1.425467e-002
1.949712e+003,1.435918e-002
1.950194e+003,1.425870e-002
1.950676e+003,1.400013e-002
1.951158e+003,1.372521e-002
1.951640e+003,1.359336e-002
1.952122e+003,1.368250e-002
1.952604e+003,1.394293e-002
1.953087e+003,1.422068e-002
1.953569e+003,1.434170e-002
1.954051e+003,1.419979e-002
1.954533e+003,1.382103e-002
1.955015e+003,1.334453e-002
1.955497e+003,1.294615e-002
1.955979e+003,1.273017e-002
1.956461e+003,1.268034e-002
1.956944e+003,1.267550e-002
1.957426e+003,1.257804e-002
1.957908e+003,1.232960e-002
1.958390e+003,1.200042e-002
1.958872e+003,1.176439e-002
1.959354e+003,1.180276e-002
1.959836e+003,1.218211e-002
1.960318e+003,1.279949e-002
1.960801e+003,1.342117e-002
1.961283e+003,1.379571e-002
1.961765e+003,1.378020e-002
1.962247e+003,1.341800e-002
1.962729e+003,1.290957e-002
1.963211e+003,1.250847e-002
1.963693e+003,1.237534e-002
1.964176e+003,1.250358e-002
1.964657e+003,1.274667e-002
1.965140e+003,1.291069e-002
1.965622e+003,1.287194e-002
1.966104e+003,1.266091e-002
1.966586e+003,1.244236e-002
1.967068e+003,1.241479e-002
1.967550e+003,1.266387e-002
1.968032e+003,1.309912e-002
1.968515e+003,1.349862e-002
1.968997e+003,1.364789e-002
1.969479e+003,1.345611e-002
1.969961e+003,1.301837e-002
1.970443e+003,1.255739e-002
1.970925e+003,1.231325e-002
1.971407e+003,1.239439e-002
1.971889e+003,1.272390e-002
1.972372e+003,1.308753e-002
1.972854e+003,1.325641e-002
1.973336e+003,1.312606e-002
1.973818e+003,1.278334e-002
1.974300e+003,1.247125e-002
1.974782e+003,1.245458e-002
1.975264e+003,1.286014e-002
1.975746e+003,1.361512e-002
1.976229e+003,1.449480e-002
1.976711e+003,1.525638e-002
1.977193e+003,1.577821e-002
1.977675e+003,1.611945e-002
1.978157e+003,1.646379e-002
1.978639e+003,1.697512e-002
1.979121e+003,1.766456e-002
1.979604e+003,1.836902e-002
1.980085e+003,1.884232e-002
1.980568e+003,1.890064e-002
1.981050e+003,1.852280e-002
1.981532e+003,1.788260e-002
1.982014e+003,1.725964e-002
1.982496e+003,1.690276e-002
1.982978e+003,1.689909e-002
1.983460e+003,1.713996e-002
1.983943e+003,1.738885e-002
1.984425e+003,1.742166e-002
1.984907e+003,1.713884e-002
1.985389e+003,1.662215e-002
1.985871e+003,1.608395e-002
1.986353e+003,1.574748e-002
1.986835e+003,1.571557e-002
1.987317e+003,1.591823e-002
1.987800e+003,1.616271e-002
1.988282e+003,1.624725e-002
1.988764e+003,1.608126e-002
1.989246e+003,1.573833e-002
1.989728e+003,1.541396e-002
1.990210e+003,1.531345e-002
1.990692e+003,1.552780e-002
1.991174e+003,1.597446e-002
1.991656e+003,1.643865e-002
1.992139e+003,1.669556e-002
1.992621e+003,1.664131e-002
1.993103e+003,1.635496e-002
1.993585e+003,1.604703e-002
1.994067e+003,1.593044e-002
1.994549e+003,1.609324e-002
1.995031e+003,1.646179e-002
1.995514e+003,1.685105e-002
1.995996e+003,1.706392e-002
1.996478e+003,1.699518e-002
1.996960e+003,1.668820e-002
1.997442e+003,1.630066e-002
1.997924e+003,1.601418e-002
1.998406e+003,1.591567e-002
1.998888e+003,1.594818e-002
1.999371e+003,1.594662e-002
1.999853e+003,1.574444e-002
2.000335e+003,1.527357e-002
2.000817e+003,1.462404e-002
2.001299e+003,1.399759e-002
2.001781e+003,1.360277e-002
2.002263e+003,1.352862e-002
2.002745e+003,1.369452e-002
2.003228e+003,1.389588e-002
2.003710e+003,1.392277e-002
2.004192e+003,1.367871e-002
2.004674e+003,1.324919e-002
2.005156e+003,1.286343e-002
2.005638e+003,1.277070e-002
2.006120e+003,1.308053e-002
2.006603e+003,1.369665e-002
2.007084e+003,1.435616e-002
2.007567e+003,1.476977e-002
2.008049e+003,1.478104e-002
2.008531e+003,1.444932e-002
2.009013e+003,1.401265e-002
2.009495e+003,1.374595e-002
2.009977e+003,1.379641e-002
2.010459e+003,1.410377e-002
2.010942e+003,1.446023e-002
2.011424e+003,1.463358e-002
2.011906e+003,1.450227e-002
2.012388e+003,1.413743e-002
2.012870e+003,1.375468e-002
2.013352e+003,1.359365e-002
2.013834e+003,1.376865e-002
2.014316e+003,1.420192e-002
2.014799e+003,1.466954e-002
2.015281e+003,1.492521e-002
2.015763e+003,1.483646e-002
2.016245e+003,1.447147e-002
2.016727e+003,1.406272e-002
2.017209e+003,1.387722e-002
2.017691e+003,1.404886e-002
2.018173e+003,1.450271e-002
2.018656e+003,1.501301e-002
2.019138e+003,1.534142e-002
2.019620e+003,1.537035e-002
2.020102e+003,1.516670e-002
2.020584e+003,1.492656e-002
2.021066e+003,1.485247e-002
2.021548e+003,1.500992e-002
2.022031e+003,1.528057e-002
2.022512e+003,1.542401e-002
2.022995e+003,1.521911e-002
2.023477e+003,1.460245e-002
2.023959e+003,1.373481e-002
2.024441e+003,1.293664e-002
2.024923e+003,1.252931e-002
2.025405e+003,1.265885e-002
2.025887e+003,1.322297e-002
2.026370e+003,1.394317e-002
2.026852e+003,1.450916e-002
2.027334e+003,1.474120e-002
2.027816e+003,1.467154e-002
2.028298e+003,1.450933e-002
2.028780e+003,1.450089e-002
2.029262e+003,1.477437e-002
2.029744e+003,1.526202e-002
2.030227e+003,1.574625e-002
2.030709e+003,1.599723e-002
2.031191e+003,1.590482e-002
2.031673e+003,1.556019e-002
2.032155e+003,1.520711e-002
2.032637e+003,1.510911e-002
2.033119e+003,1.539048e-002
2.033601e+003,1.597124e-002
2.034083e+003,1.661795e-002
2.034566e+003,1.707971e-002
2.035048e+003,1.722972e-002
2.035530e+003,1.712185e-002
2.036012e+003,1.695328e-002
2.036494e+003,1.693164e-002
2.036976e+003,1.714709e-002
2.037458e+003,1.752126e-002
2.037940e+003,1.786806e-002
2.038423e+003,1.800662e-002
2.038905e+003,1.787320e-002
2.039387e+003,1.756341e-002
2.039869e+003,1.728446e-002
2.040351e+003,1.723871e-002
2.040833e+003,1.750062e-002
2.041315e+003,1.797619e-002
2.041798e+003,1.845603e-002
2.042280e+003,1.873390e-002
2.042762e+003,1.871655e-002
2.043244e+003,1.847395e-002
2.043726e+003,1.818540e-002
2.044208e+003,1.803906e-002
2.044690e+003,1.811978e-002
2.045172e+003,1.837065e-002
2.045655e+003,1.864102e-002
2.046137e+003,1.879054e-002
2.046619e+003,1.878423e-002
2.047101e+003,1.872728e-002
2.047583e+003,1.881456e-002
2.048065e+003,1.921464e-002
2.048547e+003,1.995773e-002
2.049029e+003,2.089950e-002
2.049511e+003,2.178354e-002
2.049994e+003,2.235726e-002
2.050476e+003,2.248932e-002
2.050958e+003,2.221442e-002
2.051440e+003,2.170353e-002
2.051922e+003,2.117237e-002
2.052404e+003,2.078933e-002
2.052886e+003,2.061550e-002
2.053368e+003,2.061311e-002
2.053851e+003,2.069267e-002
2.054333e+003,2.077166e-002
2.054815e+003,2.081856e-002
2.055297e+003,2.084937e-002
2.055779e+003,2.089596e-002
2.056261e+003,2.096022e-002
2.056743e+003,2.099820e-002
2.057226e+003,2.094227e-002
2.057708e+003,2.074465e-002
2.058190e+003,2.042083e-002
2.058672e+003,2.005951e-002
2.059154e+003,1.978647e-002
2.059636e+003,1.970661e-002
2.060118e+003,1.984173e-002
2.060600e+003,2.011894e-002
2.061083e+003,2.040474e-002
2.061565e+003,2.057445e-002
2.062047e+003,2.057270e-002
2.062529e+003,2.043794e-002
2.063011e+003,2.027986e-002
2.063493e+003,2.021501e-002
2.063975e+003,2.030396e-002
2.064457e+003,2.051871e-002
2.064939e+003,2.076336e-002
2.065422e+003,2.093394e-002
2.065904e+003,2.097757e-002
2.066386e+003,2.092177e-002
2.066868e+003,2.085361e-002
2.067350e+003,2.086507e-002
2.067832e+003,2.099561e-002
2.068314e+003,2.120903e-002
2.068796e+003,2.141950e-002
2.069279e+003,2.153733e-002
2.069761e+003,2.152641e-002
2.070243e+003,2.142238e-002
2.070725e+003,2.131622e-002
2.071207e+003,2.129891e-002
2.071689e+003,2.141036e-002
2.072171e+003,2.161111e-002
2.072654e+003,2.181235e-002
2.073135e+003,2.192005e-002
2.073618e+003,2.189121e-002
2.074100e+003,2.175999e-002
2.074582e+003,2.161724e-002
2.075064e+003,2.156241e-002
2.075546e+003,2.164645e-002
2.076028e+003,2.184837e-002
2.076510e+003,2.208856e-002
2.076993e+003,2.227637e-002
2.077475e+003,2.235618e-002
2.077957e+003,2.233653e-002
2.078439e+003,2.227642e-002
2.078921e+003,2.224635e-002
2.079403e+003,2.228499e-002
2.079885e+003,2.237534e-002
2.080367e+003,2.246123e-002
2.080850e+003,2.248241e-002
2.081332e+003,2.241664e-002
2.081814e+003,2.229661e-002
2.082296e+003,2.219323e-002
2.082778e+003,2.217545e-002
2.083260e+003,2.226781e-002
2.083742e+003,2.243489e-002
2.084224e+003,2.259711e-002
2.084707e+003,2.267352e-002
2.085189e+003,2.262506e-002
2.085671e+003,2.247549e-002
2.086153e+003,2.229710e-002
2.086635e+003,2.217302e-002
2.087117e+003,2.215000e-002
2.087599e+003,2.221488e-002
2.088082e+003,2.230418e-002
2.088563e+003,2.234138e-002
2.089046e+003,2.227645e-002
2.089528e+003,2.211053e-002
2.090010e+003,2.189023e-002
2.090492e+003,2.167690e-002
2.090974e+003,2.150899e-002
2.091456e+003,2.138432e-002
2.091938e+003,2.126535e-002
2.092421e+003,2.111675e-002
2.092903e+003,2.093099e-002
2.093385e+003,2.074973e-002
2.093867e+003,2.064435e-002
2.094349e+003,2.068041e-002
2.094831e+003,2.087719e-002
2.095313e+003,2.119043e-002
2.095795e+003,2.152915e-002
2.096278e+003,2.180098e-002
2.096760e+003,2.195523e-002
2.097242e+003,2.200754e-002
2.097724e+003,2.202300e-002
2.098206e+003,2.207834e-002
2.098688e+003,2.221459e-002
2.099170e+003,2.241478e-002
2.099652e+003,2.261317e-002
2.100135e+003,2.273700e-002
2.100617e+003,2.274407e-002
2.101099e+003,2.264809e-002
2.101581e+003,2.250953e-002
2.102063e+003,2.240055e-002
2.102545e+003,2.236464e-002
2.103027e+003,2.239598e-002
2.103510e+003,2.244661e-002
2.103991e+003,2.246133e-002
2.104474e+003,2.240981e-002
2.104956e+003,2.231180e-002
2.105438e+003,2.221978e-002
2.105920e+003,2.219347e-002
2.106402e+003,2.226098e-002
2.106884e+003,2.240328e-002
2.107366e+003,2.256520e-002
2.107849e+003,2.268784e-002
2.108331e+003,2.274273e-002
2.108813e+003,2.274679e-002
2.109295e+003,2.274862e-002
2.109777e+003,2.279811e-002
2.110259e+003,2.291021e-002
2.110741e+003,2.305219e-002
2.111223e+003,2.316134e-002
2.111706e+003,2.317775e-002
2.112188e+003,2.307998e-002
2.112670e+003,2.289963e-002
2.113152e+003,2.270366e-002
2.113634e+003,2.255845e-002
2.114116e+003,2.249238e-002
2.114598e+003,2.247849e-002
2.115080e+003,2.245323e-002
2.115563e+003,2.235255e-002
2.116045e+003,2.215098e-002
2.116527e+003,2.188028e-002
2.117009e+003,2.161391e-002
2.117491e+003,2.142843e-002
2.117973e+003,2.136263e-002
2.118455e+003,2.139487e-002
2.118938e+003,2.145529e-002
2.119420e+003,2.146196e-002
2.119902e+003,2.136239e-002
2.120384e+003,2.116104e-002
2.120866e+003,2.091048e-002
2.121348e+003,2.068172e-002
2.121830e+003,2.052293e-002
2.122312e+003,2.043232e-002
2.122794e+003,2.036455e-002
2.123277e+003,2.026130e-002
2.123759e+003,2.008789e-002
2.124241e+003,1.985631e-002
2.124723e+003,1.961931e-002
2.125205e+003,1.943856e-002
2.125687e+003,1.934716e-002
2.126169e+003,1.932666e-002
2.126651e+003,1.931557e-002
2.127134e+003,1.924323e-002
2.127616e+003,1.906881e-002
2.128098e+003,1.880460e-002
2.128580e+003,1.850883e-002
2.129062e+003,1.825044e-002
2.129544e+003,1.806733e-002
2.130026e+003,1.794189e-002
2.130509e+003,1.781201e-002
2.130990e+003,1.761049e-002
2.131473e+003,1.731055e-002
2.131955e+003,1.695265e-002
2.132437e+003,1.663113e-002
2.132919e+003,1.645143e-002
2.133401e+003,1.646904e-002
2.133883e+003,1.665335e-002
2.134365e+003,1.690167e-002
2.134848e+003,1.708617e-002
2.135330e+003,1.712239e-002
2.135812e+003,1.701439e-002
2.136294e+003,1.684724e-002
2.136776e+003,1.674045e-002
2.137258e+003,1.677227e-002
2.137740e+003,1.693950e-002
2.138222e+003,1.715620e-002
2.138705e+003,1.730936e-002
2.139187e+003,1.732164e-002
2.139669e+003,1.719431e-002
2.140151e+003,1.700287e-002
2.140633e+003,1.684736e-002
2.141115e+003,1.678672e-002
2.141597e+003,1.679447e-002
2.142079e+003,1.677202e-002
2.142562e+003,1.660096e-002
2.143044e+003,1.621740e-002
2.143526e+003,1.565410e-002
2.144008e+003,1.503335e-002
2.144490e+003,1.450742e-002
2.144972e+003,1.417789e-002
2.145454e+003,1.404459e-002
2.145937e+003,1.401722e-002
2.146418e+003,1.397431e-002
2.146901e+003,1.384055e-002
2.147383e+003,1.363721e-002
2.147865e+003,1.346596e-002
2.148347e+003,1.344313e-002
2.148829e+003,1.361360e-002
2.149311e+003,1.390292e-002
2.149793e+003,1.414568e-002
2.150276e+003,1.415760e-002
2.150758e+003,1.383040e-002
2.151240e+003,1.319450e-002
2.151722e+003,1.239850e-002
2.152204e+003,1.163249e-002
2.152686e+003,1.102084e-002
2.153168e+003,1.055052e-002
2.153650e+003,1.007849e-002
2.154133e+003,9.422773e-003
2.154615e+003,8.464458e-003
2.155097e+003,7.244649e-003
2.155579e+003,5.964715e-003
2.156061e+003,4.921126e-003
2.156543e+003,4.376178e-003
2.157025e+003,4.463400e-003
2.157507e+003,5.168364e-003
2.157990e+003,6.380496e-003
2.158472e+003,7.984086e-003
2.158954e+003,9.906216e-003
2.159436e+003,1.209889e-002
2.159918e+003,1.447136e-002
2.160400e+003,1.682320e-002
2.160882e+003,1.886590e-002
2.161365e+003,2.031660e-002
2.161846e+003,2.100835e-002
2.162329e+003,2.097736e-002
2.162811e+003,2.045990e-002
2.163293e+003,1.981424e-002
2.163775e+003,1.937342e-002
2.164257e+003,1.931002e-002
2.164739e+003,1.958409e-002
2.165221e+003,2.000205e-002
2.165704e+003,2.033642e-002
2.166186e+003,2.043967e-002
2.166668e+003,2.032163e-002
2.167150e+003,2.010921e-002
2.167632e+003,1.996438e-002
2.168114e+003,1.997572e-002
2.168596e+003,2.010318e-002
2.169078e+003,2.020898e-002
2.169561e+003,2.013334e-002
2.170043e+003,1.978868e-002
2.170525e+003,1.920438e-002
2.171007e+003,1.851601e-002
2.171489e+003,1.789186e-002
2.171971e+003,1.744326e-002
2.172453e+003,1.718107e-002
2.172935e+003,1.703106e-002
2.173417e+003,1.689920e-002
2.173900e+003,1.674684e-002
2.174382e+003,1.662648e-002
2.174864e+003,1.665327e-002
2.175346e+003,1.693181e-002
2.175828e+003,1.747578e-002
2.176310e+003,1.817414e-002
2.176792e+003,1.883366e-002
2.177274e+003,1.925887e-002
2.177757e+003,1.934790e-002
2.178239e+003,1.913225e-002
2.178721e+003,1.875748e-002
2.179203e+003,1.840523e-002
2.179685e+003,1.820114e-002
2.180167e+003,1.816275e-002
2.180649e+003,1.821663e-002
2.181132e+003,1.825462e-002
2.181614e+003,1.821128e-002
2.182096e+003,1.811182e-002
2.182578e+003,1.804831e-002
2.183060e+003,1.812506e-002
2.183542e+003,1.838551e-002
2.184024e+003,1.877900e-002
2.184506e+003,1.919247e-002
2.184989e+003,1.951244e-002
2.185471e+003,1.968810e-002
2.185953e+003,1.975907e-002
2.186435e+003,1.982490e-002
2.186917e+003,1.998126e-002
2.187399e+003,2.025868e-002
2.187881e+003,2.059646e-002
2.188363e+003,2.087883e-002
2.188845e+003,2.100242e-002
2.189328e+003,2.093719e-002
2.189810e+003,2.074749e-002
2.190292e+003,2.055960e-002
2.190774e+003,2.049396e-002
2.191256e+003,2.059336e-002
2.191738e+003,2.079909e-002
2.192220e+003,2.098476e-002
2.192702e+003,2.102621e-002
2.193185e+003,2.087075e-002
2.193667e+003,2.056580e-002
2.194149e+003,2.023282e-002
2.194631e+003,2.000087e-002
2.195113e+003,1.993582e-002
2.195595e+003,2.000334e-002
2.196077e+003,2.009936e-002
2.196560e+003,2.011009e-002
2.197042e+003,1.997898e-002
2.197524e+003,1.974174e-002
2.198006e+003,1.950350e-002
2.198488e+003,1.938013e-002
2.198970e+003,1.943160e-002
2.199452e+003,1.962784e-002
2.199934e+003,1.986625e-002
2.200417e+003,2.003342e-002
2.200899e+003,2.006059e-002
2.201381e+003,1.996712e-002
2.201863e+003,1.983622e-002
2.202345e+003,1.976844e-002
2.202827e+003,1.982166e-002
2.203309e+003,1.997529e-002
2.203791e+003,2.014700e-002
2.204273e+003,2.024024e-002
2.204756e+003,2.020251e-002
2.205238e+003,2.005276e-002
2.205720e+003,1.986969e-002
2.206202e+003,1.974583e-002
2.206684e+003,1.973133e-002
2.207166e+003,1.980761e-002
2.207648e+003,1.990141e-002
2.208130e+003,1.993145e-002
2.208613e+003,1.986004e-002
2.209095e+003,1.971598e-002
2.209577e+003,1.957882e-002
2.210059e+003,1.953482e-002
2.210541e+003,1.962123e-002
2.211023e+003,1.980274e-002
2.211505e+003,1.999049e-002
2.211988e+003,2.008810e-002
2.212469e+003,2.004577e-002
2.212952e+003,1.988678e-002
2.213434e+003,1.969287e-002
2.213916e+003,1.956277e-002
2.214398e+003,1.955954e-002
2.214880e+003,1.968102e-002
2.215362e+003,1.986940e-002
2.215844e+003,2.005108e-002
2.216327e+003,2.017527e-002
2.216809e+003,2.024522e-002
2.217291e+003,2.029892e-002
2.217773e+003,2.038304e-002
2.218255e+003,2.051179e-002
2.218737e+003,2.065264e-002
2.219219e+003,2.074427e-002
2.219701e+003,2.073390e-002
2.220184e+003,2.061635e-002
2.220666e+003,2.044224e-002
2.221148e+003,2.029913e-002
2.221630e+003,2.026294e-002
2.222112e+003,2.035772e-002
2.222594e+003,2.053928e-002
2.223076e+003,2.071899e-002
2.223558e+003,2.081164e-002
2.224041e+003,2.078151e-002
2.224523e+003,2.065777e-002
2.225005e+003,2.051908e-002
2.225487e+003,2.044550e-002
2.225969e+003,2.047238e-002
2.226451e+003,2.056995e-002
2.226933e+003,2.066199e-002
2.227416e+003,2.067227e-002
2.227897e+003,2.056619e-002
2.228380e+003,2.037811e-002
2.228862e+003,2.018591e-002
2.229344e+003,2.007663e-002
2.229826e+003,2.009303e-002
2.230308e+003,2.021282e-002
2.230790e+003,2.036249e-002
2.231272e+003,2.046082e-002
2.231755e+003,2.046237e-002
2.232237e+003,2.038242e-002
2.232719e+003,2.028785e-002
2.233201e+003,2.025611e-002
2.233683e+003,2.033455e-002
2.234165e+003,2.051003e-002
2.234647e+003,2.072161e-002
2.235129e+003,2.089254e-002
2.235612e+003,2.097312e-002
2.236094e+003,2.096454e-002
2.236576e+003,2.091371e-002
2.237058e+003,2.088444e-002
2.237540e+003,2.091765e-002
2.238022e+003,2.101134e-002
2.238504e+003,2.112494e-002
2.238986e+003,2.120629e-002
2.239469e+003,2.122504e-002
2.239951e+003,2.118926e-002
2.240433e+003,2.114231e-002
2.240915e+003,2.113183e-002
2.241397e+003,2.117903e-002
2.241879e+003,2.126368e-002
2.242361e+003,2.133531e-002
2.242844e+003,2.134035e-002
2.243326e+003,2.125301e-002
2.243808e+003,2.109605e-002
2.244290e+003,2.092521e-002
2.244772e+003,2.080433e-002
2.245254e+003,2.076927e-002
2.245736e+003,2.081205e-002
2.246218e+003,2.088479e-002
2.246700e+003,2.093263e-002
2.247183e+003,2.091932e-002
2.247665e+003,2.085038e-002
2.248147e+003,2.076271e-002
2.248629e+003,2.070437e-002
2.249111e+003,2.070333e-002
2.249593e+003,2.075102e-002
2.250075e+003,2.080900e-002
2.250557e+003,2.083372e-002
2.251040e+003,2.080253e-002
2.251522e+003,2.072796e-002
2.252004e+003,2.065420e-002
2.252486e+003,2.063179e-002
2.252968e+003,2.069210e-002
2.253450e+003,2.083304e-002
2.253932e+003,2.102305e-002
2.254415e+003,2.122256e-002
2.254896e+003,2.140685e-002
2.255379e+003,2.157589e-002
2.255861e+003,2.174900e-002
2.256343e+003,2.194224e-002
2.256825e+003,2.215098e-002
2.257307e+003,2.233979e-002
2.257789e+003,2.245968e-002
2.258271e+003,2.247274e-002
2.258754e+003,2.237310e-002
2.259236e+003,2.219753e-002
2.259718e+003,2.200814e-002
2.260200e+003,2.186542e-002
2.260682e+003,2.180115e-002
2.261164e+003,2.180495e-002
2.261646e+003,2.183427e-002
2.262128e+003,2.184330e-002
2.262611e+003,2.180741e-002
2.263093e+003,2.173976e-002
2.263575e+003,2.168082e-002
2.264057e+003,2.167509e-002
2.264539e+003,2.174521e-002
2.265021e+003,2.187791e-002
2.265503e+003,2.203117e-002
2.265985e+003,2.215741e-002
2.266468e+003,2.222857e-002
2.266950e+003,2.224959e-002
2.267432e+003,2.225270e-002
2.267914e+003,2.227619e-002
2.268396e+003,2.234028e-002
2.268878e+003,2.243562e-002
2.269360e+003,2.252855e-002
2.269843e+003,2.258358e-002
2.270324e+003,2.258299e-002
2.270807e+003,2.254036e-002
2.271289e+003,2.249410e-002
2.271771e+003,2.248548e-002
2.272253e+003,2.253701e-002
2.272735e+003,2.263918e-002
2.273217e+003,2.275851e-002
2.273699e+003,2.285423e-002
2.274182e+003,2.290203e-002
2.274664e+003,2.290589e-002
2.275146e+003,2.289562e-002
2.275628e+003,2.290858e-002
2.276110e+003,2.296993e-002
2.276592e+003,2.308127e-002
2.277074e+003,2.322132e-002
2.277556e+003,2.336237e-002
2.278039e+003,2.348480e-002
2.278521e+003,2.359005e-002
2.279003e+003,2.369403e-002
2.279485e+003,2.381725e-002
2.279967e+003,2.396801e-002
2.280449e+003,2.413644e-002
2.280931e+003,2.429914e-002
2.281413e+003,2.443374e-002
2.281896e+003,2.453082e-002
2.282378e+003,2.460158e-002
2.282860e+003,2.467021e-002
2.283342e+003,2.475904e-002
2.283824e+003,2.487522e-002
2.284306e+003,2.500426e-002
2.284788e+003,2.511661e-002
2.285271e+003,2.518350e-002
2.285752e+003,2.519324e-002
2.286235e+003,2.515644e-002
2.286717e+003,2.510144e-002
2.287199e+003,2.506018e-002
2.287681e+003,2.505163e-002
2.288163e+003,2.507276e-002
2.288645e+003,2.510278e-002
2.289127e+003,2.511452e-002
2.289610e+003,2.508901e-002
2.290092e+003,2.502465e-002
2.290574e+003,2.493411e-002
2.291056e+003,2.483630e-002
2.291538e+003,2.474368e-002
2.292020e+003,2.465632e-002
2.292502e+003,2.456418e-002
2.292984e+003,2.445628e-002
2.293467e+003,2.433121e-002
2.293949e+003,2.420151e-002
2.294431e+003,2.409016e-002
2.294913e+003,2.401896e-002
2.295395e+003,2.399627e-002
2.295877e+003,2.401432e-002
2.296359e+003,2.404922e-002
2.296841e+003,2.407562e-002
2.297323e+003,2.407709e-002
2.297806e+003,2.405383e-002
2.298288e+003,2.402011e-002
2.298770e+003,2.399472e-002
2.299252e+003,2.398914e-002
2.299734e+003,2.400159e-002
2.300216e+003,2.401832e-002
2.300698e+003,2.402336e-002
2.301180e+003,2.400755e-002
2.301663e+003,2.397539e-002
2.302145e+003,2.394228e-002
2.302627e+003,2.392495e-002
2.303109e+003,2.393199e-002
2.303591e+003,2.395733e-002
2.304073e+003,2.398400e-002
2.304555e+003,2.399277e-002
2.305038e+003,2.397261e-002
2.305520e+003,2.392731e-002
2.306002e+003,2.387229e-002
2.306484e+003,2.382727e-002
2.306966e+003,2.380493e-002
2.307448e+003,2.380514e-002
2.307930e+003,2.381684e-002
2.308412e+003,2.382613e-002
2.308895e+003,2.382640e-002
2.309377e+003,2.382307e-002
2.309859e+003,2.383095e-002
2.310341e+003,2.386539e-002
2.310823e+003,2.393130e-002
2.311305e+003,2.402014e-002
2.311787e+003,2.411113e-002
2.312269e+003,2.418319e-002
2.312751e+003,2.422528e-002
2.313234e+003,2.424306e-002
2.313716e+003,2.425423e-002
2.314198e+003,2.428057e-002
2.314680e+003,2.433388e-002
2.315162e+003,2.441282e-002
2.315644e+003,2.450383e-002
2.316126e+003,2.458978e-002
2.316608e+003,2.466270e-002
2.317091e+003,2.472621e-002
2.317573e+003,2.479597e-002
2.318055e+003,2.488907e-002
2.318537e+003,2.501608e-002
2.319019e+003,2.517489e-002
2.319501e+003,2.535641e-002
2.319983e+003,2.555318e-002
2.320466e+003,2.576726e-002
2.320948e+003,2.601256e-002
2.321430e+003,2.630365e-002
2.321912e+003,2.664036e-002
2.322394e+003,2.699423e-002
2.322876e+003,2.730660e-002
2.323358e+003,2.750323e-002
2.323840e+003,2.751961e-002
2.324323e+003,2.732234e-002
2.324805e+003,2.692280e-002
2.325287e+003,2.637012e-002
2.325769e+003,2.573468e-002
2.326251e+003,2.508777e-002
2.326733e+003,2.448397e-002
2.327215e+003,2.395458e-002
2.327697e+003,2.350964e-002
2.328179e+003,2.314719e-002
2.328662e+003,2.286174e-002
2.329144e+003,2.265052e-002
2.329626e+003,2.251124e-002
2.330108e+003,2.243782e-002
2.330590e+003,2.241586e-002
2.331072e+003,2.242390e-002
2.331554e+003,2.243872e-002
2.332036e+003,2.244558e-002
2.332519e+003,2.244128e-002
2.333001e+003,2.243431e-002
2.333483e+003,2.243515e-002
2.333965e+003,2.244935e-002
2.334447e+003,2.247076e-002
2.334929e+003,2.248623e-002
2.335411e+003,2.248138e-002
2.335894e+003,2.245113e-002
2.336375e+003,2.240376e-002
2.336858e+003,2.235796e-002
2.337340e+003,2.233289e-002
2.337822e+003,2.233662e-002
2.338304e+003,2.236388e-002
2.338786e+003,2.239471e-002
2.339268e+003,2.241042e-002
2.339750e+003,2.240101e-002
2.340233e+003,2.237337e-002
2.340715e+003,2.234714e-002
2.341197e+003,2.234278e-002
2.341679e+003,2.237038e-002
2.342161e+003,2.242290e-002
2.342643e+003,2.248021e-002
2.343125e+003,2.252111e-002
2.343607e+003,2.253646e-002
2.344090e+003,2.253459e-002
2.344572e+003,2.253581e-002
2.345054e+003,2.256173e-002
2.345536e+003,2.261858e-002
2.346018e+003,2.269476e-002
2.346500e+003,2.276724e-002
2.346982e+003,2.281374e-002
2.347464e+003,2.282391e-002
2.347947e+003,2.280203e-002
2.348429e+003,2.276168e-002
2.348911e+003,2.271892e-002
2.349393e+003,2.268490e-002
2.349875e+003,2.266185e-002
2.350357e+003,2.264174e-002
2.350839e+003,2.261254e-002
2.351322e+003,2.256372e-002
2.351803e+003,2.249490e-002
2.352286e+003,2.241530e-002
2.352768e+003,2.234164e-002
2.353250e+003,2.228390e-002
2.353732e+003,2.223937e-002
2.354214e+003,2.219123e-002
2.354696e+003,2.211916e-002
2.355178e+003,2.201341e-002
2.355661e+003,2.188394e-002
2.356143e+003,2.175970e-002
2.356625e+003,2.167498e-002
2.357107e+003,2.164934e-002
2.357589e+003,2.167627e-002
2.358071e+003,2.172523e-002
2.358553e+003,2.175498e-002
2.359035e+003,2.173492e-002
2.359518e+003,2.165943e-002
2.360000e+003,2.155101e-002
2.360482e+003,2.144303e-002
2.360964e+003,2.136194e-002
2.361446e+003,2.131374e-002
2.361928e+003,2.128413e-002
2.362410e+003,2.124899e-002
2.362892e+003,2.119451e-002
2.363375e+003,2.112545e-002
2.363857e+003,2.106268e-002
2.364339e+003,2.103131e-002
2.364821e+003,2.104351e-002
2.365303e+003,2.108965e-002
2.365785e+003,2.114507e-002
2.366267e+003,2.118228e-002
2.366750e+003,2.118731e-002
2.367232e+003,2.116857e-002
2.367714e+003,2.115014e-002
2.368196e+003,2.115893e-002
2.368678e+003,2.120890e-002
2.369160e+003,2.129360e-002
2.369642e+003,2.138996e-002
2.370124e+003,2.147265e-002
2.370606e+003,2.152739e-002
2.371089e+003,2.155783e-002
2.371571e+003,2.158156e-002
2.372053e+003,2.161958e-002
2.372535e+003,2.168322e-002
2.373017e+003,2.176873e-002
2.373499e+003,2.185982e-002
2.373981e+003,2.193722e-002
2.374463e+003,2.199054e-002
2.374946e+003,2.202218e-002
2.375428e+003,2.204587e-002
2.375910e+003,2.207728e-002
2.376392e+003,2.212520e-002
2.376874e+003,2.218714e-002
2.377356e+003,2.225088e-002
2.377838e+003,2.230193e-002
2.378321e+003,2.233391e-002
2.378802e+003,2.234866e-002
2.379285e+003,2.235738e-002
2.379767e+003,2.237343e-002
2.380249e+003,2.240376e-002
2.380731e+003,2.244626e-002
2.381213e+003,2.249193e-002
2.381695e+003,2.252955e-002
2.382177e+003,2.255339e-002
2.382660e+003,2.256579e-002
2.383142e+003,2.257665e-002
2.383624e+003,2.259631e-002
2.384106e+003,2.263099e-002
2.384588e+003,2.267683e-002
2.385070e+003,2.272319e-002
2.385552e+003,2.275751e-002
2.386034e+003,2.277230e-002
2.386517e+003,2.276905e-002
2.386999e+003,2.275740e-002
2.387481e+003,2.275028e-002
2.387963e+003,2.275754e-002
2.388445e+003,2.277896e-002
2.388927e+003,2.280751e-002
2.389409e+003,2.283153e-002
2.389891e+003,2.284367e-002
2.390374e+003,2.284334e-002
2.390856e+003,2.283896e-002
2.391338e+003,2.284138e-002
2.391820e+003,2.285870e-002
2.392302e+003,2.289150e-002
2.392784e+003,2.293154e-002
2.393266e+003,2.296753e-002
2.393749e+003,2.299122e-002
2.394230e+003,2.300039e-002
2.394713e+003,2.300072e-002
2.395195e+003,2.300130e-002
2.395677e+003,2.300876e-002
2.396159e+003,2.302322e-002
2.396641e+003,2.303962e-002
2.397123e+003,2.305083e-002
2.397605e+003,2.305344e-002
2.398088e+003,2.305157e-002
2.398570e+003,2.305442e-002
2.399052e+003,2.307084e-002
2.399534e+003,2.310490e-002
2.400016e+003,2.315109e-002
2.400498e+003,2.319665e-002
2.400980e+003,2.322791e-002
2.401462e+003,2.323664e-002
2.401945e+003,2.322495e-002
2.402427e+003,2.320487e-002
2.402909e+003,2.319218e-002
2.403391e+003,2.319855e-002
2.403873e+003,2.322812e-002
2.404355e+003,2.327653e-002
2.404837e+003,2.333603e-002
2.405319e+003,2.340208e-002
2.405802e+003,2.347484e-002
2.406284e+003,2.355970e-002
2.406766e+003,2.366255e-002
2.407248e+003,2.378095e-002
2.407730e+003,2.390463e-002
2.408212e+003,2.401669e-002
2.408694e+003,2.410089e-002
2.409177e+003,2.415064e-002
2.409658e+003,2.417165e-002
2.410141e+003,2.418098e-002
2.410623e+003,2.419669e-002
2.411105e+003,2.423104e-002
2.411587e+003,2.428225e-002
2.412069e+003,2.433757e-002
2.412551e+003,2.437950e-002
2.413033e+003,2.439444e-002
2.413516e+003,2.438189e-002
2.413998e+003,2.435204e-002
2.414480e+003,2.432276e-002
2.414962e+003,2.430960e-002
2.415444e+003,2.431929e-002
2.415926e+003,2.434790e-002
2.416408e+003,2.438652e-002
2.416890e+003,2.442532e-002
2.417373e+003,2.446209e-002
2.417855e+003,2.449968e-002
2.418337e+003,2.454435e-002
2.418819e+003,2.459797e-002
2.419301e+003,2.465482e-002
2.419783e+003,2.470299e-002
2.420265e+003,2.472967e-002
2.420747e+003,2.472803e-002
2.421229e+003,2.470281e-002
2.421712e+003,2.466871e-002
2.422194e+003,2.464405e-002
2.422676e+003,2.464312e-002
2.423158e+003,2.467054e-002
2.423640e+003,2.471960e-002
2.424122e+003,2.477854e-002
2.424604e+003,2.483693e-002
2.425086e+003,2.489074e-002
2.425569e+003,2.494301e-002
2.426051e+003,2.499966e-002
2.426533e+003,2.506374e-002
2.427015e+003,2.513049e-002
2.427497e+003,2.519083e-002
2.427979e+003,2.523481e-002
2.428461e+003,2.525804e-002
2.428944e+003,2.526659e-002
2.429426e+003,2.527359e-002
2.429908e+003,2.529411e-002
2.430390e+003,2.533625e-002
2.430872e+003,2.539861e-002
2.431354e+003,2.547024e-002
2.431836e+003,2.553762e-002
2.432318e+003,2.559231e-002
2.432801e+003,2.563529e-002
2.433283e+003,2.567696e-002
2.433765e+003,2.572840e-002
2.434247e+003,2.579656e-002
2.434729e+003,2.587780e-002
2.435211e+003,2.595999e-002
2.435693e+003,2.602899e-002
2.436175e+003,2.607691e-002
2.436657e+003,2.610690e-002
2.437140e+003,2.613135e-002
2.437622e+003,2.616641e-002
2.438104e+003,2.622102e-002
2.438586e+003,2.629354e-002
2.439068e+003,2.637223e-002
2.439550e+003,2.644018e-002
2.440032e+003,2.648651e-002
2.440514e+003,2.651148e-002
2.440997e+003,2.652634e-002
2.441479e+003,2.654759e-002
2.441961e+003,2.658843e-002
2.442443e+003,2.665168e-002
2.442925e+003,2.672990e-002
2.443407e+003,2.680891e-002
2.443889e+003,2.687607e-002
2.444372e+003,2.692781e-002
2.444854e+003,2.696760e-002
2.445336e+003,2.700592e-002
2.445818e+003,2.705039e-002
2.446300e+003,2.710387e-002
2.446782e+003,2.716144e-002
2.447264e+003,2.721579e-002
2.447746e+003,2.726301e-002
2.448229e+003,2.730591e-002
2.448711e+003,2.735199e-002
2.449193e+003,2.741117e-002
2.449675e+003,2.748653e-002
2.450157e+003,2.757318e-002
2.450639e+003,2.765827e-002
2.451121e+003,2.772747e-002
2.451604e+003,2.777220e-002
2.452085e+003,2.779442e-002
2.452568e+003,2.780414e-002
2.453050e+003,2.781645e-002
2.453532e+003,2.784119e-002
2.454014e+003,2.788005e-002
2.454496e+003,2.792677e-002
2.454978e+003,2.797050e-002
2.455460e+003,2.800372e-002
2.455943e+003,2.802459e-002
2.456425e+003,2.803778e-002
2.456907e+003,2.804896e-002
2.457389e+003,2.805956e-002
2.457871e+003,2.806541e-002
2.458353e+003,2.805778e-002
2.458835e+003,2.802958e-002
2.459317e+003,2.798229e-002
2.459800e+003,2.792771e-002
2.460282e+003,2.788423e-002
2.460764e+003,2.787011e-002
2.461246e+003,2.789406e-002
2.461728e+003,2.795245e-002
2.462210e+003,2.802953e-002
2.462692e+003,2.810756e-002
2.463174e+003,2.817280e-002
2.463656e+003,2.822332e-002
2.464139e+003,2.826758e-002
2.464621e+003,2.831730e-002
2.465103e+003,2.838071e-002
2.465585e+003,2.845581e-002
2.466067e+003,2.853294e-002
2.466549e+003,2.859938e-002
2.467031e+003,2.864753e-002
2.467513e+003,2.868026e-002
2.467996e+003,2.870845e-002
2.468478e+003,2.874624e-002
2.468960e+003,2.880144e-002
2.469442e+003,2.887127e-002
2.469924e+003,2.894258e-002
2.470406e+003,2.899876e-002
2.470888e+003,2.902966e-002
2.471371e+003,2.903549e-002
2.471853e+003,2.902878e-002
2.472335e+003,2.902771e-002
2.472817e+003,2.904575e-002
2.473299e+003,2.908711e-002
2.473781e+003,2.914391e-002
2.474263e+003,2.920257e-002
2.474745e+003,2.925072e-002
2.475228e+003,2.928440e-002
2.475710e+003,2.930781e-002
2.476192e+003,2.933156e-002
2.476674e+003,2.936383e-002
2.477156e+003,2.940666e-002
2.477638e+003,2.945458e-002
2.478120e+003,2.949972e-002
2.478602e+003,2.953788e-002
2.479084e+003,2.957232e-002
2.479567e+003,2.961362e-002
2.480049e+003,2.967294e-002
2.480531e+003,2.975550e-002
2.481013e+003,2.985645e-002
2.481495e+003,2.996031e-002
2.481977e+003,3.004909e-002
2.482459e+003,3.010990e-002
2.482941e+003,3.014164e-002
2.483424e+003,3.015527e-002
2.483906e+003,3.016756e-002
2.484388e+003,3.019229e-002
2.484870e+003,3.023532e-002
2.485352e+003,3.029158e-002
2.485834e+003,3.035023e-002
2.486316e+003,3.040230e-002
2.486799e+003,3.044625e-002
2.487281e+003,3.048886e-002
2.487763e+003,3.054174e-002
2.488245e+003,3.061237e-002
2.488727e+003,3.069974e-002
2.489209e+003,3.079402e-002
2.489691e+003,3.088122e-002
2.490173e+003,3.094833e-002
2.490656e+003,3.099364e-002
2.491138e+003,3.102292e-002
2.491620e+003,3.104982e-002
2.492102e+003,3.108532e-002
2.492584e+003,3.113409e-002
2.493066e+003,3.119179e-002
2.493548e+003,3.124970e-002
2.494030e+003,3.129955e-002
2.494512e+003,3.133980e-002
2.494995e+003,3.137479e-002
2.495477e+003,3.141277e-002
2.495959e+003,3.145945e-002
2.496441e+003,3.151381e-002
2.496923e+003,3.156845e-002
2.497405e+003,3.161348e-002
2.497887e+003,3.164267e-002
2.498370e+003,3.165884e-002
2.498852e+003,3.167083e-002
2.499334e+003,3.169314e-002
2.499816e+003,3.173396e-002
2.500298e+003,3.179408e-002
2.500780e+003,3.186480e-002
2.501262e+003,3.193274e-002
2.501744e+003,3.198729e-002
2.502227e+003,3.202505e-002
2.502709e+003,3.205155e-002
2.503191e+003,3.207643e-002
2.503673e+003,3.210841e-002
2.504155e+003,3.214886e-002
2.504637e+003,3.219258e-002
2.505119e+003,3.223127e-002
2.505601e+003,3.225782e-002
2.506083e+003,3.227447e-002
2.506566e+003,3.228872e-002
2.507048e+003,3.231264e-002
2.507530e+003,3.235438e-002
2.508012e+003,3.241478e-002
2.508494e+003,3.248670e-002
2.508976e+003,3.255820e-002
2.509458e+003,3.261938e-002
2.509940e+003,3.266618e-002
2.510423e+003,3.270220e-002
2.510905e+003,3.273506e-002
2.511387e+003,3.277126e-002
2.511869e+003,3.281212e-002
2.512351e+003,3.285402e-002
2.512833e+003,3.289087e-002
2.513315e+003,3.291967e-002
2.513798e+003,3.294255e-002
2.514280e+003,3.296742e-002
2.514762e+003,3.300276e-002
2.515244e+003,3.305290e-002
2.515726e+003,3.311577e-002
2.516208e+003,3.318339e-002
2.516690e+003,3.324683e-002
2.517172e+003,3.330238e-002
2.517655e+003,3.335279e-002
2.518137e+003,3.340709e-002
2.518619e+003,3.347467e-002
2.519101e+003,3.355793e-002
2.519583e+003,3.364975e-002
2.520065e+003,3.373618e-002
2.520547e+003,3.380130e-002
2.521029e+003,3.383619e-002
2.521511e+003,3.384387e-002
2.521994e+003,3.383759e-002
2.522476e+003,3.383560e-002
2.522958e+003,3.385277e-002
2.523440e+003,3.389356e-002
2.523922e+003,3.395265e-002
2.524404e+003,3.401660e-002
2.524886e+003,3.407375e-002
2.525368e+003,3.411859e-002
2.525851e+003,3.415333e-002
2.526333e+003,3.418515e-002
2.526815e+003,3.422190e-002
2.527297e+003,3.426636e-002
2.527779e+003,3.431723e-002
2.528261e+003,3.436993e-002
2.528743e+003,3.442334e-002
2.529226e+003,3.448092e-002
2.529708e+003,3.454943e-002
2.530190e+003,3.463543e-002
2.530672e+003,3.473740e-002
2.531154e+003,3.484642e-002
2.531636e+003,3.494510e-002
2.532118e+003,3.501706e-002
2.532600e+003,3.505206e-002
2.533083e+003,3.505293e-002
2.533565e+003,3.503334e-002
2.534047e+003,3.501305e-002
2.534529e+003,3.500896e-002
2.535011e+003,3.502888e-002
2.535493e+003,3.506929e-002
2.535975e+003,3.511985e-002
2.536457e+003,3.517009e-002
2.536939e+003,3.521513e-002
2.537422e+003,3.525576e-002
2.537904e+003,3.529867e-002
2.538386e+003,3.534932e-002
2.538868e+003,3.540910e-002
2.539350e+003,3.547353e-002
2.539832e+003,3.553632e-002
2.540314e+003,3.559253e-002
2.540796e+003,3.564223e-002
2.541279e+003,3.569074e-002
2.541761e+003,3.574301e-002
2.542243e+003,3.580243e-002
2.542725e+003,3.586501e-002
2.543207e+003,3.592272e-002
2.543689e+003,3.596749e-002
2.544171e+003,3.599669e-002
2.544654e+003,3.601702e-002
2.545135e+003,3.603988e-002
2.545618e+003,3.607894e-002
2.546100e+003,3.614069e-002
2.546582e+003,3.622182e-002
2.547064e+003,3.631013e-002
2.547546e+003,3.639009e-002
2.548028e+003,3.644986e-002
2.548510e+003,3.648843e-002
2.548993e+003,3.651367e-002
2.549475e+003,3.653891e-002
2.549957e+003,3.657577e-002
2.550439e+003,3.662845e-002
2.550921e+003,3.669287e-002
2.551403e+003,3.675993e-002
2.551885e+003,3.682098e-002
2.552367e+003,3.687374e-002
2.552850e+003,3.692103e-002
2.553332e+003,3.696964e-002
2.553814e+003,3.702413e-002
2.554296e+003,3.708353e-002
2.554778e+003,3.714173e-002
2.555260e+003,3.719025e-002
2.555742e+003,3.722581e-002
2.556224e+003,3.725061e-002
2.556707e+003,3.727489e-002
2.557189e+003,3.731049e-002
2.557671e+003,3.736450e-002
2.558153e+003,3.743676e-002
2.558635e+003,3.751756e-002
2.559117e+003,3.759418e-002
2.559599e+003,3.765574e-002
2.560082e+003,3.769935e-002
2.560563e+003,3.772979e-002
2.561046e+003,3.775796e-002
2.561528e+003,3.779387e-002
2.562010e+003,3.784314e-002
2.562492e+003,3.790456e-002
2.562974e+003,3.797257e-002
2.563456e+003,3.804211e-002
2.563938e+003,3.811116e-002
2.564421e+003,3.818182e-002
2.564903e+003,3.825724e-002
2.565385e+003,3.833798e-002
2.565867e+003,3.841937e-002
2.566349e+003,3.849410e-002
2.566831e+003,3.855327e-002
2.567313e+003,3.859310e-002
2.567795e+003,3.861752e-002
2.568278e+003,3.863666e-002
2.568760e+003,3.866189e-002
2.569242e+003,3.870211e-002
2.569724e+003,3.875900e-002
2.570206e+003,3.882800e-002
2.570688e+003,3.890222e-002
2.571170e+003,3.897665e-002
2.571652e+003,3.905269e-002
2.572135e+003,3.913468e-002
2.572617e+003,3.922757e-002
2.573099e+003,3.933188e-002
2.573581e+003,3.943969e-002
2.574063e+003,3.953834e-002
2.574545e+003,3.961468e-002
2.575027e+003,3.966215e-002
2.575510e+003,3.968522e-002
2.575991e+003,3.969672e-002
2.576474e+003,3.971573e-002
2.576956e+003,3.975581e-002
2.577438e+003,3.982325e-002
2.577920e+003,3.991230e-002
2.578402e+003,4.001115e-002
2.578884e+003,4.010719e-002
2.579366e+003,4.019326e-002
2.579849e+003,4.026935e-002
2.580331e+003,4.034149e-002
2.580813e+003,4.041604e-002
2.581295e+003,4.049631e-002
2.581777e+003,4.058041e-002
2.582259e+003,4.066314e-002
2.582741e+003,4.073897e-002
2.583223e+003,4.080649e-002
2.583706e+003,4.086782e-002
2.584188e+003,4.092757e-002
2.584670e+003,4.098939e-002
2.585152e+003,4.105353e-002
2.585634e+003,4.111575e-002
2.586116e+003,4.117178e-002
2.586598e+003,4.121856e-002
2.587080e+003,4.125907e-002
2.587563e+003,4.129913e-002
2.588045e+003,4.134624e-002
2.588527e+003,4.140707e-002
2.589009e+003,4.148117e-002
2.589491e+003,4.156448e-002
2.589973e+003,4.165103e-002
2.590455e+003,4.173627e-002
2.590938e+003,4.182005e-002
2.591419e+003,4.190499e-002
2.591902e+003,4.199596e-002
2.592384e+003,4.209322e-002
2.592866e+003,4.219344e-002
2.593348e+003,4.228943e-002
2.593830e+003,4.237421e-002
2.594312e+003,4.244474e-002
2.594794e+003,4.250379e-002
2.595277e+003,4.255946e-002
2.595759e+003,4.261927e-002
2.596241e+003,4.268722e-002
2.596723e+003,4.276082e-002
2.597205e+003,4.283169e-002
2.597687e+003,4.289230e-002
2.598169e+003,4.293782e-002
2.598651e+003,4.297307e-002
2.599134e+003,4.300815e-002
2.599616e+003,4.305675e-002
2.600098e+003,4.312882e-002
2.600580e+003,4.322617e-002
2.601062e+003,4.334361e-002
2.601544e+003,4.346988e-002
2.602026e+003,4.359389e-002
2.602508e+003,4.371023e-002
2.602990e+003,4.381757e-002
2.603473e+003,4.392039e-002
2.603955e+003,4.402181e-002
2.604437e+003,4.412345e-002
2.604919e+003,4.422326e-002
2.605401e+003,4.431789e-002
2.605883e+003,4.440520e-002
2.606365e+003,4.448734e-002
2.606847e+003,4.456906e-002
2.607330e+003,4.465629e-002
2.607812e+003,4.475164e-002
2.608294e+003,4.485343e-002
2.608776e+003,4.495578e-002
2.609258e+003,4.505190e-002
2.609740e+003,4.513824e-002
2.610222e+003,4.521552e-002
2.610705e+003,4.529067e-002
2.611187e+003,4.537144e-002
2.611669e+003,4.546277e-002
2.612151e+003,4.556405e-002
2.612633e+003,4.566933e-002
2.613115e+003,4.577124e-002
2.613597e+003,4.586300e-002
2.614079e+003,4.594531e-002
2.614562e+003,4.602226e-002
2.615044e+003,4.610167e-002
2.615526e+003,4.619006e-002
2.616008e+003,4.628840e-002
2.616490e+003,4.639364e-002
2.616972e+003,4.649875e-002
2.617454e+003,4.659767e-002
2.617936e+003,4.668823e-002
2.618418e+003,4.677257e-002
2.618901e+003,4.685578e-002
2.619383e+003,4.694192e-002
2.619865e+003,4.703252e-002
2.620347e+003,4.712588e-002
2.620829e+003,4.721818e-002
2.621311e+003,4.730681e-002
2.621793e+003,4.739286e-002
2.622276e+003,4.747992e-002
2.622758e+003,4.757328e-002
2.623240e+003,4.767518e-002
2.623722e+003,4.778611e-002
2.624204e+003,4.790209e-002
2.624686e+003,4.801809e-002
2.625168e+003,4.813134e-002
2.625650e+003,4.824183e-002
2.626133e+003,4.835282e-002
2.626615e+003,4.846703e-002
2.627097e+003,4.858528e-002
2.627579e+003,4.870348e-002
2.628061e+003,4.881594e-002
2.628543e+003,4.891507e-002
2.629025e+003,4.899915e-002
2.629507e+003,4.907098e-002
2.629990e+003,4.913892e-002
2.630472e+003,4.921217e-002
2.630954e+003,4.929710e-002
2.631436e+003,4.939453e-002
2.631918e+003,4.949956e-002
2.632400e+003,4.960417e-002
2.632882e+003,4.970191e-002
2.633364e+003,4.979203e-002
2.633846e+003,4.987853e-002
2.634329e+003,4.996854e-002
2.634811e+003,5.006871e-002
2.635293e+003,5.018124e-002
2.635775e+003,5.030219e-002
2.636257e+003,5.042476e-002
2.636739e+003,5.054173e-002
2.637221e+003,5.064860e-002
2.637704e+003,5.074593e-002
2.638186e+003,5.083707e-002
2.638668e+003,5.092679e-002
2.639150e+003,5.101828e-002
2.639632e+003,5.111119e-002
2.640114e+003,5.120340e-002
2.640596e+003,5.129280e-002
2.641078e+003,5.137913e-002
2.641561e+003,5.146559e-002
2.642043e+003,5.155610e-002
2.642525e+003,5.165399e-002
2.643007e+003,5.176015e-002
2.643489e+003,5.187130e-002
2.643971e+003,5.198177e-002
2.644453e+003,5.208577e-002
2.644935e+003,5.217936e-002
2.645417e+003,5.226281e-002
2.645900e+003,5.233830e-002
2.646382e+003,5.240905e-002
2.646864e+003,5.247836e-002
2.647346e+003,5.254760e-002
2.647828e+003,5.261724e-002
2.648310e+003,5.268845e-002
2.648792e+003,5.276319e-002
2.649274e+003,5.284456e-002
2.649757e+003,5.293544e-002
2.650239e+003,5.303565e-002
2.650721e+003,5.314325e-002
2.651203e+003,5.325320e-002
2.651685e+003,5.335960e-002
2.652167e+003,5.345804e-002
2.652649e+003,5.354777e-002
2.653132e+003,5.362997e-002
2.653614e+003,5.370863e-002
2.654096e+003,5.378610e-002
2.654578e+003,5.386287e-002
2.655060e+003,5.393636e-002
2.655542e+003,5.400277e-002
2.656024e+003,5.406015e-002
2.656506e+003,5.410826e-002
2.656989e+003,5.415073e-002
2.657471e+003,5.419231e-002
2.657953e+003,5.423730e-002
2.658435e+003,5.428767e-002
2.658917e+003,5.434185e-002
2.659399e+003,5.439593e-002
2.659881e+003,5.444571e-002
2.660363e+003,5.448764e-002
2.660845e+003,5.452091e-002
2.661328e+003,5.454511e-002
2.661810e+003,5.456072e-002
2.662292e+003,5.456765e-002
2.662774e+003,5.456504e-002
2.663256e+003,5.455197e-002
2.663738e+003,5.453077e-002
2.664220e+003,5.450602e-002
2.664702e+003,5.448433e-002
2.665185e+003,5.447429e-002
2.665667e+003,5.448071e-002
2.666149e+003,5.450548e-002
2.666631e+003,5.454506e-002
2.667113e+003,5.459430e-002
2.667595e+003,5.464688e-002
2.668077e+003,5.469920e-002
2.668560e+003,5.475090e-002
2.669042e+003,5.480371e-002
2.669524e+003,5.486025e-002
2.670006e+003,5.492203e-002
2.670488e+003,5.498862e-002
2.670970e+003,5.505729e-002
2.671452e+003,5.512552e-002
2.671934e+003,5.519182e-002
2.672417e+003,5.525630e-002
2.672899e+003,5.532069e-002
2.673381e+003,5.538660e-002
2.673863e+003,5.545467e-002
2.674345e+003,5.552360e-002
2.674827e+003,5.559134e-002
2.675309e+003,5.565669e-002
2.675791e+003,5.571946e-002
2.676273e+003,5.578188e-002
2.676756e+003,5.584691e-002
2.677238e+003,5.591627e-002
2.677720e+003,5.599057e-002
2.678202e+003,5.606741e-002
2.678684e+003,5.614346e-002
2.679166e+003,5.621607e-002
2.679648e+003,5.628351e-002
2.680130e+003,5.634620e-002
2.680613e+003,5.640564e-002
2.681095e+003,5.646308e-002
2.681577e+003,5.651752e-002
2.682059e+003,5.656733e-002
2.682541e+003,5.661054e-002
2.683023e+003,5.664693e-002
2.683505e+003,5.667887e-002
2.683988e+003,5.671108e-002
2.684469e+003,5.674919e-002
2.684952e+003,5.679834e-002
2.685434e+003,5.685832e-002
2.685916e+003,5.692740e-002
2.686398e+003,5.700034e-002
2.686880e+003,5.707134e-002
2.687362e+003,5.713805e-002
2.687844e+003,5.719880e-002
2.688327e+003,5.725510e-002
2.688809e+003,5.730869e-002
2.689291e+003,5.735967e-002
2.689773e+003,5.740712e-002
2.690255e+003,5.744980e-002
2.690737e+003,5.748688e-002
2.691219e+003,5.751995e-002
2.691701e+003,5.755273e-002
2.692184e+003,5.759040e-002
2.692666e+003,5.763596e-002
2.693148e+003,5.769100e-002
2.693630e+003,5.775299e-002
2.694112e+003,5.781940e-002
2.694594e+003,5.788680e-002
2.695076e+003,5.795476e-002
2.695558e+003,5.802492e-002
2.696041e+003,5.810101e-002
2.696523e+003,5.818462e-002
2.697005e+003,5.827561e-002
2.697487e+003,5.837011e-002
2.697969e+003,5.846277e-002
2.698451e+003,5.854822e-002
2.698933e+003,5.862457e-002
2.699416e+003,5.869250e-002
2.699897e+003,5.875659e-002
2.700380e+003,5.882099e-002
2.700862e+003,5.888965e-002
2.701344e+003,5.896377e-002
2.701826e+003,5.904209e-002
2.702308e+003,5.912258e-002
2.702790e+003,5.920442e-002
2.703272e+003,5.928790e-002
2.703755e+003,5.937500e-002
2.704237e+003,5.946721e-002
2.704719e+003,5.956482e-002
2.705201e+003,5.966737e-002
2.705683e+003,5.977121e-002
2.706165e+003,5.987526e-002
2.706647e+003,5.997833e-002
2.707129e+003,6.008265e-002
2.707612e+003,6.019013e-002
2.708094e+003,6.030266e-002
2.708576e+003,6.042024e-002
2.709058e+003,6.054023e-002
2.709540e+003,6.065934e-002
2.710022e+003,6.077470e-002
2.710504e+003,6.088605e-002
2.710986e+003,6.099555e-002
2.711469e+003,6.110726e-002
2.711951e+003,6.122527e-002
2.712433e+003,6.135117e-002
2.712915e+003,6.148445e-002
2.713397e+003,6.162211e-002
2.713879e+003,6.176116e-002
2.714361e+003,6.190000e-002
2.714844e+003,6.203984e-002
2.715325e+003,6.218268e-002
2.715808e+003,6.233023e-002
2.716290e+003,6.248324e-002
2.716772e+003,6.264052e-002
2.717254e+003,6.279805e-002
2.717736e+003,6.295337e-002
2.718218e+003,6.310485e-002
2.718700e+003,6.325364e-002
2.719183e+003,6.340242e-002
2.719665e+003,6.355363e-002
2.720147e+003,6.370710e-002
2.720629e+003,6.386130e-002
2.721111e+003,6.401281e-002
2.721593e+003,6.415848e-002
2.722075e+003,6.429688e-002
2.722557e+003,6.442990e-002
2.723040e+003,6.456091e-002
2.723522e+003,6.469376e-002
2.724004e+003,6.483039e-002
2.724486e+003,6.497013e-002
2.724968e+003,6.511030e-002
2.725450e+003,6.524759e-002
2.725932e+003,6.537911e-002
2.726414e+003,6.550419e-002
2.726896e+003,6.562559e-002
2.727379e+003,6.574541e-002
2.727861e+003,6.586646e-002
2.728343e+003,6.598943e-002
2.728825e+003,6.611448e-002
2.729307e+003,6.624129e-002
2.729789e+003,6.637035e-002
2.730271e+003,6.650197e-002
2.730753e+003,6.663755e-002
2.731236e+003,6.677653e-002
2.731718e+003,6.691770e-002
2.732200e+003,6.705672e-002
2.732682e+003,6.718994e-002
2.733164e+003,6.731441e-002
2.733646e+003,6.743009e-002
2.734128e+003,6.754096e-002
2.734611e+003,6.765223e-002
2.735093e+003,6.776904e-002
2.735575e+003,6.789431e-002
2.736057e+003,6.802799e-002
2.736539e+003,6.816702e-002
2.737021e+003,6.830753e-002
2.737503e+003,6.844582e-002
2.737985e+003,6.858087e-002
2.738468e+003,6.871225e-002
2.738950e+003,6.884118e-002
2.739432e+003,6.896717e-002
2.739914e+003,6.908938e-002
2.740396e+003,6.920661e-002
2.740878e+003,6.931793e-002
2.741360e+003,6.942450e-002
2.741842e+003,6.952972e-002
2.742324e+003,6.963857e-002
2.742807e+003,6.975469e-002
2.743289e+003,6.988030e-002
2.743771e+003,7.001464e-002
2.744253e+003,7.015482e-002
2.744735e+003,7.029764e-002
2.745217e+003,7.044055e-002
2.745699e+003,7.058351e-002
2.746182e+003,7.072818e-002
2.746664e+003,7.087530e-002
2.747146e+003,7.102541e-002
2.747628e+003,7.117703e-002
2.748110e+003,7.132705e-002
2.748592e+003,7.147281e-002
2.749074e+003,7.161242e-002
2.749556e+003,7.174629e-002
2.750039e+003,7.187635e-002
2.750521e+003,7.200374e-002
2.751003e+003,7.213052e-002
2.751485e+003,7.225636e-002
2.751967e+003,7.238081e-002
2.752449e+003,7.250388e-002
2.752931e+003,7.262813e-002
2.753413e+003,7.275622e-002
2.753896e+003,7.289280e-002
2.754378e+003,7.304020e-002
2.754860e+003,7.319777e-002
2.755342e+003,7.336247e-002
2.755824e+003,7.352900e-002
2.756306e+003,7.369241e-002
2.756788e+003,7.384975e-002
2.757270e+003,7.400126e-002
2.757752e+003,7.414969e-002
2.758235e+003,7.429830e-002
2.758717e+003,7.444999e-002
2.759199e+003,7.460474e-002
2.759681e+003,7.476132e-002
2.760163e+003,7.491690e-002
2.760645e+003,7.507040e-002
2.761127e+003,7.522124e-002
2.761610e+003,7.537118e-002
2.762092e+003,7.552175e-002
2.762574e+003,7.567444e-002
2.763056e+003,7.582895e-002
2.763538e+003,7.598499e-002
2.764020e+003,7.614167e-002
2.764502e+003,7.629989e-002
2.764984e+003,7.646044e-002
2.765467e+003,7.662543e-002
2.765949e+003,7.679569e-002
2.766431e+003,7.696992e-002
2.766913e+003,7.714550e-002
2.767395e+003,7.731844e-002
2.767877e+003,7.748692e-002
2.768359e+003,7.765111e-002
2.768841e+003,7.781310e-002
2.769323e+003,7.797721e-002
2.769806e+003,7.814659e-002
2.770288e+003,7.832240e-002
2.770770e+003,7.850263e-002
2.771252e+003,7.868460e-002
2.771734e+003,7.886388e-002
2.772216e+003,7.904023e-002
2.772698e+003,7.921330e-002
2.773180e+003,7.938597e-002
2.773663e+003,7.956008e-002
2.774145e+003,7.973593e-002
2.774627e+003,7.991129e-002
2.775109e+003,8.008318e-002
2.775591e+003,8.024895e-002
2.776073e+003,8.040831e-002
2.776555e+003,8.056419e-002
2.777038e+003,8.072171e-002
2.777520e+003,8.088599e-002
2.778002e+003,8.106097e-002
2.778484e+003,8.124717e-002
2.778966e+003,8.144328e-002
2.779448e+003,8.164640e-002
2.779930e+003,8.185484e-002
2.780412e+003,8.206869e-002
2.780895e+003,8.228896e-002
2.781377e+003,8.251653e-002
2.781859e+003,8.275145e-002
2.782341e+003,8.299011e-002
2.782823e+003,8.322968e-002
2.783305e+003,8.346552e-002
2.783787e+003,8.369614e-002
2.784269e+003,8.392205e-002
2.784751e+003,8.414587e-002
2.785234e+003,8.437168e-002
2.785716e+003,8.460187e-002
2.786198e+003,8.483721e-002
2.786680e+003,8.507712e-002
2.787162e+003,8.531974e-002
2.787644e+003,8.556356e-002
2.788126e+003,8.580761e-002
2.788608e+003,8.605159e-002
2.789091e+003,8.629459e-002
2.789573e+003,8.653454e-002
2.790055e+003,8.676776e-002
2.790537e+003,8.699176e-002
2.791019e+003,8.720492e-002
2.791501e+003,8.740993e-002
2.791983e+003,8.761236e-002
2.792466e+003,8.781957e-002
2.792948e+003,8.803711e-002
2.793430e+003,8.826940e-002
2.793912e+003,8.851612e-002
2.794394e+003,8.877364e-002
2.794876e+003,8.903807e-002
2.795358e+003,8.930551e-002
2.795840e+003,8.957391e-002
2.796323e+003,8.984412e-002
2.796805e+003,9.011600e-002
2.797287e+003,9.038951e-002
2.797769e+003,9.066246e-002
2.798251e+003,9.093276e-002
2.798733e+003,9.119750e-002
2.799215e+003,9.145788e-002
2.799697e+003,9.171558e-002
2.800179e+003,9.197441e-002
2.800662e+003,9.223831e-002
2.801144e+003,9.250863e-002
2.801626e+003,9.278441e-002
2.802108e+003,9.306323e-002
2.802590e+003,9.334270e-002
2.803072e+003,9.362313e-002
2.803554e+003,9.390721e-002
2.804036e+003,9.419979e-002
2.804519e+003,9.450496e-002
2.805001e+003,9.482466e-002
2.805483e+003,9.515713e-002
2.805965e+003,9.549771e-002
2.806447e+003,9.584141e-002
2.806929e+003,9.618421e-002
2.807411e+003,9.652459e-002
2.807894e+003,9.686418e-002
2.808375e+003,9.720423e-002
2.808858e+003,9.754519e-002
2.809340e+003,9.788677e-002
2.809822e+003,9.822511e-002
2.810304e+003,9.855841e-002
2.810786e+003,9.888652e-002
2.811268e+003,9.921229e-002
2.811750e+003,9.954191e-002
2.812233e+003,9.988071e-002
2.812715e+003,1.002323e-001
2.813197e+003,1.005968e-001
2.813679e+003,1.009721e-001
2.814161e+003,1.013536e-001
2.814643e+003,1.017382e-001
2.815125e+003,1.021244e-001
2.815607e+003,1.025147e-001
2.816090e+003,1.029114e-001
2.816572e+003,1.033171e-001
2.817054e+003,1.037330e-001
2.817536e+003,1.041579e-001
2.818018e+003,1.045906e-001
2.818500e+003,1.050308e-001
2.818982e+003,1.054801e-001
2.819464e+003,1.059419e-001
2.819947e+003,1.064199e-001
2.820429e+003,1.069159e-001
2.820911e+003,1.074306e-001
2.821393e+003,1.079614e-001
2.821875e+003,1.085074e-001
2.822357e+003,1.090672e-001
2.822839e+003,1.096442e-001
2.823322e+003,1.102416e-001
2.823803e+003,1.108644e-001
2.824286e+003,1.115151e-001
2.824768e+003,1.121938e-001
2.825250e+003,1.128982e-001
2.825732e+003,1.136253e-001
2.826214e+003,1.143742e-001
2.826696e+003,1.151476e-001
2.827178e+003,1.159499e-001
2.827661e+003,1.167884e-001
2.828143e+003,1.176685e-001
2.828625e+003,1.185933e-001
2.829107e+003,1.195628e-001
2.829589e+003,1.205741e-001
2.830071e+003,1.216264e-001
2.830553e+003,1.227190e-001
2.831035e+003,1.238533e-001
2.831518e+003,1.250316e-001
2.832000e+003,1.262547e-001
2.832482e+003,1.275212e-001
2.832964e+003,1.288264e-001
2.833446e+003,1.301638e-001
2.833928e+003,1.315262e-001
2.834410e+003,1.329092e-001
2.834892e+003,1.343104e-001
2.835375e+003,1.357297e-001
2.835857e+003,1.371696e-001
2.836339e+003,1.386331e-001
2.836821e+003,1.401249e-001
2.837303e+003,1.416520e-001
2.837785e+003,1.432265e-001
2.838267e+003,1.448637e-001
2.838750e+003,1.465848e-001
2.839231e+003,1.484122e-001
2.839714e+003,1.503693e-001
2.840196e+003,1.524775e-001
2.840678e+003,1.547571e-001
2.841160e+003,1.572264e-001
2.841642e+003,1.599023e-001
2.842124e+003,1.628023e-001
2.842606e+003,1.659419e-001
2.843089e+003,1.693335e-001
2.843571e+003,1.729832e-001
2.844053e+003,1.768886e-001
2.844535e+003,1.810384e-001
2.845017e+003,1.854119e-001
2.845499e+003,1.899825e-001
2.845981e+003,1.947168e-001
2.846463e+003,1.995767e-001
2.846946e+003,2.045193e-001
2.847428e+003,2.094955e-001
2.847910e+003,2.144503e-001
2.848392e+003,2.193224e-001
2.848874e+003,2.240479e-001
2.849356e+003,2.285615e-001
2.849838e+003,2.328007e-001
2.850320e+003,2.367056e-001
2.850802e+003,2.402196e-001
2.851285e+003,2.432895e-001
2.851767e+003,2.458652e-001
2.852249e+003,2.479022e-001
2.852731e+003,2.493677e-001
2.853213e+003,2.502441e-001
2.853695e+003,2.505330e-001
2.854177e+003,2.502566e-001
2.854659e+003,2.494531e-001
2.855142e+003,2.481733e-001
2.855624e+003,2.464736e-001
2.856106e+003,2.444133e-001
2.856588e+003,2.420533e-001
2.857070e+003,2.394564e-001
2.857552e+003,2.366869e-001
2.858034e+003,2.338094e-001
2.858517e+003,2.308863e-001
2.858999e+003,2.279733e-001
2.859481e+003,2.251172e-001
2.859963e+003,2.223565e-001
2.860445e+003,2.197210e-001
2.860927e+003,2.172366e-001
2.861409e+003,2.149253e-001
2.861891e+003,2.128052e-001
2.862374e+003,2.108892e-001
2.862856e+003,2.091842e-001
2.863338e+003,2.076878e-001
2.863820e+003,2.063910e-001
2.864302e+003,2.052821e-001
2.864784e+003,2.043487e-001
2.865266e+003,2.035807e-001
2.865748e+003,2.029709e-001
2.866230e+003,2.025128e-001
2.866713e+003,2.021976e-001
2.867195e+003,2.020117e-001
2.867677e+003,2.019351e-001
2.868159e+003,2.019431e-001
2.868641e+003,2.020090e-001
2.869123e+003,2.021045e-001
2.869605e+003,2.022019e-001
2.870088e+003,2.022728e-001
2.870570e+003,2.022895e-001
2.871052e+003,2.022246e-001
2.871534e+003,2.020545e-001
2.872016e+003,2.017624e-001
2.872498e+003,2.013422e-001
2.872980e+003,2.007990e-001
2.873462e+003,2.001498e-001
2.873945e+003,1.994177e-001
2.874427e+003,1.986287e-001
2.874909e+003,1.978064e-001
2.875391e+003,1.969727e-001
2.875873e+003,1.961451e-001
2.876355e+003,1.953419e-001
2.876837e+003,1.945803e-001
2.877319e+003,1.938771e-001
2.877802e+003,1.932459e-001
2.878284e+003,1.926966e-001
2.878766e+003,1.922328e-001
2.879248e+003,1.918528e-001
2.879730e+003,1.915531e-001
2.880212e+003,1.913319e-001
2.880694e+003,1.911905e-001
2.881176e+003,1.911334e-001
2.881658e+003,1.911670e-001
2.882141e+003,1.912955e-001
2.882623e+003,1.915191e-001
2.883105e+003,1.918341e-001
2.883587e+003,1.922347e-001
2.884069e+003,1.927154e-001
2.884551e+003,1.932731e-001
2.885033e+003,1.939073e-001
2.885516e+003,1.946192e-001
2.885998e+003,1.954082e-001
2.886480e+003,1.962708e-001
2.886962e+003,1.972014e-001
2.887444e+003,1.981940e-001
2.887926e+003,1.992436e-001
2.888408e+003,2.003497e-001
2.888890e+003,2.015137e-001
2.889373e+003,2.027390e-001
2.889855e+003,2.040259e-001
2.890337e+003,2.053720e-001
2.890819e+003,2.067712e-001
2.891301e+003,2.082154e-001
2.891783e+003,2.097000e-001
2.892265e+003,2.112228e-001
2.892747e+003,2.127862e-001
2.893229e+003,2.143930e-001
2.893712e+003,2.160441e-001
2.894194e+003,2.177372e-001
2.894676e+003,2.194646e-001
2.895158e+003,2.212183e-001
2.895640e+003,2.229919e-001
2.896122e+003,2.247845e-001
2.896604e+003,2.266005e-001
2.897086e+003,2.284463e-001
2.897569e+003,2.303298e-001
2.898051e+003,2.322538e-001
2.898533e+003,2.342179e-001
2.899015e+003,2.362187e-001
2.899497e+003,2.382535e-001
2.899979e+003,2.403231e-001
2.900461e+003,2.424331e-001
2.900944e+003,2.445905e-001
2.901426e+003,2.468015e-001
2.901908e+003,2.490689e-001
2.902390e+003,2.513903e-001
2.902872e+003,2.537611e-001
2.903354e+003,2.561767e-001
2.903836e+003,2.586369e-001
2.904318e+003,2.611473e-001
2.904801e+003,2.637167e-001
2.905283e+003,2.663559e-001
2.905765e+003,2.690735e-001
2.906247e+003,2.718756e-001
2.906729e+003,2.747663e-001
2.907211e+003,2.777516e-001
2.907693e+003,2.808393e-001
2.908175e+003,2.840414e-001
2.908657e+003,2.873706e-001
2.909140e+003,2.908380e-001
2.909622e+003,2.944498e-001
2.910104e+003,2.982076e-001
2.910586e+003,3.021080e-001
2.911068e+003,3.061487e-001
2.911550e+003,3.103268e-001
2.912032e+003,3.146403e-001
2.912514e+003,3.190843e-001
2.912997e+003,3.236463e-001
2.913479e+003,3.283051e-001
2.913961e+003,3.330273e-001
2.914443e+003,3.377742e-001
2.914925e+003,3.425061e-001
2.915407e+003,3.471866e-001
2.915889e+003,3.517854e-001
2.916372e+003,3.562776e-001
2.916854e+003,3.606369e-001
2.917336e+003,3.648339e-001
2.917818e+003,3.688342e-001
2.918300e+003,3.725993e-001
2.918782e+003,3.760938e-001
2.919264e+003,3.792889e-001
2.919746e+003,3.821649e-001
2.920229e+003,3.847086e-001
2.920711e+003,3.869092e-001
2.921193e+003,3.887562e-001
2.921675e+003,3.902342e-001
2.922157e+003,3.913281e-001
2.922639e+003,3.920281e-001
2.923121e+003,3.923324e-001
2.923603e+003,3.922492e-001
2.924085e+003,3.917944e-001
2.924568e+003,3.909872e-001
2.925050e+003,3.898435e-001
2.925532e+003,3.883775e-001
2.926014e+003,3.866026e-001
2.926496e+003,3.845352e-001
2.926978e+003,3.822000e-001
2.927460e+003,3.796273e-001
2.927942e+003,3.768509e-001
2.928425e+003,3.739009e-001
2.928907e+003,3.708007e-001
2.929389e+003,3.675626e-001
2.929871e+003,3.641948e-001
2.930353e+003,3.607045e-001
2.930835e+003,3.571040e-001
2.931317e+003,3.534129e-001
2.931800e+003,3.496537e-001
2.932281e+003,3.458496e-001
2.932764e+003,3.420182e-001
2.933246e+003,3.381718e-001
2.933728e+003,3.343170e-001
2.934210e+003,3.304607e-001
2.934692e+003,3.266141e-001
2.935174e+003,3.227926e-001
2.935656e+003,3.190145e-001
2.936139e+003,3.152969e-001
2.936621e+003,3.116516e-001
2.937103e+003,3.080855e-001
2.937585e+003,3.046024e-001
2.938067e+003,3.012061e-001
2.938549e+003,2.979045e-001
2.939031e+003,2.947102e-001
2.939513e+003,2.916399e-001
2.939996e+003,2.887091e-001
2.940478e+003,2.859296e-001
2.940960e+003,2.833091e-001
2.941442e+003,2.808522e-001
2.941924e+003,2.785613e-001
2.942406e+003,2.764412e-001
2.942888e+003,2.744977e-001
2.943370e+003,2.727366e-001
2.943853e+003,2.711613e-001
2.944335e+003,2.697698e-001
2.944817e+003,2.685557e-001
2.945299e+003,2.675099e-001
2.945781e+003,2.666233e-001
2.946263e+003,2.658882e-001
2.946745e+003,2.652986e-001
2.947228e+003,2.648474e-001
2.947709e+003,2.645234e-001
2.948192e+003,2.643105e-001
2.948674e+003,2.641870e-001
2.949156e+003,2.641302e-001
2.949638e+003,2.641196e-001
2.950120e+003,2.641408e-001
2.950602e+003,2.641840e-001
2.951084e+003,2.642433e-001
2.951567e+003,2.643106e-001
2.952049e+003,2.643740e-001
2.952531e+003,2.644168e-001
2.953013e+003,2.644200e-001
2.953495e+003,2.643680e-001
2.953977e+003,2.642490e-001
2.954459e+003,2.640569e-001
2.954941e+003,2.637903e-001
2.955424e+003,2.634453e-001
2.955906e+003,2.630158e-001
2.956388e+003,2.624920e-001
2.956870e+003,2.618613e-001
2.957352e+003,2.611137e-001
2.957834e+003,2.602441e-001
2.958316e+003,2.592515e-001
2.958798e+003,2.581374e-001
2.959281e+003,2.569018e-001
2.959763e+003,2.555414e-001
2.960245e+003,2.540493e-001
2.960727e+003,2.524191e-001
2.961209e+003,2.506506e-001
2.961691e+003,2.487513e-001
2.962173e+003,2.467374e-001
2.962656e+003,2.446295e-001
2.963137e+003,2.424492e-001
2.963620e+003,2.402121e-001
2.964102e+003,2.379297e-001
2.964584e+003,2.356089e-001
2.965066e+003,2.332581e-001
2.965548e+003,2.308884e-001
2.966030e+003,2.285154e-001
2.966512e+003,2.261563e-001
2.966995e+003,2.238261e-001
2.967477e+003,2.215349e-001
2.967959e+003,2.192869e-001
2.968441e+003,2.170833e-001
2.968923e+003,2.149252e-001
2.969405e+003,2.128161e-001
2.969887e+003,2.107628e-001
2.970369e+003,2.087725e-001
2.970852e+003,2.068492e-001
2.971334e+003,2.049928e-001
2.971816e+003,2.031977e-001
2.972298e+003,2.014558e-001
2.972780e+003,1.997613e-001
2.973262e+003,1.981121e-001
2.973744e+003,1.965114e-001
2.974226e+003,1.949649e-001
2.974708e+003,1.934761e-001
2.975191e+003,1.920454e-001
2.975673e+003,1.906685e-001
2.976155e+003,1.893380e-001
2.976637e+003,1.880491e-001
2.977119e+003,1.867991e-001
2.977601e+003,1.855915e-001
2.978083e+003,1.844305e-001
2.978565e+003,1.833193e-001
2.979048e+003,1.822568e-001
2.979530e+003,1.812368e-001
2.980012e+003,1.802493e-001
2.980494e+003,1.792870e-001
2.980976e+003,1.783438e-001
2.981458e+003,1.774202e-001
2.981940e+003,1.765200e-001
2.982423e+003,1.756484e-001
2.982905e+003,1.748086e-001
2.983387e+003,1.740014e-001
2.983869e+003,1.732249e-001
2.984351e+003,1.724794e-001
2.984833e+003,1.717649e-001
2.985315e+003,1.710857e-001
2.985797e+003,1.704466e-001
2.986280e+003,1.698511e-001
2.986762e+003,1.693006e-001
2.987244e+003,1.687938e-001
2.987726e+003,1.683275e-001
2.988208e+003,1.678998e-001
2.988690e+003,1.675099e-001
2.989172e+003,1.671610e-001
2.989654e+003,1.668549e-001
2.990136e+003,1.665939e-001
2.990619e+003,1.663767e-001
2.991101e+003,1.662002e-001
2.991583e+003,1.660617e-001
2.992065e+003,1.659608e-001
2.992547e+003,1.659014e-001
2.993029e+003,1.658908e-001
2.993511e+003,1.659355e-001
2.993994e+003,1.660397e-001
2.994476e+003,1.662015e-001
2.994958e+003,1.664154e-001
2.995440e+003,1.666708e-001
2.995922e+003,1.669605e-001
2.996404e+003,1.672794e-001
2.996886e+003,1.676282e-001
2.997368e+003,1.680082e-001
2.997851e+003,1.684213e-001
2.998333e+003,1.688651e-001
2.998815e+003,1.693335e-001
2.999297e+003,1.698174e-001
2.999779e+003,1.703085e-001
3.000261e+003,1.708009e-001
3.000743e+003,1.712916e-001
3.001225e+003,1.717789e-001
3.001708e+003,1.722604e-001
3.002190e+003,1.727294e-001
3.002672e+003,1.731756e-001
3.003154e+003,1.735880e-001
3.003636e+003,1.739573e-001
3.004118e+003,1.742792e-001
3.004600e+003,1.745566e-001
3.005082e+003,1.747936e-001
3.005564e+003,1.749988e-001
3.006047e+003,1.751762e-001
3.006529e+003,1.753264e-001
3.007011e+003,1.754477e-001
3.007493e+003,1.755385e-001
3.007975e+003,1.755988e-001
3.008457e+003,1.756305e-001
3.008939e+003,1.756378e-001
3.009422e+003,1.756238e-001
3.009904e+003,1.755888e-001
3.010386e+003,1.755306e-001
3.010868e+003,1.754472e-001
3.011350e+003,1.753391e-001
3.011832e+003,1.752116e-001
3.012314e+003,1.750746e-001
3.012796e+003,1.749386e-001
3.013279e+003,1.748130e-001
3.013761e+003,1.747018e-001
3.014243e+003,1.746040e-001
3.014725e+003,1.745162e-001
3.015207e+003,1.744355e-001
3.015689e+003,1.743631e-001
3.016171e+003,1.743051e-001
3.016653e+003,1.742698e-001
3.017135e+003,1.742647e-001
3.017618e+003,1.742932e-001
3.018100e+003,1.743537e-001
3.018582e+003,1.744414e-001
3.019064e+003,1.745504e-001
3.019546e+003,1.746785e-001
3.020028e+003,1.748272e-001
3.020510e+003,1.750016e-001
3.020992e+003,1.752056e-001
3.021475e+003,1.754417e-001
3.021957e+003,1.757075e-001
3.022439e+003,1.759981e-001
3.022921e+003,1.763073e-001
3.023403e+003,1.766297e-001
3.023885e+003,1.769628e-001
3.024367e+003,1.773052e-001
3.024850e+003,1.776555e-001
3.025332e+003,1.780108e-001
3.025814e+003,1.783662e-001
3.026296e+003,1.787177e-001
3.026778e+003,1.790638e-001
3.027260e+003,1.794057e-001
3.027742e+003,1.797486e-001
3.028224e+003,1.800984e-001
3.028707e+003,1.804590e-001
3.029189e+003,1.808295e-001
3.029671e+003,1.812055e-001
3.030153e+003,1.815790e-001
3.030635e+003,1.819439e-001
3.031117e+003,1.822982e-001
3.031599e+003,1.826450e-001
3.032081e+003,1.829887e-001
3.032563e+003,1.833339e-001
3.033046e+003,1.836814e-001
3.033528e+003,1.840285e-001
3.034010e+003,1.843700e-001
3.034492e+003,1.847021e-001
3.034974e+003,1.850244e-001
3.035456e+003,1.853414e-001
3.035938e+003,1.856611e-001
3.036420e+003,1.859907e-001
3.036903e+003,1.863353e-001
3.037385e+003,1.866953e-001
3.037867e+003,1.870680e-001
3.038349e+003,1.874495e-001
3.038831e+003,1.878366e-001
3.039313e+003,1.882271e-001
3.039795e+003,1.886206e-001
3.040278e+003,1.890154e-001
3.040760e+003,1.894087e-001
3.041242e+003,1.897962e-001
3.041724e+003,1.901738e-001
3.042206e+003,1.905403e-001
3.042688e+003,1.908973e-001
3.043170e+003,1.912491e-001
3.043652e+003,1.915996e-001
3.044135e+003,1.919506e-001
3.044617e+003,1.923005e-001
3.045099e+003,1.926445e-001
3.045581e+003,1.929802e-001
3.046063e+003,1.933087e-001
3.046545e+003,1.936370e-001
3.047027e+003,1.939762e-001
3.047509e+003,1.943374e-001
3.047991e+003,1.947260e-001
3.048474e+003,1.951386e-001
3.048956e+003,1.955649e-001
3.049438e+003,1.959891e-001
3.049920e+003,1.963978e-001
3.050402e+003,1.967838e-001
3.050884e+003,1.971474e-001
3.051366e+003,1.974945e-001
3.051848e+003,1.978324e-001
3.052331e+003,1.981672e-001
3.052813e+003,1.984992e-001
3.053295e+003,1.988272e-001
3.053777e+003,1.991495e-001
3.054259e+003,1.994676e-001
3.054741e+003,1.997874e-001
3.055223e+003,2.001142e-001
3.055706e+003,2.004521e-001
3.056188e+003,2.007993e-001
3.056670e+003,2.011474e-001
3.057152e+003,2.014858e-001
3.057634e+003,2.018038e-001
3.058116e+003,2.020971e-001
3.058598e+003,2.023687e-001
3.059080e+003,2.026263e-001
3.059563e+003,2.028785e-001
3.060045e+003,2.031327e-001
3.060527e+003,2.033902e-001
3.061009e+003,2.036476e-001
3.061491e+003,2.039016e-001
3.061973e+003,2.041494e-001
3.062455e+003,2.043909e-001
3.062937e+003,2.046292e-001
3.063419e+003,2.048664e-001
3.063902e+003,2.051022e-001
3.064384e+003,2.053319e-001
3.064866e+003,2.055493e-001
3.065348e+003,2.057474e-001
3.065830e+003,2.059221e-001
3.066312e+003,2.060739e-001
3.066794e+003,2.062047e-001
3.067276e+003,2.063177e-001
3.067759e+003,2.064138e-001
3.068241e+003,2.064923e-001
3.068723e+003,2.065518e-001
3.069205e+003,2.065939e-001
3.069687e+003,2.066239e-001
3.070169e+003,2.066516e-001
3.070651e+003,2.066876e-001
3.071134e+003,2.067398e-001
3.071615e+003,2.068126e-001
3.072098e+003,2.069028e-001
3.072580e+003,2.070047e-001
3.073062e+003,2.071137e-001
3.073544e+003,2.072261e-001
3.074026e+003,2.073434e-001
3.074508e+003,2.074679e-001
3.074990e+003,2.076021e-001
3.075473e+003,2.077444e-001
3.075955e+003,2.078889e-001
3.076437e+003,2.080282e-001
3.076919e+003,2.081562e-001
3.077401e+003,2.082709e-001
3.077883e+003,2.083752e-001
3.078365e+003,2.084745e-001
3.078847e+003,2.085746e-001
3.079330e+003,2.086782e-001
3.079812e+003,2.087834e-001
3.080294e+003,2.088872e-001
3.080776e+003,2.089877e-001
3.081258e+003,2.090866e-001
3.081740e+003,2.091886e-001
3.082222e+003,2.093001e-001
3.082704e+003,2.094242e-001
3.083187e+003,2.095585e-001
3.083669e+003,2.096962e-001
3.084151e+003,2.098266e-001
3.084633e+003,2.099438e-001
3.085115e+003,2.100461e-001
3.085597e+003,2.101395e-001
3.086079e+003,2.102335e-001
3.086562e+003,2.103391e-001
3.087043e+003,2.104608e-001
3.087526e+003,2.105981e-001
3.088008e+003,2.107441e-001
3.088490e+003,2.108906e-001
3.088972e+003,2.110300e-001
3.089454e+003,2.111605e-001
3.089936e+003,2.112817e-001
3.090418e+003,2.113967e-001
3.090901e+003,2.115059e-001
3.091383e+003,2.116105e-001
3.091865e+003,2.117099e-001
3.092347e+003,2.118057e-001
3.092829e+003,2.119027e-001
3.093311e+003,2.120083e-001
3.093793e+003,2.121305e-001
3.094275e+003,2.122762e-001
3.094758e+003,2.124462e-001
3.095240e+003,2.126379e-001
3.095722e+003,2.128462e-001
3.096204e+003,2.130681e-001
3.096686e+003,2.133020e-001
3.097168e+003,2.135506e-001
3.097650e+003,2.138159e-001
3.098132e+003,2.140961e-001
3.098615e+003,2.143842e-001
3.099097e+003,2.146694e-001
3.099579e+003,2.149400e-001
3.100061e+003,2.151909e-001
3.100543e+003,2.154250e-001
3.101025e+003,2.156542e-001
3.101507e+003,2.158938e-001
3.101990e+003,2.161566e-001
3.102471e+003,2.164485e-001
3.102954e+003,2.167660e-001
3.103436e+003,2.171002e-001
3.103918e+003,2.174413e-001
3.104400e+003,2.177840e-001
3.104882e+003,2.181306e-001
3.105364e+003,2.184861e-001
3.105846e+003,2.188562e-001
3.106329e+003,2.192426e-001
3.106811e+003,2.196405e-001
3.107293e+003,2.200415e-001
3.107775e+003,2.204368e-001
3.108257e+003,2.208229e-001
3.108739e+003,2.212019e-001
3.109221e+003,2.215806e-001
3.109703e+003,2.219671e-001
3.110186e+003,2.223644e-001
3.110668e+003,2.227731e-001
3.111150e+003,2.231881e-001
3.111632e+003,2.236058e-001
3.112114e+003,2.240257e-001
3.112596e+003,2.244512e-001
3.113078e+003,2.248884e-001
3.113560e+003,2.253420e-001
3.114042e+003,2.258112e-001
3.114525e+003,2.262900e-001
3.115007e+003,2.267687e-001
3.115489e+003,2.272409e-001
3.115971e+003,2.277045e-001
3.116453e+003,2.281632e-001
3.116935e+003,2.286257e-001
3.117417e+003,2.290991e-001
3.117900e+003,2.295843e-001
3.118382e+003,2.300765e-001
3.118864e+003,2.305667e-001
3.119346e+003,2.310478e-001
3.119828e+003,2.315182e-001
3.120310e+003,2.319837e-001
3.120792e+003,2.324552e-001
3.121274e+003,2.329429e-001
3.121757e+003,2.334519e-001
3.122239e+003,2.339790e-001
3.122721e+003,2.345161e-001
3.123203e+003,2.350553e-001
3.123685e+003,2.355919e-001
3.124167e+003,2.361303e-001
3.124649e+003,2.366791e-001
3.125131e+003,2.372480e-001
3.125614e+003,2.378424e-001
3.126096e+003,2.384593e-001
3.126578e+003,2.390896e-001
3.127060e+003,2.397210e-001
3.127542e+003,2.403434e-001
3.128024e+003,2.409532e-001
3.128506e+003,2.415521e-001
3.128988e+003,2.421444e-001
3.129470e+003,2.427361e-001
3.129953e+003,2.433294e-001
3.130435e+003,2.439257e-001
3.130917e+003,2.445266e-001
3.131399e+003,2.451346e-001
3.131881e+003,2.457556e-001
3.132363e+003,2.463956e-001
3.132845e+003,2.470566e-001
3.133328e+003,2.477351e-001
3.133810e+003,2.484233e-001
3.134292e+003,2.491096e-001
3.134774e+003,2.497871e-001
3.135256e+003,2.504546e-001
3.135738e+003,2.511180e-001
3.136220e+003,2.517868e-001
3.136702e+003,2.524679e-001
3.137185e+003,2.531643e-001
3.137667e+003,2.538702e-001
3.138149e+003,2.545777e-001
3.138631e+003,2.552790e-001
3.139113e+003,2.559719e-001
3.139595e+003,2.566607e-001
3.140077e+003,2.573526e-001
3.140559e+003,2.580550e-001
3.141042e+003,2.587693e-001
3.141524e+003,2.594904e-001
3.142006e+003,2.602094e-001
3.142488e+003,2.609193e-001
3.142970e+003,2.616192e-001
3.143452e+003,2.623146e-001
3.143934e+003,2.630167e-001
3.144417e+003,2.637343e-001
3.144898e+003,2.644710e-001
3.145381e+003,2.652222e-001
3.145863e+003,2.659791e-001
3.146345e+003,2.667328e-001
3.146827e+003,2.674793e-001
3.147309e+003,2.682218e-001
3.147791e+003,2.689681e-001
3.148273e+003,2.697263e-001
3.148756e+003,2.704985e-001
3.149238e+003,2.712818e-001
3.149720e+003,2.720672e-001
3.150202e+003,2.728476e-001
3.150684e+003,2.736191e-001
3.151166e+003,2.743845e-001
3.151648e+003,2.751498e-001
3.152130e+003,2.759195e-001
3.152613e+003,2.766925e-001
3.153095e+003,2.774623e-001
3.153577e+003,2.782195e-001
3.154059e+003,2.789580e-001
3.154541e+003,2.796797e-001
3.155023e+003,2.803948e-001
3.155505e+003,2.811198e-001
3.155987e+003,2.818665e-001
3.156469e+003,2.826405e-001
3.156952e+003,2.834363e-001
3.157434e+003,2.842411e-001
3.157916e+003,2.850413e-001
3.158398e+003,2.858295e-001
3.158880e+003,2.866070e-001
3.159362e+003,2.873811e-001
3.159844e+003,2.881614e-001
3.160326e+003,2.889523e-001
3.160809e+003,2.897516e-001
3.161291e+003,2.905518e-001
3.161773e+003,2.913463e-001
3.162255e+003,2.921328e-001
3.162737e+003,2.929168e-001
3.163219e+003,2.937089e-001
3.163701e+003,2.945181e-001
3.164184e+003,2.953475e-001
3.164666e+003,2.961909e-001
3.165148e+003,2.970374e-001
3.165630e+003,2.978735e-001
3.166112e+003,2.986939e-001
3.166594e+003,2.995003e-001
3.167076e+003,3.003011e-001
3.167558e+003,3.011060e-001
3.168041e+003,3.019209e-001
3.168523e+003,3.027430e-001
3.169005e+003,3.035654e-001
3.169487e+003,3.043796e-001
3.169969e+003,3.051821e-001
3.170451e+003,3.059761e-001
3.170933e+003,3.067699e-001
3.171415e+003,3.075713e-001
3.171897e+003,3.083829e-001
3.172380e+003,3.091996e-001
3.172862e+003,3.100129e-001
3.173344e+003,3.108130e-001
3.173826e+003,3.115973e-001
3.174308e+003,3.123712e-001
3.174790e+003,3.131449e-001
3.175272e+003,3.139302e-001
3.175754e+003,3.147336e-001
3.176237e+003,3.155538e-001
3.176719e+003,3.163835e-001
3.177201e+003,3.172145e-001
3.177683e+003,3.180415e-001
3.178165e+003,3.188650e-001
3.178647e+003,3.196881e-001
3.179129e+003,3.205145e-001
3.179612e+003,3.213419e-001
3.180094e+003,3.221642e-001
3.180576e+003,3.229720e-001
3.181058e+003,3.237607e-001
3.181540e+003,3.245319e-001
3.182022e+003,3.252947e-001
3.182504e+003,3.260611e-001
3.182986e+003,3.268385e-001
3.183469e+003,3.276264e-001
3.183951e+003,3.284150e-001
3.184433e+003,3.291892e-001
3.184915e+003,3.299392e-001
3.185397e+003,3.306631e-001
3.185879e+003,3.313717e-001
3.186361e+003,3.320823e-001
3.186843e+003,3.328095e-001
3.187325e+003,3.335615e-001
3.187808e+003,3.343321e-001
3.188290e+003,3.351091e-001
3.188772e+003,3.358782e-001
3.189254e+003,3.366308e-001
3.189736e+003,3.373688e-001
3.190218e+003,3.381001e-001
3.190700e+003,3.388339e-001
3.191182e+003,3.395739e-001
3.191665e+003,3.403159e-001
3.192147e+003,3.410503e-001
3.192629e+003,3.417679e-001
3.193111e+003,3.424658e-001
3.193593e+003,3.431505e-001
3.194075e+003,3.438337e-001
3.194557e+003,3.445284e-001
3.195040e+003,3.452402e-001
3.195521e+003,3.459664e-001
3.196004e+003,3.466967e-001
3.196486e+003,3.474206e-001
3.196968e+003,3.481317e-001
3.197450e+003,3.488305e-001
3.197932e+003,3.495243e-001
3.198414e+003,3.502176e-001
3.198896e+003,3.509111e-001
3.199379e+003,3.515994e-001
3.199861e+003,3.522731e-001
3.200343e+003,3.529258e-001
3.200825e+003,3.535593e-001
3.201307e+003,3.541835e-001
3.201789e+003,3.548124e-001
3.202271e+003,3.554578e-001
3.202753e+003,3.561229e-001
3.203236e+003,3.568006e-001
3.203718e+003,3.574782e-001
3.204200e+003,3.581438e-001
3.204682e+003,3.587931e-001
3.205164e+003,3.594308e-001
3.205646e+003,3.600677e-001
3.206128e+003,3.607149e-001
3.206610e+003,3.613766e-001
3.207093e+003,3.620481e-001
3.207575e+003,3.627213e-001
3.208057e+003,3.633866e-001
3.208539e+003,3.640415e-001
3.209021e+003,3.646895e-001
3.209503e+003,3.653393e-001
3.209985e+003,3.659969e-001
3.210468e+003,3.666611e-001
3.210949e+003,3.673247e-001
3.211432e+003,3.679769e-001
3.211914e+003,3.686128e-001
3.212396e+003,3.692353e-001
3.212878e+003,3.698572e-001
3.213360e+003,3.704951e-001
3.213842e+003,3.711602e-001
3.214324e+003,3.718524e-001
3.214807e+003,3.725604e-001
3.215289e+003,3.732664e-001
3.215771e+003,3.739563e-001
3.216253e+003,3.746261e-001
3.216735e+003,3.752834e-001
3.217217e+003,3.759430e-001
3.217699e+003,3.766171e-001
3.218181e+003,3.773095e-001
3.218664e+003,3.780124e-001
3.219146e+003,3.787122e-001
3.219628e+003,3.793967e-001
3.220110e+003,3.800637e-001
3.220592e+003,3.807220e-001
3.221074e+003,3.813857e-001
3.221556e+003,3.820671e-001
3.222038e+003,3.827685e-001
3.222521e+003,3.834797e-001
3.223003e+003,3.841862e-001
3.223485e+003,3.848745e-001
3.223967e+003,3.855405e-001
3.224449e+003,3.861950e-001
3.224931e+003,3.868545e-001
3.225413e+003,3.875357e-001
3.225896e+003,3.882474e-001
3.226377e+003,3.889860e-001
3.226860e+003,3.897395e-001
3.227342e+003,3.904971e-001
3.227824e+003,3.912543e-001
3.228306e+003,3.920167e-001
3.228788e+003,3.927962e-001
3.229270e+003,3.936027e-001
3.229752e+003,3.944388e-001
3.230235e+003,3.952962e-001
3.230717e+003,3.961604e-001
3.231199e+003,3.970181e-001
3.231681e+003,3.978642e-001
3.232163e+003,3.987031e-001
3.232645e+003,3.995457e-001
3.233127e+003,4.004010e-001
3.233609e+003,4.012695e-001
3.234092e+003,4.021444e-001
3.234574e+003,4.030141e-001
3.235056e+003,4.038717e-001
3.235538e+003,4.047188e-001
3.236020e+003,4.055699e-001
3.236502e+003,4.064431e-001
3.236984e+003,4.073516e-001
3.237466e+003,4.082982e-001
3.237948e+003,4.092711e-001
3.238431e+003,4.102511e-001
3.238913e+003,4.112207e-001
3.239395e+003,4.121726e-001
3.239877e+003,4.131119e-001
3.240359e+003,4.140528e-001
3.240841e+003,4.150102e-001
3.241323e+003,4.159920e-001
3.241806e+003,4.169978e-001
3.242288e+003,4.180205e-001
3.242770e+003,4.190552e-001
3.243252e+003,4.201023e-001
3.243734e+003,4.211692e-001
3.244216e+003,4.222635e-001
3.244698e+003,4.233857e-001
3.245180e+003,4.245251e-001
3.245663e+003,4.256601e-001
3.246145e+003,4.267669e-001
3.246627e+003,4.278325e-001
3.247109e+003,4.288584e-001
3.247591e+003,4.298630e-001
3.248073e+003,4.308723e-001
3.248555e+003,4.319079e-001
3.249037e+003,4.329793e-001
3.249520e+003,4.340802e-001
3.250002e+003,4.351969e-001
3.250484e+003,4.363156e-001
3.250966e+003,4.374344e-001
3.251448e+003,4.385624e-001
3.251930e+003,4.397147e-001
3.252412e+003,4.409021e-001
3.252894e+003,4.421222e-001
3.253376e+003,4.433571e-001
3.253859e+003,4.445831e-001
3.254341e+003,4.457789e-001
3.254823e+003,4.469382e-001
3.255305e+003,4.480700e-001
3.255787e+003,4.491935e-001
3.256269e+003,4.503279e-001
3.256751e+003,4.514816e-001
3.257234e+003,4.526486e-001
3.257716e+003,4.538144e-001
3.258198e+003,4.549660e-001
3.258680e+003,4.560986e-001
3.259162e+003,4.572209e-001
3.259644e+003,4.583480e-001
3.260126e+003,4.594917e-001
3.260608e+003,4.606554e-001
3.261091e+003,4.618284e-001
3.261573e+003,4.629939e-001
3.262055e+003,4.641375e-001
3.262537e+003,4.652560e-001
3.263019e+003,4.663598e-001
3.263501e+003,4.674652e-001
3.263983e+003,4.685859e-001
3.264465e+003,4.697252e-001
3.264948e+003,4.708734e-001
3.265430e+003,4.720152e-001
3.265912e+003,4.731364e-001
3.266394e+003,4.742332e-001
3.266876e+003,4.753143e-001
3.267358e+003,4.763924e-001
3.267840e+003,4.774765e-001
3.268323e+003,4.785624e-001
3.268804e+003,4.796352e-001
3.269287e+003,4.806738e-001
3.269769e+003,4.816646e-001
3.270251e+003,4.826070e-001
3.270733e+003,4.835150e-001
3.271215e+003,4.844098e-001
3.271697e+003,4.853084e-001
3.272179e+003,4.862144e-001
3.272662e+003,4.871168e-001
3.273144e+003,4.879970e-001
3.273626e+003,4.888400e-001
3.274108e+003,4.896426e-001
3.274590e+003,4.904156e-001
3.275072e+003,4.911761e-001
3.275554e+003,4.919360e-001
3.276036e+003,4.926953e-001
3.276519e+003,4.934408e-001
3.277001e+003,4.941515e-001
3.277483e+003,4.948156e-001
3.277965e+003,4.954321e-001
3.278447e+003,4.960160e-001
3.278929e+003,4.965890e-001
3.279411e+003,4.971669e-001
3.279893e+003,4.977527e-001
3.280375e+003,4.983347e-001
3.280858e+003,4.988927e-001
3.281340e+003,4.994119e-001
3.281822e+003,4.998899e-001
3.282304e+003,5.003370e-001
3.282786e+003,5.007703e-001
3.283268e+003,5.012001e-001
3.283750e+003,5.016249e-001
3.284232e+003,5.020277e-001
3.284715e+003,5.023866e-001
3.285197e+003,5.026872e-001
3.285679e+003,5.029296e-001
3.286161e+003,5.031307e-001
3.286643e+003,5.033152e-001
3.287125e+003,5.035025e-001
3.287607e+003,5.036991e-001
3.288090e+003,5.038943e-001
3.288572e+003,5.040692e-001
3.289054e+003,5.042084e-001
3.289536e+003,5.043085e-001
3.290018e+003,5.043812e-001
3.290500e+003,5.044440e-001
3.290982e+003,5.045100e-001
3.291464e+003,5.045779e-001
3.291947e+003,5.046319e-001
3.292429e+003,5.046481e-001
3.292911e+003,5.046089e-001
3.293393e+003,5.045109e-001
3.293875e+003,5.043661e-001
3.294357e+003,5.041946e-001
3.294839e+003,5.040116e-001
3.295321e+003,5.038191e-001
3.295803e+003,5.036058e-001
3.296286e+003,5.033522e-001
3.296768e+003,5.030440e-001
3.297250e+003,5.026824e-001
3.297732e+003,5.022848e-001
3.298214e+003,5.018771e-001
3.298696e+003,5.014815e-001
3.299178e+003,5.011081e-001
3.299660e+003,5.007493e-001
3.300143e+003,5.003893e-001
3.300625e+003,5.000128e-001
3.301107e+003,4.996139e-001
3.301589e+003,4.991983e-001
3.302071e+003,4.987786e-001
3.302553e+003,4.983626e-001
3.303035e+003,4.979485e-001
3.303518e+003,4.975231e-001
3.304000e+003,4.970685e-001
3.304482e+003,4.965746e-001
3.304964e+003,4.960434e-001
3.305446e+003,4.954907e-001
3.305928e+003,4.949372e-001
3.306410e+003,4.943957e-001
3.306892e+003,4.938663e-001
3.307375e+003,4.933340e-001
3.307857e+003,4.927765e-001
3.308339e+003,4.921779e-001
3.308821e+003,4.915375e-001
3.309303e+003,4.908704e-001
3.309785e+003,4.901999e-001
3.310267e+003,4.895438e-001
3.310749e+003,4.889064e-001
3.311231e+003,4.882767e-001
3.311714e+003,4.876358e-001
3.312196e+003,4.869684e-001
3.312678e+003,4.862734e-001
3.313160e+003,4.855632e-001
3.313642e+003,4.848591e-001
3.314124e+003,4.841783e-001
3.314606e+003,4.835256e-001
3.315088e+003,4.828917e-001
3.315571e+003,4.822590e-001
3.316053e+003,4.816121e-001
3.316535e+003,4.809470e-001
3.317017e+003,4.802721e-001
3.317499e+003,4.796017e-001
3.317981e+003,4.789475e-001
3.318463e+003,4.783099e-001
3.318946e+003,4.776779e-001
3.319427e+003,4.770360e-001
3.319910e+003,4.763723e-001
3.320392e+003,4.756889e-001
3.320874e+003,4.749997e-001
3.321356e+003,4.743261e-001
3.321838e+003,4.736832e-001
3.322320e+003,4.730734e-001
3.322802e+003,4.724868e-001
3.323285e+003,4.719029e-001
3.323767e+003,4.713068e-001
3.324249e+003,4.706934e-001
3.324731e+003,4.700713e-001
3.325213e+003,4.694558e-001
3.325695e+003,4.688591e-001
3.326177e+003,4.682825e-001
3.326659e+003,4.677168e-001
3.327142e+003,4.671466e-001
3.327624e+003,4.665612e-001
3.328106e+003,4.659604e-001
3.328588e+003,4.653545e-001
3.329070e+003,4.647597e-001
3.329552e+003,4.641857e-001
3.330034e+003,4.636317e-001
3.330516e+003,4.630848e-001
3.330999e+003,4.625284e-001
3.331481e+003,4.619526e-001
3.331963e+003,4.613605e-001
3.332445e+003,4.607682e-001
3.332927e+003,4.601947e-001
3.333409e+003,4.596542e-001
3.333891e+003,4.591461e-001
3.334374e+003,4.586562e-001
3.334855e+003,4.581631e-001
3.335338e+003,4.576503e-001
3.335820e+003,4.571145e-001
3.336302e+003,4.565673e-001
3.336784e+003,4.560265e-001
3.337266e+003,4.555074e-001
3.337748e+003,4.550105e-001
3.338230e+003,4.545261e-001
3.338713e+003,4.540353e-001
3.339195e+003,4.535254e-001
3.339677e+003,4.529944e-001
3.340159e+003,4.524539e-001
3.340641e+003,4.519212e-001
3.341123e+003,4.514096e-001
3.341605e+003,4.509215e-001
3.342087e+003,4.504466e-001
3.342570e+003,4.499692e-001
3.343052e+003,4.494786e-001
3.343534e+003,4.489727e-001
3.344016e+003,4.484637e-001
3.344498e+003,4.479681e-001
3.344980e+003,4.474971e-001
3.345462e+003,4.470499e-001
3.345944e+003,4.466140e-001
3.346427e+003,4.461709e-001
3.346909e+003,4.457072e-001
3.347391e+003,4.452199e-001
3.347873e+003,4.447194e-001
3.348355e+003,4.442205e-001
3.348837e+003,4.437336e-001
3.349319e+003,4.432580e-001
3.349802e+003,4.427815e-001
3.350283e+003,4.422896e-001
3.350766e+003,4.417735e-001
3.351248e+003,4.412383e-001
3.351730e+003,4.406997e-001
3.352212e+003,4.401784e-001
3.352694e+003,4.396877e-001
3.353176e+003,4.392267e-001
3.353658e+003,4.387810e-001
3.354141e+003,4.383284e-001
3.354623e+003,4.378537e-001
3.355105e+003,4.373540e-001
3.355587e+003,4.368398e-001
3.356069e+003,4.363297e-001
3.356551e+003,4.358370e-001
3.357033e+003,4.353627e-001
3.357515e+003,4.348965e-001
3.357998e+003,4.344220e-001
3.358480e+003,4.339271e-001
3.358962e+003,4.334116e-001
3.359444e+003,4.328867e-001
3.359926e+003,4.323687e-001
3.360408e+003,4.318676e-001
3.360890e+003,4.313812e-001
3.361372e+003,4.308963e-001
3.361854e+003,4.303956e-001
3.362337e+003,4.298692e-001
3.362819e+003,4.293217e-001
3.363301e+003,4.287711e-001
3.363783e+003,4.282396e-001
3.364265e+003,4.277416e-001
3.364747e+003,4.272757e-001
3.365229e+003,4.268247e-001
3.365712e+003,4.263617e-001
3.366194e+003,4.258687e-001
3.366676e+003,4.253403e-001
3.367158e+003,4.247886e-001
3.367640e+003,4.242348e-001
3.368122e+003,4.236977e-001
3.368604e+003,4.231839e-001
3.369086e+003,4.226869e-001
3.369569e+003,4.221920e-001
3.370051e+003,4.216865e-001
3.370533e+003,4.211679e-001
3.371015e+003,4.206437e-001
3.371497e+003,4.201269e-001
3.371979e+003,4.196248e-001
3.372461e+003,4.191347e-001
3.372943e+003,4.186420e-001
3.373426e+003,4.181301e-001
3.373908e+003,4.175887e-001
3.374390e+003,4.170211e-001
3.374872e+003,4.164465e-001
3.375354e+003,4.158869e-001
3.375836e+003,4.153605e-001
3.376318e+003,4.148698e-001
3.376800e+003,4.144023e-001
3.377282e+003,4.139377e-001
3.377765e+003,4.134592e-001
3.378247e+003,4.129613e-001
3.378729e+003,4.124521e-001
3.379211e+003,4.119470e-001
3.379693e+003,4.114583e-001
3.380175e+003,4.109878e-001
3.380657e+003,4.105258e-001
3.381140e+003,4.100568e-001
3.381622e+003,4.095702e-001
3.382104e+003,4.090668e-001
3.382586e+003,4.085587e-001
3.383068e+003,4.080644e-001
3.383550e+003,4.075967e-001
3.384032e+003,4.071565e-001
3.384514e+003,4.067321e-001
3.384997e+003,4.063055e-001
3.385479e+003,4.058616e-001
3.385961e+003,4.053985e-001
3.386443e+003,4.049240e-001
3.386925e+003,4.044523e-001
3.387407e+003,4.039910e-001
3.387889e+003,4.035380e-001
3.388371e+003,4.030819e-001
3.388854e+003,4.026076e-001
3.389336e+003,4.021094e-001
3.389818e+003,4.015936e-001
3.390300e+003,4.010794e-001
3.390782e+003,4.005888e-001
3.391264e+003,4.001361e-001
3.391746e+003,3.997192e-001
3.392229e+003,3.993206e-001
3.392710e+003,3.989147e-001
3.393193e+003,3.984850e-001
3.393675e+003,3.980290e-001
3.394157e+003,3.975608e-001
3.394639e+003,3.971023e-001
3.395121e+003,3.966694e-001
3.395603e+003,3.962652e-001
3.396085e+003,3.958781e-001
3.396568e+003,3.954866e-001
3.397050e+003,3.950738e-001
3.397532e+003,3.946353e-001
3.398014e+003,3.941803e-001
3.398496e+003,3.937270e-001
3.398978e+003,3.932893e-001
3.399460e+003,3.928706e-001
3.399942e+003,3.924621e-001
3.400425e+003,3.920488e-001
3.400907e+003,3.916191e-001
3.401389e+003,3.911739e-001
3.401871e+003,3.907248e-001
3.402353e+003,3.902883e-001
3.402835e+003,3.898760e-001
3.403317e+003,3.894871e-001
3.403799e+003,3.891073e-001
3.404281e+003,3.887167e-001
3.404764e+003,3.883021e-001
3.405246e+003,3.878610e-001
3.405728e+003,3.874056e-001
3.406210e+003,3.869536e-001
3.406692e+003,3.865193e-001
3.407174e+003,3.861043e-001
3.407656e+003,3.856984e-001
3.408138e+003,3.852861e-001
3.408621e+003,3.848555e-001
3.409103e+003,3.844066e-001
3.409585e+003,3.839494e-001
3.410067e+003,3.834985e-001
3.410549e+003,3.830639e-001
3.411031e+003,3.826420e-001
3.411513e+003,3.822202e-001
3.411996e+003,3.817813e-001
3.412478e+003,3.813162e-001
3.412960e+003,3.808294e-001
3.413442e+003,3.803388e-001
3.413924e+003,3.798655e-001
3.414406e+003,3.794239e-001
3.414888e+003,3.790135e-001
3.415370e+003,3.786188e-001
3.415853e+003,3.782187e-001
3.416335e+003,3.777975e-001
3.416817e+003,3.773516e-001
3.417299e+003,3.768924e-001
3.417781e+003,3.764377e-001
3.418263e+003,3.760006e-001
3.418745e+003,3.755828e-001
3.419227e+003,3.751734e-001
3.419709e+003,3.747540e-001
3.420192e+003,3.743118e-001
3.420674e+003,3.738453e-001
3.421156e+003,3.733670e-001
3.421638e+003,3.728926e-001
3.422120e+003,3.724327e-001
3.422602e+003,3.719856e-001
3.423084e+003,3.715375e-001
3.423566e+003,3.710728e-001
3.424049e+003,3.705837e-001
3.424531e+003,3.700750e-001
3.425013e+003,3.695647e-001
3.425495e+003,3.690725e-001
3.425977e+003,3.686104e-001
3.426459e+003,3.681736e-001
3.426941e+003,3.677452e-001
3.427424e+003,3.673006e-001
3.427906e+003,3.668240e-001
3.428388e+003,3.663157e-001
3.428870e+003,3.657891e-001
3.429352e+003,3.652666e-001
3.429834e+003,3.647628e-001
3.430316e+003,3.642809e-001
3.430798e+003,3.638094e-001
3.431281e+003,3.633302e-001
3.431763e+003,3.628314e-001
3.432245e+003,3.623135e-001
3.432727e+003,3.617906e-001
3.433209e+003,3.612790e-001
3.433691e+003,3.607903e-001
3.434173e+003,3.603212e-001
3.434655e+003,3.598557e-001
3.435137e+003,3.593739e-001
3.435620e+003,3.588639e-001
3.436102e+003,3.583282e-001
3.436584e+003,3.577857e-001
3.437066e+003,3.572600e-001
3.437548e+003,3.567677e-001
3.438030e+003,3.563111e-001
3.438512e+003,3.558736e-001
3.438994e+003,3.554326e-001
3.439477e+003,3.549684e-001
3.439959e+003,3.544746e-001
3.440441e+003,3.539591e-001
3.440923e+003,3.534370e-001
3.441405e+003,3.529204e-001
3.441887e+003,3.524105e-001
3.442369e+003,3.518978e-001
3.442852e+003,3.513668e-001
3.443333e+003,3.508114e-001
3.443816e+003,3.502381e-001
3.444298e+003,3.496655e-001
3.444780e+003,3.491168e-001
3.445262e+003,3.486085e-001
3.445744e+003,3.481389e-001
3.446226e+003,3.476897e-001
3.446708e+003,3.472332e-001
3.447191e+003,3.467463e-001
3.447673e+003,3.462211e-001
3.448155e+003,3.456686e-001
3.448637e+003,3.451087e-001
3.449119e+003,3.445576e-001
3.449601e+003,3.440206e-001
3.450083e+003,3.434910e-001
3.450565e+003,3.429564e-001
3.451048e+003,3.424090e-001
3.451530e+003,3.418501e-001
3.452012e+003,3.412916e-001
3.452494e+003,3.407471e-001
3.452976e+003,3.402244e-001
3.453458e+003,3.397177e-001
3.453940e+003,3.392111e-001
3.454422e+003,3.386844e-001
3.454905e+003,3.381256e-001
3.455387e+003,3.375368e-001
3.455869e+003,3.369324e-001
3.456351e+003,3.363302e-001
3.456833e+003,3.357431e-001
3.457315e+003,3.351691e-001
3.457797e+003,3.345948e-001
3.458280e+003,3.340012e-001
3.458761e+003,3.333794e-001
3.459244e+003,3.327333e-001
3.459726e+003,3.320789e-001
3.460208e+003,3.314385e-001
3.460690e+003,3.308251e-001
3.461172e+003,3.302378e-001
3.461654e+003,3.296614e-001
3.462136e+003,3.290746e-001
3.462619e+003,3.284640e-001
3.463101e+003,3.278301e-001
3.463583e+003,3.271874e-001
3.464065e+003,3.265545e-001
3.464547e+003,3.259440e-001
3.465029e+003,3.253544e-001
3.465511e+003,3.247712e-001
3.465993e+003,3.241773e-001
3.466476e+003,3.235615e-001
3.466958e+003,3.229280e-001
3.467440e+003,3.222943e-001
3.467922e+003,3.216807e-001
3.468404e+003,3.211004e-001
3.468886e+003,3.205510e-001
3.469368e+003,3.200139e-001
3.469850e+003,3.194659e-001
3.470333e+003,3.188886e-001
3.470815e+003,3.182768e-001
3.471297e+003,3.176402e-001
3.471779e+003,3.169944e-001
3.472261e+003,3.163500e-001
3.472743e+003,3.157092e-001
3.473225e+003,3.150608e-001
3.473708e+003,3.143903e-001
3.474189e+003,3.136898e-001
3.474672e+003,3.129654e-001
3.475154e+003,3.122324e-001
3.475636e+003,3.115105e-001
3.476118e+003,3.108109e-001
3.476600e+003,3.101308e-001
3.477082e+003,3.094563e-001
3.477564e+003,3.087704e-001
3.478047e+003,3.080643e-001
3.478529e+003,3.073441e-001
3.479011e+003,3.066261e-001
3.479493e+003,3.059332e-001
3.479975e+003,3.052777e-001
3.480457e+003,3.046569e-001
3.480939e+003,3.040522e-001
3.481421e+003,3.034392e-001
3.481904e+003,3.027985e-001
3.482386e+003,3.021279e-001
3.482868e+003,3.014390e-001
3.483350e+003,3.007493e-001
3.483832e+003,3.000710e-001
3.484314e+003,2.994024e-001
3.484796e+003,2.987327e-001
3.485278e+003,2.980473e-001
3.485760e+003,2.973384e-001
3.486243e+003,2.966130e-001
3.486725e+003,2.958882e-001
3.487207e+003,2.951845e-001
3.487689e+003,2.945115e-001
3.488171e+003,2.938642e-001
3.488653e+003,2.932221e-001
3.489135e+003,2.925603e-001
3.489618e+003,2.918631e-001
3.490100e+003,2.911287e-001
3.490582e+003,2.903701e-001
3.491064e+003,2.896067e-001
3.491546e+003,2.888537e-001
3.492028e+003,2.881150e-001
3.492510e+003,2.873843e-001
3.492992e+003,2.866531e-001
3.493475e+003,2.859163e-001
3.493957e+003,2.851792e-001
3.494439e+003,2.844545e-001
3.494921e+003,2.837545e-001
3.495403e+003,2.830818e-001
3.495885e+003,2.824251e-001
3.496367e+003,2.817621e-001
3.496849e+003,2.810724e-001
3.497332e+003,2.803453e-001
3.497814e+003,2.795871e-001
3.498296e+003,2.788165e-001
3.498778e+003,2.780520e-001
3.499260e+003,2.773049e-001
3.499742e+003,2.765709e-001
3.500224e+003,2.758346e-001
3.500706e+003,2.750801e-001
3.501188e+003,2.743009e-001
3.501671e+003,2.735062e-001
3.502153e+003,2.727198e-001
3.502635e+003,2.719674e-001
3.503117e+003,2.712595e-001
3.503599e+003,2.705869e-001
3.504081e+003,2.699222e-001
3.504563e+003,2.692369e-001
3.505046e+003,2.685149e-001
3.505528e+003,2.677599e-001
3.506010e+003,2.669899e-001
3.506492e+003,2.662246e-001
3.506974e+003,2.654775e-001
3.507456e+003,2.647462e-001
3.507938e+003,2.640150e-001
3.508420e+003,2.632633e-001
3.508903e+003,2.624790e-001
3.509385e+003,2.616662e-001
3.509867e+003,2.608433e-001
3.510349e+003,2.600334e-001
3.510831e+003,2.592493e-001
3.511313e+003,2.584887e-001
3.511795e+003,2.577358e-001
3.512277e+003,2.569732e-001
3.512760e+003,2.561917e-001
3.513242e+003,2.553954e-001
3.513724e+003,2.546000e-001
3.514206e+003,2.538231e-001
3.514688e+003,2.530720e-001
3.515170e+003,2.523406e-001
3.515652e+003,2.516108e-001
3.516135e+003,2.508619e-001
3.516616e+003,2.500814e-001
3.517099e+003,2.492722e-001
3.517581e+003,2.484496e-001
3.518063e+003,2.476326e-001
3.518545e+003,2.468337e-001
3.519027e+003,2.460513e-001
3.519509e+003,2.452734e-001
3.519991e+003,2.444844e-001
3.520474e+003,2.436766e-001
3.520956e+003,2.428566e-001
3.521438e+003,2.420402e-001
3.521920e+003,2.412470e-001
3.522402e+003,2.404873e-001
3.522884e+003,2.397551e-001
3.523366e+003,2.390302e-001
3.523848e+003,2.382889e-001
3.524331e+003,2.375182e-001
3.524813e+003,2.367215e-001
3.525295e+003,2.359135e-001
3.525777e+003,2.351132e-001
3.526259e+003,2.343282e-001
3.526741e+003,2.335535e-001
3.527223e+003,2.327705e-001
3.527705e+003,2.319624e-001
3.528188e+003,2.311241e-001
3.528670e+003,2.302665e-001
3.529152e+003,2.294129e-001
3.529634e+003,2.285829e-001
3.530116e+003,2.277848e-001
3.530598e+003,2.270082e-001
3.531080e+003,2.262311e-001
3.531563e+003,2.254310e-001
3.532044e+003,2.245985e-001
3.532527e+003,2.237383e-001
3.533009e+003,2.228683e-001
3.533491e+003,2.220071e-001
3.533973e+003,2.211664e-001
3.534455e+003,2.203444e-001
3.534937e+003,2.195272e-001
3.535419e+003,2.187002e-001
3.535902e+003,2.178566e-001
3.536384e+003,2.170040e-001
3.536866e+003,2.161593e-001
3.537348e+003,2.153387e-001
3.537830e+003,2.145464e-001
3.538312e+003,2.137699e-001
3.538794e+003,2.129872e-001
3.539276e+003,2.121776e-001
3.539759e+003,2.113331e-001
3.540241e+003,2.104605e-001
3.540723e+003,2.095800e-001
3.541205e+003,2.087149e-001
3.541687e+003,2.078775e-001
3.542169e+003,2.070664e-001
3.542651e+003,2.062657e-001
3.543133e+003,2.054563e-001
3.543615e+003,2.046269e-001
3.544098e+003,2.037805e-001
3.544580e+003,2.029352e-001
3.545062e+003,2.021130e-001
3.545544e+003,2.013238e-001
3.546026e+003,2.005586e-001
3.546508e+003,1.997931e-001
3.546990e+003,1.990028e-001
3.547472e+003,1.981759e-001
3.547955e+003,1.973206e-001
3.548437e+003,1.964563e-001
3.548919e+003,1.956031e-001
3.549401e+003,1.947700e-001
3.549883e+003,1.939520e-001
3.550365e+003,1.931328e-001
3.550847e+003,1.922934e-001
3.551330e+003,1.914242e-001
3.551812e+003,1.905327e-001
3.552294e+003,1.896399e-001
3.552776e+003,1.887700e-001
3.553258e+003,1.879347e-001
3.553740e+003,1.871291e-001
3.554222e+003,1.863354e-001
3.554704e+003,1.855329e-001
3.555187e+003,1.847109e-001
3.555669e+003,1.838722e-001
3.556151e+003,1.830277e-001
3.556633e+003,1.821912e-001
3.557115e+003,1.813693e-001
3.557597e+003,1.805584e-001
3.558079e+003,1.797459e-001
3.558561e+003,1.789191e-001
3.559043e+003,1.780734e-001
3.559526e+003,1.772168e-001
3.560008e+003,1.763646e-001
3.560490e+003,1.755309e-001
3.560972e+003,1.747199e-001
3.561454e+003,1.739218e-001
3.561936e+003,1.731201e-001
3.562418e+003,1.722997e-001
3.562900e+003,1.714582e-001
3.563383e+003,1.706073e-001
3.563865e+003,1.697690e-001
3.564347e+003,1.689634e-001
3.564829e+003,1.682003e-001
3.565311e+003,1.674644e-001
3.565793e+003,1.667229e-001
3.566275e+003,1.659370e-001
3.566758e+003,1.650913e-001
3.567240e+003,1.642073e-001
3.567722e+003,1.633300e-001
3.568204e+003,1.624974e-001
3.568686e+003,1.617167e-001
3.569168e+003,1.609692e-001
3.569650e+003,1.602253e-001
3.570132e+003,1.594597e-001
3.570615e+003,1.586645e-001
3.571097e+003,1.578450e-001
3.571579e+003,1.570186e-001
3.572061e+003,1.562036e-001
3.572543e+003,1.554095e-001
3.573025e+003,1.546308e-001
3.573507e+003,1.538534e-001
3.573989e+003,1.530595e-001
3.574471e+003,1.522433e-001
3.574954e+003,1.514102e-001
3.575436e+003,1.505791e-001
3.575918e+003,1.497688e-001
3.576400e+003,1.489887e-001
3.576882e+003,1.482340e-001
3.577364e+003,1.474888e-001
3.577846e+003,1.467365e-001
3.578328e+003,1.459679e-001
3.578811e+003,1.451879e-001
3.579293e+003,1.444092e-001
3.579775e+003,1.436441e-001
3.580257e+003,1.428964e-001
3.580739e+003,1.421562e-001
3.581221e+003,1.414073e-001
3.581703e+003,1.406339e-001
3.582186e+003,1.398357e-001
3.582667e+003,1.390231e-001
3.583150e+003,1.382188e-001
3.583632e+003,1.374432e-001
3.584114e+003,1.367071e-001
3.584596e+003,1.360056e-001
3.585078e+003,1.353183e-001
3.585560e+003,1.346181e-001
3.586042e+003,1.338842e-001
3.586525e+003,1.331106e-001
3.587007e+003,1.323151e-001
3.587489e+003,1.315263e-001
3.587971e+003,1.307645e-001
3.588453e+003,1.300305e-001
3.588935e+003,1.293081e-001
3.589417e+003,1.285839e-001
3.589899e+003,1.278543e-001
3.590382e+003,1.271245e-001
3.590864e+003,1.264052e-001
3.591346e+003,1.257032e-001
3.591828e+003,1.250159e-001
3.592310e+003,1.243305e-001
3.592792e+003,1.236284e-001
3.593274e+003,1.228946e-001
3.593756e+003,1.221292e-001
3.594239e+003,1.213493e-001
3.594721e+003,1.205846e-001
3.595203e+003,1.198571e-001
3.595685e+003,1.191733e-001
3.596167e+003,1.185181e-001
3.596649e+003,1.178684e-001
3.597131e+003,1.172033e-001
3.597614e+003,1.165161e-001
3.598095e+003,1.158169e-001
3.598578e+003,1.151219e-001
3.599060e+003,1.144465e-001
3.599542e+003,1.137913e-001
3.600024e+003,1.131417e-001
3.600506e+003,1.124735e-001
3.600988e+003,1.117689e-001
3.601470e+003,1.110270e-001
3.601953e+003,1.102660e-001
3.602435e+003,1.095120e-001
3.602917e+003,1.087888e-001
3.603399e+003,1.081042e-001
3.603881e+003,1.074517e-001
3.604363e+003,1.068132e-001
3.604845e+003,1.061698e-001
3.605327e+003,1.055076e-001
3.605810e+003,1.048254e-001
3.606292e+003,1.041321e-001
3.606774e+003,1.034400e-001
3.607256e+003,1.027580e-001
3.607738e+003,1.020852e-001
3.608220e+003,1.014123e-001
3.608702e+003,1.007332e-001
3.609184e+003,1.000531e-001
3.609667e+003,9.938546e-002
3.610149e+003,9.874442e-002
3.610631e+003,9.813700e-002
3.611113e+003,9.755547e-002
3.611595e+003,9.697723e-002
3.612077e+003,9.637458e-002
3.612559e+003,9.572648e-002
3.613042e+003,9.503268e-002
3.613524e+003,9.431741e-002
3.614006e+003,9.361652e-002
3.614488e+003,9.295551e-002
3.614970e+003,9.233757e-002
3.615452e+003,9.174638e-002
3.615934e+003,9.115463e-002
3.616416e+003,9.053665e-002
3.616898e+003,8.988008e-002
3.617381e+003,8.918834e-002
3.617863e+003,8.848330e-002
3.618345e+003,8.779168e-002
3.618827e+003,8.713188e-002
3.619309e+003,8.650071e-002
3.619791e+003,8.588076e-002
3.620273e+003,8.525420e-002
3.620755e+003,8.461531e-002
3.621238e+003,8.396968e-002
3.621720e+003,8.332834e-002
3.622202e+003,8.269618e-002
3.622684e+003,8.207122e-002
3.623166e+003,8.144545e-002
3.623648e+003,8.080965e-002
3.624130e+003,8.016119e-002
3.624612e+003,7.950728e-002
3.625094e+003,7.886405e-002
3.625577e+003,7.824923e-002
3.626059e+003,7.767424e-002
3.626541e+003,7.713479e-002
3.627023e+003,7.660886e-002
3.627505e+003,7.605724e-002
3.627987e+003,7.544024e-002
3.628469e+003,7.475359e-002
3.628952e+003,7.404476e-002
3.629434e+003,7.338242e-002
3.629916e+003,7.279968e-002
3.630398e+003,7.227934e-002
3.630880e+003,7.178270e-002
3.631362e+003,7.127489e-002
3.631844e+003,7.073300e-002
3.632326e+003,7.015342e-002
3.632809e+003,6.954685e-002
3.633291e+003,6.893331e-002
3.633773e+003,6.833281e-002
3.634255e+003,6.775374e-002
3.634737e+003,6.719258e-002
3.635219e+003,6.663613e-002
3.635701e+003,6.607419e-002
3.636183e+003,6.550467e-002
3.636666e+003,6.493369e-002
3.637148e+003,6.437205e-002
3.637630e+003,6.382490e-002
3.638112e+003,6.328972e-002
3.638594e+003,6.275596e-002
3.639076e+003,6.220959e-002
3.639558e+003,6.164431e-002
3.640041e+003,6.106482e-002
3.640522e+003,6.048588e-002
3.641005e+003,5.992542e-002
3.641487e+003,5.939434e-002
3.641969e+003,5.889047e-002
3.642451e+003,5.839840e-002
3.642933e+003,5.789884e-002
3.643415e+003,5.737866e-002
3.643897e+003,5.683712e-002
3.644380e+003,5.628373e-002
3.644862e+003,5.573527e-002
3.645344e+003,5.520638e-002
3.645826e+003,5.470052e-002
3.646308e+003,5.420621e-002
3.646790e+003,5.369891e-002
3.647272e+003,5.315566e-002
3.647754e+003,5.257223e-002
3.648237e+003,5.197836e-002
3.648719e+003,5.142340e-002
3.649201e+003,5.094515e-002
3.649683e+003,5.053421e-002
3.650165e+003,5.014525e-002
3.650647e+003,4.973131e-002
3.651129e+003,4.927470e-002
3.651611e+003,4.879015e-002
3.652094e+003,4.830213e-002
3.652576e+003,4.783247e-002
3.653058e+003,4.739038e-002
3.653540e+003,4.697299e-002
3.654022e+003,4.656857e-002
3.654504e+003,4.616066e-002
3.654986e+003,4.573518e-002
3.655469e+003,4.529112e-002
3.655950e+003,4.484172e-002
3.656433e+003,4.440765e-002
3.656915e+003,4.400186e-002
3.657397e+003,4.361987e-002
3.657879e+003,4.324646e-002
3.658361e+003,4.286357e-002
3.658843e+003,4.246262e-002
3.659325e+003,4.204574e-002
3.659808e+003,4.162550e-002
3.660290e+003,4.121695e-002
3.660772e+003,4.083143e-002
3.661254e+003,4.046930e-002
3.661736e+003,4.012071e-002
3.662218e+003,3.977174e-002
3.662700e+003,3.941106e-002
3.663182e+003,3.903731e-002
3.663665e+003,3.865634e-002
3.664147e+003,3.827883e-002
3.664629e+003,3.791052e-002
3.665111e+003,3.755178e-002
3.665593e+003,3.719302e-002
3.666075e+003,3.682331e-002
3.666557e+003,3.643382e-002
3.667039e+003,3.602519e-002
3.667521e+003,3.560686e-002
3.668004e+003,3.519910e-002
3.668486e+003,3.482252e-002
3.668968e+003,3.449066e-002
3.669450e+003,3.419852e-002
3.669932e+003,3.392189e-002
3.670414e+003,3.363704e-002
3.670896e+003,3.333564e-002
3.671378e+003,3.302466e-002
3.671861e+003,3.271515e-002
3.672343e+003,3.241320e-002
3.672825e+003,3.211917e-002
3.673307e+003,3.182710e-002
3.673789e+003,3.153513e-002
3.674271e+003,3.124997e-002
3.674753e+003,3.099682e-002
3.675236e+003,3.080472e-002
3.675718e+003,3.067852e-002
3.676200e+003,3.058619e-002
3.676682e+003,3.048018e-002
3.677164e+003,3.032994e-002
3.677646e+003,3.012653e-002
3.678128e+003,2.987430e-002
3.678610e+003,2.958900e-002
3.679093e+003,2.929028e-002
3.679575e+003,2.899637e-002
3.680057e+003,2.871722e-002
3.680539e+003,2.845244e-002
3.681021e+003,2.819620e-002
3.681503e+003,2.794291e-002
3.681985e+003,2.769234e-002
3.682467e+003,2.745216e-002
3.682949e+003,2.722983e-002
3.683432e+003,2.703105e-002
3.683914e+003,2.685311e-002
3.684396e+003,2.668320e-002
3.684878e+003,2.650507e-002
3.685360e+003,2.630457e-002
3.685842e+003,2.607959e-002
3.686324e+003,2.584131e-002
3.686806e+003,2.561392e-002
3.687289e+003,2.542932e-002
3.687771e+003,2.531061e-002
3.688253e+003,2.525594e-002
3.688735e+003,2.523416e-002
3.689217e+003,2.520021e-002
3.689699e+003,2.512489e-002
3.690181e+003,2.501043e-002
3.690664e+003,2.487857e-002
3.691146e+003,2.475090e-002
3.691628e+003,2.463476e-002
3.692110e+003,2.452083e-002
3.692592e+003,2.439533e-002
3.693074e+003,2.424993e-002
3.693556e+003,2.408698e-002
3.694038e+003,2.391979e-002
3.694521e+003,2.376549e-002
3.695003e+003,2.363850e-002
3.695485e+003,2.354131e-002
3.695967e+003,2.346149e-002
3.696449e+003,2.337619e-002
3.696931e+003,2.326365e-002
3.697413e+003,2.311256e-002
3.697895e+003,2.292938e-002
3.698377e+003,2.273300e-002
3.698860e+003,2.254865e-002
3.699342e+003,2.239770e-002
3.699824e+003,2.229421e-002
3.700306e+003,2.223820e-002
3.700788e+003,2.221896e-002
3.701270e+003,2.221837e-002
3.701752e+003,2.222177e-002
3.702234e+003,2.222055e-002
3.702717e+003,2.221337e-002
3.703199e+003,2.219872e-002
3.703681e+003,2.217412e-002
3.704163e+003,2.213357e-002
3.704645e+003,2.207236e-002
3.705127e+003,2.198811e-002
3.705609e+003,2.188456e-002
3.706092e+003,2.176791e-002
3.706573e+003,2.164402e-002
3.707056e+003,2.151749e-002
3.707538e+003,2.138646e-002
3.708020e+003,2.124657e-002
3.708502e+003,2.109905e-002
3.708984e+003,2.095326e-002
3.709466e+003,2.083470e-002
3.709948e+003,2.077764e-002
3.710431e+003,2.081060e-002
3.710913e+003,2.093563e-002
3.711395e+003,2.111451e-002
3.711877e+003,2.128848e-002
3.712359e+003,2.140629e-002
3.712841e+003,2.144847e-002
3.713323e+003,2.142532e-002
3.713805e+003,2.135864e-002
3.714288e+003,2.126876e-002
3.714770e+003,2.116714e-002
3.715252e+003,2.105601e-002
3.715734e+003,2.093339e-002
3.716216e+003,2.080002e-002
3.716698e+003,2.066126e-002
3.717180e+003,2.053134e-002
3.717662e+003,2.042646e-002
3.718145e+003,2.035987e-002
3.718627e+003,2.033431e-002
3.719109e+003,2.033907e-002
3.719591e+003,2.035780e-002
3.720073e+003,2.037405e-002
3.720555e+003,2.037968e-002
3.721037e+003,2.037820e-002
3.721520e+003,2.037947e-002
3.722001e+003,2.039260e-002
3.722484e+003,2.041598e-002
3.722966e+003,2.043736e-002
3.723448e+003,2.044051e-002
3.723930e+003,2.041367e-002
3.724412e+003,2.035795e-002
3.724894e+003,2.028872e-002
3.725376e+003,2.022622e-002
3.725859e+003,2.018621e-002
3.726341e+003,2.017095e-002
3.726823e+003,2.016505e-002
3.727305e+003,2.014515e-002
3.727787e+003,2.009399e-002
3.728269e+003,2.000778e-002
3.728751e+003,1.989505e-002
3.729233e+003,1.977216e-002
3.729716e+003,1.965712e-002
3.730198e+003,1.956396e-002
3.730680e+003,1.949805e-002
3.731162e+003,1.945516e-002
3.731644e+003,1.942451e-002
3.732126e+003,1.939848e-002
3.732608e+003,1.938046e-002
3.733090e+003,1.939010e-002
3.733573e+003,1.945520e-002
3.734055e+003,1.959697e-002
3.734537e+003,1.981443e-002
3.735019e+003,2.006969e-002
3.735501e+003,2.030012e-002
3.735983e+003,2.045140e-002
3.736465e+003,2.050745e-002
3.736948e+003,2.048791e-002
3.737430e+003,2.042446e-002
3.737912e+003,2.034068e-002
3.738394e+003,2.024535e-002
3.738876e+003,2.013808e-002
3.739358e+003,2.001260e-002
3.739840e+003,1.986765e-002
3.740322e+003,1.970563e-002
3.740804e+003,1.953679e-002
3.741287e+003,1.937321e-002
3.741769e+003,1.923042e-002
3.742251e+003,1.912449e-002
3.742733e+003,1.907539e-002
3.743215e+003,1.910595e-002
3.743697e+003,1.922891e-002
3.744179e+003,1.942585e-002
3.744661e+003,1.963819e-002
3.745144e+003,1.979986e-002
3.745626e+003,1.987414e-002
3.746108e+003,1.985987e-002
3.746590e+003,1.977408e-002
3.747072e+003,1.963927e-002
3.747554e+003,1.948257e-002
3.748036e+003,1.933539e-002
3.748518e+003,1.923557e-002
3.749000e+003,1.921731e-002
3.749483e+003,1.929609e-002
3.749965e+003,1.945335e-002
3.750447e+003,1.963922e-002
3.750929e+003,1.979874e-002
3.751411e+003,1.989905e-002
3.751893e+003,1.993974e-002
3.752375e+003,1.993790e-002
3.752858e+003,1.991176e-002
3.753340e+003,1.986975e-002
3.753822e+003,1.981049e-002
3.754304e+003,1.973320e-002
3.754786e+003,1.963815e-002
3.755268e+003,1.953136e-002
3.755750e+003,1.942581e-002
3.756232e+003,1.933548e-002
3.756715e+003,1.927247e-002
3.757197e+003,1.924244e-002
3.757679e+003,1.924151e-002
3.758161e+003,1.925922e-002
3.758643e+003,1.928564e-002
3.759125e+003,1.931382e-002
3.759607e+003,1.934315e-002
3.760089e+003,1.937211e-002
3.760572e+003,1.939754e-002
3.761054e+003,1.941188e-002
3.761536e+003,1.940680e-002
3.762018e+003,1.937889e-002
3.762500e+003,1.933078e-002
3.762982e+003,1.927157e-002
3.763464e+003,1.921574e-002
3.763947e+003,1.917846e-002
3.764428e+003,1.916792e-002
3.764911e+003,1.917857e-002
3.765393e+003,1.919214e-002
3.765875e+003,1.918967e-002
3.766357e+003,1.916056e-002
3.766839e+003,1.911250e-002
3.767321e+003,1.906620e-002
3.767803e+003,1.904906e-002
3.768286e+003,1.908207e-002
3.768768e+003,1.917017e-002
3.769250e+003,1.929368e-002
3.769732e+003,1.941129e-002
3.770214e+003,1.948292e-002
3.770696e+003,1.948971e-002
3.771178e+003,1.943973e-002
3.771660e+003,1.935913e-002
3.772143e+003,1.927434e-002
3.772625e+003,1.920358e-002
3.773107e+003,1.915291e-002
3.773589e+003,1.911740e-002
3.774071e+003,1.908872e-002
3.774553e+003,1.905763e-002
3.775035e+003,1.902083e-002
3.775517e+003,1.898112e-002
3.776000e+003,1.894557e-002
3.776482e+003,1.892078e-002
3.776964e+003,1.891281e-002
3.777446e+003,1.892333e-002
3.777928e+003,1.895081e-002
3.778410e+003,1.899111e-002
3.778892e+003,1.903647e-002
3.779375e+003,1.907792e-002
3.779856e+003,1.910569e-002
3.780339e+003,1.911206e-002
3.780821e+003,1.909434e-002
3.781303e+003,1.905546e-002
3.781785e+003,1.900452e-002
3.782267e+003,1.895369e-002
3.782749e+003,1.891706e-002
3.783231e+003,1.890679e-002
3.783714e+003,1.892556e-002
3.784196e+003,1.896450e-002
3.784678e+003,1.900320e-002
3.785160e+003,1.901983e-002
3.785642e+003,1.900296e-002
3.786124e+003,1.895424e-002
3.786606e+003,1.888964e-002
3.787088e+003,1.882833e-002
3.787571e+003,1.878642e-002
3.788053e+003,1.877117e-002
3.788535e+003,1.877889e-002
3.789017e+003,1.879753e-002
3.789499e+003,1.881504e-002
3.789981e+003,1.882302e-002
3.790463e+003,1.881868e-002
3.790945e+003,1.880469e-002
3.791427e+003,1.878547e-002
3.791910e+003,1.876245e-002
3.792392e+003,1.873459e-002
3.792874e+003,1.869973e-002
3.793356e+003,1.865761e-002
3.793838e+003,1.861383e-002
3.794320e+003,1.858009e-002
3.794802e+003,1.857087e-002
3.795284e+003,1.859625e-002
3.795767e+003,1.865229e-002
3.796249e+003,1.871865e-002
3.796731e+003,1.876620e-002
3.797213e+003,1.877100e-002
3.797695e+003,1.872807e-002
3.798177e+003,1.865179e-002
3.798659e+003,1.856926e-002
3.799142e+003,1.851420e-002
3.799624e+003,1.852126e-002
3.800106e+003,1.861554e-002
3.800588e+003,1.879737e-002
3.801070e+003,1.902384e-002
3.801552e+003,1.922045e-002
3.802034e+003,1.932435e-002
3.802516e+003,1.932106e-002
3.802999e+003,1.923733e-002
3.803481e+003,1.910985e-002
3.803963e+003,1.897036e-002
3.804445e+003,1.884334e-002
3.804927e+003,1.874971e-002
3.805409e+003,1.871102e-002
3.805891e+003,1.874248e-002
3.806373e+003,1.884333e-002
3.806855e+003,1.898479e-002
3.807338e+003,1.911952e-002
3.807820e+003,1.920504e-002
3.808302e+003,1.922560e-002
3.808784e+003,1.918743e-002
3.809266e+003,1.911121e-002
3.809748e+003,1.901951e-002
3.810230e+003,1.892781e-002
3.810712e+003,1.884540e-002
3.811195e+003,1.877012e-002
3.811677e+003,1.869382e-002
3.812159e+003,1.860612e-002
3.812641e+003,1.850359e-002
3.813123e+003,1.839312e-002
3.813605e+003,1.829348e-002
3.814087e+003,1.823536e-002
3.814570e+003,1.825031e-002
3.815052e+003,1.835411e-002
3.815534e+003,1.852466e-002
3.816016e+003,1.870218e-002
3.816498e+003,1.882157e-002
3.816980e+003,1.885106e-002
3.817462e+003,1.879907e-002
3.817944e+003,1.869807e-002
3.818427e+003,1.858681e-002
3.818909e+003,1.850445e-002
3.819391e+003,1.848682e-002
3.819873e+003,1.856045e-002
3.820355e+003,1.872844e-002
3.820837e+003,1.895232e-002
3.821319e+003,1.916604e-002
3.821801e+003,1.931335e-002
3.822283e+003,1.937793e-002
3.822766e+003,1.937358e-002
3.823248e+003,1.932245e-002
3.823730e+003,1.924568e-002
3.824212e+003,1.916056e-002
3.824694e+003,1.908182e-002
3.825176e+003,1.902436e-002
3.825658e+003,1.899637e-002
3.826140e+003,1.899709e-002
3.826623e+003,1.901142e-002
3.827105e+003,1.901856e-002
3.827587e+003,1.899876e-002
3.828069e+003,1.894521e-002
3.828551e+003,1.886305e-002
3.829033e+003,1.876752e-002
3.829515e+003,1.867826e-002
3.829998e+003,1.861298e-002
3.830479e+003,1.858067e-002
3.830962e+003,1.857787e-002
3.831444e+003,1.858958e-002
3.831926e+003,1.859834e-002
3.832408e+003,1.859285e-002
3.832890e+003,1.857322e-002
3.833372e+003,1.854859e-002
3.833854e+003,1.853140e-002
3.834337e+003,1.853000e-002
3.834819e+003,1.854492e-002
3.835301e+003,1.856987e-002
3.835783e+003,1.859598e-002
3.836265e+003,1.861914e-002
3.836747e+003,1.864488e-002
3.837229e+003,1.868567e-002
3.837711e+003,1.875437e-002
3.838194e+003,1.885075e-002
3.838676e+003,1.895770e-002
3.839158e+003,1.904937e-002
3.839640e+003,1.910491e-002
3.840122e+003,1.912031e-002
3.840604e+003,1.910829e-002
3.841086e+003,1.908804e-002
3.841568e+003,1.908013e-002
3.842051e+003,1.909399e-002
3.842533e+003,1.912909e-002
3.843015e+003,1.917361e-002
3.843497e+003,1.921041e-002
3.843979e+003,1.922648e-002
3.844461e+003,1.921600e-002
3.844943e+003,1.918311e-002
3.845426e+003,1.913628e-002
3.845907e+003,1.908390e-002
3.846390e+003,1.902892e-002
3.846872e+003,1.897201e-002
3.847354e+003,1.890914e-002
3.847836e+003,1.883750e-002
3.848318e+003,1.875514e-002
3.848800e+003,1.866218e-002
3.849282e+003,1.856083e-002
3.849765e+003,1.845468e-002
3.850247e+003,1.834891e-002
3.850729e+003,1.825175e-002
3.851211e+003,1.818244e-002
3.851693e+003,1.817491e-002
3.852175e+003,1.827629e-002
3.852657e+003,1.851850e-002
3.853139e+003,1.886979e-002
3.853622e+003,1.922808e-002
3.854104e+003,1.949584e-002
3.854586e+003,1.964107e-002
3.855068e+003,1.968488e-002
3.855550e+003,1.966265e-002
3.856032e+003,1.960436e-002
3.856514e+003,1.952872e-002
3.856996e+003,1.944531e-002
3.857479e+003,1.935813e-002
3.857961e+003,1.926783e-002
3.858443e+003,1.917817e-002
3.858925e+003,1.909391e-002
3.859407e+003,1.902439e-002
3.859889e+003,1.897929e-002
3.860371e+003,1.896562e-002
3.860854e+003,1.898416e-002
3.861336e+003,1.902872e-002
3.861818e+003,1.908493e-002
3.862300e+003,1.913999e-002
3.862782e+003,1.918795e-002
3.863264e+003,1.922919e-002
3.863746e+003,1.926979e-002
3.864228e+003,1.931118e-002
3.864710e+003,1.934144e-002
3.865193e+003,1.934243e-002
3.865675e+003,1.929807e-002
3.866157e+003,1.920640e-002
3.866639e+003,1.907960e-002
3.867121e+003,1.894228e-002
3.867603e+003,1.882904e-002
3.868085e+003,1.877993e-002
3.868567e+003,1.882855e-002
3.869050e+003,1.898129e-002
3.869532e+003,1.919477e-002
3.870014e+003,1.938874e-002
3.870496e+003,1.949910e-002
3.870978e+003,1.951385e-002
3.871460e+003,1.946671e-002
3.871942e+003,1.940554e-002
3.872424e+003,1.937057e-002
3.872906e+003,1.938363e-002
3.873389e+003,1.943862e-002
3.873871e+003,1.950766e-002
3.874353e+003,1.955113e-002
3.874835e+003,1.954265e-002
3.875317e+003,1.947896e-002
3.875799e+003,1.937615e-002
3.876281e+003,1.925761e-002
3.876764e+003,1.914359e-002
3.877246e+003,1.904800e-002
3.877728e+003,1.897968e-002
3.878210e+003,1.894682e-002
3.878692e+003,1.895814e-002
3.879174e+003,1.902004e-002
3.879656e+003,1.913187e-002
3.880138e+003,1.927417e-002
3.880621e+003,1.941404e-002
3.881103e+003,1.951259e-002
3.881585e+003,1.954832e-002
3.882067e+003,1.952199e-002
3.882549e+003,1.945258e-002
3.883031e+003,1.937248e-002
3.883513e+003,1.931905e-002
3.883995e+003,1.932600e-002
3.884478e+003,1.941095e-002
3.884960e+003,1.955829e-002
3.885442e+003,1.971988e-002
3.885924e+003,1.983228e-002
3.886406e+003,1.985793e-002
3.886888e+003,1.979837e-002
3.887370e+003,1.968171e-002
3.887853e+003,1.954327e-002
3.888334e+003,1.941380e-002
3.888817e+003,1.931572e-002
3.889299e+003,1.926415e-002
3.889781e+003,1.926718e-002
3.890263e+003,1.932564e-002
3.890745e+003,1.943053e-002
3.891227e+003,1.956284e-002
3.891709e+003,1.969794e-002
3.892192e+003,1.981233e-002
3.892674e+003,1.988878e-002
3.893156e+003,1.991983e-002
3.893638e+003,1.990598e-002
3.894120e+003,1.985466e-002
3.894602e+003,1.977851e-002
3.895084e+003,1.969086e-002
3.895566e+003,1.960503e-002
3.896049e+003,1.953223e-002
3.896531e+003,1.947914e-002
3.897013e+003,1.944851e-002
3.897495e+003,1.944059e-002
3.897977e+003,1.945306e-002
3.898459e+003,1.948591e-002
3.898941e+003,1.953811e-002
3.899423e+003,1.960731e-002
3.899906e+003,1.969014e-002
3.900388e+003,1.977808e-002
3.900870e+003,1.986370e-002
3.901352e+003,1.994188e-002
3.901834e+003,2.001342e-002
3.902316e+003,2.008354e-002
3.902798e+003,2.015747e-002
3.903281e+003,2.023338e-002
3.903762e+003,2.030225e-002
3.904245e+003,2.034757e-002
3.904727e+003,2.035623e-002
3.905209e+003,2.032431e-002
3.905691e+003,2.026054e-002
3.906173e+003,2.018105e-002
3.906655e+003,2.010325e-002
3.907137e+003,2.003918e-002
3.907620e+003,1.999632e-002
3.908102e+003,1.997429e-002
3.908584e+003,1.996889e-002
3.909066e+003,1.997502e-002
3.909548e+003,1.998928e-002
3.910030e+003,2.000945e-002
3.910512e+003,2.003472e-002
3.910994e+003,2.006185e-002
3.911477e+003,2.008583e-002
3.911959e+003,2.009880e-002
3.912441e+003,2.009406e-002
3.912923e+003,2.007017e-002
3.913405e+003,2.003236e-002
3.913887e+003,1.999257e-002
3.914369e+003,1.996656e-002
3.914851e+003,1.996731e-002
3.915333e+003,2.000232e-002
3.915816e+003,2.006662e-002
3.916298e+003,2.014512e-002
3.916780e+003,2.021970e-002
3.917262e+003,2.027433e-002
3.917744e+003,2.030507e-002
3.918226e+003,2.031545e-002
3.918708e+003,2.031309e-002
3.919190e+003,2.030324e-002
3.919673e+003,2.028641e-002
3.920155e+003,2.026065e-002
3.920637e+003,2.022633e-002
3.921119e+003,2.018833e-002
3.921601e+003,2.015925e-002
3.922083e+003,2.015331e-002
3.922565e+003,2.018302e-002
3.923048e+003,2.025324e-002
3.923530e+003,2.035387e-002
3.924012e+003,2.046335e-002
3.924494e+003,2.055338e-002
3.924976e+003,2.060343e-002
3.925458e+003,2.060649e-002
3.925940e+003,2.057281e-002
3.926422e+003,2.052069e-002
3.926905e+003,2.046830e-002
3.927387e+003,2.042696e-002
3.927869e+003,2.040206e-002
3.928351e+003,2.039495e-002
3.928833e+003,2.040339e-002
3.929315e+003,2.042750e-002
3.929797e+003,2.046717e-002
3.930279e+003,2.052253e-002
3.930761e+003,2.059148e-002
3.931244e+003,2.066349e-002
3.931726e+003,2.072641e-002
3.932208e+003,2.076602e-002
3.932690e+003,2.077516e-002
3.933172e+003,2.075633e-002
3.933654e+003,2.071917e-002
3.934136e+003,2.067711e-002
3.934618e+003,2.064046e-002
3.935101e+003,2.061487e-002
3.935583e+003,2.060024e-002
3.936065e+003,2.059260e-002
3.936547e+003,2.058668e-002
3.937029e+003,2.057811e-002
3.937511e+003,2.056465e-002
3.937993e+003,2.054590e-002
3.938476e+003,2.052306e-002
3.938958e+003,2.049797e-002
3.939440e+003,2.047352e-002
3.939922e+003,2.045357e-002
3.940404e+003,2.044418e-002
3.940886e+003,2.045197e-002
3.941368e+003,2.048091e-002
3.941850e+003,2.052928e-002
3.942333e+003,2.058745e-002
3.942815e+003,2.063915e-002
3.943297e+003,2.066918e-002
3.943779e+003,2.066907e-002
3.944261e+003,2.064157e-002
3.944743e+003,2.059911e-002
3.945225e+003,2.055612e-002
3.945707e+003,2.052926e-002
3.946189e+003,2.052634e-002
3.946672e+003,2.055095e-002
3.947154e+003,2.059767e-002
3.947636e+003,2.065817e-002
3.948118e+003,2.072186e-002
3.948600e+003,2.078332e-002
3.949082e+003,2.083844e-002
3.949564e+003,2.088616e-002
3.950046e+003,2.092382e-002
3.950529e+003,2.094624e-002
3.951011e+003,2.094840e-002
3.951493e+003,2.092723e-002
3.951975e+003,2.088499e-002
3.952457e+003,2.082907e-002
3.952939e+003,2.077129e-002
3.953421e+003,2.072384e-002
3.953904e+003,2.069455e-002
3.954385e+003,2.068434e-002
3.954868e+003,2.068885e-002
3.955350e+003,2.070145e-002
3.955832e+003,2.071379e-002
3.956314e+003,2.072149e-002
3.956796e+003,2.072296e-002
3.957278e+003,2.071832e-002
3.957760e+003,2.070863e-002
3.958243e+003,2.069323e-002
3.958725e+003,2.067225e-002
3.959207e+003,2.064702e-002
3.959689e+003,2.061966e-002
3.960171e+003,2.059707e-002
3.960653e+003,2.058404e-002
3.961135e+003,2.058283e-002
3.961617e+003,2.059251e-002
3.962100e+003,2.060484e-002
3.962582e+003,2.061147e-002
3.963064e+003,2.060561e-002
3.963546e+003,2.058671e-002
3.964028e+003,2.055958e-002
3.964510e+003,2.053376e-002
3.964992e+003,2.051765e-002
3.965474e+003,2.051615e-002
3.965957e+003,2.052809e-002
3.966439e+003,2.054894e-002
3.966921e+003,2.057059e-002
3.967403e+003,2.058919e-002
3.967885e+003,2.060247e-002
3.968367e+003,2.061255e-002
3.968849e+003,2.062211e-002
3.969332e+003,2.063194e-002
3.969813e+003,2.063964e-002
3.970296e+003,2.064254e-002
3.970778e+003,2.063986e-002
3.971260e+003,2.063264e-002
3.971742e+003,2.062795e-002
3.972224e+003,2.063405e-002
3.972706e+003,2.065707e-002
3.973188e+003,2.069955e-002
3.973671e+003,2.075576e-002
3.974153e+003,2.081546e-002
3.974635e+003,2.086837e-002
3.975117e+003,2.090516e-002
3.975599e+003,2.092157e-002
3.976081e+003,2.091890e-002
3.976563e+003,2.090037e-002
3.977045e+003,2.087009e-002
3.977528e+003,2.083020e-002
3.978010e+003,2.078363e-002
3.978492e+003,2.073479e-002
3.978974e+003,2.068993e-002
3.979456e+003,2.065761e-002
3.979938e+003,2.064556e-002
3.980420e+003,2.065634e-002
3.980902e+003,2.068621e-002
3.981385e+003,2.072502e-002
3.981867e+003,2.076012e-002
3.982349e+003,2.078119e-002
3.982831e+003,2.078531e-002
3.983313e+003,2.077567e-002
3.983795e+003,2.076202e-002
3.984277e+003,2.075398e-002
3.984760e+003,2.075796e-002
3.985242e+003,2.077237e-002
3.985724e+003,2.079065e-002
3.986206e+003,2.080653e-002
3.986688e+003,2.081427e-002
3.987170e+003,2.081384e-002
3.987652e+003,2.080994e-002
3.988134e+003,2.080724e-002
3.988616e+003,2.081016e-002
3.989099e+003,2.081709e-002
3.989581e+003,2.082509e-002
3.990063e+003,2.082868e-002
3.990545e+003,2.082771e-002
3.991027e+003,2.082313e-002
3.991509e+003,2.082097e-002
3.991991e+003,2.082602e-002
3.992473e+003,2.084032e-002
3.992956e+003,2.086132e-002
3.993438e+003,2.088339e-002
3.993920e+003,2.090024e-002
3.994402e+003,2.090852e-002
3.994884e+003,2.090971e-002
3.995366e+003,2.090794e-002
3.995848e+003,2.090845e-002
3.996330e+003,2.091366e-002
3.996813e+003,2.092302e-002
3.997295e+003,2.093197e-002
3.997777e+003,2.093745e-002
3.998259e+003,2.093729e-002
3.998741e+003,2.093419e-002
3.999223e+003,2.093309e-002
3.999705e+003,2.093776e-002
4.000188e+003,2.094887e-002
