3.996813e+002,0.000000e+000
4.001635e+002,1.315057e-002
4.006456e+002,1.329005e-002
4.011277e+002,1.342143e-002
4.016098e+002,1.355099e-002
4.020919e+002,1.367925e-002
4.025741e+002,1.380292e-002
4.030562e+002,1.391856e-002
4.035383e+002,1.402363e-002
4.040204e+002,1.411834e-002
4.045026e+002,1.420368e-002
4.049847e+002,1.428110e-002
4.054668e+002,1.435052e-002
4.059489e+002,1.441186e-002
4.064311e+002,1.446385e-002
4.069132e+002,1.450669e-002
4.073953e+002,1.454057e-002
4.078774e+002,1.456591e-002
4.083596e+002,1.458349e-002
4.088417e+002,1.459409e-002
4.093238e+002,1.460002e-002
4.098059e+002,1.460550e-002
4.102881e+002,1.461604e-002
4.107702e+002,1.463765e-002
4.112523e+002,1.467244e-002
4.117344e+002,1.471983e-002
4.122166e+002,1.477482e-002
4.126987e+002,1.483036e-002
4.131808e+002,1.487892e-002
4.136629e+002,1.491617e-002
4.141451e+002,1.494112e-002
4.146272e+002,1.495883e-002
4.151093e+002,1.497594e-002
4.155914e+002,1.499787e-002
4.160736e+002,1.502709e-002
4.165557e+002,1.506248e-002
4.170378e+002,1.509852e-002
4.175200e+002,1.512752e-002
4.180021e+002,1.514280e-002
4.184842e+002,1.514803e-002
4.189663e+002,1.515896e-002
4.194484e+002,1.519494e-002
4.199306e+002,1.526362e-002
4.204127e+002,1.535812e-002
4.208948e+002,1.546477e-002
4.213770e+002,1.557057e-002
4.218591e+002,1.566607e-002
4.223412e+002,1.574768e-002
4.228233e+002,1.581583e-002
4.233055e+002,1.587494e-002
4.237876e+002,1.592966e-002
4.242697e+002,1.598346e-002
4.247518e+002,1.603718e-002
4.252339e+002,1.608874e-002
4.257161e+002,1.613510e-002
4.261982e+002,1.617593e-002
4.266803e+002,1.621309e-002
4.271624e+002,1.625161e-002
4.276446e+002,1.629709e-002
4.281267e+002,1.635501e-002
4.286088e+002,1.642785e-002
4.290909e+002,1.651557e-002
4.295731e+002,1.661261e-002
4.300552e+002,1.671167e-002
4.305373e+002,1.680297e-002
4.310194e+002,1.687765e-002
4.315016e+002,1.692818e-002
4.319837e+002,1.695145e-002
4.324658e+002,1.694883e-002
4.329479e+002,1.692767e-002
4.334301e+002,1.689985e-002
4.339122e+002,1.687980e-002
4.343943e+002,1.688039e-002
4.348764e+002,1.690989e-002
4.353586e+002,1.696942e-002
4.358407e+002,1.705283e-002
4.363228e+002,1.714706e-002
4.368049e+002,1.723741e-002
4.372870e+002,1.731146e-002
4.377692e+002,1.736470e-002
4.382513e+002,1.739958e-002
4.387334e+002,1.742339e-002
4.392155e+002,1.744488e-002
4.396977e+002,1.747218e-002
4.401798e+002,1.751177e-002
4.406619e+002,1.756744e-002
4.411440e+002,1.764035e-002
4.416262e+002,1.772857e-002
4.421083e+002,1.782656e-002
4.425904e+002,1.792737e-002
4.430725e+002,1.802358e-002
4.435547e+002,1.811017e-002
4.440368e+002,1.818488e-002
4.445189e+002,1.825068e-002
4.450010e+002,1.831392e-002
4.454832e+002,1.838399e-002
4.459653e+002,1.846950e-002
4.464474e+002,1.857627e-002
4.469295e+002,1.870467e-002
4.474117e+002,1.884962e-002
4.478938e+002,1.900124e-002
4.483759e+002,1.914862e-002
4.488580e+002,1.928256e-002
4.493401e+002,1.939935e-002
4.498223e+002,1.949959e-002
4.503044e+002,1.958757e-002
4.507865e+002,1.966834e-002
4.512687e+002,1.974785e-002
4.517508e+002,1.983134e-002
4.522329e+002,1.992435e-002
4.527150e+002,2.003056e-002
4.531971e+002,2.015193e-002
4.536793e+002,2.028637e-002
4.541614e+002,2.043006e-002
4.546435e+002,2.057751e-002
4.551257e+002,2.072395e-002
4.556078e+002,2.086747e-002
4.560899e+002,2.100965e-002
4.565720e+002,2.115555e-002
4.570542e+002,2.131097e-002
4.575363e+002,2.147553e-002
4.580184e+002,2.163788e-002
4.585005e+002,2.177691e-002
4.589827e+002,2.187048e-002
4.594648e+002,2.190385e-002
4.599469e+002,2.187613e-002
4.604290e+002,2.179825e-002
4.609112e+002,2.168936e-002
4.613933e+002,2.156929e-002
4.618754e+002,2.145315e-002
4.623575e+002,2.134737e-002
4.628397e+002,2.125044e-002
4.633218e+002,2.115603e-002
4.638039e+002,2.105943e-002
4.642860e+002,2.096042e-002
4.647682e+002,2.086428e-002
4.652503e+002,2.077743e-002
4.657324e+002,2.070348e-002
4.662145e+002,2.064017e-002
4.666967e+002,2.058064e-002
4.671788e+002,2.051698e-002
4.676609e+002,2.044707e-002
4.681430e+002,2.037768e-002
4.686252e+002,2.032375e-002
4.691073e+002,2.030214e-002
4.695894e+002,2.032419e-002
4.700715e+002,2.039197e-002
4.705536e+002,2.049638e-002
4.710358e+002,2.061945e-002
4.715179e+002,2.073852e-002
4.720000e+002,2.083395e-002
4.724821e+002,2.089746e-002
4.729643e+002,2.093355e-002
4.734464e+002,2.095373e-002
4.739285e+002,2.096752e-002
4.744106e+002,2.097673e-002
4.748928e+002,2.097684e-002
4.753749e+002,2.096276e-002
4.758570e+002,2.093285e-002
4.763391e+002,2.089357e-002
4.768213e+002,2.085735e-002
4.773034e+002,2.083817e-002
4.777855e+002,2.084615e-002
4.782676e+002,2.088422e-002
4.787498e+002,2.094673e-002
4.792319e+002,2.102382e-002
4.797140e+002,2.110616e-002
4.801961e+002,2.118924e-002
4.806783e+002,2.127398e-002
4.811604e+002,2.136389e-002
4.816425e+002,2.146192e-002
4.821246e+002,2.156654e-002
4.826068e+002,2.167090e-002
4.830889e+002,2.176520e-002
4.835710e+002,2.184047e-002
4.840531e+002,2.189342e-002
4.845352e+002,2.192678e-002
4.850174e+002,2.194781e-002
4.854995e+002,2.196406e-002
4.859816e+002,2.198049e-002
4.864637e+002,2.199907e-002
4.869459e+002,2.201991e-002
4.874280e+002,2.204362e-002
4.879101e+002,2.207261e-002
4.883922e+002,2.210955e-002
4.888744e+002,2.215598e-002
4.893565e+002,2.221016e-002
4.898386e+002,2.226711e-002
4.903207e+002,2.231991e-002
4.908029e+002,2.236355e-002
4.912850e+002,2.239748e-002
4.917671e+002,2.242758e-002
4.922492e+002,2.246266e-002
4.927314e+002,2.251045e-002
4.932135e+002,2.257211e-002
4.936956e+002,2.264194e-002
4.941777e+002,2.270919e-002
4.946599e+002,2.276311e-002
4.951420e+002,2.279737e-002
4.956241e+002,2.281299e-002
4.961062e+002,2.281592e-002
4.965884e+002,2.281439e-002
4.970705e+002,2.281344e-002
4.975526e+002,2.281362e-002
4.980347e+002,2.281116e-002
4.985169e+002,2.280184e-002
4.989990e+002,2.278461e-002
4.994811e+002,2.276490e-002
4.999633e+002,2.275333e-002
5.004454e+002,2.276293e-002
5.009275e+002,2.280396e-002
5.014096e+002,2.287925e-002
5.018917e+002,2.298089e-002
5.023739e+002,2.309269e-002
5.028560e+002,2.319670e-002
5.033381e+002,2.328125e-002
5.038203e+002,2.334385e-002
5.043024e+002,2.339011e-002
5.047845e+002,2.342841e-002
5.052666e+002,2.346658e-002
5.057487e+002,2.350860e-002
5.062309e+002,2.355564e-002
5.067130e+002,2.360618e-002
5.071951e+002,2.365887e-002
5.076772e+002,2.371251e-002
5.081594e+002,2.376689e-002
5.086415e+002,2.382086e-002
5.091236e+002,2.387251e-002
5.096057e+002,2.391883e-002
5.100879e+002,2.395777e-002
5.105700e+002,2.398882e-002
5.110521e+002,2.401469e-002
5.115342e+002,2.403985e-002
5.120164e+002,2.406850e-002
5.124985e+002,2.410267e-002
5.129806e+002,2.414128e-002
5.134627e+002,2.418064e-002
5.139448e+002,2.421681e-002
5.144270e+002,2.424772e-002
5.149091e+002,2.427510e-002
5.153912e+002,2.430407e-002
5.158734e+002,2.434119e-002
5.163555e+002,2.439227e-002
5.168376e+002,2.445961e-002
5.173197e+002,2.454194e-002
5.178019e+002,2.463480e-002
5.182840e+002,2.473309e-002
5.187661e+002,2.483353e-002
5.192482e+002,2.493438e-002
5.197303e+002,2.503435e-002
5.202125e+002,2.513151e-002
5.206946e+002,2.522252e-002
5.211767e+002,2.530332e-002
5.216588e+002,2.537190e-002
5.221410e+002,2.542892e-002
5.226231e+002,2.547872e-002
5.231052e+002,2.552705e-002
5.235873e+002,2.557894e-002
5.240695e+002,2.563600e-002
5.245516e+002,2.569610e-002
5.250337e+002,2.575326e-002
5.255159e+002,2.580165e-002
5.259980e+002,2.583828e-002
5.264801e+002,2.586602e-002
5.269622e+002,2.589143e-002
5.274443e+002,2.592177e-002
5.279265e+002,2.596096e-002
5.284086e+002,2.600874e-002
5.288907e+002,2.606083e-002
5.293728e+002,2.611219e-002
5.298550e+002,2.615863e-002
5.303371e+002,2.619913e-002
5.308192e+002,2.623497e-002
5.313013e+002,2.626796e-002
5.317834e+002,2.629877e-002
5.322656e+002,2.632525e-002
5.327477e+002,2.634364e-002
5.332299e+002,2.635051e-002
5.337120e+002,2.634460e-002
5.341941e+002,2.632896e-002
5.346762e+002,2.630888e-002
5.351583e+002,2.629079e-002
5.356404e+002,2.627920e-002
5.361226e+002,2.627564e-002
5.366047e+002,2.627860e-002
5.370868e+002,2.628615e-002
5.375690e+002,2.629630e-002
5.380511e+002,2.630989e-002
5.385332e+002,2.632842e-002
5.390153e+002,2.635359e-002
5.394974e+002,2.638525e-002
5.399796e+002,2.642115e-002
5.404617e+002,2.645757e-002
5.409438e+002,2.649110e-002
5.414260e+002,2.652016e-002
5.419081e+002,2.654603e-002
5.423902e+002,2.657132e-002
5.428723e+002,2.659854e-002
5.433544e+002,2.662805e-002
5.438365e+002,2.665812e-002
5.443187e+002,2.668532e-002
5.448008e+002,2.670711e-002
5.452830e+002,2.672312e-002
5.457651e+002,2.673624e-002
5.462472e+002,2.675090e-002
5.467293e+002,2.677155e-002
5.472114e+002,2.679979e-002
5.476936e+002,2.683461e-002
5.481757e+002,2.687351e-002
5.486578e+002,2.691409e-002
5.491400e+002,2.695571e-002
5.496221e+002,2.699991e-002
5.501042e+002,2.704847e-002
5.505863e+002,2.710104e-002
5.510684e+002,2.715430e-002
5.515505e+002,2.720197e-002
5.520327e+002,2.723712e-002
5.525148e+002,2.725589e-002
5.529969e+002,2.725900e-002
5.534791e+002,2.725260e-002
5.539612e+002,2.724569e-002
5.544433e+002,2.724667e-002
5.549254e+002,2.725971e-002
5.554076e+002,2.728389e-002
5.558896e+002,2.731405e-002
5.563718e+002,2.734410e-002
5.568539e+002,2.736958e-002
5.573361e+002,2.739010e-002
5.578182e+002,2.740811e-002
5.583003e+002,2.742683e-002
5.587825e+002,2.744774e-002
5.592645e+002,2.747001e-002
5.597467e+002,2.749074e-002
5.602288e+002,2.750747e-002
5.607109e+002,2.751971e-002
5.611931e+002,2.753001e-002
5.616752e+002,2.754232e-002
5.621573e+002,2.755936e-002
5.626394e+002,2.758056e-002
5.631216e+002,2.760140e-002
5.636037e+002,2.761543e-002
5.640858e+002,2.761734e-002
5.645679e+002,2.760600e-002
5.650500e+002,2.758646e-002
5.655322e+002,2.756768e-002
5.660143e+002,2.755951e-002
5.664965e+002,2.756914e-002
5.669785e+002,2.759833e-002
5.674607e+002,2.764283e-002
5.679428e+002,2.769514e-002
5.684249e+002,2.774690e-002
5.689070e+002,2.779269e-002
5.693892e+002,2.783054e-002
5.698713e+002,2.786143e-002
5.703534e+002,2.788712e-002
5.708356e+002,2.790895e-002
5.713177e+002,2.792710e-002
5.717998e+002,2.794200e-002
5.722819e+002,2.795507e-002
5.727640e+002,2.796930e-002
5.732462e+002,2.798856e-002
5.737283e+002,2.801553e-002
5.742104e+002,2.805025e-002
5.746925e+002,2.808950e-002
5.751747e+002,2.812694e-002
5.756568e+002,2.815601e-002
5.761389e+002,2.817231e-002
5.766210e+002,2.817572e-002
5.771031e+002,2.816972e-002
5.775853e+002,2.815947e-002
5.780674e+002,2.814931e-002
5.785496e+002,2.814136e-002
5.790317e+002,2.813602e-002
5.795138e+002,2.813302e-002
5.799959e+002,2.813290e-002
5.804780e+002,2.813788e-002
5.809601e+002,2.815011e-002
5.814423e+002,2.817032e-002
5.819244e+002,2.819647e-002
5.824066e+002,2.822379e-002
5.828887e+002,2.824616e-002
5.833708e+002,2.825952e-002
5.838529e+002,2.826337e-002
5.843350e+002,2.826243e-002
5.848171e+002,2.826455e-002
5.852993e+002,2.827803e-002
5.857814e+002,2.830817e-002
5.862635e+002,2.835542e-002
5.867457e+002,2.841472e-002
5.872278e+002,2.847916e-002
5.877099e+002,2.854168e-002
5.881920e+002,2.859787e-002
5.886741e+002,2.864638e-002
5.891563e+002,2.868816e-002
5.896384e+002,2.872375e-002
5.901205e+002,2.875288e-002
5.906027e+002,2.877332e-002
5.910848e+002,2.878307e-002
5.915669e+002,2.878153e-002
5.920490e+002,2.877171e-002
5.925311e+002,2.875937e-002
5.930133e+002,2.875161e-002
5.934954e+002,2.875381e-002
5.939775e+002,2.876842e-002
5.944597e+002,2.879433e-002
5.949418e+002,2.882818e-002
5.954239e+002,2.886558e-002
5.959060e+002,2.890321e-002
5.963882e+002,2.893878e-002
5.968702e+002,2.897165e-002
5.973524e+002,2.900168e-002
5.978345e+002,2.902940e-002
5.983167e+002,2.905530e-002
5.987988e+002,2.908084e-002
5.992809e+002,2.910758e-002
5.997630e+002,2.913746e-002
6.002451e+002,2.917161e-002
6.007273e+002,2.920904e-002
6.012094e+002,2.924647e-002
6.016915e+002,2.927921e-002
6.021736e+002,2.930283e-002
6.026558e+002,2.931531e-002
6.031379e+002,2.931779e-002
6.036200e+002,2.931483e-002
6.041022e+002,2.931259e-002
6.045842e+002,2.931607e-002
6.050664e+002,2.932800e-002
6.055485e+002,2.934726e-002
6.060306e+002,2.937054e-002
6.065128e+002,2.939414e-002
6.069949e+002,2.941553e-002
6.074770e+002,2.943453e-002
6.079591e+002,2.945207e-002
6.084413e+002,2.946887e-002
6.089234e+002,2.948389e-002
6.094055e+002,2.949405e-002
6.098876e+002,2.949563e-002
6.103698e+002,2.948598e-002
6.108519e+002,2.946555e-002
6.113340e+002,2.943877e-002
6.118162e+002,2.941198e-002
6.122983e+002,2.939188e-002
6.127804e+002,2.938245e-002
6.132625e+002,2.938429e-002
6.137446e+002,2.939481e-002
6.142267e+002,2.941020e-002
6.147089e+002,2.942742e-002
6.151910e+002,2.944587e-002
6.156731e+002,2.946701e-002
6.161553e+002,2.949359e-002
6.166374e+002,2.952684e-002
6.171195e+002,2.956643e-002
6.176016e+002,2.960979e-002
6.180837e+002,2.965363e-002
6.185659e+002,2.969535e-002
6.190480e+002,2.973404e-002
6.195302e+002,2.977016e-002
6.200123e+002,2.980496e-002
6.204944e+002,2.983857e-002
6.209765e+002,2.987048e-002
6.214586e+002,2.989896e-002
6.219407e+002,2.992285e-002
6.224229e+002,2.994210e-002
6.229050e+002,2.995821e-002
6.233871e+002,2.997330e-002
6.238693e+002,2.998889e-002
6.243514e+002,3.000463e-002
6.248335e+002,3.001823e-002
6.253156e+002,3.002642e-002
6.257977e+002,3.002709e-002
6.262798e+002,3.002022e-002
6.267620e+002,3.000885e-002
6.272441e+002,2.999752e-002
6.277263e+002,2.999004e-002
6.282084e+002,2.998839e-002
6.286905e+002,2.999107e-002
6.291726e+002,2.999490e-002
6.296547e+002,2.999619e-002
6.301368e+002,2.999296e-002
6.306190e+002,2.998595e-002
6.311011e+002,2.997800e-002
6.315833e+002,2.997310e-002
6.320654e+002,2.997381e-002
6.325475e+002,2.998075e-002
6.330296e+002,2.999235e-002
6.335117e+002,3.000625e-002
6.339939e+002,3.002049e-002
6.344760e+002,3.003491e-002
6.349581e+002,3.005045e-002
6.354402e+002,3.006866e-002
6.359224e+002,3.009005e-002
6.364045e+002,3.011361e-002
6.368866e+002,3.013709e-002
6.373687e+002,3.015822e-002
6.378508e+002,3.017567e-002
6.383330e+002,3.019015e-002
6.388151e+002,3.020330e-002
6.392972e+002,3.021668e-002
6.397794e+002,3.023083e-002
6.402615e+002,3.024441e-002
6.407436e+002,3.025526e-002
6.412257e+002,3.026158e-002
6.417079e+002,3.026348e-002
6.421899e+002,3.026387e-002
6.426721e+002,3.026711e-002
6.431542e+002,3.027784e-002
6.436364e+002,3.029882e-002
6.441185e+002,3.032999e-002
6.446006e+002,3.036850e-002
6.450827e+002,3.041042e-002
6.455648e+002,3.045163e-002
6.460470e+002,3.048995e-002
6.465291e+002,3.052448e-002
6.470112e+002,3.055518e-002
6.474933e+002,3.058168e-002
6.479755e+002,3.060323e-002
6.484576e+002,3.061854e-002
6.489397e+002,3.062734e-002
6.494219e+002,3.063104e-002
6.499040e+002,3.063345e-002
6.503861e+002,3.063925e-002
6.508682e+002,3.065238e-002
6.513503e+002,3.067432e-002
6.518325e+002,3.070348e-002
6.523146e+002,3.073574e-002
6.527968e+002,3.076621e-002
6.532788e+002,3.079065e-002
6.537610e+002,3.080770e-002
6.542431e+002,3.081774e-002
6.547252e+002,3.082255e-002
6.552073e+002,3.082354e-002
6.556895e+002,3.082131e-002
6.561716e+002,3.081536e-002
6.566537e+002,3.080567e-002
6.571359e+002,3.079282e-002
6.576179e+002,3.077976e-002
6.581001e+002,3.076986e-002
6.585822e+002,3.076635e-002
6.590643e+002,3.077096e-002
6.595464e+002,3.078287e-002
6.600286e+002,3.079920e-002
6.605107e+002,3.081682e-002
6.609928e+002,3.083287e-002
6.614750e+002,3.084683e-002
6.619571e+002,3.085954e-002
6.624392e+002,3.087212e-002
6.629213e+002,3.088493e-002
6.634034e+002,3.089672e-002
6.638856e+002,3.090522e-002
6.643677e+002,3.090771e-002
6.648499e+002,3.090204e-002
6.653320e+002,3.088741e-002
6.658141e+002,3.086393e-002
6.662962e+002,3.083222e-002
6.667783e+002,3.079347e-002
6.672605e+002,3.075027e-002
6.677426e+002,3.070730e-002
6.682247e+002,3.067101e-002
6.687068e+002,3.064640e-002
6.691890e+002,3.063398e-002
6.696711e+002,3.063021e-002
6.701532e+002,3.063095e-002
6.706353e+002,3.063264e-002
6.711174e+002,3.063320e-002
6.715996e+002,3.063142e-002
6.720817e+002,3.062704e-002
6.725638e+002,3.062061e-002
6.730460e+002,3.061306e-002
6.735281e+002,3.060505e-002
6.740102e+002,3.059668e-002
6.744923e+002,3.058702e-002
6.749745e+002,3.057490e-002
6.754565e+002,3.055914e-002
6.759387e+002,3.054024e-002
6.764208e+002,3.051967e-002
6.769030e+002,3.050028e-002
6.773851e+002,3.048459e-002
6.778672e+002,3.047395e-002
6.783493e+002,3.046759e-002
6.788314e+002,3.046395e-002
6.793136e+002,3.046087e-002
6.797957e+002,3.045732e-002
6.802778e+002,3.045348e-002
6.807599e+002,3.045105e-002
6.812421e+002,3.045142e-002
6.817242e+002,3.045454e-002
6.822063e+002,3.045857e-002
6.826885e+002,3.046011e-002
6.831705e+002,3.045558e-002
6.836527e+002,3.044285e-002
6.841348e+002,3.042245e-002
6.846169e+002,3.039737e-002
6.850991e+002,3.037202e-002
6.855812e+002,3.035007e-002
6.860634e+002,3.033345e-002
6.865454e+002,3.032193e-002
6.870276e+002,3.031372e-002
6.875096e+002,3.030693e-002
6.879918e+002,3.030080e-002
6.884739e+002,3.029624e-002
6.889561e+002,3.029465e-002
6.894382e+002,3.029768e-002
6.899203e+002,3.030553e-002
6.904025e+002,3.031736e-002
6.908845e+002,3.033142e-002
6.913667e+002,3.034638e-002
6.918488e+002,3.036221e-002
6.923309e+002,3.038038e-002
6.928130e+002,3.040326e-002
6.932952e+002,3.043293e-002
6.937773e+002,3.047040e-002
6.942594e+002,3.051465e-002
6.947416e+002,3.056349e-002
6.952236e+002,3.061401e-002
6.957058e+002,3.066376e-002
6.961879e+002,3.071153e-002
6.966700e+002,3.075676e-002
6.971522e+002,3.079965e-002
6.976343e+002,3.084010e-002
6.981165e+002,3.087752e-002
6.985985e+002,3.091091e-002
6.990807e+002,3.093937e-002
6.995628e+002,3.096214e-002
7.000449e+002,3.097909e-002
7.005270e+002,3.098959e-002
7.010092e+002,3.099275e-002
7.014913e+002,3.098655e-002
7.019734e+002,3.096820e-002
7.024556e+002,3.093568e-002
7.029377e+002,3.088812e-002
7.034198e+002,3.082712e-002
7.039019e+002,3.075623e-002
7.043840e+002,3.068032e-002
7.048662e+002,3.060376e-002
7.053483e+002,3.052945e-002
7.058304e+002,3.045859e-002
7.063125e+002,3.039049e-002
7.067947e+002,3.032405e-002
7.072768e+002,3.025848e-002
7.077589e+002,3.019316e-002
7.082410e+002,3.012769e-002
7.087231e+002,3.006153e-002
7.092053e+002,2.999330e-002
7.096874e+002,2.992214e-002
7.101696e+002,2.984762e-002
7.106517e+002,2.977118e-002
7.111338e+002,2.969564e-002
7.116159e+002,2.962517e-002
7.120980e+002,2.956335e-002
7.125802e+002,2.951244e-002
7.130623e+002,2.947238e-002
7.135444e+002,2.944103e-002
7.140265e+002,2.941484e-002
7.145087e+002,2.939057e-002
7.149908e+002,2.936545e-002
7.154729e+002,2.933801e-002
7.159550e+002,2.930755e-002
7.164371e+002,2.927357e-002
7.169193e+002,2.923563e-002
7.174014e+002,2.919344e-002
7.178835e+002,2.914746e-002
7.183657e+002,2.909901e-002
7.188478e+002,2.905087e-002
7.193299e+002,2.900630e-002
7.198120e+002,2.896752e-002
7.202942e+002,2.893513e-002
7.207762e+002,2.890761e-002
7.212584e+002,2.888194e-002
7.217405e+002,2.885476e-002
7.222227e+002,2.882435e-002
7.227048e+002,2.879035e-002
7.231869e+002,2.875486e-002
7.236691e+002,2.872019e-002
7.241511e+002,2.868869e-002
7.246333e+002,2.866093e-002
7.251154e+002,2.863636e-002
7.255975e+002,2.861310e-002
7.260797e+002,2.858935e-002
7.265618e+002,2.856366e-002
7.270439e+002,2.853544e-002
7.275260e+002,2.850452e-002
7.280082e+002,2.847126e-002
7.284902e+002,2.843583e-002
7.289724e+002,2.839869e-002
7.294545e+002,2.836116e-002
7.299366e+002,2.832537e-002
7.304188e+002,2.829391e-002
7.309009e+002,2.826951e-002
7.313831e+002,2.825351e-002
7.318651e+002,2.824574e-002
7.323473e+002,2.824389e-002
7.328293e+002,2.824517e-002
7.333115e+002,2.824683e-002
7.337936e+002,2.824792e-002
7.342758e+002,2.824899e-002
7.347579e+002,2.825245e-002
7.352400e+002,2.826029e-002
7.357222e+002,2.827329e-002
7.362042e+002,2.829023e-002
7.366864e+002,2.830818e-002
7.371685e+002,2.832326e-002
7.376506e+002,2.833262e-002
7.381328e+002,2.833477e-002
7.386149e+002,2.833073e-002
7.390970e+002,2.832265e-002
7.395791e+002,2.831298e-002
7.400613e+002,2.830349e-002
7.405434e+002,2.829489e-002
7.410255e+002,2.828685e-002
7.415076e+002,2.827907e-002
7.419897e+002,2.827102e-002
7.424719e+002,2.826297e-002
7.429540e+002,2.825494e-002
7.434362e+002,2.824654e-002
7.439182e+002,2.823653e-002
7.444004e+002,2.822342e-002
7.448825e+002,2.820523e-002
7.453646e+002,2.818149e-002
7.458467e+002,2.815259e-002
7.463289e+002,2.812021e-002
7.468110e+002,2.808606e-002
7.472931e+002,2.805153e-002
7.477753e+002,2.801643e-002
7.482574e+002,2.797985e-002
7.487395e+002,2.794018e-002
7.492216e+002,2.789653e-002
7.497037e+002,2.784879e-002
7.501859e+002,2.779820e-002
7.506680e+002,2.774633e-002
7.511501e+002,2.769443e-002
7.516322e+002,2.764292e-002
7.521144e+002,2.759151e-002
7.525965e+002,2.753958e-002
7.530786e+002,2.748709e-002
7.535608e+002,2.743476e-002
7.540428e+002,2.738438e-002
7.545250e+002,2.733728e-002
7.550071e+002,2.729449e-002
7.554893e+002,2.725532e-002
7.559714e+002,2.721811e-002
7.564535e+002,2.718045e-002
7.569356e+002,2.714042e-002
7.574177e+002,2.709723e-002
7.578999e+002,2.705171e-002
7.583820e+002,2.700563e-002
7.588641e+002,2.696127e-002
7.593463e+002,2.692067e-002
7.598284e+002,2.688478e-002
7.603105e+002,2.685395e-002
7.607926e+002,2.682759e-002
7.612748e+002,2.680482e-002
7.617568e+002,2.678457e-002
7.622390e+002,2.676552e-002
7.627211e+002,2.674628e-002
7.632032e+002,2.672538e-002
7.636854e+002,2.670120e-002
7.641675e+002,2.667290e-002
7.646496e+002,2.664017e-002
7.651317e+002,2.660382e-002
7.656139e+002,2.656542e-002
7.660959e+002,2.652700e-002
7.665781e+002,2.649012e-002
7.670602e+002,2.645597e-002
7.675424e+002,2.642468e-002
7.680245e+002,2.639554e-002
7.685066e+002,2.636769e-002
7.689888e+002,2.633954e-002
7.694708e+002,2.630999e-002
7.699530e+002,2.627854e-002
7.704351e+002,2.624492e-002
7.709172e+002,2.620999e-002
7.713994e+002,2.617539e-002
7.718815e+002,2.614269e-002
7.723636e+002,2.611440e-002
7.728457e+002,2.609153e-002
7.733279e+002,2.607447e-002
7.738099e+002,2.606163e-002
7.742921e+002,2.605072e-002
7.747742e+002,2.603882e-002
7.752563e+002,2.602352e-002
7.757385e+002,2.600378e-002
7.762206e+002,2.597980e-002
7.767028e+002,2.595341e-002
7.771848e+002,2.592644e-002
7.776670e+002,2.590088e-002
7.781491e+002,2.587721e-002
7.786312e+002,2.585489e-002
7.791133e+002,2.583272e-002
7.795955e+002,2.580946e-002
7.800776e+002,2.578452e-002
7.805597e+002,2.575804e-002
7.810419e+002,2.573171e-002
7.815239e+002,2.570745e-002
7.820061e+002,2.568737e-002
7.824882e+002,2.567373e-002
7.829703e+002,2.566800e-002
7.834525e+002,2.567121e-002
7.839346e+002,2.568346e-002
7.844167e+002,2.570341e-002
7.848988e+002,2.572936e-002
7.853810e+002,2.575820e-002
7.858631e+002,2.578730e-002
7.863452e+002,2.581355e-002
7.868273e+002,2.583553e-002
7.873094e+002,2.585305e-002
7.877916e+002,2.586705e-002
7.882737e+002,2.587896e-002
7.887559e+002,2.589068e-002
7.892380e+002,2.590297e-002
7.897201e+002,2.591638e-002
7.902022e+002,2.593030e-002
7.906843e+002,2.594460e-002
7.911665e+002,2.595932e-002
7.916486e+002,2.597528e-002
7.921307e+002,2.599388e-002
7.926128e+002,2.601658e-002
7.930950e+002,2.604425e-002
7.935771e+002,2.607667e-002
7.940592e+002,2.611258e-002
7.945413e+002,2.615007e-002
7.950234e+002,2.618737e-002
7.955056e+002,2.622361e-002
7.959877e+002,2.625916e-002
7.964698e+002,2.629608e-002
7.969520e+002,2.633716e-002
7.974341e+002,2.638525e-002
7.979162e+002,2.644244e-002
7.983983e+002,2.650913e-002
7.988805e+002,2.658443e-002
7.993625e+002,2.666642e-002
7.998447e+002,2.675334e-002
8.003268e+002,2.684460e-002
8.008090e+002,2.694208e-002
8.012911e+002,2.705033e-002
8.017732e+002,2.717640e-002
8.022553e+002,2.732811e-002
8.027374e+002,2.751340e-002
8.032196e+002,2.773802e-002
8.037017e+002,2.800445e-002
8.041838e+002,2.831174e-002
8.046660e+002,2.865480e-002
8.051481e+002,2.902563e-002
8.056302e+002,2.941269e-002
8.061123e+002,2.980088e-002
8.065945e+002,3.017216e-002
8.070765e+002,3.050618e-002
8.075587e+002,3.078178e-002
8.080408e+002,3.098031e-002
8.085229e+002,3.108747e-002
8.090051e+002,3.109500e-002
8.094872e+002,3.100079e-002
8.099694e+002,3.080906e-002
8.104514e+002,3.052890e-002
8.109336e+002,3.017393e-002
8.114156e+002,2.976135e-002
8.118978e+002,2.931039e-002
8.123799e+002,2.884028e-002
8.128621e+002,2.836976e-002
8.133442e+002,2.791527e-002
8.138263e+002,2.749041e-002
8.143085e+002,2.710593e-002
8.147905e+002,2.676954e-002
8.152727e+002,2.648495e-002
8.157548e+002,2.625211e-002
8.162369e+002,2.606686e-002
8.167191e+002,2.592286e-002
8.172012e+002,2.581179e-002
8.176833e+002,2.572532e-002
8.181654e+002,2.565542e-002
8.186476e+002,2.559520e-002
8.191296e+002,2.553894e-002
8.196118e+002,2.548290e-002
8.200939e+002,2.542610e-002
8.205760e+002,2.537030e-002
8.210582e+002,2.531992e-002
8.215403e+002,2.528102e-002
8.220225e+002,2.525870e-002
8.225045e+002,2.525543e-002
8.229867e+002,2.526980e-002
8.234688e+002,2.529634e-002
8.239509e+002,2.532821e-002
8.244330e+002,2.535901e-002
8.249152e+002,2.538589e-002
8.253973e+002,2.540954e-002
8.258794e+002,2.543399e-002
8.263616e+002,2.546362e-002
8.268437e+002,2.550139e-002
8.273258e+002,2.554745e-002
8.278079e+002,2.559939e-002
8.282900e+002,2.565430e-002
8.287722e+002,2.571008e-002
8.292543e+002,2.576762e-002
8.297365e+002,2.582944e-002
8.302185e+002,2.589954e-002
8.307007e+002,2.598042e-002
8.311828e+002,2.607344e-002
8.316649e+002,2.617882e-002
8.321470e+002,2.629717e-002
8.326292e+002,2.643126e-002
8.331113e+002,2.658683e-002
8.335934e+002,2.677225e-002
8.340756e+002,2.699880e-002
8.345577e+002,2.728071e-002
8.350398e+002,2.763713e-002
8.355219e+002,2.809487e-002
8.360040e+002,2.868897e-002
8.364862e+002,2.945945e-002
8.369683e+002,3.044187e-002
8.374504e+002,3.165162e-002
8.379325e+002,3.306707e-002
8.384147e+002,3.461633e-002
8.388968e+002,3.617661e-002
8.393789e+002,3.758697e-002
8.398610e+002,3.867555e-002
8.403431e+002,3.929270e-002
8.408253e+002,3.934260e-002
8.413074e+002,3.880665e-002
8.417896e+002,3.774830e-002
8.422717e+002,3.630053e-002
8.427538e+002,3.463443e-002
8.432359e+002,3.292208e-002
8.437180e+002,3.130324e-002
8.442002e+002,2.986790e-002
8.446823e+002,2.865514e-002
8.451644e+002,2.766397e-002
8.456465e+002,2.686933e-002
8.461287e+002,2.623679e-002
8.466108e+002,2.573337e-002
8.470929e+002,2.533101e-002
8.475751e+002,2.500805e-002
8.480571e+002,2.474617e-002
8.485393e+002,2.453034e-002
8.490214e+002,2.434770e-002
8.495035e+002,2.418782e-002
8.499857e+002,2.404353e-002
8.504678e+002,2.391054e-002
8.509499e+002,2.378665e-002
8.514320e+002,2.367003e-002
8.519142e+002,2.355982e-002
8.523962e+002,2.345407e-002
8.528784e+002,2.335189e-002
8.533605e+002,2.325305e-002
8.538427e+002,2.315791e-002
8.543248e+002,2.306765e-002
8.548069e+002,2.298296e-002
8.552891e+002,2.290365e-002
8.557711e+002,2.282923e-002
8.562533e+002,2.275879e-002
8.567354e+002,2.269178e-002
8.572175e+002,2.262827e-002
8.576996e+002,2.256850e-002
8.581818e+002,2.251194e-002
8.586639e+002,2.245714e-002
8.591460e+002,2.240173e-002
8.596282e+002,2.234308e-002
8.601102e+002,2.228007e-002
8.605924e+002,2.221320e-002
8.610745e+002,2.214533e-002
8.615566e+002,2.208002e-002
8.620388e+002,2.202075e-002
8.625209e+002,2.196988e-002
8.630031e+002,2.192779e-002
8.634851e+002,2.189345e-002
8.639673e+002,2.186605e-002
8.644494e+002,2.184467e-002
8.649315e+002,2.182916e-002
8.654136e+002,2.181843e-002
8.658958e+002,2.181095e-002
8.663779e+002,2.180329e-002
8.668600e+002,2.179132e-002
8.673422e+002,2.177168e-002
8.678242e+002,2.174326e-002
8.683064e+002,2.170795e-002
8.687885e+002,2.167058e-002
8.692706e+002,2.163691e-002
8.697527e+002,2.161183e-002
8.702349e+002,2.159762e-002
8.707170e+002,2.159334e-002
8.711991e+002,2.159591e-002
8.716813e+002,2.160168e-002
8.721634e+002,2.160800e-002
8.726455e+002,2.161413e-002
8.731276e+002,2.162038e-002
8.736097e+002,2.162803e-002
8.740919e+002,2.163723e-002
8.745740e+002,2.164683e-002
8.750562e+002,2.165487e-002
8.755382e+002,2.165881e-002
8.760204e+002,2.165682e-002
8.765025e+002,2.164854e-002
8.769846e+002,2.163443e-002
8.774668e+002,2.161607e-002
8.779489e+002,2.159519e-002
8.784310e+002,2.157367e-002
8.789131e+002,2.155312e-002
8.793953e+002,2.153520e-002
8.798774e+002,2.152159e-002
8.803595e+002,2.151347e-002
8.808416e+002,2.151080e-002
8.813237e+002,2.151263e-002
8.818059e+002,2.151708e-002
8.822880e+002,2.152238e-002
8.827701e+002,2.152804e-002
8.832523e+002,2.153478e-002
8.837344e+002,2.154459e-002
8.842165e+002,2.155978e-002
8.846986e+002,2.158103e-002
8.851808e+002,2.160712e-002
8.856628e+002,2.163469e-002
8.861450e+002,2.165998e-002
8.866271e+002,2.168053e-002
8.871093e+002,2.169698e-002
8.875914e+002,2.171291e-002
8.880735e+002,2.173411e-002
8.885556e+002,2.176656e-002
8.890377e+002,2.181418e-002
8.895199e+002,2.187778e-002
8.900020e+002,2.195599e-002
8.904841e+002,2.204625e-002
8.909662e+002,2.214752e-002
8.914484e+002,2.226129e-002
8.919305e+002,2.239258e-002
8.924126e+002,2.254838e-002
8.928948e+002,2.273659e-002
8.933768e+002,2.296394e-002
8.938590e+002,2.323496e-002
8.943411e+002,2.355121e-002
8.948232e+002,2.391003e-002
8.953054e+002,2.430463e-002
8.957875e+002,2.472305e-002
8.962697e+002,2.514831e-002
8.967517e+002,2.555938e-002
8.972339e+002,2.593243e-002
8.977159e+002,2.624382e-002
8.981981e+002,2.647247e-002
8.986802e+002,2.660167e-002
8.991624e+002,2.662165e-002
8.996445e+002,2.653006e-002
9.001266e+002,2.633254e-002
9.006088e+002,2.604181e-002
9.010908e+002,2.567553e-002
9.015730e+002,2.525496e-002
9.020551e+002,2.480253e-002
9.025372e+002,2.434041e-002
9.030193e+002,2.388979e-002
9.035015e+002,2.346826e-002
9.039836e+002,2.308938e-002
9.044657e+002,2.276064e-002
9.049479e+002,2.248294e-002
9.054299e+002,2.225258e-002
9.059121e+002,2.206288e-002
9.063942e+002,2.190732e-002
9.068763e+002,2.178024e-002
9.073585e+002,2.167836e-002
9.078406e+002,2.159852e-002
9.083228e+002,2.153790e-002
9.088048e+002,2.149193e-002
9.092870e+002,2.145546e-002
9.097691e+002,2.142338e-002
9.102512e+002,2.139255e-002
9.107333e+002,2.136225e-002
9.112155e+002,2.133347e-002
9.116976e+002,2.130934e-002
9.121797e+002,2.129222e-002
9.126619e+002,2.128347e-002
9.131440e+002,2.128319e-002
9.136261e+002,2.129011e-002
9.141082e+002,2.130282e-002
9.145903e+002,2.132004e-002
9.150724e+002,2.134075e-002
9.155546e+002,2.136400e-002
9.160367e+002,2.138834e-002
9.165189e+002,2.141206e-002
9.170010e+002,2.143298e-002
9.174831e+002,2.144993e-002
9.179652e+002,2.146268e-002
9.184473e+002,2.147253e-002
9.189294e+002,2.148126e-002
9.194116e+002,2.149064e-002
9.198937e+002,2.150200e-002
9.203759e+002,2.151585e-002
9.208580e+002,2.153185e-002
9.213401e+002,2.155047e-002
9.218222e+002,2.157191e-002
9.223043e+002,2.159679e-002
9.227864e+002,2.162490e-002
9.232686e+002,2.165454e-002
9.237507e+002,2.168264e-002
9.242328e+002,2.170499e-002
9.247150e+002,2.171815e-002
9.251971e+002,2.172073e-002
9.256792e+002,2.171431e-002
9.261613e+002,2.170327e-002
9.266434e+002,2.169318e-002
9.271255e+002,2.168920e-002
9.276077e+002,2.169441e-002
9.280898e+002,2.170884e-002
9.285720e+002,2.173047e-002
9.290541e+002,2.175654e-002
9.295362e+002,2.178476e-002
9.300183e+002,2.181434e-002
9.305004e+002,2.184534e-002
9.309826e+002,2.187867e-002
9.314647e+002,2.191460e-002
9.319468e+002,2.195303e-002
9.324290e+002,2.199339e-002
9.329111e+002,2.203606e-002
9.333932e+002,2.208265e-002
9.338753e+002,2.213614e-002
9.343574e+002,2.220005e-002
9.348396e+002,2.227779e-002
9.353217e+002,2.237088e-002
9.358038e+002,2.247894e-002
9.362859e+002,2.259948e-002
9.367681e+002,2.272842e-002
9.372502e+002,2.286059e-002
9.377323e+002,2.298934e-002
9.382144e+002,2.310734e-002
9.386966e+002,2.320649e-002
9.391787e+002,2.327916e-002
9.396608e+002,2.331906e-002
9.401429e+002,2.332344e-002
9.406251e+002,2.329372e-002
9.411072e+002,2.323549e-002
9.415893e+002,2.315761e-002
9.420714e+002,2.306968e-002
9.425536e+002,2.298072e-002
9.430357e+002,2.289667e-002
9.435178e+002,2.282052e-002
9.439999e+002,2.275276e-002
9.444821e+002,2.269338e-002
9.449642e+002,2.264250e-002
9.454463e+002,2.260106e-002
9.459284e+002,2.257026e-002
9.464106e+002,2.255066e-002
9.468927e+002,2.254110e-002
9.473748e+002,2.253915e-002
9.478569e+002,2.254223e-002
9.483391e+002,2.254871e-002
9.488212e+002,2.255898e-002
9.493033e+002,2.257523e-002
9.497855e+002,2.260009e-002
9.502676e+002,2.263544e-002
9.507497e+002,2.268114e-002
9.512318e+002,2.273433e-002
9.517139e+002,2.279140e-002
9.521960e+002,2.284876e-002
9.526782e+002,2.290514e-002
9.531603e+002,2.296112e-002
9.536425e+002,2.301953e-002
9.541246e+002,2.308368e-002
9.546067e+002,2.315644e-002
9.550888e+002,2.323932e-002
9.555709e+002,2.333300e-002
9.560530e+002,2.343781e-002
9.565352e+002,2.355440e-002
9.570173e+002,2.368382e-002
9.574995e+002,2.382709e-002
9.579816e+002,2.398436e-002
9.584637e+002,2.415485e-002
9.589458e+002,2.433678e-002
9.594279e+002,2.452869e-002
9.599100e+002,2.473020e-002
9.603922e+002,2.494284e-002
9.608743e+002,2.516971e-002
9.613564e+002,2.541491e-002
9.618386e+002,2.568250e-002
9.623207e+002,2.597626e-002
9.628028e+002,2.629986e-002
9.632849e+002,2.665769e-002
9.637670e+002,2.705591e-002
9.642491e+002,2.750289e-002
9.647313e+002,2.800981e-002
9.652134e+002,2.858929e-002
9.656956e+002,2.925635e-002
9.661777e+002,3.002761e-002
9.666598e+002,3.092167e-002
9.671419e+002,3.195800e-002
9.676240e+002,3.315420e-002
9.681061e+002,3.452080e-002
9.685883e+002,3.605380e-002
9.690704e+002,3.772778e-002
9.695526e+002,3.949125e-002
9.700347e+002,4.126709e-002
9.705168e+002,4.295912e-002
9.709989e+002,4.446247e-002
9.714810e+002,4.567734e-002
9.719631e+002,4.652317e-002
9.724453e+002,4.694980e-002
9.729274e+002,4.694542e-002
9.734095e+002,4.653772e-002
9.738917e+002,4.578735e-002
9.743738e+002,4.477600e-002
9.748559e+002,4.359017e-002
9.753380e+002,4.230985e-002
9.758201e+002,4.099965e-002
9.763023e+002,3.970756e-002
9.767844e+002,3.846588e-002
9.772665e+002,3.729559e-002
9.777487e+002,3.620904e-002
9.782308e+002,3.521255e-002
9.787129e+002,3.430779e-002
9.791950e+002,3.349312e-002
9.796771e+002,3.276452e-002
9.801593e+002,3.211698e-002
9.806414e+002,3.154468e-002
9.811235e+002,3.104168e-002
9.816057e+002,3.060192e-002
9.820878e+002,3.021857e-002
9.825699e+002,2.988467e-002
9.830520e+002,2.959355e-002
9.835342e+002,2.933965e-002
9.840163e+002,2.911886e-002
9.844984e+002,2.892914e-002
9.849805e+002,2.876968e-002
9.854626e+002,2.864056e-002
9.859448e+002,2.854250e-002
9.864269e+002,2.847607e-002
9.869090e+002,2.844246e-002
9.873912e+002,2.844370e-002
9.878733e+002,2.848316e-002
9.883554e+002,2.856563e-002
9.888375e+002,2.869696e-002
9.893196e+002,2.888359e-002
9.898018e+002,2.913274e-002
9.902839e+002,2.945231e-002
9.907660e+002,2.985152e-002
9.912482e+002,3.034085e-002
9.917303e+002,3.093189e-002
9.922124e+002,3.163644e-002
9.926945e+002,3.246317e-002
9.931766e+002,3.341522e-002
9.936588e+002,3.448609e-002
9.941409e+002,3.565537e-002
9.946230e+002,3.688561e-002
9.951052e+002,3.812013e-002
9.955873e+002,3.928545e-002
9.960694e+002,4.029631e-002
9.965515e+002,4.106737e-002
9.970336e+002,4.152534e-002
9.975157e+002,4.162105e-002
9.979979e+002,4.133761e-002
9.984800e+002,4.069215e-002
9.989622e+002,3.973300e-002
9.994443e+002,3.853180e-002
9.999264e+002,3.717405e-002
1.000409e+003,3.574745e-002
1.000891e+003,3.433142e-002
1.001373e+003,3.298873e-002
1.001855e+003,3.176152e-002
1.002337e+003,3.067193e-002
1.002819e+003,2.972597e-002
1.003301e+003,2.891862e-002
1.003783e+003,2.823844e-002
1.004266e+003,2.767090e-002
1.004748e+003,2.719990e-002
1.005230e+003,2.680944e-002
1.005712e+003,2.648440e-002
1.006194e+003,2.621188e-002
1.006676e+003,2.598215e-002
1.007158e+003,2.578814e-002
1.007640e+003,2.562568e-002
1.008122e+003,2.549130e-002
1.008605e+003,2.538193e-002
1.009087e+003,2.529367e-002
1.009569e+003,2.522224e-002
1.010051e+003,2.516407e-002
1.010533e+003,2.511651e-002
1.011015e+003,2.507862e-002
1.011497e+003,2.505013e-002
1.011979e+003,2.503069e-002
1.012462e+003,2.501889e-002
1.012944e+003,2.501219e-002
1.013426e+003,2.500735e-002
1.013908e+003,2.500186e-002
1.014390e+003,2.499497e-002
1.014872e+003,2.498781e-002
1.015354e+003,2.498344e-002
1.015836e+003,2.498483e-002
1.016319e+003,2.499419e-002
1.016801e+003,2.501212e-002
1.017283e+003,2.503739e-002
1.017765e+003,2.506831e-002
1.018247e+003,2.510307e-002
1.018729e+003,2.514029e-002
1.019211e+003,2.517939e-002
1.019693e+003,2.522016e-002
1.020176e+003,2.526193e-002
1.020658e+003,2.530387e-002
1.021140e+003,2.534552e-002
1.021622e+003,2.538753e-002
1.022104e+003,2.543117e-002
1.022586e+003,2.547866e-002
1.023068e+003,2.553221e-002
1.023550e+003,2.559270e-002
1.024033e+003,2.565914e-002
1.024515e+003,2.572923e-002
1.024997e+003,2.579971e-002
1.025479e+003,2.586856e-002
1.025961e+003,2.593488e-002
1.026443e+003,2.599973e-002
1.026925e+003,2.606500e-002
1.027407e+003,2.613228e-002
1.027890e+003,2.620211e-002
1.028372e+003,2.627366e-002
1.028854e+003,2.634546e-002
1.029336e+003,2.641642e-002
1.029818e+003,2.648657e-002
1.030300e+003,2.655721e-002
1.030782e+003,2.663042e-002
1.031264e+003,2.670754e-002
1.031747e+003,2.678891e-002
1.032229e+003,2.687329e-002
1.032711e+003,2.695855e-002
1.033193e+003,2.704316e-002
1.033675e+003,2.712668e-002
1.034157e+003,2.721007e-002
1.034639e+003,2.729480e-002
1.035121e+003,2.738188e-002
1.035604e+003,2.747122e-002
1.036086e+003,2.756086e-002
1.036568e+003,2.764885e-002
1.037050e+003,2.773376e-002
1.037532e+003,2.781613e-002
1.038014e+003,2.789922e-002
1.038496e+003,2.798826e-002
1.038979e+003,2.808888e-002
1.039461e+003,2.820577e-002
1.039943e+003,2.834138e-002
1.040425e+003,2.849505e-002
1.040907e+003,2.866392e-002
1.041389e+003,2.884289e-002
1.041871e+003,2.902571e-002
1.042353e+003,2.920559e-002
1.042835e+003,2.937524e-002
1.043318e+003,2.952794e-002
1.043800e+003,2.965748e-002
1.044282e+003,2.975973e-002
1.044764e+003,2.983239e-002
1.045246e+003,2.987605e-002
1.045728e+003,2.989361e-002
1.046210e+003,2.988981e-002
1.046692e+003,2.987028e-002
1.047175e+003,2.984061e-002
1.047657e+003,2.980628e-002
1.048139e+003,2.977195e-002
1.048621e+003,2.974224e-002
1.049103e+003,2.972114e-002
1.049585e+003,2.971268e-002
1.050067e+003,2.971957e-002
1.050549e+003,2.974261e-002
1.051031e+003,2.978054e-002
1.051514e+003,2.982979e-002
1.051996e+003,2.988596e-002
1.052478e+003,2.994493e-002
1.052960e+003,3.000417e-002
1.053442e+003,3.006305e-002
1.053924e+003,3.012287e-002
1.054406e+003,3.018542e-002
1.054889e+003,3.025277e-002
1.055371e+003,3.032562e-002
1.055853e+003,3.040398e-002
1.056335e+003,3.048677e-002
1.056817e+003,3.057302e-002
1.057299e+003,3.066195e-002
1.057781e+003,3.075289e-002
1.058263e+003,3.084606e-002
1.058746e+003,3.094131e-002
1.059228e+003,3.103882e-002
1.059710e+003,3.113849e-002
1.060192e+003,3.124053e-002
1.060674e+003,3.134518e-002
1.061156e+003,3.145228e-002
1.061638e+003,3.156137e-002
1.062120e+003,3.167200e-002
1.062603e+003,3.178353e-002
1.063085e+003,3.189532e-002
1.063567e+003,3.200820e-002
1.064049e+003,3.212353e-002
1.064531e+003,3.224355e-002
1.065013e+003,3.237002e-002
1.065495e+003,3.250369e-002
1.065977e+003,3.264334e-002
1.066460e+003,3.278613e-002
1.066942e+003,3.292817e-002
1.067424e+003,3.306656e-002
1.067906e+003,3.319949e-002
1.068388e+003,3.332786e-002
1.068870e+003,3.345387e-002
1.069352e+003,3.358070e-002
1.069834e+003,3.371090e-002
1.070317e+003,3.384565e-002
1.070799e+003,3.398463e-002
1.071281e+003,3.412649e-002
1.071763e+003,3.427000e-002
1.072245e+003,3.441439e-002
1.072727e+003,3.455992e-002
1.073209e+003,3.470702e-002
1.073691e+003,3.485608e-002
1.074174e+003,3.500677e-002
1.074656e+003,3.515769e-002
1.075138e+003,3.530686e-002
1.075620e+003,3.545231e-002
1.076102e+003,3.559243e-002
1.076584e+003,3.572645e-002
1.077066e+003,3.585456e-002
1.077548e+003,3.597720e-002
1.078031e+003,3.609507e-002
1.078513e+003,3.620880e-002
1.078995e+003,3.631874e-002
1.079477e+003,3.642488e-002
1.079959e+003,3.652712e-002
1.080441e+003,3.662494e-002
1.080923e+003,3.671792e-002
1.081406e+003,3.680485e-002
1.081888e+003,3.688486e-002
1.082370e+003,3.695716e-002
1.082852e+003,3.702137e-002
1.083334e+003,3.707781e-002
1.083816e+003,3.712772e-002
1.084298e+003,3.717258e-002
1.084780e+003,3.721436e-002
1.085262e+003,3.725440e-002
1.085745e+003,3.729385e-002
1.086227e+003,3.733311e-002
1.086709e+003,3.737233e-002
1.087191e+003,3.741199e-002
1.087673e+003,3.745278e-002
1.088155e+003,3.749576e-002
1.088637e+003,3.754196e-002
1.089119e+003,3.759215e-002
1.089602e+003,3.764622e-002
1.090084e+003,3.770300e-002
1.090566e+003,3.776116e-002
1.091048e+003,3.781880e-002
1.091530e+003,3.787519e-002
1.092012e+003,3.792998e-002
1.092494e+003,3.798413e-002
1.092976e+003,3.803924e-002
1.093458e+003,3.809699e-002
1.093941e+003,3.815876e-002
1.094423e+003,3.822588e-002
1.094905e+003,3.829898e-002
1.095387e+003,3.837879e-002
1.095869e+003,3.846611e-002
1.096351e+003,3.856185e-002
1.096833e+003,3.866670e-002
1.097316e+003,3.878083e-002
1.097798e+003,3.890355e-002
1.098280e+003,3.903274e-002
1.098762e+003,3.916558e-002
1.099244e+003,3.929760e-002
1.099726e+003,3.942360e-002
1.100208e+003,3.953774e-002
1.100690e+003,3.963364e-002
1.101173e+003,3.970511e-002
1.101655e+003,3.974641e-002
1.102137e+003,3.975265e-002
1.102619e+003,3.972022e-002
1.103101e+003,3.964761e-002
1.103583e+003,3.953617e-002
1.104065e+003,3.938999e-002
1.104547e+003,3.921565e-002
1.105030e+003,3.902180e-002
1.105512e+003,3.881669e-002
1.105994e+003,3.860771e-002
1.106476e+003,3.840015e-002
1.106958e+003,3.819712e-002
1.107440e+003,3.800042e-002
1.107922e+003,3.781122e-002
1.108404e+003,3.763065e-002
1.108886e+003,3.746069e-002
1.109369e+003,3.730358e-002
1.109851e+003,3.716172e-002
1.110333e+003,3.703673e-002
1.110815e+003,3.692930e-002
1.111297e+003,3.683865e-002
1.111779e+003,3.676260e-002
1.112261e+003,3.669758e-002
1.112744e+003,3.663931e-002
1.113226e+003,3.658371e-002
1.113708e+003,3.652737e-002
1.114190e+003,3.646842e-002
1.114672e+003,3.640674e-002
1.115154e+003,3.634369e-002
1.115636e+003,3.628140e-002
1.116118e+003,3.622239e-002
1.116601e+003,3.616787e-002
1.117083e+003,3.611845e-002
1.117565e+003,3.607393e-002
1.118047e+003,3.603351e-002
1.118529e+003,3.599656e-002
1.119011e+003,3.596297e-002
1.119493e+003,3.593269e-002
1.119975e+003,3.590614e-002
1.120458e+003,3.588330e-002
1.120940e+003,3.586408e-002
1.121422e+003,3.584763e-002
1.121904e+003,3.583302e-002
1.122386e+003,3.581901e-002
1.122868e+003,3.580404e-002
1.123350e+003,3.578689e-002
1.123832e+003,3.576603e-002
1.124314e+003,3.574052e-002
1.124797e+003,3.570974e-002
1.125279e+003,3.567402e-002
1.125761e+003,3.563493e-002
1.126243e+003,3.559457e-002
1.126725e+003,3.555541e-002
1.127207e+003,3.551958e-002
1.127689e+003,3.548749e-002
1.128172e+003,3.545865e-002
1.128654e+003,3.543091e-002
1.129136e+003,3.540193e-002
1.129618e+003,3.537010e-002
1.130100e+003,3.533469e-002
1.130582e+003,3.529626e-002
1.131064e+003,3.525619e-002
1.131546e+003,3.521623e-002
1.132029e+003,3.517749e-002
1.132511e+003,3.514056e-002
1.132993e+003,3.510612e-002
1.133475e+003,3.507477e-002
1.133957e+003,3.504797e-002
1.134439e+003,3.502824e-002
1.134921e+003,3.501777e-002
1.135403e+003,3.501851e-002
1.135885e+003,3.503169e-002
1.136368e+003,3.505702e-002
1.136850e+003,3.509361e-002
1.137332e+003,3.514114e-002
1.137814e+003,3.519907e-002
1.138296e+003,3.526770e-002
1.138778e+003,3.534784e-002
1.139260e+003,3.543988e-002
1.139742e+003,3.554406e-002
1.140225e+003,3.565921e-002
1.140707e+003,3.578503e-002
1.141189e+003,3.592093e-002
1.141671e+003,3.606728e-002
1.142153e+003,3.622531e-002
1.142635e+003,3.639612e-002
1.143117e+003,3.658091e-002
1.143599e+003,3.678025e-002
1.144082e+003,3.699406e-002
1.144564e+003,3.722214e-002
1.145046e+003,3.746445e-002
1.145528e+003,3.772211e-002
1.146010e+003,3.799567e-002
1.146492e+003,3.828648e-002
1.146974e+003,3.859472e-002
1.147457e+003,3.891933e-002
1.147939e+003,3.925848e-002
1.148421e+003,3.960811e-002
1.148903e+003,3.996257e-002
1.149385e+003,4.031493e-002
1.149867e+003,4.065722e-002
1.150349e+003,4.098091e-002
1.150831e+003,4.127818e-002
1.151313e+003,4.154401e-002
1.151796e+003,4.177523e-002
1.152278e+003,4.197334e-002
1.152760e+003,4.214257e-002
1.153242e+003,4.228919e-002
1.153724e+003,4.242053e-002
1.154206e+003,4.254394e-002
1.154688e+003,4.266586e-002
1.155170e+003,4.279127e-002
1.155653e+003,4.292408e-002
1.156135e+003,4.306724e-002
1.156617e+003,4.322258e-002
1.157099e+003,4.339193e-002
1.157581e+003,4.357699e-002
1.158063e+003,4.378001e-002
1.158545e+003,4.400411e-002
1.159027e+003,4.425362e-002
1.159510e+003,4.453333e-002
1.159992e+003,4.484829e-002
1.160474e+003,4.520279e-002
1.160956e+003,4.559952e-002
1.161438e+003,4.603887e-002
1.161920e+003,4.651920e-002
1.162402e+003,4.703692e-002
1.162885e+003,4.758635e-002
1.163367e+003,4.816044e-002
1.163849e+003,4.874850e-002
1.164331e+003,4.933478e-002
1.164813e+003,4.989610e-002
1.165295e+003,5.040155e-002
1.165777e+003,5.081330e-002
1.166259e+003,5.109075e-002
1.166741e+003,5.119565e-002
1.167224e+003,5.109745e-002
1.167706e+003,5.077767e-002
1.168188e+003,5.023231e-002
1.168670e+003,4.947266e-002
1.169152e+003,4.852421e-002
1.169634e+003,4.742528e-002
1.170116e+003,4.622264e-002
1.170598e+003,4.496621e-002
1.171081e+003,4.370342e-002
1.171563e+003,4.247374e-002
1.172045e+003,4.130684e-002
1.172527e+003,4.022151e-002
1.173009e+003,3.922820e-002
1.173491e+003,3.832978e-002
1.173973e+003,3.752515e-002
1.174455e+003,3.680867e-002
1.174938e+003,3.617310e-002
1.175420e+003,3.560965e-002
1.175902e+003,3.510995e-002
1.176384e+003,3.466694e-002
1.176866e+003,3.427493e-002
1.177348e+003,3.392958e-002
1.177830e+003,3.362725e-002
1.178313e+003,3.336403e-002
1.178795e+003,3.313598e-002
1.179277e+003,3.293889e-002
1.179759e+003,3.276913e-002
1.180241e+003,3.262434e-002
1.180723e+003,3.250310e-002
1.181205e+003,3.240366e-002
1.181687e+003,3.232427e-002
1.182169e+003,3.226183e-002
1.182652e+003,3.221257e-002
1.183134e+003,3.217278e-002
1.183616e+003,3.214033e-002
1.184098e+003,3.211434e-002
1.184580e+003,3.209588e-002
1.185062e+003,3.208629e-002
1.185544e+003,3.208659e-002
1.186026e+003,3.209667e-002
1.186509e+003,3.211519e-002
1.186991e+003,3.214022e-002
1.187473e+003,3.217065e-002
1.187955e+003,3.220609e-002
1.188437e+003,3.224732e-002
1.188919e+003,3.229492e-002
1.189401e+003,3.234850e-002
1.189883e+003,3.240635e-002
1.190366e+003,3.246606e-002
1.190848e+003,3.252497e-002
1.191330e+003,3.258186e-002
1.191812e+003,3.263715e-002
1.192294e+003,3.269276e-002
1.192776e+003,3.275124e-002
1.193258e+003,3.281431e-002
1.193740e+003,3.288222e-002
1.194223e+003,3.295402e-002
1.194705e+003,3.302845e-002
1.195187e+003,3.310471e-002
1.195669e+003,3.318314e-002
1.196151e+003,3.326518e-002
1.196633e+003,3.335189e-002
1.197115e+003,3.344391e-002
1.197597e+003,3.354041e-002
1.198080e+003,3.363967e-002
1.198562e+003,3.373981e-002
1.199044e+003,3.383978e-002
1.199526e+003,3.394021e-002
1.200008e+003,3.404239e-002
1.200490e+003,3.414783e-002
1.200972e+003,3.425702e-002
1.201454e+003,3.436865e-002
1.201937e+003,3.448083e-002
1.202419e+003,3.459116e-002
1.202901e+003,3.469834e-002
1.203383e+003,3.480268e-002
1.203865e+003,3.490561e-002
1.204347e+003,3.500931e-002
1.204829e+003,3.511481e-002
1.205312e+003,3.522189e-002
1.205794e+003,3.532922e-002
1.206276e+003,3.543559e-002
1.206758e+003,3.553970e-002
1.207240e+003,3.564221e-002
1.207722e+003,3.574409e-002
1.208204e+003,3.584742e-002
1.208686e+003,3.595306e-002
1.209168e+003,3.606147e-002
1.209651e+003,3.617214e-002
1.210133e+003,3.628498e-002
1.210615e+003,3.640066e-002
1.211097e+003,3.652130e-002
1.211579e+003,3.664954e-002
1.212061e+003,3.678784e-002
1.212543e+003,3.693816e-002
1.213025e+003,3.710041e-002
1.213508e+003,3.727334e-002
1.213990e+003,3.745547e-002
1.214472e+003,3.764530e-002
1.214954e+003,3.784182e-002
1.215436e+003,3.804448e-002
1.215918e+003,3.825202e-002
1.216400e+003,3.846239e-002
1.216882e+003,3.867199e-002
1.217365e+003,3.887721e-002
1.217847e+003,3.907423e-002
1.218329e+003,3.926071e-002
1.218811e+003,3.943546e-002
1.219293e+003,3.959832e-002
1.219775e+003,3.974967e-002
1.220257e+003,3.988982e-002
1.220740e+003,4.001917e-002
1.221222e+003,4.013845e-002
1.221704e+003,4.024926e-002
1.222186e+003,4.035502e-002
1.222668e+003,4.045969e-002
1.223150e+003,4.056801e-002
1.223632e+003,4.068335e-002
1.224114e+003,4.080781e-002
1.224596e+003,4.094131e-002
1.225079e+003,4.108257e-002
1.225561e+003,4.122956e-002
1.226043e+003,4.138104e-002
1.226525e+003,4.153657e-002
1.227007e+003,4.169621e-002
1.227489e+003,4.186040e-002
1.227971e+003,4.202934e-002
1.228453e+003,4.220213e-002
1.228936e+003,4.237786e-002
1.229418e+003,4.255500e-002
1.229900e+003,4.273254e-002
1.230382e+003,4.290908e-002
1.230864e+003,4.308360e-002
1.231346e+003,4.325471e-002
1.231828e+003,4.342072e-002
1.232310e+003,4.358033e-002
1.232792e+003,4.373303e-002
1.233275e+003,4.387963e-002
1.233757e+003,4.402125e-002
1.234239e+003,4.416007e-002
1.234721e+003,4.429705e-002
1.235203e+003,4.443137e-002
1.235685e+003,4.456135e-002
1.236167e+003,4.468382e-002
1.236650e+003,4.479597e-002
1.237132e+003,4.489610e-002
1.237614e+003,4.498412e-002
1.238096e+003,4.506138e-002
1.238578e+003,4.513003e-002
1.239060e+003,4.519223e-002
1.239542e+003,4.524882e-002
1.240024e+003,4.530020e-002
1.240507e+003,4.534598e-002
1.240989e+003,4.538620e-002
1.241471e+003,4.542106e-002
1.241953e+003,4.545150e-002
1.242435e+003,4.547829e-002
1.242917e+003,4.550188e-002
1.243399e+003,4.552219e-002
1.243881e+003,4.553827e-002
1.244364e+003,4.554955e-002
1.244846e+003,4.555549e-002
1.245328e+003,4.555652e-002
1.245810e+003,4.555373e-002
1.246292e+003,4.554871e-002
1.246774e+003,4.554323e-002
1.247256e+003,4.553846e-002
1.247738e+003,4.553605e-002
1.248220e+003,4.553786e-002
1.248703e+003,4.554699e-002
1.249185e+003,4.556777e-002
1.249667e+003,4.560545e-002
1.250149e+003,4.566607e-002
1.250631e+003,4.575400e-002
1.251113e+003,4.587190e-002
1.251595e+003,4.601851e-002
1.252078e+003,4.618793e-002
1.252560e+003,4.636951e-002
1.253042e+003,4.654789e-002
1.253524e+003,4.670390e-002
1.254006e+003,4.681662e-002
1.254488e+003,4.686629e-002
1.254970e+003,4.683744e-002
1.255452e+003,4.672263e-002
1.255935e+003,4.652350e-002
1.256417e+003,4.625055e-002
1.256899e+003,4.592136e-002
1.257381e+003,4.555654e-002
1.257863e+003,4.517625e-002
1.258345e+003,4.479788e-002
1.258827e+003,4.443425e-002
1.259309e+003,4.409366e-002
1.259792e+003,4.378065e-002
1.260274e+003,4.349698e-002
1.260756e+003,4.324286e-002
1.261238e+003,4.301708e-002
1.261720e+003,4.281768e-002
1.262202e+003,4.264130e-002
1.262684e+003,4.248402e-002
1.263166e+003,4.234125e-002
1.263648e+003,4.220889e-002
1.264131e+003,4.208465e-002
1.264613e+003,4.196740e-002
1.265095e+003,4.185771e-002
1.265577e+003,4.175625e-002
1.266059e+003,4.166286e-002
1.266541e+003,4.157670e-002
1.267023e+003,4.149605e-002
1.267505e+003,4.141878e-002
1.267988e+003,4.134413e-002
1.268470e+003,4.127282e-002
1.268952e+003,4.120695e-002
1.269434e+003,4.114841e-002
1.269916e+003,4.109870e-002
1.270398e+003,4.105712e-002
1.270880e+003,4.102172e-002
1.271363e+003,4.099029e-002
1.271845e+003,4.096076e-002
1.272327e+003,4.093324e-002
1.272809e+003,4.090924e-002
1.273291e+003,4.089081e-002
1.273773e+003,4.087902e-002
1.274255e+003,4.087377e-002
1.274737e+003,4.087390e-002
1.275219e+003,4.087753e-002
1.275702e+003,4.088362e-002
1.276184e+003,4.089296e-002
1.276666e+003,4.090695e-002
1.277148e+003,4.092764e-002
1.277630e+003,4.095590e-002
1.278112e+003,4.099055e-002
1.278594e+003,4.102904e-002
1.279076e+003,4.106833e-002
1.279559e+003,4.110624e-002
1.280041e+003,4.114250e-002
1.280523e+003,4.117838e-002
1.281005e+003,4.121609e-002
1.281487e+003,4.125684e-002
1.281969e+003,4.130073e-002
1.282451e+003,4.134624e-002
1.282933e+003,4.139127e-002
1.283416e+003,4.143499e-002
1.283898e+003,4.147819e-002
1.284380e+003,4.152320e-002
1.284862e+003,4.157250e-002
1.285344e+003,4.162793e-002
1.285826e+003,4.168953e-002
1.286308e+003,4.175546e-002
1.286791e+003,4.182414e-002
1.287273e+003,4.189386e-002
1.287755e+003,4.196553e-002
1.288237e+003,4.204119e-002
1.288719e+003,4.212322e-002
1.289201e+003,4.221341e-002
1.289683e+003,4.231122e-002
1.290165e+003,4.241551e-002
1.290647e+003,4.252459e-002
1.291130e+003,4.263801e-002
1.291612e+003,4.275664e-002
1.292094e+003,4.288220e-002
1.292576e+003,4.301568e-002
1.293058e+003,4.315497e-002
1.293540e+003,4.329521e-002
1.294022e+003,4.342904e-002
1.294504e+003,4.354861e-002
1.294987e+003,4.364792e-002
1.295469e+003,4.372485e-002
1.295951e+003,4.378112e-002
1.296433e+003,4.382156e-002
1.296915e+003,4.385276e-002
1.297397e+003,4.388171e-002
1.297879e+003,4.391535e-002
1.298361e+003,4.396128e-002
1.298844e+003,4.402795e-002
1.299326e+003,4.412548e-002
1.299808e+003,4.426426e-002
1.300290e+003,4.445214e-002
1.300772e+003,4.469243e-002
1.301254e+003,4.497944e-002
1.301736e+003,4.529936e-002
1.302219e+003,4.562975e-002
1.302701e+003,4.594235e-002
1.303183e+003,4.620682e-002
1.303665e+003,4.639403e-002
1.304147e+003,4.648089e-002
1.304629e+003,4.645355e-002
1.305111e+003,4.631073e-002
1.305593e+003,4.606402e-002
1.306075e+003,4.573769e-002
1.306558e+003,4.536419e-002
1.307040e+003,4.497861e-002
1.307522e+003,4.461450e-002
1.308004e+003,4.429672e-002
1.308486e+003,4.403906e-002
1.308968e+003,4.384372e-002
1.309450e+003,4.370387e-002
1.309932e+003,4.360828e-002
1.310415e+003,4.354676e-002
1.310897e+003,4.351224e-002
1.311379e+003,4.350155e-002
1.311861e+003,4.351318e-002
1.312343e+003,4.354428e-002
1.312825e+003,4.359020e-002
1.313307e+003,4.364364e-002
1.313789e+003,4.369792e-002
1.314272e+003,4.374845e-002
1.314754e+003,4.379489e-002
1.315236e+003,4.383961e-002
1.315718e+003,4.388520e-002
1.316200e+003,4.393279e-002
1.316682e+003,4.398058e-002
1.317164e+003,4.402483e-002
1.317646e+003,4.406212e-002
1.318129e+003,4.409140e-002
1.318611e+003,4.411545e-002
1.319093e+003,4.413950e-002
1.319575e+003,4.416915e-002
1.320057e+003,4.420683e-002
1.320539e+003,4.425237e-002
1.321021e+003,4.430370e-002
1.321503e+003,4.435933e-002
1.321986e+003,4.441995e-002
1.322468e+003,4.448914e-002
1.322950e+003,4.457047e-002
1.323432e+003,4.466530e-002
1.323914e+003,4.477047e-002
1.324396e+003,4.487782e-002
1.324878e+003,4.497755e-002
1.325360e+003,4.506106e-002
1.325843e+003,4.512577e-002
1.326325e+003,4.517364e-002
1.326807e+003,4.521061e-002
1.327289e+003,4.524107e-002
1.327771e+003,4.526559e-002
1.328253e+003,4.527884e-002
1.328735e+003,4.527212e-002
1.329218e+003,4.523720e-002
1.329700e+003,4.517096e-002
1.330182e+003,4.507691e-002
1.330664e+003,4.496465e-002
1.331146e+003,4.484628e-002
1.331628e+003,4.473150e-002
1.332110e+003,4.462587e-002
1.332592e+003,4.453019e-002
1.333074e+003,4.444384e-002
1.333557e+003,4.436651e-002
1.334039e+003,4.430142e-002
1.334521e+003,4.425438e-002
1.335003e+003,4.423079e-002
1.335485e+003,4.423267e-002
1.335967e+003,4.425801e-002
1.336449e+003,4.430065e-002
1.336931e+003,4.435464e-002
1.337414e+003,4.441867e-002
1.337896e+003,4.449752e-002
1.338378e+003,4.460031e-002
1.338860e+003,4.473527e-002
1.339342e+003,4.490213e-002
1.339824e+003,4.508938e-002
1.340306e+003,4.527881e-002
1.340788e+003,4.545484e-002
1.341271e+003,4.561179e-002
1.341753e+003,4.575517e-002
1.342235e+003,4.589690e-002
1.342717e+003,4.604971e-002
1.343199e+003,4.622054e-002
1.343681e+003,4.641007e-002
1.344163e+003,4.661372e-002
1.344646e+003,4.682538e-002
1.345128e+003,4.704281e-002
1.345610e+003,4.726924e-002
1.346092e+003,4.751211e-002
1.346574e+003,4.777943e-002
1.347056e+003,4.807528e-002
1.347538e+003,4.839824e-002
1.348020e+003,4.874362e-002
1.348502e+003,4.910817e-002
1.348985e+003,4.949395e-002
1.349467e+003,4.991025e-002
1.349949e+003,5.036986e-002
1.350431e+003,5.088370e-002
1.350913e+003,5.145753e-002
1.351395e+003,5.209158e-002
1.351877e+003,5.278539e-002
1.352359e+003,5.354339e-002
1.352842e+003,5.437768e-002
1.353324e+003,5.530658e-002
1.353806e+003,5.634485e-002
1.354288e+003,5.749112e-002
1.354770e+003,5.872069e-002
1.355252e+003,5.998398e-002
1.355734e+003,6.121716e-002
1.356216e+003,6.235600e-002
1.356698e+003,6.334860e-002
1.357181e+003,6.415945e-002
1.357663e+003,6.476671e-002
1.358145e+003,6.515642e-002
1.358627e+003,6.531978e-002
1.359109e+003,6.525404e-002
1.359591e+003,6.496698e-002
1.360073e+003,6.448209e-002
1.360556e+003,6.384097e-002
1.361038e+003,6.310366e-002
1.361520e+003,6.234474e-002
1.362002e+003,6.164309e-002
1.362484e+003,6.106752e-002
1.362966e+003,6.066073e-002
1.363448e+003,6.043674e-002
1.363930e+003,6.039176e-002
1.364413e+003,6.052260e-002
1.364895e+003,6.083867e-002
1.365377e+003,6.136433e-002
1.365859e+003,6.213658e-002
1.366341e+003,6.320158e-002
1.366823e+003,6.461342e-002
1.367305e+003,6.643429e-002
1.367787e+003,6.873155e-002
1.368270e+003,7.156584e-002
1.368752e+003,7.497585e-002
1.369234e+003,7.896118e-002
1.369716e+003,8.347996e-002
1.370198e+003,8.846702e-002
1.370680e+003,9.386334e-002
1.371162e+003,9.964991e-002
1.371644e+003,1.058601e-001
1.372126e+003,1.125564e-001
1.372609e+003,1.197567e-001
1.373091e+003,1.273093e-001
1.373573e+003,1.347681e-001
1.374055e+003,1.413772e-001
1.374537e+003,1.462675e-001
1.375019e+003,1.487938e-001
1.375501e+003,1.487624e-001
1.375984e+003,1.463923e-001
1.376466e+003,1.421072e-001
1.376948e+003,1.363526e-001
1.377430e+003,1.295311e-001
1.377912e+003,1.220235e-001
1.378394e+003,1.142247e-001
1.378876e+003,1.065361e-001
1.379358e+003,9.930874e-002
1.379841e+003,9.277274e-002
1.380323e+003,8.700640e-002
1.380805e+003,8.196311e-002
1.381287e+003,7.753724e-002
1.381769e+003,7.362920e-002
1.382251e+003,7.018141e-002
1.382733e+003,6.717771e-002
1.383215e+003,6.461610e-002
1.383698e+003,6.248052e-002
1.384180e+003,6.072783e-002
1.384662e+003,5.929449e-002
1.385144e+003,5.811528e-002
1.385626e+003,5.714101e-002
1.386108e+003,5.634593e-002
1.386590e+003,5.572413e-002
1.387072e+003,5.527150e-002
1.387554e+003,5.496887e-002
1.388037e+003,5.477968e-002
1.388519e+003,5.466265e-002
1.389001e+003,5.458872e-002
1.389483e+003,5.454708e-002
1.389965e+003,5.453949e-002
1.390447e+003,5.457051e-002
1.390929e+003,5.463868e-002
1.391411e+003,5.473458e-002
1.391894e+003,5.484493e-002
1.392376e+003,5.495780e-002
1.392858e+003,5.507084e-002
1.393340e+003,5.519338e-002
1.393822e+003,5.534247e-002
1.394304e+003,5.553106e-002
1.394786e+003,5.575554e-002
1.395269e+003,5.599257e-002
1.395751e+003,5.621138e-002
1.396233e+003,5.639209e-002
1.396715e+003,5.653550e-002
1.397197e+003,5.665976e-002
1.397679e+003,5.678985e-002
1.398161e+003,5.694334e-002
1.398643e+003,5.712053e-002
1.399125e+003,5.730225e-002
1.399608e+003,5.745961e-002
1.400090e+003,5.757150e-002
1.400572e+003,5.763422e-002
1.401054e+003,5.766014e-002
1.401536e+003,5.766675e-002
1.402018e+003,5.766775e-002
1.402500e+003,5.766828e-002
1.402982e+003,5.766418e-002
1.403465e+003,5.764571e-002
1.403947e+003,5.760355e-002
1.404429e+003,5.753526e-002
1.404911e+003,5.744714e-002
1.405393e+003,5.735005e-002
1.405875e+003,5.725168e-002
1.406357e+003,5.715178e-002
1.406839e+003,5.704274e-002
1.407322e+003,5.691641e-002
1.407804e+003,5.676841e-002
1.408286e+003,5.660212e-002
1.408768e+003,5.642669e-002
1.409250e+003,5.625314e-002
1.409732e+003,5.608914e-002
1.410214e+003,5.593594e-002
1.410697e+003,5.578808e-002
1.411179e+003,5.563908e-002
1.411661e+003,5.548622e-002
1.412143e+003,5.533360e-002
1.412625e+003,5.519028e-002
1.413107e+003,5.506544e-002
1.413589e+003,5.496318e-002
1.414071e+003,5.488010e-002
1.414553e+003,5.480831e-002
1.415036e+003,5.473898e-002
1.415518e+003,5.466786e-002
1.416000e+003,5.459845e-002
1.416482e+003,5.454117e-002
1.416964e+003,5.450900e-002
1.417446e+003,5.451201e-002
1.417928e+003,5.454964e-002
1.418410e+003,5.460871e-002
1.418893e+003,5.466821e-002
1.419375e+003,5.471326e-002
1.419857e+003,5.474444e-002
1.420339e+003,5.477274e-002
1.420821e+003,5.480899e-002
1.421303e+003,5.485748e-002
1.421785e+003,5.491775e-002
1.422267e+003,5.498845e-002
1.422750e+003,5.507326e-002
1.423232e+003,5.518143e-002
1.423714e+003,5.532603e-002
1.424196e+003,5.551555e-002
1.424678e+003,5.574657e-002
1.425160e+003,5.600406e-002
1.425642e+003,5.627039e-002
1.426125e+003,5.653740e-002
1.426607e+003,5.681192e-002
1.427089e+003,5.711805e-002
1.427571e+003,5.749274e-002
1.428053e+003,5.797848e-002
1.428535e+003,5.861286e-002
1.429017e+003,5.941708e-002
1.429499e+003,6.039298e-002
1.429981e+003,6.152688e-002
1.430464e+003,6.280096e-002
1.430946e+003,6.419838e-002
1.431428e+003,6.569703e-002
1.431910e+003,6.726322e-002
1.432392e+003,6.884903e-002
1.432874e+003,7.039878e-002
1.433356e+003,7.186060e-002
1.433838e+003,7.319558e-002
1.434321e+003,7.437976e-002
1.434803e+003,7.540003e-002
1.435285e+003,7.624716e-002
1.435767e+003,7.691435e-002
1.436249e+003,7.740564e-002
1.436731e+003,7.775120e-002
1.437213e+003,7.801154e-002
1.437696e+003,7.825835e-002
1.438177e+003,7.855134e-002
1.438660e+003,7.893103e-002
1.439142e+003,7.942422e-002
1.439624e+003,8.005185e-002
1.440106e+003,8.083139e-002
1.440588e+003,8.177765e-002
1.441070e+003,8.290323e-002
1.441552e+003,8.421689e-002
1.442035e+003,8.572416e-002
1.442517e+003,8.742365e-002
1.442999e+003,8.930411e-002
1.443481e+003,9.134106e-002
1.443963e+003,9.350074e-002
1.444445e+003,9.574915e-002
1.444927e+003,9.806589e-002
1.445409e+003,1.004519e-001
1.445892e+003,1.029274e-001
1.446374e+003,1.055097e-001
1.446856e+003,1.081790e-001
1.447338e+003,1.108440e-001
1.447820e+003,1.133446e-001
1.448302e+003,1.155049e-001
1.448784e+003,1.172117e-001
1.449266e+003,1.184542e-001
1.449749e+003,1.193063e-001
1.450231e+003,1.198715e-001
1.450713e+003,1.202376e-001
1.451195e+003,1.204562e-001
1.451677e+003,1.205481e-001
1.452159e+003,1.205191e-001
1.452641e+003,1.203825e-001
1.453124e+003,1.201654e-001
1.453605e+003,1.199071e-001
1.454088e+003,1.196417e-001
1.454570e+003,1.193819e-001
1.455052e+003,1.191031e-001
1.455534e+003,1.187346e-001
1.456016e+003,1.181662e-001
1.456498e+003,1.172991e-001
1.456980e+003,1.161483e-001
1.457463e+003,1.148861e-001
1.457945e+003,1.137114e-001
1.458427e+003,1.126914e-001
1.458909e+003,1.117688e-001
1.459391e+003,1.108620e-001
1.459873e+003,1.099228e-001
1.460355e+003,1.089428e-001
1.460837e+003,1.079330e-001
1.461320e+003,1.068995e-001
1.461802e+003,1.058244e-001
1.462284e+003,1.046532e-001
1.462766e+003,1.032925e-001
1.463248e+003,1.016259e-001
1.463730e+003,9.955375e-002
1.464212e+003,9.706111e-002
1.464694e+003,9.426357e-002
1.465177e+003,9.137883e-002
1.465659e+003,8.861460e-002
1.466141e+003,8.607529e-002
1.466623e+003,8.375534e-002
1.467105e+003,8.159791e-002
1.467587e+003,7.955124e-002
1.468069e+003,7.759256e-002
1.468552e+003,7.572421e-002
1.469033e+003,7.395381e-002
1.469516e+003,7.227125e-002
1.469998e+003,7.063524e-002
1.470480e+003,6.896640e-002
1.470962e+003,6.716111e-002
1.471444e+003,6.513166e-002
1.471926e+003,6.288029e-002
1.472408e+003,6.055676e-002
1.472891e+003,5.841187e-002
1.473373e+003,5.663401e-002
1.473855e+003,5.524250e-002
1.474337e+003,5.413105e-002
1.474819e+003,5.317283e-002
1.475301e+003,5.228670e-002
1.475783e+003,5.144871e-002
1.476265e+003,5.067277e-002
1.476748e+003,4.998186e-002
1.477230e+003,4.938530e-002
1.477712e+003,4.887184e-002
1.478194e+003,4.841940e-002
1.478676e+003,4.800770e-002
1.479158e+003,4.762811e-002
1.479640e+003,4.728316e-002
1.480122e+003,4.698167e-002
1.480604e+003,4.672991e-002
1.481087e+003,4.652542e-002
1.481569e+003,4.635662e-002
1.482051e+003,4.620986e-002
1.482533e+003,4.607841e-002
1.483015e+003,4.596646e-002
1.483497e+003,4.588565e-002
1.483979e+003,4.584755e-002
1.484461e+003,4.585684e-002
1.484944e+003,4.590830e-002
1.485426e+003,4.598879e-002
1.485908e+003,4.608345e-002
1.486390e+003,4.618437e-002
1.486872e+003,4.629742e-002
1.487354e+003,4.644364e-002
1.487836e+003,4.665202e-002
1.488319e+003,4.694659e-002
1.488801e+003,4.733339e-002
1.489283e+003,4.779210e-002
1.489765e+003,4.828012e-002
1.490247e+003,4.875239e-002
1.490729e+003,4.918216e-002
1.491211e+003,4.956628e-002
1.491693e+003,4.991475e-002
1.492176e+003,5.023898e-002
1.492658e+003,5.054779e-002
1.493140e+003,5.084866e-002
1.493622e+003,5.115264e-002
1.494104e+003,5.147782e-002
1.494586e+003,5.185066e-002
1.495068e+003,5.230103e-002
1.495550e+003,5.285200e-002
1.496032e+003,5.350278e-002
1.496515e+003,5.421920e-002
1.496997e+003,5.494396e-002
1.497479e+003,5.562682e-002
1.497961e+003,5.624924e-002
1.498443e+003,5.682544e-002
1.498925e+003,5.738337e-002
1.499407e+003,5.794388e-002
1.499890e+003,5.851201e-002
1.500372e+003,5.907685e-002
1.500854e+003,5.962262e-002
1.501336e+003,6.013626e-002
1.501818e+003,6.061345e-002
1.502300e+003,6.105782e-002
1.502782e+003,6.147799e-002
1.503264e+003,6.188335e-002
1.503747e+003,6.228342e-002
1.504229e+003,6.269103e-002
1.504711e+003,6.313356e-002
1.505193e+003,6.367244e-002
1.505675e+003,6.442928e-002
1.506157e+003,6.557325e-002
1.506639e+003,6.718129e-002
1.507121e+003,6.901819e-002
1.507604e+003,7.064814e-002
1.508086e+003,7.184772e-002
1.508568e+003,7.268815e-002
1.509050e+003,7.333639e-002
1.509532e+003,7.392924e-002
1.510014e+003,7.455330e-002
1.510496e+003,7.525476e-002
1.510979e+003,7.604598e-002
1.511460e+003,7.691006e-002
1.511943e+003,7.780826e-002
1.512425e+003,7.869536e-002
1.512907e+003,7.953581e-002
1.513389e+003,8.031423e-002
1.513871e+003,8.103950e-002
1.514353e+003,8.173859e-002
1.514835e+003,8.244693e-002
1.515318e+003,8.319611e-002
1.515800e+003,8.399541e-002
1.516282e+003,8.481489e-002
1.516764e+003,8.558663e-002
1.517246e+003,8.623779e-002
1.517728e+003,8.673268e-002
1.518210e+003,8.708535e-002
1.518692e+003,8.733960e-002
1.519175e+003,8.754625e-002
1.519657e+003,8.775299e-002
1.520139e+003,8.800713e-002
1.520621e+003,8.835175e-002
1.521103e+003,8.880677e-002
1.521585e+003,8.934261e-002
1.522067e+003,8.988686e-002
1.522549e+003,9.037472e-002
1.523031e+003,9.078721e-002
1.523514e+003,9.114257e-002
1.523996e+003,9.147532e-002
1.524478e+003,9.182091e-002
1.524960e+003,9.221026e-002
1.525442e+003,9.266365e-002
1.525924e+003,9.318403e-002
1.526406e+003,9.375510e-002
1.526888e+003,9.434649e-002
1.527371e+003,9.492605e-002
1.527853e+003,9.547083e-002
1.528335e+003,9.596924e-002
1.528817e+003,9.641910e-002
1.529299e+003,9.682402e-002
1.529781e+003,9.719093e-002
1.530263e+003,9.753153e-002
1.530746e+003,9.786289e-002
1.531228e+003,9.820773e-002
1.531710e+003,9.859784e-002
1.532192e+003,9.906708e-002
1.532674e+003,9.963649e-002
1.533156e+003,1.002865e-001
1.533638e+003,1.009463e-001
1.534120e+003,1.015269e-001
1.534603e+003,1.019784e-001
1.535085e+003,1.023036e-001
1.535567e+003,1.025331e-001
1.536049e+003,1.026990e-001
1.536531e+003,1.028267e-001
1.537013e+003,1.029346e-001
1.537495e+003,1.030413e-001
1.537977e+003,1.031723e-001
1.538459e+003,1.033656e-001
1.538942e+003,1.036694e-001
1.539424e+003,1.041137e-001
1.539906e+003,1.046592e-001
1.540388e+003,1.051817e-001
1.540870e+003,1.055587e-001
1.541352e+003,1.057653e-001
1.541834e+003,1.058563e-001
1.542316e+003,1.058992e-001
1.542799e+003,1.059371e-001
1.543281e+003,1.059815e-001
1.543763e+003,1.060206e-001
1.544245e+003,1.060312e-001
1.544727e+003,1.059947e-001
1.545209e+003,1.059078e-001
1.545691e+003,1.057833e-001
1.546174e+003,1.056391e-001
1.546656e+003,1.054876e-001
1.547138e+003,1.053307e-001
1.547620e+003,1.051597e-001
1.548102e+003,1.049596e-001
1.548584e+003,1.047152e-001
1.549066e+003,1.044202e-001
1.549548e+003,1.040846e-001
1.550031e+003,1.037334e-001
1.550513e+003,1.033919e-001
1.550995e+003,1.030718e-001
1.551477e+003,1.027632e-001
1.551959e+003,1.024439e-001
1.552441e+003,1.020893e-001
1.552923e+003,1.016830e-001
1.553405e+003,1.012248e-001
1.553887e+003,1.007350e-001
1.554370e+003,1.002470e-001
1.554852e+003,9.979234e-002
1.555334e+003,9.938590e-002
1.555816e+003,9.902097e-002
1.556298e+003,9.867552e-002
1.556780e+003,9.831720e-002
1.557262e+003,9.790016e-002
1.557744e+003,9.734888e-002
1.558227e+003,9.655816e-002
1.558709e+003,9.549282e-002
1.559191e+003,9.435067e-002
1.559673e+003,9.341584e-002
1.560155e+003,9.275397e-002
1.560637e+003,9.227530e-002
1.561119e+003,9.188975e-002
1.561602e+003,9.154359e-002
1.562083e+003,9.120341e-002
1.562566e+003,9.084187e-002
1.563048e+003,9.043292e-002
1.563530e+003,8.995716e-002
1.564012e+003,8.940993e-002
1.564494e+003,8.881074e-002
1.564976e+003,8.820032e-002
1.565458e+003,8.762342e-002
1.565941e+003,8.710647e-002
1.566423e+003,8.664872e-002
1.566905e+003,8.622465e-002
1.567387e+003,8.579566e-002
1.567869e+003,8.532199e-002
1.568351e+003,8.477498e-002
1.568833e+003,8.415001e-002
1.569315e+003,8.347888e-002
1.569798e+003,8.281712e-002
1.570280e+003,8.221231e-002
1.570762e+003,8.167762e-002
1.571244e+003,8.119891e-002
1.571726e+003,8.075608e-002
1.572208e+003,8.033600e-002
1.572690e+003,7.993416e-002
1.573172e+003,7.954849e-002
1.573655e+003,7.917165e-002
1.574137e+003,7.878562e-002
1.574619e+003,7.835856e-002
1.575101e+003,7.785515e-002
1.575583e+003,7.725870e-002
1.576065e+003,7.660206e-002
1.576547e+003,7.596376e-002
1.577030e+003,7.541686e-002
1.577511e+003,7.497939e-002
1.577994e+003,7.462039e-002
1.578476e+003,7.429367e-002
1.578958e+003,7.396446e-002
1.579440e+003,7.361697e-002
1.579922e+003,7.325223e-002
1.580404e+003,7.288256e-002
1.580886e+003,7.252198e-002
1.581369e+003,7.217877e-002
1.581851e+003,7.185130e-002
1.582333e+003,7.152943e-002
1.582815e+003,7.120317e-002
1.583297e+003,7.087020e-002
1.583779e+003,7.053851e-002
1.584261e+003,7.022285e-002
1.584743e+003,6.993596e-002
1.585226e+003,6.968078e-002
1.585708e+003,6.944801e-002
1.586190e+003,6.922182e-002
1.586672e+003,6.898934e-002
1.587154e+003,6.874878e-002
1.587636e+003,6.851131e-002
1.588118e+003,6.829479e-002
1.588600e+003,6.811465e-002
1.589083e+003,6.797459e-002
1.589565e+003,6.786475e-002
1.590047e+003,6.776683e-002
1.590529e+003,6.766715e-002
1.591011e+003,6.756332e-002
1.591493e+003,6.746726e-002
1.591975e+003,6.739651e-002
1.592458e+003,6.736500e-002
1.592939e+003,6.737281e-002
1.593422e+003,6.740642e-002
1.593904e+003,6.744441e-002
1.594386e+003,6.747115e-002
1.594868e+003,6.748480e-002
1.595350e+003,6.749954e-002
1.595832e+003,6.753532e-002
1.596314e+003,6.760617e-002
1.596797e+003,6.771151e-002
1.597279e+003,6.783759e-002
1.597761e+003,6.796671e-002
1.598243e+003,6.808862e-002
1.598725e+003,6.820838e-002
1.599207e+003,6.834482e-002
1.599689e+003,6.852074e-002
1.600171e+003,6.875166e-002
1.600654e+003,6.903837e-002
1.601136e+003,6.936590e-002
1.601618e+003,6.971387e-002
1.602100e+003,7.006836e-002
1.602582e+003,7.043067e-002
1.603064e+003,7.081521e-002
1.603546e+003,7.123885e-002
1.604028e+003,7.170772e-002
1.604510e+003,7.221306e-002
1.604993e+003,7.273609e-002
1.605475e+003,7.326008e-002
1.605957e+003,7.378308e-002
1.606439e+003,7.432330e-002
1.606921e+003,7.491244e-002
1.607403e+003,7.558058e-002
1.607885e+003,7.633972e-002
1.608367e+003,7.717486e-002
1.608850e+003,7.805058e-002
1.609332e+003,7.893018e-002
1.609814e+003,7.979586e-002
1.610296e+003,8.065299e-002
1.610778e+003,8.152088e-002
1.611260e+003,8.241332e-002
1.611742e+003,8.332524e-002
1.612225e+003,8.423068e-002
1.612707e+003,8.509593e-002
1.613189e+003,8.589795e-002
1.613671e+003,8.664172e-002
1.614153e+003,8.736845e-002
1.614635e+003,8.815786e-002
1.615117e+003,8.911660e-002
1.615599e+003,9.034422e-002
1.616082e+003,9.186716e-002
1.616564e+003,9.357988e-002
1.617046e+003,9.527334e-002
1.617528e+003,9.676595e-002
1.618010e+003,9.800581e-002
1.618492e+003,9.904858e-002
1.618974e+003,9.998252e-002
1.619456e+003,1.008755e-001
1.619938e+003,1.017663e-001
1.620421e+003,1.026775e-001
1.620903e+003,1.036342e-001
1.621385e+003,1.046796e-001
1.621867e+003,1.058778e-001
1.622349e+003,1.072892e-001
1.622831e+003,1.089197e-001
1.623313e+003,1.106779e-001
1.623796e+003,1.123981e-001
1.624278e+003,1.139296e-001
1.624760e+003,1.152120e-001
1.625242e+003,1.162864e-001
1.625724e+003,1.172551e-001
1.626206e+003,1.182370e-001
1.626688e+003,1.193295e-001
1.627170e+003,1.205756e-001
1.627653e+003,1.219451e-001
1.628135e+003,1.233456e-001
1.628617e+003,1.246694e-001
1.629099e+003,1.258521e-001
1.629581e+003,1.268940e-001
1.630063e+003,1.278416e-001
1.630545e+003,1.287467e-001
1.631027e+003,1.296376e-001
1.631510e+003,1.305104e-001
1.631992e+003,1.313385e-001
1.632474e+003,1.320951e-001
1.632956e+003,1.327753e-001
1.633438e+003,1.334171e-001
1.633920e+003,1.341114e-001
1.634402e+003,1.349913e-001
1.634885e+003,1.361784e-001
1.635366e+003,1.376721e-001
1.635849e+003,1.392629e-001
1.636331e+003,1.406393e-001
1.636813e+003,1.416367e-001
1.637295e+003,1.423174e-001
1.637777e+003,1.428423e-001
1.638259e+003,1.433424e-001
1.638741e+003,1.438780e-001
1.639224e+003,1.444481e-001
1.639706e+003,1.450176e-001
1.640188e+003,1.455456e-001
1.640670e+003,1.460105e-001
1.641152e+003,1.464190e-001
1.641634e+003,1.468007e-001
1.642116e+003,1.471860e-001
1.642598e+003,1.475863e-001
1.643081e+003,1.479850e-001
1.643563e+003,1.483444e-001
1.644045e+003,1.486227e-001
1.644527e+003,1.487985e-001
1.645009e+003,1.488904e-001
1.645491e+003,1.489671e-001
1.645973e+003,1.491269e-001
1.646455e+003,1.494321e-001
1.646938e+003,1.498272e-001
1.647420e+003,1.501524e-001
1.647902e+003,1.502774e-001
1.648384e+003,1.501970e-001
1.648866e+003,1.499960e-001
1.649348e+003,1.497712e-001
1.649830e+003,1.495911e-001
1.650313e+003,1.494851e-001
1.650794e+003,1.494421e-001
1.651277e+003,1.494077e-001
1.651759e+003,1.492745e-001
1.652241e+003,1.488933e-001
1.652723e+003,1.481696e-001
1.653205e+003,1.472549e-001
1.653687e+003,1.464989e-001
1.654169e+003,1.460497e-001
1.654652e+003,1.457667e-001
1.655134e+003,1.454676e-001
1.655616e+003,1.450564e-001
1.656098e+003,1.445177e-001
1.656580e+003,1.438816e-001
1.657062e+003,1.431979e-001
1.657544e+003,1.425117e-001
1.658026e+003,1.418484e-001
1.658509e+003,1.412034e-001
1.658991e+003,1.405483e-001
1.659473e+003,1.398435e-001
1.659955e+003,1.390591e-001
1.660437e+003,1.381856e-001
1.660919e+003,1.372359e-001
1.661401e+003,1.362355e-001
1.661883e+003,1.352069e-001
1.662365e+003,1.341578e-001
1.662848e+003,1.330848e-001
1.663330e+003,1.319909e-001
1.663812e+003,1.308992e-001
1.664294e+003,1.298483e-001
1.664776e+003,1.288751e-001
1.665258e+003,1.279975e-001
1.665740e+003,1.272083e-001
1.666222e+003,1.264734e-001
1.666705e+003,1.257346e-001
1.667187e+003,1.249183e-001
1.667669e+003,1.239526e-001
1.668151e+003,1.227944e-001
1.668633e+003,1.214596e-001
1.669115e+003,1.200315e-001
1.669597e+003,1.186294e-001
1.670080e+003,1.173435e-001
1.670562e+003,1.161916e-001
1.671044e+003,1.151374e-001
1.671526e+003,1.141365e-001
1.672008e+003,1.131640e-001
1.672490e+003,1.122136e-001
1.672972e+003,1.112781e-001
1.673454e+003,1.103331e-001
1.673937e+003,1.093279e-001
1.674419e+003,1.081982e-001
1.674901e+003,1.069085e-001
1.675383e+003,1.055017e-001
1.675865e+003,1.040958e-001
1.676347e+003,1.028127e-001
1.676829e+003,1.017089e-001
1.677311e+003,1.007643e-001
1.677793e+003,9.990907e-002
1.678276e+003,9.905554e-002
1.678758e+003,9.812543e-002
1.679240e+003,9.707721e-002
1.679722e+003,9.592573e-002
1.680204e+003,9.474209e-002
1.680686e+003,9.362109e-002
1.681168e+003,9.263213e-002
1.681650e+003,9.178121e-002
1.682133e+003,9.098891e-002
1.682615e+003,9.008386e-002
1.683097e+003,8.881946e-002
1.683579e+003,8.699658e-002
1.684061e+003,8.471644e-002
1.684543e+003,8.246093e-002
1.685025e+003,8.068264e-002
1.685508e+003,7.944033e-002
1.685990e+003,7.852666e-002
1.686472e+003,7.771398e-002
1.686954e+003,7.685163e-002
1.687436e+003,7.586499e-002
1.687918e+003,7.473683e-002
1.688400e+003,7.348806e-002
1.688882e+003,7.216015e-002
1.689365e+003,7.079580e-002
1.689847e+003,6.942662e-002
1.690329e+003,6.807107e-002
1.690811e+003,6.674339e-002
1.691293e+003,6.546348e-002
1.691775e+003,6.425553e-002
1.692257e+003,6.313788e-002
1.692739e+003,6.211153e-002
1.693221e+003,6.114700e-002
1.693704e+003,6.017753e-002
1.694186e+003,5.909945e-002
1.694668e+003,5.779482e-002
1.695150e+003,5.619620e-002
1.695632e+003,5.437764e-002
1.696114e+003,5.257376e-002
1.696596e+003,5.104354e-002
1.697078e+003,4.989561e-002
1.697561e+003,4.905599e-002
1.698043e+003,4.835107e-002
1.698525e+003,4.758743e-002
1.699007e+003,4.659398e-002
1.699489e+003,4.528059e-002
1.699971e+003,4.372615e-002
1.700453e+003,4.219370e-002
1.700936e+003,4.094424e-002
1.701417e+003,4.004067e-002
1.701900e+003,3.937826e-002
1.702382e+003,3.882254e-002
1.702864e+003,3.828208e-002
1.703346e+003,3.771619e-002
1.703828e+003,3.711617e-002
1.704310e+003,3.649204e-002
1.704792e+003,3.585915e-002
1.705275e+003,3.522911e-002
1.705757e+003,3.460762e-002
1.706239e+003,3.399868e-002
1.706721e+003,3.341298e-002
1.707203e+003,3.286833e-002
1.707685e+003,3.238224e-002
1.708167e+003,3.196387e-002
1.708649e+003,3.160781e-002
1.709132e+003,3.129356e-002
1.709614e+003,3.099307e-002
1.710096e+003,3.068150e-002
1.710578e+003,3.034946e-002
1.711060e+003,3.000640e-002
1.711542e+003,2.967506e-002
1.712024e+003,2.937921e-002
1.712506e+003,2.913305e-002
1.712989e+003,2.893245e-002
1.713471e+003,2.875575e-002
1.713953e+003,2.857297e-002
1.714435e+003,2.836015e-002
1.714917e+003,2.811541e-002
1.715399e+003,2.786294e-002
1.715881e+003,2.764275e-002
1.716364e+003,2.748640e-002
1.716845e+003,2.739067e-002
1.717328e+003,2.731259e-002
1.717810e+003,2.719817e-002
1.718292e+003,2.702721e-002
1.718774e+003,2.682637e-002
1.719256e+003,2.663806e-002
1.719738e+003,2.649053e-002
1.720220e+003,2.638806e-002
1.720703e+003,2.631714e-002
1.721185e+003,2.625593e-002
1.721667e+003,2.618494e-002
1.722149e+003,2.609395e-002
1.722631e+003,2.598678e-002
1.723113e+003,2.587933e-002
1.723595e+003,2.579091e-002
1.724077e+003,2.573132e-002
1.724560e+003,2.569470e-002
1.725042e+003,2.566195e-002
1.725524e+003,2.561274e-002
1.726006e+003,2.553587e-002
1.726488e+003,2.543505e-002
1.726970e+003,2.532614e-002
1.727452e+003,2.522919e-002
1.727934e+003,2.515915e-002
1.728417e+003,2.511891e-002
1.728899e+003,2.509565e-002
1.729381e+003,2.506816e-002
1.729863e+003,2.501868e-002
1.730345e+003,2.494303e-002
1.730827e+003,2.485376e-002
1.731309e+003,2.477312e-002
1.731792e+003,2.472172e-002
1.732273e+003,2.470938e-002
1.732756e+003,2.472848e-002
1.733238e+003,2.475388e-002
1.733720e+003,2.475204e-002
1.734202e+003,2.470780e-002
1.734684e+003,2.463728e-002
1.735166e+003,2.457053e-002
1.735648e+003,2.452305e-002
1.736131e+003,2.449195e-002
1.736613e+003,2.446523e-002
1.737095e+003,2.443284e-002
1.737577e+003,2.439080e-002
1.738059e+003,2.434529e-002
1.738541e+003,2.431021e-002
1.739023e+003,2.430167e-002
1.739505e+003,2.432561e-002
1.739988e+003,2.436891e-002
1.740470e+003,2.440603e-002
1.740952e+003,2.441321e-002
1.741434e+003,2.438219e-002
1.741916e+003,2.432206e-002
1.742398e+003,2.425314e-002
1.742880e+003,2.419748e-002
1.743362e+003,2.416756e-002
1.743844e+003,2.415992e-002
1.744327e+003,2.415771e-002
1.744809e+003,2.414058e-002
1.745291e+003,2.409716e-002
1.745773e+003,2.403079e-002
1.746255e+003,2.395782e-002
1.746737e+003,2.389963e-002
1.747219e+003,2.387157e-002
1.747702e+003,2.387380e-002
1.748184e+003,2.388684e-002
1.748666e+003,2.388380e-002
1.749148e+003,2.384481e-002
1.749630e+003,2.377099e-002
1.750112e+003,2.368451e-002
1.750594e+003,2.361408e-002
1.751076e+003,2.357594e-002
1.751559e+003,2.356231e-002
1.752041e+003,2.354874e-002
1.752523e+003,2.351168e-002
1.753005e+003,2.344117e-002
1.753487e+003,2.334385e-002
1.753969e+003,2.323642e-002
1.754451e+003,2.313883e-002
1.754933e+003,2.306601e-002
1.755416e+003,2.302313e-002
1.755898e+003,2.300193e-002
1.756380e+003,2.298401e-002
1.756862e+003,2.295001e-002
1.757344e+003,2.289336e-002
1.757826e+003,2.282163e-002
1.758308e+003,2.275081e-002
1.758791e+003,2.269443e-002
1.759272e+003,2.265676e-002
1.759755e+003,2.263168e-002
1.760237e+003,2.260748e-002
1.760719e+003,2.257269e-002
1.761201e+003,2.252454e-002
1.761683e+003,2.247060e-002
1.762165e+003,2.242389e-002
1.762647e+003,2.239292e-002
1.763130e+003,2.237414e-002
1.763612e+003,2.235505e-002
1.764094e+003,2.232337e-002
1.764576e+003,2.227247e-002
1.765058e+003,2.220721e-002
1.765540e+003,2.213969e-002
1.766022e+003,2.208629e-002
1.766504e+003,2.205973e-002
1.766987e+003,2.206220e-002
1.767469e+003,2.208069e-002
1.767951e+003,2.209305e-002
1.768433e+003,2.207941e-002
1.768915e+003,2.203380e-002
1.769397e+003,2.196674e-002
1.769879e+003,2.190026e-002
1.770361e+003,2.185746e-002
1.770844e+003,2.185333e-002
1.771326e+003,2.188483e-002
1.771808e+003,2.193046e-002
1.772290e+003,2.196060e-002
1.772772e+003,2.195811e-002
1.773254e+003,2.192939e-002
1.773736e+003,2.189405e-002
1.774219e+003,2.186812e-002
1.774700e+003,2.185586e-002
1.775183e+003,2.185054e-002
1.775665e+003,2.184129e-002
1.776147e+003,2.182046e-002
1.776629e+003,2.178805e-002
1.777111e+003,2.175314e-002
1.777593e+003,2.172833e-002
1.778075e+003,2.172392e-002
1.778558e+003,2.174242e-002
1.779040e+003,2.177668e-002
1.779522e+003,2.181297e-002
1.780004e+003,2.183690e-002
1.780486e+003,2.184214e-002
1.780968e+003,2.183325e-002
1.781450e+003,2.182209e-002
1.781932e+003,2.181859e-002
1.782415e+003,2.182565e-002
1.782897e+003,2.183660e-002
1.783379e+003,2.184141e-002
1.783861e+003,2.183108e-002
1.784343e+003,2.180469e-002
1.784825e+003,2.176977e-002
1.785307e+003,2.173811e-002
1.785789e+003,2.171861e-002
1.786271e+003,2.171132e-002
1.786754e+003,2.170720e-002
1.787236e+003,2.169430e-002
1.787718e+003,2.166439e-002
1.788200e+003,2.161723e-002
1.788682e+003,2.156097e-002
1.789164e+003,2.150912e-002
1.789646e+003,2.147517e-002
1.790128e+003,2.146657e-002
1.790611e+003,2.148077e-002
1.791093e+003,2.150552e-002
1.791575e+003,2.152626e-002
1.792057e+003,2.153419e-002
1.792539e+003,2.153345e-002
1.793021e+003,2.153485e-002
1.793503e+003,2.154638e-002
1.793986e+003,2.156500e-002
1.794468e+003,2.157997e-002
1.794950e+003,2.157867e-002
1.795432e+003,2.155444e-002
1.795914e+003,2.150988e-002
1.796396e+003,2.145643e-002
1.796878e+003,2.140926e-002
1.797360e+003,2.138048e-002
1.797843e+003,2.137366e-002
1.798325e+003,2.138179e-002
1.798807e+003,2.139340e-002
1.799289e+003,2.139699e-002
1.799771e+003,2.138954e-002
1.800253e+003,2.137743e-002
1.800735e+003,2.137175e-002
1.801217e+003,2.137980e-002
1.801699e+003,2.139847e-002
1.802182e+003,2.141586e-002
1.802664e+003,2.141809e-002
1.803146e+003,2.139785e-002
1.803628e+003,2.135824e-002
1.804110e+003,2.131137e-002
1.804592e+003,2.127178e-002
1.805074e+003,2.124889e-002
1.805556e+003,2.124283e-002
1.806039e+003,2.124383e-002
1.806521e+003,2.123763e-002
1.807003e+003,2.121401e-002
1.807485e+003,2.117125e-002
1.807967e+003,2.111831e-002
1.808449e+003,2.107039e-002
1.808931e+003,2.104079e-002
1.809414e+003,2.103273e-002
1.809896e+003,2.103747e-002
1.810378e+003,2.103808e-002
1.810860e+003,2.101885e-002
1.811342e+003,2.097378e-002
1.811824e+003,2.090871e-002
1.812306e+003,2.083578e-002
1.812788e+003,2.076509e-002
1.813271e+003,2.069770e-002
1.813753e+003,2.062627e-002
1.814235e+003,2.054216e-002
1.814717e+003,2.044221e-002
1.815199e+003,2.033488e-002
1.815681e+003,2.024078e-002
1.816163e+003,2.018657e-002
1.816645e+003,2.019335e-002
1.817127e+003,2.026616e-002
1.817610e+003,2.039037e-002
1.818092e+003,2.053829e-002
1.818574e+003,2.068092e-002
1.819056e+003,2.079969e-002
1.819538e+003,2.088939e-002
1.820020e+003,2.095518e-002
1.820502e+003,2.100632e-002
1.820984e+003,2.104720e-002
1.821467e+003,2.107608e-002
1.821949e+003,2.108699e-002
1.822431e+003,2.107595e-002
1.822913e+003,2.104635e-002
1.823395e+003,2.101004e-002
1.823877e+003,2.098426e-002
1.824359e+003,2.098186e-002
1.824842e+003,2.100292e-002
1.825323e+003,2.103245e-002
1.825806e+003,2.105024e-002
1.826288e+003,2.104263e-002
1.826770e+003,2.101195e-002
1.827252e+003,2.097379e-002
1.827734e+003,2.095153e-002
1.828216e+003,2.096514e-002
1.828698e+003,2.102224e-002
1.829181e+003,2.110950e-002
1.829663e+003,2.119594e-002
1.830145e+003,2.124842e-002
1.830627e+003,2.125197e-002
1.831109e+003,2.121588e-002
1.831591e+003,2.116319e-002
1.832073e+003,2.111402e-002
1.832555e+003,2.107637e-002
1.833038e+003,2.104643e-002
1.833520e+003,2.101392e-002
1.834002e+003,2.097053e-002
1.834484e+003,2.091569e-002
1.834966e+003,2.085841e-002
1.835448e+003,2.081326e-002
1.835930e+003,2.079200e-002
1.836412e+003,2.079634e-002
1.836895e+003,2.081610e-002
1.837377e+003,2.083388e-002
1.837859e+003,2.083584e-002
1.838341e+003,2.081836e-002
1.838823e+003,2.078936e-002
1.839305e+003,2.076360e-002
1.839787e+003,2.075190e-002
1.840270e+003,2.075640e-002
1.840751e+003,2.076847e-002
1.841234e+003,2.077492e-002
1.841716e+003,2.076470e-002
1.842198e+003,2.073637e-002
1.842680e+003,2.070258e-002
1.843162e+003,2.068649e-002
1.843644e+003,2.070864e-002
1.844126e+003,2.077281e-002
1.844609e+003,2.085578e-002
1.845091e+003,2.092448e-002
1.845573e+003,2.095505e-002
1.846055e+003,2.094439e-002
1.846537e+003,2.090735e-002
1.847019e+003,2.086544e-002
1.847501e+003,2.083577e-002
1.847983e+003,2.082349e-002
1.848466e+003,2.082100e-002
1.848948e+003,2.081549e-002
1.849430e+003,2.079683e-002
1.849912e+003,2.076527e-002
1.850394e+003,2.073255e-002
1.850876e+003,2.071348e-002
1.851358e+003,2.071894e-002
1.851840e+003,2.074838e-002
1.852323e+003,2.078905e-002
1.852805e+003,2.082313e-002
1.853287e+003,2.083737e-002
1.853769e+003,2.082968e-002
1.854251e+003,2.081132e-002
1.854733e+003,2.079933e-002
1.855215e+003,2.080600e-002
1.855698e+003,2.083116e-002
1.856179e+003,2.086100e-002
1.856662e+003,2.087525e-002
1.857144e+003,2.085800e-002
1.857626e+003,2.080746e-002
1.858108e+003,2.073736e-002
1.858590e+003,2.067066e-002
1.859072e+003,2.062786e-002
1.859554e+003,2.061596e-002
1.860037e+003,2.062661e-002
1.860519e+003,2.064220e-002
1.861001e+003,2.064635e-002
1.861483e+003,2.063436e-002
1.861965e+003,2.061458e-002
1.862447e+003,2.060315e-002
1.862929e+003,2.061234e-002
1.863411e+003,2.064320e-002
1.863894e+003,2.068225e-002
1.864376e+003,2.070997e-002
1.864858e+003,2.070905e-002
1.865340e+003,2.067528e-002
1.865822e+003,2.062133e-002
1.866304e+003,2.057318e-002
1.866786e+003,2.055889e-002
1.867268e+003,2.059511e-002
1.867750e+003,2.067610e-002
1.868233e+003,2.077364e-002
1.868715e+003,2.085098e-002
1.869197e+003,2.088406e-002
1.869679e+003,2.087267e-002
1.870161e+003,2.083501e-002
1.870643e+003,2.079237e-002
1.871125e+003,2.075467e-002
1.871608e+003,2.072089e-002
1.872090e+003,2.068456e-002
1.872572e+003,2.064157e-002
1.873054e+003,2.059781e-002
1.873536e+003,2.056612e-002
1.874018e+003,2.056192e-002
1.874500e+003,2.059295e-002
1.874982e+003,2.065260e-002
1.875465e+003,2.072018e-002
1.875947e+003,2.077002e-002
1.876429e+003,2.078256e-002
1.876911e+003,2.075505e-002
1.877393e+003,2.070136e-002
1.877875e+003,2.064598e-002
1.878357e+003,2.061132e-002
1.878839e+003,2.060646e-002
1.879322e+003,2.062478e-002
1.879804e+003,2.065045e-002
1.880286e+003,2.066948e-002
1.880768e+003,2.067740e-002
1.881250e+003,2.068334e-002
1.881732e+003,2.070111e-002
1.882214e+003,2.073993e-002
1.882697e+003,2.079662e-002
1.883178e+003,2.085252e-002
1.883661e+003,2.088398e-002
1.884143e+003,2.087370e-002
1.884625e+003,2.082126e-002
1.885107e+003,2.074509e-002
1.885589e+003,2.067485e-002
1.886071e+003,2.063553e-002
1.886553e+003,2.063715e-002
1.887036e+003,2.067179e-002
1.887518e+003,2.072056e-002
1.888000e+003,2.076268e-002
1.888482e+003,2.078865e-002
1.888964e+003,2.080339e-002
1.889446e+003,2.082219e-002
1.889928e+003,2.085692e-002
1.890410e+003,2.090574e-002
1.890893e+003,2.095008e-002
1.891375e+003,2.096809e-002
1.891857e+003,2.094482e-002
1.892339e+003,2.088211e-002
1.892821e+003,2.079641e-002
1.893303e+003,2.071350e-002
1.893785e+003,2.065507e-002
1.894267e+003,2.062885e-002
1.894750e+003,2.062528e-002
1.895232e+003,2.062261e-002
1.895714e+003,2.060300e-002
1.896196e+003,2.056321e-002
1.896678e+003,2.051696e-002
1.897160e+003,2.048641e-002
1.897642e+003,2.048813e-002
1.898125e+003,2.052345e-002
1.898606e+003,2.057645e-002
1.899089e+003,2.062374e-002
1.899571e+003,2.064634e-002
1.900053e+003,2.064028e-002
1.900535e+003,2.061944e-002
1.901017e+003,2.060613e-002
1.901499e+003,2.061795e-002
1.901981e+003,2.065600e-002
1.902464e+003,2.070286e-002
1.902946e+003,2.073242e-002
1.903428e+003,2.072363e-002
1.903910e+003,2.067455e-002
1.904392e+003,2.060202e-002
1.904874e+003,2.053528e-002
1.905356e+003,2.049925e-002
1.905838e+003,2.050153e-002
1.906321e+003,2.052796e-002
1.906803e+003,2.055238e-002
1.907285e+003,2.055090e-002
1.907767e+003,2.051644e-002
1.908249e+003,2.046291e-002
1.908731e+003,2.041972e-002
1.909213e+003,2.041341e-002
1.909695e+003,2.045170e-002
1.910177e+003,2.051901e-002
1.910660e+003,2.058558e-002
1.911142e+003,2.062486e-002
1.911624e+003,2.062850e-002
1.912106e+003,2.060831e-002
1.912588e+003,2.058719e-002
1.913070e+003,2.058491e-002
1.913552e+003,2.060654e-002
1.914034e+003,2.063579e-002
1.914517e+003,2.064853e-002
1.914999e+003,2.062355e-002
1.915481e+003,2.055692e-002
1.915963e+003,2.046612e-002
1.916445e+003,2.038374e-002
1.916927e+003,2.034239e-002
1.917409e+003,2.035571e-002
1.917892e+003,2.040694e-002
1.918374e+003,2.045799e-002
1.918856e+003,2.047095e-002
1.919338e+003,2.042956e-002
1.919820e+003,2.034245e-002
1.920302e+003,2.023400e-002
1.920784e+003,2.012764e-002
1.921266e+003,2.003384e-002
1.921749e+003,1.994639e-002
1.922231e+003,1.985139e-002
1.922713e+003,1.973908e-002
1.923195e+003,1.961844e-002
1.923677e+003,1.951667e-002
1.924159e+003,1.946564e-002
1.924641e+003,1.948148e-002
1.925123e+003,1.955453e-002
1.925605e+003,1.965191e-002
1.926088e+003,1.973341e-002
1.926570e+003,1.976685e-002
1.927052e+003,1.974472e-002
1.927534e+003,1.968421e-002
1.928016e+003,1.961975e-002
1.928498e+003,1.958279e-002
1.928980e+003,1.958448e-002
1.929462e+003,1.961012e-002
1.929945e+003,1.963034e-002
1.930427e+003,1.961789e-002
1.930909e+003,1.956666e-002
1.931391e+003,1.949419e-002
1.931873e+003,1.943308e-002
1.932355e+003,1.941303e-002
1.932837e+003,1.944121e-002
1.933320e+003,1.949805e-002
1.933802e+003,1.955112e-002
1.934284e+003,1.956937e-002
1.934766e+003,1.954768e-002
1.935248e+003,1.950385e-002
1.935730e+003,1.947188e-002
1.936212e+003,1.947844e-002
1.936694e+003,1.952637e-002
1.937177e+003,1.958918e-002
1.937659e+003,1.962717e-002
1.938141e+003,1.960787e-002
1.938623e+003,1.952820e-002
1.939105e+003,1.941457e-002
1.939587e+003,1.931707e-002
1.940069e+003,1.928030e-002
1.940551e+003,1.932292e-002
1.941033e+003,1.942979e-002
1.941516e+003,1.955563e-002
1.941998e+003,1.965018e-002
1.942480e+003,1.968477e-002
1.942962e+003,1.966627e-002
1.943444e+003,1.962804e-002
1.943926e+003,1.960423e-002
1.944408e+003,1.960481e-002
1.944890e+003,1.961026e-002
1.945373e+003,1.959019e-002
1.945855e+003,1.952418e-002
1.946337e+003,1.942026e-002
1.946819e+003,1.931630e-002
1.947301e+003,1.926214e-002
1.947783e+003,1.928981e-002
1.948265e+003,1.939485e-002
1.948748e+003,1.953034e-002
1.949229e+003,1.963603e-002
1.949712e+003,1.966000e-002
1.950194e+003,1.959258e-002
1.950676e+003,1.946322e-002
1.951158e+003,1.933177e-002
1.951640e+003,1.924737e-002
1.952122e+003,1.922552e-002
1.952604e+003,1.923074e-002
1.953087e+003,1.920477e-002
1.953569e+003,1.909054e-002
1.954051e+003,1.887159e-002
1.954533e+003,1.857567e-002
1.955015e+003,1.827117e-002
1.955497e+003,1.802407e-002
1.955979e+003,1.786840e-002
1.956461e+003,1.779151e-002
1.956944e+003,1.774822e-002
1.957426e+003,1.769372e-002
1.957908e+003,1.761363e-002
1.958390e+003,1.753145e-002
1.958872e+003,1.749482e-002
1.959354e+003,1.754041e-002
1.959836e+003,1.766452e-002
1.960318e+003,1.781584e-002
1.960801e+003,1.792312e-002
1.961283e+003,1.793032e-002
1.961765e+003,1.783748e-002
1.962247e+003,1.769886e-002
1.962729e+003,1.760601e-002
1.963211e+003,1.763013e-002
1.963693e+003,1.779356e-002
1.964176e+003,1.805062e-002
1.964657e+003,1.832311e-002
1.965140e+003,1.853014e-002
1.965622e+003,1.864112e-002
1.966104e+003,1.867445e-002
1.966586e+003,1.869581e-002
1.967068e+003,1.876169e-002
1.967550e+003,1.888265e-002
1.968032e+003,1.900422e-002
1.968515e+003,1.904709e-002
1.968997e+003,1.894989e-002
1.969479e+003,1.871265e-002
1.969961e+003,1.839878e-002
1.970443e+003,1.811588e-002
1.970925e+003,1.795992e-002
1.971407e+003,1.797051e-002
1.971889e+003,1.811390e-002
1.972372e+003,1.831213e-002
1.972854e+003,1.848664e-002
1.973336e+003,1.860815e-002
1.973818e+003,1.870354e-002
1.974300e+003,1.884745e-002
1.974782e+003,1.911730e-002
1.975264e+003,1.955313e-002
1.975746e+003,2.013722e-002
1.976229e+003,2.082087e-002
1.976711e+003,2.155468e-002
1.977193e+003,2.231414e-002
1.977675e+003,2.309126e-002
1.978157e+003,2.387376e-002
1.978639e+003,2.461956e-002
1.979121e+003,2.524575e-002
1.979604e+003,2.565599e-002
1.980085e+003,2.578480e-002
1.980568e+003,2.562562e-002
1.981050e+003,2.525649e-002
1.981532e+003,2.480617e-002
1.982014e+003,2.441789e-002
1.982496e+003,2.418288e-002
1.982978e+003,2.410626e-002
1.983460e+003,2.410786e-002
1.983943e+003,2.407539e-002
1.984425e+003,2.391459e-002
1.984907e+003,2.360326e-002
1.985389e+003,2.319410e-002
1.985871e+003,2.279332e-002
1.986353e+003,2.249967e-002
1.986835e+003,2.235439e-002
1.987317e+003,2.232258e-002
1.987800e+003,2.231914e-002
1.988282e+003,2.225154e-002
1.988764e+003,2.207453e-002
1.989246e+003,2.180276e-002
1.989728e+003,2.150675e-002
1.990210e+003,2.126868e-002
1.990692e+003,2.113979e-002
1.991174e+003,2.111753e-002
1.991656e+003,2.115875e-002
1.992139e+003,2.120885e-002
1.992621e+003,2.124504e-002
1.993103e+003,2.127956e-002
1.993585e+003,2.134875e-002
1.994067e+003,2.147833e-002
1.994549e+003,2.165291e-002
1.995031e+003,2.181478e-002
1.995514e+003,2.189227e-002
1.995996e+003,2.182418e-002
1.996478e+003,2.160052e-002
1.996960e+003,2.126005e-002
1.997442e+003,2.088354e-002
1.997924e+003,2.054816e-002
1.998406e+003,2.029456e-002
1.998888e+003,2.010558e-002
1.999371e+003,1.993552e-002
1.999853e+003,1.973566e-002
2.000335e+003,1.949901e-002
2.000817e+003,1.925688e-002
2.001299e+003,1.907225e-002
2.001781e+003,1.898688e-002
2.002263e+003,1.899437e-002
2.002745e+003,1.903483e-002
2.003228e+003,1.901946e-002
2.003710e+003,1.888094e-002
2.004192e+003,1.861278e-002
2.004674e+003,1.828258e-002
2.005156e+003,1.801480e-002
2.005638e+003,1.793067e-002
2.006120e+003,1.809011e-002
2.006603e+003,1.846184e-002
2.007084e+003,1.894863e-002
2.007567e+003,1.943352e-002
2.008049e+003,1.983485e-002
2.008531e+003,2.013180e-002
2.009013e+003,2.035942e-002
2.009495e+003,2.056613e-002
2.009977e+003,2.077511e-002
2.010459e+003,2.096143e-002
2.010942e+003,2.107089e-002
2.011424e+003,2.104522e-002
2.011906e+003,2.087287e-002
2.012388e+003,2.058366e-002
2.012870e+003,2.025467e-002
2.013352e+003,1.995651e-002
2.013834e+003,1.972587e-002
2.014316e+003,1.954664e-002
2.014799e+003,1.937780e-002
2.015281e+003,1.918884e-002
2.015763e+003,1.899212e-002
2.016245e+003,1.884334e-002
2.016727e+003,1.881972e-002
2.017209e+003,1.896251e-002
2.017691e+003,1.924152e-002
2.018173e+003,1.956437e-002
2.018656e+003,1.981729e-002
2.019138e+003,1.992604e-002
2.019620e+003,1.988843e-002
2.020102e+003,1.977275e-002
2.020584e+003,1.967975e-002
2.021066e+003,1.968390e-002
2.021548e+003,1.978464e-002
2.022031e+003,1.990332e-002
2.022512e+003,1.992987e-002
2.022995e+003,1.977871e-002
2.023477e+003,1.945030e-002
2.023959e+003,1.903721e-002
2.024441e+003,1.869681e-002
2.024923e+003,1.856770e-002
2.025405e+003,1.871196e-002
2.025887e+003,1.907791e-002
2.026370e+003,1.954036e-002
2.026852e+003,1.995511e-002
2.027334e+003,2.022919e-002
2.027816e+003,2.034318e-002
2.028298e+003,2.035194e-002
2.028780e+003,2.033662e-002
2.029262e+003,2.035921e-002
2.029744e+003,2.042372e-002
2.030227e+003,2.049893e-002
2.030709e+003,2.054836e-002
2.031191e+003,2.057011e-002
2.031673e+003,2.060966e-002
2.032155e+003,2.074055e-002
2.032637e+003,2.101835e-002
2.033119e+003,2.144393e-002
2.033601e+003,2.194823e-002
2.034083e+003,2.242947e-002
2.034566e+003,2.279200e-002
2.035048e+003,2.299878e-002
2.035530e+003,2.306992e-002
2.036012e+003,2.307524e-002
2.036494e+003,2.307988e-002
2.036976e+003,2.311236e-002
2.037458e+003,2.314500e-002
2.037940e+003,2.312496e-002
2.038423e+003,2.301390e-002
2.038905e+003,2.281926e-002
2.039387e+003,2.260572e-002
2.039869e+003,2.246748e-002
2.040351e+003,2.248707e-002
2.040833e+003,2.268405e-002
2.041315e+003,2.300741e-002
2.041798e+003,2.336167e-002
2.042280e+003,2.365048e-002
2.042762e+003,2.382270e-002
2.043244e+003,2.388779e-002
2.043726e+003,2.390129e-002
2.044208e+003,2.393204e-002
2.044690e+003,2.402448e-002
2.045172e+003,2.417686e-002
2.045655e+003,2.436332e-002
2.046137e+003,2.455820e-002
2.046619e+003,2.476882e-002
2.047101e+003,2.503687e-002
2.047583e+003,2.542316e-002
2.048065e+003,2.596098e-002
2.048547e+003,2.661903e-002
2.049029e+003,2.729459e-002
2.049511e+003,2.784414e-002
2.049994e+003,2.813093e-002
2.050476e+003,2.807998e-002
2.050958e+003,2.769904e-002
2.051440e+003,2.707953e-002
2.051922e+003,2.635673e-002
2.052404e+003,2.566547e-002
2.052886e+003,2.510189e-002
2.053368e+003,2.471075e-002
2.053851e+003,2.448506e-002
2.054333e+003,2.438923e-002
2.054815e+003,2.437201e-002
2.055297e+003,2.438514e-002
2.055779e+003,2.439240e-002
2.056261e+003,2.436738e-002
2.056743e+003,2.429340e-002
2.057226e+003,2.416645e-002
2.057708e+003,2.399518e-002
2.058190e+003,2.380573e-002
2.058672e+003,2.363353e-002
2.059154e+003,2.351829e-002
2.059636e+003,2.348555e-002
2.060118e+003,2.353807e-002
2.060600e+003,2.365153e-002
2.061083e+003,2.379037e-002
2.061565e+003,2.391842e-002
2.062047e+003,2.401701e-002
2.062529e+003,2.408461e-002
2.063011e+003,2.413729e-002
2.063493e+003,2.419217e-002
2.063975e+003,2.425726e-002
2.064457e+003,2.432752e-002
2.064939e+003,2.439007e-002
2.065422e+003,2.443240e-002
2.065904e+003,2.445527e-002
2.066386e+003,2.447111e-002
2.066868e+003,2.450005e-002
2.067350e+003,2.455610e-002
2.067832e+003,2.463978e-002
2.068314e+003,2.473618e-002
2.068796e+003,2.482474e-002
2.069279e+003,2.489051e-002
2.069761e+003,2.493290e-002
2.070243e+003,2.496395e-002
2.070725e+003,2.500250e-002
2.071207e+003,2.505772e-002
2.071689e+003,2.512517e-002
2.072171e+003,2.518327e-002
2.072654e+003,2.520904e-002
2.073135e+003,2.518849e-002
2.073618e+003,2.512871e-002
2.074100e+003,2.505732e-002
2.074582e+003,2.501119e-002
2.075064e+003,2.502012e-002
2.075546e+003,2.509084e-002
2.076028e+003,2.520609e-002
2.076510e+003,2.533358e-002
2.076993e+003,2.544167e-002
2.077475e+003,2.551300e-002
2.077957e+003,2.554733e-002
2.078439e+003,2.555991e-002
2.078921e+003,2.556492e-002
2.079403e+003,2.556809e-002
2.079885e+003,2.556033e-002
2.080367e+003,2.552534e-002
2.080850e+003,2.545127e-002
2.081332e+003,2.534190e-002
2.081814e+003,2.521590e-002
2.082296e+003,2.510448e-002
2.082778e+003,2.503444e-002
2.083260e+003,2.501618e-002
2.083742e+003,2.504050e-002
2.084224e+003,2.508314e-002
2.084707e+003,2.511742e-002
2.085189e+003,2.512678e-002
2.085671e+003,2.510886e-002
2.086153e+003,2.507692e-002
2.086635e+003,2.504612e-002
2.087117e+003,2.502794e-002
2.087599e+003,2.502207e-002
2.088082e+003,2.501824e-002
2.088563e+003,2.500410e-002
2.089046e+003,2.497159e-002
2.089528e+003,2.491715e-002
2.090010e+003,2.484326e-002
2.090492e+003,2.475011e-002
2.090974e+003,2.463372e-002
2.091456e+003,2.448811e-002
2.091938e+003,2.431077e-002
2.092421e+003,2.411408e-002
2.092903e+003,2.392589e-002
2.093385e+003,2.378764e-002
2.093867e+003,2.374063e-002
2.094349e+003,2.381113e-002
2.094831e+003,2.399305e-002
2.095313e+003,2.425309e-002
2.095795e+003,2.453970e-002
2.096278e+003,2.480312e-002
2.096760e+003,2.501282e-002
2.097242e+003,2.516164e-002
2.097724e+003,2.526182e-002
2.098206e+003,2.533246e-002
2.098688e+003,2.538376e-002
2.099170e+003,2.541169e-002
2.099652e+003,2.540307e-002
2.100135e+003,2.534737e-002
2.100617e+003,2.524714e-002
2.101099e+003,2.512247e-002
2.101581e+003,2.500534e-002
2.102063e+003,2.492797e-002
2.102545e+003,2.490799e-002
2.103027e+003,2.494242e-002
2.103510e+003,2.501267e-002
2.103991e+003,2.509250e-002
2.104474e+003,2.516361e-002
2.104956e+003,2.521705e-002
2.105438e+003,2.525790e-002
2.105920e+003,2.529431e-002
2.106402e+003,2.533139e-002
2.106884e+003,2.536546e-002
2.107366e+003,2.538964e-002
2.107849e+003,2.539861e-002
2.108331e+003,2.539587e-002
2.108813e+003,2.539335e-002
2.109295e+003,2.541094e-002
2.109777e+003,2.546152e-002
2.110259e+003,2.554729e-002
2.110741e+003,2.565582e-002
2.111223e+003,2.576744e-002
2.111706e+003,2.586048e-002
2.112188e+003,2.592491e-002
2.112670e+003,2.596028e-002
2.113152e+003,2.597355e-002
2.113634e+003,2.597198e-002
2.114116e+003,2.595297e-002
2.114598e+003,2.590585e-002
2.115080e+003,2.581495e-002
2.115563e+003,2.567038e-002
2.116045e+003,2.547481e-002
2.116527e+003,2.524459e-002
2.117009e+003,2.500394e-002
2.117491e+003,2.477485e-002
2.117973e+003,2.456834e-002
2.118455e+003,2.438147e-002
2.118938e+003,2.420464e-002
2.119420e+003,2.402905e-002
2.119902e+003,2.385833e-002
2.120384e+003,2.370615e-002
2.120866e+003,2.359417e-002
2.121348e+003,2.353824e-002
2.121830e+003,2.353918e-002
2.122312e+003,2.357808e-002
2.122794e+003,2.362644e-002
2.123277e+003,2.365404e-002
2.123759e+003,2.364151e-002
2.124241e+003,2.358311e-002
2.124723e+003,2.348613e-002
2.125205e+003,2.335820e-002
2.125687e+003,2.319932e-002
2.126169e+003,2.300031e-002
2.126651e+003,2.274671e-002
2.127134e+003,2.243061e-002
2.127616e+003,2.206090e-002
2.128098e+003,2.166346e-002
2.128580e+003,2.127596e-002
2.129062e+003,2.092930e-002
2.129544e+003,2.063852e-002
2.130026e+003,2.039352e-002
2.130509e+003,2.016890e-002
2.130990e+003,1.994141e-002
2.131473e+003,1.970515e-002
2.131955e+003,1.947930e-002
2.132437e+003,1.930282e-002
2.132919e+003,1.921612e-002
2.133401e+003,1.924327e-002
2.133883e+003,1.937699e-002
2.134365e+003,1.958475e-002
2.134848e+003,1.982053e-002
2.135330e+003,2.004556e-002
2.135812e+003,2.023921e-002
2.136294e+003,2.040201e-002
2.136776e+003,2.054110e-002
2.137258e+003,2.065970e-002
2.137740e+003,2.074490e-002
2.138222e+003,2.077537e-002
2.138705e+003,2.073339e-002
2.139187e+003,2.061957e-002
2.139669e+003,2.045744e-002
2.140151e+003,2.029077e-002
2.140633e+003,2.016087e-002
2.141115e+003,2.008748e-002
2.141597e+003,2.005923e-002
2.142079e+003,2.003648e-002
2.142562e+003,1.997310e-002
2.143044e+003,1.983802e-002
2.143526e+003,1.962434e-002
2.144008e+003,1.936099e-002
2.144490e+003,1.909246e-002
2.144972e+003,1.886189e-002
2.145454e+003,1.869349e-002
2.145937e+003,1.859324e-002
2.146418e+003,1.855316e-002
2.146901e+003,1.856567e-002
2.147383e+003,1.862210e-002
2.147865e+003,1.871645e-002
2.148347e+003,1.882866e-002
2.148829e+003,1.892327e-002
2.149311e+003,1.894895e-002
2.149793e+003,1.885987e-002
2.150276e+003,1.863141e-002
2.150758e+003,1.827943e-002
2.151240e+003,1.785724e-002
2.151722e+003,1.743621e-002
2.152204e+003,1.707481e-002
2.152686e+003,1.678724e-002
2.153168e+003,1.653006e-002
2.153650e+003,1.621946e-002
2.154133e+003,1.576626e-002
2.154615e+003,1.511469e-002
2.155097e+003,1.426808e-002
2.155579e+003,1.331334e-002
2.156061e+003,1.239925e-002
2.156543e+003,1.170376e-002
2.157025e+003,1.141254e-002
2.157507e+003,1.168432e-002
2.157990e+003,1.263324e-002
2.158472e+003,1.429311e-002
2.158954e+003,1.657309e-002
2.159436e+003,1.924210e-002
2.159918e+003,2.196100e-002
2.160400e+003,2.438023e-002
2.160882e+003,2.623598e-002
2.161365e+003,2.741499e-002
2.161846e+003,2.794838e-002
2.162329e+003,2.798413e-002
2.162811e+003,2.772263e-002
2.163293e+003,2.736610e-002
2.163775e+003,2.706806e-002
2.164257e+003,2.690030e-002
2.164739e+003,2.686089e-002
2.165221e+003,2.690371e-002
2.165704e+003,2.697713e-002
2.166186e+003,2.705234e-002
2.166668e+003,2.712545e-002
2.167150e+003,2.720858e-002
2.167632e+003,2.730401e-002
2.168114e+003,2.739632e-002
2.168596e+003,2.744909e-002
2.169078e+003,2.743411e-002
2.169561e+003,2.733593e-002
2.170043e+003,2.716948e-002
2.170525e+003,2.696850e-002
2.171007e+003,2.677036e-002
2.171489e+003,2.658749e-002
2.171971e+003,2.640044e-002
2.172453e+003,2.616841e-002
2.172935e+003,2.585582e-002
2.173417e+003,2.546308e-002
2.173900e+003,2.504073e-002
2.174382e+003,2.467734e-002
2.174864e+003,2.447098e-002
2.175346e+003,2.447655e-002
2.175828e+003,2.467747e-002
2.176310e+003,2.498446e-002
2.176792e+003,2.527353e-002
2.177274e+003,2.542970e-002
2.177757e+003,2.539264e-002
2.178239e+003,2.517039e-002
2.178721e+003,2.482981e-002
2.179203e+003,2.446831e-002
2.179685e+003,2.417227e-002
2.180167e+003,2.399163e-002
2.180649e+003,2.394403e-002
2.181132e+003,2.401870e-002
2.181614e+003,2.420701e-002
2.182096e+003,2.449878e-002
2.182578e+003,2.488735e-002
2.183060e+003,2.535351e-002
2.183542e+003,2.585898e-002
2.184024e+003,2.634417e-002
2.184506e+003,2.675142e-002
2.184989e+003,2.703424e-002
2.185471e+003,2.717805e-002
2.185953e+003,2.719634e-002
2.186435e+003,2.712988e-002
2.186917e+003,2.701933e-002
2.187399e+003,2.689517e-002
2.187881e+003,2.677403e-002
2.188363e+003,2.665777e-002
2.188845e+003,2.655095e-002
2.189328e+003,2.646535e-002
2.189810e+003,2.641656e-002
2.190292e+003,2.641634e-002
2.190774e+003,2.645910e-002
2.191256e+003,2.651733e-002
2.191738e+003,2.654781e-002
2.192220e+003,2.651063e-002
2.192702e+003,2.638880e-002
2.193185e+003,2.619775e-002
2.193667e+003,2.598015e-002
2.194149e+003,2.578790e-002
2.194631e+003,2.566312e-002
2.195113e+003,2.562379e-002
2.195595e+003,2.565856e-002
2.196077e+003,2.574754e-002
2.196560e+003,2.587052e-002
2.197042e+003,2.602685e-002
2.197524e+003,2.622204e-002
2.198006e+003,2.646333e-002
2.198488e+003,2.673616e-002
2.198970e+003,2.700506e-002
2.199452e+003,2.721342e-002
2.199934e+003,2.731134e-002
2.200417e+003,2.727343e-002
2.200899e+003,2.711426e-002
2.201381e+003,2.687982e-002
2.201863e+003,2.663878e-002
2.202345e+003,2.644565e-002
2.202827e+003,2.632997e-002
2.203309e+003,2.628553e-002
2.203791e+003,2.628250e-002
2.204273e+003,2.629005e-002
2.204756e+003,2.628926e-002
2.205238e+003,2.627909e-002
2.205720e+003,2.626914e-002
2.206202e+003,2.626752e-002
2.206684e+003,2.627175e-002
2.207166e+003,2.626863e-002
2.207648e+003,2.624542e-002
2.208130e+003,2.620348e-002
2.208613e+003,2.616498e-002
2.209095e+003,2.616670e-002
2.209577e+003,2.624284e-002
2.210059e+003,2.640406e-002
2.210541e+003,2.663367e-002
2.211023e+003,2.688431e-002
2.211505e+003,2.710549e-002
2.211988e+003,2.726091e-002
2.212469e+003,2.734823e-002
2.212952e+003,2.739312e-002
2.213434e+003,2.743734e-002
2.213916e+003,2.751314e-002
2.214398e+003,2.762733e-002
2.214880e+003,2.775579e-002
2.215362e+003,2.785839e-002
2.215844e+003,2.790118e-002
2.216327e+003,2.787165e-002
2.216809e+003,2.778381e-002
2.217291e+003,2.766955e-002
2.217773e+003,2.755926e-002
2.218255e+003,2.746368e-002
2.218737e+003,2.737238e-002
2.219219e+003,2.726024e-002
2.219701e+003,2.711055e-002
2.220184e+003,2.692768e-002
2.220666e+003,2.674212e-002
2.221148e+003,2.660123e-002
2.221630e+003,2.654866e-002
2.222112e+003,2.660475e-002
2.222594e+003,2.675725e-002
2.223076e+003,2.696640e-002
2.223558e+003,2.718759e-002
2.224041e+003,2.738246e-002
2.224523e+003,2.753316e-002
2.225005e+003,2.764048e-002
2.225487e+003,2.771635e-002
2.225969e+003,2.777033e-002
2.226451e+003,2.780239e-002
2.226933e+003,2.780727e-002
2.227416e+003,2.777835e-002
2.227897e+003,2.772001e-002
2.228380e+003,2.764654e-002
2.228862e+003,2.758033e-002
2.229344e+003,2.754070e-002
2.229826e+003,2.753564e-002
2.230308e+003,2.755976e-002
2.230790e+003,2.760017e-002
2.231272e+003,2.764432e-002
2.231755e+003,2.768818e-002
2.232237e+003,2.773732e-002
2.232719e+003,2.780064e-002
2.233201e+003,2.788210e-002
2.233683e+003,2.797252e-002
2.234165e+003,2.805277e-002
2.234647e+003,2.810441e-002
2.235129e+003,2.811764e-002
2.235612e+003,2.810204e-002
2.236094e+003,2.808027e-002
2.236576e+003,2.808121e-002
2.237058e+003,2.812320e-002
2.237540e+003,2.820329e-002
2.238022e+003,2.829968e-002
2.238504e+003,2.837756e-002
2.238986e+003,2.840972e-002
2.239469e+003,2.838803e-002
2.239951e+003,2.832537e-002
2.240433e+003,2.825008e-002
2.240915e+003,2.819347e-002
2.241397e+003,2.817354e-002
2.241879e+003,2.818932e-002
2.242361e+003,2.822605e-002
2.242844e+003,2.826394e-002
2.243326e+003,2.829229e-002
2.243808e+003,2.831069e-002
2.244290e+003,2.832933e-002
2.244772e+003,2.836038e-002
2.245254e+003,2.840698e-002
2.245736e+003,2.845898e-002
2.246218e+003,2.850041e-002
2.246700e+003,2.851327e-002
2.247183e+003,2.849110e-002
2.247665e+003,2.843810e-002
2.248147e+003,2.836988e-002
2.248629e+003,2.830142e-002
2.249111e+003,2.823890e-002
2.249593e+003,2.817929e-002
2.250075e+003,2.810997e-002
2.250557e+003,2.802313e-002
2.251040e+003,2.792100e-002
2.251522e+003,2.782013e-002
2.252004e+003,2.774886e-002
2.252486e+003,2.773706e-002
2.252968e+003,2.780283e-002
2.253450e+003,2.794790e-002
2.253932e+003,2.815562e-002
2.254415e+003,2.839999e-002
2.254896e+003,2.865114e-002
2.255379e+003,2.888506e-002
2.255861e+003,2.908348e-002
2.256343e+003,2.923626e-002
2.256825e+003,2.933805e-002
2.257307e+003,2.938686e-002
2.257789e+003,2.938520e-002
2.258271e+003,2.934159e-002
2.258754e+003,2.927135e-002
2.259236e+003,2.919316e-002
2.259718e+003,2.912411e-002
2.260200e+003,2.907377e-002
2.260682e+003,2.904039e-002
2.261164e+003,2.901332e-002
2.261646e+003,2.898084e-002
2.262128e+003,2.893762e-002
2.262611e+003,2.888951e-002
2.263093e+003,2.885204e-002
2.263575e+003,2.884683e-002
2.264057e+003,2.888866e-002
2.264539e+003,2.897927e-002
2.265021e+003,2.910834e-002
2.265503e+003,2.925419e-002
2.265985e+003,2.939849e-002
2.266468e+003,2.952863e-002
2.266950e+003,2.964444e-002
2.267432e+003,2.975419e-002
2.267914e+003,2.986895e-002
2.268396e+003,2.999331e-002
2.268878e+003,3.012408e-002
2.269360e+003,3.025158e-002
2.269843e+003,3.036286e-002
2.270324e+003,3.044930e-002
2.270807e+003,3.050831e-002
2.271289e+003,3.054227e-002
2.271771e+003,3.055651e-002
2.272253e+003,3.055710e-002
2.272735e+003,3.054719e-002
2.273217e+003,3.053122e-002
2.273699e+003,3.051430e-002
2.274182e+003,3.050585e-002
2.274664e+003,3.051527e-002
2.275146e+003,3.054911e-002
2.275628e+003,3.060777e-002
2.276110e+003,3.068248e-002
2.276592e+003,3.075909e-002
2.277074e+003,3.082452e-002
2.277556e+003,3.087208e-002
2.278039e+003,3.090455e-002
2.278521e+003,3.093383e-002
2.279003e+003,3.097481e-002
2.279485e+003,3.103857e-002
2.279967e+003,3.112846e-002
2.280449e+003,3.123993e-002
2.280931e+003,3.136401e-002
2.281413e+003,3.149369e-002
2.281896e+003,3.162827e-002
2.282378e+003,3.177004e-002
2.282860e+003,3.192344e-002
2.283342e+003,3.208786e-002
2.283824e+003,3.225559e-002
2.284306e+003,3.241167e-002
2.284788e+003,3.254014e-002
2.285271e+003,3.262902e-002
2.285752e+003,3.267527e-002
2.286235e+003,3.268577e-002
2.286717e+003,3.267207e-002
2.287199e+003,3.264637e-002
2.287681e+003,3.261425e-002
2.288163e+003,3.257568e-002
2.288645e+003,3.252526e-002
2.289127e+003,3.245853e-002
2.289610e+003,3.237452e-002
2.290092e+003,3.227787e-002
2.290574e+003,3.217633e-002
2.291056e+003,3.207694e-002
2.291538e+003,3.198340e-002
2.292020e+003,3.189399e-002
2.292502e+003,3.180525e-002
2.292984e+003,3.171420e-002
2.293467e+003,3.162281e-002
2.293949e+003,3.153633e-002
2.294431e+003,3.146230e-002
2.294913e+003,3.140597e-002
2.295395e+003,3.136618e-002
2.295877e+003,3.133634e-002
2.296359e+003,3.130681e-002
2.296841e+003,3.126987e-002
2.297323e+003,3.122413e-002
2.297806e+003,3.117334e-002
2.298288e+003,3.112763e-002
2.298770e+003,3.109535e-002
2.299252e+003,3.108104e-002
2.299734e+003,3.108300e-002
2.300216e+003,3.109525e-002
2.300698e+003,3.111018e-002
2.301180e+003,3.112395e-002
2.301663e+003,3.113605e-002
2.302145e+003,3.114871e-002
2.302627e+003,3.116617e-002
2.303109e+003,3.118844e-002
2.303591e+003,3.121316e-002
2.304073e+003,3.123671e-002
2.304555e+003,3.125672e-002
2.305038e+003,3.127492e-002
2.305520e+003,3.129683e-002
2.306002e+003,3.132860e-002
2.306484e+003,3.137521e-002
2.306966e+003,3.143556e-002
2.307448e+003,3.150193e-002
2.307930e+003,3.156509e-002
2.308412e+003,3.161573e-002
2.308895e+003,3.165052e-002
2.309377e+003,3.167182e-002
2.309859e+003,3.168539e-002
2.310341e+003,3.169776e-002
2.310823e+003,3.171094e-002
2.311305e+003,3.172309e-002
2.311787e+003,3.173026e-002
2.312269e+003,3.173071e-002
2.312751e+003,3.172728e-002
2.313234e+003,3.172844e-002
2.313716e+003,3.174454e-002
2.314198e+003,3.178400e-002
2.314680e+003,3.184841e-002
2.315162e+003,3.193185e-002
2.315644e+003,3.202468e-002
2.316126e+003,3.211858e-002
2.316608e+003,3.221077e-002
2.317091e+003,3.230500e-002
2.317573e+003,3.240870e-002
2.318055e+003,3.252975e-002
2.318537e+003,3.267126e-002
2.319019e+003,3.283276e-002
2.319501e+003,3.301238e-002
2.319983e+003,3.321252e-002
2.320466e+003,3.344202e-002
2.320948e+003,3.371452e-002
2.321430e+003,3.403788e-002
2.321912e+003,3.440295e-002
2.322394e+003,3.477578e-002
2.322876e+003,3.509749e-002
2.323358e+003,3.529785e-002
2.323840e+003,3.531418e-002
2.324323e+003,3.511073e-002
2.324805e+003,3.468973e-002
2.325287e+003,3.409109e-002
2.325769e+003,3.338135e-002
2.326251e+003,3.263785e-002
2.326733e+003,3.193317e-002
2.327215e+003,3.132159e-002
2.327697e+003,3.083322e-002
2.328179e+003,3.047415e-002
2.328662e+003,3.023016e-002
2.329144e+003,3.007518e-002
2.329626e+003,2.997995e-002
2.330108e+003,2.991926e-002
2.330590e+003,2.987527e-002
2.331072e+003,2.983953e-002
2.331554e+003,2.981156e-002
2.332036e+003,2.979601e-002
2.332519e+003,2.979858e-002
2.333001e+003,2.982321e-002
2.333483e+003,2.986879e-002
2.333965e+003,2.992753e-002
2.334447e+003,2.998797e-002
2.334929e+003,3.003600e-002
2.335411e+003,3.006085e-002
2.335894e+003,3.005909e-002
2.336375e+003,3.003387e-002
2.336858e+003,2.999676e-002
2.337340e+003,2.996108e-002
2.337822e+003,2.993917e-002
2.338304e+003,2.993673e-002
2.338786e+003,2.995303e-002
2.339268e+003,2.998348e-002
2.339750e+003,3.002112e-002
2.340233e+003,3.006085e-002
2.340715e+003,3.009988e-002
2.341197e+003,3.013828e-002
2.341679e+003,3.017622e-002
2.342161e+003,3.021369e-002
2.342643e+003,3.024989e-002
2.343125e+003,3.028547e-002
2.343607e+003,3.032090e-002
2.344090e+003,3.035859e-002
2.344572e+003,3.039845e-002
2.345054e+003,3.043784e-002
2.345536e+003,3.047037e-002
2.346018e+003,3.048640e-002
2.346500e+003,3.047889e-002
2.346982e+003,3.044621e-002
2.347464e+003,3.039268e-002
2.347947e+003,3.032799e-002
2.348429e+003,3.026280e-002
2.348911e+003,3.020784e-002
2.349393e+003,3.016978e-002
2.349875e+003,3.014991e-002
2.350357e+003,3.014430e-002
2.350839e+003,3.014471e-002
2.351322e+003,3.014110e-002
2.351803e+003,3.012497e-002
2.352286e+003,3.009302e-002
2.352768e+003,3.004756e-002
2.353250e+003,2.999518e-002
2.353732e+003,2.994286e-002
2.354214e+003,2.989647e-002
2.354696e+003,2.985921e-002
2.355178e+003,2.983181e-002
2.355661e+003,2.981414e-002
2.356143e+003,2.980697e-002
2.356625e+003,2.980793e-002
2.357107e+003,2.981547e-002
2.357589e+003,2.982230e-002
2.358071e+003,2.982196e-002
2.358553e+003,2.980778e-002
2.359035e+003,2.977871e-002
2.359518e+003,2.973707e-002
2.360000e+003,2.969251e-002
2.360482e+003,2.965430e-002
2.360964e+003,2.962774e-002
2.361446e+003,2.961148e-002
2.361928e+003,2.959779e-002
2.362410e+003,2.957531e-002
2.362892e+003,2.953389e-002
2.363375e+003,2.946642e-002
2.363857e+003,2.937200e-002
2.364339e+003,2.925570e-002
2.364821e+003,2.912382e-002
2.365303e+003,2.898480e-002
2.365785e+003,2.884598e-002
2.366267e+003,2.871527e-002
2.366750e+003,2.860105e-002
2.367232e+003,2.850978e-002
2.367714e+003,2.844647e-002
2.368196e+003,2.841298e-002
2.368678e+003,2.840714e-002
2.369160e+003,2.842334e-002
2.369642e+003,2.845656e-002
2.370124e+003,2.850328e-002
2.370606e+003,2.856311e-002
2.371089e+003,2.863660e-002
2.371571e+003,2.872412e-002
2.372053e+003,2.882323e-002
2.372535e+003,2.892715e-002
2.373017e+003,2.902789e-002
2.373499e+003,2.911727e-002
2.373981e+003,2.919091e-002
2.374463e+003,2.924799e-002
2.374946e+003,2.929238e-002
2.375428e+003,2.932910e-002
2.375910e+003,2.936170e-002
2.376392e+003,2.939196e-002
2.376874e+003,2.941819e-002
2.377356e+003,2.943809e-002
2.377838e+003,2.945014e-002
2.378321e+003,2.945693e-002
2.378802e+003,2.946193e-002
2.379285e+003,2.947041e-002
2.379767e+003,2.948555e-002
2.380249e+003,2.950702e-002
2.380731e+003,2.953232e-002
2.381213e+003,2.955689e-002
2.381695e+003,2.957692e-002
2.382177e+003,2.959095e-002
2.382660e+003,2.959995e-002
2.383142e+003,2.960723e-002
2.383624e+003,2.961517e-002
2.384106e+003,2.962441e-002
2.384588e+003,2.963317e-002
2.385070e+003,2.963819e-002
2.385552e+003,2.963677e-002
2.386034e+003,2.962813e-002
2.386517e+003,2.961539e-002
2.386999e+003,2.960363e-002
2.387481e+003,2.959871e-002
2.387963e+003,2.960517e-002
2.388445e+003,2.962548e-002
2.388927e+003,2.965744e-002
2.389409e+003,2.969675e-002
2.389891e+003,2.973925e-002
2.390374e+003,2.977891e-002
2.390856e+003,2.981198e-002
2.391338e+003,2.983545e-002
2.391820e+003,2.984758e-002
2.392302e+003,2.984878e-002
2.392784e+003,2.984084e-002
2.393266e+003,2.982800e-002
2.393749e+003,2.981671e-002
2.394230e+003,2.981349e-002
2.394713e+003,2.982349e-002
2.395195e+003,2.984763e-002
2.395677e+003,2.988337e-002
2.396159e+003,2.992420e-002
2.396641e+003,2.996291e-002
2.397123e+003,2.999338e-002
2.397605e+003,3.001356e-002
2.398088e+003,3.002474e-002
2.398570e+003,3.003037e-002
2.399052e+003,3.003452e-002
2.399534e+003,3.003925e-002
2.400016e+003,3.004480e-002
2.400498e+003,3.004903e-002
2.400980e+003,3.005130e-002
2.401462e+003,3.005143e-002
2.401945e+003,3.005125e-002
2.402427e+003,3.005310e-002
2.402909e+003,3.005994e-002
2.403391e+003,3.007188e-002
2.403873e+003,3.008931e-002
2.404355e+003,3.011248e-002
2.404837e+003,3.014370e-002
2.405319e+003,3.018764e-002
2.405802e+003,3.024973e-002
2.406284e+003,3.033336e-002
2.406766e+003,3.043704e-002
2.407248e+003,3.055385e-002
2.407730e+003,3.067021e-002
2.408212e+003,3.077257e-002
2.408694e+003,3.084959e-002
2.409177e+003,3.089679e-002
2.409658e+003,3.091720e-002
2.410141e+003,3.091894e-002
2.410623e+003,3.091197e-002
2.411105e+003,3.090383e-002
2.411587e+003,3.089775e-002
2.412069e+003,3.089289e-002
2.412551e+003,3.088696e-002
2.413033e+003,3.087856e-002
2.413516e+003,3.086777e-002
2.413998e+003,3.085894e-002
2.414480e+003,3.085423e-002
2.414962e+003,3.085627e-002
2.415444e+003,3.086309e-002
2.415926e+003,3.087205e-002
2.416408e+003,3.087986e-002
2.416890e+003,3.088520e-002
2.417373e+003,3.088913e-002
2.417855e+003,3.089529e-002
2.418337e+003,3.090633e-002
2.418819e+003,3.092321e-002
2.419301e+003,3.094358e-002
2.419783e+003,3.096444e-002
2.420265e+003,3.098300e-002
2.420747e+003,3.099843e-002
2.421229e+003,3.101336e-002
2.421712e+003,3.103176e-002
2.422194e+003,3.105687e-002
2.422676e+003,3.108877e-002
2.423158e+003,3.112505e-002
2.423640e+003,3.116103e-002
2.424122e+003,3.119279e-002
2.424604e+003,3.121960e-002
2.425086e+003,3.124451e-002
2.425569e+003,3.127217e-002
2.426051e+003,3.130703e-002
2.426533e+003,3.135011e-002
2.427015e+003,3.139769e-002
2.427497e+003,3.144403e-002
2.427979e+003,3.148269e-002
2.428461e+003,3.150991e-002
2.428944e+003,3.152611e-002
2.429426e+003,3.153469e-002
2.429908e+003,3.154112e-002
2.430390e+003,3.154846e-002
2.430872e+003,3.155737e-002
2.431354e+003,3.156669e-002
2.431836e+003,3.157363e-002
2.432318e+003,3.157822e-002
2.432801e+003,3.158191e-002
2.433283e+003,3.158825e-002
2.433765e+003,3.160015e-002
2.434247e+003,3.161805e-002
2.434729e+003,3.163978e-002
2.435211e+003,3.166134e-002
2.435693e+003,3.167908e-002
2.436175e+003,3.169375e-002
2.436657e+003,3.170851e-002
2.437140e+003,3.172910e-002
2.437622e+003,3.176059e-002
2.438104e+003,3.180500e-002
2.438586e+003,3.185992e-002
2.439068e+003,3.191918e-002
2.439550e+003,3.197615e-002
2.440032e+003,3.202596e-002
2.440514e+003,3.206788e-002
2.440997e+003,3.210348e-002
2.441479e+003,3.213667e-002
2.441961e+003,3.216945e-002
2.442443e+003,3.220166e-002
2.442925e+003,3.223105e-002
2.443407e+003,3.225602e-002
2.443889e+003,3.227666e-002
2.444372e+003,3.229463e-002
2.444854e+003,3.231545e-002
2.445336e+003,3.234162e-002
2.445818e+003,3.237448e-002
2.446300e+003,3.241045e-002
2.446782e+003,3.244400e-002
2.447264e+003,3.246979e-002
2.447746e+003,3.248505e-002
2.448229e+003,3.249153e-002
2.448711e+003,3.249574e-002
2.449193e+003,3.250407e-002
2.449675e+003,3.252244e-002
2.450157e+003,3.255254e-002
2.450639e+003,3.259268e-002
2.451121e+003,3.263920e-002
2.451604e+003,3.268935e-002
2.452085e+003,3.274143e-002
2.452568e+003,3.279547e-002
2.453050e+003,3.285188e-002
2.453532e+003,3.290956e-002
2.454014e+003,3.296492e-002
2.454496e+003,3.301233e-002
2.454978e+003,3.304667e-002
2.455460e+003,3.306441e-002
2.455943e+003,3.306502e-002
2.456425e+003,3.305078e-002
2.456907e+003,3.302469e-002
2.457389e+003,3.298909e-002
2.457871e+003,3.294491e-002
2.458353e+003,3.289274e-002
2.458835e+003,3.283307e-002
2.459317e+003,3.276993e-002
2.459800e+003,3.270929e-002
2.460282e+003,3.265805e-002
2.460764e+003,3.262157e-002
2.461246e+003,3.260147e-002
2.461728e+003,3.259424e-002
2.462210e+003,3.259297e-002
2.462692e+003,3.259069e-002
2.463174e+003,3.258276e-002
2.463656e+003,3.256827e-002
2.464139e+003,3.254998e-002
2.464621e+003,3.253228e-002
2.465103e+003,3.251844e-002
2.465585e+003,3.250955e-002
2.466067e+003,3.250496e-002
2.466549e+003,3.250298e-002
2.467031e+003,3.250452e-002
2.467513e+003,3.251172e-002
2.467996e+003,3.252776e-002
2.468478e+003,3.255520e-002
2.468960e+003,3.259420e-002
2.469442e+003,3.264003e-002
2.469924e+003,3.268581e-002
2.470406e+003,3.272526e-002
2.470888e+003,3.275495e-002
2.471371e+003,3.277544e-002
2.471853e+003,3.279002e-002
2.472335e+003,3.280334e-002
2.472817e+003,3.281819e-002
2.473299e+003,3.283397e-002
2.473781e+003,3.284764e-002
2.474263e+003,3.285640e-002
2.474745e+003,3.285976e-002
2.475228e+003,3.285999e-002
2.475710e+003,3.286267e-002
2.476192e+003,3.287211e-002
2.476674e+003,3.288994e-002
2.477156e+003,3.291267e-002
2.477638e+003,3.293356e-002
2.478120e+003,3.294521e-002
2.478602e+003,3.294468e-002
2.479084e+003,3.293338e-002
2.479567e+003,3.291895e-002
2.480049e+003,3.291061e-002
2.480531e+003,3.291599e-002
2.481013e+003,3.293680e-002
2.481495e+003,3.296922e-002
2.481977e+003,3.300548e-002
2.482459e+003,3.303717e-002
2.482941e+003,3.305834e-002
2.483424e+003,3.306832e-002
2.483906e+003,3.306999e-002
2.484388e+003,3.306851e-002
2.484870e+003,3.306738e-002
2.485352e+003,3.306886e-002
2.485834e+003,3.307214e-002
2.486316e+003,3.307677e-002
2.486799e+003,3.308241e-002
2.487281e+003,3.309104e-002
2.487763e+003,3.310595e-002
2.488245e+003,3.312903e-002
2.488727e+003,3.316071e-002
2.489209e+003,3.319970e-002
2.489691e+003,3.324263e-002
2.490173e+003,3.328795e-002
2.490656e+003,3.333388e-002
2.491138e+003,3.338154e-002
2.491620e+003,3.343253e-002
2.492102e+003,3.348840e-002
2.492584e+003,3.354795e-002
2.493066e+003,3.360965e-002
2.493548e+003,3.366942e-002
2.494030e+003,3.372597e-002
2.494512e+003,3.377767e-002
2.494995e+003,3.382617e-002
2.495477e+003,3.387135e-002
2.495959e+003,3.391331e-002
2.496441e+003,3.394828e-002
2.496923e+003,3.397191e-002
2.497405e+003,3.397941e-002
2.497887e+003,3.396871e-002
2.498370e+003,3.394230e-002
2.498852e+003,3.390631e-002
2.499334e+003,3.386979e-002
2.499816e+003,3.383992e-002
2.500298e+003,3.382140e-002
2.500780e+003,3.381348e-002
2.501262e+003,3.381239e-002
2.501744e+003,3.381241e-002
2.502227e+003,3.380866e-002
2.502709e+003,3.379977e-002
2.503191e+003,3.378592e-002
2.503673e+003,3.376975e-002
2.504155e+003,3.375392e-002
2.504637e+003,3.374030e-002
2.505119e+003,3.373027e-002
2.505601e+003,3.372528e-002
2.506083e+003,3.372655e-002
2.506566e+003,3.373758e-002
2.507048e+003,3.376001e-002
2.507530e+003,3.379573e-002
2.508012e+003,3.384199e-002
2.508494e+003,3.389506e-002
2.508976e+003,3.394857e-002
2.509458e+003,3.399713e-002
2.509940e+003,3.403627e-002
2.510423e+003,3.406606e-002
2.510905e+003,3.408797e-002
2.511387e+003,3.410679e-002
2.511869e+003,3.412716e-002
2.512351e+003,3.415227e-002
2.512833e+003,3.418425e-002
2.513315e+003,3.422320e-002
2.513798e+003,3.426749e-002
2.514280e+003,3.431577e-002
2.514762e+003,3.436508e-002
2.515244e+003,3.441286e-002
2.515726e+003,3.445628e-002
2.516208e+003,3.449343e-002
2.516690e+003,3.452387e-002
2.517172e+003,3.454796e-002
2.517655e+003,3.456827e-002
2.518137e+003,3.458875e-002
2.518619e+003,3.461252e-002
2.519101e+003,3.464197e-002
2.519583e+003,3.467713e-002
2.520065e+003,3.471565e-002
2.520547e+003,3.475419e-002
2.521029e+003,3.478835e-002
2.521511e+003,3.481380e-002
2.521994e+003,3.482917e-002
2.522476e+003,3.483263e-002
2.522958e+003,3.482610e-002
2.523440e+003,3.481290e-002
2.523922e+003,3.479771e-002
2.524404e+003,3.478657e-002
2.524886e+003,3.478570e-002
2.525368e+003,3.479908e-002
2.525851e+003,3.482896e-002
2.526333e+003,3.487388e-002
2.526815e+003,3.492946e-002
2.527297e+003,3.499007e-002
2.527779e+003,3.505053e-002
2.528261e+003,3.510669e-002
2.528743e+003,3.515880e-002
2.529226e+003,3.520816e-002
2.529708e+003,3.525642e-002
2.530190e+003,3.530391e-002
2.530672e+003,3.534943e-002
2.531154e+003,3.538891e-002
2.531636e+003,3.541895e-002
2.532118e+003,3.543713e-002
2.532600e+003,3.544552e-002
2.533083e+003,3.544803e-002
2.533565e+003,3.544966e-002
2.534047e+003,3.545650e-002
2.534529e+003,3.547052e-002
2.535011e+003,3.549071e-002
2.535493e+003,3.551395e-002
2.535975e+003,3.553615e-002
2.536457e+003,3.555480e-002
2.536939e+003,3.556850e-002
2.537422e+003,3.557847e-002
2.537904e+003,3.558628e-002
2.538386e+003,3.559469e-002
2.538868e+003,3.560423e-002
2.539350e+003,3.561708e-002
2.539832e+003,3.563375e-002
2.540314e+003,3.565616e-002
2.540796e+003,3.568457e-002
2.541279e+003,3.572004e-002
2.541761e+003,3.576040e-002
2.542243e+003,3.580260e-002
2.542725e+003,3.584229e-002
2.543207e+003,3.587711e-002
2.543689e+003,3.590558e-002
2.544171e+003,3.593112e-002
2.544654e+003,3.595709e-002
2.545135e+003,3.598847e-002
2.545618e+003,3.602657e-002
2.546100e+003,3.606948e-002
2.546582e+003,3.611319e-002
2.547064e+003,3.615290e-002
2.547546e+003,3.618555e-002
2.548028e+003,3.621273e-002
2.548510e+003,3.623825e-002
2.548993e+003,3.626824e-002
2.549475e+003,3.630748e-002
2.549957e+003,3.635677e-002
2.550439e+003,3.641369e-002
2.550921e+003,3.647255e-002
2.551403e+003,3.652898e-002
2.551885e+003,3.658036e-002
2.552367e+003,3.662704e-002
2.552850e+003,3.667147e-002
2.553332e+003,3.671617e-002
2.553814e+003,3.676125e-002
2.554296e+003,3.680221e-002
2.554778e+003,3.683480e-002
2.555260e+003,3.685296e-002
2.555742e+003,3.685562e-002
2.556224e+003,3.684366e-002
2.556707e+003,3.682302e-002
2.557189e+003,3.679975e-002
2.557671e+003,3.677910e-002
2.558153e+003,3.676517e-002
2.558635e+003,3.675922e-002
2.559117e+003,3.676141e-002
2.559599e+003,3.677369e-002
2.560082e+003,3.679781e-002
2.560563e+003,3.683648e-002
2.561046e+003,3.689060e-002
2.561528e+003,3.695818e-002
2.562010e+003,3.703279e-002
2.562492e+003,3.710683e-002
2.562974e+003,3.717246e-002
2.563456e+003,3.722477e-002
2.563938e+003,3.726367e-002
2.564421e+003,3.729273e-002
2.564903e+003,3.731784e-002
2.565385e+003,3.734481e-002
2.565867e+003,3.737706e-002
2.566349e+003,3.741521e-002
2.566831e+003,3.745927e-002
2.567313e+003,3.750748e-002
2.567795e+003,3.756028e-002
2.568278e+003,3.761882e-002
2.568760e+003,3.768416e-002
2.569242e+003,3.775692e-002
2.569724e+003,3.783552e-002
2.570206e+003,3.791716e-002
2.570688e+003,3.799794e-002
2.571170e+003,3.807585e-002
2.571652e+003,3.814858e-002
2.572135e+003,3.821667e-002
2.572617e+003,3.828127e-002
2.573099e+003,3.834305e-002
2.573581e+003,3.840284e-002
2.574063e+003,3.846034e-002
2.574545e+003,3.851611e-002
2.575027e+003,3.857225e-002
2.575510e+003,3.863079e-002
2.575991e+003,3.869466e-002
2.576474e+003,3.876464e-002
2.576956e+003,3.884014e-002
2.577438e+003,3.891655e-002
2.577920e+003,3.898989e-002
2.578402e+003,3.905531e-002
2.578884e+003,3.911120e-002
2.579366e+003,3.915789e-002
2.579849e+003,3.919911e-002
2.580331e+003,3.923734e-002
2.580813e+003,3.927540e-002
2.581295e+003,3.931286e-002
2.581777e+003,3.934819e-002
2.582259e+003,3.937921e-002
2.582741e+003,3.940650e-002
2.583223e+003,3.943061e-002
2.583706e+003,3.945447e-002
2.584188e+003,3.947965e-002
2.584670e+003,3.950583e-002
2.585152e+003,3.952881e-002
2.585634e+003,3.954221e-002
2.586116e+003,3.954000e-002
2.586598e+003,3.951896e-002
2.587080e+003,3.947954e-002
2.587563e+003,3.942811e-002
2.588045e+003,3.937355e-002
2.588527e+003,3.932467e-002
2.589009e+003,3.928899e-002
2.589491e+003,3.927001e-002
2.589973e+003,3.926630e-002
2.590455e+003,3.927414e-002
2.590938e+003,3.928892e-002
2.591419e+003,3.930574e-002
2.591902e+003,3.932168e-002
2.592384e+003,3.933612e-002
2.592866e+003,3.934948e-002
2.593348e+003,3.936329e-002
2.593830e+003,3.937925e-002
2.594312e+003,3.939885e-002
2.594794e+003,3.942353e-002
2.595277e+003,3.945267e-002
2.595759e+003,3.948522e-002
2.596241e+003,3.951856e-002
2.596723e+003,3.955085e-002
2.597205e+003,3.958093e-002
2.597687e+003,3.961002e-002
2.598169e+003,3.964083e-002
2.598651e+003,3.967832e-002
2.599134e+003,3.972645e-002
2.599616e+003,3.978709e-002
2.600098e+003,3.985979e-002
2.600580e+003,3.994002e-002
2.601062e+003,4.002297e-002
2.601544e+003,4.010335e-002
2.602026e+003,4.017832e-002
2.602508e+003,4.024706e-002
2.602990e+003,4.031127e-002
2.603473e+003,4.037309e-002
2.603955e+003,4.043439e-002
2.604437e+003,4.049519e-002
2.604919e+003,4.055475e-002
2.605401e+003,4.061129e-002
2.605883e+003,4.066517e-002
2.606365e+003,4.071620e-002
2.606847e+003,4.076663e-002
2.607330e+003,4.081760e-002
2.607812e+003,4.087029e-002
2.608294e+003,4.092399e-002
2.608776e+003,4.097816e-002
2.609258e+003,4.103092e-002
2.609740e+003,4.108252e-002
2.610222e+003,4.113315e-002
2.610705e+003,4.118453e-002
2.611187e+003,4.123826e-002
2.611669e+003,4.129541e-002
2.612151e+003,4.135599e-002
2.612633e+003,4.141955e-002
2.613115e+003,4.148513e-002
2.613597e+003,4.155287e-002
2.614079e+003,4.162172e-002
2.614562e+003,4.169176e-002
2.615044e+003,4.176085e-002
2.615526e+003,4.182663e-002
2.616008e+003,4.188461e-002
2.616490e+003,4.193263e-002
2.616972e+003,4.196906e-002
2.617454e+003,4.199470e-002
2.617936e+003,4.201297e-002
2.618418e+003,4.202817e-002
2.618901e+003,4.204401e-002
2.619383e+003,4.206220e-002
2.619865e+003,4.208301e-002
2.620347e+003,4.210490e-002
2.620829e+003,4.212679e-002
2.621311e+003,4.214967e-002
2.621793e+003,4.217384e-002
2.622276e+003,4.220179e-002
2.622758e+003,4.223382e-002
2.623240e+003,4.226981e-002
2.623722e+003,4.230581e-002
2.624204e+003,4.233805e-002
2.624686e+003,4.236351e-002
2.625168e+003,4.238086e-002
2.625650e+003,4.239227e-002
2.626133e+003,4.240140e-002
2.626615e+003,4.241262e-002
2.627097e+003,4.242880e-002
2.627579e+003,4.245150e-002
2.628061e+003,4.247999e-002
2.628543e+003,4.251255e-002
2.629025e+003,4.254847e-002
2.629507e+003,4.258702e-002
2.629990e+003,4.262901e-002
2.630472e+003,4.267384e-002
2.630954e+003,4.272075e-002
2.631436e+003,4.276651e-002
2.631918e+003,4.280774e-002
2.632400e+003,4.284202e-002
2.632882e+003,4.286889e-002
2.633364e+003,4.289043e-002
2.633846e+003,4.291077e-002
2.634329e+003,4.293467e-002
2.634811e+003,4.296519e-002
2.635293e+003,4.300325e-002
2.635775e+003,4.304783e-002
2.636257e+003,4.309661e-002
2.636739e+003,4.314831e-002
2.637221e+003,4.320266e-002
2.637704e+003,4.326121e-002
2.638186e+003,4.332494e-002
2.638668e+003,4.339478e-002
2.639150e+003,4.346910e-002
2.639632e+003,4.354391e-002
2.640114e+003,4.361466e-002
2.640596e+003,4.367888e-002
2.641078e+003,4.373403e-002
2.641561e+003,4.378239e-002
2.642043e+003,4.382630e-002
2.642525e+003,4.386906e-002
2.643007e+003,4.391263e-002
2.643489e+003,4.395759e-002
2.643971e+003,4.400211e-002
2.644453e+003,4.404528e-002
2.644935e+003,4.408563e-002
2.645417e+003,4.412391e-002
2.645900e+003,4.416138e-002
2.646382e+003,4.419995e-002
2.646864e+003,4.424063e-002
2.647346e+003,4.428451e-002
2.647828e+003,4.433106e-002
2.648310e+003,4.437944e-002
2.648792e+003,4.442903e-002
2.649274e+003,4.447917e-002
2.649757e+003,4.452979e-002
2.650239e+003,4.458025e-002
2.650721e+003,4.462980e-002
2.651203e+003,4.467665e-002
2.651685e+003,4.471912e-002
2.652167e+003,4.475694e-002
2.652649e+003,4.478966e-002
2.653132e+003,4.481890e-002
2.653614e+003,4.484689e-002
2.654096e+003,4.487542e-002
2.654578e+003,4.490506e-002
2.655060e+003,4.493509e-002
2.655542e+003,4.496447e-002
2.656024e+003,4.499102e-002
2.656506e+003,4.501338e-002
2.656989e+003,4.503052e-002
2.657471e+003,4.504199e-002
2.657953e+003,4.504741e-002
2.658435e+003,4.504596e-002
2.658917e+003,4.503664e-002
2.659399e+003,4.501731e-002
2.659881e+003,4.498709e-002
2.660363e+003,4.494565e-002
2.660845e+003,4.489358e-002
2.661328e+003,4.483260e-002
2.661810e+003,4.476535e-002
2.662292e+003,4.469397e-002
2.662774e+003,4.462117e-002
2.663256e+003,4.454836e-002
2.663738e+003,4.447782e-002
2.664220e+003,4.441138e-002
2.664702e+003,4.435172e-002
2.665185e+003,4.430038e-002
2.665667e+003,4.425865e-002
2.666149e+003,4.422646e-002
2.666631e+003,4.420306e-002
2.667113e+003,4.418727e-002
2.667595e+003,4.417736e-002
2.668077e+003,4.417238e-002
2.668560e+003,4.417248e-002
2.669042e+003,4.417779e-002
2.669524e+003,4.418824e-002
2.670006e+003,4.420387e-002
2.670488e+003,4.422388e-002
2.670970e+003,4.424722e-002
2.671452e+003,4.427286e-002
2.671934e+003,4.430035e-002
2.672417e+003,4.433024e-002
2.672899e+003,4.436271e-002
2.673381e+003,4.439805e-002
2.673863e+003,4.443643e-002
2.674345e+003,4.447750e-002
2.674827e+003,4.451913e-002
2.675309e+003,4.456040e-002
2.675791e+003,4.460003e-002
2.676273e+003,4.463673e-002
2.676756e+003,4.467011e-002
2.677238e+003,4.469936e-002
2.677720e+003,4.472409e-002
2.678202e+003,4.474367e-002
2.678684e+003,4.475828e-002
2.679166e+003,4.476938e-002
2.679648e+003,4.477800e-002
2.680130e+003,4.478715e-002
2.680613e+003,4.479853e-002
2.681095e+003,4.481435e-002
2.681577e+003,4.483385e-002
2.682059e+003,4.485660e-002
2.682541e+003,4.488083e-002
2.683023e+003,4.490497e-002
2.683505e+003,4.492848e-002
2.683988e+003,4.495161e-002
2.684469e+003,4.497541e-002
2.684952e+003,4.500068e-002
2.685434e+003,4.502827e-002
2.685916e+003,4.505745e-002
2.686398e+003,4.508737e-002
2.686880e+003,4.511711e-002
2.687362e+003,4.514538e-002
2.687844e+003,4.517191e-002
2.688327e+003,4.519649e-002
2.688809e+003,4.521969e-002
2.689291e+003,4.524048e-002
2.689773e+003,4.525972e-002
2.690255e+003,4.527681e-002
2.690737e+003,4.529225e-002
2.691219e+003,4.530667e-002
2.691701e+003,4.532202e-002
2.692184e+003,4.533941e-002
2.692666e+003,4.535986e-002
2.693148e+003,4.538237e-002
2.693630e+003,4.540626e-002
2.694112e+003,4.542989e-002
2.694594e+003,4.545259e-002
2.695076e+003,4.547456e-002
2.695558e+003,4.549774e-002
2.696041e+003,4.552444e-002
2.696523e+003,4.555710e-002
2.697005e+003,4.559740e-002
2.697487e+003,4.564440e-002
2.697969e+003,4.569699e-002
2.698451e+003,4.575257e-002
2.698933e+003,4.580881e-002
2.699416e+003,4.586369e-002
2.699897e+003,4.591709e-002
2.700380e+003,4.596949e-002
2.700862e+003,4.602312e-002
2.701344e+003,4.607899e-002
2.701826e+003,4.613889e-002
2.702308e+003,4.620366e-002
2.702790e+003,4.627375e-002
2.703272e+003,4.634854e-002
2.703755e+003,4.642660e-002
2.704237e+003,4.650620e-002
2.704719e+003,4.658544e-002
2.705201e+003,4.666359e-002
2.705683e+003,4.674029e-002
2.706165e+003,4.681664e-002
2.706647e+003,4.689508e-002
2.707129e+003,4.697736e-002
2.707612e+003,4.706547e-002
2.708094e+003,4.715987e-002
2.708576e+003,4.725870e-002
2.709058e+003,4.735952e-002
2.709540e+003,4.745993e-002
2.710022e+003,4.755840e-002
2.710504e+003,4.765580e-002
2.710986e+003,4.775399e-002
2.711469e+003,4.785670e-002
2.711951e+003,4.796666e-002
2.712433e+003,4.808602e-002
2.712915e+003,4.821491e-002
2.713397e+003,4.835198e-002
2.713879e+003,4.849586e-002
2.714361e+003,4.864487e-002
2.714844e+003,4.879855e-002
2.715325e+003,4.895726e-002
2.715808e+003,4.912129e-002
2.716290e+003,4.929028e-002
2.716772e+003,4.946292e-002
2.717254e+003,4.963648e-002
2.717736e+003,4.980816e-002
2.718218e+003,4.997567e-002
2.718700e+003,5.013613e-002
2.719183e+003,5.028830e-002
2.719665e+003,5.042962e-002
2.720147e+003,5.055812e-002
2.720629e+003,5.067124e-002
2.721111e+003,5.076540e-002
2.721593e+003,5.083756e-002
2.722075e+003,5.088554e-002
2.722557e+003,5.090924e-002
2.723040e+003,5.090940e-002
2.723522e+003,5.088969e-002
2.724004e+003,5.085281e-002
2.724486e+003,5.080272e-002
2.724968e+003,5.074301e-002
2.725450e+003,5.067639e-002
2.725932e+003,5.060541e-002
2.726414e+003,5.053235e-002
2.726896e+003,5.045859e-002
2.727379e+003,5.038546e-002
2.727861e+003,5.031299e-002
2.728343e+003,5.024039e-002
2.728825e+003,5.016748e-002
2.729307e+003,5.009437e-002
2.729789e+003,5.002217e-002
2.730271e+003,4.995344e-002
2.730753e+003,4.989167e-002
2.731236e+003,4.984016e-002
2.731718e+003,4.980063e-002
2.732200e+003,4.977354e-002
2.732682e+003,4.975684e-002
2.733164e+003,4.974785e-002
2.733646e+003,4.974340e-002
2.734128e+003,4.974095e-002
2.734611e+003,4.973951e-002
2.735093e+003,4.973959e-002
2.735575e+003,4.974145e-002
2.736057e+003,4.974530e-002
2.736539e+003,4.975066e-002
2.737021e+003,4.975536e-002
2.737503e+003,4.975675e-002
2.737985e+003,4.975293e-002
2.738468e+003,4.974249e-002
2.738950e+003,4.972721e-002
2.739432e+003,4.970871e-002
2.739914e+003,4.969105e-002
2.740396e+003,4.967697e-002
2.740878e+003,4.966924e-002
2.741360e+003,4.966766e-002
2.741842e+003,4.967193e-002
2.742324e+003,4.967924e-002
2.742807e+003,4.968760e-002
2.743289e+003,4.969463e-002
2.743771e+003,4.970072e-002
2.744253e+003,4.970679e-002
2.744735e+003,4.971647e-002
2.745217e+003,4.973232e-002
2.745699e+003,4.975736e-002
2.746182e+003,4.979229e-002
2.746664e+003,4.983614e-002
2.747146e+003,4.988588e-002
2.747628e+003,4.993841e-002
2.748110e+003,4.999027e-002
2.748592e+003,5.003884e-002
2.749074e+003,5.008332e-002
2.749556e+003,5.012422e-002
2.750039e+003,5.016200e-002
2.750521e+003,5.019854e-002
2.751003e+003,5.023500e-002
2.751485e+003,5.027195e-002
2.751967e+003,5.031062e-002
2.752449e+003,5.035160e-002
2.752931e+003,5.039618e-002
2.753413e+003,5.044526e-002
2.753896e+003,5.050055e-002
2.754378e+003,5.056193e-002
2.754860e+003,5.062840e-002
2.755342e+003,5.069850e-002
2.755824e+003,5.077101e-002
2.756306e+003,5.084459e-002
2.756788e+003,5.091801e-002
2.757270e+003,5.099251e-002
2.757752e+003,5.106855e-002
2.758235e+003,5.114653e-002
2.758717e+003,5.122693e-002
2.759199e+003,5.130858e-002
2.759681e+003,5.139076e-002
2.760163e+003,5.147162e-002
2.760645e+003,5.155012e-002
2.761127e+003,5.162589e-002
2.761610e+003,5.169996e-002
2.762092e+003,5.177253e-002
2.762574e+003,5.184531e-002
2.763056e+003,5.191917e-002
2.763538e+003,5.199536e-002
2.764020e+003,5.207415e-002
2.764502e+003,5.215517e-002
2.764984e+003,5.223842e-002
2.765467e+003,5.232266e-002
2.765949e+003,5.240665e-002
2.766431e+003,5.248941e-002
2.766913e+003,5.257029e-002
2.767395e+003,5.264930e-002
2.767877e+003,5.272774e-002
2.768359e+003,5.280661e-002
2.768841e+003,5.288838e-002
2.769323e+003,5.297333e-002
2.769806e+003,5.306274e-002
2.770288e+003,5.315496e-002
2.770770e+003,5.324857e-002
2.771252e+003,5.334191e-002
2.771734e+003,5.343298e-002
2.772216e+003,5.352169e-002
2.772698e+003,5.360774e-002
2.773180e+003,5.369287e-002
2.773663e+003,5.377802e-002
2.774145e+003,5.386512e-002
2.774627e+003,5.395601e-002
2.775109e+003,5.405193e-002
2.775591e+003,5.415482e-002
2.776073e+003,5.426573e-002
2.776555e+003,5.438516e-002
2.777038e+003,5.451291e-002
2.777520e+003,5.464698e-002
2.778002e+003,5.478465e-002
2.778484e+003,5.492308e-002
2.778966e+003,5.506097e-002
2.779448e+003,5.519796e-002
2.779930e+003,5.533550e-002
2.780412e+003,5.547597e-002
2.780895e+003,5.562183e-002
2.781377e+003,5.577458e-002
2.781859e+003,5.593409e-002
2.782341e+003,5.609770e-002
2.782823e+003,5.626351e-002
2.783305e+003,5.642912e-002
2.783787e+003,5.659401e-002
2.784269e+003,5.676007e-002
2.784751e+003,5.692956e-002
2.785234e+003,5.710744e-002
2.785716e+003,5.729530e-002
2.786198e+003,5.749543e-002
2.786680e+003,5.770699e-002
2.787162e+003,5.792815e-002
2.787644e+003,5.815561e-002
2.788126e+003,5.838640e-002
2.788608e+003,5.861691e-002
2.789091e+003,5.884405e-002
2.789573e+003,5.906402e-002
2.790055e+003,5.927487e-002
2.790537e+003,5.947496e-002
2.791019e+003,5.966445e-002
2.791501e+003,5.984460e-002
2.791983e+003,6.001891e-002
2.792466e+003,6.018980e-002
2.792948e+003,6.035960e-002
2.793430e+003,6.052928e-002
2.793912e+003,6.069824e-002
2.794394e+003,6.086428e-002
2.794876e+003,6.102581e-002
2.795358e+003,6.118175e-002
2.795840e+003,6.133300e-002
2.796323e+003,6.148206e-002
2.796805e+003,6.163207e-002
2.797287e+003,6.178663e-002
2.797769e+003,6.194954e-002
2.798251e+003,6.212289e-002
2.798733e+003,6.230917e-002
2.799215e+003,6.250981e-002
2.799697e+003,6.272704e-002
2.800179e+003,6.296187e-002
2.800662e+003,6.321511e-002
2.801144e+003,6.348588e-002
2.801626e+003,6.377186e-002
2.802108e+003,6.407061e-002
2.802590e+003,6.437854e-002
2.803072e+003,6.469293e-002
2.803554e+003,6.501199e-002
2.804036e+003,6.533457e-002
2.804519e+003,6.565998e-002
2.805001e+003,6.598657e-002
2.805483e+003,6.631198e-002
2.805965e+003,6.663285e-002
2.806447e+003,6.694555e-002
2.806929e+003,6.724764e-002
2.807411e+003,6.753828e-002
2.807894e+003,6.781867e-002
2.808375e+003,6.809251e-002
2.808858e+003,6.836353e-002
2.809340e+003,6.863570e-002
2.809822e+003,6.891215e-002
2.810304e+003,6.919466e-002
2.810786e+003,6.948323e-002
2.811268e+003,6.977866e-002
2.811750e+003,7.007941e-002
2.812233e+003,7.038583e-002
2.812715e+003,7.069778e-002
2.813197e+003,7.101590e-002
2.813679e+003,7.134143e-002
2.814161e+003,7.167576e-002
2.814643e+003,7.202204e-002
2.815125e+003,7.238200e-002
2.815607e+003,7.275949e-002
2.816090e+003,7.315594e-002
2.816572e+003,7.357328e-002
2.817054e+003,7.401179e-002
2.817536e+003,7.447153e-002
2.818018e+003,7.495195e-002
2.818500e+003,7.545415e-002
2.818982e+003,7.598048e-002
2.819464e+003,7.653353e-002
2.819947e+003,7.711785e-002
2.820429e+003,7.773811e-002
2.820911e+003,7.839803e-002
2.821393e+003,7.910138e-002
2.821875e+003,7.985176e-002
2.822357e+003,8.065147e-002
2.822839e+003,8.150465e-002
2.823322e+003,8.241520e-002
2.823803e+003,8.338851e-002
2.824286e+003,8.443056e-002
2.824768e+003,8.554929e-002
2.825250e+003,8.675360e-002
2.825732e+003,8.805501e-002
2.826214e+003,8.946731e-002
2.826696e+003,9.100643e-002
2.827178e+003,9.269119e-002
2.827661e+003,9.454152e-002
2.828143e+003,9.657705e-002
2.828625e+003,9.881730e-002
2.829107e+003,1.012791e-001
2.829589e+003,1.039777e-001
2.830071e+003,1.069236e-001
2.830553e+003,1.101221e-001
2.831035e+003,1.135706e-001
2.831518e+003,1.172548e-001
2.832000e+003,1.211463e-001
2.832482e+003,1.251990e-001
2.832964e+003,1.293495e-001
2.833446e+003,1.335181e-001
2.833928e+003,1.376129e-001
2.834410e+003,1.415348e-001
2.834892e+003,1.451843e-001
2.835375e+003,1.484680e-001
2.835857e+003,1.513029e-001
2.836339e+003,1.536198e-001
2.836821e+003,1.553655e-001
2.837303e+003,1.565056e-001
2.837785e+003,1.570249e-001
2.838267e+003,1.569283e-001
2.838750e+003,1.562385e-001
2.839231e+003,1.549954e-001
2.839714e+003,1.532506e-001
2.840196e+003,1.510656e-001
2.840678e+003,1.485076e-001
2.841160e+003,1.456482e-001
2.841642e+003,1.425612e-001
2.842124e+003,1.393234e-001
2.842606e+003,1.360086e-001
2.843089e+003,1.326871e-001
2.843571e+003,1.294216e-001
2.844053e+003,1.262647e-001
2.844535e+003,1.232571e-001
2.845017e+003,1.204292e-001
2.845499e+003,1.177998e-001
2.845981e+003,1.153796e-001
2.846463e+003,1.131721e-001
2.846946e+003,1.111733e-001
2.847428e+003,1.093746e-001
2.847910e+003,1.077628e-001
2.848392e+003,1.063220e-001
2.848874e+003,1.050375e-001
2.849356e+003,1.038957e-001
2.849838e+003,1.028891e-001
2.850320e+003,1.020127e-001
2.850802e+003,1.012681e-001
2.851285e+003,1.006577e-001
2.851767e+003,1.001869e-001
2.852249e+003,9.986110e-002
2.852731e+003,9.968689e-002
2.853213e+003,9.967137e-002
2.853695e+003,9.982308e-002
2.854177e+003,1.001521e-001
2.854659e+003,1.006714e-001
2.855142e+003,1.013946e-001
2.855624e+003,1.023365e-001
2.856106e+003,1.035128e-001
2.856588e+003,1.049401e-001
2.857070e+003,1.066359e-001
2.857552e+003,1.086187e-001
2.858034e+003,1.109076e-001
2.858517e+003,1.135186e-001
2.858999e+003,1.164632e-001
2.859481e+003,1.197431e-001
2.859963e+003,1.233460e-001
2.860445e+003,1.272409e-001
2.860927e+003,1.313760e-001
2.861409e+003,1.356768e-001
2.861891e+003,1.400477e-001
2.862374e+003,1.443763e-001
2.862856e+003,1.485383e-001
2.863338e+003,1.524079e-001
2.863820e+003,1.558670e-001
2.864302e+003,1.588176e-001
2.864784e+003,1.611903e-001
2.865266e+003,1.629524e-001
2.865748e+003,1.641096e-001
2.866230e+003,1.647032e-001
2.866713e+003,1.648021e-001
2.867195e+003,1.644944e-001
2.867677e+003,1.638749e-001
2.868159e+003,1.630378e-001
2.868641e+003,1.620694e-001
2.869123e+003,1.610448e-001
2.869605e+003,1.600261e-001
2.870088e+003,1.590641e-001
2.870570e+003,1.581964e-001
2.871052e+003,1.574503e-001
2.871534e+003,1.568465e-001
2.872016e+003,1.563980e-001
2.872498e+003,1.561128e-001
2.872980e+003,1.559943e-001
2.873462e+003,1.560370e-001
2.873945e+003,1.562274e-001
2.874427e+003,1.565380e-001
2.874909e+003,1.569296e-001
2.875391e+003,1.573522e-001
2.875873e+003,1.577513e-001
2.876355e+003,1.580718e-001
2.876837e+003,1.582689e-001
2.877319e+003,1.583101e-001
2.877802e+003,1.581817e-001
2.878284e+003,1.578839e-001
2.878766e+003,1.574321e-001
2.879248e+003,1.568506e-001
2.879730e+003,1.561702e-001
2.880212e+003,1.554243e-001
2.880694e+003,1.546467e-001
2.881176e+003,1.538692e-001
2.881658e+003,1.531192e-001
2.882141e+003,1.524182e-001
2.882623e+003,1.517790e-001
2.883105e+003,1.512074e-001
2.883587e+003,1.507022e-001
2.884069e+003,1.502582e-001
2.884551e+003,1.498698e-001
2.885033e+003,1.495321e-001
2.885516e+003,1.492437e-001
2.885998e+003,1.490049e-001
2.886480e+003,1.488190e-001
2.886962e+003,1.486889e-001
2.887444e+003,1.486196e-001
2.887926e+003,1.486154e-001
2.888408e+003,1.486825e-001
2.888890e+003,1.488270e-001
2.889373e+003,1.490573e-001
2.889855e+003,1.493810e-001
2.890337e+003,1.498058e-001
2.890819e+003,1.503390e-001
2.891301e+003,1.509879e-001
2.891783e+003,1.517598e-001
2.892265e+003,1.526629e-001
2.892747e+003,1.537060e-001
2.893229e+003,1.548970e-001
2.893712e+003,1.562419e-001
2.894194e+003,1.577434e-001
2.894676e+003,1.593992e-001
2.895158e+003,1.612040e-001
2.895640e+003,1.631498e-001
2.896122e+003,1.652280e-001
2.896604e+003,1.674297e-001
2.897086e+003,1.697474e-001
2.897569e+003,1.721717e-001
2.898051e+003,1.746941e-001
2.898533e+003,1.773014e-001
2.899015e+003,1.799816e-001
2.899497e+003,1.827207e-001
2.899979e+003,1.855068e-001
2.900461e+003,1.883300e-001
2.900944e+003,1.911827e-001
2.901426e+003,1.940559e-001
2.901908e+003,1.969397e-001
2.902390e+003,1.998198e-001
2.902872e+003,2.026777e-001
2.903354e+003,2.054927e-001
2.903836e+003,2.082441e-001
2.904318e+003,2.109139e-001
2.904801e+003,2.134894e-001
2.905283e+003,2.159634e-001
2.905765e+003,2.183358e-001
2.906247e+003,2.206146e-001
2.906729e+003,2.228154e-001
2.907211e+003,2.249653e-001
2.907693e+003,2.271027e-001
2.908175e+003,2.292763e-001
2.908657e+003,2.315436e-001
2.909140e+003,2.339639e-001
2.909622e+003,2.365945e-001
2.910104e+003,2.394818e-001
2.910586e+003,2.426584e-001
2.911068e+003,2.461386e-001
2.911550e+003,2.499151e-001
2.912032e+003,2.539578e-001
2.912514e+003,2.582107e-001
2.912997e+003,2.625891e-001
2.913479e+003,2.669825e-001
2.913961e+003,2.712536e-001
2.914443e+003,2.752488e-001
2.914925e+003,2.788073e-001
2.915407e+003,2.817769e-001
2.915889e+003,2.840270e-001
2.916372e+003,2.854618e-001
2.916854e+003,2.860268e-001
2.917336e+003,2.857120e-001
2.917818e+003,2.845513e-001
2.918300e+003,2.826169e-001
2.918782e+003,2.800121e-001
2.919264e+003,2.768618e-001
2.919746e+003,2.733008e-001
2.920229e+003,2.694604e-001
2.920711e+003,2.654579e-001
2.921193e+003,2.613870e-001
2.921675e+003,2.573130e-001
2.922157e+003,2.532741e-001
2.922639e+003,2.492839e-001
2.923121e+003,2.453371e-001
2.923603e+003,2.414162e-001
2.924085e+003,2.374952e-001
2.924568e+003,2.335444e-001
2.925050e+003,2.295345e-001
2.925532e+003,2.254394e-001
2.926014e+003,2.212415e-001
2.926496e+003,2.169337e-001
2.926978e+003,2.125236e-001
2.927460e+003,2.080306e-001
2.927942e+003,2.034843e-001
2.928425e+003,1.989215e-001
2.928907e+003,1.943799e-001
2.929389e+003,1.898970e-001
2.929871e+003,1.855100e-001
2.930353e+003,1.812533e-001
2.930835e+003,1.771615e-001
2.931317e+003,1.732668e-001
2.931800e+003,1.696004e-001
2.932281e+003,1.661890e-001
2.932764e+003,1.630533e-001
2.933246e+003,1.602093e-001
2.933728e+003,1.576661e-001
2.934210e+003,1.554302e-001
2.934692e+003,1.535052e-001
2.935174e+003,1.518948e-001
2.935656e+003,1.506038e-001
2.936139e+003,1.496380e-001
2.936621e+003,1.490055e-001
2.937103e+003,1.487174e-001
2.937585e+003,1.487871e-001
2.938067e+003,1.492322e-001
2.938549e+003,1.500740e-001
2.939031e+003,1.513362e-001
2.939513e+003,1.530438e-001
2.939996e+003,1.552192e-001
2.940478e+003,1.578813e-001
2.940960e+003,1.610399e-001
2.941442e+003,1.646963e-001
2.941924e+003,1.688400e-001
2.942406e+003,1.734496e-001
2.942888e+003,1.784892e-001
2.943370e+003,1.839095e-001
2.943853e+003,1.896443e-001
2.944335e+003,1.956100e-001
2.944817e+003,2.017050e-001
2.945299e+003,2.078106e-001
2.945781e+003,2.137947e-001
2.946263e+003,2.195165e-001
2.946745e+003,2.248315e-001
2.947228e+003,2.295974e-001
2.947709e+003,2.336781e-001
2.948192e+003,2.369517e-001
2.948674e+003,2.393170e-001
2.949156e+003,2.407041e-001
2.949638e+003,2.410851e-001
2.950120e+003,2.404803e-001
2.950602e+003,2.389605e-001
2.951084e+003,2.366429e-001
2.951567e+003,2.336790e-001
2.952049e+003,2.302429e-001
2.952531e+003,2.265167e-001
2.953013e+003,2.226796e-001
2.953495e+003,2.188984e-001
2.953977e+003,2.153206e-001
2.954459e+003,2.120692e-001
2.954941e+003,2.092370e-001
2.955424e+003,2.068812e-001
2.955906e+003,2.050231e-001
2.956388e+003,2.036462e-001
2.956870e+003,2.026985e-001
2.957352e+003,2.020983e-001
2.957834e+003,2.017390e-001
2.958316e+003,2.014970e-001
2.958798e+003,2.012382e-001
2.959281e+003,2.008257e-001
2.959763e+003,2.001287e-001
2.960245e+003,1.990321e-001
2.960727e+003,1.974473e-001
2.961209e+003,1.953218e-001
2.961691e+003,1.926443e-001
2.962173e+003,1.894460e-001
2.962656e+003,1.857946e-001
2.963137e+003,1.817815e-001
2.963620e+003,1.775091e-001
2.964102e+003,1.730785e-001
2.964584e+003,1.685781e-001
2.965066e+003,1.640789e-001
2.965548e+003,1.596316e-001
2.966030e+003,1.552701e-001
2.966512e+003,1.510136e-001
2.966995e+003,1.468704e-001
2.967477e+003,1.428442e-001
2.967959e+003,1.389341e-001
2.968441e+003,1.351421e-001
2.968923e+003,1.314690e-001
2.969405e+003,1.279193e-001
2.969887e+003,1.244961e-001
2.970369e+003,1.212034e-001
2.970852e+003,1.180414e-001
2.971334e+003,1.150123e-001
2.971816e+003,1.121157e-001
2.972298e+003,1.093527e-001
2.972780e+003,1.067245e-001
2.973262e+003,1.042327e-001
2.973744e+003,1.018770e-001
2.974226e+003,9.965510e-002
2.974708e+003,9.756050e-002
2.975191e+003,9.558585e-002
2.975673e+003,9.372114e-002
2.976155e+003,9.195996e-002
2.976637e+003,9.029701e-002
2.977119e+003,8.873033e-002
2.977601e+003,8.725932e-002
2.978083e+003,8.588297e-002
2.978565e+003,8.459816e-002
2.979048e+003,8.339792e-002
2.979530e+003,8.227304e-002
2.980012e+003,8.121363e-002
2.980494e+003,8.020995e-002
2.980976e+003,7.925543e-002
2.981458e+003,7.834646e-002
2.981940e+003,7.748212e-002
2.982423e+003,7.666233e-002
2.982905e+003,7.588860e-002
2.983387e+003,7.515993e-002
2.983869e+003,7.447551e-002
2.984351e+003,7.383220e-002
2.984833e+003,7.322541e-002
2.985315e+003,7.265074e-002
2.985797e+003,7.210384e-002
2.986280e+003,7.158011e-002
2.986762e+003,7.107767e-002
2.987244e+003,7.059532e-002
2.987726e+003,7.013516e-002
2.988208e+003,6.969903e-002
2.988690e+003,6.929018e-002
2.989172e+003,6.891070e-002
2.989654e+003,6.856042e-002
2.990136e+003,6.823676e-002
2.990619e+003,6.793628e-002
2.991101e+003,6.765382e-002
2.991583e+003,6.738532e-002
2.992065e+003,6.712765e-002
2.992547e+003,6.687923e-002
2.993029e+003,6.664029e-002
2.993511e+003,6.641091e-002
2.993994e+003,6.619257e-002
2.994476e+003,6.598546e-002
2.994958e+003,6.579211e-002
2.995440e+003,6.561417e-002
2.995922e+003,6.545414e-002
2.996404e+003,6.531455e-002
2.996886e+003,6.519497e-002
2.997368e+003,6.509415e-002
2.997851e+003,6.500804e-002
2.998333e+003,6.493077e-002
2.998815e+003,6.485797e-002
2.999297e+003,6.478515e-002
2.999779e+003,6.471147e-002
3.000261e+003,6.463862e-002
3.000743e+003,6.456981e-002
3.001225e+003,6.450974e-002
3.001708e+003,6.446076e-002
3.002190e+003,6.442471e-002
3.002672e+003,6.440150e-002
3.003154e+003,6.439072e-002
3.003636e+003,6.439112e-002
3.004118e+003,6.440137e-002
3.004600e+003,6.442038e-002
3.005082e+003,6.444620e-002
3.005564e+003,6.447652e-002
3.006047e+003,6.450821e-002
3.006529e+003,6.453834e-002
3.007011e+003,6.456628e-002
3.007493e+003,6.459192e-002
3.007975e+003,6.461661e-002
3.008457e+003,6.464341e-002
3.008939e+003,6.467400e-002
3.009422e+003,6.470897e-002
3.009904e+003,6.474786e-002
3.010386e+003,6.478903e-002
3.010868e+003,6.483033e-002
3.011350e+003,6.487165e-002
3.011832e+003,6.491401e-002
3.012314e+003,6.495933e-002
3.012796e+003,6.501033e-002
3.013279e+003,6.506848e-002
3.013761e+003,6.513400e-002
3.014243e+003,6.520498e-002
3.014725e+003,6.528008e-002
3.015207e+003,6.535690e-002
3.015689e+003,6.543468e-002
3.016171e+003,6.551280e-002
3.016653e+003,6.559262e-002
3.017135e+003,6.567489e-002
3.017618e+003,6.576014e-002
3.018100e+003,6.584866e-002
3.018582e+003,6.594113e-002
3.019064e+003,6.603696e-002
3.019546e+003,6.613632e-002
3.020028e+003,6.623854e-002
3.020510e+003,6.634333e-002
3.020992e+003,6.644827e-002
3.021475e+003,6.655166e-002
3.021957e+003,6.665170e-002
3.022439e+003,6.674737e-002
3.022921e+003,6.683917e-002
3.023403e+003,6.692900e-002
3.023885e+003,6.701917e-002
3.024367e+003,6.711254e-002
3.024850e+003,6.721079e-002
3.025332e+003,6.731455e-002
3.025814e+003,6.742331e-002
3.026296e+003,6.753592e-002
3.026778e+003,6.765068e-002
3.027260e+003,6.776612e-002
3.027742e+003,6.788233e-002
3.028224e+003,6.799763e-002
3.028707e+003,6.811224e-002
3.029189e+003,6.822529e-002
3.029671e+003,6.833693e-002
3.030153e+003,6.844784e-002
3.030635e+003,6.855953e-002
3.031117e+003,6.867340e-002
3.031599e+003,6.879079e-002
3.032081e+003,6.891246e-002
3.032563e+003,6.903576e-002
3.033046e+003,6.915858e-002
3.033528e+003,6.927742e-002
3.034010e+003,6.939036e-002
3.034492e+003,6.949592e-002
3.034974e+003,6.959559e-002
3.035456e+003,6.969146e-002
3.035938e+003,6.978644e-002
3.036420e+003,6.988249e-002
3.036903e+003,6.998165e-002
3.037385e+003,7.008382e-002
3.037867e+003,7.018983e-002
3.038349e+003,7.029888e-002
3.038831e+003,7.041241e-002
3.039313e+003,7.052949e-002
3.039795e+003,7.065076e-002
3.040278e+003,7.077535e-002
3.040760e+003,7.090236e-002
3.041242e+003,7.103088e-002
3.041724e+003,7.116115e-002
3.042206e+003,7.129371e-002
3.042688e+003,7.142908e-002
3.043170e+003,7.156801e-002
3.043652e+003,7.170925e-002
3.044135e+003,7.185052e-002
3.044617e+003,7.198749e-002
3.045099e+003,7.211663e-002
3.045581e+003,7.223536e-002
3.046063e+003,7.234392e-002
3.046545e+003,7.244450e-002
3.047027e+003,7.254096e-002
3.047509e+003,7.263766e-002
3.047991e+003,7.273760e-002
3.048474e+003,7.284089e-002
3.048956e+003,7.294698e-002
3.049438e+003,7.305333e-002
3.049920e+003,7.315779e-002
3.050402e+003,7.326003e-002
3.050884e+003,7.336029e-002
3.051366e+003,7.345983e-002
3.051848e+003,7.355973e-002
3.052331e+003,7.366137e-002
3.052813e+003,7.376593e-002
3.053295e+003,7.387459e-002
3.053777e+003,7.398778e-002
3.054259e+003,7.410765e-002
3.054741e+003,7.423324e-002
3.055223e+003,7.436390e-002
3.055706e+003,7.449526e-002
3.056188e+003,7.462269e-002
3.056670e+003,7.474042e-002
3.057152e+003,7.484620e-002
3.057634e+003,7.493796e-002
3.058116e+003,7.501969e-002
3.058598e+003,7.509510e-002
3.059080e+003,7.517011e-002
3.059563e+003,7.524709e-002
3.060045e+003,7.532687e-002
3.060527e+003,7.540721e-002
3.061009e+003,7.548371e-002
3.061491e+003,7.555271e-002
3.061973e+003,7.561219e-002
3.062455e+003,7.566147e-002
3.062937e+003,7.570347e-002
3.063419e+003,7.574096e-002
3.063902e+003,7.577823e-002
3.064384e+003,7.581790e-002
3.064866e+003,7.586272e-002
3.065348e+003,7.591347e-002
3.065830e+003,7.596993e-002
3.066312e+003,7.603081e-002
3.066794e+003,7.609271e-002
3.067276e+003,7.615157e-002
3.067759e+003,7.620218e-002
3.068241e+003,7.624128e-002
3.068723e+003,7.626726e-002
3.069205e+003,7.628130e-002
3.069687e+003,7.628746e-002
3.070169e+003,7.629060e-002
3.070651e+003,7.629634e-002
3.071134e+003,7.630681e-002
3.071615e+003,7.632127e-002
3.072098e+003,7.633734e-002
3.072580e+003,7.635093e-002
3.073062e+003,7.636012e-002
3.073544e+003,7.636563e-002
3.074026e+003,7.637039e-002
3.074508e+003,7.638074e-002
3.074990e+003,7.640156e-002
3.075473e+003,7.643664e-002
3.075955e+003,7.648520e-002
3.076437e+003,7.654338e-002
3.076919e+003,7.660387e-002
3.077401e+003,7.665917e-002
3.077883e+003,7.670207e-002
3.078365e+003,7.672899e-002
3.078847e+003,7.673808e-002
3.079330e+003,7.673109e-002
3.079812e+003,7.671241e-002
3.080294e+003,7.668810e-002
3.080776e+003,7.666238e-002
3.081258e+003,7.664084e-002
3.081740e+003,7.662527e-002
3.082222e+003,7.661488e-002
3.082704e+003,7.660827e-002
3.083187e+003,7.660206e-002
3.083669e+003,7.659414e-002
3.084151e+003,7.658394e-002
3.084633e+003,7.657263e-002
3.085115e+003,7.656415e-002
3.085597e+003,7.656138e-002
3.086079e+003,7.656880e-002
3.086562e+003,7.658630e-002
3.087043e+003,7.661103e-002
3.087526e+003,7.663794e-002
3.088008e+003,7.666053e-002
3.088490e+003,7.667272e-002
3.088972e+003,7.667126e-002
3.089454e+003,7.665449e-002
3.089936e+003,7.662385e-002
3.090418e+003,7.658193e-002
3.090901e+003,7.653294e-002
3.091383e+003,7.648113e-002
3.091865e+003,7.643156e-002
3.092347e+003,7.638881e-002
3.092829e+003,7.635712e-002
3.093311e+003,7.633929e-002
3.093793e+003,7.633655e-002
3.094275e+003,7.634681e-002
3.094758e+003,7.636630e-002
3.095240e+003,7.638971e-002
3.095722e+003,7.641181e-002
3.096204e+003,7.642969e-002
3.096686e+003,7.644223e-002
3.097168e+003,7.645164e-002
3.097650e+003,7.646115e-002
3.098132e+003,7.647315e-002
3.098615e+003,7.648983e-002
3.099097e+003,7.651055e-002
3.099579e+003,7.653385e-002
3.100061e+003,7.655740e-002
3.100543e+003,7.657855e-002
3.101025e+003,7.659546e-002
3.101507e+003,7.660749e-002
3.101990e+003,7.661503e-002
3.102471e+003,7.661922e-002
3.102954e+003,7.662242e-002
3.103436e+003,7.662932e-002
3.103918e+003,7.664274e-002
3.104400e+003,7.666673e-002
3.104882e+003,7.670359e-002
3.105364e+003,7.675187e-002
3.105846e+003,7.680779e-002
3.106329e+003,7.686614e-002
3.106811e+003,7.691980e-002
3.107293e+003,7.696379e-002
3.107775e+003,7.699688e-002
3.108257e+003,7.702103e-002
3.108739e+003,7.704116e-002
3.109221e+003,7.706434e-002
3.109703e+003,7.709462e-002
3.110186e+003,7.713517e-002
3.110668e+003,7.718487e-002
3.111150e+003,7.724104e-002
3.111632e+003,7.730017e-002
3.112114e+003,7.736008e-002
3.112596e+003,7.741936e-002
3.113078e+003,7.747809e-002
3.113560e+003,7.753729e-002
3.114042e+003,7.759739e-002
3.114525e+003,7.766010e-002
3.115007e+003,7.772602e-002
3.115489e+003,7.779709e-002
3.115971e+003,7.787529e-002
3.116453e+003,7.796249e-002
3.116935e+003,7.805911e-002
3.117417e+003,7.816267e-002
3.117900e+003,7.826921e-002
3.118382e+003,7.837175e-002
3.118864e+003,7.846424e-002
3.119346e+003,7.854219e-002
3.119828e+003,7.860439e-002
3.120310e+003,7.865368e-002
3.120792e+003,7.869520e-002
3.121274e+003,7.873454e-002
3.121757e+003,7.877794e-002
3.122239e+003,7.882980e-002
3.122721e+003,7.889143e-002
3.123203e+003,7.896405e-002
3.123685e+003,7.904755e-002
3.124167e+003,7.914063e-002
3.124649e+003,7.924262e-002
3.125131e+003,7.935189e-002
3.125614e+003,7.946624e-002
3.126096e+003,7.958350e-002
3.126578e+003,7.970123e-002
3.127060e+003,7.981813e-002
3.127542e+003,7.993331e-002
3.128024e+003,8.004698e-002
3.128506e+003,8.015950e-002
3.128988e+003,8.027115e-002
3.129470e+003,8.038110e-002
3.129953e+003,8.048932e-002
3.130435e+003,8.059647e-002
3.130917e+003,8.070422e-002
3.131399e+003,8.081508e-002
3.131881e+003,8.093224e-002
3.132363e+003,8.105697e-002
3.132845e+003,8.118811e-002
3.133328e+003,8.132338e-002
3.133810e+003,8.145814e-002
3.134292e+003,8.158853e-002
3.134774e+003,8.171403e-002
3.135256e+003,8.183657e-002
3.135738e+003,8.195961e-002
3.136220e+003,8.208843e-002
3.136702e+003,8.222600e-002
3.137185e+003,8.237237e-002
3.137667e+003,8.252453e-002
3.138149e+003,8.267862e-002
3.138631e+003,8.282989e-002
3.139113e+003,8.297735e-002
3.139595e+003,8.312001e-002
3.140077e+003,8.326128e-002
3.140559e+003,8.340237e-002
3.141042e+003,8.354529e-002
3.141524e+003,8.368783e-002
3.142006e+003,8.382753e-002
3.142488e+003,8.396141e-002
3.142970e+003,8.408781e-002
3.143452e+003,8.420717e-002
3.143934e+003,8.432180e-002
3.144417e+003,8.443747e-002
3.144898e+003,8.455828e-002
3.145381e+003,8.468965e-002
3.145863e+003,8.483374e-002
3.146345e+003,8.499240e-002
3.146827e+003,8.516455e-002
3.147309e+003,8.534764e-002
3.147791e+003,8.553713e-002
3.148273e+003,8.572792e-002
3.148756e+003,8.591379e-002
3.149238e+003,8.609053e-002
3.149720e+003,8.625508e-002
3.150202e+003,8.640836e-002
3.150684e+003,8.655405e-002
3.151166e+003,8.669777e-002
3.151648e+003,8.684376e-002
3.152130e+003,8.699606e-002
3.152613e+003,8.715507e-002
3.153095e+003,8.731906e-002
3.153577e+003,8.748522e-002
3.154059e+003,8.765054e-002
3.154541e+003,8.781561e-002
3.155023e+003,8.797940e-002
3.155505e+003,8.814403e-002
3.155987e+003,8.830940e-002
3.156469e+003,8.847482e-002
3.156952e+003,8.863908e-002
3.157434e+003,8.880094e-002
3.157916e+003,8.896020e-002
3.158398e+003,8.911838e-002
3.158880e+003,8.927764e-002
3.159362e+003,8.943987e-002
3.159844e+003,8.960462e-002
3.160326e+003,8.977033e-002
3.160809e+003,8.993262e-002
3.161291e+003,9.008916e-002
3.161773e+003,9.023950e-002
3.162255e+003,9.038754e-002
3.162737e+003,9.053965e-002
3.163219e+003,9.070248e-002
3.163701e+003,9.088036e-002
3.164184e+003,9.107345e-002
3.164666e+003,9.127882e-002
3.165148e+003,9.148853e-002
3.165630e+003,9.169678e-002
3.166112e+003,9.189948e-002
3.166594e+003,9.209657e-002
3.167076e+003,9.229012e-002
3.167558e+003,9.248397e-002
3.168041e+003,9.268095e-002
3.168523e+003,9.288037e-002
3.169005e+003,9.308157e-002
3.169487e+003,9.328204e-002
3.169969e+003,9.348022e-002
3.170451e+003,9.367739e-002
3.170933e+003,9.387597e-002
3.171415e+003,9.407723e-002
3.171897e+003,9.428362e-002
3.172380e+003,9.449325e-002
3.172862e+003,9.470399e-002
3.173344e+003,9.491210e-002
3.173826e+003,9.511615e-002
3.174308e+003,9.531566e-002
3.174790e+003,9.551140e-002
3.175272e+003,9.570589e-002
3.175754e+003,9.590089e-002
3.176237e+003,9.609731e-002
3.176719e+003,9.629553e-002
3.177201e+003,9.649505e-002
3.177683e+003,9.669637e-002
3.178165e+003,9.689990e-002
3.178647e+003,9.710645e-002
3.179129e+003,9.731468e-002
3.179612e+003,9.752265e-002
3.180094e+003,9.772709e-002
3.180576e+003,9.792414e-002
3.181058e+003,9.811278e-002
3.181540e+003,9.829426e-002
3.182022e+003,9.847081e-002
3.182504e+003,9.864847e-002
3.182986e+003,9.883050e-002
3.183469e+003,9.901927e-002
3.183951e+003,9.921414e-002
3.184433e+003,9.941236e-002
3.184915e+003,9.961032e-002
3.185397e+003,9.980725e-002
3.185879e+003,1.000011e-001
3.186361e+003,1.001932e-001
3.186843e+003,1.003837e-001
3.187325e+003,1.005724e-001
3.187808e+003,1.007582e-001
3.188290e+003,1.009405e-001
3.188772e+003,1.011191e-001
3.189254e+003,1.012971e-001
3.189736e+003,1.014779e-001
3.190218e+003,1.016654e-001
3.190700e+003,1.018604e-001
3.191182e+003,1.020600e-001
3.191665e+003,1.022578e-001
3.192147e+003,1.024458e-001
3.192629e+003,1.026158e-001
3.193111e+003,1.027654e-001
3.193593e+003,1.028949e-001
3.194075e+003,1.030114e-001
3.194557e+003,1.031226e-001
3.195040e+003,1.032368e-001
3.195521e+003,1.033598e-001
3.196004e+003,1.034929e-001
3.196486e+003,1.036370e-001
3.196968e+003,1.037906e-001
3.197450e+003,1.039522e-001
3.197932e+003,1.041212e-001
3.198414e+003,1.042959e-001
3.198896e+003,1.044751e-001
3.199379e+003,1.046542e-001
3.199861e+003,1.048295e-001
3.200343e+003,1.049969e-001
3.200825e+003,1.051540e-001
3.201307e+003,1.052997e-001
3.201789e+003,1.054362e-001
3.202271e+003,1.055652e-001
3.202753e+003,1.056894e-001
3.203236e+003,1.058102e-001
3.203718e+003,1.059285e-001
3.204200e+003,1.060454e-001
3.204682e+003,1.061616e-001
3.205164e+003,1.062791e-001
3.205646e+003,1.063993e-001
3.206128e+003,1.065226e-001
3.206610e+003,1.066476e-001
3.207093e+003,1.067720e-001
3.207575e+003,1.068934e-001
3.208057e+003,1.070097e-001
3.208539e+003,1.071217e-001
3.209021e+003,1.072315e-001
3.209503e+003,1.073432e-001
3.209985e+003,1.074605e-001
3.210468e+003,1.075851e-001
3.210949e+003,1.077170e-001
3.211432e+003,1.078549e-001
3.211914e+003,1.079971e-001
3.212396e+003,1.081414e-001
3.212878e+003,1.082873e-001
3.213360e+003,1.084329e-001
3.213842e+003,1.085761e-001
3.214324e+003,1.087138e-001
3.214807e+003,1.088417e-001
3.215289e+003,1.089569e-001
3.215771e+003,1.090593e-001
3.216253e+003,1.091520e-001
3.216735e+003,1.092400e-001
3.217217e+003,1.093304e-001
3.217699e+003,1.094284e-001
3.218181e+003,1.095366e-001
3.218664e+003,1.096539e-001
3.219146e+003,1.097771e-001
3.219628e+003,1.099026e-001
3.220110e+003,1.100280e-001
3.220592e+003,1.101534e-001
3.221074e+003,1.102792e-001
3.221556e+003,1.104062e-001
3.222038e+003,1.105339e-001
3.222521e+003,1.106596e-001
3.223003e+003,1.107809e-001
3.223485e+003,1.108947e-001
3.223967e+003,1.110016e-001
3.224449e+003,1.111030e-001
3.224931e+003,1.112031e-001
3.225413e+003,1.113062e-001
3.225896e+003,1.114141e-001
3.226377e+003,1.115280e-001
3.226860e+003,1.116465e-001
3.227342e+003,1.117684e-001
3.227824e+003,1.118935e-001
3.228306e+003,1.120224e-001
3.228788e+003,1.121560e-001
3.229270e+003,1.122950e-001
3.229752e+003,1.124388e-001
3.230235e+003,1.125851e-001
3.230717e+003,1.127318e-001
3.231199e+003,1.128782e-001
3.231681e+003,1.130250e-001
3.232163e+003,1.131752e-001
3.232645e+003,1.133325e-001
3.233127e+003,1.134987e-001
3.233609e+003,1.136735e-001
3.234092e+003,1.138541e-001
3.234574e+003,1.140357e-001
3.235056e+003,1.142141e-001
3.235538e+003,1.143867e-001
3.236020e+003,1.145526e-001
3.236502e+003,1.147121e-001
3.236984e+003,1.148658e-001
3.237466e+003,1.150143e-001
3.237948e+003,1.151563e-001
3.238431e+003,1.152930e-001
3.238913e+003,1.154252e-001
3.239395e+003,1.155577e-001
3.239877e+003,1.156948e-001
3.240359e+003,1.158417e-001
3.240841e+003,1.160021e-001
3.241323e+003,1.161743e-001
3.241806e+003,1.163558e-001
3.242288e+003,1.165426e-001
3.242770e+003,1.167310e-001
3.243252e+003,1.169221e-001
3.243734e+003,1.171169e-001
3.244216e+003,1.173199e-001
3.244698e+003,1.175326e-001
3.245180e+003,1.177537e-001
3.245663e+003,1.179788e-001
3.246145e+003,1.182020e-001
3.246627e+003,1.184182e-001
3.247109e+003,1.186263e-001
3.247591e+003,1.188274e-001
3.248073e+003,1.190260e-001
3.248555e+003,1.192256e-001
3.249037e+003,1.194291e-001
3.249520e+003,1.196372e-001
3.250002e+003,1.198480e-001
3.250484e+003,1.200606e-001
3.250966e+003,1.202760e-001
3.251448e+003,1.204962e-001
3.251930e+003,1.207247e-001
3.252412e+003,1.209647e-001
3.252894e+003,1.212161e-001
3.253376e+003,1.214756e-001
3.253859e+003,1.217384e-001
3.254341e+003,1.219990e-001
3.254823e+003,1.222533e-001
3.255305e+003,1.224991e-001
3.255787e+003,1.227369e-001
3.256269e+003,1.229677e-001
3.256751e+003,1.231921e-001
3.257234e+003,1.234107e-001
3.257716e+003,1.236241e-001
3.258198e+003,1.238339e-001
3.258680e+003,1.240432e-001
3.259162e+003,1.242568e-001
3.259644e+003,1.244777e-001
3.260126e+003,1.247088e-001
3.260608e+003,1.249481e-001
3.261091e+003,1.251930e-001
3.261573e+003,1.254388e-001
3.262055e+003,1.256824e-001
3.262537e+003,1.259225e-001
3.263019e+003,1.261590e-001
3.263501e+003,1.263941e-001
3.263983e+003,1.266282e-001
3.264465e+003,1.268613e-001
3.264948e+003,1.270919e-001
3.265430e+003,1.273195e-001
3.265912e+003,1.275444e-001
3.266394e+003,1.277691e-001
3.266876e+003,1.279972e-001
3.267358e+003,1.282308e-001
3.267840e+003,1.284689e-001
3.268323e+003,1.287065e-001
3.268804e+003,1.289364e-001
3.269287e+003,1.291521e-001
3.269769e+003,1.293499e-001
3.270251e+003,1.295313e-001
3.270733e+003,1.297017e-001
3.271215e+003,1.298678e-001
3.271697e+003,1.300360e-001
3.272179e+003,1.302075e-001
3.272662e+003,1.303804e-001
3.273144e+003,1.305499e-001
3.273626e+003,1.307115e-001
3.274108e+003,1.308628e-001
3.274590e+003,1.310048e-001
3.275072e+003,1.311410e-001
3.275554e+003,1.312729e-001
3.276036e+003,1.314032e-001
3.276519e+003,1.315310e-001
3.277001e+003,1.316542e-001
3.277483e+003,1.317727e-001
3.277965e+003,1.318873e-001
3.278447e+003,1.320003e-001
3.278929e+003,1.321142e-001
3.279411e+003,1.322287e-001
3.279893e+003,1.323417e-001
3.280375e+003,1.324484e-001
3.280858e+003,1.325436e-001
3.281340e+003,1.326238e-001
3.281822e+003,1.326896e-001
3.282304e+003,1.327426e-001
3.282786e+003,1.327875e-001
3.283268e+003,1.328262e-001
3.283750e+003,1.328593e-001
3.284232e+003,1.328856e-001
3.284715e+003,1.329043e-001
3.285197e+003,1.329167e-001
3.285679e+003,1.329278e-001
3.286161e+003,1.329433e-001
3.286643e+003,1.329710e-001
3.287125e+003,1.330113e-001
3.287607e+003,1.330616e-001
3.288090e+003,1.331145e-001
3.288572e+003,1.331607e-001
3.289054e+003,1.331932e-001
3.289536e+003,1.332098e-001
3.290018e+003,1.332145e-001
3.290500e+003,1.332135e-001
3.290982e+003,1.332137e-001
3.291464e+003,1.332180e-001
3.291947e+003,1.332250e-001
3.292429e+003,1.332296e-001
3.292911e+003,1.332263e-001
3.293393e+003,1.332100e-001
3.293875e+003,1.331789e-001
3.294357e+003,1.331352e-001
3.294839e+003,1.330805e-001
3.295321e+003,1.330179e-001
3.295803e+003,1.329498e-001
3.296286e+003,1.328770e-001
3.296768e+003,1.328016e-001
3.297250e+003,1.327256e-001
3.297732e+003,1.326514e-001
3.298214e+003,1.325796e-001
3.298696e+003,1.325088e-001
3.299178e+003,1.324368e-001
3.299660e+003,1.323584e-001
3.300143e+003,1.322722e-001
3.300625e+003,1.321786e-001
3.301107e+003,1.320815e-001
3.301589e+003,1.319859e-001
3.302071e+003,1.318964e-001
3.302553e+003,1.318130e-001
3.303035e+003,1.317322e-001
3.303518e+003,1.316465e-001
3.304000e+003,1.315493e-001
3.304482e+003,1.314368e-001
3.304964e+003,1.313112e-001
3.305446e+003,1.311768e-001
3.305928e+003,1.310400e-001
3.306410e+003,1.309047e-001
3.306892e+003,1.307713e-001
3.307375e+003,1.306354e-001
3.307857e+003,1.304925e-001
3.308339e+003,1.303398e-001
3.308821e+003,1.301789e-001
3.309303e+003,1.300152e-001
3.309785e+003,1.298559e-001
3.310267e+003,1.297058e-001
3.310749e+003,1.295662e-001
3.311231e+003,1.294335e-001
3.311714e+003,1.293030e-001
3.312196e+003,1.291700e-001
3.312678e+003,1.290334e-001
3.313160e+003,1.288950e-001
3.313642e+003,1.287584e-001
3.314124e+003,1.286261e-001
3.314606e+003,1.284968e-001
3.315088e+003,1.283659e-001
3.315571e+003,1.282277e-001
3.316053e+003,1.280784e-001
3.316535e+003,1.279174e-001
3.317017e+003,1.277478e-001
3.317499e+003,1.275754e-001
3.317981e+003,1.274044e-001
3.318463e+003,1.272363e-001
3.318946e+003,1.270699e-001
3.319427e+003,1.269017e-001
3.319910e+003,1.267305e-001
3.320392e+003,1.265584e-001
3.320874e+003,1.263907e-001
3.321356e+003,1.262339e-001
3.321838e+003,1.260939e-001
3.322320e+003,1.259724e-001
3.322802e+003,1.258663e-001
3.323285e+003,1.257692e-001
3.323767e+003,1.256732e-001
3.324249e+003,1.255726e-001
3.324731e+003,1.254638e-001
3.325213e+003,1.253450e-001
3.325695e+003,1.252156e-001
3.326177e+003,1.250739e-001
3.326659e+003,1.249183e-001
3.327142e+003,1.247490e-001
3.327624e+003,1.245676e-001
3.328106e+003,1.243798e-001
3.328588e+003,1.241935e-001
3.329070e+003,1.240175e-001
3.329552e+003,1.238564e-001
3.330034e+003,1.237108e-001
3.330516e+003,1.235763e-001
3.330999e+003,1.234467e-001
3.331481e+003,1.233165e-001
3.331963e+003,1.231834e-001
3.332445e+003,1.230494e-001
3.332927e+003,1.229189e-001
3.333409e+003,1.227962e-001
3.333891e+003,1.226830e-001
3.334374e+003,1.225778e-001
3.334855e+003,1.224768e-001
3.335338e+003,1.223763e-001
3.335820e+003,1.222749e-001
3.336302e+003,1.221728e-001
3.336784e+003,1.220710e-001
3.337266e+003,1.219708e-001
3.337748e+003,1.218693e-001
3.338230e+003,1.217628e-001
3.338713e+003,1.216470e-001
3.339195e+003,1.215189e-001
3.339677e+003,1.213809e-001
3.340159e+003,1.212386e-001
3.340641e+003,1.210987e-001
3.341123e+003,1.209660e-001
3.341605e+003,1.208430e-001
3.342087e+003,1.207273e-001
3.342570e+003,1.206136e-001
3.343052e+003,1.204969e-001
3.343534e+003,1.203764e-001
3.344016e+003,1.202542e-001
3.344498e+003,1.201351e-001
3.344980e+003,1.200231e-001
3.345462e+003,1.199196e-001
3.345944e+003,1.198220e-001
3.346427e+003,1.197251e-001
3.346909e+003,1.196230e-001
3.347391e+003,1.195128e-001
3.347873e+003,1.193955e-001
3.348355e+003,1.192759e-001
3.348837e+003,1.191584e-001
3.349319e+003,1.190477e-001
3.349802e+003,1.189448e-001
3.350283e+003,1.188479e-001
3.350766e+003,1.187540e-001
3.351248e+003,1.186605e-001
3.351730e+003,1.185662e-001
3.352212e+003,1.184714e-001
3.352694e+003,1.183765e-001
3.353176e+003,1.182806e-001
3.353658e+003,1.181832e-001
3.354141e+003,1.180808e-001
3.354623e+003,1.179711e-001
3.355105e+003,1.178534e-001
3.355587e+003,1.177289e-001
3.356069e+003,1.176002e-001
3.356551e+003,1.174704e-001
3.357033e+003,1.173421e-001
3.357515e+003,1.172183e-001
3.357998e+003,1.170994e-001
3.358480e+003,1.169885e-001
3.358962e+003,1.168877e-001
3.359444e+003,1.167984e-001
3.359926e+003,1.167197e-001
3.360408e+003,1.166476e-001
3.360890e+003,1.165740e-001
3.361372e+003,1.164905e-001
3.361854e+003,1.163911e-001
3.362337e+003,1.162736e-001
3.362819e+003,1.161416e-001
3.363301e+003,1.160033e-001
3.363783e+003,1.158688e-001
3.364265e+003,1.157451e-001
3.364747e+003,1.156336e-001
3.365229e+003,1.155318e-001
3.365712e+003,1.154332e-001
3.366194e+003,1.153329e-001
3.366676e+003,1.152301e-001
3.367158e+003,1.151257e-001
3.367640e+003,1.150255e-001
3.368122e+003,1.149335e-001
3.368604e+003,1.148513e-001
3.369086e+003,1.147763e-001
3.369569e+003,1.147040e-001
3.370051e+003,1.146303e-001
3.370533e+003,1.145526e-001
3.371015e+003,1.144720e-001
3.371497e+003,1.143915e-001
3.371979e+003,1.143140e-001
3.372461e+003,1.142401e-001
3.372943e+003,1.141681e-001
3.373426e+003,1.140951e-001
3.373908e+003,1.140180e-001
3.374390e+003,1.139365e-001
3.374872e+003,1.138521e-001
3.375354e+003,1.137678e-001
3.375836e+003,1.136868e-001
3.376318e+003,1.136087e-001
3.376800e+003,1.135319e-001
3.377282e+003,1.134537e-001
3.377765e+003,1.133710e-001
3.378247e+003,1.132855e-001
3.378729e+003,1.131988e-001
3.379211e+003,1.131160e-001
3.379693e+003,1.130398e-001
3.380175e+003,1.129706e-001
3.380657e+003,1.129057e-001
3.381140e+003,1.128409e-001
3.381622e+003,1.127735e-001
3.382104e+003,1.127022e-001
3.382586e+003,1.126306e-001
3.383068e+003,1.125620e-001
3.383550e+003,1.125004e-001
3.384032e+003,1.124465e-001
3.384514e+003,1.123972e-001
3.384997e+003,1.123475e-001
3.385479e+003,1.122923e-001
3.385961e+003,1.122300e-001
3.386443e+003,1.121610e-001
3.386925e+003,1.120880e-001
3.387407e+003,1.120136e-001
3.387889e+003,1.119392e-001
3.388371e+003,1.118638e-001
3.388854e+003,1.117860e-001
3.389336e+003,1.117039e-001
3.389818e+003,1.116188e-001
3.390300e+003,1.115340e-001
3.390782e+003,1.114529e-001
3.391264e+003,1.113782e-001
3.391746e+003,1.113091e-001
3.392229e+003,1.112425e-001
3.392710e+003,1.111740e-001
3.393193e+003,1.111008e-001
3.393675e+003,1.110238e-001
3.394157e+003,1.109475e-001
3.394639e+003,1.108788e-001
3.395121e+003,1.108223e-001
3.395603e+003,1.107788e-001
3.396085e+003,1.107450e-001
3.396568e+003,1.107122e-001
3.397050e+003,1.106715e-001
3.397532e+003,1.106149e-001
3.398014e+003,1.105396e-001
3.398496e+003,1.104459e-001
3.398978e+003,1.103369e-001
3.399460e+003,1.102170e-001
3.399942e+003,1.100894e-001
3.400425e+003,1.099567e-001
3.400907e+003,1.098213e-001
3.401389e+003,1.096874e-001
3.401871e+003,1.095590e-001
3.402353e+003,1.094389e-001
3.402835e+003,1.093282e-001
3.403317e+003,1.092257e-001
3.403799e+003,1.091267e-001
3.404281e+003,1.090276e-001
3.404764e+003,1.089256e-001
3.405246e+003,1.088213e-001
3.405728e+003,1.087186e-001
3.406210e+003,1.086230e-001
3.406692e+003,1.085396e-001
3.407174e+003,1.084691e-001
3.407656e+003,1.084106e-001
3.408138e+003,1.083595e-001
3.408621e+003,1.083104e-001
3.409103e+003,1.082595e-001
3.409585e+003,1.082037e-001
3.410067e+003,1.081425e-001
3.410549e+003,1.080739e-001
3.411031e+003,1.079957e-001
3.411513e+003,1.079063e-001
3.411996e+003,1.078046e-001
3.412478e+003,1.076925e-001
3.412960e+003,1.075750e-001
3.413442e+003,1.074598e-001
3.413924e+003,1.073534e-001
3.414406e+003,1.072607e-001
3.414888e+003,1.071797e-001
3.415370e+003,1.071060e-001
3.415853e+003,1.070307e-001
3.416335e+003,1.069472e-001
3.416817e+003,1.068511e-001
3.417299e+003,1.067426e-001
3.417781e+003,1.066258e-001
3.418263e+003,1.065039e-001
3.418745e+003,1.063802e-001
3.419227e+003,1.062572e-001
3.419709e+003,1.061338e-001
3.420192e+003,1.060108e-001
3.420674e+003,1.058897e-001
3.421156e+003,1.057739e-001
3.421638e+003,1.056667e-001
3.422120e+003,1.055699e-001
3.422602e+003,1.054826e-001
3.423084e+003,1.054003e-001
3.423566e+003,1.053186e-001
3.424049e+003,1.052330e-001
3.424531e+003,1.051423e-001
3.425013e+003,1.050482e-001
3.425495e+003,1.049541e-001
3.425977e+003,1.048622e-001
3.426459e+003,1.047731e-001
3.426941e+003,1.046854e-001
3.427424e+003,1.045936e-001
3.427906e+003,1.044936e-001
3.428388e+003,1.043830e-001
3.428870e+003,1.042602e-001
3.429352e+003,1.041288e-001
3.429834e+003,1.039917e-001
3.430316e+003,1.038534e-001
3.430798e+003,1.037189e-001
3.431281e+003,1.035925e-001
3.431763e+003,1.034780e-001
3.432245e+003,1.033790e-001
3.432727e+003,1.032949e-001
3.433209e+003,1.032243e-001
3.433691e+003,1.031587e-001
3.434173e+003,1.030909e-001
3.434655e+003,1.030106e-001
3.435137e+003,1.029122e-001
3.435620e+003,1.027939e-001
3.436102e+003,1.026595e-001
3.436584e+003,1.025165e-001
3.437066e+003,1.023729e-001
3.437548e+003,1.022343e-001
3.438030e+003,1.021030e-001
3.438512e+003,1.019794e-001
3.438994e+003,1.018630e-001
3.439477e+003,1.017552e-001
3.439959e+003,1.016591e-001
3.440441e+003,1.015789e-001
3.440923e+003,1.015153e-001
3.441405e+003,1.014654e-001
3.441887e+003,1.014180e-001
3.442369e+003,1.013599e-001
3.442852e+003,1.012799e-001
3.443333e+003,1.011725e-001
3.443816e+003,1.010410e-001
3.444298e+003,1.008967e-001
3.444780e+003,1.007533e-001
3.445262e+003,1.006217e-001
3.445744e+003,1.005076e-001
3.446226e+003,1.004103e-001
3.446708e+003,1.003220e-001
3.447191e+003,1.002355e-001
3.447673e+003,1.001455e-001
3.448155e+003,1.000523e-001
3.448637e+003,9.995907e-002
3.449119e+003,9.986933e-002
3.449601e+003,9.978261e-002
3.450083e+003,9.969588e-002
3.450565e+003,9.960496e-002
3.451048e+003,9.950597e-002
3.451530e+003,9.939804e-002
3.452012e+003,9.928554e-002
3.452494e+003,9.917438e-002
3.452976e+003,9.907053e-002
3.453458e+003,9.897581e-002
3.453940e+003,9.888719e-002
3.454422e+003,9.879890e-002
3.454905e+003,9.870559e-002
3.455387e+003,9.860235e-002
3.455869e+003,9.849016e-002
3.456351e+003,9.837306e-002
3.456833e+003,9.825592e-002
3.457315e+003,9.814072e-002
3.457797e+003,9.802870e-002
3.458280e+003,9.791747e-002
3.458761e+003,9.780662e-002
3.459244e+003,9.769546e-002
3.459726e+003,9.758871e-002
3.460208e+003,9.749062e-002
3.460690e+003,9.740374e-002
3.461172e+003,9.732898e-002
3.461654e+003,9.726068e-002
3.462136e+003,9.719136e-002
3.462619e+003,9.711324e-002
3.463101e+003,9.702186e-002
3.463583e+003,9.691676e-002
3.464065e+003,9.680318e-002
3.464547e+003,9.668615e-002
3.465029e+003,9.657143e-002
3.465511e+003,9.646133e-002
3.465993e+003,9.635524e-002
3.466476e+003,9.625062e-002
3.466958e+003,9.614486e-002
3.467440e+003,9.603614e-002
3.467922e+003,9.592396e-002
3.468404e+003,9.580784e-002
3.468886e+003,9.568814e-002
3.469368e+003,9.556389e-002
3.469850e+003,9.543642e-002
3.470333e+003,9.530722e-002
3.470815e+003,9.518092e-002
3.471297e+003,9.506112e-002
3.471779e+003,9.495290e-002
3.472261e+003,9.485643e-002
3.472743e+003,9.476913e-002
3.473225e+003,9.468497e-002
3.473708e+003,9.459776e-002
3.474189e+003,9.450106e-002
3.474672e+003,9.439296e-002
3.475154e+003,9.427565e-002
3.475636e+003,9.415229e-002
3.476118e+003,9.402610e-002
3.476600e+003,9.389914e-002
3.477082e+003,9.377006e-002
3.477564e+003,9.363681e-002
3.478047e+003,9.349873e-002
3.478529e+003,9.335684e-002
3.479011e+003,9.321455e-002
3.479493e+003,9.307651e-002
3.479975e+003,9.294742e-002
3.480457e+003,9.282883e-002
3.480939e+003,9.272017e-002
3.481421e+003,9.261944e-002
3.481904e+003,9.252395e-002
3.482386e+003,9.243201e-002
3.482868e+003,9.234397e-002
3.483350e+003,9.225984e-002
3.483832e+003,9.217691e-002
3.484314e+003,9.209237e-002
3.484796e+003,9.199996e-002
3.485278e+003,9.189610e-002
3.485760e+003,9.177848e-002
3.486243e+003,9.164882e-002
3.486725e+003,9.151163e-002
3.487207e+003,9.137321e-002
3.487689e+003,9.123732e-002
3.488171e+003,9.110496e-002
3.488653e+003,9.097492e-002
3.489135e+003,9.084545e-002
3.489618e+003,9.071623e-002
3.490100e+003,9.059089e-002
3.490582e+003,9.047277e-002
3.491064e+003,9.036555e-002
3.491546e+003,9.026788e-002
3.492028e+003,9.017450e-002
3.492510e+003,9.007569e-002
3.492992e+003,8.996333e-002
3.493475e+003,8.983132e-002
3.493957e+003,8.968086e-002
3.494439e+003,8.951969e-002
3.494921e+003,8.935811e-002
3.495403e+003,8.920546e-002
3.495885e+003,8.906631e-002
3.496367e+003,8.893917e-002
3.496849e+003,8.881826e-002
3.497332e+003,8.869647e-002
3.497814e+003,8.857036e-002
3.498296e+003,8.843943e-002
3.498778e+003,8.830577e-002
3.499260e+003,8.817245e-002
3.499742e+003,8.803899e-002
3.500224e+003,8.790340e-002
3.500706e+003,8.776215e-002
3.501188e+003,8.761299e-002
3.501671e+003,8.745766e-002
3.502153e+003,8.730305e-002
3.502635e+003,8.715788e-002
3.503117e+003,8.702730e-002
3.503599e+003,8.691071e-002
3.504081e+003,8.680059e-002
3.504563e+003,8.668567e-002
3.505046e+003,8.655610e-002
3.505528e+003,8.640917e-002
3.506010e+003,8.624831e-002
3.506492e+003,8.608349e-002
3.506974e+003,8.592615e-002
3.507456e+003,8.578573e-002
3.507938e+003,8.566842e-002
3.508420e+003,8.557113e-002
3.508903e+003,8.548512e-002
3.509385e+003,8.539923e-002
3.509867e+003,8.530222e-002
3.510349e+003,8.518834e-002
3.510831e+003,8.505625e-002
3.511313e+003,8.491024e-002
3.511795e+003,8.475521e-002
3.512277e+003,8.459818e-002
3.512760e+003,8.444458e-002
3.513242e+003,8.429808e-002
3.513724e+003,8.416029e-002
3.514206e+003,8.402986e-002
3.514688e+003,8.390209e-002
3.515170e+003,8.377111e-002
3.515652e+003,8.363089e-002
3.516135e+003,8.347696e-002
3.516616e+003,8.330899e-002
3.517099e+003,8.313053e-002
3.517581e+003,8.294847e-002
3.518063e+003,8.276910e-002
3.518545e+003,8.259768e-002
3.519027e+003,8.243436e-002
3.519509e+003,8.227668e-002
3.519991e+003,8.212229e-002
3.520474e+003,8.196935e-002
3.520956e+003,8.181995e-002
3.521438e+003,8.167852e-002
3.521920e+003,8.154926e-002
3.522402e+003,8.143265e-002
3.522884e+003,8.132353e-002
3.523366e+003,8.121093e-002
3.523848e+003,8.108278e-002
3.524331e+003,8.093051e-002
3.524813e+003,8.075418e-002
3.525295e+003,8.056121e-002
3.525777e+003,8.036488e-002
3.526259e+003,8.018047e-002
3.526741e+003,8.001782e-002
3.527223e+003,7.988136e-002
3.527705e+003,7.976595e-002
3.528188e+003,7.966170e-002
3.528670e+003,7.955608e-002
3.529152e+003,7.943912e-002
3.529634e+003,7.930635e-002
3.530116e+003,7.915668e-002
3.530598e+003,7.899148e-002
3.531080e+003,7.881443e-002
3.531563e+003,7.862811e-002
3.532044e+003,7.843523e-002
3.532527e+003,7.823922e-002
3.533009e+003,7.804223e-002
3.533491e+003,7.784742e-002
3.533973e+003,7.765664e-002
3.534455e+003,7.747113e-002
3.534937e+003,7.729188e-002
3.535419e+003,7.712011e-002
3.535902e+003,7.695644e-002
3.536384e+003,7.679989e-002
3.536866e+003,7.665107e-002
3.537348e+003,7.650665e-002
3.537830e+003,7.636344e-002
3.538312e+003,7.621726e-002
3.538794e+003,7.606341e-002
3.539276e+003,7.590090e-002
3.539759e+003,7.573011e-002
3.540241e+003,7.555388e-002
3.540723e+003,7.537600e-002
3.541205e+003,7.520106e-002
3.541687e+003,7.502955e-002
3.542169e+003,7.486060e-002
3.542651e+003,7.469210e-002
3.543133e+003,7.452185e-002
3.543615e+003,7.435022e-002
3.544098e+003,7.418191e-002
3.544580e+003,7.402401e-002
3.545062e+003,7.388176e-002
3.545544e+003,7.375561e-002
3.546026e+003,7.363944e-002
3.546508e+003,7.352176e-002
3.546990e+003,7.338851e-002
3.547472e+003,7.323132e-002
3.547955e+003,7.304651e-002
3.548437e+003,7.283836e-002
3.548919e+003,7.261626e-002
3.549401e+003,7.238834e-002
3.549883e+003,7.216395e-002
3.550365e+003,7.195139e-002
3.550847e+003,7.175703e-002
3.551330e+003,7.158582e-002
3.551812e+003,7.143799e-002
3.552294e+003,7.131208e-002
3.552776e+003,7.119948e-002
3.553258e+003,7.109028e-002
3.553740e+003,7.097356e-002
3.554222e+003,7.084064e-002
3.554704e+003,7.068749e-002
3.555187e+003,7.051470e-002
3.555669e+003,7.032659e-002
3.556151e+003,7.012971e-002
3.556633e+003,6.993082e-002
3.557115e+003,6.973460e-002
3.557597e+003,6.954368e-002
3.558079e+003,6.935889e-002
3.558561e+003,6.917851e-002
3.559043e+003,6.900118e-002
3.559526e+003,6.882492e-002
3.560008e+003,6.864804e-002
3.560490e+003,6.846841e-002
3.560972e+003,6.828282e-002
3.561454e+003,6.808773e-002
3.561936e+003,6.788235e-002
3.562418e+003,6.766709e-002
3.562900e+003,6.744675e-002
3.563383e+003,6.722996e-002
3.563865e+003,6.702559e-002
3.564347e+003,6.684288e-002
3.564829e+003,6.668828e-002
3.565311e+003,6.656262e-002
3.565793e+003,6.646124e-002
3.566275e+003,6.637426e-002
3.566758e+003,6.628875e-002
3.567240e+003,6.619298e-002
3.567722e+003,6.608251e-002
3.568204e+003,6.595707e-002
3.568686e+003,6.581720e-002
3.569168e+003,6.566470e-002
3.569650e+003,6.550071e-002
3.570132e+003,6.532533e-002
3.570615e+003,6.514116e-002
3.571097e+003,6.495228e-002
3.571579e+003,6.476238e-002
3.572061e+003,6.457517e-002
3.572543e+003,6.439091e-002
3.573025e+003,6.420782e-002
3.573507e+003,6.402276e-002
3.573989e+003,6.383248e-002
3.574471e+003,6.363747e-002
3.574954e+003,6.344035e-002
3.575436e+003,6.324837e-002
3.575918e+003,6.306674e-002
3.576400e+003,6.289988e-002
3.576882e+003,6.274892e-002
3.577364e+003,6.261101e-002
3.577846e+003,6.248319e-002
3.578328e+003,6.236116e-002
3.578811e+003,6.224231e-002
3.579293e+003,6.212416e-002
3.579775e+003,6.200477e-002
3.580257e+003,6.188115e-002
3.580739e+003,6.174924e-002
3.581221e+003,6.160545e-002
3.581703e+003,6.144694e-002
3.582186e+003,6.127236e-002
3.582667e+003,6.108256e-002
3.583150e+003,6.088001e-002
3.583632e+003,6.066732e-002
3.584114e+003,6.044645e-002
3.584596e+003,6.022222e-002
3.585078e+003,6.000228e-002
3.585560e+003,5.980108e-002
3.586042e+003,5.963800e-002
3.586525e+003,5.953452e-002
3.587007e+003,5.949746e-002
3.587489e+003,5.951039e-002
3.587971e+003,5.953345e-002
3.588453e+003,5.952441e-002
3.588935e+003,5.945730e-002
3.589417e+003,5.932814e-002
3.589899e+003,5.915053e-002
3.590382e+003,5.894534e-002
3.590864e+003,5.873506e-002
3.591346e+003,5.853883e-002
3.591828e+003,5.836865e-002
3.592310e+003,5.822895e-002
3.592792e+003,5.811542e-002
3.593274e+003,5.801719e-002
3.593756e+003,5.792006e-002
3.594239e+003,5.781029e-002
3.594721e+003,5.768098e-002
3.595203e+003,5.753224e-002
3.595685e+003,5.736666e-002
3.596167e+003,5.719005e-002
3.596649e+003,5.700810e-002
3.597131e+003,5.682737e-002
3.597614e+003,5.665389e-002
3.598095e+003,5.649411e-002
3.598578e+003,5.635457e-002
3.599060e+003,5.623985e-002
3.599542e+003,5.614861e-002
3.600024e+003,5.607465e-002
3.600506e+003,5.600858e-002
3.600988e+003,5.593867e-002
3.601470e+003,5.585600e-002
3.601953e+003,5.575489e-002
3.602435e+003,5.563371e-002
3.602917e+003,5.549396e-002
3.603399e+003,5.533674e-002
3.603881e+003,5.516478e-002
3.604363e+003,5.498265e-002
3.604845e+003,5.479739e-002
3.605327e+003,5.461977e-002
3.605810e+003,5.446205e-002
3.606292e+003,5.433733e-002
3.606774e+003,5.424859e-002
3.607256e+003,5.418716e-002
3.607738e+003,5.412968e-002
3.608220e+003,5.404671e-002
3.608702e+003,5.391643e-002
3.609184e+003,5.373403e-002
3.609667e+003,5.351472e-002
3.610149e+003,5.328200e-002
3.610631e+003,5.306400e-002
3.611113e+003,5.288061e-002
3.611595e+003,5.274486e-002
3.612077e+003,5.265807e-002
3.612559e+003,5.260878e-002
3.613042e+003,5.257743e-002
3.613524e+003,5.253901e-002
3.614006e+003,5.247531e-002
3.614488e+003,5.237953e-002
3.614970e+003,5.225401e-002
3.615452e+003,5.210668e-002
3.615934e+003,5.194792e-002
3.616416e+003,5.178814e-002
3.616898e+003,5.163861e-002
3.617381e+003,5.151149e-002
3.617863e+003,5.141542e-002
3.618345e+003,5.135427e-002
3.618827e+003,5.131762e-002
3.619309e+003,5.128692e-002
3.619791e+003,5.124071e-002
3.620273e+003,5.116451e-002
3.620755e+003,5.105557e-002
3.621238e+003,5.091983e-002
3.621720e+003,5.076685e-002
3.622202e+003,5.060355e-002
3.622684e+003,5.043415e-002
3.623166e+003,5.025729e-002
3.623648e+003,5.006973e-002
3.624130e+003,4.986741e-002
3.624612e+003,4.964931e-002
3.625094e+003,4.941928e-002
3.625577e+003,4.918663e-002
3.626059e+003,4.897019e-002
3.626541e+003,4.879425e-002
3.627023e+003,4.869265e-002
3.627505e+003,4.869912e-002
3.627987e+003,4.882872e-002
3.628469e+003,4.904132e-002
3.628952e+003,4.923875e-002
3.629434e+003,4.932147e-002
3.629916e+003,4.925456e-002
3.630398e+003,4.906689e-002
3.630880e+003,4.881006e-002
3.631362e+003,4.852977e-002
3.631844e+003,4.826310e-002
3.632326e+003,4.803498e-002
3.632809e+003,4.786231e-002
3.633291e+003,4.774928e-002
3.633773e+003,4.768600e-002
3.634255e+003,4.764964e-002
3.634737e+003,4.761487e-002
3.635219e+003,4.756384e-002
3.635701e+003,4.748932e-002
3.636183e+003,4.739555e-002
3.636666e+003,4.729133e-002
3.637148e+003,4.718671e-002
3.637630e+003,4.708568e-002
3.638112e+003,4.698698e-002
3.638594e+003,4.688602e-002
3.639076e+003,4.677822e-002
3.639558e+003,4.666455e-002
3.640041e+003,4.654962e-002
3.640522e+003,4.644187e-002
3.641005e+003,4.634875e-002
3.641487e+003,4.627128e-002
3.641969e+003,4.620124e-002
3.642451e+003,4.612497e-002
3.642933e+003,4.602905e-002
3.643415e+003,4.590588e-002
3.643897e+003,4.575673e-002
3.644380e+003,4.559052e-002
3.644862e+003,4.542292e-002
3.645344e+003,4.526971e-002
3.645826e+003,4.514294e-002
3.646308e+003,4.504997e-002
3.646790e+003,4.498878e-002
3.647272e+003,4.495109e-002
3.647754e+003,4.493067e-002
3.648237e+003,4.493189e-002
3.648719e+003,4.497041e-002
3.649201e+003,4.505721e-002
3.649683e+003,4.517240e-002
3.650165e+003,4.527059e-002
3.650647e+003,4.530034e-002
3.651129e+003,4.523674e-002
3.651611e+003,4.508486e-002
3.652094e+003,4.487096e-002
3.652576e+003,4.462630e-002
3.653058e+003,4.438047e-002
3.653540e+003,4.416015e-002
3.654022e+003,4.398909e-002
3.654504e+003,4.388858e-002
3.654986e+003,4.386960e-002
3.655469e+003,4.392469e-002
3.655950e+003,4.402152e-002
3.656433e+003,4.411091e-002
3.656915e+003,4.415322e-002
3.657397e+003,4.413014e-002
3.657879e+003,4.404910e-002
3.658361e+003,4.393041e-002
3.658843e+003,4.379675e-002
3.659325e+003,4.366642e-002
3.659808e+003,4.354928e-002
3.660290e+003,4.344833e-002
3.660772e+003,4.336043e-002
3.661254e+003,4.327589e-002
3.661736e+003,4.318808e-002
3.662218e+003,4.309103e-002
3.662700e+003,4.298598e-002
3.663182e+003,4.287716e-002
3.663665e+003,4.276970e-002
3.664147e+003,4.266783e-002
3.664629e+003,4.257118e-002
3.665111e+003,4.247475e-002
3.665593e+003,4.237256e-002
3.666075e+003,4.226050e-002
3.666557e+003,4.214081e-002
3.667039e+003,4.202496e-002
3.667521e+003,4.193504e-002
3.668004e+003,4.190212e-002
3.668486e+003,4.195680e-002
3.668968e+003,4.210748e-002
3.669450e+003,4.231626e-002
3.669932e+003,4.249853e-002
3.670414e+003,4.256693e-002
3.670896e+003,4.248658e-002
3.671378e+003,4.227804e-002
3.671861e+003,4.199053e-002
3.672343e+003,4.167751e-002
3.672825e+003,4.138608e-002
3.673307e+003,4.116544e-002
3.673789e+003,4.107342e-002
3.674271e+003,4.116962e-002
3.674753e+003,4.147142e-002
3.675236e+003,4.189548e-002
3.675718e+003,4.227211e-002
3.676200e+003,4.246965e-002
3.676682e+003,4.247385e-002
3.677164e+003,4.235030e-002
3.677646e+003,4.217142e-002
3.678128e+003,4.198926e-002
3.678610e+003,4.183197e-002
3.679093e+003,4.170781e-002
3.679575e+003,4.161192e-002
3.680057e+003,4.153127e-002
3.680539e+003,4.145385e-002
3.681021e+003,4.137405e-002
3.681503e+003,4.129296e-002
3.681985e+003,4.121613e-002
3.682467e+003,4.114828e-002
3.682949e+003,4.108918e-002
3.683432e+003,4.103246e-002
3.683914e+003,4.096707e-002
3.684396e+003,4.088126e-002
3.684878e+003,4.076988e-002
3.685360e+003,4.063905e-002
3.685842e+003,4.050471e-002
3.686324e+003,4.039350e-002
3.686806e+003,4.033815e-002
3.687289e+003,4.036923e-002
3.687771e+003,4.049920e-002
3.688253e+003,4.071032e-002
3.688735e+003,4.094909e-002
3.689217e+003,4.115171e-002
3.689699e+003,4.127337e-002
3.690181e+003,4.130712e-002
3.690664e+003,4.127212e-002
3.691146e+003,4.119569e-002
3.691628e+003,4.109778e-002
3.692110e+003,4.098794e-002
3.692592e+003,4.087116e-002
3.693074e+003,4.075098e-002
3.693556e+003,4.063429e-002
3.694038e+003,4.053175e-002
3.694521e+003,4.045369e-002
3.695003e+003,4.040711e-002
3.695485e+003,4.039204e-002
3.695967e+003,4.039782e-002
3.696449e+003,4.040622e-002
3.696931e+003,4.040032e-002
3.697413e+003,4.036877e-002
3.697895e+003,4.031260e-002
3.698377e+003,4.024233e-002
3.698860e+003,4.017796e-002
3.699342e+003,4.014034e-002
3.699824e+003,4.014809e-002
3.700306e+003,4.021052e-002
3.700788e+003,4.032313e-002
3.701270e+003,4.046559e-002
3.701752e+003,4.060734e-002
3.702234e+003,4.071957e-002
3.702717e+003,4.078652e-002
3.703199e+003,4.080795e-002
3.703681e+003,4.079136e-002
3.704163e+003,4.074770e-002
3.704645e+003,4.068791e-002
3.705127e+003,4.061892e-002
3.705609e+003,4.054602e-002
3.706092e+003,4.047133e-002
3.706573e+003,4.039852e-002
3.707056e+003,4.033059e-002
3.707538e+003,4.027072e-002
3.708020e+003,4.022443e-002
3.708502e+003,4.019955e-002
3.708984e+003,4.020704e-002
3.709466e+003,4.025877e-002
3.709948e+003,4.036534e-002
3.710431e+003,4.052603e-002
3.710913e+003,4.072611e-002
3.711395e+003,4.093194e-002
3.711877e+003,4.110644e-002
3.712359e+003,4.122408e-002
3.712841e+003,4.127678e-002
3.713323e+003,4.127228e-002
3.713805e+003,4.122562e-002
3.714288e+003,4.115347e-002
3.714770e+003,4.107030e-002
3.715252e+003,4.098749e-002
3.715734e+003,4.091300e-002
3.716216e+003,4.085402e-002
3.716698e+003,4.081373e-002
3.717180e+003,4.079085e-002
3.717662e+003,4.078199e-002
3.718145e+003,4.077945e-002
3.718627e+003,4.077614e-002
3.719109e+003,4.076741e-002
3.719591e+003,4.075335e-002
3.720073e+003,4.073929e-002
3.720555e+003,4.073180e-002
3.721037e+003,4.073594e-002
3.721520e+003,4.075020e-002
3.722001e+003,4.076686e-002
3.722484e+003,4.077606e-002
3.722966e+003,4.076692e-002
3.723448e+003,4.074221e-002
3.723930e+003,4.071282e-002
3.724412e+003,4.069962e-002
3.724894e+003,4.072273e-002
3.725376e+003,4.079180e-002
3.725859e+003,4.089938e-002
3.726341e+003,4.101889e-002
3.726823e+003,4.111337e-002
3.727305e+003,4.115453e-002
3.727787e+003,4.113187e-002
3.728269e+003,4.105482e-002
3.728751e+003,4.094457e-002
3.729233e+003,4.082694e-002
3.729716e+003,4.072589e-002
3.730198e+003,4.066056e-002
3.730680e+003,4.063894e-002
3.731162e+003,4.065611e-002
3.731644e+003,4.069458e-002
3.732126e+003,4.073318e-002
3.732608e+003,4.075659e-002
3.733090e+003,4.076908e-002
3.733573e+003,4.079515e-002
3.734055e+003,4.087198e-002
3.734537e+003,4.102421e-002
3.735019e+003,4.124619e-002
3.735501e+003,4.149224e-002
3.735983e+003,4.169623e-002
3.736465e+003,4.181289e-002
3.736948e+003,4.183557e-002
3.737430e+003,4.179001e-002
3.737912e+003,4.171013e-002
3.738394e+003,4.161930e-002
3.738876e+003,4.153062e-002
3.739358e+003,4.144344e-002
3.739840e+003,4.135002e-002
3.740322e+003,4.124030e-002
3.740804e+003,4.111009e-002
3.741287e+003,4.096398e-002
3.741769e+003,4.082190e-002
3.742251e+003,4.071756e-002
3.742733e+003,4.070068e-002
3.743215e+003,4.082458e-002
3.743697e+003,4.111123e-002
3.744179e+003,4.150438e-002
3.744661e+003,4.187189e-002
3.745144e+003,4.209019e-002
3.745626e+003,4.212375e-002
3.746108e+003,4.201288e-002
3.746590e+003,4.182022e-002
3.747072e+003,4.160230e-002
3.747554e+003,4.140232e-002
3.748036e+003,4.125249e-002
3.748518e+003,4.117730e-002
3.749000e+003,4.119240e-002
3.749483e+003,4.129708e-002
3.749965e+003,4.147356e-002
3.750447e+003,4.168949e-002
3.750929e+003,4.190780e-002
3.751411e+003,4.209379e-002
3.751893e+003,4.222333e-002
3.752375e+003,4.228196e-002
3.752858e+003,4.227004e-002
3.753340e+003,4.219813e-002
3.753822e+003,4.208357e-002
3.754304e+003,4.194639e-002
3.754786e+003,4.180537e-002
3.755268e+003,4.167760e-002
3.755750e+003,4.157456e-002
3.756232e+003,4.150279e-002
3.756715e+003,4.146202e-002
3.757197e+003,4.144870e-002
3.757679e+003,4.145709e-002
3.758161e+003,4.148450e-002
3.758643e+003,4.153262e-002
3.759125e+003,4.160042e-002
3.759607e+003,4.168116e-002
3.760089e+003,4.175756e-002
3.760572e+003,4.181021e-002
3.761054e+003,4.182338e-002
3.761536e+003,4.179281e-002
3.762018e+003,4.172707e-002
3.762500e+003,4.164276e-002
3.762982e+003,4.156329e-002
3.763464e+003,4.151030e-002
3.763947e+003,4.149847e-002
3.764428e+003,4.153028e-002
3.764911e+003,4.158742e-002
3.765393e+003,4.163932e-002
3.765875e+003,4.165733e-002
3.766357e+003,4.163066e-002
3.766839e+003,4.157031e-002
3.767321e+003,4.150239e-002
3.767803e+003,4.145930e-002
3.768286e+003,4.147165e-002
3.768768e+003,4.155355e-002
3.769250e+003,4.169773e-002
3.769732e+003,4.186990e-002
3.770214e+003,4.202418e-002
3.770696e+003,4.212442e-002
3.771178e+003,4.215929e-002
3.771660e+003,4.213762e-002
3.772143e+003,4.207979e-002
3.772625e+003,4.200668e-002
3.773107e+003,4.193329e-002
3.773589e+003,4.186772e-002
3.774071e+003,4.181162e-002
3.774553e+003,4.176115e-002
3.775035e+003,4.171144e-002
3.775517e+003,4.165877e-002
3.776000e+003,4.160441e-002
3.776482e+003,4.155556e-002
3.776964e+003,4.152480e-002
3.777446e+003,4.152907e-002
3.777928e+003,4.158226e-002
3.778410e+003,4.168786e-002
3.778892e+003,4.183023e-002
3.779375e+003,4.197340e-002
3.779856e+003,4.207654e-002
3.780339e+003,4.211185e-002
3.780821e+003,4.207635e-002
3.781303e+003,4.198749e-002
3.781785e+003,4.187510e-002
3.782267e+003,4.177026e-002
3.782749e+003,4.169973e-002
3.783231e+003,4.168075e-002
3.783714e+003,4.171615e-002
3.784196e+003,4.179221e-002
3.784678e+003,4.188384e-002
3.785160e+003,4.196753e-002
3.785642e+003,4.202963e-002
3.786124e+003,4.207114e-002
3.786606e+003,4.210212e-002
3.787088e+003,4.213271e-002
3.787571e+003,4.216769e-002
3.788053e+003,4.220345e-002
3.788535e+003,4.222994e-002
3.789017e+003,4.223711e-002
3.789499e+003,4.222020e-002
3.789981e+003,4.218022e-002
3.790463e+003,4.212439e-002
3.790945e+003,4.206222e-002
3.791427e+003,4.200016e-002
3.791910e+003,4.193901e-002
3.792392e+003,4.187537e-002
3.792874e+003,4.180568e-002
3.793356e+003,4.173042e-002
3.793838e+003,4.165708e-002
3.794320e+003,4.160164e-002
3.794802e+003,4.158255e-002
3.795284e+003,4.161454e-002
3.795767e+003,4.169657e-002
3.796249e+003,4.180391e-002
3.796731e+003,4.189774e-002
3.797213e+003,4.194242e-002
3.797695e+003,4.192335e-002
3.798177e+003,4.184980e-002
3.798659e+003,4.175081e-002
3.799142e+003,4.166703e-002
3.799624e+003,4.164739e-002
3.800106e+003,4.173674e-002
3.800588e+003,4.195451e-002
3.801070e+003,4.225971e-002
3.801552e+003,4.255056e-002
3.802034e+003,4.272180e-002
3.802516e+003,4.273394e-002
3.802999e+003,4.261510e-002
3.803481e+003,4.242602e-002
3.803963e+003,4.222437e-002
3.804445e+003,4.206006e-002
3.804927e+003,4.197370e-002
3.805409e+003,4.199803e-002
3.805891e+003,4.214241e-002
3.806373e+003,4.237961e-002
3.806855e+003,4.263800e-002
3.807338e+003,4.283512e-002
3.807820e+003,4.292083e-002
3.808302e+003,4.289699e-002
3.808784e+003,4.279933e-002
3.809266e+003,4.267044e-002
3.809748e+003,4.254476e-002
3.810230e+003,4.244173e-002
3.810712e+003,4.236471e-002
3.811195e+003,4.230438e-002
3.811677e+003,4.224431e-002
3.812159e+003,4.216931e-002
3.812641e+003,4.207409e-002
3.813123e+003,4.196576e-002
3.813605e+003,4.186686e-002
3.814087e+003,4.181085e-002
3.814570e+003,4.183221e-002
3.815052e+003,4.195094e-002
3.815534e+003,4.214440e-002
3.816016e+003,4.234856e-002
3.816498e+003,4.248832e-002
3.816980e+003,4.252340e-002
3.817462e+003,4.245999e-002
3.817944e+003,4.233233e-002
3.818427e+003,4.218764e-002
3.818909e+003,4.207615e-002
3.819391e+003,4.205109e-002
3.819873e+003,4.215402e-002
3.820355e+003,4.239126e-002
3.820837e+003,4.270171e-002
3.821319e+003,4.297255e-002
3.821801e+003,4.311221e-002
3.822283e+003,4.310322e-002
3.822766e+003,4.298361e-002
3.823248e+003,4.280756e-002
3.823730e+003,4.262147e-002
3.824212e+003,4.246032e-002
3.824694e+003,4.234788e-002
3.825176e+003,4.229810e-002
3.825658e+003,4.230902e-002
3.826140e+003,4.236338e-002
3.826623e+003,4.242881e-002
3.827105e+003,4.247552e-002
3.827587e+003,4.248399e-002
3.828069e+003,4.245564e-002
3.828551e+003,4.240490e-002
3.829033e+003,4.235207e-002
3.829515e+003,4.231627e-002
3.829998e+003,4.230989e-002
3.830479e+003,4.233539e-002
3.830962e+003,4.238199e-002
3.831444e+003,4.243213e-002
3.831926e+003,4.246677e-002
3.832408e+003,4.247732e-002
3.832890e+003,4.246443e-002
3.833372e+003,4.243811e-002
3.833854e+003,4.241204e-002
3.834337e+003,4.239600e-002
3.834819e+003,4.239456e-002
3.835301e+003,4.240848e-002
3.835783e+003,4.243572e-002
3.836265e+003,4.247509e-002
3.836747e+003,4.252789e-002
3.837229e+003,4.259715e-002
3.837711e+003,4.268443e-002
3.838194e+003,4.278425e-002
3.838676e+003,4.288125e-002
3.839158e+003,4.295933e-002
3.839640e+003,4.300585e-002
3.840122e+003,4.301895e-002
3.840604e+003,4.300711e-002
3.841086e+003,4.298418e-002
3.841568e+003,4.296462e-002
3.842051e+003,4.295969e-002
3.842533e+003,4.297345e-002
3.843015e+003,4.300236e-002
3.843497e+003,4.303598e-002
3.843979e+003,4.306125e-002
3.844461e+003,4.306599e-002
3.844943e+003,4.304459e-002
3.845426e+003,4.299848e-002
3.845907e+003,4.293248e-002
3.846390e+003,4.285548e-002
3.846872e+003,4.277480e-002
3.847354e+003,4.269673e-002
3.847836e+003,4.262426e-002
3.848318e+003,4.255687e-002
3.848800e+003,4.249170e-002
3.849282e+003,4.242480e-002
3.849765e+003,4.235633e-002
3.850247e+003,4.229058e-002
3.850729e+003,4.224459e-002
3.851211e+003,4.224765e-002
3.851693e+003,4.234260e-002
3.852175e+003,4.257072e-002
3.852657e+003,4.292662e-002
3.853139e+003,4.332159e-002
3.853622e+003,4.362056e-002
3.854104e+003,4.375146e-002
3.854586e+003,4.373950e-002
3.855068e+003,4.365228e-002
3.855550e+003,4.354339e-002
3.856032e+003,4.344315e-002
3.856514e+003,4.335875e-002
3.856996e+003,4.328445e-002
3.857479e+003,4.320985e-002
3.857961e+003,4.312605e-002
3.858443e+003,4.302952e-002
3.858925e+003,4.292601e-002
3.859407e+003,4.282459e-002
3.859889e+003,4.273770e-002
3.860371e+003,4.267455e-002
3.860854e+003,4.263933e-002
3.861336e+003,4.263048e-002
3.861818e+003,4.264158e-002
3.862300e+003,4.267053e-002
3.862782e+003,4.271958e-002
3.863264e+003,4.279608e-002
3.863746e+003,4.290228e-002
3.864228e+003,4.302586e-002
3.864710e+003,4.313568e-002
3.865193e+003,4.319585e-002
3.865675e+003,4.318232e-002
3.866157e+003,4.309465e-002
3.866639e+003,4.295412e-002
3.867121e+003,4.279386e-002
3.867603e+003,4.265380e-002
3.868085e+003,4.257683e-002
3.868567e+003,4.259844e-002
3.869050e+003,4.272564e-002
3.869532e+003,4.291680e-002
3.870014e+003,4.309120e-002
3.870496e+003,4.318131e-002
3.870978e+003,4.317431e-002
3.871460e+003,4.310283e-002
3.871942e+003,4.301935e-002
3.872424e+003,4.296811e-002
3.872906e+003,4.297845e-002
3.873389e+003,4.305346e-002
3.873871e+003,4.316786e-002
3.874353e+003,4.327637e-002
3.874835e+003,4.333827e-002
3.875317e+003,4.333443e-002
3.875799e+003,4.326933e-002
3.876281e+003,4.316388e-002
3.876764e+003,4.304116e-002
3.877246e+003,4.292290e-002
3.877728e+003,4.282872e-002
3.878210e+003,4.277829e-002
3.878692e+003,4.278915e-002
3.879174e+003,4.287173e-002
3.879656e+003,4.301815e-002
3.880138e+003,4.319417e-002
3.880621e+003,4.334730e-002
3.881103e+003,4.343079e-002
3.881585e+003,4.342339e-002
3.882067e+003,4.333758e-002
3.882549e+003,4.320675e-002
3.883031e+003,4.307313e-002
3.883513e+003,4.298357e-002
3.883995e+003,4.297900e-002
3.884478e+003,4.308059e-002
3.884960e+003,4.327412e-002
3.885442e+003,4.349957e-002
3.885924e+003,4.367804e-002
3.886406e+003,4.375575e-002
3.886888e+003,4.372602e-002
3.887370e+003,4.361869e-002
3.887853e+003,4.347567e-002
3.888334e+003,4.333631e-002
3.888817e+003,4.323089e-002
3.889299e+003,4.318139e-002
3.889781e+003,4.319983e-002
3.890263e+003,4.328467e-002
3.890745e+003,4.341898e-002
3.891227e+003,4.357028e-002
3.891709e+003,4.370470e-002
3.892192e+003,4.379799e-002
3.892674e+003,4.384167e-002
3.893156e+003,4.383995e-002
3.893638e+003,4.380129e-002
3.894120e+003,4.373707e-002
3.894602e+003,4.365641e-002
3.895084e+003,4.356752e-002
3.895566e+003,4.347610e-002
3.896049e+003,4.338956e-002
3.896531e+003,4.331268e-002
3.897013e+003,4.325087e-002
3.897495e+003,4.320946e-002
3.897977e+003,4.319189e-002
3.898459e+003,4.319934e-002
3.898941e+003,4.322987e-002
3.899423e+003,4.327683e-002
3.899906e+003,4.332977e-002
3.900388e+003,4.337690e-002
3.900870e+003,4.341394e-002
3.901352e+003,4.344080e-002
3.901834e+003,4.346554e-002
3.902316e+003,4.349916e-002
3.902798e+003,4.355244e-002
3.903281e+003,4.362934e-002
3.903762e+003,4.372313e-002
3.904245e+003,4.381680e-002
3.904727e+003,4.389204e-002
3.905209e+003,4.393611e-002
3.905691e+003,4.394791e-002
3.906173e+003,4.393301e-002
3.906655e+003,4.390018e-002
3.907137e+003,4.385949e-002
3.907620e+003,4.381721e-002
3.908102e+003,4.377770e-002
3.908584e+003,4.374509e-002
3.909066e+003,4.372245e-002
3.909548e+003,4.371295e-002
3.910030e+003,4.371994e-002
3.910512e+003,4.374222e-002
3.910994e+003,4.377314e-002
3.911477e+003,4.380301e-002
3.911959e+003,4.381745e-002
3.912441e+003,4.380596e-002
3.912923e+003,4.376519e-002
3.913405e+003,4.370020e-002
3.913887e+003,4.362522e-002
3.914369e+003,4.355993e-002
3.914851e+003,4.352391e-002
3.915333e+003,4.353206e-002
3.915816e+003,4.358694e-002
3.916298e+003,4.368018e-002
3.916780e+003,4.379488e-002
3.917262e+003,4.391201e-002
3.917744e+003,4.401919e-002
3.918226e+003,4.411001e-002
3.918708e+003,4.418393e-002
3.919190e+003,4.423988e-002
3.919673e+003,4.427237e-002
3.920155e+003,4.427516e-002
3.920637e+003,4.424487e-002
3.921119e+003,4.418631e-002
3.921601e+003,4.411053e-002
3.922083e+003,4.403580e-002
3.922565e+003,4.398267e-002
3.923048e+003,4.396712e-002
3.923530e+003,4.399294e-002
3.924012e+003,4.405025e-002
3.924494e+003,4.411718e-002
3.924976e+003,4.416745e-002
3.925458e+003,4.418501e-002
3.925940e+003,4.416695e-002
3.926422e+003,4.412350e-002
3.926905e+003,4.407044e-002
3.927387e+003,4.402230e-002
3.927869e+003,4.398885e-002
3.928351e+003,4.397487e-002
3.928833e+003,4.398041e-002
3.929315e+003,4.400304e-002
3.929797e+003,4.403984e-002
3.930279e+003,4.408854e-002
3.930761e+003,4.414727e-002
3.931244e+003,4.421177e-002
3.931726e+003,4.427388e-002
3.932208e+003,4.432464e-002
3.932690e+003,4.435588e-002
3.933172e+003,4.436506e-002
3.933654e+003,4.435512e-002
3.934136e+003,4.433474e-002
3.934618e+003,4.431488e-002
3.935101e+003,4.430372e-002
3.935583e+003,4.430687e-002
3.936065e+003,4.432368e-002
3.936547e+003,4.435012e-002
3.937029e+003,4.437845e-002
3.937511e+003,4.440115e-002
3.937993e+003,4.441288e-002
3.938476e+003,4.441029e-002
3.938958e+003,4.439536e-002
3.939440e+003,4.437253e-002
3.939922e+003,4.434862e-002
3.940404e+003,4.433100e-002
3.940886e+003,4.432531e-002
3.941368e+003,4.433542e-002
3.941850e+003,4.435786e-002
3.942333e+003,4.438500e-002
3.942815e+003,4.440438e-002
3.943297e+003,4.440431e-002
3.943779e+003,4.437849e-002
3.944261e+003,4.433000e-002
3.944743e+003,4.426809e-002
3.945225e+003,4.420723e-002
3.945707e+003,4.416247e-002
3.946189e+003,4.414599e-002
3.946672e+003,4.416319e-002
3.947154e+003,4.421113e-002
3.947636e+003,4.427800e-002
3.948118e+003,4.434678e-002
3.948600e+003,4.440052e-002
3.949082e+003,4.442729e-002
3.949564e+003,4.442386e-002
3.950046e+003,4.439650e-002
3.950529e+003,4.435450e-002
3.951011e+003,4.430833e-002
3.951493e+003,4.426658e-002
3.951975e+003,4.423476e-002
3.952457e+003,4.421543e-002
3.952939e+003,4.420859e-002
3.953421e+003,4.421385e-002
3.953904e+003,4.422906e-002
3.954385e+003,4.425207e-002
3.954868e+003,4.427951e-002
3.955350e+003,4.430938e-002
3.955832e+003,4.433873e-002
3.956314e+003,4.436606e-002
3.956796e+003,4.439098e-002
3.957278e+003,4.441280e-002
3.957760e+003,4.443381e-002
3.958243e+003,4.445363e-002
3.958725e+003,4.447493e-002
3.959207e+003,4.449919e-002
3.959689e+003,4.452871e-002
3.960171e+003,4.456497e-002
3.960653e+003,4.460730e-002
3.961135e+003,4.465247e-002
3.961617e+003,4.469508e-002
3.962100e+003,4.472612e-002
3.962582e+003,4.473924e-002
3.963064e+003,4.473162e-002
3.963546e+003,4.470417e-002
3.964028e+003,4.466458e-002
3.964510e+003,4.462256e-002
3.964992e+003,4.458876e-002
3.965474e+003,4.456964e-002
3.965957e+003,4.456777e-002
3.966439e+003,4.458088e-002
3.966921e+003,4.460370e-002
3.967403e+003,4.463043e-002
3.967885e+003,4.465596e-002
3.968367e+003,4.467785e-002
3.968849e+003,4.469651e-002
3.969332e+003,4.471301e-002
3.969813e+003,4.472788e-002
3.970296e+003,4.473884e-002
3.970778e+003,4.474428e-002
3.971260e+003,4.474310e-002
3.971742e+003,4.473557e-002
3.972224e+003,4.472478e-002
3.972706e+003,4.471575e-002
3.973188e+003,4.471349e-002
3.973671e+003,4.472134e-002
3.974153e+003,4.473907e-002
3.974635e+003,4.476409e-002
3.975117e+003,4.479209e-002
3.975599e+003,4.482011e-002
3.976081e+003,4.484596e-002
3.976563e+003,4.486925e-002
3.977045e+003,4.489091e-002
3.977528e+003,4.491164e-002
3.978010e+003,4.492913e-002
3.978492e+003,4.494296e-002
3.978974e+003,4.494976e-002
3.979456e+003,4.494803e-002
3.979938e+003,4.493697e-002
3.980420e+003,4.491940e-002
3.980902e+003,4.489912e-002
3.981385e+003,4.488032e-002
3.981867e+003,4.486558e-002
3.982349e+003,4.485679e-002
3.982831e+003,4.485369e-002
3.983313e+003,4.485411e-002
3.983795e+003,4.485588e-002
3.984277e+003,4.485589e-002
3.984760e+003,4.485265e-002
3.985242e+003,4.484588e-002
3.985724e+003,4.483693e-002
3.986206e+003,4.482691e-002
3.986688e+003,4.482013e-002
3.987170e+003,4.481877e-002
3.987652e+003,4.482568e-002
3.988134e+003,4.484045e-002
3.988616e+003,4.486147e-002
3.989099e+003,4.488426e-002
3.989581e+003,4.490420e-002
3.990063e+003,4.491777e-002
3.990545e+003,4.492334e-002
3.991027e+003,4.492428e-002
3.991509e+003,4.492360e-002
3.991991e+003,4.492631e-002
3.992473e+003,4.493554e-002
3.992956e+003,4.495169e-002
3.993438e+003,4.497124e-002
3.993920e+003,4.499107e-002
3.994402e+003,4.500763e-002
3.994884e+003,4.501877e-002
3.995366e+003,4.502638e-002
3.995848e+003,4.503344e-002
3.996330e+003,4.504404e-002
3.996813e+003,4.506062e-002
3.997295e+003,4.508331e-002
3.997777e+003,4.510806e-002
3.998259e+003,4.513131e-002
3.998741e+003,4.514845e-002
3.999223e+003,4.515580e-002
3.999705e+003,4.515335e-002
4.000188e+003,4.514247e-002
