3.996813e+002,0.000000e+000
4.001635e+002,2.438159e-002
4.006456e+002,2.463758e-002
4.011277e+002,2.494452e-002
4.016098e+002,2.521670e-002
4.020919e+002,2.539648e-002
4.025741e+002,2.547850e-002
4.030562e+002,2.550999e-002
4.035383e+002,2.555869e-002
4.040204e+002,2.567627e-002
4.045026e+002,2.587169e-002
4.049847e+002,2.611046e-002
4.054668e+002,2.633020e-002
4.059489e+002,2.647790e-002
4.064311e+002,2.654341e-002
4.069132e+002,2.656887e-002
4.073953e+002,2.662356e-002
4.078774e+002,2.676337e-002
4.083596e+002,2.700051e-002
4.088417e+002,2.729788e-002
4.093238e+002,2.758418e-002
4.098059e+002,2.779126e-002
4.102881e+002,2.788972e-002
4.107702e+002,2.790737e-002
4.112523e+002,2.790790e-002
4.117344e+002,2.795324e-002
4.122166e+002,2.807037e-002
4.126987e+002,2.824091e-002
4.131808e+002,2.841134e-002
4.136629e+002,2.852401e-002
4.141451e+002,2.854780e-002
4.146272e+002,2.849450e-002
4.151093e+002,2.840469e-002
4.155914e+002,2.832030e-002
4.160736e+002,2.826040e-002
4.165557e+002,2.821123e-002
4.170378e+002,2.813043e-002
4.175200e+002,2.796841e-002
4.180021e+002,2.771473e-002
4.184842e+002,2.744572e-002
4.189663e+002,2.730500e-002
4.194484e+002,2.739393e-002
4.199306e+002,2.768691e-002
4.204127e+002,2.806729e-002
4.208948e+002,2.841459e-002
4.213770e+002,2.865966e-002
4.218591e+002,2.879639e-002
4.223412e+002,2.886854e-002
4.228233e+002,2.894255e-002
4.233055e+002,2.907689e-002
4.237876e+002,2.929422e-002
4.242697e+002,2.956958e-002
4.247518e+002,2.984171e-002
4.252339e+002,3.004750e-002
4.257161e+002,3.015870e-002
4.261982e+002,3.019718e-002
4.266803e+002,3.021715e-002
4.271624e+002,3.027307e-002
4.276446e+002,3.039056e-002
4.281267e+002,3.055794e-002
4.286088e+002,3.073414e-002
4.290909e+002,3.087368e-002
4.295731e+002,3.095203e-002
4.300552e+002,3.098258e-002
4.305373e+002,3.100845e-002
4.310194e+002,3.107799e-002
4.315016e+002,3.121619e-002
4.319837e+002,3.141215e-002
4.324658e+002,3.162432e-002
4.329479e+002,3.180506e-002
4.334301e+002,3.192732e-002
4.339122e+002,3.199889e-002
4.343943e+002,3.205505e-002
4.348764e+002,3.213525e-002
4.353586e+002,3.225751e-002
4.358407e+002,3.240616e-002
4.363228e+002,3.253916e-002
4.368049e+002,3.261653e-002
4.372870e+002,3.262874e-002
4.377692e+002,3.260756e-002
4.382513e+002,3.260730e-002
4.387334e+002,3.267435e-002
4.392155e+002,3.282303e-002
4.396977e+002,3.302825e-002
4.401798e+002,3.323273e-002
4.406619e+002,3.337158e-002
4.411440e+002,3.340381e-002
4.416262e+002,3.333790e-002
4.421083e+002,3.323080e-002
4.425904e+002,3.315841e-002
4.430725e+002,3.317472e-002
4.435547e+002,3.328655e-002
4.440368e+002,3.345537e-002
4.445189e+002,3.362485e-002
4.450010e+002,3.375150e-002
4.454832e+002,3.382675e-002
4.459653e+002,3.387288e-002
4.464474e+002,3.392429e-002
4.469295e+002,3.400235e-002
4.474117e+002,3.410169e-002
4.478938e+002,3.419222e-002
4.483759e+002,3.423882e-002
4.488580e+002,3.422344e-002
4.493401e+002,3.415834e-002
4.498223e+002,3.407800e-002
4.503044e+002,3.402120e-002
4.507865e+002,3.401031e-002
4.512687e+002,3.404047e-002
4.517508e+002,3.408033e-002
4.522329e+002,3.408914e-002
4.527150e+002,3.404082e-002
4.531971e+002,3.394254e-002
4.536793e+002,3.382910e-002
4.541614e+002,3.374163e-002
4.546435e+002,3.370439e-002
4.551257e+002,3.371475e-002
4.556078e+002,3.374463e-002
4.560899e+002,3.375408e-002
4.565720e+002,3.371228e-002
4.570542e+002,3.362063e-002
4.575363e+002,3.351904e-002
4.580184e+002,3.346549e-002
4.585005e+002,3.349934e-002
4.589827e+002,3.361935e-002
4.594648e+002,3.378958e-002
4.599469e+002,3.396507e-002
4.604290e+002,3.411480e-002
4.609112e+002,3.423377e-002
4.613933e+002,3.433749e-002
4.618754e+002,3.444893e-002
4.623575e+002,3.458243e-002
4.628397e+002,3.473460e-002
4.633218e+002,3.488529e-002
4.638039e+002,3.501114e-002
4.642860e+002,3.510167e-002
4.647682e+002,3.516879e-002
4.652503e+002,3.524110e-002
4.657324e+002,3.535011e-002
4.662145e+002,3.551216e-002
4.666967e+002,3.571798e-002
4.671788e+002,3.593281e-002
4.676609e+002,3.611169e-002
4.681430e+002,3.622298e-002
4.686252e+002,3.626519e-002
4.691073e+002,3.626500e-002
4.695894e+002,3.626153e-002
4.700715e+002,3.628521e-002
4.705536e+002,3.634670e-002
4.710358e+002,3.643383e-002
4.715179e+002,3.652186e-002
4.720000e+002,3.659066e-002
4.724821e+002,3.664090e-002
4.729643e+002,3.669485e-002
4.734464e+002,3.678093e-002
4.739285e+002,3.691252e-002
4.744106e+002,3.707990e-002
4.748928e+002,3.725582e-002
4.753749e+002,3.741073e-002
4.758570e+002,3.752676e-002
4.763391e+002,3.760667e-002
4.768213e+002,3.766961e-002
4.773034e+002,3.773983e-002
4.777855e+002,3.783209e-002
4.782676e+002,3.794344e-002
4.787498e+002,3.805536e-002
4.792319e+002,3.814602e-002
4.797140e+002,3.820477e-002
4.801961e+002,3.824089e-002
4.806783e+002,3.827908e-002
4.811604e+002,3.834695e-002
4.816425e+002,3.845986e-002
4.821246e+002,3.861223e-002
4.826068e+002,3.877841e-002
4.830889e+002,3.892532e-002
4.835710e+002,3.902930e-002
4.840531e+002,3.908904e-002
4.845352e+002,3.912451e-002
4.850174e+002,3.916285e-002
4.854995e+002,3.922109e-002
4.859816e+002,3.929641e-002
4.864637e+002,3.936876e-002
4.869459e+002,3.941404e-002
4.874280e+002,3.941869e-002
4.879101e+002,3.938871e-002
4.883922e+002,3.934543e-002
4.888744e+002,3.931547e-002
4.893565e+002,3.931709e-002
4.898386e+002,3.935342e-002
4.903207e+002,3.941246e-002
4.908029e+002,3.947688e-002
4.912850e+002,3.953494e-002
4.917671e+002,3.958901e-002
4.922492e+002,3.965213e-002
4.927314e+002,3.973771e-002
4.932135e+002,3.984780e-002
4.936956e+002,3.996883e-002
4.941777e+002,4.007745e-002
4.946599e+002,4.015373e-002
4.951420e+002,4.019251e-002
4.956241e+002,4.020849e-002
4.961062e+002,4.022849e-002
4.965884e+002,4.027836e-002
4.970705e+002,4.036871e-002
4.975526e+002,4.048921e-002
4.980347e+002,4.061335e-002
4.985169e+002,4.071263e-002
4.989990e+002,4.077122e-002
4.994811e+002,4.079509e-002
4.999633e+002,4.080848e-002
5.004454e+002,4.084216e-002
5.009275e+002,4.091849e-002
5.014096e+002,4.104017e-002
5.018917e+002,4.118822e-002
5.023739e+002,4.133231e-002
5.028560e+002,4.144830e-002
5.033381e+002,4.153175e-002
5.038203e+002,4.159614e-002
5.043024e+002,4.166124e-002
5.047845e+002,4.173917e-002
5.052666e+002,4.182805e-002
5.057487e+002,4.191323e-002
5.062309e+002,4.197653e-002
5.067130e+002,4.200818e-002
5.071951e+002,4.201525e-002
5.076772e+002,4.201865e-002
5.081594e+002,4.204220e-002
5.086415e+002,4.210007e-002
5.091236e+002,4.219049e-002
5.096057e+002,4.229891e-002
5.100879e+002,4.240734e-002
5.105700e+002,4.250486e-002
5.110521e+002,4.259366e-002
5.115342e+002,4.268616e-002
5.120164e+002,4.279644e-002
5.124985e+002,4.292985e-002
5.129806e+002,4.307928e-002
5.134627e+002,4.322830e-002
5.139448e+002,4.336080e-002
5.144270e+002,4.347125e-002
5.149091e+002,4.357044e-002
5.153912e+002,4.368175e-002
5.158734e+002,4.383099e-002
5.163555e+002,4.403295e-002
5.168376e+002,4.428294e-002
5.173197e+002,4.455759e-002
5.178019e+002,4.482614e-002
5.182840e+002,4.506614e-002
5.187661e+002,4.527410e-002
5.192482e+002,4.546262e-002
5.197303e+002,4.564921e-002
5.202125e+002,4.584250e-002
5.206946e+002,4.603704e-002
5.211767e+002,4.621630e-002
5.216588e+002,4.636339e-002
5.221410e+002,4.647166e-002
5.226231e+002,4.654998e-002
5.231052e+002,4.661823e-002
5.235873e+002,4.669841e-002
5.240695e+002,4.680408e-002
5.245516e+002,4.693422e-002
5.250337e+002,4.707372e-002
5.255159e+002,4.720222e-002
5.259980e+002,4.730555e-002
5.264801e+002,4.738383e-002
5.269622e+002,4.744852e-002
5.274443e+002,4.751193e-002
5.279265e+002,4.757630e-002
5.284086e+002,4.763177e-002
5.288907e+002,4.766040e-002
5.293728e+002,4.764733e-002
5.298550e+002,4.758988e-002
5.303371e+002,4.750158e-002
5.308192e+002,4.740635e-002
5.313013e+002,4.732727e-002
5.317834e+002,4.727468e-002
5.322656e+002,4.724180e-002
5.327477e+002,4.720801e-002
5.332299e+002,4.715053e-002
5.337120e+002,4.705554e-002
5.341941e+002,4.692522e-002
5.346762e+002,4.677473e-002
5.351583e+002,4.662342e-002
5.356404e+002,4.648394e-002
5.361226e+002,4.635764e-002
5.366047e+002,4.623580e-002
5.370868e+002,4.610800e-002
5.375690e+002,4.597047e-002
5.380511e+002,4.582953e-002
5.385332e+002,4.569783e-002
5.390153e+002,4.558634e-002
5.394974e+002,4.549674e-002
5.399796e+002,4.541960e-002
5.404617e+002,4.533900e-002
5.409438e+002,4.524124e-002
5.414260e+002,4.512329e-002
5.419081e+002,4.499568e-002
5.423902e+002,4.487713e-002
5.428723e+002,4.478479e-002
5.433544e+002,4.472568e-002
5.438365e+002,4.469430e-002
5.443187e+002,4.467587e-002
5.448008e+002,4.465529e-002
5.452830e+002,4.462619e-002
5.457651e+002,4.459416e-002
5.462472e+002,4.457258e-002
5.467293e+002,4.457390e-002
5.472114e+002,4.460067e-002
5.476936e+002,4.464329e-002
5.481757e+002,4.468531e-002
5.486578e+002,4.471330e-002
5.491400e+002,4.472484e-002
5.496221e+002,4.473229e-002
5.501042e+002,4.475572e-002
5.505863e+002,4.481246e-002
5.510684e+002,4.490675e-002
5.515505e+002,4.502725e-002
5.520327e+002,4.515144e-002
5.525148e+002,4.525743e-002
5.529969e+002,4.533441e-002
5.534791e+002,4.538807e-002
5.539612e+002,4.543674e-002
5.544433e+002,4.550170e-002
5.549254e+002,4.559563e-002
5.554076e+002,4.571742e-002
5.558896e+002,4.585357e-002
5.563718e+002,4.598763e-002
5.568539e+002,4.610952e-002
5.573361e+002,4.622227e-002
5.578182e+002,4.633926e-002
5.583003e+002,4.647639e-002
5.587825e+002,4.664228e-002
5.592645e+002,4.683387e-002
5.597467e+002,4.703739e-002
5.602288e+002,4.723654e-002
5.607109e+002,4.742107e-002
5.611931e+002,4.759274e-002
5.616752e+002,4.776300e-002
5.621573e+002,4.794610e-002
5.626394e+002,4.815058e-002
5.631216e+002,4.837515e-002
5.636037e+002,4.861040e-002
5.640858e+002,4.884630e-002
5.645679e+002,4.907994e-002
5.650500e+002,4.931948e-002
5.655322e+002,4.958042e-002
5.660143e+002,4.987720e-002
5.664965e+002,5.021387e-002
5.669785e+002,5.058055e-002
5.674607e+002,5.095598e-002
5.679428e+002,5.131788e-002
5.684249e+002,5.165385e-002
5.689070e+002,5.196834e-002
5.693892e+002,5.227857e-002
5.698713e+002,5.260405e-002
5.703534e+002,5.295443e-002
5.708356e+002,5.332271e-002
5.713177e+002,5.368817e-002
5.717998e+002,5.402533e-002
5.722819e+002,5.431647e-002
5.727640e+002,5.455861e-002
5.732462e+002,5.476200e-002
5.737283e+002,5.494218e-002
5.742104e+002,5.510862e-002
5.746925e+002,5.525900e-002
5.751747e+002,5.537952e-002
5.756568e+002,5.545315e-002
5.761389e+002,5.547051e-002
5.766210e+002,5.543655e-002
5.771031e+002,5.536764e-002
5.775853e+002,5.528190e-002
5.780674e+002,5.518829e-002
5.785496e+002,5.508249e-002
5.790317e+002,5.494984e-002
5.795138e+002,5.477471e-002
5.799959e+002,5.455106e-002
5.804780e+002,5.428820e-002
5.809601e+002,5.400788e-002
5.814423e+002,5.373418e-002
5.819244e+002,5.348212e-002
5.824066e+002,5.325241e-002
5.828887e+002,5.303311e-002
5.833708e+002,5.280839e-002
5.838529e+002,5.256780e-002
5.843350e+002,5.231241e-002
5.848171e+002,5.205287e-002
5.852993e+002,5.180290e-002
5.857814e+002,5.157149e-002
5.862635e+002,5.135921e-002
5.867457e+002,5.115874e-002
5.872278e+002,5.096253e-002
5.877099e+002,5.076775e-002
5.881920e+002,5.057984e-002
5.886741e+002,5.040897e-002
5.891563e+002,5.026447e-002
5.896384e+002,5.014798e-002
5.901205e+002,5.005237e-002
5.906027e+002,4.996363e-002
5.910848e+002,4.986895e-002
5.915669e+002,4.976361e-002
5.920490e+002,4.965424e-002
5.925311e+002,4.955520e-002
5.930133e+002,4.948050e-002
5.934954e+002,4.943632e-002
5.939775e+002,4.941826e-002
5.944597e+002,4.941498e-002
5.949418e+002,4.941494e-002
5.954239e+002,4.941264e-002
5.959060e+002,4.941176e-002
5.963882e+002,4.942172e-002
5.968702e+002,4.945163e-002
5.973524e+002,4.950427e-002
5.978345e+002,4.957392e-002
5.983167e+002,4.964869e-002
5.987988e+002,4.971743e-002
5.992809e+002,4.977478e-002
5.997630e+002,4.982498e-002
6.002451e+002,4.987796e-002
6.007273e+002,4.994370e-002
6.012094e+002,5.002491e-002
6.016915e+002,5.011626e-002
6.021736e+002,5.020622e-002
6.026558e+002,5.028365e-002
6.031379e+002,5.034343e-002
6.036200e+002,5.038856e-002
6.041022e+002,5.042732e-002
6.045842e+002,5.046740e-002
6.050664e+002,5.051105e-002
6.055485e+002,5.055337e-002
6.060306e+002,5.058522e-002
6.065128e+002,5.059963e-002
6.069949e+002,5.059645e-002
6.074770e+002,5.058368e-002
6.079591e+002,5.057314e-002
6.084413e+002,5.057412e-002
6.089234e+002,5.058721e-002
6.094055e+002,5.060350e-002
6.098876e+002,5.060821e-002
6.103698e+002,5.058752e-002
6.108519e+002,5.053556e-002
6.113340e+002,5.045694e-002
6.118162e+002,5.036329e-002
6.122983e+002,5.026735e-002
6.127804e+002,5.017626e-002
6.132625e+002,5.008976e-002
6.137446e+002,5.000117e-002
6.142267e+002,4.990376e-002
6.147089e+002,4.979475e-002
6.151910e+002,4.967820e-002
6.156731e+002,4.956225e-002
6.161553e+002,4.945481e-002
6.166374e+002,4.935868e-002
6.171195e+002,4.927083e-002
6.176016e+002,4.918414e-002
6.180837e+002,4.909319e-002
6.185659e+002,4.899696e-002
6.190480e+002,4.889983e-002
6.195302e+002,4.880798e-002
6.200123e+002,4.872433e-002
6.204944e+002,4.864554e-002
6.209765e+002,4.856270e-002
6.214586e+002,4.846539e-002
6.219407e+002,4.834775e-002
6.224229e+002,4.821218e-002
6.229050e+002,4.806903e-002
6.233871e+002,4.793181e-002
6.238693e+002,4.781067e-002
6.243514e+002,4.770748e-002
6.248335e+002,4.761557e-002
6.253156e+002,4.752371e-002
6.257977e+002,4.742279e-002
6.262798e+002,4.731093e-002
6.267620e+002,4.719479e-002
6.272441e+002,4.708501e-002
6.277263e+002,4.699004e-002
6.282084e+002,4.691152e-002
6.286905e+002,4.684362e-002
6.291726e+002,4.677686e-002
6.296547e+002,4.670366e-002
6.301368e+002,4.662308e-002
6.306190e+002,4.654180e-002
6.311011e+002,4.646992e-002
6.315833e+002,4.641541e-002
6.320654e+002,4.637919e-002
6.325475e+002,4.635438e-002
6.330296e+002,4.633015e-002
6.335117e+002,4.629718e-002
6.339939e+002,4.625336e-002
6.344760e+002,4.620517e-002
6.349581e+002,4.616329e-002
6.354402e+002,4.613779e-002
6.359224e+002,4.613157e-002
6.364045e+002,4.614010e-002
6.368866e+002,4.615379e-002
6.373687e+002,4.616394e-002
6.378508e+002,4.616724e-002
6.383330e+002,4.616703e-002
6.388151e+002,4.617017e-002
6.392972e+002,4.618239e-002
6.397794e+002,4.620399e-002
6.402615e+002,4.622988e-002
6.407436e+002,4.625227e-002
6.412257e+002,4.626618e-002
6.417079e+002,4.627261e-002
6.421899e+002,4.627899e-002
6.426721e+002,4.629465e-002
6.431542e+002,4.632588e-002
6.436364e+002,4.637153e-002
6.441185e+002,4.642383e-002
6.446006e+002,4.647232e-002
6.450827e+002,4.651004e-002
6.455648e+002,4.653701e-002
6.460470e+002,4.656073e-002
6.465291e+002,4.659060e-002
6.470112e+002,4.663233e-002
6.474933e+002,4.668324e-002
6.479755e+002,4.673344e-002
6.484576e+002,4.677106e-002
6.489397e+002,4.678942e-002
6.494219e+002,4.679126e-002
6.499040e+002,4.678918e-002
6.503861e+002,4.679840e-002
6.508682e+002,4.682931e-002
6.513503e+002,4.688181e-002
6.518325e+002,4.694590e-002
6.523146e+002,4.700630e-002
6.527968e+002,4.705153e-002
6.532788e+002,4.707874e-002
6.537610e+002,4.709506e-002
6.542431e+002,4.711183e-002
6.547252e+002,4.713729e-002
6.552073e+002,4.717069e-002
6.556895e+002,4.720233e-002
6.561716e+002,4.721838e-002
6.566537e+002,4.720946e-002
6.571359e+002,4.717566e-002
6.576179e+002,4.712754e-002
6.581001e+002,4.708022e-002
6.585822e+002,4.704549e-002
6.590643e+002,4.702561e-002
6.595464e+002,4.701267e-002
6.600286e+002,4.699343e-002
6.605107e+002,4.695761e-002
6.609928e+002,4.690372e-002
6.614750e+002,4.684030e-002
6.619571e+002,4.678052e-002
6.624392e+002,4.673465e-002
6.629213e+002,4.670440e-002
6.634034e+002,4.668169e-002
6.638856e+002,4.665358e-002
6.643677e+002,4.660926e-002
6.648499e+002,4.654476e-002
6.653320e+002,4.646417e-002
6.658141e+002,4.637675e-002
6.662962e+002,4.629230e-002
6.667783e+002,4.621648e-002
6.672605e+002,4.614828e-002
6.677426e+002,4.608007e-002
6.682247e+002,4.600688e-002
6.687068e+002,4.593427e-002
6.691890e+002,4.587656e-002
6.696711e+002,4.584438e-002
6.701532e+002,4.583751e-002
6.706353e+002,4.584591e-002
6.711174e+002,4.585525e-002
6.715996e+002,4.585168e-002
6.720817e+002,4.582695e-002
6.725638e+002,4.578176e-002
6.730460e+002,4.572560e-002
6.735281e+002,4.567270e-002
6.740102e+002,4.563422e-002
6.744923e+002,4.561180e-002
6.749745e+002,4.559750e-002
6.754565e+002,4.557760e-002
6.759387e+002,4.554105e-002
6.764208e+002,4.548600e-002
6.769030e+002,4.542109e-002
6.773851e+002,4.536105e-002
6.778672e+002,4.531798e-002
6.783493e+002,4.529506e-002
6.788314e+002,4.528549e-002
6.793136e+002,4.527634e-002
6.797957e+002,4.525669e-002
6.802778e+002,4.522385e-002
6.807599e+002,4.518542e-002
6.812421e+002,4.515481e-002
6.817242e+002,4.514334e-002
6.822063e+002,4.515411e-002
6.826885e+002,4.518091e-002
6.831705e+002,4.521154e-002
6.836527e+002,4.523613e-002
6.841348e+002,4.525205e-002
6.846169e+002,4.526595e-002
6.850991e+002,4.528948e-002
6.855812e+002,4.533176e-002
6.860634e+002,4.539357e-002
6.865454e+002,4.546668e-002
6.870276e+002,4.553804e-002
6.875096e+002,4.559685e-002
6.879918e+002,4.564141e-002
6.884739e+002,4.567956e-002
6.889561e+002,4.572499e-002
6.894382e+002,4.578869e-002
6.899203e+002,4.587261e-002
6.904025e+002,4.596939e-002
6.908845e+002,4.606678e-002
6.913667e+002,4.615558e-002
6.918488e+002,4.623582e-002
6.923309e+002,4.631820e-002
6.928130e+002,4.641812e-002
6.932952e+002,4.654825e-002
6.937773e+002,4.671121e-002
6.942594e+002,4.689829e-002
6.947416e+002,4.709475e-002
6.952236e+002,4.728768e-002
6.957058e+002,4.747391e-002
6.961879e+002,4.766154e-002
6.966700e+002,4.786578e-002
6.971522e+002,4.809959e-002
6.976343e+002,4.836604e-002
6.981165e+002,4.865634e-002
6.985985e+002,4.895413e-002
6.990807e+002,4.924453e-002
6.995628e+002,4.952241e-002
7.000449e+002,4.979594e-002
7.005270e+002,5.008208e-002
7.010092e+002,5.039733e-002
7.014913e+002,5.074945e-002
7.019734e+002,5.113366e-002
7.024556e+002,5.153595e-002
7.029377e+002,5.194168e-002
7.034198e+002,5.234476e-002
7.039019e+002,5.275146e-002
7.043840e+002,5.317721e-002
7.048662e+002,5.363802e-002
7.053483e+002,5.414129e-002
7.058304e+002,5.468242e-002
7.063125e+002,5.524869e-002
7.067947e+002,5.582879e-002
7.072768e+002,5.642262e-002
7.077589e+002,5.704610e-002
7.082410e+002,5.772685e-002
7.087231e+002,5.849452e-002
7.092053e+002,5.937143e-002
7.096874e+002,6.036909e-002
7.101696e+002,6.149393e-002
7.106517e+002,6.275950e-002
7.111338e+002,6.419797e-002
7.116159e+002,6.586618e-002
7.120980e+002,6.783720e-002
7.125802e+002,7.018448e-002
7.130623e+002,7.296102e-002
7.135444e+002,7.618353e-002
7.140265e+002,7.982709e-002
7.145087e+002,8.383091e-002
7.149908e+002,8.810968e-002
7.154729e+002,9.256335e-002
7.159550e+002,9.707460e-002
7.164371e+002,1.014917e-001
7.169193e+002,1.056051e-001
7.174014e+002,1.091326e-001
7.178835e+002,1.117335e-001
7.183657e+002,1.130633e-001
7.188478e+002,1.128604e-001
7.193299e+002,1.110369e-001
7.198120e+002,1.077265e-001
7.202942e+002,1.032660e-001
7.207762e+002,9.811593e-002
7.212584e+002,9.275609e-002
7.217405e+002,8.759716e-002
7.222227e+002,8.293051e-002
7.227048e+002,7.891788e-002
7.231869e+002,7.561067e-002
7.236691e+002,7.298423e-002
7.241511e+002,7.097704e-002
7.246333e+002,6.952365e-002
7.251154e+002,6.857896e-002
7.255975e+002,6.812810e-002
7.260797e+002,6.818153e-002
7.265618e+002,6.875508e-002
7.270439e+002,6.984023e-002
7.275260e+002,7.136910e-002
7.280082e+002,7.318800e-002
7.284902e+002,7.504713e-002
7.289724e+002,7.661830e-002
7.294545e+002,7.754561e-002
7.299366e+002,7.752228e-002
7.304188e+002,7.637202e-002
7.309009e+002,7.410231e-002
7.313831e+002,7.090559e-002
7.318651e+002,6.710719e-002
7.323473e+002,6.308292e-002
7.328293e+002,5.917975e-002
7.333115e+002,5.565871e-002
7.337936e+002,5.266955e-002
7.342758e+002,5.025507e-002
7.347579e+002,4.837491e-002
7.352400e+002,4.694083e-002
7.357222e+002,4.584989e-002
7.362042e+002,4.500882e-002
7.366864e+002,4.434583e-002
7.371685e+002,4.381010e-002
7.376506e+002,4.336665e-002
7.381328e+002,4.299008e-002
7.386149e+002,4.266139e-002
7.390970e+002,4.236702e-002
7.395791e+002,4.209911e-002
7.400613e+002,4.185533e-002
7.405434e+002,4.163647e-002
7.410255e+002,4.144382e-002
7.415076e+002,4.127662e-002
7.419897e+002,4.113099e-002
7.424719e+002,4.100204e-002
7.429540e+002,4.088501e-002
7.434362e+002,4.077774e-002
7.439182e+002,4.068037e-002
7.444004e+002,4.059475e-002
7.448825e+002,4.052213e-002
7.453646e+002,4.046249e-002
7.458467e+002,4.041446e-002
7.463289e+002,4.037655e-002
7.468110e+002,4.034816e-002
7.472931e+002,4.033051e-002
7.477753e+002,4.032552e-002
7.482574e+002,4.033470e-002
7.487395e+002,4.035819e-002
7.492216e+002,4.039379e-002
7.497037e+002,4.043850e-002
7.501859e+002,4.049001e-002
7.506680e+002,4.054766e-002
7.511501e+002,4.061275e-002
7.516322e+002,4.068731e-002
7.521144e+002,4.077268e-002
7.525965e+002,4.086787e-002
7.530786e+002,4.096993e-002
7.535608e+002,4.107467e-002
7.540428e+002,4.117927e-002
7.545250e+002,4.128291e-002
7.550071e+002,4.138744e-002
7.554893e+002,4.149579e-002
7.559714e+002,4.160989e-002
7.564535e+002,4.173008e-002
7.569356e+002,4.185382e-002
7.574177e+002,4.197689e-002
7.578999e+002,4.209512e-002
7.583820e+002,4.220466e-002
7.588641e+002,4.230307e-002
7.593463e+002,4.238753e-002
7.598284e+002,4.245488e-002
7.603105e+002,4.250143e-002
7.607926e+002,4.252330e-002
7.612748e+002,4.251827e-002
7.617568e+002,4.248671e-002
7.622390e+002,4.243080e-002
7.627211e+002,4.235395e-002
7.632032e+002,4.225825e-002
7.636854e+002,4.214381e-002
7.641675e+002,4.200834e-002
7.646496e+002,4.184896e-002
7.651317e+002,4.166423e-002
7.656139e+002,4.145567e-002
7.660959e+002,4.122780e-002
7.665781e+002,4.098671e-002
7.670602e+002,4.073798e-002
7.675424e+002,4.048514e-002
7.680245e+002,4.022915e-002
7.685066e+002,3.996949e-002
7.689888e+002,3.970490e-002
7.694708e+002,3.943539e-002
7.699530e+002,3.916172e-002
7.704351e+002,3.888517e-002
7.709172e+002,3.860666e-002
7.713994e+002,3.832667e-002
7.718815e+002,3.804545e-002
7.723636e+002,3.776468e-002
7.728457e+002,3.748747e-002
7.733279e+002,3.721900e-002
7.738099e+002,3.696455e-002
7.742921e+002,3.672795e-002
7.747742e+002,3.650958e-002
7.752563e+002,3.630668e-002
7.757385e+002,3.611361e-002
7.762206e+002,3.592478e-002
7.767028e+002,3.573641e-002
7.771848e+002,3.554849e-002
7.776670e+002,3.536359e-002
7.781491e+002,3.518625e-002
7.786312e+002,3.502027e-002
7.791133e+002,3.486748e-002
7.795955e+002,3.472757e-002
7.800776e+002,3.459852e-002
7.805597e+002,3.447828e-002
7.810419e+002,3.436571e-002
7.815239e+002,3.426073e-002
7.820061e+002,3.416314e-002
7.824882e+002,3.407198e-002
7.829703e+002,3.398495e-002
7.834525e+002,3.389846e-002
7.839346e+002,3.380981e-002
7.844167e+002,3.371736e-002
7.848988e+002,3.362268e-002
7.853810e+002,3.352921e-002
7.858631e+002,3.344107e-002
7.863452e+002,3.336074e-002
7.868273e+002,3.328830e-002
7.873094e+002,3.322129e-002
7.877916e+002,3.315531e-002
7.882737e+002,3.308687e-002
7.887559e+002,3.301422e-002
7.892380e+002,3.293800e-002
7.897201e+002,3.286060e-002
7.902022e+002,3.278406e-002
7.906843e+002,3.270954e-002
7.911665e+002,3.263607e-002
7.916486e+002,3.256182e-002
7.921307e+002,3.248504e-002
7.926128e+002,3.240547e-002
7.930950e+002,3.232444e-002
7.935771e+002,3.224420e-002
7.940592e+002,3.216661e-002
7.945413e+002,3.209220e-002
7.950234e+002,3.201938e-002
7.955056e+002,3.194563e-002
7.959877e+002,3.186861e-002
7.964698e+002,3.178750e-002
7.969520e+002,3.170307e-002
7.974341e+002,3.161738e-002
7.979162e+002,3.153240e-002
7.983983e+002,3.144899e-002
7.988805e+002,3.136620e-002
7.993625e+002,3.128184e-002
7.998447e+002,3.119345e-002
8.003268e+002,3.109976e-002
8.008090e+002,3.100089e-002
8.012911e+002,3.089821e-002
8.017732e+002,3.079315e-002
8.022553e+002,3.068670e-002
8.027374e+002,3.057913e-002
8.032196e+002,3.047053e-002
8.037017e+002,3.036112e-002
8.041838e+002,3.025279e-002
8.046660e+002,3.014864e-002
8.051481e+002,3.005228e-002
8.056302e+002,2.996677e-002
8.061123e+002,2.989262e-002
8.065945e+002,2.982828e-002
8.070765e+002,2.976930e-002
8.075587e+002,2.971051e-002
8.080408e+002,2.964759e-002
8.085229e+002,2.957805e-002
8.090051e+002,2.950203e-002
8.094872e+002,2.942141e-002
8.099694e+002,2.933911e-002
8.104514e+002,2.925776e-002
8.109336e+002,2.917891e-002
8.114156e+002,2.910288e-002
8.118978e+002,2.902940e-002
8.123799e+002,2.895764e-002
8.128621e+002,2.888725e-002
8.133442e+002,2.881785e-002
8.138263e+002,2.874951e-002
8.143085e+002,2.868238e-002
8.147905e+002,2.861630e-002
8.152727e+002,2.855091e-002
8.157548e+002,2.848639e-002
8.162369e+002,2.842254e-002
8.167191e+002,2.835906e-002
8.172012e+002,2.829529e-002
8.176833e+002,2.823046e-002
8.181654e+002,2.816322e-002
8.186476e+002,2.809282e-002
8.191296e+002,2.801918e-002
8.196118e+002,2.794398e-002
8.200939e+002,2.786920e-002
8.205760e+002,2.779760e-002
8.210582e+002,2.773088e-002
8.215403e+002,2.766923e-002
8.220225e+002,2.761098e-002
8.225045e+002,2.755327e-002
8.229867e+002,2.749300e-002
8.234688e+002,2.742908e-002
8.239509e+002,2.736241e-002
8.244330e+002,2.729672e-002
8.249152e+002,2.723708e-002
8.253973e+002,2.718818e-002
8.258794e+002,2.715337e-002
8.263616e+002,2.713249e-002
8.268437e+002,2.712351e-002
8.273258e+002,2.712237e-002
8.278079e+002,2.712549e-002
8.282900e+002,2.713075e-002
8.287722e+002,2.713778e-002
8.292543e+002,2.714773e-002
8.297365e+002,2.716227e-002
8.302185e+002,2.718185e-002
8.307007e+002,2.720580e-002
8.311828e+002,2.723267e-002
8.316649e+002,2.726077e-002
8.321470e+002,2.728941e-002
8.326292e+002,2.731941e-002
8.331113e+002,2.735297e-002
8.335934e+002,2.739224e-002
8.340756e+002,2.743893e-002
8.345577e+002,2.749314e-002
8.350398e+002,2.755466e-002
8.355219e+002,2.762214e-002
8.360040e+002,2.769504e-002
8.364862e+002,2.777333e-002
8.369683e+002,2.785748e-002
8.374504e+002,2.794756e-002
8.379325e+002,2.804263e-002
8.384147e+002,2.813979e-002
8.388968e+002,2.823570e-002
8.393789e+002,2.832647e-002
8.398610e+002,2.840985e-002
8.403431e+002,2.848468e-002
8.408253e+002,2.855225e-002
8.413074e+002,2.861466e-002
8.417896e+002,2.867390e-002
8.422717e+002,2.873114e-002
8.427538e+002,2.878694e-002
8.432359e+002,2.884038e-002
8.437180e+002,2.889035e-002
8.442002e+002,2.893559e-002
8.446823e+002,2.897521e-002
8.451644e+002,2.900846e-002
8.456465e+002,2.903558e-002
8.461287e+002,2.905647e-002
8.466108e+002,2.907236e-002
8.470929e+002,2.908484e-002
8.475751e+002,2.909626e-002
8.480571e+002,2.910889e-002
8.485393e+002,2.912496e-002
8.490214e+002,2.914513e-002
8.495035e+002,2.916930e-002
8.499857e+002,2.919561e-002
8.504678e+002,2.922205e-002
8.509499e+002,2.924664e-002
8.514320e+002,2.926883e-002
8.519142e+002,2.928882e-002
8.523962e+002,2.930787e-002
8.528784e+002,2.932690e-002
8.533605e+002,2.934634e-002
8.538427e+002,2.936581e-002
8.543248e+002,2.938469e-002
8.548069e+002,2.940262e-002
8.552891e+002,2.942037e-002
8.557711e+002,2.943953e-002
8.562533e+002,2.946233e-002
8.567354e+002,2.949016e-002
8.572175e+002,2.952274e-002
8.576996e+002,2.955802e-002
8.581818e+002,2.959295e-002
8.586639e+002,2.962393e-002
8.591460e+002,2.964886e-002
8.596282e+002,2.966719e-002
8.601102e+002,2.968010e-002
8.605924e+002,2.968867e-002
8.610745e+002,2.969329e-002
8.615566e+002,2.969218e-002
8.620388e+002,2.968248e-002
8.625209e+002,2.966026e-002
8.630031e+002,2.962239e-002
8.634851e+002,2.956767e-002
8.639673e+002,2.949654e-002
8.644494e+002,2.941100e-002
8.649315e+002,2.931275e-002
8.654136e+002,2.920234e-002
8.658958e+002,2.907922e-002
8.663779e+002,2.894158e-002
8.668600e+002,2.878802e-002
8.673422e+002,2.861847e-002
8.678242e+002,2.843522e-002
8.683064e+002,2.824187e-002
8.687885e+002,2.804221e-002
8.692706e+002,2.783870e-002
8.697527e+002,2.763171e-002
8.702349e+002,2.742010e-002
8.707170e+002,2.720231e-002
8.711991e+002,2.697804e-002
8.716813e+002,2.674977e-002
8.721634e+002,2.652224e-002
8.726455e+002,2.630101e-002
8.731276e+002,2.608999e-002
8.736097e+002,2.589041e-002
8.740919e+002,2.570019e-002
8.745740e+002,2.551550e-002
8.750562e+002,2.533321e-002
8.755382e+002,2.515331e-002
8.760204e+002,2.497944e-002
8.765025e+002,2.481806e-002
8.769846e+002,2.467620e-002
8.774668e+002,2.455876e-002
8.779489e+002,2.446659e-002
8.784310e+002,2.439656e-002
8.789131e+002,2.434231e-002
8.793953e+002,2.429613e-002
8.798774e+002,2.425076e-002
8.803595e+002,2.420080e-002
8.808416e+002,2.414314e-002
8.813237e+002,2.407829e-002
8.818059e+002,2.401042e-002
8.822880e+002,2.394708e-002
8.827701e+002,2.389839e-002
8.832523e+002,2.387485e-002
8.837344e+002,2.388361e-002
8.842165e+002,2.392670e-002
8.846986e+002,2.399853e-002
8.851808e+002,2.408798e-002
8.856628e+002,2.418184e-002
8.861450e+002,2.426977e-002
8.866271e+002,2.434791e-002
8.871093e+002,2.442040e-002
8.875914e+002,2.449668e-002
8.880735e+002,2.458666e-002
8.885556e+002,2.469567e-002
8.890377e+002,2.482185e-002
8.895199e+002,2.495572e-002
8.900020e+002,2.508432e-002
8.904841e+002,2.519575e-002
8.909662e+002,2.528322e-002
8.914484e+002,2.534672e-002
8.919305e+002,2.539183e-002
8.924126e+002,2.542592e-002
8.928948e+002,2.545666e-002
8.933768e+002,2.548893e-002
8.938590e+002,2.552637e-002
8.943411e+002,2.557188e-002
8.948232e+002,2.562934e-002
8.953054e+002,2.570215e-002
8.957875e+002,2.579214e-002
8.962697e+002,2.589570e-002
8.967517e+002,2.600380e-002
8.972339e+002,2.610233e-002
8.977159e+002,2.617794e-002
8.981981e+002,2.622144e-002
8.986802e+002,2.623312e-002
8.991624e+002,2.622273e-002
8.996445e+002,2.620578e-002
9.001266e+002,2.619901e-002
9.006088e+002,2.621354e-002
9.010908e+002,2.625209e-002
9.015730e+002,2.630981e-002
9.020551e+002,2.637812e-002
9.025372e+002,2.645099e-002
9.030193e+002,2.652748e-002
9.035015e+002,2.661285e-002
9.039836e+002,2.671557e-002
9.044657e+002,2.684246e-002
9.049479e+002,2.699423e-002
9.054299e+002,2.716414e-002
9.059121e+002,2.733987e-002
9.063942e+002,2.750779e-002
9.068763e+002,2.765673e-002
9.073585e+002,2.778109e-002
9.078406e+002,2.788134e-002
9.083228e+002,2.796166e-002
9.088048e+002,2.802741e-002
9.092870e+002,2.808324e-002
9.097691e+002,2.813234e-002
9.102512e+002,2.817814e-002
9.107333e+002,2.822509e-002
9.112155e+002,2.827936e-002
9.116976e+002,2.834803e-002
9.121797e+002,2.843649e-002
9.126619e+002,2.854690e-002
9.131440e+002,2.867668e-002
9.136261e+002,2.882024e-002
9.141082e+002,2.897136e-002
9.145903e+002,2.912535e-002
9.150724e+002,2.928184e-002
9.155546e+002,2.944379e-002
9.160367e+002,2.961620e-002
9.165189e+002,2.980319e-002
9.170010e+002,3.000567e-002
9.174831e+002,3.022082e-002
9.179652e+002,3.044331e-002
9.184473e+002,3.066694e-002
9.189294e+002,3.088715e-002
9.194116e+002,3.110231e-002
9.198937e+002,3.131342e-002
9.203759e+002,3.152313e-002
9.208580e+002,3.173395e-002
9.213401e+002,3.194669e-002
9.218222e+002,3.216080e-002
9.223043e+002,3.237437e-002
9.227864e+002,3.258537e-002
9.232686e+002,3.279221e-002
9.237507e+002,3.299479e-002
9.242328e+002,3.319256e-002
9.247150e+002,3.338530e-002
9.251971e+002,3.357157e-002
9.256792e+002,3.374952e-002
9.261613e+002,3.391691e-002
9.266434e+002,3.407246e-002
9.271255e+002,3.421607e-002
9.276077e+002,3.434923e-002
9.280898e+002,3.447378e-002
9.285720e+002,3.459212e-002
9.290541e+002,3.470589e-002
9.295362e+002,3.481651e-002
9.300183e+002,3.492488e-002
9.305004e+002,3.503204e-002
9.309826e+002,3.513853e-002
9.314647e+002,3.524425e-002
9.319468e+002,3.534729e-002
9.324290e+002,3.544390e-002
9.329111e+002,3.552860e-002
9.333932e+002,3.559571e-002
9.338753e+002,3.564109e-002
9.343574e+002,3.566314e-002
9.348396e+002,3.566372e-002
9.353217e+002,3.564727e-002
9.358038e+002,3.561825e-002
9.362859e+002,3.558028e-002
9.367681e+002,3.553392e-002
9.372502e+002,3.547728e-002
9.377323e+002,3.540710e-002
9.382144e+002,3.532022e-002
9.386966e+002,3.521471e-002
9.391787e+002,3.509078e-002
9.396608e+002,3.494938e-002
9.401429e+002,3.479173e-002
9.406251e+002,3.461860e-002
9.411072e+002,3.443052e-002
9.415893e+002,3.422787e-002
9.420714e+002,3.401250e-002
9.425536e+002,3.378675e-002
9.430357e+002,3.355384e-002
9.435178e+002,3.331604e-002
9.439999e+002,3.307479e-002
9.444821e+002,3.282993e-002
9.449642e+002,3.258065e-002
9.454463e+002,3.232608e-002
9.459284e+002,3.206664e-002
9.464106e+002,3.180343e-002
9.468927e+002,3.153840e-002
9.473748e+002,3.127348e-002
9.478569e+002,3.100993e-002
9.483391e+002,3.074883e-002
9.488212e+002,3.049229e-002
9.493033e+002,3.024395e-002
9.497855e+002,3.000909e-002
9.502676e+002,2.979385e-002
9.507497e+002,2.960413e-002
9.512318e+002,2.944388e-002
9.517139e+002,2.931440e-002
9.521960e+002,2.921479e-002
9.526782e+002,2.914334e-002
9.531603e+002,2.909797e-002
9.536425e+002,2.907724e-002
9.541246e+002,2.908004e-002
9.546067e+002,2.910545e-002
9.550888e+002,2.915193e-002
9.555709e+002,2.921780e-002
9.560530e+002,2.930154e-002
9.565352e+002,2.940255e-002
9.570173e+002,2.952129e-002
9.574995e+002,2.965914e-002
9.579816e+002,2.981727e-002
9.584637e+002,2.999597e-002
9.589458e+002,3.019356e-002
9.594279e+002,3.040751e-002
9.599100e+002,3.063442e-002
9.603922e+002,3.087189e-002
9.608743e+002,3.111846e-002
9.613564e+002,3.137424e-002
9.618386e+002,3.163958e-002
9.623207e+002,3.191520e-002
9.628028e+002,3.220064e-002
9.632849e+002,3.249554e-002
9.637670e+002,3.279888e-002
9.642491e+002,3.311110e-002
9.647313e+002,3.343348e-002
9.652134e+002,3.376884e-002
9.656956e+002,3.412005e-002
9.661777e+002,3.448961e-002
9.666598e+002,3.487880e-002
9.671419e+002,3.528732e-002
9.676240e+002,3.571408e-002
9.681061e+002,3.615822e-002
9.685883e+002,3.661998e-002
9.690704e+002,3.710099e-002
9.695526e+002,3.760419e-002
9.700347e+002,3.813303e-002
9.705168e+002,3.869049e-002
9.709989e+002,3.927799e-002
9.714810e+002,3.989543e-002
9.719631e+002,4.054183e-002
9.724453e+002,4.121558e-002
9.729274e+002,4.191587e-002
9.734095e+002,4.264287e-002
9.738917e+002,4.339852e-002
9.743738e+002,4.418547e-002
9.748559e+002,4.500657e-002
9.753380e+002,4.586392e-002
9.758201e+002,4.675909e-002
9.763023e+002,4.769303e-002
9.767844e+002,4.866739e-002
9.772665e+002,4.968479e-002
9.777487e+002,5.074975e-002
9.782308e+002,5.186740e-002
9.787129e+002,5.304225e-002
9.791950e+002,5.427668e-002
9.796771e+002,5.557049e-002
9.801593e+002,5.692054e-002
9.806414e+002,5.832307e-002
9.811235e+002,5.977507e-002
9.816057e+002,6.127669e-002
9.820878e+002,6.282981e-002
9.825699e+002,6.443677e-002
9.830520e+002,6.609794e-002
9.835342e+002,6.780937e-002
9.840163e+002,6.956337e-002
9.844984e+002,7.135080e-002
9.849805e+002,7.316380e-002
9.854626e+002,7.499893e-002
9.859448e+002,7.685661e-002
9.864269e+002,7.873887e-002
9.869090e+002,8.064470e-002
9.873912e+002,8.256833e-002
9.878733e+002,8.449808e-002
9.883554e+002,8.642074e-002
9.888375e+002,8.832595e-002
9.893196e+002,9.021024e-002
9.898018e+002,9.207606e-002
9.902839e+002,9.392858e-002
9.907660e+002,9.576962e-002
9.912482e+002,9.759403e-002
9.917303e+002,9.938876e-002
9.922124e+002,1.011388e-001
9.926945e+002,1.028320e-001
9.931766e+002,1.044654e-001
9.936588e+002,1.060427e-001
9.941409e+002,1.075711e-001
9.946230e+002,1.090527e-001
9.951052e+002,1.104797e-001
9.955873e+002,1.118364e-001
9.960694e+002,1.131049e-001
9.965515e+002,1.142733e-001
9.970336e+002,1.153423e-001
9.975157e+002,1.163238e-001
9.979979e+002,1.172348e-001
9.984800e+002,1.180883e-001
9.989622e+002,1.188880e-001
9.994443e+002,1.196282e-001
9.999264e+002,1.203017e-001
1.000409e+003,1.209074e-001
1.000891e+003,1.214560e-001
1.001373e+003,1.219686e-001
1.001855e+003,1.224689e-001
1.002337e+003,1.229733e-001
1.002819e+003,1.234853e-001
1.003301e+003,1.239967e-001
1.003783e+003,1.244952e-001
1.004266e+003,1.249745e-001
1.004748e+003,1.254405e-001
1.005230e+003,1.259105e-001
1.005712e+003,1.264058e-001
1.006194e+003,1.269416e-001
1.006676e+003,1.275213e-001
1.007158e+003,1.281366e-001
1.007640e+003,1.287753e-001
1.008122e+003,1.294308e-001
1.008605e+003,1.301088e-001
1.009087e+003,1.308258e-001
1.009569e+003,1.316015e-001
1.010051e+003,1.324483e-001
1.010533e+003,1.333655e-001
1.011015e+003,1.343390e-001
1.011497e+003,1.353495e-001
1.011979e+003,1.363835e-001
1.012462e+003,1.374398e-001
1.012944e+003,1.385296e-001
1.013426e+003,1.396673e-001
1.013908e+003,1.408596e-001
1.014390e+003,1.420978e-001
1.014872e+003,1.433580e-001
1.015354e+003,1.446101e-001
1.015836e+003,1.458296e-001
1.016319e+003,1.470074e-001
1.016801e+003,1.481492e-001
1.017283e+003,1.492681e-001
1.017765e+003,1.503706e-001
1.018247e+003,1.514503e-001
1.018729e+003,1.524854e-001
1.019211e+003,1.534497e-001
1.019693e+003,1.543238e-001
1.020176e+003,1.551052e-001
1.020658e+003,1.558076e-001
1.021140e+003,1.564503e-001
1.021622e+003,1.570454e-001
1.022104e+003,1.575885e-001
1.022586e+003,1.580594e-001
1.023068e+003,1.584322e-001
1.023550e+003,1.586895e-001
1.024033e+003,1.588317e-001
1.024515e+003,1.588760e-001
1.024997e+003,1.588452e-001
1.025479e+003,1.587539e-001
1.025961e+003,1.585991e-001
1.026443e+003,1.583617e-001
1.026925e+003,1.580174e-001
1.027407e+003,1.575510e-001
1.027890e+003,1.569663e-001
1.028372e+003,1.562844e-001
1.028854e+003,1.555335e-001
1.029336e+003,1.547338e-001
1.029818e+003,1.538901e-001
1.030300e+003,1.529929e-001
1.030782e+003,1.520292e-001
1.031264e+003,1.509954e-001
1.031747e+003,1.499061e-001
1.032229e+003,1.487915e-001
1.032711e+003,1.476861e-001
1.033193e+003,1.466151e-001
1.033675e+003,1.455871e-001
1.034157e+003,1.445944e-001
1.034639e+003,1.436237e-001
1.035121e+003,1.426688e-001
1.035604e+003,1.417371e-001
1.036086e+003,1.408482e-001
1.036568e+003,1.400237e-001
1.037050e+003,1.392754e-001
1.037532e+003,1.385992e-001
1.038014e+003,1.379760e-001
1.038496e+003,1.373837e-001
1.038979e+003,1.368086e-001
1.039461e+003,1.362526e-001
1.039943e+003,1.357318e-001
1.040425e+003,1.352656e-001
1.040907e+003,1.348647e-001
1.041389e+003,1.345232e-001
1.041871e+003,1.342197e-001
1.042353e+003,1.339271e-001
1.042835e+003,1.336256e-001
1.043318e+003,1.333103e-001
1.043800e+003,1.329915e-001
1.044282e+003,1.326853e-001
1.044764e+003,1.324021e-001
1.045246e+003,1.321384e-001
1.045728e+003,1.318776e-001
1.046210e+003,1.315986e-001
1.046692e+003,1.312862e-001
1.047175e+003,1.309400e-001
1.047657e+003,1.305721e-001
1.048139e+003,1.301993e-001
1.048621e+003,1.298311e-001
1.049103e+003,1.294640e-001
1.049585e+003,1.290821e-001
1.050067e+003,1.286662e-001
1.050549e+003,1.282053e-001
1.051031e+003,1.277035e-001
1.051514e+003,1.271776e-001
1.051996e+003,1.266477e-001
1.052478e+003,1.261252e-001
1.052960e+003,1.256061e-001
1.053442e+003,1.250718e-001
1.053924e+003,1.244993e-001
1.054406e+003,1.238722e-001
1.054889e+003,1.231896e-001
1.055371e+003,1.224641e-001
1.055853e+003,1.217132e-001
1.056335e+003,1.209477e-001
1.056817e+003,1.201638e-001
1.057299e+003,1.193444e-001
1.057781e+003,1.184670e-001
1.058263e+003,1.175148e-001
1.058746e+003,1.164848e-001
1.059228e+003,1.153871e-001
1.059710e+003,1.142379e-001
1.060192e+003,1.130498e-001
1.060674e+003,1.118265e-001
1.061156e+003,1.105636e-001
1.061638e+003,1.092570e-001
1.062120e+003,1.079111e-001
1.062603e+003,1.065448e-001
1.063085e+003,1.051895e-001
1.063567e+003,1.038804e-001
1.064049e+003,1.026480e-001
1.064531e+003,1.015110e-001
1.065013e+003,1.004783e-001
1.065495e+003,9.955403e-002
1.065977e+003,9.874572e-002
1.066460e+003,9.806896e-002
1.066942e+003,9.754655e-002
1.067424e+003,9.720364e-002
1.067906e+003,9.705959e-002
1.068388e+003,9.712410e-002
1.068870e+003,9.739611e-002
1.069352e+003,9.786918e-002
1.069834e+003,9.853578e-002
1.070317e+003,9.939247e-002
1.070799e+003,1.004379e-001
1.071281e+003,1.016674e-001
1.071763e+003,1.030660e-001
1.072245e+003,1.046026e-001
1.072727e+003,1.062308e-001
1.073209e+003,1.078953e-001
1.073691e+003,1.095417e-001
1.074174e+003,1.111252e-001
1.074656e+003,1.126133e-001
1.075138e+003,1.139814e-001
1.075620e+003,1.152056e-001
1.076102e+003,1.162560e-001
1.076584e+003,1.170968e-001
1.077066e+003,1.176942e-001
1.077548e+003,1.180263e-001
1.078031e+003,1.180901e-001
1.078513e+003,1.179017e-001
1.078995e+003,1.174879e-001
1.079477e+003,1.168746e-001
1.079959e+003,1.160801e-001
1.080441e+003,1.151139e-001
1.080923e+003,1.139843e-001
1.081406e+003,1.127050e-001
1.081888e+003,1.113023e-001
1.082370e+003,1.098103e-001
1.082852e+003,1.082648e-001
1.083334e+003,1.066931e-001
1.083816e+003,1.051100e-001
1.084298e+003,1.035196e-001
1.084780e+003,1.019230e-001
1.085262e+003,1.003260e-001
1.085745e+003,9.874419e-002
1.086227e+003,9.719992e-002
1.086709e+003,9.571641e-002
1.087191e+003,9.430939e-002
1.087673e+003,9.298420e-002
1.088155e+003,9.173698e-002
1.088637e+003,9.056126e-002
1.089119e+003,8.945484e-002
1.089602e+003,8.842277e-002
1.090084e+003,8.747705e-002
1.090566e+003,8.663048e-002
1.091048e+003,8.589046e-002
1.091530e+003,8.525625e-002
1.092012e+003,8.471955e-002
1.092494e+003,8.426922e-002
1.092976e+003,8.389769e-002
1.093458e+003,8.360370e-002
1.093941e+003,8.339252e-002
1.094423e+003,8.327021e-002
1.094905e+003,8.323886e-002
1.095387e+003,8.329233e-002
1.095869e+003,8.341681e-002
1.096351e+003,8.359461e-002
1.096833e+003,8.381011e-002
1.097316e+003,8.405364e-002
1.097798e+003,8.432198e-002
1.098280e+003,8.461502e-002
1.098762e+003,8.493035e-002
1.099244e+003,8.525985e-002
1.099726e+003,8.558927e-002
1.100208e+003,8.590218e-002
1.100690e+003,8.618484e-002
1.101173e+003,8.643035e-002
1.101655e+003,8.663840e-002
1.102137e+003,8.681195e-002
1.102619e+003,8.695177e-002
1.103101e+003,8.705344e-002
1.103583e+003,8.710729e-002
1.104065e+003,8.710298e-002
1.104547e+003,8.703475e-002
1.105030e+003,8.690517e-002
1.105512e+003,8.672332e-002
1.105994e+003,8.650161e-002
1.106476e+003,8.624964e-002
1.106958e+003,8.597068e-002
1.107440e+003,8.566227e-002
1.107922e+003,8.532000e-002
1.108404e+003,8.494280e-002
1.108886e+003,8.453637e-002
1.109369e+003,8.411158e-002
1.109851e+003,8.368123e-002
1.110333e+003,8.325460e-002
1.110815e+003,8.283495e-002
1.111297e+003,8.242019e-002
1.111779e+003,8.200648e-002
1.112261e+003,8.159265e-002
1.112744e+003,8.118300e-002
1.113226e+003,8.078537e-002
1.113708e+003,8.040828e-002
1.114190e+003,8.005534e-002
1.114672e+003,7.972408e-002
1.115154e+003,7.940695e-002
1.115636e+003,7.909492e-002
1.116118e+003,7.878225e-002
1.116601e+003,7.846964e-002
1.117083e+003,7.816265e-002
1.117565e+003,7.786806e-002
1.118047e+003,7.758947e-002
1.118529e+003,7.732522e-002
1.119011e+003,7.706857e-002
1.119493e+003,7.681137e-002
1.119975e+003,7.654805e-002
1.120458e+003,7.627776e-002
1.120940e+003,7.600408e-002
1.121422e+003,7.573096e-002
1.121904e+003,7.545951e-002
1.122386e+003,7.518586e-002
1.122868e+003,7.490219e-002
1.123350e+003,7.460063e-002
1.123832e+003,7.427663e-002
1.124314e+003,7.393152e-002
1.124797e+003,7.357104e-002
1.125279e+003,7.320210e-002
1.125761e+003,7.282894e-002
1.126243e+003,7.245089e-002
1.126725e+003,7.206383e-002
1.127207e+003,7.166319e-002
1.127689e+003,7.124792e-002
1.128172e+003,7.082284e-002
1.128654e+003,7.039717e-002
1.129136e+003,6.998180e-002
1.129618e+003,6.958544e-002
1.130100e+003,6.921295e-002
1.130582e+003,6.886575e-002
1.131064e+003,6.854451e-002
1.131546e+003,6.825218e-002
1.132029e+003,6.799509e-002
1.132511e+003,6.778268e-002
1.132993e+003,6.762438e-002
1.133475e+003,6.752621e-002
1.133957e+003,6.749016e-002
1.134439e+003,6.751398e-002
1.134921e+003,6.759443e-002
1.135403e+003,6.772943e-002
1.135885e+003,6.792057e-002
1.136368e+003,6.817254e-002
1.136850e+003,6.849061e-002
1.137332e+003,6.887803e-002
1.137814e+003,6.933428e-002
1.138296e+003,6.985487e-002
1.138778e+003,7.043430e-002
1.139260e+003,7.106714e-002
1.139742e+003,7.175223e-002
1.140225e+003,7.249016e-002
1.140707e+003,7.328309e-002
1.141189e+003,7.413039e-002
1.141671e+003,7.502747e-002
1.142153e+003,7.596547e-002
1.142635e+003,7.693433e-002
1.143117e+003,7.792490e-002
1.143599e+003,7.893216e-002
1.144082e+003,7.995453e-002
1.144564e+003,8.099123e-002
1.145046e+003,8.203797e-002
1.145528e+003,8.308547e-002
1.146010e+003,8.411890e-002
1.146492e+003,8.512203e-002
1.146974e+003,8.608134e-002
1.147457e+003,8.698953e-002
1.147939e+003,8.784457e-002
1.148421e+003,8.864646e-002
1.148903e+003,8.939169e-002
1.149385e+003,9.006977e-002
1.149867e+003,9.066404e-002
1.150349e+003,9.115526e-002
1.150831e+003,9.152812e-002
1.151313e+003,9.177501e-002
1.151796e+003,9.189598e-002
1.152278e+003,9.189510e-002
1.152760e+003,9.177416e-002
1.153242e+003,9.152975e-002
1.153724e+003,9.115286e-002
1.154206e+003,9.063334e-002
1.154688e+003,8.996493e-002
1.155170e+003,8.914894e-002
1.155653e+003,8.819349e-002
1.156135e+003,8.710971e-002
1.156617e+003,8.590680e-002
1.157099e+003,8.459007e-002
1.157581e+003,8.316207e-002
1.158063e+003,8.162703e-002
1.158545e+003,7.999366e-002
1.159027e+003,7.827745e-002
1.159510e+003,7.649766e-002
1.159992e+003,7.467319e-002
1.160474e+003,7.281869e-002
1.160956e+003,7.094391e-002
1.161438e+003,6.905477e-002
1.161920e+003,6.715849e-002
1.162402e+003,6.526430e-002
1.162885e+003,6.338558e-002
1.163367e+003,6.153604e-002
1.163849e+003,5.972682e-002
1.164331e+003,5.796364e-002
1.164813e+003,5.624805e-002
1.165295e+003,5.457859e-002
1.165777e+003,5.295520e-002
1.166259e+003,5.137991e-002
1.166741e+003,4.985819e-002
1.167224e+003,4.839575e-002
1.167706e+003,4.699659e-002
1.168188e+003,4.566211e-002
1.168670e+003,4.439065e-002
1.169152e+003,4.317987e-002
1.169634e+003,4.202826e-002
1.170116e+003,4.093512e-002
1.170598e+003,3.990127e-002
1.171081e+003,3.892644e-002
1.171563e+003,3.800906e-002
1.172045e+003,3.714551e-002
1.172527e+003,3.633169e-002
1.173009e+003,3.556396e-002
1.173491e+003,3.484051e-002
1.173973e+003,3.416039e-002
1.174455e+003,3.352334e-002
1.174938e+003,3.292734e-002
1.175420e+003,3.236880e-002
1.175902e+003,3.184307e-002
1.176384e+003,3.134511e-002
1.176866e+003,3.087189e-002
1.177348e+003,3.042207e-002
1.177830e+003,2.999597e-002
1.178313e+003,2.959445e-002
1.178795e+003,2.921737e-002
1.179277e+003,2.886322e-002
1.179759e+003,2.852947e-002
1.180241e+003,2.821411e-002
1.180723e+003,2.791625e-002
1.181205e+003,2.763707e-002
1.181687e+003,2.737839e-002
1.182169e+003,2.714155e-002
1.182652e+003,2.692693e-002
1.183134e+003,2.673346e-002
1.183616e+003,2.655889e-002
1.184098e+003,2.640159e-002
1.184580e+003,2.626073e-002
1.185062e+003,2.613681e-002
1.185544e+003,2.603004e-002
1.186026e+003,2.594011e-002
1.186509e+003,2.586540e-002
1.186991e+003,2.580376e-002
1.187473e+003,2.575315e-002
1.187955e+003,2.571341e-002
1.188437e+003,2.568598e-002
1.188919e+003,2.567392e-002
1.189401e+003,2.567969e-002
1.189883e+003,2.570447e-002
1.190366e+003,2.574652e-002
1.190848e+003,2.580277e-002
1.191330e+003,2.586954e-002
1.191812e+003,2.594535e-002
1.192294e+003,2.603007e-002
1.192776e+003,2.612589e-002
1.193258e+003,2.623543e-002
1.193740e+003,2.636012e-002
1.194223e+003,2.649922e-002
1.194705e+003,2.665038e-002
1.195187e+003,2.680990e-002
1.195669e+003,2.697513e-002
1.196151e+003,2.714459e-002
1.196633e+003,2.731798e-002
1.197115e+003,2.749444e-002
1.197597e+003,2.767305e-002
1.198080e+003,2.785072e-002
1.198562e+003,2.802419e-002
1.199044e+003,2.818990e-002
1.199526e+003,2.834600e-002
1.200008e+003,2.849294e-002
1.200490e+003,2.863233e-002
1.200972e+003,2.876550e-002
1.201454e+003,2.889337e-002
1.201937e+003,2.901404e-002
1.202419e+003,2.912437e-002
1.202901e+003,2.922072e-002
1.203383e+003,2.930104e-002
1.203865e+003,2.936451e-002
1.204347e+003,2.941316e-002
1.204829e+003,2.944909e-002
1.205312e+003,2.947414e-002
1.205794e+003,2.948830e-002
1.206276e+003,2.949062e-002
1.206758e+003,2.947919e-002
1.207240e+003,2.945322e-002
1.207722e+003,2.941330e-002
1.208204e+003,2.936166e-002
1.208686e+003,2.930121e-002
1.209168e+003,2.923453e-002
1.209651e+003,2.916246e-002
1.210133e+003,2.908512e-002
1.210615e+003,2.900188e-002
1.211097e+003,2.891354e-002
1.211579e+003,2.882229e-002
1.212061e+003,2.873187e-002
1.212543e+003,2.864576e-002
1.213025e+003,2.856689e-002
1.213508e+003,2.849599e-002
1.213990e+003,2.843233e-002
1.214472e+003,2.837452e-002
1.214954e+003,2.832233e-002
1.215436e+003,2.827684e-002
1.215918e+003,2.824084e-002
1.216400e+003,2.821619e-002
1.216882e+003,2.820411e-002
1.217365e+003,2.820380e-002
1.217847e+003,2.821326e-002
1.218329e+003,2.823061e-002
1.218811e+003,2.825601e-002
1.219293e+003,2.829147e-002
1.219775e+003,2.834018e-002
1.220257e+003,2.840487e-002
1.220740e+003,2.848712e-002
1.221222e+003,2.858488e-002
1.221704e+003,2.869490e-002
1.222186e+003,2.881336e-002
1.222668e+003,2.893830e-002
1.223150e+003,2.906951e-002
1.223632e+003,2.920907e-002
1.224114e+003,2.935901e-002
1.224596e+003,2.952007e-002
1.225079e+003,2.969091e-002
1.225561e+003,2.986823e-002
1.226043e+003,3.004789e-002
1.226525e+003,3.022734e-002
1.227007e+003,3.040564e-002
1.227489e+003,3.058370e-002
1.227971e+003,3.076249e-002
1.228453e+003,3.094277e-002
1.228936e+003,3.112332e-002
1.229418e+003,3.130211e-002
1.229900e+003,3.147676e-002
1.230382e+003,3.164617e-002
1.230864e+003,3.181082e-002
1.231346e+003,3.197222e-002
1.231828e+003,3.213182e-002
1.232310e+003,3.229015e-002
1.232792e+003,3.244567e-002
1.233275e+003,3.259575e-002
1.233757e+003,3.273780e-002
1.234239e+003,3.287010e-002
1.234721e+003,3.299318e-002
1.235203e+003,3.310805e-002
1.235685e+003,3.321636e-002
1.236167e+003,3.331848e-002
1.236650e+003,3.341323e-002
1.237132e+003,3.349881e-002
1.237614e+003,3.357353e-002
1.238096e+003,3.363758e-002
1.238578e+003,3.369323e-002
1.239060e+003,3.374423e-002
1.239542e+003,3.379397e-002
1.240024e+003,3.384399e-002
1.240507e+003,3.389322e-002
1.240989e+003,3.393836e-002
1.241471e+003,3.397533e-002
1.241953e+003,3.400229e-002
1.242435e+003,3.401935e-002
1.242917e+003,3.402948e-002
1.243399e+003,3.403646e-002
1.243881e+003,3.404315e-002
1.244364e+003,3.405002e-002
1.244846e+003,3.405536e-002
1.245328e+003,3.405641e-002
1.245810e+003,3.405100e-002
1.246292e+003,3.403876e-002
1.246774e+003,3.402214e-002
1.247256e+003,3.400428e-002
1.247738e+003,3.398814e-002
1.248220e+003,3.397503e-002
1.248703e+003,3.396433e-002
1.249185e+003,3.395471e-002
1.249667e+003,3.394503e-002
1.250149e+003,3.393572e-002
1.250631e+003,3.392865e-002
1.251113e+003,3.392584e-002
1.251595e+003,3.392872e-002
1.252078e+003,3.393680e-002
1.252560e+003,3.394814e-002
1.253042e+003,3.396064e-002
1.253524e+003,3.397353e-002
1.254006e+003,3.398818e-002
1.254488e+003,3.400785e-002
1.254970e+003,3.403605e-002
1.255452e+003,3.407525e-002
1.255935e+003,3.412484e-002
1.256417e+003,3.418221e-002
1.256899e+003,3.424295e-002
1.257381e+003,3.430356e-002
1.257863e+003,3.436247e-002
1.258345e+003,3.441986e-002
1.258827e+003,3.447703e-002
1.259309e+003,3.453477e-002
1.259792e+003,3.459179e-002
1.260274e+003,3.464600e-002
1.260756e+003,3.469397e-002
1.261238e+003,3.473403e-002
1.261720e+003,3.476584e-002
1.262202e+003,3.479151e-002
1.262684e+003,3.481318e-002
1.263166e+003,3.483277e-002
1.263648e+003,3.484923e-002
1.264131e+003,3.486064e-002
1.264613e+003,3.486413e-002
1.265095e+003,3.485785e-002
1.265577e+003,3.484273e-002
1.266059e+003,3.482221e-002
1.266541e+003,3.480042e-002
1.267023e+003,3.478115e-002
1.267505e+003,3.476584e-002
1.267988e+003,3.475400e-002
1.268470e+003,3.474304e-002
1.268952e+003,3.473117e-002
1.269434e+003,3.471785e-002
1.269916e+003,3.470428e-002
1.270398e+003,3.469294e-002
1.270880e+003,3.468534e-002
1.271363e+003,3.468186e-002
1.271845e+003,3.468137e-002
1.272327e+003,3.468173e-002
1.272809e+003,3.468247e-002
1.273291e+003,3.468434e-002
1.273773e+003,3.468983e-002
1.274255e+003,3.470166e-002
1.274737e+003,3.472144e-002
1.275219e+003,3.474833e-002
1.275702e+003,3.478033e-002
1.276184e+003,3.481445e-002
1.276666e+003,3.484927e-002
1.277148e+003,3.488537e-002
1.277630e+003,3.492546e-002
1.278112e+003,3.497292e-002
1.278594e+003,3.502974e-002
1.279076e+003,3.509572e-002
1.279559e+003,3.516816e-002
1.280041e+003,3.524386e-002
1.280523e+003,3.532029e-002
1.281005e+003,3.539763e-002
1.281487e+003,3.547838e-002
1.281969e+003,3.556630e-002
1.282451e+003,3.566466e-002
1.282933e+003,3.577452e-002
1.283416e+003,3.589448e-002
1.283898e+003,3.602209e-002
1.284380e+003,3.615511e-002
1.284862e+003,3.629261e-002
1.285344e+003,3.643569e-002
1.285826e+003,3.658658e-002
1.286308e+003,3.674717e-002
1.286791e+003,3.691770e-002
1.287273e+003,3.709663e-002
1.287755e+003,3.728186e-002
1.288237e+003,3.747156e-002
1.288719e+003,3.766546e-002
1.289201e+003,3.786545e-002
1.289683e+003,3.807345e-002
1.290165e+003,3.829147e-002
1.290647e+003,3.851897e-002
1.291130e+003,3.875345e-002
1.291612e+003,3.899144e-002
1.292094e+003,3.922990e-002
1.292576e+003,3.946674e-002
1.293058e+003,3.970260e-002
1.293540e+003,3.993871e-002
1.294022e+003,4.017645e-002
1.294504e+003,4.041542e-002
1.294987e+003,4.065316e-002
1.295469e+003,4.088594e-002
1.295951e+003,4.110968e-002
1.296433e+003,4.132183e-002
1.296915e+003,4.152224e-002
1.297397e+003,4.171241e-002
1.297879e+003,4.189492e-002
1.298361e+003,4.207125e-002
1.298844e+003,4.224135e-002
1.299326e+003,4.240325e-002
1.299808e+003,4.255500e-002
1.300290e+003,4.269526e-002
1.300772e+003,4.282451e-002
1.301254e+003,4.294524e-002
1.301736e+003,4.306047e-002
1.302219e+003,4.317304e-002
1.302701e+003,4.328449e-002
1.303183e+003,4.339458e-002
1.303665e+003,4.350295e-002
1.304147e+003,4.360910e-002
1.304629e+003,4.371394e-002
1.305111e+003,4.381927e-002
1.305593e+003,4.392688e-002
1.306075e+003,4.403762e-002
1.306558e+003,4.415087e-002
1.307040e+003,4.426491e-002
1.307522e+003,4.437807e-002
1.308004e+003,4.448947e-002
1.308486e+003,4.460073e-002
1.308968e+003,4.471489e-002
1.309450e+003,4.483613e-002
1.309932e+003,4.496738e-002
1.310415e+003,4.511059e-002
1.310897e+003,4.526582e-002
1.311379e+003,4.543176e-002
1.311861e+003,4.560741e-002
1.312343e+003,4.579214e-002
1.312825e+003,4.598567e-002
1.313307e+003,4.618858e-002
1.313789e+003,4.640042e-002
1.314272e+003,4.662050e-002
1.314754e+003,4.684710e-002
1.315236e+003,4.707876e-002
1.315718e+003,4.731477e-002
1.316200e+003,4.755592e-002
1.316682e+003,4.780365e-002
1.317164e+003,4.805959e-002
1.317646e+003,4.832383e-002
1.318129e+003,4.859392e-002
1.318611e+003,4.886505e-002
1.319093e+003,4.913140e-002
1.319575e+003,4.938802e-002
1.320057e+003,4.963324e-002
1.320539e+003,4.986820e-002
1.321021e+003,5.009711e-002
1.321503e+003,5.032452e-002
1.321986e+003,5.055299e-002
1.322468e+003,5.078236e-002
1.322950e+003,5.100958e-002
1.323432e+003,5.122954e-002
1.323914e+003,5.143718e-002
1.324396e+003,5.162851e-002
1.324878e+003,5.180229e-002
1.325360e+003,5.195858e-002
1.325843e+003,5.209779e-002
1.326325e+003,5.222012e-002
1.326807e+003,5.232446e-002
1.327289e+003,5.240994e-002
1.327771e+003,5.247619e-002
1.328253e+003,5.252436e-002
1.328735e+003,5.255712e-002
1.329218e+003,5.257725e-002
1.329700e+003,5.258644e-002
1.330182e+003,5.258489e-002
1.330664e+003,5.257145e-002
1.331146e+003,5.254490e-002
1.331628e+003,5.250589e-002
1.332110e+003,5.245652e-002
1.332592e+003,5.240110e-002
1.333074e+003,5.234338e-002
1.333557e+003,5.228599e-002
1.334039e+003,5.222908e-002
1.334521e+003,5.217141e-002
1.335003e+003,5.211093e-002
1.335485e+003,5.204703e-002
1.335967e+003,5.198007e-002
1.336449e+003,5.191180e-002
1.336931e+003,5.184285e-002
1.337414e+003,5.177251e-002
1.337896e+003,5.169682e-002
1.338378e+003,5.161043e-002
1.338860e+003,5.150849e-002
1.339342e+003,5.138984e-002
1.339824e+003,5.125749e-002
1.340306e+003,5.111804e-002
1.340788e+003,5.097810e-002
1.341271e+003,5.084107e-002
1.341753e+003,5.070733e-002
1.342235e+003,5.057589e-002
1.342717e+003,5.044599e-002
1.343199e+003,5.031931e-002
1.343681e+003,5.019912e-002
1.344163e+003,5.009036e-002
1.344646e+003,4.999650e-002
1.345128e+003,4.991883e-002
1.345610e+003,4.985573e-002
1.346092e+003,4.980389e-002
1.346574e+003,4.976022e-002
1.347056e+003,4.972322e-002
1.347538e+003,4.969323e-002
1.348020e+003,4.967168e-002
1.348502e+003,4.965929e-002
1.348985e+003,4.965467e-002
1.349467e+003,4.965504e-002
1.349949e+003,4.965695e-002
1.350431e+003,4.965803e-002
1.350913e+003,4.965778e-002
1.351395e+003,4.965791e-002
1.351877e+003,4.966071e-002
1.352359e+003,4.966809e-002
1.352842e+003,4.967975e-002
1.353324e+003,4.969414e-002
1.353806e+003,4.971008e-002
1.354288e+003,4.972744e-002
1.354770e+003,4.974881e-002
1.355252e+003,4.977887e-002
1.355734e+003,4.982347e-002
1.356216e+003,4.988608e-002
1.356698e+003,4.996841e-002
1.357181e+003,5.006899e-002
1.357663e+003,5.018586e-002
1.358145e+003,5.031702e-002
1.358627e+003,5.046281e-002
1.359109e+003,5.062506e-002
1.359591e+003,5.080776e-002
1.360073e+003,5.101529e-002
1.360556e+003,5.125123e-002
1.361038e+003,5.151738e-002
1.361520e+003,5.181246e-002
1.362002e+003,5.213049e-002
1.362484e+003,5.246115e-002
1.362966e+003,5.279182e-002
1.363448e+003,5.311123e-002
1.363930e+003,5.341283e-002
1.364413e+003,5.369493e-002
1.364895e+003,5.395874e-002
1.365377e+003,5.420673e-002
1.365859e+003,5.444048e-002
1.366341e+003,5.465997e-002
1.366823e+003,5.486307e-002
1.367305e+003,5.504532e-002
1.367787e+003,5.519935e-002
1.368270e+003,5.531643e-002
1.368752e+003,5.538864e-002
1.369234e+003,5.541069e-002
1.369716e+003,5.538272e-002
1.370198e+003,5.531093e-002
1.370680e+003,5.520541e-002
1.371162e+003,5.507920e-002
1.371644e+003,5.494459e-002
1.372126e+003,5.481229e-002
1.372609e+003,5.469062e-002
1.373091e+003,5.458552e-002
1.373573e+003,5.450125e-002
1.374055e+003,5.443968e-002
1.374537e+003,5.440001e-002
1.375019e+003,5.437698e-002
1.375501e+003,5.436075e-002
1.375984e+003,5.433794e-002
1.376466e+003,5.429256e-002
1.376948e+003,5.420877e-002
1.377430e+003,5.407276e-002
1.377912e+003,5.387618e-002
1.378394e+003,5.361949e-002
1.378876e+003,5.331243e-002
1.379358e+003,5.297193e-002
1.379841e+003,5.261661e-002
1.380323e+003,5.226201e-002
1.380805e+003,5.191820e-002
1.381287e+003,5.159154e-002
1.381769e+003,5.128676e-002
1.382251e+003,5.100925e-002
1.382733e+003,5.076399e-002
1.383215e+003,5.055355e-002
1.383698e+003,5.037680e-002
1.384180e+003,5.022915e-002
1.384662e+003,5.010365e-002
1.385144e+003,4.999451e-002
1.385626e+003,4.989877e-002
1.386108e+003,4.981665e-002
1.386590e+003,4.975034e-002
1.387072e+003,4.970095e-002
1.387554e+003,4.966679e-002
1.388037e+003,4.964430e-002
1.388519e+003,4.963168e-002
1.389001e+003,4.963007e-002
1.389483e+003,4.964564e-002
1.389965e+003,4.968558e-002
1.390447e+003,4.975569e-002
1.390929e+003,4.985827e-002
1.391411e+003,4.999203e-002
1.391894e+003,5.015419e-002
1.392376e+003,5.034322e-002
1.392858e+003,5.056222e-002
1.393340e+003,5.081838e-002
1.393822e+003,5.111948e-002
1.394304e+003,5.146641e-002
1.394786e+003,5.184784e-002
1.395269e+003,5.224164e-002
1.395751e+003,5.262663e-002
1.396233e+003,5.299490e-002
1.396715e+003,5.335517e-002
1.397197e+003,5.372957e-002
1.397679e+003,5.414316e-002
1.398161e+003,5.461282e-002
1.398643e+003,5.513688e-002
1.399125e+003,5.569173e-002
1.399608e+003,5.624096e-002
1.400090e+003,5.675374e-002
1.400572e+003,5.721891e-002
1.401054e+003,5.764600e-002
1.401536e+003,5.805647e-002
1.402018e+003,5.847533e-002
1.402500e+003,5.892300e-002
1.402982e+003,5.941250e-002
1.403465e+003,5.994691e-002
1.403947e+003,6.051848e-002
1.404429e+003,6.111058e-002
1.404911e+003,6.170165e-002
1.405393e+003,6.227033e-002
1.405875e+003,6.280261e-002
1.406357e+003,6.329064e-002
1.406839e+003,6.373344e-002
1.407322e+003,6.413499e-002
1.407804e+003,6.450266e-002
1.408286e+003,6.484608e-002
1.408768e+003,6.517586e-002
1.409250e+003,6.550043e-002
1.409732e+003,6.582247e-002
1.410214e+003,6.613736e-002
1.410697e+003,6.643394e-002
1.411179e+003,6.669870e-002
1.411661e+003,6.692173e-002
1.412143e+003,6.710059e-002
1.412625e+003,6.724063e-002
1.413107e+003,6.735095e-002
1.413589e+003,6.744058e-002
1.414071e+003,6.751362e-002
1.414553e+003,6.756991e-002
1.415036e+003,6.760566e-002
1.415518e+003,6.761742e-002
1.416000e+003,6.760471e-002
1.416482e+003,6.757087e-002
1.416964e+003,6.752051e-002
1.417446e+003,6.745604e-002
1.417928e+003,6.737335e-002
1.418410e+003,6.726284e-002
1.418893e+003,6.711582e-002
1.419375e+003,6.693655e-002
1.419857e+003,6.674348e-002
1.420339e+003,6.655902e-002
1.420821e+003,6.639831e-002
1.421303e+003,6.626479e-002
1.421785e+003,6.615149e-002
1.422267e+003,6.604575e-002
1.422750e+003,6.593294e-002
1.423232e+003,6.580211e-002
1.423714e+003,6.565105e-002
1.424196e+003,6.548922e-002
1.424678e+003,6.533280e-002
1.425160e+003,6.519633e-002
1.425642e+003,6.508525e-002
1.426125e+003,6.499562e-002
1.426607e+003,6.491937e-002
1.427089e+003,6.484943e-002
1.427571e+003,6.478384e-002
1.428053e+003,6.472646e-002
1.428535e+003,6.468464e-002
1.429017e+003,6.466358e-002
1.429499e+003,6.466211e-002
1.429981e+003,6.467041e-002
1.430464e+003,6.467417e-002
1.430946e+003,6.466299e-002
1.431428e+003,6.463529e-002
1.431910e+003,6.459826e-002
1.432392e+003,6.456275e-002
1.432874e+003,6.453744e-002
1.433356e+003,6.452391e-002
1.433838e+003,6.451683e-002
1.434321e+003,6.450495e-002
1.434803e+003,6.447497e-002
1.435285e+003,6.441662e-002
1.435767e+003,6.432787e-002
1.436249e+003,6.421793e-002
1.436731e+003,6.410311e-002
1.437213e+003,6.399529e-002
1.437696e+003,6.389568e-002
1.438177e+003,6.379805e-002
1.438660e+003,6.369890e-002
1.439142e+003,6.360079e-002
1.439624e+003,6.351221e-002
1.440106e+003,6.344283e-002
1.440588e+003,6.339869e-002
1.441070e+003,6.337763e-002
1.441552e+003,6.336987e-002
1.442035e+003,6.336299e-002
1.442517e+003,6.334863e-002
1.442999e+003,6.332865e-002
1.443481e+003,6.331589e-002
1.443963e+003,6.332763e-002
1.444445e+003,6.337879e-002
1.444927e+003,6.347594e-002
1.445409e+003,6.361631e-002
1.445892e+003,6.379385e-002
1.446374e+003,6.400559e-002
1.446856e+003,6.425736e-002
1.447338e+003,6.456239e-002
1.447820e+003,6.493320e-002
1.448302e+003,6.537197e-002
1.448784e+003,6.586765e-002
1.449266e+003,6.640743e-002
1.449749e+003,6.698856e-002
1.450231e+003,6.762609e-002
1.450713e+003,6.834901e-002
1.451195e+003,6.918805e-002
1.451677e+003,7.015751e-002
1.452159e+003,7.124330e-002
1.452641e+003,7.240152e-002
1.453124e+003,7.357480e-002
1.453605e+003,7.471544e-002
1.454088e+003,7.580632e-002
1.454570e+003,7.687047e-002
1.455052e+003,7.797395e-002
1.455534e+003,7.922708e-002
1.456016e+003,8.078390e-002
1.456498e+003,8.281920e-002
1.456980e+003,8.546363e-002
1.457463e+003,8.873656e-002
1.457945e+003,9.256508e-002
1.458427e+003,9.685893e-002
1.458909e+003,1.015334e-001
1.459391e+003,1.064697e-001
1.459873e+003,1.114909e-001
1.460355e+003,1.163718e-001
1.460837e+003,1.208679e-001
1.461320e+003,1.247369e-001
1.461802e+003,1.277446e-001
1.462284e+003,1.296552e-001
1.462766e+003,1.302356e-001
1.463248e+003,1.292991e-001
1.463730e+003,1.268255e-001
1.464212e+003,1.231119e-001
1.464694e+003,1.188166e-001
1.465177e+003,1.147493e-001
1.465659e+003,1.115091e-001
1.466141e+003,1.092750e-001
1.466623e+003,1.078852e-001
1.467105e+003,1.070536e-001
1.467587e+003,1.065461e-001
1.468069e+003,1.062535e-001
1.468552e+003,1.061929e-001
1.469033e+003,1.064649e-001
1.469516e+003,1.072000e-001
1.469998e+003,1.084890e-001
1.470480e+003,1.102982e-001
1.470962e+003,1.123446e-001
1.471444e+003,1.139668e-001
1.471926e+003,1.141346e-001
1.472408e+003,1.118436e-001
1.472891e+003,1.067852e-001
1.473373e+003,9.960623e-002
1.473855e+003,9.139102e-002
1.474337e+003,8.301172e-002
1.474819e+003,7.494010e-002
1.475301e+003,6.741066e-002
1.475783e+003,6.060939e-002
1.476265e+003,5.473779e-002
1.476748e+003,4.995488e-002
1.477230e+003,4.629066e-002
1.477712e+003,4.361488e-002
1.478194e+003,4.169091e-002
1.478676e+003,4.026226e-002
1.479158e+003,3.912139e-002
1.479640e+003,3.813793e-002
1.480122e+003,3.725572e-002
1.480604e+003,3.646766e-002
1.481087e+003,3.578249e-002
1.481569e+003,3.519712e-002
1.482051e+003,3.468933e-002
1.482533e+003,3.422831e-002
1.483015e+003,3.379532e-002
1.483497e+003,3.339135e-002
1.483979e+003,3.303261e-002
1.484461e+003,3.273712e-002
1.484944e+003,3.251004e-002
1.485426e+003,3.233609e-002
1.485908e+003,3.218173e-002
1.486390e+003,3.201034e-002
1.486872e+003,3.179954e-002
1.487354e+003,3.155660e-002
1.487836e+003,3.131570e-002
1.488319e+003,3.111764e-002
1.488801e+003,3.098228e-002
1.489283e+003,3.088827e-002
1.489765e+003,3.078365e-002
1.490247e+003,3.062435e-002
1.490729e+003,3.040974e-002
1.491211e+003,3.017909e-002
1.491693e+003,2.997910e-002
1.492176e+003,2.983677e-002
1.492658e+003,2.975305e-002
1.493140e+003,2.970847e-002
1.493622e+003,2.967647e-002
1.494104e+003,2.963251e-002
1.494586e+003,2.956350e-002
1.495068e+003,2.947422e-002
1.495550e+003,2.938599e-002
1.496032e+003,2.932680e-002
1.496515e+003,2.931078e-002
1.496997e+003,2.932463e-002
1.497479e+003,2.933558e-002
1.497961e+003,2.931470e-002
1.498443e+003,2.925808e-002
1.498925e+003,2.918469e-002
1.499407e+003,2.912305e-002
1.499890e+003,2.909121e-002
1.500372e+003,2.908959e-002
1.500854e+003,2.910164e-002
1.501336e+003,2.910641e-002
1.501818e+003,2.908963e-002
1.502300e+003,2.905063e-002
1.502782e+003,2.900226e-002
1.503264e+003,2.896528e-002
1.503747e+003,2.896134e-002
1.504229e+003,2.900579e-002
1.504711e+003,2.910402e-002
1.505193e+003,2.924669e-002
1.505675e+003,2.940967e-002
1.506157e+003,2.955796e-002
1.506639e+003,2.966352e-002
1.507121e+003,2.972976e-002
1.507604e+003,2.977963e-002
1.508086e+003,2.982064e-002
1.508568e+003,2.983980e-002
1.509050e+003,2.982636e-002
1.509532e+003,2.978203e-002
1.510014e+003,2.972248e-002
1.510496e+003,2.967033e-002
1.510979e+003,2.964707e-002
1.511460e+003,2.966339e-002
1.511943e+003,2.971536e-002
1.512425e+003,2.978666e-002
1.512907e+003,2.985790e-002
1.513389e+003,2.991743e-002
1.513871e+003,2.996769e-002
1.514353e+003,3.002335e-002
1.514835e+003,3.010652e-002
1.515318e+003,3.023521e-002
1.515800e+003,3.041003e-002
1.516282e+003,3.060650e-002
1.516764e+003,3.078042e-002
1.517246e+003,3.089646e-002
1.517728e+003,3.095149e-002
1.518210e+003,3.097297e-002
1.518692e+003,3.099932e-002
1.519175e+003,3.106082e-002
1.519657e+003,3.117239e-002
1.520139e+003,3.132993e-002
1.520621e+003,3.150949e-002
1.521103e+003,3.167428e-002
1.521585e+003,3.179726e-002
1.522067e+003,3.188058e-002
1.522549e+003,3.195113e-002
1.523031e+003,3.203185e-002
1.523514e+003,3.212964e-002
1.523996e+003,3.223851e-002
1.524478e+003,3.234969e-002
1.524960e+003,3.246026e-002
1.525442e+003,3.257697e-002
1.525924e+003,3.271283e-002
1.526406e+003,3.287918e-002
1.526888e+003,3.307477e-002
1.527371e+003,3.328473e-002
1.527853e+003,3.348667e-002
1.528335e+003,3.366301e-002
1.528817e+003,3.380793e-002
1.529299e+003,3.392871e-002
1.529781e+003,3.404098e-002
1.530263e+003,3.416150e-002
1.530746e+003,3.430454e-002
1.531228e+003,3.447984e-002
1.531710e+003,3.469262e-002
1.532192e+003,3.494604e-002
1.532674e+003,3.523867e-002
1.533156e+003,3.556060e-002
1.533638e+003,3.588945e-002
1.534120e+003,3.619848e-002
1.534603e+003,3.646782e-002
1.535085e+003,3.669157e-002
1.535567e+003,3.687251e-002
1.536049e+003,3.701965e-002
1.536531e+003,3.714499e-002
1.537013e+003,3.726757e-002
1.537495e+003,3.741384e-002
1.537977e+003,3.762227e-002
1.538459e+003,3.793905e-002
1.538942e+003,3.840217e-002
1.539424e+003,3.900446e-002
1.539906e+003,3.965701e-002
1.540388e+003,4.022472e-002
1.540870e+003,4.063485e-002
1.541352e+003,4.092026e-002
1.541834e+003,4.115811e-002
1.542316e+003,4.140409e-002
1.542799e+003,4.167756e-002
1.543281e+003,4.197410e-002
1.543763e+003,4.227807e-002
1.544245e+003,4.257397e-002
1.544727e+003,4.285171e-002
1.545209e+003,4.310907e-002
1.545691e+003,4.334987e-002
1.546174e+003,4.357928e-002
1.546656e+003,4.380371e-002
1.547138e+003,4.402942e-002
1.547620e+003,4.426619e-002
1.548102e+003,4.452683e-002
1.548584e+003,4.482573e-002
1.549066e+003,4.517249e-002
1.549548e+003,4.556172e-002
1.550031e+003,4.597082e-002
1.550513e+003,4.636719e-002
1.550995e+003,4.672595e-002
1.551477e+003,4.704094e-002
1.551959e+003,4.732447e-002
1.552441e+003,4.760133e-002
1.552923e+003,4.789779e-002
1.553405e+003,4.823368e-002
1.553887e+003,4.860971e-002
1.554370e+003,4.900437e-002
1.554852e+003,4.938113e-002
1.555334e+003,4.970679e-002
1.555816e+003,4.996627e-002
1.556298e+003,5.016879e-002
1.556780e+003,5.034708e-002
1.557262e+003,5.055964e-002
1.557744e+003,5.089498e-002
1.558227e+003,5.144553e-002
1.558709e+003,5.218660e-002
1.559191e+003,5.287578e-002
1.559673e+003,5.328924e-002
1.560155e+003,5.345678e-002
1.560637e+003,5.351337e-002
1.561119e+003,5.355095e-002
1.561602e+003,5.360792e-002
1.562083e+003,5.369555e-002
1.562566e+003,5.381485e-002
1.563048e+003,5.396530e-002
1.563530e+003,5.414569e-002
1.564012e+003,5.435498e-002
1.564494e+003,5.458820e-002
1.564976e+003,5.483624e-002
1.565458e+003,5.508539e-002
1.565941e+003,5.532419e-002
1.566423e+003,5.554659e-002
1.566905e+003,5.575580e-002
1.567387e+003,5.596357e-002
1.567869e+003,5.619062e-002
1.568351e+003,5.646044e-002
1.568833e+003,5.678888e-002
1.569315e+003,5.716803e-002
1.569798e+003,5.756145e-002
1.570280e+003,5.792174e-002
1.570762e+003,5.822070e-002
1.571244e+003,5.845895e-002
1.571726e+003,5.865610e-002
1.572208e+003,5.883544e-002
1.572690e+003,5.901708e-002
1.573172e+003,5.921654e-002
1.573655e+003,5.944625e-002
1.574137e+003,5.971929e-002
1.574619e+003,6.005126e-002
1.575101e+003,6.045694e-002
1.575583e+003,6.094072e-002
1.576065e+003,6.147768e-002
1.576547e+003,6.201420e-002
1.577030e+003,6.249405e-002
1.577511e+003,6.289094e-002
1.577994e+003,6.321266e-002
1.578476e+003,6.348449e-002
1.578958e+003,6.373534e-002
1.579440e+003,6.399024e-002
1.579922e+003,6.426734e-002
1.580404e+003,6.457666e-002
1.580886e+003,6.491797e-002
1.581369e+003,6.528272e-002
1.581851e+003,6.565720e-002
1.582333e+003,6.602873e-002
1.582815e+003,6.639124e-002
1.583297e+003,6.674592e-002
1.583779e+003,6.709750e-002
1.584261e+003,6.745076e-002
1.584743e+003,6.780514e-002
1.585226e+003,6.815550e-002
1.585708e+003,6.849343e-002
1.586190e+003,6.881295e-002
1.586672e+003,6.911255e-002
1.587154e+003,6.939648e-002
1.587636e+003,6.967121e-002
1.588118e+003,6.994297e-002
1.588600e+003,7.021254e-002
1.589083e+003,7.047702e-002
1.589565e+003,7.072961e-002
1.590047e+003,7.096443e-002
1.590529e+003,7.117888e-002
1.591011e+003,7.137499e-002
1.591493e+003,7.155655e-002
1.591975e+003,7.172795e-002
1.592458e+003,7.189035e-002
1.592939e+003,7.204112e-002
1.593422e+003,7.217637e-002
1.593904e+003,7.229149e-002
1.594386e+003,7.238455e-002
1.594868e+003,7.245708e-002
1.595350e+003,7.251172e-002
1.595832e+003,7.255165e-002
1.596314e+003,7.257710e-002
1.596797e+003,7.258685e-002
1.597279e+003,7.257834e-002
1.597761e+003,7.254881e-002
1.598243e+003,7.249786e-002
1.598725e+003,7.242847e-002
1.599207e+003,7.234339e-002
1.599689e+003,7.224683e-002
1.600171e+003,7.214070e-002
1.600654e+003,7.202436e-002
1.601136e+003,7.189585e-002
1.601618e+003,7.175185e-002
1.602100e+003,7.159157e-002
1.602582e+003,7.141586e-002
1.603064e+003,7.122772e-002
1.603546e+003,7.103200e-002
1.604028e+003,7.083122e-002
1.604510e+003,7.062583e-002
1.604993e+003,7.041392e-002
1.605475e+003,7.019230e-002
1.605957e+003,6.995786e-002
1.606439e+003,6.971028e-002
1.606921e+003,6.945143e-002
1.607403e+003,6.918510e-002
1.607885e+003,6.891483e-002
1.608367e+003,6.864177e-002
1.608850e+003,6.836481e-002
1.609332e+003,6.808029e-002
1.609814e+003,6.778643e-002
1.610296e+003,6.748488e-002
1.610778e+003,6.718118e-002
1.611260e+003,6.688330e-002
1.611742e+003,6.659830e-002
1.612225e+003,6.632998e-002
1.612707e+003,6.607711e-002
1.613189e+003,6.583447e-002
1.613671e+003,6.559446e-002
1.614153e+003,6.534918e-002
1.614635e+003,6.509046e-002
1.615117e+003,6.480988e-002
1.615599e+003,6.449876e-002
1.616082e+003,6.415173e-002
1.616564e+003,6.377253e-002
1.617046e+003,6.337868e-002
1.617528e+003,6.299400e-002
1.618010e+003,6.263940e-002
1.618492e+003,6.232461e-002
1.618974e+003,6.205068e-002
1.619456e+003,6.181220e-002
1.619938e+003,6.159915e-002
1.620421e+003,6.139874e-002
1.620903e+003,6.119488e-002
1.621385e+003,6.097109e-002
1.621867e+003,6.071516e-002
1.622349e+003,6.042542e-002
1.622831e+003,6.011479e-002
1.623313e+003,5.980692e-002
1.623796e+003,5.952348e-002
1.624278e+003,5.927126e-002
1.624760e+003,5.904244e-002
1.625242e+003,5.882351e-002
1.625724e+003,5.860353e-002
1.626206e+003,5.837804e-002
1.626688e+003,5.814910e-002
1.627170e+003,5.792115e-002
1.627653e+003,5.769898e-002
1.628135e+003,5.748298e-002
1.628617e+003,5.726988e-002
1.629099e+003,5.705738e-002
1.629581e+003,5.684546e-002
1.630063e+003,5.663925e-002
1.630545e+003,5.644605e-002
1.631027e+003,5.627156e-002
1.631510e+003,5.611801e-002
1.631992e+003,5.598173e-002
1.632474e+003,5.585504e-002
1.632956e+003,5.572813e-002
1.633438e+003,5.559260e-002
1.633920e+003,5.544292e-002
1.634402e+003,5.527890e-002
1.634885e+003,5.510263e-002
1.635366e+003,5.491736e-002
1.635849e+003,5.472293e-002
1.636331e+003,5.451910e-002
1.636813e+003,5.430974e-002
1.637295e+003,5.410454e-002
1.637777e+003,5.391362e-002
1.638259e+003,5.374360e-002
1.638741e+003,5.359541e-002
1.639224e+003,5.346379e-002
1.639706e+003,5.333809e-002
1.640188e+003,5.320700e-002
1.640670e+003,5.306239e-002
1.641152e+003,5.290436e-002
1.641634e+003,5.274154e-002
1.642116e+003,5.258726e-002
1.642598e+003,5.245343e-002
1.643081e+003,5.234614e-002
1.643563e+003,5.226240e-002
1.644045e+003,5.219194e-002
1.644527e+003,5.211937e-002
1.645009e+003,5.202901e-002
1.645491e+003,5.190858e-002
1.645973e+003,5.175285e-002
1.646455e+003,5.156416e-002
1.646938e+003,5.135227e-002
1.647420e+003,5.112724e-002
1.647902e+003,5.089863e-002
1.648384e+003,5.067393e-002
1.648866e+003,5.046237e-002
1.649348e+003,5.027315e-002
1.649830e+003,5.011564e-002
1.650313e+003,4.999642e-002
1.650794e+003,4.991673e-002
1.651277e+003,4.986596e-002
1.651759e+003,4.981095e-002
1.652241e+003,4.968489e-002
1.652723e+003,4.940643e-002
1.653205e+003,4.897019e-002
1.653687e+003,4.850737e-002
1.654169e+003,4.814796e-002
1.654652e+003,4.790408e-002
1.655134e+003,4.772187e-002
1.655616e+003,4.755083e-002
1.656098e+003,4.736245e-002
1.656580e+003,4.714981e-002
1.657062e+003,4.691857e-002
1.657544e+003,4.668289e-002
1.658026e+003,4.645630e-002
1.658509e+003,4.624746e-002
1.658991e+003,4.605433e-002
1.659473e+003,4.586715e-002
1.659955e+003,4.567078e-002
1.660437e+003,4.545150e-002
1.660919e+003,4.520216e-002
1.661401e+003,4.492242e-002
1.661883e+003,4.461859e-002
1.662365e+003,4.430027e-002
1.662848e+003,4.397564e-002
1.663330e+003,4.365014e-002
1.663812e+003,4.332773e-002
1.664294e+003,4.301415e-002
1.664776e+003,4.271640e-002
1.665258e+003,4.244102e-002
1.665740e+003,4.219138e-002
1.666222e+003,4.196509e-002
1.666705e+003,4.175195e-002
1.667187e+003,4.153362e-002
1.667669e+003,4.128620e-002
1.668151e+003,4.098795e-002
1.668633e+003,4.063007e-002
1.669115e+003,4.022721e-002
1.669597e+003,3.981283e-002
1.670080e+003,3.942323e-002
1.670562e+003,3.907526e-002
1.671044e+003,3.876401e-002
1.671526e+003,3.847455e-002
1.672008e+003,3.819462e-002
1.672490e+003,3.791897e-002
1.672972e+003,3.764582e-002
1.673454e+003,3.737209e-002
1.673937e+003,3.708822e-002
1.674419e+003,3.677710e-002
1.674901e+003,3.642429e-002
1.675383e+003,3.603148e-002
1.675865e+003,3.562426e-002
1.676347e+003,3.523750e-002
1.676829e+003,3.489747e-002
1.677311e+003,3.461110e-002
1.677793e+003,3.436953e-002
1.678276e+003,3.415285e-002
1.678758e+003,3.393787e-002
1.679240e+003,3.370371e-002
1.679722e+003,3.344198e-002
1.680204e+003,3.316081e-002
1.680686e+003,3.288220e-002
1.681168e+003,3.263127e-002
1.681650e+003,3.242257e-002
1.682133e+003,3.225091e-002
1.682615e+003,3.208263e-002
1.683097e+003,3.185213e-002
1.683579e+003,3.148442e-002
1.684061e+003,3.096386e-002
1.684543e+003,3.038845e-002
1.685025e+003,2.989145e-002
1.685508e+003,2.952736e-002
1.685990e+003,2.926854e-002
1.686472e+003,2.906286e-002
1.686954e+003,2.886602e-002
1.687436e+003,2.865126e-002
1.687918e+003,2.840778e-002
1.688400e+003,2.813943e-002
1.688882e+003,2.785794e-002
1.689365e+003,2.757832e-002
1.689847e+003,2.730969e-002
1.690329e+003,2.705425e-002
1.690811e+003,2.680817e-002
1.691293e+003,2.657046e-002
1.691775e+003,2.634292e-002
1.692257e+003,2.613229e-002
1.692739e+003,2.594390e-002
1.693221e+003,2.578032e-002
1.693704e+003,2.563436e-002
1.694186e+003,2.548932e-002
1.694668e+003,2.531843e-002
1.695150e+003,2.509813e-002
1.695632e+003,2.482548e-002
1.696114e+003,2.453401e-002
1.696596e+003,2.427432e-002
1.697078e+003,2.407982e-002
1.697561e+003,2.394859e-002
1.698043e+003,2.385346e-002
1.698525e+003,2.375485e-002
1.699007e+003,2.361231e-002
1.699489e+003,2.339543e-002
1.699971e+003,2.311072e-002
1.700453e+003,2.280818e-002
1.700936e+003,2.254877e-002
1.701417e+003,2.235530e-002
1.701900e+003,2.221007e-002
1.702382e+003,2.208489e-002
1.702864e+003,2.195919e-002
1.703346e+003,2.182327e-002
1.703828e+003,2.167700e-002
1.704310e+003,2.152551e-002
1.704792e+003,2.137525e-002
1.705275e+003,2.122876e-002
1.705757e+003,2.108344e-002
1.706239e+003,2.093428e-002
1.706721e+003,2.078089e-002
1.707203e+003,2.062848e-002
1.707685e+003,2.048765e-002
1.708167e+003,2.036678e-002
1.708649e+003,2.026948e-002
1.709132e+003,2.019151e-002
1.709614e+003,2.012329e-002
1.710096e+003,2.005328e-002
1.710578e+003,1.997602e-002
1.711060e+003,1.989307e-002
1.711542e+003,1.981399e-002
1.712024e+003,1.975106e-002
1.712506e+003,1.971391e-002
1.712989e+003,1.970355e-002
1.713471e+003,1.971160e-002
1.713953e+003,1.972129e-002
1.714435e+003,1.971646e-002
1.714917e+003,1.968828e-002
1.715399e+003,1.964164e-002
1.715881e+003,1.959077e-002
1.716364e+003,1.954916e-002
1.716845e+003,1.951320e-002
1.717328e+003,1.946067e-002
1.717810e+003,1.936472e-002
1.718292e+003,1.922083e-002
1.718774e+003,1.905058e-002
1.719256e+003,1.888618e-002
1.719738e+003,1.874977e-002
1.720220e+003,1.864837e-002
1.720703e+003,1.857655e-002
1.721185e+003,1.852160e-002
1.721667e+003,1.846942e-002
1.722149e+003,1.840991e-002
1.722631e+003,1.833948e-002
1.723113e+003,1.826347e-002
1.723595e+003,1.819250e-002
1.724077e+003,1.813561e-002
1.724560e+003,1.809450e-002
1.725042e+003,1.806337e-002
1.725524e+003,1.803140e-002
1.726006e+003,1.799116e-002
1.726488e+003,1.794146e-002
1.726970e+003,1.788804e-002
1.727452e+003,1.784057e-002
1.727934e+003,1.780820e-002
1.728417e+003,1.779393e-002
1.728899e+003,1.779262e-002
1.729381e+003,1.779271e-002
1.729863e+003,1.778329e-002
1.730345e+003,1.776025e-002
1.730827e+003,1.772997e-002
1.731309e+003,1.770524e-002
1.731792e+003,1.769960e-002
1.732273e+003,1.771898e-002
1.732756e+003,1.775548e-002
1.733238e+003,1.778318e-002
1.733720e+003,1.776954e-002
1.734202e+003,1.769777e-002
1.734684e+003,1.758895e-002
1.735166e+003,1.748214e-002
1.735648e+003,1.740396e-002
1.736131e+003,1.735746e-002
1.736613e+003,1.733349e-002
1.737095e+003,1.731827e-002
1.737577e+003,1.730076e-002
1.738059e+003,1.727298e-002
1.738541e+003,1.723379e-002
1.739023e+003,1.718665e-002
1.739505e+003,1.713875e-002
1.739988e+003,1.709367e-002
1.740470e+003,1.704927e-002
1.740952e+003,1.700001e-002
1.741434e+003,1.694199e-002
1.741916e+003,1.687633e-002
1.742398e+003,1.681034e-002
1.742880e+003,1.675370e-002
1.743362e+003,1.671452e-002
1.743844e+003,1.669315e-002
1.744327e+003,1.668234e-002
1.744809e+003,1.667076e-002
1.745291e+003,1.664989e-002
1.745773e+003,1.661759e-002
1.746255e+003,1.657889e-002
1.746737e+003,1.654236e-002
1.747219e+003,1.651645e-002
1.747702e+003,1.650178e-002
1.748184e+003,1.649046e-002
1.748666e+003,1.646813e-002
1.749148e+003,1.642256e-002
1.749630e+003,1.635079e-002
1.750112e+003,1.626098e-002
1.750594e+003,1.616804e-002
1.751076e+003,1.608461e-002
1.751559e+003,1.601406e-002
1.752041e+003,1.595123e-002
1.752523e+003,1.588809e-002
1.753005e+003,1.582141e-002
1.753487e+003,1.575351e-002
1.753969e+003,1.569217e-002
1.754451e+003,1.564527e-002
1.754933e+003,1.561829e-002
1.755416e+003,1.560988e-002
1.755898e+003,1.561078e-002
1.756380e+003,1.560509e-002
1.756862e+003,1.558032e-002
1.757344e+003,1.553408e-002
1.757826e+003,1.547551e-002
1.758308e+003,1.541935e-002
1.758791e+003,1.537768e-002
1.759272e+003,1.535435e-002
1.759755e+003,1.534494e-002
1.760237e+003,1.533891e-002
1.760719e+003,1.532454e-002
1.761201e+003,1.529409e-002
1.761683e+003,1.524909e-002
1.762165e+003,1.519823e-002
1.762647e+003,1.515187e-002
1.763130e+003,1.511495e-002
1.763612e+003,1.508548e-002
1.764094e+003,1.505878e-002
1.764576e+003,1.503243e-002
1.765058e+003,1.500826e-002
1.765540e+003,1.499244e-002
1.766022e+003,1.499211e-002
1.766504e+003,1.501167e-002
1.766987e+003,1.504717e-002
1.767469e+003,1.508586e-002
1.767951e+003,1.511124e-002
1.768433e+003,1.511177e-002
1.768915e+003,1.508780e-002
1.769397e+003,1.505203e-002
1.769879e+003,1.502318e-002
1.770361e+003,1.501848e-002
1.770844e+003,1.504453e-002
1.771326e+003,1.509226e-002
1.771808e+003,1.513564e-002
1.772290e+003,1.514671e-002
1.772772e+003,1.511357e-002
1.773254e+003,1.504830e-002
1.773736e+003,1.497448e-002
1.774219e+003,1.491118e-002
1.774700e+003,1.486458e-002
1.775183e+003,1.483066e-002
1.775665e+003,1.480098e-002
1.776147e+003,1.476948e-002
1.776629e+003,1.473617e-002
1.777111e+003,1.470740e-002
1.777593e+003,1.469182e-002
1.778075e+003,1.469652e-002
1.778558e+003,1.472117e-002
1.779040e+003,1.475682e-002
1.779522e+003,1.478871e-002
1.780004e+003,1.480240e-002
1.780486e+003,1.479029e-002
1.780968e+003,1.475754e-002
1.781450e+003,1.471648e-002
1.781932e+003,1.468141e-002
1.782415e+003,1.465968e-002
1.782897e+003,1.464962e-002
1.783379e+003,1.464503e-002
1.783861e+003,1.463869e-002
1.784343e+003,1.462716e-002
1.784825e+003,1.461219e-002
1.785307e+003,1.459926e-002
1.785789e+003,1.459247e-002
1.786271e+003,1.459098e-002
1.786754e+003,1.458912e-002
1.787236e+003,1.457864e-002
1.787718e+003,1.455638e-002
1.788200e+003,1.452372e-002
1.788682e+003,1.448905e-002
1.789164e+003,1.446396e-002
1.789646e+003,1.445977e-002
1.790128e+003,1.448095e-002
1.790611e+003,1.452317e-002
1.791093e+003,1.457031e-002
1.791575e+003,1.460369e-002
1.792057e+003,1.460998e-002
1.792539e+003,1.459152e-002
1.793021e+003,1.456100e-002
1.793503e+003,1.453313e-002
1.793986e+003,1.451318e-002
1.794468e+003,1.449745e-002
1.794950e+003,1.447820e-002
1.795432e+003,1.445015e-002
1.795914e+003,1.441408e-002
1.796396e+003,1.437800e-002
1.796878e+003,1.435299e-002
1.797360e+003,1.434792e-002
1.797843e+003,1.436415e-002
1.798325e+003,1.439489e-002
1.798807e+003,1.442588e-002
1.799289e+003,1.444323e-002
1.799771e+003,1.443848e-002
1.800253e+003,1.441312e-002
1.800735e+003,1.437626e-002
1.801217e+003,1.434030e-002
1.801699e+003,1.431203e-002
1.802182e+003,1.429087e-002
1.802664e+003,1.427102e-002
1.803146e+003,1.424801e-002
1.803628e+003,1.422036e-002
1.804110e+003,1.419202e-002
1.804592e+003,1.416927e-002
1.805074e+003,1.415594e-002
1.805556e+003,1.415125e-002
1.806039e+003,1.414973e-002
1.806521e+003,1.414339e-002
1.807003e+003,1.412845e-002
1.807485e+003,1.410606e-002
1.807967e+003,1.408360e-002
1.808449e+003,1.406990e-002
1.808931e+003,1.407140e-002
1.809414e+003,1.408485e-002
1.809896e+003,1.409905e-002
1.810378e+003,1.409859e-002
1.810860e+003,1.407241e-002
1.811342e+003,1.401897e-002
1.811824e+003,1.394790e-002
1.812306e+003,1.387265e-002
1.812788e+003,1.380420e-002
1.813271e+003,1.374380e-002
1.813753e+003,1.368477e-002
1.814235e+003,1.361832e-002
1.814717e+003,1.354076e-002
1.815199e+003,1.345692e-002
1.815681e+003,1.338266e-002
1.816163e+003,1.333749e-002
1.816645e+003,1.333816e-002
1.817127e+003,1.338756e-002
1.817610e+003,1.347369e-002
1.818092e+003,1.357415e-002
1.818574e+003,1.366830e-002
1.819056e+003,1.374251e-002
1.819538e+003,1.379720e-002
1.820020e+003,1.383927e-002
1.820502e+003,1.387885e-002
1.820984e+003,1.391943e-002
1.821467e+003,1.395733e-002
1.821949e+003,1.398308e-002
1.822431e+003,1.398948e-002
1.822913e+003,1.397450e-002
1.823395e+003,1.394640e-002
1.823877e+003,1.391952e-002
1.824359e+003,1.390899e-002
1.824842e+003,1.392085e-002
1.825323e+003,1.394872e-002
1.825806e+003,1.397709e-002
1.826288e+003,1.399464e-002
1.826770e+003,1.399790e-002
1.827252e+003,1.399476e-002
1.827734e+003,1.399765e-002
1.828216e+003,1.401756e-002
1.828698e+003,1.405622e-002
1.829181e+003,1.410206e-002
1.829663e+003,1.413281e-002
1.830145e+003,1.413061e-002
1.830627e+003,1.409352e-002
1.831109e+003,1.403708e-002
1.831591e+003,1.398234e-002
1.832073e+003,1.394451e-002
1.832555e+003,1.392593e-002
1.833038e+003,1.391860e-002
1.833520e+003,1.390872e-002
1.834002e+003,1.388610e-002
1.834484e+003,1.384700e-002
1.834966e+003,1.379955e-002
1.835448e+003,1.375707e-002
1.835930e+003,1.373259e-002
1.836412e+003,1.373038e-002
1.836895e+003,1.374252e-002
1.837377e+003,1.375369e-002
1.837859e+003,1.375160e-002
1.838341e+003,1.373048e-002
1.838823e+003,1.369788e-002
1.839305e+003,1.366737e-002
1.839787e+003,1.365192e-002
1.840270e+003,1.365618e-002
1.840751e+003,1.367527e-002
1.841234e+003,1.369747e-002
1.841716e+003,1.371124e-002
1.842198e+003,1.370986e-002
1.842680e+003,1.369730e-002
1.843162e+003,1.368516e-002
1.843644e+003,1.368825e-002
1.844126e+003,1.371035e-002
1.844609e+003,1.374166e-002
1.845091e+003,1.376230e-002
1.845573e+003,1.376104e-002
1.846055e+003,1.373757e-002
1.846537e+003,1.370443e-002
1.847019e+003,1.367670e-002
1.847501e+003,1.366526e-002
1.847983e+003,1.366926e-002
1.848466e+003,1.367837e-002
1.848948e+003,1.367671e-002
1.849430e+003,1.365472e-002
1.849912e+003,1.361214e-002
1.850394e+003,1.356194e-002
1.850876e+003,1.352150e-002
1.851358e+003,1.350538e-002
1.851840e+003,1.351601e-002
1.852323e+003,1.354455e-002
1.852805e+003,1.357280e-002
1.853287e+003,1.358639e-002
1.853769e+003,1.357849e-002
1.854251e+003,1.355734e-002
1.854733e+003,1.353699e-002
1.855215e+003,1.353239e-002
1.855698e+003,1.354810e-002
1.856179e+003,1.357670e-002
1.856662e+003,1.360262e-002
1.857144e+003,1.361185e-002
1.857626e+003,1.359961e-002
1.858108e+003,1.357477e-002
1.858590e+003,1.355356e-002
1.859072e+003,1.355244e-002
1.859554e+003,1.357632e-002
1.860037e+003,1.361751e-002
1.860519e+003,1.365683e-002
1.861001e+003,1.367731e-002
1.861483e+003,1.367037e-002
1.861965e+003,1.364292e-002
1.862447e+003,1.361049e-002
1.862929e+003,1.359248e-002
1.863411e+003,1.359876e-002
1.863894e+003,1.362822e-002
1.864376e+003,1.366900e-002
1.864858e+003,1.370754e-002
1.865340e+003,1.373547e-002
1.865822e+003,1.375455e-002
1.866304e+003,1.377553e-002
1.866786e+003,1.381168e-002
1.867268e+003,1.386868e-002
1.867750e+003,1.393906e-002
1.868233e+003,1.400173e-002
1.868715e+003,1.403520e-002
1.869197e+003,1.403101e-002
1.869679e+003,1.400204e-002
1.870161e+003,1.396978e-002
1.870643e+003,1.395503e-002
1.871125e+003,1.396330e-002
1.871608e+003,1.398721e-002
1.872090e+003,1.401133e-002
1.872572e+003,1.402257e-002
1.873054e+003,1.401343e-002
1.873536e+003,1.398786e-002
1.874018e+003,1.395545e-002
1.874500e+003,1.392795e-002
1.874982e+003,1.390897e-002
1.875465e+003,1.389472e-002
1.875947e+003,1.387440e-002
1.876429e+003,1.384134e-002
1.876911e+003,1.379474e-002
1.877393e+003,1.374590e-002
1.877875e+003,1.370995e-002
1.878357e+003,1.370011e-002
1.878839e+003,1.371870e-002
1.879322e+003,1.375515e-002
1.879804e+003,1.379092e-002
1.880286e+003,1.381163e-002
1.880768e+003,1.381023e-002
1.881250e+003,1.379430e-002
1.881732e+003,1.377831e-002
1.882214e+003,1.377753e-002
1.882697e+003,1.379672e-002
1.883178e+003,1.383180e-002
1.883661e+003,1.386866e-002
1.884143e+003,1.389761e-002
1.884625e+003,1.391540e-002
1.885107e+003,1.393179e-002
1.885589e+003,1.395976e-002
1.886071e+003,1.401177e-002
1.886553e+003,1.408676e-002
1.887036e+003,1.417229e-002
1.887518e+003,1.424744e-002
1.888000e+003,1.429456e-002
1.888482e+003,1.430540e-002
1.888964e+003,1.429020e-002
1.889446e+003,1.426926e-002
1.889928e+003,1.426532e-002
1.890410e+003,1.428514e-002
1.890893e+003,1.431888e-002
1.891375e+003,1.434466e-002
1.891857e+003,1.434621e-002
1.892339e+003,1.431599e-002
1.892821e+003,1.426367e-002
1.893303e+003,1.420769e-002
1.893785e+003,1.416974e-002
1.894267e+003,1.416192e-002
1.894750e+003,1.418271e-002
1.895232e+003,1.421711e-002
1.895714e+003,1.425051e-002
1.896196e+003,1.427414e-002
1.896678e+003,1.429324e-002
1.897160e+003,1.431971e-002
1.897642e+003,1.436538e-002
1.898125e+003,1.443118e-002
1.898606e+003,1.450578e-002
1.899089e+003,1.456928e-002
1.899571e+003,1.460476e-002
1.900053e+003,1.460455e-002
1.900535e+003,1.457525e-002
1.901017e+003,1.453164e-002
1.901499e+003,1.449127e-002
1.901981e+003,1.446057e-002
1.902464e+003,1.443440e-002
1.902946e+003,1.439976e-002
1.903428e+003,1.434783e-002
1.903910e+003,1.427932e-002
1.904392e+003,1.421052e-002
1.904874e+003,1.416333e-002
1.905356e+003,1.415767e-002
1.905838e+003,1.419652e-002
1.906321e+003,1.426636e-002
1.906803e+003,1.433972e-002
1.907285e+003,1.439047e-002
1.907767e+003,1.440234e-002
1.908249e+003,1.437793e-002
1.908731e+003,1.433266e-002
1.909213e+003,1.428936e-002
1.909695e+003,1.426014e-002
1.910177e+003,1.424481e-002
1.910660e+003,1.422934e-002
1.911142e+003,1.420394e-002
1.911624e+003,1.416320e-002
1.912106e+003,1.411670e-002
1.912588e+003,1.407842e-002
1.913070e+003,1.406186e-002
1.913552e+003,1.406798e-002
1.914034e+003,1.408772e-002
1.914517e+003,1.410404e-002
1.914999e+003,1.410591e-002
1.915481e+003,1.409197e-002
1.915963e+003,1.407666e-002
1.916445e+003,1.407962e-002
1.916927e+003,1.411740e-002
1.917409e+003,1.418732e-002
1.917892e+003,1.426529e-002
1.918374e+003,1.431660e-002
1.918856e+003,1.431884e-002
1.919338e+003,1.427049e-002
1.919820e+003,1.419506e-002
1.920302e+003,1.412272e-002
1.920784e+003,1.407959e-002
1.921266e+003,1.407044e-002
1.921749e+003,1.408148e-002
1.922231e+003,1.408113e-002
1.922713e+003,1.404481e-002
1.923195e+003,1.396539e-002
1.923677e+003,1.386364e-002
1.924159e+003,1.377306e-002
1.924641e+003,1.372497e-002
1.925123e+003,1.372595e-002
1.925605e+003,1.375955e-002
1.926088e+003,1.379180e-002
1.926570e+003,1.379278e-002
1.927052e+003,1.374684e-002
1.927534e+003,1.366348e-002
1.928016e+003,1.357093e-002
1.928498e+003,1.350334e-002
1.928980e+003,1.348197e-002
1.929462e+003,1.350769e-002
1.929945e+003,1.356163e-002
1.930427e+003,1.362151e-002
1.930909e+003,1.367127e-002
1.931391e+003,1.371365e-002
1.931873e+003,1.376008e-002
1.932355e+003,1.382750e-002
1.932837e+003,1.391774e-002
1.933320e+003,1.401624e-002
1.933802e+003,1.409493e-002
1.934284e+003,1.413096e-002
1.934766e+003,1.411304e-002
1.935248e+003,1.405370e-002
1.935730e+003,1.397672e-002
1.936212e+003,1.390930e-002
1.936694e+003,1.386109e-002
1.937177e+003,1.382500e-002
1.937659e+003,1.377754e-002
1.938141e+003,1.370165e-002
1.938623e+003,1.359369e-002
1.939105e+003,1.347341e-002
1.939587e+003,1.337045e-002
1.940069e+003,1.331820e-002
1.940551e+003,1.332810e-002
1.941033e+003,1.338918e-002
1.941516e+003,1.346662e-002
1.941998e+003,1.352960e-002
1.942480e+003,1.355565e-002
1.942962e+003,1.355686e-002
1.943444e+003,1.355872e-002
1.943926e+003,1.359147e-002
1.944408e+003,1.365861e-002
1.944890e+003,1.374459e-002
1.945373e+003,1.381633e-002
1.945855e+003,1.385167e-002
1.946337e+003,1.384442e-002
1.946819e+003,1.381860e-002
1.947301e+003,1.380891e-002
1.947783e+003,1.385071e-002
1.948265e+003,1.395159e-002
1.948748e+003,1.409251e-002
1.949229e+003,1.423227e-002
1.949712e+003,1.433598e-002
1.950194e+003,1.438291e-002
1.950676e+003,1.438416e-002
1.951158e+003,1.436674e-002
1.951640e+003,1.436306e-002
1.952122e+003,1.438364e-002
1.952604e+003,1.441464e-002
1.953087e+003,1.441978e-002
1.953569e+003,1.436658e-002
1.954051e+003,1.423745e-002
1.954533e+003,1.404638e-002
1.955015e+003,1.382424e-002
1.955497e+003,1.361087e-002
1.955979e+003,1.342610e-002
1.956461e+003,1.327103e-002
1.956944e+003,1.312883e-002
1.957426e+003,1.299704e-002
1.957908e+003,1.288748e-002
1.958390e+003,1.284085e-002
1.958872e+003,1.289679e-002
1.959354e+003,1.308085e-002
1.959836e+003,1.337170e-002
1.960318e+003,1.371301e-002
1.960801e+003,1.402788e-002
1.961283e+003,1.426212e-002
1.961765e+003,1.439493e-002
1.962247e+003,1.445361e-002
1.962729e+003,1.448362e-002
1.963211e+003,1.452973e-002
1.963693e+003,1.459617e-002
1.964176e+003,1.465358e-002
1.964657e+003,1.464963e-002
1.965140e+003,1.455731e-002
1.965622e+003,1.438017e-002
1.966104e+003,1.418225e-002
1.966586e+003,1.404575e-002
1.967068e+003,1.404535e-002
1.967550e+003,1.418752e-002
1.968032e+003,1.442022e-002
1.968515e+003,1.465238e-002
1.968997e+003,1.481613e-002
1.969479e+003,1.488509e-002
1.969961e+003,1.489405e-002
1.970443e+003,1.489829e-002
1.970925e+003,1.495597e-002
1.971407e+003,1.507430e-002
1.971889e+003,1.521165e-002
1.972372e+003,1.529095e-002
1.972854e+003,1.525961e-002
1.973336e+003,1.510049e-002
1.973818e+003,1.486851e-002
1.974300e+003,1.465398e-002
1.974782e+003,1.455347e-002
1.975264e+003,1.461407e-002
1.975746e+003,1.482829e-002
1.976229e+003,1.513862e-002
1.976711e+003,1.549449e-002
1.977193e+003,1.585916e-002
1.977675e+003,1.624045e-002
1.978157e+003,1.664293e-002
1.978639e+003,1.706653e-002
1.979121e+003,1.746096e-002
1.979604e+003,1.775008e-002
1.980085e+003,1.785601e-002
1.980568e+003,1.775075e-002
1.981050e+003,1.745888e-002
1.981532e+003,1.706945e-002
1.982014e+003,1.669426e-002
1.982496e+003,1.643509e-002
1.982978e+003,1.633160e-002
1.983460e+003,1.636746e-002
1.983943e+003,1.647147e-002
1.984425e+003,1.657822e-002
1.984907e+003,1.663676e-002
1.985389e+003,1.663899e-002
1.985871e+003,1.659460e-002
1.986353e+003,1.652717e-002
1.986835e+003,1.643738e-002
1.987317e+003,1.630963e-002
1.987800e+003,1.611654e-002
1.988282e+003,1.585932e-002
1.988764e+003,1.556616e-002
1.989246e+003,1.530516e-002
1.989728e+003,1.514554e-002
1.990210e+003,1.513371e-002
1.990692e+003,1.525741e-002
1.991174e+003,1.544908e-002
1.991656e+003,1.561023e-002
1.992139e+003,1.566335e-002
1.992621e+003,1.557826e-002
1.993103e+003,1.539594e-002
1.993585e+003,1.518734e-002
1.994067e+003,1.503288e-002
1.994549e+003,1.496672e-002
1.995031e+003,1.498089e-002
1.995514e+003,1.503470e-002
1.995996e+003,1.509210e-002
1.996478e+003,1.513344e-002
1.996960e+003,1.516975e-002
1.997442e+003,1.522103e-002
1.997924e+003,1.530563e-002
1.998406e+003,1.540698e-002
1.998888e+003,1.548465e-002
1.999371e+003,1.548373e-002
1.999853e+003,1.537806e-002
2.000335e+003,1.517462e-002
2.000817e+003,1.492755e-002
2.001299e+003,1.470053e-002
2.001781e+003,1.454475e-002
2.002263e+003,1.445907e-002
2.002745e+003,1.439562e-002
2.003228e+003,1.428134e-002
2.003710e+003,1.407349e-002
2.004192e+003,1.377350e-002
2.004674e+003,1.345140e-002
2.005156e+003,1.320772e-002
2.005638e+003,1.313952e-002
2.006120e+003,1.327380e-002
2.006603e+003,1.357353e-002
2.007084e+003,1.394244e-002
2.007567e+003,1.429375e-002
2.008049e+003,1.457256e-002
2.008531e+003,1.478749e-002
2.009013e+003,1.497346e-002
2.009495e+003,1.517405e-002
2.009977e+003,1.538312e-002
2.010459e+003,1.554899e-002
2.010942e+003,1.559776e-002
2.011424e+003,1.548414e-002
2.011906e+003,1.521376e-002
2.012388e+003,1.486418e-002
2.012870e+003,1.454312e-002
2.013352e+003,1.434972e-002
2.013834e+003,1.431619e-002
2.014316e+003,1.440063e-002
2.014799e+003,1.450486e-002
2.015281e+003,1.453895e-002
2.015763e+003,1.445341e-002
2.016245e+003,1.427310e-002
2.016727e+003,1.407311e-002
2.017209e+003,1.394594e-002
2.017691e+003,1.393154e-002
2.018173e+003,1.400968e-002
2.018656e+003,1.410614e-002
2.019138e+003,1.416057e-002
2.019620e+003,1.414069e-002
2.020102e+003,1.408476e-002
2.020584e+003,1.405852e-002
2.021066e+003,1.413558e-002
2.021548e+003,1.433726e-002
2.022031e+003,1.462804e-002
2.022512e+003,1.492751e-002
2.022995e+003,1.516264e-002
2.023477e+003,1.529259e-002
2.023959e+003,1.533977e-002
2.024441e+003,1.535960e-002
2.024923e+003,1.541863e-002
2.025405e+003,1.553965e-002
2.025887e+003,1.569121e-002
2.026370e+003,1.579877e-002
2.026852e+003,1.579863e-002
2.027334e+003,1.565181e-002
2.027816e+003,1.538459e-002
2.028298e+003,1.505977e-002
2.028780e+003,1.475767e-002
2.029262e+003,1.451677e-002
2.029744e+003,1.433571e-002
2.030227e+003,1.417408e-002
2.030709e+003,1.400755e-002
2.031191e+003,1.384568e-002
2.031673e+003,1.375044e-002
2.032155e+003,1.379898e-002
2.032637e+003,1.406129e-002
2.033119e+003,1.453724e-002
2.033601e+003,1.516193e-002
2.034083e+003,1.582035e-002
2.034566e+003,1.640896e-002
2.035048e+003,1.685116e-002
2.035530e+003,1.713299e-002
2.036012e+003,1.727867e-002
2.036494e+003,1.733665e-002
2.036976e+003,1.733297e-002
2.037458e+003,1.727670e-002
2.037940e+003,1.715300e-002
2.038423e+003,1.696915e-002
2.038905e+003,1.675372e-002
2.039387e+003,1.657666e-002
2.039869e+003,1.650628e-002
2.040351e+003,1.659407e-002
2.040833e+003,1.683056e-002
2.041315e+003,1.714879e-002
2.041798e+003,1.745334e-002
2.042280e+003,1.766329e-002
2.042762e+003,1.773589e-002
2.043244e+003,1.768751e-002
2.043726e+003,1.756846e-002
2.044208e+003,1.744148e-002
2.044690e+003,1.734183e-002
2.045172e+003,1.727833e-002
2.045655e+003,1.723265e-002
2.046137e+003,1.720512e-002
2.046619e+003,1.721830e-002
2.047101e+003,1.733073e-002
2.047583e+003,1.759947e-002
2.048065e+003,1.805419e-002
2.048547e+003,1.865567e-002
2.049029e+003,1.930340e-002
2.049511e+003,1.985886e-002
2.049994e+003,2.020491e-002
2.050476e+003,2.027534e-002
2.050958e+003,2.008206e-002
2.051440e+003,1.969803e-002
2.051922e+003,1.923423e-002
2.052404e+003,1.879260e-002
2.052886e+003,1.844355e-002
2.053368e+003,1.821371e-002
2.053851e+003,1.809838e-002
2.054333e+003,1.806832e-002
2.054815e+003,1.809292e-002
2.055297e+003,1.813830e-002
2.055779e+003,1.818260e-002
2.056261e+003,1.820369e-002
2.056743e+003,1.818348e-002
2.057226e+003,1.810760e-002
2.057708e+003,1.797890e-002
2.058190e+003,1.781223e-002
2.058672e+003,1.763828e-002
2.059154e+003,1.748794e-002
2.059636e+003,1.738627e-002
2.060118e+003,1.733347e-002
2.060600e+003,1.731372e-002
2.061083e+003,1.729647e-002
2.061565e+003,1.726326e-002
2.062047e+003,1.720949e-002
2.062529e+003,1.715429e-002
2.063011e+003,1.712256e-002
2.063493e+003,1.714148e-002
2.063975e+003,1.721519e-002
2.064457e+003,1.732793e-002
2.064939e+003,1.744589e-002
2.065422e+003,1.754166e-002
2.065904e+003,1.759476e-002
2.066386e+003,1.760864e-002
2.066868e+003,1.759585e-002
2.067350e+003,1.757655e-002
2.067832e+003,1.755815e-002
2.068314e+003,1.754142e-002
2.068796e+003,1.751804e-002
2.069279e+003,1.748933e-002
2.069761e+003,1.746278e-002
2.070243e+003,1.746076e-002
2.070725e+003,1.750079e-002
2.071207e+003,1.759542e-002
2.071689e+003,1.773343e-002
2.072171e+003,1.788869e-002
2.072654e+003,1.802673e-002
2.073135e+003,1.812652e-002
2.073618e+003,1.818002e-002
2.074100e+003,1.820312e-002
2.074582e+003,1.821730e-002
2.075064e+003,1.824160e-002
2.075546e+003,1.827721e-002
2.076028e+003,1.831122e-002
2.076510e+003,1.831892e-002
2.076993e+003,1.828574e-002
2.077475e+003,1.821187e-002
2.077957e+003,1.811796e-002
2.078439e+003,1.803216e-002
2.078921e+003,1.798216e-002
2.079403e+003,1.797537e-002
2.079885e+003,1.800140e-002
2.080367e+003,1.803644e-002
2.080850e+003,1.805948e-002
2.081332e+003,1.805838e-002
2.081814e+003,1.803934e-002
2.082296e+003,1.801508e-002
2.082778e+003,1.800187e-002
2.083260e+003,1.800174e-002
2.083742e+003,1.800562e-002
2.084224e+003,1.799570e-002
2.084707e+003,1.795963e-002
2.085189e+003,1.789500e-002
2.085671e+003,1.781562e-002
2.086153e+003,1.773944e-002
2.086635e+003,1.768566e-002
2.087117e+003,1.765675e-002
2.087599e+003,1.764101e-002
2.088082e+003,1.761841e-002
2.088563e+003,1.757217e-002
2.089046e+003,1.749529e-002
2.089528e+003,1.739642e-002
2.090010e+003,1.729004e-002
2.090492e+003,1.719230e-002
2.090974e+003,1.710610e-002
2.091456e+003,1.702468e-002
2.091938e+003,1.693573e-002
2.092421e+003,1.683715e-002
2.092903e+003,1.674037e-002
2.093385e+003,1.667449e-002
2.093867e+003,1.667120e-002
2.094349e+003,1.675469e-002
2.094831e+003,1.692316e-002
2.095313e+003,1.714903e-002
2.095795e+003,1.738468e-002
2.096278e+003,1.758765e-002
2.096760e+003,1.772897e-002
2.097242e+003,1.780872e-002
2.097724e+003,1.784613e-002
2.098206e+003,1.787150e-002
2.098688e+003,1.790561e-002
2.099170e+003,1.795377e-002
2.099652e+003,1.800288e-002
2.100135e+003,1.803576e-002
2.100617e+003,1.803656e-002
2.101099e+003,1.800392e-002
2.101581e+003,1.794442e-002
2.102063e+003,1.787509e-002
2.102545e+003,1.780858e-002
2.103027e+003,1.775042e-002
2.103510e+003,1.770048e-002
2.103991e+003,1.766090e-002
2.104474e+003,1.763537e-002
2.104956e+003,1.763507e-002
2.105438e+003,1.766927e-002
2.105920e+003,1.774267e-002
2.106402e+003,1.784566e-002
2.106884e+003,1.795902e-002
2.107366e+003,1.805741e-002
2.107849e+003,1.812573e-002
2.108331e+003,1.816172e-002
2.108813e+003,1.817928e-002
2.109295e+003,1.819655e-002
2.109777e+003,1.823095e-002
2.110259e+003,1.828497e-002
2.110741e+003,1.834651e-002
2.111223e+003,1.839552e-002
2.111706e+003,1.841629e-002
2.112188e+003,1.840292e-002
2.112670e+003,1.836528e-002
2.113152e+003,1.831796e-002
2.113634e+003,1.827442e-002
2.114116e+003,1.823421e-002
2.114598e+003,1.818441e-002
2.115080e+003,1.810593e-002
2.115563e+003,1.798717e-002
2.116045e+003,1.783291e-002
2.116527e+003,1.766795e-002
2.117009e+003,1.752412e-002
2.117491e+003,1.743522e-002
2.117973e+003,1.741344e-002
2.118455e+003,1.745088e-002
2.118938e+003,1.751876e-002
2.119420e+003,1.758709e-002
2.119902e+003,1.763033e-002
2.120384e+003,1.764135e-002
2.120866e+003,1.762481e-002
2.121348e+003,1.759543e-002
2.121830e+003,1.756180e-002
2.122312e+003,1.752265e-002
2.122794e+003,1.746663e-002
2.123277e+003,1.738327e-002
2.123759e+003,1.726719e-002
2.124241e+003,1.712804e-002
2.124723e+003,1.697990e-002
2.125205e+003,1.684111e-002
2.125687e+003,1.671704e-002
2.126169e+003,1.660119e-002
2.126651e+003,1.647259e-002
2.127134e+003,1.631713e-002
2.127616e+003,1.612303e-002
2.128098e+003,1.589853e-002
2.128580e+003,1.565814e-002
2.129062e+003,1.542143e-002
2.129544e+003,1.519371e-002
2.130026e+003,1.496867e-002
2.130509e+003,1.473088e-002
2.130990e+003,1.447319e-002
2.131473e+003,1.420289e-002
2.131955e+003,1.395558e-002
2.132437e+003,1.377678e-002
2.132919e+003,1.371569e-002
2.133401e+003,1.379685e-002
2.133883e+003,1.401184e-002
2.134365e+003,1.431855e-002
2.134848e+003,1.466243e-002
2.135330e+003,1.498832e-002
2.135812e+003,1.526310e-002
2.136294e+003,1.546992e-002
2.136776e+003,1.561431e-002
2.137258e+003,1.570188e-002
2.137740e+003,1.573554e-002
2.138222e+003,1.571185e-002
2.138705e+003,1.563626e-002
2.139187e+003,1.552309e-002
2.139669e+003,1.540505e-002
2.140151e+003,1.531350e-002
2.140633e+003,1.527679e-002
2.141115e+003,1.528961e-002
2.141597e+003,1.532161e-002
2.142079e+003,1.532413e-002
2.142562e+003,1.526002e-002
2.143044e+003,1.511478e-002
2.143526e+003,1.491485e-002
2.144008e+003,1.471004e-002
2.144490e+003,1.456162e-002
2.144972e+003,1.450346e-002
2.145454e+003,1.453712e-002
2.145937e+003,1.462937e-002
2.146418e+003,1.473937e-002
2.146901e+003,1.483439e-002
2.147383e+003,1.490337e-002
2.147865e+003,1.494945e-002
2.148347e+003,1.498478e-002
2.148829e+003,1.499690e-002
2.149311e+003,1.495084e-002
2.149793e+003,1.479627e-002
2.150276e+003,1.450234e-002
2.150758e+003,1.406824e-002
2.151240e+003,1.354519e-002
2.151722e+003,1.301584e-002
2.152204e+003,1.257169e-002
2.152686e+003,1.226189e-002
2.153168e+003,1.208343e-002
2.153650e+003,1.197547e-002
2.154133e+003,1.186148e-002
2.154615e+003,1.167769e-002
2.155097e+003,1.141122e-002
2.155579e+003,1.109774e-002
2.156061e+003,1.082960e-002
2.156543e+003,1.070040e-002
2.157025e+003,1.079345e-002
2.157507e+003,1.114948e-002
2.157990e+003,1.179162e-002
2.158472e+003,1.269775e-002
2.158954e+003,1.382343e-002
2.159436e+003,1.507812e-002
2.159918e+003,1.634742e-002
2.160400e+003,1.749355e-002
2.160882e+003,1.840389e-002
2.161365e+003,1.900742e-002
2.161846e+003,1.930972e-002
2.162329e+003,1.937078e-002
2.162811e+003,1.930707e-002
2.163293e+003,1.923192e-002
2.163775e+003,1.924505e-002
2.164257e+003,1.937569e-002
2.164739e+003,1.959302e-002
2.165221e+003,1.982736e-002
2.165704e+003,2.002036e-002
2.166186e+003,2.013443e-002
2.166668e+003,2.017984e-002
2.167150e+003,2.018940e-002
2.167632e+003,2.020298e-002
2.168114e+003,2.022899e-002
2.168596e+003,2.024428e-002
2.169078e+003,2.019650e-002
2.169561e+003,2.004515e-002
2.170043e+003,1.977304e-002
2.170525e+003,1.940434e-002
2.171007e+003,1.898909e-002
2.171489e+003,1.859490e-002
2.171971e+003,1.826321e-002
2.172453e+003,1.800853e-002
2.172935e+003,1.781580e-002
2.173417e+003,1.767189e-002
2.173900e+003,1.756969e-002
2.174382e+003,1.752405e-002
2.174864e+003,1.755120e-002
2.175346e+003,1.765797e-002
2.175828e+003,1.781513e-002
2.176310e+003,1.795951e-002
2.176792e+003,1.801186e-002
2.177274e+003,1.791938e-002
2.177757e+003,1.767255e-002
2.178239e+003,1.732591e-002
2.178721e+003,1.697285e-002
2.179203e+003,1.672941e-002
2.179685e+003,1.667637e-002
2.180167e+003,1.684535e-002
2.180649e+003,1.720696e-002
2.181132e+003,1.770258e-002
2.181614e+003,1.825460e-002
2.182096e+003,1.879811e-002
2.182578e+003,1.928327e-002
2.183060e+003,1.968559e-002
2.183542e+003,1.998478e-002
2.184024e+003,2.017538e-002
2.184506e+003,2.024860e-002
2.184989e+003,2.022230e-002
2.185471e+003,2.012816e-002
2.185953e+003,2.001868e-002
2.186435e+003,1.994422e-002
2.186917e+003,1.994551e-002
2.187399e+003,2.002075e-002
2.187881e+003,2.013667e-002
2.188363e+003,2.022961e-002
2.188845e+003,2.025296e-002
2.189328e+003,2.017332e-002
2.189810e+003,2.000561e-002
2.190292e+003,1.978881e-002
2.190774e+003,1.958418e-002
2.191256e+003,1.943368e-002
2.191738e+003,1.935524e-002
2.192220e+003,1.933363e-002
2.192702e+003,1.934567e-002
2.193185e+003,1.936223e-002
2.193667e+003,1.937427e-002
2.194149e+003,1.937942e-002
2.194631e+003,1.939340e-002
2.195113e+003,1.942253e-002
2.195595e+003,1.946518e-002
2.196077e+003,1.950896e-002
2.196560e+003,1.954705e-002
2.197042e+003,1.957214e-002
2.197524e+003,1.959309e-002
2.198006e+003,1.961627e-002
2.198488e+003,1.964972e-002
2.198970e+003,1.968393e-002
2.199452e+003,1.969851e-002
2.199934e+003,1.966823e-002
2.200417e+003,1.958278e-002
2.200899e+003,1.945109e-002
2.201381e+003,1.930812e-002
2.201863e+003,1.919637e-002
2.202345e+003,1.916067e-002
2.202827e+003,1.921849e-002
2.203309e+003,1.936199e-002
2.203791e+003,1.955685e-002
2.204273e+003,1.976935e-002
2.204756e+003,1.996386e-002
2.205238e+003,2.012716e-002
2.205720e+003,2.025158e-002
2.206202e+003,2.034187e-002
2.206684e+003,2.039270e-002
2.207166e+003,2.039432e-002
2.207648e+003,2.033063e-002
2.208130e+003,2.019847e-002
2.208613e+003,2.000865e-002
2.209095e+003,1.979301e-002
2.209577e+003,1.958943e-002
2.210059e+003,1.943767e-002
2.210541e+003,1.935566e-002
2.211023e+003,1.933985e-002
2.211505e+003,1.936687e-002
2.211988e+003,1.941484e-002
2.212469e+003,1.946306e-002
2.212952e+003,1.950748e-002
2.213434e+003,1.954968e-002
2.213916e+003,1.959855e-002
2.214398e+003,1.964940e-002
2.214880e+003,1.969345e-002
2.215362e+003,1.971467e-002
2.215844e+003,1.971169e-002
2.216327e+003,1.969283e-002
2.216809e+003,1.968279e-002
2.217291e+003,1.970342e-002
2.217773e+003,1.977175e-002
2.218255e+003,1.987734e-002
2.218737e+003,1.998906e-002
2.219219e+003,2.006315e-002
2.219701e+003,2.007066e-002
2.220184e+003,2.000051e-002
2.220666e+003,1.987438e-002
2.221148e+003,1.973025e-002
2.221630e+003,1.961531e-002
2.222112e+003,1.955630e-002
2.222594e+003,1.955633e-002
2.223076e+003,1.959410e-002
2.223558e+003,1.964331e-002
2.224041e+003,1.967870e-002
2.224523e+003,1.969666e-002
2.225005e+003,1.970191e-002
2.225487e+003,1.971385e-002
2.225969e+003,1.974259e-002
2.226451e+003,1.978722e-002
2.226933e+003,1.983384e-002
2.227416e+003,1.987007e-002
2.227897e+003,1.988409e-002
2.228380e+003,1.987980e-002
2.228862e+003,1.986722e-002
2.229344e+003,1.986232e-002
2.229826e+003,1.987333e-002
2.230308e+003,1.989890e-002
2.230790e+003,1.992711e-002
2.231272e+003,1.995044e-002
2.231755e+003,1.996652e-002
2.232237e+003,1.998398e-002
2.232719e+003,2.001329e-002
2.233201e+003,2.006769e-002
2.233683e+003,2.014411e-002
2.234165e+003,2.022805e-002
2.234647e+003,2.029343e-002
2.235129e+003,2.032087e-002
2.235612e+003,2.030052e-002
2.236094e+003,2.024188e-002
2.236576e+003,2.016513e-002
2.237058e+003,2.009857e-002
2.237540e+003,2.006082e-002
2.238022e+003,2.005795e-002
2.238504e+003,2.008211e-002
2.238986e+003,2.012301e-002
2.239469e+003,2.016977e-002
2.239951e+003,2.022178e-002
2.240433e+003,2.027926e-002
2.240915e+003,2.034868e-002
2.241397e+003,2.042593e-002
2.241879e+003,2.050050e-002
2.242361e+003,2.055385e-002
2.242844e+003,2.057519e-002
2.243326e+003,2.056034e-002
2.243808e+003,2.052064e-002
2.244290e+003,2.047333e-002
2.244772e+003,2.044029e-002
2.245254e+003,2.043206e-002
2.245736e+003,2.044762e-002
2.246218e+003,2.047253e-002
2.246700e+003,2.049266e-002
2.247183e+003,2.049683e-002
2.247665e+003,2.048624e-002
2.248147e+003,2.046683e-002
2.248629e+003,2.045061e-002
2.249111e+003,2.044152e-002
2.249593e+003,2.043418e-002
2.250075e+003,2.041283e-002
2.250557e+003,2.036557e-002
2.251040e+003,2.028457e-002
2.251522e+003,2.017719e-002
2.252004e+003,2.006139e-002
2.252486e+003,1.996459e-002
2.252968e+003,1.990807e-002
2.253450e+003,1.990593e-002
2.253932e+003,1.995737e-002
2.254415e+003,2.005595e-002
2.254896e+003,2.018828e-002
2.255379e+003,2.034343e-002
2.255861e+003,2.050675e-002
2.256343e+003,2.066941e-002
2.256825e+003,2.081757e-002
2.257307e+003,2.093616e-002
2.257789e+003,2.101042e-002
2.258271e+003,2.103562e-002
2.258754e+003,2.101396e-002
2.259236e+003,2.096048e-002
2.259718e+003,2.089519e-002
2.260200e+003,2.083998e-002
2.260682e+003,2.080755e-002
2.261164e+003,2.079989e-002
2.261646e+003,2.080846e-002
2.262128e+003,2.082324e-002
2.262611e+003,2.083418e-002
2.263093e+003,2.083947e-002
2.263575e+003,2.084298e-002
2.264057e+003,2.085493e-002
2.264539e+003,2.088206e-002
2.265021e+003,2.092690e-002
2.265503e+003,2.098557e-002
2.265985e+003,2.105424e-002
2.266468e+003,2.112746e-002
2.266950e+003,2.120502e-002
2.267432e+003,2.128637e-002
2.267914e+003,2.137437e-002
2.268396e+003,2.146725e-002
2.268878e+003,2.156018e-002
2.269360e+003,2.164461e-002
2.269843e+003,2.171464e-002
2.270324e+003,2.176616e-002
2.270807e+003,2.180109e-002
2.271289e+003,2.182211e-002
2.271771e+003,2.183559e-002
2.272253e+003,2.184300e-002
2.272735e+003,2.184393e-002
2.273217e+003,2.183625e-002
2.273699e+003,2.182185e-002
2.274182e+003,2.180499e-002
2.274664e+003,2.179405e-002
2.275146e+003,2.179604e-002
2.275628e+003,2.181762e-002
2.276110e+003,2.185702e-002
2.276592e+003,2.190738e-002
2.277074e+003,2.195900e-002
2.277556e+003,2.200585e-002
2.278039e+003,2.204679e-002
2.278521e+003,2.208774e-002
2.279003e+003,2.213666e-002
2.279485e+003,2.220344e-002
2.279967e+003,2.229150e-002
2.280449e+003,2.239800e-002
2.280931e+003,2.251530e-002
2.281413e+003,2.263591e-002
2.281896e+003,2.275340e-002
2.282378e+003,2.286500e-002
2.282860e+003,2.296884e-002
2.283342e+003,2.306397e-002
2.283824e+003,2.314568e-002
2.284306e+003,2.320914e-002
2.284788e+003,2.324720e-002
2.285271e+003,2.325986e-002
2.285752e+003,2.325004e-002
2.286235e+003,2.322788e-002
2.286717e+003,2.320261e-002
2.287199e+003,2.318337e-002
2.287681e+003,2.317228e-002
2.288163e+003,2.316428e-002
2.288645e+003,2.315053e-002
2.289127e+003,2.312334e-002
2.289610e+003,2.307860e-002
2.290092e+003,2.301815e-002
2.290574e+003,2.294781e-002
2.291056e+003,2.287659e-002
2.291538e+003,2.280954e-002
2.292020e+003,2.274953e-002
2.292502e+003,2.269495e-002
2.292984e+003,2.264515e-002
2.293467e+003,2.259900e-002
2.293949e+003,2.255881e-002
2.294431e+003,2.252599e-002
2.294913e+003,2.250273e-002
2.295395e+003,2.248622e-002
2.295877e+003,2.247203e-002
2.296359e+003,2.245426e-002
2.296841e+003,2.243025e-002
2.297323e+003,2.240164e-002
2.297806e+003,2.237465e-002
2.298288e+003,2.235731e-002
2.298770e+003,2.235608e-002
2.299252e+003,2.237175e-002
2.299734e+003,2.239912e-002
2.300216e+003,2.242767e-002
2.300698e+003,2.244874e-002
2.301180e+003,2.245571e-002
2.301663e+003,2.244926e-002
2.302145e+003,2.243290e-002
2.302627e+003,2.241466e-002
2.303109e+003,2.239937e-002
2.303591e+003,2.238954e-002
2.304073e+003,2.238377e-002
2.304555e+003,2.238095e-002
2.305038e+003,2.238088e-002
2.305520e+003,2.238665e-002
2.306002e+003,2.240273e-002
2.306484e+003,2.243399e-002
2.306966e+003,2.248066e-002
2.307448e+003,2.253900e-002
2.307930e+003,2.260041e-002
2.308412e+003,2.265677e-002
2.308895e+003,2.270102e-002
2.309377e+003,2.273182e-002
2.309859e+003,2.275066e-002
2.310341e+003,2.276347e-002
2.310823e+003,2.277488e-002
2.311305e+003,2.278833e-002
2.311787e+003,2.280436e-002
2.312269e+003,2.282472e-002
2.312751e+003,2.284986e-002
2.313234e+003,2.288348e-002
2.313716e+003,2.292738e-002
2.314198e+003,2.298464e-002
2.314680e+003,2.305292e-002
2.315162e+003,2.312828e-002
2.315644e+003,2.320432e-002
2.316126e+003,2.327747e-002
2.316608e+003,2.334587e-002
2.317091e+003,2.341430e-002
2.317573e+003,2.348661e-002
2.318055e+003,2.357004e-002
2.318537e+003,2.366861e-002
2.319019e+003,2.378430e-002
2.319501e+003,2.391846e-002
2.319983e+003,2.407577e-002
2.320466e+003,2.426127e-002
2.320948e+003,2.448084e-002
2.321430e+003,2.473310e-002
2.321912e+003,2.500461e-002
2.322394e+003,2.526494e-002
2.322876e+003,2.547185e-002
2.323358e+003,2.557867e-002
2.323840e+003,2.555025e-002
2.324323e+003,2.537208e-002
2.324805e+003,2.505582e-002
2.325287e+003,2.463571e-002
2.325769e+003,2.416050e-002
2.326251e+003,2.368163e-002
2.326733e+003,2.324356e-002
2.327215e+003,2.287547e-002
2.327697e+003,2.259182e-002
2.328179e+003,2.239016e-002
2.328662e+003,2.225817e-002
2.329144e+003,2.217679e-002
2.329626e+003,2.212836e-002
2.330108e+003,2.209711e-002
2.330590e+003,2.207193e-002
2.331072e+003,2.204650e-002
2.331554e+003,2.201987e-002
2.332036e+003,2.199363e-002
2.332519e+003,2.197235e-002
2.333001e+003,2.195959e-002
2.333483e+003,2.195939e-002
2.333965e+003,2.197175e-002
2.334447e+003,2.199439e-002
2.334929e+003,2.202328e-002
2.335411e+003,2.205480e-002
2.335894e+003,2.208601e-002
2.336375e+003,2.211731e-002
2.336858e+003,2.214814e-002
2.337340e+003,2.218018e-002
2.337822e+003,2.221081e-002
2.338304e+003,2.223661e-002
2.338786e+003,2.225149e-002
2.339268e+003,2.225362e-002
2.339750e+003,2.224308e-002
2.340233e+003,2.222658e-002
2.340715e+003,2.221118e-002
2.341197e+003,2.220616e-002
2.341679e+003,2.221517e-002
2.342161e+003,2.223735e-002
2.342643e+003,2.226533e-002
2.343125e+003,2.229269e-002
2.343607e+003,2.231228e-002
2.344090e+003,2.232259e-002
2.344572e+003,2.232456e-002
2.345054e+003,2.232272e-002
2.345536e+003,2.232040e-002
2.346018e+003,2.231903e-002
2.346500e+003,2.231726e-002
2.346982e+003,2.231373e-002
2.347464e+003,2.230726e-002
2.347947e+003,2.229817e-002
2.348429e+003,2.228660e-002
2.348911e+003,2.227368e-002
2.349393e+003,2.225908e-002
2.349875e+003,2.224025e-002
2.350357e+003,2.221449e-002
2.350839e+003,2.218036e-002
2.351322e+003,2.213721e-002
2.351803e+003,2.208896e-002
2.352286e+003,2.204052e-002
2.352768e+003,2.199828e-002
2.353250e+003,2.196511e-002
2.353732e+003,2.194013e-002
2.354214e+003,2.191609e-002
2.354696e+003,2.188734e-002
2.355178e+003,2.185005e-002
2.355661e+003,2.180628e-002
2.356143e+003,2.176002e-002
2.356625e+003,2.171925e-002
2.357107e+003,2.168715e-002
2.357589e+003,2.166143e-002
2.358071e+003,2.163362e-002
2.358553e+003,2.159566e-002
2.359035e+003,2.154029e-002
2.359518e+003,2.146780e-002
2.360000e+003,2.138204e-002
2.360482e+003,2.129154e-002
2.360964e+003,2.120172e-002
2.361446e+003,2.111452e-002
2.361928e+003,2.102672e-002
2.362410e+003,2.093674e-002
2.362892e+003,2.084313e-002
2.363375e+003,2.075069e-002
2.363857e+003,2.066414e-002
2.364339e+003,2.059250e-002
2.364821e+003,2.053842e-002
2.365303e+003,2.050207e-002
2.365785e+003,2.047834e-002
2.366267e+003,2.046404e-002
2.366750e+003,2.045765e-002
2.367232e+003,2.046189e-002
2.367714e+003,2.048047e-002
2.368196e+003,2.051714e-002
2.368678e+003,2.057127e-002
2.369160e+003,2.063697e-002
2.369642e+003,2.070550e-002
2.370124e+003,2.076973e-002
2.370606e+003,2.082404e-002
2.371089e+003,2.086892e-002
2.371571e+003,2.090605e-002
2.372053e+003,2.094030e-002
2.372535e+003,2.097320e-002
2.373017e+003,2.100394e-002
2.373499e+003,2.102955e-002
2.373981e+003,2.104900e-002
2.374463e+003,2.106179e-002
2.374946e+003,2.107257e-002
2.375428e+003,2.108544e-002
2.375910e+003,2.110587e-002
2.376392e+003,2.113443e-002
2.376874e+003,2.116974e-002
2.377356e+003,2.120596e-002
2.377838e+003,2.123905e-002
2.378321e+003,2.126596e-002
2.378802e+003,2.128749e-002
2.379285e+003,2.130629e-002
2.379767e+003,2.132856e-002
2.380249e+003,2.135615e-002
2.380731e+003,2.139107e-002
2.381213e+003,2.143068e-002
2.381695e+003,2.147168e-002
2.382177e+003,2.151020e-002
2.382660e+003,2.154317e-002
2.383142e+003,2.156889e-002
2.383624e+003,2.158737e-002
2.384106e+003,2.159859e-002
2.384588e+003,2.160280e-002
2.385070e+003,2.160007e-002
2.385552e+003,2.159192e-002
2.386034e+003,2.158055e-002
2.386517e+003,2.157029e-002
2.386999e+003,2.156464e-002
2.387481e+003,2.156762e-002
2.387963e+003,2.158005e-002
2.388445e+003,2.159984e-002
2.388927e+003,2.162223e-002
2.389409e+003,2.164227e-002
2.389891e+003,2.165497e-002
2.390374e+003,2.165788e-002
2.390856e+003,2.165068e-002
2.391338e+003,2.163588e-002
2.391820e+003,2.161717e-002
2.392302e+003,2.159879e-002
2.392784e+003,2.158347e-002
2.393266e+003,2.157576e-002
2.393749e+003,2.157832e-002
2.394230e+003,2.159360e-002
2.394713e+003,2.162112e-002
2.395195e+003,2.166008e-002
2.395677e+003,2.170569e-002
2.396159e+003,2.175286e-002
2.396641e+003,2.179527e-002
2.397123e+003,2.183056e-002
2.397605e+003,2.185799e-002
2.398088e+003,2.188040e-002
2.398570e+003,2.190143e-002
2.399052e+003,2.192499e-002
2.399534e+003,2.195100e-002
2.400016e+003,2.197766e-002
2.400498e+003,2.200117e-002
2.400980e+003,2.201770e-002
2.401462e+003,2.202626e-002
2.401945e+003,2.202841e-002
2.402427e+003,2.202665e-002
2.402909e+003,2.202553e-002
2.403391e+003,2.202760e-002
2.403873e+003,2.203340e-002
2.404355e+003,2.204254e-002
2.404837e+003,2.205591e-002
2.405319e+003,2.207555e-002
2.405802e+003,2.210652e-002
2.406284e+003,2.215224e-002
2.406766e+003,2.221541e-002
2.407248e+003,2.229335e-002
2.407730e+003,2.237875e-002
2.408212e+003,2.246108e-002
2.408694e+003,2.253131e-002
2.409177e+003,2.258255e-002
2.409658e+003,2.261497e-002
2.410141e+003,2.263198e-002
2.410623e+003,2.264165e-002
2.411105e+003,2.264937e-002
2.411587e+003,2.265887e-002
2.412069e+003,2.266961e-002
2.412551e+003,2.267945e-002
2.413033e+003,2.268545e-002
2.413516e+003,2.268688e-002
2.413998e+003,2.268430e-002
2.414480e+003,2.268082e-002
2.414962e+003,2.267807e-002
2.415444e+003,2.267786e-002
2.415926e+003,2.267879e-002
2.416408e+003,2.268151e-002
2.416890e+003,2.268661e-002
2.417373e+003,2.269555e-002
2.417855e+003,2.271105e-002
2.418337e+003,2.273581e-002
2.418819e+003,2.276966e-002
2.419301e+003,2.281008e-002
2.419783e+003,2.285125e-002
2.420265e+003,2.288875e-002
2.420747e+003,2.291880e-002
2.421229e+003,2.294149e-002
2.421712e+003,2.295844e-002
2.422194e+003,2.297458e-002
2.422676e+003,2.299326e-002
2.423158e+003,2.301630e-002
2.423640e+003,2.304313e-002
2.424122e+003,2.307291e-002
2.424604e+003,2.310436e-002
2.425086e+003,2.313844e-002
2.425569e+003,2.317458e-002
2.426051e+003,2.321444e-002
2.426533e+003,2.325629e-002
2.427015e+003,2.329667e-002
2.427497e+003,2.333033e-002
2.427979e+003,2.335388e-002
2.428461e+003,2.336493e-002
2.428944e+003,2.336562e-002
2.429426e+003,2.335981e-002
2.429908e+003,2.335325e-002
2.430390e+003,2.335097e-002
2.430872e+003,2.335576e-002
2.431354e+003,2.336723e-002
2.431836e+003,2.338505e-002
2.432318e+003,2.340839e-002
2.432801e+003,2.343718e-002
2.433283e+003,2.347018e-002
2.433765e+003,2.350715e-002
2.434247e+003,2.354496e-002
2.434729e+003,2.357907e-002
2.435211e+003,2.360297e-002
2.435693e+003,2.361490e-002
2.436175e+003,2.361437e-002
2.436657e+003,2.360749e-002
2.437140e+003,2.359994e-002
2.437622e+003,2.360122e-002
2.438104e+003,2.361581e-002
2.438586e+003,2.364543e-002
2.439068e+003,2.368530e-002
2.439550e+003,2.373198e-002
2.440032e+003,2.377900e-002
2.440514e+003,2.382422e-002
2.440997e+003,2.386558e-002
2.441479e+003,2.390455e-002
2.441961e+003,2.394121e-002
2.442443e+003,2.397515e-002
2.442925e+003,2.400415e-002
2.443407e+003,2.402785e-002
2.443889e+003,2.404526e-002
2.444372e+003,2.405895e-002
2.444854e+003,2.407124e-002
2.445336e+003,2.408560e-002
2.445818e+003,2.410337e-002
2.446300e+003,2.412396e-002
2.446782e+003,2.414513e-002
2.447264e+003,2.416623e-002
2.447746e+003,2.418725e-002
2.448229e+003,2.421185e-002
2.448711e+003,2.424384e-002
2.449193e+003,2.428714e-002
2.449675e+003,2.434191e-002
2.450157e+003,2.440560e-002
2.450639e+003,2.447114e-002
2.451121e+003,2.453379e-002
2.451604e+003,2.458783e-002
2.452085e+003,2.463224e-002
2.452568e+003,2.466736e-002
2.453050e+003,2.469467e-002
2.453532e+003,2.471441e-002
2.454014e+003,2.472443e-002
2.454496e+003,2.472055e-002
2.454978e+003,2.470168e-002
2.455460e+003,2.466839e-002
2.455943e+003,2.462652e-002
2.456425e+003,2.458413e-002
2.456907e+003,2.455013e-002
2.457389e+003,2.452954e-002
2.457871e+003,2.452352e-002
2.458353e+003,2.452607e-002
2.458835e+003,2.453197e-002
2.459317e+003,2.453411e-002
2.459800e+003,2.453067e-002
2.460282e+003,2.452263e-002
2.460764e+003,2.451492e-002
2.461246e+003,2.451204e-002
2.461728e+003,2.451626e-002
2.462210e+003,2.452649e-002
2.462692e+003,2.454006e-002
2.463174e+003,2.455322e-002
2.463656e+003,2.456545e-002
2.464139e+003,2.457611e-002
2.464621e+003,2.458978e-002
2.465103e+003,2.460939e-002
2.465585e+003,2.463702e-002
2.466067e+003,2.467151e-002
2.466549e+003,2.471130e-002
2.467031e+003,2.475243e-002
2.467513e+003,2.479308e-002
2.467996e+003,2.483140e-002
2.468478e+003,2.486831e-002
2.468960e+003,2.490440e-002
2.469442e+003,2.494075e-002
2.469924e+003,2.497645e-002
2.470406e+003,2.501274e-002
2.470888e+003,2.504905e-002
2.471371e+003,2.508738e-002
2.471853e+003,2.512749e-002
2.472335e+003,2.517079e-002
2.472817e+003,2.521622e-002
2.473299e+003,2.526191e-002
2.473781e+003,2.530409e-002
2.474263e+003,2.534226e-002
2.474745e+003,2.537625e-002
2.475228e+003,2.540908e-002
2.475710e+003,2.544325e-002
2.476192e+003,2.548207e-002
2.476674e+003,2.552459e-002
2.477156e+003,2.556797e-002
2.477638e+003,2.560532e-002
2.478120e+003,2.563249e-002
2.478602e+003,2.564733e-002
2.479084e+003,2.565214e-002
2.479567e+003,2.565208e-002
2.480049e+003,2.565421e-002
2.480531e+003,2.566273e-002
2.481013e+003,2.567825e-002
2.481495e+003,2.569544e-002
2.481977e+003,2.570920e-002
2.482459e+003,2.571428e-002
2.482941e+003,2.570949e-002
2.483424e+003,2.569704e-002
2.483906e+003,2.568391e-002
2.484388e+003,2.567633e-002
2.484870e+003,2.567887e-002
2.485352e+003,2.569178e-002
2.485834e+003,2.571397e-002
2.486316e+003,2.574199e-002
2.486799e+003,2.577323e-002
2.487281e+003,2.580599e-002
2.487763e+003,2.584139e-002
2.488245e+003,2.587916e-002
2.488727e+003,2.591863e-002
2.489209e+003,2.595685e-002
2.489691e+003,2.599070e-002
2.490173e+003,2.601694e-002
2.490656e+003,2.603508e-002
2.491138e+003,2.604689e-002
2.491620e+003,2.605667e-002
2.492102e+003,2.606907e-002
2.492584e+003,2.608782e-002
2.493066e+003,2.611325e-002
2.493548e+003,2.614565e-002
2.494030e+003,2.618253e-002
2.494512e+003,2.622256e-002
2.494995e+003,2.626295e-002
2.495477e+003,2.630403e-002
2.495959e+003,2.634496e-002
2.496441e+003,2.638471e-002
2.496923e+003,2.642091e-002
2.497405e+003,2.645290e-002
2.497887e+003,2.647980e-002
2.498370e+003,2.650221e-002
2.498852e+003,2.652124e-002
2.499334e+003,2.653951e-002
2.499816e+003,2.655753e-002
2.500298e+003,2.657547e-002
2.500780e+003,2.659037e-002
2.501262e+003,2.660186e-002
2.501744e+003,2.660775e-002
2.502227e+003,2.660974e-002
2.502709e+003,2.660908e-002
2.503191e+003,2.661013e-002
2.503673e+003,2.661457e-002
2.504155e+003,2.662344e-002
2.504637e+003,2.663520e-002
2.505119e+003,2.664824e-002
2.505601e+003,2.666026e-002
2.506083e+003,2.667186e-002
2.506566e+003,2.668337e-002
2.507048e+003,2.669693e-002
2.507530e+003,2.671356e-002
2.508012e+003,2.673266e-002
2.508494e+003,2.675169e-002
2.508976e+003,2.676705e-002
2.509458e+003,2.677621e-002
2.509940e+003,2.677811e-002
2.510423e+003,2.677336e-002
2.510905e+003,2.676691e-002
2.511387e+003,2.676241e-002
2.511869e+003,2.676482e-002
2.512351e+003,2.677619e-002
2.512833e+003,2.679864e-002
2.513315e+003,2.683152e-002
2.513798e+003,2.687440e-002
2.514280e+003,2.692379e-002
2.514762e+003,2.697840e-002
2.515244e+003,2.703474e-002
2.515726e+003,2.708940e-002
2.516208e+003,2.713844e-002
2.516690e+003,2.718056e-002
2.517172e+003,2.721425e-002
2.517655e+003,2.723989e-002
2.518137e+003,2.725828e-002
2.518619e+003,2.727223e-002
2.519101e+003,2.728310e-002
2.519583e+003,2.729415e-002
2.520065e+003,2.730690e-002
2.520547e+003,2.732608e-002
2.521029e+003,2.735443e-002
2.521511e+003,2.739393e-002
2.521994e+003,2.744475e-002
2.522476e+003,2.750381e-002
2.522958e+003,2.756523e-002
2.523440e+003,2.762245e-002
2.523922e+003,2.766915e-002
2.524404e+003,2.770455e-002
2.524886e+003,2.773129e-002
2.525368e+003,2.775607e-002
2.525851e+003,2.778549e-002
2.526333e+003,2.782564e-002
2.526815e+003,2.787664e-002
2.527297e+003,2.793445e-002
2.527779e+003,2.799064e-002
2.528261e+003,2.803834e-002
2.528743e+003,2.807240e-002
2.529226e+003,2.809202e-002
2.529708e+003,2.809978e-002
2.530190e+003,2.810161e-002
2.530672e+003,2.810172e-002
2.531154e+003,2.810415e-002
2.531636e+003,2.810881e-002
2.532118e+003,2.811769e-002
2.532600e+003,2.813071e-002
2.533083e+003,2.814967e-002
2.533565e+003,2.817544e-002
2.534047e+003,2.820846e-002
2.534529e+003,2.824630e-002
2.535011e+003,2.828520e-002
2.535493e+003,2.831894e-002
2.535975e+003,2.834562e-002
2.536457e+003,2.836394e-002
2.536939e+003,2.837865e-002
2.537422e+003,2.839465e-002
2.537904e+003,2.841869e-002
2.538386e+003,2.845291e-002
2.538868e+003,2.849673e-002
2.539350e+003,2.854514e-002
2.539832e+003,2.859417e-002
2.540314e+003,2.864046e-002
2.540796e+003,2.868443e-002
2.541279e+003,2.872772e-002
2.541761e+003,2.877459e-002
2.542243e+003,2.882587e-002
2.542725e+003,2.888046e-002
2.543207e+003,2.893325e-002
2.543689e+003,2.898009e-002
2.544171e+003,2.901777e-002
2.544654e+003,2.904742e-002
2.545135e+003,2.907128e-002
2.545618e+003,2.909454e-002
2.546100e+003,2.912040e-002
2.546582e+003,2.914957e-002
2.547064e+003,2.917848e-002
2.547546e+003,2.920506e-002
2.548028e+003,2.922775e-002
2.548510e+003,2.924785e-002
2.548993e+003,2.926952e-002
2.549475e+003,2.929951e-002
2.549957e+003,2.934209e-002
2.550439e+003,2.939711e-002
2.550921e+003,2.945952e-002
2.551403e+003,2.952343e-002
2.551885e+003,2.958111e-002
2.552367e+003,2.962865e-002
2.552850e+003,2.966562e-002
2.553332e+003,2.969572e-002
2.553814e+003,2.972384e-002
2.554296e+003,2.975466e-002
2.554778e+003,2.978914e-002
2.555260e+003,2.982704e-002
2.555742e+003,2.986502e-002
2.556224e+003,2.990111e-002
2.556707e+003,2.993120e-002
2.557189e+003,2.995539e-002
2.557671e+003,2.997332e-002
2.558153e+003,2.998602e-002
2.558635e+003,2.999349e-002
2.559117e+003,2.999871e-002
2.559599e+003,3.000480e-002
2.560082e+003,3.001655e-002
2.560563e+003,3.003763e-002
2.561046e+003,3.007197e-002
2.561528e+003,3.011923e-002
2.562010e+003,3.017662e-002
2.562492e+003,3.023796e-002
2.562974e+003,3.029749e-002
2.563456e+003,3.035189e-002
2.563938e+003,3.040029e-002
2.564421e+003,3.044530e-002
2.564903e+003,3.049191e-002
2.565385e+003,3.054324e-002
2.565867e+003,3.060106e-002
2.566349e+003,3.066188e-002
2.566831e+003,3.072253e-002
2.567313e+003,3.077745e-002
2.567795e+003,3.082373e-002
2.568278e+003,3.086004e-002
2.568760e+003,3.088815e-002
2.569242e+003,3.091040e-002
2.569724e+003,3.093029e-002
2.570206e+003,3.094915e-002
2.570688e+003,3.096975e-002
2.571170e+003,3.099431e-002
2.571652e+003,3.102578e-002
2.572135e+003,3.106604e-002
2.572617e+003,3.111788e-002
2.573099e+003,3.117972e-002
2.573581e+003,3.124792e-002
2.574063e+003,3.131657e-002
2.574545e+003,3.138025e-002
2.575027e+003,3.143562e-002
2.575510e+003,3.148258e-002
2.575991e+003,3.152359e-002
2.576474e+003,3.156461e-002
2.576956e+003,3.160943e-002
2.577438e+003,3.166024e-002
2.577920e+003,3.171597e-002
2.578402e+003,3.177421e-002
2.578884e+003,3.183210e-002
2.579366e+003,3.188905e-002
2.579849e+003,3.194567e-002
2.580331e+003,3.200513e-002
2.580813e+003,3.206909e-002
2.581295e+003,3.213749e-002
2.581777e+003,3.220731e-002
2.582259e+003,3.227330e-002
2.582741e+003,3.233111e-002
2.583223e+003,3.237732e-002
2.583706e+003,3.241174e-002
2.584188e+003,3.243726e-002
2.584670e+003,3.245733e-002
2.585152e+003,3.247572e-002
2.585634e+003,3.249324e-002
2.586116e+003,3.251095e-002
2.586598e+003,3.252909e-002
2.587080e+003,3.254866e-002
2.587563e+003,3.257167e-002
2.588045e+003,3.260166e-002
2.588527e+003,3.264173e-002
2.589009e+003,3.269232e-002
2.589491e+003,3.275114e-002
2.589973e+003,3.281547e-002
2.590455e+003,3.288008e-002
2.590938e+003,3.294215e-002
2.591419e+003,3.300045e-002
2.591902e+003,3.305709e-002
2.592384e+003,3.311525e-002
2.592866e+003,3.317768e-002
2.593348e+003,3.324554e-002
2.593830e+003,3.331899e-002
2.594312e+003,3.339575e-002
2.594794e+003,3.347343e-002
2.595277e+003,3.354963e-002
2.595759e+003,3.362286e-002
2.596241e+003,3.369167e-002
2.596723e+003,3.375467e-002
2.597205e+003,3.380909e-002
2.597687e+003,3.385377e-002
2.598169e+003,3.388693e-002
2.598651e+003,3.390963e-002
2.599134e+003,3.392391e-002
2.599616e+003,3.393402e-002
2.600098e+003,3.394546e-002
2.600580e+003,3.396188e-002
2.601062e+003,3.398558e-002
2.601544e+003,3.401933e-002
2.602026e+003,3.406215e-002
2.602508e+003,3.411468e-002
2.602990e+003,3.417611e-002
2.603473e+003,3.424646e-002
2.603955e+003,3.432457e-002
2.604437e+003,3.440868e-002
2.604919e+003,3.449513e-002
2.605401e+003,3.458134e-002
2.605883e+003,3.466431e-002
2.606365e+003,3.474348e-002
2.606847e+003,3.481956e-002
2.607330e+003,3.489407e-002
2.607812e+003,3.496913e-002
2.608294e+003,3.504557e-002
2.608776e+003,3.512097e-002
2.609258e+003,3.519354e-002
2.609740e+003,3.525972e-002
2.610222e+003,3.531816e-002
2.610705e+003,3.536868e-002
2.611187e+003,3.541485e-002
2.611669e+003,3.546103e-002
2.612151e+003,3.551196e-002
2.612633e+003,3.557049e-002
2.613115e+003,3.563862e-002
2.613597e+003,3.571606e-002
2.614079e+003,3.580086e-002
2.614562e+003,3.589133e-002
2.615044e+003,3.598568e-002
2.615526e+003,3.608213e-002
2.616008e+003,3.617880e-002
2.616490e+003,3.627398e-002
2.616972e+003,3.636590e-002
2.617454e+003,3.645257e-002
2.617936e+003,3.653336e-002
2.618418e+003,3.660817e-002
2.618901e+003,3.667872e-002
2.619383e+003,3.674724e-002
2.619865e+003,3.681622e-002
2.620347e+003,3.688694e-002
2.620829e+003,3.696154e-002
2.621311e+003,3.703985e-002
2.621793e+003,3.712196e-002
2.622276e+003,3.720698e-002
2.622758e+003,3.729517e-002
2.623240e+003,3.738510e-002
2.623722e+003,3.747570e-002
2.624204e+003,3.756464e-002
2.624686e+003,3.765171e-002
2.625168e+003,3.773621e-002
2.625650e+003,3.781851e-002
2.626133e+003,3.790065e-002
2.626615e+003,3.798625e-002
2.627097e+003,3.807809e-002
2.627579e+003,3.817797e-002
2.628061e+003,3.828592e-002
2.628543e+003,3.840103e-002
2.629025e+003,3.851980e-002
2.629507e+003,3.863870e-002
2.629990e+003,3.875458e-002
2.630472e+003,3.886511e-002
2.630954e+003,3.896874e-002
2.631436e+003,3.906511e-002
2.631918e+003,3.915412e-002
2.632400e+003,3.923602e-002
2.632882e+003,3.931075e-002
2.633364e+003,3.937909e-002
2.633846e+003,3.944139e-002
2.634329e+003,3.949957e-002
2.634811e+003,3.955533e-002
2.635293e+003,3.961030e-002
2.635775e+003,3.966618e-002
2.636257e+003,3.972471e-002
2.636739e+003,3.978616e-002
2.637221e+003,3.985025e-002
2.637704e+003,3.991546e-002
2.638186e+003,3.998005e-002
2.638668e+003,4.004176e-002
2.639150e+003,4.009825e-002
2.639632e+003,4.014779e-002
2.640114e+003,4.019019e-002
2.640596e+003,4.022625e-002
2.641078e+003,4.025842e-002
2.641561e+003,4.028862e-002
2.642043e+003,4.032109e-002
2.642525e+003,4.035747e-002
2.643007e+003,4.039912e-002
2.643489e+003,4.044559e-002
2.643971e+003,4.049735e-002
2.644453e+003,4.055320e-002
2.644935e+003,4.061406e-002
2.645417e+003,4.067905e-002
2.645900e+003,4.074904e-002
2.646382e+003,4.082425e-002
2.646864e+003,4.090447e-002
2.647346e+003,4.098754e-002
2.647828e+003,4.107239e-002
2.648310e+003,4.115562e-002
2.648792e+003,4.123607e-002
2.649274e+003,4.131136e-002
2.649757e+003,4.138048e-002
2.650239e+003,4.144327e-002
2.650721e+003,4.149916e-002
2.651203e+003,4.154933e-002
2.651685e+003,4.159524e-002
2.652167e+003,4.163852e-002
2.652649e+003,4.168263e-002
2.653132e+003,4.172894e-002
2.653614e+003,4.178020e-002
2.654096e+003,4.183630e-002
2.654578e+003,4.189698e-002
2.655060e+003,4.195970e-002
2.655542e+003,4.202289e-002
2.656024e+003,4.208373e-002
2.656506e+003,4.214094e-002
2.656989e+003,4.219370e-002
2.657471e+003,4.224200e-002
2.657953e+003,4.228602e-002
2.658435e+003,4.232549e-002
2.658917e+003,4.235958e-002
2.659399e+003,4.238864e-002
2.659881e+003,4.241124e-002
2.660363e+003,4.242788e-002
2.660845e+003,4.243904e-002
2.661328e+003,4.244509e-002
2.661810e+003,4.244692e-002
2.662292e+003,4.244464e-002
2.662774e+003,4.243841e-002
2.663256e+003,4.242906e-002
2.663738e+003,4.241633e-002
2.664220e+003,4.240239e-002
2.664702e+003,4.238882e-002
2.665185e+003,4.237781e-002
2.665667e+003,4.237072e-002
2.666149e+003,4.236840e-002
2.666631e+003,4.236928e-002
2.667113e+003,4.237245e-002
2.667595e+003,4.237635e-002
2.668077e+003,4.238052e-002
2.668560e+003,4.238506e-002
2.669042e+003,4.239125e-002
2.669524e+003,4.240092e-002
2.670006e+003,4.241538e-002
2.670488e+003,4.243524e-002
2.670970e+003,4.246053e-002
2.671452e+003,4.248986e-002
2.671934e+003,4.252223e-002
2.672417e+003,4.255599e-002
2.672899e+003,4.259077e-002
2.673381e+003,4.262611e-002
2.673863e+003,4.266211e-002
2.674345e+003,4.269950e-002
2.674827e+003,4.273855e-002
2.675309e+003,4.277981e-002
2.675791e+003,4.282267e-002
2.676273e+003,4.286700e-002
2.676756e+003,4.291125e-002
2.677238e+003,4.295313e-002
2.677720e+003,4.299097e-002
2.678202e+003,4.302228e-002
2.678684e+003,4.304652e-002
2.679166e+003,4.306347e-002
2.679648e+003,4.307528e-002
2.680130e+003,4.308404e-002
2.680613e+003,4.309216e-002
2.681095e+003,4.310139e-002
2.681577e+003,4.311218e-002
2.682059e+003,4.312390e-002
2.682541e+003,4.313654e-002
2.683023e+003,4.314991e-002
2.683505e+003,4.316423e-002
2.683988e+003,4.318130e-002
2.684469e+003,4.320272e-002
2.684952e+003,4.322876e-002
2.685434e+003,4.325896e-002
2.685916e+003,4.329120e-002
2.686398e+003,4.332363e-002
2.686880e+003,4.335331e-002
2.687362e+003,4.337957e-002
2.687844e+003,4.340242e-002
2.688327e+003,4.342380e-002
2.688809e+003,4.344573e-002
2.689291e+003,4.347007e-002
2.689773e+003,4.349720e-002
2.690255e+003,4.352720e-002
2.690737e+003,4.355934e-002
2.691219e+003,4.359306e-002
2.691701e+003,4.362799e-002
2.692184e+003,4.366377e-002
2.692666e+003,4.370049e-002
2.693148e+003,4.373750e-002
2.693630e+003,4.377377e-002
2.694112e+003,4.380838e-002
2.694594e+003,4.384116e-002
2.695076e+003,4.387292e-002
2.695558e+003,4.390507e-002
2.696041e+003,4.393963e-002
2.696523e+003,4.397847e-002
2.697005e+003,4.402252e-002
2.697487e+003,4.407058e-002
2.697969e+003,4.412106e-002
2.698451e+003,4.417137e-002
2.698933e+003,4.421993e-002
2.699416e+003,4.426639e-002
2.699897e+003,4.431136e-002
2.700380e+003,4.435653e-002
2.700862e+003,4.440302e-002
2.701344e+003,4.445082e-002
2.701826e+003,4.450032e-002
2.702308e+003,4.454965e-002
2.702790e+003,4.459741e-002
2.703272e+003,4.464323e-002
2.703755e+003,4.468721e-002
2.704237e+003,4.473120e-002
2.704719e+003,4.477669e-002
2.705201e+003,4.482574e-002
2.705683e+003,4.487983e-002
2.706165e+003,4.494000e-002
2.706647e+003,4.500606e-002
2.707129e+003,4.507754e-002
2.707612e+003,4.515334e-002
2.708094e+003,4.523207e-002
2.708576e+003,4.531137e-002
2.709058e+003,4.538865e-002
2.709540e+003,4.546243e-002
2.710022e+003,4.553128e-002
2.710504e+003,4.559483e-002
2.710986e+003,4.565449e-002
2.711469e+003,4.571163e-002
2.711951e+003,4.576806e-002
2.712433e+003,4.582487e-002
2.712915e+003,4.588275e-002
2.713397e+003,4.594175e-002
2.713879e+003,4.600227e-002
2.714361e+003,4.606384e-002
2.714844e+003,4.612693e-002
2.715325e+003,4.619127e-002
2.715808e+003,4.625627e-002
2.716290e+003,4.632101e-002
2.716772e+003,4.638251e-002
2.717254e+003,4.643963e-002
2.717736e+003,4.649105e-002
2.718218e+003,4.653798e-002
2.718700e+003,4.658259e-002
2.719183e+003,4.662835e-002
2.719665e+003,4.667889e-002
2.720147e+003,4.673677e-002
2.720629e+003,4.680123e-002
2.721111e+003,4.687125e-002
2.721593e+003,4.694336e-002
2.722075e+003,4.701540e-002
2.722557e+003,4.708558e-002
2.723040e+003,4.715411e-002
2.723522e+003,4.722190e-002
2.724004e+003,4.729104e-002
2.724486e+003,4.736189e-002
2.724968e+003,4.743493e-002
2.725450e+003,4.750950e-002
2.725932e+003,4.758466e-002
2.726414e+003,4.765930e-002
2.726896e+003,4.773413e-002
2.727379e+003,4.780946e-002
2.727861e+003,4.788605e-002
2.728343e+003,4.796342e-002
2.728825e+003,4.804138e-002
2.729307e+003,4.811805e-002
2.729789e+003,4.819174e-002
2.730271e+003,4.826103e-002
2.730753e+003,4.832609e-002
2.731236e+003,4.838769e-002
2.731718e+003,4.844761e-002
2.732200e+003,4.850671e-002
2.732682e+003,4.856678e-002
2.733164e+003,4.862874e-002
2.733646e+003,4.869252e-002
2.734128e+003,4.875785e-002
2.734611e+003,4.882459e-002
2.735093e+003,4.889175e-002
2.735575e+003,4.895930e-002
2.736057e+003,4.902565e-002
2.736539e+003,4.909033e-002
2.737021e+003,4.915171e-002
2.737503e+003,4.921058e-002
2.737985e+003,4.926623e-002
2.738468e+003,4.932030e-002
2.738950e+003,4.937327e-002
2.739432e+003,4.942567e-002
2.739914e+003,4.947762e-002
2.740396e+003,4.952797e-002
2.740878e+003,4.957683e-002
2.741360e+003,4.962324e-002
2.741842e+003,4.966814e-002
2.742324e+003,4.971202e-002
2.742807e+003,4.975630e-002
2.743289e+003,4.980182e-002
2.743771e+003,4.984850e-002
2.744253e+003,4.989574e-002
2.744735e+003,4.994301e-002
2.745217e+003,4.998907e-002
2.745699e+003,5.003370e-002
2.746182e+003,5.007760e-002
2.746664e+003,5.012169e-002
2.747146e+003,5.016704e-002
2.747628e+003,5.021336e-002
2.748110e+003,5.026044e-002
2.748592e+003,5.030630e-002
2.749074e+003,5.035028e-002
2.749556e+003,5.039208e-002
2.750039e+003,5.043248e-002
2.750521e+003,5.047487e-002
2.751003e+003,5.052205e-002
2.751485e+003,5.057664e-002
2.751967e+003,5.064011e-002
2.752449e+003,5.071189e-002
2.752931e+003,5.078948e-002
2.753413e+003,5.086966e-002
2.753896e+003,5.094913e-002
2.754378e+003,5.102596e-002
2.754860e+003,5.109986e-002
2.755342e+003,5.117159e-002
2.755824e+003,5.124411e-002
2.756306e+003,5.131999e-002
2.756788e+003,5.140163e-002
2.757270e+003,5.148987e-002
2.757752e+003,5.158339e-002
2.758235e+003,5.168038e-002
2.758717e+003,5.177722e-002
2.759199e+003,5.187057e-002
2.759681e+003,5.195908e-002
2.760163e+003,5.204093e-002
2.760645e+003,5.211823e-002
2.761127e+003,5.219298e-002
2.761610e+003,5.226756e-002
2.762092e+003,5.234466e-002
2.762574e+003,5.242456e-002
2.763056e+003,5.250629e-002
2.763538e+003,5.258855e-002
2.764020e+003,5.266910e-002
2.764502e+003,5.274691e-002
2.764984e+003,5.282226e-002
2.765467e+003,5.289581e-002
2.765949e+003,5.296989e-002
2.766431e+003,5.304694e-002
2.766913e+003,5.312767e-002
2.767395e+003,5.321408e-002
2.767877e+003,5.330541e-002
2.768359e+003,5.340196e-002
2.768841e+003,5.350372e-002
2.769323e+003,5.361108e-002
2.769806e+003,5.372434e-002
2.770288e+003,5.384427e-002
2.770770e+003,5.396916e-002
2.771252e+003,5.409879e-002
2.771734e+003,5.423126e-002
2.772216e+003,5.436609e-002
2.772698e+003,5.450204e-002
2.773180e+003,5.463891e-002
2.773663e+003,5.477632e-002
2.774145e+003,5.491406e-002
2.774627e+003,5.505025e-002
2.775109e+003,5.518398e-002
2.775591e+003,5.531430e-002
2.776073e+003,5.544074e-002
2.776555e+003,5.556393e-002
2.777038e+003,5.568700e-002
2.777520e+003,5.581271e-002
2.778002e+003,5.594493e-002
2.778484e+003,5.608484e-002
2.778966e+003,5.623367e-002
2.779448e+003,5.639010e-002
2.779930e+003,5.655277e-002
2.780412e+003,5.671976e-002
2.780895e+003,5.689011e-002
2.781377e+003,5.706305e-002
2.781859e+003,5.723985e-002
2.782341e+003,5.742077e-002
2.782823e+003,5.760681e-002
2.783305e+003,5.779884e-002
2.783787e+003,5.799725e-002
2.784269e+003,5.820244e-002
2.784751e+003,5.841469e-002
2.785234e+003,5.863237e-002
2.785716e+003,5.885619e-002
2.786198e+003,5.908310e-002
2.786680e+003,5.931207e-002
2.787162e+003,5.954019e-002
2.787644e+003,5.976667e-002
2.788126e+003,5.999036e-002
2.788608e+003,6.021280e-002
2.789091e+003,6.043573e-002
2.789573e+003,6.066122e-002
2.790055e+003,6.089050e-002
2.790537e+003,6.112409e-002
2.791019e+003,6.136148e-002
2.791501e+003,6.160123e-002
2.791983e+003,6.184179e-002
2.792466e+003,6.208179e-002
2.792948e+003,6.232143e-002
2.793430e+003,6.256128e-002
2.793912e+003,6.280281e-002
2.794394e+003,6.304818e-002
2.794876e+003,6.329963e-002
2.795358e+003,6.355862e-002
2.795840e+003,6.382605e-002
2.796323e+003,6.410250e-002
2.796805e+003,6.438703e-002
2.797287e+003,6.467826e-002
2.797769e+003,6.497316e-002
2.798251e+003,6.526982e-002
2.798733e+003,6.556534e-002
2.799215e+003,6.585938e-002
2.799697e+003,6.615162e-002
2.800179e+003,6.644430e-002
2.800662e+003,6.673981e-002
2.801144e+003,6.704009e-002
2.801626e+003,6.734760e-002
2.802108e+003,6.766244e-002
2.802590e+003,6.798522e-002
2.803072e+003,6.831606e-002
2.803554e+003,6.865465e-002
2.804036e+003,6.900190e-002
2.804519e+003,6.935938e-002
2.805001e+003,6.972791e-002
2.805483e+003,7.010829e-002
2.805965e+003,7.050032e-002
2.806447e+003,7.090227e-002
2.806929e+003,7.131317e-002
2.807411e+003,7.173043e-002
2.807894e+003,7.215302e-002
2.808375e+003,7.258070e-002
2.808858e+003,7.301362e-002
2.809340e+003,7.345227e-002
2.809822e+003,7.389823e-002
2.810304e+003,7.435233e-002
2.810786e+003,7.481632e-002
2.811268e+003,7.529154e-002
2.811750e+003,7.578029e-002
2.812233e+003,7.628416e-002
2.812715e+003,7.680546e-002
2.813197e+003,7.734413e-002
2.813679e+003,7.790128e-002
2.814161e+003,7.847658e-002
2.814643e+003,7.906982e-002
2.815125e+003,7.968117e-002
2.815607e+003,8.031124e-002
2.816090e+003,8.096207e-002
2.816572e+003,8.163522e-002
2.817054e+003,8.233188e-002
2.817536e+003,8.305354e-002
2.818018e+003,8.380157e-002
2.818500e+003,8.457740e-002
2.818982e+003,8.538250e-002
2.819464e+003,8.622046e-002
2.819947e+003,8.709486e-002
2.820429e+003,8.800924e-002
2.820911e+003,8.896569e-002
2.821393e+003,8.996674e-002
2.821875e+003,9.101354e-002
2.822357e+003,9.210761e-002
2.822839e+003,9.325026e-002
2.823322e+003,9.444604e-002
2.823803e+003,9.570023e-002
2.824286e+003,9.701958e-002
2.824768e+003,9.841175e-002
2.825250e+003,9.988445e-002
2.825732e+003,1.014443e-001
2.826214e+003,1.030990e-001
2.826696e+003,1.048554e-001
2.827178e+003,1.067216e-001
2.827661e+003,1.087065e-001
2.828143e+003,1.108200e-001
2.828625e+003,1.130717e-001
2.829107e+003,1.154732e-001
2.829589e+003,1.180362e-001
2.830071e+003,1.207751e-001
2.830553e+003,1.237070e-001
2.831035e+003,1.268535e-001
2.831518e+003,1.302403e-001
2.832000e+003,1.338955e-001
2.832482e+003,1.378494e-001
2.832964e+003,1.421329e-001
2.833446e+003,1.467773e-001
2.833928e+003,1.518145e-001
2.834410e+003,1.572783e-001
2.834892e+003,1.632075e-001
2.835375e+003,1.696448e-001
2.835857e+003,1.766403e-001
2.836339e+003,1.842476e-001
2.836821e+003,1.925271e-001
2.837303e+003,2.015430e-001
2.837785e+003,2.113653e-001
2.838267e+003,2.220690e-001
2.838750e+003,2.337343e-001
2.839231e+003,2.464435e-001
2.839714e+003,2.602743e-001
2.840196e+003,2.752932e-001
2.840678e+003,2.915470e-001
2.841160e+003,3.090544e-001
2.841642e+003,3.278013e-001
2.842124e+003,3.477330e-001
2.842606e+003,3.687477e-001
2.843089e+003,3.906798e-001
2.843571e+003,4.132775e-001
2.844053e+003,4.361717e-001
2.844535e+003,4.588485e-001
2.845017e+003,4.806314e-001
2.845499e+003,5.006897e-001
2.845981e+003,5.180829e-001
2.846463e+003,5.318419e-001
2.846946e+003,5.410817e-001
2.847428e+003,5.451257e-001
2.847910e+003,5.436125e-001
2.848392e+003,5.365685e-001
2.848874e+003,5.244130e-001
2.849356e+003,5.079086e-001
2.849838e+003,4.880516e-001
2.850320e+003,4.659369e-001
2.850802e+003,4.426265e-001
2.851285e+003,4.190420e-001
2.851767e+003,3.959035e-001
2.852249e+003,3.737130e-001
2.852731e+003,3.527724e-001
2.853213e+003,3.332261e-001
2.853695e+003,3.151043e-001
2.854177e+003,2.983701e-001
2.854659e+003,2.829478e-001
2.855142e+003,2.687447e-001
2.855624e+003,2.556645e-001
2.856106e+003,2.436140e-001
2.856588e+003,2.325086e-001
2.857070e+003,2.222739e-001
2.857552e+003,2.128468e-001
2.858034e+003,2.041754e-001
2.858517e+003,1.962145e-001
2.858999e+003,1.889228e-001
2.859481e+003,1.822585e-001
2.859963e+003,1.761812e-001
2.860445e+003,1.706511e-001
2.860927e+003,1.656308e-001
2.861409e+003,1.610887e-001
2.861891e+003,1.569967e-001
2.862374e+003,1.533306e-001
2.862856e+003,1.500670e-001
2.863338e+003,1.471820e-001
2.863820e+003,1.446519e-001
2.864302e+003,1.424515e-001
2.864784e+003,1.405589e-001
2.865266e+003,1.389535e-001
2.865748e+003,1.376181e-001
2.866230e+003,1.365360e-001
2.866713e+003,1.356899e-001
2.867195e+003,1.350580e-001
2.867677e+003,1.346180e-001
2.868159e+003,1.343452e-001
2.868641e+003,1.342171e-001
2.869123e+003,1.342153e-001
2.869605e+003,1.343288e-001
2.870088e+003,1.345511e-001
2.870570e+003,1.348818e-001
2.871052e+003,1.353212e-001
2.871534e+003,1.358711e-001
2.872016e+003,1.365335e-001
2.872498e+003,1.373111e-001
2.872980e+003,1.382080e-001
2.873462e+003,1.392312e-001
2.873945e+003,1.403897e-001
2.874427e+003,1.416921e-001
2.874909e+003,1.431447e-001
2.875391e+003,1.447514e-001
2.875873e+003,1.465111e-001
2.876355e+003,1.484200e-001
2.876837e+003,1.504717e-001
2.877319e+003,1.526599e-001
2.877802e+003,1.549779e-001
2.878284e+003,1.574195e-001
2.878766e+003,1.599772e-001
2.879248e+003,1.626441e-001
2.879730e+003,1.654118e-001
2.880212e+003,1.682730e-001
2.880694e+003,1.712214e-001
2.881176e+003,1.742535e-001
2.881658e+003,1.773665e-001
2.882141e+003,1.805590e-001
2.882623e+003,1.838280e-001
2.883105e+003,1.871702e-001
2.883587e+003,1.905808e-001
2.884069e+003,1.940553e-001
2.884551e+003,1.975897e-001
2.885033e+003,2.011825e-001
2.885516e+003,2.048315e-001
2.885998e+003,2.085337e-001
2.886480e+003,2.122832e-001
2.886962e+003,2.160716e-001
2.887444e+003,2.198869e-001
2.887926e+003,2.237179e-001
2.888408e+003,2.275558e-001
2.888890e+003,2.313956e-001
2.889373e+003,2.352360e-001
2.889855e+003,2.390764e-001
2.890337e+003,2.429151e-001
2.890819e+003,2.467473e-001
2.891301e+003,2.505646e-001
2.891783e+003,2.543580e-001
2.892265e+003,2.581190e-001
2.892747e+003,2.618444e-001
2.893229e+003,2.655350e-001
2.893712e+003,2.691968e-001
2.894194e+003,2.728364e-001
2.894676e+003,2.764631e-001
2.895158e+003,2.800845e-001
2.895640e+003,2.837107e-001
2.896122e+003,2.873524e-001
2.896604e+003,2.910242e-001
2.897086e+003,2.947432e-001
2.897569e+003,2.985269e-001
2.898051e+003,3.023912e-001
2.898533e+003,3.063518e-001
2.899015e+003,3.104239e-001
2.899497e+003,3.146249e-001
2.899979e+003,3.189777e-001
2.900461e+003,3.235098e-001
2.900944e+003,3.282545e-001
2.901426e+003,3.332468e-001
2.901908e+003,3.385211e-001
2.902390e+003,3.441106e-001
2.902872e+003,3.500484e-001
2.903354e+003,3.563696e-001
2.903836e+003,3.631152e-001
2.904318e+003,3.703322e-001
2.904801e+003,3.780720e-001
2.905283e+003,3.863861e-001
2.905765e+003,3.953211e-001
2.906247e+003,4.049154e-001
2.906729e+003,4.151975e-001
2.907211e+003,4.261882e-001
2.907693e+003,4.379014e-001
2.908175e+003,4.503418e-001
2.908657e+003,4.634996e-001
2.909140e+003,4.773399e-001
2.909622e+003,4.917863e-001
2.910104e+003,5.067120e-001
2.910586e+003,5.219255e-001
2.911068e+003,5.371714e-001
2.911550e+003,5.521315e-001
2.912032e+003,5.664346e-001
2.912514e+003,5.796677e-001
2.912997e+003,5.913968e-001
2.913479e+003,6.011879e-001
2.913961e+003,6.086416e-001
2.914443e+003,6.134287e-001
2.914925e+003,6.153284e-001
2.915407e+003,6.142553e-001
2.915889e+003,6.102706e-001
2.916372e+003,6.035699e-001
2.916854e+003,5.944553e-001
2.917336e+003,5.832911e-001
2.917818e+003,5.704710e-001
2.918300e+003,5.563822e-001
2.918782e+003,5.413870e-001
2.919264e+003,5.258097e-001
2.919746e+003,5.099315e-001
2.920229e+003,4.939846e-001
2.920711e+003,4.781533e-001
2.921193e+003,4.625733e-001
2.921675e+003,4.473414e-001
2.922157e+003,4.325230e-001
2.922639e+003,4.181636e-001
2.923121e+003,4.042955e-001
2.923603e+003,3.909421e-001
2.924085e+003,3.781192e-001
2.924568e+003,3.658296e-001
2.925050e+003,3.540624e-001
2.925532e+003,3.427962e-001
2.926014e+003,3.319992e-001
2.926496e+003,3.216388e-001
2.926978e+003,3.116841e-001
2.927460e+003,3.021103e-001
2.927942e+003,2.928964e-001
2.928425e+003,2.840242e-001
2.928907e+003,2.754740e-001
2.929389e+003,2.672252e-001
2.929871e+003,2.592578e-001
2.930353e+003,2.515544e-001
2.930835e+003,2.441020e-001
2.931317e+003,2.368942e-001
2.931800e+003,2.299282e-001
2.932281e+003,2.232036e-001
2.932764e+003,2.167161e-001
2.933246e+003,2.104610e-001
2.933728e+003,2.044301e-001
2.934210e+003,1.986150e-001
2.934692e+003,1.930082e-001
2.935174e+003,1.876045e-001
2.935656e+003,1.824004e-001
2.936139e+003,1.773919e-001
2.936621e+003,1.725732e-001
2.937103e+003,1.679381e-001
2.937585e+003,1.634783e-001
2.938067e+003,1.591867e-001
2.938549e+003,1.550582e-001
2.939031e+003,1.510903e-001
2.939513e+003,1.472826e-001
2.939996e+003,1.436336e-001
2.940478e+003,1.401430e-001
2.940960e+003,1.368086e-001
2.941442e+003,1.336276e-001
2.941924e+003,1.305984e-001
2.942406e+003,1.277202e-001
2.942888e+003,1.249937e-001
2.943370e+003,1.224202e-001
2.943853e+003,1.199999e-001
2.944335e+003,1.177307e-001
2.944817e+003,1.156094e-001
2.945299e+003,1.136295e-001
2.945781e+003,1.117862e-001
2.946263e+003,1.100739e-001
2.946745e+003,1.084883e-001
2.947228e+003,1.070251e-001
2.947709e+003,1.056801e-001
2.948192e+003,1.044452e-001
2.948674e+003,1.033125e-001
2.949156e+003,1.022701e-001
2.949638e+003,1.013073e-001
2.950120e+003,1.004126e-001
2.950602e+003,9.957668e-002
2.951084e+003,9.878980e-002
2.951567e+003,9.804381e-002
2.952049e+003,9.732947e-002
2.952531e+003,9.663840e-002
2.953013e+003,9.596088e-002
2.953495e+003,9.528910e-002
2.953977e+003,9.461684e-002
2.954459e+003,9.394030e-002
2.954941e+003,9.325770e-002
2.955424e+003,9.256891e-002
2.955906e+003,9.187367e-002
2.956388e+003,9.117343e-002
2.956870e+003,9.046801e-002
2.957352e+003,8.975811e-002
2.957834e+003,8.904440e-002
2.958316e+003,8.832847e-002
2.958798e+003,8.761175e-002
2.959281e+003,8.689436e-002
2.959763e+003,8.617591e-002
2.960245e+003,8.545469e-002
2.960727e+003,8.472937e-002
2.961209e+003,8.399972e-002
2.961691e+003,8.326596e-002
2.962173e+003,8.253063e-002
2.962656e+003,8.179714e-002
2.963137e+003,8.106827e-002
2.963620e+003,8.034676e-002
2.964102e+003,7.963474e-002
2.964584e+003,7.893293e-002
2.965066e+003,7.824422e-002
2.965548e+003,7.756986e-002
2.966030e+003,7.691452e-002
2.966512e+003,7.628047e-002
2.966995e+003,7.567053e-002
2.967477e+003,7.508498e-002
2.967959e+003,7.452293e-002
2.968441e+003,7.398222e-002
2.968923e+003,7.346020e-002
2.969405e+003,7.295478e-002
2.969887e+003,7.246533e-002
2.970369e+003,7.199245e-002
2.970852e+003,7.153708e-002
2.971334e+003,7.109983e-002
2.971816e+003,7.068206e-002
2.972298e+003,7.028372e-002
2.972780e+003,6.990409e-002
2.973262e+003,6.954255e-002
2.973744e+003,6.919824e-002
2.974226e+003,6.887026e-002
2.974708e+003,6.855729e-002
2.975191e+003,6.825793e-002
2.975673e+003,6.797134e-002
2.976155e+003,6.769666e-002
2.976637e+003,6.743433e-002
2.977119e+003,6.718338e-002
2.977601e+003,6.694371e-002
2.978083e+003,6.671370e-002
2.978565e+003,6.649216e-002
2.979048e+003,6.627619e-002
2.979530e+003,6.606489e-002
2.980012e+003,6.585789e-002
2.980494e+003,6.565742e-002
2.980976e+003,6.546646e-002
2.981458e+003,6.528857e-002
2.981940e+003,6.512634e-002
2.982423e+003,6.497924e-002
2.982905e+003,6.484489e-002
2.983387e+003,6.471871e-002
2.983869e+003,6.459656e-002
2.984351e+003,6.447499e-002
2.984833e+003,6.435227e-002
2.985315e+003,6.423014e-002
2.985797e+003,6.411005e-002
2.986280e+003,6.399492e-002
2.986762e+003,6.388570e-002
2.987244e+003,6.378425e-002
2.987726e+003,6.368942e-002
2.988208e+003,6.360163e-002
2.988690e+003,6.352058e-002
2.989172e+003,6.344659e-002
2.989654e+003,6.338015e-002
2.990136e+003,6.332077e-002
2.990619e+003,6.326722e-002
2.991101e+003,6.321769e-002
2.991583e+003,6.317034e-002
2.992065e+003,6.312348e-002
2.992547e+003,6.307588e-002
2.993029e+003,6.302754e-002
2.993511e+003,6.297928e-002
2.993994e+003,6.293102e-002
2.994476e+003,6.288241e-002
2.994958e+003,6.283504e-002
2.995440e+003,6.279027e-002
2.995922e+003,6.275058e-002
2.996404e+003,6.271932e-002
2.996886e+003,6.270033e-002
2.997368e+003,6.269488e-002
2.997851e+003,6.270404e-002
2.998333e+003,6.272319e-002
2.998815e+003,6.274954e-002
2.999297e+003,6.277767e-002
2.999779e+003,6.280529e-002
3.000261e+003,6.283062e-002
3.000743e+003,6.285521e-002
3.001225e+003,6.288169e-002
3.001708e+003,6.291204e-002
3.002190e+003,6.294636e-002
3.002672e+003,6.298362e-002
3.003154e+003,6.302141e-002
3.003636e+003,6.305743e-002
3.004118e+003,6.308971e-002
3.004600e+003,6.311926e-002
3.005082e+003,6.314654e-002
3.005564e+003,6.317349e-002
3.006047e+003,6.320119e-002
3.006529e+003,6.322994e-002
3.007011e+003,6.325994e-002
3.007493e+003,6.329153e-002
3.007975e+003,6.332479e-002
3.008457e+003,6.336204e-002
3.008939e+003,6.340422e-002
3.009422e+003,6.345248e-002
3.009904e+003,6.350652e-002
3.010386e+003,6.356590e-002
3.010868e+003,6.362908e-002
3.011350e+003,6.369521e-002
3.011832e+003,6.376334e-002
3.012314e+003,6.383359e-002
3.012796e+003,6.390556e-002
3.013279e+003,6.397796e-002
3.013761e+003,6.404892e-002
3.014243e+003,6.411736e-002
3.014725e+003,6.418238e-002
3.015207e+003,6.424533e-002
3.015689e+003,6.430902e-002
3.016171e+003,6.437745e-002
3.016653e+003,6.445420e-002
3.017135e+003,6.454053e-002
3.017618e+003,6.463435e-002
3.018100e+003,6.473303e-002
3.018582e+003,6.483123e-002
3.019064e+003,6.492609e-002
3.019546e+003,6.501541e-002
3.020028e+003,6.510162e-002
3.020510e+003,6.518699e-002
3.020992e+003,6.527388e-002
3.021475e+003,6.536385e-002
3.021957e+003,6.545584e-002
3.022439e+003,6.554840e-002
3.022921e+003,6.564014e-002
3.023403e+003,6.573085e-002
3.023885e+003,6.582256e-002
3.024367e+003,6.591786e-002
3.024850e+003,6.601996e-002
3.025332e+003,6.612883e-002
3.025814e+003,6.624280e-002
3.026296e+003,6.635860e-002
3.026778e+003,6.647202e-002
3.027260e+003,6.657968e-002
3.027742e+003,6.668105e-002
3.028224e+003,6.677738e-002
3.028707e+003,6.687090e-002
3.029189e+003,6.696433e-002
3.029671e+003,6.705982e-002
3.030153e+003,6.715724e-002
3.030635e+003,6.725721e-002
3.031117e+003,6.735850e-002
3.031599e+003,6.746162e-002
3.032081e+003,6.756616e-002
3.032563e+003,6.767263e-002
3.033046e+003,6.777976e-002
3.033528e+003,6.788621e-002
3.034010e+003,6.798961e-002
3.034492e+003,6.808893e-002
3.034974e+003,6.818298e-002
3.035456e+003,6.827282e-002
3.035938e+003,6.836016e-002
3.036420e+003,6.844848e-002
3.036903e+003,6.854000e-002
3.037385e+003,6.863686e-002
3.037867e+003,6.874096e-002
3.038349e+003,6.885252e-002
3.038831e+003,6.897219e-002
3.039313e+003,6.910006e-002
3.039795e+003,6.923414e-002
3.040278e+003,6.937284e-002
3.040760e+003,6.951202e-002
3.041242e+003,6.964742e-002
3.041724e+003,6.977533e-002
3.042206e+003,6.989395e-002
3.042688e+003,7.000398e-002
3.043170e+003,7.010958e-002
3.043652e+003,7.021525e-002
3.044135e+003,7.032613e-002
3.044617e+003,7.044485e-002
3.045099e+003,7.057136e-002
3.045581e+003,7.070357e-002
3.046063e+003,7.083786e-002
3.046545e+003,7.097016e-002
3.047027e+003,7.109910e-002
3.047509e+003,7.122479e-002
3.047991e+003,7.134988e-002
3.048474e+003,7.147706e-002
3.048956e+003,7.160885e-002
3.049438e+003,7.174647e-002
3.049920e+003,7.188946e-002
3.050402e+003,7.203528e-002
3.050884e+003,7.218138e-002
3.051366e+003,7.232432e-002
3.051848e+003,7.246178e-002
3.052331e+003,7.259190e-002
3.052813e+003,7.271641e-002
3.053295e+003,7.283659e-002
3.053777e+003,7.295723e-002
3.054259e+003,7.308145e-002
3.054741e+003,7.321321e-002
3.055223e+003,7.335399e-002
3.055706e+003,7.350276e-002
3.056188e+003,7.365618e-002
3.056670e+003,7.381158e-002
3.057152e+003,7.396512e-002
3.057634e+003,7.411487e-002
3.058116e+003,7.426092e-002
3.058598e+003,7.440542e-002
3.059080e+003,7.455083e-002
3.059563e+003,7.469749e-002
3.060045e+003,7.484590e-002
3.060527e+003,7.499579e-002
3.061009e+003,7.514485e-002
3.061491e+003,7.529300e-002
3.061973e+003,7.544038e-002
3.062455e+003,7.558811e-002
3.062937e+003,7.573763e-002
3.063419e+003,7.588946e-002
3.063902e+003,7.604274e-002
3.064384e+003,7.619609e-002
3.064866e+003,7.634863e-002
3.065348e+003,7.649972e-002
3.065830e+003,7.665046e-002
3.066312e+003,7.680242e-002
3.066794e+003,7.695650e-002
3.067276e+003,7.711235e-002
3.067759e+003,7.726825e-002
3.068241e+003,7.742262e-002
3.068723e+003,7.757349e-002
3.069205e+003,7.772171e-002
3.069687e+003,7.786945e-002
3.070169e+003,7.802069e-002
3.070651e+003,7.817870e-002
3.071134e+003,7.834496e-002
3.071615e+003,7.851657e-002
3.072098e+003,7.869019e-002
3.072580e+003,7.886065e-002
3.073062e+003,7.902439e-002
3.073544e+003,7.918071e-002
3.074026e+003,7.933149e-002
3.074508e+003,7.948080e-002
3.074990e+003,7.963146e-002
3.075473e+003,7.978544e-002
3.075955e+003,7.994314e-002
3.076437e+003,8.010275e-002
3.076919e+003,8.026471e-002
3.077401e+003,8.042845e-002
3.077883e+003,8.059487e-002
3.078365e+003,8.076556e-002
3.078847e+003,8.093957e-002
3.079330e+003,8.111367e-002
3.079812e+003,8.128500e-002
3.080294e+003,8.145001e-002
3.080776e+003,8.160792e-002
3.081258e+003,8.176056e-002
3.081740e+003,8.191307e-002
3.082222e+003,8.206975e-002
3.082704e+003,8.223345e-002
3.083187e+003,8.240350e-002
3.083669e+003,8.257569e-002
3.084151e+003,8.274481e-002
3.084633e+003,8.290647e-002
3.085115e+003,8.306015e-002
3.085597e+003,8.320943e-002
3.086079e+003,8.335932e-002
3.086562e+003,8.351634e-002
3.087043e+003,8.368234e-002
3.087526e+003,8.385756e-002
3.088008e+003,8.403819e-002
3.088490e+003,8.422009e-002
3.088972e+003,8.439945e-002
3.089454e+003,8.457506e-002
3.089936e+003,8.474768e-002
3.090418e+003,8.491854e-002
3.090901e+003,8.508736e-002
3.091383e+003,8.525378e-002
3.091865e+003,8.541422e-002
3.092347e+003,8.556938e-002
3.092829e+003,8.571883e-002
3.093311e+003,8.586711e-002
3.093793e+003,8.602027e-002
3.094275e+003,8.618321e-002
3.094758e+003,8.635812e-002
3.095240e+003,8.654483e-002
3.095722e+003,8.673751e-002
3.096204e+003,8.693060e-002
3.096686e+003,8.711851e-002
3.097168e+003,8.729905e-002
3.097650e+003,8.747223e-002
3.098132e+003,8.763955e-002
3.098615e+003,8.780330e-002
3.099097e+003,8.796463e-002
3.099579e+003,8.812392e-002
3.100061e+003,8.828119e-002
3.100543e+003,8.843753e-002
3.101025e+003,8.859579e-002
3.101507e+003,8.875896e-002
3.101990e+003,8.893117e-002
3.102471e+003,8.911237e-002
3.102954e+003,8.930252e-002
3.103436e+003,8.949780e-002
3.103918e+003,8.969505e-002
3.104400e+003,8.989028e-002
3.104882e+003,9.008363e-002
3.105364e+003,9.027483e-002
3.105846e+003,9.046602e-002
3.106329e+003,9.065772e-002
3.106811e+003,9.085047e-002
3.107293e+003,9.104345e-002
3.107775e+003,9.123571e-002
3.108257e+003,9.142761e-002
3.108739e+003,9.162159e-002
3.109221e+003,9.182014e-002
3.109703e+003,9.202553e-002
3.110186e+003,9.223840e-002
3.110668e+003,9.245872e-002
3.111150e+003,9.268381e-002
3.111632e+003,9.291206e-002
3.112114e+003,9.314043e-002
3.112596e+003,9.337023e-002
3.113078e+003,9.360078e-002
3.113560e+003,9.383155e-002
3.114042e+003,9.406055e-002
3.114525e+003,9.428465e-002
3.115007e+003,9.450123e-002
3.115489e+003,9.470771e-002
3.115971e+003,9.490531e-002
3.116453e+003,9.509778e-002
3.116935e+003,9.529009e-002
3.117417e+003,9.548694e-002
3.117900e+003,9.568951e-002
3.118382e+003,9.589738e-002
3.118864e+003,9.610690e-002
3.119346e+003,9.631449e-002
3.119828e+003,9.651874e-002
3.120310e+003,9.672096e-002
3.120792e+003,9.692438e-002
3.121274e+003,9.713266e-002
3.121757e+003,9.734879e-002
3.122239e+003,9.757261e-002
3.122721e+003,9.780228e-002
3.123203e+003,9.803395e-002
3.123685e+003,9.826607e-002
3.124167e+003,9.849736e-002
3.124649e+003,9.872901e-002
3.125131e+003,9.896198e-002
3.125614e+003,9.919526e-002
3.126096e+003,9.942754e-002
3.126578e+003,9.965578e-002
3.127060e+003,9.987701e-002
3.127542e+003,1.000896e-001
3.128024e+003,1.002958e-001
3.128506e+003,1.004988e-001
3.128988e+003,1.007024e-001
3.129470e+003,1.009097e-001
3.129953e+003,1.011221e-001
3.130435e+003,1.013394e-001
3.130917e+003,1.015608e-001
3.131399e+003,1.017857e-001
3.131881e+003,1.020146e-001
3.132363e+003,1.022483e-001
3.132845e+003,1.024865e-001
3.133328e+003,1.027268e-001
3.133810e+003,1.029673e-001
3.134292e+003,1.032031e-001
3.134774e+003,1.034332e-001
3.135256e+003,1.036567e-001
3.135738e+003,1.038779e-001
3.136220e+003,1.041017e-001
3.136702e+003,1.043323e-001
3.137185e+003,1.045712e-001
3.137667e+003,1.048171e-001
3.138149e+003,1.050670e-001
3.138631e+003,1.053152e-001
3.139113e+003,1.055589e-001
3.139595e+003,1.057978e-001
3.140077e+003,1.060331e-001
3.140559e+003,1.062671e-001
3.141042e+003,1.065008e-001
3.141524e+003,1.067348e-001
3.142006e+003,1.069685e-001
3.142488e+003,1.072025e-001
3.142970e+003,1.074371e-001
3.143452e+003,1.076757e-001
3.143934e+003,1.079222e-001
3.144417e+003,1.081782e-001
3.144898e+003,1.084422e-001
3.145381e+003,1.087113e-001
3.145863e+003,1.089788e-001
3.146345e+003,1.092392e-001
3.146827e+003,1.094886e-001
3.147309e+003,1.097272e-001
3.147791e+003,1.099588e-001
3.148273e+003,1.101879e-001
3.148756e+003,1.104183e-001
3.149238e+003,1.106533e-001
3.149720e+003,1.108925e-001
3.150202e+003,1.111357e-001
3.150684e+003,1.113819e-001
3.151166e+003,1.116315e-001
3.151648e+003,1.118841e-001
3.152130e+003,1.121395e-001
3.152613e+003,1.123949e-001
3.153095e+003,1.126474e-001
3.153577e+003,1.128928e-001
3.154059e+003,1.131293e-001
3.154541e+003,1.133577e-001
3.155023e+003,1.135819e-001
3.155505e+003,1.138073e-001
3.155987e+003,1.140394e-001
3.156469e+003,1.142800e-001
3.156952e+003,1.145302e-001
3.157434e+003,1.147876e-001
3.157916e+003,1.150503e-001
3.158398e+003,1.153178e-001
3.158880e+003,1.155911e-001
3.159362e+003,1.158716e-001
3.159844e+003,1.161598e-001
3.160326e+003,1.164530e-001
3.160809e+003,1.167458e-001
3.161291e+003,1.170329e-001
3.161773e+003,1.173090e-001
3.162255e+003,1.175730e-001
3.162737e+003,1.178279e-001
3.163219e+003,1.180790e-001
3.163701e+003,1.183306e-001
3.164184e+003,1.185843e-001
3.164666e+003,1.188387e-001
3.165148e+003,1.190902e-001
3.165630e+003,1.193354e-001
3.166112e+003,1.195745e-001
3.166594e+003,1.198123e-001
3.167076e+003,1.200553e-001
3.167558e+003,1.203104e-001
3.168041e+003,1.205799e-001
3.168523e+003,1.208614e-001
3.169005e+003,1.211481e-001
3.169487e+003,1.214309e-001
3.169969e+003,1.217021e-001
3.170451e+003,1.219595e-001
3.170933e+003,1.222053e-001
3.171415e+003,1.224447e-001
3.171897e+003,1.226826e-001
3.172380e+003,1.229237e-001
3.172862e+003,1.231678e-001
3.173344e+003,1.234153e-001
3.173826e+003,1.236642e-001
3.174308e+003,1.239154e-001
3.174790e+003,1.241705e-001
3.175272e+003,1.244317e-001
3.175754e+003,1.247004e-001
3.176237e+003,1.249763e-001
3.176719e+003,1.252565e-001
3.177201e+003,1.255371e-001
3.177683e+003,1.258138e-001
3.178165e+003,1.260853e-001
3.178647e+003,1.263508e-001
3.179129e+003,1.266116e-001
3.179612e+003,1.268688e-001
3.180094e+003,1.271241e-001
3.180576e+003,1.273782e-001
3.181058e+003,1.276328e-001
3.181540e+003,1.278904e-001
3.182022e+003,1.281530e-001
3.182504e+003,1.284235e-001
3.182986e+003,1.287014e-001
3.183469e+003,1.289836e-001
3.183951e+003,1.292651e-001
3.184433e+003,1.295416e-001
3.184915e+003,1.298096e-001
3.185397e+003,1.300701e-001
3.185879e+003,1.303276e-001
3.186361e+003,1.305877e-001
3.186843e+003,1.308537e-001
3.187325e+003,1.311255e-001
3.187808e+003,1.313988e-001
3.188290e+003,1.316682e-001
3.188772e+003,1.319284e-001
3.189254e+003,1.321784e-001
3.189736e+003,1.324211e-001
3.190218e+003,1.326632e-001
3.190700e+003,1.329109e-001
3.191182e+003,1.331674e-001
3.191665e+003,1.334323e-001
3.192147e+003,1.337017e-001
3.192629e+003,1.339711e-001
3.193111e+003,1.342372e-001
3.193593e+003,1.345007e-001
3.194075e+003,1.347641e-001
3.194557e+003,1.350301e-001
3.195040e+003,1.353002e-001
3.195521e+003,1.355726e-001
3.196004e+003,1.358431e-001
3.196486e+003,1.361079e-001
3.196968e+003,1.363638e-001
3.197450e+003,1.366132e-001
3.197932e+003,1.368593e-001
3.198414e+003,1.371059e-001
3.198896e+003,1.373554e-001
3.199379e+003,1.376071e-001
3.199861e+003,1.378578e-001
3.200343e+003,1.381046e-001
3.200825e+003,1.383453e-001
3.201307e+003,1.385828e-001
3.201789e+003,1.388197e-001
3.202271e+003,1.390610e-001
3.202753e+003,1.393080e-001
3.203236e+003,1.395598e-001
3.203718e+003,1.398137e-001
3.204200e+003,1.400656e-001
3.204682e+003,1.403135e-001
3.205164e+003,1.405575e-001
3.205646e+003,1.408006e-001
3.206128e+003,1.410457e-001
3.206610e+003,1.412939e-001
3.207093e+003,1.415453e-001
3.207575e+003,1.417976e-001
3.208057e+003,1.420494e-001
3.208539e+003,1.422996e-001
3.209021e+003,1.425494e-001
3.209503e+003,1.428008e-001
3.209985e+003,1.430545e-001
3.210468e+003,1.433090e-001
3.210949e+003,1.435625e-001
3.211432e+003,1.438111e-001
3.211914e+003,1.440538e-001
3.212396e+003,1.442909e-001
3.212878e+003,1.445277e-001
3.213360e+003,1.447689e-001
3.213842e+003,1.450181e-001
3.214324e+003,1.452744e-001
3.214807e+003,1.455343e-001
3.215289e+003,1.457928e-001
3.215771e+003,1.460466e-001
3.216253e+003,1.462968e-001
3.216735e+003,1.465467e-001
3.217217e+003,1.468034e-001
3.217699e+003,1.470708e-001
3.218181e+003,1.473485e-001
3.218664e+003,1.476321e-001
3.219146e+003,1.479126e-001
3.219628e+003,1.481825e-001
3.220110e+003,1.484374e-001
3.220592e+003,1.486790e-001
3.221074e+003,1.489120e-001
3.221556e+003,1.491420e-001
3.222038e+003,1.493732e-001
3.222521e+003,1.496068e-001
3.223003e+003,1.498413e-001
3.223485e+003,1.500749e-001
3.223967e+003,1.503079e-001
3.224449e+003,1.505431e-001
3.224931e+003,1.507850e-001
3.225413e+003,1.510372e-001
3.225896e+003,1.512980e-001
3.226377e+003,1.515644e-001
3.226860e+003,1.518290e-001
3.227342e+003,1.520862e-001
3.227824e+003,1.523328e-001
3.228306e+003,1.525715e-001
3.228788e+003,1.528060e-001
3.229270e+003,1.530404e-001
3.229752e+003,1.532760e-001
3.230235e+003,1.535102e-001
3.230717e+003,1.537378e-001
3.231199e+003,1.539558e-001
3.231681e+003,1.541637e-001
3.232163e+003,1.543656e-001
3.232645e+003,1.545699e-001
3.233127e+003,1.547839e-001
3.233609e+003,1.550109e-001
3.234092e+003,1.552496e-001
3.234574e+003,1.554945e-001
3.235056e+003,1.557390e-001
3.235538e+003,1.559779e-001
3.236020e+003,1.562107e-001
3.236502e+003,1.564394e-001
3.236984e+003,1.566672e-001
3.237466e+003,1.568958e-001
3.237948e+003,1.571243e-001
3.238431e+003,1.573491e-001
3.238913e+003,1.575662e-001
3.239395e+003,1.577735e-001
3.239877e+003,1.579723e-001
3.240359e+003,1.581658e-001
3.240841e+003,1.583584e-001
3.241323e+003,1.585535e-001
3.241806e+003,1.587516e-001
3.242288e+003,1.589535e-001
3.242770e+003,1.591598e-001
3.243252e+003,1.593713e-001
3.243734e+003,1.595928e-001
3.244216e+003,1.598250e-001
3.244698e+003,1.600676e-001
3.245180e+003,1.603149e-001
3.245663e+003,1.605589e-001
3.246145e+003,1.607899e-001
3.246627e+003,1.610045e-001
3.247109e+003,1.612027e-001
3.247591e+003,1.613927e-001
3.248073e+003,1.615837e-001
3.248555e+003,1.617828e-001
3.249037e+003,1.619921e-001
3.249520e+003,1.622084e-001
3.250002e+003,1.624233e-001
3.250484e+003,1.626294e-001
3.250966e+003,1.628241e-001
3.251448e+003,1.630102e-001
3.251930e+003,1.631953e-001
3.252412e+003,1.633855e-001
3.252894e+003,1.635853e-001
3.253376e+003,1.637920e-001
3.253859e+003,1.639991e-001
3.254341e+003,1.641987e-001
3.254823e+003,1.643862e-001
3.255305e+003,1.645619e-001
3.255787e+003,1.647303e-001
3.256269e+003,1.648981e-001
3.256751e+003,1.650701e-001
3.257234e+003,1.652483e-001
3.257716e+003,1.654310e-001
3.258198e+003,1.656158e-001
3.258680e+003,1.658018e-001
3.259162e+003,1.659914e-001
3.259644e+003,1.661864e-001
3.260126e+003,1.663889e-001
3.260608e+003,1.665969e-001
3.261091e+003,1.668060e-001
3.261573e+003,1.670086e-001
3.262055e+003,1.671997e-001
3.262537e+003,1.673783e-001
3.263019e+003,1.675482e-001
3.263501e+003,1.677171e-001
3.263983e+003,1.678934e-001
3.264465e+003,1.680797e-001
3.264948e+003,1.682760e-001
3.265430e+003,1.684758e-001
3.265912e+003,1.686727e-001
3.266394e+003,1.688620e-001
3.266876e+003,1.690428e-001
3.267358e+003,1.692177e-001
3.267840e+003,1.693894e-001
3.268323e+003,1.695599e-001
3.268804e+003,1.697291e-001
3.269287e+003,1.698940e-001
3.269769e+003,1.700526e-001
3.270251e+003,1.702058e-001
3.270733e+003,1.703577e-001
3.271215e+003,1.705143e-001
3.271697e+003,1.706803e-001
3.272179e+003,1.708565e-001
3.272662e+003,1.710400e-001
3.273144e+003,1.712239e-001
3.273626e+003,1.714025e-001
3.274108e+003,1.715720e-001
3.274590e+003,1.717331e-001
3.275072e+003,1.718899e-001
3.275554e+003,1.720453e-001
3.276036e+003,1.722006e-001
3.276519e+003,1.723529e-001
3.277001e+003,1.724975e-001
3.277483e+003,1.726321e-001
3.277965e+003,1.727567e-001
3.278447e+003,1.728769e-001
3.278929e+003,1.730001e-001
3.279411e+003,1.731344e-001
3.279893e+003,1.732819e-001
3.280375e+003,1.734416e-001
3.280858e+003,1.736077e-001
3.281340e+003,1.737746e-001
3.281822e+003,1.739365e-001
3.282304e+003,1.740926e-001
3.282786e+003,1.742452e-001
3.283268e+003,1.743960e-001
3.283750e+003,1.745452e-001
3.284232e+003,1.746893e-001
3.284715e+003,1.748244e-001
3.285197e+003,1.749468e-001
3.285679e+003,1.750568e-001
3.286161e+003,1.751584e-001
3.286643e+003,1.752587e-001
3.287125e+003,1.753642e-001
3.287607e+003,1.754791e-001
3.288090e+003,1.756034e-001
3.288572e+003,1.757349e-001
3.289054e+003,1.758701e-001
3.289536e+003,1.760076e-001
3.290018e+003,1.761488e-001
3.290500e+003,1.762945e-001
3.290982e+003,1.764438e-001
3.291464e+003,1.765932e-001
3.291947e+003,1.767353e-001
3.292429e+003,1.768631e-001
3.292911e+003,1.769739e-001
3.293393e+003,1.770690e-001
3.293875e+003,1.771573e-001
3.294357e+003,1.772492e-001
3.294839e+003,1.773536e-001
3.295321e+003,1.774722e-001
3.295803e+003,1.776025e-001
3.296286e+003,1.777360e-001
3.296768e+003,1.778646e-001
3.297250e+003,1.779847e-001
3.297732e+003,1.780991e-001
3.298214e+003,1.782137e-001
3.298696e+003,1.783355e-001
3.299178e+003,1.784693e-001
3.299660e+003,1.786134e-001
3.300143e+003,1.787619e-001
3.300625e+003,1.789079e-001
3.301107e+003,1.790452e-001
3.301589e+003,1.791717e-001
3.302071e+003,1.792882e-001
3.302553e+003,1.793969e-001
3.303035e+003,1.794991e-001
3.303518e+003,1.795939e-001
3.304000e+003,1.796799e-001
3.304482e+003,1.797573e-001
3.304964e+003,1.798294e-001
3.305446e+003,1.799028e-001
3.305928e+003,1.799859e-001
3.306410e+003,1.800846e-001
3.306892e+003,1.802010e-001
3.307375e+003,1.803320e-001
3.307857e+003,1.804705e-001
3.308339e+003,1.806104e-001
3.308821e+003,1.807455e-001
3.309303e+003,1.808755e-001
3.309785e+003,1.810005e-001
3.310267e+003,1.811219e-001
3.310749e+003,1.812377e-001
3.311231e+003,1.813452e-001
3.311714e+003,1.814398e-001
3.312196e+003,1.815210e-001
3.312678e+003,1.815914e-001
3.313160e+003,1.816581e-001
3.313642e+003,1.817287e-001
3.314124e+003,1.818094e-001
3.314606e+003,1.819005e-001
3.315088e+003,1.819981e-001
3.315571e+003,1.820959e-001
3.316053e+003,1.821887e-001
3.316535e+003,1.822753e-001
3.317017e+003,1.823599e-001
3.317499e+003,1.824478e-001
3.317981e+003,1.825432e-001
3.318463e+003,1.826450e-001
3.318946e+003,1.827479e-001
3.319427e+003,1.828455e-001
3.319910e+003,1.829333e-001
3.320392e+003,1.830101e-001
3.320874e+003,1.830846e-001
3.321356e+003,1.831648e-001
3.321838e+003,1.832577e-001
3.322320e+003,1.833649e-001
3.322802e+003,1.834822e-001
3.323285e+003,1.835986e-001
3.323767e+003,1.837060e-001
3.324249e+003,1.837980e-001
3.324731e+003,1.838757e-001
3.325213e+003,1.839451e-001
3.325695e+003,1.840124e-001
3.326177e+003,1.840816e-001
3.326659e+003,1.841540e-001
3.327142e+003,1.842270e-001
3.327624e+003,1.842991e-001
3.328106e+003,1.843697e-001
3.328588e+003,1.844437e-001
3.329070e+003,1.845256e-001
3.329552e+003,1.846179e-001
3.330034e+003,1.847193e-001
3.330516e+003,1.848234e-001
3.330999e+003,1.849212e-001
3.331481e+003,1.850062e-001
3.331963e+003,1.850766e-001
3.332445e+003,1.851356e-001
3.332927e+003,1.851908e-001
3.333409e+003,1.852478e-001
3.333891e+003,1.853087e-001
3.334374e+003,1.853699e-001
3.334855e+003,1.854246e-001
3.335338e+003,1.854683e-001
3.335820e+003,1.855003e-001
3.336302e+003,1.855271e-001
3.336784e+003,1.855582e-001
3.337266e+003,1.856025e-001
3.337748e+003,1.856637e-001
3.338230e+003,1.857391e-001
3.338713e+003,1.858201e-001
3.339195e+003,1.858994e-001
3.339677e+003,1.859714e-001
3.340159e+003,1.860362e-001
3.340641e+003,1.861004e-001
3.341123e+003,1.861691e-001
3.341605e+003,1.862457e-001
3.342087e+003,1.863293e-001
3.342570e+003,1.864151e-001
3.343052e+003,1.864966e-001
3.343534e+003,1.865693e-001
3.344016e+003,1.866330e-001
3.344498e+003,1.866904e-001
3.344980e+003,1.867445e-001
3.345462e+003,1.867978e-001
3.345944e+003,1.868493e-001
3.346427e+003,1.868970e-001
3.346909e+003,1.869395e-001
3.347391e+003,1.869777e-001
3.347873e+003,1.870160e-001
3.348355e+003,1.870597e-001
3.348837e+003,1.871119e-001
3.349319e+003,1.871713e-001
3.349802e+003,1.872326e-001
3.350283e+003,1.872872e-001
3.350766e+003,1.873284e-001
3.351248e+003,1.873533e-001
3.351730e+003,1.873661e-001
3.352212e+003,1.873724e-001
3.352694e+003,1.873792e-001
3.353176e+003,1.873906e-001
3.353658e+003,1.874071e-001
3.354141e+003,1.874261e-001
3.354623e+003,1.874450e-001
3.355105e+003,1.874639e-001
3.355587e+003,1.874840e-001
3.356069e+003,1.875090e-001
3.356551e+003,1.875391e-001
3.357033e+003,1.875711e-001
3.357515e+003,1.875997e-001
3.357998e+003,1.876172e-001
3.358480e+003,1.876204e-001
3.358962e+003,1.876106e-001
3.359444e+003,1.875944e-001
3.359926e+003,1.875813e-001
3.360408e+003,1.875785e-001
3.360890e+003,1.875869e-001
3.361372e+003,1.876028e-001
3.361854e+003,1.876186e-001
3.362337e+003,1.876262e-001
3.362819e+003,1.876225e-001
3.363301e+003,1.876093e-001
3.363783e+003,1.875913e-001
3.364265e+003,1.875741e-001
3.364747e+003,1.875601e-001
3.365229e+003,1.875471e-001
3.365712e+003,1.875310e-001
3.366194e+003,1.875087e-001
3.366676e+003,1.874788e-001
3.367158e+003,1.874451e-001
3.367640e+003,1.874140e-001
3.368122e+003,1.873894e-001
3.368604e+003,1.873730e-001
3.369086e+003,1.873614e-001
3.369569e+003,1.873486e-001
3.370051e+003,1.873300e-001
3.370533e+003,1.873027e-001
3.371015e+003,1.872674e-001
3.371497e+003,1.872284e-001
3.371979e+003,1.871889e-001
3.372461e+003,1.871497e-001
3.372943e+003,1.871096e-001
3.373426e+003,1.870667e-001
3.373908e+003,1.870202e-001
3.374390e+003,1.869715e-001
3.374872e+003,1.869244e-001
3.375354e+003,1.868819e-001
3.375836e+003,1.868440e-001
3.376318e+003,1.868065e-001
3.376800e+003,1.867632e-001
3.377282e+003,1.867092e-001
3.377765e+003,1.866445e-001
3.378247e+003,1.865739e-001
3.378729e+003,1.865077e-001
3.379211e+003,1.864554e-001
3.379693e+003,1.864206e-001
3.380175e+003,1.863995e-001
3.380657e+003,1.863812e-001
3.381140e+003,1.863529e-001
3.381622e+003,1.863048e-001
3.382104e+003,1.862343e-001
3.382586e+003,1.861471e-001
3.383068e+003,1.860537e-001
3.383550e+003,1.859638e-001
3.384032e+003,1.858830e-001
3.384514e+003,1.858111e-001
3.384997e+003,1.857433e-001
3.385479e+003,1.856748e-001
3.385961e+003,1.856022e-001
3.386443e+003,1.855271e-001
3.386925e+003,1.854506e-001
3.387407e+003,1.853749e-001
3.387889e+003,1.852972e-001
3.388371e+003,1.852142e-001
3.388854e+003,1.851214e-001
3.389336e+003,1.850178e-001
3.389818e+003,1.849087e-001
3.390300e+003,1.848006e-001
3.390782e+003,1.847014e-001
3.391264e+003,1.846137e-001
3.391746e+003,1.845334e-001
3.392229e+003,1.844514e-001
3.392710e+003,1.843577e-001
3.393193e+003,1.842474e-001
3.393675e+003,1.841230e-001
3.394157e+003,1.839941e-001
3.394639e+003,1.838713e-001
3.395121e+003,1.837609e-001
3.395603e+003,1.836615e-001
3.396085e+003,1.835643e-001
3.396568e+003,1.834569e-001
3.397050e+003,1.833309e-001
3.397532e+003,1.831850e-001
3.398014e+003,1.830272e-001
3.398496e+003,1.828697e-001
3.398978e+003,1.827242e-001
3.399460e+003,1.825954e-001
3.399942e+003,1.824800e-001
3.400425e+003,1.823699e-001
3.400907e+003,1.822568e-001
3.401389e+003,1.821359e-001
3.401871e+003,1.820088e-001
3.402353e+003,1.818808e-001
3.402835e+003,1.817573e-001
3.403317e+003,1.816375e-001
3.403799e+003,1.815180e-001
3.404281e+003,1.813894e-001
3.404764e+003,1.812456e-001
3.405246e+003,1.810846e-001
3.405728e+003,1.809111e-001
3.406210e+003,1.807343e-001
3.406692e+003,1.805626e-001
3.407174e+003,1.804010e-001
3.407656e+003,1.802487e-001
3.408138e+003,1.801013e-001
3.408621e+003,1.799534e-001
3.409103e+003,1.798023e-001
3.409585e+003,1.796508e-001
3.410067e+003,1.795031e-001
3.410549e+003,1.793623e-001
3.411031e+003,1.792283e-001
3.411513e+003,1.790971e-001
3.411996e+003,1.789618e-001
3.412478e+003,1.788174e-001
3.412960e+003,1.786627e-001
3.413442e+003,1.785018e-001
3.413924e+003,1.783415e-001
3.414406e+003,1.781865e-001
3.414888e+003,1.780389e-001
3.415370e+003,1.778947e-001
3.415853e+003,1.777491e-001
3.416335e+003,1.775967e-001
3.416817e+003,1.774364e-001
3.417299e+003,1.772712e-001
3.417781e+003,1.771059e-001
3.418263e+003,1.769435e-001
3.418745e+003,1.767829e-001
3.419227e+003,1.766189e-001
3.419709e+003,1.764445e-001
3.420192e+003,1.762560e-001
3.420674e+003,1.760546e-001
3.421156e+003,1.758476e-001
3.421638e+003,1.756439e-001
3.422120e+003,1.754507e-001
3.422602e+003,1.752683e-001
3.423084e+003,1.750926e-001
3.423566e+003,1.749146e-001
3.424049e+003,1.747280e-001
3.424531e+003,1.745311e-001
3.425013e+003,1.743281e-001
3.425495e+003,1.741261e-001
3.425977e+003,1.739330e-001
3.426459e+003,1.737517e-001
3.426941e+003,1.735800e-001
3.427424e+003,1.734127e-001
3.427906e+003,1.732432e-001
3.428388e+003,1.730680e-001
3.428870e+003,1.728867e-001
3.429352e+003,1.727018e-001
3.429834e+003,1.725151e-001
3.430316e+003,1.723267e-001
3.430798e+003,1.721351e-001
3.431281e+003,1.719371e-001
3.431763e+003,1.717318e-001
3.432245e+003,1.715210e-001
3.432727e+003,1.713088e-001
3.433209e+003,1.711002e-001
3.433691e+003,1.708968e-001
3.434173e+003,1.706957e-001
3.434655e+003,1.704928e-001
3.435137e+003,1.702828e-001
3.435620e+003,1.700650e-001
3.436102e+003,1.698425e-001
3.436584e+003,1.696229e-001
3.437066e+003,1.694140e-001
3.437548e+003,1.692187e-001
3.438030e+003,1.690353e-001
3.438512e+003,1.688564e-001
3.438994e+003,1.686736e-001
3.439477e+003,1.684810e-001
3.439959e+003,1.682785e-001
3.440441e+003,1.680708e-001
3.440923e+003,1.678651e-001
3.441405e+003,1.676659e-001
3.441887e+003,1.674716e-001
3.442369e+003,1.672773e-001
3.442852e+003,1.670758e-001
3.443333e+003,1.668612e-001
3.443816e+003,1.666330e-001
3.444298e+003,1.663962e-001
3.444780e+003,1.661561e-001
3.445262e+003,1.659168e-001
3.445744e+003,1.656783e-001
3.446226e+003,1.654370e-001
3.446708e+003,1.651880e-001
3.447191e+003,1.649297e-001
3.447673e+003,1.646650e-001
3.448155e+003,1.644000e-001
3.448637e+003,1.641416e-001
3.449119e+003,1.638909e-001
3.449601e+003,1.636433e-001
3.450083e+003,1.633922e-001
3.450565e+003,1.631303e-001
3.451048e+003,1.628545e-001
3.451530e+003,1.625690e-001
3.452012e+003,1.622821e-001
3.452494e+003,1.620036e-001
3.452976e+003,1.617388e-001
3.453458e+003,1.614870e-001
3.453940e+003,1.612414e-001
3.454422e+003,1.609941e-001
3.454905e+003,1.607393e-001
3.455387e+003,1.604759e-001
3.455869e+003,1.602093e-001
3.456351e+003,1.599457e-001
3.456833e+003,1.596885e-001
3.457315e+003,1.594371e-001
3.457797e+003,1.591845e-001
3.458280e+003,1.589230e-001
3.458761e+003,1.586481e-001
3.459244e+003,1.583599e-001
3.459726e+003,1.580665e-001
3.460208e+003,1.577760e-001
3.460690e+003,1.574963e-001
3.461172e+003,1.572289e-001
3.461654e+003,1.569703e-001
3.462136e+003,1.567143e-001
3.462619e+003,1.564557e-001
3.463101e+003,1.561937e-001
3.463583e+003,1.559305e-001
3.464065e+003,1.556702e-001
3.464547e+003,1.554140e-001
3.465029e+003,1.551576e-001
3.465511e+003,1.548960e-001
3.465993e+003,1.546222e-001
3.466476e+003,1.543353e-001
3.466958e+003,1.540381e-001
3.467440e+003,1.537419e-001
3.467922e+003,1.534564e-001
3.468404e+003,1.531882e-001
3.468886e+003,1.529379e-001
3.469368e+003,1.526993e-001
3.469850e+003,1.524642e-001
3.470333e+003,1.522256e-001
3.470815e+003,1.519808e-001
3.471297e+003,1.517326e-001
3.471779e+003,1.514833e-001
3.472261e+003,1.512367e-001
3.472743e+003,1.509891e-001
3.473225e+003,1.507353e-001
3.473708e+003,1.504690e-001
3.474189e+003,1.501871e-001
3.474672e+003,1.498927e-001
3.475154e+003,1.495935e-001
3.475636e+003,1.492995e-001
3.476118e+003,1.490160e-001
3.476600e+003,1.487434e-001
3.477082e+003,1.484776e-001
3.477564e+003,1.482122e-001
3.478047e+003,1.479433e-001
3.478529e+003,1.476712e-001
3.479011e+003,1.474006e-001
3.479493e+003,1.471375e-001
3.479975e+003,1.468841e-001
3.480457e+003,1.466361e-001
3.480939e+003,1.463845e-001
3.481421e+003,1.461187e-001
3.481904e+003,1.458329e-001
3.482386e+003,1.455274e-001
3.482868e+003,1.452123e-001
3.483350e+003,1.449007e-001
3.483832e+003,1.446031e-001
3.484314e+003,1.443256e-001
3.484796e+003,1.440679e-001
3.485278e+003,1.438261e-001
3.485760e+003,1.435943e-001
3.486243e+003,1.433661e-001
3.486725e+003,1.431376e-001
3.487207e+003,1.429034e-001
3.487689e+003,1.426574e-001
3.488171e+003,1.423918e-001
3.488653e+003,1.421011e-001
3.489135e+003,1.417830e-001
3.489618e+003,1.414437e-001
3.490100e+003,1.410945e-001
3.490582e+003,1.407522e-001
3.491064e+003,1.404296e-001
3.491546e+003,1.401337e-001
3.492028e+003,1.398629e-001
3.492510e+003,1.396082e-001
3.492992e+003,1.393570e-001
3.493475e+003,1.390992e-001
3.493957e+003,1.388298e-001
3.494439e+003,1.385497e-001
3.494921e+003,1.382624e-001
3.495403e+003,1.379730e-001
3.495885e+003,1.376824e-001
3.496367e+003,1.373905e-001
3.496849e+003,1.370969e-001
3.497332e+003,1.368029e-001
3.497814e+003,1.365124e-001
3.498296e+003,1.362305e-001
3.498778e+003,1.359582e-001
3.499260e+003,1.356918e-001
3.499742e+003,1.354222e-001
3.500224e+003,1.351366e-001
3.500706e+003,1.348259e-001
3.501188e+003,1.344877e-001
3.501671e+003,1.341295e-001
3.502153e+003,1.337675e-001
3.502635e+003,1.334194e-001
3.503117e+003,1.330968e-001
3.503599e+003,1.327999e-001
3.504081e+003,1.325200e-001
3.504563e+003,1.322433e-001
3.505046e+003,1.319606e-001
3.505528e+003,1.316688e-001
3.506010e+003,1.313710e-001
3.506492e+003,1.310727e-001
3.506974e+003,1.307780e-001
3.507456e+003,1.304835e-001
3.507938e+003,1.301837e-001
3.508420e+003,1.298707e-001
3.508903e+003,1.295385e-001
3.509385e+003,1.291901e-001
3.509867e+003,1.288338e-001
3.510349e+003,1.284810e-001
3.510831e+003,1.281405e-001
3.511313e+003,1.278130e-001
3.511795e+003,1.274973e-001
3.512277e+003,1.271879e-001
3.512760e+003,1.268818e-001
3.513242e+003,1.265793e-001
3.513724e+003,1.262849e-001
3.514206e+003,1.260019e-001
3.514688e+003,1.257301e-001
3.515170e+003,1.254633e-001
3.515652e+003,1.251940e-001
3.516135e+003,1.249118e-001
3.516616e+003,1.246121e-001
3.517099e+003,1.242957e-001
3.517581e+003,1.239700e-001
3.518063e+003,1.236440e-001
3.518545e+003,1.233262e-001
3.519027e+003,1.230182e-001
3.519509e+003,1.227188e-001
3.519991e+003,1.224231e-001
3.520474e+003,1.221262e-001
3.520956e+003,1.218272e-001
3.521438e+003,1.215276e-001
3.521920e+003,1.212303e-001
3.522402e+003,1.209343e-001
3.522884e+003,1.206378e-001
3.523366e+003,1.203366e-001
3.523848e+003,1.200274e-001
3.524331e+003,1.197117e-001
3.524813e+003,1.193942e-001
3.525295e+003,1.190827e-001
3.525777e+003,1.187830e-001
3.526259e+003,1.184952e-001
3.526741e+003,1.182130e-001
3.527223e+003,1.179275e-001
3.527705e+003,1.176305e-001
3.528188e+003,1.173174e-001
3.528670e+003,1.169908e-001
3.529152e+003,1.166569e-001
3.529634e+003,1.163223e-001
3.530116e+003,1.159881e-001
3.530598e+003,1.156527e-001
3.531080e+003,1.153121e-001
3.531563e+003,1.149656e-001
3.532044e+003,1.146168e-001
3.532527e+003,1.142740e-001
3.533009e+003,1.139466e-001
3.533491e+003,1.136406e-001
3.533973e+003,1.133553e-001
3.534455e+003,1.130796e-001
3.534937e+003,1.128013e-001
3.535419e+003,1.125054e-001
3.535902e+003,1.121835e-001
3.536384e+003,1.118392e-001
3.536866e+003,1.114823e-001
3.537348e+003,1.111249e-001
3.537830e+003,1.107749e-001
3.538312e+003,1.104348e-001
3.538794e+003,1.101013e-001
3.539276e+003,1.097721e-001
3.539759e+003,1.094472e-001
3.540241e+003,1.091312e-001
3.540723e+003,1.088322e-001
3.541205e+003,1.085547e-001
3.541687e+003,1.082990e-001
3.542169e+003,1.080544e-001
3.542651e+003,1.078066e-001
3.543133e+003,1.075388e-001
3.543615e+003,1.072400e-001
3.544098e+003,1.069076e-001
3.544580e+003,1.065508e-001
3.545062e+003,1.061836e-001
3.545544e+003,1.058182e-001
3.546026e+003,1.054612e-001
3.546508e+003,1.051122e-001
3.546990e+003,1.047666e-001
3.547472e+003,1.044226e-001
3.547955e+003,1.040803e-001
3.548437e+003,1.037444e-001
3.548919e+003,1.034164e-001
3.549401e+003,1.030955e-001
3.549883e+003,1.027750e-001
3.550365e+003,1.024466e-001
3.550847e+003,1.021034e-001
3.551330e+003,1.017441e-001
3.551812e+003,1.013758e-001
3.552294e+003,1.010114e-001
3.552776e+003,1.006634e-001
3.553258e+003,1.003361e-001
3.553740e+003,1.000251e-001
3.554222e+003,9.972106e-002
3.554704e+003,9.941348e-002
3.555187e+003,9.909784e-002
3.555669e+003,9.877627e-002
3.556151e+003,9.845557e-002
3.556633e+003,9.814452e-002
3.557115e+003,9.784513e-002
3.557597e+003,9.755576e-002
3.558079e+003,9.726812e-002
3.558561e+003,9.697320e-002
3.559043e+003,9.666656e-002
3.559526e+003,9.634897e-002
3.560008e+003,9.602976e-002
3.560490e+003,9.571891e-002
3.560972e+003,9.542299e-002
3.561454e+003,9.514198e-002
3.561936e+003,9.486948e-002
3.562418e+003,9.459783e-002
3.562900e+003,9.431926e-002
3.563383e+003,9.403162e-002
3.563865e+003,9.373633e-002
3.564347e+003,9.343710e-002
3.564829e+003,9.313460e-002
3.565311e+003,9.282280e-002
3.565793e+003,9.249065e-002
3.566275e+003,9.212752e-002
3.566758e+003,9.173064e-002
3.567240e+003,9.131259e-002
3.567722e+003,9.089503e-002
3.568204e+003,9.049463e-002
3.568686e+003,9.011656e-002
3.569168e+003,8.975550e-002
3.569650e+003,8.940171e-002
3.570132e+003,8.904704e-002
3.570615e+003,8.868783e-002
3.571097e+003,8.832624e-002
3.571579e+003,8.796865e-002
3.572061e+003,8.762068e-002
3.572543e+003,8.728573e-002
3.573025e+003,8.696177e-002
3.573507e+003,8.664532e-002
3.573989e+003,8.633084e-002
3.574471e+003,8.601610e-002
3.574954e+003,8.570271e-002
3.575436e+003,8.539619e-002
3.575918e+003,8.510016e-002
3.576400e+003,8.481462e-002
3.576882e+003,8.453519e-002
3.577364e+003,8.425599e-002
3.577846e+003,8.397038e-002
3.578328e+003,8.367474e-002
3.578811e+003,8.336968e-002
3.579293e+003,8.305936e-002
3.579775e+003,8.274727e-002
3.580257e+003,8.243378e-002
3.580739e+003,8.211814e-002
3.581221e+003,8.179823e-002
3.581703e+003,8.147542e-002
3.582186e+003,8.115511e-002
3.582667e+003,8.084615e-002
3.583150e+003,8.055829e-002
3.583632e+003,8.029705e-002
3.584114e+003,8.006103e-002
3.584596e+003,7.984062e-002
3.585078e+003,7.962168e-002
3.585560e+003,7.938508e-002
3.586042e+003,7.911646e-002
3.586525e+003,7.880692e-002
3.587007e+003,7.846139e-002
3.587489e+003,7.809344e-002
3.587971e+003,7.771750e-002
3.588453e+003,7.734418e-002
3.588935e+003,7.697947e-002
3.589417e+003,7.662587e-002
3.589899e+003,7.628748e-002
3.590382e+003,7.596994e-002
3.590864e+003,7.567800e-002
3.591346e+003,7.541475e-002
3.591828e+003,7.517458e-002
3.592310e+003,7.494762e-002
3.592792e+003,7.471925e-002
3.593274e+003,7.447738e-002
3.593756e+003,7.421687e-002
3.594239e+003,7.394247e-002
3.594721e+003,7.366668e-002
3.595203e+003,7.340172e-002
3.595685e+003,7.315361e-002
3.596167e+003,7.291806e-002
3.596649e+003,7.268648e-002
3.597131e+003,7.244977e-002
3.597614e+003,7.220266e-002
3.598095e+003,7.194479e-002
3.598578e+003,7.168040e-002
3.599060e+003,7.140986e-002
3.599542e+003,7.113194e-002
3.600024e+003,7.084040e-002
3.600506e+003,7.052936e-002
3.600988e+003,7.019845e-002
3.601470e+003,6.985480e-002
3.601953e+003,6.951252e-002
3.602435e+003,6.918630e-002
3.602917e+003,6.888577e-002
3.603399e+003,6.861254e-002
3.603881e+003,6.836060e-002
3.604363e+003,6.812114e-002
3.604845e+003,6.788524e-002
3.605327e+003,6.764745e-002
3.605810e+003,6.740502e-002
3.606292e+003,6.715894e-002
3.606774e+003,6.690624e-002
3.607256e+003,6.663965e-002
3.607738e+003,6.634711e-002
3.608220e+003,6.602100e-002
3.608702e+003,6.566395e-002
3.609184e+003,6.529180e-002
3.609667e+003,6.492824e-002
3.610149e+003,6.459433e-002
3.610631e+003,6.430292e-002
3.611113e+003,6.405360e-002
3.611595e+003,6.383393e-002
3.612077e+003,6.362357e-002
3.612559e+003,6.340060e-002
3.613042e+003,6.315044e-002
3.613524e+003,6.287220e-002
3.614006e+003,6.257787e-002
3.614488e+003,6.228226e-002
3.614970e+003,6.199311e-002
3.615452e+003,6.171092e-002
3.615934e+003,6.143019e-002
3.616416e+003,6.114234e-002
3.616898e+003,6.084463e-002
3.617381e+003,6.053818e-002
3.617863e+003,6.022997e-002
3.618345e+003,5.992920e-002
3.618827e+003,5.963701e-002
3.619309e+003,5.934741e-002
3.619791e+003,5.905280e-002
3.620273e+003,5.874609e-002
3.620755e+003,5.843127e-002
3.621238e+003,5.811680e-002
3.621720e+003,5.781440e-002
3.622202e+003,5.753076e-002
3.622684e+003,5.726789e-002
3.623166e+003,5.702292e-002
3.623648e+003,5.679161e-002
3.624130e+003,5.656925e-002
3.624612e+003,5.635481e-002
3.625094e+003,5.615019e-002
3.625577e+003,5.595911e-002
3.626059e+003,5.578281e-002
3.626541e+003,5.561557e-002
3.627023e+003,5.544071e-002
3.627505e+003,5.523445e-002
3.627987e+003,5.497041e-002
3.628469e+003,5.464311e-002
3.628952e+003,5.428456e-002
3.629434e+003,5.394714e-002
3.629916e+003,5.366259e-002
3.630398e+003,5.342855e-002
3.630880e+003,5.322433e-002
3.631362e+003,5.302719e-002
3.631844e+003,5.281894e-002
3.632326e+003,5.259125e-002
3.632809e+003,5.234326e-002
3.633291e+003,5.208354e-002
3.633773e+003,5.182467e-002
3.634255e+003,5.157858e-002
3.634737e+003,5.135150e-002
3.635219e+003,5.114530e-002
3.635701e+003,5.095661e-002
3.636183e+003,5.078208e-002
3.636666e+003,5.061798e-002
3.637148e+003,5.046019e-002
3.637630e+003,5.030299e-002
3.638112e+003,5.013831e-002
3.638594e+003,4.995817e-002
3.639076e+003,4.975846e-002
3.639558e+003,4.953944e-002
3.640041e+003,4.930745e-002
3.640522e+003,4.907344e-002
3.641005e+003,4.884787e-002
3.641487e+003,4.863758e-002
3.641969e+003,4.844530e-002
3.642451e+003,4.826643e-002
3.642933e+003,4.809674e-002
3.643415e+003,4.793249e-002
3.643897e+003,4.777482e-002
3.644380e+003,4.762744e-002
3.644862e+003,4.749585e-002
3.645344e+003,4.738066e-002
3.645826e+003,4.727702e-002
3.646308e+003,4.716963e-002
3.646790e+003,4.704080e-002
3.647272e+003,4.687635e-002
3.647754e+003,4.667852e-002
3.648237e+003,4.646820e-002
3.648719e+003,4.627429e-002
3.649201e+003,4.610836e-002
3.649683e+003,4.595261e-002
3.650165e+003,4.577145e-002
3.650647e+003,4.554282e-002
3.651129e+003,4.527010e-002
3.651611e+003,4.497569e-002
3.652094e+003,4.468475e-002
3.652576e+003,4.441706e-002
3.653058e+003,4.418257e-002
3.653540e+003,4.398229e-002
3.654022e+003,4.381060e-002
3.654504e+003,4.365867e-002
3.654986e+003,4.351544e-002
3.655469e+003,4.337329e-002
3.655950e+003,4.322901e-002
3.656433e+003,4.308607e-002
3.656915e+003,4.295032e-002
3.657397e+003,4.282202e-002
3.657879e+003,4.269930e-002
3.658361e+003,4.257655e-002
3.658843e+003,4.245017e-002
3.659325e+003,4.231829e-002
3.659808e+003,4.218390e-002
3.660290e+003,4.205134e-002
3.660772e+003,4.192461e-002
3.661254e+003,4.180509e-002
3.661736e+003,4.169039e-002
3.662218e+003,4.157656e-002
3.662700e+003,4.145858e-002
3.663182e+003,4.133523e-002
3.663665e+003,4.120799e-002
3.664147e+003,4.108035e-002
3.664629e+003,4.095718e-002
3.665111e+003,4.084133e-002
3.665593e+003,4.073368e-002
3.666075e+003,4.063598e-002
3.666557e+003,4.054810e-002
3.667039e+003,4.047429e-002
3.667521e+003,4.041916e-002
3.668004e+003,4.038932e-002
3.668486e+003,4.038478e-002
3.668968e+003,4.039695e-002
3.669450e+003,4.040225e-002
3.669932e+003,4.037639e-002
3.670414e+003,4.030760e-002
3.670896e+003,4.020673e-002
3.671378e+003,4.009463e-002
3.671861e+003,3.999347e-002
3.672343e+003,3.991788e-002
3.672825e+003,3.987882e-002
3.673307e+003,3.988256e-002
3.673789e+003,3.993260e-002
3.674271e+003,4.001923e-002
3.674753e+003,4.011001e-002
3.675236e+003,4.015098e-002
3.675718e+003,4.009905e-002
3.676200e+003,3.995243e-002
3.676682e+003,3.974309e-002
3.677164e+003,3.950412e-002
3.677646e+003,3.925876e-002
3.678128e+003,3.902224e-002
3.678610e+003,3.880766e-002
3.679093e+003,3.862640e-002
3.679575e+003,3.848571e-002
3.680057e+003,3.838683e-002
3.680539e+003,3.831954e-002
3.681021e+003,3.827209e-002
3.681503e+003,3.823262e-002
3.681985e+003,3.819378e-002
3.682467e+003,3.815404e-002
3.682949e+003,3.811542e-002
3.683432e+003,3.808229e-002
3.683914e+003,3.805615e-002
3.684396e+003,3.803638e-002
3.684878e+003,3.801935e-002
3.685360e+003,3.800431e-002
3.685842e+003,3.799165e-002
3.686324e+003,3.798712e-002
3.686806e+003,3.799809e-002
3.687289e+003,3.803158e-002
3.687771e+003,3.808673e-002
3.688253e+003,3.814778e-002
3.688735e+003,3.818769e-002
3.689217e+003,3.818041e-002
3.689699e+003,3.811616e-002
3.690181e+003,3.800795e-002
3.690664e+003,3.787819e-002
3.691146e+003,3.775266e-002
3.691628e+003,3.764476e-002
3.692110e+003,3.755875e-002
3.692592e+003,3.749114e-002
3.693074e+003,3.743741e-002
3.693556e+003,3.739357e-002
3.694038e+003,3.735898e-002
3.694521e+003,3.733467e-002
3.695003e+003,3.732112e-002
3.695485e+003,3.731671e-002
3.695967e+003,3.731443e-002
3.696449e+003,3.730626e-002
3.696931e+003,3.728581e-002
3.697413e+003,3.725142e-002
3.697895e+003,3.720663e-002
3.698377e+003,3.715880e-002
3.698860e+003,3.711836e-002
3.699342e+003,3.709184e-002
3.699824e+003,3.708350e-002
3.700306e+003,3.709010e-002
3.700788e+003,3.710509e-002
3.701270e+003,3.711921e-002
3.701752e+003,3.712493e-002
3.702234e+003,3.711884e-002
3.702717e+003,3.710195e-002
3.703199e+003,3.707451e-002
3.703681e+003,3.703777e-002
3.704163e+003,3.698909e-002
3.704645e+003,3.692922e-002
3.705127e+003,3.685828e-002
3.705609e+003,3.678268e-002
3.706092e+003,3.670945e-002
3.706573e+003,3.664977e-002
3.707056e+003,3.661219e-002
3.707538e+003,3.660363e-002
3.708020e+003,3.662586e-002
3.708502e+003,3.667864e-002
3.708984e+003,3.675797e-002
3.709466e+003,3.685920e-002
3.709948e+003,3.697265e-002
3.710431e+003,3.708578e-002
3.710913e+003,3.718081e-002
3.711395e+003,3.723535e-002
3.711877e+003,3.723754e-002
3.712359e+003,3.718787e-002
3.712841e+003,3.709867e-002
3.713323e+003,3.698854e-002
3.713805e+003,3.687461e-002
3.714288e+003,3.677112e-002
3.714770e+003,3.668561e-002
3.715252e+003,3.662010e-002
3.715734e+003,3.657485e-002
3.716216e+003,3.654773e-002
3.716698e+003,3.653584e-002
3.717180e+003,3.653516e-002
3.717662e+003,3.654255e-002
3.718145e+003,3.655560e-002
3.718627e+003,3.657257e-002
3.719109e+003,3.659219e-002
3.719591e+003,3.661647e-002
3.720073e+003,3.664719e-002
3.720555e+003,3.668788e-002
3.721037e+003,3.673905e-002
3.721520e+003,3.679717e-002
3.722001e+003,3.685417e-002
3.722484e+003,3.689844e-002
3.722966e+003,3.691988e-002
3.723448e+003,3.691494e-002
3.723930e+003,3.688854e-002
3.724412e+003,3.685317e-002
3.724894e+003,3.682461e-002
3.725376e+003,3.681611e-002
3.725859e+003,3.683313e-002
3.726341e+003,3.687074e-002
3.726823e+003,3.691555e-002
3.727305e+003,3.695115e-002
3.727787e+003,3.696934e-002
3.728269e+003,3.696856e-002
3.728751e+003,3.695374e-002
3.729233e+003,3.693299e-002
3.729716e+003,3.691323e-002
3.730198e+003,3.689803e-002
3.730680e+003,3.688711e-002
3.731162e+003,3.687607e-002
3.731644e+003,3.686161e-002
3.732126e+003,3.684423e-002
3.732608e+003,3.683065e-002
3.733090e+003,3.683351e-002
3.733573e+003,3.686497e-002
3.734055e+003,3.692783e-002
3.734537e+003,3.701121e-002
3.735019e+003,3.708765e-002
3.735501e+003,3.712967e-002
3.735983e+003,3.712369e-002
3.736465e+003,3.707921e-002
3.736948e+003,3.701964e-002
3.737430e+003,3.696779e-002
3.737912e+003,3.693543e-002
3.738394e+003,3.692436e-002
3.738876e+003,3.692646e-002
3.739358e+003,3.693261e-002
3.739840e+003,3.693142e-002
3.740322e+003,3.691678e-002
3.740804e+003,3.688705e-002
3.741287e+003,3.684970e-002
3.741769e+003,3.681628e-002
3.742251e+003,3.680327e-002
3.742733e+003,3.683376e-002
3.743215e+003,3.692985e-002
3.743697e+003,3.709793e-002
3.744179e+003,3.731087e-002
3.744661e+003,3.750917e-002
3.745144e+003,3.764086e-002
3.745626e+003,3.768788e-002
3.746108e+003,3.766237e-002
3.746590e+003,3.758743e-002
3.747072e+003,3.748402e-002
3.747554e+003,3.737068e-002
3.748036e+003,3.726506e-002
3.748518e+003,3.718777e-002
3.749000e+003,3.716002e-002
3.749483e+003,3.719478e-002
3.749965e+003,3.728958e-002
3.750447e+003,3.741860e-002
3.750929e+003,3.754728e-002
3.751411e+003,3.764395e-002
3.751893e+003,3.769140e-002
3.752375e+003,3.769179e-002
3.752858e+003,3.765680e-002
3.753340e+003,3.759852e-002
3.753822e+003,3.752762e-002
3.754304e+003,3.745122e-002
3.754786e+003,3.737571e-002
3.755268e+003,3.730629e-002
3.755750e+003,3.724945e-002
3.756232e+003,3.721018e-002
3.756715e+003,3.719267e-002
3.757197e+003,3.719681e-002
3.757679e+003,3.721967e-002
3.758161e+003,3.725221e-002
3.758643e+003,3.728783e-002
3.759125e+003,3.731937e-002
3.759607e+003,3.734289e-002
3.760089e+003,3.735584e-002
3.760572e+003,3.736012e-002
3.761054e+003,3.735802e-002
3.761536e+003,3.735325e-002
3.762018e+003,3.735001e-002
3.762500e+003,3.735428e-002
3.762982e+003,3.737092e-002
3.763464e+003,3.740328e-002
3.763947e+003,3.744890e-002
3.764428e+003,3.749964e-002
3.764911e+003,3.753789e-002
3.765393e+003,3.754831e-002
3.765875e+003,3.752260e-002
3.766357e+003,3.746497e-002
3.766839e+003,3.739148e-002
3.767321e+003,3.732373e-002
3.767803e+003,3.728150e-002
3.768286e+003,3.728168e-002
3.768768e+003,3.732682e-002
3.769250e+003,3.740557e-002
3.769732e+003,3.749164e-002
3.770214e+003,3.755612e-002
3.770696e+003,3.757946e-002
3.771178e+003,3.756125e-002
3.771660e+003,3.751234e-002
3.772143e+003,3.744950e-002
3.772625e+003,3.738829e-002
3.773107e+003,3.733974e-002
3.773589e+003,3.730997e-002
3.774071e+003,3.730053e-002
3.774553e+003,3.731081e-002
3.775035e+003,3.733655e-002
3.775517e+003,3.737294e-002
3.776000e+003,3.741470e-002
3.776482e+003,3.745647e-002
3.776964e+003,3.749467e-002
3.777446e+003,3.752699e-002
3.777928e+003,3.755329e-002
3.778410e+003,3.757551e-002
3.778892e+003,3.759568e-002
3.779375e+003,3.761470e-002
3.779856e+003,3.763129e-002
3.780339e+003,3.764262e-002
3.780821e+003,3.764653e-002
3.781303e+003,3.764351e-002
3.781785e+003,3.763715e-002
3.782267e+003,3.763464e-002
3.782749e+003,3.764303e-002
3.783231e+003,3.766809e-002
3.783714e+003,3.771022e-002
3.784196e+003,3.776199e-002
3.784678e+003,3.781042e-002
3.785160e+003,3.784091e-002
3.785642e+003,3.784624e-002
3.786124e+003,3.782615e-002
3.786606e+003,3.778989e-002
3.787088e+003,3.774951e-002
3.787571e+003,3.771592e-002
3.788053e+003,3.769697e-002
3.788535e+003,3.769290e-002
3.789017e+003,3.770142e-002
3.789499e+003,3.771688e-002
3.789981e+003,3.773529e-002
3.790463e+003,3.775372e-002
3.790945e+003,3.777150e-002
3.791427e+003,3.778941e-002
3.791910e+003,3.780862e-002
3.792392e+003,3.782873e-002
3.792874e+003,3.785026e-002
3.793356e+003,3.787655e-002
3.793838e+003,3.791197e-002
3.794320e+003,3.796259e-002
3.794802e+003,3.803381e-002
3.795284e+003,3.812461e-002
3.795767e+003,3.822328e-002
3.796249e+003,3.830718e-002
3.796731e+003,3.835235e-002
3.797213e+003,3.834357e-002
3.797695e+003,3.828121e-002
3.798177e+003,3.817942e-002
3.798659e+003,3.806061e-002
3.799142e+003,3.795312e-002
3.799624e+003,3.788733e-002
3.800106e+003,3.789395e-002
3.800588e+003,3.798716e-002
3.801070e+003,3.814973e-002
3.801552e+003,3.832667e-002
3.802034e+003,3.845492e-002
3.802516e+003,3.850352e-002
3.802999e+003,3.848015e-002
3.803481e+003,3.841150e-002
3.803963e+003,3.832556e-002
3.804445e+003,3.824578e-002
3.804927e+003,3.819024e-002
3.805409e+003,3.817314e-002
3.805891e+003,3.819979e-002
3.806373e+003,3.826129e-002
3.806855e+003,3.833469e-002
3.807338e+003,3.839222e-002
3.807820e+003,3.841671e-002
3.808302e+003,3.840724e-002
3.808784e+003,3.837606e-002
3.809266e+003,3.833778e-002
3.809748e+003,3.830478e-002
3.810230e+003,3.828482e-002
3.810712e+003,3.827984e-002
3.811195e+003,3.828740e-002
3.811677e+003,3.830181e-002
3.812159e+003,3.831803e-002
3.812641e+003,3.833399e-002
3.813123e+003,3.835280e-002
3.813605e+003,3.838158e-002
3.814087e+003,3.842847e-002
3.814570e+003,3.849917e-002
3.815052e+003,3.858865e-002
3.815534e+003,3.867777e-002
3.816016e+003,3.874103e-002
3.816498e+003,3.876263e-002
3.816980e+003,3.874486e-002
3.817462e+003,3.870328e-002
3.817944e+003,3.865740e-002
3.818427e+003,3.862512e-002
3.818909e+003,3.861950e-002
3.819391e+003,3.864912e-002
3.819873e+003,3.871074e-002
3.820355e+003,3.878923e-002
3.820837e+003,3.885361e-002
3.821319e+003,3.887614e-002
3.821801e+003,3.885148e-002
3.822283e+003,3.879442e-002
3.822766e+003,3.872567e-002
3.823248e+003,3.866157e-002
3.823730e+003,3.861380e-002
3.824212e+003,3.858974e-002
3.824694e+003,3.859240e-002
3.825176e+003,3.862334e-002
3.825658e+003,3.867738e-002
3.826140e+003,3.874364e-002
3.826623e+003,3.880550e-002
3.827105e+003,3.885101e-002
3.827587e+003,3.887395e-002
3.828069e+003,3.887767e-002
3.828551e+003,3.887102e-002
3.829033e+003,3.886475e-002
3.829515e+003,3.886652e-002
3.829998e+003,3.888168e-002
3.830479e+003,3.890736e-002
3.830962e+003,3.893707e-002
3.831444e+003,3.895991e-002
3.831926e+003,3.896987e-002
3.832408e+003,3.896542e-002
3.832890e+003,3.895134e-002
3.833372e+003,3.893570e-002
3.833854e+003,3.892564e-002
3.834337e+003,3.892455e-002
3.834819e+003,3.893270e-002
3.835301e+003,3.894657e-002
3.835783e+003,3.896526e-002
3.836265e+003,3.899020e-002
3.836747e+003,3.902476e-002
3.837229e+003,3.907458e-002
3.837711e+003,3.913924e-002
3.838194e+003,3.921172e-002
3.838676e+003,3.927473e-002
3.839158e+003,3.931261e-002
3.839640e+003,3.931677e-002
3.840122e+003,3.929057e-002
3.840604e+003,3.924651e-002
3.841086e+003,3.919932e-002
3.841568e+003,3.916202e-002
3.842051e+003,3.914256e-002
3.842533e+003,3.914005e-002
3.843015e+003,3.914756e-002
3.843497e+003,3.915548e-002
3.843979e+003,3.915478e-002
3.844461e+003,3.914260e-002
3.844943e+003,3.912183e-002
3.845426e+003,3.909960e-002
3.845907e+003,3.908455e-002
3.846390e+003,3.908279e-002
3.846872e+003,3.909865e-002
3.847354e+003,3.913096e-002
3.847836e+003,3.917541e-002
3.848318e+003,3.922405e-002
3.848800e+003,3.926734e-002
3.849282e+003,3.929459e-002
3.849765e+003,3.929925e-002
3.850247e+003,3.927870e-002
3.850729e+003,3.923608e-002
3.851211e+003,3.918364e-002
3.851693e+003,3.914426e-002
3.852175e+003,3.914916e-002
3.852657e+003,3.922541e-002
3.853139e+003,3.936520e-002
3.853622e+003,3.952099e-002
3.854104e+003,3.964048e-002
3.854586e+003,3.970403e-002
3.855068e+003,3.972090e-002
3.855550e+003,3.971003e-002
3.856032e+003,3.968779e-002
3.856514e+003,3.966396e-002
3.856996e+003,3.964341e-002
3.857479e+003,3.962663e-002
3.857961e+003,3.961156e-002
3.858443e+003,3.959714e-002
3.858925e+003,3.958336e-002
3.859407e+003,3.957234e-002
3.859889e+003,3.956719e-002
3.860371e+003,3.957148e-002
3.860854e+003,3.958691e-002
3.861336e+003,3.961477e-002
3.861818e+003,3.965221e-002
3.862300e+003,3.969713e-002
3.862782e+003,3.974729e-002
3.863264e+003,3.979997e-002
3.863746e+003,3.985082e-002
3.864228e+003,3.989159e-002
3.864710e+003,3.991204e-002
3.865193e+003,3.990574e-002
3.865675e+003,3.987229e-002
3.866157e+003,3.981902e-002
3.866639e+003,3.975970e-002
3.867121e+003,3.970942e-002
3.867603e+003,3.968380e-002
3.868085e+003,3.969649e-002
3.868567e+003,3.975367e-002
3.869050e+003,3.984487e-002
3.869532e+003,3.993924e-002
3.870014e+003,3.999925e-002
3.870496e+003,4.000817e-002
3.870978e+003,3.997440e-002
3.871460e+003,3.992381e-002
3.871942e+003,3.988241e-002
3.872424e+003,3.986911e-002
3.872906e+003,3.988984e-002
3.873389e+003,3.993911e-002
3.873871e+003,3.999704e-002
3.874353e+003,4.003870e-002
3.874835e+003,4.004921e-002
3.875317e+003,4.002500e-002
3.875799e+003,3.997554e-002
3.876281e+003,3.991501e-002
3.876764e+003,3.985671e-002
3.877246e+003,3.981220e-002
3.877728e+003,3.979241e-002
3.878210e+003,3.980552e-002
3.878692e+003,3.985890e-002
3.879174e+003,3.995414e-002
3.879656e+003,4.008087e-002
3.880138e+003,4.021383e-002
3.880621e+003,4.032128e-002
3.881103e+003,4.037871e-002
3.881585e+003,4.037872e-002
3.882067e+003,4.033117e-002
3.882549e+003,4.025766e-002
3.883031e+003,4.018135e-002
3.883513e+003,4.012533e-002
3.883995e+003,4.010830e-002
3.884478e+003,4.013700e-002
3.884960e+003,4.020315e-002
3.885442e+003,4.027763e-002
3.885924e+003,4.032878e-002
3.886406e+003,4.033760e-002
3.886888e+003,4.030594e-002
3.887370e+003,4.024934e-002
3.887853e+003,4.018665e-002
3.888334e+003,4.013358e-002
3.888817e+003,4.010201e-002
3.889299e+003,4.009867e-002
3.889781e+003,4.012713e-002
3.890263e+003,4.018372e-002
3.890745e+003,4.025986e-002
3.891227e+003,4.034183e-002
3.891709e+003,4.041669e-002
3.892192e+003,4.047374e-002
3.892674e+003,4.050888e-002
3.893156e+003,4.052155e-002
3.893638e+003,4.051494e-002
3.894120e+003,4.049353e-002
3.894602e+003,4.046470e-002
3.895084e+003,4.043508e-002
3.895566e+003,4.041352e-002
3.896049e+003,4.040794e-002
3.896531e+003,4.042378e-002
3.897013e+003,4.046330e-002
3.897495e+003,4.052545e-002
3.897977e+003,4.060375e-002
3.898459e+003,4.068631e-002
3.898941e+003,4.076068e-002
3.899423e+003,4.081574e-002
3.899906e+003,4.084647e-002
3.900388e+003,4.085457e-002
3.900870e+003,4.084796e-002
3.901352e+003,4.083646e-002
3.901834e+003,4.083052e-002
3.902316e+003,4.083569e-002
3.902798e+003,4.085267e-002
3.903281e+003,4.087387e-002
3.903762e+003,4.088873e-002
3.904245e+003,4.088424e-002
3.904727e+003,4.085297e-002
3.905209e+003,4.079611e-002
3.905691e+003,4.072148e-002
3.906173e+003,4.064060e-002
3.906655e+003,4.056302e-002
3.907137e+003,4.049842e-002
3.907620e+003,4.045184e-002
3.908102e+003,4.042606e-002
3.908584e+003,4.042163e-002
3.909066e+003,4.043816e-002
3.909548e+003,4.047339e-002
3.910030e+003,4.052482e-002
3.910512e+003,4.058728e-002
3.910994e+003,4.065347e-002
3.911477e+003,4.071517e-002
3.911959e+003,4.076280e-002
3.912441e+003,4.079080e-002
3.912923e+003,4.079781e-002
3.913405e+003,4.078836e-002
3.913887e+003,4.077227e-002
3.914369e+003,4.076161e-002
3.914851e+003,4.076969e-002
3.915333e+003,4.080620e-002
3.915816e+003,4.087356e-002
3.916298e+003,4.096353e-002
3.916780e+003,4.106203e-002
3.917262e+003,4.115125e-002
3.917744e+003,4.121657e-002
3.918226e+003,4.125130e-002
3.918708e+003,4.125625e-002
3.919190e+003,4.123843e-002
3.919673e+003,4.120785e-002
3.920155e+003,4.117592e-002
3.920637e+003,4.115384e-002
3.921119e+003,4.114931e-002
3.921601e+003,4.116702e-002
3.922083e+003,4.120869e-002
3.922565e+003,4.127022e-002
3.923048e+003,4.134307e-002
3.923530e+003,4.141303e-002
3.924012e+003,4.146488e-002
3.924494e+003,4.148662e-002
3.924976e+003,4.147533e-002
3.925458e+003,4.143671e-002
3.925940e+003,4.138463e-002
3.926422e+003,4.133306e-002
3.926905e+003,4.129254e-002
3.927387e+003,4.126935e-002
3.927869e+003,4.126388e-002
3.928351e+003,4.127415e-002
3.928833e+003,4.129522e-002
3.929315e+003,4.132203e-002
3.929797e+003,4.135111e-002
3.930279e+003,4.137820e-002
3.930761e+003,4.140209e-002
3.931244e+003,4.142051e-002
3.931726e+003,4.143226e-002
3.932208e+003,4.143455e-002
3.932690e+003,4.142694e-002
3.933172e+003,4.140998e-002
3.933654e+003,4.138622e-002
3.934136e+003,4.135924e-002
3.934618e+003,4.133426e-002
3.935101e+003,4.131555e-002
3.935583e+003,4.130618e-002
3.936065e+003,4.130883e-002
3.936547e+003,4.132271e-002
3.937029e+003,4.134675e-002
3.937511e+003,4.137534e-002
3.937993e+003,4.140607e-002
3.938476e+003,4.143400e-002
3.938958e+003,4.145953e-002
3.939440e+003,4.148480e-002
3.939922e+003,4.151516e-002
3.940404e+003,4.155622e-002
3.940886e+003,4.161175e-002
3.941368e+003,4.168013e-002
3.941850e+003,4.175227e-002
3.942333e+003,4.181387e-002
3.942815e+003,4.184990e-002
3.943297e+003,4.185021e-002
3.943779e+003,4.181569e-002
3.944261e+003,4.175584e-002
3.944743e+003,4.168541e-002
3.945225e+003,4.162006e-002
3.945707e+003,4.157117e-002
3.946189e+003,4.154503e-002
3.946672e+003,4.154313e-002
3.947154e+003,4.156148e-002
3.947636e+003,4.159229e-002
3.948118e+003,4.162833e-002
3.948600e+003,4.166371e-002
3.949082e+003,4.169333e-002
3.949564e+003,4.171652e-002
3.950046e+003,4.173261e-002
3.950529e+003,4.174051e-002
3.951011e+003,4.173998e-002
3.951493e+003,4.173219e-002
3.951975e+003,4.171930e-002
3.952457e+003,4.170548e-002
3.952939e+003,4.169513e-002
3.953421e+003,4.169391e-002
3.953904e+003,4.170383e-002
3.954385e+003,4.172556e-002
3.954868e+003,4.175696e-002
3.955350e+003,4.179401e-002
3.955832e+003,4.183268e-002
3.956314e+003,4.186948e-002
3.956796e+003,4.190145e-002
3.957278e+003,4.192778e-002
3.957760e+003,4.194847e-002
3.958243e+003,4.196367e-002
3.958725e+003,4.197456e-002
3.959207e+003,4.198249e-002
3.959689e+003,4.198841e-002
3.960171e+003,4.199231e-002
3.960653e+003,4.199339e-002
3.961135e+003,4.198976e-002
3.961617e+003,4.197819e-002
3.962100e+003,4.195748e-002
3.962582e+003,4.192706e-002
3.963064e+003,4.189032e-002
3.963546e+003,4.185464e-002
3.964028e+003,4.182703e-002
3.964510e+003,4.181435e-002
3.964992e+003,4.181930e-002
3.965474e+003,4.184108e-002
3.965957e+003,4.187471e-002
3.966439e+003,4.191253e-002
3.966921e+003,4.194617e-002
3.967403e+003,4.197228e-002
3.967885e+003,4.198803e-002
3.968367e+003,4.199623e-002
3.968849e+003,4.200092e-002
3.969332e+003,4.200711e-002
3.969813e+003,4.201854e-002
3.970296e+003,4.203712e-002
3.970778e+003,4.206286e-002
3.971260e+003,4.209371e-002
3.971742e+003,4.212796e-002
3.972224e+003,4.216287e-002
3.972706e+003,4.219510e-002
3.973188e+003,4.222208e-002
3.973671e+003,4.224231e-002
3.974153e+003,4.225581e-002
3.974635e+003,4.226498e-002
3.975117e+003,4.227362e-002
3.975599e+003,4.228658e-002
3.976081e+003,4.230655e-002
3.976563e+003,4.233437e-002
3.977045e+003,4.236692e-002
3.977528e+003,4.239960e-002
3.978010e+003,4.242703e-002
3.978492e+003,4.244542e-002
3.978974e+003,4.245461e-002
3.979456e+003,4.245638e-002
3.979938e+003,4.245490e-002
3.980420e+003,4.245383e-002
3.980902e+003,4.245505e-002
3.981385e+003,4.245992e-002
3.981867e+003,4.246763e-002
3.982349e+003,4.247710e-002
3.982831e+003,4.248765e-002
3.983313e+003,4.250010e-002
3.983795e+003,4.251512e-002
3.984277e+003,4.253312e-002
3.984760e+003,4.255315e-002
3.985242e+003,4.257237e-002
3.985724e+003,4.258862e-002
3.986206e+003,4.260054e-002
3.986688e+003,4.260813e-002
3.987170e+003,4.261247e-002
3.987652e+003,4.261559e-002
3.988134e+003,4.261925e-002
3.988616e+003,4.262318e-002
3.989099e+003,4.262631e-002
3.989581e+003,4.262631e-002
3.990063e+003,4.262280e-002
3.990545e+003,4.261697e-002
3.991027e+003,4.261208e-002
3.991509e+003,4.261168e-002
3.991991e+003,4.261845e-002
3.992473e+003,4.263295e-002
3.992956e+003,4.265288e-002
3.993438e+003,4.267471e-002
3.993920e+003,4.269356e-002
3.994402e+003,4.270672e-002
3.994884e+003,4.271214e-002
3.995366e+003,4.271146e-002
3.995848e+003,4.270630e-002
3.996330e+003,4.269897e-002
3.996813e+003,4.269191e-002
3.997295e+003,4.268687e-002
3.997777e+003,4.268537e-002
3.998259e+003,4.269052e-002
3.998741e+003,4.270314e-002
3.999223e+003,4.272445e-002
3.999705e+003,4.275418e-002
4.000188e+003,4.278827e-002
