3.996813e+002,0.000000e+000
4.001635e+002,1.127070e-002
4.006456e+002,1.137703e-002
4.011277e+002,1.148687e-002
4.016098e+002,1.160258e-002
4.020919e+002,1.173140e-002
4.025741e+002,1.187935e-002
4.030562e+002,1.205022e-002
4.035383e+002,1.223981e-002
4.040204e+002,1.243774e-002
4.045026e+002,1.262829e-002
4.049847e+002,1.279686e-002
4.054668e+002,1.293227e-002
4.059489e+002,1.303448e-002
4.064311e+002,1.311403e-002
4.069132e+002,1.319091e-002
4.073953e+002,1.328194e-002
4.078774e+002,1.339583e-002
4.083596e+002,1.352774e-002
4.088417e+002,1.366441e-002
4.093238e+002,1.378751e-002
4.098059e+002,1.388402e-002
4.102881e+002,1.395149e-002
4.107702e+002,1.400328e-002
4.112523e+002,1.405968e-002
4.117344e+002,1.414158e-002
4.122166e+002,1.426079e-002
4.126987e+002,1.441859e-002
4.131808e+002,1.460279e-002
4.136629e+002,1.479275e-002
4.141451e+002,1.496419e-002
4.146272e+002,1.509862e-002
4.151093e+002,1.518474e-002
4.155914e+002,1.521647e-002
4.160736e+002,1.518833e-002
4.165557e+002,1.509265e-002
4.170378e+002,1.492154e-002
4.175200e+002,1.467773e-002
4.180021e+002,1.439085e-002
4.184842e+002,1.412854e-002
4.189663e+002,1.396559e-002
4.194484e+002,1.393164e-002
4.199306e+002,1.399374e-002
4.204127e+002,1.409586e-002
4.208948e+002,1.419565e-002
4.213770e+002,1.427921e-002
4.218591e+002,1.435317e-002
4.223412e+002,1.443713e-002
4.228233e+002,1.454974e-002
4.233055e+002,1.470302e-002
4.237876e+002,1.489536e-002
4.242697e+002,1.511182e-002
4.247518e+002,1.532868e-002
4.252339e+002,1.552325e-002
4.257161e+002,1.568232e-002
4.261982e+002,1.580698e-002
4.266803e+002,1.590712e-002
4.271624e+002,1.599481e-002
4.276446e+002,1.607718e-002
4.281267e+002,1.615733e-002
4.286088e+002,1.623458e-002
4.290909e+002,1.631018e-002
4.295731e+002,1.638816e-002
4.300552e+002,1.647756e-002
4.305373e+002,1.658614e-002
4.310194e+002,1.671699e-002
4.315016e+002,1.686368e-002
4.319837e+002,1.701303e-002
4.324658e+002,1.714780e-002
4.329479e+002,1.725550e-002
4.334301e+002,1.733188e-002
4.339122e+002,1.738326e-002
4.343943e+002,1.742120e-002
4.348764e+002,1.745636e-002
4.353586e+002,1.749218e-002
4.358407e+002,1.752552e-002
4.363228e+002,1.754865e-002
4.368049e+002,1.755710e-002
4.372870e+002,1.755245e-002
4.377692e+002,1.754503e-002
4.382513e+002,1.754607e-002
4.387334e+002,1.756355e-002
4.392155e+002,1.759830e-002
4.396977e+002,1.764643e-002
4.401798e+002,1.770100e-002
4.406619e+002,1.775789e-002
4.411440e+002,1.781798e-002
4.416262e+002,1.788888e-002
4.421083e+002,1.797908e-002
4.425904e+002,1.809283e-002
4.430725e+002,1.822445e-002
4.435547e+002,1.836144e-002
4.440368e+002,1.848823e-002
4.445189e+002,1.859528e-002
4.450010e+002,1.868089e-002
4.454832e+002,1.875376e-002
4.459653e+002,1.882468e-002
4.464474e+002,1.890133e-002
4.469295e+002,1.898264e-002
4.474117e+002,1.906036e-002
4.478938e+002,1.912229e-002
4.483759e+002,1.916140e-002
4.488580e+002,1.917876e-002
4.493401e+002,1.918506e-002
4.498223e+002,1.919395e-002
4.503044e+002,1.921584e-002
4.507865e+002,1.925268e-002
4.512687e+002,1.929783e-002
4.517508e+002,1.933816e-002
4.522329e+002,1.936133e-002
4.527150e+002,1.936141e-002
4.531971e+002,1.934265e-002
4.536793e+002,1.931462e-002
4.541614e+002,1.928517e-002
4.546435e+002,1.925481e-002
4.551257e+002,1.921717e-002
4.556078e+002,1.916252e-002
4.560899e+002,1.908376e-002
4.565720e+002,1.898400e-002
4.570542e+002,1.888156e-002
4.575363e+002,1.880421e-002
4.580184e+002,1.877747e-002
4.585005e+002,1.881009e-002
4.589827e+002,1.889463e-002
4.594648e+002,1.901311e-002
4.599469e+002,1.914828e-002
4.604290e+002,1.928823e-002
4.609112e+002,1.942792e-002
4.613933e+002,1.956433e-002
4.618754e+002,1.969274e-002
4.623575e+002,1.980506e-002
4.628397e+002,1.989232e-002
4.633218e+002,1.994884e-002
4.638039e+002,1.997843e-002
4.642860e+002,1.999423e-002
4.647682e+002,2.001650e-002
4.652503e+002,2.006326e-002
4.657324e+002,2.014405e-002
4.662145e+002,2.025432e-002
4.666967e+002,2.037700e-002
4.671788e+002,2.048701e-002
4.676609e+002,2.056242e-002
4.681430e+002,2.059328e-002
4.686252e+002,2.058660e-002
4.691073e+002,2.055947e-002
4.695894e+002,2.053144e-002
4.700715e+002,2.051538e-002
4.705536e+002,2.051710e-002
4.710358e+002,2.053625e-002
4.715179e+002,2.057126e-002
4.720000e+002,2.062290e-002
4.724821e+002,2.069548e-002
4.729643e+002,2.079221e-002
4.734464e+002,2.091104e-002
4.739285e+002,2.104182e-002
4.744106e+002,2.117059e-002
4.748928e+002,2.128387e-002
4.753749e+002,2.137494e-002
4.758570e+002,2.144490e-002
4.763391e+002,2.150315e-002
4.768213e+002,2.156165e-002
4.773034e+002,2.162919e-002
4.777855e+002,2.170661e-002
4.782676e+002,2.178763e-002
4.787498e+002,2.186162e-002
4.792319e+002,2.192095e-002
4.797140e+002,2.196475e-002
4.801961e+002,2.200095e-002
4.806783e+002,2.204076e-002
4.811604e+002,2.209404e-002
4.816425e+002,2.216309e-002
4.821246e+002,2.224310e-002
4.826068e+002,2.232474e-002
4.830889e+002,2.239992e-002
4.835710e+002,2.246650e-002
4.840531e+002,2.253044e-002
4.845352e+002,2.260050e-002
4.850174e+002,2.268197e-002
4.854995e+002,2.277180e-002
4.859816e+002,2.285934e-002
4.864637e+002,2.293132e-002
4.869459e+002,2.297934e-002
4.874280e+002,2.300393e-002
4.879101e+002,2.301609e-002
4.883922e+002,2.303084e-002
4.888744e+002,2.306076e-002
4.893565e+002,2.310996e-002
4.898386e+002,2.317379e-002
4.903207e+002,2.324049e-002
4.908029e+002,2.329852e-002
4.912850e+002,2.334140e-002
4.917671e+002,2.337218e-002
4.922492e+002,2.339911e-002
4.927314e+002,2.343110e-002
4.932135e+002,2.347145e-002
4.936956e+002,2.351754e-002
4.941777e+002,2.356317e-002
4.946599e+002,2.360470e-002
4.951420e+002,2.364346e-002
4.956241e+002,2.368736e-002
4.961062e+002,2.374525e-002
4.965884e+002,2.382260e-002
4.970705e+002,2.391608e-002
4.975526e+002,2.401556e-002
4.980347e+002,2.410749e-002
4.985169e+002,2.418278e-002
4.989990e+002,2.424103e-002
4.994811e+002,2.429281e-002
4.999633e+002,2.435342e-002
5.004454e+002,2.443665e-002
5.009275e+002,2.454655e-002
5.014096e+002,2.467497e-002
5.018917e+002,2.480263e-002
5.023739e+002,2.490858e-002
5.028560e+002,2.497979e-002
5.033381e+002,2.501783e-002
5.038203e+002,2.503454e-002
5.043024e+002,2.504455e-002
5.047845e+002,2.505685e-002
5.052666e+002,2.507348e-002
5.057487e+002,2.508984e-002
5.062309e+002,2.510064e-002
5.067130e+002,2.510367e-002
5.071951e+002,2.510371e-002
5.076772e+002,2.510933e-002
5.081594e+002,2.512853e-002
5.086415e+002,2.516376e-002
5.091236e+002,2.521145e-002
5.096057e+002,2.526318e-002
5.100879e+002,2.531177e-002
5.105700e+002,2.535348e-002
5.110521e+002,2.539061e-002
5.115342e+002,2.542882e-002
5.120164e+002,2.547309e-002
5.124985e+002,2.552417e-002
5.129806e+002,2.557854e-002
5.134627e+002,2.563028e-002
5.139448e+002,2.567571e-002
5.144270e+002,2.571634e-002
5.149091e+002,2.576062e-002
5.153912e+002,2.581965e-002
5.158734e+002,2.590330e-002
5.163555e+002,2.601432e-002
5.168376e+002,2.614693e-002
5.173197e+002,2.628846e-002
5.178019e+002,2.642538e-002
5.182840e+002,2.654919e-002
5.187661e+002,2.666022e-002
5.192482e+002,2.676397e-002
5.197303e+002,2.686682e-002
5.202125e+002,2.697030e-002
5.206946e+002,2.707100e-002
5.211767e+002,2.716211e-002
5.216588e+002,2.723884e-002
5.221410e+002,2.730135e-002
5.226231e+002,2.735613e-002
5.231052e+002,2.741253e-002
5.235873e+002,2.747912e-002
5.240695e+002,2.755953e-002
5.245516e+002,2.765138e-002
5.250337e+002,2.774698e-002
5.255159e+002,2.783817e-002
5.259980e+002,2.791937e-002
5.264801e+002,2.799068e-002
5.269622e+002,2.805484e-002
5.274443e+002,2.811347e-002
5.279265e+002,2.816353e-002
5.284086e+002,2.819904e-002
5.288907e+002,2.821294e-002
5.293728e+002,2.820308e-002
5.298550e+002,2.817385e-002
5.303371e+002,2.813711e-002
5.308192e+002,2.810602e-002
5.313013e+002,2.809024e-002
5.317834e+002,2.809056e-002
5.322656e+002,2.809892e-002
5.327477e+002,2.810202e-002
5.332299e+002,2.808757e-002
5.337120e+002,2.804950e-002
5.341941e+002,2.799077e-002
5.346762e+002,2.792047e-002
5.351583e+002,2.784963e-002
5.356404e+002,2.778594e-002
5.361226e+002,2.773287e-002
5.366047e+002,2.769011e-002
5.370868e+002,2.765671e-002
5.375690e+002,2.763389e-002
5.380511e+002,2.762470e-002
5.385332e+002,2.763178e-002
5.390153e+002,2.765431e-002
5.394974e+002,2.768587e-002
5.399796e+002,2.771672e-002
5.404617e+002,2.773657e-002
5.409438e+002,2.774015e-002
5.414260e+002,2.772930e-002
5.419081e+002,2.771282e-002
5.423902e+002,2.770185e-002
5.428723e+002,2.770388e-002
5.433544e+002,2.771915e-002
5.438365e+002,2.774133e-002
5.443187e+002,2.776042e-002
5.448008e+002,2.776837e-002
5.452830e+002,2.776363e-002
5.457651e+002,2.775224e-002
5.462472e+002,2.774400e-002
5.467293e+002,2.774758e-002
5.472114e+002,2.776582e-002
5.476936e+002,2.779560e-002
5.481757e+002,2.783032e-002
5.486578e+002,2.786554e-002
5.491400e+002,2.790105e-002
5.496221e+002,2.794278e-002
5.501042e+002,2.799776e-002
5.505863e+002,2.807018e-002
5.510684e+002,2.815679e-002
5.515505e+002,2.824888e-002
5.520327e+002,2.833417e-002
5.525148e+002,2.840395e-002
5.529969e+002,2.845602e-002
5.534791e+002,2.849659e-002
5.539612e+002,2.853551e-002
5.544433e+002,2.858192e-002
5.549254e+002,2.863878e-002
5.554076e+002,2.870263e-002
5.558896e+002,2.876531e-002
5.563718e+002,2.882027e-002
5.568539e+002,2.886578e-002
5.573361e+002,2.890714e-002
5.578182e+002,2.895355e-002
5.583003e+002,2.901325e-002
5.587825e+002,2.908891e-002
5.592645e+002,2.917743e-002
5.597467e+002,2.927139e-002
5.602288e+002,2.936401e-002
5.607109e+002,2.945291e-002
5.611931e+002,2.954238e-002
5.616752e+002,2.963987e-002
5.621573e+002,2.975292e-002
5.626394e+002,2.988420e-002
5.631216e+002,3.003091e-002
5.636037e+002,3.018659e-002
5.640858e+002,3.034527e-002
5.645679e+002,3.050480e-002
5.650500e+002,3.066832e-002
5.655322e+002,3.084162e-002
5.660143e+002,3.102862e-002
5.664965e+002,3.122765e-002
5.669785e+002,3.143177e-002
5.674607e+002,3.163095e-002
5.679428e+002,3.181869e-002
5.684249e+002,3.199577e-002
5.689070e+002,3.217224e-002
5.693892e+002,3.236278e-002
5.698713e+002,3.257952e-002
5.703534e+002,3.282569e-002
5.708356e+002,3.309330e-002
5.713177e+002,3.336572e-002
5.717998e+002,3.362446e-002
5.722819e+002,3.385565e-002
5.727640e+002,3.405510e-002
5.732462e+002,3.422679e-002
5.737283e+002,3.437871e-002
5.742104e+002,3.451668e-002
5.746925e+002,3.464130e-002
5.751747e+002,3.474763e-002
5.756568e+002,3.482877e-002
5.761389e+002,3.488068e-002
5.766210e+002,3.490493e-002
5.771031e+002,3.490702e-002
5.775853e+002,3.489289e-002
5.780674e+002,3.486416e-002
5.785496e+002,3.481781e-002
5.790317e+002,3.474862e-002
5.795138e+002,3.465352e-002
5.799959e+002,3.453564e-002
5.804780e+002,3.440559e-002
5.809601e+002,3.427738e-002
5.814423e+002,3.416306e-002
5.819244e+002,3.406680e-002
5.824066e+002,3.398493e-002
5.828887e+002,3.390824e-002
5.833708e+002,3.382800e-002
5.838529e+002,3.373998e-002
5.843350e+002,3.364699e-002
5.848171e+002,3.355599e-002
5.852993e+002,3.347410e-002
5.857814e+002,3.340411e-002
5.862635e+002,3.334406e-002
5.867457e+002,3.328807e-002
5.872278e+002,3.323182e-002
5.877099e+002,3.317443e-002
5.881920e+002,3.311999e-002
5.886741e+002,3.307438e-002
5.891563e+002,3.304240e-002
5.896384e+002,3.302397e-002
5.901205e+002,3.301491e-002
5.906027e+002,3.300856e-002
5.910848e+002,3.300042e-002
5.915669e+002,3.299037e-002
5.920490e+002,3.298378e-002
5.925311e+002,3.298685e-002
5.930133e+002,3.300316e-002
5.934954e+002,3.302981e-002
5.939775e+002,3.305925e-002
5.944597e+002,3.308250e-002
5.949418e+002,3.309476e-002
5.954239e+002,3.309768e-002
5.959060e+002,3.310036e-002
5.963882e+002,3.311416e-002
5.968702e+002,3.314777e-002
5.973524e+002,3.320286e-002
5.978345e+002,3.327360e-002
5.983167e+002,3.334932e-002
5.987988e+002,3.342016e-002
5.992809e+002,3.348086e-002
5.997630e+002,3.353296e-002
6.002451e+002,3.358199e-002
6.007273e+002,3.363336e-002
6.012094e+002,3.368790e-002
6.016915e+002,3.374210e-002
6.021736e+002,3.378933e-002
6.026558e+002,3.382469e-002
6.031379e+002,3.384811e-002
6.036200e+002,3.386541e-002
6.041022e+002,3.388494e-002
6.045842e+002,3.391387e-002
6.050664e+002,3.395431e-002
6.055485e+002,3.400285e-002
6.060306e+002,3.405255e-002
6.065128e+002,3.409743e-002
6.069949e+002,3.413552e-002
6.074770e+002,3.416990e-002
6.079591e+002,3.420547e-002
6.084413e+002,3.424526e-002
6.089234e+002,3.428702e-002
6.094055e+002,3.432279e-002
6.098876e+002,3.434208e-002
6.103698e+002,3.433618e-002
6.108519e+002,3.430239e-002
6.113340e+002,3.424529e-002
6.118162e+002,3.417442e-002
6.122983e+002,3.410001e-002
6.127804e+002,3.402882e-002
6.132625e+002,3.396343e-002
6.137446e+002,3.390257e-002
6.142267e+002,3.384488e-002
6.147089e+002,3.379076e-002
6.151910e+002,3.374379e-002
6.156731e+002,3.370798e-002
6.161553e+002,3.368570e-002
6.166374e+002,3.367500e-002
6.171195e+002,3.367019e-002
6.176016e+002,3.366396e-002
6.180837e+002,3.365200e-002
6.185659e+002,3.363395e-002
6.190480e+002,3.361397e-002
6.195302e+002,3.359713e-002
6.200123e+002,3.358579e-002
6.204944e+002,3.357754e-002
6.209765e+002,3.356593e-002
6.214586e+002,3.354359e-002
6.219407e+002,3.350653e-002
6.224229e+002,3.345638e-002
6.229050e+002,3.340084e-002
6.233871e+002,3.334940e-002
6.238693e+002,3.330951e-002
6.243514e+002,3.328277e-002
6.248335e+002,3.326515e-002
6.253156e+002,3.324939e-002
6.257977e+002,3.322905e-002
6.262798e+002,3.320214e-002
6.267620e+002,3.317172e-002
6.272441e+002,3.314285e-002
6.277263e+002,3.311918e-002
6.282084e+002,3.310000e-002
6.286905e+002,3.308047e-002
6.291726e+002,3.305443e-002
6.296547e+002,3.301777e-002
6.301368e+002,3.297134e-002
6.306190e+002,3.292116e-002
6.311011e+002,3.287501e-002
6.315833e+002,3.283915e-002
6.320654e+002,3.281467e-002
6.325475e+002,3.279782e-002
6.330296e+002,3.278231e-002
6.335117e+002,3.276344e-002
6.339939e+002,3.274088e-002
6.344760e+002,3.271953e-002
6.349581e+002,3.270612e-002
6.354402e+002,3.270604e-002
6.359224e+002,3.271966e-002
6.364045e+002,3.274269e-002
6.368866e+002,3.276811e-002
6.373687e+002,3.279044e-002
6.378508e+002,3.280818e-002
6.383330e+002,3.282415e-002
6.388151e+002,3.284258e-002
6.392972e+002,3.286603e-002
6.397794e+002,3.289277e-002
6.402615e+002,3.291732e-002
6.407436e+002,3.293312e-002
6.412257e+002,3.293673e-002
6.417079e+002,3.292984e-002
6.421899e+002,3.291940e-002
6.426721e+002,3.291374e-002
6.431542e+002,3.291882e-002
6.436364e+002,3.293463e-002
6.441185e+002,3.295659e-002
6.446006e+002,3.297713e-002
6.450827e+002,3.299149e-002
6.455648e+002,3.299882e-002
6.460470e+002,3.300403e-002
6.465291e+002,3.301319e-002
6.470112e+002,3.303024e-002
6.474933e+002,3.305367e-002
6.479755e+002,3.307743e-002
6.484576e+002,3.309447e-002
6.489397e+002,3.310136e-002
6.494219e+002,3.310102e-002
6.499040e+002,3.310305e-002
6.503861e+002,3.311836e-002
6.508682e+002,3.315459e-002
6.513503e+002,3.321140e-002
6.518325e+002,3.328117e-002
6.523146e+002,3.335223e-002
6.527968e+002,3.341484e-002
6.532788e+002,3.346486e-002
6.537610e+002,3.350558e-002
6.542431e+002,3.354371e-002
6.547252e+002,3.358514e-002
6.552073e+002,3.363035e-002
6.556895e+002,3.367444e-002
6.561716e+002,3.370977e-002
6.566537e+002,3.373097e-002
6.571359e+002,3.373857e-002
6.576179e+002,3.373944e-002
6.581001e+002,3.374315e-002
6.585822e+002,3.375716e-002
6.590643e+002,3.378233e-002
6.595464e+002,3.381287e-002
6.600286e+002,3.383918e-002
6.605107e+002,3.385343e-002
6.609928e+002,3.385366e-002
6.614750e+002,3.384482e-002
6.619571e+002,3.383529e-002
6.624392e+002,3.383196e-002
6.629213e+002,3.383655e-002
6.634034e+002,3.384419e-002
6.638856e+002,3.384657e-002
6.643677e+002,3.383623e-002
6.648499e+002,3.380996e-002
6.653320e+002,3.376985e-002
6.658141e+002,3.372224e-002
6.662962e+002,3.367525e-002
6.667783e+002,3.363652e-002
6.672605e+002,3.361202e-002
6.677426e+002,3.360362e-002
6.682247e+002,3.360995e-002
6.687068e+002,3.362710e-002
6.691890e+002,3.365252e-002
6.696711e+002,3.368372e-002
6.701532e+002,3.371740e-002
6.706353e+002,3.374805e-002
6.711174e+002,3.376925e-002
6.715996e+002,3.377515e-002
6.720817e+002,3.376343e-002
6.725638e+002,3.373696e-002
6.730460e+002,3.370369e-002
6.735281e+002,3.367372e-002
6.740102e+002,3.365474e-002
6.744923e+002,3.364772e-002
6.749745e+002,3.364801e-002
6.754565e+002,3.364746e-002
6.759387e+002,3.364015e-002
6.764208e+002,3.362572e-002
6.769030e+002,3.361027e-002
6.773851e+002,3.360235e-002
6.778672e+002,3.360837e-002
6.783493e+002,3.362855e-002
6.788314e+002,3.365691e-002
6.793136e+002,3.368409e-002
6.797957e+002,3.370310e-002
6.802778e+002,3.371242e-002
6.807599e+002,3.371752e-002
6.812421e+002,3.372756e-002
6.817242e+002,3.375018e-002
6.822063e+002,3.378763e-002
6.826885e+002,3.383684e-002
6.831705e+002,3.389072e-002
6.836527e+002,3.394409e-002
6.841348e+002,3.399576e-002
6.846169e+002,3.405004e-002
6.850991e+002,3.411320e-002
6.855812e+002,3.418951e-002
6.860634e+002,3.427763e-002
6.865454e+002,3.437151e-002
6.870276e+002,3.446294e-002
6.875096e+002,3.454648e-002
6.879918e+002,3.462280e-002
6.884739e+002,3.469879e-002
6.889561e+002,3.478353e-002
6.894382e+002,3.488291e-002
6.899203e+002,3.499632e-002
6.904025e+002,3.511681e-002
6.908845e+002,3.523572e-002
6.913667e+002,3.534802e-002
6.918488e+002,3.545625e-002
6.923309e+002,3.557055e-002
6.928130e+002,3.570367e-002
6.932952e+002,3.586518e-002
6.937773e+002,3.605572e-002
6.942594e+002,3.626703e-002
6.947416e+002,3.648636e-002
6.952236e+002,3.670239e-002
6.957058e+002,3.691163e-002
6.961879e+002,3.711947e-002
6.966700e+002,3.733734e-002
6.971522e+002,3.757580e-002
6.976343e+002,3.783859e-002
6.981165e+002,3.812122e-002
6.985985e+002,3.841382e-002
6.990807e+002,3.870742e-002
6.995628e+002,3.899967e-002
7.000449e+002,3.929707e-002
7.005270e+002,3.961179e-002
7.010092e+002,3.995495e-002
7.014913e+002,4.033092e-002
7.019734e+002,4.073514e-002
7.024556e+002,4.115682e-002
7.029377e+002,4.158608e-002
7.034198e+002,4.201986e-002
7.039019e+002,4.246551e-002
7.043840e+002,4.293732e-002
7.048662e+002,4.345029e-002
7.053483e+002,4.401225e-002
7.058304e+002,4.462254e-002
7.063125e+002,4.527417e-002
7.067947e+002,4.596170e-002
7.072768e+002,4.668844e-002
7.077589e+002,4.747063e-002
7.082410e+002,4.833383e-002
7.087231e+002,4.930557e-002
7.092053e+002,5.040865e-002
7.096874e+002,5.165923e-002
7.101696e+002,5.307239e-002
7.106517e+002,5.467350e-002
7.111338e+002,5.650870e-002
7.116159e+002,5.865044e-002
7.120980e+002,6.119053e-002
7.125802e+002,6.422543e-002
7.130623e+002,6.783471e-002
7.135444e+002,7.206304e-002
7.140265e+002,7.690855e-002
7.145087e+002,8.232225e-002
7.149908e+002,8.821299e-002
7.154729e+002,9.445561e-002
7.159550e+002,1.008892e-001
7.164371e+002,1.073024e-001
7.169193e+002,1.134102e-001
7.174014e+002,1.188374e-001
7.178835e+002,1.231325e-001
7.183657e+002,1.258293e-001
7.188478e+002,1.265546e-001
7.193299e+002,1.251462e-001
7.198120e+002,1.217261e-001
7.202942e+002,1.166891e-001
7.207762e+002,1.106076e-001
7.212584e+002,1.041003e-001
7.217405e+002,9.771437e-002
7.222227e+002,9.185494e-002
7.227048e+002,8.676493e-002
7.231869e+002,8.254405e-002
7.236691e+002,7.918905e-002
7.241511e+002,7.664198e-002
7.246333e+002,7.483247e-002
7.251154e+002,7.370820e-002
7.255975e+002,7.324512e-002
7.260797e+002,7.343879e-002
7.265618e+002,7.427612e-002
7.270439e+002,7.569897e-002
7.275260e+002,7.756566e-002
7.280082e+002,7.962871e-002
7.284902e+002,8.153661e-002
7.289724e+002,8.287224e-002
7.294545e+002,8.322668e-002
7.299366e+002,8.229625e-002
7.304188e+002,7.996971e-002
7.309009e+002,7.636768e-002
7.313831e+002,7.181408e-002
7.318651e+002,6.675115e-002
7.323473e+002,6.163450e-002
7.328293e+002,5.684640e-002
7.333115e+002,5.264386e-002
7.337936e+002,4.914665e-002
7.342758e+002,4.635467e-002
7.347579e+002,4.418510e-002
7.352400e+002,4.251501e-002
7.357222e+002,4.121907e-002
7.362042e+002,4.019311e-002
7.366864e+002,3.936276e-002
7.371685e+002,3.867831e-002
7.376506e+002,3.810612e-002
7.381328e+002,3.761962e-002
7.386149e+002,3.719600e-002
7.390970e+002,3.681619e-002
7.395791e+002,3.646693e-002
7.400613e+002,3.614196e-002
7.405434e+002,3.584008e-002
7.410255e+002,3.556190e-002
7.415076e+002,3.530711e-002
7.419897e+002,3.507204e-002
7.424719e+002,3.485135e-002
7.429540e+002,3.464012e-002
7.434362e+002,3.443655e-002
7.439182e+002,3.424228e-002
7.444004e+002,3.406145e-002
7.448825e+002,3.389757e-002
7.453646e+002,3.375211e-002
7.458467e+002,3.362259e-002
7.463289e+002,3.350493e-002
7.468110e+002,3.339458e-002
7.472931e+002,3.328937e-002
7.477753e+002,3.318982e-002
7.482574e+002,3.309831e-002
7.487395e+002,3.301736e-002
7.492216e+002,3.294804e-002
7.497037e+002,3.288912e-002
7.501859e+002,3.283812e-002
7.506680e+002,3.279263e-002
7.511501e+002,3.275166e-002
7.516322e+002,3.271572e-002
7.521144e+002,3.268676e-002
7.525965e+002,3.266580e-002
7.530786e+002,3.265303e-002
7.535608e+002,3.264673e-002
7.540428e+002,3.264508e-002
7.545250e+002,3.264708e-002
7.550071e+002,3.265349e-002
7.554893e+002,3.266676e-002
7.559714e+002,3.268924e-002
7.564535e+002,3.272189e-002
7.569356e+002,3.276316e-002
7.574177e+002,3.280829e-002
7.578999e+002,3.285176e-002
7.583820e+002,3.288814e-002
7.588641e+002,3.291431e-002
7.593463e+002,3.292918e-002
7.598284e+002,3.293368e-002
7.603105e+002,3.292869e-002
7.607926e+002,3.291422e-002
7.612748e+002,3.288849e-002
7.617568e+002,3.284903e-002
7.622390e+002,3.279296e-002
7.627211e+002,3.271884e-002
7.632032e+002,3.262682e-002
7.636854e+002,3.251889e-002
7.641675e+002,3.239810e-002
7.646496e+002,3.226776e-002
7.651317e+002,3.213082e-002
7.656139e+002,3.199000e-002
7.660959e+002,3.184717e-002
7.665781e+002,3.170430e-002
7.670602e+002,3.156275e-002
7.675424e+002,3.142368e-002
7.680245e+002,3.128739e-002
7.685066e+002,3.115338e-002
7.689888e+002,3.101957e-002
7.694708e+002,3.088352e-002
7.699530e+002,3.074239e-002
7.704351e+002,3.059407e-002
7.709172e+002,3.043771e-002
7.713994e+002,3.027423e-002
7.718815e+002,3.010589e-002
7.723636e+002,2.993667e-002
7.728457e+002,2.977048e-002
7.733279e+002,2.961133e-002
7.738099e+002,2.946207e-002
7.742921e+002,2.932435e-002
7.747742e+002,2.919853e-002
7.752563e+002,2.908359e-002
7.757385e+002,2.897729e-002
7.762206e+002,2.887704e-002
7.767028e+002,2.877967e-002
7.771848e+002,2.868291e-002
7.776670e+002,2.858509e-002
7.781491e+002,2.848601e-002
7.786312e+002,2.838692e-002
7.791133e+002,2.828969e-002
7.795955e+002,2.819676e-002
7.800776e+002,2.810949e-002
7.805597e+002,2.802809e-002
7.810419e+002,2.795165e-002
7.815239e+002,2.787834e-002
7.820061e+002,2.780664e-002
7.824882e+002,2.773575e-002
7.829703e+002,2.766614e-002
7.834525e+002,2.759882e-002
7.839346e+002,2.753520e-002
7.844167e+002,2.747563e-002
7.848988e+002,2.741949e-002
7.853810e+002,2.736515e-002
7.858631e+002,2.731114e-002
7.863452e+002,2.725621e-002
7.868273e+002,2.720087e-002
7.873094e+002,2.714647e-002
7.877916e+002,2.709499e-002
7.882737e+002,2.704763e-002
7.887559e+002,2.700459e-002
7.892380e+002,2.696470e-002
7.897201e+002,2.692615e-002
7.902022e+002,2.688714e-002
7.906843e+002,2.684757e-002
7.911665e+002,2.680807e-002
7.916486e+002,2.677075e-002
7.921307e+002,2.673722e-002
7.926128e+002,2.670841e-002
7.930950e+002,2.668365e-002
7.935771e+002,2.666112e-002
7.940592e+002,2.663832e-002
7.945413e+002,2.661348e-002
7.950234e+002,2.658562e-002
7.955056e+002,2.655491e-002
7.959877e+002,2.652165e-002
7.964698e+002,2.648640e-002
7.969520e+002,2.644858e-002
7.974341e+002,2.640724e-002
7.979162e+002,2.636104e-002
7.983983e+002,2.630961e-002
7.988805e+002,2.625314e-002
7.993625e+002,2.619288e-002
7.998447e+002,2.613019e-002
8.003268e+002,2.606646e-002
8.008090e+002,2.600221e-002
8.012911e+002,2.593733e-002
8.017732e+002,2.587141e-002
8.022553e+002,2.580468e-002
8.027374e+002,2.573790e-002
8.032196e+002,2.567238e-002
8.037017e+002,2.560891e-002
8.041838e+002,2.554778e-002
8.046660e+002,2.548760e-002
8.051481e+002,2.542657e-002
8.056302e+002,2.536304e-002
8.061123e+002,2.529607e-002
8.065945e+002,2.522626e-002
8.070765e+002,2.515531e-002
8.075587e+002,2.508479e-002
8.080408e+002,2.501620e-002
8.085229e+002,2.494888e-002
8.090051e+002,2.488190e-002
8.094872e+002,2.481324e-002
8.099694e+002,2.474235e-002
8.104514e+002,2.466968e-002
8.109336e+002,2.459666e-002
8.114156e+002,2.452512e-002
8.118978e+002,2.445593e-002
8.123799e+002,2.438860e-002
8.128621e+002,2.432145e-002
8.133442e+002,2.425224e-002
8.138263e+002,2.417963e-002
8.143085e+002,2.410383e-002
8.147905e+002,2.402611e-002
8.152727e+002,2.394835e-002
8.157548e+002,2.387226e-002
8.162369e+002,2.379805e-002
8.167191e+002,2.372498e-002
8.172012e+002,2.365198e-002
8.176833e+002,2.357834e-002
8.181654e+002,2.350435e-002
8.186476e+002,2.343138e-002
8.191296e+002,2.336005e-002
8.196118e+002,2.329061e-002
8.200939e+002,2.322110e-002
8.205760e+002,2.314862e-002
8.210582e+002,2.306989e-002
8.215403e+002,2.298268e-002
8.220225e+002,2.288655e-002
8.225045e+002,2.278327e-002
8.229867e+002,2.267528e-002
8.234688e+002,2.256580e-002
8.239509e+002,2.245723e-002
8.244330e+002,2.235180e-002
8.249152e+002,2.225151e-002
8.253973e+002,2.215887e-002
8.258794e+002,2.207713e-002
8.263616e+002,2.200843e-002
8.268437e+002,2.195359e-002
8.273258e+002,2.191035e-002
8.278079e+002,2.187394e-002
8.282900e+002,2.183833e-002
8.287722e+002,2.179753e-002
8.292543e+002,2.174859e-002
8.297365e+002,2.169171e-002
8.302185e+002,2.163002e-002
8.307007e+002,2.156777e-002
8.311828e+002,2.150914e-002
8.316649e+002,2.145619e-002
8.321470e+002,2.140938e-002
8.326292e+002,2.136816e-002
8.331113e+002,2.133251e-002
8.335934e+002,2.130290e-002
8.340756e+002,2.128080e-002
8.345577e+002,2.126667e-002
8.350398e+002,2.126050e-002
8.355219e+002,2.126016e-002
8.360040e+002,2.126305e-002
8.364862e+002,2.126691e-002
8.369683e+002,2.127120e-002
8.374504e+002,2.127686e-002
8.379325e+002,2.128558e-002
8.384147e+002,2.129756e-002
8.388968e+002,2.131151e-002
8.393789e+002,2.132285e-002
8.398610e+002,2.132639e-002
8.403431e+002,2.131785e-002
8.408253e+002,2.129656e-002
8.413074e+002,2.126536e-002
8.417896e+002,2.123041e-002
8.422717e+002,2.119823e-002
8.427538e+002,2.117371e-002
8.432359e+002,2.115764e-002
8.437180e+002,2.114779e-002
8.442002e+002,2.113963e-002
8.446823e+002,2.112911e-002
8.451644e+002,2.111448e-002
8.456465e+002,2.109687e-002
8.461287e+002,2.107903e-002
8.466108e+002,2.106401e-002
8.470929e+002,2.105350e-002
8.475751e+002,2.104767e-002
8.480571e+002,2.104518e-002
8.485393e+002,2.104471e-002
8.490214e+002,2.104553e-002
8.495035e+002,2.104848e-002
8.499857e+002,2.105371e-002
8.504678e+002,2.106133e-002
8.509499e+002,2.106996e-002
8.514320e+002,2.107754e-002
8.519142e+002,2.108158e-002
8.523962e+002,2.108110e-002
8.528784e+002,2.107639e-002
8.533605e+002,2.106951e-002
8.538427e+002,2.106255e-002
8.543248e+002,2.105739e-002
8.548069e+002,2.105444e-002
8.552891e+002,2.105345e-002
8.557711e+002,2.105409e-002
8.562533e+002,2.105713e-002
8.567354e+002,2.106436e-002
8.572175e+002,2.107769e-002
8.576996e+002,2.109841e-002
8.581818e+002,2.112586e-002
8.586639e+002,2.115685e-002
8.591460e+002,2.118741e-002
8.596282e+002,2.121356e-002
8.601102e+002,2.123408e-002
8.605924e+002,2.124963e-002
8.610745e+002,2.126275e-002
8.615566e+002,2.127610e-002
8.620388e+002,2.129106e-002
8.625209e+002,2.130624e-002
8.630031e+002,2.131896e-002
8.634851e+002,2.132588e-002
8.639673e+002,2.132500e-002
8.644494e+002,2.131646e-002
8.649315e+002,2.130197e-002
8.654136e+002,2.128325e-002
8.658958e+002,2.126132e-002
8.663779e+002,2.123485e-002
8.668600e+002,2.120145e-002
8.673422e+002,2.115816e-002
8.678242e+002,2.110358e-002
8.683064e+002,2.103821e-002
8.687885e+002,2.096404e-002
8.692706e+002,2.088336e-002
8.697527e+002,2.079746e-002
8.702349e+002,2.070582e-002
8.707170e+002,2.060702e-002
8.711991e+002,2.049966e-002
8.716813e+002,2.038448e-002
8.721634e+002,2.026413e-002
8.726455e+002,2.014303e-002
8.731276e+002,2.002497e-002
8.736097e+002,1.991213e-002
8.740919e+002,1.980391e-002
8.745740e+002,1.969832e-002
8.750562e+002,1.959346e-002
8.755382e+002,1.948990e-002
8.760204e+002,1.939058e-002
8.765025e+002,1.930016e-002
8.769846e+002,1.922260e-002
8.774668e+002,1.915926e-002
8.779489e+002,1.910766e-002
8.784310e+002,1.906321e-002
8.789131e+002,1.902108e-002
8.793953e+002,1.897905e-002
8.798774e+002,1.893882e-002
8.803595e+002,1.890563e-002
8.808416e+002,1.888523e-002
8.813237e+002,1.888238e-002
8.818059e+002,1.889842e-002
8.822880e+002,1.893154e-002
8.827701e+002,1.897836e-002
8.832523e+002,1.903575e-002
8.837344e+002,1.910163e-002
8.842165e+002,1.917595e-002
8.846986e+002,1.925793e-002
8.851808e+002,1.934675e-002
8.856628e+002,1.943946e-002
8.861450e+002,1.953263e-002
8.866271e+002,1.962319e-002
8.871093e+002,1.970996e-002
8.875914e+002,1.979363e-002
8.880735e+002,1.987635e-002
8.885556e+002,1.995965e-002
8.890377e+002,2.004354e-002
8.895199e+002,2.012585e-002
8.900020e+002,2.020340e-002
8.904841e+002,2.027361e-002
8.909662e+002,2.033601e-002
8.914484e+002,2.039197e-002
8.919305e+002,2.044437e-002
8.924126e+002,2.049457e-002
8.928948e+002,2.054243e-002
8.933768e+002,2.058495e-002
8.938590e+002,2.061792e-002
8.943411e+002,2.063820e-002
8.948232e+002,2.064554e-002
8.953054e+002,2.064230e-002
8.957875e+002,2.063342e-002
8.962697e+002,2.062282e-002
8.967517e+002,2.061249e-002
8.972339e+002,2.060082e-002
8.977159e+002,2.058457e-002
8.981981e+002,2.056046e-002
8.986802e+002,2.052843e-002
8.991624e+002,2.049140e-002
8.996445e+002,2.045521e-002
9.001266e+002,2.042540e-002
9.006088e+002,2.040516e-002
9.010908e+002,2.039356e-002
9.015730e+002,2.038685e-002
9.020551e+002,2.038000e-002
9.025372e+002,2.037041e-002
9.030193e+002,2.035863e-002
9.035015e+002,2.034819e-002
9.039836e+002,2.034390e-002
9.044657e+002,2.034917e-002
9.049479e+002,2.036443e-002
9.054299e+002,2.038675e-002
9.059121e+002,2.041190e-002
9.063942e+002,2.043624e-002
9.068763e+002,2.045788e-002
9.073585e+002,2.047698e-002
9.078406e+002,2.049445e-002
9.083228e+002,2.051041e-002
9.088048e+002,2.052310e-002
9.092870e+002,2.053022e-002
9.097691e+002,2.052938e-002
9.102512e+002,2.052104e-002
9.107333e+002,2.050830e-002
9.112155e+002,2.049660e-002
9.116976e+002,2.049145e-002
9.121797e+002,2.049604e-002
9.126619e+002,2.051010e-002
9.131440e+002,2.053043e-002
9.136261e+002,2.055239e-002
9.141082e+002,2.057303e-002
9.145903e+002,2.059123e-002
9.150724e+002,2.060872e-002
9.155546e+002,2.062805e-002
9.160367e+002,2.065122e-002
9.165189e+002,2.067785e-002
9.170010e+002,2.070579e-002
9.174831e+002,2.073237e-002
9.179652e+002,2.075605e-002
9.184473e+002,2.077711e-002
9.189294e+002,2.079738e-002
9.194116e+002,2.081911e-002
9.198937e+002,2.084313e-002
9.203759e+002,2.086839e-002
9.208580e+002,2.089275e-002
9.213401e+002,2.091427e-002
9.218222e+002,2.093333e-002
9.223043e+002,2.095274e-002
9.227864e+002,2.097691e-002
9.232686e+002,2.100963e-002
9.237507e+002,2.105263e-002
9.242328e+002,2.110377e-002
9.247150e+002,2.115924e-002
9.251971e+002,2.121468e-002
9.256792e+002,2.126835e-002
9.261613e+002,2.132146e-002
9.266434e+002,2.137854e-002
9.271255e+002,2.144451e-002
9.276077e+002,2.152283e-002
9.280898e+002,2.161334e-002
9.285720e+002,2.171326e-002
9.290541e+002,2.181821e-002
9.295362e+002,2.192529e-002
9.300183e+002,2.203336e-002
9.305004e+002,2.214417e-002
9.309826e+002,2.225940e-002
9.314647e+002,2.238003e-002
9.319468e+002,2.250393e-002
9.324290e+002,2.262637e-002
9.329111e+002,2.274095e-002
9.333932e+002,2.284231e-002
9.338753e+002,2.292692e-002
9.343574e+002,2.299367e-002
9.348396e+002,2.304297e-002
9.353217e+002,2.307582e-002
9.358038e+002,2.309227e-002
9.362859e+002,2.309192e-002
9.367681e+002,2.307441e-002
9.372502e+002,2.304149e-002
9.377323e+002,2.299676e-002
9.382144e+002,2.294566e-002
9.386966e+002,2.289340e-002
9.391787e+002,2.284361e-002
9.396608e+002,2.279630e-002
9.401429e+002,2.274937e-002
9.406251e+002,2.269934e-002
9.411072e+002,2.264473e-002
9.415893e+002,2.258567e-002
9.420714e+002,2.252601e-002
9.425536e+002,2.246974e-002
9.430357e+002,2.242017e-002
9.435178e+002,2.237735e-002
9.439999e+002,2.233878e-002
9.444821e+002,2.230038e-002
9.449642e+002,2.225884e-002
9.454463e+002,2.221210e-002
9.459284e+002,2.216034e-002
9.464106e+002,2.210409e-002
9.468927e+002,2.204291e-002
9.473748e+002,2.197426e-002
9.478569e+002,2.189355e-002
9.483391e+002,2.179644e-002
9.488212e+002,2.168112e-002
9.493033e+002,2.154956e-002
9.497855e+002,2.140767e-002
9.502676e+002,2.126360e-002
9.507497e+002,2.112480e-002
9.512318e+002,2.099638e-002
9.517139e+002,2.087986e-002
9.521960e+002,2.077444e-002
9.526782e+002,2.067942e-002
9.531603e+002,2.059464e-002
9.536425e+002,2.052194e-002
9.541246e+002,2.046333e-002
9.546067e+002,2.042043e-002
9.550888e+002,2.039279e-002
9.555709e+002,2.037830e-002
9.560530e+002,2.037428e-002
9.565352e+002,2.037919e-002
9.570173e+002,2.039303e-002
9.574995e+002,2.041723e-002
9.579816e+002,2.045291e-002
9.584637e+002,2.049964e-002
9.589458e+002,2.055415e-002
9.594279e+002,2.061161e-002
9.599100e+002,2.066742e-002
9.603922e+002,2.071916e-002
9.608743e+002,2.076707e-002
9.613564e+002,2.081432e-002
9.618386e+002,2.086406e-002
9.623207e+002,2.091893e-002
9.628028e+002,2.097774e-002
9.632849e+002,2.103808e-002
9.637670e+002,2.109586e-002
9.642491e+002,2.114896e-002
9.647313e+002,2.119782e-002
9.652134e+002,2.124502e-002
9.656956e+002,2.129422e-002
9.661777e+002,2.134833e-002
9.666598e+002,2.140802e-002
9.671419e+002,2.147212e-002
9.676240e+002,2.153864e-002
9.681061e+002,2.160721e-002
9.685883e+002,2.167967e-002
9.690704e+002,2.175967e-002
9.695526e+002,2.185142e-002
9.700347e+002,2.195756e-002
9.705168e+002,2.207859e-002
9.709989e+002,2.221231e-002
9.714810e+002,2.235582e-002
9.719631e+002,2.250721e-002
9.724453e+002,2.266662e-002
9.729274e+002,2.283640e-002
9.734095e+002,2.301943e-002
9.738917e+002,2.321777e-002
9.743738e+002,2.343133e-002
9.748559e+002,2.365837e-002
9.753380e+002,2.389602e-002
9.758201e+002,2.414288e-002
9.763023e+002,2.439922e-002
9.767844e+002,2.466788e-002
9.772665e+002,2.495247e-002
9.777487e+002,2.525695e-002
9.782308e+002,2.558366e-002
9.787129e+002,2.593403e-002
9.791950e+002,2.630844e-002
9.796771e+002,2.670813e-002
9.801593e+002,2.713512e-002
9.806414e+002,2.759233e-002
9.811235e+002,2.808224e-002
9.816057e+002,2.860679e-002
9.820878e+002,2.916552e-002
9.825699e+002,2.975678e-002
9.830520e+002,3.037832e-002
9.835342e+002,3.102876e-002
9.840163e+002,3.170840e-002
9.844984e+002,3.241953e-002
9.849805e+002,3.316584e-002
9.854626e+002,3.395109e-002
9.859448e+002,3.477812e-002
9.864269e+002,3.564800e-002
9.869090e+002,3.655988e-002
9.873912e+002,3.751158e-002
9.878733e+002,3.850038e-002
9.883554e+002,3.952393e-002
9.888375e+002,4.058127e-002
9.893196e+002,4.167252e-002
9.898018e+002,4.279879e-002
9.902839e+002,4.396062e-002
9.907660e+002,4.515686e-002
9.912482e+002,4.638433e-002
9.917303e+002,4.763681e-002
9.922124e+002,4.890698e-002
9.926945e+002,5.018652e-002
9.931766e+002,5.146874e-002
9.936588e+002,5.274732e-002
9.941409e+002,5.401614e-002
9.946230e+002,5.526802e-002
9.951052e+002,5.649362e-002
9.955873e+002,5.768225e-002
9.960694e+002,5.882383e-002
9.965515e+002,5.991173e-002
9.970336e+002,6.094389e-002
9.975157e+002,6.192255e-002
9.979979e+002,6.285223e-002
9.984800e+002,6.373603e-002
9.989622e+002,6.457467e-002
9.994443e+002,6.536587e-002
9.999264e+002,6.610791e-002
1.000409e+003,6.680144e-002
1.000891e+003,6.745293e-002
1.001373e+003,6.807282e-002
1.001855e+003,6.867334e-002
1.002337e+003,6.926437e-002
1.002819e+003,6.985106e-002
1.003301e+003,7.043402e-002
1.003783e+003,7.101130e-002
1.004266e+003,7.158243e-002
1.004748e+003,7.215050e-002
1.005230e+003,7.272223e-002
1.005712e+003,7.330627e-002
1.006194e+003,7.390898e-002
1.006676e+003,7.453451e-002
1.007158e+003,7.518291e-002
1.007640e+003,7.585470e-002
1.008122e+003,7.655320e-002
1.008605e+003,7.728609e-002
1.009087e+003,7.806544e-002
1.009569e+003,7.890335e-002
1.010051e+003,7.980848e-002
1.010533e+003,8.078400e-002
1.011015e+003,8.182804e-002
1.011497e+003,8.293664e-002
1.011979e+003,8.410847e-002
1.012462e+003,8.534700e-002
1.012944e+003,8.665962e-002
1.013426e+003,8.805353e-002
1.013908e+003,8.953084e-002
1.014390e+003,9.108476e-002
1.014872e+003,9.270014e-002
1.015354e+003,9.435768e-002
1.015836e+003,9.604046e-002
1.016319e+003,9.773851e-002
1.016801e+003,9.945012e-002
1.017283e+003,1.011773e-001
1.017765e+003,1.029193e-001
1.018247e+003,1.046687e-001
1.018729e+003,1.064095e-001
1.019211e+003,1.081224e-001
1.019693e+003,1.097914e-001
1.020176e+003,1.114092e-001
1.020658e+003,1.129779e-001
1.021140e+003,1.145035e-001
1.021622e+003,1.159877e-001
1.022104e+003,1.174233e-001
1.022586e+003,1.187930e-001
1.023068e+003,1.200754e-001
1.023550e+003,1.212535e-001
1.024033e+003,1.223211e-001
1.024515e+003,1.232826e-001
1.024997e+003,1.241470e-001
1.025479e+003,1.249183e-001
1.025961e+003,1.255905e-001
1.026443e+003,1.261474e-001
1.026925e+003,1.265700e-001
1.027407e+003,1.268466e-001
1.027890e+003,1.269787e-001
1.028372e+003,1.269805e-001
1.028854e+003,1.268713e-001
1.029336e+003,1.266650e-001
1.029818e+003,1.263644e-001
1.030300e+003,1.259626e-001
1.030782e+003,1.254506e-001
1.031264e+003,1.248277e-001
1.031747e+003,1.241076e-001
1.032229e+003,1.233173e-001
1.032711e+003,1.224883e-001
1.033193e+003,1.216473e-001
1.033675e+003,1.208089e-001
1.034157e+003,1.199770e-001
1.034639e+003,1.191504e-001
1.035121e+003,1.183321e-001
1.035604e+003,1.175338e-001
1.036086e+003,1.167752e-001
1.036568e+003,1.160766e-001
1.037050e+003,1.154510e-001
1.037532e+003,1.149005e-001
1.038014e+003,1.144159e-001
1.038496e+003,1.139858e-001
1.038979e+003,1.136023e-001
1.039461e+003,1.132677e-001
1.039943e+003,1.129924e-001
1.040425e+003,1.127881e-001
1.040907e+003,1.126601e-001
1.041389e+003,1.126032e-001
1.041871e+003,1.126021e-001
1.042353e+003,1.126386e-001
1.042835e+003,1.126999e-001
1.043318e+003,1.127829e-001
1.043800e+003,1.128944e-001
1.044282e+003,1.130442e-001
1.044764e+003,1.132371e-001
1.045246e+003,1.134683e-001
1.045728e+003,1.137239e-001
1.046210e+003,1.139881e-001
1.046692e+003,1.142500e-001
1.047175e+003,1.145101e-001
1.047657e+003,1.147783e-001
1.048139e+003,1.150673e-001
1.048621e+003,1.153831e-001
1.049103e+003,1.157216e-001
1.049585e+003,1.160678e-001
1.050067e+003,1.164045e-001
1.050549e+003,1.167202e-001
1.051031e+003,1.170150e-001
1.051514e+003,1.172996e-001
1.051996e+003,1.175869e-001
1.052478e+003,1.178832e-001
1.052960e+003,1.181818e-001
1.053442e+003,1.184642e-001
1.053924e+003,1.187075e-001
1.054406e+003,1.188946e-001
1.054889e+003,1.190210e-001
1.055371e+003,1.190936e-001
1.055853e+003,1.191237e-001
1.056335e+003,1.191165e-001
1.056817e+003,1.190646e-001
1.057299e+003,1.189484e-001
1.057781e+003,1.187433e-001
1.058263e+003,1.184303e-001
1.058746e+003,1.180027e-001
1.059228e+003,1.174663e-001
1.059710e+003,1.168331e-001
1.060192e+003,1.161124e-001
1.060674e+003,1.153065e-001
1.061156e+003,1.144106e-001
1.061638e+003,1.134212e-001
1.062120e+003,1.123444e-001
1.062603e+003,1.112003e-001
1.063085e+003,1.100209e-001
1.063567e+003,1.088424e-001
1.064049e+003,1.076958e-001
1.064531e+003,1.066016e-001
1.065013e+003,1.055702e-001
1.065495e+003,1.046082e-001
1.065977e+003,1.037251e-001
1.066460e+003,1.029371e-001
1.066942e+003,1.022662e-001
1.067424e+003,1.017346e-001
1.067906e+003,1.013575e-001
1.068388e+003,1.011406e-001
1.068870e+003,1.010805e-001
1.069352e+003,1.011702e-001
1.069834e+003,1.014047e-001
1.070317e+003,1.017837e-001
1.070799e+003,1.023102e-001
1.071281e+003,1.029841e-001
1.071763e+003,1.037958e-001
1.072245e+003,1.047211e-001
1.072727e+003,1.057225e-001
1.073209e+003,1.067563e-001
1.073691e+003,1.077795e-001
1.074174e+003,1.087574e-001
1.074656e+003,1.096646e-001
1.075138e+003,1.104804e-001
1.075620e+003,1.111828e-001
1.076102e+003,1.117446e-001
1.076584e+003,1.121347e-001
1.077066e+003,1.123259e-001
1.077548e+003,1.123028e-001
1.078031e+003,1.120673e-001
1.078513e+003,1.116364e-001
1.078995e+003,1.110339e-001
1.079477e+003,1.102806e-001
1.079959e+003,1.093897e-001
1.080441e+003,1.083678e-001
1.080923e+003,1.072214e-001
1.081406e+003,1.059646e-001
1.081888e+003,1.046231e-001
1.082370e+003,1.032299e-001
1.082852e+003,1.018183e-001
1.083334e+003,1.004135e-001
1.083816e+003,9.902882e-002
1.084298e+003,9.766768e-002
1.084780e+003,9.633063e-002
1.085262e+003,9.502199e-002
1.085745e+003,9.375342e-002
1.086227e+003,9.254163e-002
1.086709e+003,9.140307e-002
1.087191e+003,9.034755e-002
1.087673e+003,8.937615e-002
1.088155e+003,8.848301e-002
1.088637e+003,8.766024e-002
1.089119e+003,8.690464e-002
1.089602e+003,8.621877e-002
1.090084e+003,8.561033e-002
1.090566e+003,8.508696e-002
1.091048e+003,8.465174e-002
1.091530e+003,8.430148e-002
1.092012e+003,8.402781e-002
1.092494e+003,8.382217e-002
1.092976e+003,8.368075e-002
1.093458e+003,8.360551e-002
1.093941e+003,8.360309e-002
1.094423e+003,8.367886e-002
1.094905e+003,8.383271e-002
1.095387e+003,8.405595e-002
1.095869e+003,8.433335e-002
1.096351e+003,8.464771e-002
1.096833e+003,8.498564e-002
1.097316e+003,8.534056e-002
1.097798e+003,8.571227e-002
1.098280e+003,8.610178e-002
1.098762e+003,8.650655e-002
1.099244e+003,8.691692e-002
1.099726e+003,8.731685e-002
1.100208e+003,8.768871e-002
1.100690e+003,8.801876e-002
1.101173e+003,8.830138e-002
1.101655e+003,8.853849e-002
1.102137e+003,8.873570e-002
1.102619e+003,8.889644e-002
1.103101e+003,8.901884e-002
1.103583e+003,8.909603e-002
1.104065e+003,8.912025e-002
1.104547e+003,8.908770e-002
1.105030e+003,8.900212e-002
1.105512e+003,8.887298e-002
1.105994e+003,8.871160e-002
1.106476e+003,8.852609e-002
1.106958e+003,8.831792e-002
1.107440e+003,8.808387e-002
1.107922e+003,8.781890e-002
1.108404e+003,8.752195e-002
1.108886e+003,8.719840e-002
1.109369e+003,8.685830e-002
1.109851e+003,8.651207e-002
1.110333e+003,8.616631e-002
1.110815e+003,8.582167e-002
1.111297e+003,8.547419e-002
1.111779e+003,8.511963e-002
1.112261e+003,8.475757e-002
1.112744e+003,8.439339e-002
1.113226e+003,8.403619e-002
1.113708e+003,8.369426e-002
1.114190e+003,8.337010e-002
1.114672e+003,8.305973e-002
1.115154e+003,8.275394e-002
1.115636e+003,8.244327e-002
1.116118e+003,8.212299e-002
1.116601e+003,8.179527e-002
1.117083e+003,8.146802e-002
1.117565e+003,8.114924e-002
1.118047e+003,8.084317e-002
1.118529e+003,8.054731e-002
1.119011e+003,8.025382e-002
1.119493e+003,7.995308e-002
1.119975e+003,7.963871e-002
1.120458e+003,7.930948e-002
1.120940e+003,7.896923e-002
1.121422e+003,7.862276e-002
1.121904e+003,7.827208e-002
1.122386e+003,7.791482e-002
1.122868e+003,7.754523e-002
1.123350e+003,7.715718e-002
1.123832e+003,7.674835e-002
1.124314e+003,7.632109e-002
1.124797e+003,7.588157e-002
1.125279e+003,7.543611e-002
1.125761e+003,7.498837e-002
1.126243e+003,7.453708e-002
1.126725e+003,7.407819e-002
1.127207e+003,7.360804e-002
1.127689e+003,7.312613e-002
1.128172e+003,7.263673e-002
1.128654e+003,7.214696e-002
1.129136e+003,7.166380e-002
1.129618e+003,7.119121e-002
1.130100e+003,7.072987e-002
1.130582e+003,7.027775e-002
1.131064e+003,6.983447e-002
1.131546e+003,6.940343e-002
1.132029e+003,6.899210e-002
1.132511e+003,6.861086e-002
1.132993e+003,6.826894e-002
1.133475e+003,6.797158e-002
1.133957e+003,6.771972e-002
1.134439e+003,6.751058e-002
1.134921e+003,6.734162e-002
1.135403e+003,6.721256e-002
1.135885e+003,6.712717e-002
1.136368e+003,6.709164e-002
1.136850e+003,6.711232e-002
1.137332e+003,6.719316e-002
1.137814e+003,6.733444e-002
1.138296e+003,6.753399e-002
1.138778e+003,6.778947e-002
1.139260e+003,6.809970e-002
1.139742e+003,6.846732e-002
1.140225e+003,6.889562e-002
1.140707e+003,6.938817e-002
1.141189e+003,6.994487e-002
1.141671e+003,7.056198e-002
1.142153e+003,7.123231e-002
1.142635e+003,7.194888e-002
1.143117e+003,7.270600e-002
1.143599e+003,7.350224e-002
1.144082e+003,7.433818e-002
1.144564e+003,7.521443e-002
1.145046e+003,7.612815e-002
1.145528e+003,7.707140e-002
1.146010e+003,7.803165e-002
1.146492e+003,7.899503e-002
1.146974e+003,7.994956e-002
1.147457e+003,8.088733e-002
1.147939e+003,8.180396e-002
1.148421e+003,8.269519e-002
1.148903e+003,8.355335e-002
1.149385e+003,8.436491e-002
1.149867e+003,8.511101e-002
1.150349e+003,8.577140e-002
1.150831e+003,8.632922e-002
1.151313e+003,8.677343e-002
1.151796e+003,8.709871e-002
1.152278e+003,8.730206e-002
1.152760e+003,8.737823e-002
1.153242e+003,8.731778e-002
1.153724e+003,8.710843e-002
1.154206e+003,8.673868e-002
1.154688e+003,8.620321e-002
1.155170e+003,8.550535e-002
1.155653e+003,8.465526e-002
1.156135e+003,8.366573e-002
1.156617e+003,8.254808e-002
1.157099e+003,8.130980e-002
1.157581e+003,7.995626e-002
1.158063e+003,7.849452e-002
1.158545e+003,7.693607e-002
1.159027e+003,7.529803e-002
1.159510e+003,7.360041e-002
1.159992e+003,7.186192e-002
1.160474e+003,7.009687e-002
1.160956e+003,6.831533e-002
1.161438e+003,6.652449e-002
1.161920e+003,6.473350e-002
1.162402e+003,6.295385e-002
1.162885e+003,6.120015e-002
1.163367e+003,5.948635e-002
1.163849e+003,5.782229e-002
1.164331e+003,5.621230e-002
1.164813e+003,5.465645e-002
1.165295e+003,5.315180e-002
1.165777e+003,5.169742e-002
1.166259e+003,5.029441e-002
1.166741e+003,4.894647e-002
1.167224e+003,4.765764e-002
1.167706e+003,4.642984e-002
1.168188e+003,4.526221e-002
1.168670e+003,4.415192e-002
1.169152e+003,4.309586e-002
1.169634e+003,4.209166e-002
1.170116e+003,4.113796e-002
1.170598e+003,4.023386e-002
1.171081e+003,3.937699e-002
1.171563e+003,3.856310e-002
1.172045e+003,3.778657e-002
1.172527e+003,3.704249e-002
1.173009e+003,3.632810e-002
1.173491e+003,3.564388e-002
1.173973e+003,3.499216e-002
1.174455e+003,3.437545e-002
1.174938e+003,3.379401e-002
1.175420e+003,3.324520e-002
1.175902e+003,3.272389e-002
1.176384e+003,3.222479e-002
1.176866e+003,3.174424e-002
1.177348e+003,3.128101e-002
1.177830e+003,3.083578e-002
1.178313e+003,3.040908e-002
1.178795e+003,3.000052e-002
1.179277e+003,2.960812e-002
1.179759e+003,2.922877e-002
1.180241e+003,2.886112e-002
1.180723e+003,2.850585e-002
1.181205e+003,2.816620e-002
1.181687e+003,2.784677e-002
1.182169e+003,2.755076e-002
1.182652e+003,2.727877e-002
1.183134e+003,2.702869e-002
1.183616e+003,2.679665e-002
1.184098e+003,2.657992e-002
1.184580e+003,2.637751e-002
1.185062e+003,2.619076e-002
1.185544e+003,2.602178e-002
1.186026e+003,2.587138e-002
1.186509e+003,2.573822e-002
1.186991e+003,2.561872e-002
1.187473e+003,2.550922e-002
1.187955e+003,2.540805e-002
1.188437e+003,2.531706e-002
1.188919e+003,2.524074e-002
1.189401e+003,2.518468e-002
1.189883e+003,2.515304e-002
1.190366e+003,2.514618e-002
1.190848e+003,2.516166e-002
1.191330e+003,2.519502e-002
1.191812e+003,2.524299e-002
1.192294e+003,2.530413e-002
1.192776e+003,2.537928e-002
1.193258e+003,2.547023e-002
1.193740e+003,2.557749e-002
1.194223e+003,2.569912e-002
1.194705e+003,2.583113e-002
1.195187e+003,2.596881e-002
1.195669e+003,2.610930e-002
1.196151e+003,2.625254e-002
1.196633e+003,2.640035e-002
1.197115e+003,2.655552e-002
1.197597e+003,2.671900e-002
1.198080e+003,2.688871e-002
1.198562e+003,2.706040e-002
1.199044e+003,2.722854e-002
1.199526e+003,2.738938e-002
1.200008e+003,2.754193e-002
1.200490e+003,2.768767e-002
1.200972e+003,2.782889e-002
1.201454e+003,2.796689e-002
1.201937e+003,2.809973e-002
1.202419e+003,2.822310e-002
1.202901e+003,2.833229e-002
1.203383e+003,2.842375e-002
1.203865e+003,2.849739e-002
1.204347e+003,2.855638e-002
1.204829e+003,2.860500e-002
1.205312e+003,2.864682e-002
1.205794e+003,2.868246e-002
1.206276e+003,2.870972e-002
1.206758e+003,2.872496e-002
1.207240e+003,2.872511e-002
1.207722e+003,2.870991e-002
1.208204e+003,2.868213e-002
1.208686e+003,2.864590e-002
1.209168e+003,2.860551e-002
1.209651e+003,2.856206e-002
1.210133e+003,2.851469e-002
1.210615e+003,2.846053e-002
1.211097e+003,2.839791e-002
1.211579e+003,2.832724e-002
1.212061e+003,2.825180e-002
1.212543e+003,2.817643e-002
1.213025e+003,2.810551e-002
1.213508e+003,2.804158e-002
1.213990e+003,2.798409e-002
1.214472e+003,2.793159e-002
1.214954e+003,2.788322e-002
1.215436e+003,2.783965e-002
1.215918e+003,2.780414e-002
1.216400e+003,2.778046e-002
1.216882e+003,2.777112e-002
1.217365e+003,2.777668e-002
1.217847e+003,2.779482e-002
1.218329e+003,2.782212e-002
1.218811e+003,2.785624e-002
1.219293e+003,2.789707e-002
1.219775e+003,2.794627e-002
1.220257e+003,2.800676e-002
1.220740e+003,2.808023e-002
1.221222e+003,2.816616e-002
1.221704e+003,2.826240e-002
1.222186e+003,2.836612e-002
1.222668e+003,2.847604e-002
1.223150e+003,2.859285e-002
1.223632e+003,2.871918e-002
1.224114e+003,2.885788e-002
1.224596e+003,2.901008e-002
1.225079e+003,2.917387e-002
1.225561e+003,2.934486e-002
1.226043e+003,2.951792e-002
1.226525e+003,2.968939e-002
1.227007e+003,2.985868e-002
1.227489e+003,3.002757e-002
1.227971e+003,3.019882e-002
1.228453e+003,3.037452e-002
1.228936e+003,3.055437e-002
1.229418e+003,3.073595e-002
1.229900e+003,3.091569e-002
1.230382e+003,3.109180e-002
1.230864e+003,3.126420e-002
1.231346e+003,3.143523e-002
1.231828e+003,3.160768e-002
1.232310e+003,3.178334e-002
1.232792e+003,3.196129e-002
1.233275e+003,3.213778e-002
1.233757e+003,3.230850e-002
1.234239e+003,3.246957e-002
1.234721e+003,3.261941e-002
1.235203e+003,3.275864e-002
1.235685e+003,3.288930e-002
1.236167e+003,3.301341e-002
1.236650e+003,3.313117e-002
1.237132e+003,3.324150e-002
1.237614e+003,3.334298e-002
1.238096e+003,3.343493e-002
1.238578e+003,3.351884e-002
1.239060e+003,3.359751e-002
1.239542e+003,3.367381e-002
1.240024e+003,3.374932e-002
1.240507e+003,3.382249e-002
1.240989e+003,3.389015e-002
1.241471e+003,3.394826e-002
1.241953e+003,3.399436e-002
1.242435e+003,3.402896e-002
1.242917e+003,3.405501e-002
1.243399e+003,3.407691e-002
1.243881e+003,3.409741e-002
1.244364e+003,3.411682e-002
1.244846e+003,3.413307e-002
1.245328e+003,3.414237e-002
1.245810e+003,3.414232e-002
1.246292e+003,3.413292e-002
1.246774e+003,3.411730e-002
1.247256e+003,3.410009e-002
1.247738e+003,3.408521e-002
1.248220e+003,3.407469e-002
1.248703e+003,3.406812e-002
1.249185e+003,3.406386e-002
1.249667e+003,3.406079e-002
1.250149e+003,3.405942e-002
1.250631e+003,3.406223e-002
1.251113e+003,3.407214e-002
1.251595e+003,3.409128e-002
1.252078e+003,3.411938e-002
1.252560e+003,3.415470e-002
1.253042e+003,3.419495e-002
1.253524e+003,3.423960e-002
1.254006e+003,3.429055e-002
1.254488e+003,3.435217e-002
1.254970e+003,3.442844e-002
1.255452e+003,3.452147e-002
1.255935e+003,3.462953e-002
1.256417e+003,3.474782e-002
1.256899e+003,3.486991e-002
1.257381e+003,3.499091e-002
1.257863e+003,3.510854e-002
1.258345e+003,3.522338e-002
1.258827e+003,3.533698e-002
1.259309e+003,3.545000e-002
1.259792e+003,3.555970e-002
1.260274e+003,3.566097e-002
1.260756e+003,3.574694e-002
1.261238e+003,3.581284e-002
1.261720e+003,3.585688e-002
1.262202e+003,3.588117e-002
1.262684e+003,3.588951e-002
1.263166e+003,3.588579e-002
1.263648e+003,3.587119e-002
1.264131e+003,3.584463e-002
1.264613e+003,3.580356e-002
1.265095e+003,3.574630e-002
1.265577e+003,3.567392e-002
1.266059e+003,3.559109e-002
1.266541e+003,3.550388e-002
1.267023e+003,3.541776e-002
1.267505e+003,3.533616e-002
1.267988e+003,3.525938e-002
1.268470e+003,3.518559e-002
1.268952e+003,3.511342e-002
1.269434e+003,3.504284e-002
1.269916e+003,3.497598e-002
1.270398e+003,3.491567e-002
1.270880e+003,3.486365e-002
1.271363e+003,3.481901e-002
1.271845e+003,3.477795e-002
1.272327e+003,3.473626e-002
1.272809e+003,3.469145e-002
1.273291e+003,3.464382e-002
1.273773e+003,3.459686e-002
1.274255e+003,3.455540e-002
1.274737e+003,3.452311e-002
1.275219e+003,3.450055e-002
1.275702e+003,3.448530e-002
1.276184e+003,3.447326e-002
1.276666e+003,3.446103e-002
1.277148e+003,3.444815e-002
1.277630e+003,3.443724e-002
1.278112e+003,3.443262e-002
1.278594e+003,3.443798e-002
1.279076e+003,3.445498e-002
1.279559e+003,3.448228e-002
1.280041e+003,3.451716e-002
1.280523e+003,3.455743e-002
1.281005e+003,3.460278e-002
1.281487e+003,3.465579e-002
1.281969e+003,3.471973e-002
1.282451e+003,3.479743e-002
1.282933e+003,3.488889e-002
1.283416e+003,3.499227e-002
1.283898e+003,3.510445e-002
1.284380e+003,3.522360e-002
1.284862e+003,3.535039e-002
1.285344e+003,3.548776e-002
1.285826e+003,3.563997e-002
1.286308e+003,3.581009e-002
1.286791e+003,3.599815e-002
1.287273e+003,3.620109e-002
1.287755e+003,3.641421e-002
1.288237e+003,3.663329e-002
1.288719e+003,3.685653e-002
1.289201e+003,3.708475e-002
1.289683e+003,3.732029e-002
1.290165e+003,3.756531e-002
1.290647e+003,3.781980e-002
1.291130e+003,3.808117e-002
1.291612e+003,3.834554e-002
1.292094e+003,3.860978e-002
1.292576e+003,3.887236e-002
1.293058e+003,3.913449e-002
1.293540e+003,3.939858e-002
1.294022e+003,3.966655e-002
1.294504e+003,3.993767e-002
1.294987e+003,4.020897e-002
1.295469e+003,4.047550e-002
1.295951e+003,4.073255e-002
1.296433e+003,4.097708e-002
1.296915e+003,4.120971e-002
1.297397e+003,4.143246e-002
1.297879e+003,4.164840e-002
1.298361e+003,4.185899e-002
1.298844e+003,4.206364e-002
1.299326e+003,4.225953e-002
1.299808e+003,4.244401e-002
1.300290e+003,4.261622e-002
1.300772e+003,4.277751e-002
1.301254e+003,4.293180e-002
1.301736e+003,4.308379e-002
1.302219e+003,4.323713e-002
1.302701e+003,4.339387e-002
1.303183e+003,4.355405e-002
1.303665e+003,4.371770e-002
1.304147e+003,4.388499e-002
1.304629e+003,4.405753e-002
1.305111e+003,4.423794e-002
1.305593e+003,4.442829e-002
1.306075e+003,4.462881e-002
1.306558e+003,4.483757e-002
1.307040e+003,4.505086e-002
1.307522e+003,4.526521e-002
1.308004e+003,4.547802e-002
1.308486e+003,4.568980e-002
1.308968e+003,4.590276e-002
1.309450e+003,4.612072e-002
1.309932e+003,4.634687e-002
1.310415e+003,4.658325e-002
1.310897e+003,4.683090e-002
1.311379e+003,4.709066e-002
1.311861e+003,4.736346e-002
1.312343e+003,4.765098e-002
1.312825e+003,4.795468e-002
1.313307e+003,4.827479e-002
1.313789e+003,4.860912e-002
1.314272e+003,4.895362e-002
1.314754e+003,4.930307e-002
1.315236e+003,4.965363e-002
1.315718e+003,5.000381e-002
1.316200e+003,5.035529e-002
1.316682e+003,5.071244e-002
1.317164e+003,5.107949e-002
1.317646e+003,5.145886e-002
1.318129e+003,5.184861e-002
1.318611e+003,5.224213e-002
1.319093e+003,5.263032e-002
1.319575e+003,5.300425e-002
1.320057e+003,5.335894e-002
1.320539e+003,5.369344e-002
1.321021e+003,5.401143e-002
1.321503e+003,5.431721e-002
1.321986e+003,5.461388e-002
1.322468e+003,5.490090e-002
1.322950e+003,5.517469e-002
1.323432e+003,5.542960e-002
1.323914e+003,5.565997e-002
1.324396e+003,5.586199e-002
1.324878e+003,5.603416e-002
1.325360e+003,5.617658e-002
1.325843e+003,5.628861e-002
1.326325e+003,5.636946e-002
1.326807e+003,5.641668e-002
1.327289e+003,5.642883e-002
1.327771e+003,5.640629e-002
1.328253e+003,5.635194e-002
1.328735e+003,5.627089e-002
1.329218e+003,5.616761e-002
1.329700e+003,5.604491e-002
1.330182e+003,5.590264e-002
1.330664e+003,5.573988e-002
1.331146e+003,5.555572e-002
1.331628e+003,5.535239e-002
1.332110e+003,5.513453e-002
1.332592e+003,5.490848e-002
1.333074e+003,5.467970e-002
1.333557e+003,5.445074e-002
1.334039e+003,5.422108e-002
1.334521e+003,5.398954e-002
1.335003e+003,5.375561e-002
1.335485e+003,5.352151e-002
1.335967e+003,5.329185e-002
1.336449e+003,5.307162e-002
1.336931e+003,5.286302e-002
1.337414e+003,5.266381e-002
1.337896e+003,5.246606e-002
1.338378e+003,5.226078e-002
1.338860e+003,5.203979e-002
1.339342e+003,5.180185e-002
1.339824e+003,5.155228e-002
1.340306e+003,5.130028e-002
1.340788e+003,5.105399e-002
1.341271e+003,5.081682e-002
1.341753e+003,5.058755e-002
1.342235e+003,5.036401e-002
1.342717e+003,5.014559e-002
1.343199e+003,4.993461e-002
1.343681e+003,4.973627e-002
1.344163e+003,4.955607e-002
1.344646e+003,4.939724e-002
1.345128e+003,4.925903e-002
1.345610e+003,4.913812e-002
1.346092e+003,4.902994e-002
1.346574e+003,4.893233e-002
1.347056e+003,4.884630e-002
1.347538e+003,4.877520e-002
1.348020e+003,4.872240e-002
1.348502e+003,4.868788e-002
1.348985e+003,4.866721e-002
1.349467e+003,4.865263e-002
1.349949e+003,4.863618e-002
1.350431e+003,4.861228e-002
1.350913e+003,4.858008e-002
1.351395e+003,4.854197e-002
1.351877e+003,4.850217e-002
1.352359e+003,4.846341e-002
1.352842e+003,4.842641e-002
1.353324e+003,4.838992e-002
1.353806e+003,4.835391e-002
1.354288e+003,4.832018e-002
1.354770e+003,4.829460e-002
1.355252e+003,4.828472e-002
1.355734e+003,4.829781e-002
1.356216e+003,4.833742e-002
1.356698e+003,4.840380e-002
1.357181e+003,4.849432e-002
1.357663e+003,4.860647e-002
1.358145e+003,4.873921e-002
1.358627e+003,4.889495e-002
1.359109e+003,4.907793e-002
1.359591e+003,4.929423e-002
1.360073e+003,4.954931e-002
1.360556e+003,4.984849e-002
1.361038e+003,5.019685e-002
1.361520e+003,5.059679e-002
1.362002e+003,5.104635e-002
1.362484e+003,5.153567e-002
1.362966e+003,5.204612e-002
1.363448e+003,5.255507e-002
1.363930e+003,5.304271e-002
1.364413e+003,5.349811e-002
1.364895e+003,5.391892e-002
1.365377e+003,5.430970e-002
1.365859e+003,5.467794e-002
1.366341e+003,5.503061e-002
1.366823e+003,5.537205e-002
1.367305e+003,5.570184e-002
1.367787e+003,5.601325e-002
1.368270e+003,5.629475e-002
1.368752e+003,5.653336e-002
1.369234e+003,5.671935e-002
1.369716e+003,5.685026e-002
1.370198e+003,5.693332e-002
1.370680e+003,5.698349e-002
1.371162e+003,5.702178e-002
1.371644e+003,5.707329e-002
1.372126e+003,5.716470e-002
1.372609e+003,5.732256e-002
1.373091e+003,5.756884e-002
1.373573e+003,5.791234e-002
1.374055e+003,5.834100e-002
1.374537e+003,5.881926e-002
1.375019e+003,5.929690e-002
1.375501e+003,5.972342e-002
1.375984e+003,6.005812e-002
1.376466e+003,6.027013e-002
1.376948e+003,6.033413e-002
1.377430e+003,6.022674e-002
1.377912e+003,5.993102e-002
1.378394e+003,5.944303e-002
1.378876e+003,5.877754e-002
1.379358e+003,5.796810e-002
1.379841e+003,5.705864e-002
1.380323e+003,5.609266e-002
1.380805e+003,5.510610e-002
1.381287e+003,5.412804e-002
1.381769e+003,5.318371e-002
1.382251e+003,5.229721e-002
1.382733e+003,5.148965e-002
1.383215e+003,5.077425e-002
1.383698e+003,5.015189e-002
1.384180e+003,4.961265e-002
1.384662e+003,4.914032e-002
1.385144e+003,4.871917e-002
1.385626e+003,4.834013e-002
1.386108e+003,4.800240e-002
1.386590e+003,4.771088e-002
1.387072e+003,4.746922e-002
1.387554e+003,4.727415e-002
1.388037e+003,4.711555e-002
1.388519e+003,4.698339e-002
1.389001e+003,4.687310e-002
1.389483e+003,4.678832e-002
1.389965e+003,4.673593e-002
1.390447e+003,4.672212e-002
1.390929e+003,4.674714e-002
1.391411e+003,4.680633e-002
1.391894e+003,4.689241e-002
1.392376e+003,4.700154e-002
1.392858e+003,4.713799e-002
1.393340e+003,4.731519e-002
1.393822e+003,4.755059e-002
1.394304e+003,4.785400e-002
1.394786e+003,4.821560e-002
1.395269e+003,4.860560e-002
1.395751e+003,4.899034e-002
1.396233e+003,4.935250e-002
1.396715e+003,4.969952e-002
1.397197e+003,5.006152e-002
1.397679e+003,5.047594e-002
1.398161e+003,5.097155e-002
1.398643e+003,5.155116e-002
1.399125e+003,5.218491e-002
1.399608e+003,5.282275e-002
1.400090e+003,5.341981e-002
1.400572e+003,5.395766e-002
1.401054e+003,5.444739e-002
1.401536e+003,5.491849e-002
1.402018e+003,5.540438e-002
1.402500e+003,5.593294e-002
1.402982e+003,5.652080e-002
1.403465e+003,5.717160e-002
1.403947e+003,5.787652e-002
1.404429e+003,5.861727e-002
1.404911e+003,5.937071e-002
1.405393e+003,6.011427e-002
1.405875e+003,6.082975e-002
1.406357e+003,6.150419e-002
1.406839e+003,6.213018e-002
1.407322e+003,6.270692e-002
1.407804e+003,6.324124e-002
1.408286e+003,6.374723e-002
1.408768e+003,6.424399e-002
1.409250e+003,6.474870e-002
1.409732e+003,6.526993e-002
1.410214e+003,6.580190e-002
1.410697e+003,6.632543e-002
1.411179e+003,6.681544e-002
1.411661e+003,6.725153e-002
1.412143e+003,6.762699e-002
1.412625e+003,6.794873e-002
1.413107e+003,6.823136e-002
1.413589e+003,6.848841e-002
1.414071e+003,6.872432e-002
1.414553e+003,6.893450e-002
1.415036e+003,6.910893e-002
1.415518e+003,6.924105e-002
1.416000e+003,6.933377e-002
1.416482e+003,6.940270e-002
1.416964e+003,6.947347e-002
1.417446e+003,6.957242e-002
1.417928e+003,6.971291e-002
1.418410e+003,6.988027e-002
1.418893e+003,7.003368e-002
1.419375e+003,7.013010e-002
1.419857e+003,7.015386e-002
1.420339e+003,7.012294e-002
1.420821e+003,7.006922e-002
1.421303e+003,7.001998e-002
1.421785e+003,6.998802e-002
1.422267e+003,6.997360e-002
1.422750e+003,6.996959e-002
1.423232e+003,6.996764e-002
1.423714e+003,6.996397e-002
1.424196e+003,6.996235e-002
1.424678e+003,6.996971e-002
1.425160e+003,6.999080e-002
1.425642e+003,7.002341e-002
1.426125e+003,7.005996e-002
1.426607e+003,7.009342e-002
1.427089e+003,7.012215e-002
1.427571e+003,7.015457e-002
1.428053e+003,7.020736e-002
1.428535e+003,7.030030e-002
1.429017e+003,7.044487e-002
1.429499e+003,7.063544e-002
1.429981e+003,7.084797e-002
1.430464e+003,7.105054e-002
1.430946e+003,7.121846e-002
1.431428e+003,7.134537e-002
1.431910e+003,7.144162e-002
1.432392e+003,7.152564e-002
1.432874e+003,7.161278e-002
1.433356e+003,7.170807e-002
1.433838e+003,7.180612e-002
1.434321e+003,7.189517e-002
1.434803e+003,7.196449e-002
1.435285e+003,7.201279e-002
1.435767e+003,7.205312e-002
1.436249e+003,7.210764e-002
1.436731e+003,7.219085e-002
1.437213e+003,7.229362e-002
1.437696e+003,7.238906e-002
1.438177e+003,7.245310e-002
1.438660e+003,7.248183e-002
1.439142e+003,7.249017e-002
1.439624e+003,7.250460e-002
1.440106e+003,7.255234e-002
1.440588e+003,7.265105e-002
1.441070e+003,7.280146e-002
1.441552e+003,7.298653e-002
1.442035e+003,7.318094e-002
1.442517e+003,7.336373e-002
1.442999e+003,7.353109e-002
1.443481e+003,7.369826e-002
1.443963e+003,7.389139e-002
1.444445e+003,7.413547e-002
1.444927e+003,7.444464e-002
1.445409e+003,7.482036e-002
1.445892e+003,7.525879e-002
1.446374e+003,7.576149e-002
1.446856e+003,7.634301e-002
1.447338e+003,7.702705e-002
1.447820e+003,7.783187e-002
1.448302e+003,7.875539e-002
1.448784e+003,7.977340e-002
1.449266e+003,8.085951e-002
1.449749e+003,8.200713e-002
1.450231e+003,8.324081e-002
1.450713e+003,8.460904e-002
1.451195e+003,8.616163e-002
1.451677e+003,8.792060e-002
1.452159e+003,8.985798e-002
1.452641e+003,9.189583e-002
1.453124e+003,9.393195e-002
1.453605e+003,9.588082e-002
1.454088e+003,9.770763e-002
1.454570e+003,9.944561e-002
1.455052e+003,1.012023e-001
1.455534e+003,1.031607e-001
1.456016e+003,1.055705e-001
1.456498e+003,1.086922e-001
1.456980e+003,1.126744e-001
1.457463e+003,1.174639e-001
1.457945e+003,1.229042e-001
1.458427e+003,1.289010e-001
1.458909e+003,1.354324e-001
1.459391e+003,1.424468e-001
1.459873e+003,1.497955e-001
1.460355e+003,1.572342e-001
1.460837e+003,1.644586e-001
1.461320e+003,1.711367e-001
1.461802e+003,1.769168e-001
1.462284e+003,1.814122e-001
1.462766e+003,1.841943e-001
1.463248e+003,1.848446e-001
1.463730e+003,1.831248e-001
1.464212e+003,1.792361e-001
1.464694e+003,1.739670e-001
1.465177e+003,1.684697e-001
1.465659e+003,1.637334e-001
1.466141e+003,1.601956e-001
1.466623e+003,1.577678e-001
1.467105e+003,1.561148e-001
1.467587e+003,1.549198e-001
1.468069e+003,1.540209e-001
1.468552e+003,1.534303e-001
1.469033e+003,1.532827e-001
1.469516e+003,1.537487e-001
1.469998e+003,1.549255e-001
1.470480e+003,1.567006e-001
1.470962e+003,1.585737e-001
1.471444e+003,1.595021e-001
1.471926e+003,1.579995e-001
1.472408e+003,1.528001e-001
1.472891e+003,1.437985e-001
1.473373e+003,1.322187e-001
1.473855e+003,1.196941e-001
1.474337e+003,1.073600e-001
1.474819e+003,9.571729e-002
1.475301e+003,8.495443e-002
1.475783e+003,7.524612e-002
1.476265e+003,6.683861e-002
1.476748e+003,5.995240e-002
1.477230e+003,5.464059e-002
1.477712e+003,5.073074e-002
1.478194e+003,4.789193e-002
1.478676e+003,4.575709e-002
1.479158e+003,4.402486e-002
1.479640e+003,4.250576e-002
1.480122e+003,4.112185e-002
1.480604e+003,3.987246e-002
1.481087e+003,3.878389e-002
1.481569e+003,3.786209e-002
1.482051e+003,3.707648e-002
1.482533e+003,3.637539e-002
1.483015e+003,3.571881e-002
1.483497e+003,3.509675e-002
1.483979e+003,3.452818e-002
1.484461e+003,3.404006e-002
1.484944e+003,3.364620e-002
1.485426e+003,3.333161e-002
1.485908e+003,3.305180e-002
1.486390e+003,3.275209e-002
1.486872e+003,3.239404e-002
1.487354e+003,3.198113e-002
1.487836e+003,3.155947e-002
1.488319e+003,3.119531e-002
1.488801e+003,3.093250e-002
1.489283e+003,3.075785e-002
1.489765e+003,3.060404e-002
1.490247e+003,3.039945e-002
1.490729e+003,3.012363e-002
1.491211e+003,2.981537e-002
1.491693e+003,2.953483e-002
1.492176e+003,2.932299e-002
1.492658e+003,2.918691e-002
1.493140e+003,2.910396e-002
1.493622e+003,2.903780e-002
1.494104e+003,2.895197e-002
1.494586e+003,2.882374e-002
1.495068e+003,2.865539e-002
1.495550e+003,2.847562e-002
1.496032e+003,2.832737e-002
1.496515e+003,2.823820e-002
1.496997e+003,2.819633e-002
1.497479e+003,2.815634e-002
1.497961e+003,2.807253e-002
1.498443e+003,2.793317e-002
1.498925e+003,2.776379e-002
1.499407e+003,2.760808e-002
1.499890e+003,2.749890e-002
1.500372e+003,2.744256e-002
1.500854e+003,2.741792e-002
1.501336e+003,2.739120e-002
1.501818e+003,2.733429e-002
1.502300e+003,2.723760e-002
1.502782e+003,2.711241e-002
1.503264e+003,2.698498e-002
1.503747e+003,2.688522e-002
1.504229e+003,2.683666e-002
1.504711e+003,2.684714e-002
1.505193e+003,2.690121e-002
1.505675e+003,2.696046e-002
1.506157e+003,2.697773e-002
1.506639e+003,2.694053e-002
1.507121e+003,2.690346e-002
1.507604e+003,2.692962e-002
1.508086e+003,2.701222e-002
1.508568e+003,2.709566e-002
1.509050e+003,2.713501e-002
1.509532e+003,2.711610e-002
1.510014e+003,2.705307e-002
1.510496e+003,2.697617e-002
1.510979e+003,2.691807e-002
1.511460e+003,2.689973e-002
1.511943e+003,2.692136e-002
1.512425e+003,2.696300e-002
1.512907e+003,2.699692e-002
1.513389e+003,2.700224e-002
1.513871e+003,2.697640e-002
1.514353e+003,2.693663e-002
1.514835e+003,2.691357e-002
1.515318e+003,2.693940e-002
1.515800e+003,2.702918e-002
1.516282e+003,2.716536e-002
1.516764e+003,2.729887e-002
1.517246e+003,2.737897e-002
1.517728e+003,2.738803e-002
1.518210e+003,2.734907e-002
1.518692e+003,2.730635e-002
1.519175e+003,2.730133e-002
1.519657e+003,2.736027e-002
1.520139e+003,2.748688e-002
1.520621e+003,2.765766e-002
1.521103e+003,2.782648e-002
1.521585e+003,2.795042e-002
1.522067e+003,2.802147e-002
1.522549e+003,2.806744e-002
1.523031e+003,2.811941e-002
1.523514e+003,2.818936e-002
1.523996e+003,2.827073e-002
1.524478e+003,2.834980e-002
1.524960e+003,2.841730e-002
1.525442e+003,2.847704e-002
1.525924e+003,2.854580e-002
1.526406e+003,2.864389e-002
1.526888e+003,2.878006e-002
1.527371e+003,2.894439e-002
1.527853e+003,2.911177e-002
1.528335e+003,2.925701e-002
1.528817e+003,2.936582e-002
1.529299e+003,2.944002e-002
1.529781e+003,2.949487e-002
1.530263e+003,2.954996e-002
1.530746e+003,2.962359e-002
1.531228e+003,2.972794e-002
1.531710e+003,2.986893e-002
1.532192e+003,3.004784e-002
1.532674e+003,3.026113e-002
1.533156e+003,3.049972e-002
1.533638e+003,3.074698e-002
1.534120e+003,3.098235e-002
1.534603e+003,3.118851e-002
1.535085e+003,3.135567e-002
1.535567e+003,3.148062e-002
1.536049e+003,3.156536e-002
1.536531e+003,3.161701e-002
1.537013e+003,3.165080e-002
1.537495e+003,3.169272e-002
1.537977e+003,3.178299e-002
1.538459e+003,3.197436e-002
1.538942e+003,3.231674e-002
1.539424e+003,3.281710e-002
1.539906e+003,3.339734e-002
1.540388e+003,3.391984e-002
1.540870e+003,3.429928e-002
1.541352e+003,3.455820e-002
1.541834e+003,3.477002e-002
1.542316e+003,3.499166e-002
1.542799e+003,3.524437e-002
1.543281e+003,3.552416e-002
1.543763e+003,3.581670e-002
1.544245e+003,3.610668e-002
1.544727e+003,3.638299e-002
1.545209e+003,3.664103e-002
1.545691e+003,3.687979e-002
1.546174e+003,3.710002e-002
1.546656e+003,3.730454e-002
1.547138e+003,3.749880e-002
1.547620e+003,3.769444e-002
1.548102e+003,3.790885e-002
1.548584e+003,3.816390e-002
1.549066e+003,3.847681e-002
1.549548e+003,3.884649e-002
1.550031e+003,3.924778e-002
1.550513e+003,3.963957e-002
1.550995e+003,3.998856e-002
1.551477e+003,4.028422e-002
1.551959e+003,4.054266e-002
1.552441e+003,4.079724e-002
1.552923e+003,4.108674e-002
1.553405e+003,4.143890e-002
1.553887e+003,4.185472e-002
1.554370e+003,4.230146e-002
1.554852e+003,4.272366e-002
1.555334e+003,4.307020e-002
1.555816e+003,4.331781e-002
1.556298e+003,4.347904e-002
1.556780e+003,4.360568e-002
1.557262e+003,4.379548e-002
1.557744e+003,4.421446e-002
1.558227e+003,4.507213e-002
1.558709e+003,4.640849e-002
1.559191e+003,4.782510e-002
1.559673e+003,4.883035e-002
1.560155e+003,4.936811e-002
1.560637e+003,4.964555e-002
1.561119e+003,4.983690e-002
1.561602e+003,5.003091e-002
1.562083e+003,5.026654e-002
1.562566e+003,5.056307e-002
1.563048e+003,5.093610e-002
1.563530e+003,5.139767e-002
1.564012e+003,5.195209e-002
1.564494e+003,5.258280e-002
1.564976e+003,5.325209e-002
1.565458e+003,5.391005e-002
1.565941e+003,5.451756e-002
1.566423e+003,5.506265e-002
1.566905e+003,5.556778e-002
1.567387e+003,5.608509e-002
1.567869e+003,5.669130e-002
1.568351e+003,5.746821e-002
1.568833e+003,5.846651e-002
1.569315e+003,5.965465e-002
1.569798e+003,6.090405e-002
1.570280e+003,6.205408e-002
1.570762e+003,6.300890e-002
1.571244e+003,6.376774e-002
1.571726e+003,6.438790e-002
1.572208e+003,6.493624e-002
1.572690e+003,6.546806e-002
1.573172e+003,6.602462e-002
1.573655e+003,6.664407e-002
1.574137e+003,6.737286e-002
1.574619e+003,6.827579e-002
1.575101e+003,6.942512e-002
1.575583e+003,7.085706e-002
1.576065e+003,7.250269e-002
1.576547e+003,7.417442e-002
1.577030e+003,7.566798e-002
1.577511e+003,7.688350e-002
1.577994e+003,7.784636e-002
1.578476e+003,7.864705e-002
1.578958e+003,7.938509e-002
1.579440e+003,8.013922e-002
1.579922e+003,8.095910e-002
1.580404e+003,8.186201e-002
1.580886e+003,8.283622e-002
1.581369e+003,8.384902e-002
1.581851e+003,8.486318e-002
1.582333e+003,8.585342e-002
1.582815e+003,8.681442e-002
1.583297e+003,8.775819e-002
1.583779e+003,8.869956e-002
1.584261e+003,8.964492e-002
1.584743e+003,9.058499e-002
1.585226e+003,9.150058e-002
1.585708e+003,9.237224e-002
1.586190e+003,9.319226e-002
1.586672e+003,9.396780e-002
1.587154e+003,9.471631e-002
1.587636e+003,9.545431e-002
1.588118e+003,9.618903e-002
1.588600e+003,9.691257e-002
1.589083e+003,9.760870e-002
1.589565e+003,9.825962e-002
1.590047e+003,9.885749e-002
1.590529e+003,9.940546e-002
1.591011e+003,9.991530e-002
1.591493e+003,1.003979e-001
1.591975e+003,1.008574e-001
1.592458e+003,1.012889e-001
1.592939e+003,1.016826e-001
1.593422e+003,1.020313e-001
1.593904e+003,1.023348e-001
1.594386e+003,1.026012e-001
1.594868e+003,1.028411e-001
1.595350e+003,1.030597e-001
1.595832e+003,1.032536e-001
1.596314e+003,1.034104e-001
1.596797e+003,1.035161e-001
1.597279e+003,1.035638e-001
1.597761e+003,1.035562e-001
1.598243e+003,1.035049e-001
1.598725e+003,1.034253e-001
1.599207e+003,1.033291e-001
1.599689e+003,1.032207e-001
1.600171e+003,1.030951e-001
1.600654e+003,1.029443e-001
1.601136e+003,1.027603e-001
1.601618e+003,1.025403e-001
1.602100e+003,1.022893e-001
1.602582e+003,1.020145e-001
1.603064e+003,1.017227e-001
1.603546e+003,1.014151e-001
1.604028e+003,1.010888e-001
1.604510e+003,1.007380e-001
1.604993e+003,1.003597e-001
1.605475e+003,9.995512e-002
1.605957e+003,9.953046e-002
1.606439e+003,9.909341e-002
1.606921e+003,9.865054e-002
1.607403e+003,9.820393e-002
1.607885e+003,9.774946e-002
1.608367e+003,9.728030e-002
1.608850e+003,9.679022e-002
1.609332e+003,9.627698e-002
1.609814e+003,9.574480e-002
1.610296e+003,9.520265e-002
1.610778e+003,9.466004e-002
1.611260e+003,9.412448e-002
1.611742e+003,9.359839e-002
1.612225e+003,9.308064e-002
1.612707e+003,9.256671e-002
1.613189e+003,9.205221e-002
1.613671e+003,9.153305e-002
1.614153e+003,9.100657e-002
1.614635e+003,9.047045e-002
1.615117e+003,8.992008e-002
1.615599e+003,8.934826e-002
1.616082e+003,8.874858e-002
1.616564e+003,8.812235e-002
1.617046e+003,8.748406e-002
1.617528e+003,8.685682e-002
1.618010e+003,8.626133e-002
1.618492e+003,8.570649e-002
1.618974e+003,8.519161e-002
1.619456e+003,8.470892e-002
1.619938e+003,8.424692e-002
1.620421e+003,8.379191e-002
1.620903e+003,8.332934e-002
1.621385e+003,8.284680e-002
1.621867e+003,8.233801e-002
1.622349e+003,8.180726e-002
1.622831e+003,8.126967e-002
1.623313e+003,8.074506e-002
1.623796e+003,8.024680e-002
1.624278e+003,7.977349e-002
1.624760e+003,7.931387e-002
1.625242e+003,7.885635e-002
1.625724e+003,7.839575e-002
1.626206e+003,7.793387e-002
1.626688e+003,7.747835e-002
1.627170e+003,7.703730e-002
1.627653e+003,7.661503e-002
1.628135e+003,7.620841e-002
1.628617e+003,7.580862e-002
1.629099e+003,7.540784e-002
1.629581e+003,7.500453e-002
1.630063e+003,7.460367e-002
1.630545e+003,7.421262e-002
1.631027e+003,7.383738e-002
1.631510e+003,7.347844e-002
1.631992e+003,7.312968e-002
1.632474e+003,7.278094e-002
1.632956e+003,7.242218e-002
1.633438e+003,7.204716e-002
1.633920e+003,7.165936e-002
1.634402e+003,7.127427e-002
1.634885e+003,7.091549e-002
1.635366e+003,7.060292e-002
1.635849e+003,7.033014e-002
1.636331e+003,7.006481e-002
1.636813e+003,6.977594e-002
1.637295e+003,6.945898e-002
1.637777e+003,6.912949e-002
1.638259e+003,6.880648e-002
1.638741e+003,6.850196e-002
1.639224e+003,6.821678e-002
1.639706e+003,6.794230e-002
1.640188e+003,6.766424e-002
1.640670e+003,6.737043e-002
1.641152e+003,6.705719e-002
1.641634e+003,6.673103e-002
1.642116e+003,6.640577e-002
1.642598e+003,6.609489e-002
1.643081e+003,6.580611e-002
1.643563e+003,6.553708e-002
1.644045e+003,6.527770e-002
1.644527e+003,6.501334e-002
1.645009e+003,6.473242e-002
1.645491e+003,6.443235e-002
1.645973e+003,6.412441e-002
1.646455e+003,6.382645e-002
1.646938e+003,6.354706e-002
1.647420e+003,6.327269e-002
1.647902e+003,6.297990e-002
1.648384e+003,6.265731e-002
1.648866e+003,6.231197e-002
1.649348e+003,6.196180e-002
1.649830e+003,6.162618e-002
1.650313e+003,6.132140e-002
1.650794e+003,6.105700e-002
1.651277e+003,6.083174e-002
1.651759e+003,6.062506e-002
1.652241e+003,6.038693e-002
1.652723e+003,6.004836e-002
1.653205e+003,5.958903e-002
1.653687e+003,5.909471e-002
1.654169e+003,5.866499e-002
1.654652e+003,5.831464e-002
1.655134e+003,5.800495e-002
1.655616e+003,5.769687e-002
1.656098e+003,5.736806e-002
1.656580e+003,5.701511e-002
1.657062e+003,5.664648e-002
1.657544e+003,5.627774e-002
1.658026e+003,5.592347e-002
1.658509e+003,5.559065e-002
1.658991e+003,5.527509e-002
1.659473e+003,5.496284e-002
1.659955e+003,5.463562e-002
1.660437e+003,5.427893e-002
1.660919e+003,5.388788e-002
1.661401e+003,5.346808e-002
1.661883e+003,5.303263e-002
1.662365e+003,5.259562e-002
1.662848e+003,5.216359e-002
1.663330e+003,5.173454e-002
1.663812e+003,5.130338e-002
1.664294e+003,5.087141e-002
1.664776e+003,5.044554e-002
1.665258e+003,5.003667e-002
1.665740e+003,4.965238e-002
1.666222e+003,4.929373e-002
1.666705e+003,4.895166e-002
1.667187e+003,4.860625e-002
1.667669e+003,4.823028e-002
1.668151e+003,4.779926e-002
1.668633e+003,4.730475e-002
1.669115e+003,4.676641e-002
1.669597e+003,4.622594e-002
1.670080e+003,4.572411e-002
1.670562e+003,4.527478e-002
1.671044e+003,4.486406e-002
1.671526e+003,4.446824e-002
1.672008e+003,4.406976e-002
1.672490e+003,4.366324e-002
1.672972e+003,4.325069e-002
1.673454e+003,4.283474e-002
1.673937e+003,4.241221e-002
1.674419e+003,4.197134e-002
1.674901e+003,4.149938e-002
1.675383e+003,4.099425e-002
1.675865e+003,4.047547e-002
1.676347e+003,3.997331e-002
1.676829e+003,3.951281e-002
1.677311e+003,3.910272e-002
1.677793e+003,3.873548e-002
1.678276e+003,3.839254e-002
1.678758e+003,3.804957e-002
1.679240e+003,3.768525e-002
1.679722e+003,3.728991e-002
1.680204e+003,3.687273e-002
1.680686e+003,3.645807e-002
1.681168e+003,3.607402e-002
1.681650e+003,3.573829e-002
1.682133e+003,3.544745e-002
1.682615e+003,3.516898e-002
1.683097e+003,3.483803e-002
1.683579e+003,3.437987e-002
1.684061e+003,3.377897e-002
1.684543e+003,3.312987e-002
1.685025e+003,3.256153e-002
1.685508e+003,3.212500e-002
1.685990e+003,3.179101e-002
1.686472e+003,3.150614e-002
1.686954e+003,3.122584e-002
1.687436e+003,3.092396e-002
1.687918e+003,3.059113e-002
1.688400e+003,3.023337e-002
1.688882e+003,2.986515e-002
1.689365e+003,2.950227e-002
1.689847e+003,2.915300e-002
1.690329e+003,2.881634e-002
1.690811e+003,2.848576e-002
1.691293e+003,2.815812e-002
1.691775e+003,2.783608e-002
1.692257e+003,2.752821e-002
1.692739e+003,2.724234e-002
1.693221e+003,2.698315e-002
1.693704e+003,2.674427e-002
1.694186e+003,2.650789e-002
1.694668e+003,2.624632e-002
1.695150e+003,2.593401e-002
1.695632e+003,2.557030e-002
1.696114e+003,2.519260e-002
1.696596e+003,2.485570e-002
1.697078e+003,2.459319e-002
1.697561e+003,2.439979e-002
1.698043e+003,2.424408e-002
1.698525e+003,2.408243e-002
1.699007e+003,2.387345e-002
1.699489e+003,2.359192e-002
1.699971e+003,2.325190e-002
1.700453e+003,2.291023e-002
1.700936e+003,2.262443e-002
1.701417e+003,2.240585e-002
1.701900e+003,2.222814e-002
1.702382e+003,2.205862e-002
1.702864e+003,2.187741e-002
1.703346e+003,2.167849e-002
1.703828e+003,2.146770e-002
1.704310e+003,2.125738e-002
1.704792e+003,2.106083e-002
1.705275e+003,2.088333e-002
1.705757e+003,2.071811e-002
1.706239e+003,2.055231e-002
1.706721e+003,2.037819e-002
1.707203e+003,2.019890e-002
1.707685e+003,2.002687e-002
1.708167e+003,1.987520e-002
1.708649e+003,1.975027e-002
1.709132e+003,1.964802e-002
1.709614e+003,1.955621e-002
1.710096e+003,1.945870e-002
1.710578e+003,1.934486e-002
1.711060e+003,1.921451e-002
1.711542e+003,1.907736e-002
1.712024e+003,1.894847e-002
1.712506e+003,1.884113e-002
1.712989e+003,1.875987e-002
1.713471e+003,1.869814e-002
1.713953e+003,1.863964e-002
1.714435e+003,1.856858e-002
1.714917e+003,1.847716e-002
1.715399e+003,1.837410e-002
1.715881e+003,1.827986e-002
1.716364e+003,1.821430e-002
1.716845e+003,1.817681e-002
1.717328e+003,1.813953e-002
1.717810e+003,1.806210e-002
1.718292e+003,1.792708e-002
1.718774e+003,1.775088e-002
1.719256e+003,1.756839e-002
1.719738e+003,1.740789e-002
1.720220e+003,1.728122e-002
1.720703e+003,1.718478e-002
1.721185e+003,1.710533e-002
1.721667e+003,1.702649e-002
1.722149e+003,1.693488e-002
1.722631e+003,1.682537e-002
1.723113e+003,1.670251e-002
1.723595e+003,1.657819e-002
1.724077e+003,1.646427e-002
1.724560e+003,1.636421e-002
1.725042e+003,1.627328e-002
1.725524e+003,1.618177e-002
1.726006e+003,1.608141e-002
1.726488e+003,1.597234e-002
1.726970e+003,1.586184e-002
1.727452e+003,1.576110e-002
1.727934e+003,1.568061e-002
1.728417e+003,1.562305e-002
1.728899e+003,1.558150e-002
1.729381e+003,1.554162e-002
1.729863e+003,1.548995e-002
1.730345e+003,1.542182e-002
1.730827e+003,1.534463e-002
1.731309e+003,1.527362e-002
1.731792e+003,1.522447e-002
1.732273e+003,1.520446e-002
1.732756e+003,1.520605e-002
1.733238e+003,1.520472e-002
1.733720e+003,1.516868e-002
1.734202e+003,1.508496e-002
1.734684e+003,1.497475e-002
1.735166e+003,1.487465e-002
1.735648e+003,1.480705e-002
1.736131e+003,1.477127e-002
1.736613e+003,1.475524e-002
1.737095e+003,1.474373e-002
1.737577e+003,1.472428e-002
1.738059e+003,1.468884e-002
1.738541e+003,1.463606e-002
1.739023e+003,1.456975e-002
1.739505e+003,1.449710e-002
1.739988e+003,1.442114e-002
1.740470e+003,1.433850e-002
1.740952e+003,1.424295e-002
1.741434e+003,1.413137e-002
1.741916e+003,1.400768e-002
1.742398e+003,1.388377e-002
1.742880e+003,1.377439e-002
1.743362e+003,1.369127e-002
1.743844e+003,1.363451e-002
1.744327e+003,1.359380e-002
1.744809e+003,1.355247e-002
1.745291e+003,1.349752e-002
1.745773e+003,1.342470e-002
1.746255e+003,1.334055e-002
1.746737e+003,1.325700e-002
1.747219e+003,1.318649e-002
1.747702e+003,1.313156e-002
1.748184e+003,1.308267e-002
1.748666e+003,1.302197e-002
1.749148e+003,1.293348e-002
1.749630e+003,1.281404e-002
1.750112e+003,1.267593e-002
1.750594e+003,1.254054e-002
1.751076e+003,1.242562e-002
1.751559e+003,1.233495e-002
1.752041e+003,1.225793e-002
1.752523e+003,1.218065e-002
1.753005e+003,1.209494e-002
1.753487e+003,1.200240e-002
1.753969e+003,1.191225e-002
1.754451e+003,1.183605e-002
1.754933e+003,1.178284e-002
1.755416e+003,1.175348e-002
1.755898e+003,1.173821e-002
1.756380e+003,1.171904e-002
1.756862e+003,1.167922e-002
1.757344e+003,1.161414e-002
1.757826e+003,1.153335e-002
1.758308e+003,1.145401e-002
1.758791e+003,1.139078e-002
1.759272e+003,1.134864e-002
1.759755e+003,1.132192e-002
1.760237e+003,1.129839e-002
1.760719e+003,1.126389e-002
1.761201e+003,1.121113e-002
1.761683e+003,1.114395e-002
1.762165e+003,1.107567e-002
1.762647e+003,1.101963e-002
1.763130e+003,1.097967e-002
1.763612e+003,1.095019e-002
1.764094e+003,1.092135e-002
1.764576e+003,1.088703e-002
1.765058e+003,1.084753e-002
1.765540e+003,1.080991e-002
1.766022e+003,1.078432e-002
1.766504e+003,1.077842e-002
1.766987e+003,1.079116e-002
1.767469e+003,1.080984e-002
1.767951e+003,1.081564e-002
1.768433e+003,1.079333e-002
1.768915e+003,1.074082e-002
1.769397e+003,1.067062e-002
1.769879e+003,1.060337e-002
1.770361e+003,1.055993e-002
1.770844e+003,1.055073e-002
1.771326e+003,1.056871e-002
1.771808e+003,1.058796e-002
1.772290e+003,1.057929e-002
1.772772e+003,1.053018e-002
1.773254e+003,1.045335e-002
1.773736e+003,1.037482e-002
1.774219e+003,1.031532e-002
1.774700e+003,1.028064e-002
1.775183e+003,1.026465e-002
1.775665e+003,1.025444e-002
1.776147e+003,1.023898e-002
1.776629e+003,1.021396e-002
1.777111e+003,1.018355e-002
1.777593e+003,1.015672e-002
1.778075e+003,1.014252e-002
1.778558e+003,1.014330e-002
1.779040e+003,1.015339e-002
1.779522e+003,1.015997e-002
1.780004e+003,1.015101e-002
1.780486e+003,1.012106e-002
1.780968e+003,1.007609e-002
1.781450e+003,1.002871e-002
1.781932e+003,9.991530e-003
1.782415e+003,9.968868e-003
1.782897e+003,9.956306e-003
1.783379e+003,9.944634e-003
1.783861e+003,9.925349e-003
1.784343e+003,9.896412e-003
1.784825e+003,9.863209e-003
1.785307e+003,9.835138e-003
1.785789e+003,9.819937e-003
1.786271e+003,9.816953e-003
1.786754e+003,9.817624e-003
1.787236e+003,9.810199e-003
1.787718e+003,9.786930e-003
1.788200e+003,9.747090e-003
1.788682e+003,9.698346e-003
1.789164e+003,9.653420e-003
1.789646e+003,9.625643e-003
1.790128e+003,9.621690e-003
1.790611e+003,9.638999e-003
1.791093e+003,9.663766e-003
1.791575e+003,9.679470e-003
1.792057e+003,9.675583e-003
1.792539e+003,9.656535e-003
1.793021e+003,9.635072e-003
1.793503e+003,9.623284e-003
1.793986e+003,9.621899e-003
1.794468e+003,9.622740e-003
1.794950e+003,9.614184e-003
1.795432e+003,9.589544e-003
1.795914e+003,9.550132e-003
1.796396e+003,9.505517e-003
1.796878e+003,9.468897e-003
1.797360e+003,9.450941e-003
1.797843e+003,9.451848e-003
1.798325e+003,9.462466e-003
1.798807e+003,9.466268e-003
1.799289e+003,9.448048e-003
1.799771e+003,9.402293e-003
1.800253e+003,9.336414e-003
1.800735e+003,9.267184e-003
1.801217e+003,9.212173e-003
1.801699e+003,9.178516e-003
1.802182e+003,9.160672e-003
1.802664e+003,9.146080e-003
1.803146e+003,9.124411e-003
1.803628e+003,9.093052e-003
1.804110e+003,9.057505e-003
1.804592e+003,9.028170e-003
1.805074e+003,9.013338e-003
1.805556e+003,9.013931e-003
1.806039e+003,9.023118e-003
1.806521e+003,9.030189e-003
1.807003e+003,9.026360e-003
1.807485e+003,9.010230e-003
1.807967e+003,8.988759e-003
1.808449e+003,8.973215e-003
1.808931e+003,8.972698e-003
1.809414e+003,8.986611e-003
1.809896e+003,9.003321e-003
1.810378e+003,9.005355e-003
1.810860e+003,8.978197e-003
1.811342e+003,8.918790e-003
1.811824e+003,8.836894e-003
1.812306e+003,8.749678e-003
1.812788e+003,8.671290e-003
1.813271e+003,8.605686e-003
1.813753e+003,8.546367e-003
1.814235e+003,8.482344e-003
1.814717e+003,8.407533e-003
1.815199e+003,8.324361e-003
1.815681e+003,8.248267e-003
1.816163e+003,8.199256e-003
1.816645e+003,8.195777e-003
1.817127e+003,8.242364e-003
1.817610e+003,8.327383e-003
1.818092e+003,8.427614e-003
1.818574e+003,8.520112e-003
1.819056e+003,8.589759e-003
1.819538e+003,8.634700e-003
1.820020e+003,8.661618e-003
1.820502e+003,8.679709e-003
1.820984e+003,8.692377e-003
1.821467e+003,8.696021e-003
1.821949e+003,8.682210e-003
1.822431e+003,8.645435e-003
1.822913e+003,8.588128e-003
1.823395e+003,8.522607e-003
1.823877e+003,8.468602e-003
1.824359e+003,8.442491e-003
1.824842e+003,8.446983e-003
1.825323e+003,8.468168e-003
1.825806e+003,8.482816e-003
1.826288e+003,8.474353e-003
1.826770e+003,8.439395e-003
1.827252e+003,8.390344e-003
1.827734e+003,8.346351e-003
1.828216e+003,8.326331e-003
1.828698e+003,8.337466e-003
1.829181e+003,8.370534e-003
1.829663e+003,8.400800e-003
1.830145e+003,8.404913e-003
1.830627e+003,8.375498e-003
1.831109e+003,8.325465e-003
1.831591e+003,8.275961e-003
1.832073e+003,8.243850e-003
1.832555e+003,8.232461e-003
1.833038e+003,8.233401e-003
1.833520e+003,8.232743e-003
1.834002e+003,8.219742e-003
1.834484e+003,8.192115e-003
1.834966e+003,8.158766e-003
1.835448e+003,8.134551e-003
1.835930e+003,8.131586e-003
1.836412e+003,8.149951e-003
1.836895e+003,8.175886e-003
1.837377e+003,8.187997e-003
1.837859e+003,8.170458e-003
1.838341e+003,8.119679e-003
1.838823e+003,8.048261e-003
1.839305e+003,7.977732e-003
1.839787e+003,7.926627e-003
1.840270e+003,7.901425e-003
1.840751e+003,7.894500e-003
1.841234e+003,7.889112e-003
1.841716e+003,7.868869e-003
1.842198e+003,7.825562e-003
1.842680e+003,7.767005e-003
1.843162e+003,7.713908e-003
1.843644e+003,7.691378e-003
1.844126e+003,7.708875e-003
1.844609e+003,7.751496e-003
1.845091e+003,7.788400e-003
1.845573e+003,7.795375e-003
1.846055e+003,7.766468e-003
1.846537e+003,7.714751e-003
1.847019e+003,7.661154e-003
1.847501e+003,7.624530e-003
1.847983e+003,7.610509e-003
1.848466e+003,7.611258e-003
1.848948e+003,7.610398e-003
1.849430e+003,7.594999e-003
1.849912e+003,7.561772e-003
1.850394e+003,7.520543e-003
1.850876e+003,7.487652e-003
1.851358e+003,7.476787e-003
1.851840e+003,7.489261e-003
1.852323e+003,7.514380e-003
1.852805e+003,7.532571e-003
1.853287e+003,7.529326e-003
1.853769e+003,7.501711e-003
1.854251e+003,7.462733e-003
1.854733e+003,7.433227e-003
1.855215e+003,7.433113e-003
1.855698e+003,7.467934e-003
1.856179e+003,7.526862e-003
1.856662e+003,7.588803e-003
1.857144e+003,7.632144e-003
1.857626e+003,7.647174e-003
1.858108e+003,7.640147e-003
1.858590e+003,7.627832e-003
1.859072e+003,7.628628e-003
1.859554e+003,7.649950e-003
1.860037e+003,7.684847e-003
1.860519e+003,7.715281e-003
1.861001e+003,7.724877e-003
1.861483e+003,7.708195e-003
1.861965e+003,7.674816e-003
1.862447e+003,7.642603e-003
1.862929e+003,7.630560e-003
1.863411e+003,7.645063e-003
1.863894e+003,7.678712e-003
1.864376e+003,7.713751e-003
1.864858e+003,7.732589e-003
1.865340e+003,7.727786e-003
1.865822e+003,7.706191e-003
1.866304e+003,7.686832e-003
1.866786e+003,7.691627e-003
1.867268e+003,7.730843e-003
1.867750e+003,7.796380e-003
1.868233e+003,7.861646e-003
1.868715e+003,7.897812e-003
1.869197e+003,7.893469e-003
1.869679e+003,7.862354e-003
1.870161e+003,7.830657e-003
1.870643e+003,7.822037e-003
1.871125e+003,7.840578e-003
1.871608e+003,7.874909e-003
1.872090e+003,7.904122e-003
1.872572e+003,7.910793e-003
1.873054e+003,7.888514e-003
1.873536e+003,7.846103e-003
1.874018e+003,7.801792e-003
1.874500e+003,7.775330e-003
1.874982e+003,7.774696e-003
1.875465e+003,7.794323e-003
1.875947e+003,7.816348e-003
1.876429e+003,7.823252e-003
1.876911e+003,7.805673e-003
1.877393e+003,7.769243e-003
1.877875e+003,7.727832e-003
1.878357e+003,7.698654e-003
1.878839e+003,7.688060e-003
1.879322e+003,7.689971e-003
1.879804e+003,7.689617e-003
1.880286e+003,7.674859e-003
1.880768e+003,7.642798e-003
1.881250e+003,7.603734e-003
1.881732e+003,7.576923e-003
1.882214e+003,7.579808e-003
1.882697e+003,7.617197e-003
1.883178e+003,7.681441e-003
1.883661e+003,7.753278e-003
1.884143e+003,7.816462e-003
1.884625e+003,7.863478e-003
1.885107e+003,7.900679e-003
1.885589e+003,7.941686e-003
1.886071e+003,8.000006e-003
1.886553e+003,8.076223e-003
1.887036e+003,8.159243e-003
1.887518e+003,8.229233e-003
1.888000e+003,8.271209e-003
1.888482e+003,8.279515e-003
1.888964e+003,8.267213e-003
1.889446e+003,8.255918e-003
1.889928e+003,8.266247e-003
1.890410e+003,8.299675e-003
1.890893e+003,8.340526e-003
1.891375e+003,8.364810e-003
1.891857e+003,8.356621e-003
1.892339e+003,8.314097e-003
1.892821e+003,8.253939e-003
1.893303e+003,8.200410e-003
1.893785e+003,8.177589e-003
1.894267e+003,8.193998e-003
1.894750e+003,8.239266e-003
1.895232e+003,8.290142e-003
1.895714e+003,8.325498e-003
1.896196e+003,8.337325e-003
1.896678e+003,8.336271e-003
1.897160e+003,8.340931e-003
1.897642e+003,8.367821e-003
1.898125e+003,8.417727e-003
1.898606e+003,8.475159e-003
1.899089e+003,8.516029e-003
1.899571e+003,8.521116e-003
1.900053e+003,8.485686e-003
1.900535e+003,8.422692e-003
1.901017e+003,8.355024e-003
1.901499e+003,8.303175e-003
1.901981e+003,8.271161e-003
1.902464e+003,8.245941e-003
1.902946e+003,8.204027e-003
1.903428e+003,8.129607e-003
1.903910e+003,8.022098e-003
1.904392e+003,7.902314e-003
1.904874e+003,7.800644e-003
1.905356e+003,7.743288e-003
1.905838e+003,7.736643e-003
1.906321e+003,7.763977e-003
1.906803e+003,7.794959e-003
1.907285e+003,7.801713e-003
1.907767e+003,7.773185e-003
1.908249e+003,7.721731e-003
1.908731e+003,7.672677e-003
1.909213e+003,7.653610e-003
1.909695e+003,7.670933e-003
1.910177e+003,7.708261e-003
1.910660e+003,7.734552e-003
1.911142e+003,7.726149e-003
1.911624e+003,7.676251e-003
1.912106e+003,7.603311e-003
1.912588e+003,7.537503e-003
1.913070e+003,7.507806e-003
1.913552e+003,7.523453e-003
1.914034e+003,7.573412e-003
1.914517e+003,7.630567e-003
1.914999e+003,7.669054e-003
1.915481e+003,7.676238e-003
1.915963e+003,7.660421e-003
1.916445e+003,7.642162e-003
1.916927e+003,7.644597e-003
1.917409e+003,7.672809e-003
1.917892e+003,7.708667e-003
1.918374e+003,7.719329e-003
1.918856e+003,7.680714e-003
1.919338e+003,7.590544e-003
1.919820e+003,7.472097e-003
1.920302e+003,7.357011e-003
1.920784e+003,7.274108e-003
1.921266e+003,7.230919e-003
1.921749e+003,7.214171e-003
1.922231e+003,7.195423e-003
1.922713e+003,7.152763e-003
1.923195e+003,7.083346e-003
1.923677e+003,7.010365e-003
1.924159e+003,6.965511e-003
1.924641e+003,6.973815e-003
1.925123e+003,7.032297e-003
1.925605e+003,7.113459e-003
1.926088e+003,7.178319e-003
1.926570e+003,7.197630e-003
1.927052e+003,7.164009e-003
1.927534e+003,7.098489e-003
1.928016e+003,7.037580e-003
1.928498e+003,7.014274e-003
1.928980e+003,7.036138e-003
1.929462e+003,7.081092e-003
1.929945e+003,7.108658e-003
1.930427e+003,7.083921e-003
1.930909e+003,6.996267e-003
1.931391e+003,6.868963e-003
1.931873e+003,6.745420e-003
1.932355e+003,6.670494e-003
1.932837e+003,6.663960e-003
1.933320e+003,6.710692e-003
1.933802e+003,6.771597e-003
1.934284e+003,6.808626e-003
1.934766e+003,6.803151e-003
1.935248e+003,6.768323e-003
1.935730e+003,6.737099e-003
1.936212e+003,6.745956e-003
1.936694e+003,6.808185e-003
1.937177e+003,6.906494e-003
1.937659e+003,7.000914e-003
1.938141e+003,7.053620e-003
1.938623e+003,7.045528e-003
1.939105e+003,6.990332e-003
1.939587e+003,6.918847e-003
1.940069e+003,6.872477e-003
1.940551e+003,6.869906e-003
1.941033e+003,6.903840e-003
1.941516e+003,6.942720e-003
1.941998e+003,6.956704e-003
1.942480e+003,6.933903e-003
1.942962e+003,6.894797e-003
1.943444e+003,6.874759e-003
1.943926e+003,6.901726e-003
1.944408e+003,6.967419e-003
1.944890e+003,7.036336e-003
1.945373e+003,7.058229e-003
1.945855e+003,7.001272e-003
1.946337e+003,6.868152e-003
1.946819e+003,6.700397e-003
1.947301e+003,6.559121e-003
1.947783e+003,6.497267e-003
1.948265e+003,6.524116e-003
1.948748e+003,6.606355e-003
1.949229e+003,6.684085e-003
1.949712e+003,6.710093e-003
1.950194e+003,6.667919e-003
1.950676e+003,6.588987e-003
1.951158e+003,6.528526e-003
1.951640e+003,6.538936e-003
1.952122e+003,6.630248e-003
1.952604e+003,6.762633e-003
1.953087e+003,6.862678e-003
1.953569e+003,6.859869e-003
1.954051e+003,6.719739e-003
1.954533e+003,6.463073e-003
1.955015e+003,6.152917e-003
1.955497e+003,5.872602e-003
1.955979e+003,5.673859e-003
1.956461e+003,5.567390e-003
1.956944e+003,5.526600e-003
1.957426e+003,5.520780e-003
1.957908e+003,5.537877e-003
1.958390e+003,5.599004e-003
1.958872e+003,5.740209e-003
1.959354e+003,5.994868e-003
1.959836e+003,6.349294e-003
1.960318e+003,6.749019e-003
1.960801e+003,7.112567e-003
1.961283e+003,7.373397e-003
1.961765e+003,7.505237e-003
1.962247e+003,7.532532e-003
1.962729e+003,7.509517e-003
1.963211e+003,7.488590e-003
1.963693e+003,7.478614e-003
1.964176e+003,7.445194e-003
1.964657e+003,7.326333e-003
1.965140e+003,7.087008e-003
1.965622e+003,6.734652e-003
1.966104e+003,6.346366e-003
1.966586e+003,6.028805e-003
1.967068e+003,5.872437e-003
1.967550e+003,5.887531e-003
1.968032e+003,6.003886e-003
1.968515e+003,6.109802e-003
1.968997e+003,6.119315e-003
1.969479e+003,6.012241e-003
1.969961e+003,5.845320e-003
1.970443e+003,5.706547e-003
1.970925e+003,5.682239e-003
1.971407e+003,5.786675e-003
1.971889e+003,5.964793e-003
1.972372e+003,6.117495e-003
1.972854e+003,6.171397e-003
1.973336e+003,6.110475e-003
1.973818e+003,6.005795e-003
1.974300e+003,5.974719e-003
1.974782e+003,6.135976e-003
1.975264e+003,6.532351e-003
1.975746e+003,7.126449e-003
1.976229e+003,7.815204e-003
1.976711e+003,8.497370e-003
1.977193e+003,9.102012e-003
1.977675e+003,9.619432e-003
1.978157e+003,1.006565e-002
1.978639e+003,1.046401e-002
1.979121e+003,1.079141e-002
1.979604e+003,1.099426e-002
1.980085e+003,1.100996e-002
1.980568e+003,1.082216e-002
1.981050e+003,1.047230e-002
1.981532e+003,1.005619e-002
1.982014e+003,9.686760e-003
1.982496e+003,9.447873e-003
1.982978e+003,9.348007e-003
1.983460e+003,9.329285e-003
1.983943e+003,9.296401e-003
1.984425e+003,9.179829e-003
1.984907e+003,8.962330e-003
1.985389e+003,8.693810e-003
1.985871e+003,8.448768e-003
1.986353e+003,8.300491e-003
1.986835e+003,8.259104e-003
1.987317e+003,8.274403e-003
1.987800e+003,8.263909e-003
1.988282e+003,8.165883e-003
1.988764e+003,7.968520e-003
1.989246e+003,7.729474e-003
1.989728e+003,7.536863e-003
1.990210e+003,7.473369e-003
1.990692e+003,7.555421e-003
1.991174e+003,7.729712e-003
1.991656e+003,7.892931e-003
1.992139e+003,7.951997e-003
1.992621e+003,7.868836e-003
1.993103e+003,7.680429e-003
1.993585e+003,7.470384e-003
1.994067e+003,7.327918e-003
1.994549e+003,7.291101e-003
1.995031e+003,7.343127e-003
1.995514e+003,7.427526e-003
1.995996e+003,7.492692e-003
1.996478e+003,7.517923e-003
1.996960e+003,7.524744e-003
1.997442e+003,7.557738e-003
1.997924e+003,7.658401e-003
1.998406e+003,7.824865e-003
1.998888e+003,8.007550e-003
1.999371e+003,8.132112e-003
1.999853e+003,8.142035e-003
2.000335e+003,8.023378e-003
2.000817e+003,7.821059e-003
2.001299e+003,7.604574e-003
2.001781e+003,7.444767e-003
2.002263e+003,7.356900e-003
2.002745e+003,7.303529e-003
2.003228e+003,7.213659e-003
2.003710e+003,7.038547e-003
2.004192e+003,6.781733e-003
2.004674e+003,6.515836e-003
2.005156e+003,6.351747e-003
2.005638e+003,6.393574e-003
2.006120e+003,6.664669e-003
2.006603e+003,7.109705e-003
2.007084e+003,7.607440e-003
2.007567e+003,8.040569e-003
2.008049e+003,8.340972e-003
2.008531e+003,8.515401e-003
2.009013e+003,8.622314e-003
2.009495e+003,8.730770e-003
2.009977e+003,8.861289e-003
2.010459e+003,8.975130e-003
2.010942e+003,8.998016e-003
2.011424e+003,8.877766e-003
2.011906e+003,8.611705e-003
2.012388e+003,8.268993e-003
2.012870e+003,7.954049e-003
2.013352e+003,7.761219e-003
2.013834e+003,7.717771e-003
2.014316e+003,7.770390e-003
2.014799e+003,7.818255e-003
2.015281e+003,7.775592e-003
2.015763e+003,7.611899e-003
2.016245e+003,7.377888e-003
2.016727e+003,7.172931e-003
2.017209e+003,7.101801e-003
2.017691e+003,7.194155e-003
2.018173e+003,7.392430e-003
2.018656e+003,7.588953e-003
2.019138e+003,7.689433e-003
2.019620e+003,7.656639e-003
2.020102e+003,7.536937e-003
2.020584e+003,7.424418e-003
2.021066e+003,7.423218e-003
2.021548e+003,7.571924e-003
2.022031e+003,7.836718e-003
2.022512e+003,8.127957e-003
2.022995e+003,8.355208e-003
2.023477e+003,8.466453e-003
2.023959e+003,8.476798e-003
2.024441e+003,8.439536e-003
2.024923e+003,8.421088e-003
2.025405e+003,8.440237e-003
2.025887e+003,8.460883e-003
2.026370e+003,8.413683e-003
2.026852e+003,8.253989e-003
2.027334e+003,7.976701e-003
2.027816e+003,7.647790e-003
2.028298e+003,7.355441e-003
2.028780e+003,7.176356e-003
2.029262e+003,7.116038e-003
2.029744e+003,7.113729e-003
2.030227e+003,7.070188e-003
2.030709e+003,6.920896e-003
2.031191e+003,6.670241e-003
2.031673e+003,6.405434e-003
2.032155e+003,6.248871e-003
2.032637e+003,6.317098e-003
2.033119e+003,6.638225e-003
2.033601e+003,7.154351e-003
2.034083e+003,7.748662e-003
2.034566e+003,8.318814e-003
2.035048e+003,8.803992e-003
2.035530e+003,9.212442e-003
2.036012e+003,9.582874e-003
2.036494e+003,9.956913e-003
2.036976e+003,1.031797e-002
2.037458e+003,1.061026e-002
2.037940e+003,1.075397e-002
2.038423e+003,1.070675e-002
2.038905e+003,1.048133e-002
2.039387e+003,1.016434e-002
2.039869e+003,9.870956e-003
2.040351e+003,9.702603e-003
2.040833e+003,9.689855e-003
2.041315e+003,9.786652e-003
2.041798e+003,9.900606e-003
2.042280e+003,9.955772e-003
2.042762e+003,9.923968e-003
2.043244e+003,9.847717e-003
2.043726e+003,9.803688e-003
2.044208e+003,9.865927e-003
2.044690e+003,1.005084e-002
2.045172e+003,1.031293e-002
2.045655e+003,1.056617e-002
2.046137e+003,1.074143e-002
2.046619e+003,1.081960e-002
2.047101e+003,1.085353e-002
2.047583e+003,1.093356e-002
2.048065e+003,1.115167e-002
2.048547e+003,1.153261e-002
2.049029e+003,1.202103e-002
2.049511e+003,1.249962e-002
2.049994e+003,1.284182e-002
2.050476e+003,1.296202e-002
2.050958e+003,1.284579e-002
2.051440e+003,1.254468e-002
2.051922e+003,1.215324e-002
2.052404e+003,1.176289e-002
2.052886e+003,1.143446e-002
2.053368e+003,1.118971e-002
2.053851e+003,1.102448e-002
2.054333e+003,1.091750e-002
2.054815e+003,1.085266e-002
2.055297e+003,1.081695e-002
2.055779e+003,1.080694e-002
2.056261e+003,1.081237e-002
2.056743e+003,1.081815e-002
2.057226e+003,1.080495e-002
2.057708e+003,1.076560e-002
2.058190e+003,1.070621e-002
2.058672e+003,1.064907e-002
2.059154e+003,1.061953e-002
2.059636e+003,1.063728e-002
2.060118e+003,1.069869e-002
2.060600e+003,1.078094e-002
2.061083e+003,1.084961e-002
2.061565e+003,1.088333e-002
2.062047e+003,1.087737e-002
2.062529e+003,1.085231e-002
2.063011e+003,1.083313e-002
2.063493e+003,1.084604e-002
2.063975e+003,1.089239e-002
2.064457e+003,1.095393e-002
2.064939e+003,1.100123e-002
2.065422e+003,1.101779e-002
2.065904e+003,1.100547e-002
2.066386e+003,1.099008e-002
2.066868e+003,1.100041e-002
2.067350e+003,1.105984e-002
2.067832e+003,1.116190e-002
2.068314e+003,1.127921e-002
2.068796e+003,1.137249e-002
2.069279e+003,1.141493e-002
2.069761e+003,1.140231e-002
2.070243e+003,1.135669e-002
2.070725e+003,1.131090e-002
2.071207e+003,1.129519e-002
2.071689e+003,1.131450e-002
2.072171e+003,1.135065e-002
2.072654e+003,1.137367e-002
2.073135e+003,1.136491e-002
2.073618e+003,1.132378e-002
2.074100e+003,1.127534e-002
2.074582e+003,1.125185e-002
2.075064e+003,1.127793e-002
2.075546e+003,1.135075e-002
2.076028e+003,1.144248e-002
2.076510e+003,1.151176e-002
2.076993e+003,1.152914e-002
2.077475e+003,1.149012e-002
2.077957e+003,1.142278e-002
2.078439e+003,1.136957e-002
2.078921e+003,1.137444e-002
2.079403e+003,1.145194e-002
2.079885e+003,1.158694e-002
2.080367e+003,1.173982e-002
2.080850e+003,1.186688e-002
2.081332e+003,1.193685e-002
2.081814e+003,1.194249e-002
2.082296e+003,1.189624e-002
2.082778e+003,1.182418e-002
2.083260e+003,1.174370e-002
2.083742e+003,1.166207e-002
2.084224e+003,1.157572e-002
2.084707e+003,1.148304e-002
2.085189e+003,1.139089e-002
2.085671e+003,1.131732e-002
2.086153e+003,1.128227e-002
2.086635e+003,1.130113e-002
2.087117e+003,1.136648e-002
2.087599e+003,1.145092e-002
2.088082e+003,1.151607e-002
2.088563e+003,1.152860e-002
2.089046e+003,1.147119e-002
2.089528e+003,1.135037e-002
2.090010e+003,1.118829e-002
2.090492e+003,1.101487e-002
2.090974e+003,1.085003e-002
2.091456e+003,1.070148e-002
2.091938e+003,1.056720e-002
2.092421e+003,1.044836e-002
2.092903e+003,1.035510e-002
2.093385e+003,1.030984e-002
2.093867e+003,1.033355e-002
2.094349e+003,1.043827e-002
2.094831e+003,1.061067e-002
2.095313e+003,1.081451e-002
2.095795e+003,1.100247e-002
2.096278e+003,1.113866e-002
2.096760e+003,1.120909e-002
2.097242e+003,1.122897e-002
2.097724e+003,1.122916e-002
2.098206e+003,1.124364e-002
2.098688e+003,1.128621e-002
2.099170e+003,1.134866e-002
2.099652e+003,1.140474e-002
2.100135e+003,1.143011e-002
2.100617e+003,1.141180e-002
2.101099e+003,1.135867e-002
2.101581e+003,1.129119e-002
2.102063e+003,1.123434e-002
2.102545e+003,1.120003e-002
2.103027e+003,1.118355e-002
2.103510e+003,1.116897e-002
2.103991e+003,1.114521e-002
2.104474e+003,1.111233e-002
2.104956e+003,1.108798e-002
2.105438e+003,1.109539e-002
2.105920e+003,1.115507e-002
2.106402e+003,1.126650e-002
2.106884e+003,1.140832e-002
2.107366e+003,1.154421e-002
2.107849e+003,1.164156e-002
2.108331e+003,1.168512e-002
2.108813e+003,1.168298e-002
2.109295e+003,1.165727e-002
2.109777e+003,1.163983e-002
2.110259e+003,1.164893e-002
2.110741e+003,1.168644e-002
2.111223e+003,1.173807e-002
2.111706e+003,1.178639e-002
2.112188e+003,1.181779e-002
2.112670e+003,1.183014e-002
2.113152e+003,1.182532e-002
2.113634e+003,1.180716e-002
2.114116e+003,1.176955e-002
2.114598e+003,1.169772e-002
2.115080e+003,1.157611e-002
2.115563e+003,1.140038e-002
2.116045e+003,1.118457e-002
2.116527e+003,1.096098e-002
2.117009e+003,1.076736e-002
2.117491e+003,1.063736e-002
2.117973e+003,1.058008e-002
2.118455e+003,1.058206e-002
2.118938e+003,1.061203e-002
2.119420e+003,1.063923e-002
2.119902e+003,1.064457e-002
2.120384e+003,1.062744e-002
2.120866e+003,1.059780e-002
2.121348e+003,1.057077e-002
2.121830e+003,1.054736e-002
2.122312e+003,1.051583e-002
2.122794e+003,1.045426e-002
2.123277e+003,1.034827e-002
2.123759e+003,1.019756e-002
2.124241e+003,1.002404e-002
2.124723e+003,9.855809e-003
2.125205e+003,9.723468e-003
2.125687e+003,9.632646e-003
2.126169e+003,9.568844e-003
2.126651e+003,9.498891e-003
2.127134e+003,9.393241e-003
2.127616e+003,9.236070e-003
2.128098e+003,9.036275e-003
2.128580e+003,8.818132e-003
2.129062e+003,8.612758e-003
2.129544e+003,8.432686e-003
2.130026e+003,8.274429e-003
2.130509e+003,8.116127e-003
2.130990e+003,7.942755e-003
2.131473e+003,7.754306e-003
2.131955e+003,7.577493e-003
2.132437e+003,7.451417e-003
2.132919e+003,7.415699e-003
2.133401e+003,7.481295e-003
2.133883e+003,7.624269e-003
2.134365e+003,7.791574e-003
2.134848e+003,7.930090e-003
2.135330e+003,8.002458e-003
2.135812e+003,8.007691e-003
2.136294e+003,7.970518e-003
2.136776e+003,7.929898e-003
2.137258e+003,7.906048e-003
2.137740e+003,7.891043e-003
2.138222e+003,7.853667e-003
2.138705e+003,7.761751e-003
2.139187e+003,7.601839e-003
2.139669e+003,7.395218e-003
2.140151e+003,7.181758e-003
2.140633e+003,7.014989e-003
2.141115e+003,6.920789e-003
2.141597e+003,6.892322e-003
2.142079e+003,6.896948e-003
2.142562e+003,6.899573e-003
2.143044e+003,6.881525e-003
2.143526e+003,6.856242e-003
2.144008e+003,6.855780e-003
2.144490e+003,6.918382e-003
2.144972e+003,7.051551e-003
2.145454e+003,7.229714e-003
2.145937e+003,7.399320e-003
2.146418e+003,7.509666e-003
2.146901e+003,7.535232e-003
2.147383e+003,7.483416e-003
2.147865e+003,7.388178e-003
2.148347e+003,7.288892e-003
2.148829e+003,7.190287e-003
2.149311e+003,7.065457e-003
2.149793e+003,6.859858e-003
2.150276e+003,6.538259e-003
2.150758e+003,6.096401e-003
2.151240e+003,5.582701e-003
2.151722e+003,5.072997e-003
2.152204e+003,4.645327e-003
2.152686e+003,4.324926e-003
2.153168e+003,4.079441e-003
2.153650e+003,3.827819e-003
2.154133e+003,3.491970e-003
2.154615e+003,3.034324e-003
2.155097e+003,2.490346e-003
2.155579e+003,1.949091e-003
2.156061e+003,1.548720e-003
2.156543e+003,1.394553e-003
2.157025e+003,1.544330e-003
2.157507e+003,1.999978e-003
2.157990e+003,2.739056e-003
2.158472e+003,3.722430e-003
2.158954e+003,4.910253e-003
2.159436e+003,6.233716e-003
2.159918e+003,7.595350e-003
2.160400e+003,8.844014e-003
2.160882e+003,9.835185e-003
2.161365e+003,1.046264e-002
2.161846e+003,1.071548e-002
2.162329e+003,1.067678e-002
2.162811e+003,1.050943e-002
2.163293e+003,1.038493e-002
2.163775e+003,1.044306e-002
2.164257e+003,1.071510e-002
2.164739e+003,1.113212e-002
2.165221e+003,1.156360e-002
2.165704e+003,1.188907e-002
2.166186e+003,1.204183e-002
2.166668e+003,1.203295e-002
2.167150e+003,1.193352e-002
2.167632e+003,1.183311e-002
2.168114e+003,1.178068e-002
2.168596e+003,1.176714e-002
2.169078e+003,1.172959e-002
2.169561e+003,1.159668e-002
2.170043e+003,1.131860e-002
2.170525e+003,1.089577e-002
2.171007e+003,1.036792e-002
2.171489e+003,9.812064e-003
2.171971e+003,9.285071e-003
2.172453e+003,8.823455e-003
2.172935e+003,8.437049e-003
2.173417e+003,8.139024e-003
2.173900e+003,7.951875e-003
2.174382e+003,7.915496e-003
2.174864e+003,8.059546e-003
2.175346e+003,8.384738e-003
2.175828e+003,8.828722e-003
2.176310e+003,9.282356e-003
2.176792e+003,9.621784e-003
2.177274e+003,9.764364e-003
2.177757e+003,9.696101e-003
2.178239e+003,9.485644e-003
2.178721e+003,9.249115e-003
2.179203e+003,9.115040e-003
2.179685e+003,9.157309e-003
2.180167e+003,9.378399e-003
2.180649e+003,9.715332e-003
2.181132e+003,1.008635e-002
2.181614e+003,1.042471e-002
2.182096e+003,1.070674e-002
2.182578e+003,1.094874e-002
2.183060e+003,1.118791e-002
2.183542e+003,1.143991e-002
2.184024e+003,1.168695e-002
2.184506e+003,1.187912e-002
2.184989e+003,1.197119e-002
2.185471e+003,1.194640e-002
2.185953e+003,1.183536e-002
2.186435e+003,1.169839e-002
2.186917e+003,1.161617e-002
2.187399e+003,1.162694e-002
2.187881e+003,1.172741e-002
2.188363e+003,1.186221e-002
2.188845e+003,1.196507e-002
2.189328e+003,1.197902e-002
2.189810e+003,1.188695e-002
2.190292e+003,1.170888e-002
2.190774e+003,1.149771e-002
2.191256e+003,1.129633e-002
2.191738e+003,1.113260e-002
2.192220e+003,1.100211e-002
2.192702e+003,1.089312e-002
2.193185e+003,1.079195e-002
2.193667e+003,1.070111e-002
2.194149e+003,1.063362e-002
2.194631e+003,1.061088e-002
2.195113e+003,1.063719e-002
2.195595e+003,1.069985e-002
2.196077e+003,1.077454e-002
2.196560e+003,1.084190e-002
2.197042e+003,1.089383e-002
2.197524e+003,1.094255e-002
2.198006e+003,1.100323e-002
2.198488e+003,1.108781e-002
2.198970e+003,1.118341e-002
2.199452e+003,1.125253e-002
2.199934e+003,1.125226e-002
2.200417e+003,1.115477e-002
2.200899e+003,1.096762e-002
2.201381e+003,1.073741e-002
2.201863e+003,1.052855e-002
2.202345e+003,1.041260e-002
2.202827e+003,1.042026e-002
2.203309e+003,1.054359e-002
2.203791e+003,1.073780e-002
2.204273e+003,1.094661e-002
2.204756e+003,1.112503e-002
2.205238e+003,1.125529e-002
2.205720e+003,1.134050e-002
2.206202e+003,1.140171e-002
2.206684e+003,1.144616e-002
2.207166e+003,1.146613e-002
2.207648e+003,1.143710e-002
2.208130e+003,1.133883e-002
2.208613e+003,1.116915e-002
2.209095e+003,1.095241e-002
2.209577e+003,1.073200e-002
2.210059e+003,1.056079e-002
2.210541e+003,1.046919e-002
2.211023e+003,1.046140e-002
2.211505e+003,1.051287e-002
2.211988e+003,1.059379e-002
2.212469e+003,1.067593e-002
2.212952e+003,1.075003e-002
2.213434e+003,1.082105e-002
2.213916e+003,1.090509e-002
2.214398e+003,1.100706e-002
2.214880e+003,1.111932e-002
2.215362e+003,1.122036e-002
2.215844e+003,1.129181e-002
2.216327e+003,1.132541e-002
2.216809e+003,1.133136e-002
2.217291e+003,1.132729e-002
2.217773e+003,1.134023e-002
2.218255e+003,1.137795e-002
2.218737e+003,1.143242e-002
2.219219e+003,1.147933e-002
2.219701e+003,1.149738e-002
2.220184e+003,1.147285e-002
2.220666e+003,1.140989e-002
2.221148e+003,1.132383e-002
2.221630e+003,1.124235e-002
2.222112e+003,1.117961e-002
2.222594e+003,1.114047e-002
2.223076e+003,1.112038e-002
2.223558e+003,1.111721e-002
2.224041e+003,1.113162e-002
2.224523e+003,1.117392e-002
2.225005e+003,1.125003e-002
2.225487e+003,1.136013e-002
2.225969e+003,1.148476e-002
2.226451e+003,1.159349e-002
2.226933e+003,1.165388e-002
2.227416e+003,1.165236e-002
2.227897e+003,1.159564e-002
2.228380e+003,1.151520e-002
2.228862e+003,1.144909e-002
2.229344e+003,1.143064e-002
2.229826e+003,1.146848e-002
2.230308e+003,1.154596e-002
2.230790e+003,1.163127e-002
2.231272e+003,1.169723e-002
2.231755e+003,1.173239e-002
2.232237e+003,1.174840e-002
2.232719e+003,1.176247e-002
2.233201e+003,1.179804e-002
2.233683e+003,1.185476e-002
2.234165e+003,1.191472e-002
2.234647e+003,1.194832e-002
2.235129e+003,1.193321e-002
2.235612e+003,1.186507e-002
2.236094e+003,1.176510e-002
2.236576e+003,1.166631e-002
2.237058e+003,1.160551e-002
2.237540e+003,1.159728e-002
2.238022e+003,1.163355e-002
2.238504e+003,1.168582e-002
2.238986e+003,1.172663e-002
2.239469e+003,1.173960e-002
2.239951e+003,1.172921e-002
2.240433e+003,1.171595e-002
2.240915e+003,1.172757e-002
2.241397e+003,1.177760e-002
2.241879e+003,1.186261e-002
2.242361e+003,1.196106e-002
2.242844e+003,1.205113e-002
2.243326e+003,1.211732e-002
2.243808e+003,1.216178e-002
2.244290e+003,1.219669e-002
2.244772e+003,1.224217e-002
2.245254e+003,1.230559e-002
2.245736e+003,1.237937e-002
2.246218e+003,1.244233e-002
2.246700e+003,1.247230e-002
2.247183e+003,1.245537e-002
2.247665e+003,1.239589e-002
2.248147e+003,1.230923e-002
2.248629e+003,1.222163e-002
2.249111e+003,1.215000e-002
2.249593e+003,1.209902e-002
2.250075e+003,1.205934e-002
2.250557e+003,1.202018e-002
2.251040e+003,1.197436e-002
2.251522e+003,1.192557e-002
2.252004e+003,1.188575e-002
2.252486e+003,1.187288e-002
2.252968e+003,1.189280e-002
2.253450e+003,1.194410e-002
2.253932e+003,1.201265e-002
2.254415e+003,1.208555e-002
2.254896e+003,1.215485e-002
2.255379e+003,1.222268e-002
2.255861e+003,1.229621e-002
2.256343e+003,1.238408e-002
2.256825e+003,1.248283e-002
2.257307e+003,1.257709e-002
2.257789e+003,1.264260e-002
2.258271e+003,1.266212e-002
2.258754e+003,1.262775e-002
2.259236e+003,1.255053e-002
2.259718e+003,1.245447e-002
2.260200e+003,1.236930e-002
2.260682e+003,1.231559e-002
2.261164e+003,1.229886e-002
2.261646e+003,1.231090e-002
2.262128e+003,1.233705e-002
2.262611e+003,1.236458e-002
2.263093e+003,1.239121e-002
2.263575e+003,1.242135e-002
2.264057e+003,1.246988e-002
2.264539e+003,1.254442e-002
2.265021e+003,1.264516e-002
2.265503e+003,1.276229e-002
2.265985e+003,1.288283e-002
2.266468e+003,1.299499e-002
2.266950e+003,1.309244e-002
2.267432e+003,1.317441e-002
2.267914e+003,1.324583e-002
2.268396e+003,1.330754e-002
2.268878e+003,1.335685e-002
2.269360e+003,1.338774e-002
2.269843e+003,1.339713e-002
2.270324e+003,1.338595e-002
2.270807e+003,1.336370e-002
2.271289e+003,1.334182e-002
2.271771e+003,1.333405e-002
2.272253e+003,1.334466e-002
2.272735e+003,1.337139e-002
2.273217e+003,1.340537e-002
2.273699e+003,1.344029e-002
2.274182e+003,1.347263e-002
2.274664e+003,1.350681e-002
2.275146e+003,1.354956e-002
2.275628e+003,1.360885e-002
2.276110e+003,1.368453e-002
2.276592e+003,1.376950e-002
2.277074e+003,1.385145e-002
2.277556e+003,1.392005e-002
2.278039e+003,1.397191e-002
2.278521e+003,1.401200e-002
2.279003e+003,1.404951e-002
2.279485e+003,1.409822e-002
2.279967e+003,1.416366e-002
2.280449e+003,1.424622e-002
2.280931e+003,1.433802e-002
2.281413e+003,1.443224e-002
2.281896e+003,1.452337e-002
2.282378e+003,1.461016e-002
2.282860e+003,1.469363e-002
2.283342e+003,1.477613e-002
2.283824e+003,1.485314e-002
2.284306e+003,1.491951e-002
2.284788e+003,1.496631e-002
2.285271e+003,1.499007e-002
2.285752e+003,1.499223e-002
2.286235e+003,1.498286e-002
2.286717e+003,1.497256e-002
2.287199e+003,1.497179e-002
2.287681e+003,1.498288e-002
2.288163e+003,1.500004e-002
2.288645e+003,1.501182e-002
2.289127e+003,1.500782e-002
2.289610e+003,1.498149e-002
2.290092e+003,1.493365e-002
2.290574e+003,1.487061e-002
2.291056e+003,1.480139e-002
2.291538e+003,1.473153e-002
2.292020e+003,1.466226e-002
2.292502e+003,1.459165e-002
2.292984e+003,1.451785e-002
2.293467e+003,1.444156e-002
2.293949e+003,1.436826e-002
2.294431e+003,1.430395e-002
2.294913e+003,1.425542e-002
2.295395e+003,1.422347e-002
2.295877e+003,1.420400e-002
2.296359e+003,1.418900e-002
2.296841e+003,1.417191e-002
2.297323e+003,1.415064e-002
2.297806e+003,1.412820e-002
2.298288e+003,1.411078e-002
2.298770e+003,1.410509e-002
2.299252e+003,1.411183e-002
2.299734e+003,1.412700e-002
2.300216e+003,1.414094e-002
2.300698e+003,1.414607e-002
2.301180e+003,1.413751e-002
2.301663e+003,1.411766e-002
2.302145e+003,1.409191e-002
2.302627e+003,1.406886e-002
2.303109e+003,1.405331e-002
2.303591e+003,1.404534e-002
2.304073e+003,1.404116e-002
2.304555e+003,1.403759e-002
2.305038e+003,1.403325e-002
2.305520e+003,1.403138e-002
2.306002e+003,1.403764e-002
2.306484e+003,1.405825e-002
2.306966e+003,1.409444e-002
2.307448e+003,1.414213e-002
2.307930e+003,1.419294e-002
2.308412e+003,1.423803e-002
2.308895e+003,1.427173e-002
2.309377e+003,1.429443e-002
2.309859e+003,1.430875e-002
2.310341e+003,1.432198e-002
2.310823e+003,1.433755e-002
2.311305e+003,1.435694e-002
2.311787e+003,1.437788e-002
2.312269e+003,1.440000e-002
2.312751e+003,1.442438e-002
2.313234e+003,1.445624e-002
2.313716e+003,1.449992e-002
2.314198e+003,1.456043e-002
2.314680e+003,1.463545e-002
2.315162e+003,1.471929e-002
2.315644e+003,1.480388e-002
2.316126e+003,1.488391e-002
2.316608e+003,1.495892e-002
2.317091e+003,1.503466e-002
2.317573e+003,1.511815e-002
2.318055e+003,1.521713e-002
2.318537e+003,1.533292e-002
2.319019e+003,1.546250e-002
2.319501e+003,1.560160e-002
2.319983e+003,1.575132e-002
2.320466e+003,1.591782e-002
2.320948e+003,1.611256e-002
2.321430e+003,1.634243e-002
2.321912e+003,1.660210e-002
2.322394e+003,1.686451e-002
2.322876e+003,1.708545e-002
2.323358e+003,1.721201e-002
2.323840e+003,1.720117e-002
2.324323e+003,1.703327e-002
2.324805e+003,1.671895e-002
2.325287e+003,1.629496e-002
2.325769e+003,1.581619e-002
2.326251e+003,1.533800e-002
2.326733e+003,1.490638e-002
2.327215e+003,1.455026e-002
2.327697e+003,1.427985e-002
2.328179e+003,1.409051e-002
2.328662e+003,1.396794e-002
2.329144e+003,1.389438e-002
2.329626e+003,1.385406e-002
2.330108e+003,1.383204e-002
2.330590e+003,1.381557e-002
2.331072e+003,1.379376e-002
2.331554e+003,1.375989e-002
2.332036e+003,1.371182e-002
2.332519e+003,1.365434e-002
2.333001e+003,1.359550e-002
2.333483e+003,1.354737e-002
2.333965e+003,1.351717e-002
2.334447e+003,1.350735e-002
2.334929e+003,1.351414e-002
2.335411e+003,1.353057e-002
2.335894e+003,1.354968e-002
2.336375e+003,1.356840e-002
2.336858e+003,1.358721e-002
2.337340e+003,1.361050e-002
2.337822e+003,1.364071e-002
2.338304e+003,1.367697e-002
2.338786e+003,1.371341e-002
2.339268e+003,1.374389e-002
2.339750e+003,1.376276e-002
2.340233e+003,1.377086e-002
2.340715e+003,1.377259e-002
2.341197e+003,1.377716e-002
2.341679e+003,1.378975e-002
2.342161e+003,1.381123e-002
2.342643e+003,1.383508e-002
2.343125e+003,1.385359e-002
2.343607e+003,1.385865e-002
2.344090e+003,1.384788e-002
2.344572e+003,1.382466e-002
2.345054e+003,1.379797e-002
2.345536e+003,1.377575e-002
2.346018e+003,1.376259e-002
2.346500e+003,1.375715e-002
2.346982e+003,1.375477e-002
2.347464e+003,1.374971e-002
2.347947e+003,1.373842e-002
2.348429e+003,1.371813e-002
2.348911e+003,1.368908e-002
2.349393e+003,1.365166e-002
2.349875e+003,1.360569e-002
2.350357e+003,1.355063e-002
2.350839e+003,1.348735e-002
2.351322e+003,1.341717e-002
2.351803e+003,1.334445e-002
2.352286e+003,1.327359e-002
2.352768e+003,1.321100e-002
2.353250e+003,1.315826e-002
2.353732e+003,1.311403e-002
2.354214e+003,1.307152e-002
2.354696e+003,1.302568e-002
2.355178e+003,1.297215e-002
2.355661e+003,1.291346e-002
2.356143e+003,1.285144e-002
2.356625e+003,1.279255e-002
2.357107e+003,1.273570e-002
2.357589e+003,1.267511e-002
2.358071e+003,1.260042e-002
2.358553e+003,1.250284e-002
2.359035e+003,1.237904e-002
2.359518e+003,1.223551e-002
2.360000e+003,1.208418e-002
2.360482e+003,1.194183e-002
2.360964e+003,1.181994e-002
2.361446e+003,1.172192e-002
2.361928e+003,1.164365e-002
2.362410e+003,1.157960e-002
2.362892e+003,1.152409e-002
2.363375e+003,1.147711e-002
2.363857e+003,1.143969e-002
2.364339e+003,1.141580e-002
2.364821e+003,1.140379e-002
2.365303e+003,1.139882e-002
2.365785e+003,1.139179e-002
2.366267e+003,1.137683e-002
2.366750e+003,1.135465e-002
2.367232e+003,1.133253e-002
2.367714e+003,1.132088e-002
2.368196e+003,1.133191e-002
2.368678e+003,1.136993e-002
2.369160e+003,1.143090e-002
2.369642e+003,1.150397e-002
2.370124e+003,1.157707e-002
2.370606e+003,1.164028e-002
2.371089e+003,1.169087e-002
2.371571e+003,1.172989e-002
2.372053e+003,1.176368e-002
2.372535e+003,1.179581e-002
2.373017e+003,1.182771e-002
2.373499e+003,1.185589e-002
2.373981e+003,1.187779e-002
2.374463e+003,1.189167e-002
2.374946e+003,1.189941e-002
2.375428e+003,1.190446e-002
2.375910e+003,1.191253e-002
2.376392e+003,1.192474e-002
2.376874e+003,1.194134e-002
2.377356e+003,1.195628e-002
2.377838e+003,1.196572e-002
2.378321e+003,1.196663e-002
2.378802e+003,1.196004e-002
2.379285e+003,1.194939e-002
2.379767e+003,1.194255e-002
2.380249e+003,1.194418e-002
2.380731e+003,1.195769e-002
2.381213e+003,1.198302e-002
2.381695e+003,1.201706e-002
2.382177e+003,1.205591e-002
2.382660e+003,1.209437e-002
2.383142e+003,1.212837e-002
2.383624e+003,1.215440e-002
2.384106e+003,1.216965e-002
2.384588e+003,1.217115e-002
2.385070e+003,1.215834e-002
2.385552e+003,1.213288e-002
2.386034e+003,1.209902e-002
2.386517e+003,1.206435e-002
2.386999e+003,1.203510e-002
2.387481e+003,1.201840e-002
2.387963e+003,1.201626e-002
2.388445e+003,1.202694e-002
2.388927e+003,1.204442e-002
2.389409e+003,1.206271e-002
2.389891e+003,1.207652e-002
2.390374e+003,1.208288e-002
2.390856e+003,1.208195e-002
2.391338e+003,1.207597e-002
2.391820e+003,1.206742e-002
2.392302e+003,1.205694e-002
2.392784e+003,1.204462e-002
2.393266e+003,1.203132e-002
2.393749e+003,1.201810e-002
2.394230e+003,1.200735e-002
2.394713e+003,1.200190e-002
2.395195e+003,1.200424e-002
2.395677e+003,1.201397e-002
2.396159e+003,1.202819e-002
2.396641e+003,1.204194e-002
2.397123e+003,1.205223e-002
2.397605e+003,1.205715e-002
2.398088e+003,1.205869e-002
2.398570e+003,1.206055e-002
2.399052e+003,1.206796e-002
2.399534e+003,1.208294e-002
2.400016e+003,1.210483e-002
2.400498e+003,1.212963e-002
2.400980e+003,1.215267e-002
2.401462e+003,1.217057e-002
2.401945e+003,1.218236e-002
2.402427e+003,1.218850e-002
2.402909e+003,1.219337e-002
2.403391e+003,1.220000e-002
2.403873e+003,1.221067e-002
2.404355e+003,1.222674e-002
2.404837e+003,1.225024e-002
2.405319e+003,1.228317e-002
2.405802e+003,1.232895e-002
2.406284e+003,1.238902e-002
2.406766e+003,1.246349e-002
2.407248e+003,1.254703e-002
2.407730e+003,1.263110e-002
2.408212e+003,1.270478e-002
2.408694e+003,1.276024e-002
2.409177e+003,1.279221e-002
2.409658e+003,1.280382e-002
2.410141e+003,1.280105e-002
2.410623e+003,1.279504e-002
2.411105e+003,1.279420e-002
2.411587e+003,1.280460e-002
2.412069e+003,1.282771e-002
2.412551e+003,1.286240e-002
2.413033e+003,1.290553e-002
2.413516e+003,1.295385e-002
2.413998e+003,1.300284e-002
2.414480e+003,1.304918e-002
2.414962e+003,1.308654e-002
2.415444e+003,1.311014e-002
2.415926e+003,1.311406e-002
2.416408e+003,1.309843e-002
2.416890e+003,1.306683e-002
2.417373e+003,1.302783e-002
2.417855e+003,1.299149e-002
2.418337e+003,1.296869e-002
2.418819e+003,1.296430e-002
2.419301e+003,1.297849e-002
2.419783e+003,1.300543e-002
2.420265e+003,1.303822e-002
2.420747e+003,1.307079e-002
2.421229e+003,1.309979e-002
2.421712e+003,1.312458e-002
2.422194e+003,1.314670e-002
2.422676e+003,1.316711e-002
2.423158e+003,1.318502e-002
2.423640e+003,1.319821e-002
2.424122e+003,1.320653e-002
2.424604e+003,1.321176e-002
2.425086e+003,1.321813e-002
2.425569e+003,1.323134e-002
2.426051e+003,1.325579e-002
2.426533e+003,1.329115e-002
2.427015e+003,1.333166e-002
2.427497e+003,1.336828e-002
2.427979e+003,1.339203e-002
2.428461e+003,1.339706e-002
2.428944e+003,1.338415e-002
2.429426e+003,1.335851e-002
2.429908e+003,1.333002e-002
2.430390e+003,1.330706e-002
2.430872e+003,1.329534e-002
2.431354e+003,1.329488e-002
2.431836e+003,1.330445e-002
2.432318e+003,1.332023e-002
2.432801e+003,1.334034e-002
2.433283e+003,1.336364e-002
2.433765e+003,1.339062e-002
2.434247e+003,1.342146e-002
2.434729e+003,1.345459e-002
2.435211e+003,1.348643e-002
2.435693e+003,1.351567e-002
2.436175e+003,1.354099e-002
2.436657e+003,1.356330e-002
2.437140e+003,1.358406e-002
2.437622e+003,1.360548e-002
2.438104e+003,1.362699e-002
2.438586e+003,1.364687e-002
2.439068e+003,1.366103e-002
2.439550e+003,1.366799e-002
2.440032e+003,1.366856e-002
2.440514e+003,1.366749e-002
2.440997e+003,1.367003e-002
2.441479e+003,1.368273e-002
2.441961e+003,1.370723e-002
2.442443e+003,1.374076e-002
2.442925e+003,1.377742e-002
2.443407e+003,1.381098e-002
2.443889e+003,1.383693e-002
2.444372e+003,1.385483e-002
2.444854e+003,1.386700e-002
2.445336e+003,1.387820e-002
2.445818e+003,1.389284e-002
2.446300e+003,1.391176e-002
2.446782e+003,1.393479e-002
2.447264e+003,1.396128e-002
2.447746e+003,1.399131e-002
2.448229e+003,1.402686e-002
2.448711e+003,1.406941e-002
2.449193e+003,1.412103e-002
2.449675e+003,1.417900e-002
2.450157e+003,1.423849e-002
2.450639e+003,1.429181e-002
2.451121e+003,1.433455e-002
2.451604e+003,1.436347e-002
2.452085e+003,1.438103e-002
2.452568e+003,1.439094e-002
2.453050e+003,1.439839e-002
2.453532e+003,1.440525e-002
2.454014e+003,1.440990e-002
2.454496e+003,1.440803e-002
2.454978e+003,1.439651e-002
2.455460e+003,1.437518e-002
2.455943e+003,1.434839e-002
2.456425e+003,1.432283e-002
2.456907e+003,1.430502e-002
2.457389e+003,1.429784e-002
2.457871e+003,1.429932e-002
2.458353e+003,1.430204e-002
2.458835e+003,1.430080e-002
2.459317e+003,1.429105e-002
2.459800e+003,1.427535e-002
2.460282e+003,1.425965e-002
2.460764e+003,1.425360e-002
2.461246e+003,1.426300e-002
2.461728e+003,1.429018e-002
2.462210e+003,1.433019e-002
2.462692e+003,1.437583e-002
2.463174e+003,1.441885e-002
2.463656e+003,1.445427e-002
2.464139e+003,1.447969e-002
2.464621e+003,1.449825e-002
2.465103e+003,1.451318e-002
2.465585e+003,1.452670e-002
2.466067e+003,1.453923e-002
2.466549e+003,1.455102e-002
2.467031e+003,1.456157e-002
2.467513e+003,1.457229e-002
2.467996e+003,1.458434e-002
2.468478e+003,1.460178e-002
2.468960e+003,1.462595e-002
2.469442e+003,1.465709e-002
2.469924e+003,1.469330e-002
2.470406e+003,1.473384e-002
2.470888e+003,1.477772e-002
2.471371e+003,1.482652e-002
2.471853e+003,1.488081e-002
2.472335e+003,1.494227e-002
2.472817e+003,1.500867e-002
2.473299e+003,1.507525e-002
2.473781e+003,1.513505e-002
2.474263e+003,1.518373e-002
2.474745e+003,1.521912e-002
2.475228e+003,1.524413e-002
2.475710e+003,1.526283e-002
2.476192e+003,1.528120e-002
2.476674e+003,1.530115e-002
2.477156e+003,1.532153e-002
2.477638e+003,1.533717e-002
2.478120e+003,1.534399e-002
2.478602e+003,1.534023e-002
2.479084e+003,1.532988e-002
2.479567e+003,1.531961e-002
2.480049e+003,1.531867e-002
2.480531e+003,1.533298e-002
2.481013e+003,1.536290e-002
2.481495e+003,1.540325e-002
2.481977e+003,1.544620e-002
2.482459e+003,1.548400e-002
2.482941e+003,1.551229e-002
2.483424e+003,1.552975e-002
2.483906e+003,1.553978e-002
2.484388e+003,1.554563e-002
2.484870e+003,1.554982e-002
2.485352e+003,1.555250e-002
2.485834e+003,1.555401e-002
2.486316e+003,1.555611e-002
2.486799e+003,1.556172e-002
2.487281e+003,1.557535e-002
2.487763e+003,1.560179e-002
2.488245e+003,1.564212e-002
2.488727e+003,1.569317e-002
2.489209e+003,1.574651e-002
2.489691e+003,1.579384e-002
2.490173e+003,1.582796e-002
2.490656e+003,1.584676e-002
2.491138e+003,1.585227e-002
2.491620e+003,1.585173e-002
2.492102e+003,1.585237e-002
2.492584e+003,1.585812e-002
2.493066e+003,1.587024e-002
2.493548e+003,1.588748e-002
2.494030e+003,1.590690e-002
2.494512e+003,1.592717e-002
2.494995e+003,1.594753e-002
2.495477e+003,1.597033e-002
2.495959e+003,1.599566e-002
2.496441e+003,1.602334e-002
2.496923e+003,1.604886e-002
2.497405e+003,1.606909e-002
2.497887e+003,1.608160e-002
2.498370e+003,1.608638e-002
2.498852e+003,1.608621e-002
2.499334e+003,1.608687e-002
2.499816e+003,1.609267e-002
2.500298e+003,1.610696e-002
2.500780e+003,1.612831e-002
2.501262e+003,1.615506e-002
2.501744e+003,1.618333e-002
2.502227e+003,1.621136e-002
2.502709e+003,1.623712e-002
2.503191e+003,1.626248e-002
2.503673e+003,1.628733e-002
2.504155e+003,1.631161e-002
2.504637e+003,1.633413e-002
2.505119e+003,1.635471e-002
2.505601e+003,1.637345e-002
2.506083e+003,1.639287e-002
2.506566e+003,1.641542e-002
2.507048e+003,1.644430e-002
2.507530e+003,1.648061e-002
2.508012e+003,1.652090e-002
2.508494e+003,1.656020e-002
2.508976e+003,1.659207e-002
2.509458e+003,1.661224e-002
2.509940e+003,1.661948e-002
2.510423e+003,1.661524e-002
2.510905e+003,1.660627e-002
2.511387e+003,1.659838e-002
2.511869e+003,1.659752e-002
2.512351e+003,1.660653e-002
2.512833e+003,1.662747e-002
2.513315e+003,1.666060e-002
2.513798e+003,1.670574e-002
2.514280e+003,1.676072e-002
2.514762e+003,1.682426e-002
2.515244e+003,1.689164e-002
2.515726e+003,1.695727e-002
2.516208e+003,1.701404e-002
2.516690e+003,1.705821e-002
2.517172e+003,1.708714e-002
2.517655e+003,1.710245e-002
2.518137e+003,1.710776e-002
2.518619e+003,1.711002e-002
2.519101e+003,1.711338e-002
2.519583e+003,1.712200e-002
2.520065e+003,1.713647e-002
2.520547e+003,1.715875e-002
2.521029e+003,1.718842e-002
2.521511e+003,1.722616e-002
2.521994e+003,1.727105e-002
2.522476e+003,1.732250e-002
2.522958e+003,1.737609e-002
2.523440e+003,1.742801e-002
2.523922e+003,1.747195e-002
2.524404e+003,1.750605e-002
2.524886e+003,1.753150e-002
2.525368e+003,1.755313e-002
2.525851e+003,1.757672e-002
2.526333e+003,1.760865e-002
2.526815e+003,1.765115e-002
2.527297e+003,1.770251e-002
2.527779e+003,1.775747e-002
2.528261e+003,1.781058e-002
2.528743e+003,1.785724e-002
2.529226e+003,1.789650e-002
2.529708e+003,1.792871e-002
2.530190e+003,1.795786e-002
2.530672e+003,1.798396e-002
2.531154e+003,1.800810e-002
2.531636e+003,1.802748e-002
2.532118e+003,1.804097e-002
2.532600e+003,1.804833e-002
2.533083e+003,1.805211e-002
2.533565e+003,1.805452e-002
2.534047e+003,1.805941e-002
2.534529e+003,1.806737e-002
2.535011e+003,1.807669e-002
2.535493e+003,1.808389e-002
2.535975e+003,1.808810e-002
2.536457e+003,1.809026e-002
2.536939e+003,1.809557e-002
2.537422e+003,1.811021e-002
2.537904e+003,1.814092e-002
2.538386e+003,1.819003e-002
2.538868e+003,1.825420e-002
2.539350e+003,1.832619e-002
2.539832e+003,1.839855e-002
2.540314e+003,1.846487e-002
2.540796e+003,1.852350e-002
2.541279e+003,1.857574e-002
2.541761e+003,1.862663e-002
2.542243e+003,1.867917e-002
2.542725e+003,1.873473e-002
2.543207e+003,1.879176e-002
2.543689e+003,1.884805e-002
2.544171e+003,1.890213e-002
2.544654e+003,1.895554e-002
2.545135e+003,1.901009e-002
2.545618e+003,1.907024e-002
2.546100e+003,1.913720e-002
2.546582e+003,1.920943e-002
2.547064e+003,1.928193e-002
2.547546e+003,1.935035e-002
2.548028e+003,1.941149e-002
2.548510e+003,1.946561e-002
2.548993e+003,1.951477e-002
2.549475e+003,1.956385e-002
2.549957e+003,1.961468e-002
2.550439e+003,1.966664e-002
2.550921e+003,1.971493e-002
2.551403e+003,1.975618e-002
2.551885e+003,1.978659e-002
2.552367e+003,1.980738e-002
2.552850e+003,1.982231e-002
2.553332e+003,1.983803e-002
2.553814e+003,1.985987e-002
2.554296e+003,1.989162e-002
2.554778e+003,1.993088e-002
2.555260e+003,1.997593e-002
2.555742e+003,2.002255e-002
2.556224e+003,2.006902e-002
2.556707e+003,2.011344e-002
2.557189e+003,2.015657e-002
2.557671e+003,2.019852e-002
2.558153e+003,2.023806e-002
2.558635e+003,2.027217e-002
2.559117e+003,2.029992e-002
2.559599e+003,2.032127e-002
2.560082e+003,2.034031e-002
2.560563e+003,2.036108e-002
2.561046e+003,2.038980e-002
2.561528e+003,2.042908e-002
2.562010e+003,2.047875e-002
2.562492e+003,2.053398e-002
2.562974e+003,2.059009e-002
2.563456e+003,2.064276e-002
2.563938e+003,2.069053e-002
2.564421e+003,2.073406e-002
2.564903e+003,2.077684e-002
2.565385e+003,2.082015e-002
2.565867e+003,2.086382e-002
2.566349e+003,2.090413e-002
2.566831e+003,2.093882e-002
2.567313e+003,2.096477e-002
2.567795e+003,2.098371e-002
2.568278e+003,2.099909e-002
2.568760e+003,2.101648e-002
2.569242e+003,2.104038e-002
2.569724e+003,2.107278e-002
2.570206e+003,2.111189e-002
2.570688e+003,2.115630e-002
2.571170e+003,2.120333e-002
2.571652e+003,2.125333e-002
2.572135e+003,2.130779e-002
2.572617e+003,2.137043e-002
2.573099e+003,2.144239e-002
2.573581e+003,2.152221e-002
2.574063e+003,2.160572e-002
2.574545e+003,2.168743e-002
2.575027e+003,2.176335e-002
2.575510e+003,2.183138e-002
2.575991e+003,2.189317e-002
2.576474e+003,2.195360e-002
2.576956e+003,2.201561e-002
2.577438e+003,2.208149e-002
2.577920e+003,2.214956e-002
2.578402e+003,2.221671e-002
2.578884e+003,2.227961e-002
2.579366e+003,2.233670e-002
2.579849e+003,2.238762e-002
2.580331e+003,2.243593e-002
2.580813e+003,2.248479e-002
2.581295e+003,2.253551e-002
2.581777e+003,2.258755e-002
2.582259e+003,2.263970e-002
2.582741e+003,2.268994e-002
2.583223e+003,2.273776e-002
2.583706e+003,2.278342e-002
2.584188e+003,2.282944e-002
2.584670e+003,2.287740e-002
2.585152e+003,2.292861e-002
2.585634e+003,2.298133e-002
2.586116e+003,2.303459e-002
2.586598e+003,2.308717e-002
2.587080e+003,2.313996e-002
2.587563e+003,2.319442e-002
2.588045e+003,2.325477e-002
2.588527e+003,2.332250e-002
2.589009e+003,2.339848e-002
2.589491e+003,2.347994e-002
2.589973e+003,2.356405e-002
2.590455e+003,2.364653e-002
2.590938e+003,2.372449e-002
2.591419e+003,2.379661e-002
2.591902e+003,2.386349e-002
2.592384e+003,2.392619e-002
2.592866e+003,2.398531e-002
2.593348e+003,2.404139e-002
2.593830e+003,2.409529e-002
2.594312e+003,2.414798e-002
2.594794e+003,2.420157e-002
2.595277e+003,2.425782e-002
2.595759e+003,2.431805e-002
2.596241e+003,2.438181e-002
2.596723e+003,2.444612e-002
2.597205e+003,2.450642e-002
2.597687e+003,2.455961e-002
2.598169e+003,2.460376e-002
2.598651e+003,2.464071e-002
2.599134e+003,2.467459e-002
2.599616e+003,2.471166e-002
2.600098e+003,2.475639e-002
2.600580e+003,2.481093e-002
2.601062e+003,2.487377e-002
2.601544e+003,2.494253e-002
2.602026e+003,2.501387e-002
2.602508e+003,2.508631e-002
2.602990e+003,2.515982e-002
2.603473e+003,2.523673e-002
2.603955e+003,2.531825e-002
2.604437e+003,2.540510e-002
2.604919e+003,2.549499e-002
2.605401e+003,2.558615e-002
2.605883e+003,2.567479e-002
2.606365e+003,2.575984e-002
2.606847e+003,2.584079e-002
2.607330e+003,2.591946e-002
2.607812e+003,2.599727e-002
2.608294e+003,2.607619e-002
2.608776e+003,2.615531e-002
2.609258e+003,2.623562e-002
2.609740e+003,2.631666e-002
2.610222e+003,2.639942e-002
2.610705e+003,2.648470e-002
2.611187e+003,2.657444e-002
2.611669e+003,2.666900e-002
2.612151e+003,2.676821e-002
2.612633e+003,2.686923e-002
2.613115e+003,2.697021e-002
2.613597e+003,2.706990e-002
2.614079e+003,2.716901e-002
2.614562e+003,2.726906e-002
2.615044e+003,2.737323e-002
2.615526e+003,2.748224e-002
2.616008e+003,2.759574e-002
2.616490e+003,2.771097e-002
2.616972e+003,2.782501e-002
2.617454e+003,2.793466e-002
2.617936e+003,2.803956e-002
2.618418e+003,2.814041e-002
2.618901e+003,2.824041e-002
2.619383e+003,2.834189e-002
2.619865e+003,2.844705e-002
2.620347e+003,2.855467e-002
2.620829e+003,2.866384e-002
2.621311e+003,2.877243e-002
2.621793e+003,2.888002e-002
2.622276e+003,2.898603e-002
2.622758e+003,2.909228e-002
2.623240e+003,2.919910e-002
2.623722e+003,2.930615e-002
2.624204e+003,2.941164e-002
2.624686e+003,2.951477e-002
2.625168e+003,2.961463e-002
2.625650e+003,2.971294e-002
2.626133e+003,2.981262e-002
2.626615e+003,2.991923e-002
2.627097e+003,3.003615e-002
2.627579e+003,3.016538e-002
2.628061e+003,3.030549e-002
2.628543e+003,3.045344e-002
2.629025e+003,3.060433e-002
2.629507e+003,3.075314e-002
2.629990e+003,3.089629e-002
2.630472e+003,3.103207e-002
2.630954e+003,3.115959e-002
2.631436e+003,3.127784e-002
2.631918e+003,3.138620e-002
2.632400e+003,3.148348e-002
2.632882e+003,3.156969e-002
2.633364e+003,3.164580e-002
2.633846e+003,3.171448e-002
2.634329e+003,3.177961e-002
2.634811e+003,3.184583e-002
2.635293e+003,3.191622e-002
2.635775e+003,3.199201e-002
2.636257e+003,3.207341e-002
2.636739e+003,3.215835e-002
2.637221e+003,3.224466e-002
2.637704e+003,3.232904e-002
2.638186e+003,3.240958e-002
2.638668e+003,3.248440e-002
2.639150e+003,3.255259e-002
2.639632e+003,3.261288e-002
2.640114e+003,3.266601e-002
2.640596e+003,3.271284e-002
2.641078e+003,3.275582e-002
2.641561e+003,3.279711e-002
2.642043e+003,3.284011e-002
2.642525e+003,3.288675e-002
2.643007e+003,3.293744e-002
2.643489e+003,3.299222e-002
2.643971e+003,3.305080e-002
2.644453e+003,3.311256e-002
2.644935e+003,3.317786e-002
2.645417e+003,3.324643e-002
2.645900e+003,3.331864e-002
2.646382e+003,3.339431e-002
2.646864e+003,3.347172e-002
2.647346e+003,3.354880e-002
2.647828e+003,3.362393e-002
2.648310e+003,3.369610e-002
2.648792e+003,3.376595e-002
2.649274e+003,3.383438e-002
2.649757e+003,3.390328e-002
2.650239e+003,3.397349e-002
2.650721e+003,3.404371e-002
2.651203e+003,3.411253e-002
2.651685e+003,3.417846e-002
2.652167e+003,3.424044e-002
2.652649e+003,3.429982e-002
2.653132e+003,3.435867e-002
2.653614e+003,3.442199e-002
2.654096e+003,3.449148e-002
2.654578e+003,3.457007e-002
2.655060e+003,3.465550e-002
2.655542e+003,3.474548e-002
2.656024e+003,3.483623e-002
2.656506e+003,3.492358e-002
2.656989e+003,3.500441e-002
2.657471e+003,3.507630e-002
2.657953e+003,3.513777e-002
2.658435e+003,3.518727e-002
2.658917e+003,3.522336e-002
2.659399e+003,3.524600e-002
2.659881e+003,3.525512e-002
2.660363e+003,3.525269e-002
2.660845e+003,3.524136e-002
2.661328e+003,3.522584e-002
2.661810e+003,3.520867e-002
2.662292e+003,3.519322e-002
2.662774e+003,3.518076e-002
2.663256e+003,3.517085e-002
2.663738e+003,3.516385e-002
2.664220e+003,3.515965e-002
2.664702e+003,3.515874e-002
2.665185e+003,3.516146e-002
2.665667e+003,3.516836e-002
2.666149e+003,3.517955e-002
2.666631e+003,3.519301e-002
2.667113e+003,3.520803e-002
2.667595e+003,3.522333e-002
2.668077e+003,3.523898e-002
2.668560e+003,3.525611e-002
2.669042e+003,3.527588e-002
2.669524e+003,3.530003e-002
2.670006e+003,3.532803e-002
2.670488e+003,3.535904e-002
2.670970e+003,3.539161e-002
2.671452e+003,3.542328e-002
2.671934e+003,3.545422e-002
2.672417e+003,3.548362e-002
2.672899e+003,3.551258e-002
2.673381e+003,3.554173e-002
2.673863e+003,3.557070e-002
2.674345e+003,3.559868e-002
2.674827e+003,3.562465e-002
2.675309e+003,3.564780e-002
2.675791e+003,3.566904e-002
2.676273e+003,3.569027e-002
2.676756e+003,3.571435e-002
2.677238e+003,3.574302e-002
2.677720e+003,3.577681e-002
2.678202e+003,3.581418e-002
2.678684e+003,3.585276e-002
2.679166e+003,3.588942e-002
2.679648e+003,3.592253e-002
2.680130e+003,3.595152e-002
2.680613e+003,3.597750e-002
2.681095e+003,3.600175e-002
2.681577e+003,3.602536e-002
2.682059e+003,3.604778e-002
2.682541e+003,3.606847e-002
2.683023e+003,3.608641e-002
2.683505e+003,3.610126e-002
2.683988e+003,3.611480e-002
2.684469e+003,3.612909e-002
2.684952e+003,3.614686e-002
2.685434e+003,3.616932e-002
2.685916e+003,3.619656e-002
2.686398e+003,3.622739e-002
2.686880e+003,3.625933e-002
2.687362e+003,3.629101e-002
2.687844e+003,3.632177e-002
2.688327e+003,3.635209e-002
2.688809e+003,3.638314e-002
2.689291e+003,3.641550e-002
2.689773e+003,3.644888e-002
2.690255e+003,3.648217e-002
2.690737e+003,3.651465e-002
2.691219e+003,3.654557e-002
2.691701e+003,3.657595e-002
2.692184e+003,3.660689e-002
2.692666e+003,3.664005e-002
2.693148e+003,3.667635e-002
2.693630e+003,3.671552e-002
2.694112e+003,3.675617e-002
2.694594e+003,3.679758e-002
2.695076e+003,3.683909e-002
2.695558e+003,3.688071e-002
2.696041e+003,3.692399e-002
2.696523e+003,3.697043e-002
2.697005e+003,3.702085e-002
2.697487e+003,3.707452e-002
2.697969e+003,3.712969e-002
2.698451e+003,3.718440e-002
2.698933e+003,3.723794e-002
2.699416e+003,3.729066e-002
2.699897e+003,3.734535e-002
2.700380e+003,3.740430e-002
2.700862e+003,3.746964e-002
2.701344e+003,3.754158e-002
2.701826e+003,3.761881e-002
2.702308e+003,3.769838e-002
2.702790e+003,3.777723e-002
2.703272e+003,3.785428e-002
2.703755e+003,3.792894e-002
2.704237e+003,3.800308e-002
2.704719e+003,3.807854e-002
2.705201e+003,3.815662e-002
2.705683e+003,3.823964e-002
2.706165e+003,3.832686e-002
2.706647e+003,3.841894e-002
2.707129e+003,3.851559e-002
2.707612e+003,3.861626e-002
2.708094e+003,3.872079e-002
2.708576e+003,3.882674e-002
2.709058e+003,3.893153e-002
2.709540e+003,3.903173e-002
2.710022e+003,3.912379e-002
2.710504e+003,3.920596e-002
2.710986e+003,3.927832e-002
2.711469e+003,3.934345e-002
2.711951e+003,3.940555e-002
2.712433e+003,3.946859e-002
2.712915e+003,3.953678e-002
2.713397e+003,3.961130e-002
2.713879e+003,3.969329e-002
2.714361e+003,3.978109e-002
2.714844e+003,3.987301e-002
2.715325e+003,3.996646e-002
2.715808e+003,4.006004e-002
2.716290e+003,4.015207e-002
2.716772e+003,4.024013e-002
2.717254e+003,4.032441e-002
2.717736e+003,4.040527e-002
2.718218e+003,4.048411e-002
2.718700e+003,4.056298e-002
2.719183e+003,4.064506e-002
2.719665e+003,4.073210e-002
2.720147e+003,4.082571e-002
2.720629e+003,4.092394e-002
2.721111e+003,4.102584e-002
2.721593e+003,4.112825e-002
2.722075e+003,4.122995e-002
2.722557e+003,4.133029e-002
2.723040e+003,4.143049e-002
2.723522e+003,4.153147e-002
2.724004e+003,4.163363e-002
2.724486e+003,4.173684e-002
2.724968e+003,4.183879e-002
2.725450e+003,4.193807e-002
2.725932e+003,4.203308e-002
2.726414e+003,4.212430e-002
2.726896e+003,4.221385e-002
2.727379e+003,4.230429e-002
2.727861e+003,4.239852e-002
2.728343e+003,4.249671e-002
2.728825e+003,4.259860e-002
2.729307e+003,4.270156e-002
2.729789e+003,4.280194e-002
2.730271e+003,4.289766e-002
2.730753e+003,4.298704e-002
2.731236e+003,4.307092e-002
2.731718e+003,4.315052e-002
2.732200e+003,4.322733e-002
2.732682e+003,4.330342e-002
2.733164e+003,4.337962e-002
2.733646e+003,4.345688e-002
2.734128e+003,4.353607e-002
2.734611e+003,4.361735e-002
2.735093e+003,4.370148e-002
2.735575e+003,4.378817e-002
2.736057e+003,4.387546e-002
2.736539e+003,4.396232e-002
2.737021e+003,4.404591e-002
2.737503e+003,4.412504e-002
2.737985e+003,4.419861e-002
2.738468e+003,4.426761e-002
2.738950e+003,4.433240e-002
2.739432e+003,4.439437e-002
2.739914e+003,4.445412e-002
2.740396e+003,4.451114e-002
2.740878e+003,4.456544e-002
2.741360e+003,4.461686e-002
2.741842e+003,4.466638e-002
2.742324e+003,4.471612e-002
2.742807e+003,4.476787e-002
2.743289e+003,4.482397e-002
2.743771e+003,4.488443e-002
2.744253e+003,4.494764e-002
2.744735e+003,4.501201e-002
2.745217e+003,4.507500e-002
2.745699e+003,4.513430e-002
2.746182e+003,4.518948e-002
2.746664e+003,4.524080e-002
2.747146e+003,4.528987e-002
2.747628e+003,4.533745e-002
2.748110e+003,4.538531e-002
2.748592e+003,4.543396e-002
2.749074e+003,4.548431e-002
2.749556e+003,4.553724e-002
2.750039e+003,4.559389e-002
2.750521e+003,4.565632e-002
2.751003e+003,4.572579e-002
2.751485e+003,4.580352e-002
2.751967e+003,4.588934e-002
2.752449e+003,4.598306e-002
2.752931e+003,4.608316e-002
2.753413e+003,4.618813e-002
2.753896e+003,4.629638e-002
2.754378e+003,4.640751e-002
2.754860e+003,4.652068e-002
2.755342e+003,4.663513e-002
2.755824e+003,4.675143e-002
2.756306e+003,4.687007e-002
2.756788e+003,4.699159e-002
2.757270e+003,4.711613e-002
2.757752e+003,4.724393e-002
2.758235e+003,4.737378e-002
2.758717e+003,4.750437e-002
2.759199e+003,4.763281e-002
2.759681e+003,4.775808e-002
2.760163e+003,4.787796e-002
2.760645e+003,4.799353e-002
2.761127e+003,4.810647e-002
2.761610e+003,4.821917e-002
2.762092e+003,4.833383e-002
2.762574e+003,4.845196e-002
2.763056e+003,4.857242e-002
2.763538e+003,4.869551e-002
2.764020e+003,4.881903e-002
2.764502e+003,4.894365e-002
2.764984e+003,4.907015e-002
2.765467e+003,4.919936e-002
2.765949e+003,4.933275e-002
2.766431e+003,4.947094e-002
2.766913e+003,4.961189e-002
2.767395e+003,4.975490e-002
2.767877e+003,4.989730e-002
2.768359e+003,5.003919e-002
2.768841e+003,5.018191e-002
2.769323e+003,5.032860e-002
2.769806e+003,5.048312e-002
2.770288e+003,5.064814e-002
2.770770e+003,5.082407e-002
2.771252e+003,5.100974e-002
2.771734e+003,5.120240e-002
2.772216e+003,5.139995e-002
2.772698e+003,5.159941e-002
2.773180e+003,5.180060e-002
2.773663e+003,5.200333e-002
2.774145e+003,5.220778e-002
2.774627e+003,5.241292e-002
2.775109e+003,5.261777e-002
2.775591e+003,5.282089e-002
2.776073e+003,5.302210e-002
2.776555e+003,5.322195e-002
2.777038e+003,5.342383e-002
2.777520e+003,5.363062e-002
2.778002e+003,5.384607e-002
2.778484e+003,5.407049e-002
2.778966e+003,5.430475e-002
2.779448e+003,5.454674e-002
2.779930e+003,5.479522e-002
2.780412e+003,5.504903e-002
2.780895e+003,5.530867e-002
2.781377e+003,5.557463e-002
2.781859e+003,5.584749e-002
2.782341e+003,5.612725e-002
2.782823e+003,5.641267e-002
2.783305e+003,5.670193e-002
2.783787e+003,5.699502e-002
2.784269e+003,5.729196e-002
2.784751e+003,5.759525e-002
2.785234e+003,5.790694e-002
2.785716e+003,5.822958e-002
2.786198e+003,5.856257e-002
2.786680e+003,5.890330e-002
2.787162e+003,5.924785e-002
2.787644e+003,5.959337e-002
2.788126e+003,5.993687e-002
2.788608e+003,6.028010e-002
2.789091e+003,6.062576e-002
2.789573e+003,6.097806e-002
2.790055e+003,6.133930e-002
2.790537e+003,6.171100e-002
2.791019e+003,6.209100e-002
2.791501e+003,6.247699e-002
2.791983e+003,6.286595e-002
2.792466e+003,6.325653e-002
2.792948e+003,6.364922e-002
2.793430e+003,6.404547e-002
2.793912e+003,6.444695e-002
2.794394e+003,6.485602e-002
2.794876e+003,6.527268e-002
2.795358e+003,6.569656e-002
2.795840e+003,6.612709e-002
2.796323e+003,6.656466e-002
2.796805e+003,6.700958e-002
2.797287e+003,6.746235e-002
2.797769e+003,6.792208e-002
2.798251e+003,6.838863e-002
2.798733e+003,6.885941e-002
2.799215e+003,6.933358e-002
2.799697e+003,6.980974e-002
2.800179e+003,7.028969e-002
2.800662e+003,7.077588e-002
2.801144e+003,7.127059e-002
2.801626e+003,7.177629e-002
2.802108e+003,7.229240e-002
2.802590e+003,7.281778e-002
2.803072e+003,7.335026e-002
2.803554e+003,7.388727e-002
2.804036e+003,7.442895e-002
2.804519e+003,7.497815e-002
2.805001e+003,7.553805e-002
2.805483e+003,7.611284e-002
2.805965e+003,7.670630e-002
2.806447e+003,7.731954e-002
2.806929e+003,7.795263e-002
2.807411e+003,7.860372e-002
2.807894e+003,7.927144e-002
2.808375e+003,7.995442e-002
2.808858e+003,8.065243e-002
2.809340e+003,8.136529e-002
2.809822e+003,8.209363e-002
2.810304e+003,8.283719e-002
2.810786e+003,8.359707e-002
2.811268e+003,8.437354e-002
2.811750e+003,8.516885e-002
2.812233e+003,8.598651e-002
2.812715e+003,8.682899e-002
2.813197e+003,8.769924e-002
2.813679e+003,8.859876e-002
2.814161e+003,8.952843e-002
2.814643e+003,9.048780e-002
2.815125e+003,9.147640e-002
2.815607e+003,9.249446e-002
2.816090e+003,9.354459e-002
2.816572e+003,9.462877e-002
2.817054e+003,9.575074e-002
2.817536e+003,9.691352e-002
2.818018e+003,9.812015e-002
2.818500e+003,9.937383e-002
2.818982e+003,1.006770e-001
2.819464e+003,1.020341e-001
2.819947e+003,1.034500e-001
2.820429e+003,1.049299e-001
2.820911e+003,1.064787e-001
2.821393e+003,1.081015e-001
2.821875e+003,1.098024e-001
2.822357e+003,1.115864e-001
2.822839e+003,1.134586e-001
2.823322e+003,1.154264e-001
2.823803e+003,1.174979e-001
2.824286e+003,1.196830e-001
2.824768e+003,1.219911e-001
2.825250e+003,1.244323e-001
2.825732e+003,1.270163e-001
2.826214e+003,1.297540e-001
2.826696e+003,1.326584e-001
2.827178e+003,1.357445e-001
2.827661e+003,1.390305e-001
2.828143e+003,1.425363e-001
2.828625e+003,1.462822e-001
2.829107e+003,1.502903e-001
2.829589e+003,1.545827e-001
2.830071e+003,1.591847e-001
2.830553e+003,1.641258e-001
2.831035e+003,1.694426e-001
2.831518e+003,1.751782e-001
2.832000e+003,1.813814e-001
2.832482e+003,1.881055e-001
2.832964e+003,1.954048e-001
2.833446e+003,2.033354e-001
2.833928e+003,2.119548e-001
2.834410e+003,2.213233e-001
2.834892e+003,2.315084e-001
2.835375e+003,2.425847e-001
2.835857e+003,2.546373e-001
2.836339e+003,2.677591e-001
2.836821e+003,2.820540e-001
2.837303e+003,2.976342e-001
2.837785e+003,3.146247e-001
2.838267e+003,3.331627e-001
2.838750e+003,3.533997e-001
2.839231e+003,3.754975e-001
2.839714e+003,3.996211e-001
2.840196e+003,4.259272e-001
2.840678e+003,4.545508e-001
2.841160e+003,4.855946e-001
2.841642e+003,5.191151e-001
2.842124e+003,5.551127e-001
2.842606e+003,5.935113e-001
2.843089e+003,6.341247e-001
2.843571e+003,6.766037e-001
2.844053e+003,7.203642e-001
2.844535e+003,7.645105e-001
2.845017e+003,8.077725e-001
2.845499e+003,8.484911e-001
2.845981e+003,8.846801e-001
2.846463e+003,9.141911e-001
2.846946e+003,9.349718e-001
2.847428e+003,9.453844e-001
2.847910e+003,9.445024e-001
2.848392e+003,9.323106e-001
2.848874e+003,9.097281e-001
2.849356e+003,8.784535e-001
2.849838e+003,8.406704e-001
2.850320e+003,7.987070e-001
2.850802e+003,7.547319e-001
2.851285e+003,7.105477e-001
2.851767e+003,6.674958e-001
2.852249e+003,6.264636e-001
2.852731e+003,5.879518e-001
2.853213e+003,5.521749e-001
2.853695e+003,5.191547e-001
2.854177e+003,4.888025e-001
2.854659e+003,4.609697e-001
2.855142e+003,4.354794e-001
2.855624e+003,4.121462e-001
2.856106e+003,3.907851e-001
2.856588e+003,3.712208e-001
2.857070e+003,3.532934e-001
2.857552e+003,3.368638e-001
2.858034e+003,3.218146e-001
2.858517e+003,3.080439e-001
2.858999e+003,2.954608e-001
2.859481e+003,2.839804e-001
2.859963e+003,2.735220e-001
2.860445e+003,2.640094e-001
2.860927e+003,2.553741e-001
2.861409e+003,2.475581e-001
2.861891e+003,2.405135e-001
2.862374e+003,2.341998e-001
2.862856e+003,2.285800e-001
2.863338e+003,2.236176e-001
2.863820e+003,2.192742e-001
2.864302e+003,2.155107e-001
2.864784e+003,2.122902e-001
2.865266e+003,2.095790e-001
2.865748e+003,2.073471e-001
2.866230e+003,2.055649e-001
2.866713e+003,2.042004e-001
2.867195e+003,2.032147e-001
2.867677e+003,2.025639e-001
2.868159e+003,2.021995e-001
2.868641e+003,2.020738e-001
2.869123e+003,2.021455e-001
2.869605e+003,2.023821e-001
2.870088e+003,2.027622e-001
2.870570e+003,2.032744e-001
2.871052e+003,2.039129e-001
2.871534e+003,2.046793e-001
2.872016e+003,2.055784e-001
2.872498e+003,2.066216e-001
2.872980e+003,2.078256e-001
2.873462e+003,2.092123e-001
2.873945e+003,2.108051e-001
2.874427e+003,2.126264e-001
2.874909e+003,2.146918e-001
2.875391e+003,2.170103e-001
2.875873e+003,2.195847e-001
2.876355e+003,2.224125e-001
2.876837e+003,2.254901e-001
2.877319e+003,2.288150e-001
2.877802e+003,2.323837e-001
2.878284e+003,2.361912e-001
2.878766e+003,2.402283e-001
2.879248e+003,2.444820e-001
2.879730e+003,2.489357e-001
2.880212e+003,2.535733e-001
2.880694e+003,2.583829e-001
2.881176e+003,2.633581e-001
2.881658e+003,2.684970e-001
2.882141e+003,2.737991e-001
2.882623e+003,2.792617e-001
2.883105e+003,2.848788e-001
2.883587e+003,2.906400e-001
2.884069e+003,2.965360e-001
2.884551e+003,3.025582e-001
2.885033e+003,3.087040e-001
2.885516e+003,3.149736e-001
2.885998e+003,3.213649e-001
2.886480e+003,3.278710e-001
2.886962e+003,3.344779e-001
2.887444e+003,3.411636e-001
2.887926e+003,3.479049e-001
2.888408e+003,3.546812e-001
2.888890e+003,3.614807e-001
2.889373e+003,3.682985e-001
2.889855e+003,3.751338e-001
2.890337e+003,3.819840e-001
2.890819e+003,3.888426e-001
2.891301e+003,3.956950e-001
2.891783e+003,4.025259e-001
2.892265e+003,4.093205e-001
2.892747e+003,4.160748e-001
2.893229e+003,4.227919e-001
2.893712e+003,4.294830e-001
2.894194e+003,4.361624e-001
2.894676e+003,4.428439e-001
2.895158e+003,4.495397e-001
2.895640e+003,4.562643e-001
2.896122e+003,4.630333e-001
2.896604e+003,4.698708e-001
2.897086e+003,4.768060e-001
2.897569e+003,4.838698e-001
2.898051e+003,4.910911e-001
2.898533e+003,4.984964e-001
2.899015e+003,5.061094e-001
2.899497e+003,5.139574e-001
2.899979e+003,5.220770e-001
2.900461e+003,5.305166e-001
2.900944e+003,5.393357e-001
2.901426e+003,5.486005e-001
2.901908e+003,5.583763e-001
2.902390e+003,5.687267e-001
2.902872e+003,5.797138e-001
2.903354e+003,5.914031e-001
2.903836e+003,6.038707e-001
2.904318e+003,6.172054e-001
2.904801e+003,6.315047e-001
2.905283e+003,6.468685e-001
2.905765e+003,6.633867e-001
2.906247e+003,6.811334e-001
2.906729e+003,7.001641e-001
2.907211e+003,7.205179e-001
2.907693e+003,7.422225e-001
2.908175e+003,7.652916e-001
2.908657e+003,7.897142e-001
2.909140e+003,8.154327e-001
2.909622e+003,8.423150e-001
2.910104e+003,8.701302e-001
2.910586e+003,8.985268e-001
2.911068e+003,9.270311e-001
2.911550e+003,9.550504e-001
2.912032e+003,9.818910e-001
2.912514e+003,1.006777e+000
2.912997e+003,1.028880e+000
2.913479e+003,1.047352e+000
2.913961e+003,1.061393e+000
2.914443e+003,1.070319e+000
2.914925e+003,1.073647e+000
2.915407e+003,1.071168e+000
2.915889e+003,1.062980e+000
2.916372e+003,1.049470e+000
2.916854e+003,1.031251e+000
2.917336e+003,1.009081e+000
2.917818e+003,9.837709e-001
2.918300e+003,9.561155e-001
2.918782e+003,9.268528e-001
2.919264e+003,8.966376e-001
2.919746e+003,8.660306e-001
2.920229e+003,8.354934e-001
2.920711e+003,8.053871e-001
2.921193e+003,7.759756e-001
2.921675e+003,7.474405e-001
2.922157e+003,7.198969e-001
2.922639e+003,6.934135e-001
2.923121e+003,6.680289e-001
2.923603e+003,6.437611e-001
2.924085e+003,6.206080e-001
2.924568e+003,5.985461e-001
2.925050e+003,5.775308e-001
2.925532e+003,5.574975e-001
2.926014e+003,5.383725e-001
2.926496e+003,5.200820e-001
2.926978e+003,5.025623e-001
2.927460e+003,4.857634e-001
2.927942e+003,4.696456e-001
2.928425e+003,4.541748e-001
2.928907e+003,4.393156e-001
2.929389e+003,4.250289e-001
2.929871e+003,4.112752e-001
2.930353e+003,3.980156e-001
2.930835e+003,3.852204e-001
2.931317e+003,3.728683e-001
2.931800e+003,3.609472e-001
2.932281e+003,3.494481e-001
2.932764e+003,3.383607e-001
2.933246e+003,3.276721e-001
2.933728e+003,3.173667e-001
2.934210e+003,3.074266e-001
2.934692e+003,2.978385e-001
2.935174e+003,2.885924e-001
2.935656e+003,2.796809e-001
2.936139e+003,2.710994e-001
2.936621e+003,2.628403e-001
2.937103e+003,2.548958e-001
2.937585e+003,2.472556e-001
2.938067e+003,2.399113e-001
2.938549e+003,2.328554e-001
2.939031e+003,2.260855e-001
2.939513e+003,2.196002e-001
2.939996e+003,2.133980e-001
2.940478e+003,2.074775e-001
2.940960e+003,2.018357e-001
2.941442e+003,1.964688e-001
2.941924e+003,1.913743e-001
2.942406e+003,1.865523e-001
2.942888e+003,1.820054e-001
2.943370e+003,1.777361e-001
2.943853e+003,1.737461e-001
2.944335e+003,1.700333e-001
2.944817e+003,1.665926e-001
2.945299e+003,1.634167e-001
2.945781e+003,1.604979e-001
2.946263e+003,1.578294e-001
2.946745e+003,1.554057e-001
2.947228e+003,1.532223e-001
2.947709e+003,1.512720e-001
2.948192e+003,1.495425e-001
2.948674e+003,1.480181e-001
2.949156e+003,1.466767e-001
2.949638e+003,1.454942e-001
2.950120e+003,1.444440e-001
2.950602e+003,1.435015e-001
2.951084e+003,1.426411e-001
2.951567e+003,1.418398e-001
2.952049e+003,1.410744e-001
2.952531e+003,1.403247e-001
2.953013e+003,1.395721e-001
2.953495e+003,1.388035e-001
2.953977e+003,1.380100e-001
2.954459e+003,1.371867e-001
2.954941e+003,1.363316e-001
2.955424e+003,1.354423e-001
2.955906e+003,1.345147e-001
2.956388e+003,1.335436e-001
2.956870e+003,1.325217e-001
2.957352e+003,1.314452e-001
2.957834e+003,1.303117e-001
2.958316e+003,1.291250e-001
2.958798e+003,1.278899e-001
2.959281e+003,1.266126e-001
2.959763e+003,1.252974e-001
2.960245e+003,1.239468e-001
2.960727e+003,1.225614e-001
2.961209e+003,1.211424e-001
2.961691e+003,1.196914e-001
2.962173e+003,1.182125e-001
2.962656e+003,1.167106e-001
2.963137e+003,1.151899e-001
2.963620e+003,1.136529e-001
2.964102e+003,1.121013e-001
2.964584e+003,1.105363e-001
2.965066e+003,1.089612e-001
2.965548e+003,1.073818e-001
2.966030e+003,1.058082e-001
2.966512e+003,1.042511e-001
2.966995e+003,1.027208e-001
2.967477e+003,1.012237e-001
2.967959e+003,9.976274e-002
2.968441e+003,9.833828e-002
2.968923e+003,9.694880e-002
2.969405e+003,9.559409e-002
2.969887e+003,9.427585e-002
2.970369e+003,9.299832e-002
2.970852e+003,9.176554e-002
2.971334e+003,9.058107e-002
2.971816e+003,8.944622e-002
2.972298e+003,8.836062e-002
2.972780e+003,8.732290e-002
2.973262e+003,8.633121e-002
2.973744e+003,8.538461e-002
2.974226e+003,8.448219e-002
2.974708e+003,8.362247e-002
2.975191e+003,8.280270e-002
2.975673e+003,8.201998e-002
2.976155e+003,8.127055e-002
2.976637e+003,8.055241e-002
2.977119e+003,7.986411e-002
2.977601e+003,7.920661e-002
2.978083e+003,7.858071e-002
2.978565e+003,7.798708e-002
2.979048e+003,7.742393e-002
2.979530e+003,7.688998e-002
2.980012e+003,7.638247e-002
2.980494e+003,7.589942e-002
2.980976e+003,7.544057e-002
2.981458e+003,7.500781e-002
2.981940e+003,7.460133e-002
2.982423e+003,7.422090e-002
2.982905e+003,7.386234e-002
2.983387e+003,7.352028e-002
2.983869e+003,7.318815e-002
2.984351e+003,7.286144e-002
2.984833e+003,7.253827e-002
2.985315e+003,7.222156e-002
2.985797e+003,7.191664e-002
2.986280e+003,7.162884e-002
2.986762e+003,7.136235e-002
2.987244e+003,7.111883e-002
2.987726e+003,7.089641e-002
2.988208e+003,7.069234e-002
2.988690e+003,7.050298e-002
2.989172e+003,7.032678e-002
2.989654e+003,7.016181e-002
2.990136e+003,7.000811e-002
2.990619e+003,6.986360e-002
2.991101e+003,6.972615e-002
2.991583e+003,6.959338e-002
2.992065e+003,6.946307e-002
2.992547e+003,6.933474e-002
2.993029e+003,6.921035e-002
2.993511e+003,6.909315e-002
2.993994e+003,6.898721e-002
2.994476e+003,6.889401e-002
2.994958e+003,6.881607e-002
2.995440e+003,6.875212e-002
2.995922e+003,6.870123e-002
2.996404e+003,6.866205e-002
2.996886e+003,6.863415e-002
2.997368e+003,6.861577e-002
2.997851e+003,6.860588e-002
2.998333e+003,6.860057e-002
2.998815e+003,6.859736e-002
2.999297e+003,6.859256e-002
2.999779e+003,6.858537e-002
3.000261e+003,6.857669e-002
3.000743e+003,6.857062e-002
3.001225e+003,6.857251e-002
3.001708e+003,6.858584e-002
3.002190e+003,6.861101e-002
3.002672e+003,6.864584e-002
3.003154e+003,6.868476e-002
3.003636e+003,6.872221e-002
3.004118e+003,6.875425e-002
3.004600e+003,6.878081e-002
3.005082e+003,6.880350e-002
3.005564e+003,6.882735e-002
3.006047e+003,6.885602e-002
3.006529e+003,6.889143e-002
3.007011e+003,6.893408e-002
3.007493e+003,6.898328e-002
3.007975e+003,6.903657e-002
3.008457e+003,6.909356e-002
3.008939e+003,6.915405e-002
3.009422e+003,6.921895e-002
3.009904e+003,6.928830e-002
3.010386e+003,6.936260e-002
3.010868e+003,6.944136e-002
3.011350e+003,6.952424e-002
3.011832e+003,6.960998e-002
3.012314e+003,6.969903e-002
3.012796e+003,6.979053e-002
3.013279e+003,6.988300e-002
3.013761e+003,6.997403e-002
3.014243e+003,7.006203e-002
3.014725e+003,7.014584e-002
3.015207e+003,7.022632e-002
3.015689e+003,7.030702e-002
3.016171e+003,7.039335e-002
3.016653e+003,7.049098e-002
3.017135e+003,7.060289e-002
3.017618e+003,7.072793e-002
3.018100e+003,7.086220e-002
3.018582e+003,7.099938e-002
3.019064e+003,7.113259e-002
3.019546e+003,7.125761e-002
3.020028e+003,7.137506e-002
3.020510e+003,7.148717e-002
3.020992e+003,7.159795e-002
3.021475e+003,7.171120e-002
3.021957e+003,7.182945e-002
3.022439e+003,7.195146e-002
3.022921e+003,7.207637e-002
3.023403e+003,7.220194e-002
3.023885e+003,7.232822e-002
3.024367e+003,7.245453e-002
3.024850e+003,7.258237e-002
3.025332e+003,7.271058e-002
3.025814e+003,7.283904e-002
3.026296e+003,7.296661e-002
3.026778e+003,7.309241e-002
3.027260e+003,7.321668e-002
3.027742e+003,7.334163e-002
3.028224e+003,7.346990e-002
3.028707e+003,7.360291e-002
3.029189e+003,7.374231e-002
3.029671e+003,7.388657e-002
3.030153e+003,7.403363e-002
3.030635e+003,7.418160e-002
3.031117e+003,7.432973e-002
3.031599e+003,7.447962e-002
3.032081e+003,7.463352e-002
3.032563e+003,7.479289e-002
3.033046e+003,7.495806e-002
3.033528e+003,7.512746e-002
3.034010e+003,7.529745e-002
3.034492e+003,7.546560e-002
3.034974e+003,7.562903e-002
3.035456e+003,7.578783e-002
3.035938e+003,7.594308e-002
3.036420e+003,7.609593e-002
3.036903e+003,7.624659e-002
3.037385e+003,7.639499e-002
3.037867e+003,7.654044e-002
3.038349e+003,7.668296e-002
3.038831e+003,7.682384e-002
3.039313e+003,7.696646e-002
3.039795e+003,7.711428e-002
3.040278e+003,7.727014e-002
3.040760e+003,7.743379e-002
3.041242e+003,7.760251e-002
3.041724e+003,7.777268e-002
3.042206e+003,7.794048e-002
3.042688e+003,7.810459e-002
3.043170e+003,7.826715e-002
3.043652e+003,7.843193e-002
3.044135e+003,7.860309e-002
3.044617e+003,7.878289e-002
3.045099e+003,7.897133e-002
3.045581e+003,7.916521e-002
3.046063e+003,7.936056e-002
3.046545e+003,7.955330e-002
3.047027e+003,7.974282e-002
3.047509e+003,7.992951e-002
3.047991e+003,8.011606e-002
3.048474e+003,8.030517e-002
3.048956e+003,8.049875e-002
3.049438e+003,8.069651e-002
3.049920e+003,8.089874e-002
3.050402e+003,8.110331e-002
3.050884e+003,8.130906e-002
3.051366e+003,8.151489e-002
3.051848e+003,8.171877e-002
3.052331e+003,8.191885e-002
3.052813e+003,8.211417e-002
3.053295e+003,8.230432e-002
3.053777e+003,8.249120e-002
3.054259e+003,8.267795e-002
3.054741e+003,8.286984e-002
3.055223e+003,8.307172e-002
3.055706e+003,8.328576e-002
3.056188e+003,8.351101e-002
3.056670e+003,8.374444e-002
3.057152e+003,8.398025e-002
3.057634e+003,8.421347e-002
3.058116e+003,8.444075e-002
3.058598e+003,8.466240e-002
3.059080e+003,8.487972e-002
3.059563e+003,8.509488e-002
3.060045e+003,8.530861e-002
3.060527e+003,8.552265e-002
3.061009e+003,8.573667e-002
3.061491e+003,8.595251e-002
3.061973e+003,8.617171e-002
3.062455e+003,8.639792e-002
3.062937e+003,8.663389e-002
3.063419e+003,8.688045e-002
3.063902e+003,8.713538e-002
3.064384e+003,8.739553e-002
3.064866e+003,8.765580e-002
3.065348e+003,8.791336e-002
3.065830e+003,8.816812e-002
3.066312e+003,8.842126e-002
3.066794e+003,8.867507e-002
3.067276e+003,8.893017e-002
3.067759e+003,8.918432e-002
3.068241e+003,8.943447e-002
3.068723e+003,8.967656e-002
3.069205e+003,8.990996e-002
3.069687e+003,9.013660e-002
3.070169e+003,9.036257e-002
3.070651e+003,9.059455e-002
3.071134e+003,9.083619e-002
3.071615e+003,9.108722e-002
3.072098e+003,9.134348e-002
3.072580e+003,9.159811e-002
3.073062e+003,9.184481e-002
3.073544e+003,9.208070e-002
3.074026e+003,9.230830e-002
3.074508e+003,9.253303e-002
3.074990e+003,9.276049e-002
3.075473e+003,9.299484e-002
3.075955e+003,9.323769e-002
3.076437e+003,9.348710e-002
3.076919e+003,9.374102e-002
3.077401e+003,9.399789e-002
3.077883e+003,9.425817e-002
3.078365e+003,9.452359e-002
3.078847e+003,9.479450e-002
3.079330e+003,9.506951e-002
3.079812e+003,9.534551e-002
3.080294e+003,9.561902e-002
3.080776e+003,9.588783e-002
3.081258e+003,9.615248e-002
3.081740e+003,9.641717e-002
3.082222e+003,9.668537e-002
3.082704e+003,9.696019e-002
3.083187e+003,9.723984e-002
3.083669e+003,9.752063e-002
3.084151e+003,9.779661e-002
3.084633e+003,9.806392e-002
3.085115e+003,9.832289e-002
3.085597e+003,9.857856e-002
3.086079e+003,9.883656e-002
3.086562e+003,9.910240e-002
3.087043e+003,9.937583e-002
3.087526e+003,9.965324e-002
3.088008e+003,9.992718e-002
3.088490e+003,1.001920e-001
3.088972e+003,1.004449e-001
3.089454e+003,1.006884e-001
3.089936e+003,1.009296e-001
3.090418e+003,1.011738e-001
3.090901e+003,1.014243e-001
3.091383e+003,1.016812e-001
3.091865e+003,1.019391e-001
3.092347e+003,1.021960e-001
3.092829e+003,1.024496e-001
3.093311e+003,1.027045e-001
3.093793e+003,1.029671e-001
3.094275e+003,1.032425e-001
3.094758e+003,1.035326e-001
3.095240e+003,1.038334e-001
3.095722e+003,1.041364e-001
3.096204e+003,1.044331e-001
3.096686e+003,1.047186e-001
3.097168e+003,1.049941e-001
3.097650e+003,1.052659e-001
3.098132e+003,1.055421e-001
3.098615e+003,1.058283e-001
3.099097e+003,1.061253e-001
3.099579e+003,1.064294e-001
3.100061e+003,1.067344e-001
3.100543e+003,1.070345e-001
3.101025e+003,1.073296e-001
3.101507e+003,1.076224e-001
3.101990e+003,1.079192e-001
3.102471e+003,1.082233e-001
3.102954e+003,1.085359e-001
3.103436e+003,1.088545e-001
3.103918e+003,1.091734e-001
3.104400e+003,1.094878e-001
3.104882e+003,1.097969e-001
3.105364e+003,1.101021e-001
3.105846e+003,1.104068e-001
3.106329e+003,1.107138e-001
3.106811e+003,1.110239e-001
3.107293e+003,1.113354e-001
3.107775e+003,1.116454e-001
3.108257e+003,1.119524e-001
3.108739e+003,1.122583e-001
3.109221e+003,1.125667e-001
3.109703e+003,1.128815e-001
3.110186e+003,1.132057e-001
3.110668e+003,1.135391e-001
3.111150e+003,1.138796e-001
3.111632e+003,1.142244e-001
3.112114e+003,1.145708e-001
3.112596e+003,1.149206e-001
3.113078e+003,1.152762e-001
3.113560e+003,1.156398e-001
3.114042e+003,1.160114e-001
3.114525e+003,1.163873e-001
3.115007e+003,1.167625e-001
3.115489e+003,1.171305e-001
3.115971e+003,1.174886e-001
3.116453e+003,1.178383e-001
3.116935e+003,1.181826e-001
3.117417e+003,1.185260e-001
3.117900e+003,1.188695e-001
3.118382e+003,1.192123e-001
3.118864e+003,1.195495e-001
3.119346e+003,1.198781e-001
3.119828e+003,1.201981e-001
3.120310e+003,1.205150e-001
3.120792e+003,1.208374e-001
3.121274e+003,1.211745e-001
3.121757e+003,1.215318e-001
3.122239e+003,1.219097e-001
3.122721e+003,1.223024e-001
3.123203e+003,1.227009e-001
3.123685e+003,1.230984e-001
3.124167e+003,1.234905e-001
3.124649e+003,1.238769e-001
3.125131e+003,1.242597e-001
3.125614e+003,1.246392e-001
3.126096e+003,1.250150e-001
3.126578e+003,1.253840e-001
3.127060e+003,1.257435e-001
3.127542e+003,1.260919e-001
3.128024e+003,1.264337e-001
3.128506e+003,1.267753e-001
3.128988e+003,1.271237e-001
3.129470e+003,1.274845e-001
3.129953e+003,1.278598e-001
3.130435e+003,1.282478e-001
3.130917e+003,1.286447e-001
3.131399e+003,1.290478e-001
3.131881e+003,1.294567e-001
3.132363e+003,1.298714e-001
3.132845e+003,1.302925e-001
3.133328e+003,1.307168e-001
3.133810e+003,1.311389e-001
3.134292e+003,1.315504e-001
3.134774e+003,1.319450e-001
3.135256e+003,1.323202e-001
3.135738e+003,1.326803e-001
3.136220e+003,1.330335e-001
3.136702e+003,1.333896e-001
3.137185e+003,1.337557e-001
3.137667e+003,1.341345e-001
3.138149e+003,1.345245e-001
3.138631e+003,1.349202e-001
3.139113e+003,1.353185e-001
3.139595e+003,1.357180e-001
3.140077e+003,1.361208e-001
3.140559e+003,1.365289e-001
3.141042e+003,1.369434e-001
3.141524e+003,1.373619e-001
3.142006e+003,1.377804e-001
3.142488e+003,1.381947e-001
3.142970e+003,1.386022e-001
3.143452e+003,1.390051e-001
3.143934e+003,1.394084e-001
3.144417e+003,1.398168e-001
3.144898e+003,1.402319e-001
3.145381e+003,1.406527e-001
3.145863e+003,1.410740e-001
3.146345e+003,1.414910e-001
3.146827e+003,1.419007e-001
3.147309e+003,1.423056e-001
3.147791e+003,1.427120e-001
3.148273e+003,1.431257e-001
3.148756e+003,1.435495e-001
3.149238e+003,1.439834e-001
3.149720e+003,1.444222e-001
3.150202e+003,1.448596e-001
3.150684e+003,1.452908e-001
3.151166e+003,1.457160e-001
3.151648e+003,1.461380e-001
3.152130e+003,1.465607e-001
3.152613e+003,1.469854e-001
3.153095e+003,1.474110e-001
3.153577e+003,1.478327e-001
3.154059e+003,1.482463e-001
3.154541e+003,1.486502e-001
3.155023e+003,1.490486e-001
3.155505e+003,1.494479e-001
3.155987e+003,1.498555e-001
3.156469e+003,1.502752e-001
3.156952e+003,1.507075e-001
3.157434e+003,1.511466e-001
3.157916e+003,1.515873e-001
3.158398e+003,1.520263e-001
3.158880e+003,1.524650e-001
3.159362e+003,1.529071e-001
3.159844e+003,1.533582e-001
3.160326e+003,1.538188e-001
3.160809e+003,1.542855e-001
3.161291e+003,1.547512e-001
3.161773e+003,1.552067e-001
3.162255e+003,1.556475e-001
3.162737e+003,1.560751e-001
3.163219e+003,1.564953e-001
3.163701e+003,1.569168e-001
3.164184e+003,1.573453e-001
3.164666e+003,1.577825e-001
3.165148e+003,1.582257e-001
3.165630e+003,1.586695e-001
3.166112e+003,1.591095e-001
3.166594e+003,1.595464e-001
3.167076e+003,1.599828e-001
3.167558e+003,1.604231e-001
3.168041e+003,1.608687e-001
3.168523e+003,1.613172e-001
3.169005e+003,1.617627e-001
3.169487e+003,1.621998e-001
3.169969e+003,1.626251e-001
3.170451e+003,1.630429e-001
3.170933e+003,1.634604e-001
3.171415e+003,1.638855e-001
3.171897e+003,1.643242e-001
3.172380e+003,1.647761e-001
3.172862e+003,1.652348e-001
3.173344e+003,1.656921e-001
3.173826e+003,1.661417e-001
3.174308e+003,1.665829e-001
3.174790e+003,1.670204e-001
3.175272e+003,1.674615e-001
3.175754e+003,1.679132e-001
3.176237e+003,1.683779e-001
3.176719e+003,1.688540e-001
3.177201e+003,1.693353e-001
3.177683e+003,1.698158e-001
3.178165e+003,1.702932e-001
3.178647e+003,1.707669e-001
3.179129e+003,1.712393e-001
3.179612e+003,1.717115e-001
3.180094e+003,1.721839e-001
3.180576e+003,1.726527e-001
3.181058e+003,1.731157e-001
3.181540e+003,1.735710e-001
3.182022e+003,1.740209e-001
3.182504e+003,1.744708e-001
3.182986e+003,1.749249e-001
3.183469e+003,1.753859e-001
3.183951e+003,1.758528e-001
3.184433e+003,1.763209e-001
3.184915e+003,1.767854e-001
3.185397e+003,1.772436e-001
3.185879e+003,1.776968e-001
3.186361e+003,1.781494e-001
3.186843e+003,1.786057e-001
3.187325e+003,1.790688e-001
3.187808e+003,1.795360e-001
3.188290e+003,1.800032e-001
3.188772e+003,1.804656e-001
3.189254e+003,1.809206e-001
3.189736e+003,1.813714e-001
3.190218e+003,1.818229e-001
3.190700e+003,1.822809e-001
3.191182e+003,1.827474e-001
3.191665e+003,1.832204e-001
3.192147e+003,1.836946e-001
3.192629e+003,1.841645e-001
3.193111e+003,1.846272e-001
3.193593e+003,1.850851e-001
3.194075e+003,1.855439e-001
3.194557e+003,1.860084e-001
3.195040e+003,1.864803e-001
3.195521e+003,1.869567e-001
3.196004e+003,1.874305e-001
3.196486e+003,1.878943e-001
3.196968e+003,1.883438e-001
3.197450e+003,1.887820e-001
3.197932e+003,1.892154e-001
3.198414e+003,1.896517e-001
3.198896e+003,1.900964e-001
3.199379e+003,1.905503e-001
3.199861e+003,1.910091e-001
3.200343e+003,1.914683e-001
3.200825e+003,1.919238e-001
3.201307e+003,1.923772e-001
3.201789e+003,1.928329e-001
3.202271e+003,1.932948e-001
3.202753e+003,1.937653e-001
3.203236e+003,1.942413e-001
3.203718e+003,1.947169e-001
3.204200e+003,1.951852e-001
3.204682e+003,1.956427e-001
3.205164e+003,1.960900e-001
3.205646e+003,1.965332e-001
3.206128e+003,1.969781e-001
3.206610e+003,1.974293e-001
3.207093e+003,1.978868e-001
3.207575e+003,1.983481e-001
3.208057e+003,1.988090e-001
3.208539e+003,1.992669e-001
3.209021e+003,1.997232e-001
3.209503e+003,2.001801e-001
3.209985e+003,2.006400e-001
3.210468e+003,2.011027e-001
3.210949e+003,2.015650e-001
3.211432e+003,2.020212e-001
3.211914e+003,2.024680e-001
3.212396e+003,2.029048e-001
3.212878e+003,2.033359e-001
3.213360e+003,2.037682e-001
3.213842e+003,2.042048e-001
3.214324e+003,2.046458e-001
3.214807e+003,2.050867e-001
3.215289e+003,2.055213e-001
3.215771e+003,2.059458e-001
3.216253e+003,2.063628e-001
3.216735e+003,2.067800e-001
3.217217e+003,2.072091e-001
3.217699e+003,2.076585e-001
3.218181e+003,2.081300e-001
3.218664e+003,2.086180e-001
3.219146e+003,2.091111e-001
3.219628e+003,2.095982e-001
3.220110e+003,2.100727e-001
3.220592e+003,2.105360e-001
3.221074e+003,2.109945e-001
3.221556e+003,2.114535e-001
3.222038e+003,2.119155e-001
3.222521e+003,2.123769e-001
3.223003e+003,2.128299e-001
3.223485e+003,2.132677e-001
3.223967e+003,2.136880e-001
3.224449e+003,2.140969e-001
3.224931e+003,2.145041e-001
3.225413e+003,2.149198e-001
3.225896e+003,2.153492e-001
3.226377e+003,2.157908e-001
3.226860e+003,2.162369e-001
3.227342e+003,2.166788e-001
3.227824e+003,2.171101e-001
3.228306e+003,2.175327e-001
3.228788e+003,2.179521e-001
3.229270e+003,2.183751e-001
3.229752e+003,2.188063e-001
3.230235e+003,2.192441e-001
3.230717e+003,2.196834e-001
3.231199e+003,2.201180e-001
3.231681e+003,2.205444e-001
3.232163e+003,2.209651e-001
3.232645e+003,2.213862e-001
3.233127e+003,2.218133e-001
3.233609e+003,2.222482e-001
3.234092e+003,2.226863e-001
3.234574e+003,2.231207e-001
3.235056e+003,2.235431e-001
3.235538e+003,2.239500e-001
3.236020e+003,2.243451e-001
3.236502e+003,2.247360e-001
3.236984e+003,2.251320e-001
3.237466e+003,2.255377e-001
3.237948e+003,2.259521e-001
3.238431e+003,2.263698e-001
3.238913e+003,2.267826e-001
3.239395e+003,2.271850e-001
3.239877e+003,2.275752e-001
3.240359e+003,2.279554e-001
3.240841e+003,2.283295e-001
3.241323e+003,2.287013e-001
3.241806e+003,2.290720e-001
3.242288e+003,2.294437e-001
3.242770e+003,2.298191e-001
3.243252e+003,2.302033e-001
3.243734e+003,2.306039e-001
3.244216e+003,2.310251e-001
3.244698e+003,2.314654e-001
3.245180e+003,2.319148e-001
3.245663e+003,2.323594e-001
3.246145e+003,2.327847e-001
3.246627e+003,2.331839e-001
3.247109e+003,2.335590e-001
3.247591e+003,2.339229e-001
3.248073e+003,2.342910e-001
3.248555e+003,2.346734e-001
3.249037e+003,2.350721e-001
3.249520e+003,2.354784e-001
3.250002e+003,2.358787e-001
3.250484e+003,2.362625e-001
3.250966e+003,2.366271e-001
3.251448e+003,2.369795e-001
3.251930e+003,2.373336e-001
3.252412e+003,2.377011e-001
3.252894e+003,2.380857e-001
3.253376e+003,2.384807e-001
3.253859e+003,2.388723e-001
3.254341e+003,2.392461e-001
3.254823e+003,2.395956e-001
3.255305e+003,2.399246e-001
3.255787e+003,2.402451e-001
3.256269e+003,2.405725e-001
3.256751e+003,2.409164e-001
3.257234e+003,2.412787e-001
3.257716e+003,2.416532e-001
3.258198e+003,2.420302e-001
3.258680e+003,2.424025e-001
3.259162e+003,2.427683e-001
3.259644e+003,2.431297e-001
3.260126e+003,2.434901e-001
3.260608e+003,2.438498e-001
3.261091e+003,2.442057e-001
3.261573e+003,2.445519e-001
3.262055e+003,2.448850e-001
3.262537e+003,2.452074e-001
3.263019e+003,2.455261e-001
3.263501e+003,2.458520e-001
3.263983e+003,2.461920e-001
3.264465e+003,2.465452e-001
3.264948e+003,2.469032e-001
3.265430e+003,2.472528e-001
3.265912e+003,2.475830e-001
3.266394e+003,2.478908e-001
3.266876e+003,2.481822e-001
3.267358e+003,2.484699e-001
3.267840e+003,2.487651e-001
3.268323e+003,2.490737e-001
3.268804e+003,2.493934e-001
3.269287e+003,2.497163e-001
3.269769e+003,2.500350e-001
3.270251e+003,2.503471e-001
3.270733e+003,2.506585e-001
3.271215e+003,2.509780e-001
3.271697e+003,2.513131e-001
3.272179e+003,2.516640e-001
3.272662e+003,2.520230e-001
3.273144e+003,2.523764e-001
3.273626e+003,2.527129e-001
3.274108e+003,2.530282e-001
3.274590e+003,2.533286e-001
3.275072e+003,2.536262e-001
3.275554e+003,2.539322e-001
3.276036e+003,2.542517e-001
3.276519e+003,2.545798e-001
3.277001e+003,2.549053e-001
3.277483e+003,2.552169e-001
3.277965e+003,2.555099e-001
3.278447e+003,2.557885e-001
3.278929e+003,2.560638e-001
3.279411e+003,2.563469e-001
3.279893e+003,2.566433e-001
3.280375e+003,2.569497e-001
3.280858e+003,2.572567e-001
3.281340e+003,2.575550e-001
3.281822e+003,2.578394e-001
3.282304e+003,2.581130e-001
3.282786e+003,2.583850e-001
3.283268e+003,2.586643e-001
3.283750e+003,2.589549e-001
3.284232e+003,2.592526e-001
3.284715e+003,2.595492e-001
3.285197e+003,2.598363e-001
3.285679e+003,2.601116e-001
3.286161e+003,2.603800e-001
3.286643e+003,2.606515e-001
3.287125e+003,2.609338e-001
3.287607e+003,2.612281e-001
3.288090e+003,2.615280e-001
3.288572e+003,2.618224e-001
3.289054e+003,2.621009e-001
3.289536e+003,2.623622e-001
3.290018e+003,2.626148e-001
3.290500e+003,2.628720e-001
3.290982e+003,2.631455e-001
3.291464e+003,2.634377e-001
3.291947e+003,2.637401e-001
3.292429e+003,2.640357e-001
3.292911e+003,2.643095e-001
3.293393e+003,2.645538e-001
3.293875e+003,2.647748e-001
3.294357e+003,2.649884e-001
3.294839e+003,2.652130e-001
3.295321e+003,2.654605e-001
3.295803e+003,2.657340e-001
3.296286e+003,2.660252e-001
3.296768e+003,2.663217e-001
3.297250e+003,2.666136e-001
3.297732e+003,2.668987e-001
3.298214e+003,2.671807e-001
3.298696e+003,2.674662e-001
3.299178e+003,2.677579e-001
3.299660e+003,2.680537e-001
3.300143e+003,2.683446e-001
3.300625e+003,2.686223e-001
3.301107e+003,2.688826e-001
3.301589e+003,2.691276e-001
3.302071e+003,2.693667e-001
3.302553e+003,2.696085e-001
3.303035e+003,2.698575e-001
3.303518e+003,2.701105e-001
3.304000e+003,2.703606e-001
3.304482e+003,2.706001e-001
3.304964e+003,2.708277e-001
3.305446e+003,2.710510e-001
3.305928e+003,2.712818e-001
3.306410e+003,2.715327e-001
3.306892e+003,2.718085e-001
3.307375e+003,2.721054e-001
3.307857e+003,2.724108e-001
3.308339e+003,2.727112e-001
3.308821e+003,2.729957e-001
3.309303e+003,2.732643e-001
3.309785e+003,2.735238e-001
3.310267e+003,2.737832e-001
3.310749e+003,2.740496e-001
3.311231e+003,2.743222e-001
3.311714e+003,2.745945e-001
3.312196e+003,2.748587e-001
3.312678e+003,2.751090e-001
3.313160e+003,2.753468e-001
3.313642e+003,2.755783e-001
3.314124e+003,2.758110e-001
3.314606e+003,2.760496e-001
3.315088e+003,2.762932e-001
3.315571e+003,2.765377e-001
3.316053e+003,2.767785e-001
3.316535e+003,2.770144e-001
3.317017e+003,2.772508e-001
3.317499e+003,2.774937e-001
3.317981e+003,2.777491e-001
3.318463e+003,2.780157e-001
3.318946e+003,2.782874e-001
3.319427e+003,2.785541e-001
3.319910e+003,2.788087e-001
3.320392e+003,2.790491e-001
3.320874e+003,2.792819e-001
3.321356e+003,2.795175e-001
3.321838e+003,2.797627e-001
3.322320e+003,2.800190e-001
3.322802e+003,2.802812e-001
3.323285e+003,2.805374e-001
3.323767e+003,2.807798e-001
3.324249e+003,2.810063e-001
3.324731e+003,2.812233e-001
3.325213e+003,2.814411e-001
3.325695e+003,2.816684e-001
3.326177e+003,2.819070e-001
3.326659e+003,2.821508e-001
3.327142e+003,2.823898e-001
3.327624e+003,2.826154e-001
3.328106e+003,2.828273e-001
3.328588e+003,2.830344e-001
3.329070e+003,2.832505e-001
3.329552e+003,2.834865e-001
3.330034e+003,2.837451e-001
3.330516e+003,2.840197e-001
3.330999e+003,2.842956e-001
3.331481e+003,2.845580e-001
3.331963e+003,2.847993e-001
3.332445e+003,2.850217e-001
3.332927e+003,2.852331e-001
3.333409e+003,2.854438e-001
3.333891e+003,2.856604e-001
3.334374e+003,2.858826e-001
3.334855e+003,2.861043e-001
3.335338e+003,2.863196e-001
3.335820e+003,2.865278e-001
3.336302e+003,2.867326e-001
3.336784e+003,2.869428e-001
3.337266e+003,2.871639e-001
3.337748e+003,2.873957e-001
3.338230e+003,2.876309e-001
3.338713e+003,2.878592e-001
3.339195e+003,2.880730e-001
3.339677e+003,2.882704e-001
3.340159e+003,2.884587e-001
3.340641e+003,2.886504e-001
3.341123e+003,2.888531e-001
3.341605e+003,2.890694e-001
3.342087e+003,2.892928e-001
3.342570e+003,2.895139e-001
3.343052e+003,2.897243e-001
3.343534e+003,2.899214e-001
3.344016e+003,2.901112e-001
3.344498e+003,2.903033e-001
3.344980e+003,2.905037e-001
3.345462e+003,2.907130e-001
3.345944e+003,2.909225e-001
3.346427e+003,2.911218e-001
3.346909e+003,2.913036e-001
3.347391e+003,2.914681e-001
3.347873e+003,2.916255e-001
3.348355e+003,2.917891e-001
3.348837e+003,2.919679e-001
3.349319e+003,2.921622e-001
3.349802e+003,2.923630e-001
3.350283e+003,2.925553e-001
3.350766e+003,2.927271e-001
3.351248e+003,2.928757e-001
3.351730e+003,2.930092e-001
3.352212e+003,2.931427e-001
3.352694e+003,2.932891e-001
3.353176e+003,2.934549e-001
3.353658e+003,2.936376e-001
3.354141e+003,2.938261e-001
3.354623e+003,2.940108e-001
3.355105e+003,2.941858e-001
3.355587e+003,2.943520e-001
3.356069e+003,2.945140e-001
3.356551e+003,2.946746e-001
3.357033e+003,2.948307e-001
3.357515e+003,2.949743e-001
3.357998e+003,2.950966e-001
3.358480e+003,2.951946e-001
3.358962e+003,2.952738e-001
3.359444e+003,2.953491e-001
3.359926e+003,2.954373e-001
3.360408e+003,2.955492e-001
3.360890e+003,2.956830e-001
3.361372e+003,2.958269e-001
3.361854e+003,2.959634e-001
3.362337e+003,2.960786e-001
3.362819e+003,2.961696e-001
3.363301e+003,2.962466e-001
3.363783e+003,2.963250e-001
3.364265e+003,2.964189e-001
3.364747e+003,2.965323e-001
3.365229e+003,2.966581e-001
3.365712e+003,2.967816e-001
3.366194e+003,2.968888e-001
3.366676e+003,2.969737e-001
3.367158e+003,2.970400e-001
3.367640e+003,2.970994e-001
3.368122e+003,2.971607e-001
3.368604e+003,2.972280e-001
3.369086e+003,2.972966e-001
3.369569e+003,2.973587e-001
3.370051e+003,2.974081e-001
3.370533e+003,2.974458e-001
3.371015e+003,2.974807e-001
3.371497e+003,2.975245e-001
3.371979e+003,2.975840e-001
3.372461e+003,2.976579e-001
3.372943e+003,2.977352e-001
3.373426e+003,2.978019e-001
3.373908e+003,2.978480e-001
3.374390e+003,2.978721e-001
3.374872e+003,2.978846e-001
3.375354e+003,2.978995e-001
3.375836e+003,2.979270e-001
3.376318e+003,2.979683e-001
3.376800e+003,2.980158e-001
3.377282e+003,2.980575e-001
3.377765e+003,2.980851e-001
3.378247e+003,2.980988e-001
3.378729e+003,2.981086e-001
3.379211e+003,2.981273e-001
3.379693e+003,2.981612e-001
3.380175e+003,2.982070e-001
3.380657e+003,2.982511e-001
3.381140e+003,2.982765e-001
3.381622e+003,2.982723e-001
3.382104e+003,2.982393e-001
3.382586e+003,2.981909e-001
3.383068e+003,2.981452e-001
3.383550e+003,2.981172e-001
3.384032e+003,2.981094e-001
3.384514e+003,2.981128e-001
3.384997e+003,2.981110e-001
3.385479e+003,2.980900e-001
3.385961e+003,2.980454e-001
3.386443e+003,2.979830e-001
3.386925e+003,2.979126e-001
3.387407e+003,2.978415e-001
3.387889e+003,2.977682e-001
3.388371e+003,2.976846e-001
3.388854e+003,2.975807e-001
3.389336e+003,2.974545e-001
3.389818e+003,2.973168e-001
3.390300e+003,2.971891e-001
3.390782e+003,2.970940e-001
3.391264e+003,2.970445e-001
3.391746e+003,2.970341e-001
3.392229e+003,2.970409e-001
3.392710e+003,2.970333e-001
3.393193e+003,2.969871e-001
3.393675e+003,2.968963e-001
3.394157e+003,2.967745e-001
3.394639e+003,2.966470e-001
3.395121e+003,2.965376e-001
3.395603e+003,2.964566e-001
3.396085e+003,2.963972e-001
3.396568e+003,2.963391e-001
3.397050e+003,2.962606e-001
3.397532e+003,2.961480e-001
3.398014e+003,2.960040e-001
3.398496e+003,2.958415e-001
3.398978e+003,2.956771e-001
3.399460e+003,2.955214e-001
3.399942e+003,2.953749e-001
3.400425e+003,2.952309e-001
3.400907e+003,2.950823e-001
3.401389e+003,2.949272e-001
3.401871e+003,2.947733e-001
3.402353e+003,2.946309e-001
3.402835e+003,2.945066e-001
3.403317e+003,2.943976e-001
3.403799e+003,2.942907e-001
3.404281e+003,2.941679e-001
3.404764e+003,2.940163e-001
3.405246e+003,2.938344e-001
3.405728e+003,2.936350e-001
3.406210e+003,2.934366e-001
3.406692e+003,2.932551e-001
3.407174e+003,2.930946e-001
3.407656e+003,2.929453e-001
3.408138e+003,2.927901e-001
3.408621e+003,2.926108e-001
3.409103e+003,2.924021e-001
3.409585e+003,2.921710e-001
3.410067e+003,2.919336e-001
3.410549e+003,2.917053e-001
3.411031e+003,2.914943e-001
3.411513e+003,2.912976e-001
3.411996e+003,2.911034e-001
3.412478e+003,2.909010e-001
3.412960e+003,2.906863e-001
3.413442e+003,2.904646e-001
3.413924e+003,2.902479e-001
3.414406e+003,2.900443e-001
3.414888e+003,2.898528e-001
3.415370e+003,2.896633e-001
3.415853e+003,2.894597e-001
3.416335e+003,2.892304e-001
3.416817e+003,2.889733e-001
3.417299e+003,2.887005e-001
3.417781e+003,2.884313e-001
3.418263e+003,2.881832e-001
3.418745e+003,2.879642e-001
3.419227e+003,2.877685e-001
3.419709e+003,2.875814e-001
3.420192e+003,2.873859e-001
3.420674e+003,2.871726e-001
3.421156e+003,2.869436e-001
3.421638e+003,2.867068e-001
3.422120e+003,2.864712e-001
3.422602e+003,2.862369e-001
3.423084e+003,2.859976e-001
3.423566e+003,2.857415e-001
3.424049e+003,2.854604e-001
3.424531e+003,2.851557e-001
3.425013e+003,2.848388e-001
3.425495e+003,2.845256e-001
3.425977e+003,2.842295e-001
3.426459e+003,2.839528e-001
3.426941e+003,2.836882e-001
3.427424e+003,2.834213e-001
3.427906e+003,2.831400e-001
3.428388e+003,2.828416e-001
3.428870e+003,2.825336e-001
3.429352e+003,2.822304e-001
3.429834e+003,2.819428e-001
3.430316e+003,2.816721e-001
3.430798e+003,2.814097e-001
3.431281e+003,2.811401e-001
3.431763e+003,2.808508e-001
3.432245e+003,2.805374e-001
3.432727e+003,2.802070e-001
3.433209e+003,2.798744e-001
3.433691e+003,2.795508e-001
3.434173e+003,2.792408e-001
3.434655e+003,2.789401e-001
3.435137e+003,2.786391e-001
3.435620e+003,2.783307e-001
3.436102e+003,2.780139e-001
3.436584e+003,2.776970e-001
3.437066e+003,2.773896e-001
3.437548e+003,2.770972e-001
3.438030e+003,2.768162e-001
3.438512e+003,2.765350e-001
3.438994e+003,2.762399e-001
3.439477e+003,2.759241e-001
3.439959e+003,2.755902e-001
3.440441e+003,2.752520e-001
3.440923e+003,2.749231e-001
3.441405e+003,2.746089e-001
3.441887e+003,2.743000e-001
3.442369e+003,2.739768e-001
3.442852e+003,2.736161e-001
3.443333e+003,2.732065e-001
3.443816e+003,2.727568e-001
3.444298e+003,2.722931e-001
3.444780e+003,2.718506e-001
3.445262e+003,2.714578e-001
3.445744e+003,2.711252e-001
3.446226e+003,2.708397e-001
3.446708e+003,2.705677e-001
3.447191e+003,2.702722e-001
3.447673e+003,2.699274e-001
3.448155e+003,2.695290e-001
3.448637e+003,2.690920e-001
3.449119e+003,2.686366e-001
3.449601e+003,2.681794e-001
3.450083e+003,2.677282e-001
3.450565e+003,2.672803e-001
3.451048e+003,2.668296e-001
3.451530e+003,2.663735e-001
3.452012e+003,2.659146e-001
3.452494e+003,2.654594e-001
3.452976e+003,2.650129e-001
3.453458e+003,2.645744e-001
3.453940e+003,2.641373e-001
3.454422e+003,2.636908e-001
3.454905e+003,2.632292e-001
3.455387e+003,2.627526e-001
3.455869e+003,2.622694e-001
3.456351e+003,2.617914e-001
3.456833e+003,2.613241e-001
3.457315e+003,2.608649e-001
3.457797e+003,2.604034e-001
3.458280e+003,2.599257e-001
3.458761e+003,2.594252e-001
3.459244e+003,2.589059e-001
3.459726e+003,2.583841e-001
3.460208e+003,2.578793e-001
3.460690e+003,2.574058e-001
3.461172e+003,2.569636e-001
3.461654e+003,2.565396e-001
3.462136e+003,2.561133e-001
3.462619e+003,2.556661e-001
3.463101e+003,2.551918e-001
3.463583e+003,2.546988e-001
3.464065e+003,2.542034e-001
3.464547e+003,2.537203e-001
3.465029e+003,2.532549e-001
3.465511e+003,2.528027e-001
3.465993e+003,2.523501e-001
3.466476e+003,2.518867e-001
3.466958e+003,2.514076e-001
3.467440e+003,2.509210e-001
3.467922e+003,2.504410e-001
3.468404e+003,2.499799e-001
3.468886e+003,2.495420e-001
3.469368e+003,2.491218e-001
3.469850e+003,2.487062e-001
3.470333e+003,2.482834e-001
3.470815e+003,2.478472e-001
3.471297e+003,2.474009e-001
3.471779e+003,2.469521e-001
3.472261e+003,2.465085e-001
3.472743e+003,2.460705e-001
3.473225e+003,2.456320e-001
3.473708e+003,2.451828e-001
3.474189e+003,2.447136e-001
3.474672e+003,2.442242e-001
3.475154e+003,2.437217e-001
3.475636e+003,2.432166e-001
3.476118e+003,2.427163e-001
3.476600e+003,2.422208e-001
3.477082e+003,2.417234e-001
3.477564e+003,2.412169e-001
3.478047e+003,2.406987e-001
3.478529e+003,2.401771e-001
3.479011e+003,2.396690e-001
3.479493e+003,2.391950e-001
3.479975e+003,2.387680e-001
3.480457e+003,2.383855e-001
3.480939e+003,2.380302e-001
3.481421e+003,2.376722e-001
3.481904e+003,2.372828e-001
3.482386e+003,2.368433e-001
3.482868e+003,2.363530e-001
3.483350e+003,2.358228e-001
3.483832e+003,2.352694e-001
3.484314e+003,2.347088e-001
3.484796e+003,2.341510e-001
3.485278e+003,2.336039e-001
3.485760e+003,2.330729e-001
3.486243e+003,2.325644e-001
3.486725e+003,2.320849e-001
3.487207e+003,2.316349e-001
3.487689e+003,2.312070e-001
3.488171e+003,2.307831e-001
3.488653e+003,2.303417e-001
3.489135e+003,2.298641e-001
3.489618e+003,2.293434e-001
3.490100e+003,2.287860e-001
3.490582e+003,2.282098e-001
3.491064e+003,2.276352e-001
3.491546e+003,2.270754e-001
3.492028e+003,2.265338e-001
3.492510e+003,2.260044e-001
3.492992e+003,2.254779e-001
3.493475e+003,2.249481e-001
3.493957e+003,2.244172e-001
3.494439e+003,2.238940e-001
3.494921e+003,2.233874e-001
3.495403e+003,2.228992e-001
3.495885e+003,2.224201e-001
3.496367e+003,2.219326e-001
3.496849e+003,2.214186e-001
3.497332e+003,2.208678e-001
3.497814e+003,2.202832e-001
3.498296e+003,2.196790e-001
3.498778e+003,2.190707e-001
3.499260e+003,2.184696e-001
3.499742e+003,2.178783e-001
3.500224e+003,2.172896e-001
3.500706e+003,2.166981e-001
3.501188e+003,2.161030e-001
3.501671e+003,2.155141e-001
3.502153e+003,2.149505e-001
3.502635e+003,2.144261e-001
3.503117e+003,2.139426e-001
3.503599e+003,2.134805e-001
3.504081e+003,2.130081e-001
3.504563e+003,2.124957e-001
3.505046e+003,2.119276e-001
3.505528e+003,2.113092e-001
3.506010e+003,2.106640e-001
3.506492e+003,2.100216e-001
3.506974e+003,2.094067e-001
3.507456e+003,2.088302e-001
3.507938e+003,2.082894e-001
3.508420e+003,2.077686e-001
3.508903e+003,2.072496e-001
3.509385e+003,2.067207e-001
3.509867e+003,2.061795e-001
3.510349e+003,2.056321e-001
3.510831e+003,2.050837e-001
3.511313e+003,2.045344e-001
3.511795e+003,2.039785e-001
3.512277e+003,2.034084e-001
3.512760e+003,2.028201e-001
3.513242e+003,2.022169e-001
3.513724e+003,2.016100e-001
3.514206e+003,2.010106e-001
3.514688e+003,2.004253e-001
3.515170e+003,1.998520e-001
3.515652e+003,1.992825e-001
3.516135e+003,1.987056e-001
3.516616e+003,1.981158e-001
3.517099e+003,1.975146e-001
3.517581e+003,1.969126e-001
3.518063e+003,1.963188e-001
3.518545e+003,1.957377e-001
3.519027e+003,1.951648e-001
3.519509e+003,1.945894e-001
3.519991e+003,1.940025e-001
3.520474e+003,1.934015e-001
3.520956e+003,1.927950e-001
3.521438e+003,1.921989e-001
3.521920e+003,1.916270e-001
3.522402e+003,1.910817e-001
3.522884e+003,1.905513e-001
3.523366e+003,1.900124e-001
3.523848e+003,1.894441e-001
3.524331e+003,1.888380e-001
3.524813e+003,1.882060e-001
3.525295e+003,1.875752e-001
3.525777e+003,1.869747e-001
3.526259e+003,1.864242e-001
3.526741e+003,1.859232e-001
3.527223e+003,1.854550e-001
3.527705e+003,1.849911e-001
3.528188e+003,1.845063e-001
3.528670e+003,1.839896e-001
3.529152e+003,1.834441e-001
3.529634e+003,1.828801e-001
3.530116e+003,1.823043e-001
3.530598e+003,1.817152e-001
3.531080e+003,1.811037e-001
3.531563e+003,1.804608e-001
3.532044e+003,1.797860e-001
3.532527e+003,1.790919e-001
3.533009e+003,1.784017e-001
3.533491e+003,1.777401e-001
3.533973e+003,1.771230e-001
3.534455e+003,1.765518e-001
3.534937e+003,1.760123e-001
3.535419e+003,1.754802e-001
3.535902e+003,1.749304e-001
3.536384e+003,1.743516e-001
3.536866e+003,1.737458e-001
3.537348e+003,1.731243e-001
3.537830e+003,1.724984e-001
3.538312e+003,1.718734e-001
3.538794e+003,1.712470e-001
3.539276e+003,1.706130e-001
3.539759e+003,1.699687e-001
3.540241e+003,1.693189e-001
3.540723e+003,1.686747e-001
3.541205e+003,1.680487e-001
3.541687e+003,1.674472e-001
3.542169e+003,1.668654e-001
3.542651e+003,1.662901e-001
3.543133e+003,1.657040e-001
3.543615e+003,1.650966e-001
3.544098e+003,1.644688e-001
3.544580e+003,1.638393e-001
3.545062e+003,1.632291e-001
3.545544e+003,1.626533e-001
3.546026e+003,1.621100e-001
3.546508e+003,1.615783e-001
3.546990e+003,1.610305e-001
3.547472e+003,1.604447e-001
3.547955e+003,1.598138e-001
3.548437e+003,1.591486e-001
3.548919e+003,1.584661e-001
3.549401e+003,1.577844e-001
3.549883e+003,1.571155e-001
3.550365e+003,1.564644e-001
3.550847e+003,1.558298e-001
3.551330e+003,1.552103e-001
3.551812e+003,1.546047e-001
3.552294e+003,1.540148e-001
3.552776e+003,1.534395e-001
3.553258e+003,1.528708e-001
3.553740e+003,1.522956e-001
3.554222e+003,1.516999e-001
3.554704e+003,1.510728e-001
3.555187e+003,1.504130e-001
3.555669e+003,1.497310e-001
3.556151e+003,1.490430e-001
3.556633e+003,1.483680e-001
3.557115e+003,1.477154e-001
3.557597e+003,1.470865e-001
3.558079e+003,1.464721e-001
3.558561e+003,1.458600e-001
3.559043e+003,1.452412e-001
3.559526e+003,1.446148e-001
3.560008e+003,1.439891e-001
3.560490e+003,1.433726e-001
3.560972e+003,1.427686e-001
3.561454e+003,1.421714e-001
3.561936e+003,1.415667e-001
3.562418e+003,1.409415e-001
3.562900e+003,1.402870e-001
3.563383e+003,1.396068e-001
3.563865e+003,1.389163e-001
3.564347e+003,1.382375e-001
3.564829e+003,1.375913e-001
3.565311e+003,1.369914e-001
3.565793e+003,1.364365e-001
3.566275e+003,1.359101e-001
3.566758e+003,1.353848e-001
3.567240e+003,1.348376e-001
3.567722e+003,1.342586e-001
3.568204e+003,1.336476e-001
3.568686e+003,1.330092e-001
3.569168e+003,1.323474e-001
3.569650e+003,1.316661e-001
3.570132e+003,1.309708e-001
3.570615e+003,1.302705e-001
3.571097e+003,1.295792e-001
3.571579e+003,1.289105e-001
3.572061e+003,1.282717e-001
3.572543e+003,1.276597e-001
3.573025e+003,1.270624e-001
3.573507e+003,1.264610e-001
3.573989e+003,1.258398e-001
3.574471e+003,1.251932e-001
3.574954e+003,1.245279e-001
3.575436e+003,1.238605e-001
3.575918e+003,1.232073e-001
3.576400e+003,1.225761e-001
3.576882e+003,1.219643e-001
3.577364e+003,1.213617e-001
3.577846e+003,1.207572e-001
3.578328e+003,1.201435e-001
3.578811e+003,1.195231e-001
3.579293e+003,1.189035e-001
3.579775e+003,1.182921e-001
3.580257e+003,1.176888e-001
3.580739e+003,1.170869e-001
3.581221e+003,1.164751e-001
3.581703e+003,1.158449e-001
3.582186e+003,1.151958e-001
3.582667e+003,1.145359e-001
3.583150e+003,1.138786e-001
3.583632e+003,1.132352e-001
3.584114e+003,1.126096e-001
3.584596e+003,1.119967e-001
3.585078e+003,1.113864e-001
3.585560e+003,1.107693e-001
3.586042e+003,1.101442e-001
3.586525e+003,1.095241e-001
3.587007e+003,1.089291e-001
3.587489e+003,1.083704e-001
3.587971e+003,1.078385e-001
3.588453e+003,1.073068e-001
3.588935e+003,1.067504e-001
3.589417e+003,1.061584e-001
3.589899e+003,1.055372e-001
3.590382e+003,1.049050e-001
3.590864e+003,1.042831e-001
3.591346e+003,1.036887e-001
3.591828e+003,1.031275e-001
3.592310e+003,1.025932e-001
3.592792e+003,1.020718e-001
3.593274e+003,1.015472e-001
3.593756e+003,1.010132e-001
3.594239e+003,1.004739e-001
3.594721e+003,9.994329e-002
3.595203e+003,9.943278e-002
3.595685e+003,9.894149e-002
3.596167e+003,9.845579e-002
3.596649e+003,9.795730e-002
3.597131e+003,9.743298e-002
3.597614e+003,9.687876e-002
3.598095e+003,9.630456e-002
3.598578e+003,9.572674e-002
3.599060e+003,9.515621e-002
3.599542e+003,9.459411e-002
3.600024e+003,9.402777e-002
3.600506e+003,9.343994e-002
3.600988e+003,9.281952e-002
3.601470e+003,9.216943e-002
3.601953e+003,9.150960e-002
3.602435e+003,9.086428e-002
3.602917e+003,9.025297e-002
3.603399e+003,8.967902e-002
3.603881e+003,8.913333e-002
3.604363e+003,8.859730e-002
3.604845e+003,8.805309e-002
3.605327e+003,8.749074e-002
3.605810e+003,8.690938e-002
3.606292e+003,8.632014e-002
3.606774e+003,8.573437e-002
3.607256e+003,8.515611e-002
3.607738e+003,8.457489e-002
3.608220e+003,8.397330e-002
3.608702e+003,8.334040e-002
3.609184e+003,8.267871e-002
3.609667e+003,8.200906e-002
3.610149e+003,8.135741e-002
3.610631e+003,8.074480e-002
3.611113e+003,8.017495e-002
3.611595e+003,7.963829e-002
3.612077e+003,7.911121e-002
3.612559e+003,7.856871e-002
3.613042e+003,7.799631e-002
3.613524e+003,7.739630e-002
3.614006e+003,7.678731e-002
3.614488e+003,7.618732e-002
3.614970e+003,7.560362e-002
3.615452e+003,7.503118e-002
3.615934e+003,7.445689e-002
3.616416e+003,7.386760e-002
3.616898e+003,7.325944e-002
3.617381e+003,7.264055e-002
3.617863e+003,7.203066e-002
3.618345e+003,7.145020e-002
3.618827e+003,7.090354e-002
3.619309e+003,7.037776e-002
3.619791e+003,6.984699e-002
3.620273e+003,6.929146e-002
3.620755e+003,6.870989e-002
3.621238e+003,6.811512e-002
3.621720e+003,6.752643e-002
3.622202e+003,6.695759e-002
3.622684e+003,6.641211e-002
3.623166e+003,6.588382e-002
3.623648e+003,6.536057e-002
3.624130e+003,6.483112e-002
3.624612e+003,6.428955e-002
3.625094e+003,6.373627e-002
3.625577e+003,6.317843e-002
3.626059e+003,6.262190e-002
3.626541e+003,6.206517e-002
3.627023e+003,6.149961e-002
3.627505e+003,6.091249e-002
3.627987e+003,6.030222e-002
3.628469e+003,5.969077e-002
3.628952e+003,5.912646e-002
3.629434e+003,5.864384e-002
3.629916e+003,5.823811e-002
3.630398e+003,5.787331e-002
3.630880e+003,5.751036e-002
3.631362e+003,5.712235e-002
3.631844e+003,5.669465e-002
3.632326e+003,5.622629e-002
3.632809e+003,5.572828e-002
3.633291e+003,5.521857e-002
3.633773e+003,5.471438e-002
3.634255e+003,5.422430e-002
3.634737e+003,5.374745e-002
3.635219e+003,5.327648e-002
3.635701e+003,5.280478e-002
3.636183e+003,5.233310e-002
3.636666e+003,5.186704e-002
3.637148e+003,5.141681e-002
3.637630e+003,5.098576e-002
3.638112e+003,5.056840e-002
3.638594e+003,5.015017e-002
3.639076e+003,4.971416e-002
3.639558e+003,4.924978e-002
3.640041e+003,4.875670e-002
3.640522e+003,4.824733e-002
3.641005e+003,4.774087e-002
3.641487e+003,4.725333e-002
3.641969e+003,4.679316e-002
3.642451e+003,4.635611e-002
3.642933e+003,4.593312e-002
3.643415e+003,4.551273e-002
3.643897e+003,4.509061e-002
3.644380e+003,4.466973e-002
3.644862e+003,4.425756e-002
3.645344e+003,4.385779e-002
3.645826e+003,4.346821e-002
3.646308e+003,4.307204e-002
3.646790e+003,4.264495e-002
3.647272e+003,4.216612e-002
3.647754e+003,4.163755e-002
3.648237e+003,4.109561e-002
3.648719e+003,4.060272e-002
3.649201e+003,4.020634e-002
3.649683e+003,3.990642e-002
3.650165e+003,3.965535e-002
3.650647e+003,3.939594e-002
3.651129e+003,3.909621e-002
3.651611e+003,3.875604e-002
3.652094e+003,3.839501e-002
3.652576e+003,3.803559e-002
3.653058e+003,3.769153e-002
3.653540e+003,3.736592e-002
3.654022e+003,3.705070e-002
3.654504e+003,3.673175e-002
3.654986e+003,3.639295e-002
3.655469e+003,3.602525e-002
3.655950e+003,3.563439e-002
3.656433e+003,3.523931e-002
3.656915e+003,3.486106e-002
3.657397e+003,3.450684e-002
3.657879e+003,3.417229e-002
3.658361e+003,3.384639e-002
3.658843e+003,3.351824e-002
3.659325e+003,3.318265e-002
3.659808e+003,3.284135e-002
3.660290e+003,3.250201e-002
3.660772e+003,3.217144e-002
3.661254e+003,3.185249e-002
3.661736e+003,3.154428e-002
3.662218e+003,3.124324e-002
3.662700e+003,3.094675e-002
3.663182e+003,3.065593e-002
3.663665e+003,3.037499e-002
3.664147e+003,3.010886e-002
3.664629e+003,2.985917e-002
3.665111e+003,2.962133e-002
3.665593e+003,2.938668e-002
3.666075e+003,2.914544e-002
3.666557e+003,2.889008e-002
3.667039e+003,2.861997e-002
3.667521e+003,2.833993e-002
3.668004e+003,2.806322e-002
3.668486e+003,2.780132e-002
3.668968e+003,2.756277e-002
3.669450e+003,2.734448e-002
3.669932e+003,2.713532e-002
3.670414e+003,2.692600e-002
3.670896e+003,2.671530e-002
3.671378e+003,2.650877e-002
3.671861e+003,2.631558e-002
3.672343e+003,2.613794e-002
3.672825e+003,2.597277e-002
3.673307e+003,2.581264e-002
3.673789e+003,2.564544e-002
3.674271e+003,2.545940e-002
3.674753e+003,2.524811e-002
3.675236e+003,2.502269e-002
3.675718e+003,2.480577e-002
3.676200e+003,2.460961e-002
3.676682e+003,2.443098e-002
3.677164e+003,2.425815e-002
3.677646e+003,2.408417e-002
3.678128e+003,2.391005e-002
3.678610e+003,2.374183e-002
3.679093e+003,2.358806e-002
3.679575e+003,2.345282e-002
3.680057e+003,2.333328e-002
3.680539e+003,2.321680e-002
3.681021e+003,2.309065e-002
3.681503e+003,2.294529e-002
3.681985e+003,2.277888e-002
3.682467e+003,2.259882e-002
3.682949e+003,2.241725e-002
3.683432e+003,2.224568e-002
3.683914e+003,2.209129e-002
3.684396e+003,2.195172e-002
3.684878e+003,2.181757e-002
3.685360e+003,2.167832e-002
3.685842e+003,2.152692e-002
3.686324e+003,2.136349e-002
3.686806e+003,2.119656e-002
3.687289e+003,2.104236e-002
3.687771e+003,2.091772e-002
3.688253e+003,2.082760e-002
3.688735e+003,2.076370e-002
3.689217e+003,2.070748e-002
3.689699e+003,2.064417e-002
3.690181e+003,2.057194e-002
3.690664e+003,2.049820e-002
3.691146e+003,2.043164e-002
3.691628e+003,2.037261e-002
3.692110e+003,2.031444e-002
3.692592e+003,2.024807e-002
3.693074e+003,2.016943e-002
3.693556e+003,2.008134e-002
3.694038e+003,1.999399e-002
3.694521e+003,1.991938e-002
3.695003e+003,1.986805e-002
3.695485e+003,1.984288e-002
3.695967e+003,1.983431e-002
3.696449e+003,1.982598e-002
3.696931e+003,1.980067e-002
3.697413e+003,1.974694e-002
3.697895e+003,1.966467e-002
3.698377e+003,1.956105e-002
3.698860e+003,1.945034e-002
3.699342e+003,1.934171e-002
3.699824e+003,1.924200e-002
3.700306e+003,1.914847e-002
3.700788e+003,1.905641e-002
3.701270e+003,1.896085e-002
3.701752e+003,1.886342e-002
3.702234e+003,1.876882e-002
3.702717e+003,1.868537e-002
3.703199e+003,1.861543e-002
3.703681e+003,1.855616e-002
3.704163e+003,1.849960e-002
3.704645e+003,1.844054e-002
3.705127e+003,1.837502e-002
3.705609e+003,1.830439e-002
3.706092e+003,1.823262e-002
3.706573e+003,1.816680e-002
3.707056e+003,1.810979e-002
3.707538e+003,1.806083e-002
3.708020e+003,1.801510e-002
3.708502e+003,1.796649e-002
3.708984e+003,1.791378e-002
3.709466e+003,1.786167e-002
3.709948e+003,1.782211e-002
3.710431e+003,1.781038e-002
3.710913e+003,1.783370e-002
3.711395e+003,1.787891e-002
3.711877e+003,1.792464e-002
3.712359e+003,1.794886e-002
3.712841e+003,1.794298e-002
3.713323e+003,1.791072e-002
3.713805e+003,1.786328e-002
3.714288e+003,1.781271e-002
3.714770e+003,1.776512e-002
3.715252e+003,1.772138e-002
3.715734e+003,1.767762e-002
3.716216e+003,1.763049e-002
3.716698e+003,1.757800e-002
3.717180e+003,1.751964e-002
3.717662e+003,1.745791e-002
3.718145e+003,1.739890e-002
3.718627e+003,1.734661e-002
3.719109e+003,1.730289e-002
3.719591e+003,1.726864e-002
3.720073e+003,1.724422e-002
3.720555e+003,1.723088e-002
3.721037e+003,1.722862e-002
3.721520e+003,1.723397e-002
3.722001e+003,1.723957e-002
3.722484e+003,1.723170e-002
3.722966e+003,1.719653e-002
3.723448e+003,1.712818e-002
3.723930e+003,1.703177e-002
3.724412e+003,1.692572e-002
3.724894e+003,1.683613e-002
3.725376e+003,1.678804e-002
3.725859e+003,1.679458e-002
3.726341e+003,1.684853e-002
3.726823e+003,1.692208e-002
3.727305e+003,1.698268e-002
3.727787e+003,1.700634e-002
3.728269e+003,1.698520e-002
3.728751e+003,1.692447e-002
3.729233e+003,1.683951e-002
3.729716e+003,1.674716e-002
3.730198e+003,1.666029e-002
3.730680e+003,1.658663e-002
3.731162e+003,1.652408e-002
3.731644e+003,1.646663e-002
3.732126e+003,1.640630e-002
3.732608e+003,1.634246e-002
3.733090e+003,1.628447e-002
3.733573e+003,1.624971e-002
3.734055e+003,1.625543e-002
3.734537e+003,1.630815e-002
3.735019e+003,1.639489e-002
3.735501e+003,1.649028e-002
3.735983e+003,1.656569e-002
3.736465e+003,1.660823e-002
3.736948e+003,1.662250e-002
3.737430e+003,1.662252e-002
3.737912e+003,1.661853e-002
3.738394e+003,1.661455e-002
3.738876e+003,1.660830e-002
3.739358e+003,1.659430e-002
3.739840e+003,1.656752e-002
3.740322e+003,1.652383e-002
3.740804e+003,1.646348e-002
3.741287e+003,1.639047e-002
3.741769e+003,1.631080e-002
3.742251e+003,1.622949e-002
3.742733e+003,1.615869e-002
3.743215e+003,1.611354e-002
3.743697e+003,1.611073e-002
3.744179e+003,1.615841e-002
3.744661e+003,1.624233e-002
3.745144e+003,1.633378e-002
3.745626e+003,1.640747e-002
3.746108e+003,1.645209e-002
3.746590e+003,1.647101e-002
3.747072e+003,1.647238e-002
3.747554e+003,1.646810e-002
3.748036e+003,1.646984e-002
3.748518e+003,1.648764e-002
3.749000e+003,1.652791e-002
3.749483e+003,1.658601e-002
3.749965e+003,1.664815e-002
3.750447e+003,1.669862e-002
3.750929e+003,1.673166e-002
3.751411e+003,1.675152e-002
3.751893e+003,1.676761e-002
3.752375e+003,1.678622e-002
3.752858e+003,1.680597e-002
3.753340e+003,1.681994e-002
3.753822e+003,1.682134e-002
3.754304e+003,1.680704e-002
3.754786e+003,1.677966e-002
3.755268e+003,1.674523e-002
3.755750e+003,1.671281e-002
3.756232e+003,1.668980e-002
3.756715e+003,1.668088e-002
3.757197e+003,1.668365e-002
3.757679e+003,1.669019e-002
3.758161e+003,1.668957e-002
3.758643e+003,1.667623e-002
3.759125e+003,1.665056e-002
3.759607e+003,1.661960e-002
3.760089e+003,1.659064e-002
3.760572e+003,1.656873e-002
3.761054e+003,1.655310e-002
3.761536e+003,1.653848e-002
3.762018e+003,1.652095e-002
3.762500e+003,1.650078e-002
3.762982e+003,1.648174e-002
3.763464e+003,1.647025e-002
3.763947e+003,1.647261e-002
3.764428e+003,1.648933e-002
3.764911e+003,1.651262e-002
3.765393e+003,1.652846e-002
3.765875e+003,1.652315e-002
3.766357e+003,1.649387e-002
3.766839e+003,1.644795e-002
3.767321e+003,1.640290e-002
3.767803e+003,1.637650e-002
3.768286e+003,1.638427e-002
3.768768e+003,1.642862e-002
3.769250e+003,1.649683e-002
3.769732e+003,1.656253e-002
3.770214e+003,1.659998e-002
3.770696e+003,1.659617e-002
3.771178e+003,1.655525e-002
3.771660e+003,1.649286e-002
3.772143e+003,1.642578e-002
3.772625e+003,1.636740e-002
3.773107e+003,1.632290e-002
3.773589e+003,1.629215e-002
3.774071e+003,1.627150e-002
3.774553e+003,1.625514e-002
3.775035e+003,1.624003e-002
3.775517e+003,1.622152e-002
3.776000e+003,1.619844e-002
3.776482e+003,1.616879e-002
3.776964e+003,1.613104e-002
3.777446e+003,1.608709e-002
3.777928e+003,1.604263e-002
3.778410e+003,1.600726e-002
3.778892e+003,1.599273e-002
3.779375e+003,1.600666e-002
3.779856e+003,1.604601e-002
3.780339e+003,1.609967e-002
3.780821e+003,1.615232e-002
3.781303e+003,1.619399e-002
3.781785e+003,1.622250e-002
3.782267e+003,1.624305e-002
3.782749e+003,1.626487e-002
3.783231e+003,1.629796e-002
3.783714e+003,1.634777e-002
3.784196e+003,1.640937e-002
3.784678e+003,1.647011e-002
3.785160e+003,1.651350e-002
3.785642e+003,1.652853e-002
3.786124e+003,1.651226e-002
3.786606e+003,1.647280e-002
3.787088e+003,1.642027e-002
3.787571e+003,1.636608e-002
3.788053e+003,1.631771e-002
3.788535e+003,1.627580e-002
3.789017e+003,1.623995e-002
3.789499e+003,1.620854e-002
3.789981e+003,1.618258e-002
3.790463e+003,1.616498e-002
3.790945e+003,1.615854e-002
3.791427e+003,1.616427e-002
3.791910e+003,1.617775e-002
3.792392e+003,1.619059e-002
3.792874e+003,1.619404e-002
3.793356e+003,1.618290e-002
3.793838e+003,1.615817e-002
3.794320e+003,1.612709e-002
3.794802e+003,1.610108e-002
3.795284e+003,1.609195e-002
3.795767e+003,1.610263e-002
3.796249e+003,1.612284e-002
3.796731e+003,1.613480e-002
3.797213e+003,1.612122e-002
3.797695e+003,1.607548e-002
3.798177e+003,1.600395e-002
3.798659e+003,1.592413e-002
3.799142e+003,1.586019e-002
3.799624e+003,1.583970e-002
3.800106e+003,1.588697e-002
3.800588e+003,1.600902e-002
3.801070e+003,1.618325e-002
3.801552e+003,1.635729e-002
3.802034e+003,1.647744e-002
3.802516e+003,1.652470e-002
3.802999e+003,1.651216e-002
3.803481e+003,1.646665e-002
3.803963e+003,1.641183e-002
3.804445e+003,1.636630e-002
3.804927e+003,1.634329e-002
3.805409e+003,1.635198e-002
3.805891e+003,1.639328e-002
3.806373e+003,1.645688e-002
3.806855e+003,1.652165e-002
3.807338e+003,1.656311e-002
3.807820e+003,1.656801e-002
3.808302e+003,1.653888e-002
3.808784e+003,1.648770e-002
3.809266e+003,1.642987e-002
3.809748e+003,1.637713e-002
3.810230e+003,1.633547e-002
3.810712e+003,1.630451e-002
3.811195e+003,1.627877e-002
3.811677e+003,1.624767e-002
3.812159e+003,1.620278e-002
3.812641e+003,1.614092e-002
3.813123e+003,1.606654e-002
3.813605e+003,1.599316e-002
3.814087e+003,1.593981e-002
3.814570e+003,1.592957e-002
3.815052e+003,1.597600e-002
3.815534e+003,1.606968e-002
3.816016e+003,1.617998e-002
3.816498e+003,1.626975e-002
3.816980e+003,1.631843e-002
3.817462e+003,1.632662e-002
3.817944e+003,1.630965e-002
3.818427e+003,1.628717e-002
3.818909e+003,1.627581e-002
3.819391e+003,1.628732e-002
3.819873e+003,1.632427e-002
3.820355e+003,1.638003e-002
3.820837e+003,1.643579e-002
3.821319e+003,1.647342e-002
3.821801e+003,1.648790e-002
3.822283e+003,1.648691e-002
3.822766e+003,1.648144e-002
3.823248e+003,1.647776e-002
3.823730e+003,1.648086e-002
3.824212e+003,1.649139e-002
3.824694e+003,1.650896e-002
3.825176e+003,1.653165e-002
3.825658e+003,1.655460e-002
3.826140e+003,1.657115e-002
3.826623e+003,1.657363e-002
3.827105e+003,1.655612e-002
3.827587e+003,1.651927e-002
3.828069e+003,1.646882e-002
3.828551e+003,1.641401e-002
3.829033e+003,1.636445e-002
3.829515e+003,1.632845e-002
3.829998e+003,1.631051e-002
3.830479e+003,1.630885e-002
3.830962e+003,1.631564e-002
3.831444e+003,1.631988e-002
3.831926e+003,1.631449e-002
3.832408e+003,1.629705e-002
3.832890e+003,1.627307e-002
3.833372e+003,1.625100e-002
3.833854e+003,1.623830e-002
3.834337e+003,1.623649e-002
3.834819e+003,1.624174e-002
3.835301e+003,1.624545e-002
3.835783e+003,1.624082e-002
3.836265e+003,1.622758e-002
3.836747e+003,1.621345e-002
3.837229e+003,1.621241e-002
3.837711e+003,1.623935e-002
3.838194e+003,1.629777e-002
3.838676e+003,1.637650e-002
3.839158e+003,1.645396e-002
3.839640e+003,1.651167e-002
3.840122e+003,1.653982e-002
3.840604e+003,1.654280e-002
3.841086e+003,1.653035e-002
3.841568e+003,1.651392e-002
3.842051e+003,1.650133e-002
3.842533e+003,1.649337e-002
3.843015e+003,1.648592e-002
3.843497e+003,1.647256e-002
3.843979e+003,1.644993e-002
3.844461e+003,1.641854e-002
3.844943e+003,1.638368e-002
3.845426e+003,1.635190e-002
3.845907e+003,1.632924e-002
3.846390e+003,1.631764e-002
3.846872e+003,1.631737e-002
3.847354e+003,1.632341e-002
3.847836e+003,1.633176e-002
3.848318e+003,1.633587e-002
3.848800e+003,1.632929e-002
3.849282e+003,1.630841e-002
3.849765e+003,1.626949e-002
3.850247e+003,1.621394e-002
3.850729e+003,1.614744e-002
3.851211e+003,1.608310e-002
3.851693e+003,1.604672e-002
3.852175e+003,1.607141e-002
3.852657e+003,1.618285e-002
3.853139e+003,1.636562e-002
3.853622e+003,1.655825e-002
3.854104e+003,1.669974e-002
3.854586e+003,1.677137e-002
3.855068e+003,1.678920e-002
3.855550e+003,1.678007e-002
3.856032e+003,1.676411e-002
3.856514e+003,1.675446e-002
3.856996e+003,1.675475e-002
3.857479e+003,1.676317e-002
3.857961e+003,1.677275e-002
3.858443e+003,1.677937e-002
3.858925e+003,1.677965e-002
3.859407e+003,1.677426e-002
3.859889e+003,1.676460e-002
3.860371e+003,1.675222e-002
3.860854e+003,1.673713e-002
3.861336e+003,1.671635e-002
3.861818e+003,1.668548e-002
3.862300e+003,1.664504e-002
3.862782e+003,1.660071e-002
3.863264e+003,1.656646e-002
3.863746e+003,1.655715e-002
3.864228e+003,1.658197e-002
3.864710e+003,1.663654e-002
3.865193e+003,1.670394e-002
3.865675e+003,1.676308e-002
3.866157e+003,1.680256e-002
3.866639e+003,1.682225e-002
3.867121e+003,1.683264e-002
3.867603e+003,1.684962e-002
3.868085e+003,1.688784e-002
3.868567e+003,1.695494e-002
3.869050e+003,1.703812e-002
3.869532e+003,1.710410e-002
3.870014e+003,1.711686e-002
3.870496e+003,1.706561e-002
3.870978e+003,1.696952e-002
3.871460e+003,1.686409e-002
3.871942e+003,1.678209e-002
3.872424e+003,1.674634e-002
3.872906e+003,1.676579e-002
3.873389e+003,1.683036e-002
3.873871e+003,1.691349e-002
3.874353e+003,1.698121e-002
3.874835e+003,1.701108e-002
3.875317e+003,1.699685e-002
3.875799e+003,1.695110e-002
3.876281e+003,1.689106e-002
3.876764e+003,1.683257e-002
3.877246e+003,1.678587e-002
3.877728e+003,1.675747e-002
3.878210e+003,1.674904e-002
3.878692e+003,1.676215e-002
3.879174e+003,1.679513e-002
3.879656e+003,1.684227e-002
3.880138e+003,1.689202e-002
3.880621e+003,1.692880e-002
3.881103e+003,1.693844e-002
3.881585e+003,1.691456e-002
3.882067e+003,1.686040e-002
3.882549e+003,1.678805e-002
3.883031e+003,1.671359e-002
3.883513e+003,1.665667e-002
3.883995e+003,1.663690e-002
3.884478e+003,1.666730e-002
3.884960e+003,1.674542e-002
3.885442e+003,1.684724e-002
3.885924e+003,1.693867e-002
3.886406e+003,1.699410e-002
3.886888e+003,1.700636e-002
3.887370e+003,1.698466e-002
3.887853e+003,1.694474e-002
3.888334e+003,1.690090e-002
3.888817e+003,1.686434e-002
3.889299e+003,1.684300e-002
3.889781e+003,1.684301e-002
3.890263e+003,1.686567e-002
3.890745e+003,1.690890e-002
3.891227e+003,1.696557e-002
3.891709e+003,1.702563e-002
3.892192e+003,1.707620e-002
3.892674e+003,1.710959e-002
3.893156e+003,1.712043e-002
3.893638e+003,1.710965e-002
3.894120e+003,1.708088e-002
3.894602e+003,1.704102e-002
3.895084e+003,1.699633e-002
3.895566e+003,1.695332e-002
3.896049e+003,1.691761e-002
3.896531e+003,1.689101e-002
3.897013e+003,1.687471e-002
3.897495e+003,1.686858e-002
3.897977e+003,1.687367e-002
3.898459e+003,1.688959e-002
3.898941e+003,1.691608e-002
3.899423e+003,1.695014e-002
3.899906e+003,1.698709e-002
3.900388e+003,1.701895e-002
3.900870e+003,1.704076e-002
3.901352e+003,1.705123e-002
3.901834e+003,1.705569e-002
3.902316e+003,1.706289e-002
3.902798e+003,1.708315e-002
3.903281e+003,1.712171e-002
3.903762e+003,1.717623e-002
3.904245e+003,1.723454e-002
3.904727e+003,1.728254e-002
3.905209e+003,1.731122e-002
3.905691e+003,1.731949e-002
3.906173e+003,1.731117e-002
3.906655e+003,1.729291e-002
3.907137e+003,1.727176e-002
3.907620e+003,1.725140e-002
3.908102e+003,1.723299e-002
3.908584e+003,1.721745e-002
3.909066e+003,1.720689e-002
3.909548e+003,1.720377e-002
3.910030e+003,1.721257e-002
3.910512e+003,1.723328e-002
3.910994e+003,1.726473e-002
3.911477e+003,1.729880e-002
3.911959e+003,1.732398e-002
3.912441e+003,1.733044e-002
3.912923e+003,1.731175e-002
3.913405e+003,1.727196e-002
3.913887e+003,1.722051e-002
3.914369e+003,1.717311e-002
3.914851e+003,1.714626e-002
3.915333e+003,1.715348e-002
3.915816e+003,1.719911e-002
3.916298e+003,1.727529e-002
3.916780e+003,1.736749e-002
3.917262e+003,1.745879e-002
3.917744e+003,1.753544e-002
3.918226e+003,1.759151e-002
3.918708e+003,1.762700e-002
3.919190e+003,1.764452e-002
3.919673e+003,1.764551e-002
3.920155e+003,1.763206e-002
3.920637e+003,1.760785e-002
3.921119e+003,1.757785e-002
3.921601e+003,1.754942e-002
3.922083e+003,1.753070e-002
3.922565e+003,1.752892e-002
3.923048e+003,1.754578e-002
3.923530e+003,1.757775e-002
3.924012e+003,1.761459e-002
3.924494e+003,1.764514e-002
3.924976e+003,1.766137e-002
3.925458e+003,1.766248e-002
3.925940e+003,1.765348e-002
3.926422e+003,1.764408e-002
3.926905e+003,1.764125e-002
3.927387e+003,1.764881e-002
3.927869e+003,1.766715e-002
3.928351e+003,1.769339e-002
3.928833e+003,1.772371e-002
3.929315e+003,1.775482e-002
3.929797e+003,1.778555e-002
3.930279e+003,1.781576e-002
3.930761e+003,1.784533e-002
3.931244e+003,1.787147e-002
3.931726e+003,1.789117e-002
3.932208e+003,1.789876e-002
3.932690e+003,1.789253e-002
3.933172e+003,1.787247e-002
3.933654e+003,1.784120e-002
3.934136e+003,1.780308e-002
3.934618e+003,1.776364e-002
3.935101e+003,1.772655e-002
3.935583e+003,1.769434e-002
3.936065e+003,1.767107e-002
3.936547e+003,1.766006e-002
3.937029e+003,1.766248e-002
3.937511e+003,1.767796e-002
3.937993e+003,1.770372e-002
3.938476e+003,1.773345e-002
3.938958e+003,1.775989e-002
3.939440e+003,1.777736e-002
3.939922e+003,1.778402e-002
3.940404e+003,1.778237e-002
3.940886e+003,1.777848e-002
3.941368e+003,1.777893e-002
3.941850e+003,1.778810e-002
3.942333e+003,1.780335e-002
3.942815e+003,1.781688e-002
3.943297e+003,1.781879e-002
3.943779e+003,1.780301e-002
3.944261e+003,1.776914e-002
3.944743e+003,1.772377e-002
3.945225e+003,1.767614e-002
3.945707e+003,1.763630e-002
3.946189e+003,1.761124e-002
3.946672e+003,1.760427e-002
3.947154e+003,1.761343e-002
3.947636e+003,1.763487e-002
3.948118e+003,1.766293e-002
3.948600e+003,1.769483e-002
3.949082e+003,1.772674e-002
3.949564e+003,1.775852e-002
3.950046e+003,1.778767e-002
3.950529e+003,1.781166e-002
3.951011e+003,1.782508e-002
3.951493e+003,1.782738e-002
3.951975e+003,1.781897e-002
3.952457e+003,1.780421e-002
3.952939e+003,1.778838e-002
3.953421e+003,1.777772e-002
3.953904e+003,1.777605e-002
3.954385e+003,1.778298e-002
3.954868e+003,1.779627e-002
3.955350e+003,1.781194e-002
3.955832e+003,1.782736e-002
3.956314e+003,1.784198e-002
3.956796e+003,1.785502e-002
3.957278e+003,1.786713e-002
3.957760e+003,1.787819e-002
3.958243e+003,1.788461e-002
3.958725e+003,1.788440e-002
3.959207e+003,1.787504e-002
3.959689e+003,1.785840e-002
3.960171e+003,1.783909e-002
3.960653e+003,1.782217e-002
3.961135e+003,1.781399e-002
3.961617e+003,1.781484e-002
3.962100e+003,1.782443e-002
3.962582e+003,1.783536e-002
3.963064e+003,1.784151e-002
3.963546e+003,1.784129e-002
3.964028e+003,1.783364e-002
3.964510e+003,1.782214e-002
3.964992e+003,1.781103e-002
3.965474e+003,1.780430e-002
3.965957e+003,1.780288e-002
3.966439e+003,1.780611e-002
3.966921e+003,1.781159e-002
3.967403e+003,1.782053e-002
3.967885e+003,1.783346e-002
3.968367e+003,1.785236e-002
3.968849e+003,1.788031e-002
3.969332e+003,1.791823e-002
3.969813e+003,1.796281e-002
3.970296e+003,1.801018e-002
3.970778e+003,1.805478e-002
3.971260e+003,1.809235e-002
3.971742e+003,1.812167e-002
3.972224e+003,1.814356e-002
3.972706e+003,1.816012e-002
3.973188e+003,1.817430e-002
3.973671e+003,1.818635e-002
3.974153e+003,1.819761e-002
3.974635e+003,1.820740e-002
3.975117e+003,1.821653e-002
3.975599e+003,1.822580e-002
3.976081e+003,1.823560e-002
3.976563e+003,1.824593e-002
3.977045e+003,1.825414e-002
3.977528e+003,1.825688e-002
3.978010e+003,1.825164e-002
3.978492e+003,1.823773e-002
3.978974e+003,1.821902e-002
3.979456e+003,1.819937e-002
3.979938e+003,1.818585e-002
3.980420e+003,1.818286e-002
3.980902e+003,1.819079e-002
3.981385e+003,1.820659e-002
3.981867e+003,1.822613e-002
3.982349e+003,1.824394e-002
3.982831e+003,1.825869e-002
3.983313e+003,1.827050e-002
3.983795e+003,1.828205e-002
3.984277e+003,1.829600e-002
3.984760e+003,1.831236e-002
3.985242e+003,1.832846e-002
3.985724e+003,1.834068e-002
3.986206e+003,1.834597e-002
3.986688e+003,1.834405e-002
3.987170e+003,1.833839e-002
3.987652e+003,1.833313e-002
3.988134e+003,1.833214e-002
3.988616e+003,1.833636e-002
3.989099e+003,1.834259e-002
3.989581e+003,1.834574e-002
3.990063e+003,1.834048e-002
3.990545e+003,1.832612e-002
3.991027e+003,1.830588e-002
3.991509e+003,1.828698e-002
3.991991e+003,1.827635e-002
3.992473e+003,1.827963e-002
3.992956e+003,1.829561e-002
3.993438e+003,1.832082e-002
3.993920e+003,1.834590e-002
3.994402e+003,1.836443e-002
3.994884e+003,1.837093e-002
3.995366e+003,1.836351e-002
3.995848e+003,1.834405e-002
3.996330e+003,1.831629e-002
3.996813e+003,1.828290e-002
3.997295e+003,1.824642e-002
3.997777e+003,1.820954e-002
3.998259e+003,1.817532e-002
3.998741e+003,1.814632e-002
3.999223e+003,1.812775e-002
3.999705e+003,1.812324e-002
4.000188e+003,1.813453e-002
