3.996813e+002,0.000000e+000
4.001635e+002,3.031470e-002
4.006456e+002,3.089606e-002
4.011277e+002,3.149007e-002
4.016098e+002,3.203083e-002
4.020919e+002,3.246667e-002
4.025741e+002,3.278367e-002
4.030562e+002,3.301231e-002
4.035383e+002,3.320265e-002
4.040204e+002,3.339792e-002
4.045026e+002,3.360777e-002
4.049847e+002,3.380666e-002
4.054668e+002,3.394883e-002
4.059489e+002,3.400175e-002
4.064311e+002,3.397301e-002
4.069132e+002,3.391650e-002
4.073953e+002,3.390531e-002
4.078774e+002,3.399727e-002
4.083596e+002,3.420674e-002
4.088417e+002,3.450153e-002
4.093238e+002,3.481738e-002
4.098059e+002,3.508924e-002
4.102881e+002,3.528151e-002
4.107702e+002,3.540403e-002
4.112523e+002,3.549635e-002
4.117344e+002,3.559825e-002
4.122166e+002,3.572166e-002
4.126987e+002,3.584337e-002
4.131808e+002,3.591766e-002
4.136629e+002,3.590510e-002
4.141451e+002,3.579745e-002
4.146272e+002,3.562472e-002
4.151093e+002,3.543588e-002
4.155914e+002,3.527218e-002
4.160736e+002,3.514656e-002
4.165557e+002,3.503909e-002
4.170378e+002,3.490521e-002
4.175200e+002,3.470280e-002
4.180021e+002,3.443569e-002
4.184842e+002,3.419558e-002
4.189663e+002,3.412774e-002
4.194484e+002,3.432001e-002
4.199306e+002,3.472400e-002
4.204127e+002,3.520779e-002
4.208948e+002,3.564490e-002
4.213770e+002,3.596590e-002
4.218591e+002,3.616329e-002
4.223412e+002,3.627634e-002
4.228233e+002,3.636442e-002
4.233055e+002,3.648042e-002
4.237876e+002,3.664547e-002
4.242697e+002,3.684125e-002
4.247518e+002,3.702162e-002
4.252339e+002,3.714443e-002
4.257161e+002,3.719828e-002
4.261982e+002,3.721214e-002
4.266803e+002,3.723498e-002
4.271624e+002,3.730881e-002
4.276446e+002,3.744385e-002
4.281267e+002,3.761618e-002
4.286088e+002,3.777738e-002
4.290909e+002,3.788086e-002
4.295731e+002,3.790456e-002
4.300552e+002,3.786471e-002
4.305373e+002,3.780486e-002
4.310194e+002,3.777264e-002
4.315016e+002,3.779292e-002
4.319837e+002,3.785903e-002
4.324658e+002,3.794008e-002
4.329479e+002,3.800422e-002
4.334301e+002,3.803960e-002
4.339122e+002,3.806449e-002
4.343943e+002,3.811682e-002
4.348764e+002,3.823395e-002
4.353586e+002,3.842789e-002
4.358407e+002,3.867527e-002
4.363228e+002,3.892367e-002
4.368049e+002,3.911870e-002
4.372870e+002,3.923115e-002
4.377692e+002,3.927171e-002
4.382513e+002,3.927715e-002
4.387334e+002,3.928770e-002
4.392155e+002,3.932448e-002
4.396977e+002,3.938383e-002
4.401798e+002,3.944353e-002
4.406619e+002,3.948032e-002
4.411440e+002,3.948803e-002
4.416262e+002,3.948823e-002
4.421083e+002,3.952136e-002
4.425904e+002,3.962482e-002
4.430725e+002,3.980808e-002
4.435547e+002,4.004500e-002
4.440368e+002,4.028583e-002
4.445189e+002,4.048265e-002
4.450010e+002,4.061256e-002
4.454832e+002,4.068680e-002
4.459653e+002,4.074067e-002
4.464474e+002,4.081297e-002
4.469295e+002,4.092465e-002
4.474117e+002,4.106947e-002
4.478938e+002,4.121917e-002
4.483759e+002,4.134173e-002
4.488580e+002,4.142058e-002
4.493401e+002,4.146463e-002
4.498223e+002,4.150068e-002
4.503044e+002,4.155951e-002
4.507865e+002,4.165975e-002
4.512687e+002,4.180061e-002
4.517508e+002,4.196302e-002
4.522329e+002,4.212208e-002
4.527150e+002,4.226160e-002
4.531971e+002,4.238391e-002
4.536793e+002,4.250398e-002
4.541614e+002,4.263625e-002
4.546435e+002,4.278040e-002
4.551257e+002,4.291942e-002
4.556078e+002,4.302514e-002
4.560899e+002,4.307428e-002
4.565720e+002,4.306593e-002
4.570542e+002,4.303275e-002
4.575363e+002,4.303087e-002
4.580184e+002,4.310784e-002
4.585005e+002,4.327081e-002
4.589827e+002,4.348354e-002
4.594648e+002,4.369048e-002
4.599469e+002,4.384986e-002
4.604290e+002,4.395107e-002
4.609112e+002,4.401531e-002
4.613933e+002,4.407971e-002
4.618754e+002,4.417746e-002
4.623575e+002,4.431814e-002
4.628397e+002,4.448343e-002
4.633218e+002,4.463455e-002
4.638039e+002,4.473539e-002
4.642860e+002,4.477097e-002
4.647682e+002,4.475613e-002
4.652503e+002,4.472500e-002
4.657324e+002,4.471401e-002
4.662145e+002,4.474344e-002
4.666967e+002,4.480929e-002
4.671788e+002,4.488824e-002
4.676609e+002,4.495355e-002
4.681430e+002,4.499334e-002
4.686252e+002,4.501912e-002
4.691073e+002,4.505794e-002
4.695894e+002,4.513651e-002
4.700715e+002,4.526500e-002
4.705536e+002,4.543186e-002
4.710358e+002,4.560817e-002
4.715179e+002,4.576408e-002
4.720000e+002,4.588479e-002
4.724821e+002,4.598285e-002
4.729643e+002,4.608729e-002
4.734464e+002,4.622162e-002
4.739285e+002,4.638379e-002
4.744106e+002,4.654572e-002
4.748928e+002,4.666914e-002
4.753749e+002,4.672725e-002
4.758570e+002,4.671864e-002
4.763391e+002,4.667057e-002
4.768213e+002,4.662700e-002
4.773034e+002,4.662919e-002
4.777855e+002,4.669515e-002
4.782676e+002,4.681309e-002
4.787498e+002,4.694900e-002
4.792319e+002,4.706619e-002
4.797140e+002,4.714407e-002
4.801961e+002,4.718790e-002
4.806783e+002,4.722089e-002
4.811604e+002,4.726969e-002
4.816425e+002,4.734606e-002
4.821246e+002,4.744142e-002
4.826068e+002,4.753144e-002
4.830889e+002,4.759279e-002
4.835710e+002,4.761958e-002
4.840531e+002,4.763087e-002
4.845352e+002,4.766035e-002
4.850174e+002,4.773796e-002
4.854995e+002,4.787020e-002
4.859816e+002,4.803618e-002
4.864637e+002,4.819875e-002
4.869459e+002,4.832442e-002
4.874280e+002,4.839974e-002
4.879101e+002,4.843711e-002
4.883922e+002,4.846441e-002
4.888744e+002,4.850894e-002
4.893565e+002,4.858042e-002
4.898386e+002,4.866562e-002
4.903207e+002,4.873474e-002
4.908029e+002,4.875968e-002
4.912850e+002,4.873089e-002
4.917671e+002,4.866705e-002
4.922492e+002,4.860602e-002
4.927314e+002,4.858622e-002
4.932135e+002,4.862662e-002
4.936956e+002,4.871967e-002
4.941777e+002,4.883847e-002
4.946599e+002,4.895446e-002
4.951420e+002,4.905225e-002
4.956241e+002,4.913678e-002
4.961062e+002,4.922573e-002
4.965884e+002,4.933567e-002
4.970705e+002,4.946740e-002
4.975526e+002,4.960218e-002
4.980347e+002,4.970876e-002
4.985169e+002,4.976125e-002
4.989990e+002,4.975265e-002
4.994811e+002,4.970182e-002
4.999633e+002,4.964520e-002
5.004454e+002,4.962309e-002
5.009275e+002,4.966100e-002
5.014096e+002,4.976000e-002
5.018917e+002,4.989667e-002
5.023739e+002,5.003735e-002
5.028560e+002,5.015692e-002
5.033381e+002,5.025170e-002
5.038203e+002,5.033547e-002
5.043024e+002,5.042708e-002
5.047845e+002,5.053513e-002
5.052666e+002,5.065399e-002
5.057487e+002,5.076696e-002
5.062309e+002,5.085875e-002
5.067130e+002,5.092588e-002
5.071951e+002,5.098217e-002
5.076772e+002,5.105068e-002
5.081594e+002,5.114998e-002
5.086415e+002,5.128110e-002
5.091236e+002,5.142565e-002
5.096057e+002,5.155465e-002
5.100879e+002,5.164450e-002
5.105700e+002,5.168953e-002
5.110521e+002,5.170765e-002
5.115342e+002,5.173055e-002
5.120164e+002,5.178903e-002
5.124985e+002,5.189654e-002
5.129806e+002,5.204410e-002
5.134627e+002,5.220546e-002
5.139448e+002,5.235251e-002
5.144270e+002,5.246915e-002
5.149091e+002,5.255970e-002
5.153912e+002,5.264480e-002
5.158734e+002,5.275011e-002
5.163555e+002,5.288983e-002
5.168376e+002,5.305801e-002
5.173197e+002,5.323040e-002
5.178019e+002,5.337854e-002
5.182840e+002,5.348594e-002
5.187661e+002,5.355766e-002
5.192482e+002,5.361440e-002
5.197303e+002,5.367872e-002
5.202125e+002,5.376021e-002
5.206946e+002,5.385108e-002
5.211767e+002,5.393158e-002
5.216588e+002,5.398314e-002
5.221410e+002,5.399958e-002
5.226231e+002,5.399122e-002
5.231052e+002,5.397955e-002
5.235873e+002,5.398664e-002
5.240695e+002,5.402330e-002
5.245516e+002,5.408411e-002
5.250337e+002,5.414908e-002
5.255159e+002,5.419495e-002
5.259980e+002,5.420762e-002
5.264801e+002,5.419023e-002
5.269622e+002,5.415859e-002
5.274443e+002,5.413013e-002
5.279265e+002,5.411179e-002
5.284086e+002,5.409781e-002
5.288907e+002,5.407510e-002
5.293728e+002,5.403369e-002
5.298550e+002,5.397444e-002
5.303371e+002,5.391103e-002
5.308192e+002,5.386316e-002
5.313013e+002,5.384636e-002
5.317834e+002,5.386245e-002
5.322656e+002,5.389793e-002
5.327477e+002,5.393082e-002
5.332299e+002,5.394322e-002
5.337120e+002,5.393078e-002
5.341941e+002,5.390603e-002
5.346762e+002,5.389084e-002
5.351583e+002,5.390460e-002
5.356404e+002,5.395235e-002
5.361226e+002,5.402204e-002
5.366047e+002,5.408980e-002
5.370868e+002,5.413353e-002
5.375690e+002,5.414390e-002
5.380511e+002,5.412979e-002
5.385332e+002,5.411175e-002
5.390153e+002,5.411202e-002
5.394974e+002,5.414205e-002
5.399796e+002,5.419858e-002
5.404617e+002,5.426692e-002
5.409438e+002,5.433130e-002
5.414260e+002,5.438330e-002
5.419081e+002,5.442639e-002
5.423902e+002,5.447158e-002
5.428723e+002,5.452900e-002
5.433544e+002,5.459880e-002
5.438365e+002,5.466989e-002
5.443187e+002,5.472457e-002
5.448008e+002,5.474920e-002
5.452830e+002,5.474330e-002
5.457651e+002,5.472188e-002
5.462472e+002,5.470829e-002
5.467293e+002,5.472302e-002
5.472114e+002,5.477112e-002
5.476936e+002,5.484148e-002
5.481757e+002,5.491238e-002
5.486578e+002,5.496537e-002
5.491400e+002,5.499464e-002
5.496221e+002,5.501130e-002
5.501042e+002,5.503606e-002
5.505863e+002,5.508735e-002
5.510684e+002,5.516969e-002
5.515505e+002,5.527112e-002
5.520327e+002,5.536788e-002
5.525148e+002,5.543835e-002
5.529969e+002,5.547281e-002
5.534791e+002,5.547909e-002
5.539612e+002,5.547704e-002
5.544433e+002,5.548838e-002
5.549254e+002,5.552418e-002
5.554076e+002,5.558081e-002
5.558896e+002,5.564268e-002
5.563718e+002,5.569315e-002
5.568539e+002,5.572420e-002
5.573361e+002,5.574113e-002
5.578182e+002,5.575841e-002
5.583003e+002,5.579100e-002
5.587825e+002,5.584456e-002
5.592645e+002,5.591227e-002
5.597467e+002,5.597871e-002
5.602288e+002,5.602992e-002
5.607109e+002,5.606132e-002
5.611931e+002,5.608199e-002
5.616752e+002,5.610850e-002
5.621573e+002,5.615653e-002
5.626394e+002,5.623067e-002
5.631216e+002,5.632177e-002
5.636037e+002,5.641197e-002
5.640858e+002,5.648510e-002
5.645679e+002,5.653560e-002
5.650500e+002,5.657303e-002
5.655322e+002,5.661612e-002
5.660143e+002,5.668305e-002
5.664965e+002,5.678114e-002
5.669785e+002,5.690244e-002
5.674607e+002,5.702716e-002
5.679428e+002,5.713488e-002
5.684249e+002,5.721425e-002
5.689070e+002,5.726944e-002
5.693892e+002,5.731571e-002
5.698713e+002,5.737022e-002
5.703534e+002,5.744155e-002
5.708356e+002,5.752536e-002
5.713177e+002,5.760745e-002
5.717998e+002,5.767277e-002
5.722819e+002,5.771408e-002
5.727640e+002,5.773577e-002
5.732462e+002,5.775044e-002
5.737283e+002,5.777135e-002
5.742104e+002,5.780387e-002
5.746925e+002,5.784240e-002
5.751747e+002,5.787300e-002
5.756568e+002,5.788215e-002
5.761389e+002,5.786447e-002
5.766210e+002,5.782720e-002
5.771031e+002,5.778490e-002
5.775853e+002,5.775186e-002
5.780674e+002,5.773256e-002
5.785496e+002,5.772161e-002
5.790317e+002,5.770686e-002
5.795138e+002,5.767841e-002
5.799959e+002,5.763552e-002
5.804780e+002,5.758806e-002
5.809601e+002,5.755110e-002
5.814423e+002,5.753614e-002
5.819244e+002,5.754266e-002
5.824066e+002,5.755788e-002
5.828887e+002,5.756230e-002
5.833708e+002,5.754118e-002
5.838529e+002,5.749162e-002
5.843350e+002,5.742538e-002
5.848171e+002,5.736260e-002
5.852993e+002,5.732199e-002
5.857814e+002,5.731063e-002
5.862635e+002,5.732179e-002
5.867457e+002,5.733862e-002
5.872278e+002,5.734546e-002
5.877099e+002,5.733515e-002
5.881920e+002,5.731311e-002
5.886741e+002,5.729243e-002
5.891563e+002,5.728644e-002
5.896384e+002,5.730019e-002
5.901205e+002,5.732761e-002
5.906027e+002,5.735517e-002
5.910848e+002,5.737097e-002
5.915669e+002,5.737175e-002
5.920490e+002,5.736656e-002
5.925311e+002,5.737086e-002
5.930133e+002,5.739815e-002
5.934954e+002,5.745032e-002
5.939775e+002,5.751728e-002
5.944597e+002,5.758189e-002
5.949418e+002,5.763002e-002
5.954239e+002,5.765769e-002
5.959060e+002,5.767381e-002
5.963882e+002,5.769460e-002
5.968702e+002,5.773529e-002
5.973524e+002,5.780090e-002
5.978345e+002,5.788434e-002
5.983167e+002,5.796980e-002
5.987988e+002,5.804218e-002
5.992809e+002,5.809441e-002
5.997630e+002,5.813146e-002
6.002451e+002,5.816593e-002
6.007273e+002,5.821022e-002
6.012094e+002,5.826814e-002
6.016915e+002,5.833262e-002
6.021736e+002,5.839027e-002
6.026558e+002,5.842978e-002
6.031379e+002,5.844845e-002
6.036200e+002,5.845487e-002
6.041022e+002,5.846363e-002
6.045842e+002,5.848768e-002
6.050664e+002,5.853024e-002
6.055485e+002,5.858336e-002
6.060306e+002,5.863203e-002
6.065128e+002,5.866349e-002
6.069949e+002,5.867427e-002
6.074770e+002,5.867270e-002
6.079591e+002,5.867364e-002
6.084413e+002,5.869028e-002
6.089234e+002,5.872596e-002
6.094055e+002,5.877173e-002
6.098876e+002,5.881128e-002
6.103698e+002,5.883009e-002
6.108519e+002,5.882309e-002
6.113340e+002,5.879830e-002
6.118162e+002,5.877171e-002
6.122983e+002,5.875919e-002
6.127804e+002,5.876755e-002
6.132625e+002,5.879134e-002
6.137446e+002,5.881599e-002
6.142267e+002,5.882628e-002
6.147089e+002,5.881407e-002
6.151910e+002,5.878257e-002
6.156731e+002,5.874332e-002
6.161553e+002,5.871029e-002
6.166374e+002,5.869127e-002
6.171195e+002,5.868509e-002
6.176016e+002,5.868309e-002
6.180837e+002,5.867640e-002
6.185659e+002,5.866163e-002
6.190480e+002,5.864304e-002
6.195302e+002,5.862968e-002
6.200123e+002,5.862935e-002
6.204944e+002,5.864241e-002
6.209765e+002,5.866124e-002
6.214586e+002,5.867299e-002
6.219407e+002,5.866758e-002
6.224229e+002,5.864207e-002
6.229050e+002,5.860344e-002
6.233871e+002,5.856322e-002
6.238693e+002,5.853193e-002
6.243514e+002,5.851187e-002
6.248335e+002,5.849623e-002
6.253156e+002,5.847254e-002
6.257977e+002,5.843122e-002
6.262798e+002,5.837072e-002
6.267620e+002,5.830012e-002
6.272441e+002,5.823340e-002
6.277263e+002,5.818279e-002
6.282084e+002,5.815167e-002
6.286905e+002,5.813336e-002
6.291726e+002,5.811497e-002
6.296547e+002,5.808498e-002
6.301368e+002,5.803893e-002
6.306190e+002,5.798232e-002
6.311011e+002,5.792566e-002
6.315833e+002,5.787935e-002
6.320654e+002,5.784606e-002
6.325475e+002,5.781977e-002
6.330296e+002,5.778937e-002
6.335117e+002,5.774515e-002
6.339939e+002,5.768524e-002
6.344760e+002,5.761687e-002
6.349581e+002,5.755236e-002
6.354402e+002,5.750223e-002
6.359224e+002,5.746822e-002
6.364045e+002,5.744261e-002
6.368866e+002,5.741194e-002
6.373687e+002,5.736571e-002
6.378508e+002,5.730147e-002
6.383330e+002,5.722712e-002
6.388151e+002,5.715604e-002
6.392972e+002,5.710054e-002
6.397794e+002,5.706418e-002
6.402615e+002,5.704079e-002
6.407436e+002,5.701747e-002
6.412257e+002,5.698257e-002
6.417079e+002,5.693181e-002
6.421899e+002,5.687080e-002
6.426721e+002,5.681124e-002
6.431542e+002,5.676454e-002
6.436364e+002,5.673530e-002
6.441185e+002,5.671977e-002
6.446006e+002,5.670829e-002
6.450827e+002,5.669267e-002
6.455648e+002,5.667103e-002
6.460470e+002,5.664960e-002
6.465291e+002,5.663877e-002
6.470112e+002,5.664607e-002
6.474933e+002,5.667086e-002
6.479755e+002,5.670303e-002
6.484576e+002,5.672783e-002
6.489397e+002,5.673416e-002
6.494219e+002,5.672095e-002
6.499040e+002,5.669862e-002
6.503861e+002,5.668378e-002
6.508682e+002,5.669067e-002
6.513503e+002,5.672397e-002
6.518325e+002,5.677598e-002
6.523146e+002,5.683122e-002
6.527968e+002,5.687499e-002
6.532788e+002,5.690026e-002
6.537610e+002,5.691157e-002
6.542431e+002,5.692031e-002
6.547252e+002,5.693862e-002
6.552073e+002,5.697166e-002
6.556895e+002,5.701500e-002
6.561716e+002,5.705771e-002
6.566537e+002,5.708973e-002
6.571359e+002,5.710753e-002
6.576179e+002,5.711648e-002
6.581001e+002,5.712701e-002
6.585822e+002,5.714803e-002
6.590643e+002,5.718034e-002
6.595464e+002,5.721594e-002
6.600286e+002,5.724150e-002
6.605107e+002,5.724692e-002
6.609928e+002,5.723014e-002
6.614750e+002,5.719914e-002
6.619571e+002,5.716653e-002
6.624392e+002,5.714239e-002
6.629213e+002,5.712793e-002
6.634034e+002,5.711430e-002
6.638856e+002,5.708762e-002
6.643677e+002,5.703633e-002
6.648499e+002,5.695673e-002
6.653320e+002,5.685458e-002
6.658141e+002,5.674221e-002
6.662962e+002,5.663488e-002
6.667783e+002,5.654560e-002
6.672605e+002,5.648045e-002
6.677426e+002,5.643408e-002
6.682247e+002,5.639368e-002
6.687068e+002,5.634827e-002
6.691890e+002,5.629811e-002
6.696711e+002,5.624954e-002
6.701532e+002,5.620726e-002
6.706353e+002,5.616893e-002
6.711174e+002,5.612756e-002
6.715996e+002,5.607491e-002
6.720817e+002,5.600707e-002
6.725638e+002,5.592678e-002
6.730460e+002,5.584370e-002
6.735281e+002,5.576999e-002
6.740102e+002,5.571418e-002
6.744923e+002,5.567579e-002
6.749745e+002,5.564598e-002
6.754565e+002,5.561187e-002
6.759387e+002,5.556476e-002
6.764208e+002,5.550469e-002
6.769030e+002,5.544117e-002
6.773851e+002,5.538708e-002
6.778672e+002,5.535142e-002
6.783493e+002,5.533301e-002
6.788314e+002,5.532091e-002
6.793136e+002,5.529981e-002
6.797957e+002,5.525900e-002
6.802778e+002,5.519816e-002
6.807599e+002,5.512848e-002
6.812421e+002,5.506628e-002
6.817242e+002,5.502458e-002
6.822063e+002,5.500606e-002
6.826885e+002,5.500237e-002
6.831705e+002,5.499894e-002
6.836527e+002,5.498415e-002
6.841348e+002,5.495537e-002
6.846169e+002,5.492091e-002
6.850991e+002,5.489461e-002
6.855812e+002,5.488811e-002
6.860634e+002,5.490322e-002
6.865454e+002,5.493207e-002
6.870276e+002,5.496091e-002
6.875096e+002,5.497916e-002
6.879918e+002,5.498558e-002
6.884739e+002,5.499042e-002
6.889561e+002,5.500969e-002
6.894382e+002,5.505694e-002
6.899203e+002,5.513600e-002
6.904025e+002,5.523964e-002
6.908845e+002,5.535422e-002
6.913667e+002,5.546818e-002
6.918488e+002,5.557849e-002
6.923309e+002,5.569246e-002
6.928130e+002,5.582230e-002
6.932952e+002,5.597804e-002
6.937773e+002,5.616016e-002
6.942594e+002,5.635828e-002
6.947416e+002,5.655591e-002
6.952236e+002,5.673950e-002
6.957058e+002,5.690449e-002
6.961879e+002,5.705823e-002
6.966700e+002,5.721403e-002
6.971522e+002,5.738359e-002
6.976343e+002,5.756838e-002
6.981165e+002,5.775880e-002
6.985985e+002,5.793847e-002
6.990807e+002,5.809381e-002
6.995628e+002,5.822143e-002
7.000449e+002,5.833057e-002
7.005270e+002,5.843731e-002
7.010092e+002,5.855564e-002
7.014913e+002,5.868897e-002
7.019734e+002,5.882857e-002
7.024556e+002,5.895853e-002
7.029377e+002,5.906587e-002
7.034198e+002,5.914935e-002
7.039019e+002,5.922173e-002
7.043840e+002,5.930476e-002
7.048662e+002,5.941859e-002
7.053483e+002,5.957283e-002
7.058304e+002,5.976358e-002
7.063125e+002,5.997875e-002
7.067947e+002,6.020909e-002
7.072768e+002,6.045704e-002
7.077589e+002,6.073931e-002
7.082410e+002,6.108139e-002
7.087231e+002,6.150743e-002
7.092053e+002,6.203111e-002
7.096874e+002,6.265463e-002
7.101696e+002,6.337597e-002
7.106517e+002,6.420197e-002
7.111338e+002,6.515817e-002
7.116159e+002,6.629243e-002
7.120980e+002,6.766634e-002
7.125802e+002,6.934127e-002
7.130623e+002,7.136410e-002
7.135444e+002,7.376112e-002
7.140265e+002,7.654104e-002
7.145087e+002,7.970418e-002
7.149908e+002,8.324642e-002
7.154729e+002,8.715235e-002
7.159550e+002,9.136926e-002
7.164371e+002,9.576935e-002
7.169193e+002,1.001129e-001
7.174014e+002,1.040332e-001
7.178835e+002,1.070644e-001
7.183657e+002,1.087252e-001
7.188478e+002,1.086424e-001
7.193299e+002,1.066768e-001
7.198120e+002,1.029882e-001
7.202942e+002,9.800718e-002
7.207762e+002,9.232115e-002
7.212584e+002,8.653192e-002
7.217405e+002,8.113763e-002
7.222227e+002,7.646983e-002
7.227048e+002,7.268555e-002
7.231869e+002,6.979924e-002
7.236691e+002,6.773362e-002
7.241511e+002,6.637494e-002
7.246333e+002,6.561790e-002
7.251154e+002,6.539521e-002
7.255975e+002,6.568886e-002
7.260797e+002,6.652246e-002
7.265618e+002,6.793690e-002
7.270439e+002,6.995421e-002
7.275260e+002,7.253522e-002
7.280082e+002,7.554156e-002
7.284902e+002,7.871248e-002
7.289724e+002,8.167065e-002
7.294545e+002,8.396763e-002
7.299366e+002,8.517072e-002
7.304188e+002,8.497037e-002
7.309009e+002,8.327157e-002
7.313831e+002,8.022515e-002
7.318651e+002,7.618743e-002
7.323473e+002,7.162599e-002
7.328293e+002,6.701214e-002
7.333115e+002,6.273323e-002
7.337936e+002,5.904352e-002
7.342758e+002,5.605225e-002
7.347579e+002,5.374528e-002
7.352400e+002,5.202689e-002
7.357222e+002,5.076696e-002
7.362042e+002,4.983930e-002
7.366864e+002,4.914415e-002
7.371685e+002,4.861177e-002
7.376506e+002,4.819682e-002
7.381328e+002,4.786747e-002
7.386149e+002,4.759886e-002
7.390970e+002,4.737085e-002
7.395791e+002,4.716977e-002
7.400613e+002,4.698973e-002
7.405434e+002,4.683102e-002
7.410255e+002,4.669684e-002
7.415076e+002,4.658835e-002
7.419897e+002,4.650138e-002
7.424719e+002,4.642709e-002
7.429540e+002,4.635565e-002
7.434362e+002,4.628071e-002
7.439182e+002,4.620171e-002
7.444004e+002,4.612359e-002
7.448825e+002,4.605294e-002
7.453646e+002,4.599460e-002
7.458467e+002,4.594755e-002
7.463289e+002,4.590602e-002
7.468110e+002,4.586140e-002
7.472931e+002,4.580674e-002
7.477753e+002,4.573895e-002
7.482574e+002,4.565950e-002
7.487395e+002,4.557277e-002
7.492216e+002,4.548319e-002
7.497037e+002,4.539352e-002
7.501859e+002,4.530397e-002
7.506680e+002,4.521369e-002
7.511501e+002,4.512224e-002
7.516322e+002,4.503134e-002
7.521144e+002,4.494403e-002
7.525965e+002,4.486344e-002
7.530786e+002,4.479115e-002
7.535608e+002,4.472579e-002
7.540428e+002,4.466357e-002
7.545250e+002,4.459952e-002
7.550071e+002,4.453064e-002
7.554893e+002,4.445636e-002
7.559714e+002,4.437884e-002
7.564535e+002,4.430138e-002
7.569356e+002,4.422681e-002
7.574177e+002,4.415592e-002
7.578999e+002,4.408723e-002
7.583820e+002,4.401771e-002
7.588641e+002,4.394566e-002
7.593463e+002,4.386999e-002
7.598284e+002,4.379207e-002
7.603105e+002,4.371363e-002
7.607926e+002,4.363630e-002
7.612748e+002,4.355997e-002
7.617568e+002,4.348312e-002
7.622390e+002,4.340305e-002
7.627211e+002,4.331801e-002
7.632032e+002,4.322738e-002
7.636854e+002,4.313193e-002
7.641675e+002,4.303352e-002
7.646496e+002,4.293369e-002
7.651317e+002,4.283235e-002
7.656139e+002,4.272863e-002
7.660959e+002,4.262041e-002
7.665781e+002,4.250687e-002
7.670602e+002,4.238823e-002
7.675424e+002,4.226643e-002
7.680245e+002,4.214418e-002
7.685066e+002,4.202398e-002
7.689888e+002,4.190696e-002
7.694708e+002,4.179226e-002
7.699530e+002,4.167790e-002
7.704351e+002,4.156250e-002
7.709172e+002,4.144561e-002
7.713994e+002,4.132871e-002
7.718815e+002,4.121418e-002
7.723636e+002,4.110475e-002
7.728457e+002,4.100148e-002
7.733279e+002,4.090336e-002
7.738099e+002,4.080731e-002
7.742921e+002,4.071042e-002
7.747742e+002,4.061001e-002
7.752563e+002,4.050573e-002
7.757385e+002,4.039877e-002
7.762206e+002,4.029183e-002
7.767028e+002,4.018694e-002
7.771848e+002,4.008545e-002
7.776670e+002,3.998688e-002
7.781491e+002,3.989056e-002
7.786312e+002,3.979567e-002
7.791133e+002,3.970234e-002
7.795955e+002,3.961112e-002
7.800776e+002,3.952305e-002
7.805597e+002,3.943812e-002
7.810419e+002,3.935520e-002
7.815239e+002,3.927205e-002
7.820061e+002,3.918692e-002
7.824882e+002,3.909919e-002
7.829703e+002,3.901036e-002
7.834525e+002,3.892321e-002
7.839346e+002,3.884162e-002
7.844167e+002,3.876761e-002
7.848988e+002,3.870153e-002
7.853810e+002,3.864099e-002
7.858631e+002,3.858319e-002
7.863452e+002,3.852507e-002
7.868273e+002,3.846602e-002
7.873094e+002,3.840704e-002
7.877916e+002,3.835027e-002
7.882737e+002,3.829761e-002
7.887559e+002,3.824882e-002
7.892380e+002,3.820167e-002
7.897201e+002,3.815289e-002
7.902022e+002,3.809905e-002
7.906843e+002,3.803880e-002
7.911665e+002,3.797312e-002
7.916486e+002,3.790539e-002
7.921307e+002,3.783912e-002
7.926128e+002,3.777733e-002
7.930950e+002,3.772100e-002
7.935771e+002,3.766942e-002
7.940592e+002,3.762075e-002
7.945413e+002,3.757311e-002
7.950234e+002,3.752489e-002
7.955056e+002,3.747581e-002
7.959877e+002,3.742502e-002
7.964698e+002,3.737181e-002
7.969520e+002,3.731469e-002
7.974341e+002,3.725316e-002
7.979162e+002,3.718780e-002
7.983983e+002,3.712105e-002
7.988805e+002,3.705706e-002
7.993625e+002,3.700039e-002
7.998447e+002,3.695405e-002
8.003268e+002,3.691842e-002
8.008090e+002,3.689057e-002
8.012911e+002,3.686619e-002
8.017732e+002,3.684077e-002
8.022553e+002,3.681172e-002
8.027374e+002,3.677888e-002
8.032196e+002,3.674450e-002
8.037017e+002,3.671157e-002
8.041838e+002,3.668180e-002
8.046660e+002,3.665452e-002
8.051481e+002,3.662803e-002
8.056302e+002,3.659938e-002
8.061123e+002,3.656697e-002
8.065945e+002,3.653013e-002
8.070765e+002,3.649074e-002
8.075587e+002,3.645036e-002
8.080408e+002,3.640995e-002
8.085229e+002,3.636835e-002
8.090051e+002,3.632363e-002
8.094872e+002,3.627316e-002
8.099694e+002,3.621561e-002
8.104514e+002,3.615205e-002
8.109336e+002,3.608552e-002
8.114156e+002,3.602012e-002
8.118978e+002,3.595982e-002
8.123799e+002,3.590674e-002
8.128621e+002,3.586115e-002
8.133442e+002,3.582223e-002
8.138263e+002,3.578864e-002
8.143085e+002,3.575895e-002
8.147905e+002,3.573265e-002
8.152727e+002,3.570879e-002
8.157548e+002,3.568630e-002
8.162369e+002,3.566347e-002
8.167191e+002,3.563935e-002
8.172012e+002,3.561324e-002
8.176833e+002,3.558663e-002
8.181654e+002,3.556180e-002
8.186476e+002,3.554180e-002
8.191296e+002,3.552884e-002
8.196118e+002,3.552349e-002
8.200939e+002,3.552488e-002
8.205760e+002,3.553150e-002
8.210582e+002,3.554215e-002
8.215403e+002,3.555713e-002
8.220225e+002,3.557725e-002
8.225045e+002,3.560361e-002
8.229867e+002,3.563528e-002
8.234688e+002,3.566923e-002
8.239509e+002,3.570037e-002
8.244330e+002,3.572395e-002
8.249152e+002,3.573665e-002
8.253973e+002,3.573908e-002
8.258794e+002,3.573447e-002
8.263616e+002,3.572844e-002
8.268437e+002,3.572529e-002
8.273258e+002,3.572715e-002
8.278079e+002,3.573238e-002
8.282900e+002,3.573795e-002
8.287722e+002,3.574056e-002
8.292543e+002,3.573916e-002
8.297365e+002,3.573580e-002
8.302185e+002,3.573448e-002
8.307007e+002,3.573937e-002
8.311828e+002,3.575221e-002
8.316649e+002,3.577140e-002
8.321470e+002,3.579304e-002
8.326292e+002,3.581155e-002
8.331113e+002,3.582330e-002
8.335934e+002,3.582649e-002
8.340756e+002,3.582240e-002
8.345577e+002,3.581327e-002
8.350398e+002,3.580174e-002
8.355219e+002,3.578874e-002
8.360040e+002,3.577475e-002
8.364862e+002,3.575984e-002
8.369683e+002,3.574514e-002
8.374504e+002,3.573258e-002
8.379325e+002,3.572500e-002
8.384147e+002,3.572364e-002
8.388968e+002,3.572790e-002
8.393789e+002,3.573414e-002
8.398610e+002,3.573791e-002
8.403431e+002,3.573494e-002
8.408253e+002,3.572320e-002
8.413074e+002,3.570336e-002
8.417896e+002,3.567871e-002
8.422717e+002,3.565226e-002
8.427538e+002,3.562604e-002
8.432359e+002,3.559948e-002
8.437180e+002,3.557106e-002
8.442002e+002,3.553890e-002
8.446823e+002,3.550344e-002
8.451644e+002,3.546681e-002
8.456465e+002,3.543321e-002
8.461287e+002,3.540577e-002
8.466108e+002,3.538537e-002
8.470929e+002,3.536942e-002
8.475751e+002,3.535322e-002
8.480571e+002,3.533176e-002
8.485393e+002,3.530160e-002
8.490214e+002,3.526232e-002
8.495035e+002,3.521665e-002
8.499857e+002,3.516727e-002
8.504678e+002,3.511643e-002
8.509499e+002,3.506376e-002
8.514320e+002,3.500764e-002
8.519142e+002,3.494595e-002
8.523962e+002,3.487795e-002
8.528784e+002,3.480472e-002
8.533605e+002,3.472929e-002
8.538427e+002,3.465374e-002
8.543248e+002,3.457836e-002
8.548069e+002,3.450048e-002
8.552891e+002,3.441671e-002
8.557711e+002,3.432425e-002
8.562533e+002,3.422371e-002
8.567354e+002,3.411903e-002
8.572175e+002,3.401749e-002
8.576996e+002,3.392604e-002
8.581818e+002,3.384922e-002
8.586639e+002,3.378699e-002
8.591460e+002,3.373628e-002
8.596282e+002,3.369217e-002
8.601102e+002,3.365122e-002
8.605924e+002,3.361192e-002
8.610745e+002,3.357507e-002
8.615566e+002,3.354116e-002
8.620388e+002,3.350901e-002
8.625209e+002,3.347443e-002
8.630031e+002,3.343248e-002
8.634851e+002,3.337882e-002
8.639673e+002,3.331295e-002
8.644494e+002,3.323827e-002
8.649315e+002,3.316192e-002
8.654136e+002,3.309077e-002
8.658958e+002,3.302917e-002
8.663779e+002,3.297632e-002
8.668600e+002,3.292817e-002
8.673422e+002,3.287847e-002
8.678242e+002,3.282310e-002
8.683064e+002,3.276087e-002
8.687885e+002,3.269426e-002
8.692706e+002,3.262697e-002
8.697527e+002,3.256166e-002
8.702349e+002,3.249803e-002
8.707170e+002,3.243440e-002
8.711991e+002,3.236817e-002
8.716813e+002,3.229866e-002
8.721634e+002,3.222800e-002
8.726455e+002,3.216061e-002
8.731276e+002,3.209997e-002
8.736097e+002,3.204723e-002
8.740919e+002,3.199942e-002
8.745740e+002,3.195138e-002
8.750562e+002,3.189807e-002
8.755382e+002,3.183746e-002
8.760204e+002,3.177201e-002
8.765025e+002,3.170836e-002
8.769846e+002,3.165304e-002
8.774668e+002,3.161115e-002
8.779489e+002,3.158325e-002
8.784310e+002,3.156662e-002
8.789131e+002,3.155680e-002
8.793953e+002,3.155088e-002
8.798774e+002,3.154849e-002
8.803595e+002,3.155148e-002
8.808416e+002,3.156154e-002
8.813237e+002,3.157834e-002
8.818059e+002,3.159802e-002
8.822880e+002,3.161521e-002
8.827701e+002,3.162498e-002
8.832523e+002,3.162588e-002
8.837344e+002,3.162073e-002
8.842165e+002,3.161616e-002
8.846986e+002,3.161882e-002
8.851808e+002,3.163267e-002
8.856628e+002,3.165631e-002
8.861450e+002,3.168489e-002
8.866271e+002,3.171138e-002
8.871093e+002,3.173134e-002
8.875914e+002,3.174363e-002
8.880735e+002,3.175200e-002
8.885556e+002,3.176166e-002
8.890377e+002,3.177764e-002
8.895199e+002,3.180141e-002
8.900020e+002,3.183224e-002
8.904841e+002,3.186689e-002
8.909662e+002,3.190287e-002
8.914484e+002,3.193920e-002
8.919305e+002,3.197667e-002
8.924126e+002,3.201615e-002
8.928948e+002,3.205678e-002
8.933768e+002,3.209567e-002
8.938590e+002,3.212829e-002
8.943411e+002,3.215059e-002
8.948232e+002,3.216138e-002
8.953054e+002,3.216253e-002
8.957875e+002,3.215925e-002
8.962697e+002,3.215633e-002
8.967517e+002,3.215730e-002
8.972339e+002,3.216151e-002
8.977159e+002,3.216655e-002
8.981981e+002,3.216880e-002
8.986802e+002,3.216708e-002
8.991624e+002,3.216312e-002
8.996445e+002,3.216166e-002
9.001266e+002,3.216781e-002
9.006088e+002,3.218544e-002
9.010908e+002,3.221466e-002
9.015730e+002,3.225399e-002
9.020551e+002,3.230090e-002
9.025372e+002,3.235522e-002
9.030193e+002,3.241887e-002
9.035015e+002,3.249625e-002
9.039836e+002,3.259074e-002
9.044657e+002,3.270319e-002
9.049479e+002,3.282928e-002
9.054299e+002,3.296158e-002
9.059121e+002,3.309086e-002
9.063942e+002,3.320919e-002
9.068763e+002,3.331093e-002
9.073585e+002,3.339384e-002
9.078406e+002,3.345723e-002
9.083228e+002,3.350079e-002
9.088048e+002,3.352305e-002
9.092870e+002,3.352313e-002
9.097691e+002,3.350110e-002
9.102512e+002,3.346029e-002
9.107333e+002,3.340745e-002
9.112155e+002,3.335174e-002
9.116976e+002,3.330206e-002
9.121797e+002,3.326502e-002
9.126619e+002,3.324347e-002
9.131440e+002,3.323758e-002
9.136261e+002,3.324633e-002
9.141082e+002,3.327017e-002
9.145903e+002,3.331152e-002
9.150724e+002,3.337389e-002
9.155546e+002,3.345925e-002
9.160367e+002,3.356582e-002
9.165189e+002,3.368741e-002
9.170010e+002,3.381510e-002
9.174831e+002,3.394012e-002
9.179652e+002,3.405697e-002
9.184473e+002,3.416481e-002
9.189294e+002,3.426747e-002
9.194116e+002,3.436951e-002
9.198937e+002,3.447471e-002
9.203759e+002,3.458272e-002
9.208580e+002,3.469047e-002
9.213401e+002,3.479310e-002
9.218222e+002,3.488763e-002
9.223043e+002,3.497386e-002
9.227864e+002,3.505537e-002
9.232686e+002,3.513687e-002
9.237507e+002,3.522177e-002
9.242328e+002,3.531038e-002
9.247150e+002,3.539956e-002
9.251971e+002,3.548458e-002
9.256792e+002,3.556087e-002
9.261613e+002,3.562636e-002
9.266434e+002,3.568208e-002
9.271255e+002,3.573072e-002
9.276077e+002,3.577550e-002
9.280898e+002,3.581796e-002
9.285720e+002,3.585852e-002
9.290541e+002,3.589667e-002
9.295362e+002,3.593279e-002
9.300183e+002,3.596848e-002
9.305004e+002,3.600674e-002
9.309826e+002,3.605025e-002
9.314647e+002,3.609963e-002
9.319468e+002,3.615271e-002
9.324290e+002,3.620533e-002
9.329111e+002,3.625252e-002
9.333932e+002,3.629063e-002
9.338753e+002,3.631814e-002
9.343574e+002,3.633581e-002
9.348396e+002,3.634405e-002
9.353217e+002,3.634223e-002
9.358038e+002,3.632722e-002
9.362859e+002,3.629505e-002
9.367681e+002,3.624222e-002
9.372502e+002,3.616878e-002
9.377323e+002,3.607860e-002
9.382144e+002,3.597933e-002
9.386966e+002,3.587919e-002
9.391787e+002,3.578387e-002
9.396608e+002,3.569414e-002
9.401429e+002,3.560673e-002
9.406251e+002,3.551590e-002
9.411072e+002,3.541681e-002
9.415893e+002,3.530803e-002
9.420714e+002,3.519239e-002
9.425536e+002,3.507469e-002
9.430357e+002,3.496033e-002
9.435178e+002,3.485147e-002
9.439999e+002,3.474759e-002
9.444821e+002,3.464555e-002
9.449642e+002,3.454254e-002
9.454463e+002,3.443679e-002
9.459284e+002,3.432928e-002
9.464106e+002,3.422196e-002
9.468927e+002,3.411664e-002
9.473748e+002,3.401337e-002
9.478569e+002,3.391086e-002
9.483391e+002,3.380724e-002
9.488212e+002,3.370261e-002
9.493033e+002,3.359922e-002
9.497855e+002,3.350226e-002
9.502676e+002,3.341741e-002
9.507497e+002,3.334875e-002
9.512318e+002,3.329783e-002
9.517139e+002,3.326337e-002
9.521960e+002,3.324248e-002
9.526782e+002,3.323283e-002
9.531603e+002,3.323328e-002
9.536425e+002,3.324424e-002
9.541246e+002,3.326581e-002
9.546067e+002,3.329732e-002
9.550888e+002,3.333551e-002
9.555709e+002,3.337690e-002
9.560530e+002,3.341842e-002
9.565352e+002,3.346001e-002
9.570173e+002,3.350437e-002
9.574995e+002,3.355674e-002
9.579816e+002,3.362150e-002
9.584637e+002,3.370096e-002
9.589458e+002,3.379334e-002
9.594279e+002,3.389484e-002
9.599100e+002,3.400062e-002
9.603922e+002,3.410805e-002
9.608743e+002,3.421716e-002
9.613564e+002,3.433095e-002
9.618386e+002,3.445260e-002
9.623207e+002,3.458371e-002
9.628028e+002,3.472282e-002
9.632849e+002,3.486636e-002
9.637670e+002,3.500972e-002
9.642491e+002,3.515025e-002
9.647313e+002,3.528782e-002
9.652134e+002,3.542519e-002
9.656956e+002,3.556579e-002
9.661777e+002,3.571236e-002
9.666598e+002,3.586533e-002
9.671419e+002,3.602331e-002
9.676240e+002,3.618427e-002
9.681061e+002,3.634766e-002
9.685883e+002,3.651464e-002
9.690704e+002,3.668841e-002
9.695526e+002,3.687168e-002
9.700347e+002,3.706557e-002
9.705168e+002,3.726835e-002
9.709989e+002,3.747667e-002
9.714810e+002,3.768642e-002
9.719631e+002,3.789620e-002
9.724453e+002,3.810707e-002
9.729274e+002,3.832373e-002
9.734095e+002,3.855128e-002
9.738917e+002,3.879405e-002
9.743738e+002,3.905377e-002
9.748559e+002,3.932918e-002
9.753380e+002,3.961762e-002
9.758201e+002,3.991710e-002
9.763023e+002,4.022714e-002
9.767844e+002,4.054974e-002
9.772665e+002,4.088768e-002
9.777487e+002,4.124295e-002
9.782308e+002,4.161555e-002
9.787129e+002,4.200357e-002
9.791950e+002,4.240332e-002
9.796771e+002,4.281146e-002
9.801593e+002,4.322639e-002
9.806414e+002,4.364887e-002
9.811235e+002,4.408105e-002
9.816057e+002,4.452580e-002
9.820878e+002,4.498448e-002
9.825699e+002,4.545677e-002
9.830520e+002,4.593993e-002
9.835342e+002,4.643036e-002
9.840163e+002,4.692420e-002
9.844984e+002,4.741844e-002
9.849805e+002,4.791077e-002
9.854626e+002,4.840031e-002
9.859448e+002,4.888577e-002
9.864269e+002,4.936608e-002
9.869090e+002,4.983969e-002
9.873912e+002,5.030446e-002
9.878733e+002,5.075849e-002
9.883554e+002,5.120037e-002
9.888375e+002,5.162882e-002
9.893196e+002,5.204282e-002
9.898018e+002,5.244030e-002
9.902839e+002,5.281908e-002
9.907660e+002,5.317550e-002
9.912482e+002,5.350666e-002
9.917303e+002,5.381073e-002
9.922124e+002,5.408763e-002
9.926945e+002,5.433895e-002
9.931766e+002,5.456801e-002
9.936588e+002,5.477716e-002
9.941409e+002,5.496795e-002
9.946230e+002,5.514017e-002
9.951052e+002,5.529284e-002
9.955873e+002,5.542495e-002
9.960694e+002,5.553740e-002
9.965515e+002,5.563325e-002
9.970336e+002,5.571675e-002
9.975157e+002,5.579214e-002
9.979979e+002,5.586243e-002
9.984800e+002,5.592819e-002
9.989622e+002,5.598838e-002
9.994443e+002,5.604158e-002
9.999264e+002,5.608768e-002
1.000409e+003,5.612827e-002
1.000891e+003,5.616703e-002
1.001373e+003,5.620733e-002
1.001855e+003,5.625216e-002
1.002337e+003,5.630269e-002
1.002819e+003,5.635810e-002
1.003301e+003,5.641714e-002
1.003783e+003,5.647923e-002
1.004266e+003,5.654507e-002
1.004748e+003,5.661704e-002
1.005230e+003,5.669742e-002
1.005712e+003,5.678806e-002
1.006194e+003,5.688863e-002
1.006676e+003,5.699821e-002
1.007158e+003,5.711508e-002
1.007640e+003,5.723877e-002
1.008122e+003,5.737025e-002
1.008605e+003,5.751187e-002
1.009087e+003,5.766604e-002
1.009569e+003,5.783426e-002
1.010051e+003,5.801519e-002
1.010533e+003,5.820549e-002
1.011015e+003,5.839971e-002
1.011497e+003,5.859259e-002
1.011979e+003,5.877952e-002
1.012462e+003,5.895802e-002
1.012944e+003,5.912656e-002
1.013426e+003,5.928510e-002
1.013908e+003,5.943310e-002
1.014390e+003,5.957016e-002
1.014872e+003,5.969572e-002
1.015354e+003,5.980989e-002
1.015836e+003,5.991345e-002
1.016319e+003,6.000758e-002
1.016801e+003,6.009277e-002
1.017283e+003,6.016880e-002
1.017765e+003,6.023376e-002
1.018247e+003,6.028479e-002
1.018729e+003,6.031945e-002
1.019211e+003,6.033705e-002
1.019693e+003,6.033878e-002
1.020176e+003,6.032765e-002
1.020658e+003,6.030668e-002
1.021140e+003,6.027776e-002
1.021622e+003,6.024073e-002
1.022104e+003,6.019351e-002
1.022586e+003,6.013348e-002
1.023068e+003,6.005969e-002
1.023550e+003,5.997283e-002
1.024033e+003,5.987638e-002
1.024515e+003,5.977427e-002
1.024997e+003,5.967031e-002
1.025479e+003,5.956626e-002
1.025961e+003,5.946221e-002
1.026443e+003,5.935698e-002
1.026925e+003,5.924901e-002
1.027407e+003,5.913743e-002
1.027890e+003,5.902125e-002
1.028372e+003,5.889903e-002
1.028854e+003,5.876888e-002
1.029336e+003,5.862793e-002
1.029818e+003,5.847379e-002
1.030300e+003,5.830531e-002
1.030782e+003,5.812467e-002
1.031264e+003,5.793602e-002
1.031747e+003,5.774584e-002
1.032229e+003,5.755994e-002
1.032711e+003,5.738273e-002
1.033193e+003,5.721600e-002
1.033675e+003,5.705994e-002
1.034157e+003,5.691407e-002
1.034639e+003,5.677898e-002
1.035121e+003,5.665653e-002
1.035604e+003,5.654904e-002
1.036086e+003,5.645816e-002
1.036568e+003,5.638415e-002
1.037050e+003,5.632501e-002
1.037532e+003,5.627793e-002
1.038014e+003,5.624000e-002
1.038496e+003,5.621001e-002
1.038979e+003,5.618807e-002
1.039461e+003,5.617552e-002
1.039943e+003,5.617270e-002
1.040425e+003,5.617902e-002
1.040907e+003,5.619186e-002
1.041389e+003,5.620753e-002
1.041871e+003,5.622260e-002
1.042353e+003,5.623552e-002
1.042835e+003,5.624608e-002
1.043318e+003,5.625603e-002
1.043800e+003,5.626677e-002
1.044282e+003,5.627892e-002
1.044764e+003,5.629138e-002
1.045246e+003,5.630211e-002
1.045728e+003,5.630910e-002
1.046210e+003,5.631200e-002
1.046692e+003,5.631167e-002
1.047175e+003,5.631032e-002
1.047657e+003,5.630973e-002
1.048139e+003,5.631029e-002
1.048621e+003,5.631028e-002
1.049103e+003,5.630599e-002
1.049585e+003,5.629370e-002
1.050067e+003,5.626957e-002
1.050549e+003,5.623148e-002
1.051031e+003,5.617860e-002
1.051514e+003,5.611051e-002
1.051996e+003,5.602727e-002
1.052478e+003,5.592891e-002
1.052960e+003,5.581586e-002
1.053442e+003,5.568912e-002
1.053924e+003,5.555120e-002
1.054406e+003,5.540490e-002
1.054889e+003,5.525299e-002
1.055371e+003,5.509648e-002
1.055853e+003,5.493468e-002
1.056335e+003,5.476541e-002
1.056817e+003,5.458661e-002
1.057299e+003,5.439747e-002
1.057781e+003,5.419932e-002
1.058263e+003,5.399524e-002
1.058746e+003,5.378878e-002
1.059228e+003,5.358183e-002
1.059710e+003,5.337467e-002
1.060192e+003,5.316594e-002
1.060674e+003,5.295513e-002
1.061156e+003,5.274295e-002
1.061638e+003,5.253386e-002
1.062120e+003,5.233439e-002
1.062603e+003,5.215202e-002
1.063085e+003,5.199284e-002
1.063567e+003,5.186108e-002
1.064049e+003,5.175827e-002
1.064531e+003,5.168542e-002
1.065013e+003,5.164412e-002
1.065495e+003,5.163769e-002
1.065977e+003,5.167066e-002
1.066460e+003,5.174819e-002
1.066942e+003,5.187406e-002
1.067424e+003,5.205051e-002
1.067906e+003,5.227791e-002
1.068388e+003,5.255632e-002
1.068870e+003,5.288522e-002
1.069352e+003,5.326487e-002
1.069834e+003,5.369478e-002
1.070317e+003,5.417262e-002
1.070799e+003,5.469321e-002
1.071281e+003,5.524831e-002
1.071763e+003,5.582635e-002
1.072245e+003,5.641402e-002
1.072727e+003,5.699740e-002
1.073209e+003,5.756341e-002
1.073691e+003,5.810071e-002
1.074174e+003,5.859970e-002
1.074656e+003,5.905267e-002
1.075138e+003,5.945358e-002
1.075620e+003,5.979768e-002
1.076102e+003,6.008193e-002
1.076584e+003,6.030543e-002
1.077066e+003,6.046965e-002
1.077548e+003,6.057858e-002
1.078031e+003,6.063703e-002
1.078513e+003,6.064927e-002
1.078995e+003,6.061804e-002
1.079477e+003,6.054442e-002
1.079959e+003,6.042856e-002
1.080441e+003,6.027107e-002
1.080923e+003,6.007501e-002
1.081406e+003,5.984538e-002
1.081888e+003,5.958918e-002
1.082370e+003,5.931259e-002
1.082852e+003,5.902090e-002
1.083334e+003,5.871750e-002
1.083816e+003,5.840521e-002
1.084298e+003,5.808705e-002
1.084780e+003,5.776845e-002
1.085262e+003,5.745546e-002
1.085745e+003,5.715425e-002
1.086227e+003,5.686878e-002
1.086709e+003,5.660043e-002
1.087191e+003,5.634763e-002
1.087673e+003,5.610814e-002
1.088155e+003,5.588053e-002
1.088637e+003,5.566642e-002
1.089119e+003,5.546939e-002
1.089602e+003,5.529435e-002
1.090084e+003,5.514531e-002
1.090566e+003,5.502410e-002
1.091048e+003,5.492994e-002
1.091530e+003,5.486073e-002
1.092012e+003,5.481384e-002
1.092494e+003,5.478777e-002
1.092976e+003,5.478201e-002
1.093458e+003,5.479616e-002
1.093941e+003,5.482903e-002
1.094423e+003,5.487835e-002
1.094905e+003,5.494128e-002
1.095387e+003,5.501481e-002
1.095869e+003,5.509704e-002
1.096351e+003,5.518752e-002
1.096833e+003,5.528660e-002
1.097316e+003,5.539457e-002
1.097798e+003,5.551011e-002
1.098280e+003,5.563103e-002
1.098762e+003,5.575365e-002
1.099244e+003,5.587499e-002
1.099726e+003,5.599284e-002
1.100208e+003,5.610737e-002
1.100690e+003,5.621900e-002
1.101173e+003,5.632801e-002
1.101655e+003,5.643235e-002
1.102137e+003,5.652805e-002
1.102619e+003,5.660947e-002
1.103101e+003,5.667146e-002
1.103583e+003,5.671071e-002
1.104065e+003,5.672758e-002
1.104547e+003,5.672472e-002
1.105030e+003,5.670721e-002
1.105512e+003,5.667881e-002
1.105994e+003,5.664232e-002
1.106476e+003,5.659851e-002
1.106958e+003,5.654766e-002
1.107440e+003,5.649079e-002
1.107922e+003,5.643038e-002
1.108404e+003,5.637049e-002
1.108886e+003,5.631521e-002
1.109369e+003,5.626711e-002
1.109851e+003,5.622672e-002
1.110333e+003,5.619286e-002
1.110815e+003,5.616333e-002
1.111297e+003,5.613687e-002
1.111779e+003,5.611418e-002
1.112261e+003,5.609709e-002
1.112744e+003,5.608783e-002
1.113226e+003,5.608717e-002
1.113708e+003,5.609406e-002
1.114190e+003,5.610533e-002
1.114672e+003,5.611703e-002
1.115154e+003,5.612616e-002
1.115636e+003,5.613200e-002
1.116118e+003,5.613479e-002
1.116601e+003,5.613590e-002
1.117083e+003,5.613649e-002
1.117565e+003,5.613636e-002
1.118047e+003,5.613417e-002
1.118529e+003,5.612927e-002
1.119011e+003,5.612112e-002
1.119493e+003,5.611112e-002
1.119975e+003,5.610164e-002
1.120458e+003,5.609437e-002
1.120940e+003,5.608979e-002
1.121422e+003,5.608623e-002
1.121904e+003,5.608056e-002
1.122386e+003,5.607011e-002
1.122868e+003,5.605284e-002
1.123350e+003,5.602955e-002
1.123832e+003,5.600190e-002
1.124314e+003,5.597147e-002
1.124797e+003,5.593881e-002
1.125279e+003,5.590145e-002
1.125761e+003,5.585573e-002
1.126243e+003,5.579738e-002
1.126725e+003,5.572345e-002
1.127207e+003,5.563363e-002
1.127689e+003,5.552981e-002
1.128172e+003,5.541506e-002
1.128654e+003,5.529225e-002
1.129136e+003,5.516311e-002
1.129618e+003,5.502903e-002
1.130100e+003,5.489139e-002
1.130582e+003,5.475300e-002
1.131064e+003,5.461897e-002
1.131546e+003,5.449498e-002
1.132029e+003,5.438697e-002
1.132511e+003,5.429832e-002
1.132993e+003,5.423067e-002
1.133475e+003,5.418378e-002
1.133957e+003,5.415671e-002
1.134439e+003,5.414961e-002
1.134921e+003,5.416452e-002
1.135403e+003,5.420382e-002
1.135885e+003,5.426982e-002
1.136368e+003,5.436309e-002
1.136850e+003,5.448178e-002
1.137332e+003,5.462353e-002
1.137814e+003,5.478516e-002
1.138296e+003,5.496520e-002
1.138778e+003,5.516406e-002
1.139260e+003,5.538323e-002
1.139742e+003,5.562441e-002
1.140225e+003,5.588815e-002
1.140707e+003,5.617365e-002
1.141189e+003,5.647835e-002
1.141671e+003,5.679965e-002
1.142153e+003,5.713467e-002
1.142635e+003,5.748188e-002
1.143117e+003,5.783958e-002
1.143599e+003,5.820571e-002
1.144082e+003,5.857756e-002
1.144564e+003,5.895110e-002
1.145046e+003,5.932228e-002
1.145528e+003,5.968774e-002
1.146010e+003,6.004524e-002
1.146492e+003,6.039465e-002
1.146974e+003,6.073640e-002
1.147457e+003,6.107077e-002
1.147939e+003,6.139656e-002
1.148421e+003,6.171102e-002
1.148903e+003,6.200902e-002
1.149385e+003,6.228543e-002
1.149867e+003,6.253546e-002
1.150349e+003,6.275628e-002
1.150831e+003,6.294691e-002
1.151313e+003,6.310764e-002
1.151796e+003,6.323929e-002
1.152278e+003,6.334215e-002
1.152760e+003,6.341525e-002
1.153242e+003,6.345787e-002
1.153724e+003,6.346930e-002
1.154206e+003,6.345072e-002
1.154688e+003,6.340404e-002
1.155170e+003,6.333186e-002
1.155653e+003,6.323629e-002
1.156135e+003,6.311835e-002
1.156617e+003,6.297851e-002
1.157099e+003,6.281719e-002
1.157581e+003,6.263582e-002
1.158063e+003,6.243839e-002
1.158545e+003,6.222927e-002
1.159027e+003,6.201388e-002
1.159510e+003,6.179552e-002
1.159992e+003,6.157532e-002
1.160474e+003,6.135262e-002
1.160956e+003,6.112596e-002
1.161438e+003,6.089426e-002
1.161920e+003,6.065828e-002
1.162402e+003,6.041993e-002
1.162885e+003,6.018096e-002
1.163367e+003,5.994235e-002
1.163849e+003,5.970386e-002
1.164331e+003,5.946447e-002
1.164813e+003,5.922389e-002
1.165295e+003,5.898360e-002
1.165777e+003,5.874736e-002
1.166259e+003,5.851983e-002
1.166741e+003,5.830459e-002
1.167224e+003,5.810249e-002
1.167706e+003,5.791110e-002
1.168188e+003,5.772520e-002
1.168670e+003,5.753927e-002
1.169152e+003,5.734806e-002
1.169634e+003,5.714892e-002
1.170116e+003,5.694058e-002
1.170598e+003,5.672253e-002
1.171081e+003,5.649372e-002
1.171563e+003,5.625261e-002
1.172045e+003,5.599707e-002
1.172527e+003,5.572675e-002
1.173009e+003,5.544250e-002
1.173491e+003,5.514761e-002
1.173973e+003,5.484504e-002
1.174455e+003,5.453660e-002
1.174938e+003,5.422103e-002
1.175420e+003,5.389551e-002
1.175902e+003,5.355688e-002
1.176384e+003,5.320510e-002
1.176866e+003,5.284451e-002
1.177348e+003,5.248418e-002
1.177830e+003,5.213507e-002
1.178313e+003,5.180744e-002
1.178795e+003,5.150722e-002
1.179277e+003,5.123576e-002
1.179759e+003,5.099043e-002
1.180241e+003,5.076781e-002
1.180723e+003,5.056559e-002
1.181205e+003,5.038355e-002
1.181687e+003,5.022338e-002
1.182169e+003,5.008553e-002
1.182652e+003,4.996916e-002
1.183134e+003,4.987078e-002
1.183616e+003,4.978656e-002
1.184098e+003,4.971349e-002
1.184580e+003,4.965173e-002
1.185062e+003,4.960401e-002
1.185544e+003,4.957354e-002
1.186026e+003,4.956241e-002
1.186509e+003,4.956914e-002
1.186991e+003,4.958933e-002
1.187473e+003,4.961688e-002
1.187955e+003,4.964690e-002
1.188437e+003,4.967736e-002
1.188919e+003,4.970919e-002
1.189401e+003,4.974492e-002
1.189883e+003,4.978683e-002
1.190366e+003,4.983423e-002
1.190848e+003,4.988484e-002
1.191330e+003,4.993512e-002
1.191812e+003,4.998299e-002
1.192294e+003,5.002932e-002
1.192776e+003,5.007784e-002
1.193258e+003,5.013376e-002
1.193740e+003,5.020081e-002
1.194223e+003,5.027989e-002
1.194705e+003,5.036911e-002
1.195187e+003,5.046484e-002
1.195669e+003,5.056429e-002
1.196151e+003,5.066738e-002
1.196633e+003,5.077624e-002
1.197115e+003,5.089449e-002
1.197597e+003,5.102462e-002
1.198080e+003,5.116630e-002
1.198562e+003,5.131683e-002
1.199044e+003,5.147206e-002
1.199526e+003,5.162935e-002
1.200008e+003,5.178784e-002
1.200490e+003,5.195009e-002
1.200972e+003,5.211859e-002
1.201454e+003,5.229514e-002
1.201937e+003,5.247749e-002
1.202419e+003,5.266096e-002
1.202901e+003,5.283887e-002
1.203383e+003,5.300595e-002
1.203865e+003,5.316000e-002
1.204347e+003,5.330283e-002
1.204829e+003,5.343859e-002
1.205312e+003,5.357198e-002
1.205794e+003,5.370494e-002
1.206276e+003,5.383737e-002
1.206758e+003,5.396676e-002
1.207240e+003,5.409080e-002
1.207722e+003,5.420873e-002
1.208204e+003,5.432190e-002
1.208686e+003,5.443384e-002
1.209168e+003,5.454743e-002
1.209651e+003,5.466408e-002
1.210133e+003,5.478327e-002
1.210615e+003,5.490323e-002
1.211097e+003,5.502310e-002
1.211579e+003,5.514370e-002
1.212061e+003,5.526849e-002
1.212543e+003,5.540204e-002
1.213025e+003,5.554777e-002
1.213508e+003,5.570687e-002
1.213990e+003,5.587755e-002
1.214472e+003,5.605674e-002
1.214954e+003,5.624109e-002
1.215436e+003,5.642952e-002
1.215918e+003,5.662373e-002
1.216400e+003,5.682689e-002
1.216882e+003,5.704206e-002
1.217365e+003,5.727068e-002
1.217847e+003,5.751173e-002
1.218329e+003,5.776286e-002
1.218811e+003,5.802112e-002
1.219293e+003,5.828521e-002
1.219775e+003,5.855520e-002
1.220257e+003,5.883278e-002
1.220740e+003,5.911906e-002
1.221222e+003,5.941400e-002
1.221704e+003,5.971602e-002
1.222186e+003,6.002283e-002
1.222668e+003,6.033246e-002
1.223150e+003,6.064472e-002
1.223632e+003,6.096148e-002
1.224114e+003,6.128501e-002
1.224596e+003,6.161740e-002
1.225079e+003,6.195830e-002
1.225561e+003,6.230519e-002
1.226043e+003,6.265400e-002
1.226525e+003,6.300079e-002
1.227007e+003,6.334388e-002
1.227489e+003,6.368327e-002
1.227971e+003,6.402142e-002
1.228453e+003,6.436091e-002
1.228936e+003,6.470321e-002
1.229418e+003,6.504756e-002
1.229900e+003,6.539175e-002
1.230382e+003,6.573337e-002
1.230864e+003,6.607044e-002
1.231346e+003,6.640339e-002
1.231828e+003,6.673378e-002
1.232310e+003,6.706370e-002
1.232792e+003,6.739388e-002
1.233275e+003,6.772324e-002
1.233757e+003,6.804831e-002
1.234239e+003,6.836490e-002
1.234721e+003,6.866942e-002
1.235203e+003,6.895994e-002
1.235685e+003,6.923690e-002
1.236167e+003,6.950190e-002
1.236650e+003,6.975613e-002
1.237132e+003,7.000019e-002
1.237614e+003,7.023197e-002
1.238096e+003,7.044912e-002
1.238578e+003,7.064870e-002
1.239060e+003,7.082912e-002
1.239542e+003,7.099017e-002
1.240024e+003,7.113273e-002
1.240507e+003,7.125727e-002
1.240989e+003,7.136419e-002
1.241471e+003,7.145184e-002
1.241953e+003,7.151905e-002
1.242435e+003,7.156493e-002
1.242917e+003,7.159032e-002
1.243399e+003,7.159761e-002
1.243881e+003,7.158973e-002
1.244364e+003,7.156938e-002
1.244846e+003,7.153717e-002
1.245328e+003,7.149220e-002
1.245810e+003,7.143283e-002
1.246292e+003,7.135832e-002
1.246774e+003,7.126980e-002
1.247256e+003,7.117052e-002
1.247738e+003,7.106480e-002
1.248220e+003,7.095648e-002
1.248703e+003,7.084736e-002
1.249185e+003,7.073791e-002
1.249667e+003,7.062702e-002
1.250149e+003,7.051434e-002
1.250631e+003,7.040086e-002
1.251113e+003,7.028927e-002
1.251595e+003,7.018252e-002
1.252078e+003,7.008293e-002
1.252560e+003,6.999103e-002
1.253042e+003,6.990589e-002
1.253524e+003,6.982536e-002
1.254006e+003,6.974820e-002
1.254488e+003,6.967507e-002
1.254970e+003,6.960700e-002
1.255452e+003,6.954589e-002
1.255935e+003,6.949171e-002
1.256417e+003,6.944315e-002
1.256899e+003,6.939705e-002
1.257381e+003,6.935047e-002
1.257863e+003,6.930216e-002
1.258345e+003,6.925317e-002
1.258827e+003,6.920703e-002
1.259309e+003,6.916729e-002
1.259792e+003,6.913664e-002
1.260274e+003,6.911501e-002
1.260756e+003,6.909980e-002
1.261238e+003,6.908729e-002
1.261720e+003,6.907420e-002
1.262202e+003,6.905875e-002
1.262684e+003,6.904128e-002
1.263166e+003,6.902298e-002
1.263648e+003,6.900421e-002
1.264131e+003,6.898527e-002
1.264613e+003,6.896546e-002
1.265095e+003,6.894413e-002
1.265577e+003,6.892217e-002
1.266059e+003,6.890186e-002
1.266541e+003,6.888648e-002
1.267023e+003,6.887868e-002
1.267505e+003,6.887937e-002
1.267988e+003,6.888762e-002
1.268470e+003,6.890110e-002
1.268952e+003,6.891847e-002
1.269434e+003,6.893942e-002
1.269916e+003,6.896611e-002
1.270398e+003,6.900112e-002
1.270880e+003,6.904697e-002
1.271363e+003,6.910254e-002
1.271845e+003,6.916499e-002
1.272327e+003,6.922958e-002
1.272809e+003,6.929238e-002
1.273291e+003,6.935230e-002
1.273773e+003,6.941138e-002
1.274255e+003,6.947356e-002
1.274737e+003,6.954241e-002
1.275219e+003,6.961974e-002
1.275702e+003,6.970368e-002
1.276184e+003,6.978986e-002
1.276666e+003,6.987394e-002
1.277148e+003,6.995328e-002
1.277630e+003,7.002867e-002
1.278112e+003,7.010349e-002
1.278594e+003,7.018179e-002
1.279076e+003,7.026669e-002
1.279559e+003,7.035829e-002
1.280041e+003,7.045466e-002
1.280523e+003,7.055248e-002
1.281005e+003,7.065011e-002
1.281487e+003,7.074758e-002
1.281969e+003,7.084698e-002
1.282451e+003,7.095041e-002
1.282933e+003,7.105913e-002
1.283416e+003,7.117163e-002
1.283898e+003,7.128489e-002
1.284380e+003,7.139577e-002
1.284862e+003,7.150304e-002
1.285344e+003,7.160821e-002
1.285826e+003,7.171533e-002
1.286308e+003,7.182898e-002
1.286791e+003,7.195187e-002
1.287273e+003,7.208357e-002
1.287755e+003,7.222056e-002
1.288237e+003,7.235812e-002
1.288719e+003,7.249212e-002
1.289201e+003,7.262189e-002
1.289683e+003,7.274839e-002
1.290165e+003,7.287456e-002
1.290647e+003,7.300218e-002
1.291130e+003,7.313107e-002
1.291612e+003,7.325854e-002
1.292094e+003,7.338169e-002
1.292576e+003,7.349773e-002
1.293058e+003,7.360666e-002
1.293540e+003,7.371074e-002
1.294022e+003,7.381341e-002
1.294504e+003,7.391667e-002
1.294987e+003,7.402089e-002
1.295469e+003,7.412367e-002
1.295951e+003,7.422179e-002
1.296433e+003,7.431273e-002
1.296915e+003,7.439572e-002
1.297397e+003,7.447230e-002
1.297879e+003,7.454434e-002
1.298361e+003,7.461254e-002
1.298844e+003,7.467542e-002
1.299326e+003,7.472923e-002
1.299808e+003,7.476990e-002
1.300290e+003,7.479473e-002
1.300772e+003,7.480400e-002
1.301254e+003,7.480088e-002
1.301736e+003,7.478951e-002
1.302219e+003,7.477308e-002
1.302701e+003,7.475293e-002
1.303183e+003,7.472746e-002
1.303665e+003,7.469488e-002
1.304147e+003,7.465408e-002
1.304629e+003,7.460707e-002
1.305111e+003,7.455749e-002
1.305593e+003,7.451012e-002
1.306075e+003,7.446757e-002
1.306558e+003,7.442975e-002
1.307040e+003,7.439328e-002
1.307522e+003,7.435346e-002
1.308004e+003,7.430627e-002
1.308486e+003,7.425002e-002
1.308968e+003,7.418540e-002
1.309450e+003,7.411376e-002
1.309932e+003,7.403554e-002
1.310415e+003,7.394916e-002
1.310897e+003,7.385134e-002
1.311379e+003,7.373906e-002
1.311861e+003,7.361088e-002
1.312343e+003,7.346889e-002
1.312825e+003,7.331777e-002
1.313307e+003,7.316256e-002
1.313789e+003,7.300609e-002
1.314272e+003,7.284771e-002
1.314754e+003,7.268392e-002
1.315236e+003,7.251121e-002
1.315718e+003,7.232711e-002
1.316200e+003,7.213327e-002
1.316682e+003,7.193294e-002
1.317164e+003,7.173017e-002
1.317646e+003,7.152654e-002
1.318129e+003,7.132041e-002
1.318611e+003,7.110781e-002
1.319093e+003,7.088573e-002
1.319575e+003,7.065350e-002
1.320057e+003,7.041547e-002
1.320539e+003,7.017785e-002
1.321021e+003,6.994738e-002
1.321503e+003,6.972697e-002
1.321986e+003,6.951590e-002
1.322468e+003,6.931008e-002
1.322950e+003,6.910560e-002
1.323432e+003,6.890013e-002
1.323914e+003,6.869467e-002
1.324396e+003,6.849222e-002
1.324878e+003,6.829640e-002
1.325360e+003,6.810860e-002
1.325843e+003,6.792820e-002
1.326325e+003,6.775340e-002
1.326807e+003,6.758270e-002
1.327289e+003,6.741740e-002
1.327771e+003,6.726086e-002
1.328253e+003,6.711721e-002
1.328735e+003,6.698901e-002
1.329218e+003,6.687523e-002
1.329700e+003,6.677224e-002
1.330182e+003,6.667528e-002
1.330664e+003,6.658188e-002
1.331146e+003,6.649239e-002
1.331628e+003,6.641083e-002
1.332110e+003,6.634171e-002
1.332592e+003,6.628734e-002
1.333074e+003,6.624620e-002
1.333557e+003,6.621309e-002
1.334039e+003,6.618191e-002
1.334521e+003,6.614898e-002
1.335003e+003,6.611402e-002
1.335485e+003,6.608107e-002
1.335967e+003,6.605627e-002
1.336449e+003,6.604467e-002
1.336931e+003,6.604790e-002
1.337414e+003,6.606433e-002
1.337896e+003,6.609028e-002
1.338378e+003,6.612176e-002
1.338860e+003,6.615745e-002
1.339342e+003,6.619643e-002
1.339824e+003,6.623767e-002
1.340306e+003,6.627673e-002
1.340788e+003,6.630666e-002
1.341271e+003,6.632063e-002
1.341753e+003,6.631563e-002
1.342235e+003,6.629375e-002
1.342717e+003,6.626263e-002
1.343199e+003,6.623233e-002
1.343681e+003,6.621242e-002
1.344163e+003,6.620789e-002
1.344646e+003,6.621757e-002
1.345128e+003,6.623552e-002
1.345610e+003,6.625402e-002
1.346092e+003,6.626836e-002
1.346574e+003,6.627866e-002
1.347056e+003,6.629024e-002
1.347538e+003,6.630966e-002
1.348020e+003,6.634094e-002
1.348502e+003,6.638233e-002
1.348985e+003,6.642774e-002
1.349467e+003,6.646877e-002
1.349949e+003,6.649967e-002
1.350431e+003,6.652007e-002
1.350913e+003,6.653424e-002
1.351395e+003,6.654865e-002
1.351877e+003,6.656813e-002
1.352359e+003,6.659328e-002
1.352842e+003,6.662119e-002
1.353324e+003,6.664815e-002
1.353806e+003,6.667299e-002
1.354288e+003,6.669941e-002
1.354770e+003,6.673396e-002
1.355252e+003,6.678431e-002
1.355734e+003,6.685396e-002
1.356216e+003,6.694076e-002
1.356698e+003,6.703916e-002
1.357181e+003,6.714199e-002
1.357663e+003,6.724596e-002
1.358145e+003,6.735256e-002
1.358627e+003,6.746756e-002
1.359109e+003,6.759850e-002
1.359591e+003,6.775166e-002
1.360073e+003,6.793058e-002
1.360556e+003,6.813721e-002
1.361038e+003,6.837455e-002
1.361520e+003,6.864815e-002
1.362002e+003,6.896392e-002
1.362484e+003,6.932402e-002
1.362966e+003,6.971977e-002
1.363448e+003,7.013144e-002
1.363930e+003,7.053486e-002
1.364413e+003,7.091130e-002
1.364895e+003,7.125195e-002
1.365377e+003,7.155957e-002
1.365859e+003,7.184286e-002
1.366341e+003,7.211148e-002
1.366823e+003,7.237053e-002
1.367305e+003,7.261615e-002
1.367787e+003,7.283462e-002
1.368270e+003,7.300699e-002
1.368752e+003,7.311688e-002
1.369234e+003,7.315905e-002
1.369716e+003,7.314236e-002
1.370198e+003,7.308653e-002
1.370680e+003,7.301629e-002
1.371162e+003,7.295404e-002
1.371644e+003,7.291707e-002
1.372126e+003,7.291993e-002
1.372609e+003,7.297526e-002
1.373091e+003,7.309660e-002
1.373573e+003,7.329576e-002
1.374055e+003,7.357566e-002
1.374537e+003,7.392351e-002
1.375019e+003,7.431259e-002
1.375501e+003,7.471168e-002
1.375984e+003,7.509848e-002
1.376466e+003,7.546612e-002
1.376948e+003,7.582222e-002
1.377430e+003,7.618278e-002
1.377912e+003,7.656533e-002
1.378394e+003,7.698065e-002
1.378876e+003,7.742889e-002
1.379358e+003,7.790001e-002
1.379841e+003,7.838098e-002
1.380323e+003,7.886245e-002
1.380805e+003,7.934343e-002
1.381287e+003,7.983043e-002
1.381769e+003,8.033107e-002
1.382251e+003,8.084729e-002
1.382733e+003,8.137192e-002
1.383215e+003,8.189034e-002
1.383698e+003,8.238871e-002
1.384180e+003,8.286049e-002
1.384662e+003,8.331209e-002
1.385144e+003,8.376149e-002
1.385626e+003,8.423250e-002
1.386108e+003,8.474401e-002
1.386590e+003,8.529773e-002
1.387072e+003,8.587145e-002
1.387554e+003,8.642652e-002
1.388037e+003,8.692594e-002
1.388519e+003,8.735088e-002
1.389001e+003,8.770446e-002
1.389483e+003,8.800288e-002
1.389965e+003,8.826397e-002
1.390447e+003,8.850062e-002
1.390929e+003,8.871928e-002
1.391411e+003,8.892248e-002
1.391894e+003,8.911353e-002
1.392376e+003,8.930113e-002
1.392858e+003,8.949854e-002
1.393340e+003,8.972220e-002
1.393822e+003,8.998192e-002
1.394304e+003,9.027071e-002
1.394786e+003,9.056070e-002
1.395269e+003,9.081341e-002
1.395751e+003,9.099698e-002
1.396233e+003,9.110176e-002
1.396715e+003,9.113903e-002
1.397197e+003,9.113287e-002
1.397679e+003,9.110680e-002
1.398161e+003,9.107481e-002
1.398643e+003,9.103607e-002
1.399125e+003,9.097676e-002
1.399608e+003,9.087777e-002
1.400090e+003,9.072579e-002
1.400572e+003,9.052023e-002
1.401054e+003,9.026939e-002
1.401536e+003,8.998467e-002
1.402018e+003,8.967481e-002
1.402500e+003,8.934335e-002
1.402982e+003,8.898875e-002
1.403465e+003,8.860789e-002
1.403947e+003,8.819853e-002
1.404429e+003,8.776388e-002
1.404911e+003,8.731353e-002
1.405393e+003,8.685893e-002
1.405875e+003,8.640969e-002
1.406357e+003,8.596870e-002
1.406839e+003,8.553403e-002
1.407322e+003,8.510138e-002
1.407804e+003,8.466828e-002
1.408286e+003,8.423628e-002
1.408768e+003,8.381117e-002
1.409250e+003,8.340073e-002
1.409732e+003,8.301221e-002
1.410214e+003,8.264882e-002
1.410697e+003,8.230978e-002
1.411179e+003,8.199081e-002
1.411661e+003,8.168750e-002
1.412143e+003,8.139724e-002
1.412625e+003,8.112007e-002
1.413107e+003,8.085722e-002
1.413589e+003,8.060771e-002
1.414071e+003,8.036821e-002
1.414553e+003,8.013278e-002
1.415036e+003,7.989498e-002
1.415518e+003,7.965187e-002
1.416000e+003,7.940536e-002
1.416482e+003,7.916228e-002
1.416964e+003,7.893249e-002
1.417446e+003,7.872421e-002
1.417928e+003,7.853761e-002
1.418410e+003,7.836281e-002
1.418893e+003,7.818189e-002
1.419375e+003,7.798094e-002
1.419857e+003,7.775868e-002
1.420339e+003,7.752487e-002
1.420821e+003,7.729080e-002
1.421303e+003,7.706353e-002
1.421785e+003,7.684474e-002
1.422267e+003,7.663452e-002
1.422750e+003,7.643579e-002
1.423232e+003,7.625590e-002
1.423714e+003,7.610660e-002
1.424196e+003,7.599836e-002
1.424678e+003,7.593279e-002
1.425160e+003,7.590099e-002
1.425642e+003,7.588859e-002
1.426125e+003,7.588499e-002
1.426607e+003,7.588980e-002
1.427089e+003,7.591556e-002
1.427571e+003,7.598557e-002
1.428053e+003,7.612795e-002
1.428535e+003,7.636604e-002
1.429017e+003,7.670671e-002
1.429499e+003,7.713691e-002
1.429981e+003,7.762748e-002
1.430464e+003,7.814780e-002
1.430946e+003,7.867558e-002
1.431428e+003,7.920122e-002
1.431910e+003,7.972148e-002
1.432392e+003,8.023361e-002
1.432874e+003,8.073254e-002
1.433356e+003,8.121483e-002
1.433838e+003,8.168475e-002
1.434321e+003,8.216256e-002
1.434803e+003,8.268802e-002
1.435285e+003,8.331463e-002
1.435767e+003,8.408704e-002
1.436249e+003,8.499736e-002
1.436731e+003,8.595888e-002
1.437213e+003,8.684081e-002
1.437696e+003,8.754615e-002
1.438177e+003,8.805630e-002
1.438660e+003,8.841335e-002
1.439142e+003,8.868151e-002
1.439624e+003,8.891977e-002
1.440106e+003,8.916839e-002
1.440588e+003,8.944695e-002
1.441070e+003,8.975420e-002
1.441552e+003,9.007610e-002
1.442035e+003,9.039425e-002
1.442517e+003,9.069536e-002
1.442999e+003,9.097660e-002
1.443481e+003,9.124362e-002
1.443963e+003,9.150454e-002
1.444445e+003,9.176539e-002
1.444927e+003,9.202836e-002
1.445409e+003,9.229548e-002
1.445892e+003,9.257366e-002
1.446374e+003,9.287865e-002
1.446856e+003,9.323152e-002
1.447338e+003,9.364853e-002
1.447820e+003,9.412759e-002
1.448302e+003,9.464400e-002
1.448784e+003,9.516230e-002
1.449266e+003,9.565864e-002
1.449749e+003,9.613528e-002
1.450231e+003,9.662040e-002
1.450713e+003,9.715510e-002
1.451195e+003,9.777469e-002
1.451677e+003,9.849106e-002
1.452159e+003,9.928253e-002
1.452641e+003,1.001001e-001
1.453124e+003,1.008887e-001
1.453605e+003,1.016115e-001
1.454088e+003,1.022670e-001
1.454570e+003,1.028945e-001
1.455052e+003,1.035787e-001
1.455534e+003,1.044602e-001
1.456016e+003,1.057591e-001
1.456498e+003,1.077806e-001
1.456980e+003,1.108328e-001
1.457463e+003,1.150460e-001
1.457945e+003,1.202824e-001
1.458427e+003,1.262444e-001
1.458909e+003,1.326066e-001
1.459391e+003,1.390362e-001
1.459873e+003,1.451747e-001
1.460355e+003,1.506487e-001
1.460837e+003,1.551033e-001
1.461320e+003,1.582307e-001
1.461802e+003,1.597743e-001
1.462284e+003,1.595242e-001
1.462766e+003,1.573318e-001
1.463248e+003,1.531850e-001
1.463730e+003,1.473557e-001
1.464212e+003,1.405319e-001
1.464694e+003,1.337532e-001
1.465177e+003,1.280473e-001
1.465659e+003,1.239977e-001
1.466141e+003,1.216077e-001
1.466623e+003,1.205111e-001
1.467105e+003,1.202706e-001
1.467587e+003,1.205655e-001
1.468069e+003,1.212405e-001
1.468552e+003,1.222810e-001
1.469033e+003,1.237629e-001
1.469516e+003,1.258027e-001
1.469998e+003,1.285029e-001
1.470480e+003,1.318753e-001
1.470962e+003,1.357104e-001
1.471444e+003,1.393997e-001
1.471926e+003,1.418561e-001
1.472408e+003,1.418312e-001
1.472891e+003,1.386558e-001
1.473373e+003,1.327186e-001
1.473855e+003,1.250932e-001
1.474337e+003,1.168219e-001
1.474819e+003,1.085890e-001
1.475301e+003,1.007987e-001
1.475783e+003,9.374627e-002
1.476265e+003,8.768879e-002
1.476748e+003,8.280207e-002
1.477230e+003,7.910942e-002
1.477712e+003,7.646806e-002
1.478194e+003,7.463343e-002
1.478676e+003,7.335060e-002
1.479158e+003,7.242189e-002
1.479640e+003,7.173045e-002
1.480122e+003,7.123006e-002
1.480604e+003,7.091227e-002
1.481087e+003,7.076952e-002
1.481569e+003,7.076926e-002
1.482051e+003,7.085653e-002
1.482533e+003,7.097613e-002
1.483015e+003,7.109836e-002
1.483497e+003,7.122780e-002
1.483979e+003,7.139414e-002
1.484461e+003,7.163297e-002
1.484944e+003,7.196859e-002
1.485426e+003,7.240210e-002
1.485908e+003,7.291309e-002
1.486390e+003,7.347046e-002
1.486872e+003,7.405326e-002
1.487354e+003,7.467026e-002
1.487836e+003,7.536807e-002
1.488319e+003,7.621642e-002
1.488801e+003,7.727414e-002
1.489283e+003,7.854386e-002
1.489765e+003,7.994401e-002
1.490247e+003,8.133528e-002
1.490729e+003,8.259140e-002
1.491211e+003,8.365810e-002
1.491693e+003,8.455274e-002
1.492176e+003,8.532789e-002
1.492658e+003,8.603887e-002
1.493140e+003,8.673110e-002
1.493622e+003,8.744185e-002
1.494104e+003,8.820750e-002
1.494586e+003,8.906950e-002
1.495068e+003,9.007361e-002
1.495550e+003,9.125549e-002
1.496032e+003,9.261569e-002
1.496515e+003,9.409857e-002
1.496997e+003,9.559989e-002
1.497479e+003,9.701306e-002
1.497961e+003,9.827732e-002
1.498443e+003,9.939456e-002
1.498925e+003,1.004099e-001
1.499407e+003,1.013783e-001
1.499890e+003,1.023371e-001
1.500372e+003,1.032950e-001
1.500854e+003,1.042337e-001
1.501336e+003,1.051223e-001
1.501818e+003,1.059315e-001
1.502300e+003,1.066447e-001
1.502782e+003,1.072616e-001
1.503264e+003,1.078000e-001
1.503747e+003,1.082947e-001
1.504229e+003,1.088037e-001
1.504711e+003,1.094239e-001
1.505193e+003,1.103218e-001
1.505675e+003,1.117581e-001
1.506157e+003,1.140206e-001
1.506639e+003,1.171227e-001
1.507121e+003,1.204860e-001
1.507604e+003,1.233004e-001
1.508086e+003,1.252498e-001
1.508568e+003,1.265310e-001
1.509050e+003,1.274581e-001
1.509532e+003,1.282627e-001
1.510014e+003,1.290820e-001
1.510496e+003,1.299874e-001
1.510979e+003,1.310042e-001
1.511460e+003,1.321163e-001
1.511943e+003,1.332738e-001
1.512425e+003,1.344075e-001
1.512907e+003,1.354526e-001
1.513389e+003,1.363714e-001
1.513871e+003,1.371646e-001
1.514353e+003,1.378717e-001
1.514835e+003,1.385615e-001
1.515318e+003,1.393136e-001
1.515800e+003,1.401819e-001
1.516282e+003,1.411491e-001
1.516764e+003,1.421074e-001
1.517246e+003,1.429035e-001
1.517728e+003,1.434305e-001
1.518210e+003,1.436836e-001
1.518692e+003,1.437454e-001
1.519175e+003,1.437465e-001
1.519657e+003,1.438386e-001
1.520139e+003,1.441806e-001
1.520621e+003,1.448977e-001
1.521103e+003,1.459927e-001
1.521585e+003,1.472782e-001
1.522067e+003,1.484667e-001
1.522549e+003,1.493767e-001
1.523031e+003,1.500169e-001
1.523514e+003,1.505075e-001
1.523996e+003,1.509825e-001
1.524478e+003,1.515431e-001
1.524960e+003,1.522455e-001
1.525442e+003,1.531029e-001
1.525924e+003,1.540894e-001
1.526406e+003,1.551547e-001
1.526888e+003,1.562448e-001
1.527371e+003,1.573147e-001
1.527853e+003,1.583276e-001
1.528335e+003,1.592498e-001
1.528817e+003,1.600487e-001
1.529299e+003,1.607027e-001
1.529781e+003,1.612123e-001
1.530263e+003,1.616113e-001
1.530746e+003,1.619668e-001
1.531228e+003,1.623762e-001
1.531710e+003,1.629557e-001
1.532192e+003,1.638137e-001
1.532674e+003,1.649910e-001
1.533156e+003,1.663857e-001
1.533638e+003,1.677506e-001
1.534120e+003,1.688290e-001
1.534603e+003,1.695116e-001
1.535085e+003,1.698456e-001
1.535567e+003,1.699397e-001
1.536049e+003,1.698868e-001
1.536531e+003,1.697418e-001
1.537013e+003,1.695339e-001
1.537495e+003,1.692897e-001
1.537977e+003,1.690623e-001
1.538459e+003,1.689583e-001
1.538942e+003,1.691370e-001
1.539424e+003,1.697255e-001
1.539906e+003,1.706411e-001
1.540388e+003,1.715122e-001
1.540870e+003,1.719372e-001
1.541352e+003,1.718039e-001
1.541834e+003,1.712784e-001
1.542316e+003,1.705953e-001
1.542799e+003,1.699158e-001
1.543281e+003,1.692922e-001
1.543763e+003,1.686836e-001
1.544245e+003,1.680020e-001
1.544727e+003,1.671724e-001
1.545209e+003,1.661816e-001
1.545691e+003,1.650806e-001
1.546174e+003,1.639418e-001
1.546656e+003,1.628156e-001
1.547138e+003,1.617075e-001
1.547620e+003,1.605784e-001
1.548102e+003,1.593600e-001
1.548584e+003,1.579805e-001
1.549066e+003,1.564046e-001
1.549548e+003,1.546679e-001
1.550031e+003,1.528749e-001
1.550513e+003,1.511433e-001
1.550995e+003,1.495357e-001
1.551477e+003,1.480327e-001
1.551959e+003,1.465559e-001
1.552441e+003,1.450113e-001
1.552923e+003,1.433320e-001
1.553405e+003,1.415084e-001
1.553887e+003,1.396016e-001
1.554370e+003,1.377215e-001
1.554852e+003,1.359725e-001
1.555334e+003,1.344017e-001
1.555816e+003,1.329854e-001
1.556298e+003,1.316527e-001
1.556780e+003,1.303158e-001
1.557262e+003,1.288841e-001
1.557744e+003,1.272660e-001
1.558227e+003,1.253975e-001
1.558709e+003,1.233544e-001
1.559191e+003,1.214176e-001
1.559673e+003,1.198160e-001
1.560155e+003,1.185247e-001
1.560637e+003,1.174266e-001
1.561119e+003,1.164463e-001
1.561602e+003,1.155488e-001
1.562083e+003,1.147096e-001
1.562566e+003,1.139006e-001
1.563048e+003,1.130887e-001
1.563530e+003,1.122440e-001
1.564012e+003,1.113540e-001
1.564494e+003,1.104369e-001
1.564976e+003,1.095372e-001
1.565458e+003,1.087034e-001
1.565941e+003,1.079609e-001
1.566423e+003,1.073012e-001
1.566905e+003,1.066897e-001
1.567387e+003,1.060848e-001
1.567869e+003,1.054580e-001
1.568351e+003,1.048069e-001
1.568833e+003,1.041633e-001
1.569315e+003,1.035772e-001
1.569798e+003,1.030788e-001
1.570280e+003,1.026486e-001
1.570762e+003,1.022339e-001
1.571244e+003,1.017883e-001
1.571726e+003,1.012957e-001
1.572208e+003,1.007687e-001
1.572690e+003,1.002353e-001
1.573172e+003,9.972405e-002
1.573655e+003,9.925517e-002
1.574137e+003,9.883364e-002
1.574619e+003,9.844834e-002
1.575101e+003,9.807679e-002
1.575583e+003,9.770135e-002
1.576065e+003,9.732411e-002
1.576547e+003,9.696709e-002
1.577030e+003,9.664590e-002
1.577511e+003,9.635089e-002
1.577994e+003,9.605247e-002
1.578476e+003,9.572414e-002
1.578958e+003,9.535490e-002
1.579440e+003,9.495370e-002
1.579922e+003,9.454595e-002
1.580404e+003,9.416375e-002
1.580886e+003,9.383243e-002
1.581369e+003,9.355848e-002
1.581851e+003,9.332512e-002
1.582333e+003,9.310262e-002
1.582815e+003,9.286356e-002
1.583297e+003,9.259954e-002
1.583779e+003,9.232369e-002
1.584261e+003,9.206236e-002
1.584743e+003,9.183849e-002
1.585226e+003,9.165784e-002
1.585708e+003,9.150609e-002
1.586190e+003,9.135813e-002
1.586672e+003,9.119442e-002
1.587154e+003,9.101421e-002
1.587636e+003,9.083720e-002
1.588118e+003,9.069311e-002
1.588600e+003,9.060479e-002
1.589083e+003,9.057435e-002
1.589565e+003,9.058093e-002
1.590047e+003,9.059249e-002
1.590529e+003,9.058414e-002
1.591011e+003,9.055325e-002
1.591493e+003,9.052026e-002
1.591975e+003,9.051750e-002
1.592458e+003,9.057061e-002
1.592939e+003,9.068429e-002
1.593422e+003,9.084003e-002
1.593904e+003,9.100773e-002
1.594386e+003,9.116324e-002
1.594868e+003,9.130324e-002
1.595350e+003,9.144543e-002
1.595832e+003,9.161565e-002
1.596314e+003,9.182972e-002
1.596797e+003,9.208199e-002
1.597279e+003,9.234882e-002
1.597761e+003,9.260425e-002
1.598243e+003,9.283726e-002
1.598725e+003,9.306124e-002
1.599207e+003,9.331036e-002
1.599689e+003,9.362418e-002
1.600171e+003,9.402821e-002
1.600654e+003,9.452120e-002
1.601136e+003,9.507567e-002
1.601618e+003,9.565400e-002
1.602100e+003,9.622956e-002
1.602582e+003,9.680012e-002
1.603064e+003,9.738605e-002
1.603546e+003,9.801403e-002
1.604028e+003,9.869825e-002
1.604510e+003,9.943044e-002
1.604993e+003,1.001869e-001
1.605475e+003,1.009471e-001
1.605957e+003,1.017106e-001
1.606439e+003,1.025044e-001
1.606921e+003,1.033742e-001
1.607403e+003,1.043609e-001
1.607885e+003,1.054767e-001
1.608367e+003,1.066925e-001
1.608850e+003,1.079504e-001
1.609332e+003,1.091934e-001
1.609814e+003,1.103933e-001
1.610296e+003,1.115587e-001
1.610778e+003,1.127194e-001
1.611260e+003,1.138977e-001
1.611742e+003,1.150872e-001
1.612225e+003,1.162508e-001
1.612707e+003,1.173397e-001
1.613189e+003,1.183222e-001
1.613671e+003,1.192085e-001
1.614153e+003,1.200660e-001
1.614635e+003,1.210205e-001
1.615117e+003,1.222405e-001
1.615599e+003,1.238802e-001
1.616082e+003,1.259763e-001
1.616564e+003,1.283559e-001
1.617046e+003,1.306836e-001
1.617528e+003,1.326677e-001
1.618010e+003,1.342193e-001
1.618492e+003,1.354249e-001
1.618974e+003,1.364269e-001
1.619456e+003,1.373435e-001
1.619938e+003,1.382485e-001
1.620421e+003,1.391914e-001
1.620903e+003,1.402215e-001
1.621385e+003,1.414121e-001
1.621867e+003,1.428607e-001
1.622349e+003,1.446479e-001
1.622831e+003,1.467651e-001
1.623313e+003,1.490575e-001
1.623796e+003,1.512688e-001
1.624278e+003,1.531769e-001
1.624760e+003,1.547017e-001
1.625242e+003,1.559149e-001
1.625724e+003,1.569805e-001
1.626206e+003,1.580868e-001
1.626688e+003,1.593873e-001
1.627170e+003,1.609512e-001
1.627653e+003,1.627305e-001
1.628135e+003,1.645748e-001
1.628617e+003,1.663050e-001
1.629099e+003,1.678048e-001
1.629581e+003,1.690622e-001
1.630063e+003,1.701415e-001
1.630545e+003,1.711241e-001
1.631027e+003,1.720599e-001
1.631510e+003,1.729518e-001
1.631992e+003,1.737690e-001
1.632474e+003,1.744801e-001
1.632956e+003,1.750912e-001
1.633438e+003,1.756821e-001
1.633920e+003,1.764269e-001
1.634402e+003,1.775824e-001
1.634885e+003,1.793912e-001
1.635366e+003,1.818708e-001
1.635849e+003,1.846323e-001
1.636331e+003,1.870615e-001
1.636813e+003,1.887864e-001
1.637295e+003,1.898663e-001
1.637777e+003,1.905835e-001
1.638259e+003,1.912020e-001
1.638741e+003,1.918725e-001
1.639224e+003,1.926358e-001
1.639706e+003,1.934606e-001
1.640188e+003,1.942875e-001
1.640670e+003,1.950683e-001
1.641152e+003,1.957907e-001
1.641634e+003,1.964737e-001
1.642116e+003,1.971451e-001
1.642598e+003,1.978143e-001
1.643081e+003,1.984574e-001
1.643563e+003,1.990289e-001
1.644045e+003,1.994911e-001
1.644527e+003,1.998547e-001
1.645009e+003,2.002213e-001
1.645491e+003,2.007948e-001
1.645973e+003,2.018184e-001
1.646455e+003,2.033879e-001
1.646938e+003,2.052454e-001
1.647420e+003,2.068498e-001
1.647902e+003,2.077721e-001
1.648384e+003,2.079556e-001
1.648866e+003,2.076111e-001
1.649348e+003,2.070036e-001
1.649830e+003,2.063340e-001
1.650313e+003,2.057162e-001
1.650794e+003,2.051885e-001
1.651277e+003,2.047288e-001
1.651759e+003,2.042650e-001
1.652241e+003,2.036996e-001
1.652723e+003,2.029743e-001
1.653205e+003,2.021557e-001
1.653687e+003,2.013624e-001
1.654169e+003,2.005750e-001
1.654652e+003,1.996537e-001
1.655134e+003,1.984845e-001
1.655616e+003,1.970319e-001
1.656098e+003,1.953261e-001
1.656580e+003,1.934391e-001
1.657062e+003,1.914584e-001
1.657544e+003,1.894636e-001
1.658026e+003,1.875002e-001
1.658509e+003,1.855679e-001
1.658991e+003,1.836256e-001
1.659473e+003,1.816136e-001
1.659955e+003,1.794818e-001
1.660437e+003,1.772097e-001
1.660919e+003,1.748112e-001
1.661401e+003,1.723226e-001
1.661883e+003,1.697851e-001
1.662365e+003,1.672287e-001
1.662848e+003,1.646733e-001
1.663330e+003,1.621427e-001
1.663812e+003,1.596753e-001
1.664294e+003,1.573196e-001
1.664776e+003,1.551161e-001
1.665258e+003,1.530820e-001
1.665740e+003,1.512035e-001
1.666222e+003,1.494339e-001
1.666705e+003,1.476955e-001
1.667187e+003,1.458921e-001
1.667669e+003,1.439309e-001
1.668151e+003,1.417606e-001
1.668633e+003,1.394110e-001
1.669115e+003,1.370026e-001
1.669597e+003,1.346979e-001
1.670080e+003,1.326096e-001
1.670562e+003,1.307446e-001
1.671044e+003,1.290320e-001
1.671526e+003,1.273938e-001
1.672008e+003,1.257859e-001
1.672490e+003,1.241999e-001
1.672972e+003,1.226390e-001
1.673454e+003,1.210940e-001
1.673937e+003,1.195286e-001
1.674419e+003,1.178859e-001
1.674901e+003,1.161259e-001
1.675383e+003,1.142750e-001
1.675865e+003,1.124322e-001
1.676347e+003,1.107118e-001
1.676829e+003,1.091765e-001
1.677311e+003,1.078167e-001
1.677793e+003,1.065699e-001
1.678276e+003,1.053476e-001
1.678758e+003,1.040637e-001
1.679240e+003,1.026622e-001
1.679722e+003,1.011460e-001
1.680204e+003,9.957912e-002
1.680686e+003,9.805896e-002
1.681168e+003,9.666570e-002
1.681650e+003,9.541754e-002
1.682133e+003,9.424583e-002
1.682615e+003,9.298619e-002
1.683097e+003,9.140068e-002
1.683579e+003,8.930263e-002
1.684061e+003,8.679947e-002
1.684543e+003,8.435407e-002
1.685025e+003,8.238754e-002
1.685508e+003,8.094539e-002
1.685990e+003,7.982150e-002
1.686472e+003,7.878982e-002
1.686954e+003,7.769804e-002
1.687436e+003,7.647325e-002
1.687918e+003,7.510404e-002
1.688400e+003,7.362418e-002
1.688882e+003,7.209094e-002
1.689365e+003,7.056072e-002
1.689847e+003,6.906807e-002
1.690329e+003,6.762348e-002
1.690811e+003,6.622624e-002
1.691293e+003,6.488116e-002
1.691775e+003,6.360445e-002
1.692257e+003,6.241510e-002
1.692739e+003,6.132147e-002
1.693221e+003,6.030630e-002
1.693704e+003,5.931771e-002
1.694186e+003,5.826897e-002
1.694668e+003,5.705741e-002
1.695150e+003,5.562112e-002
1.695632e+003,5.401733e-002
1.696114e+003,5.243706e-002
1.696596e+003,5.109167e-002
1.697078e+003,5.006760e-002
1.697561e+003,4.929999e-002
1.698043e+003,4.864003e-002
1.698525e+003,4.792097e-002
1.699007e+003,4.699982e-002
1.699489e+003,4.581151e-002
1.699971e+003,4.444647e-002
1.700453e+003,4.314188e-002
1.700936e+003,4.210798e-002
1.701417e+003,4.137129e-002
1.701900e+003,4.081983e-002
1.702382e+003,4.032936e-002
1.702864e+003,3.982237e-002
1.703346e+003,3.927114e-002
1.703828e+003,3.868133e-002
1.704310e+003,3.807806e-002
1.704792e+003,3.748963e-002
1.705275e+003,3.693342e-002
1.705757e+003,3.640695e-002
1.706239e+003,3.589705e-002
1.706721e+003,3.539713e-002
1.707203e+003,3.491708e-002
1.707685e+003,3.447678e-002
1.708167e+003,3.409317e-002
1.708649e+003,3.376901e-002
1.709132e+003,3.348867e-002
1.709614e+003,3.322421e-002
1.710096e+003,3.294801e-002
1.710578e+003,3.264691e-002
1.711060e+003,3.232833e-002
1.711542e+003,3.201583e-002
1.712024e+003,3.173684e-002
1.712506e+003,3.150717e-002
1.712989e+003,3.132226e-002
1.713471e+003,3.115563e-002
1.713953e+003,3.096871e-002
1.714435e+003,3.073005e-002
1.714917e+003,3.043408e-002
1.715399e+003,3.011020e-002
1.715881e+003,2.981083e-002
1.716364e+003,2.958372e-002
1.716845e+003,2.944070e-002
1.717328e+003,2.934326e-002
1.717810e+003,2.923097e-002
1.718292e+003,2.907074e-002
1.718774e+003,2.887866e-002
1.719256e+003,2.869619e-002
1.719738e+003,2.855438e-002
1.720220e+003,2.845970e-002
1.720703e+003,2.839780e-002
1.721185e+003,2.834349e-002
1.721667e+003,2.827216e-002
1.722149e+003,2.817063e-002
1.722631e+003,2.804274e-002
1.723113e+003,2.790978e-002
1.723595e+003,2.779814e-002
1.724077e+003,2.772399e-002
1.724560e+003,2.768253e-002
1.725042e+003,2.765242e-002
1.725524e+003,2.760825e-002
1.726006e+003,2.753545e-002
1.726488e+003,2.743697e-002
1.726970e+003,2.733318e-002
1.727452e+003,2.725005e-002
1.727934e+003,2.720719e-002
1.728417e+003,2.720688e-002
1.728899e+003,2.723117e-002
1.729381e+003,2.724945e-002
1.729863e+003,2.723524e-002
1.730345e+003,2.718101e-002
1.730827e+003,2.710308e-002
1.731309e+003,2.703368e-002
1.731792e+003,2.700528e-002
1.732273e+003,2.703945e-002
1.732756e+003,2.713917e-002
1.733238e+003,2.728445e-002
1.733720e+003,2.744048e-002
1.734202e+003,2.757596e-002
1.734684e+003,2.768671e-002
1.735166e+003,2.778770e-002
1.735648e+003,2.789066e-002
1.736131e+003,2.799511e-002
1.736613e+003,2.809140e-002
1.737095e+003,2.817130e-002
1.737577e+003,2.823321e-002
1.738059e+003,2.828876e-002
1.738541e+003,2.836137e-002
1.739023e+003,2.847856e-002
1.739505e+003,2.865357e-002
1.739988e+003,2.887179e-002
1.740470e+003,2.909659e-002
1.740952e+003,2.929033e-002
1.741434e+003,2.943485e-002
1.741916e+003,2.953578e-002
1.742398e+003,2.961731e-002
1.742880e+003,2.970832e-002
1.743362e+003,2.982607e-002
1.743844e+003,2.996728e-002
1.744327e+003,3.010912e-002
1.744809e+003,3.022086e-002
1.745291e+003,3.028049e-002
1.745773e+003,3.028277e-002
1.746255e+003,3.023989e-002
1.746737e+003,3.017271e-002
1.747219e+003,3.009918e-002
1.747702e+003,3.002181e-002
1.748184e+003,2.992488e-002
1.748666e+003,2.977977e-002
1.749148e+003,2.956258e-002
1.749630e+003,2.926882e-002
1.750112e+003,2.891930e-002
1.750594e+003,2.854945e-002
1.751076e+003,2.819198e-002
1.751559e+003,2.786097e-002
1.752041e+003,2.754949e-002
1.752523e+003,2.724225e-002
1.753005e+003,2.692732e-002
1.753487e+003,2.660422e-002
1.753969e+003,2.628079e-002
1.754451e+003,2.596820e-002
1.754933e+003,2.567307e-002
1.755416e+003,2.539419e-002
1.755898e+003,2.512025e-002
1.756380e+003,2.483671e-002
1.756862e+003,2.453598e-002
1.757344e+003,2.422649e-002
1.757826e+003,2.392970e-002
1.758308e+003,2.366801e-002
1.758791e+003,2.345255e-002
1.759272e+003,2.327867e-002
1.759755e+003,2.312763e-002
1.760237e+003,2.297456e-002
1.760719e+003,2.279835e-002
1.761201e+003,2.259450e-002
1.761683e+003,2.238031e-002
1.762165e+003,2.218680e-002
1.762647e+003,2.203729e-002
1.763130e+003,2.193366e-002
1.763612e+003,2.185788e-002
1.764094e+003,2.178549e-002
1.764576e+003,2.169893e-002
1.765058e+003,2.159447e-002
1.765540e+003,2.148112e-002
1.766022e+003,2.137596e-002
1.766504e+003,2.129436e-002
1.766987e+003,2.124088e-002
1.767469e+003,2.120447e-002
1.767951e+003,2.116202e-002
1.768433e+003,2.109262e-002
1.768915e+003,2.099055e-002
1.769397e+003,2.086890e-002
1.769879e+003,2.075282e-002
1.770361e+003,2.066850e-002
1.770844e+003,2.063116e-002
1.771326e+003,2.063551e-002
1.771808e+003,2.065463e-002
1.772290e+003,2.065640e-002
1.772772e+003,2.062702e-002
1.773254e+003,2.057892e-002
1.773736e+003,2.053761e-002
1.774219e+003,2.051953e-002
1.774700e+003,2.052396e-002
1.775183e+003,2.053576e-002
1.775665e+003,2.053566e-002
1.776147e+003,2.051047e-002
1.776629e+003,2.045945e-002
1.777111e+003,2.039638e-002
1.777593e+003,2.034126e-002
1.778075e+003,2.031054e-002
1.778558e+003,2.030922e-002
1.779040e+003,2.032767e-002
1.779522e+003,2.034680e-002
1.780004e+003,2.034777e-002
1.780486e+003,2.032396e-002
1.780968e+003,2.028573e-002
1.781450e+003,2.025183e-002
1.781932e+003,2.023744e-002
1.782415e+003,2.024437e-002
1.782897e+003,2.026088e-002
1.783379e+003,2.026873e-002
1.783861e+003,2.025254e-002
1.784343e+003,2.020977e-002
1.784825e+003,2.015253e-002
1.785307e+003,2.010127e-002
1.785789e+003,2.007209e-002
1.786271e+003,2.006670e-002
1.786754e+003,2.007272e-002
1.787236e+003,2.007188e-002
1.787718e+003,2.005042e-002
1.788200e+003,2.000634e-002
1.788682e+003,1.995105e-002
1.789164e+003,1.990326e-002
1.789646e+003,1.988119e-002
1.790128e+003,1.989251e-002
1.790611e+003,1.992763e-002
1.791093e+003,1.996259e-002
1.791575e+003,1.997107e-002
1.792057e+003,1.994324e-002
1.792539e+003,1.989395e-002
1.793021e+003,1.985359e-002
1.793503e+003,1.984332e-002
1.793986e+003,1.986311e-002
1.794468e+003,1.989455e-002
1.794950e+003,1.991442e-002
1.795432e+003,1.990640e-002
1.795914e+003,1.986865e-002
1.796396e+003,1.981464e-002
1.796878e+003,1.976610e-002
1.797360e+003,1.974117e-002
1.797843e+003,1.974524e-002
1.798325e+003,1.976814e-002
1.798807e+003,1.978945e-002
1.799289e+003,1.978944e-002
1.799771e+003,1.976073e-002
1.800253e+003,1.971335e-002
1.800735e+003,1.966864e-002
1.801217e+003,1.964472e-002
1.801699e+003,1.964544e-002
1.802182e+003,1.965695e-002
1.802664e+003,1.965914e-002
1.803146e+003,1.963837e-002
1.803628e+003,1.959490e-002
1.804110e+003,1.954308e-002
1.804592e+003,1.950294e-002
1.805074e+003,1.948865e-002
1.805556e+003,1.950146e-002
1.806039e+003,1.952753e-002
1.806521e+003,1.954624e-002
1.807003e+003,1.954078e-002
1.807485e+003,1.950663e-002
1.807967e+003,1.945503e-002
1.808449e+003,1.940715e-002
1.808931e+003,1.938179e-002
1.809414e+003,1.938505e-002
1.809896e+003,1.940491e-002
1.810378e+003,1.941948e-002
1.810860e+003,1.940836e-002
1.811342e+003,1.936659e-002
1.811824e+003,1.930690e-002
1.812306e+003,1.925117e-002
1.812788e+003,1.921536e-002
1.813271e+003,1.919966e-002
1.813753e+003,1.919017e-002
1.814235e+003,1.916707e-002
1.814717e+003,1.911628e-002
1.815199e+003,1.903959e-002
1.815681e+003,1.895701e-002
1.816163e+003,1.889874e-002
1.816645e+003,1.889168e-002
1.817127e+003,1.894442e-002
1.817610e+003,1.904192e-002
1.818092e+003,1.915381e-002
1.818574e+003,1.924933e-002
1.819056e+003,1.931163e-002
1.819538e+003,1.934325e-002
1.820020e+003,1.935956e-002
1.820502e+003,1.937662e-002
1.820984e+003,1.939968e-002
1.821467e+003,1.942084e-002
1.821949e+003,1.942277e-002
1.822431e+003,1.939257e-002
1.822913e+003,1.932999e-002
1.823395e+003,1.925288e-002
1.823877e+003,1.919129e-002
1.824359e+003,1.917190e-002
1.824842e+003,1.920137e-002
1.825323e+003,1.925894e-002
1.825806e+003,1.930896e-002
1.826288e+003,1.932162e-002
1.826770e+003,1.928895e-002
1.827252e+003,1.922599e-002
1.827734e+003,1.916177e-002
1.828216e+003,1.912438e-002
1.828698e+003,1.912762e-002
1.829181e+003,1.916128e-002
1.829663e+003,1.919478e-002
1.830145e+003,1.919599e-002
1.830627e+003,1.915568e-002
1.831109e+003,1.909211e-002
1.831591e+003,1.903535e-002
1.832073e+003,1.900803e-002
1.832555e+003,1.901372e-002
1.833038e+003,1.903838e-002
1.833520e+003,1.905932e-002
1.834002e+003,1.905761e-002
1.834484e+003,1.902738e-002
1.834966e+003,1.897995e-002
1.835448e+003,1.893898e-002
1.835930e+003,1.892414e-002
1.836412e+003,1.894058e-002
1.836895e+003,1.897366e-002
1.837377e+003,1.899753e-002
1.837859e+003,1.898923e-002
1.838341e+003,1.894350e-002
1.838823e+003,1.887535e-002
1.839305e+003,1.881122e-002
1.839787e+003,1.877365e-002
1.840270e+003,1.876971e-002
1.840751e+003,1.878699e-002
1.841234e+003,1.880166e-002
1.841716e+003,1.879015e-002
1.842198e+003,1.874201e-002
1.842680e+003,1.866892e-002
1.843162e+003,1.860342e-002
1.843644e+003,1.858202e-002
1.844126e+003,1.862053e-002
1.844609e+003,1.870091e-002
1.845091e+003,1.878296e-002
1.845573e+003,1.883369e-002
1.846055e+003,1.884675e-002
1.846537e+003,1.884053e-002
1.847019e+003,1.884419e-002
1.847501e+003,1.887813e-002
1.847983e+003,1.894393e-002
1.848466e+003,1.902149e-002
1.848948e+003,1.907959e-002
1.849430e+003,1.909316e-002
1.849912e+003,1.905615e-002
1.850394e+003,1.898584e-002
1.850876e+003,1.891305e-002
1.851358e+003,1.886541e-002
1.851840e+003,1.885431e-002
1.852323e+003,1.887153e-002
1.852805e+003,1.889423e-002
1.853287e+003,1.890066e-002
1.853769e+003,1.888243e-002
1.854251e+003,1.885017e-002
1.854733e+003,1.882614e-002
1.855215e+003,1.882927e-002
1.855698e+003,1.886318e-002
1.856179e+003,1.891379e-002
1.856662e+003,1.895447e-002
1.857144e+003,1.896305e-002
1.857626e+003,1.893269e-002
1.858108e+003,1.887810e-002
1.858590e+003,1.882501e-002
1.859072e+003,1.879628e-002
1.859554e+003,1.879750e-002
1.860037e+003,1.881474e-002
1.860519e+003,1.882277e-002
1.861001e+003,1.880171e-002
1.861483e+003,1.874982e-002
1.861965e+003,1.868655e-002
1.862447e+003,1.864251e-002
1.862929e+003,1.864222e-002
1.863411e+003,1.869020e-002
1.863894e+003,1.876917e-002
1.864376e+003,1.884857e-002
1.864858e+003,1.890050e-002
1.865340e+003,1.891292e-002
1.865822e+003,1.889730e-002
1.866304e+003,1.888130e-002
1.866786e+003,1.889225e-002
1.867268e+003,1.894014e-002
1.867750e+003,1.900641e-002
1.868233e+003,1.905213e-002
1.868715e+003,1.904247e-002
1.869197e+003,1.897440e-002
1.869679e+003,1.888089e-002
1.870161e+003,1.880984e-002
1.870643e+003,1.879223e-002
1.871125e+003,1.882918e-002
1.871608e+003,1.889553e-002
1.872090e+003,1.895596e-002
1.872572e+003,1.898339e-002
1.873054e+003,1.897023e-002
1.873536e+003,1.893203e-002
1.874018e+003,1.889788e-002
1.874500e+003,1.889346e-002
1.874982e+003,1.892592e-002
1.875465e+003,1.897944e-002
1.875947e+003,1.902498e-002
1.876429e+003,1.903700e-002
1.876911e+003,1.900942e-002
1.877393e+003,1.896082e-002
1.877875e+003,1.892289e-002
1.878357e+003,1.892317e-002
1.878839e+003,1.896855e-002
1.879322e+003,1.904123e-002
1.879804e+003,1.910917e-002
1.880286e+003,1.914500e-002
1.880768e+003,1.914226e-002
1.881250e+003,1.912094e-002
1.881732e+003,1.911601e-002
1.882214e+003,1.915800e-002
1.882697e+003,1.925359e-002
1.883178e+003,1.938215e-002
1.883661e+003,1.950420e-002
1.884143e+003,1.958075e-002
1.884625e+003,1.959382e-002
1.885107e+003,1.955475e-002
1.885589e+003,1.949634e-002
1.886071e+003,1.945199e-002
1.886553e+003,1.943884e-002
1.887036e+003,1.944996e-002
1.887518e+003,1.946159e-002
1.888000e+003,1.944900e-002
1.888482e+003,1.940399e-002
1.888964e+003,1.934576e-002
1.889446e+003,1.931006e-002
1.889928e+003,1.932743e-002
1.890410e+003,1.940066e-002
1.890893e+003,1.950107e-002
1.891375e+003,1.958748e-002
1.891857e+003,1.962599e-002
1.892339e+003,1.960903e-002
1.892821e+003,1.955615e-002
1.893303e+003,1.950357e-002
1.893785e+003,1.948586e-002
1.894267e+003,1.951601e-002
1.894750e+003,1.957884e-002
1.895232e+003,1.963785e-002
1.895714e+003,1.965912e-002
1.896196e+003,1.963175e-002
1.896678e+003,1.957573e-002
1.897160e+003,1.952844e-002
1.897642e+003,1.952367e-002
1.898125e+003,1.957217e-002
1.898606e+003,1.965535e-002
1.899089e+003,1.973639e-002
1.899571e+003,1.977808e-002
1.900053e+003,1.976285e-002
1.900535e+003,1.970034e-002
1.901017e+003,1.961954e-002
1.901499e+003,1.955046e-002
1.901981e+003,1.950534e-002
1.902464e+003,1.947343e-002
1.902946e+003,1.942795e-002
1.903428e+003,1.934661e-002
1.903910e+003,1.922779e-002
1.904392e+003,1.909743e-002
1.904874e+003,1.899537e-002
1.905356e+003,1.895593e-002
1.905838e+003,1.898658e-002
1.906321e+003,1.906422e-002
1.906803e+003,1.914520e-002
1.907285e+003,1.918717e-002
1.907767e+003,1.917125e-002
1.908249e+003,1.911223e-002
1.908731e+003,1.904885e-002
1.909213e+003,1.902149e-002
1.909695e+003,1.904857e-002
1.910177e+003,1.911691e-002
1.910660e+003,1.919196e-002
1.911142e+003,1.924126e-002
1.911624e+003,1.925357e-002
1.912106e+003,1.924481e-002
1.912588e+003,1.924571e-002
1.913070e+003,1.928099e-002
1.913552e+003,1.935327e-002
1.914034e+003,1.944020e-002
1.914517e+003,1.950478e-002
1.914999e+003,1.951749e-002
1.915481e+003,1.947185e-002
1.915963e+003,1.939227e-002
1.916445e+003,1.932221e-002
1.916927e+003,1.930140e-002
1.917409e+003,1.933896e-002
1.917892e+003,1.940600e-002
1.918374e+003,1.944829e-002
1.918856e+003,1.942220e-002
1.919338e+003,1.931942e-002
1.919820e+003,1.917188e-002
1.920302e+003,1.903068e-002
1.920784e+003,1.893864e-002
1.921266e+003,1.891083e-002
1.921749e+003,1.893017e-002
1.922231e+003,1.895602e-002
1.922713e+003,1.895022e-002
1.923195e+003,1.889937e-002
1.923677e+003,1.882822e-002
1.924159e+003,1.877908e-002
1.924641e+003,1.878209e-002
1.925123e+003,1.883788e-002
1.925605e+003,1.891399e-002
1.926088e+003,1.896801e-002
1.926570e+003,1.896871e-002
1.927052e+003,1.891957e-002
1.927534e+003,1.885911e-002
1.928016e+003,1.884273e-002
1.928498e+003,1.890855e-002
1.928980e+003,1.905345e-002
1.929462e+003,1.922906e-002
1.929945e+003,1.936329e-002
1.930427e+003,1.939844e-002
1.930909e+003,1.932072e-002
1.931391e+003,1.917219e-002
1.931873e+003,1.903075e-002
1.932355e+003,1.897046e-002
1.932837e+003,1.902236e-002
1.933320e+003,1.916190e-002
1.933802e+003,1.932187e-002
1.934284e+003,1.942965e-002
1.934766e+003,1.944388e-002
1.935248e+003,1.937333e-002
1.935730e+003,1.926809e-002
1.936212e+003,1.918329e-002
1.936694e+003,1.914927e-002
1.937177e+003,1.915430e-002
1.937659e+003,1.915270e-002
1.938141e+003,1.909663e-002
1.938623e+003,1.896662e-002
1.939105e+003,1.878572e-002
1.939587e+003,1.860581e-002
1.940069e+003,1.848131e-002
1.940551e+003,1.843569e-002
1.941033e+003,1.845033e-002
1.941516e+003,1.847234e-002
1.941998e+003,1.844996e-002
1.942480e+003,1.836666e-002
1.942962e+003,1.826352e-002
1.943444e+003,1.821218e-002
1.943926e+003,1.826988e-002
1.944408e+003,1.844066e-002
1.944890e+003,1.867388e-002
1.945373e+003,1.888790e-002
1.945855e+003,1.901212e-002
1.946337e+003,1.901789e-002
1.946819e+003,1.893419e-002
1.947301e+003,1.882923e-002
1.947783e+003,1.876889e-002
1.948265e+003,1.878146e-002
1.948748e+003,1.884368e-002
1.949229e+003,1.889807e-002
1.949712e+003,1.889171e-002
1.950194e+003,1.880619e-002
1.950676e+003,1.867597e-002
1.951158e+003,1.856487e-002
1.951640e+003,1.852742e-002
1.952122e+003,1.857286e-002
1.952604e+003,1.865787e-002
1.953087e+003,1.870838e-002
1.953569e+003,1.866284e-002
1.954051e+003,1.850736e-002
1.954533e+003,1.829274e-002
1.955015e+003,1.810552e-002
1.955497e+003,1.802196e-002
1.955979e+003,1.806341e-002
1.956461e+003,1.818878e-002
1.956944e+003,1.832239e-002
1.957426e+003,1.840351e-002
1.957908e+003,1.842369e-002
1.958390e+003,1.844355e-002
1.958872e+003,1.855528e-002
1.959354e+003,1.882490e-002
1.959836e+003,1.924264e-002
1.960318e+003,1.971377e-002
1.960801e+003,2.009890e-002
1.961283e+003,2.027719e-002
1.961765e+003,2.021261e-002
1.962247e+003,1.996822e-002
1.962729e+003,1.967998e-002
1.963211e+003,1.947681e-002
1.963693e+003,1.942142e-002
1.964176e+003,1.948584e-002
1.964657e+003,1.957894e-002
1.965140e+003,1.960887e-002
1.965622e+003,1.953804e-002
1.966104e+003,1.941380e-002
1.966586e+003,1.933824e-002
1.967068e+003,1.939479e-002
1.967550e+003,1.958743e-002
1.968032e+003,1.982678e-002
1.968515e+003,1.998012e-002
1.968997e+003,1.994695e-002
1.969479e+003,1.972288e-002
1.969961e+003,1.940501e-002
1.970443e+003,1.914987e-002
1.970925e+003,1.908597e-002
1.971407e+003,1.924842e-002
1.971889e+003,1.956104e-002
1.972372e+003,1.988087e-002
1.972854e+003,2.007461e-002
1.973336e+003,2.008976e-002
1.973818e+003,1.998474e-002
1.974300e+003,1.989528e-002
1.974782e+003,1.994876e-002
1.975264e+003,2.019208e-002
1.975746e+003,2.057390e-002
1.976229e+003,2.098149e-002
1.976711e+003,2.131259e-002
1.977193e+003,2.154509e-002
1.977675e+003,2.174603e-002
1.978157e+003,2.202196e-002
1.978639e+003,2.243160e-002
1.979121e+003,2.293161e-002
1.979604e+003,2.339250e-002
1.980085e+003,2.366603e-002
1.980568e+003,2.366437e-002
1.981050e+003,2.340771e-002
1.981532e+003,2.302778e-002
1.982014e+003,2.269706e-002
1.982496e+003,2.254633e-002
1.982978e+003,2.259808e-002
1.983460e+003,2.276335e-002
1.983943e+003,2.289025e-002
1.984425e+003,2.284572e-002
1.984907e+003,2.258360e-002
1.985389e+003,2.216476e-002
1.985871e+003,2.172420e-002
1.986353e+003,2.139274e-002
1.986835e+003,2.123437e-002
1.987317e+003,2.120976e-002
1.987800e+003,2.121632e-002
1.988282e+003,2.114288e-002
1.988764e+003,2.093937e-002
1.989246e+003,2.064413e-002
1.989728e+003,2.036086e-002
1.990210e+003,2.019735e-002
1.990692e+003,2.020535e-002
1.991174e+003,2.035735e-002
1.991656e+003,2.056398e-002
1.992139e+003,2.072924e-002
1.992621e+003,2.080939e-002
1.993103e+003,2.083175e-002
1.993585e+003,2.087272e-002
1.994067e+003,2.099446e-002
1.994549e+003,2.120188e-002
1.995031e+003,2.144284e-002
1.995514e+003,2.163036e-002
1.995996e+003,2.169532e-002
1.996478e+003,2.162263e-002
1.996960e+003,2.146723e-002
1.997442e+003,2.131788e-002
1.997924e+003,2.124616e-002
1.998406e+003,2.125862e-002
1.998888e+003,2.129103e-002
1.999371e+003,2.124212e-002
1.999853e+003,2.103202e-002
2.000335e+003,2.065026e-002
2.000817e+003,2.017037e-002
2.001299e+003,1.971493e-002
2.001781e+003,1.938335e-002
2.002263e+003,1.920290e-002
2.002745e+003,1.911432e-002
2.003228e+003,1.901661e-002
2.003710e+003,1.883195e-002
2.004192e+003,1.856149e-002
2.004674e+003,1.830591e-002
2.005156e+003,1.821220e-002
2.005638e+003,1.839229e-002
2.006120e+003,1.884116e-002
2.006603e+003,1.942718e-002
2.007084e+003,1.994358e-002
2.007567e+003,2.020832e-002
2.008049e+003,2.015393e-002
2.008531e+003,1.986440e-002
2.009013e+003,1.953091e-002
2.009495e+003,1.934551e-002
2.009977e+003,1.940279e-002
2.010459e+003,1.966501e-002
2.010942e+003,1.999744e-002
2.011424e+003,2.025138e-002
2.011906e+003,2.034117e-002
2.012388e+003,2.029118e-002
2.012870e+003,2.020935e-002
2.013352e+003,2.020928e-002
2.013834e+003,2.034243e-002
2.014316e+003,2.056122e-002
2.014799e+003,2.074810e-002
2.015281e+003,2.078164e-002
2.015763e+003,2.061120e-002
2.016245e+003,2.029595e-002
2.016727e+003,1.998251e-002
2.017209e+003,1.981943e-002
2.017691e+003,1.987696e-002
2.018173e+003,2.010672e-002
2.018656e+003,2.037669e-002
2.019138e+003,2.054653e-002
2.019620e+003,2.054493e-002
2.020102e+003,2.040308e-002
2.020584e+003,2.022438e-002
2.021066e+003,2.012629e-002
2.021548e+003,2.016453e-002
2.022031e+003,2.031188e-002
2.022512e+003,2.048120e-002
2.022995e+003,2.058647e-002
2.023477e+003,2.060160e-002
2.023959e+003,2.058117e-002
2.024441e+003,2.063174e-002
2.024923e+003,2.083223e-002
2.025405e+003,2.118071e-002
2.025887e+003,2.157641e-002
2.026370e+003,2.186660e-002
2.026852e+003,2.191958e-002
2.027334e+003,2.169212e-002
2.027816e+003,2.126408e-002
2.028298e+003,2.079614e-002
2.028780e+003,2.045440e-002
2.029262e+003,2.032418e-002
2.029744e+003,2.038923e-002
2.030227e+003,2.054899e-002
2.030709e+003,2.069789e-002
2.031191e+003,2.078342e-002
2.031673e+003,2.083888e-002
2.032155e+003,2.095186e-002
2.032637e+003,2.119804e-002
2.033119e+003,2.158018e-002
2.033601e+003,2.201965e-002
2.034083e+003,2.239041e-002
2.034566e+003,2.258976e-002
2.035048e+003,2.259290e-002
2.035530e+003,2.247635e-002
2.036012e+003,2.236874e-002
2.036494e+003,2.238442e-002
2.036976e+003,2.255317e-002
2.037458e+003,2.281651e-002
2.037940e+003,2.306085e-002
2.038423e+003,2.317994e-002
2.038905e+003,2.313424e-002
2.039387e+003,2.296681e-002
2.039869e+003,2.278241e-002
2.040351e+003,2.268132e-002
2.040833e+003,2.270971e-002
2.041315e+003,2.284534e-002
2.041798e+003,2.301312e-002
2.042280e+003,2.314392e-002
2.042762e+003,2.320587e-002
2.043244e+003,2.322795e-002
2.043726e+003,2.326499e-002
2.044208e+003,2.335510e-002
2.044690e+003,2.348624e-002
2.045172e+003,2.360144e-002
2.045655e+003,2.362963e-002
2.046137e+003,2.353912e-002
2.046619e+003,2.336830e-002
2.047101e+003,2.322327e-002
2.047583e+003,2.322951e-002
2.048065e+003,2.345867e-002
2.048547e+003,2.388620e-002
2.049029e+003,2.438683e-002
2.049511e+003,2.479371e-002
2.049994e+003,2.496725e-002
2.050476e+003,2.485770e-002
2.050958e+003,2.451938e-002
2.051440e+003,2.407956e-002
2.051922e+003,2.367619e-002
2.052404e+003,2.340609e-002
2.052886e+003,2.329756e-002
2.053368e+003,2.331456e-002
2.053851e+003,2.338954e-002
2.054333e+003,2.345995e-002
2.054815e+003,2.349278e-002
2.055297e+003,2.348802e-002
2.055779e+003,2.346136e-002
2.056261e+003,2.342084e-002
2.056743e+003,2.336001e-002
2.057226e+003,2.325928e-002
2.057708e+003,2.310771e-002
2.058190e+003,2.291432e-002
2.058672e+003,2.271894e-002
2.059154e+003,2.257121e-002
2.059636e+003,2.250707e-002
2.060118e+003,2.252837e-002
2.060600e+003,2.260373e-002
2.061083e+003,2.268292e-002
2.061565e+003,2.272647e-002
2.062047e+003,2.272759e-002
2.062529e+003,2.271685e-002
2.063011e+003,2.274368e-002
2.063493e+003,2.284599e-002
2.063975e+003,2.302596e-002
2.064457e+003,2.324760e-002
2.064939e+003,2.345148e-002
2.065422e+003,2.358545e-002
2.065904e+003,2.363109e-002
2.066386e+003,2.361362e-002
2.066868e+003,2.358165e-002
2.067350e+003,2.358181e-002
2.067832e+003,2.363338e-002
2.068314e+003,2.372255e-002
2.068796e+003,2.381515e-002
2.069279e+003,2.387998e-002
2.069761e+003,2.390808e-002
2.070243e+003,2.392020e-002
2.070725e+003,2.395170e-002
2.071207e+003,2.402804e-002
2.071689e+003,2.414602e-002
2.072171e+003,2.427705e-002
2.072654e+003,2.437604e-002
2.073135e+003,2.441299e-002
2.073618e+003,2.438498e-002
2.074100e+003,2.432563e-002
2.074582e+003,2.428284e-002
2.075064e+003,2.429321e-002
2.075546e+003,2.436153e-002
2.076028e+003,2.445850e-002
2.076510e+003,2.453608e-002
2.076993e+003,2.455549e-002
2.077475e+003,2.450736e-002
2.077957e+003,2.441974e-002
2.078439e+003,2.434114e-002
2.078921e+003,2.431565e-002
2.079403e+003,2.435866e-002
2.079885e+003,2.445274e-002
2.080367e+003,2.455672e-002
2.080850e+003,2.462936e-002
2.081332e+003,2.465151e-002
2.081814e+003,2.463270e-002
2.082296e+003,2.460167e-002
2.082778e+003,2.458780e-002
2.083260e+003,2.459959e-002
2.083742e+003,2.462266e-002
2.084224e+003,2.462673e-002
2.084707e+003,2.458487e-002
2.085189e+003,2.449060e-002
2.085671e+003,2.436286e-002
2.086153e+003,2.423820e-002
2.086635e+003,2.414859e-002
2.087117e+003,2.410480e-002
2.087599e+003,2.409461e-002
2.088082e+003,2.408880e-002
2.088563e+003,2.405961e-002
2.089046e+003,2.399508e-002
2.089528e+003,2.390715e-002
2.090010e+003,2.381924e-002
2.090492e+003,2.374908e-002
2.090974e+003,2.369738e-002
2.091456e+003,2.364623e-002
2.091938e+003,2.357093e-002
2.092421e+003,2.345861e-002
2.092903e+003,2.332214e-002
2.093385e+003,2.320020e-002
2.093867e+003,2.314207e-002
2.094349e+003,2.318227e-002
2.094831e+003,2.332084e-002
2.095313e+003,2.352140e-002
2.095795e+003,2.372657e-002
2.096278e+003,2.388511e-002
2.096760e+003,2.397256e-002
2.097242e+003,2.400282e-002
2.097724e+003,2.401255e-002
2.098206e+003,2.403648e-002
2.098688e+003,2.408592e-002
2.099170e+003,2.414652e-002
2.099652e+003,2.418421e-002
2.100135e+003,2.417075e-002
2.100617e+003,2.410269e-002
2.101099e+003,2.400730e-002
2.101581e+003,2.393217e-002
2.102063e+003,2.391835e-002
2.102545e+003,2.398012e-002
2.103027e+003,2.409866e-002
2.103510e+003,2.422885e-002
2.103991e+003,2.432583e-002
2.104474e+003,2.436069e-002
2.104956e+003,2.433826e-002
2.105438e+003,2.428524e-002
2.105920e+003,2.423555e-002
2.106402e+003,2.421014e-002
2.106884e+003,2.421066e-002
2.107366e+003,2.422072e-002
2.107849e+003,2.422396e-002
2.108331e+003,2.421624e-002
2.108813e+003,2.421188e-002
2.109295e+003,2.423528e-002
2.109777e+003,2.430363e-002
2.110259e+003,2.441445e-002
2.110741e+003,2.454293e-002
2.111223e+003,2.465279e-002
2.111706e+003,2.471471e-002
2.112188e+003,2.471999e-002
2.112670e+003,2.468695e-002
2.113152e+003,2.464733e-002
2.113634e+003,2.462692e-002
2.114116e+003,2.463109e-002
2.114598e+003,2.464060e-002
2.115080e+003,2.462232e-002
2.115563e+003,2.454924e-002
2.116045e+003,2.441780e-002
2.116527e+003,2.425054e-002
2.117009e+003,2.408784e-002
2.117491e+003,2.396506e-002
2.117973e+003,2.389431e-002
2.118455e+003,2.385955e-002
2.118938e+003,2.382420e-002
2.119420e+003,2.375352e-002
2.119902e+003,2.363035e-002
2.120384e+003,2.346743e-002
2.120866e+003,2.329761e-002
2.121348e+003,2.315427e-002
2.121830e+003,2.305320e-002
2.122312e+003,2.298497e-002
2.122794e+003,2.292060e-002
2.123277e+003,2.282931e-002
2.123759e+003,2.269796e-002
2.124241e+003,2.254023e-002
2.124723e+003,2.238925e-002
2.125205e+003,2.227717e-002
2.125687e+003,2.221787e-002
2.126169e+003,2.219765e-002
2.126651e+003,2.218327e-002
2.127134e+003,2.213668e-002
2.127616e+003,2.203657e-002
2.128098e+003,2.188797e-002
2.128580e+003,2.171508e-002
2.129062e+003,2.154286e-002
2.129544e+003,2.137838e-002
2.130026e+003,2.120708e-002
2.130509e+003,2.099847e-002
2.130990e+003,2.073190e-002
2.131473e+003,2.041459e-002
2.131955e+003,2.009372e-002
2.132437e+003,1.984428e-002
2.132919e+003,1.973635e-002
2.133401e+003,1.980638e-002
2.133883e+003,2.003914e-002
2.134365e+003,2.037232e-002
2.134848e+003,2.072551e-002
2.135330e+003,2.102883e-002
2.135812e+003,2.125201e-002
2.136294e+003,2.140254e-002
2.136776e+003,2.150533e-002
2.137258e+003,2.157904e-002
2.137740e+003,2.162436e-002
2.138222e+003,2.161995e-002
2.138705e+003,2.154693e-002
2.139187e+003,2.140708e-002
2.139669e+003,2.123367e-002
2.140151e+003,2.107856e-002
2.140633e+003,2.098319e-002
2.141115e+003,2.095621e-002
2.141597e+003,2.096448e-002
2.142079e+003,2.094800e-002
2.142562e+003,2.084948e-002
2.143044e+003,2.064636e-002
2.143526e+003,2.036574e-002
2.144008e+003,2.007048e-002
2.144490e+003,1.982571e-002
2.144972e+003,1.966755e-002
2.145454e+003,1.958747e-002
2.145937e+003,1.954721e-002
2.146418e+003,1.950513e-002
2.146901e+003,1.945038e-002
2.147383e+003,1.940963e-002
2.147865e+003,1.943143e-002
2.148347e+003,1.954395e-002
2.148829e+003,1.973004e-002
2.149311e+003,1.992128e-002
2.149793e+003,2.002450e-002
2.150276e+003,1.996850e-002
2.150758e+003,1.973996e-002
2.151240e+003,1.940075e-002
2.151722e+003,1.905817e-002
2.152204e+003,1.881029e-002
2.152686e+003,1.869712e-002
2.153168e+003,1.868195e-002
2.153650e+003,1.866502e-002
2.154133e+003,1.854142e-002
2.154615e+003,1.825143e-002
2.155097e+003,1.782106e-002
2.155579e+003,1.734952e-002
2.156061e+003,1.696930e-002
2.156543e+003,1.679571e-002
2.157025e+003,1.689567e-002
2.157507e+003,1.729134e-002
2.157990e+003,1.798907e-002
2.158472e+003,1.899877e-002
2.158954e+003,2.033130e-002
2.159436e+003,2.194797e-002
2.159918e+003,2.371037e-002
2.160400e+003,2.539139e-002
2.160882e+003,2.673642e-002
2.161365e+003,2.754220e-002
2.161846e+003,2.773550e-002
2.162329e+003,2.739381e-002
2.162811e+003,2.672732e-002
2.163293e+003,2.600147e-002
2.163775e+003,2.544336e-002
2.164257e+003,2.516062e-002
2.164739e+003,2.513691e-002
2.165221e+003,2.526041e-002
2.165704e+003,2.540581e-002
2.166186e+003,2.548712e-002
2.166668e+003,2.549803e-002
2.167150e+003,2.547987e-002
2.167632e+003,2.547580e-002
2.168114e+003,2.548981e-002
2.168596e+003,2.547798e-002
2.169078e+003,2.536802e-002
2.169561e+003,2.510739e-002
2.170043e+003,2.469718e-002
2.170525e+003,2.420911e-002
2.171007e+003,2.375220e-002
2.171489e+003,2.342129e-002
2.171971e+003,2.325911e-002
2.172453e+003,2.323543e-002
2.172935e+003,2.327630e-002
2.173417e+003,2.330472e-002
2.173900e+003,2.328515e-002
2.174382e+003,2.324099e-002
2.174864e+003,2.322901e-002
2.175346e+003,2.330072e-002
2.175828e+003,2.346255e-002
2.176310e+003,2.366604e-002
2.176792e+003,2.383118e-002
2.177274e+003,2.389439e-002
2.177757e+003,2.384196e-002
2.178239e+003,2.372283e-002
2.178721e+003,2.362164e-002
2.179203e+003,2.361532e-002
2.179685e+003,2.372621e-002
2.180167e+003,2.392310e-002
2.180649e+003,2.413605e-002
2.181132e+003,2.430605e-002
2.181614e+003,2.441578e-002
2.182096e+003,2.450627e-002
2.182578e+003,2.464966e-002
2.183060e+003,2.489879e-002
2.183542e+003,2.525226e-002
2.184024e+003,2.564771e-002
2.184506e+003,2.598696e-002
2.184989e+003,2.618395e-002
2.185471e+003,2.620312e-002
2.185953e+003,2.607675e-002
2.186435e+003,2.588095e-002
2.186917e+003,2.569047e-002
2.187399e+003,2.554230e-002
2.187881e+003,2.542551e-002
2.188363e+003,2.529386e-002
2.188845e+003,2.510856e-002
2.189328e+003,2.486729e-002
2.189810e+003,2.462202e-002
2.190292e+003,2.444924e-002
2.190774e+003,2.441217e-002
2.191256e+003,2.452757e-002
2.191738e+003,2.475416e-002
2.192220e+003,2.501348e-002
2.192702e+003,2.522972e-002
2.193185e+003,2.536310e-002
2.193667e+003,2.542683e-002
2.194149e+003,2.546975e-002
2.194631e+003,2.553562e-002
2.195113e+003,2.563821e-002
2.195595e+003,2.574802e-002
2.196077e+003,2.580764e-002
2.196560e+003,2.576844e-002
2.197042e+003,2.561840e-002
2.197524e+003,2.539862e-002
2.198006e+003,2.518530e-002
2.198488e+003,2.504947e-002
2.198970e+003,2.502565e-002
2.199452e+003,2.509563e-002
2.199934e+003,2.520208e-002
2.200417e+003,2.527992e-002
2.200899e+003,2.528883e-002
2.201381e+003,2.523423e-002
2.201863e+003,2.515496e-002
2.202345e+003,2.509844e-002
2.202827e+003,2.509188e-002
2.203309e+003,2.512922e-002
2.203791e+003,2.517565e-002
2.204273e+003,2.519563e-002
2.204756e+003,2.516769e-002
2.205238e+003,2.510576e-002
2.205720e+003,2.504065e-002
2.206202e+003,2.499998e-002
2.206684e+003,2.498757e-002
2.207166e+003,2.498057e-002
2.207648e+003,2.494046e-002
2.208130e+003,2.483913e-002
2.208613e+003,2.468250e-002
2.209095e+003,2.451134e-002
2.209577e+003,2.438841e-002
2.210059e+003,2.436174e-002
2.210541e+003,2.444203e-002
2.211023e+003,2.459549e-002
2.211505e+003,2.475934e-002
2.211988e+003,2.487462e-002
2.212469e+003,2.490916e-002
2.212952e+003,2.487719e-002
2.213434e+003,2.482473e-002
2.213916e+003,2.479927e-002
2.214398e+003,2.482674e-002
2.214880e+003,2.489947e-002
2.215362e+003,2.498195e-002
2.215844e+003,2.503456e-002
2.216327e+003,2.503805e-002
2.216809e+003,2.500369e-002
2.217291e+003,2.496472e-002
2.217773e+003,2.495416e-002
2.218255e+003,2.498357e-002
2.218737e+003,2.503623e-002
2.219219e+003,2.507843e-002
2.219701e+003,2.507791e-002
2.220184e+003,2.502477e-002
2.220666e+003,2.494284e-002
2.221148e+003,2.487576e-002
2.221630e+003,2.486325e-002
2.222112e+003,2.491806e-002
2.222594e+003,2.502405e-002
2.223076e+003,2.514129e-002
2.223558e+003,2.523046e-002
2.224041e+003,2.527170e-002
2.224523e+003,2.527454e-002
2.225005e+003,2.526912e-002
2.225487e+003,2.528193e-002
2.225969e+003,2.532005e-002
2.226451e+003,2.536718e-002
2.226933e+003,2.538942e-002
2.227416e+003,2.536021e-002
2.227897e+003,2.527499e-002
2.228380e+003,2.516171e-002
2.228862e+003,2.506400e-002
2.229344e+003,2.502045e-002
2.229826e+003,2.504353e-002
2.230308e+003,2.511485e-002
2.230790e+003,2.519454e-002
2.231272e+003,2.524339e-002
2.231755e+003,2.524588e-002
2.232237e+003,2.521954e-002
2.232719e+003,2.520425e-002
2.233201e+003,2.524007e-002
2.233683e+003,2.534663e-002
2.234165e+003,2.551017e-002
2.234647e+003,2.569296e-002
2.235129e+003,2.584923e-002
2.235612e+003,2.594587e-002
2.236094e+003,2.597894e-002
2.236576e+003,2.596734e-002
2.237058e+003,2.593899e-002
2.237540e+003,2.591411e-002
2.238022e+003,2.589876e-002
2.238504e+003,2.588385e-002
2.238986e+003,2.585948e-002
2.239469e+003,2.582405e-002
2.239951e+003,2.579448e-002
2.240433e+003,2.579637e-002
2.240915e+003,2.585057e-002
2.241397e+003,2.595909e-002
2.241879e+003,2.610552e-002
2.242361e+003,2.625782e-002
2.242844e+003,2.638479e-002
2.243326e+003,2.646836e-002
2.243808e+003,2.651103e-002
2.244290e+003,2.652674e-002
2.244772e+003,2.652915e-002
2.245254e+003,2.651971e-002
2.245736e+003,2.648649e-002
2.246218e+003,2.640950e-002
2.246700e+003,2.627758e-002
2.247183e+003,2.609791e-002
2.247665e+003,2.590135e-002
2.248147e+003,2.573099e-002
2.248629e+003,2.562124e-002
2.249111e+003,2.558688e-002
2.249593e+003,2.561356e-002
2.250075e+003,2.566918e-002
2.250557e+003,2.571923e-002
2.251040e+003,2.574236e-002
2.251522e+003,2.574120e-002
2.252004e+003,2.573714e-002
2.252486e+003,2.575384e-002
2.252968e+003,2.580595e-002
2.253450e+003,2.589105e-002
2.253932e+003,2.599114e-002
2.254415e+003,2.608623e-002
2.254896e+003,2.616646e-002
2.255379e+003,2.623662e-002
2.255861e+003,2.631201e-002
2.256343e+003,2.640618e-002
2.256825e+003,2.651931e-002
2.257307e+003,2.663571e-002
2.257789e+003,2.672873e-002
2.258271e+003,2.677435e-002
2.258754e+003,2.676122e-002
2.259236e+003,2.669924e-002
2.259718e+003,2.661238e-002
2.260200e+003,2.652603e-002
2.260682e+003,2.645743e-002
2.261164e+003,2.640973e-002
2.261646e+003,2.637503e-002
2.262128e+003,2.634385e-002
2.262611e+003,2.631581e-002
2.263093e+003,2.630224e-002
2.263575e+003,2.632025e-002
2.264057e+003,2.638226e-002
2.264539e+003,2.648631e-002
2.265021e+003,2.661353e-002
2.265503e+003,2.673605e-002
2.265985e+003,2.682815e-002
2.266468e+003,2.687630e-002
2.266950e+003,2.688758e-002
2.267432e+003,2.688087e-002
2.267914e+003,2.687701e-002
2.268396e+003,2.688565e-002
2.268878e+003,2.690373e-002
2.269360e+003,2.691857e-002
2.269843e+003,2.691802e-002
2.270324e+003,2.690148e-002
2.270807e+003,2.688214e-002
2.271289e+003,2.688576e-002
2.271771e+003,2.693308e-002
2.272253e+003,2.703374e-002
2.272735e+003,2.717903e-002
2.273217e+003,2.734539e-002
2.273699e+003,2.750579e-002
2.274182e+003,2.763994e-002
2.274664e+003,2.774207e-002
2.275146e+003,2.781920e-002
2.275628e+003,2.788350e-002
2.276110e+003,2.794325e-002
2.276592e+003,2.799992e-002
2.277074e+003,2.804629e-002
2.277556e+003,2.807380e-002
2.278039e+003,2.807796e-002
2.278521e+003,2.806356e-002
2.279003e+003,2.804199e-002
2.279485e+003,2.802625e-002
2.279967e+003,2.802464e-002
2.280449e+003,2.804012e-002
2.280931e+003,2.807000e-002
2.281413e+003,2.811225e-002
2.281896e+003,2.816750e-002
2.282378e+003,2.824255e-002
2.282860e+003,2.834245e-002
2.283342e+003,2.846803e-002
2.283824e+003,2.860948e-002
2.284306e+003,2.874874e-002
2.284788e+003,2.886453e-002
2.285271e+003,2.893939e-002
2.285752e+003,2.896787e-002
2.286235e+003,2.895643e-002
2.286717e+003,2.892104e-002
2.287199e+003,2.887806e-002
2.287681e+003,2.883795e-002
2.288163e+003,2.880391e-002
2.288645e+003,2.877275e-002
2.289127e+003,2.874032e-002
2.289610e+003,2.870592e-002
2.290092e+003,2.867441e-002
2.290574e+003,2.865294e-002
2.291056e+003,2.864514e-002
2.291538e+003,2.864734e-002
2.292020e+003,2.864985e-002
2.292502e+003,2.863813e-002
2.292984e+003,2.860263e-002
2.293467e+003,2.854178e-002
2.293949e+003,2.846386e-002
2.294431e+003,2.838434e-002
2.294913e+003,2.831771e-002
2.295395e+003,2.827092e-002
2.295877e+003,2.824156e-002
2.296359e+003,2.822010e-002
2.296841e+003,2.819557e-002
2.297323e+003,2.816124e-002
2.297806e+003,2.811930e-002
2.298288e+003,2.807860e-002
2.298770e+003,2.804994e-002
2.299252e+003,2.804000e-002
2.299734e+003,2.805011e-002
2.300216e+003,2.807535e-002
2.300698e+003,2.810757e-002
2.301180e+003,2.814210e-002
2.301663e+003,2.817772e-002
2.302145e+003,2.821665e-002
2.302627e+003,2.826094e-002
2.303109e+003,2.830948e-002
2.303591e+003,2.835836e-002
2.304073e+003,2.840019e-002
2.304555e+003,2.843080e-002
2.305038e+003,2.845081e-002
2.305520e+003,2.846769e-002
2.306002e+003,2.849140e-002
2.306484e+003,2.853125e-002
2.306966e+003,2.858865e-002
2.307448e+003,2.865914e-002
2.307930e+003,2.873139e-002
2.308412e+003,2.879390e-002
2.308895e+003,2.883873e-002
2.309377e+003,2.886570e-002
2.309859e+003,2.887898e-002
2.310341e+003,2.888468e-002
2.310823e+003,2.888693e-002
2.311305e+003,2.888642e-002
2.311787e+003,2.888227e-002
2.312269e+003,2.887466e-002
2.312751e+003,2.886727e-002
2.313234e+003,2.886903e-002
2.313716e+003,2.888972e-002
2.314198e+003,2.893456e-002
2.314680e+003,2.900193e-002
2.315162e+003,2.908384e-002
2.315644e+003,2.916936e-002
2.316126e+003,2.924946e-002
2.316608e+003,2.932288e-002
2.317091e+003,2.939530e-002
2.317573e+003,2.947756e-002
2.318055e+003,2.957781e-002
2.318537e+003,2.969916e-002
2.319019e+003,2.983790e-002
2.319501e+003,2.998820e-002
2.319983e+003,3.014753e-002
2.320466e+003,3.031993e-002
2.320948e+003,3.051717e-002
2.321430e+003,3.074703e-002
2.321912e+003,3.100694e-002
2.322394e+003,3.127417e-002
2.322876e+003,3.150758e-002
2.323358e+003,3.165789e-002
2.323840e+003,3.168154e-002
2.324323e+003,3.155604e-002
2.324805e+003,3.128621e-002
2.325287e+003,3.090201e-002
2.325769e+003,3.044903e-002
2.326251e+003,2.997685e-002
2.326733e+003,2.952851e-002
2.327215e+003,2.913455e-002
2.327697e+003,2.881112e-002
2.328179e+003,2.856194e-002
2.328662e+003,2.838222e-002
2.329144e+003,2.826215e-002
2.329626e+003,2.818807e-002
2.330108e+003,2.814492e-002
2.330590e+003,2.811859e-002
2.331072e+003,2.809749e-002
2.331554e+003,2.807518e-002
2.332036e+003,2.805175e-002
2.332519e+003,2.803324e-002
2.333001e+003,2.802703e-002
2.333483e+003,2.803720e-002
2.333965e+003,2.806024e-002
2.334447e+003,2.808735e-002
2.334929e+003,2.810556e-002
2.335411e+003,2.810468e-002
2.335894e+003,2.808168e-002
2.336375e+003,2.804354e-002
2.336858e+003,2.800435e-002
2.337340e+003,2.797853e-002
2.337822e+003,2.797491e-002
2.338304e+003,2.799517e-002
2.338786e+003,2.803176e-002
2.339268e+003,2.807540e-002
2.339750e+003,2.811848e-002
2.340233e+003,2.815967e-002
2.340715e+003,2.820255e-002
2.341197e+003,2.825238e-002
2.341679e+003,2.831158e-002
2.342161e+003,2.837574e-002
2.342643e+003,2.843617e-002
2.343125e+003,2.848370e-002
2.343607e+003,2.851176e-002
2.344090e+003,2.852218e-002
2.344572e+003,2.852206e-002
2.345054e+003,2.852096e-002
2.345536e+003,2.852491e-002
2.346018e+003,2.853669e-002
2.346500e+003,2.855311e-002
2.346982e+003,2.856882e-002
2.347464e+003,2.857900e-002
2.347947e+003,2.858143e-002
2.348429e+003,2.857410e-002
2.348911e+003,2.855563e-002
2.349393e+003,2.852355e-002
2.349875e+003,2.847479e-002
2.350357e+003,2.840705e-002
2.350839e+003,2.832142e-002
2.351322e+003,2.822350e-002
2.351803e+003,2.812531e-002
2.352286e+003,2.804023e-002
2.352768e+003,2.797875e-002
2.353250e+003,2.794209e-002
2.353732e+003,2.792329e-002
2.354214e+003,2.790905e-002
2.354696e+003,2.788750e-002
2.355178e+003,2.785408e-002
2.355661e+003,2.781447e-002
2.356143e+003,2.778101e-002
2.356625e+003,2.776535e-002
2.357107e+003,2.777096e-002
2.357589e+003,2.779060e-002
2.358071e+003,2.781009e-002
2.358553e+003,2.781225e-002
2.359035e+003,2.778669e-002
2.359518e+003,2.773285e-002
2.360000e+003,2.765842e-002
2.360482e+003,2.757126e-002
2.360964e+003,2.747581e-002
2.361446e+003,2.737132e-002
2.361928e+003,2.725281e-002
2.362410e+003,2.711851e-002
2.362892e+003,2.697285e-002
2.363375e+003,2.682843e-002
2.363857e+003,2.670150e-002
2.364339e+003,2.660339e-002
2.364821e+003,2.653700e-002
2.365303e+003,2.649569e-002
2.365785e+003,2.646851e-002
2.366267e+003,2.644631e-002
2.366750e+003,2.642539e-002
2.367232e+003,2.641025e-002
2.367714e+003,2.640734e-002
2.368196e+003,2.642109e-002
2.368678e+003,2.644966e-002
2.369160e+003,2.648670e-002
2.369642e+003,2.652488e-002
2.370124e+003,2.656114e-002
2.370606e+003,2.659846e-002
2.371089e+003,2.664651e-002
2.371571e+003,2.671322e-002
2.372053e+003,2.680069e-002
2.372535e+003,2.690224e-002
2.373017e+003,2.700447e-002
2.373499e+003,2.709207e-002
2.373981e+003,2.715443e-002
2.374463e+003,2.718942e-002
2.374946e+003,2.720520e-002
2.375428e+003,2.721315e-002
2.375910e+003,2.722360e-002
2.376392e+003,2.724166e-002
2.376874e+003,2.726652e-002
2.377356e+003,2.729348e-002
2.377838e+003,2.731940e-002
2.378321e+003,2.734420e-002
2.378802e+003,2.737119e-002
2.379285e+003,2.740596e-002
2.379767e+003,2.745021e-002
2.380249e+003,2.750097e-002
2.380731e+003,2.755134e-002
2.381213e+003,2.759298e-002
2.381695e+003,2.762037e-002
2.382177e+003,2.763310e-002
2.382660e+003,2.763723e-002
2.383142e+003,2.764233e-002
2.383624e+003,2.765587e-002
2.384106e+003,2.768151e-002
2.384588e+003,2.771648e-002
2.385070e+003,2.775358e-002
2.385552e+003,2.778509e-002
2.386034e+003,2.780638e-002
2.386517e+003,2.781785e-002
2.386999e+003,2.782314e-002
2.387481e+003,2.782787e-002
2.387963e+003,2.783560e-002
2.388445e+003,2.784748e-002
2.388927e+003,2.786196e-002
2.389409e+003,2.787767e-002
2.389891e+003,2.789501e-002
2.390374e+003,2.791675e-002
2.390856e+003,2.794712e-002
2.391338e+003,2.798776e-002
2.391820e+003,2.803573e-002
2.392302e+003,2.808471e-002
2.392784e+003,2.812629e-002
2.393266e+003,2.815314e-002
2.393749e+003,2.816354e-002
2.394230e+003,2.816122e-002
2.394713e+003,2.815491e-002
2.395195e+003,2.815414e-002
2.395677e+003,2.816429e-002
2.396159e+003,2.818595e-002
2.396641e+003,2.821585e-002
2.397123e+003,2.824813e-002
2.397605e+003,2.827855e-002
2.398088e+003,2.830579e-002
2.398570e+003,2.833059e-002
2.399052e+003,2.835458e-002
2.399534e+003,2.837736e-002
2.400016e+003,2.839629e-002
2.400498e+003,2.840886e-002
2.400980e+003,2.841253e-002
2.401462e+003,2.840784e-002
2.401945e+003,2.839973e-002
2.402427e+003,2.839267e-002
2.402909e+003,2.839067e-002
2.403391e+003,2.839408e-002
2.403873e+003,2.840101e-002
2.404355e+003,2.840965e-002
2.404837e+003,2.842026e-002
2.405319e+003,2.843799e-002
2.405802e+003,2.847089e-002
2.406284e+003,2.852731e-002
2.406766e+003,2.860949e-002
2.407248e+003,2.871278e-002
2.407730e+003,2.882431e-002
2.408212e+003,2.892975e-002
2.408694e+003,2.901604e-002
2.409177e+003,2.907741e-002
2.409658e+003,2.911615e-002
2.410141e+003,2.913995e-002
2.410623e+003,2.915671e-002
2.411105e+003,2.917009e-002
2.411587e+003,2.917987e-002
2.412069e+003,2.918192e-002
2.412551e+003,2.917468e-002
2.413033e+003,2.916054e-002
2.413516e+003,2.914787e-002
2.413998e+003,2.914678e-002
2.414480e+003,2.916453e-002
2.414962e+003,2.920170e-002
2.415444e+003,2.925032e-002
2.415926e+003,2.929806e-002
2.416408e+003,2.933321e-002
2.416890e+003,2.934953e-002
2.417373e+003,2.935036e-002
2.417855e+003,2.934500e-002
2.418337e+003,2.934427e-002
2.418819e+003,2.935555e-002
2.419301e+003,2.937905e-002
2.419783e+003,2.940882e-002
2.420265e+003,2.943644e-002
2.420747e+003,2.945493e-002
2.421229e+003,2.946343e-002
2.421712e+003,2.946641e-002
2.422194e+003,2.947022e-002
2.422676e+003,2.947905e-002
2.423158e+003,2.949532e-002
2.423640e+003,2.951664e-002
2.424122e+003,2.954085e-002
2.424604e+003,2.956713e-002
2.425086e+003,2.959822e-002
2.425569e+003,2.963791e-002
2.426051e+003,2.968878e-002
2.426533e+003,2.974810e-002
2.427015e+003,2.980919e-002
2.427497e+003,2.986211e-002
2.427979e+003,2.989874e-002
2.428461e+003,2.991536e-002
2.428944e+003,2.991600e-002
2.429426e+003,2.990935e-002
2.429908e+003,2.990551e-002
2.430390e+003,2.991111e-002
2.430872e+003,2.992807e-002
2.431354e+003,2.995323e-002
2.431836e+003,2.998156e-002
2.432318e+003,3.001038e-002
2.432801e+003,3.003939e-002
2.433283e+003,3.007180e-002
2.433765e+003,3.011003e-002
2.434247e+003,3.015359e-002
2.434729e+003,3.019924e-002
2.435211e+003,3.024076e-002
2.435693e+003,3.027282e-002
2.436175e+003,3.029352e-002
2.436657e+003,3.030616e-002
2.437140e+003,3.031656e-002
2.437622e+003,3.033037e-002
2.438104e+003,3.034967e-002
2.438586e+003,3.037305e-002
2.439068e+003,3.039652e-002
2.439550e+003,3.041584e-002
2.440032e+003,3.042966e-002
2.440514e+003,3.044101e-002
2.440997e+003,3.045485e-002
2.441479e+003,3.047468e-002
2.441961e+003,3.050002e-002
2.442443e+003,3.052836e-002
2.442925e+003,3.055530e-002
2.443407e+003,3.057799e-002
2.443889e+003,3.059820e-002
2.444372e+003,3.062165e-002
2.444854e+003,3.065496e-002
2.445336e+003,3.070221e-002
2.445818e+003,3.076089e-002
2.446300e+003,3.082453e-002
2.446782e+003,3.088436e-002
2.447264e+003,3.093302e-002
2.447746e+003,3.097009e-002
2.448229e+003,3.100124e-002
2.448711e+003,3.103516e-002
2.449193e+003,3.107837e-002
2.449675e+003,3.113121e-002
2.450157e+003,3.118867e-002
2.450639e+003,3.124163e-002
2.451121e+003,3.128190e-002
2.451604e+003,3.130621e-002
2.452085e+003,3.131872e-002
2.452568e+003,3.132806e-002
2.453050e+003,3.134175e-002
2.453532e+003,3.136332e-002
2.454014e+003,3.139050e-002
2.454496e+003,3.141643e-002
2.454978e+003,3.143366e-002
2.455460e+003,3.143850e-002
2.455943e+003,3.143411e-002
2.456425e+003,3.142687e-002
2.456907e+003,3.142473e-002
2.457389e+003,3.143182e-002
2.457871e+003,3.144814e-002
2.458353e+003,3.147024e-002
2.458835e+003,3.149261e-002
2.459317e+003,3.151238e-002
2.459800e+003,3.152956e-002
2.460282e+003,3.154640e-002
2.460764e+003,3.156450e-002
2.461246e+003,3.158262e-002
2.461728e+003,3.159746e-002
2.462210e+003,3.160365e-002
2.462692e+003,3.159958e-002
2.463174e+003,3.158652e-002
2.463656e+003,3.157210e-002
2.464139e+003,3.156516e-002
2.464621e+003,3.157285e-002
2.465103e+003,3.159788e-002
2.465585e+003,3.163696e-002
2.466067e+003,3.168472e-002
2.466549e+003,3.173545e-002
2.467031e+003,3.178695e-002
2.467513e+003,3.184134e-002
2.467996e+003,3.190231e-002
2.468478e+003,3.197082e-002
2.468960e+003,3.204374e-002
2.469442e+003,3.211406e-002
2.469924e+003,3.217321e-002
2.470406e+003,3.221601e-002
2.470888e+003,3.224220e-002
2.471371e+003,3.225913e-002
2.471853e+003,3.227572e-002
2.472335e+003,3.229932e-002
2.472817e+003,3.233070e-002
2.473299e+003,3.236622e-002
2.473781e+003,3.239737e-002
2.474263e+003,3.241728e-002
2.474745e+003,3.242512e-002
2.475228e+003,3.242561e-002
2.475710e+003,3.242736e-002
2.476192e+003,3.243740e-002
2.476674e+003,3.245800e-002
2.477156e+003,3.248623e-002
2.477638e+003,3.251642e-002
2.478120e+003,3.254339e-002
2.478602e+003,3.256818e-002
2.479084e+003,3.259771e-002
2.479567e+003,3.264131e-002
2.480049e+003,3.270442e-002
2.480531e+003,3.278643e-002
2.481013e+003,3.287789e-002
2.481495e+003,3.296456e-002
2.481977e+003,3.303193e-002
2.482459e+003,3.307228e-002
2.482941e+003,3.308701e-002
2.483424e+003,3.308545e-002
2.483906e+003,3.307958e-002
2.484388e+003,3.307819e-002
2.484870e+003,3.308588e-002
2.485352e+003,3.310096e-002
2.485834e+003,3.312029e-002
2.486316e+003,3.314031e-002
2.486799e+003,3.316152e-002
2.487281e+003,3.318648e-002
2.487763e+003,3.321739e-002
2.488245e+003,3.325247e-002
2.488727e+003,3.328809e-002
2.489209e+003,3.331903e-002
2.489691e+003,3.334267e-002
2.490173e+003,3.336146e-002
2.490656e+003,3.338256e-002
2.491138e+003,3.341491e-002
2.491620e+003,3.346318e-002
2.492102e+003,3.352502e-002
2.492584e+003,3.359122e-002
2.493066e+003,3.364918e-002
2.493548e+003,3.368800e-002
2.494030e+003,3.370474e-002
2.494512e+003,3.370520e-002
2.494995e+003,3.370174e-002
2.495477e+003,3.370637e-002
2.495959e+003,3.372560e-002
2.496441e+003,3.375839e-002
2.496923e+003,3.379615e-002
2.497405e+003,3.382889e-002
2.497887e+003,3.385019e-002
2.498370e+003,3.386108e-002
2.498852e+003,3.386872e-002
2.499334e+003,3.388175e-002
2.499816e+003,3.390640e-002
2.500298e+003,3.394354e-002
2.500780e+003,3.398762e-002
2.501262e+003,3.403077e-002
2.501744e+003,3.406615e-002
2.502227e+003,3.409154e-002
2.502709e+003,3.410846e-002
2.503191e+003,3.412051e-002
2.503673e+003,3.412820e-002
2.504155e+003,3.413254e-002
2.504637e+003,3.413089e-002
2.505119e+003,3.412325e-002
2.505601e+003,3.411293e-002
2.506083e+003,3.410639e-002
2.506566e+003,3.411218e-002
2.507048e+003,3.413571e-002
2.507530e+003,3.417649e-002
2.508012e+003,3.422816e-002
2.508494e+003,3.428063e-002
2.508976e+003,3.432531e-002
2.509458e+003,3.435877e-002
2.509940e+003,3.438537e-002
2.510423e+003,3.441283e-002
2.510905e+003,3.444941e-002
2.511387e+003,3.449630e-002
2.511869e+003,3.454983e-002
2.512351e+003,3.460071e-002
2.512833e+003,3.463958e-002
2.513315e+003,3.466247e-002
2.513798e+003,3.467247e-002
2.514280e+003,3.467947e-002
2.514762e+003,3.469395e-002
2.515244e+003,3.472202e-002
2.515726e+003,3.476447e-002
2.516208e+003,3.481486e-002
2.516690e+003,3.486482e-002
2.517172e+003,3.490836e-002
2.517655e+003,3.494304e-002
2.518137e+003,3.497222e-002
2.518619e+003,3.499899e-002
2.519101e+003,3.502508e-002
2.519583e+003,3.504765e-002
2.520065e+003,3.506125e-002
2.520547e+003,3.506149e-002
2.521029e+003,3.504784e-002
2.521511e+003,3.502702e-002
2.521994e+003,3.500999e-002
2.522476e+003,3.500796e-002
2.522958e+003,3.502684e-002
2.523440e+003,3.506668e-002
2.523922e+003,3.512070e-002
2.524404e+003,3.517914e-002
2.524886e+003,3.523415e-002
2.525368e+003,3.528288e-002
2.525851e+003,3.532816e-002
2.526333e+003,3.537432e-002
2.526815e+003,3.542448e-002
2.527297e+003,3.547872e-002
2.527779e+003,3.553402e-002
2.528261e+003,3.558614e-002
2.528743e+003,3.563248e-002
2.529226e+003,3.567554e-002
2.529708e+003,3.571914e-002
2.530190e+003,3.576795e-002
2.530672e+003,3.582250e-002
2.531154e+003,3.587941e-002
2.531636e+003,3.593218e-002
2.532118e+003,3.597352e-002
2.532600e+003,3.600023e-002
2.533083e+003,3.601367e-002
2.533565e+003,3.602018e-002
2.534047e+003,3.602626e-002
2.534529e+003,3.603597e-002
2.535011e+003,3.604925e-002
2.535493e+003,3.606218e-002
2.535975e+003,3.606982e-002
2.536457e+003,3.606947e-002
2.536939e+003,3.606382e-002
2.537422e+003,3.605825e-002
2.537904e+003,3.605954e-002
2.538386e+003,3.607178e-002
2.538868e+003,3.609619e-002
2.539350e+003,3.612973e-002
2.539832e+003,3.616929e-002
2.540314e+003,3.621234e-002
2.540796e+003,3.625932e-002
2.541279e+003,3.631153e-002
2.541761e+003,3.637047e-002
2.542243e+003,3.643239e-002
2.542725e+003,3.649303e-002
2.543207e+003,3.654489e-002
2.543689e+003,3.658449e-002
2.544171e+003,3.661207e-002
2.544654e+003,3.663443e-002
2.545135e+003,3.666100e-002
2.545618e+003,3.669985e-002
2.546100e+003,3.675328e-002
2.546582e+003,3.681860e-002
2.547064e+003,3.688857e-002
2.547546e+003,3.695647e-002
2.548028e+003,3.701846e-002
2.548510e+003,3.707742e-002
2.548993e+003,3.713876e-002
2.549475e+003,3.720851e-002
2.549957e+003,3.728632e-002
2.550439e+003,3.736705e-002
2.550921e+003,3.744047e-002
2.551403e+003,3.749608e-002
2.551885e+003,3.752757e-002
2.552367e+003,3.753588e-002
2.552850e+003,3.752863e-002
2.553332e+003,3.751576e-002
2.553814e+003,3.750534e-002
2.554296e+003,3.750217e-002
2.554778e+003,3.750522e-002
2.555260e+003,3.751143e-002
2.555742e+003,3.751824e-002
2.556224e+003,3.752568e-002
2.556707e+003,3.753774e-002
2.557189e+003,3.755788e-002
2.557671e+003,3.758688e-002
2.558153e+003,3.762377e-002
2.558635e+003,3.766313e-002
2.559117e+003,3.769944e-002
2.559599e+003,3.772936e-002
2.560082e+003,3.775507e-002
2.560563e+003,3.778122e-002
2.561046e+003,3.781370e-002
2.561528e+003,3.785701e-002
2.562010e+003,3.791244e-002
2.562492e+003,3.797730e-002
2.562974e+003,3.804691e-002
2.563456e+003,3.811717e-002
2.563938e+003,3.818475e-002
2.564421e+003,3.824856e-002
2.564903e+003,3.830668e-002
2.565385e+003,3.835681e-002
2.565867e+003,3.839587e-002
2.566349e+003,3.842228e-002
2.566831e+003,3.843750e-002
2.567313e+003,3.844605e-002
2.567795e+003,3.845740e-002
2.568278e+003,3.848013e-002
2.568760e+003,3.851968e-002
2.569242e+003,3.857503e-002
2.569724e+003,3.864053e-002
2.570206e+003,3.870756e-002
2.570688e+003,3.876843e-002
2.571170e+003,3.882051e-002
2.571652e+003,3.886546e-002
2.572135e+003,3.890875e-002
2.572617e+003,3.895382e-002
2.573099e+003,3.900031e-002
2.573581e+003,3.904357e-002
2.574063e+003,3.907764e-002
2.574545e+003,3.909786e-002
2.575027e+003,3.910615e-002
2.575510e+003,3.911056e-002
2.575991e+003,3.912389e-002
2.576474e+003,3.915711e-002
2.576956e+003,3.921502e-002
2.577438e+003,3.929498e-002
2.577920e+003,3.938672e-002
2.578402e+003,3.947790e-002
2.578884e+003,3.955805e-002
2.579366e+003,3.962317e-002
2.579849e+003,3.967583e-002
2.580331e+003,3.972257e-002
2.580813e+003,3.976880e-002
2.581295e+003,3.981877e-002
2.581777e+003,3.987265e-002
2.582259e+003,3.992904e-002
2.582741e+003,3.998598e-002
2.583223e+003,4.004391e-002
2.583706e+003,4.010427e-002
2.584188e+003,4.016721e-002
2.584670e+003,4.023214e-002
2.585152e+003,4.029468e-002
2.585634e+003,4.034944e-002
2.586116e+003,4.039312e-002
2.586598e+003,4.042419e-002
2.587080e+003,4.044790e-002
2.587563e+003,4.047153e-002
2.588045e+003,4.050174e-002
2.588527e+003,4.054236e-002
2.589009e+003,4.059269e-002
2.589491e+003,4.064855e-002
2.589973e+003,4.070603e-002
2.590455e+003,4.076069e-002
2.590938e+003,4.081555e-002
2.591419e+003,4.087335e-002
2.591902e+003,4.093858e-002
2.592384e+003,4.101221e-002
2.592866e+003,4.109263e-002
2.593348e+003,4.117398e-002
2.593830e+003,4.124983e-002
2.594312e+003,4.131518e-002
2.594794e+003,4.136862e-002
2.595277e+003,4.141145e-002
2.595759e+003,4.144681e-002
2.596241e+003,4.147655e-002
2.596723e+003,4.150193e-002
2.597205e+003,4.152410e-002
2.597687e+003,4.154529e-002
2.598169e+003,4.156988e-002
2.598651e+003,4.160494e-002
2.599134e+003,4.165653e-002
2.599616e+003,4.172806e-002
2.600098e+003,4.181635e-002
2.600580e+003,4.191434e-002
2.601062e+003,4.201156e-002
2.601544e+003,4.209959e-002
2.602026e+003,4.217398e-002
2.602508e+003,4.223765e-002
2.602990e+003,4.229695e-002
2.603473e+003,4.235897e-002
2.603955e+003,4.242906e-002
2.604437e+003,4.250600e-002
2.604919e+003,4.258592e-002
2.605401e+003,4.266363e-002
2.605883e+003,4.273457e-002
2.606365e+003,4.279986e-002
2.606847e+003,4.286179e-002
2.607330e+003,4.292517e-002
2.607812e+003,4.299189e-002
2.608294e+003,4.306187e-002
2.608776e+003,4.313232e-002
2.609258e+003,4.320110e-002
2.609740e+003,4.326801e-002
2.610222e+003,4.333701e-002
2.610705e+003,4.341343e-002
2.611187e+003,4.350073e-002
2.611669e+003,4.359860e-002
2.612151e+003,4.370064e-002
2.612633e+003,4.379741e-002
2.613115e+003,4.387902e-002
2.613597e+003,4.394076e-002
2.614079e+003,4.398308e-002
2.614562e+003,4.401461e-002
2.615044e+003,4.404587e-002
2.615526e+003,4.408706e-002
2.616008e+003,4.414330e-002
2.616490e+003,4.421417e-002
2.616972e+003,4.429543e-002
2.617454e+003,4.438078e-002
2.617936e+003,4.446572e-002
2.618418e+003,4.454915e-002
2.618901e+003,4.463117e-002
2.619383e+003,4.471387e-002
2.619865e+003,4.479766e-002
2.620347e+003,4.488195e-002
2.620829e+003,4.496609e-002
2.621311e+003,4.504836e-002
2.621793e+003,4.513004e-002
2.622276e+003,4.521274e-002
2.622758e+003,4.529846e-002
2.623240e+003,4.538746e-002
2.623722e+003,4.547813e-002
2.624204e+003,4.556731e-002
2.624686e+003,4.565207e-002
2.625168e+003,4.573125e-002
2.625650e+003,4.580713e-002
2.626133e+003,4.588393e-002
2.626615e+003,4.596684e-002
2.627097e+003,4.605873e-002
2.627579e+003,4.616019e-002
2.628061e+003,4.626778e-002
2.628543e+003,4.637695e-002
2.629025e+003,4.648262e-002
2.629507e+003,4.658217e-002
2.629990e+003,4.667521e-002
2.630472e+003,4.676313e-002
2.630954e+003,4.684708e-002
2.631436e+003,4.692861e-002
2.631918e+003,4.700745e-002
2.632400e+003,4.708349e-002
2.632882e+003,4.715712e-002
2.633364e+003,4.722977e-002
2.633846e+003,4.730253e-002
2.634329e+003,4.737606e-002
2.634811e+003,4.744879e-002
2.635293e+003,4.751827e-002
2.635775e+003,4.758022e-002
2.636257e+003,4.763153e-002
2.636739e+003,4.767149e-002
2.637221e+003,4.770235e-002
2.637704e+003,4.772820e-002
2.638186e+003,4.775351e-002
2.638668e+003,4.778128e-002
2.639150e+003,4.781208e-002
2.639632e+003,4.784461e-002
2.640114e+003,4.787716e-002
2.640596e+003,4.790935e-002
2.641078e+003,4.794154e-002
2.641561e+003,4.797676e-002
2.642043e+003,4.801673e-002
2.642525e+003,4.806248e-002
2.643007e+003,4.811124e-002
2.643489e+003,4.816030e-002
2.643971e+003,4.820517e-002
2.644453e+003,4.824448e-002
2.644935e+003,4.827941e-002
2.645417e+003,4.831289e-002
2.645900e+003,4.834904e-002
2.646382e+003,4.839142e-002
2.646864e+003,4.844021e-002
2.647346e+003,4.849376e-002
2.647828e+003,4.854891e-002
2.648310e+003,4.860306e-002
2.648792e+003,4.865549e-002
2.649274e+003,4.870701e-002
2.649757e+003,4.876011e-002
2.650239e+003,4.881563e-002
2.650721e+003,4.887417e-002
2.651203e+003,4.893430e-002
2.651685e+003,4.899444e-002
2.652167e+003,4.905324e-002
2.652649e+003,4.911049e-002
2.653132e+003,4.916859e-002
2.653614e+003,4.922809e-002
2.654096e+003,4.929025e-002
2.654578e+003,4.935401e-002
2.655060e+003,4.941624e-002
2.655542e+003,4.947407e-002
2.656024e+003,4.952458e-002
2.656506e+003,4.956684e-002
2.656989e+003,4.960064e-002
2.657471e+003,4.962720e-002
2.657953e+003,4.964714e-002
2.658435e+003,4.966074e-002
2.658917e+003,4.966718e-002
2.659399e+003,4.966661e-002
2.659881e+003,4.965915e-002
2.660363e+003,4.964735e-002
2.660845e+003,4.963371e-002
2.661328e+003,4.962071e-002
2.661810e+003,4.960833e-002
2.662292e+003,4.959495e-002
2.662774e+003,4.957694e-002
2.663256e+003,4.955119e-002
2.663738e+003,4.951640e-002
2.664220e+003,4.947450e-002
2.664702e+003,4.943020e-002
2.665185e+003,4.938911e-002
2.665667e+003,4.935655e-002
2.666149e+003,4.933406e-002
2.666631e+003,4.932204e-002
2.667113e+003,4.931758e-002
2.667595e+003,4.931719e-002
2.668077e+003,4.931890e-002
2.668560e+003,4.932210e-002
2.669042e+003,4.932741e-002
2.669524e+003,4.933539e-002
2.670006e+003,4.934616e-002
2.670488e+003,4.935811e-002
2.670970e+003,4.936869e-002
2.671452e+003,4.937584e-002
2.671934e+003,4.937875e-002
2.672417e+003,4.937870e-002
2.672899e+003,4.937799e-002
2.673381e+003,4.937895e-002
2.673863e+003,4.938286e-002
2.674345e+003,4.938936e-002
2.674827e+003,4.939632e-002
2.675309e+003,4.940134e-002
2.675791e+003,4.940303e-002
2.676273e+003,4.940074e-002
2.676756e+003,4.939519e-002
2.677238e+003,4.938826e-002
2.677720e+003,4.938290e-002
2.678202e+003,4.938086e-002
2.678684e+003,4.938429e-002
2.679166e+003,4.939540e-002
2.679648e+003,4.941496e-002
2.680130e+003,4.944357e-002
2.680613e+003,4.948054e-002
2.681095e+003,4.952236e-002
2.681577e+003,4.956519e-002
2.682059e+003,4.960461e-002
2.682541e+003,4.963756e-002
2.683023e+003,4.966215e-002
2.683505e+003,4.967981e-002
2.683988e+003,4.969383e-002
2.684469e+003,4.970759e-002
2.684952e+003,4.972376e-002
2.685434e+003,4.974410e-002
2.685916e+003,4.976790e-002
2.686398e+003,4.979447e-002
2.686880e+003,4.982283e-002
2.687362e+003,4.985324e-002
2.687844e+003,4.988671e-002
2.688327e+003,4.992328e-002
2.688809e+003,4.996170e-002
2.689291e+003,4.999931e-002
2.689773e+003,5.003256e-002
2.690255e+003,5.005789e-002
2.690737e+003,5.007413e-002
2.691219e+003,5.008375e-002
2.691701e+003,5.009067e-002
2.692184e+003,5.010141e-002
2.692666e+003,5.012016e-002
2.693148e+003,5.014991e-002
2.693630e+003,5.018982e-002
2.694112e+003,5.023737e-002
2.694594e+003,5.028859e-002
2.695076e+003,5.034149e-002
2.695558e+003,5.039414e-002
2.696041e+003,5.044679e-002
2.696523e+003,5.049975e-002
2.697005e+003,5.055320e-002
2.697487e+003,5.060656e-002
2.697969e+003,5.065920e-002
2.698451e+003,5.071018e-002
2.698933e+003,5.075985e-002
2.699416e+003,5.080946e-002
2.699897e+003,5.086048e-002
2.700380e+003,5.091338e-002
2.700862e+003,5.096855e-002
2.701344e+003,5.102551e-002
2.701826e+003,5.108315e-002
2.702308e+003,5.114202e-002
2.702790e+003,5.120287e-002
2.703272e+003,5.126787e-002
2.703755e+003,5.133943e-002
2.704237e+003,5.141805e-002
2.704719e+003,5.150231e-002
2.705201e+003,5.158940e-002
2.705683e+003,5.167466e-002
2.706165e+003,5.175509e-002
2.706647e+003,5.182964e-002
2.707129e+003,5.189839e-002
2.707612e+003,5.196388e-002
2.708094e+003,5.202782e-002
2.708576e+003,5.209130e-002
2.709058e+003,5.215433e-002
2.709540e+003,5.221524e-002
2.710022e+003,5.227362e-002
2.710504e+003,5.232987e-002
2.710986e+003,5.238501e-002
2.711469e+003,5.244241e-002
2.711951e+003,5.250388e-002
2.712433e+003,5.257082e-002
2.712915e+003,5.264372e-002
2.713397e+003,5.272086e-002
2.713879e+003,5.279990e-002
2.714361e+003,5.288002e-002
2.714844e+003,5.295940e-002
2.715325e+003,5.303770e-002
2.715808e+003,5.311489e-002
2.716290e+003,5.318984e-002
2.716772e+003,5.326370e-002
2.717254e+003,5.333645e-002
2.717736e+003,5.340999e-002
2.718218e+003,5.348815e-002
2.718700e+003,5.357351e-002
2.719183e+003,5.366929e-002
2.719665e+003,5.377546e-002
2.720147e+003,5.388895e-002
2.720629e+003,5.400551e-002
2.721111e+003,5.411880e-002
2.721593e+003,5.422469e-002
2.722075e+003,5.432173e-002
2.722557e+003,5.441135e-002
2.723040e+003,5.449742e-002
2.723522e+003,5.458437e-002
2.724004e+003,5.467571e-002
2.724486e+003,5.477303e-002
2.724968e+003,5.487512e-002
2.725450e+003,5.497942e-002
2.725932e+003,5.508349e-002
2.726414e+003,5.518457e-002
2.726896e+003,5.528122e-002
2.727379e+003,5.537328e-002
2.727861e+003,5.546074e-002
2.728343e+003,5.554472e-002
2.728825e+003,5.562722e-002
2.729307e+003,5.571050e-002
2.729789e+003,5.579741e-002
2.730271e+003,5.589072e-002
2.730753e+003,5.599127e-002
2.731236e+003,5.609830e-002
2.731718e+003,5.620889e-002
2.732200e+003,5.631886e-002
2.732682e+003,5.642432e-002
2.733164e+003,5.652298e-002
2.733646e+003,5.661597e-002
2.734128e+003,5.670626e-002
2.734611e+003,5.679809e-002
2.735093e+003,5.689424e-002
2.735575e+003,5.699603e-002
2.736057e+003,5.710109e-002
2.736539e+003,5.720582e-002
2.737021e+003,5.730563e-002
2.737503e+003,5.739788e-002
2.737985e+003,5.748177e-002
2.738468e+003,5.755904e-002
2.738950e+003,5.763214e-002
2.739432e+003,5.770488e-002
2.739914e+003,5.777870e-002
2.740396e+003,5.785453e-002
2.740878e+003,5.793136e-002
2.741360e+003,5.800793e-002
2.741842e+003,5.808375e-002
2.742324e+003,5.815740e-002
2.742807e+003,5.822852e-002
2.743289e+003,5.829737e-002
2.743771e+003,5.836394e-002
2.744253e+003,5.842949e-002
2.744735e+003,5.849524e-002
2.745217e+003,5.856323e-002
2.745699e+003,5.863524e-002
2.746182e+003,5.871245e-002
2.746664e+003,5.879455e-002
2.747146e+003,5.887955e-002
2.747628e+003,5.896508e-002
2.748110e+003,5.904908e-002
2.748592e+003,5.913112e-002
2.749074e+003,5.921165e-002
2.749556e+003,5.929345e-002
2.750039e+003,5.937931e-002
2.750521e+003,5.946979e-002
2.751003e+003,5.956559e-002
2.751485e+003,5.966399e-002
2.751967e+003,5.976302e-002
2.752449e+003,5.986104e-002
2.752931e+003,5.995716e-002
2.753413e+003,6.005236e-002
2.753896e+003,6.014953e-002
2.754378e+003,6.024950e-002
2.754860e+003,6.035297e-002
2.755342e+003,6.045974e-002
2.755824e+003,6.056781e-002
2.756306e+003,6.067660e-002
2.756788e+003,6.078715e-002
2.757270e+003,6.090007e-002
2.757752e+003,6.101743e-002
2.758235e+003,6.113966e-002
2.758717e+003,6.126627e-002
2.759199e+003,6.139504e-002
2.759681e+003,6.152204e-002
2.760163e+003,6.164524e-002
2.760645e+003,6.176396e-002
2.761127e+003,6.187898e-002
2.761610e+003,6.199259e-002
2.762092e+003,6.210760e-002
2.762574e+003,6.222564e-002
2.763056e+003,6.234642e-002
2.763538e+003,6.246861e-002
2.764020e+003,6.259123e-002
2.764502e+003,6.271342e-002
2.764984e+003,6.283595e-002
2.765467e+003,6.296055e-002
2.765949e+003,6.308870e-002
2.766431e+003,6.322084e-002
2.766913e+003,6.335680e-002
2.767395e+003,6.349488e-002
2.767877e+003,6.363317e-002
2.768359e+003,6.377047e-002
2.768841e+003,6.390744e-002
2.769323e+003,6.404563e-002
2.769806e+003,6.418669e-002
2.770288e+003,6.433245e-002
2.770770e+003,6.448313e-002
2.771252e+003,6.463794e-002
2.771734e+003,6.479493e-002
2.772216e+003,6.495278e-002
2.772698e+003,6.511010e-002
2.773180e+003,6.526673e-002
2.773663e+003,6.542245e-002
2.774145e+003,6.557804e-002
2.774627e+003,6.573409e-002
2.775109e+003,6.589069e-002
2.775591e+003,6.604882e-002
2.776073e+003,6.620955e-002
2.776555e+003,6.637413e-002
2.777038e+003,6.654375e-002
2.777520e+003,6.671958e-002
2.778002e+003,6.690150e-002
2.778484e+003,6.709014e-002
2.778966e+003,6.728450e-002
2.779448e+003,6.748509e-002
2.779930e+003,6.769222e-002
2.780412e+003,6.790587e-002
2.780895e+003,6.812538e-002
2.781377e+003,6.834928e-002
2.781859e+003,6.857507e-002
2.782341e+003,6.879987e-002
2.782823e+003,6.902175e-002
2.783305e+003,6.924015e-002
2.783787e+003,6.945689e-002
2.784269e+003,6.967512e-002
2.784751e+003,6.989871e-002
2.785234e+003,7.012965e-002
2.785716e+003,7.036904e-002
2.786198e+003,7.061607e-002
2.786680e+003,7.086860e-002
2.787162e+003,7.112452e-002
2.787644e+003,7.138330e-002
2.788126e+003,7.164468e-002
2.788608e+003,7.190883e-002
2.789091e+003,7.217636e-002
2.789573e+003,7.244591e-002
2.790055e+003,7.271627e-002
2.790537e+003,7.298571e-002
2.791019e+003,7.325351e-002
2.791501e+003,7.352008e-002
2.791983e+003,7.378778e-002
2.792466e+003,7.405818e-002
2.792948e+003,7.433246e-002
2.793430e+003,7.461072e-002
2.793912e+003,7.489110e-002
2.794394e+003,7.517155e-002
2.794876e+003,7.545045e-002
2.795358e+003,7.572892e-002
2.795840e+003,7.600842e-002
2.796323e+003,7.629281e-002
2.796805e+003,7.658459e-002
2.797287e+003,7.688518e-002
2.797769e+003,7.719395e-002
2.798251e+003,7.750843e-002
2.798733e+003,7.782556e-002
2.799215e+003,7.814287e-002
2.799697e+003,7.845957e-002
2.800179e+003,7.877634e-002
2.800662e+003,7.909410e-002
2.801144e+003,7.941411e-002
2.801626e+003,7.973730e-002
2.802108e+003,8.006381e-002
2.802590e+003,8.039450e-002
2.803072e+003,8.072975e-002
2.803554e+003,8.107223e-002
2.804036e+003,8.142307e-002
2.804519e+003,8.178364e-002
2.805001e+003,8.215478e-002
2.805483e+003,8.253482e-002
2.805965e+003,8.292302e-002
2.806447e+003,8.331786e-002
2.806929e+003,8.372022e-002
2.807411e+003,8.413152e-002
2.807894e+003,8.455394e-002
2.808375e+003,8.498850e-002
2.808858e+003,8.543593e-002
2.809340e+003,8.589356e-002
2.809822e+003,8.635949e-002
2.810304e+003,8.683126e-002
2.810786e+003,8.730892e-002
2.811268e+003,8.779474e-002
2.811750e+003,8.829275e-002
2.812233e+003,8.880683e-002
2.812715e+003,8.934063e-002
2.813197e+003,8.989399e-002
2.813679e+003,9.046573e-002
2.814161e+003,9.105261e-002
2.814643e+003,9.165179e-002
2.815125e+003,9.226234e-002
2.815607e+003,9.288493e-002
2.816090e+003,9.352284e-002
2.816572e+003,9.418055e-002
2.817054e+003,9.486190e-002
2.817536e+003,9.557039e-002
2.818018e+003,9.630769e-002
2.818500e+003,9.707498e-002
2.818982e+003,9.787273e-002
2.819464e+003,9.870091e-002
2.819947e+003,9.956022e-002
2.820429e+003,1.004520e-001
2.820911e+003,1.013783e-001
2.821393e+003,1.023411e-001
2.821875e+003,1.033440e-001
2.822357e+003,1.043911e-001
2.822839e+003,1.054869e-001
2.823322e+003,1.066360e-001
2.823803e+003,1.078420e-001
2.824286e+003,1.091081e-001
2.824768e+003,1.104379e-001
2.825250e+003,1.118345e-001
2.825732e+003,1.133013e-001
2.826214e+003,1.148438e-001
2.826696e+003,1.164687e-001
2.827178e+003,1.181834e-001
2.827661e+003,1.199940e-001
2.828143e+003,1.219080e-001
2.828625e+003,1.239303e-001
2.829107e+003,1.260674e-001
2.829589e+003,1.283261e-001
2.830071e+003,1.307154e-001
2.830553e+003,1.332479e-001
2.831035e+003,1.359391e-001
2.831518e+003,1.388062e-001
2.832000e+003,1.418681e-001
2.832482e+003,1.451439e-001
2.832964e+003,1.486534e-001
2.833446e+003,1.524175e-001
2.833928e+003,1.564588e-001
2.834410e+003,1.608034e-001
2.834892e+003,1.654805e-001
2.835375e+003,1.705218e-001
2.835857e+003,1.759634e-001
2.836339e+003,1.818441e-001
2.836821e+003,1.882059e-001
2.837303e+003,1.950965e-001
2.837785e+003,2.025697e-001
2.838267e+003,2.106865e-001
2.838750e+003,2.195155e-001
2.839231e+003,2.291278e-001
2.839714e+003,2.395951e-001
2.840196e+003,2.509814e-001
2.840678e+003,2.633357e-001
2.841160e+003,2.766870e-001
2.841642e+003,2.910354e-001
2.842124e+003,3.063460e-001
2.842606e+003,3.225373e-001
2.843089e+003,3.394645e-001
2.843571e+003,3.569016e-001
2.844053e+003,3.745146e-001
2.844535e+003,3.918453e-001
2.845017e+003,4.083031e-001
2.845499e+003,4.231793e-001
2.845981e+003,4.356923e-001
2.846463e+003,4.450589e-001
2.846946e+003,4.505878e-001
2.847428e+003,4.517794e-001
2.847910e+003,4.484088e-001
2.848392e+003,4.405760e-001
2.848874e+003,4.287052e-001
2.849356e+003,4.134962e-001
2.849838e+003,3.958291e-001
2.850320e+003,3.766501e-001
2.850802e+003,3.568602e-001
2.851285e+003,3.372259e-001
2.851767e+003,3.183295e-001
2.852249e+003,3.005568e-001
2.852731e+003,2.841148e-001
2.853213e+003,2.690718e-001
2.853695e+003,2.553978e-001
2.854177e+003,2.430066e-001
2.854659e+003,2.317840e-001
2.855142e+003,2.216084e-001
2.855624e+003,2.123639e-001
2.856106e+003,2.039454e-001
2.856588e+003,1.962640e-001
2.857070e+003,1.892457e-001
2.857552e+003,1.828323e-001
2.858034e+003,1.769780e-001
2.858517e+003,1.716454e-001
2.858999e+003,1.668018e-001
2.859481e+003,1.624158e-001
2.859963e+003,1.584578e-001
2.860445e+003,1.548989e-001
2.860927e+003,1.517137e-001
2.861409e+003,1.488791e-001
2.861891e+003,1.463758e-001
2.862374e+003,1.441835e-001
2.862856e+003,1.422841e-001
2.863338e+003,1.406564e-001
2.863820e+003,1.392804e-001
2.864302e+003,1.381370e-001
2.864784e+003,1.372088e-001
2.865266e+003,1.364821e-001
2.865748e+003,1.359451e-001
2.866230e+003,1.355848e-001
2.866713e+003,1.353884e-001
2.867195e+003,1.353402e-001
2.867677e+003,1.354240e-001
2.868159e+003,1.356251e-001
2.868641e+003,1.359325e-001
2.869123e+003,1.363393e-001
2.869605e+003,1.368433e-001
2.870088e+003,1.374431e-001
2.870570e+003,1.381380e-001
2.871052e+003,1.389256e-001
2.871534e+003,1.398034e-001
2.872016e+003,1.407685e-001
2.872498e+003,1.418204e-001
2.872980e+003,1.429632e-001
2.873462e+003,1.442027e-001
2.873945e+003,1.455455e-001
2.874427e+003,1.469984e-001
2.874909e+003,1.485631e-001
2.875391e+003,1.502396e-001
2.875873e+003,1.520235e-001
2.876355e+003,1.539102e-001
2.876837e+003,1.558958e-001
2.877319e+003,1.579766e-001
2.877802e+003,1.601485e-001
2.878284e+003,1.624071e-001
2.878766e+003,1.647448e-001
2.879248e+003,1.671524e-001
2.879730e+003,1.696189e-001
2.880212e+003,1.721364e-001
2.880694e+003,1.746974e-001
2.881176e+003,1.772975e-001
2.881658e+003,1.799338e-001
2.882141e+003,1.826039e-001
2.882623e+003,1.853034e-001
2.883105e+003,1.880274e-001
2.883587e+003,1.907714e-001
2.884069e+003,1.935317e-001
2.884551e+003,1.963091e-001
2.885033e+003,1.991058e-001
2.885516e+003,2.019254e-001
2.885998e+003,2.047702e-001
2.886480e+003,2.076385e-001
2.886962e+003,2.105265e-001
2.887444e+003,2.134273e-001
2.887926e+003,2.163353e-001
2.888408e+003,2.192471e-001
2.888890e+003,2.221630e-001
2.889373e+003,2.250845e-001
2.889855e+003,2.280135e-001
2.890337e+003,2.309486e-001
2.890819e+003,2.338860e-001
2.891301e+003,2.368204e-001
2.891783e+003,2.397462e-001
2.892265e+003,2.426615e-001
2.892747e+003,2.455668e-001
2.893229e+003,2.484659e-001
2.893712e+003,2.513618e-001
2.894194e+003,2.542569e-001
2.894676e+003,2.571507e-001
2.895158e+003,2.600420e-001
2.895640e+003,2.629324e-001
2.896122e+003,2.658267e-001
2.896604e+003,2.687358e-001
2.897086e+003,2.716737e-001
2.897569e+003,2.746570e-001
2.898051e+003,2.776996e-001
2.898533e+003,2.808155e-001
2.899015e+003,2.840166e-001
2.899497e+003,2.873175e-001
2.899979e+003,2.907365e-001
2.900461e+003,2.942983e-001
2.900944e+003,2.980298e-001
2.901426e+003,3.019612e-001
2.901908e+003,3.061195e-001
2.902390e+003,3.105307e-001
2.902872e+003,3.152188e-001
2.903354e+003,3.202093e-001
2.903836e+003,3.255309e-001
2.904318e+003,3.312167e-001
2.904801e+003,3.373013e-001
2.905283e+003,3.438170e-001
2.905765e+003,3.507909e-001
2.906247e+003,3.582412e-001
2.906729e+003,3.661774e-001
2.907211e+003,3.746019e-001
2.907693e+003,3.835091e-001
2.908175e+003,3.928865e-001
2.908657e+003,4.027060e-001
2.909140e+003,4.129182e-001
2.909622e+003,4.234411e-001
2.910104e+003,4.341545e-001
2.910586e+003,4.448952e-001
2.911068e+003,4.554602e-001
2.911550e+003,4.656122e-001
2.912032e+003,4.750874e-001
2.912514e+003,4.836054e-001
2.912997e+003,4.908817e-001
2.913479e+003,4.966412e-001
2.913961e+003,5.006379e-001
2.914443e+003,5.026776e-001
2.914925e+003,5.026402e-001
2.915407e+003,5.004967e-001
2.915889e+003,4.963142e-001
2.916372e+003,4.902465e-001
2.916854e+003,4.825155e-001
2.917336e+003,4.733841e-001
2.917818e+003,4.631337e-001
2.918300e+003,4.520413e-001
2.918782e+003,4.403671e-001
2.919264e+003,4.283467e-001
2.919746e+003,4.161837e-001
2.920229e+003,4.040462e-001
2.920711e+003,3.920671e-001
2.921193e+003,3.803439e-001
2.921675e+003,3.689456e-001
2.922157e+003,3.579195e-001
2.922639e+003,3.472989e-001
2.923121e+003,3.371092e-001
2.923603e+003,3.273692e-001
2.924085e+003,3.180884e-001
2.924568e+003,3.092667e-001
2.925050e+003,3.008902e-001
2.925532e+003,2.929344e-001
2.926014e+003,2.853664e-001
2.926496e+003,2.781515e-001
2.926978e+003,2.712555e-001
2.927460e+003,2.646485e-001
2.927942e+003,2.583042e-001
2.928425e+003,2.522000e-001
2.928907e+003,2.463142e-001
2.929389e+003,2.406278e-001
2.929871e+003,2.351250e-001
2.930353e+003,2.297952e-001
2.930835e+003,2.246328e-001
2.931317e+003,2.196366e-001
2.931800e+003,2.148058e-001
2.932281e+003,2.101392e-001
2.932764e+003,2.056323e-001
2.933246e+003,2.012782e-001
2.933728e+003,1.970697e-001
2.934210e+003,1.930015e-001
2.934692e+003,1.890713e-001
2.935174e+003,1.852789e-001
2.935656e+003,1.816242e-001
2.936139e+003,1.781050e-001
2.936621e+003,1.747167e-001
2.937103e+003,1.714516e-001
2.937585e+003,1.683017e-001
2.938067e+003,1.652613e-001
2.938549e+003,1.623285e-001
2.939031e+003,1.595055e-001
2.939513e+003,1.567954e-001
2.939996e+003,1.542019e-001
2.940478e+003,1.517269e-001
2.940960e+003,1.493707e-001
2.941442e+003,1.471321e-001
2.941924e+003,1.450113e-001
2.942406e+003,1.430095e-001
2.942888e+003,1.411289e-001
2.943370e+003,1.393722e-001
2.943853e+003,1.377394e-001
2.944335e+003,1.362284e-001
2.944817e+003,1.348352e-001
2.945299e+003,1.335550e-001
2.945781e+003,1.323832e-001
2.946263e+003,1.313176e-001
2.946745e+003,1.303558e-001
2.947228e+003,1.294958e-001
2.947709e+003,1.287331e-001
2.948192e+003,1.280604e-001
2.948674e+003,1.274678e-001
2.949156e+003,1.269444e-001
2.949638e+003,1.264796e-001
2.950120e+003,1.260654e-001
2.950602e+003,1.256952e-001
2.951084e+003,1.253617e-001
2.951567e+003,1.250591e-001
2.952049e+003,1.247792e-001
2.952531e+003,1.245138e-001
2.953013e+003,1.242545e-001
2.953495e+003,1.239965e-001
2.953977e+003,1.237361e-001
2.954459e+003,1.234726e-001
2.954941e+003,1.232054e-001
2.955424e+003,1.229327e-001
2.955906e+003,1.226499e-001
2.956388e+003,1.223508e-001
2.956870e+003,1.220286e-001
2.957352e+003,1.216785e-001
2.957834e+003,1.212986e-001
2.958316e+003,1.208903e-001
2.958798e+003,1.204553e-001
2.959281e+003,1.199962e-001
2.959763e+003,1.195131e-001
2.960245e+003,1.190048e-001
2.960727e+003,1.184698e-001
2.961209e+003,1.179078e-001
2.961691e+003,1.173216e-001
2.962173e+003,1.167158e-001
2.962656e+003,1.160963e-001
2.963137e+003,1.154680e-001
2.963620e+003,1.148328e-001
2.964102e+003,1.141908e-001
2.964584e+003,1.135402e-001
2.965066e+003,1.128801e-001
2.965548e+003,1.122109e-001
2.966030e+003,1.115357e-001
2.966512e+003,1.108578e-001
2.966995e+003,1.101808e-001
2.967477e+003,1.095060e-001
2.967959e+003,1.088344e-001
2.968441e+003,1.081640e-001
2.968923e+003,1.074961e-001
2.969405e+003,1.068327e-001
2.969887e+003,1.061789e-001
2.970369e+003,1.055387e-001
2.970852e+003,1.049176e-001
2.971334e+003,1.043160e-001
2.971816e+003,1.037328e-001
2.972298e+003,1.031633e-001
2.972780e+003,1.026036e-001
2.973262e+003,1.020501e-001
2.973744e+003,1.015027e-001
2.974226e+003,1.009618e-001
2.974708e+003,1.004315e-001
2.975191e+003,9.991422e-002
2.975673e+003,9.941304e-002
2.976155e+003,9.892860e-002
2.976637e+003,9.846123e-002
2.977119e+003,9.801090e-002
2.977601e+003,9.757707e-002
2.978083e+003,9.715783e-002
2.978565e+003,9.675179e-002
2.979048e+003,9.635574e-002
2.979530e+003,9.596714e-002
2.980012e+003,9.558266e-002
2.980494e+003,9.520140e-002
2.980976e+003,9.482403e-002
2.981458e+003,9.445262e-002
2.981940e+003,9.408874e-002
2.982423e+003,9.373494e-002
2.982905e+003,9.339196e-002
2.983387e+003,9.306001e-002
2.983869e+003,9.273866e-002
2.984351e+003,9.242781e-002
2.984833e+003,9.212871e-002
2.985315e+003,9.184224e-002
2.985797e+003,9.156899e-002
2.986280e+003,9.130984e-002
2.986762e+003,9.106299e-002
2.987244e+003,9.082702e-002
2.987726e+003,9.060059e-002
2.988208e+003,9.038249e-002
2.988690e+003,9.017318e-002
2.989172e+003,8.997404e-002
2.989654e+003,8.978545e-002
2.990136e+003,8.960787e-002
2.990619e+003,8.944112e-002
2.991101e+003,8.928397e-002
2.991583e+003,8.913445e-002
2.992065e+003,8.899327e-002
2.992547e+003,8.886043e-002
2.993029e+003,8.873777e-002
2.993511e+003,8.862666e-002
2.993994e+003,8.852784e-002
2.994476e+003,8.844162e-002
2.994958e+003,8.836696e-002
2.995440e+003,8.830258e-002
2.995922e+003,8.824890e-002
2.996404e+003,8.820552e-002
2.996886e+003,8.817328e-002
2.997368e+003,8.815207e-002
2.997851e+003,8.814170e-002
2.998333e+003,8.814109e-002
2.998815e+003,8.814995e-002
2.999297e+003,8.816730e-002
2.999779e+003,8.819456e-002
3.000261e+003,8.823343e-002
3.000743e+003,8.828463e-002
3.001225e+003,8.834807e-002
3.001708e+003,8.842156e-002
3.002190e+003,8.850102e-002
3.002672e+003,8.858168e-002
3.003154e+003,8.865990e-002
3.003636e+003,8.873453e-002
3.004118e+003,8.880687e-002
3.004600e+003,8.888014e-002
3.005082e+003,8.895667e-002
3.005564e+003,8.903842e-002
3.006047e+003,8.912564e-002
3.006529e+003,8.921652e-002
3.007011e+003,8.930998e-002
3.007493e+003,8.940593e-002
3.007975e+003,8.950511e-002
3.008457e+003,8.960988e-002
3.008939e+003,8.972131e-002
3.009422e+003,8.983918e-002
3.009904e+003,8.996158e-002
3.010386e+003,9.008508e-002
3.010868e+003,9.020650e-002
3.011350e+003,9.032476e-002
3.011832e+003,9.044187e-002
3.012314e+003,9.056105e-002
3.012796e+003,9.068532e-002
3.013279e+003,9.081755e-002
3.013761e+003,9.095743e-002
3.014243e+003,9.110227e-002
3.014725e+003,9.124771e-002
3.015207e+003,9.139108e-002
3.015689e+003,9.153029e-002
3.016171e+003,9.166701e-002
3.016653e+003,9.180269e-002
3.017135e+003,9.194154e-002
3.017618e+003,9.208505e-002
3.018100e+003,9.223473e-002
3.018582e+003,9.239070e-002
3.019064e+003,9.255251e-002
3.019546e+003,9.272084e-002
3.020028e+003,9.289600e-002
3.020510e+003,9.307809e-002
3.020992e+003,9.326802e-002
3.021475e+003,9.346458e-002
3.021957e+003,9.366690e-002
3.022439e+003,9.387213e-002
3.022921e+003,9.407862e-002
3.023403e+003,9.428434e-002
3.023885e+003,9.448714e-002
3.024367e+003,9.468484e-002
3.024850e+003,9.487575e-002
3.025332e+003,9.505703e-002
3.025814e+003,9.522662e-002
3.026296e+003,9.538455e-002
3.026778e+003,9.553196e-002
3.027260e+003,9.567286e-002
3.027742e+003,9.581228e-002
3.028224e+003,9.595445e-002
3.028707e+003,9.610306e-002
3.029189e+003,9.625971e-002
3.029671e+003,9.642398e-002
3.030153e+003,9.659383e-002
3.030635e+003,9.676600e-002
3.031117e+003,9.693706e-002
3.031599e+003,9.710473e-002
3.032081e+003,9.726480e-002
3.032563e+003,9.741496e-002
3.033046e+003,9.755412e-002
3.033528e+003,9.768254e-002
3.034010e+003,9.780124e-002
3.034492e+003,9.791403e-002
3.034974e+003,9.802513e-002
3.035456e+003,9.813820e-002
3.035938e+003,9.825480e-002
3.036420e+003,9.837448e-002
3.036903e+003,9.849547e-002
3.037385e+003,9.861511e-002
3.037867e+003,9.873196e-002
3.038349e+003,9.884594e-002
3.038831e+003,9.895897e-002
3.039313e+003,9.907388e-002
3.039795e+003,9.919112e-002
3.040278e+003,9.931120e-002
3.040760e+003,9.943255e-002
3.041242e+003,9.955306e-002
3.041724e+003,9.967219e-002
3.042206e+003,9.978996e-002
3.042688e+003,9.990775e-002
3.043170e+003,1.000267e-001
3.043652e+003,1.001454e-001
3.044135e+003,1.002619e-001
3.044617e+003,1.003724e-001
3.045099e+003,1.004735e-001
3.045581e+003,1.005659e-001
3.046063e+003,1.006528e-001
3.046545e+003,1.007427e-001
3.047027e+003,1.008434e-001
3.047509e+003,1.009609e-001
3.047991e+003,1.010981e-001
3.048474e+003,1.012497e-001
3.048956e+003,1.014077e-001
3.049438e+003,1.015620e-001
3.049920e+003,1.017049e-001
3.050402e+003,1.018316e-001
3.050884e+003,1.019430e-001
3.051366e+003,1.020407e-001
3.051848e+003,1.021291e-001
3.052331e+003,1.022111e-001
3.052813e+003,1.022891e-001
3.053295e+003,1.023646e-001
3.053777e+003,1.024405e-001
3.054259e+003,1.025199e-001
3.054741e+003,1.026065e-001
3.055223e+003,1.027019e-001
3.055706e+003,1.028065e-001
3.056188e+003,1.029178e-001
3.056670e+003,1.030305e-001
3.057152e+003,1.031397e-001
3.057634e+003,1.032420e-001
3.058116e+003,1.033364e-001
3.058598e+003,1.034245e-001
3.059080e+003,1.035076e-001
3.059563e+003,1.035875e-001
3.060045e+003,1.036642e-001
3.060527e+003,1.037355e-001
3.061009e+003,1.038008e-001
3.061491e+003,1.038593e-001
3.061973e+003,1.039138e-001
3.062455e+003,1.039670e-001
3.062937e+003,1.040229e-001
3.063419e+003,1.040847e-001
3.063902e+003,1.041513e-001
3.064384e+003,1.042205e-001
3.064866e+003,1.042873e-001
3.065348e+003,1.043463e-001
3.065830e+003,1.043930e-001
3.066312e+003,1.044246e-001
3.066794e+003,1.044396e-001
3.067276e+003,1.044384e-001
3.067759e+003,1.044229e-001
3.068241e+003,1.043965e-001
3.068723e+003,1.043635e-001
3.069205e+003,1.043295e-001
3.069687e+003,1.043004e-001
3.070169e+003,1.042797e-001
3.070651e+003,1.042682e-001
3.071134e+003,1.042646e-001
3.071615e+003,1.042643e-001
3.072098e+003,1.042631e-001
3.072580e+003,1.042586e-001
3.073062e+003,1.042518e-001
3.073544e+003,1.042452e-001
3.074026e+003,1.042444e-001
3.074508e+003,1.042510e-001
3.074990e+003,1.042652e-001
3.075473e+003,1.042830e-001
3.075955e+003,1.042984e-001
3.076437e+003,1.043064e-001
3.076919e+003,1.043050e-001
3.077401e+003,1.042958e-001
3.077883e+003,1.042837e-001
3.078365e+003,1.042744e-001
3.078847e+003,1.042724e-001
3.079330e+003,1.042794e-001
3.079812e+003,1.042935e-001
3.080294e+003,1.043115e-001
3.080776e+003,1.043298e-001
3.081258e+003,1.043465e-001
3.081740e+003,1.043610e-001
3.082222e+003,1.043733e-001
3.082704e+003,1.043834e-001
3.083187e+003,1.043908e-001
3.083669e+003,1.043947e-001
3.084151e+003,1.043952e-001
3.084633e+003,1.043924e-001
3.085115e+003,1.043900e-001
3.085597e+003,1.043905e-001
3.086079e+003,1.043942e-001
3.086562e+003,1.044015e-001
3.087043e+003,1.044090e-001
3.087526e+003,1.044127e-001
3.088008e+003,1.044097e-001
3.088490e+003,1.043991e-001
3.088972e+003,1.043839e-001
3.089454e+003,1.043670e-001
3.089936e+003,1.043512e-001
3.090418e+003,1.043379e-001
3.090901e+003,1.043251e-001
3.091383e+003,1.043096e-001
3.091865e+003,1.042887e-001
3.092347e+003,1.042634e-001
3.092829e+003,1.042368e-001
3.093311e+003,1.042150e-001
3.093793e+003,1.042032e-001
3.094275e+003,1.042057e-001
3.094758e+003,1.042223e-001
3.095240e+003,1.042507e-001
3.095722e+003,1.042865e-001
3.096204e+003,1.043261e-001
3.096686e+003,1.043689e-001
3.097168e+003,1.044153e-001
3.097650e+003,1.044656e-001
3.098132e+003,1.045201e-001
3.098615e+003,1.045781e-001
3.099097e+003,1.046364e-001
3.099579e+003,1.046937e-001
3.100061e+003,1.047500e-001
3.100543e+003,1.048082e-001
3.101025e+003,1.048717e-001
3.101507e+003,1.049421e-001
3.101990e+003,1.050181e-001
3.102471e+003,1.050952e-001
3.102954e+003,1.051670e-001
3.103436e+003,1.052287e-001
3.103918e+003,1.052792e-001
3.104400e+003,1.053226e-001
3.104882e+003,1.053676e-001
3.105364e+003,1.054228e-001
3.105846e+003,1.054949e-001
3.106329e+003,1.055854e-001
3.106811e+003,1.056909e-001
3.107293e+003,1.058048e-001
3.107775e+003,1.059207e-001
3.108257e+003,1.060353e-001
3.108739e+003,1.061473e-001
3.109221e+003,1.062587e-001
3.109703e+003,1.063723e-001
3.110186e+003,1.064885e-001
3.110668e+003,1.066067e-001
3.111150e+003,1.067252e-001
3.111632e+003,1.068438e-001
3.112114e+003,1.069638e-001
3.112596e+003,1.070895e-001
3.113078e+003,1.072241e-001
3.113560e+003,1.073707e-001
3.114042e+003,1.075286e-001
3.114525e+003,1.076941e-001
3.115007e+003,1.078618e-001
3.115489e+003,1.080270e-001
3.115971e+003,1.081875e-001
3.116453e+003,1.083448e-001
3.116935e+003,1.084992e-001
3.117417e+003,1.086539e-001
3.117900e+003,1.088074e-001
3.118382e+003,1.089574e-001
3.118864e+003,1.091011e-001
3.119346e+003,1.092373e-001
3.119828e+003,1.093685e-001
3.120310e+003,1.095004e-001
3.120792e+003,1.096411e-001
3.121274e+003,1.097973e-001
3.121757e+003,1.099725e-001
3.122239e+003,1.101651e-001
3.122721e+003,1.103689e-001
3.123203e+003,1.105765e-001
3.123685e+003,1.107807e-001
3.124167e+003,1.109780e-001
3.124649e+003,1.111678e-001
3.125131e+003,1.113529e-001
3.125614e+003,1.115372e-001
3.126096e+003,1.117239e-001
3.126578e+003,1.119156e-001
3.127060e+003,1.121137e-001
3.127542e+003,1.123181e-001
3.128024e+003,1.125278e-001
3.128506e+003,1.127413e-001
3.128988e+003,1.129553e-001
3.129470e+003,1.131685e-001
3.129953e+003,1.133779e-001
3.130435e+003,1.135829e-001
3.130917e+003,1.137853e-001
3.131399e+003,1.139882e-001
3.131881e+003,1.141952e-001
3.132363e+003,1.144083e-001
3.132845e+003,1.146283e-001
3.133328e+003,1.148529e-001
3.133810e+003,1.150787e-001
3.134292e+003,1.153035e-001
3.134774e+003,1.155277e-001
3.135256e+003,1.157547e-001
3.135738e+003,1.159883e-001
3.136220e+003,1.162313e-001
3.136702e+003,1.164837e-001
3.137185e+003,1.167412e-001
3.137667e+003,1.169966e-001
3.138149e+003,1.172426e-001
3.138631e+003,1.174747e-001
3.139113e+003,1.176936e-001
3.139595e+003,1.179040e-001
3.140077e+003,1.181123e-001
3.140559e+003,1.183265e-001
3.141042e+003,1.185502e-001
3.141524e+003,1.187843e-001
3.142006e+003,1.190276e-001
3.142488e+003,1.192774e-001
3.142970e+003,1.195321e-001
3.143452e+003,1.197900e-001
3.143934e+003,1.200489e-001
3.144417e+003,1.203073e-001
3.144898e+003,1.205611e-001
3.145381e+003,1.208068e-001
3.145863e+003,1.210418e-001
3.146345e+003,1.212680e-001
3.146827e+003,1.214906e-001
3.147309e+003,1.217163e-001
3.147791e+003,1.219524e-001
3.148273e+003,1.222029e-001
3.148756e+003,1.224663e-001
3.149238e+003,1.227383e-001
3.149720e+003,1.230117e-001
3.150202e+003,1.232819e-001
3.150684e+003,1.235473e-001
3.151166e+003,1.238108e-001
3.151648e+003,1.240751e-001
3.152130e+003,1.243437e-001
3.152613e+003,1.246155e-001
3.153095e+003,1.248868e-001
3.153577e+003,1.251525e-001
3.154059e+003,1.254089e-001
3.154541e+003,1.256557e-001
3.155023e+003,1.258962e-001
3.155505e+003,1.261353e-001
3.155987e+003,1.263790e-001
3.156469e+003,1.266294e-001
3.156952e+003,1.268873e-001
3.157434e+003,1.271506e-001
3.157916e+003,1.274177e-001
3.158398e+003,1.276890e-001
3.158880e+003,1.279662e-001
3.159362e+003,1.282513e-001
3.159844e+003,1.285435e-001
3.160326e+003,1.288390e-001
3.160809e+003,1.291317e-001
3.161291e+003,1.294137e-001
3.161773e+003,1.296808e-001
3.162255e+003,1.299340e-001
3.162737e+003,1.301787e-001
3.163219e+003,1.304238e-001
3.163701e+003,1.306776e-001
3.164184e+003,1.309458e-001
3.164666e+003,1.312286e-001
3.165148e+003,1.315219e-001
3.165630e+003,1.318201e-001
3.166112e+003,1.321176e-001
3.166594e+003,1.324100e-001
3.167076e+003,1.326953e-001
3.167558e+003,1.329731e-001
3.168041e+003,1.332432e-001
3.168523e+003,1.335050e-001
3.169005e+003,1.337602e-001
3.169487e+003,1.340117e-001
3.169969e+003,1.342645e-001
3.170451e+003,1.345248e-001
3.170933e+003,1.347967e-001
3.171415e+003,1.350815e-001
3.171897e+003,1.353747e-001
3.172380e+003,1.356682e-001
3.172862e+003,1.359532e-001
3.173344e+003,1.362232e-001
3.173826e+003,1.364779e-001
3.174308e+003,1.367219e-001
3.174790e+003,1.369631e-001
3.175272e+003,1.372104e-001
3.175754e+003,1.374679e-001
3.176237e+003,1.377362e-001
3.176719e+003,1.380109e-001
3.177201e+003,1.382865e-001
3.177683e+003,1.385597e-001
3.178165e+003,1.388282e-001
3.178647e+003,1.390936e-001
3.179129e+003,1.393575e-001
3.179612e+003,1.396212e-001
3.180094e+003,1.398837e-001
3.180576e+003,1.401426e-001
3.181058e+003,1.403969e-001
3.181540e+003,1.406473e-001
3.182022e+003,1.408962e-001
3.182504e+003,1.411470e-001
3.182986e+003,1.414034e-001
3.183469e+003,1.416654e-001
3.183951e+003,1.419307e-001
3.184433e+003,1.421936e-001
3.184915e+003,1.424505e-001
3.185397e+003,1.426990e-001
3.185879e+003,1.429391e-001
3.186361e+003,1.431741e-001
3.186843e+003,1.434070e-001
3.187325e+003,1.436390e-001
3.187808e+003,1.438700e-001
3.188290e+003,1.440967e-001
3.188772e+003,1.443172e-001
3.189254e+003,1.445300e-001
3.189736e+003,1.447365e-001
3.190218e+003,1.449395e-001
3.190700e+003,1.451415e-001
3.191182e+003,1.453456e-001
3.191665e+003,1.455524e-001
3.192147e+003,1.457620e-001
3.192629e+003,1.459741e-001
3.193111e+003,1.461904e-001
3.193593e+003,1.464127e-001
3.194075e+003,1.466420e-001
3.194557e+003,1.468787e-001
3.195040e+003,1.471216e-001
3.195521e+003,1.473668e-001
3.196004e+003,1.476108e-001
3.196486e+003,1.478511e-001
3.196968e+003,1.480865e-001
3.197450e+003,1.483176e-001
3.197932e+003,1.485437e-001
3.198414e+003,1.487641e-001
3.198896e+003,1.489770e-001
3.199379e+003,1.491789e-001
3.199861e+003,1.493688e-001
3.200343e+003,1.495492e-001
3.200825e+003,1.497267e-001
3.201307e+003,1.499092e-001
3.201789e+003,1.501051e-001
3.202271e+003,1.503191e-001
3.202753e+003,1.505508e-001
3.203236e+003,1.507938e-001
3.203718e+003,1.510397e-001
3.204200e+003,1.512800e-001
3.204682e+003,1.515088e-001
3.205164e+003,1.517239e-001
3.205646e+003,1.519247e-001
3.206128e+003,1.521133e-001
3.206610e+003,1.522921e-001
3.207093e+003,1.524628e-001
3.207575e+003,1.526277e-001
3.208057e+003,1.527910e-001
3.208539e+003,1.529585e-001
3.209021e+003,1.531352e-001
3.209503e+003,1.533230e-001
3.209985e+003,1.535209e-001
3.210468e+003,1.537235e-001
3.210949e+003,1.539244e-001
3.211432e+003,1.541174e-001
3.211914e+003,1.543015e-001
3.212396e+003,1.544811e-001
3.212878e+003,1.546628e-001
3.213360e+003,1.548530e-001
3.213842e+003,1.550545e-001
3.214324e+003,1.552644e-001
3.214807e+003,1.554752e-001
3.215289e+003,1.556793e-001
3.215771e+003,1.558727e-001
3.216253e+003,1.560574e-001
3.216735e+003,1.562408e-001
3.217217e+003,1.564316e-001
3.217699e+003,1.566381e-001
3.218181e+003,1.568623e-001
3.218664e+003,1.571019e-001
3.219146e+003,1.573483e-001
3.219628e+003,1.575945e-001
3.220110e+003,1.578344e-001
3.220592e+003,1.580669e-001
3.221074e+003,1.582924e-001
3.221556e+003,1.585133e-001
3.222038e+003,1.587316e-001
3.222521e+003,1.589468e-001
3.223003e+003,1.591589e-001
3.223485e+003,1.593691e-001
3.223967e+003,1.595804e-001
3.224449e+003,1.597974e-001
3.224931e+003,1.600241e-001
3.225413e+003,1.602619e-001
3.225896e+003,1.605093e-001
3.226377e+003,1.607627e-001
3.226860e+003,1.610190e-001
3.227342e+003,1.612770e-001
3.227824e+003,1.615393e-001
3.228306e+003,1.618110e-001
3.228788e+003,1.620952e-001
3.229270e+003,1.623936e-001
3.229752e+003,1.627012e-001
3.230235e+003,1.630116e-001
3.230717e+003,1.633170e-001
3.231199e+003,1.636147e-001
3.231681e+003,1.639043e-001
3.232163e+003,1.641908e-001
3.232645e+003,1.644803e-001
3.233127e+003,1.647772e-001
3.233609e+003,1.650810e-001
3.234092e+003,1.653893e-001
3.234574e+003,1.656979e-001
3.235056e+003,1.660062e-001
3.235538e+003,1.663177e-001
3.236020e+003,1.666383e-001
3.236502e+003,1.669752e-001
3.236984e+003,1.673312e-001
3.237466e+003,1.677058e-001
3.237948e+003,1.680924e-001
3.238431e+003,1.684829e-001
3.238913e+003,1.688719e-001
3.239395e+003,1.692568e-001
3.239877e+003,1.696388e-001
3.240359e+003,1.700202e-001
3.240841e+003,1.704024e-001
3.241323e+003,1.707843e-001
3.241806e+003,1.711643e-001
3.242288e+003,1.715413e-001
3.242770e+003,1.719178e-001
3.243252e+003,1.723004e-001
3.243734e+003,1.726982e-001
3.244216e+003,1.731156e-001
3.244698e+003,1.735521e-001
3.245180e+003,1.739984e-001
3.245663e+003,1.744408e-001
3.246145e+003,1.748665e-001
3.246627e+003,1.752695e-001
3.247109e+003,1.756536e-001
3.247591e+003,1.760301e-001
3.248073e+003,1.764130e-001
3.248555e+003,1.768130e-001
3.249037e+003,1.772326e-001
3.249520e+003,1.776660e-001
3.250002e+003,1.781040e-001
3.250484e+003,1.785387e-001
3.250966e+003,1.789681e-001
3.251448e+003,1.793986e-001
3.251930e+003,1.798389e-001
3.252412e+003,1.802994e-001
3.252894e+003,1.807827e-001
3.253376e+003,1.812846e-001
3.253859e+003,1.817951e-001
3.254341e+003,1.823022e-001
3.254823e+003,1.827976e-001
3.255305e+003,1.832786e-001
3.255787e+003,1.837472e-001
3.256269e+003,1.842080e-001
3.256751e+003,1.846647e-001
3.257234e+003,1.851190e-001
3.257716e+003,1.855706e-001
3.258198e+003,1.860188e-001
3.258680e+003,1.864649e-001
3.259162e+003,1.869115e-001
3.259644e+003,1.873601e-001
3.260126e+003,1.878110e-001
3.260608e+003,1.882608e-001
3.261091e+003,1.887033e-001
3.261573e+003,1.891332e-001
3.262055e+003,1.895489e-001
3.262537e+003,1.899539e-001
3.263019e+003,1.903564e-001
3.263501e+003,1.907650e-001
3.263983e+003,1.911857e-001
3.264465e+003,1.916189e-001
3.264948e+003,1.920604e-001
3.265430e+003,1.925013e-001
3.265912e+003,1.929355e-001
3.266394e+003,1.933605e-001
3.266876e+003,1.937775e-001
3.267358e+003,1.941885e-001
3.267840e+003,1.945950e-001
3.268323e+003,1.949939e-001
3.268804e+003,1.953806e-001
3.269287e+003,1.957486e-001
3.269769e+003,1.960967e-001
3.270251e+003,1.964274e-001
3.270733e+003,1.967492e-001
3.271215e+003,1.970698e-001
3.271697e+003,1.973962e-001
3.272179e+003,1.977278e-001
3.272662e+003,1.980604e-001
3.273144e+003,1.983868e-001
3.273626e+003,1.987020e-001
3.274108e+003,1.990052e-001
3.274590e+003,1.993004e-001
3.275072e+003,1.995920e-001
3.275554e+003,1.998831e-001
3.276036e+003,2.001720e-001
3.276519e+003,2.004528e-001
3.277001e+003,2.007194e-001
3.277483e+003,2.009683e-001
3.277965e+003,2.011997e-001
3.278447e+003,2.014186e-001
3.278929e+003,2.016296e-001
3.279411e+003,2.018348e-001
3.279893e+003,2.020312e-001
3.280375e+003,2.022128e-001
3.280858e+003,2.023725e-001
3.281340e+003,2.025082e-001
3.281822e+003,2.026240e-001
3.282304e+003,2.027281e-001
3.282786e+003,2.028286e-001
3.283268e+003,2.029307e-001
3.283750e+003,2.030321e-001
3.284232e+003,2.031255e-001
3.284715e+003,2.032021e-001
3.285197e+003,2.032573e-001
3.285679e+003,2.032936e-001
3.286161e+003,2.033191e-001
3.286643e+003,2.033446e-001
3.287125e+003,2.033768e-001
3.287607e+003,2.034163e-001
3.288090e+003,2.034565e-001
3.288572e+003,2.034872e-001
3.289054e+003,2.035007e-001
3.289536e+003,2.034939e-001
3.290018e+003,2.034700e-001
3.290500e+003,2.034355e-001
3.290982e+003,2.033959e-001
3.291464e+003,2.033519e-001
3.291947e+003,2.032996e-001
3.292429e+003,2.032328e-001
3.292911e+003,2.031459e-001
3.293393e+003,2.030391e-001
3.293875e+003,2.029167e-001
3.294357e+003,2.027847e-001
3.294839e+003,2.026492e-001
3.295321e+003,2.025114e-001
3.295803e+003,2.023679e-001
3.296286e+003,2.022143e-001
3.296768e+003,2.020471e-001
3.297250e+003,2.018672e-001
3.297732e+003,2.016790e-001
3.298214e+003,2.014859e-001
3.298696e+003,2.012907e-001
3.299178e+003,2.010908e-001
3.299660e+003,2.008801e-001
3.300143e+003,2.006541e-001
3.300625e+003,2.004122e-001
3.301107e+003,2.001597e-001
3.301589e+003,1.999071e-001
3.302071e+003,1.996629e-001
3.302553e+003,1.994325e-001
3.303035e+003,1.992121e-001
3.303518e+003,1.989899e-001
3.304000e+003,1.987521e-001
3.304482e+003,1.984885e-001
3.304964e+003,1.981957e-001
3.305446e+003,1.978799e-001
3.305928e+003,1.975524e-001
3.306410e+003,1.972253e-001
3.306892e+003,1.969059e-001
3.307375e+003,1.965947e-001
3.307857e+003,1.962872e-001
3.308339e+003,1.959777e-001
3.308821e+003,1.956618e-001
3.309303e+003,1.953398e-001
3.309785e+003,1.950136e-001
3.310267e+003,1.946862e-001
3.310749e+003,1.943575e-001
3.311231e+003,1.940248e-001
3.311714e+003,1.936842e-001
3.312196e+003,1.933343e-001
3.312678e+003,1.929770e-001
3.313160e+003,1.926191e-001
3.313642e+003,1.922674e-001
3.314124e+003,1.919287e-001
3.314606e+003,1.916032e-001
3.315088e+003,1.912861e-001
3.315571e+003,1.909692e-001
3.316053e+003,1.906454e-001
3.316535e+003,1.903099e-001
3.317017e+003,1.899634e-001
3.317499e+003,1.896091e-001
3.317981e+003,1.892528e-001
3.318463e+003,1.888983e-001
3.318946e+003,1.885474e-001
3.319427e+003,1.882002e-001
3.319910e+003,1.878564e-001
3.320392e+003,1.875178e-001
3.320874e+003,1.871871e-001
3.321356e+003,1.868656e-001
3.321838e+003,1.865539e-001
3.322320e+003,1.862486e-001
3.322802e+003,1.859450e-001
3.323285e+003,1.856379e-001
3.323767e+003,1.853249e-001
3.324249e+003,1.850066e-001
3.324731e+003,1.846877e-001
3.325213e+003,1.843724e-001
3.325695e+003,1.840640e-001
3.326177e+003,1.837616e-001
3.326659e+003,1.834615e-001
3.327142e+003,1.831586e-001
3.327624e+003,1.828500e-001
3.328106e+003,1.825355e-001
3.328588e+003,1.822181e-001
3.329070e+003,1.819019e-001
3.329552e+003,1.815894e-001
3.330034e+003,1.812817e-001
3.330516e+003,1.809771e-001
3.330999e+003,1.806726e-001
3.331481e+003,1.803686e-001
3.331963e+003,1.800656e-001
3.332445e+003,1.797664e-001
3.332927e+003,1.794725e-001
3.333409e+003,1.791837e-001
3.333891e+003,1.788960e-001
3.334374e+003,1.786060e-001
3.334855e+003,1.783117e-001
3.335338e+003,1.780148e-001
3.335820e+003,1.777215e-001
3.336302e+003,1.774391e-001
3.336784e+003,1.771725e-001
3.337266e+003,1.769210e-001
3.337748e+003,1.766779e-001
3.338230e+003,1.764333e-001
3.338713e+003,1.761775e-001
3.339195e+003,1.759070e-001
3.339677e+003,1.756253e-001
3.340159e+003,1.753414e-001
3.340641e+003,1.750645e-001
3.341123e+003,1.748011e-001
3.341605e+003,1.745514e-001
3.342087e+003,1.743080e-001
3.342570e+003,1.740623e-001
3.343052e+003,1.738073e-001
3.343534e+003,1.735403e-001
3.344016e+003,1.732642e-001
3.344498e+003,1.729852e-001
3.344980e+003,1.727095e-001
3.345462e+003,1.724395e-001
3.345944e+003,1.721738e-001
3.346427e+003,1.719085e-001
3.346909e+003,1.716415e-001
3.347391e+003,1.713711e-001
3.347873e+003,1.711002e-001
3.348355e+003,1.708305e-001
3.348837e+003,1.705638e-001
3.349319e+003,1.702985e-001
3.349802e+003,1.700321e-001
3.350283e+003,1.697608e-001
3.350766e+003,1.694839e-001
3.351248e+003,1.692033e-001
3.351730e+003,1.689238e-001
3.352212e+003,1.686488e-001
3.352694e+003,1.683813e-001
3.353176e+003,1.681200e-001
3.353658e+003,1.678617e-001
3.354141e+003,1.676047e-001
3.354623e+003,1.673484e-001
3.355105e+003,1.670968e-001
3.355587e+003,1.668541e-001
3.356069e+003,1.666227e-001
3.356551e+003,1.664014e-001
3.357033e+003,1.661849e-001
3.357515e+003,1.659635e-001
3.357998e+003,1.657313e-001
3.358480e+003,1.654854e-001
3.358962e+003,1.652300e-001
3.359444e+003,1.649712e-001
3.359926e+003,1.647157e-001
3.360408e+003,1.644649e-001
3.360890e+003,1.642157e-001
3.361372e+003,1.639609e-001
3.361854e+003,1.636940e-001
3.362337e+003,1.634134e-001
3.362819e+003,1.631238e-001
3.363301e+003,1.628357e-001
3.363783e+003,1.625586e-001
3.364265e+003,1.622993e-001
3.364747e+003,1.620578e-001
3.365229e+003,1.618273e-001
3.365712e+003,1.615994e-001
3.366194e+003,1.613678e-001
3.366676e+003,1.611319e-001
3.367158e+003,1.608946e-001
3.367640e+003,1.606608e-001
3.368122e+003,1.604333e-001
3.368604e+003,1.602101e-001
3.369086e+003,1.599842e-001
3.369569e+003,1.597480e-001
3.370051e+003,1.594969e-001
3.370533e+003,1.592316e-001
3.371015e+003,1.589579e-001
3.371497e+003,1.586839e-001
3.371979e+003,1.584166e-001
3.372461e+003,1.581587e-001
3.372943e+003,1.579082e-001
3.373426e+003,1.576611e-001
3.373908e+003,1.574151e-001
3.374390e+003,1.571698e-001
3.374872e+003,1.569284e-001
3.375354e+003,1.566936e-001
3.375836e+003,1.564660e-001
3.376318e+003,1.562424e-001
3.376800e+003,1.560167e-001
3.377282e+003,1.557821e-001
3.377765e+003,1.555376e-001
3.378247e+003,1.552863e-001
3.378729e+003,1.550367e-001
3.379211e+003,1.547986e-001
3.379693e+003,1.545773e-001
3.380175e+003,1.543726e-001
3.380657e+003,1.541779e-001
3.381140e+003,1.539832e-001
3.381622e+003,1.537811e-001
3.382104e+003,1.535673e-001
3.382586e+003,1.533449e-001
3.383068e+003,1.531172e-001
3.383550e+003,1.528908e-001
3.384032e+003,1.526683e-001
3.384514e+003,1.524491e-001
3.384997e+003,1.522319e-001
3.385479e+003,1.520159e-001
3.385961e+003,1.518020e-001
3.386443e+003,1.515933e-001
3.386925e+003,1.513903e-001
3.387407e+003,1.511921e-001
3.387889e+003,1.509934e-001
3.388371e+003,1.507870e-001
3.388854e+003,1.505679e-001
3.389336e+003,1.503374e-001
3.389818e+003,1.501036e-001
3.390300e+003,1.498806e-001
3.390782e+003,1.496803e-001
3.391264e+003,1.495108e-001
3.391746e+003,1.493677e-001
3.392229e+003,1.492397e-001
3.392710e+003,1.491080e-001
3.393193e+003,1.489568e-001
3.393675e+003,1.487795e-001
3.394157e+003,1.485786e-001
3.394639e+003,1.483654e-001
3.395121e+003,1.481539e-001
3.395603e+003,1.479547e-001
3.396085e+003,1.477733e-001
3.396568e+003,1.476073e-001
3.397050e+003,1.474514e-001
3.397532e+003,1.472974e-001
3.398014e+003,1.471409e-001
3.398496e+003,1.469790e-001
3.398978e+003,1.468114e-001
3.399460e+003,1.466386e-001
3.399942e+003,1.464625e-001
3.400425e+003,1.462843e-001
3.400907e+003,1.461076e-001
3.401389e+003,1.459361e-001
3.401871e+003,1.457744e-001
3.402353e+003,1.456234e-001
3.402835e+003,1.454822e-001
3.403317e+003,1.453441e-001
3.403799e+003,1.452016e-001
3.404281e+003,1.450471e-001
3.404764e+003,1.448781e-001
3.405246e+003,1.446974e-001
3.405728e+003,1.445126e-001
3.406210e+003,1.443317e-001
3.406692e+003,1.441600e-001
3.407174e+003,1.439985e-001
3.407656e+003,1.438433e-001
3.408138e+003,1.436878e-001
3.408621e+003,1.435279e-001
3.409103e+003,1.433629e-001
3.409585e+003,1.431970e-001
3.410067e+003,1.430344e-001
3.410549e+003,1.428788e-001
3.411031e+003,1.427300e-001
3.411513e+003,1.425842e-001
3.411996e+003,1.424362e-001
3.412478e+003,1.422827e-001
3.412960e+003,1.421233e-001
3.413442e+003,1.419624e-001
3.413924e+003,1.418047e-001
3.414406e+003,1.416531e-001
3.414888e+003,1.415075e-001
3.415370e+003,1.413635e-001
3.415853e+003,1.412159e-001
3.416335e+003,1.410623e-001
3.416817e+003,1.409028e-001
3.417299e+003,1.407423e-001
3.417781e+003,1.405864e-001
3.418263e+003,1.404401e-001
3.418745e+003,1.403037e-001
3.419227e+003,1.401735e-001
3.419709e+003,1.400435e-001
3.420192e+003,1.399084e-001
3.420674e+003,1.397658e-001
3.421156e+003,1.396160e-001
3.421638e+003,1.394613e-001
3.422120e+003,1.393044e-001
3.422602e+003,1.391444e-001
3.423084e+003,1.389797e-001
3.423566e+003,1.388093e-001
3.424049e+003,1.386350e-001
3.424531e+003,1.384604e-001
3.425013e+003,1.382920e-001
3.425495e+003,1.381334e-001
3.425977e+003,1.379858e-001
3.426459e+003,1.378438e-001
3.426941e+003,1.377011e-001
3.427424e+003,1.375498e-001
3.427906e+003,1.373883e-001
3.428388e+003,1.372198e-001
3.428870e+003,1.370533e-001
3.429352e+003,1.368978e-001
3.429834e+003,1.367598e-001
3.430316e+003,1.366390e-001
3.430798e+003,1.365275e-001
3.431281e+003,1.364147e-001
3.431763e+003,1.362903e-001
3.432245e+003,1.361484e-001
3.432727e+003,1.359891e-001
3.433209e+003,1.358172e-001
3.433691e+003,1.356381e-001
3.434173e+003,1.354582e-001
3.434655e+003,1.352814e-001
3.435137e+003,1.351100e-001
3.435620e+003,1.349460e-001
3.436102e+003,1.347906e-001
3.436584e+003,1.346441e-001
3.437066e+003,1.345042e-001
3.437548e+003,1.343658e-001
3.438030e+003,1.342212e-001
3.438512e+003,1.340633e-001
3.438994e+003,1.338906e-001
3.439477e+003,1.337078e-001
3.439959e+003,1.335259e-001
3.440441e+003,1.333575e-001
3.440923e+003,1.332123e-001
3.441405e+003,1.330902e-001
3.441887e+003,1.329824e-001
3.442369e+003,1.328724e-001
3.442852e+003,1.327425e-001
3.443333e+003,1.325852e-001
3.443816e+003,1.324024e-001
3.444298e+003,1.322075e-001
3.444780e+003,1.320182e-001
3.445262e+003,1.318498e-001
3.445744e+003,1.317098e-001
3.446226e+003,1.315955e-001
3.446708e+003,1.314928e-001
3.447191e+003,1.313866e-001
3.447673e+003,1.312634e-001
3.448155e+003,1.311187e-001
3.448637e+003,1.309528e-001
3.449119e+003,1.307720e-001
3.449601e+003,1.305809e-001
3.450083e+003,1.303835e-001
3.450565e+003,1.301812e-001
3.451048e+003,1.299772e-001
3.451530e+003,1.297754e-001
3.452012e+003,1.295825e-001
3.452494e+003,1.294027e-001
3.452976e+003,1.292386e-001
3.453458e+003,1.290875e-001
3.453940e+003,1.289436e-001
3.454422e+003,1.287995e-001
3.454905e+003,1.286497e-001
3.455387e+003,1.284931e-001
3.455869e+003,1.283323e-001
3.456351e+003,1.281703e-001
3.456833e+003,1.280097e-001
3.457315e+003,1.278488e-001
3.457797e+003,1.276831e-001
3.458280e+003,1.275090e-001
3.458761e+003,1.273263e-001
3.459244e+003,1.271390e-001
3.459726e+003,1.269563e-001
3.460208e+003,1.267869e-001
3.460690e+003,1.266358e-001
3.461172e+003,1.265008e-001
3.461654e+003,1.263739e-001
3.462136e+003,1.262433e-001
3.462619e+003,1.260996e-001
3.463101e+003,1.259386e-001
3.463583e+003,1.257631e-001
3.464065e+003,1.255798e-001
3.464547e+003,1.253964e-001
3.465029e+003,1.252162e-001
3.465511e+003,1.250381e-001
3.465993e+003,1.248581e-001
3.466476e+003,1.246718e-001
3.466958e+003,1.244770e-001
3.467440e+003,1.242747e-001
3.467922e+003,1.240687e-001
3.468404e+003,1.238627e-001
3.468886e+003,1.236592e-001
3.469368e+003,1.234579e-001
3.469850e+003,1.232571e-001
3.470333e+003,1.230562e-001
3.470815e+003,1.228552e-001
3.471297e+003,1.226559e-001
3.471779e+003,1.224595e-001
3.472261e+003,1.222661e-001
3.472743e+003,1.220720e-001
3.473225e+003,1.218734e-001
3.473708e+003,1.216664e-001
3.474189e+003,1.214519e-001
3.474672e+003,1.212338e-001
3.475154e+003,1.210186e-001
3.475636e+003,1.208110e-001
3.476118e+003,1.206128e-001
3.476600e+003,1.204192e-001
3.477082e+003,1.202235e-001
3.477564e+003,1.200178e-001
3.478047e+003,1.197990e-001
3.478529e+003,1.195698e-001
3.479011e+003,1.193391e-001
3.479493e+003,1.191185e-001
3.479975e+003,1.189180e-001
3.480457e+003,1.187406e-001
3.480939e+003,1.185823e-001
3.481421e+003,1.184336e-001
3.481904e+003,1.182811e-001
3.482386e+003,1.181160e-001
3.482868e+003,1.179316e-001
3.483350e+003,1.177285e-001
3.483832e+003,1.175108e-001
3.484314e+003,1.172858e-001
3.484796e+003,1.170616e-001
3.485278e+003,1.168455e-001
3.485760e+003,1.166463e-001
3.486243e+003,1.164688e-001
3.486725e+003,1.163140e-001
3.487207e+003,1.161757e-001
3.487689e+003,1.160417e-001
3.488171e+003,1.158961e-001
3.488653e+003,1.157249e-001
3.489135e+003,1.155206e-001
3.489618e+003,1.152851e-001
3.490100e+003,1.150293e-001
3.490582e+003,1.147667e-001
3.491064e+003,1.145100e-001
3.491546e+003,1.142648e-001
3.492028e+003,1.140298e-001
3.492510e+003,1.137977e-001
3.492992e+003,1.135609e-001
3.493475e+003,1.133148e-001
3.493957e+003,1.130623e-001
3.494439e+003,1.128114e-001
3.494921e+003,1.125706e-001
3.495403e+003,1.123473e-001
3.495885e+003,1.121412e-001
3.496367e+003,1.119465e-001
3.496849e+003,1.117538e-001
3.497332e+003,1.115553e-001
3.497814e+003,1.113464e-001
3.498296e+003,1.111278e-001
3.498778e+003,1.109015e-001
3.499260e+003,1.106709e-001
3.499742e+003,1.104376e-001
3.500224e+003,1.102038e-001
3.500706e+003,1.099727e-001
3.501188e+003,1.097510e-001
3.501671e+003,1.095486e-001
3.502153e+003,1.093724e-001
3.502635e+003,1.092237e-001
3.503117e+003,1.090932e-001
3.503599e+003,1.089607e-001
3.504081e+003,1.088040e-001
3.504563e+003,1.086038e-001
3.505046e+003,1.083532e-001
3.505528e+003,1.080581e-001
3.506010e+003,1.077347e-001
3.506492e+003,1.074022e-001
3.506974e+003,1.070796e-001
3.507456e+003,1.067790e-001
3.507938e+003,1.065064e-001
3.508420e+003,1.062597e-001
3.508903e+003,1.060330e-001
3.509385e+003,1.058178e-001
3.509867e+003,1.056079e-001
3.510349e+003,1.053977e-001
3.510831e+003,1.051852e-001
3.511313e+003,1.049684e-001
3.511795e+003,1.047464e-001
3.512277e+003,1.045192e-001
3.512760e+003,1.042881e-001
3.513242e+003,1.040557e-001
3.513724e+003,1.038234e-001
3.514206e+003,1.035908e-001
3.514688e+003,1.033558e-001
3.515170e+003,1.031147e-001
3.515652e+003,1.028657e-001
3.516135e+003,1.026081e-001
3.516616e+003,1.023454e-001
3.517099e+003,1.020836e-001
3.517581e+003,1.018270e-001
3.518063e+003,1.015758e-001
3.518545e+003,1.013262e-001
3.519027e+003,1.010700e-001
3.519509e+003,1.008012e-001
3.519991e+003,1.005178e-001
3.520474e+003,1.002264e-001
3.520956e+003,9.993790e-002
3.521438e+003,9.966562e-002
3.521920e+003,9.941587e-002
3.522402e+003,9.918775e-002
3.522884e+003,9.896695e-002
3.523366e+003,9.873664e-002
3.523848e+003,9.848279e-002
3.524331e+003,9.820314e-002
3.524813e+003,9.790665e-002
3.525295e+003,9.761126e-002
3.525777e+003,9.733314e-002
3.526259e+003,9.708315e-002
3.526741e+003,9.686001e-002
3.527223e+003,9.665401e-002
3.527705e+003,9.644950e-002
3.528188e+003,9.623510e-002
3.528670e+003,9.600575e-002
3.529152e+003,9.576394e-002
3.529634e+003,9.551336e-002
3.530116e+003,9.525566e-002
3.530598e+003,9.498800e-002
3.531080e+003,9.470437e-002
3.531563e+003,9.439908e-002
3.532044e+003,9.407284e-002
3.532527e+003,9.373539e-002
3.533009e+003,9.340142e-002
3.533491e+003,9.308869e-002
3.533973e+003,9.280955e-002
3.534455e+003,9.257066e-002
3.534937e+003,9.236720e-002
3.535419e+003,9.218688e-002
3.535902e+003,9.201420e-002
3.536384e+003,9.183368e-002
3.536866e+003,9.163545e-002
3.537348e+003,9.141370e-002
3.537830e+003,9.116791e-002
3.538312e+003,9.089869e-002
3.538794e+003,9.060809e-002
3.539276e+003,9.029841e-002
3.539759e+003,8.997566e-002
3.540241e+003,8.964606e-002
3.540723e+003,8.931742e-002
3.541205e+003,8.899622e-002
3.541687e+003,8.868410e-002
3.542169e+003,8.838151e-002
3.542651e+003,8.808587e-002
3.543133e+003,8.779742e-002
3.543615e+003,8.752112e-002
3.544098e+003,8.726569e-002
3.544580e+003,8.704165e-002
3.545062e+003,8.685340e-002
3.545544e+003,8.669530e-002
3.546026e+003,8.654787e-002
3.546508e+003,8.638699e-002
3.546990e+003,8.618905e-002
3.547472e+003,8.594222e-002
3.547955e+003,8.564828e-002
3.548437e+003,8.531926e-002
3.548919e+003,8.497283e-002
3.549401e+003,8.462651e-002
3.549883e+003,8.429298e-002
3.550365e+003,8.398142e-002
3.550847e+003,8.369616e-002
3.551330e+003,8.343821e-002
3.551812e+003,8.320346e-002
3.552294e+003,8.298495e-002
3.552776e+003,8.277065e-002
3.553258e+003,8.254773e-002
3.553740e+003,8.230593e-002
3.554222e+003,8.203962e-002
3.554704e+003,8.175081e-002
3.555187e+003,8.144919e-002
3.555669e+003,8.114604e-002
3.556151e+003,8.085444e-002
3.556633e+003,8.058068e-002
3.557115e+003,8.032414e-002
3.557597e+003,8.007704e-002
3.558079e+003,7.982716e-002
3.558561e+003,7.956387e-002
3.559043e+003,7.928167e-002
3.559526e+003,7.898280e-002
3.560008e+003,7.867462e-002
3.560490e+003,7.836492e-002
3.560972e+003,7.805731e-002
3.561454e+003,7.775006e-002
3.561936e+003,7.743695e-002
3.562418e+003,7.711303e-002
3.562900e+003,7.677829e-002
3.563383e+003,7.643957e-002
3.563865e+003,7.611126e-002
3.564347e+003,7.581107e-002
3.564829e+003,7.555640e-002
3.565311e+003,7.535812e-002
3.565793e+003,7.521610e-002
3.566275e+003,7.511340e-002
3.566758e+003,7.502034e-002
3.567240e+003,7.490395e-002
3.567722e+003,7.474039e-002
3.568204e+003,7.452220e-002
3.568686e+003,7.425328e-002
3.569168e+003,7.394312e-002
3.569650e+003,7.360306e-002
3.570132e+003,7.324403e-002
3.570615e+003,7.287876e-002
3.571097e+003,7.252093e-002
3.571579e+003,7.218292e-002
3.572061e+003,7.187179e-002
3.572543e+003,7.159028e-002
3.573025e+003,7.133341e-002
3.573507e+003,7.109190e-002
3.573989e+003,7.085566e-002
3.574471e+003,7.061929e-002
3.574954e+003,7.038102e-002
3.575436e+003,7.014409e-002
3.575918e+003,6.991272e-002
3.576400e+003,6.968950e-002
3.576882e+003,6.947418e-002
3.577364e+003,6.926491e-002
3.577846e+003,6.905857e-002
3.578328e+003,6.885482e-002
3.578811e+003,6.865364e-002
3.579293e+003,6.845627e-002
3.579775e+003,6.825875e-002
3.580257e+003,6.805637e-002
3.580739e+003,6.784046e-002
3.581221e+003,6.760406e-002
3.581703e+003,6.734273e-002
3.582186e+003,6.705932e-002
3.582667e+003,6.676039e-002
3.583150e+003,6.645599e-002
3.583632e+003,6.615454e-002
3.584114e+003,6.586286e-002
3.584596e+003,6.558379e-002
3.585078e+003,6.532104e-002
3.585560e+003,6.507995e-002
3.586042e+003,6.487179e-002
3.586525e+003,6.470571e-002
3.587007e+003,6.458396e-002
3.587489e+003,6.449005e-002
3.587971e+003,6.439289e-002
3.588453e+003,6.426042e-002
3.588935e+003,6.407525e-002
3.589417e+003,6.383666e-002
3.589899e+003,6.355826e-002
3.590382e+003,6.326001e-002
3.590864e+003,6.295890e-002
3.591346e+003,6.266977e-002
3.591828e+003,6.239996e-002
3.592310e+003,6.215005e-002
3.592792e+003,6.191733e-002
3.593274e+003,6.169511e-002
3.593756e+003,6.148241e-002
3.594239e+003,6.127946e-002
3.594721e+003,6.108937e-002
3.595203e+003,6.091324e-002
3.595685e+003,6.074676e-002
3.596167e+003,6.058271e-002
3.596649e+003,6.041381e-002
3.597131e+003,6.023721e-002
3.597614e+003,6.005735e-002
3.598095e+003,5.988231e-002
3.598578e+003,5.972171e-002
3.599060e+003,5.958030e-002
3.599542e+003,5.945497e-002
3.600024e+003,5.933259e-002
3.600506e+003,5.919755e-002
3.600988e+003,5.903559e-002
3.601470e+003,5.884312e-002
3.601953e+003,5.862350e-002
3.602435e+003,5.838699e-002
3.602917e+003,5.814166e-002
3.603399e+003,5.789221e-002
3.603881e+003,5.763704e-002
3.604363e+003,5.737355e-002
3.604845e+003,5.709949e-002
3.605327e+003,5.681847e-002
3.605810e+003,5.653892e-002
3.606292e+003,5.627569e-002
3.606774e+003,5.604068e-002
3.607256e+003,5.583846e-002
3.607738e+003,5.566346e-002
3.608220e+003,5.549921e-002
3.608702e+003,5.532888e-002
3.609184e+003,5.514463e-002
3.609667e+003,5.494797e-002
3.610149e+003,5.474744e-002
3.610631e+003,5.455085e-002
3.611113e+003,5.436079e-002
3.611595e+003,5.417072e-002
3.612077e+003,5.396834e-002
3.612559e+003,5.373980e-002
3.613042e+003,5.347618e-002
3.613524e+003,5.317996e-002
3.614006e+003,5.286341e-002
3.614488e+003,5.253990e-002
3.614970e+003,5.222108e-002
3.615452e+003,5.191239e-002
3.615934e+003,5.161754e-002
3.616416e+003,5.134088e-002
3.616898e+003,5.109267e-002
3.617381e+003,5.088516e-002
3.617863e+003,5.072950e-002
3.618345e+003,5.062445e-002
3.618827e+003,5.055207e-002
3.619309e+003,5.047967e-002
3.619791e+003,5.037679e-002
3.620273e+003,5.022720e-002
3.620755e+003,5.003695e-002
3.621238e+003,4.982240e-002
3.621720e+003,4.960164e-002
3.622202e+003,4.938567e-002
3.622684e+003,4.917501e-002
3.623166e+003,4.896134e-002
3.623648e+003,4.873279e-002
3.624130e+003,4.847684e-002
3.624612e+003,4.818792e-002
3.625094e+003,4.786901e-002
3.625577e+003,4.753189e-002
3.626059e+003,4.719425e-002
3.626541e+003,4.687876e-002
3.627023e+003,4.661165e-002
3.627505e+003,4.642138e-002
3.627987e+003,4.632579e-002
3.628469e+003,4.631621e-002
3.628952e+003,4.634293e-002
3.629434e+003,4.633992e-002
3.629916e+003,4.626692e-002
3.630398e+003,4.612060e-002
3.630880e+003,4.591812e-002
3.631362e+003,4.568206e-002
3.631844e+003,4.543321e-002
3.632326e+003,4.519239e-002
3.632809e+003,4.497569e-002
3.633291e+003,4.479352e-002
3.633773e+003,4.464513e-002
3.634255e+003,4.451789e-002
3.634737e+003,4.439373e-002
3.635219e+003,4.425753e-002
3.635701e+003,4.410111e-002
3.636183e+003,4.392807e-002
3.636666e+003,4.375078e-002
3.637148e+003,4.358264e-002
3.637630e+003,4.343454e-002
3.638112e+003,4.331082e-002
3.638594e+003,4.320616e-002
3.639076e+003,4.311052e-002
3.639558e+003,4.301151e-002
3.640041e+003,4.290109e-002
3.640522e+003,4.277614e-002
3.641005e+003,4.263518e-002
3.641487e+003,4.247846e-002
3.641969e+003,4.230683e-002
3.642451e+003,4.211968e-002
3.642933e+003,4.191986e-002
3.643415e+003,4.171085e-002
3.643897e+003,4.149883e-002
3.644380e+003,4.128975e-002
3.644862e+003,4.108871e-002
3.645344e+003,4.089657e-002
3.645826e+003,4.070736e-002
3.646308e+003,4.050959e-002
3.646790e+003,4.029095e-002
3.647272e+003,4.004750e-002
3.647754e+003,3.979375e-002
3.648237e+003,3.956239e-002
3.648719e+003,3.939472e-002
3.649201e+003,3.930646e-002
3.649683e+003,3.927930e-002
3.650165e+003,3.926292e-002
3.650647e+003,3.920747e-002
3.651129e+003,3.908964e-002
3.651611e+003,3.891425e-002
3.652094e+003,3.869915e-002
3.652576e+003,3.846419e-002
3.653058e+003,3.822349e-002
3.653540e+003,3.798625e-002
3.654022e+003,3.775963e-002
3.654504e+003,3.755084e-002
3.654986e+003,3.736857e-002
3.655469e+003,3.722357e-002
3.655950e+003,3.712122e-002
3.656433e+003,3.705791e-002
3.656915e+003,3.701938e-002
3.657397e+003,3.698792e-002
3.657879e+003,3.694814e-002
3.658361e+003,3.689221e-002
3.658843e+003,3.681779e-002
3.659325e+003,3.672697e-002
3.659808e+003,3.662335e-002
3.660290e+003,3.651102e-002
3.660772e+003,3.639122e-002
3.661254e+003,3.626495e-002
3.661736e+003,3.613270e-002
3.662218e+003,3.599732e-002
3.662700e+003,3.586315e-002
3.663182e+003,3.573591e-002
3.663665e+003,3.561995e-002
3.664147e+003,3.551687e-002
3.664629e+003,3.542048e-002
3.665111e+003,3.532270e-002
3.665593e+003,3.521235e-002
3.666075e+003,3.508212e-002
3.666557e+003,3.492902e-002
3.667039e+003,3.475887e-002
3.667521e+003,3.458348e-002
3.668004e+003,3.442011e-002
3.668486e+003,3.428417e-002
3.668968e+003,3.418285e-002
3.669450e+003,3.410685e-002
3.669932e+003,3.403096e-002
3.670414e+003,3.392896e-002
3.670896e+003,3.379153e-002
3.671378e+003,3.362227e-002
3.671861e+003,3.343062e-002
3.672343e+003,3.322478e-002
3.672825e+003,3.300935e-002
3.673307e+003,3.278979e-002
3.673789e+003,3.258001e-002
3.674271e+003,3.240723e-002
3.674753e+003,3.231146e-002
3.675236e+003,3.231595e-002
3.675718e+003,3.239613e-002
3.676200e+003,3.248963e-002
3.676682e+003,3.254586e-002
3.677164e+003,3.254652e-002
3.677646e+003,3.250179e-002
3.678128e+003,3.243118e-002
3.678610e+003,3.235756e-002
3.679093e+003,3.229761e-002
3.679575e+003,3.225980e-002
3.680057e+003,3.223864e-002
3.680539e+003,3.221972e-002
3.681021e+003,3.218711e-002
3.681503e+003,3.212722e-002
3.681985e+003,3.203622e-002
3.682467e+003,3.191755e-002
3.682949e+003,3.178118e-002
3.683432e+003,3.163782e-002
3.683914e+003,3.149593e-002
3.684396e+003,3.135924e-002
3.684878e+003,3.122539e-002
3.685360e+003,3.109052e-002
3.685842e+003,3.095189e-002
3.686324e+003,3.081087e-002
3.686806e+003,3.067755e-002
3.687289e+003,3.056724e-002
3.687771e+003,3.049888e-002
3.688253e+003,3.048866e-002
3.688735e+003,3.054123e-002
3.689217e+003,3.064677e-002
3.689699e+003,3.078699e-002
3.690181e+003,3.094245e-002
3.690664e+003,3.109349e-002
3.691146e+003,3.122151e-002
3.691628e+003,3.130953e-002
3.692110e+003,3.134618e-002
3.692592e+003,3.132819e-002
3.693074e+003,3.126315e-002
3.693556e+003,3.116541e-002
3.694038e+003,3.105453e-002
3.694521e+003,3.094976e-002
3.695003e+003,3.086556e-002
3.695485e+003,3.080743e-002
3.695967e+003,3.077200e-002
3.696449e+003,3.074704e-002
3.696931e+003,3.072097e-002
3.697413e+003,3.068689e-002
3.697895e+003,3.064568e-002
3.698377e+003,3.060445e-002
3.698860e+003,3.057447e-002
3.699342e+003,3.056409e-002
3.699824e+003,3.057707e-002
3.700306e+003,3.061092e-002
3.700788e+003,3.065690e-002
3.701270e+003,3.070314e-002
3.701752e+003,3.074053e-002
3.702234e+003,3.076341e-002
3.702717e+003,3.077104e-002
3.703199e+003,3.076166e-002
3.703681e+003,3.073590e-002
3.704163e+003,3.069212e-002
3.704645e+003,3.063030e-002
3.705127e+003,3.055358e-002
3.705609e+003,3.046696e-002
3.706092e+003,3.037720e-002
3.706573e+003,3.028916e-002
3.707056e+003,3.020461e-002
3.707538e+003,3.012117e-002
3.708020e+003,3.003309e-002
3.708502e+003,2.993834e-002
3.708984e+003,2.984020e-002
3.709466e+003,2.975681e-002
3.709948e+003,2.971422e-002
3.710431e+003,2.974025e-002
3.710913e+003,2.984682e-002
3.711395e+003,3.001694e-002
3.711877e+003,3.021182e-002
3.712359e+003,3.038770e-002
3.712841e+003,3.051652e-002
3.713323e+003,3.059120e-002
3.713805e+003,3.061887e-002
3.714288e+003,3.060968e-002
3.714770e+003,3.057427e-002
3.715252e+003,3.051676e-002
3.715734e+003,3.044193e-002
3.716216e+003,3.035303e-002
3.716698e+003,3.025608e-002
3.717180e+003,3.016011e-002
3.717662e+003,3.007692e-002
3.718145e+003,3.001568e-002
3.718627e+003,2.998104e-002
3.719109e+003,2.997263e-002
3.719591e+003,2.998454e-002
3.720073e+003,3.001355e-002
3.720555e+003,3.005599e-002
3.721037e+003,3.011289e-002
3.721520e+003,3.018439e-002
3.722001e+003,3.026658e-002
3.722484e+003,3.034904e-002
3.722966e+003,3.042035e-002
3.723448e+003,3.047030e-002
3.723930e+003,3.049688e-002
3.724412e+003,3.050900e-002
3.724894e+003,3.052176e-002
3.725376e+003,3.054986e-002
3.725859e+003,3.060023e-002
3.726341e+003,3.066396e-002
3.726823e+003,3.072053e-002
3.727305e+003,3.074653e-002
3.727787e+003,3.072534e-002
3.728269e+003,3.065251e-002
3.728751e+003,3.053548e-002
3.729233e+003,3.038645e-002
3.729716e+003,3.022178e-002
3.730198e+003,3.005822e-002
3.730680e+003,2.991099e-002
3.731162e+003,2.979422e-002
3.731644e+003,2.971835e-002
3.732126e+003,2.968881e-002
3.732608e+003,2.970940e-002
3.733090e+003,2.977951e-002
3.733573e+003,2.989966e-002
3.734055e+003,3.006320e-002
3.734537e+003,3.025517e-002
3.735019e+003,3.044708e-002
3.735501e+003,3.060463e-002
3.735983e+003,3.070508e-002
3.736465e+003,3.074854e-002
3.736948e+003,3.074973e-002
3.737430e+003,3.072821e-002
3.737912e+003,3.069317e-002
3.738394e+003,3.064726e-002
3.738876e+003,3.058507e-002
3.739358e+003,3.050139e-002
3.739840e+003,3.039080e-002
3.740322e+003,3.025532e-002
3.740804e+003,3.009784e-002
3.741287e+003,2.992532e-002
3.741769e+003,2.974393e-002
3.742251e+003,2.956251e-002
3.742733e+003,2.939672e-002
3.743215e+003,2.927498e-002
3.743697e+003,2.923228e-002
3.744179e+003,2.929338e-002
3.744661e+003,2.943790e-002
3.745144e+003,2.960684e-002
3.745626e+003,2.974109e-002
3.746108e+003,2.980839e-002
3.746590e+003,2.980236e-002
3.747072e+003,2.973184e-002
3.747554e+003,2.961427e-002
3.748036e+003,2.947619e-002
3.748518e+003,2.935174e-002
3.749000e+003,2.927685e-002
3.749483e+003,2.927555e-002
3.749965e+003,2.934548e-002
3.750447e+003,2.945642e-002
3.750929e+003,2.956677e-002
3.751411e+003,2.965323e-002
3.751893e+003,2.971806e-002
3.752375e+003,2.978013e-002
3.752858e+003,2.985398e-002
3.753340e+003,2.994522e-002
3.753822e+003,3.004484e-002
3.754304e+003,3.014044e-002
3.754786e+003,3.021858e-002
3.755268e+003,3.026936e-002
3.755750e+003,3.028744e-002
3.756232e+003,3.027637e-002
3.756715e+003,3.024627e-002
3.757197e+003,3.021351e-002
3.757679e+003,3.019798e-002
3.758161e+003,3.021618e-002
3.758643e+003,3.027778e-002
3.759125e+003,3.038026e-002
3.759607e+003,3.050981e-002
3.760089e+003,3.064358e-002
3.760572e+003,3.075695e-002
3.761054e+003,3.083214e-002
3.761536e+003,3.085984e-002
3.762018e+003,3.084106e-002
3.762500e+003,3.078213e-002
3.762982e+003,3.069434e-002
3.763464e+003,3.059193e-002
3.763947e+003,3.049140e-002
3.764428e+003,3.040762e-002
3.764911e+003,3.034823e-002
3.765393e+003,3.031068e-002
3.765875e+003,3.028431e-002
3.766357e+003,3.025679e-002
3.766839e+003,3.022264e-002
3.767321e+003,3.018760e-002
3.767803e+003,3.016590e-002
3.768286e+003,3.017651e-002
3.768768e+003,3.023455e-002
3.769250e+003,3.034249e-002
3.769732e+003,3.048215e-002
3.770214e+003,3.062261e-002
3.770696e+003,3.073473e-002
3.771178e+003,3.080373e-002
3.771660e+003,3.083173e-002
3.772143e+003,3.083198e-002
3.772625e+003,3.082000e-002
3.773107e+003,3.080980e-002
3.773589e+003,3.080800e-002
3.774071e+003,3.081538e-002
3.774553e+003,3.082734e-002
3.775035e+003,3.083510e-002
3.775517e+003,3.083076e-002
3.776000e+003,3.080881e-002
3.776482e+003,3.076863e-002
3.776964e+003,3.071390e-002
3.777446e+003,3.065521e-002
3.777928e+003,3.060657e-002
3.778410e+003,3.058191e-002
3.778892e+003,3.059232e-002
3.779375e+003,3.063718e-002
3.779856e+003,3.070310e-002
3.780339e+003,3.077121e-002
3.780821e+003,3.082326e-002
3.781303e+003,3.085170e-002
3.781785e+003,3.085691e-002
3.782267e+003,3.084731e-002
3.782749e+003,3.083681e-002
3.783231e+003,3.084036e-002
3.783714e+003,3.087009e-002
3.784196e+003,3.092896e-002
3.784678e+003,3.100958e-002
3.785160e+003,3.109596e-002
3.785642e+003,3.117113e-002
3.786124e+003,3.122265e-002
3.786606e+003,3.124953e-002
3.787088e+003,3.125542e-002
3.787571e+003,3.125185e-002
3.788053e+003,3.125059e-002
3.788535e+003,3.126237e-002
3.789017e+003,3.129219e-002
3.789499e+003,3.133981e-002
3.789981e+003,3.139884e-002
3.790463e+003,3.145775e-002
3.790945e+003,3.150310e-002
3.791427e+003,3.152196e-002
3.791910e+003,3.150523e-002
3.792392e+003,3.145185e-002
3.792874e+003,3.136798e-002
3.793356e+003,3.126731e-002
3.793838e+003,3.116931e-002
3.794320e+003,3.109525e-002
3.794802e+003,3.106357e-002
3.795284e+003,3.108482e-002
3.795767e+003,3.115234e-002
3.796249e+003,3.124231e-002
3.796731e+003,3.131897e-002
3.797213e+003,3.135296e-002
3.797695e+003,3.132859e-002
3.798177e+003,3.124728e-002
3.798659e+003,3.112259e-002
3.799142e+003,3.097287e-002
3.799624e+003,3.082146e-002
3.800106e+003,3.069824e-002
3.800588e+003,3.063453e-002
3.801070e+003,3.065009e-002
3.801552e+003,3.073432e-002
3.802034e+003,3.084859e-002
3.802516e+003,3.095045e-002
3.802999e+003,3.101639e-002
3.803481e+003,3.104228e-002
3.803963e+003,3.103761e-002
3.804445e+003,3.101572e-002
3.804927e+003,3.099358e-002
3.805409e+003,3.099082e-002
3.805891e+003,3.102649e-002
3.806373e+003,3.110933e-002
3.806855e+003,3.123075e-002
3.807338e+003,3.136468e-002
3.807820e+003,3.148285e-002
3.808302e+003,3.156966e-002
3.808784e+003,3.162394e-002
3.809266e+003,3.165175e-002
3.809748e+003,3.166129e-002
3.810230e+003,3.165835e-002
3.810712e+003,3.164215e-002
3.811195e+003,3.160959e-002
3.811677e+003,3.155579e-002
3.812159e+003,3.147713e-002
3.812641e+003,3.137670e-002
3.813123e+003,3.126324e-002
3.813605e+003,3.115440e-002
3.814087e+003,3.107373e-002
3.814570e+003,3.104752e-002
3.815052e+003,3.109086e-002
3.815534e+003,3.119385e-002
3.816016e+003,3.131531e-002
3.816498e+003,3.140548e-002
3.816980e+003,3.143071e-002
3.817462e+003,3.138776e-002
3.817944e+003,3.129220e-002
3.818427e+003,3.117070e-002
3.818909e+003,3.105590e-002
3.819391e+003,3.098632e-002
3.819873e+003,3.100145e-002
3.820355e+003,3.112467e-002
3.820837e+003,3.133694e-002
3.821319e+003,3.157175e-002
3.821801e+003,3.175604e-002
3.822283e+003,3.185170e-002
3.822766e+003,3.186269e-002
3.823248e+003,3.181196e-002
3.823730e+003,3.172764e-002
3.824212e+003,3.163542e-002
3.824694e+003,3.155700e-002
3.825176e+003,3.150970e-002
3.825658e+003,3.150256e-002
3.826140e+003,3.153224e-002
3.826623e+003,3.158338e-002
3.827105e+003,3.163479e-002
3.827587e+003,3.166890e-002
3.828069e+003,3.168038e-002
3.828551e+003,3.167468e-002
3.829033e+003,3.166457e-002
3.829515e+003,3.166312e-002
3.829998e+003,3.168095e-002
3.830479e+003,3.171909e-002
3.830962e+003,3.176940e-002
3.831444e+003,3.181351e-002
3.831926e+003,3.183421e-002
3.832408e+003,3.181789e-002
3.832890e+003,3.176222e-002
3.833372e+003,3.167275e-002
3.833854e+003,3.155905e-002
3.834337e+003,3.143147e-002
3.834819e+003,3.130089e-002
3.835301e+003,3.117768e-002
3.835783e+003,3.107412e-002
3.836265e+003,3.100641e-002
3.836747e+003,3.099243e-002
3.837229e+003,3.104736e-002
3.837711e+003,3.117175e-002
3.838194e+003,3.135021e-002
3.838676e+003,3.154896e-002
3.839158e+003,3.173273e-002
3.839640e+003,3.187612e-002
3.840122e+003,3.197182e-002
3.840604e+003,3.202863e-002
3.841086e+003,3.206366e-002
3.841568e+003,3.209208e-002
3.842051e+003,3.212452e-002
3.842533e+003,3.216399e-002
3.843015e+003,3.220580e-002
3.843497e+003,3.224178e-002
3.843979e+003,3.226530e-002
3.844461e+003,3.227181e-002
3.844943e+003,3.226197e-002
3.845426e+003,3.223808e-002
3.845907e+003,3.220146e-002
3.846390e+003,3.215236e-002
3.846872e+003,3.208856e-002
3.847354e+003,3.200825e-002
3.847836e+003,3.190947e-002
3.848318e+003,3.179195e-002
3.848800e+003,3.165790e-002
3.849282e+003,3.151097e-002
3.849765e+003,3.135387e-002
3.850247e+003,3.119259e-002
3.850729e+003,3.103544e-002
3.851211e+003,3.090271e-002
3.851693e+003,3.083313e-002
3.852175e+003,3.088652e-002
3.852657e+003,3.111211e-002
3.853139e+003,3.149089e-002
3.853622e+003,3.191307e-002
3.854104e+003,3.225460e-002
3.854586e+003,3.245955e-002
3.855068e+003,3.253797e-002
3.855550e+003,3.252354e-002
3.856032e+003,3.245636e-002
3.856514e+003,3.236453e-002
3.856996e+003,3.226930e-002
3.857479e+003,3.218368e-002
3.857961e+003,3.211252e-002
3.858443e+003,3.205255e-002
3.858925e+003,3.199869e-002
3.859407e+003,3.194325e-002
3.859889e+003,3.188115e-002
3.860371e+003,3.181030e-002
3.860854e+003,3.173619e-002
3.861336e+003,3.166792e-002
3.861818e+003,3.162258e-002
3.862300e+003,3.161701e-002
3.862782e+003,3.166699e-002
3.863264e+003,3.177648e-002
3.863746e+003,3.193402e-002
3.864228e+003,3.210752e-002
3.864710e+003,3.225290e-002
3.865193e+003,3.233199e-002
3.865675e+003,3.232846e-002
3.866157e+003,3.225048e-002
3.866639e+003,3.212442e-002
3.867121e+003,3.198124e-002
3.867603e+003,3.185919e-002
3.868085e+003,3.179576e-002
3.868567e+003,3.182441e-002
3.869050e+003,3.195629e-002
3.869532e+003,3.215656e-002
3.870014e+003,3.235402e-002
3.870496e+003,3.248004e-002
3.870978e+003,3.250905e-002
3.871460e+003,3.245778e-002
3.871942e+003,3.236465e-002
3.872424e+003,3.227150e-002
3.872906e+003,3.221769e-002
3.873389e+003,3.222772e-002
3.873871e+003,3.230501e-002
3.874353e+003,3.242734e-002
3.874835e+003,3.255558e-002
3.875317e+003,3.265429e-002
3.875799e+003,3.270130e-002
3.876281e+003,3.269318e-002
3.876764e+003,3.263609e-002
3.877246e+003,3.254532e-002
3.877728e+003,3.244104e-002
3.878210e+003,3.234932e-002
3.878692e+003,3.229753e-002
3.879174e+003,3.231019e-002
3.879656e+003,3.239375e-002
3.880138e+003,3.252726e-002
3.880621e+003,3.266568e-002
3.881103e+003,3.276243e-002
3.881585e+003,3.279182e-002
3.882067e+003,3.275667e-002
3.882549e+003,3.267929e-002
3.883031e+003,3.259323e-002
3.883513e+003,3.253208e-002
3.883995e+003,3.252444e-002
3.884478e+003,3.258437e-002
3.884960e+003,3.270050e-002
3.885442e+003,3.283267e-002
3.885924e+003,3.293245e-002
3.886406e+003,3.296621e-002
3.886888e+003,3.293183e-002
3.887370e+003,3.284594e-002
3.887853e+003,3.273299e-002
3.888334e+003,3.261423e-002
3.888817e+003,3.250806e-002
3.889299e+003,3.243012e-002
3.889781e+003,3.239420e-002
3.890263e+003,3.240912e-002
3.890745e+003,3.247635e-002
3.891227e+003,3.258355e-002
3.891709e+003,3.270656e-002
3.892192e+003,3.282014e-002
3.892674e+003,3.290522e-002
3.893156e+003,3.295493e-002
3.893638e+003,3.297297e-002
3.894120e+003,3.296810e-002
3.894602e+003,3.295126e-002
3.895084e+003,3.293138e-002
3.895566e+003,3.291362e-002
3.896049e+003,3.289755e-002
3.896531e+003,3.287990e-002
3.897013e+003,3.285421e-002
3.897495e+003,3.281562e-002
3.897977e+003,3.276240e-002
3.898459e+003,3.269981e-002
3.898941e+003,3.263735e-002
3.899423e+003,3.258487e-002
3.899906e+003,3.254754e-002
3.900388e+003,3.252271e-002
3.900870e+003,3.250407e-002
3.901352e+003,3.248569e-002
3.901834e+003,3.246677e-002
3.902316e+003,3.245378e-002
3.902798e+003,3.245779e-002
3.903281e+003,3.248909e-002
3.903762e+003,3.255072e-002
3.904245e+003,3.263321e-002
3.904727e+003,3.272231e-002
3.905209e+003,3.280419e-002
3.905691e+003,3.287170e-002
3.906173e+003,3.292643e-002
3.906655e+003,3.297339e-002
3.907137e+003,3.301903e-002
3.907620e+003,3.306510e-002
3.908102e+003,3.311209e-002
3.908584e+003,3.315552e-002
3.909066e+003,3.319237e-002
3.909548e+003,3.321932e-002
3.910030e+003,3.323596e-002
3.910512e+003,3.324469e-002
3.910994e+003,3.324853e-002
3.911477e+003,3.324932e-002
3.911959e+003,3.324786e-002
3.912441e+003,3.324310e-002
3.912923e+003,3.323451e-002
3.913405e+003,3.322260e-002
3.913887e+003,3.321255e-002
3.914369e+003,3.320804e-002
3.914851e+003,3.321544e-002
3.915333e+003,3.323699e-002
3.915816e+003,3.327138e-002
3.916298e+003,3.331279e-002
3.916780e+003,3.335236e-002
3.917262e+003,3.338440e-002
3.917744e+003,3.340585e-002
3.918226e+003,3.341671e-002
3.918708e+003,3.342030e-002
3.919190e+003,3.341699e-002
3.919673e+003,3.340666e-002
3.920155e+003,3.338773e-002
3.920637e+003,3.336083e-002
3.921119e+003,3.332982e-002
3.921601e+003,3.330186e-002
3.922083e+003,3.328567e-002
3.922565e+003,3.329096e-002
3.923048e+003,3.332063e-002
3.923530e+003,3.337405e-002
3.924012e+003,3.343980e-002
3.924494e+003,3.350464e-002
3.924976e+003,3.355306e-002
3.925458e+003,3.357881e-002
3.925940e+003,3.358201e-002
3.926422e+003,3.356861e-002
3.926905e+003,3.354633e-002
3.927387e+003,3.352191e-002
3.927869e+003,3.349842e-002
3.928351e+003,3.347903e-002
3.928833e+003,3.346496e-002
3.929315e+003,3.345764e-002
3.929797e+003,3.345869e-002
3.930279e+003,3.346825e-002
3.930761e+003,3.348443e-002
3.931244e+003,3.350236e-002
3.931726e+003,3.351577e-002
3.932208e+003,3.351935e-002
3.932690e+003,3.351057e-002
3.933172e+003,3.349195e-002
3.933654e+003,3.346907e-002
3.934136e+003,3.344845e-002
3.934618e+003,3.343447e-002
3.935101e+003,3.342899e-002
3.935583e+003,3.343016e-002
3.936065e+003,3.343492e-002
3.936547e+003,3.343782e-002
3.937029e+003,3.343553e-002
3.937511e+003,3.342432e-002
3.937993e+003,3.340340e-002
3.938476e+003,3.337263e-002
3.938958e+003,3.333493e-002
3.939440e+003,3.329428e-002
3.939922e+003,3.325909e-002
3.940404e+003,3.323733e-002
3.940886e+003,3.323901e-002
3.941368e+003,3.327157e-002
3.941850e+003,3.333463e-002
3.942333e+003,3.342023e-002
3.942815e+003,3.351077e-002
3.943297e+003,3.358829e-002
3.943779e+003,3.363797e-002
3.944261e+003,3.365528e-002
3.944743e+003,3.364380e-002
3.945225e+003,3.361458e-002
3.945707e+003,3.358043e-002
3.946189e+003,3.355319e-002
3.946672e+003,3.354128e-002
3.947154e+003,3.354819e-002
3.947636e+003,3.357190e-002
3.948118e+003,3.360548e-002
3.948600e+003,3.364013e-002
3.949082e+003,3.366546e-002
3.949564e+003,3.367398e-002
3.950046e+003,3.366100e-002
3.950529e+003,3.362546e-002
3.951011e+003,3.357242e-002
3.951493e+003,3.351003e-002
3.951975e+003,3.344923e-002
3.952457e+003,3.340163e-002
3.952939e+003,3.337605e-002
3.953421e+003,3.337586e-002
3.953904e+003,3.339742e-002
3.954385e+003,3.343182e-002
3.954868e+003,3.346837e-002
3.955350e+003,3.349556e-002
3.955832e+003,3.350687e-002
3.956314e+003,3.350320e-002
3.956796e+003,3.348776e-002
3.957278e+003,3.346845e-002
3.957760e+003,3.345126e-002
3.958243e+003,3.343956e-002
3.958725e+003,3.343467e-002
3.959207e+003,3.343647e-002
3.959689e+003,3.344442e-002
3.960171e+003,3.346013e-002
3.960653e+003,3.348374e-002
3.961135e+003,3.351472e-002
3.961617e+003,3.355078e-002
3.962100e+003,3.358486e-002
3.962582e+003,3.361050e-002
3.963064e+003,3.362276e-002
3.963546e+003,3.362095e-002
3.964028e+003,3.361017e-002
3.964510e+003,3.359805e-002
3.964992e+003,3.359276e-002
3.965474e+003,3.359979e-002
3.965957e+003,3.361982e-002
3.966439e+003,3.364750e-002
3.966921e+003,3.367639e-002
3.967403e+003,3.369871e-002
3.967885e+003,3.370978e-002
3.968367e+003,3.370918e-002
3.968849e+003,3.369946e-002
3.969332e+003,3.368505e-002
3.969813e+003,3.367036e-002
3.970296e+003,3.365768e-002
3.970778e+003,3.364969e-002
3.971260e+003,3.364761e-002
3.971742e+003,3.365478e-002
3.972224e+003,3.367202e-002
3.972706e+003,3.370160e-002
3.973188e+003,3.374315e-002
3.973671e+003,3.379384e-002
3.974153e+003,3.384615e-002
3.974635e+003,3.389484e-002
3.975117e+003,3.393173e-002
3.975599e+003,3.395492e-002
3.976081e+003,3.396307e-002
3.976563e+003,3.395966e-002
3.977045e+003,3.394725e-002
3.977528e+003,3.393039e-002
3.978010e+003,3.391153e-002
3.978492e+003,3.389372e-002
3.978974e+003,3.387914e-002
3.979456e+003,3.386926e-002
3.979938e+003,3.386610e-002
3.980420e+003,3.387128e-002
3.980902e+003,3.388399e-002
3.981385e+003,3.390208e-002
3.981867e+003,3.392341e-002
3.982349e+003,3.394515e-002
3.982831e+003,3.396581e-002
3.983313e+003,3.398513e-002
3.983795e+003,3.400298e-002
3.984277e+003,3.401921e-002
3.984760e+003,3.403195e-002
3.985242e+003,3.403916e-002
3.985724e+003,3.403857e-002
3.986206e+003,3.402907e-002
3.986688e+003,3.401272e-002
3.987170e+003,3.399540e-002
3.987652e+003,3.398133e-002
3.988134e+003,3.397587e-002
3.988616e+003,3.397997e-002
3.989099e+003,3.399069e-002
3.989581e+003,3.400221e-002
3.990063e+003,3.400848e-002
3.990545e+003,3.400382e-002
3.991027e+003,3.398810e-002
3.991509e+003,3.396416e-002
3.991991e+003,3.393805e-002
3.992473e+003,3.391556e-002
3.992956e+003,3.390078e-002
3.993438e+003,3.389623e-002
3.993920e+003,3.390060e-002
3.994402e+003,3.391359e-002
3.994884e+003,3.393254e-002
3.995366e+003,3.395621e-002
3.995848e+003,3.398231e-002
3.996330e+003,3.400842e-002
3.996813e+003,3.403116e-002
3.997295e+003,3.404661e-002
3.997777e+003,3.405234e-002
3.998259e+003,3.404699e-002
3.998741e+003,3.403259e-002
3.999223e+003,3.401385e-002
3.999705e+003,3.399484e-002
4.000188e+003,3.398150e-002
