3.996813e+002,0.000000e+000
4.001635e+002,6.237917e-002
4.006456e+002,6.252293e-002
4.011277e+002,6.289165e-002
4.016098e+002,6.327732e-002
4.020919e+002,6.350902e-002
4.025741e+002,6.353566e-002
4.030562e+002,6.343349e-002
4.035383e+002,6.335082e-002
4.040204e+002,6.341793e-002
4.045026e+002,6.368290e-002
4.049847e+002,6.408925e-002
4.054668e+002,6.450501e-002
4.059489e+002,6.479466e-002
4.064311e+002,6.490202e-002
4.069132e+002,6.488526e-002
4.073953e+002,6.487889e-002
4.078774e+002,6.501017e-002
4.083596e+002,6.533096e-002
4.088417e+002,6.579173e-002
4.093238e+002,6.626980e-002
4.098059e+002,6.663495e-002
4.102881e+002,6.682708e-002
4.107702e+002,6.689037e-002
4.112523e+002,6.693906e-002
4.117344e+002,6.708333e-002
4.122166e+002,6.736523e-002
4.126987e+002,6.773660e-002
4.131808e+002,6.808689e-002
4.136629e+002,6.830627e-002
4.141451e+002,6.835533e-002
4.146272e+002,6.828993e-002
4.151093e+002,6.822959e-002
4.155914e+002,6.829347e-002
4.160736e+002,6.854971e-002
4.165557e+002,6.898642e-002
4.170378e+002,6.950590e-002
4.175200e+002,6.993681e-002
4.180021e+002,7.009965e-002
4.184842e+002,6.993450e-002
4.189663e+002,6.959247e-002
4.194484e+002,6.932567e-002
4.199306e+002,6.927243e-002
4.204127e+002,6.938540e-002
4.208948e+002,6.953202e-002
4.213770e+002,6.960689e-002
4.218591e+002,6.958705e-002
4.223412e+002,6.952743e-002
4.228233e+002,6.952310e-002
4.233055e+002,6.965467e-002
4.237876e+002,6.993948e-002
4.242697e+002,7.031141e-002
4.247518e+002,7.064842e-002
4.252339e+002,7.083648e-002
4.257161e+002,7.083827e-002
4.261982e+002,7.070916e-002
4.266803e+002,7.055759e-002
4.271624e+002,7.047923e-002
4.276446e+002,7.050899e-002
4.281267e+002,7.060978e-002
4.286088e+002,7.069962e-002
4.290909e+002,7.070019e-002
4.295731e+002,7.058790e-002
4.300552e+002,7.041147e-002
4.305373e+002,7.026798e-002
4.310194e+002,7.024488e-002
4.315016e+002,7.036989e-002
4.319837e+002,7.059160e-002
4.324658e+002,7.080675e-002
4.329479e+002,7.091598e-002
4.334301e+002,7.087906e-002
4.339122e+002,7.073611e-002
4.343943e+002,7.058533e-002
4.348764e+002,7.052744e-002
4.353586e+002,7.061338e-002
4.358407e+002,7.081632e-002
4.363228e+002,7.104851e-002
4.368049e+002,7.121316e-002
4.372870e+002,7.126649e-002
4.377692e+002,7.123980e-002
4.382513e+002,7.121389e-002
4.387334e+002,7.126565e-002
4.392155e+002,7.142689e-002
4.396977e+002,7.167070e-002
4.401798e+002,7.192870e-002
4.406619e+002,7.212818e-002
4.411440e+002,7.223929e-002
4.416262e+002,7.229902e-002
4.421083e+002,7.239603e-002
4.425904e+002,7.261547e-002
4.430725e+002,7.298448e-002
4.435547e+002,7.344988e-002
4.440368e+002,7.390803e-002
4.445189e+002,7.426201e-002
4.450010e+002,7.447726e-002
4.454832e+002,7.459851e-002
4.459653e+002,7.472286e-002
4.464474e+002,7.494548e-002
4.469295e+002,7.531051e-002
4.474117e+002,7.578790e-002
4.478938e+002,7.629102e-002
4.483759e+002,7.672393e-002
4.488580e+002,7.703461e-002
4.493401e+002,7.723715e-002
4.498223e+002,7.739662e-002
4.503044e+002,7.758508e-002
4.507865e+002,7.784415e-002
4.512687e+002,7.816256e-002
4.517508e+002,7.848614e-002
4.522329e+002,7.875133e-002
4.527150e+002,7.893144e-002
4.531971e+002,7.905710e-002
4.536793e+002,7.919715e-002
4.541614e+002,7.941309e-002
4.546435e+002,7.972147e-002
4.551257e+002,8.008388e-002
4.556078e+002,8.042322e-002
4.560899e+002,8.065802e-002
4.565720e+002,8.075131e-002
4.570542e+002,8.074354e-002
4.575363e+002,8.074249e-002
4.580184e+002,8.085731e-002
4.585005e+002,8.112453e-002
4.589827e+002,8.148620e-002
4.594648e+002,8.183718e-002
4.599469e+002,8.209120e-002
4.604290e+002,8.222733e-002
4.609112e+002,8.229084e-002
4.613933e+002,8.236208e-002
4.618754e+002,8.250836e-002
4.623575e+002,8.274475e-002
4.628397e+002,8.302107e-002
4.633218e+002,8.324784e-002
4.638039e+002,8.334693e-002
4.642860e+002,8.329999e-002
4.647682e+002,8.316013e-002
4.652503e+002,8.302548e-002
4.657324e+002,8.298874e-002
4.662145e+002,8.309294e-002
4.666967e+002,8.331008e-002
4.671788e+002,8.355588e-002
4.676609e+002,8.373532e-002
4.681430e+002,8.379978e-002
4.686252e+002,8.377372e-002
4.691073e+002,8.373677e-002
4.695894e+002,8.377362e-002
4.700715e+002,8.392829e-002
4.705536e+002,8.418174e-002
4.710358e+002,8.446193e-002
4.715179e+002,8.468015e-002
4.720000e+002,8.478601e-002
4.724821e+002,8.480499e-002
4.729643e+002,8.482545e-002
4.734464e+002,8.493934e-002
4.739285e+002,8.518208e-002
4.744106e+002,8.551741e-002
4.748928e+002,8.586609e-002
4.753749e+002,8.615288e-002
4.758570e+002,8.634646e-002
4.763391e+002,8.647077e-002
4.768213e+002,8.658802e-002
4.773034e+002,8.675892e-002
4.777855e+002,8.700477e-002
4.782676e+002,8.729134e-002
4.787498e+002,8.754668e-002
4.792319e+002,8.770134e-002
4.797140e+002,8.773097e-002
4.801961e+002,8.767111e-002
4.806783e+002,8.759955e-002
4.811604e+002,8.759408e-002
4.816425e+002,8.769412e-002
4.821246e+002,8.788177e-002
4.826068e+002,8.809502e-002
4.830889e+002,8.826484e-002
4.835710e+002,8.835904e-002
4.840531e+002,8.840399e-002
4.845352e+002,8.846935e-002
4.850174e+002,8.862375e-002
4.854995e+002,8.889049e-002
4.859816e+002,8.923315e-002
4.864637e+002,8.957493e-002
4.869459e+002,8.984075e-002
4.874280e+002,8.999762e-002
4.879101e+002,9.006798e-002
4.883922e+002,9.011228e-002
4.888744e+002,9.019224e-002
4.893565e+002,9.033542e-002
4.898386e+002,9.052073e-002
4.903207e+002,9.069192e-002
4.908029e+002,9.079237e-002
4.912850e+002,9.080338e-002
4.917671e+002,9.076000e-002
4.922492e+002,9.073440e-002
4.927314e+002,9.079318e-002
4.932135e+002,9.095810e-002
4.936956e+002,9.119377e-002
4.941777e+002,9.142873e-002
4.946599e+002,9.159584e-002
4.951420e+002,9.167062e-002
4.956241e+002,9.168208e-002
4.961062e+002,9.169551e-002
4.965884e+002,9.177379e-002
4.970705e+002,9.194248e-002
4.975526e+002,9.217542e-002
4.980347e+002,9.240998e-002
4.985169e+002,9.258324e-002
4.989990e+002,9.266834e-002
4.994811e+002,9.268883e-002
4.999633e+002,9.270515e-002
5.004454e+002,9.278193e-002
5.009275e+002,9.295211e-002
5.014096e+002,9.319688e-002
5.018917e+002,9.345488e-002
5.023739e+002,9.365872e-002
5.028560e+002,9.378020e-002
5.033381e+002,9.384912e-002
5.038203e+002,9.393319e-002
5.043024e+002,9.409641e-002
5.047845e+002,9.436383e-002
5.052666e+002,9.470922e-002
5.057487e+002,9.506795e-002
5.062309e+002,9.536885e-002
5.067130e+002,9.557179e-002
5.071951e+002,9.568901e-002
5.076772e+002,9.577610e-002
5.081594e+002,9.589659e-002
5.086415e+002,9.608576e-002
5.091236e+002,9.633420e-002
5.096057e+002,9.659991e-002
5.100879e+002,9.683619e-002
5.105700e+002,9.702295e-002
5.110521e+002,9.717836e-002
5.115342e+002,9.734841e-002
5.120164e+002,9.757633e-002
5.124985e+002,9.787574e-002
5.129806e+002,9.821881e-002
5.134627e+002,9.855084e-002
5.139448e+002,9.881842e-002
5.144270e+002,9.899975e-002
5.149091e+002,9.911614e-002
5.153912e+002,9.922120e-002
5.158734e+002,9.937072e-002
5.163555e+002,9.958977e-002
5.168376e+002,9.985679e-002
5.173197e+002,1.001144e-001
5.178019e+002,1.003041e-001
5.182840e+002,1.004061e-001
5.187661e+002,1.004526e-001
5.192482e+002,1.005093e-001
5.197303e+002,1.006345e-001
5.202125e+002,1.008468e-001
5.206946e+002,1.011154e-001
5.211767e+002,1.013790e-001
5.216588e+002,1.015796e-001
5.221410e+002,1.016940e-001
5.226231e+002,1.017415e-001
5.231052e+002,1.017720e-001
5.235873e+002,1.018347e-001
5.240695e+002,1.019514e-001
5.245516e+002,1.021025e-001
5.250337e+002,1.022372e-001
5.255159e+002,1.023026e-001
5.259980e+002,1.022803e-001
5.264801e+002,1.022007e-001
5.269622e+002,1.021274e-001
5.274443e+002,1.021181e-001
5.279265e+002,1.021928e-001
5.284086e+002,1.023258e-001
5.288907e+002,1.024634e-001
5.293728e+002,1.025540e-001
5.298550e+002,1.025768e-001
5.303371e+002,1.025502e-001
5.308192e+002,1.025220e-001
5.313013e+002,1.025393e-001
5.317834e+002,1.026217e-001
5.322656e+002,1.027489e-001
5.327477e+002,1.028734e-001
5.332299e+002,1.029474e-001
5.337120e+002,1.029510e-001
5.341941e+002,1.029045e-001
5.346762e+002,1.028567e-001
5.351583e+002,1.028567e-001
5.356404e+002,1.029262e-001
5.361226e+002,1.030475e-001
5.366047e+002,1.031742e-001
5.370868e+002,1.032588e-001
5.375690e+002,1.032814e-001
5.380511e+002,1.032608e-001
5.385332e+002,1.032444e-001
5.390153e+002,1.032799e-001
5.394974e+002,1.033904e-001
5.399796e+002,1.035618e-001
5.404617e+002,1.037533e-001
5.409438e+002,1.039209e-001
5.414260e+002,1.040440e-001
5.419081e+002,1.041350e-001
5.423902e+002,1.042306e-001
5.428723e+002,1.043666e-001
5.433544e+002,1.045541e-001
5.438365e+002,1.047705e-001
5.443187e+002,1.049706e-001
5.448008e+002,1.051106e-001
5.452830e+002,1.051758e-001
5.457651e+002,1.051899e-001
5.462472e+002,1.052031e-001
5.467293e+002,1.052631e-001
5.472114e+002,1.053863e-001
5.476936e+002,1.055486e-001
5.481757e+002,1.056992e-001
5.486578e+002,1.057892e-001
5.491400e+002,1.058007e-001
5.496221e+002,1.057580e-001
5.501042e+002,1.057143e-001
5.505863e+002,1.057217e-001
5.510684e+002,1.058031e-001
5.515505e+002,1.059393e-001
5.520327e+002,1.060812e-001
5.525148e+002,1.061769e-001
5.529969e+002,1.062008e-001
5.534791e+002,1.061663e-001
5.539612e+002,1.061175e-001
5.544433e+002,1.061030e-001
5.549254e+002,1.061496e-001
5.554076e+002,1.062480e-001
5.558896e+002,1.063611e-001
5.563718e+002,1.064472e-001
5.568539e+002,1.064866e-001
5.573361e+002,1.064926e-001
5.578182e+002,1.065048e-001
5.583003e+002,1.065641e-001
5.587825e+002,1.066895e-001
5.592645e+002,1.068661e-001
5.597467e+002,1.070525e-001
5.602288e+002,1.072034e-001
5.607109e+002,1.072943e-001
5.611931e+002,1.073328e-001
5.616752e+002,1.073525e-001
5.621573e+002,1.073910e-001
5.626394e+002,1.074677e-001
5.631216e+002,1.075732e-001
5.636037e+002,1.076767e-001
5.640858e+002,1.077453e-001
5.645679e+002,1.077665e-001
5.650500e+002,1.077563e-001
5.655322e+002,1.077510e-001
5.660143e+002,1.077865e-001
5.664965e+002,1.078780e-001
5.669785e+002,1.080102e-001
5.674607e+002,1.081464e-001
5.679428e+002,1.082490e-001
5.684249e+002,1.083029e-001
5.689070e+002,1.083243e-001
5.693892e+002,1.083518e-001
5.698713e+002,1.084231e-001
5.703534e+002,1.085545e-001
5.708356e+002,1.087316e-001
5.713177e+002,1.089195e-001
5.717998e+002,1.090829e-001
5.722819e+002,1.092065e-001
5.727640e+002,1.093019e-001
5.732462e+002,1.093993e-001
5.737283e+002,1.095272e-001
5.742104e+002,1.096938e-001
5.746925e+002,1.098799e-001
5.751747e+002,1.100477e-001
5.756568e+002,1.101620e-001
5.761389e+002,1.102137e-001
5.766210e+002,1.102271e-001
5.771031e+002,1.102478e-001
5.775853e+002,1.103174e-001
5.780674e+002,1.104514e-001
5.785496e+002,1.106322e-001
5.790317e+002,1.108200e-001
5.795138e+002,1.109741e-001
5.799959e+002,1.110758e-001
5.804780e+002,1.111366e-001
5.809601e+002,1.111913e-001
5.814423e+002,1.112749e-001
5.819244e+002,1.114006e-001
5.824066e+002,1.115507e-001
5.828887e+002,1.116869e-001
5.833708e+002,1.117719e-001
5.838529e+002,1.117914e-001
5.843350e+002,1.117623e-001
5.848171e+002,1.117249e-001
5.852993e+002,1.117201e-001
5.857814e+002,1.117686e-001
5.862635e+002,1.118612e-001
5.867457e+002,1.119661e-001
5.872278e+002,1.120510e-001
5.877099e+002,1.121016e-001
5.881920e+002,1.121296e-001
5.886741e+002,1.121647e-001
5.891563e+002,1.122354e-001
5.896384e+002,1.123501e-001
5.901205e+002,1.124897e-001
5.906027e+002,1.126172e-001
5.910848e+002,1.126975e-001
5.915669e+002,1.127200e-001
5.920490e+002,1.127068e-001
5.925311e+002,1.127008e-001
5.930133e+002,1.127417e-001
5.934954e+002,1.128425e-001
5.939775e+002,1.129826e-001
5.944597e+002,1.131196e-001
5.949418e+002,1.132124e-001
5.954239e+002,1.132436e-001
5.959060e+002,1.132277e-001
5.963882e+002,1.132033e-001
5.968702e+002,1.132108e-001
5.973524e+002,1.132719e-001
5.978345e+002,1.133788e-001
5.983167e+002,1.135010e-001
5.987988e+002,1.136037e-001
5.992809e+002,1.136681e-001
5.997630e+002,1.137011e-001
6.002451e+002,1.137308e-001
6.007273e+002,1.137872e-001
6.012094e+002,1.138840e-001
6.016915e+002,1.140107e-001
6.021736e+002,1.141401e-001
6.026558e+002,1.142450e-001
6.031379e+002,1.143149e-001
6.036200e+002,1.143621e-001
6.041022e+002,1.144129e-001
6.045842e+002,1.144906e-001
6.050664e+002,1.145995e-001
6.055485e+002,1.147200e-001
6.060306e+002,1.148192e-001
6.065128e+002,1.148688e-001
6.069949e+002,1.148630e-001
6.074770e+002,1.148223e-001
6.079591e+002,1.147830e-001
6.084413e+002,1.147776e-001
6.089234e+002,1.148155e-001
6.094055e+002,1.148790e-001
6.098876e+002,1.149328e-001
6.103698e+002,1.149441e-001
6.108519e+002,1.149028e-001
6.113340e+002,1.148259e-001
6.118162e+002,1.147493e-001
6.122983e+002,1.147069e-001
6.127804e+002,1.147119e-001
6.132625e+002,1.147498e-001
6.137446e+002,1.147875e-001
6.142267e+002,1.147926e-001
6.147089e+002,1.147524e-001
6.151910e+002,1.146811e-001
6.156731e+002,1.146134e-001
6.161553e+002,1.145842e-001
6.166374e+002,1.146101e-001
6.171195e+002,1.146799e-001
6.176016e+002,1.147618e-001
6.180837e+002,1.148216e-001
6.185659e+002,1.148422e-001
6.190480e+002,1.148305e-001
6.195302e+002,1.148124e-001
6.200123e+002,1.148141e-001
6.204944e+002,1.148472e-001
6.209765e+002,1.149006e-001
6.214586e+002,1.149475e-001
6.219407e+002,1.149608e-001
6.224229e+002,1.149289e-001
6.229050e+002,1.148620e-001
6.233871e+002,1.147855e-001
6.238693e+002,1.147250e-001
6.243514e+002,1.146906e-001
6.248335e+002,1.146705e-001
6.253156e+002,1.146383e-001
6.257977e+002,1.145687e-001
6.262798e+002,1.144529e-001
6.267620e+002,1.143041e-001
6.272441e+002,1.141498e-001
6.277263e+002,1.140147e-001
6.282084e+002,1.139071e-001
6.286905e+002,1.138134e-001
6.291726e+002,1.137065e-001
6.296547e+002,1.135611e-001
6.301368e+002,1.133688e-001
6.306190e+002,1.131426e-001
6.311011e+002,1.129101e-001
6.315833e+002,1.126976e-001
6.320654e+002,1.125162e-001
6.325475e+002,1.123560e-001
6.330296e+002,1.121939e-001
6.335117e+002,1.120077e-001
6.339939e+002,1.117917e-001
6.344760e+002,1.115610e-001
6.349581e+002,1.113443e-001
6.354402e+002,1.111677e-001
6.359224e+002,1.110409e-001
6.364045e+002,1.109509e-001
6.368866e+002,1.108711e-001
6.373687e+002,1.107758e-001
6.378508e+002,1.106559e-001
6.383330e+002,1.105225e-001
6.388151e+002,1.104002e-001
6.392972e+002,1.103123e-001
6.397794e+002,1.102659e-001
6.402615e+002,1.102484e-001
6.407436e+002,1.102330e-001
6.412257e+002,1.101941e-001
6.417079e+002,1.101224e-001
6.421899e+002,1.100285e-001
6.426721e+002,1.099365e-001
6.431542e+002,1.098688e-001
6.436364e+002,1.098327e-001
6.441185e+002,1.098156e-001
6.446006e+002,1.097921e-001
6.450827e+002,1.097391e-001
6.455648e+002,1.096501e-001
6.460470e+002,1.095396e-001
6.465291e+002,1.094366e-001
6.470112e+002,1.093688e-001
6.474933e+002,1.093484e-001
6.479755e+002,1.093664e-001
6.484576e+002,1.093995e-001
6.489397e+002,1.094241e-001
6.494219e+002,1.094314e-001
6.499040e+002,1.094318e-001
6.503861e+002,1.094483e-001
6.508682e+002,1.095006e-001
6.513503e+002,1.095926e-001
6.518325e+002,1.097075e-001
6.523146e+002,1.098153e-001
6.527968e+002,1.098899e-001
6.532788e+002,1.099226e-001
6.537610e+002,1.099276e-001
6.542431e+002,1.099335e-001
6.547252e+002,1.099680e-001
6.552073e+002,1.100425e-001
6.556895e+002,1.101465e-001
6.561716e+002,1.102546e-001
6.566537e+002,1.103415e-001
6.571359e+002,1.103962e-001
6.576179e+002,1.104280e-001
6.581001e+002,1.104589e-001
6.585822e+002,1.105092e-001
6.590643e+002,1.105842e-001
6.595464e+002,1.106683e-001
6.600286e+002,1.107339e-001
6.605107e+002,1.107557e-001
6.609928e+002,1.107249e-001
6.614750e+002,1.106540e-001
6.619571e+002,1.105689e-001
6.624392e+002,1.104956e-001
6.629213e+002,1.104462e-001
6.634034e+002,1.104150e-001
6.638856e+002,1.103842e-001
6.643677e+002,1.103360e-001
6.648499e+002,1.102627e-001
6.653320e+002,1.101687e-001
6.658141e+002,1.100654e-001
6.662962e+002,1.099612e-001
6.667783e+002,1.098501e-001
6.672605e+002,1.097045e-001
6.677426e+002,1.094867e-001
6.682247e+002,1.091847e-001
6.687068e+002,1.088407e-001
6.691890e+002,1.085293e-001
6.696711e+002,1.083052e-001
6.701532e+002,1.081773e-001
6.706353e+002,1.081203e-001
6.711174e+002,1.080938e-001
6.715996e+002,1.080581e-001
6.720817e+002,1.079853e-001
6.725638e+002,1.078676e-001
6.730460e+002,1.077191e-001
6.735281e+002,1.075678e-001
6.740102e+002,1.074402e-001
6.744923e+002,1.073473e-001
6.749745e+002,1.072792e-001
6.754565e+002,1.072126e-001
6.759387e+002,1.071240e-001
6.764208e+002,1.070051e-001
6.769030e+002,1.068660e-001
6.773851e+002,1.067300e-001
6.778672e+002,1.066183e-001
6.783493e+002,1.065383e-001
6.788314e+002,1.064786e-001
6.793136e+002,1.064166e-001
6.797957e+002,1.063317e-001
6.802778e+002,1.062180e-001
6.807599e+002,1.060875e-001
6.812421e+002,1.059640e-001
6.817242e+002,1.058681e-001
6.822063e+002,1.058071e-001
6.826885e+002,1.057706e-001
6.831705e+002,1.057383e-001
6.836527e+002,1.056923e-001
6.841348e+002,1.056292e-001
6.846169e+002,1.055620e-001
6.850991e+002,1.055133e-001
6.855812e+002,1.055011e-001
6.860634e+002,1.055285e-001
6.865454e+002,1.055809e-001
6.870276e+002,1.056342e-001
6.875096e+002,1.056679e-001
6.879918e+002,1.056779e-001
6.884739e+002,1.056795e-001
6.889561e+002,1.056998e-001
6.894382e+002,1.057632e-001
6.899203e+002,1.058798e-001
6.904025e+002,1.060406e-001
6.908845e+002,1.062253e-001
6.913667e+002,1.064144e-001
6.918488e+002,1.066010e-001
6.923309e+002,1.067940e-001
6.928130e+002,1.070118e-001
6.932952e+002,1.072696e-001
6.937773e+002,1.075689e-001
6.942594e+002,1.078934e-001
6.947416e+002,1.082166e-001
6.952236e+002,1.085131e-001
6.957058e+002,1.087716e-001
6.961879e+002,1.089979e-001
6.966700e+002,1.092093e-001
6.971522e+002,1.094213e-001
6.976343e+002,1.096367e-001
6.981165e+002,1.098408e-001
6.985985e+002,1.100088e-001
6.990807e+002,1.101182e-001
6.995628e+002,1.101612e-001
7.000449e+002,1.101480e-001
7.005270e+002,1.101009e-001
7.010092e+002,1.100409e-001
7.014913e+002,1.099753e-001
7.019734e+002,1.098951e-001
7.024556e+002,1.097810e-001
7.029377e+002,1.096165e-001
7.034198e+002,1.094002e-001
7.039019e+002,1.091494e-001
7.043840e+002,1.088931e-001
7.048662e+002,1.086588e-001
7.053483e+002,1.084597e-001
7.058304e+002,1.082912e-001
7.063125e+002,1.081369e-001
7.067947e+002,1.079817e-001
7.072768e+002,1.078231e-001
7.077589e+002,1.076757e-001
7.082410e+002,1.075643e-001
7.087231e+002,1.075122e-001
7.092053e+002,1.075308e-001
7.096874e+002,1.076162e-001
7.101696e+002,1.077565e-001
7.106517e+002,1.079440e-001
7.111338e+002,1.081852e-001
7.116159e+002,1.085043e-001
7.120980e+002,1.089361e-001
7.125802e+002,1.095121e-001
7.130623e+002,1.102490e-001
7.135444e+002,1.111435e-001
7.140265e+002,1.121765e-001
7.145087e+002,1.133240e-001
7.149908e+002,1.145655e-001
7.154729e+002,1.158861e-001
7.159550e+002,1.172662e-001
7.164371e+002,1.186660e-001
7.169193e+002,1.200109e-001
7.174014e+002,1.211878e-001
7.178835e+002,1.220600e-001
7.183657e+002,1.224951e-001
7.188478e+002,1.224029e-001
7.193299e+002,1.217640e-001
7.198120e+002,1.206377e-001
7.202942e+002,1.191455e-001
7.207762e+002,1.174370e-001
7.212584e+002,1.156552e-001
7.217405e+002,1.139126e-001
7.222227e+002,1.122845e-001
7.227048e+002,1.108138e-001
7.231869e+002,1.095198e-001
7.236691e+002,1.084067e-001
7.241511e+002,1.074689e-001
7.246333e+002,1.066946e-001
7.251154e+002,1.060700e-001
7.255975e+002,1.055856e-001
7.260797e+002,1.052381e-001
7.265618e+002,1.050300e-001
7.270439e+002,1.049594e-001
7.275260e+002,1.050073e-001
7.280082e+002,1.051226e-001
7.284902e+002,1.052183e-001
7.289724e+002,1.051808e-001
7.294545e+002,1.048922e-001
7.299366e+002,1.042632e-001
7.304188e+002,1.032615e-001
7.309009e+002,1.019226e-001
7.313831e+002,1.003412e-001
7.318651e+002,9.864319e-002
7.323473e+002,9.695332e-002
7.328293e+002,9.537073e-002
7.333115e+002,9.395693e-002
7.337936e+002,9.273732e-002
7.342758e+002,9.171082e-002
7.347579e+002,9.086037e-002
7.352400e+002,9.016182e-002
7.357222e+002,8.958774e-002
7.362042e+002,8.910895e-002
7.366864e+002,8.869606e-002
7.371685e+002,8.832196e-002
7.376506e+002,8.796627e-002
7.381328e+002,8.761891e-002
7.386149e+002,8.727983e-002
7.390970e+002,8.695578e-002
7.395791e+002,8.665312e-002
7.400613e+002,8.637320e-002
7.405434e+002,8.610975e-002
7.410255e+002,8.585257e-002
7.415076e+002,8.559321e-002
7.419897e+002,8.532979e-002
7.424719e+002,8.506788e-002
7.429540e+002,8.481724e-002
7.434362e+002,8.458499e-002
7.439182e+002,8.437026e-002
7.444004e+002,8.416323e-002
7.448825e+002,8.394825e-002
7.453646e+002,8.371133e-002
7.458467e+002,8.344616e-002
7.463289e+002,8.315650e-002
7.468110e+002,8.285237e-002
7.472931e+002,8.254402e-002
7.477753e+002,8.223611e-002
7.482574e+002,8.192510e-002
7.487395e+002,8.160248e-002
7.492216e+002,8.126008e-002
7.497037e+002,8.089604e-002
7.501859e+002,8.051613e-002
7.506680e+002,8.013150e-002
7.511501e+002,7.975285e-002
7.516322e+002,7.938531e-002
7.521144e+002,7.902715e-002
7.525965e+002,7.867203e-002
7.530786e+002,7.831427e-002
7.535608e+002,7.795353e-002
7.540428e+002,7.759568e-002
7.545250e+002,7.725012e-002
7.550071e+002,7.692498e-002
7.554893e+002,7.662291e-002
7.559714e+002,7.634009e-002
7.564535e+002,7.606902e-002
7.569356e+002,7.580313e-002
7.574177e+002,7.554089e-002
7.578999e+002,7.528634e-002
7.583820e+002,7.504608e-002
7.588641e+002,7.482494e-002
7.593463e+002,7.462211e-002
7.598284e+002,7.443070e-002
7.603105e+002,7.424042e-002
7.607926e+002,7.404257e-002
7.612748e+002,7.383383e-002
7.617568e+002,7.361675e-002
7.622390e+002,7.339774e-002
7.627211e+002,7.318258e-002
7.632032e+002,7.297331e-002
7.636854e+002,7.276776e-002
7.641675e+002,7.256170e-002
7.646496e+002,7.235245e-002
7.651317e+002,7.214212e-002
7.656139e+002,7.193629e-002
7.660959e+002,7.174160e-002
7.665781e+002,7.156102e-002
7.670602e+002,7.139190e-002
7.675424e+002,7.122570e-002
7.680245e+002,7.105204e-002
7.685066e+002,7.086328e-002
7.689888e+002,7.065781e-002
7.694708e+002,7.043994e-002
7.699530e+002,7.021751e-002
7.704351e+002,6.999687e-002
7.709172e+002,6.978063e-002
7.713994e+002,6.956665e-002
7.718815e+002,6.935059e-002
7.723636e+002,6.913046e-002
7.728457e+002,6.890746e-002
7.733279e+002,6.868627e-002
7.738099e+002,6.847231e-002
7.742921e+002,6.826747e-002
7.747742e+002,6.806938e-002
7.752563e+002,6.787149e-002
7.757385e+002,6.766725e-002
7.762206e+002,6.745339e-002
7.767028e+002,6.723219e-002
7.771848e+002,6.701026e-002
7.776670e+002,6.679468e-002
7.781491e+002,6.658938e-002
7.786312e+002,6.639256e-002
7.791133e+002,6.619846e-002
7.795955e+002,6.600071e-002
7.800776e+002,6.579605e-002
7.805597e+002,6.558711e-002
7.810419e+002,6.538074e-002
7.815239e+002,6.518426e-002
7.820061e+002,6.500160e-002
7.824882e+002,6.483086e-002
7.829703e+002,6.466542e-002
7.834525e+002,6.449797e-002
7.839346e+002,6.432381e-002
7.844167e+002,6.414386e-002
7.848988e+002,6.396319e-002
7.853810e+002,6.378836e-002
7.858631e+002,6.362267e-002
7.863452e+002,6.346484e-002
7.868273e+002,6.330977e-002
7.873094e+002,6.315181e-002
7.877916e+002,6.298839e-002
7.882737e+002,6.282206e-002
7.887559e+002,6.265871e-002
7.892380e+002,6.250423e-002
7.897201e+002,6.236107e-002
7.902022e+002,6.222608e-002
7.906843e+002,6.209225e-002
7.911665e+002,6.195241e-002
7.916486e+002,6.180314e-002
7.921307e+002,6.164651e-002
7.926128e+002,6.148913e-002
7.930950e+002,6.133865e-002
7.935771e+002,6.119950e-002
7.940592e+002,6.107104e-002
7.945413e+002,6.094889e-002
7.950234e+002,6.082756e-002
7.955056e+002,6.070395e-002
7.959877e+002,6.057923e-002
7.964698e+002,6.045700e-002
7.969520e+002,6.034088e-002
7.974341e+002,6.023077e-002
7.979162e+002,6.012256e-002
7.983983e+002,6.000889e-002
7.988805e+002,5.988436e-002
7.993625e+002,5.974758e-002
7.998447e+002,5.960339e-002
8.003268e+002,5.946037e-002
8.008090e+002,5.932727e-002
8.012911e+002,5.920890e-002
8.017732e+002,5.910486e-002
8.022553e+002,5.901074e-002
8.027374e+002,5.892207e-002
8.032196e+002,5.883712e-002
8.037017e+002,5.875824e-002
8.041838e+002,5.868967e-002
8.046660e+002,5.863413e-002
8.051481e+002,5.858902e-002
8.056302e+002,5.854674e-002
8.061123e+002,5.849647e-002
8.065945e+002,5.842967e-002
8.070765e+002,5.834336e-002
8.075587e+002,5.824243e-002
8.080408e+002,5.813728e-002
8.085229e+002,5.803848e-002
8.090051e+002,5.795279e-002
8.094872e+002,5.788033e-002
8.099694e+002,5.781564e-002
8.104514e+002,5.775161e-002
8.109336e+002,5.768359e-002
8.114156e+002,5.761173e-002
8.118978e+002,5.753986e-002
8.123799e+002,5.747251e-002
8.128621e+002,5.741143e-002
8.133442e+002,5.735427e-002
8.138263e+002,5.729533e-002
8.143085e+002,5.722955e-002
8.147905e+002,5.715507e-002
8.152727e+002,5.707554e-002
8.157548e+002,5.699763e-002
8.162369e+002,5.692836e-002
8.167191e+002,5.687093e-002
8.172012e+002,5.682368e-002
8.176833e+002,5.678097e-002
8.181654e+002,5.673687e-002
8.186476e+002,5.668807e-002
8.191296e+002,5.663531e-002
8.196118e+002,5.658251e-002
8.200939e+002,5.653367e-002
8.205760e+002,5.648948e-002
8.210582e+002,5.644744e-002
8.215403e+002,5.640253e-002
8.220225e+002,5.635107e-002
8.225045e+002,5.629291e-002
8.229867e+002,5.623285e-002
8.234688e+002,5.617746e-002
8.239509e+002,5.613267e-002
8.244330e+002,5.609979e-002
8.249152e+002,5.607536e-002
8.253973e+002,5.605248e-002
8.258794e+002,5.602522e-002
8.263616e+002,5.599087e-002
8.268437e+002,5.595177e-002
8.273258e+002,5.591287e-002
8.278079e+002,5.587872e-002
8.282900e+002,5.585014e-002
8.287722e+002,5.582358e-002
8.292543e+002,5.579314e-002
8.297365e+002,5.575380e-002
8.302185e+002,5.570416e-002
8.307007e+002,5.564715e-002
8.311828e+002,5.558792e-002
8.316649e+002,5.553004e-002
8.321470e+002,5.547313e-002
8.326292e+002,5.541294e-002
8.331113e+002,5.534308e-002
8.335934e+002,5.526021e-002
8.340756e+002,5.516574e-002
8.345577e+002,5.506693e-002
8.350398e+002,5.497308e-002
8.355219e+002,5.489152e-002
8.360040e+002,5.482361e-002
8.364862e+002,5.476409e-002
8.369683e+002,5.470381e-002
8.374504e+002,5.463463e-002
8.379325e+002,5.455251e-002
8.384147e+002,5.445987e-002
8.388968e+002,5.436277e-002
8.393789e+002,5.426744e-002
8.398610e+002,5.417660e-002
8.403431e+002,5.408839e-002
8.408253e+002,5.399807e-002
8.413074e+002,5.390153e-002
8.417896e+002,5.379811e-002
8.422717e+002,5.369151e-002
8.427538e+002,5.358735e-002
8.432359e+002,5.349039e-002
8.437180e+002,5.340083e-002
8.442002e+002,5.331449e-002
8.446823e+002,5.322520e-002
8.451644e+002,5.312872e-002
8.456465e+002,5.302438e-002
8.461287e+002,5.291694e-002
8.466108e+002,5.281210e-002
8.470929e+002,5.271410e-002
8.475751e+002,5.262154e-002
8.480571e+002,5.252789e-002
8.485393e+002,5.242396e-002
8.490214e+002,5.230217e-002
8.495035e+002,5.216015e-002
8.499857e+002,5.200123e-002
8.504678e+002,5.183223e-002
8.509499e+002,5.165949e-002
8.514320e+002,5.148545e-002
8.519142e+002,5.130779e-002
8.523962e+002,5.112123e-002
8.528784e+002,5.092093e-002
8.533605e+002,5.070560e-002
8.538427e+002,5.047804e-002
8.543248e+002,5.024339e-002
8.548069e+002,5.000646e-002
8.552891e+002,4.976932e-002
8.557711e+002,4.953158e-002
8.562533e+002,4.929224e-002
8.567354e+002,4.905257e-002
8.572175e+002,4.881716e-002
8.576996e+002,4.859328e-002
8.581818e+002,4.838730e-002
8.586639e+002,4.820238e-002
8.591460e+002,4.803594e-002
8.596282e+002,4.788259e-002
8.601102e+002,4.773651e-002
8.605924e+002,4.759539e-002
8.610745e+002,4.746227e-002
8.615566e+002,4.734338e-002
8.620388e+002,4.724452e-002
8.625209e+002,4.716727e-002
8.630031e+002,4.710697e-002
8.634851e+002,4.705479e-002
8.639673e+002,4.700138e-002
8.644494e+002,4.694154e-002
8.649315e+002,4.687614e-002
8.654136e+002,4.681082e-002
8.658958e+002,4.675284e-002
8.663779e+002,4.670594e-002
8.668600e+002,4.666838e-002
8.673422e+002,4.663459e-002
8.678242e+002,4.659796e-002
8.683064e+002,4.655543e-002
8.687885e+002,4.650914e-002
8.692706e+002,4.646542e-002
8.697527e+002,4.643113e-002
8.702349e+002,4.640894e-002
8.707170e+002,4.639546e-002
8.711991e+002,4.638267e-002
8.716813e+002,4.636201e-002
8.721634e+002,4.632844e-002
8.726455e+002,4.628308e-002
8.731276e+002,4.623198e-002
8.736097e+002,4.618263e-002
8.740919e+002,4.613933e-002
8.745740e+002,4.610074e-002
8.750562e+002,4.606069e-002
8.755382e+002,4.601248e-002
8.760204e+002,4.595234e-002
8.765025e+002,4.588217e-002
8.769846e+002,4.580905e-002
8.774668e+002,4.574109e-002
8.779489e+002,4.568360e-002
8.784310e+002,4.563656e-002
8.789131e+002,4.559554e-002
8.793953e+002,4.555440e-002
8.798774e+002,4.551027e-002
8.803595e+002,4.546439e-002
8.808416e+002,4.542184e-002
8.813237e+002,4.538792e-002
8.818059e+002,4.536456e-002
8.822880e+002,4.534849e-002
8.827701e+002,4.533276e-002
8.832523e+002,4.531020e-002
8.837344e+002,4.527704e-002
8.842165e+002,4.523453e-002
8.846986e+002,4.518846e-002
8.851808e+002,4.514407e-002
8.856628e+002,4.510392e-002
8.861450e+002,4.506552e-002
8.866271e+002,4.502343e-002
8.871093e+002,4.497306e-002
8.875914e+002,4.491494e-002
8.880735e+002,4.485487e-002
8.885556e+002,4.480284e-002
8.890377e+002,4.476723e-002
8.895199e+002,4.475084e-002
8.900020e+002,4.474840e-002
8.904841e+002,4.474883e-002
8.909662e+002,4.473985e-002
8.914484e+002,4.471365e-002
8.919305e+002,4.466921e-002
8.924126e+002,4.461217e-002
8.928948e+002,4.455062e-002
8.933768e+002,4.449015e-002
8.938590e+002,4.443184e-002
8.943411e+002,4.437185e-002
8.948232e+002,4.430492e-002
8.953054e+002,4.422853e-002
8.957875e+002,4.414435e-002
8.962697e+002,4.405807e-002
8.967517e+002,4.397551e-002
8.972339e+002,4.389952e-002
8.977159e+002,4.382730e-002
8.981981e+002,4.375292e-002
8.986802e+002,4.367001e-002
8.991624e+002,4.357624e-002
8.996445e+002,4.347456e-002
9.001266e+002,4.337188e-002
9.006088e+002,4.327535e-002
9.010908e+002,4.318811e-002
9.015730e+002,4.310752e-002
9.020551e+002,4.302745e-002
9.025372e+002,4.294094e-002
9.030193e+002,4.284582e-002
9.035015e+002,4.274563e-002
9.039836e+002,4.264852e-002
9.044657e+002,4.256331e-002
9.049479e+002,4.249554e-002
9.054299e+002,4.244438e-002
9.059121e+002,4.240493e-002
9.063942e+002,4.237034e-002
9.068763e+002,4.233644e-002
9.073585e+002,4.230293e-002
9.078406e+002,4.227314e-002
9.083228e+002,4.225000e-002
9.088048e+002,4.223424e-002
9.092870e+002,4.222250e-002
9.097691e+002,4.220925e-002
9.102512e+002,4.219010e-002
9.107333e+002,4.216565e-002
9.112155e+002,4.214098e-002
9.116976e+002,4.212515e-002
9.121797e+002,4.212587e-002
9.126619e+002,4.214672e-002
9.131440e+002,4.218484e-002
9.136261e+002,4.223380e-002
9.141082e+002,4.228638e-002
9.145903e+002,4.233883e-002
9.150724e+002,4.239198e-002
9.155546e+002,4.244976e-002
9.160367e+002,4.251612e-002
9.165189e+002,4.259152e-002
9.170010e+002,4.267212e-002
9.174831e+002,4.275196e-002
9.179652e+002,4.282566e-002
9.184473e+002,4.289233e-002
9.189294e+002,4.295529e-002
9.194116e+002,4.302048e-002
9.198937e+002,4.309222e-002
9.203759e+002,4.317036e-002
9.208580e+002,4.324858e-002
9.213401e+002,4.331786e-002
9.218222e+002,4.336988e-002
9.223043e+002,4.340165e-002
9.227864e+002,4.341616e-002
9.232686e+002,4.342170e-002
9.237507e+002,4.342623e-002
9.242328e+002,4.343521e-002
9.247150e+002,4.344871e-002
9.251971e+002,4.346382e-002
9.256792e+002,4.347755e-002
9.261613e+002,4.349086e-002
9.266434e+002,4.350878e-002
9.271255e+002,4.353904e-002
9.276077e+002,4.358785e-002
9.280898e+002,4.365632e-002
9.285720e+002,4.373976e-002
9.290541e+002,4.382956e-002
9.295362e+002,4.391768e-002
9.300183e+002,4.400021e-002
9.305004e+002,4.407834e-002
9.309826e+002,4.415663e-002
9.314647e+002,4.423935e-002
9.319468e+002,4.432628e-002
9.324290e+002,4.441223e-002
9.329111e+002,4.448866e-002
9.333932e+002,4.454779e-002
9.338753e+002,4.458644e-002
9.343574e+002,4.460694e-002
9.348396e+002,4.461550e-002
9.353217e+002,4.461794e-002
9.358038e+002,4.461684e-002
9.362859e+002,4.460915e-002
9.367681e+002,4.458947e-002
9.372502e+002,4.455286e-002
9.377323e+002,4.449924e-002
9.382144e+002,4.443370e-002
9.386966e+002,4.436497e-002
9.391787e+002,4.429995e-002
9.396608e+002,4.424097e-002
9.401429e+002,4.418396e-002
9.406251e+002,4.412157e-002
9.411072e+002,4.404735e-002
9.415893e+002,4.396078e-002
9.420714e+002,4.386801e-002
9.425536e+002,4.377951e-002
9.430357e+002,4.370541e-002
9.435178e+002,4.365066e-002
9.439999e+002,4.361247e-002
9.444821e+002,4.358353e-002
9.449642e+002,4.355526e-002
9.454463e+002,4.352304e-002
9.459284e+002,4.348820e-002
9.464106e+002,4.345651e-002
9.468927e+002,4.343408e-002
9.473748e+002,4.342354e-002
9.478569e+002,4.342212e-002
9.483391e+002,4.342354e-002
9.488212e+002,4.342182e-002
9.493033e+002,4.341511e-002
9.497855e+002,4.340699e-002
9.502676e+002,4.340461e-002
9.507497e+002,4.341401e-002
9.512318e+002,4.343693e-002
9.517139e+002,4.346879e-002
9.521960e+002,4.350122e-002
9.526782e+002,4.352651e-002
9.531603e+002,4.354144e-002
9.536425e+002,4.354939e-002
9.541246e+002,4.355824e-002
9.546067e+002,4.357593e-002
9.550888e+002,4.360683e-002
9.555709e+002,4.364878e-002
9.560530e+002,4.369621e-002
9.565352e+002,4.374251e-002
9.570173e+002,4.378503e-002
9.574995e+002,4.382591e-002
9.579816e+002,4.387065e-002
9.584637e+002,4.392397e-002
9.589458e+002,4.398611e-002
9.594279e+002,4.405123e-002
9.599100e+002,4.411028e-002
9.603922e+002,4.415496e-002
9.608743e+002,4.418208e-002
9.613564e+002,4.419550e-002
9.618386e+002,4.420435e-002
9.623207e+002,4.421846e-002
9.628028e+002,4.424372e-002
9.632849e+002,4.427944e-002
9.637670e+002,4.431967e-002
9.642491e+002,4.435640e-002
9.647313e+002,4.438451e-002
9.652134e+002,4.440331e-002
9.656956e+002,4.441604e-002
9.661777e+002,4.442694e-002
9.666598e+002,4.443817e-002
9.671419e+002,4.444769e-002
9.676240e+002,4.445067e-002
9.681061e+002,4.444283e-002
9.685883e+002,4.442370e-002
9.690704e+002,4.439713e-002
9.695526e+002,4.437071e-002
9.700347e+002,4.435124e-002
9.705168e+002,4.434199e-002
9.709989e+002,4.434072e-002
9.714810e+002,4.434209e-002
9.719631e+002,4.434053e-002
9.724453e+002,4.433440e-002
9.729274e+002,4.432706e-002
9.734095e+002,4.432467e-002
9.738917e+002,4.433368e-002
9.743738e+002,4.435670e-002
9.748559e+002,4.439128e-002
9.753380e+002,4.443203e-002
9.758201e+002,4.447392e-002
9.763023e+002,4.451566e-002
9.767844e+002,4.456022e-002
9.772665e+002,4.461340e-002
9.777487e+002,4.468003e-002
9.782308e+002,4.476037e-002
9.787129e+002,4.484927e-002
9.791950e+002,4.493836e-002
9.796771e+002,4.501968e-002
9.801593e+002,4.508979e-002
9.806414e+002,4.515096e-002
9.811235e+002,4.520977e-002
9.816057e+002,4.527319e-002
9.820878e+002,4.534482e-002
9.825699e+002,4.542375e-002
9.830520e+002,4.550470e-002
9.835342e+002,4.558234e-002
9.840163e+002,4.565381e-002
9.844984e+002,4.572058e-002
9.849805e+002,4.578727e-002
9.854626e+002,4.585856e-002
9.859448e+002,4.593606e-002
9.864269e+002,4.601692e-002
9.869090e+002,4.609580e-002
9.873912e+002,4.616715e-002
9.878733e+002,4.622896e-002
9.883554e+002,4.628322e-002
9.888375e+002,4.633481e-002
9.893196e+002,4.638848e-002
9.898018e+002,4.644597e-002
9.902839e+002,4.650483e-002
9.907660e+002,4.656058e-002
9.912482e+002,4.660935e-002
9.917303e+002,4.665140e-002
9.922124e+002,4.669137e-002
9.926945e+002,4.673679e-002
9.931766e+002,4.679389e-002
9.936588e+002,4.686475e-002
9.941409e+002,4.694536e-002
9.946230e+002,4.702847e-002
9.951052e+002,4.710662e-002
9.955873e+002,4.717645e-002
9.960694e+002,4.723951e-002
9.965515e+002,4.730238e-002
9.970336e+002,4.737211e-002
9.975157e+002,4.745368e-002
9.979979e+002,4.754753e-002
9.984800e+002,4.765074e-002
9.989622e+002,4.775950e-002
9.994443e+002,4.787229e-002
9.999264e+002,4.799031e-002
1.000409e+003,4.811697e-002
1.000891e+003,4.825477e-002
1.001373e+003,4.840353e-002
1.001855e+003,4.855851e-002
1.002337e+003,4.871356e-002
1.002819e+003,4.886392e-002
1.003301e+003,4.900920e-002
1.003783e+003,4.915388e-002
1.004266e+003,4.930630e-002
1.004748e+003,4.947372e-002
1.005230e+003,4.965978e-002
1.005712e+003,4.986211e-002
1.006194e+003,5.007461e-002
1.006676e+003,5.029067e-002
1.007158e+003,5.050682e-002
1.007640e+003,5.072463e-002
1.008122e+003,5.094972e-002
1.008605e+003,5.118825e-002
1.009087e+003,5.144355e-002
1.009569e+003,5.171431e-002
1.010051e+003,5.199466e-002
1.010533e+003,5.227796e-002
1.011015e+003,5.255947e-002
1.011497e+003,5.283866e-002
1.011979e+003,5.311849e-002
1.012462e+003,5.340324e-002
1.012944e+003,5.369498e-002
1.013426e+003,5.399210e-002
1.013908e+003,5.428949e-002
1.014390e+003,5.458158e-002
1.014872e+003,5.486440e-002
1.015354e+003,5.513797e-002
1.015836e+003,5.540542e-002
1.016319e+003,5.567060e-002
1.016801e+003,5.593513e-002
1.017283e+003,5.619680e-002
1.017765e+003,5.645033e-002
1.018247e+003,5.668995e-002
1.018729e+003,5.691276e-002
1.019211e+003,5.712005e-002
1.019693e+003,5.731773e-002
1.020176e+003,5.751261e-002
1.020658e+003,5.771025e-002
1.021140e+003,5.791198e-002
1.021622e+003,5.811568e-002
1.022104e+003,5.831750e-002
1.022586e+003,5.851553e-002
1.023068e+003,5.871118e-002
1.023550e+003,5.890873e-002
1.024033e+003,5.911394e-002
1.024515e+003,5.933039e-002
1.024997e+003,5.955739e-002
1.025479e+003,5.979105e-002
1.025961e+003,6.002527e-002
1.026443e+003,6.025584e-002
1.026925e+003,6.048076e-002
1.027407e+003,6.070094e-002
1.027890e+003,6.091743e-002
1.028372e+003,6.112861e-002
1.028854e+003,6.132849e-002
1.029336e+003,6.150838e-002
1.029818e+003,6.165867e-002
1.030300e+003,6.177316e-002
1.030782e+003,6.185209e-002
1.031264e+003,6.190116e-002
1.031747e+003,6.192988e-002
1.032229e+003,6.194782e-002
1.032711e+003,6.196139e-002
1.033193e+003,6.197318e-002
1.033675e+003,6.198326e-002
1.034157e+003,6.199195e-002
1.034639e+003,6.200090e-002
1.035121e+003,6.201385e-002
1.035604e+003,6.203425e-002
1.036086e+003,6.206400e-002
1.036568e+003,6.210152e-002
1.037050e+003,6.214330e-002
1.037532e+003,6.218649e-002
1.038014e+003,6.223159e-002
1.038496e+003,6.228350e-002
1.038979e+003,6.235029e-002
1.039461e+003,6.243948e-002
1.039943e+003,6.255519e-002
1.040425e+003,6.269518e-002
1.040907e+003,6.285268e-002
1.041389e+003,6.301980e-002
1.041871e+003,6.319086e-002
1.042353e+003,6.336484e-002
1.042835e+003,6.354568e-002
1.043318e+003,6.373921e-002
1.043800e+003,6.394948e-002
1.044282e+003,6.417635e-002
1.044764e+003,6.441648e-002
1.045246e+003,6.466524e-002
1.045728e+003,6.492008e-002
1.046210e+003,6.518246e-002
1.046692e+003,6.545731e-002
1.047175e+003,6.574991e-002
1.047657e+003,6.606219e-002
1.048139e+003,6.638997e-002
1.048621e+003,6.672417e-002
1.049103e+003,6.705363e-002
1.049585e+003,6.736980e-002
1.050067e+003,6.766937e-002
1.050549e+003,6.795561e-002
1.051031e+003,6.823523e-002
1.051514e+003,6.851502e-002
1.051996e+003,6.879739e-002
1.052478e+003,6.908014e-002
1.052960e+003,6.935748e-002
1.053442e+003,6.962362e-002
1.053924e+003,6.987515e-002
1.054406e+003,7.011224e-002
1.054889e+003,7.033698e-002
1.055371e+003,7.055120e-002
1.055853e+003,7.075333e-002
1.056335e+003,7.093956e-002
1.056817e+003,7.110523e-002
1.057299e+003,7.124850e-002
1.057781e+003,7.137222e-002
1.058263e+003,7.148443e-002
1.058746e+003,7.159495e-002
1.059228e+003,7.171196e-002
1.059710e+003,7.183815e-002
1.060192e+003,7.197154e-002
1.060674e+003,7.210719e-002
1.061156e+003,7.224130e-002
1.061638e+003,7.237402e-002
1.062120e+003,7.251082e-002
1.062603e+003,7.265946e-002
1.063085e+003,7.282590e-002
1.063567e+003,7.301236e-002
1.064049e+003,7.321607e-002
1.064531e+003,7.343120e-002
1.065013e+003,7.365370e-002
1.065495e+003,7.388335e-002
1.065977e+003,7.412525e-002
1.066460e+003,7.438712e-002
1.066942e+003,7.467558e-002
1.067424e+003,7.499307e-002
1.067906e+003,7.533693e-002
1.068388e+003,7.570169e-002
1.068870e+003,7.608243e-002
1.069352e+003,7.647816e-002
1.069834e+003,7.689308e-002
1.070317e+003,7.733421e-002
1.070799e+003,7.780813e-002
1.071281e+003,7.831725e-002
1.071763e+003,7.885855e-002
1.072245e+003,7.942534e-002
1.072727e+003,8.001025e-002
1.073209e+003,8.060905e-002
1.073691e+003,8.122164e-002
1.074174e+003,8.185168e-002
1.074656e+003,8.250324e-002
1.075138e+003,8.317752e-002
1.075620e+003,8.387143e-002
1.076102e+003,8.457781e-002
1.076584e+003,8.528841e-002
1.077066e+003,8.599681e-002
1.077548e+003,8.670017e-002
1.078031e+003,8.739794e-002
1.078513e+003,8.808956e-002
1.078995e+003,8.877128e-002
1.079477e+003,8.943487e-002
1.079959e+003,9.006844e-002
1.080441e+003,9.066093e-002
1.080923e+003,9.120458e-002
1.081406e+003,9.169823e-002
1.081888e+003,9.214634e-002
1.082370e+003,9.255601e-002
1.082852e+003,9.293328e-002
1.083334e+003,9.328089e-002
1.083816e+003,9.359936e-002
1.084298e+003,9.388946e-002
1.084780e+003,9.415568e-002
1.085262e+003,9.440818e-002
1.085745e+003,9.466010e-002
1.086227e+003,9.492411e-002
1.086709e+003,9.520765e-002
1.087191e+003,9.551076e-002
1.087673e+003,9.582753e-002
1.088155e+003,9.615040e-002
1.088637e+003,9.647437e-002
1.089119e+003,9.679972e-002
1.089602e+003,9.713112e-002
1.090084e+003,9.747355e-002
1.090566e+003,9.782786e-002
1.091048e+003,9.818825e-002
1.091530e+003,9.854326e-002
1.092012e+003,9.887984e-002
1.092494e+003,9.918846e-002
1.092976e+003,9.946617e-002
1.093458e+003,9.971597e-002
1.093941e+003,9.994399e-002
1.094423e+003,1.001534e-001
1.094905e+003,1.003425e-001
1.095387e+003,1.005040e-001
1.095869e+003,1.006296e-001
1.096351e+003,1.007141e-001
1.096833e+003,1.007588e-001
1.097316e+003,1.007715e-001
1.097798e+003,1.007622e-001
1.098280e+003,1.007389e-001
1.098762e+003,1.007038e-001
1.099244e+003,1.006542e-001
1.099726e+003,1.005847e-001
1.100208e+003,1.004924e-001
1.100690e+003,1.003792e-001
1.101173e+003,1.002505e-001
1.101655e+003,1.001136e-001
1.102137e+003,9.997166e-002
1.102619e+003,9.982432e-002
1.103101e+003,9.966749e-002
1.103583e+003,9.949870e-002
1.104065e+003,9.932062e-002
1.104547e+003,9.914359e-002
1.105030e+003,9.898353e-002
1.105512e+003,9.885697e-002
1.105994e+003,9.877522e-002
1.106476e+003,9.874358e-002
1.106958e+003,9.876031e-002
1.107440e+003,9.882163e-002
1.107922e+003,9.892645e-002
1.108404e+003,9.907844e-002
1.108886e+003,9.928475e-002
1.109369e+003,9.955279e-002
1.109851e+003,9.988475e-002
1.110333e+003,1.002762e-001
1.110815e+003,1.007160e-001
1.111297e+003,1.011908e-001
1.111779e+003,1.016887e-001
1.112261e+003,1.022031e-001
1.112744e+003,1.027313e-001
1.113226e+003,1.032719e-001
1.113708e+003,1.038200e-001
1.114190e+003,1.043652e-001
1.114672e+003,1.048918e-001
1.115154e+003,1.053827e-001
1.115636e+003,1.058245e-001
1.116118e+003,1.062101e-001
1.116601e+003,1.065390e-001
1.117083e+003,1.068138e-001
1.117565e+003,1.070348e-001
1.118047e+003,1.071975e-001
1.118529e+003,1.072927e-001
1.119011e+003,1.073100e-001
1.119493e+003,1.072438e-001
1.119975e+003,1.070963e-001
1.120458e+003,1.068773e-001
1.120940e+003,1.066004e-001
1.121422e+003,1.062777e-001
1.121904e+003,1.059169e-001
1.122386e+003,1.055211e-001
1.122868e+003,1.050928e-001
1.123350e+003,1.046381e-001
1.123832e+003,1.041692e-001
1.124314e+003,1.037032e-001
1.124797e+003,1.032579e-001
1.125279e+003,1.028463e-001
1.125761e+003,1.024750e-001
1.126243e+003,1.021447e-001
1.126725e+003,1.018541e-001
1.127207e+003,1.016052e-001
1.127689e+003,1.014049e-001
1.128172e+003,1.012644e-001
1.128654e+003,1.011948e-001
1.129136e+003,1.012032e-001
1.129618e+003,1.012907e-001
1.130100e+003,1.014532e-001
1.130582e+003,1.016857e-001
1.131064e+003,1.019859e-001
1.131546e+003,1.023569e-001
1.132029e+003,1.028050e-001
1.132511e+003,1.033371e-001
1.132993e+003,1.039554e-001
1.133475e+003,1.046546e-001
1.133957e+003,1.054241e-001
1.134439e+003,1.062500e-001
1.134921e+003,1.071203e-001
1.135403e+003,1.080278e-001
1.135885e+003,1.089699e-001
1.136368e+003,1.099460e-001
1.136850e+003,1.109520e-001
1.137332e+003,1.119785e-001
1.137814e+003,1.130104e-001
1.138296e+003,1.140301e-001
1.138778e+003,1.150222e-001
1.139260e+003,1.159779e-001
1.139742e+003,1.168959e-001
1.140225e+003,1.177794e-001
1.140707e+003,1.186321e-001
1.141189e+003,1.194542e-001
1.141671e+003,1.202417e-001
1.142153e+003,1.209894e-001
1.142635e+003,1.216955e-001
1.143117e+003,1.223645e-001
1.143599e+003,1.230082e-001
1.144082e+003,1.236416e-001
1.144564e+003,1.242775e-001
1.145046e+003,1.249228e-001
1.145528e+003,1.255767e-001
1.146010e+003,1.262356e-001
1.146492e+003,1.268967e-001
1.146974e+003,1.275633e-001
1.147457e+003,1.282440e-001
1.147939e+003,1.289499e-001
1.148421e+003,1.296878e-001
1.148903e+003,1.304566e-001
1.149385e+003,1.312460e-001
1.149867e+003,1.320413e-001
1.150349e+003,1.328294e-001
1.150831e+003,1.336049e-001
1.151313e+003,1.343709e-001
1.151796e+003,1.351361e-001
1.152278e+003,1.359076e-001
1.152760e+003,1.366854e-001
1.153242e+003,1.374611e-001
1.153724e+003,1.382207e-001
1.154206e+003,1.389515e-001
1.154688e+003,1.396488e-001
1.155170e+003,1.403171e-001
1.155653e+003,1.409675e-001
1.156135e+003,1.416097e-001
1.156617e+003,1.422467e-001
1.157099e+003,1.428721e-001
1.157581e+003,1.434727e-001
1.158063e+003,1.440359e-001
1.158545e+003,1.445552e-001
1.159027e+003,1.450337e-001
1.159510e+003,1.454796e-001
1.159992e+003,1.459005e-001
1.160474e+003,1.462963e-001
1.160956e+003,1.466578e-001
1.161438e+003,1.469701e-001
1.161920e+003,1.472206e-001
1.162402e+003,1.474052e-001
1.162885e+003,1.475301e-001
1.163367e+003,1.476094e-001
1.163849e+003,1.476559e-001
1.164331e+003,1.476755e-001
1.164813e+003,1.476635e-001
1.165295e+003,1.476095e-001
1.165777e+003,1.475039e-001
1.166259e+003,1.473452e-001
1.166741e+003,1.471409e-001
1.167224e+003,1.469046e-001
1.167706e+003,1.466472e-001
1.168188e+003,1.463706e-001
1.168670e+003,1.460645e-001
1.169152e+003,1.457113e-001
1.169634e+003,1.452932e-001
1.170116e+003,1.447994e-001
1.170598e+003,1.442291e-001
1.171081e+003,1.435889e-001
1.171563e+003,1.428850e-001
1.172045e+003,1.421188e-001
1.172527e+003,1.412845e-001
1.173009e+003,1.403743e-001
1.173491e+003,1.393840e-001
1.173973e+003,1.383200e-001
1.174455e+003,1.371990e-001
1.174938e+003,1.360435e-001
1.175420e+003,1.348738e-001
1.175902e+003,1.337024e-001
1.176384e+003,1.325324e-001
1.176866e+003,1.313618e-001
1.177348e+003,1.301899e-001
1.177830e+003,1.290223e-001
1.178313e+003,1.278714e-001
1.178795e+003,1.267526e-001
1.179277e+003,1.256776e-001
1.179759e+003,1.246509e-001
1.180241e+003,1.236688e-001
1.180723e+003,1.227249e-001
1.181205e+003,1.218139e-001
1.181687e+003,1.209367e-001
1.182169e+003,1.200992e-001
1.182652e+003,1.193092e-001
1.183134e+003,1.185703e-001
1.183616e+003,1.178795e-001
1.184098e+003,1.172279e-001
1.184580e+003,1.166050e-001
1.185062e+003,1.160033e-001
1.185544e+003,1.154209e-001
1.186026e+003,1.148612e-001
1.186509e+003,1.143297e-001
1.186991e+003,1.138270e-001
1.187473e+003,1.133483e-001
1.187955e+003,1.128838e-001
1.188437e+003,1.124229e-001
1.188919e+003,1.119594e-001
1.189401e+003,1.114934e-001
1.189883e+003,1.110310e-001
1.190366e+003,1.105796e-001
1.190848e+003,1.101437e-001
1.191330e+003,1.097219e-001
1.191812e+003,1.093083e-001
1.192294e+003,1.088966e-001
1.192776e+003,1.084842e-001
1.193258e+003,1.080746e-001
1.193740e+003,1.076757e-001
1.194223e+003,1.072960e-001
1.194705e+003,1.069399e-001
1.195187e+003,1.066064e-001
1.195669e+003,1.062894e-001
1.196151e+003,1.059829e-001
1.196633e+003,1.056850e-001
1.197115e+003,1.054002e-001
1.197597e+003,1.051374e-001
1.198080e+003,1.049064e-001
1.198562e+003,1.047127e-001
1.199044e+003,1.045555e-001
1.199526e+003,1.044288e-001
1.200008e+003,1.043257e-001
1.200490e+003,1.042412e-001
1.200972e+003,1.041758e-001
1.201454e+003,1.041331e-001
1.201937e+003,1.041176e-001
1.202419e+003,1.041301e-001
1.202901e+003,1.041666e-001
1.203383e+003,1.042189e-001
1.203865e+003,1.042796e-001
1.204347e+003,1.043433e-001
1.204829e+003,1.044108e-001
1.205312e+003,1.044862e-001
1.205794e+003,1.045747e-001
1.206276e+003,1.046777e-001
1.206758e+003,1.047924e-001
1.207240e+003,1.049133e-001
1.207722e+003,1.050348e-001
1.208204e+003,1.051557e-001
1.208686e+003,1.052802e-001
1.209168e+003,1.054154e-001
1.209651e+003,1.055690e-001
1.210133e+003,1.057439e-001
1.210615e+003,1.059383e-001
1.211097e+003,1.061462e-001
1.211579e+003,1.063621e-001
1.212061e+003,1.065841e-001
1.212543e+003,1.068168e-001
1.213025e+003,1.070694e-001
1.213508e+003,1.073517e-001
1.213990e+003,1.076697e-001
1.214472e+003,1.080242e-001
1.214954e+003,1.084105e-001
1.215436e+003,1.088225e-001
1.215918e+003,1.092564e-001
1.216400e+003,1.097124e-001
1.216882e+003,1.101941e-001
1.217365e+003,1.107065e-001
1.217847e+003,1.112515e-001
1.218329e+003,1.118266e-001
1.218811e+003,1.124261e-001
1.219293e+003,1.130438e-001
1.219775e+003,1.136757e-001
1.220257e+003,1.143231e-001
1.220740e+003,1.149898e-001
1.221222e+003,1.156808e-001
1.221704e+003,1.163969e-001
1.222186e+003,1.171347e-001
1.222668e+003,1.178862e-001
1.223150e+003,1.186432e-001
1.223632e+003,1.194006e-001
1.224114e+003,1.201592e-001
1.224596e+003,1.209247e-001
1.225079e+003,1.217042e-001
1.225561e+003,1.225015e-001
1.226043e+003,1.233141e-001
1.226525e+003,1.241343e-001
1.227007e+003,1.249519e-001
1.227489e+003,1.257597e-001
1.227971e+003,1.265561e-001
1.228453e+003,1.273455e-001
1.228936e+003,1.281358e-001
1.229418e+003,1.289322e-001
1.229900e+003,1.297357e-001
1.230382e+003,1.305411e-001
1.230864e+003,1.313413e-001
1.231346e+003,1.321308e-001
1.231828e+003,1.329089e-001
1.232310e+003,1.336801e-001
1.232792e+003,1.344503e-001
1.233275e+003,1.352221e-001
1.233757e+003,1.359913e-001
1.234239e+003,1.367472e-001
1.234721e+003,1.374764e-001
1.235203e+003,1.381685e-001
1.235685e+003,1.388196e-001
1.236167e+003,1.394333e-001
1.236650e+003,1.400162e-001
1.237132e+003,1.405720e-001
1.237614e+003,1.410966e-001
1.238096e+003,1.415782e-001
1.238578e+003,1.420013e-001
1.239060e+003,1.423534e-001
1.239542e+003,1.426308e-001
1.240024e+003,1.428388e-001
1.240507e+003,1.429880e-001
1.240989e+003,1.430876e-001
1.241471e+003,1.431403e-001
1.241953e+003,1.431402e-001
1.242435e+003,1.430773e-001
1.242917e+003,1.429442e-001
1.243399e+003,1.427413e-001
1.243881e+003,1.424787e-001
1.244364e+003,1.421710e-001
1.244846e+003,1.418309e-001
1.245328e+003,1.414643e-001
1.245810e+003,1.410687e-001
1.246292e+003,1.406380e-001
1.246774e+003,1.401681e-001
1.247256e+003,1.396634e-001
1.247738e+003,1.391364e-001
1.248220e+003,1.386046e-001
1.248703e+003,1.380826e-001
1.249185e+003,1.375788e-001
1.249667e+003,1.370932e-001
1.250149e+003,1.366222e-001
1.250631e+003,1.361638e-001
1.251113e+003,1.357217e-001
1.251595e+003,1.353055e-001
1.252078e+003,1.349272e-001
1.252560e+003,1.345940e-001
1.253042e+003,1.343056e-001
1.253524e+003,1.340544e-001
1.254006e+003,1.338285e-001
1.254488e+003,1.336192e-001
1.254970e+003,1.334238e-001
1.255452e+003,1.332465e-001
1.255935e+003,1.330935e-001
1.256417e+003,1.329686e-001
1.256899e+003,1.328681e-001
1.257381e+003,1.327829e-001
1.257863e+003,1.327013e-001
1.258345e+003,1.326152e-001
1.258827e+003,1.325241e-001
1.259309e+003,1.324346e-001
1.259792e+003,1.323565e-001
1.260274e+003,1.322960e-001
1.260756e+003,1.322526e-001
1.261238e+003,1.322184e-001
1.261720e+003,1.321829e-001
1.262202e+003,1.321382e-001
1.262684e+003,1.320838e-001
1.263166e+003,1.320257e-001
1.263648e+003,1.319725e-001
1.264131e+003,1.319297e-001
1.264613e+003,1.318959e-001
1.265095e+003,1.318629e-001
1.265577e+003,1.318209e-001
1.266059e+003,1.317622e-001
1.266541e+003,1.316876e-001
1.267023e+003,1.316039e-001
1.267505e+003,1.315222e-001
1.267988e+003,1.314506e-001
1.268470e+003,1.313914e-001
1.268952e+003,1.313410e-001
1.269434e+003,1.312935e-001
1.269916e+003,1.312467e-001
1.270398e+003,1.312047e-001
1.270880e+003,1.311778e-001
1.271363e+003,1.311781e-001
1.271845e+003,1.312137e-001
1.272327e+003,1.312846e-001
1.272809e+003,1.313832e-001
1.273291e+003,1.314991e-001
1.273773e+003,1.316237e-001
1.274255e+003,1.317542e-001
1.274737e+003,1.318933e-001
1.275219e+003,1.320457e-001
1.275702e+003,1.322121e-001
1.276184e+003,1.323875e-001
1.276666e+003,1.325607e-001
1.277148e+003,1.327192e-001
1.277630e+003,1.328535e-001
1.278112e+003,1.329613e-001
1.278594e+003,1.330466e-001
1.279076e+003,1.331161e-001
1.279559e+003,1.331727e-001
1.280041e+003,1.332142e-001
1.280523e+003,1.332325e-001
1.281005e+003,1.332196e-001
1.281487e+003,1.331714e-001
1.281969e+003,1.330927e-001
1.282451e+003,1.329953e-001
1.282933e+003,1.328931e-001
1.283416e+003,1.327973e-001
1.283898e+003,1.327112e-001
1.284380e+003,1.326326e-001
1.284862e+003,1.325563e-001
1.285344e+003,1.324805e-001
1.285826e+003,1.324098e-001
1.286308e+003,1.323547e-001
1.286791e+003,1.323268e-001
1.287273e+003,1.323336e-001
1.287755e+003,1.323747e-001
1.288237e+003,1.324427e-001
1.288719e+003,1.325281e-001
1.289201e+003,1.326233e-001
1.289683e+003,1.327276e-001
1.290165e+003,1.328454e-001
1.290647e+003,1.329822e-001
1.291130e+003,1.331392e-001
1.291612e+003,1.333108e-001
1.292094e+003,1.334850e-001
1.292576e+003,1.336496e-001
1.293058e+003,1.337962e-001
1.293540e+003,1.339253e-001
1.294022e+003,1.340443e-001
1.294504e+003,1.341627e-001
1.294987e+003,1.342866e-001
1.295469e+003,1.344144e-001
1.295951e+003,1.345384e-001
1.296433e+003,1.346487e-001
1.296915e+003,1.347393e-001
1.297397e+003,1.348117e-001
1.297879e+003,1.348737e-001
1.298361e+003,1.349349e-001
1.298844e+003,1.349998e-001
1.299326e+003,1.350652e-001
1.299808e+003,1.351200e-001
1.300290e+003,1.351517e-001
1.300772e+003,1.351517e-001
1.301254e+003,1.351194e-001
1.301736e+003,1.350616e-001
1.302219e+003,1.349886e-001
1.302701e+003,1.349072e-001
1.303183e+003,1.348181e-001
1.303665e+003,1.347164e-001
1.304147e+003,1.345969e-001
1.304629e+003,1.344581e-001
1.305111e+003,1.343064e-001
1.305593e+003,1.341532e-001
1.306075e+003,1.340113e-001
1.306558e+003,1.338865e-001
1.307040e+003,1.337768e-001
1.307522e+003,1.336727e-001
1.308004e+003,1.335629e-001
1.308486e+003,1.334405e-001
1.308968e+003,1.333057e-001
1.309450e+003,1.331649e-001
1.309932e+003,1.330244e-001
1.310415e+003,1.328851e-001
1.310897e+003,1.327394e-001
1.311379e+003,1.325732e-001
1.311861e+003,1.323721e-001
1.312343e+003,1.321271e-001
1.312825e+003,1.318397e-001
1.313307e+003,1.315206e-001
1.313789e+003,1.311828e-001
1.314272e+003,1.308340e-001
1.314754e+003,1.304736e-001
1.315236e+003,1.300932e-001
1.315718e+003,1.296823e-001
1.316200e+003,1.292345e-001
1.316682e+003,1.287506e-001
1.317164e+003,1.282370e-001
1.317646e+003,1.277020e-001
1.318129e+003,1.271490e-001
1.318611e+003,1.265755e-001
1.319093e+003,1.259755e-001
1.319575e+003,1.253452e-001
1.320057e+003,1.246882e-001
1.320539e+003,1.240150e-001
1.321021e+003,1.233397e-001
1.321503e+003,1.226725e-001
1.321986e+003,1.220148e-001
1.322468e+003,1.213601e-001
1.322950e+003,1.206979e-001
1.323432e+003,1.200207e-001
1.323914e+003,1.193288e-001
1.324396e+003,1.186315e-001
1.324878e+003,1.179424e-001
1.325360e+003,1.172737e-001
1.325843e+003,1.166301e-001
1.326325e+003,1.160093e-001
1.326807e+003,1.154049e-001
1.327289e+003,1.148135e-001
1.327771e+003,1.142377e-001
1.328253e+003,1.136879e-001
1.328735e+003,1.131762e-001
1.329218e+003,1.127115e-001
1.329700e+003,1.122952e-001
1.330182e+003,1.119217e-001
1.330664e+003,1.115821e-001
1.331146e+003,1.112700e-001
1.331628e+003,1.109850e-001
1.332110e+003,1.107325e-001
1.332592e+003,1.105198e-001
1.333074e+003,1.103510e-001
1.333557e+003,1.102246e-001
1.334039e+003,1.101340e-001
1.334521e+003,1.100711e-001
1.335003e+003,1.100307e-001
1.335485e+003,1.100130e-001
1.335967e+003,1.100222e-001
1.336449e+003,1.100638e-001
1.336931e+003,1.101395e-001
1.337414e+003,1.102451e-001
1.337896e+003,1.103697e-001
1.338378e+003,1.105004e-001
1.338860e+003,1.106268e-001
1.339342e+003,1.107450e-001
1.339824e+003,1.108564e-001
1.340306e+003,1.109644e-001
1.340788e+003,1.110692e-001
1.341271e+003,1.111663e-001
1.341753e+003,1.112487e-001
1.342235e+003,1.113120e-001
1.342717e+003,1.113567e-001
1.343199e+003,1.113894e-001
1.343681e+003,1.114201e-001
1.344163e+003,1.114582e-001
1.344646e+003,1.115077e-001
1.345128e+003,1.115656e-001
1.345610e+003,1.116238e-001
1.346092e+003,1.116737e-001
1.346574e+003,1.117115e-001
1.347056e+003,1.117395e-001
1.347538e+003,1.117654e-001
1.348020e+003,1.117965e-001
1.348502e+003,1.118355e-001
1.348985e+003,1.118778e-001
1.349467e+003,1.119140e-001
1.349949e+003,1.119348e-001
1.350431e+003,1.119371e-001
1.350913e+003,1.119250e-001
1.351395e+003,1.119080e-001
1.351877e+003,1.118964e-001
1.352359e+003,1.118959e-001
1.352842e+003,1.119058e-001
1.353324e+003,1.119213e-001
1.353806e+003,1.119388e-001
1.354288e+003,1.119602e-001
1.354770e+003,1.119944e-001
1.355252e+003,1.120537e-001
1.355734e+003,1.121485e-001
1.356216e+003,1.122812e-001
1.356698e+003,1.124456e-001
1.357181e+003,1.126307e-001
1.357663e+003,1.128261e-001
1.358145e+003,1.130286e-001
1.358627e+003,1.132417e-001
1.359109e+003,1.134751e-001
1.359591e+003,1.137389e-001
1.360073e+003,1.140409e-001
1.360556e+003,1.143832e-001
1.361038e+003,1.147663e-001
1.361520e+003,1.151915e-001
1.362002e+003,1.156637e-001
1.362484e+003,1.161905e-001
1.362966e+003,1.167740e-001
1.363448e+003,1.174068e-001
1.363930e+003,1.180702e-001
1.364413e+003,1.187424e-001
1.364895e+003,1.194052e-001
1.365377e+003,1.200478e-001
1.365859e+003,1.206667e-001
1.366341e+003,1.212610e-001
1.366823e+003,1.218276e-001
1.367305e+003,1.223570e-001
1.367787e+003,1.228314e-001
1.368270e+003,1.232301e-001
1.368752e+003,1.235382e-001
1.369234e+003,1.237554e-001
1.369716e+003,1.239013e-001
1.370198e+003,1.240112e-001
1.370680e+003,1.241275e-001
1.371162e+003,1.242925e-001
1.371644e+003,1.245433e-001
1.372126e+003,1.249134e-001
1.372609e+003,1.254331e-001
1.373091e+003,1.261303e-001
1.373573e+003,1.270218e-001
1.374055e+003,1.281014e-001
1.374537e+003,1.293304e-001
1.375019e+003,1.306436e-001
1.375501e+003,1.319722e-001
1.375984e+003,1.332628e-001
1.376466e+003,1.344853e-001
1.376948e+003,1.356281e-001
1.377430e+003,1.366898e-001
1.377912e+003,1.376722e-001
1.378394e+003,1.385778e-001
1.378876e+003,1.394103e-001
1.379358e+003,1.401780e-001
1.379841e+003,1.408951e-001
1.380323e+003,1.415818e-001
1.380805e+003,1.422628e-001
1.381287e+003,1.429619e-001
1.381769e+003,1.436981e-001
1.382251e+003,1.444810e-001
1.382733e+003,1.453085e-001
1.383215e+003,1.461689e-001
1.383698e+003,1.470463e-001
1.384180e+003,1.479278e-001
1.384662e+003,1.488076e-001
1.385144e+003,1.496893e-001
1.385626e+003,1.505818e-001
1.386108e+003,1.514918e-001
1.386590e+003,1.524170e-001
1.387072e+003,1.533409e-001
1.387554e+003,1.542354e-001
1.388037e+003,1.550746e-001
1.388519e+003,1.558457e-001
1.389001e+003,1.565518e-001
1.389483e+003,1.572079e-001
1.389965e+003,1.578326e-001
1.390447e+003,1.584433e-001
1.390929e+003,1.590524e-001
1.391411e+003,1.596664e-001
1.391894e+003,1.602877e-001
1.392376e+003,1.609152e-001
1.392858e+003,1.615463e-001
1.393340e+003,1.621750e-001
1.393822e+003,1.627912e-001
1.394304e+003,1.633774e-001
1.394786e+003,1.639120e-001
1.395269e+003,1.643740e-001
1.395751e+003,1.647498e-001
1.396233e+003,1.650352e-001
1.396715e+003,1.652330e-001
1.397197e+003,1.653469e-001
1.397679e+003,1.653798e-001
1.398161e+003,1.653333e-001
1.398643e+003,1.652107e-001
1.399125e+003,1.650166e-001
1.399608e+003,1.647577e-001
1.400090e+003,1.644396e-001
1.400572e+003,1.640636e-001
1.401054e+003,1.636252e-001
1.401536e+003,1.631144e-001
1.402018e+003,1.625154e-001
1.402500e+003,1.618075e-001
1.402982e+003,1.609672e-001
1.403465e+003,1.599732e-001
1.403947e+003,1.588175e-001
1.404429e+003,1.575160e-001
1.404911e+003,1.561141e-001
1.405393e+003,1.546783e-001
1.405875e+003,1.532748e-001
1.406357e+003,1.519518e-001
1.406839e+003,1.507286e-001
1.407322e+003,1.496011e-001
1.407804e+003,1.485507e-001
1.408286e+003,1.475560e-001
1.408768e+003,1.466025e-001
1.409250e+003,1.456879e-001
1.409732e+003,1.448237e-001
1.410214e+003,1.440309e-001
1.410697e+003,1.433303e-001
1.411179e+003,1.427337e-001
1.411661e+003,1.422395e-001
1.412143e+003,1.418329e-001
1.412625e+003,1.414933e-001
1.413107e+003,1.412013e-001
1.413589e+003,1.409425e-001
1.414071e+003,1.407081e-001
1.414553e+003,1.404915e-001
1.415036e+003,1.402842e-001
1.415518e+003,1.400726e-001
1.416000e+003,1.398364e-001
1.416482e+003,1.395465e-001
1.416964e+003,1.391646e-001
1.417446e+003,1.386460e-001
1.417928e+003,1.379503e-001
1.418410e+003,1.370675e-001
1.418893e+003,1.360453e-001
1.419375e+003,1.349832e-001
1.419857e+003,1.339853e-001
1.420339e+003,1.331086e-001
1.420821e+003,1.323544e-001
1.421303e+003,1.316878e-001
1.421785e+003,1.310636e-001
1.422267e+003,1.304411e-001
1.422750e+003,1.297954e-001
1.423232e+003,1.291258e-001
1.423714e+003,1.284615e-001
1.424196e+003,1.278533e-001
1.424678e+003,1.273527e-001
1.425160e+003,1.269901e-001
1.425642e+003,1.267677e-001
1.426125e+003,1.266693e-001
1.426607e+003,1.266801e-001
1.427089e+003,1.267956e-001
1.427571e+003,1.270267e-001
1.428053e+003,1.273947e-001
1.428535e+003,1.279218e-001
1.429017e+003,1.286191e-001
1.429499e+003,1.294794e-001
1.429981e+003,1.304794e-001
1.430464e+003,1.315877e-001
1.430946e+003,1.327752e-001
1.431428e+003,1.340152e-001
1.431910e+003,1.352842e-001
1.432392e+003,1.365599e-001
1.432874e+003,1.378260e-001
1.433356e+003,1.390774e-001
1.433838e+003,1.403286e-001
1.434321e+003,1.416181e-001
1.434803e+003,1.430075e-001
1.435285e+003,1.445664e-001
1.435767e+003,1.463355e-001
1.436249e+003,1.482730e-001
1.436731e+003,1.502347e-001
1.437213e+003,1.520396e-001
1.437696e+003,1.535714e-001
1.438177e+003,1.548226e-001
1.438660e+003,1.558542e-001
1.439142e+003,1.567423e-001
1.439624e+003,1.575485e-001
1.440106e+003,1.583131e-001
1.440588e+003,1.590584e-001
1.441070e+003,1.597947e-001
1.441552e+003,1.605236e-001
1.442035e+003,1.612417e-001
1.442517e+003,1.619421e-001
1.442999e+003,1.626168e-001
1.443481e+003,1.632585e-001
1.443963e+003,1.638658e-001
1.444445e+003,1.644454e-001
1.444927e+003,1.650132e-001
1.445409e+003,1.655929e-001
1.445892e+003,1.662114e-001
1.446374e+003,1.668909e-001
1.446856e+003,1.676416e-001
1.447338e+003,1.684548e-001
1.447820e+003,1.693072e-001
1.448302e+003,1.701735e-001
1.448784e+003,1.710453e-001
1.449266e+003,1.719379e-001
1.449749e+003,1.728854e-001
1.450231e+003,1.739262e-001
1.450713e+003,1.750870e-001
1.451195e+003,1.763709e-001
1.451677e+003,1.777527e-001
1.452159e+003,1.791814e-001
1.452641e+003,1.805973e-001
1.453124e+003,1.819506e-001
1.453605e+003,1.832132e-001
1.454088e+003,1.843775e-001
1.454570e+003,1.854392e-001
1.455052e+003,1.863769e-001
1.455534e+003,1.871308e-001
1.456016e+003,1.876009e-001
1.456498e+003,1.877038e-001
1.456980e+003,1.874869e-001
1.457463e+003,1.871851e-001
1.457945e+003,1.870748e-001
1.458427e+003,1.872779e-001
1.458909e+003,1.877491e-001
1.459391e+003,1.883772e-001
1.459873e+003,1.890591e-001
1.460355e+003,1.897215e-001
1.460837e+003,1.903124e-001
1.461320e+003,1.907877e-001
1.461802e+003,1.910966e-001
1.462284e+003,1.911725e-001
1.462766e+003,1.909348e-001
1.463248e+003,1.903068e-001
1.463730e+003,1.892576e-001
1.464212e+003,1.878497e-001
1.464694e+003,1.862451e-001
1.465177e+003,1.846335e-001
1.465659e+003,1.831194e-001
1.466141e+003,1.816698e-001
1.466623e+003,1.801604e-001
1.467105e+003,1.784627e-001
1.467587e+003,1.765091e-001
1.468069e+003,1.743129e-001
1.468552e+003,1.719497e-001
1.469033e+003,1.695174e-001
1.469516e+003,1.670859e-001
1.469998e+003,1.646536e-001
1.470480e+003,1.621142e-001
1.470962e+003,1.592521e-001
1.471444e+003,1.557940e-001
1.471926e+003,1.515572e-001
1.472408e+003,1.466485e-001
1.472891e+003,1.415052e-001
1.473373e+003,1.366393e-001
1.473855e+003,1.323272e-001
1.474337e+003,1.285543e-001
1.474819e+003,1.251741e-001
1.475301e+003,1.220686e-001
1.475783e+003,1.192193e-001
1.476265e+003,1.166946e-001
1.476748e+003,1.145833e-001
1.477230e+003,1.129278e-001
1.477712e+003,1.116949e-001
1.478194e+003,1.107978e-001
1.478676e+003,1.101396e-001
1.479158e+003,1.096505e-001
1.479640e+003,1.093003e-001
1.480122e+003,1.090935e-001
1.480604e+003,1.090487e-001
1.481087e+003,1.091737e-001
1.481569e+003,1.094500e-001
1.482051e+003,1.098384e-001
1.482533e+003,1.102989e-001
1.483015e+003,1.108103e-001
1.483497e+003,1.113790e-001
1.483979e+003,1.120286e-001
1.484461e+003,1.127866e-001
1.484944e+003,1.136712e-001
1.485426e+003,1.146829e-001
1.485908e+003,1.158052e-001
1.486390e+003,1.170161e-001
1.486872e+003,1.183035e-001
1.487354e+003,1.196831e-001
1.487836e+003,1.212058e-001
1.488319e+003,1.229497e-001
1.488801e+003,1.249884e-001
1.489283e+003,1.273433e-001
1.489765e+003,1.299390e-001
1.490247e+003,1.326141e-001
1.490729e+003,1.351937e-001
1.491211e+003,1.375706e-001
1.491693e+003,1.397285e-001
1.492176e+003,1.417142e-001
1.492658e+003,1.435997e-001
1.493140e+003,1.454607e-001
1.493622e+003,1.473715e-001
1.494104e+003,1.494078e-001
1.494586e+003,1.516456e-001
1.495068e+003,1.541516e-001
1.495550e+003,1.569570e-001
1.496032e+003,1.600255e-001
1.496515e+003,1.632378e-001
1.496997e+003,1.664270e-001
1.497479e+003,1.694498e-001
1.497961e+003,1.722474e-001
1.498443e+003,1.748455e-001
1.498925e+003,1.773178e-001
1.499407e+003,1.797397e-001
1.499890e+003,1.821625e-001
1.500372e+003,1.846026e-001
1.500854e+003,1.870477e-001
1.501336e+003,1.894681e-001
1.501818e+003,1.918309e-001
1.502300e+003,1.941087e-001
1.502782e+003,1.962890e-001
1.503264e+003,1.983776e-001
1.503747e+003,2.004080e-001
1.504229e+003,2.024581e-001
1.504711e+003,2.046825e-001
1.505193e+003,2.073646e-001
1.505675e+003,2.109561e-001
1.506157e+003,2.159462e-001
1.506639e+003,2.223408e-001
1.507121e+003,2.291323e-001
1.507604e+003,2.349576e-001
1.508086e+003,2.393336e-001
1.508568e+003,2.426484e-001
1.509050e+003,2.454630e-001
1.509532e+003,2.481713e-001
1.510014e+003,2.509880e-001
1.510496e+003,2.540069e-001
1.510979e+003,2.572398e-001
1.511460e+003,2.606363e-001
1.511943e+003,2.641002e-001
1.512425e+003,2.675165e-001
1.512907e+003,2.707828e-001
1.513389e+003,2.738369e-001
1.513871e+003,2.766660e-001
1.514353e+003,2.793029e-001
1.514835e+003,2.818099e-001
1.515318e+003,2.842543e-001
1.515800e+003,2.866717e-001
1.516282e+003,2.890261e-001
1.516764e+003,2.912023e-001
1.517246e+003,2.930633e-001
1.517728e+003,2.945362e-001
1.518210e+003,2.956536e-001
1.518692e+003,2.965260e-001
1.519175e+003,2.973051e-001
1.519657e+003,2.981651e-001
1.520139e+003,2.992952e-001
1.520621e+003,3.008630e-001
1.521103e+003,3.029120e-001
1.521585e+003,3.052669e-001
1.522067e+003,3.076129e-001
1.522549e+003,3.097290e-001
1.523031e+003,3.116114e-001
1.523514e+003,3.133985e-001
1.523996e+003,3.152553e-001
1.524478e+003,3.173096e-001
1.524960e+003,3.196262e-001
1.525442e+003,3.222011e-001
1.525924e+003,3.249735e-001
1.526406e+003,3.278557e-001
1.526888e+003,3.307739e-001
1.527371e+003,3.336808e-001
1.527853e+003,3.365432e-001
1.528335e+003,3.393147e-001
1.528817e+003,3.419326e-001
1.529299e+003,3.443386e-001
1.529781e+003,3.465100e-001
1.530263e+003,3.484832e-001
1.530746e+003,3.503590e-001
1.531228e+003,3.522880e-001
1.531710e+003,3.544410e-001
1.532192e+003,3.569516e-001
1.532674e+003,3.598250e-001
1.533156e+003,3.628564e-001
1.533638e+003,3.656845e-001
1.534120e+003,3.680204e-001
1.534603e+003,3.698264e-001
1.535085e+003,3.712566e-001
1.535567e+003,3.724905e-001
1.536049e+003,3.736322e-001
1.536531e+003,3.746992e-001
1.537013e+003,3.756498e-001
1.537495e+003,3.764205e-001
1.537977e+003,3.769708e-001
1.538459e+003,3.773310e-001
1.538942e+003,3.776279e-001
1.539424e+003,3.780152e-001
1.539906e+003,3.784746e-001
1.540388e+003,3.786875e-001
1.540870e+003,3.782825e-001
1.541352e+003,3.771985e-001
1.541834e+003,3.756828e-001
1.542316e+003,3.740372e-001
1.542799e+003,3.724287e-001
1.543281e+003,3.708337e-001
1.543763e+003,3.690825e-001
1.544245e+003,3.669782e-001
1.544727e+003,3.644414e-001
1.545209e+003,3.615856e-001
1.545691e+003,3.586525e-001
1.546174e+003,3.558644e-001
1.546656e+003,3.533103e-001
1.547138e+003,3.509113e-001
1.547620e+003,3.484451e-001
1.548102e+003,3.456028e-001
1.548584e+003,3.420858e-001
1.549066e+003,3.377516e-001
1.549548e+003,3.327504e-001
1.550031e+003,3.275187e-001
1.550513e+003,3.225584e-001
1.550995e+003,3.181611e-001
1.551477e+003,3.142917e-001
1.551959e+003,3.106690e-001
1.552441e+003,3.069277e-001
1.552923e+003,3.027717e-001
1.553405e+003,2.981004e-001
1.553887e+003,2.930788e-001
1.554370e+003,2.880886e-001
1.554852e+003,2.835487e-001
1.555334e+003,2.797122e-001
1.555816e+003,2.765763e-001
1.556298e+003,2.739270e-001
1.556780e+003,2.714038e-001
1.557262e+003,2.684901e-001
1.557744e+003,2.644307e-001
1.558227e+003,2.583458e-001
1.558709e+003,2.501927e-001
1.559191e+003,2.418884e-001
1.559673e+003,2.356648e-001
1.560155e+003,2.317835e-001
1.560637e+003,2.293581e-001
1.561119e+003,2.276327e-001
1.561602e+003,2.262044e-001
1.562083e+003,2.248643e-001
1.562566e+003,2.234722e-001
1.563048e+003,2.219066e-001
1.563530e+003,2.200727e-001
1.564012e+003,2.179459e-001
1.564494e+003,2.156118e-001
1.564976e+003,2.132569e-001
1.565458e+003,2.110900e-001
1.565941e+003,2.092423e-001
1.566423e+003,2.077152e-001
1.566905e+003,2.063955e-001
1.567387e+003,2.051090e-001
1.567869e+003,2.036760e-001
1.568351e+003,2.019706e-001
1.568833e+003,1.999829e-001
1.569315e+003,1.978565e-001
1.569798e+003,1.958311e-001
1.570280e+003,1.940916e-001
1.570762e+003,1.926693e-001
1.571244e+003,1.914814e-001
1.571726e+003,1.904277e-001
1.572208e+003,1.894482e-001
1.572690e+003,1.885250e-001
1.573172e+003,1.876580e-001
1.573655e+003,1.868318e-001
1.574137e+003,1.859914e-001
1.574619e+003,1.850311e-001
1.575101e+003,1.838213e-001
1.575583e+003,1.822939e-001
1.576065e+003,1.805477e-001
1.576547e+003,1.788462e-001
1.577030e+003,1.774426e-001
1.577511e+003,1.764122e-001
1.577994e+003,1.756579e-001
1.578476e+003,1.750223e-001
1.578958e+003,1.743803e-001
1.579440e+003,1.736708e-001
1.579922e+003,1.728944e-001
1.580404e+003,1.720942e-001
1.580886e+003,1.713245e-001
1.581369e+003,1.706197e-001
1.581851e+003,1.699752e-001
1.582333e+003,1.693537e-001
1.582815e+003,1.687111e-001
1.583297e+003,1.680287e-001
1.583779e+003,1.673260e-001
1.584261e+003,1.666510e-001
1.584743e+003,1.660518e-001
1.585226e+003,1.655475e-001
1.585708e+003,1.651168e-001
1.586190e+003,1.647119e-001
1.586672e+003,1.642895e-001
1.587154e+003,1.638386e-001
1.587636e+003,1.633897e-001
1.588118e+003,1.629994e-001
1.588600e+003,1.627177e-001
1.589083e+003,1.625596e-001
1.589565e+003,1.624950e-001
1.590047e+003,1.624673e-001
1.590529e+003,1.624281e-001
1.591011e+003,1.623671e-001
1.591493e+003,1.623184e-001
1.591975e+003,1.623392e-001
1.592458e+003,1.624747e-001
1.592939e+003,1.627296e-001
1.593422e+003,1.630633e-001
1.593904e+003,1.634109e-001
1.594386e+003,1.637231e-001
1.594868e+003,1.639956e-001
1.595350e+003,1.642726e-001
1.595832e+003,1.646198e-001
1.596314e+003,1.650819e-001
1.596797e+003,1.656554e-001
1.597279e+003,1.662926e-001
1.597761e+003,1.669315e-001
1.598243e+003,1.675362e-001
1.598725e+003,1.681213e-001
1.599207e+003,1.687483e-001
1.599689e+003,1.694956e-001
1.600171e+003,1.704206e-001
1.600654e+003,1.715280e-001
1.601136e+003,1.727708e-001
1.601618e+003,1.740788e-001
1.602100e+003,1.754031e-001
1.602582e+003,1.767452e-001
1.603064e+003,1.781549e-001
1.603546e+003,1.796936e-001
1.604028e+003,1.813935e-001
1.604510e+003,1.832335e-001
1.604993e+003,1.851529e-001
1.605475e+003,1.870908e-001
1.605957e+003,1.890277e-001
1.606439e+003,1.910073e-001
1.606921e+003,1.931210e-001
1.607403e+003,1.954645e-001
1.607885e+003,1.980825e-001
1.608367e+003,2.009371e-001
1.608850e+003,2.039257e-001
1.609332e+003,2.069391e-001
1.609814e+003,2.099200e-001
1.610296e+003,2.128868e-001
1.610778e+003,2.159026e-001
1.611260e+003,2.190171e-001
1.611742e+003,2.222193e-001
1.612225e+003,2.254282e-001
1.612707e+003,2.285315e-001
1.613189e+003,2.314447e-001
1.613671e+003,2.341656e-001
1.614153e+003,2.368067e-001
1.614635e+003,2.395971e-001
1.615117e+003,2.428458e-001
1.615599e+003,2.468350e-001
1.616082e+003,2.516287e-001
1.616564e+003,2.569133e-001
1.617046e+003,2.620962e-001
1.617528e+003,2.666854e-001
1.618010e+003,2.705639e-001
1.618492e+003,2.739180e-001
1.618974e+003,2.770122e-001
1.619456e+003,2.800426e-001
1.619938e+003,2.831109e-001
1.620421e+003,2.862616e-001
1.620903e+003,2.895414e-001
1.621385e+003,2.930504e-001
1.621867e+003,2.969547e-001
1.622349e+003,3.014239e-001
1.622831e+003,3.064889e-001
1.623313e+003,3.119154e-001
1.623796e+003,3.172519e-001
1.624278e+003,3.220688e-001
1.624760e+003,3.261805e-001
1.625242e+003,3.296910e-001
1.625724e+003,3.328953e-001
1.626206e+003,3.361470e-001
1.626688e+003,3.397379e-001
1.627170e+003,3.437944e-001
1.627653e+003,3.482166e-001
1.628135e+003,3.527125e-001
1.628617e+003,3.569517e-001
1.629099e+003,3.607445e-001
1.629581e+003,3.641131e-001
1.630063e+003,3.672225e-001
1.630545e+003,3.702499e-001
1.631027e+003,3.732872e-001
1.631510e+003,3.763137e-001
1.631992e+003,3.792286e-001
1.632474e+003,3.819257e-001
1.632956e+003,3.843755e-001
1.633438e+003,3.866924e-001
1.633920e+003,3.891678e-001
1.634402e+003,3.922260e-001
1.634885e+003,3.962436e-001
1.635366e+003,4.011973e-001
1.635849e+003,4.064216e-001
1.636331e+003,4.109792e-001
1.636813e+003,4.144191e-001
1.637295e+003,4.169871e-001
1.637777e+003,4.192136e-001
1.638259e+003,4.215149e-001
1.638741e+003,4.240669e-001
1.639224e+003,4.268374e-001
1.639706e+003,4.296759e-001
1.640188e+003,4.324183e-001
1.640670e+003,4.349785e-001
1.641152e+003,4.373901e-001
1.641634e+003,4.397736e-001
1.642116e+003,4.422529e-001
1.642598e+003,4.448706e-001
1.643081e+003,4.475522e-001
1.643563e+003,4.501326e-001
1.644045e+003,4.524360e-001
1.644527e+003,4.543764e-001
1.645009e+003,4.560529e-001
1.645491e+003,4.577807e-001
1.645973e+003,4.599774e-001
1.646455e+003,4.628438e-001
1.646938e+003,4.660160e-001
1.647420e+003,4.686912e-001
1.647902e+003,4.702783e-001
1.648384e+003,4.708053e-001
1.648866e+003,4.707167e-001
1.649348e+003,4.705060e-001
1.649830e+003,4.705143e-001
1.650313e+003,4.708774e-001
1.650794e+003,4.715050e-001
1.651277e+003,4.720160e-001
1.651759e+003,4.716170e-001
1.652241e+003,4.690884e-001
1.652723e+003,4.634565e-001
1.653205e+003,4.556016e-001
1.653687e+003,4.482919e-001
1.654169e+003,4.432239e-001
1.654652e+003,4.398665e-001
1.655134e+003,4.370148e-001
1.655616e+003,4.338604e-001
1.656098e+003,4.300942e-001
1.656580e+003,4.257313e-001
1.657062e+003,4.209466e-001
1.657544e+003,4.159520e-001
1.658026e+003,4.109052e-001
1.658509e+003,4.058585e-001
1.658991e+003,4.007551e-001
1.659473e+003,3.954710e-001
1.659955e+003,3.898740e-001
1.660437e+003,3.838695e-001
1.660919e+003,3.774158e-001
1.661401e+003,3.705200e-001
1.661883e+003,3.632394e-001
1.662365e+003,3.557050e-001
1.662848e+003,3.481449e-001
1.663330e+003,3.408546e-001
1.663812e+003,3.341071e-001
1.664294e+003,3.280688e-001
1.664776e+003,3.227777e-001
1.665258e+003,3.181637e-001
1.665740e+003,3.140763e-001
1.666222e+003,3.102975e-001
1.666705e+003,3.065479e-001
1.667187e+003,3.025080e-001
1.667669e+003,2.978715e-001
1.668151e+003,2.924468e-001
1.668633e+003,2.862766e-001
1.669115e+003,2.796995e-001
1.669597e+003,2.732510e-001
1.670080e+003,2.674070e-001
1.670562e+003,2.623658e-001
1.671044e+003,2.580453e-001
1.671526e+003,2.542403e-001
1.672008e+003,2.507619e-001
1.672490e+003,2.474762e-001
1.672972e+003,2.442702e-001
1.673454e+003,2.410016e-001
1.673937e+003,2.374765e-001
1.674419e+003,2.335000e-001
1.674901e+003,2.290139e-001
1.675383e+003,2.242324e-001
1.675865e+003,2.195830e-001
1.676347e+003,2.154562e-001
1.676829e+003,2.120036e-001
1.677311e+003,2.091322e-001
1.677793e+003,2.066040e-001
1.678276e+003,2.041364e-001
1.678758e+003,2.014804e-001
1.679240e+003,1.984980e-001
1.679722e+003,1.952204e-001
1.680204e+003,1.918453e-001
1.680686e+003,1.886438e-001
1.681168e+003,1.858218e-001
1.681650e+003,1.834029e-001
1.682133e+003,1.811640e-001
1.682615e+003,1.786041e-001
1.683097e+003,1.750021e-001
1.683579e+003,1.697817e-001
1.684061e+003,1.632518e-001
1.684543e+003,1.568092e-001
1.685025e+003,1.517630e-001
1.685508e+003,1.483136e-001
1.685990e+003,1.458970e-001
1.686472e+003,1.438668e-001
1.686954e+003,1.417778e-001
1.687436e+003,1.393976e-001
1.687918e+003,1.366610e-001
1.688400e+003,1.336218e-001
1.688882e+003,1.304034e-001
1.689365e+003,1.271432e-001
1.689847e+003,1.239462e-001
1.690329e+003,1.208685e-001
1.690811e+003,1.179379e-001
1.691293e+003,1.151833e-001
1.691775e+003,1.126420e-001
1.692257e+003,1.103478e-001
1.692739e+003,1.083009e-001
1.693221e+003,1.064403e-001
1.693704e+003,1.046235e-001
1.694186e+003,1.026240e-001
1.694668e+003,1.001809e-001
1.695150e+003,9.713711e-002
1.695632e+003,9.363608e-002
1.696114e+003,9.016149e-002
1.696596e+003,8.725182e-002
1.697078e+003,8.513892e-002
1.697561e+003,8.368074e-002
1.698043e+003,8.252448e-002
1.698525e+003,8.126593e-002
1.699007e+003,7.954467e-002
1.699489e+003,7.717083e-002
1.699971e+003,7.431159e-002
1.700453e+003,7.150719e-002
1.700936e+003,6.928474e-002
1.701417e+003,6.776205e-002
1.701900e+003,6.671691e-002
1.702382e+003,6.586877e-002
1.702864e+003,6.502765e-002
1.703346e+003,6.410866e-002
1.703828e+003,6.309783e-002
1.704310e+003,6.202122e-002
1.704792e+003,6.091686e-002
1.705275e+003,5.981342e-002
1.705757e+003,5.872121e-002
1.706239e+003,5.764579e-002
1.706721e+003,5.660672e-002
1.707203e+003,5.564273e-002
1.707685e+003,5.479639e-002
1.708167e+003,5.409278e-002
1.708649e+003,5.352390e-002
1.709132e+003,5.304592e-002
1.709614e+003,5.259583e-002
1.710096e+003,5.211822e-002
1.710578e+003,5.159310e-002
1.711060e+003,5.104474e-002
1.711542e+003,5.052921e-002
1.712024e+003,5.010569e-002
1.712506e+003,4.980660e-002
1.712989e+003,4.962086e-002
1.713471e+003,4.949234e-002
1.713953e+003,4.934440e-002
1.714435e+003,4.911850e-002
1.714917e+003,4.881166e-002
1.715399e+003,4.848712e-002
1.715881e+003,4.824655e-002
1.716364e+003,4.816855e-002
1.716845e+003,4.824654e-002
1.717328e+003,4.837471e-002
1.717810e+003,4.842345e-002
1.718292e+003,4.834751e-002
1.718774e+003,4.821489e-002
1.719256e+003,4.813320e-002
1.719738e+003,4.817453e-002
1.720220e+003,4.835130e-002
1.720703e+003,4.863198e-002
1.721185e+003,4.896716e-002
1.721667e+003,4.931479e-002
1.722149e+003,4.965945e-002
1.722631e+003,5.002203e-002
1.723113e+003,5.045093e-002
1.723595e+003,5.099520e-002
1.724077e+003,5.167383e-002
1.724560e+003,5.246060e-002
1.725042e+003,5.329995e-002
1.725524e+003,5.413964e-002
1.726006e+003,5.496180e-002
1.726488e+003,5.579521e-002
1.726970e+003,5.670772e-002
1.727452e+003,5.778277e-002
1.727934e+003,5.908827e-002
1.728417e+003,6.064898e-002
1.728899e+003,6.242781e-002
1.729381e+003,6.433634e-002
1.729863e+003,6.626754e-002
1.730345e+003,6.814427e-002
1.730827e+003,6.995837e-002
1.731309e+003,7.178649e-002
1.731792e+003,7.379435e-002
1.732273e+003,7.623682e-002
1.732756e+003,7.944272e-002
1.733238e+003,8.370820e-002
1.733720e+003,8.903200e-002
1.734202e+003,9.487231e-002
1.734684e+003,1.003799e-001
1.735166e+003,1.050032e-001
1.735648e+003,1.087350e-001
1.736131e+003,1.118811e-001
1.736613e+003,1.147944e-001
1.737095e+003,1.177794e-001
1.737577e+003,1.210879e-001
1.738059e+003,1.249188e-001
1.738541e+003,1.293745e-001
1.739023e+003,1.343835e-001
1.739505e+003,1.396616e-001
1.739988e+003,1.448010e-001
1.740470e+003,1.494579e-001
1.740952e+003,1.534836e-001
1.741434e+003,1.569119e-001
1.741916e+003,1.598615e-001
1.742398e+003,1.624456e-001
1.742880e+003,1.647225e-001
1.743362e+003,1.666876e-001
1.743844e+003,1.682932e-001
1.744327e+003,1.694762e-001
1.744809e+003,1.701845e-001
1.745291e+003,1.703790e-001
1.745773e+003,1.700303e-001
1.746255e+003,1.691138e-001
1.746737e+003,1.676139e-001
1.747219e+003,1.655389e-001
1.747702e+003,1.629254e-001
1.748184e+003,1.598240e-001
1.748666e+003,1.562656e-001
1.749148e+003,1.522300e-001
1.749630e+003,1.476562e-001
1.750112e+003,1.425069e-001
1.750594e+003,1.368573e-001
1.751076e+003,1.309412e-001
1.751559e+003,1.250922e-001
1.752041e+003,1.196043e-001
1.752523e+003,1.146220e-001
1.753005e+003,1.101244e-001
1.753487e+003,1.059790e-001
1.753969e+003,1.020076e-001
1.754451e+003,9.802853e-002
1.754933e+003,9.388475e-002
1.755416e+003,8.947156e-002
1.755898e+003,8.477676e-002
1.756380e+003,7.991218e-002
1.756862e+003,7.509981e-002
1.757344e+003,7.059143e-002
1.757826e+003,6.656572e-002
1.758308e+003,6.307718e-002
1.758791e+003,6.006833e-002
1.759272e+003,5.741334e-002
1.759755e+003,5.495629e-002
1.760237e+003,5.254247e-002
1.760719e+003,5.005359e-002
1.761201e+003,4.745353e-002
1.761683e+003,4.481886e-002
1.762165e+003,4.231768e-002
1.762647e+003,4.012303e-002
1.763130e+003,3.832427e-002
1.763612e+003,3.689914e-002
1.764094e+003,3.575158e-002
1.764576e+003,3.476627e-002
1.765058e+003,3.384955e-002
1.765540e+003,3.294669e-002
1.766022e+003,3.204466e-002
1.766504e+003,3.116255e-002
1.766987e+003,3.033415e-002
1.767469e+003,2.958508e-002
1.767951e+003,2.891657e-002
1.768433e+003,2.830609e-002
1.768915e+003,2.772624e-002
1.769397e+003,2.716168e-002
1.769879e+003,2.661770e-002
1.770361e+003,2.611332e-002
1.770844e+003,2.566427e-002
1.771326e+003,2.526418e-002
1.771808e+003,2.487949e-002
1.772290e+003,2.446696e-002
1.772772e+003,2.401346e-002
1.773254e+003,2.354927e-002
1.773736e+003,2.312780e-002
1.774219e+003,2.278917e-002
1.774700e+003,2.254114e-002
1.775183e+003,2.235990e-002
1.775665e+003,2.220349e-002
1.776147e+003,2.203219e-002
1.776629e+003,2.182589e-002
1.777111e+003,2.159199e-002
1.777593e+003,2.136027e-002
1.778075e+003,2.116531e-002
1.778558e+003,2.102697e-002
1.779040e+003,2.093715e-002
1.779522e+003,2.086146e-002
1.780004e+003,2.075594e-002
1.780486e+003,2.059359e-002
1.780968e+003,2.038315e-002
1.781450e+003,2.016398e-002
1.781932e+003,1.998117e-002
1.782415e+003,1.985824e-002
1.782897e+003,1.978566e-002
1.783379e+003,1.972834e-002
1.783861e+003,1.964418e-002
1.784343e+003,1.950639e-002
1.784825e+003,1.932071e-002
1.785307e+003,1.912267e-002
1.785789e+003,1.895755e-002
1.786271e+003,1.885181e-002
1.786754e+003,1.880067e-002
1.787236e+003,1.877395e-002
1.787718e+003,1.873575e-002
1.788200e+003,1.866359e-002
1.788682e+003,1.855948e-002
1.789164e+003,1.844774e-002
1.789646e+003,1.836358e-002
1.790128e+003,1.833281e-002
1.790611e+003,1.835190e-002
1.791093e+003,1.838224e-002
1.791575e+003,1.836403e-002
1.792057e+003,1.825639e-002
1.792539e+003,1.806991e-002
1.793021e+003,1.786326e-002
1.793503e+003,1.770020e-002
1.793986e+003,1.760907e-002
1.794468e+003,1.757494e-002
1.794950e+003,1.755612e-002
1.795432e+003,1.751009e-002
1.795914e+003,1.741518e-002
1.796396e+003,1.727896e-002
1.796878e+003,1.713539e-002
1.797360e+003,1.702482e-002
1.797843e+003,1.697313e-002
1.798325e+003,1.697562e-002
1.798807e+003,1.699935e-002
1.799289e+003,1.699983e-002
1.799771e+003,1.694496e-002
1.800253e+003,1.683381e-002
1.800735e+003,1.669934e-002
1.801217e+003,1.658517e-002
1.801699e+003,1.651827e-002
1.802182e+003,1.649159e-002
1.802664e+003,1.647282e-002
1.803146e+003,1.642768e-002
1.803628e+003,1.634078e-002
1.804110e+003,1.622315e-002
1.804592e+003,1.610674e-002
1.805074e+003,1.602472e-002
1.805556e+003,1.599378e-002
1.806039e+003,1.600324e-002
1.806521e+003,1.602150e-002
1.807003e+003,1.601264e-002
1.807485e+003,1.595750e-002
1.807967e+003,1.586345e-002
1.808449e+003,1.576350e-002
1.808931e+003,1.569659e-002
1.809414e+003,1.568395e-002
1.809896e+003,1.571523e-002
1.810378e+003,1.574977e-002
1.810860e+003,1.574117e-002
1.811342e+003,1.566252e-002
1.811824e+003,1.552506e-002
1.812306e+003,1.537064e-002
1.812788e+003,1.524360e-002
1.813271e+003,1.516779e-002
1.813753e+003,1.513377e-002
1.814235e+003,1.510961e-002
1.814717e+003,1.506012e-002
1.815199e+003,1.496787e-002
1.815681e+003,1.484402e-002
1.816163e+003,1.472637e-002
1.816645e+003,1.465915e-002
1.817127e+003,1.466629e-002
1.817610e+003,1.473620e-002
1.818092e+003,1.482678e-002
1.818574e+003,1.488824e-002
1.819056e+003,1.489096e-002
1.819538e+003,1.484023e-002
1.820020e+003,1.477196e-002
1.820502e+003,1.472978e-002
1.820984e+003,1.474044e-002
1.821467e+003,1.479791e-002
1.821949e+003,1.486881e-002
1.822431e+003,1.491028e-002
1.822913e+003,1.489385e-002
1.823395e+003,1.482219e-002
1.823877e+003,1.472865e-002
1.824359e+003,1.466129e-002
1.824842e+003,1.465217e-002
1.825323e+003,1.469325e-002
1.825806e+003,1.474274e-002
1.826288e+003,1.475397e-002
1.826770e+003,1.470434e-002
1.827252e+003,1.460615e-002
1.827734e+003,1.449781e-002
1.828216e+003,1.442520e-002
1.828698e+003,1.441475e-002
1.829181e+003,1.445194e-002
1.829663e+003,1.448322e-002
1.830145e+003,1.444863e-002
1.830627e+003,1.432539e-002
1.831109e+003,1.414583e-002
1.831591e+003,1.397252e-002
1.832073e+003,1.385975e-002
1.832555e+003,1.382856e-002
1.833038e+003,1.386130e-002
1.833520e+003,1.391614e-002
1.834002e+003,1.394843e-002
1.834484e+003,1.393106e-002
1.834966e+003,1.386976e-002
1.835448e+003,1.379686e-002
1.835930e+003,1.375233e-002
1.836412e+003,1.375644e-002
1.836895e+003,1.379541e-002
1.837377e+003,1.382951e-002
1.837859e+003,1.381777e-002
1.838341e+003,1.374523e-002
1.838823e+003,1.363590e-002
1.839305e+003,1.354060e-002
1.839787e+003,1.351018e-002
1.840270e+003,1.356823e-002
1.840751e+003,1.369860e-002
1.841234e+003,1.385400e-002
1.841716e+003,1.397511e-002
1.842198e+003,1.401505e-002
1.842680e+003,1.396361e-002
1.843162e+003,1.385459e-002
1.843644e+003,1.375076e-002
1.844126e+003,1.370152e-002
1.844609e+003,1.370523e-002
1.845091e+003,1.371435e-002
1.845573e+003,1.367470e-002
1.846055e+003,1.356640e-002
1.846537e+003,1.341377e-002
1.847019e+003,1.326905e-002
1.847501e+003,1.318185e-002
1.847983e+003,1.317458e-002
1.848466e+003,1.322857e-002
1.848948e+003,1.329493e-002
1.849430e+003,1.332244e-002
1.849912e+003,1.328572e-002
1.850394e+003,1.319856e-002
1.850876e+003,1.310637e-002
1.851358e+003,1.305772e-002
1.851840e+003,1.307846e-002
1.852323e+003,1.315635e-002
1.852805e+003,1.324739e-002
1.853287e+003,1.330122e-002
1.853769e+003,1.328913e-002
1.854251e+003,1.322038e-002
1.854733e+003,1.313606e-002
1.855215e+003,1.308399e-002
1.855698e+003,1.309007e-002
1.856179e+003,1.314374e-002
1.856662e+003,1.320430e-002
1.857144e+003,1.322625e-002
1.857626e+003,1.318751e-002
1.858108e+003,1.310483e-002
1.858590e+003,1.302574e-002
1.859072e+003,1.300101e-002
1.859554e+003,1.305429e-002
1.860037e+003,1.316597e-002
1.860519e+003,1.328312e-002
1.861001e+003,1.334768e-002
1.861483e+003,1.332900e-002
1.861965e+003,1.323964e-002
1.862447e+003,1.312772e-002
1.862929e+003,1.304900e-002
1.863411e+003,1.303593e-002
1.863894e+003,1.308129e-002
1.864376e+003,1.314545e-002
1.864858e+003,1.317981e-002
1.865340e+003,1.315659e-002
1.865822e+003,1.308704e-002
1.866304e+003,1.301727e-002
1.866786e+003,1.300687e-002
1.867268e+003,1.309228e-002
1.867750e+003,1.325561e-002
1.868233e+003,1.342611e-002
1.868715e+003,1.351752e-002
1.869197e+003,1.348669e-002
1.869679e+003,1.336282e-002
1.870161e+003,1.322340e-002
1.870643e+003,1.314152e-002
1.871125e+003,1.314509e-002
1.871608e+003,1.321025e-002
1.872090e+003,1.328338e-002
1.872572e+003,1.331039e-002
1.873054e+003,1.326644e-002
1.873536e+003,1.316714e-002
1.874018e+003,1.306016e-002
1.874500e+003,1.299744e-002
1.874982e+003,1.300495e-002
1.875465e+003,1.306462e-002
1.875947e+003,1.312622e-002
1.876429e+003,1.313565e-002
1.876911e+003,1.306774e-002
1.877393e+003,1.294279e-002
1.877875e+003,1.281710e-002
1.878357e+003,1.275237e-002
1.878839e+003,1.278017e-002
1.879322e+003,1.288397e-002
1.879804e+003,1.300972e-002
1.880286e+003,1.309643e-002
1.880768e+003,1.311043e-002
1.881250e+003,1.306350e-002
1.881732e+003,1.300425e-002
1.882214e+003,1.298807e-002
1.882697e+003,1.304273e-002
1.883178e+003,1.315127e-002
1.883661e+003,1.326094e-002
1.884143e+003,1.331357e-002
1.884625e+003,1.328156e-002
1.885107e+003,1.318511e-002
1.885589e+003,1.308271e-002
1.886071e+003,1.303723e-002
1.886553e+003,1.307949e-002
1.887036e+003,1.319180e-002
1.887518e+003,1.331625e-002
1.888000e+003,1.338540e-002
1.888482e+003,1.335886e-002
1.888964e+003,1.325165e-002
1.889446e+003,1.312932e-002
1.889928e+003,1.306910e-002
1.890410e+003,1.310922e-002
1.890893e+003,1.322328e-002
1.891375e+003,1.334346e-002
1.891857e+003,1.340045e-002
1.892339e+003,1.336040e-002
1.892821e+003,1.324129e-002
1.893303e+003,1.310079e-002
1.893785e+003,1.300792e-002
1.894267e+003,1.300301e-002
1.894750e+003,1.307393e-002
1.895232e+003,1.316263e-002
1.895714e+003,1.320223e-002
1.896196e+003,1.315981e-002
1.896678e+003,1.305550e-002
1.897160e+003,1.295179e-002
1.897642e+003,1.291369e-002
1.898125e+003,1.297154e-002
1.898606e+003,1.310137e-002
1.899089e+003,1.323999e-002
1.899571e+003,1.331845e-002
1.900053e+003,1.330084e-002
1.900535e+003,1.320548e-002
1.901017e+003,1.309433e-002
1.901499e+003,1.303876e-002
1.901981e+003,1.307581e-002
1.902464e+003,1.318717e-002
1.902946e+003,1.330962e-002
1.903428e+003,1.337324e-002
1.903910e+003,1.334086e-002
1.904392e+003,1.323253e-002
1.904874e+003,1.311442e-002
1.905356e+003,1.306239e-002
1.905838e+003,1.311747e-002
1.906321e+003,1.326147e-002
1.906803e+003,1.342874e-002
1.907285e+003,1.354139e-002
1.907767e+003,1.355195e-002
1.908249e+003,1.347208e-002
1.908731e+003,1.336641e-002
1.909213e+003,1.331399e-002
1.909695e+003,1.335914e-002
1.910177e+003,1.348171e-002
1.910660e+003,1.361195e-002
1.911142e+003,1.367357e-002
1.911624e+003,1.362963e-002
1.912106e+003,1.350337e-002
1.912588e+003,1.336386e-002
1.913070e+003,1.328710e-002
1.913552e+003,1.331293e-002
1.914034e+003,1.342289e-002
1.914517e+003,1.355244e-002
1.914999e+003,1.362912e-002
1.915481e+003,1.361249e-002
1.915963e+003,1.351848e-002
1.916445e+003,1.341443e-002
1.916927e+003,1.338359e-002
1.917409e+003,1.346967e-002
1.917892e+003,1.364067e-002
1.918374e+003,1.380196e-002
1.918856e+003,1.385572e-002
1.919338e+003,1.376053e-002
1.919820e+003,1.355481e-002
1.920302e+003,1.333067e-002
1.920784e+003,1.318600e-002
1.921266e+003,1.317761e-002
1.921749e+003,1.329141e-002
1.922231e+003,1.345026e-002
1.922713e+003,1.355406e-002
1.923195e+003,1.353738e-002
1.923677e+003,1.341090e-002
1.924159e+003,1.324894e-002
1.924641e+003,1.313901e-002
1.925123e+003,1.312708e-002
1.925605e+003,1.319265e-002
1.926088e+003,1.326786e-002
1.926570e+003,1.328046e-002
1.927052e+003,1.319854e-002
1.927534e+003,1.305379e-002
1.928016e+003,1.292795e-002
1.928498e+003,1.290613e-002
1.928980e+003,1.302412e-002
1.929462e+003,1.323967e-002
1.929945e+003,1.345511e-002
1.930427e+003,1.356599e-002
1.930909e+003,1.352048e-002
1.931391e+003,1.334763e-002
1.931873e+003,1.314716e-002
1.932355e+003,1.303143e-002
1.932837e+003,1.306441e-002
1.933320e+003,1.322409e-002
1.933802e+003,1.341956e-002
1.934284e+003,1.354313e-002
1.934766e+003,1.353563e-002
1.935248e+003,1.342035e-002
1.935730e+003,1.328893e-002
1.936212e+003,1.324890e-002
1.936694e+003,1.335644e-002
1.937177e+003,1.357781e-002
1.937659e+003,1.381141e-002
1.938141e+003,1.394006e-002
1.938623e+003,1.389971e-002
1.939105e+003,1.371598e-002
1.939587e+003,1.349269e-002
1.940069e+003,1.335699e-002
1.940551e+003,1.338944e-002
1.941033e+003,1.357641e-002
1.941516e+003,1.381248e-002
1.941998e+003,1.395642e-002
1.942480e+003,1.391663e-002
1.942962e+003,1.371251e-002
1.943444e+003,1.346809e-002
1.943926e+003,1.332989e-002
1.944408e+003,1.337776e-002
1.944890e+003,1.358426e-002
1.945373e+003,1.384431e-002
1.945855e+003,1.403776e-002
1.946337e+003,1.410393e-002
1.946819e+003,1.407594e-002
1.947301e+003,1.406302e-002
1.947783e+003,1.418679e-002
1.948265e+003,1.449916e-002
1.948748e+003,1.494644e-002
1.949229e+003,1.539246e-002
1.949712e+003,1.568499e-002
1.950194e+003,1.573706e-002
1.950676e+003,1.557069e-002
1.951158e+003,1.530493e-002
1.951640e+003,1.508757e-002
1.952122e+003,1.500662e-002
1.952604e+003,1.503944e-002
1.953087e+003,1.507569e-002
1.953569e+003,1.498559e-002
1.954051e+003,1.470492e-002
1.954533e+003,1.428245e-002
1.955015e+003,1.386473e-002
1.955497e+003,1.361351e-002
1.955979e+003,1.361337e-002
1.956461e+003,1.381549e-002
1.956944e+003,1.407359e-002
1.957426e+003,1.422207e-002
1.957908e+003,1.417702e-002
1.958390e+003,1.398523e-002
1.958872e+003,1.380989e-002
1.959354e+003,1.383367e-002
1.959836e+003,1.414761e-002
1.960318e+003,1.468210e-002
1.960801e+003,1.524225e-002
1.961283e+003,1.560896e-002
1.961765e+003,1.566059e-002
1.962247e+003,1.543825e-002
1.962729e+003,1.513020e-002
1.963211e+003,1.496442e-002
1.963693e+003,1.507597e-002
1.964176e+003,1.543792e-002
1.964657e+003,1.588335e-002
1.965140e+003,1.620101e-002
1.965622e+003,1.625066e-002
1.966104e+003,1.604452e-002
1.966586e+003,1.574069e-002
1.967068e+003,1.554780e-002
1.967550e+003,1.557856e-002
1.968032e+003,1.577140e-002
1.968515e+003,1.594424e-002
1.968997e+003,1.591272e-002
1.969479e+003,1.561570e-002
1.969961e+003,1.517080e-002
1.970443e+003,1.482249e-002
1.970925e+003,1.481197e-002
1.971407e+003,1.523466e-002
1.971889e+003,1.597450e-002
1.972372e+003,1.675272e-002
1.972854e+003,1.727038e-002
1.973336e+003,1.735280e-002
1.973818e+003,1.704729e-002
1.974300e+003,1.660268e-002
1.974782e+003,1.633252e-002
1.975264e+003,1.644685e-002
1.975746e+003,1.694315e-002
1.976229e+003,1.763259e-002
1.976711e+003,1.826195e-002
1.977193e+003,1.866240e-002
1.977675e+003,1.883908e-002
1.978157e+003,1.894116e-002
1.978639e+003,1.915069e-002
1.979121e+003,1.952611e-002
1.979604e+003,1.996168e-002
1.980085e+003,2.024841e-002
1.980568e+003,2.020235e-002
1.981050e+003,1.977468e-002
1.981532e+003,1.909356e-002
1.982014e+003,1.840822e-002
1.982496e+003,1.796233e-002
1.982978e+003,1.787539e-002
1.983460e+003,1.808374e-002
1.983943e+003,1.839961e-002
1.984425e+003,1.861543e-002
1.984907e+003,1.861639e-002
1.985389e+003,1.843191e-002
1.985871e+003,1.820295e-002
1.986353e+003,1.808921e-002
1.986835e+003,1.815774e-002
1.987317e+003,1.834071e-002
1.987800e+003,1.847266e-002
1.988282e+003,1.839624e-002
1.988764e+003,1.806063e-002
1.989246e+003,1.756448e-002
1.989728e+003,1.711342e-002
1.990210e+003,1.691331e-002
1.990692e+003,1.705215e-002
1.991174e+003,1.743561e-002
1.991656e+003,1.784212e-002
1.992139e+003,1.803061e-002
1.992621e+003,1.788405e-002
1.993103e+003,1.746523e-002
1.993585e+003,1.697871e-002
1.994067e+003,1.664598e-002
1.994549e+003,1.657913e-002
1.995031e+003,1.673557e-002
1.995514e+003,1.695960e-002
1.995996e+003,1.707862e-002
1.996478e+003,1.699909e-002
1.996960e+003,1.676301e-002
1.997442e+003,1.651906e-002
1.997924e+003,1.643399e-002
1.998406e+003,1.658750e-002
1.998888e+003,1.691608e-002
1.999371e+003,1.725460e-002
1.999853e+003,1.742803e-002
2.000335e+003,1.735535e-002
2.000817e+003,1.709932e-002
2.001299e+003,1.683871e-002
2.001781e+003,1.676271e-002
2.002263e+003,1.695614e-002
2.002745e+003,1.734689e-002
2.003228e+003,1.774131e-002
2.003710e+003,1.793430e-002
2.004192e+003,1.782508e-002
2.004674e+003,1.748313e-002
2.005156e+003,1.713146e-002
2.005638e+003,1.702023e-002
2.006120e+003,1.729116e-002
2.006603e+003,1.788473e-002
2.007084e+003,1.857952e-002
2.007567e+003,1.910811e-002
2.008049e+003,1.930853e-002
2.008531e+003,1.920559e-002
2.009013e+003,1.898520e-002
2.009495e+003,1.887116e-002
2.009977e+003,1.898056e-002
2.010459e+003,1.924882e-002
2.010942e+003,1.947811e-002
2.011424e+003,1.945887e-002
2.011906e+003,1.910008e-002
2.012388e+003,1.849975e-002
2.012870e+003,1.790812e-002
2.013352e+003,1.759605e-002
2.013834e+003,1.770402e-002
2.014316e+003,1.816334e-002
2.014799e+003,1.874082e-002
2.015281e+003,1.916154e-002
2.015763e+003,1.924887e-002
2.016245e+003,1.902029e-002
2.016727e+003,1.867363e-002
2.017209e+003,1.846829e-002
2.017691e+003,1.856161e-002
2.018173e+003,1.891685e-002
2.018656e+003,1.934876e-002
2.019138e+003,1.963926e-002
2.019620e+003,1.968220e-002
2.020102e+003,1.954248e-002
2.020584e+003,1.942605e-002
2.021066e+003,1.955434e-002
2.021548e+003,2.002534e-002
2.022031e+003,2.073579e-002
2.022512e+003,2.143430e-002
2.022995e+003,2.184536e-002
2.023477e+003,2.181215e-002
2.023959e+003,2.137328e-002
2.024441e+003,2.074691e-002
2.024923e+003,2.020836e-002
2.025405e+003,1.993153e-002
2.025887e+003,1.990270e-002
2.026370e+003,1.995558e-002
2.026852e+003,1.988937e-002
2.027334e+003,1.960063e-002
2.027816e+003,1.915980e-002
2.028298e+003,1.877740e-002
2.028780e+003,1.868525e-002
2.029262e+003,1.898245e-002
2.029744e+003,1.956892e-002
2.030227e+003,2.019658e-002
2.030709e+003,2.059760e-002
2.031191e+003,2.062226e-002
2.031673e+003,2.032422e-002
2.032155e+003,1.992867e-002
2.032637e+003,1.970651e-002
2.033119e+003,1.982114e-002
2.033601e+003,2.023850e-002
2.034083e+003,2.075941e-002
2.034566e+003,2.114365e-002
2.035048e+003,2.123479e-002
2.035530e+003,2.104654e-002
2.036012e+003,2.072971e-002
2.036494e+003,2.047651e-002
2.036976e+003,2.039612e-002
2.037458e+003,2.044938e-002
2.037940e+003,2.049686e-002
2.038423e+003,2.038932e-002
2.038905e+003,2.006756e-002
2.039387e+003,1.961096e-002
2.039869e+003,1.919355e-002
2.040351e+003,1.899141e-002
2.040833e+003,1.907258e-002
2.041315e+003,1.935143e-002
2.041798e+003,1.964459e-002
2.042280e+003,1.976747e-002
2.042762e+003,1.964203e-002
2.043244e+003,1.933608e-002
2.043726e+003,1.902400e-002
2.044208e+003,1.888207e-002
2.044690e+003,1.899456e-002
2.045172e+003,1.930079e-002
2.045655e+003,1.965031e-002
2.046137e+003,1.988717e-002
2.046619e+003,1.994830e-002
2.047101e+003,1.990105e-002
2.047583e+003,1.990566e-002
2.048065e+003,2.011530e-002
2.048547e+003,2.057610e-002
2.049029e+003,2.118327e-002
2.049511e+003,2.173434e-002
2.049994e+003,2.202794e-002
2.050476e+003,2.195965e-002
2.050958e+003,2.156663e-002
2.051440e+003,2.099542e-002
2.051922e+003,2.042702e-002
2.052404e+003,1.999294e-002
2.052886e+003,1.972624e-002
2.053368e+003,1.957723e-002
2.053851e+003,1.946184e-002
2.054333e+003,1.932019e-002
2.054815e+003,1.915178e-002
2.055297e+003,1.900864e-002
2.055779e+003,1.895263e-002
2.056261e+003,1.900350e-002
2.056743e+003,1.911732e-002
2.057226e+003,1.920732e-002
2.057708e+003,1.919350e-002
2.058190e+003,1.905058e-002
2.058672e+003,1.883070e-002
2.059154e+003,1.863835e-002
2.059636e+003,1.857589e-002
2.060118e+003,1.868757e-002
2.060600e+003,1.893041e-002
2.061083e+003,1.920084e-002
2.061565e+003,1.938848e-002
2.062047e+003,1.943065e-002
2.062529e+003,1.934266e-002
2.063011e+003,1.920121e-002
2.063493e+003,1.909855e-002
2.063975e+003,1.908785e-002
2.064457e+003,1.915311e-002
2.064939e+003,1.922622e-002
2.065422e+003,1.923553e-002
2.065904e+003,1.915506e-002
2.066386e+003,1.902384e-002
2.066868e+003,1.892888e-002
2.067350e+003,1.895226e-002
2.067832e+003,1.912359e-002
2.068314e+003,1.939762e-002
2.068796e+003,1.967955e-002
2.069279e+003,1.987135e-002
2.069761e+003,1.992267e-002
2.070243e+003,1.985410e-002
2.070725e+003,1.973830e-002
2.071207e+003,1.965850e-002
2.071689e+003,1.965733e-002
2.072171e+003,1.971369e-002
2.072654e+003,1.976320e-002
2.073135e+003,1.973972e-002
2.073618e+003,1.962190e-002
2.074100e+003,1.945209e-002
2.074582e+003,1.931494e-002
2.075064e+003,1.929393e-002
2.075546e+003,1.941927e-002
2.076028e+003,1.964999e-002
2.076510e+003,1.989170e-002
2.076993e+003,2.004724e-002
2.077475e+003,2.006076e-002
2.077957e+003,1.994645e-002
2.078439e+003,1.977529e-002
2.078921e+003,1.963400e-002
2.079403e+003,1.957829e-002
2.079885e+003,1.960592e-002
2.080367e+003,1.966866e-002
2.080850e+003,1.970626e-002
2.081332e+003,1.968679e-002
2.081814e+003,1.962481e-002
2.082296e+003,1.957309e-002
2.082778e+003,1.958594e-002
2.083260e+003,1.968345e-002
2.083742e+003,1.983132e-002
2.084224e+003,1.995649e-002
2.084707e+003,1.998518e-002
2.085189e+003,1.988111e-002
2.085671e+003,1.966441e-002
2.086153e+003,1.940353e-002
2.086635e+003,1.917990e-002
2.087117e+003,1.904413e-002
2.087599e+003,1.899626e-002
2.088082e+003,1.899012e-002
2.088563e+003,1.896595e-002
2.089046e+003,1.888651e-002
2.089528e+003,1.875699e-002
2.090010e+003,1.861972e-002
2.090492e+003,1.852773e-002
2.090974e+003,1.850895e-002
2.091456e+003,1.854801e-002
2.091938e+003,1.860096e-002
2.092421e+003,1.861990e-002
2.092903e+003,1.858703e-002
2.093385e+003,1.852936e-002
2.093867e+003,1.850581e-002
2.094349e+003,1.857466e-002
2.094831e+003,1.875818e-002
2.095313e+003,1.902363e-002
2.095795e+003,1.929786e-002
2.096278e+003,1.950608e-002
2.096760e+003,1.960866e-002
2.097242e+003,1.962269e-002
2.097724e+003,1.960831e-002
2.098206e+003,1.963263e-002
2.098688e+003,1.973051e-002
2.099170e+003,1.988268e-002
2.099652e+003,2.002811e-002
2.100135e+003,2.009887e-002
2.100617e+003,2.005830e-002
2.101099e+003,1.992009e-002
2.101581e+003,1.973985e-002
2.102063e+003,1.958432e-002
2.102545e+003,1.949259e-002
2.103027e+003,1.945741e-002
2.103510e+003,1.943552e-002
2.103991e+003,1.937582e-002
2.104474e+003,1.925584e-002
2.104956e+003,1.909914e-002
2.105438e+003,1.896277e-002
2.105920e+003,1.890741e-002
2.106402e+003,1.896255e-002
2.106884e+003,1.910694e-002
2.107366e+003,1.928067e-002
2.107849e+003,1.941655e-002
2.108331e+003,1.947472e-002
2.108813e+003,1.946033e-002
2.109295e+003,1.941745e-002
2.109777e+003,1.939797e-002
2.110259e+003,1.943083e-002
2.110741e+003,1.950335e-002
2.111223e+003,1.957204e-002
2.111706e+003,1.958938e-002
2.112188e+003,1.953587e-002
2.112670e+003,1.943157e-002
2.113152e+003,1.932552e-002
2.113634e+003,1.926878e-002
2.114116e+003,1.928147e-002
2.114598e+003,1.933903e-002
2.115080e+003,1.938596e-002
2.115563e+003,1.936854e-002
2.116045e+003,1.926498e-002
2.116527e+003,1.909901e-002
2.117009e+003,1.892913e-002
2.117491e+003,1.881564e-002
2.117973e+003,1.878568e-002
2.118455e+003,1.881783e-002
2.118938e+003,1.885278e-002
2.119420e+003,1.882675e-002
2.119902e+003,1.870594e-002
2.120384e+003,1.850881e-002
2.120866e+003,1.829408e-002
2.121348e+003,1.813263e-002
2.121830e+003,1.806870e-002
2.122312e+003,1.809569e-002
2.122794e+003,1.816594e-002
2.123277e+003,1.821605e-002
2.123759e+003,1.820455e-002
2.124241e+003,1.813144e-002
2.124723e+003,1.803533e-002
2.125205e+003,1.796611e-002
2.125687e+003,1.795101e-002
2.126169e+003,1.797477e-002
2.126651e+003,1.798552e-002
2.127134e+003,1.792844e-002
2.127616e+003,1.777590e-002
2.128098e+003,1.754742e-002
2.128580e+003,1.730344e-002
2.129062e+003,1.710922e-002
2.129544e+003,1.699960e-002
2.130026e+003,1.695205e-002
2.130509e+003,1.690340e-002
2.130990e+003,1.678219e-002
2.131473e+003,1.655559e-002
2.131955e+003,1.625576e-002
2.132437e+003,1.597178e-002
2.132919e+003,1.581219e-002
2.133401e+003,1.584676e-002
2.133883e+003,1.607290e-002
2.134365e+003,1.641399e-002
2.134848e+003,1.676164e-002
2.135330e+003,1.702914e-002
2.135812e+003,1.719056e-002
2.136294e+003,1.728516e-002
2.136776e+003,1.738153e-002
2.137258e+003,1.752675e-002
2.137740e+003,1.770858e-002
2.138222e+003,1.786582e-002
2.138705e+003,1.792410e-002
2.139187e+003,1.784483e-002
2.139669e+003,1.765663e-002
2.140151e+003,1.744526e-002
2.140633e+003,1.730574e-002
2.141115e+003,1.729042e-002
2.141597e+003,1.737137e-002
2.142079e+003,1.746214e-002
2.142562e+003,1.746158e-002
2.143044e+003,1.732111e-002
2.143526e+003,1.707388e-002
2.144008e+003,1.682343e-002
2.144490e+003,1.668824e-002
2.144972e+003,1.673613e-002
2.145454e+003,1.693612e-002
2.145937e+003,1.718173e-002
2.146418e+003,1.734810e-002
2.146901e+003,1.736286e-002
2.147383e+003,1.724608e-002
2.147865e+003,1.709757e-002
2.148347e+003,1.703631e-002
2.148829e+003,1.712280e-002
2.149311e+003,1.731257e-002
2.149793e+003,1.747995e-002
2.150276e+003,1.748612e-002
2.150758e+003,1.725743e-002
2.151240e+003,1.683300e-002
2.151722e+003,1.635243e-002
2.152204e+003,1.597974e-002
2.152686e+003,1.581225e-002
2.153168e+003,1.581608e-002
2.153650e+003,1.585236e-002
2.154133e+003,1.574310e-002
2.154615e+003,1.537287e-002
2.155097e+003,1.476327e-002
2.155579e+003,1.407165e-002
2.156061e+003,1.352416e-002
2.156543e+003,1.331038e-002
2.157025e+003,1.349410e-002
2.157507e+003,1.400695e-002
2.157990e+003,1.471081e-002
2.158472e+003,1.548654e-002
2.158954e+003,1.630060e-002
2.159436e+003,1.719005e-002
2.159918e+003,1.818346e-002
2.160400e+003,1.922848e-002
2.160882e+003,2.016502e-002
2.161365e+003,2.080786e-002
2.161846e+003,2.104454e-002
2.162329e+003,2.091135e-002
2.162811e+003,2.059094e-002
2.163293e+003,2.033774e-002
2.163775e+003,2.035817e-002
2.164257e+003,2.070528e-002
2.164739e+003,2.125551e-002
2.165221e+003,2.178082e-002
2.165704e+003,2.206074e-002
2.166186e+003,2.199578e-002
2.166668e+003,2.164557e-002
2.167150e+003,2.118899e-002
2.167632e+003,2.081885e-002
2.168114e+003,2.064642e-002
2.168596e+003,2.063611e-002
2.169078e+003,2.065450e-002
2.169561e+003,2.054594e-002
2.170043e+003,2.022391e-002
2.170525e+003,1.972287e-002
2.171007e+003,1.917289e-002
2.171489e+003,1.872971e-002
2.171971e+003,1.849356e-002
2.172453e+003,1.845942e-002
2.172935e+003,1.853628e-002
2.173417e+003,1.861310e-002
2.173900e+003,1.862950e-002
2.174382e+003,1.860880e-002
2.174864e+003,1.864107e-002
2.175346e+003,1.881665e-002
2.175828e+003,1.916073e-002
2.176310e+003,1.959122e-002
2.176792e+003,1.996720e-002
2.177274e+003,2.015496e-002
2.177757e+003,2.010562e-002
2.178239e+003,1.987514e-002
2.178721e+003,1.960518e-002
2.179203e+003,1.943755e-002
2.179685e+003,1.944546e-002
2.180167e+003,1.959290e-002
2.180649e+003,1.977067e-002
2.181132e+003,1.986588e-002
2.181614e+003,1.983470e-002
2.182096e+003,1.973661e-002
2.182578e+003,1.969526e-002
2.183060e+003,1.982702e-002
2.183542e+003,2.016007e-002
2.184024e+003,2.059912e-002
2.184506e+003,2.097885e-002
2.184989e+003,2.113811e-002
2.185471e+003,2.100639e-002
2.185953e+003,2.063937e-002
2.186435e+003,2.018892e-002
2.186917e+003,1.982379e-002
2.187399e+003,1.964864e-002
2.187881e+003,1.965342e-002
2.188363e+003,1.974281e-002
2.188845e+003,1.979447e-002
2.189328e+003,1.973795e-002
2.189810e+003,1.958652e-002
2.190292e+003,1.942905e-002
2.190774e+003,1.936258e-002
2.191256e+003,1.943657e-002
2.191738e+003,1.961274e-002
2.192220e+003,1.979169e-002
2.192702e+003,1.986823e-002
2.193185e+003,1.979521e-002
2.193667e+003,1.961190e-002
2.194149e+003,1.942119e-002
2.194631e+003,1.933633e-002
2.195113e+003,1.941036e-002
2.195595e+003,1.960797e-002
2.196077e+003,1.982518e-002
2.196560e+003,1.994992e-002
2.197042e+003,1.991884e-002
2.197524e+003,1.975520e-002
2.198006e+003,1.954817e-002
2.198488e+003,1.940362e-002
2.198970e+003,1.938237e-002
2.199452e+003,1.946122e-002
2.199934e+003,1.955900e-002
2.200417e+003,1.958293e-002
2.200899e+003,1.948413e-002
2.201381e+003,1.929168e-002
2.201863e+003,1.909202e-002
2.202345e+003,1.898134e-002
2.202827e+003,1.901007e-002
2.203309e+003,1.914441e-002
2.203791e+003,1.929201e-002
2.204273e+003,1.934654e-002
2.204756e+003,1.924723e-002
2.205238e+003,1.901119e-002
2.205720e+003,1.872129e-002
2.206202e+003,1.848002e-002
2.206684e+003,1.835757e-002
2.207166e+003,1.835048e-002
2.207648e+003,1.839773e-002
2.208130e+003,1.842077e-002
2.208613e+003,1.837332e-002
2.209095e+003,1.826631e-002
2.209577e+003,1.816255e-002
2.210059e+003,1.813622e-002
2.210541e+003,1.822400e-002
2.211023e+003,1.840136e-002
2.211505e+003,1.859459e-002
2.211988e+003,1.872173e-002
2.212469e+003,1.873799e-002
2.212952e+003,1.865916e-002
2.213434e+003,1.854740e-002
2.213916e+003,1.847696e-002
2.214398e+003,1.848397e-002
2.214880e+003,1.854598e-002
2.215362e+003,1.859896e-002
2.215844e+003,1.857307e-002
2.216327e+003,1.844154e-002
2.216809e+003,1.823862e-002
2.217291e+003,1.804696e-002
2.217773e+003,1.795363e-002
2.218255e+003,1.800306e-002
2.218737e+003,1.817223e-002
2.219219e+003,1.838263e-002
2.219701e+003,1.854556e-002
2.220184e+003,1.860411e-002
2.220666e+003,1.856262e-002
2.221148e+003,1.847700e-002
2.221630e+003,1.841836e-002
2.222112e+003,1.843391e-002
2.222594e+003,1.851403e-002
2.223076e+003,1.860860e-002
2.223558e+003,1.865402e-002
2.224041e+003,1.861735e-002
2.224523e+003,1.851289e-002
2.225005e+003,1.839787e-002
2.225487e+003,1.833835e-002
2.225969e+003,1.836908e-002
2.226451e+003,1.847291e-002
2.226933e+003,1.859072e-002
2.227416e+003,1.865538e-002
2.227897e+003,1.862841e-002
2.228380e+003,1.852097e-002
2.228862e+003,1.838580e-002
2.229344e+003,1.828913e-002
2.229826e+003,1.827246e-002
2.230308e+003,1.832852e-002
2.230790e+003,1.841271e-002
2.231272e+003,1.846876e-002
2.231755e+003,1.846137e-002
2.232237e+003,1.839608e-002
2.232719e+003,1.831192e-002
2.233201e+003,1.825389e-002
2.233683e+003,1.824629e-002
2.234165e+003,1.827460e-002
2.234647e+003,1.829642e-002
2.235129e+003,1.826943e-002
2.235612e+003,1.817977e-002
2.236094e+003,1.805363e-002
2.236576e+003,1.794685e-002
2.237058e+003,1.791297e-002
2.237540e+003,1.797777e-002
2.238022e+003,1.811710e-002
2.238504e+003,1.827555e-002
2.238986e+003,1.839107e-002
2.239469e+003,1.843050e-002
2.239951e+003,1.840141e-002
2.240433e+003,1.834349e-002
2.240915e+003,1.830280e-002
2.241397e+003,1.830484e-002
2.241879e+003,1.833489e-002
2.242361e+003,1.835307e-002
2.242844e+003,1.831832e-002
2.243326e+003,1.821562e-002
2.243808e+003,1.807198e-002
2.244290e+003,1.794134e-002
2.244772e+003,1.788057e-002
2.245254e+003,1.791805e-002
2.245736e+003,1.803605e-002
2.246218e+003,1.818292e-002
2.246700e+003,1.829596e-002
2.247183e+003,1.833426e-002
2.247665e+003,1.829426e-002
2.248147e+003,1.820589e-002
2.248629e+003,1.811112e-002
2.249111e+003,1.803932e-002
2.249593e+003,1.799110e-002
2.250075e+003,1.794400e-002
2.250557e+003,1.787182e-002
2.251040e+003,1.776528e-002
2.251522e+003,1.764230e-002
2.252004e+003,1.754222e-002
2.252486e+003,1.750229e-002
2.252968e+003,1.753948e-002
2.253450e+003,1.763803e-002
2.253932e+003,1.776012e-002
2.254415e+003,1.786776e-002
2.254896e+003,1.794531e-002
2.255379e+003,1.800502e-002
2.255861e+003,1.807921e-002
2.256343e+003,1.819587e-002
2.256825e+003,1.835823e-002
2.257307e+003,1.853675e-002
2.257789e+003,1.868230e-002
2.258271e+003,1.875150e-002
2.258754e+003,1.872864e-002
2.259236e+003,1.863620e-002
2.259718e+003,1.852260e-002
2.260200e+003,1.843566e-002
2.260682e+003,1.840219e-002
2.261164e+003,1.841169e-002
2.261646e+003,1.842745e-002
2.262128e+003,1.841084e-002
2.262611e+003,1.834174e-002
2.263093e+003,1.823380e-002
2.263575e+003,1.812438e-002
2.264057e+003,1.805489e-002
2.264539e+003,1.804811e-002
2.265021e+003,1.809529e-002
2.265503e+003,1.816445e-002
2.265985e+003,1.821887e-002
2.266468e+003,1.823934e-002
2.266950e+003,1.823397e-002
2.267432e+003,1.823210e-002
2.267914e+003,1.826407e-002
2.268396e+003,1.834361e-002
2.268878e+003,1.845558e-002
2.269360e+003,1.856554e-002
2.269843e+003,1.863816e-002
2.270324e+003,1.865791e-002
2.270807e+003,1.863427e-002
2.271289e+003,1.859781e-002
2.271771e+003,1.858151e-002
2.272253e+003,1.860103e-002
2.272735e+003,1.864733e-002
2.273217e+003,1.869266e-002
2.273699e+003,1.871098e-002
2.274182e+003,1.869253e-002
2.274664e+003,1.865225e-002
2.275146e+003,1.862148e-002
2.275628e+003,1.862980e-002
2.276110e+003,1.868640e-002
2.276592e+003,1.877346e-002
2.277074e+003,1.885556e-002
2.277556e+003,1.889832e-002
2.278039e+003,1.888770e-002
2.278521e+003,1.883899e-002
2.279003e+003,1.878880e-002
2.279485e+003,1.877599e-002
2.279967e+003,1.882385e-002
2.280449e+003,1.892818e-002
2.280931e+003,1.906276e-002
2.281413e+003,1.919487e-002
2.281896e+003,1.930431e-002
2.282378e+003,1.939152e-002
2.282860e+003,1.947415e-002
2.283342e+003,1.957401e-002
2.283824e+003,1.970072e-002
2.284306e+003,1.984417e-002
2.284788e+003,1.997680e-002
2.285271e+003,2.006887e-002
2.285752e+003,2.010301e-002
2.286235e+003,2.008221e-002
2.286717e+003,2.002822e-002
2.287199e+003,1.996849e-002
2.287681e+003,1.992314e-002
2.288163e+003,1.989554e-002
2.288645e+003,1.987273e-002
2.289127e+003,1.983730e-002
2.289610e+003,1.977763e-002
2.290092e+003,1.969697e-002
2.290574e+003,1.961093e-002
2.291056e+003,1.953980e-002
2.291538e+003,1.949761e-002
2.292020e+003,1.948406e-002
2.292502e+003,1.948785e-002
2.292984e+003,1.949349e-002
2.293467e+003,1.949062e-002
2.293949e+003,1.947937e-002
2.294431e+003,1.946897e-002
2.294913e+003,1.946879e-002
2.295395e+003,1.948087e-002
2.295877e+003,1.949606e-002
2.296359e+003,1.949759e-002
2.296841e+003,1.946986e-002
2.297323e+003,1.940859e-002
2.297806e+003,1.932448e-002
2.298288e+003,1.923957e-002
2.298770e+003,1.917691e-002
2.299252e+003,1.915134e-002
2.299734e+003,1.916157e-002
2.300216e+003,1.919355e-002
2.300698e+003,1.922975e-002
2.301180e+003,1.925858e-002
2.301663e+003,1.927956e-002
2.302145e+003,1.930110e-002
2.302627e+003,1.933431e-002
2.303109e+003,1.938309e-002
2.303591e+003,1.944038e-002
2.304073e+003,1.949077e-002
2.304555e+003,1.951960e-002
2.305038e+003,1.952089e-002
2.305520e+003,1.950269e-002
2.306002e+003,1.948215e-002
2.306484e+003,1.947804e-002
2.306966e+003,1.950105e-002
2.307448e+003,1.954575e-002
2.307930e+003,1.959685e-002
2.308412e+003,1.963620e-002
2.308895e+003,1.965317e-002
2.309377e+003,1.965087e-002
2.309859e+003,1.964280e-002
2.310341e+003,1.964557e-002
2.310823e+003,1.966763e-002
2.311305e+003,1.970454e-002
2.311787e+003,1.974122e-002
2.312269e+003,1.976120e-002
2.312751e+003,1.975641e-002
2.313234e+003,1.973294e-002
2.313716e+003,1.970985e-002
2.314198e+003,1.970785e-002
2.314680e+003,1.974035e-002
2.315162e+003,1.980611e-002
2.315644e+003,1.989186e-002
2.316126e+003,1.997976e-002
2.316608e+003,2.005713e-002
2.317091e+003,2.012247e-002
2.317573e+003,2.018440e-002
2.318055e+003,2.025568e-002
2.318537e+003,2.034384e-002
2.319019e+003,2.044726e-002
2.319501e+003,2.055709e-002
2.319983e+003,2.066634e-002
2.320466e+003,2.077486e-002
2.320948e+003,2.089467e-002
2.321430e+003,2.103942e-002
2.321912e+003,2.121538e-002
2.322394e+003,2.140794e-002
2.322876e+003,2.158110e-002
2.323358e+003,2.168634e-002
2.323840e+003,2.168116e-002
2.324323e+003,2.154466e-002
2.324805e+003,2.128633e-002
2.325287e+003,2.094143e-002
2.325769e+003,2.055711e-002
2.326251e+003,2.017891e-002
2.326733e+003,1.983812e-002
2.327215e+003,1.954792e-002
2.327697e+003,1.930832e-002
2.328179e+003,1.911403e-002
2.328662e+003,1.896066e-002
2.329144e+003,1.884782e-002
2.329626e+003,1.877607e-002
2.330108e+003,1.874142e-002
2.330590e+003,1.873059e-002
2.331072e+003,1.872424e-002
2.331554e+003,1.870371e-002
2.332036e+003,1.866146e-002
2.332519e+003,1.860281e-002
2.333001e+003,1.854596e-002
2.333483e+003,1.851049e-002
2.333965e+003,1.850778e-002
2.334447e+003,1.853547e-002
2.334929e+003,1.857696e-002
2.335411e+003,1.861185e-002
2.335894e+003,1.862516e-002
2.336375e+003,1.861441e-002
2.336858e+003,1.858955e-002
2.337340e+003,1.856696e-002
2.337822e+003,1.855943e-002
2.338304e+003,1.856768e-002
2.338786e+003,1.858405e-002
2.339268e+003,1.859617e-002
2.339750e+003,1.859708e-002
2.340233e+003,1.859041e-002
2.340715e+003,1.858697e-002
2.341197e+003,1.859926e-002
2.341679e+003,1.863122e-002
2.342161e+003,1.867402e-002
2.342643e+003,1.870980e-002
2.343125e+003,1.872125e-002
2.343607e+003,1.870113e-002
2.344090e+003,1.865776e-002
2.344572e+003,1.861112e-002
2.345054e+003,1.858123e-002
2.345536e+003,1.857904e-002
2.346018e+003,1.860043e-002
2.346500e+003,1.863046e-002
2.346982e+003,1.865449e-002
2.347464e+003,1.866394e-002
2.347947e+003,1.866167e-002
2.348429e+003,1.865505e-002
2.348911e+003,1.865451e-002
2.349393e+003,1.866469e-002
2.349875e+003,1.868295e-002
2.350357e+003,1.869923e-002
2.350839e+003,1.870101e-002
2.351322e+003,1.867977e-002
2.351803e+003,1.863733e-002
2.352286e+003,1.858559e-002
2.352768e+003,1.854256e-002
2.353250e+003,1.852143e-002
2.353732e+003,1.852181e-002
2.354214e+003,1.853045e-002
2.354696e+003,1.852805e-002
2.355178e+003,1.850228e-002
2.355661e+003,1.845513e-002
2.356143e+003,1.840302e-002
2.356625e+003,1.836473e-002
2.357107e+003,1.835012e-002
2.357589e+003,1.834887e-002
2.358071e+003,1.833528e-002
2.358553e+003,1.828071e-002
2.359035e+003,1.817011e-002
2.359518e+003,1.801221e-002
2.360000e+003,1.783772e-002
2.360482e+003,1.768332e-002
2.360964e+003,1.757647e-002
2.361446e+003,1.751996e-002
2.361928e+003,1.749743e-002
2.362410e+003,1.748420e-002
2.362892e+003,1.746300e-002
2.363375e+003,1.743415e-002
2.363857e+003,1.741261e-002
2.364339e+003,1.741911e-002
2.364821e+003,1.746275e-002
2.365303e+003,1.753495e-002
2.365785e+003,1.761156e-002
2.366267e+003,1.766516e-002
2.366750e+003,1.767785e-002
2.367232e+003,1.765026e-002
2.367714e+003,1.759735e-002
2.368196e+003,1.754130e-002
2.368678e+003,1.749793e-002
2.369160e+003,1.747052e-002
2.369642e+003,1.745347e-002
2.370124e+003,1.743888e-002
2.370606e+003,1.742502e-002
2.371089e+003,1.742033e-002
2.371571e+003,1.743754e-002
2.372053e+003,1.748609e-002
2.372535e+003,1.756457e-002
2.373017e+003,1.765932e-002
2.373499e+003,1.774995e-002
2.373981e+003,1.781982e-002
2.374463e+003,1.786298e-002
2.374946e+003,1.788783e-002
2.375428e+003,1.791212e-002
2.375910e+003,1.795261e-002
2.376392e+003,1.801771e-002
2.376874e+003,1.810359e-002
2.377356e+003,1.819697e-002
2.377838e+003,1.828190e-002
2.378321e+003,1.834889e-002
2.378802e+003,1.839618e-002
2.379285e+003,1.842992e-002
2.379767e+003,1.845870e-002
2.380249e+003,1.848637e-002
2.380731e+003,1.851203e-002
2.381213e+003,1.853008e-002
2.381695e+003,1.853672e-002
2.382177e+003,1.853300e-002
2.382660e+003,1.852647e-002
2.383142e+003,1.852804e-002
2.383624e+003,1.854626e-002
2.384106e+003,1.858227e-002
2.384588e+003,1.862866e-002
2.385070e+003,1.867161e-002
2.385552e+003,1.869896e-002
2.386034e+003,1.870524e-002
2.386517e+003,1.869557e-002
2.386999e+003,1.868373e-002
2.387481e+003,1.868323e-002
2.387963e+003,1.870392e-002
2.388445e+003,1.874428e-002
2.388927e+003,1.879490e-002
2.389409e+003,1.884271e-002
2.389891e+003,1.887868e-002
2.390374e+003,1.890201e-002
2.390856e+003,1.891881e-002
2.391338e+003,1.893804e-002
2.391820e+003,1.896623e-002
2.392302e+003,1.900186e-002
2.392784e+003,1.903823e-002
2.393266e+003,1.906630e-002
2.393749e+003,1.908161e-002
2.394230e+003,1.908723e-002
2.394713e+003,1.909269e-002
2.395195e+003,1.910874e-002
2.395677e+003,1.914137e-002
2.396159e+003,1.918841e-002
2.396641e+003,1.923991e-002
2.397123e+003,1.928505e-002
2.397605e+003,1.931669e-002
2.398088e+003,1.933506e-002
2.398570e+003,1.934785e-002
2.399052e+003,1.936267e-002
2.399534e+003,1.938406e-002
2.400016e+003,1.940748e-002
2.400498e+003,1.942313e-002
2.400980e+003,1.942128e-002
2.401462e+003,1.939915e-002
2.401945e+003,1.936316e-002
2.402427e+003,1.932820e-002
2.402909e+003,1.930977e-002
2.403391e+003,1.931714e-002
2.403873e+003,1.934925e-002
2.404355e+003,1.939501e-002
2.404837e+003,1.944079e-002
2.405319e+003,1.947740e-002
2.405802e+003,1.950518e-002
2.406284e+003,1.953257e-002
2.406766e+003,1.957158e-002
2.407248e+003,1.962842e-002
2.407730e+003,1.970039e-002
2.408212e+003,1.977597e-002
2.408694e+003,1.984028e-002
2.409177e+003,1.988387e-002
2.409658e+003,1.990576e-002
2.410141e+003,1.991389e-002
2.410623e+003,1.992047e-002
2.411105e+003,1.993399e-002
2.411587e+003,1.995548e-002
2.412069e+003,1.997821e-002
2.412551e+003,1.999320e-002
2.413033e+003,1.999597e-002
2.413516e+003,1.998945e-002
2.413998e+003,1.998285e-002
2.414480e+003,1.998871e-002
2.414962e+003,2.001342e-002
2.415444e+003,2.005404e-002
2.415926e+003,2.010088e-002
2.416408e+003,2.014097e-002
2.416890e+003,2.016662e-002
2.417373e+003,2.018004e-002
2.417855e+003,2.019018e-002
2.418337e+003,2.020924e-002
2.418819e+003,2.024391e-002
2.419301e+003,2.029240e-002
2.419783e+003,2.034459e-002
2.420265e+003,2.038797e-002
2.420747e+003,2.041494e-002
2.421229e+003,2.042603e-002
2.421712e+003,2.043035e-002
2.422194e+003,2.043924e-002
2.422676e+003,2.046025e-002
2.423158e+003,2.049199e-002
2.423640e+003,2.052662e-002
2.424122e+003,2.055338e-002
2.424604e+003,2.056861e-002
2.425086e+003,2.057500e-002
2.425569e+003,2.058393e-002
2.426051e+003,2.060695e-002
2.426533e+003,2.064950e-002
2.427015e+003,2.070658e-002
2.427497e+003,2.076565e-002
2.427979e+003,2.081195e-002
2.428461e+003,2.083751e-002
2.428944e+003,2.084493e-002
2.429426e+003,2.084603e-002
2.429908e+003,2.085509e-002
2.430390e+003,2.088133e-002
2.430872e+003,2.092285e-002
2.431354e+003,2.096841e-002
2.431836e+003,2.100389e-002
2.432318e+003,2.102129e-002
2.432801e+003,2.102323e-002
2.433283e+003,2.102279e-002
2.433765e+003,2.103510e-002
2.434247e+003,2.107144e-002
2.434729e+003,2.112993e-002
2.435211e+003,2.119840e-002
2.435693e+003,2.125868e-002
2.436175e+003,2.129674e-002
2.436657e+003,2.130861e-002
2.437140e+003,2.130162e-002
2.437622e+003,2.129084e-002
2.438104e+003,2.128920e-002
2.438586e+003,2.130289e-002
2.439068e+003,2.132804e-002
2.439550e+003,2.135618e-002
2.440032e+003,2.137929e-002
2.440514e+003,2.139589e-002
2.440997e+003,2.141176e-002
2.441479e+003,2.143645e-002
2.441961e+003,2.147759e-002
2.442443e+003,2.153452e-002
2.442925e+003,2.160048e-002
2.443407e+003,2.166449e-002
2.443889e+003,2.171819e-002
2.444372e+003,2.176058e-002
2.444854e+003,2.179629e-002
2.445336e+003,2.183516e-002
2.445818e+003,2.188364e-002
2.446300e+003,2.194182e-002
2.446782e+003,2.200350e-002
2.447264e+003,2.206041e-002
2.447746e+003,2.210558e-002
2.448229e+003,2.213925e-002
2.448711e+003,2.216631e-002
2.449193e+003,2.219388e-002
2.449675e+003,2.222684e-002
2.450157e+003,2.226380e-002
2.450639e+003,2.229985e-002
2.451121e+003,2.232953e-002
2.451604e+003,2.235176e-002
2.452085e+003,2.237192e-002
2.452568e+003,2.239980e-002
2.453050e+003,2.244280e-002
2.453532e+003,2.250177e-002
2.454014e+003,2.256756e-002
2.454496e+003,2.262441e-002
2.454978e+003,2.265710e-002
2.455460e+003,2.265931e-002
2.455943e+003,2.263575e-002
2.456425e+003,2.260237e-002
2.456907e+003,2.257845e-002
2.457389e+003,2.257922e-002
2.457871e+003,2.260885e-002
2.458353e+003,2.266104e-002
2.458835e+003,2.272324e-002
2.459317e+003,2.278197e-002
2.459800e+003,2.283048e-002
2.460282e+003,2.286777e-002
2.460764e+003,2.289891e-002
2.461246e+003,2.292839e-002
2.461728e+003,2.295722e-002
2.462210e+003,2.298380e-002
2.462692e+003,2.300490e-002
2.463174e+003,2.302032e-002
2.463656e+003,2.303442e-002
2.464139e+003,2.305336e-002
2.464621e+003,2.308107e-002
2.465103e+003,2.311713e-002
2.465585e+003,2.315379e-002
2.466067e+003,2.317869e-002
2.466549e+003,2.318339e-002
2.467031e+003,2.316621e-002
2.467513e+003,2.313498e-002
2.467996e+003,2.310515e-002
2.468478e+003,2.309187e-002
2.468960e+003,2.310440e-002
2.469442e+003,2.314160e-002
2.469924e+003,2.319362e-002
2.470406e+003,2.324800e-002
2.470888e+003,2.329604e-002
2.471371e+003,2.333640e-002
2.471853e+003,2.337394e-002
2.472335e+003,2.341533e-002
2.472817e+003,2.346479e-002
2.473299e+003,2.351937e-002
2.473781e+003,2.357221e-002
2.474263e+003,2.361644e-002
2.474745e+003,2.365113e-002
2.475228e+003,2.368165e-002
2.475710e+003,2.371771e-002
2.476192e+003,2.376737e-002
2.476674e+003,2.383182e-002
2.477156e+003,2.390250e-002
2.477638e+003,2.396600e-002
2.478120e+003,2.400903e-002
2.478602e+003,2.402857e-002
2.479084e+003,2.403206e-002
2.479567e+003,2.403548e-002
2.480049e+003,2.405587e-002
2.480531e+003,2.410282e-002
2.481013e+003,2.417367e-002
2.481495e+003,2.425539e-002
2.481977e+003,2.433076e-002
2.482459e+003,2.438698e-002
2.482941e+003,2.442057e-002
2.483424e+003,2.443819e-002
2.483906e+003,2.444976e-002
2.484388e+003,2.446570e-002
2.484870e+003,2.448848e-002
2.485352e+003,2.451529e-002
2.485834e+003,2.454137e-002
2.486316e+003,2.456534e-002
2.486799e+003,2.459118e-002
2.487281e+003,2.462672e-002
2.487763e+003,2.467881e-002
2.488245e+003,2.474803e-002
2.488727e+003,2.482590e-002
2.489209e+003,2.489864e-002
2.489691e+003,2.495362e-002
2.490173e+003,2.498597e-002
2.490656e+003,2.500119e-002
2.491138e+003,2.501297e-002
2.491620e+003,2.503572e-002
2.492102e+003,2.507808e-002
2.492584e+003,2.513763e-002
2.493066e+003,2.520344e-002
2.493548e+003,2.526202e-002
2.494030e+003,2.530564e-002
2.494512e+003,2.533567e-002
2.494995e+003,2.536113e-002
2.495477e+003,2.539294e-002
2.495959e+003,2.543604e-002
2.496441e+003,2.548575e-002
2.496923e+003,2.552980e-002
2.497405e+003,2.555413e-002
2.497887e+003,2.555186e-002
2.498370e+003,2.552696e-002
2.498852e+003,2.549459e-002
2.499334e+003,2.547255e-002
2.499816e+003,2.547517e-002
2.500298e+003,2.550587e-002
2.500780e+003,2.555736e-002
2.501262e+003,2.561651e-002
2.501744e+003,2.567271e-002
2.502227e+003,2.572172e-002
2.502709e+003,2.576828e-002
2.503191e+003,2.582021e-002
2.503673e+003,2.588439e-002
2.504155e+003,2.596059e-002
2.504637e+003,2.604259e-002
2.505119e+003,2.612123e-002
2.505601e+003,2.619021e-002
2.506083e+003,2.624918e-002
2.506566e+003,2.630323e-002
2.507048e+003,2.635944e-002
2.507530e+003,2.642103e-002
2.508012e+003,2.648307e-002
2.508494e+003,2.653679e-002
2.508976e+003,2.657119e-002
2.509458e+003,2.658193e-002
2.509940e+003,2.657246e-002
2.510423e+003,2.655370e-002
2.510905e+003,2.653843e-002
2.511387e+003,2.653508e-002
2.511869e+003,2.654401e-002
2.512351e+003,2.655900e-002
2.512833e+003,2.657066e-002
2.513315e+003,2.657534e-002
2.513798e+003,2.657480e-002
2.514280e+003,2.657820e-002
2.514762e+003,2.659507e-002
2.515244e+003,2.663159e-002
2.515726e+003,2.668385e-002
2.516208e+003,2.674270e-002
2.516690e+003,2.679722e-002
2.517172e+003,2.684159e-002
2.517655e+003,2.687724e-002
2.518137e+003,2.691318e-002
2.518619e+003,2.695922e-002
2.519101e+003,2.702067e-002
2.519583e+003,2.709499e-002
2.520065e+003,2.717276e-002
2.520547e+003,2.724406e-002
2.521029e+003,2.730382e-002
2.521511e+003,2.735452e-002
2.521994e+003,2.740431e-002
2.522476e+003,2.746131e-002
2.522958e+003,2.752837e-002
2.523440e+003,2.759836e-002
2.523922e+003,2.765818e-002
2.524404e+003,2.769554e-002
2.524886e+003,2.770478e-002
2.525368e+003,2.769351e-002
2.525851e+003,2.767734e-002
2.526333e+003,2.767429e-002
2.526815e+003,2.769717e-002
2.527297e+003,2.774557e-002
2.527779e+003,2.780807e-002
2.528261e+003,2.786743e-002
2.528743e+003,2.790926e-002
2.529226e+003,2.792808e-002
2.529708e+003,2.792816e-002
2.530190e+003,2.792075e-002
2.530672e+003,2.791696e-002
2.531154e+003,2.792288e-002
2.531636e+003,2.793835e-002
2.532118e+003,2.795925e-002
2.532600e+003,2.798316e-002
2.533083e+003,2.801087e-002
2.533565e+003,2.804773e-002
2.534047e+003,2.809811e-002
2.534529e+003,2.816178e-002
2.535011e+003,2.823194e-002
2.535493e+003,2.829704e-002
2.535975e+003,2.834536e-002
2.536457e+003,2.837222e-002
2.536939e+003,2.838184e-002
2.537422e+003,2.838594e-002
2.537904e+003,2.839790e-002
2.538386e+003,2.842737e-002
2.538868e+003,2.847308e-002
2.539350e+003,2.852770e-002
2.539832e+003,2.857941e-002
2.540314e+003,2.862137e-002
2.540796e+003,2.865281e-002
2.541279e+003,2.868097e-002
2.541761e+003,2.871563e-002
2.542243e+003,2.876292e-002
2.542725e+003,2.882226e-002
2.543207e+003,2.888532e-002
2.543689e+003,2.894288e-002
2.544171e+003,2.898878e-002
2.544654e+003,2.902327e-002
2.545135e+003,2.905371e-002
2.545618e+003,2.908891e-002
2.546100e+003,2.913487e-002
2.546582e+003,2.918916e-002
2.547064e+003,2.924425e-002
2.547546e+003,2.928913e-002
2.548028e+003,2.931791e-002
2.548510e+003,2.933092e-002
2.548993e+003,2.933500e-002
2.549475e+003,2.933907e-002
2.549957e+003,2.935008e-002
2.550439e+003,2.936761e-002
2.550921e+003,2.938704e-002
2.551403e+003,2.940241e-002
2.551885e+003,2.941187e-002
2.552367e+003,2.941977e-002
2.552850e+003,2.943558e-002
2.553332e+003,2.946833e-002
2.553814e+003,2.952300e-002
2.554296e+003,2.959506e-002
2.554778e+003,2.967437e-002
2.555260e+003,2.974842e-002
2.555742e+003,2.980848e-002
2.556224e+003,2.985404e-002
2.556707e+003,2.989022e-002
2.557189e+003,2.992484e-002
2.557671e+003,2.996217e-002
2.558153e+003,3.000091e-002
2.558635e+003,3.003443e-002
2.559117e+003,3.005751e-002
2.559599e+003,3.006736e-002
2.560082e+003,3.006971e-002
2.560563e+003,3.007503e-002
2.561046e+003,3.009289e-002
2.561528e+003,3.012943e-002
2.562010e+003,3.018246e-002
2.562492e+003,3.024250e-002
2.562974e+003,3.030106e-002
2.563456e+003,3.035381e-002
2.563938e+003,3.040344e-002
2.564421e+003,3.045770e-002
2.564903e+003,3.052422e-002
2.565385e+003,3.060483e-002
2.565867e+003,3.069378e-002
2.566349e+003,3.077848e-002
2.566831e+003,3.084677e-002
2.567313e+003,3.089245e-002
2.567795e+003,3.091837e-002
2.568278e+003,3.093537e-002
2.568760e+003,3.095588e-002
2.569242e+003,3.098813e-002
2.569724e+003,3.103202e-002
2.570206e+003,3.107988e-002
2.570688e+003,3.112328e-002
2.571170e+003,3.115732e-002
2.571652e+003,3.118516e-002
2.572135e+003,3.121668e-002
2.572617e+003,3.126312e-002
2.573099e+003,3.133149e-002
2.573581e+003,3.141981e-002
2.574063e+003,3.151903e-002
2.574545e+003,3.161619e-002
2.575027e+003,3.170181e-002
2.575510e+003,3.177314e-002
2.575991e+003,3.183345e-002
2.576474e+003,3.188859e-002
2.576956e+003,3.194218e-002
2.577438e+003,3.199131e-002
2.577920e+003,3.202919e-002
2.578402e+003,3.204873e-002
2.578884e+003,3.204865e-002
2.579366e+003,3.203503e-002
2.579849e+003,3.202052e-002
2.580331e+003,3.201894e-002
2.580813e+003,3.203873e-002
2.581295e+003,3.208055e-002
2.581777e+003,3.213697e-002
2.582259e+003,3.219792e-002
2.582741e+003,3.225669e-002
2.583223e+003,3.231372e-002
2.583706e+003,3.237543e-002
2.584188e+003,3.245057e-002
2.584670e+003,3.254320e-002
2.585152e+003,3.264987e-002
2.585634e+003,3.276075e-002
2.586116e+003,3.286312e-002
2.586598e+003,3.294805e-002
2.587080e+003,3.301476e-002
2.587563e+003,3.306912e-002
2.588045e+003,3.312111e-002
2.588527e+003,3.317808e-002
2.589009e+003,3.324089e-002
2.589491e+003,3.330364e-002
2.589973e+003,3.335723e-002
2.590455e+003,3.339535e-002
2.590938e+003,3.341704e-002
2.591419e+003,3.342971e-002
2.591902e+003,3.344337e-002
2.592384e+003,3.346711e-002
2.592866e+003,3.350449e-002
2.593348e+003,3.355392e-002
2.593830e+003,3.360965e-002
2.594312e+003,3.366744e-002
2.594794e+003,3.372606e-002
2.595277e+003,3.378858e-002
2.595759e+003,3.385868e-002
2.596241e+003,3.393793e-002
2.596723e+003,3.402314e-002
2.597205e+003,3.410743e-002
2.597687e+003,3.418313e-002
2.598169e+003,3.424760e-002
2.598651e+003,3.430295e-002
2.599134e+003,3.435699e-002
2.599616e+003,3.441771e-002
2.600098e+003,3.449062e-002
2.600580e+003,3.457315e-002
2.601062e+003,3.465794e-002
2.601544e+003,3.473601e-002
2.602026e+003,3.480095e-002
2.602508e+003,3.485347e-002
2.602990e+003,3.490012e-002
2.603473e+003,3.495027e-002
2.603955e+003,3.501174e-002
2.604437e+003,3.508632e-002
2.604919e+003,3.517001e-002
2.605401e+003,3.525604e-002
2.605883e+003,3.533828e-002
2.606365e+003,3.541423e-002
2.606847e+003,3.548656e-002
2.607330e+003,3.555882e-002
2.607812e+003,3.563387e-002
2.608294e+003,3.570976e-002
2.608776e+003,3.578104e-002
2.609258e+003,3.584173e-002
2.609740e+003,3.588878e-002
2.610222e+003,3.592397e-002
2.610705e+003,3.595383e-002
2.611187e+003,3.598655e-002
2.611669e+003,3.602875e-002
2.612151e+003,3.608204e-002
2.612633e+003,3.614374e-002
2.613115e+003,3.620887e-002
2.613597e+003,3.627483e-002
2.614079e+003,3.634233e-002
2.614562e+003,3.641523e-002
2.615044e+003,3.649773e-002
2.615526e+003,3.659118e-002
2.616008e+003,3.669237e-002
2.616490e+003,3.679333e-002
2.616972e+003,3.688574e-002
2.617454e+003,3.696465e-002
2.617936e+003,3.703088e-002
2.618418e+003,3.709085e-002
2.618901e+003,3.715254e-002
2.619383e+003,3.722234e-002
2.619865e+003,3.730157e-002
2.620347e+003,3.738704e-002
2.620829e+003,3.747252e-002
2.621311e+003,3.755392e-002
2.621793e+003,3.763078e-002
2.622276e+003,3.770694e-002
2.622758e+003,3.778727e-002
2.623240e+003,3.787606e-002
2.623722e+003,3.797317e-002
2.624204e+003,3.807383e-002
2.624686e+003,3.817236e-002
2.625168e+003,3.826366e-002
2.625650e+003,3.834653e-002
2.626133e+003,3.842314e-002
2.626615e+003,3.849789e-002
2.627097e+003,3.857383e-002
2.627579e+003,3.865133e-002
2.628061e+003,3.872833e-002
2.628543e+003,3.880103e-002
2.629025e+003,3.886835e-002
2.629507e+003,3.893227e-002
2.629990e+003,3.899756e-002
2.630472e+003,3.906983e-002
2.630954e+003,3.915141e-002
2.631436e+003,3.924034e-002
2.631918e+003,3.933047e-002
2.632400e+003,3.941467e-002
2.632882e+003,3.948773e-002
2.633364e+003,3.954906e-002
2.633846e+003,3.960247e-002
2.634329e+003,3.965490e-002
2.634811e+003,3.971268e-002
2.635293e+003,3.977817e-002
2.635775e+003,3.985010e-002
2.636257e+003,3.992476e-002
2.636739e+003,3.999848e-002
2.637221e+003,4.006931e-002
2.637704e+003,4.013765e-002
2.638186e+003,4.020473e-002
2.638668e+003,4.027184e-002
2.639150e+003,4.033744e-002
2.639632e+003,4.039908e-002
2.640114e+003,4.045395e-002
2.640596e+003,4.050230e-002
2.641078e+003,4.054641e-002
2.641561e+003,4.059154e-002
2.642043e+003,4.064329e-002
2.642525e+003,4.070451e-002
2.643007e+003,4.077409e-002
2.643489e+003,4.084705e-002
2.643971e+003,4.091705e-002
2.644453e+003,4.097999e-002
2.644935e+003,4.103442e-002
2.645417e+003,4.108359e-002
2.645900e+003,4.113179e-002
2.646382e+003,4.118382e-002
2.646864e+003,4.124141e-002
2.647346e+003,4.130438e-002
2.647828e+003,4.137057e-002
2.648310e+003,4.143849e-002
2.648792e+003,4.150764e-002
2.649274e+003,4.158026e-002
2.649757e+003,4.165783e-002
2.650239e+003,4.174035e-002
2.650721e+003,4.182572e-002
2.651203e+003,4.190922e-002
2.651685e+003,4.198555e-002
2.652167e+003,4.205224e-002
2.652649e+003,4.211057e-002
2.653132e+003,4.216309e-002
2.653614e+003,4.221526e-002
2.654096e+003,4.226981e-002
2.654578e+003,4.232768e-002
2.655060e+003,4.238675e-002
2.655542e+003,4.244346e-002
2.656024e+003,4.249609e-002
2.656506e+003,4.254417e-002
2.656989e+003,4.259026e-002
2.657471e+003,4.263764e-002
2.657953e+003,4.268823e-002
2.658435e+003,4.274159e-002
2.658917e+003,4.279487e-002
2.659399e+003,4.284314e-002
2.659881e+003,4.288420e-002
2.660363e+003,4.291703e-002
2.660845e+003,4.294312e-002
2.661328e+003,4.296536e-002
2.661810e+003,4.298632e-002
2.662292e+003,4.300592e-002
2.662774e+003,4.302231e-002
2.663256e+003,4.303312e-002
2.663738e+003,4.303762e-002
2.664220e+003,4.303771e-002
2.664702e+003,4.303753e-002
2.665185e+003,4.304266e-002
2.665667e+003,4.305741e-002
2.666149e+003,4.308271e-002
2.666631e+003,4.311737e-002
2.667113e+003,4.315736e-002
2.667595e+003,4.319957e-002
2.668077e+003,4.324123e-002
2.668560e+003,4.328210e-002
2.669042e+003,4.332268e-002
2.669524e+003,4.336329e-002
2.670006e+003,4.340290e-002
2.670488e+003,4.343839e-002
2.670970e+003,4.346783e-002
2.671452e+003,4.349009e-002
2.671934e+003,4.350686e-002
2.672417e+003,4.352253e-002
2.672899e+003,4.354178e-002
2.673381e+003,4.356857e-002
2.673863e+003,4.360366e-002
2.674345e+003,4.364492e-002
2.674827e+003,4.368841e-002
2.675309e+003,4.373042e-002
2.675791e+003,4.376961e-002
2.676273e+003,4.380631e-002
2.676756e+003,4.384202e-002
2.677238e+003,4.387875e-002
2.677720e+003,4.391595e-002
2.678202e+003,4.395232e-002
2.678684e+003,4.398513e-002
2.679166e+003,4.401296e-002
2.679648e+003,4.403583e-002
2.680130e+003,4.405620e-002
2.680613e+003,4.407592e-002
2.681095e+003,4.409687e-002
2.681577e+003,4.411891e-002
2.682059e+003,4.413958e-002
2.682541e+003,4.415657e-002
2.683023e+003,4.416966e-002
2.683505e+003,4.418029e-002
2.683988e+003,4.419247e-002
2.684469e+003,4.420974e-002
2.684952e+003,4.423441e-002
2.685434e+003,4.426536e-002
2.685916e+003,4.429855e-002
2.686398e+003,4.432905e-002
2.686880e+003,4.435357e-002
2.687362e+003,4.437114e-002
2.687844e+003,4.438428e-002
2.688327e+003,4.439623e-002
2.688809e+003,4.441020e-002
2.689291e+003,4.442668e-002
2.689773e+003,4.444455e-002
2.690255e+003,4.446150e-002
2.690737e+003,4.447558e-002
2.691219e+003,4.448688e-002
2.691701e+003,4.449753e-002
2.692184e+003,4.451014e-002
2.692666e+003,4.452664e-002
2.693148e+003,4.454583e-002
2.693630e+003,4.456548e-002
2.694112e+003,4.458180e-002
2.694594e+003,4.459405e-002
2.695076e+003,4.460259e-002
2.695558e+003,4.461233e-002
2.696041e+003,4.462709e-002
2.696523e+003,4.465103e-002
2.697005e+003,4.468361e-002
2.697487e+003,4.472206e-002
2.697969e+003,4.476089e-002
2.698451e+003,4.479602e-002
2.698933e+003,4.482557e-002
2.699416e+003,4.485152e-002
2.699897e+003,4.487830e-002
2.700380e+003,4.491039e-002
2.700862e+003,4.495086e-002
2.701344e+003,4.499990e-002
2.701826e+003,4.505612e-002
2.702308e+003,4.511710e-002
2.702790e+003,4.518062e-002
2.703272e+003,4.524630e-002
2.703755e+003,4.531452e-002
2.704237e+003,4.538425e-002
2.704719e+003,4.545438e-002
2.705201e+003,4.552285e-002
2.705683e+003,4.558782e-002
2.706165e+003,4.564982e-002
2.706647e+003,4.571091e-002
2.707129e+003,4.577529e-002
2.707612e+003,4.584668e-002
2.708094e+003,4.592715e-002
2.708576e+003,4.601540e-002
2.709058e+003,4.610704e-002
2.709540e+003,4.619714e-002
2.710022e+003,4.628212e-002
2.710504e+003,4.636210e-002
2.710986e+003,4.643977e-002
2.711469e+003,4.652027e-002
2.711951e+003,4.660782e-002
2.712433e+003,4.670353e-002
2.712915e+003,4.680593e-002
2.713397e+003,4.691042e-002
2.713879e+003,4.701429e-002
2.714361e+003,4.711503e-002
2.714844e+003,4.721309e-002
2.715325e+003,4.731007e-002
2.715808e+003,4.740793e-002
2.716290e+003,4.750770e-002
2.716772e+003,4.760769e-002
2.717254e+003,4.770576e-002
2.717736e+003,4.780125e-002
2.718218e+003,4.789460e-002
2.718700e+003,4.798940e-002
2.719183e+003,4.808922e-002
2.719665e+003,4.819715e-002
2.720147e+003,4.831394e-002
2.720629e+003,4.843680e-002
2.721111e+003,4.856262e-002
2.721593e+003,4.868755e-002
2.722075e+003,4.881038e-002
2.722557e+003,4.893221e-002
2.723040e+003,4.905552e-002
2.723522e+003,4.918367e-002
2.724004e+003,4.931696e-002
2.724486e+003,4.945397e-002
2.724968e+003,4.959284e-002
2.725450e+003,4.972903e-002
2.725932e+003,4.986161e-002
2.726414e+003,4.998982e-002
2.726896e+003,5.011477e-002
2.727379e+003,5.023705e-002
2.727861e+003,5.035619e-002
2.728343e+003,5.047092e-002
2.728825e+003,5.057976e-002
2.729307e+003,5.068223e-002
2.729789e+003,5.077869e-002
2.730271e+003,5.087274e-002
2.730753e+003,5.096720e-002
2.731236e+003,5.106472e-002
2.731718e+003,5.116502e-002
2.732200e+003,5.126612e-002
2.732682e+003,5.136489e-002
2.733164e+003,5.145953e-002
2.733646e+003,5.155033e-002
2.734128e+003,5.163910e-002
2.734611e+003,5.172912e-002
2.735093e+003,5.182297e-002
2.735575e+003,5.192082e-002
2.736057e+003,5.202164e-002
2.736539e+003,5.212233e-002
2.737021e+003,5.222067e-002
2.737503e+003,5.231623e-002
2.737985e+003,5.241019e-002
2.738468e+003,5.250534e-002
2.738950e+003,5.260308e-002
2.739432e+003,5.270446e-002
2.739914e+003,5.280836e-002
2.740396e+003,5.291238e-002
2.740878e+003,5.301531e-002
2.741360e+003,5.311724e-002
2.741842e+003,5.321938e-002
2.742324e+003,5.332290e-002
2.742807e+003,5.342914e-002
2.743289e+003,5.353684e-002
2.743771e+003,5.364429e-002
2.744253e+003,5.374883e-002
2.744735e+003,5.385074e-002
2.745217e+003,5.395062e-002
2.745699e+003,5.405167e-002
2.746182e+003,5.415647e-002
2.746664e+003,5.426607e-002
2.747146e+003,5.437858e-002
2.747628e+003,5.449019e-002
2.748110e+003,5.459715e-002
2.748592e+003,5.469807e-002
2.749074e+003,5.479443e-002
2.749556e+003,5.489075e-002
2.750039e+003,5.499245e-002
2.750521e+003,5.510267e-002
2.751003e+003,5.522278e-002
2.751485e+003,5.534885e-002
2.751967e+003,5.547641e-002
2.752449e+003,5.560146e-002
2.752931e+003,5.572118e-002
2.753413e+003,5.583713e-002
2.753896e+003,5.595305e-002
2.754378e+003,5.607187e-002
2.754860e+003,5.619630e-002
2.755342e+003,5.632650e-002
2.755824e+003,5.646070e-002
2.756306e+003,5.659792e-002
2.756788e+003,5.673672e-002
2.757270e+003,5.687828e-002
2.757752e+003,5.702324e-002
2.758235e+003,5.717172e-002
2.758717e+003,5.732247e-002
2.759199e+003,5.747299e-002
2.759681e+003,5.761936e-002
2.760163e+003,5.776013e-002
2.760645e+003,5.789491e-002
2.761127e+003,5.802524e-002
2.761610e+003,5.815303e-002
2.762092e+003,5.828077e-002
2.762574e+003,5.840693e-002
2.763056e+003,5.853073e-002
2.763538e+003,5.865114e-002
2.764020e+003,5.876957e-002
2.764502e+003,5.888890e-002
2.764984e+003,5.901484e-002
2.765467e+003,5.915237e-002
2.765949e+003,5.930422e-002
2.766431e+003,5.946874e-002
2.766913e+003,5.964153e-002
2.767395e+003,5.981566e-002
2.767877e+003,5.998552e-002
2.768359e+003,6.014851e-002
2.768841e+003,6.030541e-002
2.769323e+003,6.045966e-002
2.769806e+003,6.061516e-002
2.770288e+003,6.077379e-002
2.770770e+003,6.093590e-002
2.771252e+003,6.110068e-002
2.771734e+003,6.126668e-002
2.772216e+003,6.143296e-002
2.772698e+003,6.160046e-002
2.773180e+003,6.176950e-002
2.773663e+003,6.193977e-002
2.774145e+003,6.210992e-002
2.774627e+003,6.227735e-002
2.775109e+003,6.244097e-002
2.775591e+003,6.260099e-002
2.776073e+003,6.276050e-002
2.776555e+003,6.292491e-002
2.777038e+003,6.309804e-002
2.777520e+003,6.328249e-002
2.778002e+003,6.347644e-002
2.778484e+003,6.367514e-002
2.778966e+003,6.387412e-002
2.779448e+003,6.406970e-002
2.779930e+003,6.426258e-002
2.780412e+003,6.445619e-002
2.780895e+003,6.465488e-002
2.781377e+003,6.486211e-002
2.781859e+003,6.507733e-002
2.782341e+003,6.529722e-002
2.782823e+003,6.551643e-002
2.783305e+003,6.573138e-002
2.783787e+003,6.594156e-002
2.784269e+003,6.615010e-002
2.784751e+003,6.636175e-002
2.785234e+003,6.658091e-002
2.785716e+003,6.681024e-002
2.786198e+003,6.704825e-002
2.786680e+003,6.729166e-002
2.787162e+003,6.753725e-002
2.787644e+003,6.778374e-002
2.788126e+003,6.803203e-002
2.788608e+003,6.828287e-002
2.789091e+003,6.853747e-002
2.789573e+003,6.879389e-002
2.790055e+003,6.904835e-002
2.790537e+003,6.929729e-002
2.791019e+003,6.953822e-002
2.791501e+003,6.977182e-002
2.791983e+003,7.000329e-002
2.792466e+003,7.023840e-002
2.792948e+003,7.048286e-002
2.793430e+003,7.073872e-002
2.793912e+003,7.100442e-002
2.794394e+003,7.127587e-002
2.794876e+003,7.154973e-002
2.795358e+003,7.182352e-002
2.795840e+003,7.209777e-002
2.796323e+003,7.237461e-002
2.796805e+003,7.265595e-002
2.797287e+003,7.294087e-002
2.797769e+003,7.322693e-002
2.798251e+003,7.350951e-002
2.798733e+003,7.378632e-002
2.799215e+003,7.405757e-002
2.799697e+003,7.432649e-002
2.800179e+003,7.459812e-002
2.800662e+003,7.487711e-002
2.801144e+003,7.516473e-002
2.801626e+003,7.545923e-002
2.802108e+003,7.575674e-002
2.802590e+003,7.605363e-002
2.803072e+003,7.634971e-002
2.803554e+003,7.664783e-002
2.804036e+003,7.695293e-002
2.804519e+003,7.727078e-002
2.805001e+003,7.760435e-002
2.805483e+003,7.795271e-002
2.805965e+003,7.831365e-002
2.806447e+003,7.868323e-002
2.806929e+003,7.905921e-002
2.807411e+003,7.944128e-002
2.807894e+003,7.983085e-002
2.808375e+003,8.022819e-002
2.808858e+003,8.063175e-002
2.809340e+003,8.103817e-002
2.809822e+003,8.144245e-002
2.810304e+003,8.184104e-002
2.810786e+003,8.223427e-002
2.811268e+003,8.262676e-002
2.811750e+003,8.302580e-002
2.812233e+003,8.343904e-002
2.812715e+003,8.387173e-002
2.813197e+003,8.432437e-002
2.813679e+003,8.479389e-002
2.814161e+003,8.527607e-002
2.814643e+003,8.576746e-002
2.815125e+003,8.626823e-002
2.815607e+003,8.678117e-002
2.816090e+003,8.731140e-002
2.816572e+003,8.786292e-002
2.817054e+003,8.843742e-002
2.817536e+003,8.903413e-002
2.818018e+003,8.965083e-002
2.818500e+003,9.028492e-002
2.818982e+003,9.093492e-002
2.819464e+003,9.160148e-002
2.819947e+003,9.228572e-002
2.820429e+003,9.298974e-002
2.820911e+003,9.371474e-002
2.821393e+003,9.446172e-002
2.821875e+003,9.523261e-002
2.822357e+003,9.603041e-002
2.822839e+003,9.685997e-002
2.823322e+003,9.772650e-002
2.823803e+003,9.863520e-002
2.824286e+003,9.958958e-002
2.824768e+003,1.005907e-001
2.825250e+003,1.016399e-001
2.825732e+003,1.027381e-001
2.826214e+003,1.038879e-001
2.826696e+003,1.050939e-001
2.827178e+003,1.063608e-001
2.827661e+003,1.076921e-001
2.828143e+003,1.090892e-001
2.828625e+003,1.105511e-001
2.829107e+003,1.120762e-001
2.829589e+003,1.136646e-001
2.830071e+003,1.153192e-001
2.830553e+003,1.170462e-001
2.831035e+003,1.188548e-001
2.831518e+003,1.207547e-001
2.832000e+003,1.227531e-001
2.832482e+003,1.248554e-001
2.832964e+003,1.270668e-001
2.833446e+003,1.293940e-001
2.833928e+003,1.318468e-001
2.834410e+003,1.344402e-001
2.834892e+003,1.371926e-001
2.835375e+003,1.401240e-001
2.835857e+003,1.432538e-001
2.836339e+003,1.465998e-001
2.836821e+003,1.501789e-001
2.837303e+003,1.540094e-001
2.837785e+003,1.581142e-001
2.838267e+003,1.625204e-001
2.838750e+003,1.672583e-001
2.839231e+003,1.723599e-001
2.839714e+003,1.778532e-001
2.840196e+003,1.837603e-001
2.840678e+003,1.900958e-001
2.841160e+003,1.968683e-001
2.841642e+003,2.040790e-001
2.842124e+003,2.117245e-001
2.842606e+003,2.197940e-001
2.843089e+003,2.282642e-001
2.843571e+003,2.370941e-001
2.844053e+003,2.462194e-001
2.844535e+003,2.555480e-001
2.845017e+003,2.649641e-001
2.845499e+003,2.743280e-001
2.845981e+003,2.834889e-001
2.846463e+003,2.922910e-001
2.846946e+003,3.005858e-001
2.847428e+003,3.082380e-001
2.847910e+003,3.151354e-001
2.848392e+003,3.211922e-001
2.848874e+003,3.263547e-001
2.849356e+003,3.306002e-001
2.849838e+003,3.339334e-001
2.850320e+003,3.363773e-001
2.850802e+003,3.379616e-001
2.851285e+003,3.387130e-001
2.851767e+003,3.386481e-001
2.852249e+003,3.377732e-001
2.852731e+003,3.360928e-001
2.853213e+003,3.336184e-001
2.853695e+003,3.303769e-001
2.854177e+003,3.264148e-001
2.854659e+003,3.217966e-001
2.855142e+003,3.165981e-001
2.855624e+003,3.109001e-001
2.856106e+003,3.047860e-001
2.856588e+003,2.983399e-001
2.857070e+003,2.916470e-001
2.857552e+003,2.847969e-001
2.858034e+003,2.778804e-001
2.858517e+003,2.709851e-001
2.858999e+003,2.641902e-001
2.859481e+003,2.575628e-001
2.859963e+003,2.511565e-001
2.860445e+003,2.450148e-001
2.860927e+003,2.391734e-001
2.861409e+003,2.336655e-001
2.861891e+003,2.285200e-001
2.862374e+003,2.237629e-001
2.862856e+003,2.194121e-001
2.863338e+003,2.154765e-001
2.863820e+003,2.119568e-001
2.864302e+003,2.088463e-001
2.864784e+003,2.061346e-001
2.865266e+003,2.038097e-001
2.865748e+003,2.018572e-001
2.866230e+003,2.002594e-001
2.866713e+003,1.989917e-001
2.867195e+003,1.980204e-001
2.867677e+003,1.973048e-001
2.868159e+003,1.967952e-001
2.868641e+003,1.964395e-001
2.869123e+003,1.961836e-001
2.869605e+003,1.959737e-001
2.870088e+003,1.957579e-001
2.870570e+003,1.954880e-001
2.871052e+003,1.951203e-001
2.871534e+003,1.946208e-001
2.872016e+003,1.939699e-001
2.872498e+003,1.931635e-001
2.872980e+003,1.922167e-001
2.873462e+003,1.911600e-001
2.873945e+003,1.900327e-001
2.874427e+003,1.888774e-001
2.874909e+003,1.877344e-001
2.875391e+003,1.866396e-001
2.875873e+003,1.856226e-001
2.876355e+003,1.847102e-001
2.876837e+003,1.839249e-001
2.877319e+003,1.832857e-001
2.877802e+003,1.828082e-001
2.878284e+003,1.824983e-001
2.878766e+003,1.823574e-001
2.879248e+003,1.823803e-001
2.879730e+003,1.825591e-001
2.880212e+003,1.828871e-001
2.880694e+003,1.833597e-001
2.881176e+003,1.839750e-001
2.881658e+003,1.847307e-001
2.882141e+003,1.856235e-001
2.882623e+003,1.866463e-001
2.883105e+003,1.877903e-001
2.883587e+003,1.890465e-001
2.884069e+003,1.904096e-001
2.884551e+003,1.918781e-001
2.885033e+003,1.934533e-001
2.885516e+003,1.951381e-001
2.885998e+003,1.969316e-001
2.886480e+003,1.988285e-001
2.886962e+003,2.008186e-001
2.887444e+003,2.028910e-001
2.887926e+003,2.050363e-001
2.888408e+003,2.072497e-001
2.888890e+003,2.095307e-001
2.889373e+003,2.118811e-001
2.889855e+003,2.143009e-001
2.890337e+003,2.167870e-001
2.890819e+003,2.193306e-001
2.891301e+003,2.219223e-001
2.891783e+003,2.245517e-001
2.892265e+003,2.272121e-001
2.892747e+003,2.299014e-001
2.893229e+003,2.326193e-001
2.893712e+003,2.353657e-001
2.894194e+003,2.381389e-001
2.894676e+003,2.409360e-001
2.895158e+003,2.437535e-001
2.895640e+003,2.465933e-001
2.896122e+003,2.494612e-001
2.896604e+003,2.523681e-001
2.897086e+003,2.553269e-001
2.897569e+003,2.583483e-001
2.898051e+003,2.614368e-001
2.898533e+003,2.645926e-001
2.899015e+003,2.678136e-001
2.899497e+003,2.710984e-001
2.899979e+003,2.744508e-001
2.900461e+003,2.778811e-001
2.900944e+003,2.814034e-001
2.901426e+003,2.850320e-001
2.901908e+003,2.887776e-001
2.902390e+003,2.926471e-001
2.902872e+003,2.966455e-001
2.903354e+003,3.007770e-001
2.903836e+003,3.050501e-001
2.904318e+003,3.094775e-001
2.904801e+003,3.140747e-001
2.905283e+003,3.188566e-001
2.905765e+003,3.238343e-001
2.906247e+003,3.290156e-001
2.906729e+003,3.344066e-001
2.907211e+003,3.400147e-001
2.907693e+003,3.458505e-001
2.908175e+003,3.519283e-001
2.908657e+003,3.582605e-001
2.909140e+003,3.648537e-001
2.909622e+003,3.717022e-001
2.910104e+003,3.787872e-001
2.910586e+003,3.860793e-001
2.911068e+003,3.935397e-001
2.911550e+003,4.011267e-001
2.912032e+003,4.087968e-001
2.912514e+003,4.165015e-001
2.912997e+003,4.241850e-001
2.913479e+003,4.317798e-001
2.913961e+003,4.392103e-001
2.914443e+003,4.463970e-001
2.914925e+003,4.532664e-001
2.915407e+003,4.597594e-001
2.915889e+003,4.658348e-001
2.916372e+003,4.714688e-001
2.916854e+003,4.766470e-001
2.917336e+003,4.813571e-001
2.917818e+003,4.855851e-001
2.918300e+003,4.893119e-001
2.918782e+003,4.925193e-001
2.919264e+003,4.951916e-001
2.919746e+003,4.973193e-001
2.920229e+003,4.988961e-001
2.920711e+003,4.999148e-001
2.921193e+003,5.003648e-001
2.921675e+003,5.002315e-001
2.922157e+003,4.995031e-001
2.922639e+003,4.981750e-001
2.923121e+003,4.962583e-001
2.923603e+003,4.937792e-001
2.924085e+003,4.907752e-001
2.924568e+003,4.872869e-001
2.925050e+003,4.833518e-001
2.925532e+003,4.790023e-001
2.926014e+003,4.742668e-001
2.926496e+003,4.691748e-001
2.926978e+003,4.637608e-001
2.927460e+003,4.580650e-001
2.927942e+003,4.521281e-001
2.928425e+003,4.459866e-001
2.928907e+003,4.396686e-001
2.929389e+003,4.331917e-001
2.929871e+003,4.265717e-001
2.930353e+003,4.198247e-001
2.930835e+003,4.129759e-001
2.931317e+003,4.060555e-001
2.931800e+003,3.990992e-001
2.932281e+003,3.921390e-001
2.932764e+003,3.851983e-001
2.933246e+003,3.782944e-001
2.933728e+003,3.714376e-001
2.934210e+003,3.646387e-001
2.934692e+003,3.579132e-001
2.935174e+003,3.512796e-001
2.935656e+003,3.447593e-001
2.936139e+003,3.383711e-001
2.936621e+003,3.321269e-001
2.937103e+003,3.260331e-001
2.937585e+003,3.200931e-001
2.938067e+003,3.143119e-001
2.938549e+003,3.086985e-001
2.939031e+003,3.032672e-001
2.939513e+003,2.980335e-001
2.939996e+003,2.930115e-001
2.940478e+003,2.882102e-001
2.940960e+003,2.836345e-001
2.941442e+003,2.792872e-001
2.941924e+003,2.751718e-001
2.942406e+003,2.712966e-001
2.942888e+003,2.676714e-001
2.943370e+003,2.643080e-001
2.943853e+003,2.612145e-001
2.944335e+003,2.583928e-001
2.944817e+003,2.558424e-001
2.945299e+003,2.535602e-001
2.945781e+003,2.515457e-001
2.946263e+003,2.498004e-001
2.946745e+003,2.483280e-001
2.947228e+003,2.471304e-001
2.947709e+003,2.462021e-001
2.948192e+003,2.455266e-001
2.948674e+003,2.450780e-001
2.949156e+003,2.448247e-001
2.949638e+003,2.447313e-001
2.950120e+003,2.447655e-001
2.950602e+003,2.448982e-001
2.951084e+003,2.451019e-001
2.951567e+003,2.453468e-001
2.952049e+003,2.456008e-001
2.952531e+003,2.458272e-001
2.953013e+003,2.459892e-001
2.953495e+003,2.460548e-001
2.953977e+003,2.459984e-001
2.954459e+003,2.458042e-001
2.954941e+003,2.454636e-001
2.955424e+003,2.449714e-001
2.955906e+003,2.443221e-001
2.956388e+003,2.435102e-001
2.956870e+003,2.425303e-001
2.957352e+003,2.413805e-001
2.957834e+003,2.400641e-001
2.958316e+003,2.385887e-001
2.958798e+003,2.369652e-001
2.959281e+003,2.352019e-001
2.959763e+003,2.333041e-001
2.960245e+003,2.312740e-001
2.960727e+003,2.291130e-001
2.961209e+003,2.268267e-001
2.961691e+003,2.244257e-001
2.962173e+003,2.219262e-001
2.962656e+003,2.193483e-001
2.963137e+003,2.167103e-001
2.963620e+003,2.140264e-001
2.964102e+003,2.113063e-001
2.964584e+003,2.085598e-001
2.965066e+003,2.057948e-001
2.965548e+003,2.030245e-001
2.966030e+003,2.002650e-001
2.966512e+003,1.975329e-001
2.966995e+003,1.948411e-001
2.967477e+003,1.921980e-001
2.967959e+003,1.896070e-001
2.968441e+003,1.870697e-001
2.968923e+003,1.845881e-001
2.969405e+003,1.821682e-001
2.969887e+003,1.798178e-001
2.970369e+003,1.775464e-001
2.970852e+003,1.753602e-001
2.971334e+003,1.732598e-001
2.971816e+003,1.712404e-001
2.972298e+003,1.692947e-001
2.972780e+003,1.674146e-001
2.973262e+003,1.655953e-001
2.973744e+003,1.638343e-001
2.974226e+003,1.621320e-001
2.974708e+003,1.604892e-001
2.975191e+003,1.589048e-001
2.975673e+003,1.573772e-001
2.976155e+003,1.559045e-001
2.976637e+003,1.544859e-001
2.977119e+003,1.531230e-001
2.977601e+003,1.518184e-001
2.978083e+003,1.505734e-001
2.978565e+003,1.493854e-001
2.979048e+003,1.482477e-001
2.979530e+003,1.471505e-001
2.980012e+003,1.460845e-001
2.980494e+003,1.450420e-001
2.980976e+003,1.440203e-001
2.981458e+003,1.430213e-001
2.981940e+003,1.420491e-001
2.982423e+003,1.411086e-001
2.982905e+003,1.402029e-001
2.983387e+003,1.393342e-001
2.983869e+003,1.385037e-001
2.984351e+003,1.377152e-001
2.984833e+003,1.369716e-001
2.985315e+003,1.362781e-001
2.985797e+003,1.356370e-001
2.986280e+003,1.350474e-001
2.986762e+003,1.345053e-001
2.987244e+003,1.340049e-001
2.987726e+003,1.335415e-001
2.988208e+003,1.331139e-001
2.988690e+003,1.327262e-001
2.989172e+003,1.323844e-001
2.989654e+003,1.320948e-001
2.990136e+003,1.318611e-001
2.990619e+003,1.316821e-001
2.991101e+003,1.315536e-001
2.991583e+003,1.314718e-001
2.992065e+003,1.314346e-001
2.992547e+003,1.314455e-001
2.993029e+003,1.315120e-001
2.993511e+003,1.316414e-001
2.993994e+003,1.318398e-001
2.994476e+003,1.321076e-001
2.994958e+003,1.324410e-001
2.995440e+003,1.328332e-001
2.995922e+003,1.332761e-001
2.996404e+003,1.337640e-001
2.996886e+003,1.342920e-001
2.997368e+003,1.348568e-001
2.997851e+003,1.354522e-001
2.998333e+003,1.360705e-001
2.998815e+003,1.367010e-001
2.999297e+003,1.373335e-001
2.999779e+003,1.379601e-001
3.000261e+003,1.385746e-001
3.000743e+003,1.391744e-001
3.001225e+003,1.397564e-001
3.001708e+003,1.403162e-001
3.002190e+003,1.408439e-001
3.002672e+003,1.413287e-001
3.003154e+003,1.417592e-001
3.003636e+003,1.421263e-001
3.004118e+003,1.424273e-001
3.004600e+003,1.426618e-001
3.005082e+003,1.428340e-001
3.005564e+003,1.429464e-001
3.006047e+003,1.430001e-001
3.006529e+003,1.429932e-001
3.007011e+003,1.429237e-001
3.007493e+003,1.427915e-001
3.007975e+003,1.425994e-001
3.008457e+003,1.423539e-001
3.008939e+003,1.420627e-001
3.009422e+003,1.417316e-001
3.009904e+003,1.413639e-001
3.010386e+003,1.409599e-001
3.010868e+003,1.405212e-001
3.011350e+003,1.400496e-001
3.011832e+003,1.395519e-001
3.012314e+003,1.390376e-001
3.012796e+003,1.385169e-001
3.013279e+003,1.379976e-001
3.013761e+003,1.374850e-001
3.014243e+003,1.369803e-001
3.014725e+003,1.364850e-001
3.015207e+003,1.360019e-001
3.015689e+003,1.355368e-001
3.016171e+003,1.350977e-001
3.016653e+003,1.346920e-001
3.017135e+003,1.343247e-001
3.017618e+003,1.339943e-001
3.018100e+003,1.336980e-001
3.018582e+003,1.334306e-001
3.019064e+003,1.331894e-001
3.019546e+003,1.329751e-001
3.020028e+003,1.327934e-001
3.020510e+003,1.326499e-001
3.020992e+003,1.325504e-001
3.021475e+003,1.324956e-001
3.021957e+003,1.324821e-001
3.022439e+003,1.325039e-001
3.022921e+003,1.325542e-001
3.023403e+003,1.326263e-001
3.023885e+003,1.327160e-001
3.024367e+003,1.328192e-001
3.024850e+003,1.329319e-001
3.025332e+003,1.330493e-001
3.025814e+003,1.331670e-001
3.026296e+003,1.332829e-001
3.026778e+003,1.333984e-001
3.027260e+003,1.335172e-001
3.027742e+003,1.336447e-001
3.028224e+003,1.337845e-001
3.028707e+003,1.339360e-001
3.029189e+003,1.340949e-001
3.029671e+003,1.342543e-001
3.030153e+003,1.344078e-001
3.030635e+003,1.345532e-001
3.031117e+003,1.346924e-001
3.031599e+003,1.348317e-001
3.032081e+003,1.349758e-001
3.032563e+003,1.351265e-001
3.033046e+003,1.352794e-001
3.033528e+003,1.354279e-001
3.034010e+003,1.355654e-001
3.034492e+003,1.356885e-001
3.034974e+003,1.358007e-001
3.035456e+003,1.359109e-001
3.035938e+003,1.360284e-001
3.036420e+003,1.361615e-001
3.036903e+003,1.363127e-001
3.037385e+003,1.364799e-001
3.037867e+003,1.366578e-001
3.038349e+003,1.368430e-001
3.038831e+003,1.370334e-001
3.039313e+003,1.372303e-001
3.039795e+003,1.374369e-001
3.040278e+003,1.376534e-001
3.040760e+003,1.378767e-001
3.041242e+003,1.381011e-001
3.041724e+003,1.383201e-001
3.042206e+003,1.385287e-001
3.042688e+003,1.387261e-001
3.043170e+003,1.389148e-001
3.043652e+003,1.390980e-001
3.044135e+003,1.392776e-001
3.044617e+003,1.394521e-001
3.045099e+003,1.396177e-001
3.045581e+003,1.397711e-001
3.046063e+003,1.399135e-001
3.046545e+003,1.400505e-001
3.047027e+003,1.401927e-001
3.047509e+003,1.403514e-001
3.047991e+003,1.405336e-001
3.048474e+003,1.407397e-001
3.048956e+003,1.409617e-001
3.049438e+003,1.411880e-001
3.049920e+003,1.414078e-001
3.050402e+003,1.416136e-001
3.050884e+003,1.418049e-001
3.051366e+003,1.419860e-001
3.051848e+003,1.421626e-001
3.052331e+003,1.423397e-001
3.052813e+003,1.425187e-001
3.053295e+003,1.426987e-001
3.053777e+003,1.428768e-001
3.054259e+003,1.430516e-001
3.054741e+003,1.432219e-001
3.055223e+003,1.433884e-001
3.055706e+003,1.435505e-001
3.056188e+003,1.437055e-001
3.056670e+003,1.438503e-001
3.057152e+003,1.439818e-001
3.057634e+003,1.441005e-001
3.058116e+003,1.442096e-001
3.058598e+003,1.443162e-001
3.059080e+003,1.444271e-001
3.059563e+003,1.445474e-001
3.060045e+003,1.446771e-001
3.060527e+003,1.448111e-001
3.061009e+003,1.449420e-001
3.061491e+003,1.450626e-001
3.061973e+003,1.451683e-001
3.062455e+003,1.452596e-001
3.062937e+003,1.453397e-001
3.063419e+003,1.454121e-001
3.063902e+003,1.454798e-001
3.064384e+003,1.455429e-001
3.064866e+003,1.455997e-001
3.065348e+003,1.456465e-001
3.065830e+003,1.456807e-001
3.066312e+003,1.456996e-001
3.066794e+003,1.457012e-001
3.067276e+003,1.456835e-001
3.067759e+003,1.456439e-001
3.068241e+003,1.455799e-001
3.068723e+003,1.454927e-001
3.069205e+003,1.453840e-001
3.069687e+003,1.452610e-001
3.070169e+003,1.451313e-001
3.070651e+003,1.450033e-001
3.071134e+003,1.448823e-001
3.071615e+003,1.447706e-001
3.072098e+003,1.446690e-001
3.072580e+003,1.445770e-001
3.073062e+003,1.444962e-001
3.073544e+003,1.444288e-001
3.074026e+003,1.443777e-001
3.074508e+003,1.443425e-001
3.074990e+003,1.443202e-001
3.075473e+003,1.443024e-001
3.075955e+003,1.442792e-001
3.076437e+003,1.442439e-001
3.076919e+003,1.441918e-001
3.077401e+003,1.441254e-001
3.077883e+003,1.440516e-001
3.078365e+003,1.439785e-001
3.078847e+003,1.439102e-001
3.079330e+003,1.438471e-001
3.079812e+003,1.437854e-001
3.080294e+003,1.437200e-001
3.080776e+003,1.436487e-001
3.081258e+003,1.435727e-001
3.081740e+003,1.434972e-001
3.082222e+003,1.434280e-001
3.082704e+003,1.433694e-001
3.083187e+003,1.433198e-001
3.083669e+003,1.432735e-001
3.084151e+003,1.432228e-001
3.084633e+003,1.431613e-001
3.085115e+003,1.430869e-001
3.085597e+003,1.430018e-001
3.086079e+003,1.429129e-001
3.086562e+003,1.428267e-001
3.087043e+003,1.427487e-001
3.087526e+003,1.426807e-001
3.088008e+003,1.426237e-001
3.088490e+003,1.425746e-001
3.088972e+003,1.425304e-001
3.089454e+003,1.424877e-001
3.089936e+003,1.424412e-001
3.090418e+003,1.423858e-001
3.090901e+003,1.423150e-001
3.091383e+003,1.422248e-001
3.091865e+003,1.421164e-001
3.092347e+003,1.419954e-001
3.092829e+003,1.418727e-001
3.093311e+003,1.417609e-001
3.093793e+003,1.416704e-001
3.094275e+003,1.416073e-001
3.094758e+003,1.415710e-001
3.095240e+003,1.415561e-001
3.095722e+003,1.415576e-001
3.096204e+003,1.415727e-001
3.096686e+003,1.416023e-001
3.097168e+003,1.416502e-001
3.097650e+003,1.417191e-001
3.098132e+003,1.418075e-001
3.098615e+003,1.419078e-001
3.099097e+003,1.420077e-001
3.099579e+003,1.420959e-001
3.100061e+003,1.421640e-001
3.100543e+003,1.422110e-001
3.101025e+003,1.422427e-001
3.101507e+003,1.422688e-001
3.101990e+003,1.422986e-001
3.102471e+003,1.423370e-001
3.102954e+003,1.423861e-001
3.103436e+003,1.424455e-001
3.103918e+003,1.425153e-001
3.104400e+003,1.425986e-001
3.104882e+003,1.427013e-001
3.105364e+003,1.428284e-001
3.105846e+003,1.429818e-001
3.106329e+003,1.431590e-001
3.106811e+003,1.433505e-001
3.107293e+003,1.435465e-001
3.107775e+003,1.437364e-001
3.108257e+003,1.439150e-001
3.108739e+003,1.440797e-001
3.109221e+003,1.442332e-001
3.109703e+003,1.443772e-001
3.110186e+003,1.445136e-001
3.110668e+003,1.446433e-001
3.111150e+003,1.447687e-001
3.111632e+003,1.448948e-001
3.112114e+003,1.450302e-001
3.112596e+003,1.451852e-001
3.113078e+003,1.453675e-001
3.113560e+003,1.455796e-001
3.114042e+003,1.458173e-001
3.114525e+003,1.460706e-001
3.115007e+003,1.463273e-001
3.115489e+003,1.465780e-001
3.115971e+003,1.468190e-001
3.116453e+003,1.470506e-001
3.116935e+003,1.472786e-001
3.117417e+003,1.475053e-001
3.117900e+003,1.477316e-001
3.118382e+003,1.479538e-001
3.118864e+003,1.481685e-001
3.119346e+003,1.483735e-001
3.119828e+003,1.485714e-001
3.120310e+003,1.487695e-001
3.120792e+003,1.489754e-001
3.121274e+003,1.491953e-001
3.121757e+003,1.494287e-001
3.122239e+003,1.496714e-001
3.122721e+003,1.499166e-001
3.123203e+003,1.501584e-001
3.123685e+003,1.503959e-001
3.124167e+003,1.506331e-001
3.124649e+003,1.508779e-001
3.125131e+003,1.511382e-001
3.125614e+003,1.514179e-001
3.126096e+003,1.517175e-001
3.126578e+003,1.520341e-001
3.127060e+003,1.523619e-001
3.127542e+003,1.526979e-001
3.128024e+003,1.530378e-001
3.128506e+003,1.533796e-001
3.128988e+003,1.537193e-001
3.129470e+003,1.540526e-001
3.129953e+003,1.543754e-001
3.130435e+003,1.546858e-001
3.130917e+003,1.549865e-001
3.131399e+003,1.552848e-001
3.131881e+003,1.555901e-001
3.132363e+003,1.559113e-001
3.132845e+003,1.562521e-001
3.133328e+003,1.566099e-001
3.133810e+003,1.569783e-001
3.134292e+003,1.573503e-001
3.134774e+003,1.577219e-001
3.135256e+003,1.580946e-001
3.135738e+003,1.584744e-001
3.136220e+003,1.588657e-001
3.136702e+003,1.592700e-001
3.137185e+003,1.596827e-001
3.137667e+003,1.600936e-001
3.138149e+003,1.604931e-001
3.138631e+003,1.608748e-001
3.139113e+003,1.612392e-001
3.139595e+003,1.615937e-001
3.140077e+003,1.619479e-001
3.140559e+003,1.623080e-001
3.141042e+003,1.626766e-001
3.141524e+003,1.630488e-001
3.142006e+003,1.634189e-001
3.142488e+003,1.637815e-001
3.142970e+003,1.641378e-001
3.143452e+003,1.644932e-001
3.143934e+003,1.648558e-001
3.144417e+003,1.652326e-001
3.144898e+003,1.656243e-001
3.145381e+003,1.660274e-001
3.145863e+003,1.664359e-001
3.146345e+003,1.668445e-001
3.146827e+003,1.672533e-001
3.147309e+003,1.676654e-001
3.147791e+003,1.680872e-001
3.148273e+003,1.685219e-001
3.148756e+003,1.689683e-001
3.149238e+003,1.694205e-001
3.149720e+003,1.698702e-001
3.150202e+003,1.703118e-001
3.150684e+003,1.707430e-001
3.151166e+003,1.711683e-001
3.151648e+003,1.715930e-001
3.152130e+003,1.720212e-001
3.152613e+003,1.724527e-001
3.153095e+003,1.728828e-001
3.153577e+003,1.733052e-001
3.154059e+003,1.737171e-001
3.154541e+003,1.741189e-001
3.155023e+003,1.745176e-001
3.155505e+003,1.749216e-001
3.155987e+003,1.753376e-001
3.156469e+003,1.757663e-001
3.156952e+003,1.762043e-001
3.157434e+003,1.766451e-001
3.157916e+003,1.770847e-001
3.158398e+003,1.775225e-001
3.158880e+003,1.779619e-001
3.159362e+003,1.784083e-001
3.159844e+003,1.788650e-001
3.160326e+003,1.793286e-001
3.160809e+003,1.797924e-001
3.161291e+003,1.802470e-001
3.161773e+003,1.806877e-001
3.162255e+003,1.811149e-001
3.162737e+003,1.815353e-001
3.163219e+003,1.819586e-001
3.163701e+003,1.823928e-001
3.164184e+003,1.828399e-001
3.164666e+003,1.832977e-001
3.165148e+003,1.837599e-001
3.165630e+003,1.842219e-001
3.166112e+003,1.846831e-001
3.166594e+003,1.851460e-001
3.167076e+003,1.856168e-001
3.167558e+003,1.860975e-001
3.168041e+003,1.865859e-001
3.168523e+003,1.870759e-001
3.169005e+003,1.875595e-001
3.169487e+003,1.880323e-001
3.169969e+003,1.884959e-001
3.170451e+003,1.889568e-001
3.170933e+003,1.894225e-001
3.171415e+003,1.898979e-001
3.171897e+003,1.903801e-001
3.172380e+003,1.908606e-001
3.172862e+003,1.913294e-001
3.173344e+003,1.917798e-001
3.173826e+003,1.922141e-001
3.174308e+003,1.926405e-001
3.174790e+003,1.930735e-001
3.175272e+003,1.935236e-001
3.175754e+003,1.939954e-001
3.176237e+003,1.944840e-001
3.176719e+003,1.949779e-001
3.177201e+003,1.954643e-001
3.177683e+003,1.959361e-001
3.178165e+003,1.963910e-001
3.178647e+003,1.968334e-001
3.179129e+003,1.972700e-001
3.179612e+003,1.977047e-001
3.180094e+003,1.981382e-001
3.180576e+003,1.985684e-001
3.181058e+003,1.989941e-001
3.181540e+003,1.994170e-001
3.182022e+003,1.998401e-001
3.182504e+003,2.002684e-001
3.182986e+003,2.007037e-001
3.183469e+003,2.011427e-001
3.183951e+003,2.015791e-001
3.184433e+003,2.020051e-001
3.184915e+003,2.024186e-001
3.185397e+003,2.028220e-001
3.185879e+003,2.032246e-001
3.186361e+003,2.036360e-001
3.186843e+003,2.040627e-001
3.187325e+003,2.045036e-001
3.187808e+003,2.049509e-001
3.188290e+003,2.053934e-001
3.188772e+003,2.058228e-001
3.189254e+003,2.062373e-001
3.189736e+003,2.066416e-001
3.190218e+003,2.070435e-001
3.190700e+003,2.074487e-001
3.191182e+003,2.078575e-001
3.191665e+003,2.082638e-001
3.192147e+003,2.086581e-001
3.192629e+003,2.090347e-001
3.193111e+003,2.093935e-001
3.193593e+003,2.097422e-001
3.194075e+003,2.100925e-001
3.194557e+003,2.104547e-001
3.195040e+003,2.108313e-001
3.195521e+003,2.112200e-001
3.196004e+003,2.116117e-001
3.196486e+003,2.119982e-001
3.196968e+003,2.123774e-001
3.197450e+003,2.127523e-001
3.197932e+003,2.131295e-001
3.198414e+003,2.135155e-001
3.198896e+003,2.139110e-001
3.199379e+003,2.143100e-001
3.199861e+003,2.147037e-001
3.200343e+003,2.150829e-001
3.200825e+003,2.154434e-001
3.201307e+003,2.157878e-001
3.201789e+003,2.161235e-001
3.202271e+003,2.164575e-001
3.202753e+003,2.167948e-001
3.203236e+003,2.171361e-001
3.203718e+003,2.174792e-001
3.204200e+003,2.178222e-001
3.204682e+003,2.181657e-001
3.205164e+003,2.185124e-001
3.205646e+003,2.188655e-001
3.206128e+003,2.192256e-001
3.206610e+003,2.195890e-001
3.207093e+003,2.199485e-001
3.207575e+003,2.202985e-001
3.208057e+003,2.206365e-001
3.208539e+003,2.209669e-001
3.209021e+003,2.212989e-001
3.209503e+003,2.216431e-001
3.209985e+003,2.220047e-001
3.210468e+003,2.223816e-001
3.210949e+003,2.227660e-001
3.211432e+003,2.231477e-001
3.211914e+003,2.235189e-001
3.212396e+003,2.238793e-001
3.212878e+003,2.242351e-001
3.213360e+003,2.245934e-001
3.213842e+003,2.249594e-001
3.214324e+003,2.253304e-001
3.214807e+003,2.257007e-001
3.215289e+003,2.260619e-001
3.215771e+003,2.264113e-001
3.216253e+003,2.267527e-001
3.216735e+003,2.270965e-001
3.217217e+003,2.274545e-001
3.217699e+003,2.278331e-001
3.218181e+003,2.282305e-001
3.218664e+003,2.286369e-001
3.219146e+003,2.290401e-001
3.219628e+003,2.294308e-001
3.220110e+003,2.298090e-001
3.220592e+003,2.301824e-001
3.221074e+003,2.305625e-001
3.221556e+003,2.309587e-001
3.222038e+003,2.313711e-001
3.222521e+003,2.317940e-001
3.223003e+003,2.322180e-001
3.223485e+003,2.326369e-001
3.223967e+003,2.330525e-001
3.224449e+003,2.334729e-001
3.224931e+003,2.339109e-001
3.225413e+003,2.343749e-001
3.225896e+003,2.348658e-001
3.226377e+003,2.353754e-001
3.226860e+003,2.358908e-001
3.227342e+003,2.364020e-001
3.227824e+003,2.369057e-001
3.228306e+003,2.374076e-001
3.228788e+003,2.379187e-001
3.229270e+003,2.384474e-001
3.229752e+003,2.389980e-001
3.230235e+003,2.395649e-001
3.230717e+003,2.401392e-001
3.231199e+003,2.407122e-001
3.231681e+003,2.412815e-001
3.232163e+003,2.418502e-001
3.232645e+003,2.424257e-001
3.233127e+003,2.430134e-001
3.233609e+003,2.436115e-001
3.234092e+003,2.442138e-001
3.234574e+003,2.448117e-001
3.235056e+003,2.454000e-001
3.235538e+003,2.459805e-001
3.236020e+003,2.465635e-001
3.236502e+003,2.471634e-001
3.236984e+003,2.477917e-001
3.237466e+003,2.484523e-001
3.237948e+003,2.491429e-001
3.238431e+003,2.498550e-001
3.238913e+003,2.505811e-001
3.239395e+003,2.513184e-001
3.239877e+003,2.520691e-001
3.240359e+003,2.528365e-001
3.240841e+003,2.536219e-001
3.241323e+003,2.544219e-001
3.241806e+003,2.552268e-001
3.242288e+003,2.560293e-001
3.242770e+003,2.568262e-001
3.243252e+003,2.576234e-001
3.243734e+003,2.584332e-001
3.244216e+003,2.592676e-001
3.244698e+003,2.601326e-001
3.245180e+003,2.610225e-001
3.245663e+003,2.619225e-001
3.246145e+003,2.628157e-001
3.246627e+003,2.636904e-001
3.247109e+003,2.645473e-001
3.247591e+003,2.653970e-001
3.248073e+003,2.662553e-001
3.248555e+003,2.671334e-001
3.249037e+003,2.680334e-001
3.249520e+003,2.689481e-001
3.250002e+003,2.698649e-001
3.250484e+003,2.707748e-001
3.250966e+003,2.716792e-001
3.251448e+003,2.725906e-001
3.251930e+003,2.735264e-001
3.252412e+003,2.745016e-001
3.252894e+003,2.755193e-001
3.253376e+003,2.765694e-001
3.253859e+003,2.776328e-001
3.254341e+003,2.786879e-001
3.254823e+003,2.797206e-001
3.255305e+003,2.807274e-001
3.255787e+003,2.817145e-001
3.256269e+003,2.826903e-001
3.256751e+003,2.836613e-001
3.257234e+003,2.846292e-001
3.257716e+003,2.855923e-001
3.258198e+003,2.865494e-001
3.258680e+003,2.875050e-001
3.259162e+003,2.884679e-001
3.259644e+003,2.894485e-001
3.260126e+003,2.904528e-001
3.260608e+003,2.914793e-001
3.261091e+003,2.925186e-001
3.261573e+003,2.935574e-001
3.262055e+003,2.945855e-001
3.262537e+003,2.956001e-001
3.263019e+003,2.966061e-001
3.263501e+003,2.976118e-001
3.263983e+003,2.986225e-001
3.264465e+003,2.996365e-001
3.264948e+003,3.006456e-001
3.265430e+003,3.016393e-001
3.265912e+003,3.026107e-001
3.266394e+003,3.035621e-001
3.266876e+003,3.045031e-001
3.267358e+003,3.054466e-001
3.267840e+003,3.064013e-001
3.268323e+003,3.073655e-001
3.268804e+003,3.083295e-001
3.269287e+003,3.092779e-001
3.269769e+003,3.101977e-001
3.270251e+003,3.110837e-001
3.270733e+003,3.119397e-001
3.271215e+003,3.127730e-001
3.271697e+003,3.135901e-001
3.272179e+003,3.143907e-001
3.272662e+003,3.151682e-001
3.273144e+003,3.159143e-001
3.273626e+003,3.166227e-001
3.274108e+003,3.172963e-001
3.274590e+003,3.179454e-001
3.275072e+003,3.185823e-001
3.275554e+003,3.192151e-001
3.276036e+003,3.198445e-001
3.276519e+003,3.204632e-001
3.277001e+003,3.210614e-001
3.277483e+003,3.216335e-001
3.277965e+003,3.221812e-001
3.278447e+003,3.227117e-001
3.278929e+003,3.232345e-001
3.279411e+003,3.237517e-001
3.279893e+003,3.242578e-001
3.280375e+003,3.247402e-001
3.280858e+003,3.251863e-001
3.281340e+003,3.255903e-001
3.281822e+003,3.259566e-001
3.282304e+003,3.262997e-001
3.282786e+003,3.266347e-001
3.283268e+003,3.269695e-001
3.283750e+003,3.273000e-001
3.284232e+003,3.276133e-001
3.284715e+003,3.278923e-001
3.285197e+003,3.281253e-001
3.285679e+003,3.283126e-001
3.286161e+003,3.284647e-001
3.286643e+003,3.285975e-001
3.287125e+003,3.287241e-001
3.287607e+003,3.288467e-001
3.288090e+003,3.289596e-001
3.288572e+003,3.290506e-001
3.289054e+003,3.291113e-001
3.289536e+003,3.291402e-001
3.290018e+003,3.291444e-001
3.290500e+003,3.291327e-001
3.290982e+003,3.291120e-001
3.291464e+003,3.290783e-001
3.291947e+003,3.290216e-001
3.292429e+003,3.289289e-001
3.292911e+003,3.287924e-001
3.293393e+003,3.286142e-001
3.293875e+003,3.284039e-001
3.294357e+003,3.281753e-001
3.294839e+003,3.279361e-001
3.295321e+003,3.276861e-001
3.295803e+003,3.274161e-001
3.296286e+003,3.271129e-001
3.296768e+003,3.267685e-001
3.297250e+003,3.263838e-001
3.297732e+003,3.259675e-001
3.298214e+003,3.255325e-001
3.298696e+003,3.250890e-001
3.299178e+003,3.246403e-001
3.299660e+003,3.241835e-001
3.300143e+003,3.237140e-001
3.300625e+003,3.232311e-001
3.301107e+003,3.227425e-001
3.301589e+003,3.222593e-001
3.302071e+003,3.217916e-001
3.302553e+003,3.213426e-001
3.303035e+003,3.209032e-001
3.303518e+003,3.204563e-001
3.304000e+003,3.199840e-001
3.304482e+003,3.194741e-001
3.304964e+003,3.189248e-001
3.305446e+003,3.183462e-001
3.305928e+003,3.177495e-001
3.306410e+003,3.171433e-001
3.306892e+003,3.165269e-001
3.307375e+003,3.158924e-001
3.307857e+003,3.152298e-001
3.308339e+003,3.145337e-001
3.308821e+003,3.138093e-001
3.309303e+003,3.130696e-001
3.309785e+003,3.123305e-001
3.310267e+003,3.116025e-001
3.310749e+003,3.108862e-001
3.311231e+003,3.101751e-001
3.311714e+003,3.094584e-001
3.312196e+003,3.087301e-001
3.312678e+003,3.079931e-001
3.313160e+003,3.072563e-001
3.313642e+003,3.065320e-001
3.314124e+003,3.058258e-001
3.314606e+003,3.051338e-001
3.315088e+003,3.044447e-001
3.315571e+003,3.037461e-001
3.316053e+003,3.030284e-001
3.316535e+003,3.022940e-001
3.317017e+003,3.015527e-001
3.317499e+003,3.008178e-001
3.317981e+003,3.000998e-001
3.318463e+003,2.993999e-001
3.318946e+003,2.987124e-001
3.319427e+003,2.980294e-001
3.319910e+003,2.973455e-001
3.320392e+003,2.966641e-001
3.320874e+003,2.959946e-001
3.321356e+003,2.953460e-001
3.321838e+003,2.947232e-001
3.322320e+003,2.941205e-001
3.322802e+003,2.935247e-001
3.323285e+003,2.929195e-001
3.323767e+003,2.922934e-001
3.324249e+003,2.916429e-001
3.324731e+003,2.909742e-001
3.325213e+003,2.902972e-001
3.325695e+003,2.896198e-001
3.326177e+003,2.889439e-001
3.326659e+003,2.882666e-001
3.327142e+003,2.875839e-001
3.327624e+003,2.868960e-001
3.328106e+003,2.862112e-001
3.328588e+003,2.855405e-001
3.329070e+003,2.848959e-001
3.329552e+003,2.842820e-001
3.330034e+003,2.836929e-001
3.330516e+003,2.831155e-001
3.330999e+003,2.825368e-001
3.331481e+003,2.819489e-001
3.331963e+003,2.813552e-001
3.332445e+003,2.807666e-001
3.332927e+003,2.801969e-001
3.333409e+003,2.796555e-001
3.333891e+003,2.791402e-001
3.334374e+003,2.786416e-001
3.334855e+003,2.781454e-001
3.335338e+003,2.776404e-001
3.335820e+003,2.771237e-001
3.336302e+003,2.766008e-001
3.336784e+003,2.760791e-001
3.337266e+003,2.755634e-001
3.337748e+003,2.750514e-001
3.338230e+003,2.745349e-001
3.338713e+003,2.740037e-001
3.339195e+003,2.734544e-001
3.339677e+003,2.728907e-001
3.340159e+003,2.723255e-001
3.340641e+003,2.717731e-001
3.341123e+003,2.712421e-001
3.341605e+003,2.707323e-001
3.342087e+003,2.702345e-001
3.342570e+003,2.697361e-001
3.343052e+003,2.692278e-001
3.343534e+003,2.687077e-001
3.344016e+003,2.681823e-001
3.344498e+003,2.676622e-001
3.344980e+003,2.671553e-001
3.345462e+003,2.666629e-001
3.345944e+003,2.661808e-001
3.346427e+003,2.657016e-001
3.346909e+003,2.652205e-001
3.347391e+003,2.647384e-001
3.347873e+003,2.642614e-001
3.348355e+003,2.637957e-001
3.348837e+003,2.633441e-001
3.349319e+003,2.629011e-001
3.349802e+003,2.624566e-001
3.350283e+003,2.619991e-001
3.350766e+003,2.615231e-001
3.351248e+003,2.610326e-001
3.351730e+003,2.605371e-001
3.352212e+003,2.600493e-001
3.352694e+003,2.595763e-001
3.353176e+003,2.591165e-001
3.353658e+003,2.586606e-001
3.354141e+003,2.581965e-001
3.354623e+003,2.577160e-001
3.355105e+003,2.572188e-001
3.355587e+003,2.567139e-001
3.356069e+003,2.562137e-001
3.356551e+003,2.557279e-001
3.357033e+003,2.552578e-001
3.357515e+003,2.548001e-001
3.357998e+003,2.543457e-001
3.358480e+003,2.538885e-001
3.358962e+003,2.534275e-001
3.359444e+003,2.529668e-001
3.359926e+003,2.525123e-001
3.360408e+003,2.520676e-001
3.360890e+003,2.516300e-001
3.361372e+003,2.511925e-001
3.361854e+003,2.507486e-001
3.362337e+003,2.502951e-001
3.362819e+003,2.498354e-001
3.363301e+003,2.493774e-001
3.363783e+003,2.489296e-001
3.364265e+003,2.484952e-001
3.364747e+003,2.480686e-001
3.365229e+003,2.476403e-001
3.365712e+003,2.471997e-001
3.366194e+003,2.467426e-001
3.366676e+003,2.462713e-001
3.367158e+003,2.457967e-001
3.367640e+003,2.453293e-001
3.368122e+003,2.448743e-001
3.368604e+003,2.444287e-001
3.369086e+003,2.439841e-001
3.369569e+003,2.435304e-001
3.370051e+003,2.430646e-001
3.370533e+003,2.425899e-001
3.371015e+003,2.421178e-001
3.371497e+003,2.416590e-001
3.371979e+003,2.412193e-001
3.372461e+003,2.407961e-001
3.372943e+003,2.403791e-001
3.373426e+003,2.399566e-001
3.373908e+003,2.395235e-001
3.374390e+003,2.390821e-001
3.374872e+003,2.386421e-001
3.375354e+003,2.382143e-001
3.375836e+003,2.378034e-001
3.376318e+003,2.374050e-001
3.376800e+003,2.370072e-001
3.377282e+003,2.365972e-001
3.377765e+003,2.361680e-001
3.378247e+003,2.357217e-001
3.378729e+003,2.352718e-001
3.379211e+003,2.348338e-001
3.379693e+003,2.344194e-001
3.380175e+003,2.340306e-001
3.380657e+003,2.336597e-001
3.381140e+003,2.332952e-001
3.381622e+003,2.329269e-001
3.382104e+003,2.325520e-001
3.382586e+003,2.321754e-001
3.383068e+003,2.318049e-001
3.383550e+003,2.314479e-001
3.384032e+003,2.311036e-001
3.384514e+003,2.307654e-001
3.384997e+003,2.304250e-001
3.385479e+003,2.300755e-001
3.385961e+003,2.297180e-001
3.386443e+003,2.293605e-001
3.386925e+003,2.290121e-001
3.387407e+003,2.286795e-001
3.387889e+003,2.283622e-001
3.388371e+003,2.280547e-001
3.388854e+003,2.277474e-001
3.389336e+003,2.274348e-001
3.389818e+003,2.271178e-001
3.390300e+003,2.268015e-001
3.390782e+003,2.264929e-001
3.391264e+003,2.261951e-001
3.391746e+003,2.259033e-001
3.392229e+003,2.256100e-001
3.392710e+003,2.253055e-001
3.393193e+003,2.249866e-001
3.393675e+003,2.246584e-001
3.394157e+003,2.243332e-001
3.394639e+003,2.240233e-001
3.395121e+003,2.237361e-001
3.395603e+003,2.234697e-001
3.396085e+003,2.232153e-001
3.396568e+003,2.229597e-001
3.397050e+003,2.226957e-001
3.397532e+003,2.224225e-001
3.398014e+003,2.221479e-001
3.398496e+003,2.218813e-001
3.398978e+003,2.216293e-001
3.399460e+003,2.213898e-001
3.399942e+003,2.211557e-001
3.400425e+003,2.209159e-001
3.400907e+003,2.206653e-001
3.401389e+003,2.204043e-001
3.401871e+003,2.201411e-001
3.402353e+003,2.198848e-001
3.402835e+003,2.196399e-001
3.403317e+003,2.194038e-001
3.403799e+003,2.191673e-001
3.404281e+003,2.189199e-001
3.404764e+003,2.186576e-001
3.405246e+003,2.183834e-001
3.405728e+003,2.181089e-001
3.406210e+003,2.178479e-001
3.406692e+003,2.176090e-001
3.407174e+003,2.173906e-001
3.407656e+003,2.171840e-001
3.408138e+003,2.169747e-001
3.408621e+003,2.167520e-001
3.409103e+003,2.165123e-001
3.409585e+003,2.162607e-001
3.410067e+003,2.160048e-001
3.410549e+003,2.157530e-001
3.411031e+003,2.155064e-001
3.411513e+003,2.152626e-001
3.411996e+003,2.150171e-001
3.412478e+003,2.147684e-001
3.412960e+003,2.145216e-001
3.413442e+003,2.142857e-001
3.413924e+003,2.140691e-001
3.414406e+003,2.138743e-001
3.414888e+003,2.136951e-001
3.415370e+003,2.135182e-001
3.415853e+003,2.133300e-001
3.416335e+003,2.131230e-001
3.416817e+003,2.128982e-001
3.417299e+003,2.126659e-001
3.417781e+003,2.124383e-001
3.418263e+003,2.122234e-001
3.418745e+003,2.120202e-001
3.419227e+003,2.118189e-001
3.419709e+003,2.116064e-001
3.420192e+003,2.113730e-001
3.420674e+003,2.111185e-001
3.421156e+003,2.108521e-001
3.421638e+003,2.105885e-001
3.422120e+003,2.103391e-001
3.422602e+003,2.101079e-001
3.423084e+003,2.098908e-001
3.423566e+003,2.096798e-001
3.424049e+003,2.094678e-001
3.424531e+003,2.092524e-001
3.425013e+003,2.090359e-001
3.425495e+003,2.088216e-001
3.425977e+003,2.086105e-001
3.426459e+003,2.083974e-001
3.426941e+003,2.081741e-001
3.427424e+003,2.079314e-001
3.427906e+003,2.076675e-001
3.428388e+003,2.073879e-001
3.428870e+003,2.071042e-001
3.429352e+003,2.068307e-001
3.429834e+003,2.065756e-001
3.430316e+003,2.063391e-001
3.430798e+003,2.061131e-001
3.431281e+003,2.058875e-001
3.431763e+003,2.056546e-001
3.432245e+003,2.054119e-001
3.432727e+003,2.051644e-001
3.433209e+003,2.049181e-001
3.433691e+003,2.046761e-001
3.434173e+003,2.044358e-001
3.434655e+003,2.041919e-001
3.435137e+003,2.039389e-001
3.435620e+003,2.036780e-001
3.436102e+003,2.034168e-001
3.436584e+003,2.031673e-001
3.437066e+003,2.029413e-001
3.437548e+003,2.027416e-001
3.438030e+003,2.025632e-001
3.438512e+003,2.023910e-001
3.438994e+003,2.022113e-001
3.439477e+003,2.020138e-001
3.439959e+003,2.017971e-001
3.440441e+003,2.015681e-001
3.440923e+003,2.013360e-001
3.441405e+003,2.011065e-001
3.441887e+003,2.008788e-001
3.442369e+003,2.006467e-001
3.442852e+003,2.004052e-001
3.443333e+003,2.001535e-001
3.443816e+003,1.998980e-001
3.444298e+003,1.996493e-001
3.444780e+003,1.994154e-001
3.445262e+003,1.991972e-001
3.445744e+003,1.989853e-001
3.446226e+003,1.987647e-001
3.446708e+003,1.985206e-001
3.447191e+003,1.982498e-001
3.447673e+003,1.979618e-001
3.448155e+003,1.976754e-001
3.448637e+003,1.974084e-001
3.449119e+003,1.971691e-001
3.449601e+003,1.969516e-001
3.450083e+003,1.967430e-001
3.450565e+003,1.965261e-001
3.451048e+003,1.962915e-001
3.451530e+003,1.960395e-001
3.452012e+003,1.957803e-001
3.452494e+003,1.955278e-001
3.452976e+003,1.952915e-001
3.453458e+003,1.950696e-001
3.453940e+003,1.948531e-001
3.454422e+003,1.946289e-001
3.454905e+003,1.943881e-001
3.455387e+003,1.941315e-001
3.455869e+003,1.938675e-001
3.456351e+003,1.936076e-001
3.456833e+003,1.933598e-001
3.457315e+003,1.931232e-001
3.457797e+003,1.928899e-001
3.458280e+003,1.926480e-001
3.458761e+003,1.923907e-001
3.459244e+003,1.921183e-001
3.459726e+003,1.918378e-001
3.460208e+003,1.915579e-001
3.460690e+003,1.912830e-001
3.461172e+003,1.910090e-001
3.461654e+003,1.907270e-001
3.462136e+003,1.904282e-001
3.462619e+003,1.901118e-001
3.463101e+003,1.897869e-001
3.463583e+003,1.894699e-001
3.464065e+003,1.891762e-001
3.464547e+003,1.889134e-001
3.465029e+003,1.886751e-001
3.465511e+003,1.884449e-001
3.465993e+003,1.882024e-001
3.466476e+003,1.879321e-001
3.466958e+003,1.876286e-001
3.467440e+003,1.872995e-001
3.467922e+003,1.869559e-001
3.468404e+003,1.866099e-001
3.468886e+003,1.862656e-001
3.469368e+003,1.859206e-001
3.469850e+003,1.855711e-001
3.470333e+003,1.852158e-001
3.470815e+003,1.848597e-001
3.471297e+003,1.845124e-001
3.471779e+003,1.841823e-001
3.472261e+003,1.838703e-001
3.472743e+003,1.835684e-001
3.473225e+003,1.832616e-001
3.473708e+003,1.829348e-001
3.474189e+003,1.825811e-001
3.474672e+003,1.822045e-001
3.475154e+003,1.818195e-001
3.475636e+003,1.814421e-001
3.476118e+003,1.810828e-001
3.476600e+003,1.807408e-001
3.477082e+003,1.804067e-001
3.477564e+003,1.800678e-001
3.478047e+003,1.797147e-001
3.478529e+003,1.793476e-001
3.479011e+003,1.789733e-001
3.479493e+003,1.786015e-001
3.479975e+003,1.782380e-001
3.480457e+003,1.778789e-001
3.480939e+003,1.775148e-001
3.481421e+003,1.771360e-001
3.481904e+003,1.767372e-001
3.482386e+003,1.763260e-001
3.482868e+003,1.759180e-001
3.483350e+003,1.755282e-001
3.483832e+003,1.751659e-001
3.484314e+003,1.748282e-001
3.484796e+003,1.745042e-001
3.485278e+003,1.741782e-001
3.485760e+003,1.738390e-001
3.486243e+003,1.734828e-001
3.486725e+003,1.731145e-001
3.487207e+003,1.727404e-001
3.487689e+003,1.723662e-001
3.488171e+003,1.719895e-001
3.488653e+003,1.716040e-001
3.489135e+003,1.712036e-001
3.489618e+003,1.707875e-001
3.490100e+003,1.703629e-001
3.490582e+003,1.699413e-001
3.491064e+003,1.695331e-001
3.491546e+003,1.691420e-001
3.492028e+003,1.687608e-001
3.492510e+003,1.683768e-001
3.492992e+003,1.679771e-001
3.493475e+003,1.675565e-001
3.493957e+003,1.671200e-001
3.494439e+003,1.666820e-001
3.494921e+003,1.662581e-001
3.495403e+003,1.658585e-001
3.495885e+003,1.654813e-001
3.496367e+003,1.651174e-001
3.496849e+003,1.647538e-001
3.497332e+003,1.643833e-001
3.497814e+003,1.640075e-001
3.498296e+003,1.636344e-001
3.498778e+003,1.632739e-001
3.499260e+003,1.629294e-001
3.499742e+003,1.625950e-001
3.500224e+003,1.622560e-001
3.500706e+003,1.618958e-001
3.501188e+003,1.615034e-001
3.501671e+003,1.610773e-001
3.502153e+003,1.606278e-001
3.502635e+003,1.601721e-001
3.503117e+003,1.597237e-001
3.503599e+003,1.592885e-001
3.504081e+003,1.588652e-001
3.504563e+003,1.584487e-001
3.505046e+003,1.580366e-001
3.505528e+003,1.576317e-001
3.506010e+003,1.572397e-001
3.506492e+003,1.568630e-001
3.506974e+003,1.564978e-001
3.507456e+003,1.561320e-001
3.507938e+003,1.557478e-001
3.508420e+003,1.553295e-001
3.508903e+003,1.548731e-001
3.509385e+003,1.543883e-001
3.509867e+003,1.538953e-001
3.510349e+003,1.534164e-001
3.510831e+003,1.529637e-001
3.511313e+003,1.525354e-001
3.511795e+003,1.521207e-001
3.512277e+003,1.517046e-001
3.512760e+003,1.512787e-001
3.513242e+003,1.508432e-001
3.513724e+003,1.504070e-001
3.514206e+003,1.499791e-001
3.514688e+003,1.495652e-001
3.515170e+003,1.491618e-001
3.515652e+003,1.487579e-001
3.516135e+003,1.483417e-001
3.516616e+003,1.479074e-001
3.517099e+003,1.474580e-001
3.517581e+003,1.470053e-001
3.518063e+003,1.465628e-001
3.518545e+003,1.461401e-001
3.519027e+003,1.457371e-001
3.519509e+003,1.453449e-001
3.519991e+003,1.449510e-001
3.520474e+003,1.445437e-001
3.520956e+003,1.441179e-001
3.521438e+003,1.436746e-001
3.521920e+003,1.432164e-001
3.522402e+003,1.427475e-001
3.522884e+003,1.422689e-001
3.523366e+003,1.417807e-001
3.523848e+003,1.412865e-001
3.524331e+003,1.407934e-001
3.524813e+003,1.403131e-001
3.525295e+003,1.398543e-001
3.525777e+003,1.394200e-001
3.526259e+003,1.390016e-001
3.526741e+003,1.385819e-001
3.527223e+003,1.381420e-001
3.527705e+003,1.376699e-001
3.528188e+003,1.371674e-001
3.528670e+003,1.366508e-001
3.529152e+003,1.361412e-001
3.529634e+003,1.356546e-001
3.530116e+003,1.351931e-001
3.530598e+003,1.347461e-001
3.531080e+003,1.342956e-001
3.531563e+003,1.338283e-001
3.532044e+003,1.333399e-001
3.532527e+003,1.328392e-001
3.533009e+003,1.323436e-001
3.533491e+003,1.318666e-001
3.533973e+003,1.314142e-001
3.534455e+003,1.309775e-001
3.534937e+003,1.305419e-001
3.535419e+003,1.300881e-001
3.535902e+003,1.296062e-001
3.536384e+003,1.291000e-001
3.536866e+003,1.285839e-001
3.537348e+003,1.280731e-001
3.537830e+003,1.275775e-001
3.538312e+003,1.270959e-001
3.538794e+003,1.266206e-001
3.539276e+003,1.261428e-001
3.539759e+003,1.256610e-001
3.540241e+003,1.251811e-001
3.540723e+003,1.247150e-001
3.541205e+003,1.242744e-001
3.541687e+003,1.238615e-001
3.542169e+003,1.234672e-001
3.542651e+003,1.230725e-001
3.543133e+003,1.226577e-001
3.543615e+003,1.222076e-001
3.544098e+003,1.217194e-001
3.544580e+003,1.212020e-001
3.545062e+003,1.206689e-001
3.545544e+003,1.201336e-001
3.546026e+003,1.195998e-001
3.546508e+003,1.190665e-001
3.546990e+003,1.185347e-001
3.547472e+003,1.180096e-001
3.547955e+003,1.175029e-001
3.548437e+003,1.170258e-001
3.548919e+003,1.165822e-001
3.549401e+003,1.161646e-001
3.549883e+003,1.157522e-001
3.550365e+003,1.153194e-001
3.550847e+003,1.148421e-001
3.551330e+003,1.143101e-001
3.551812e+003,1.137341e-001
3.552294e+003,1.131426e-001
3.552776e+003,1.125696e-001
3.553258e+003,1.120392e-001
3.553740e+003,1.115582e-001
3.554222e+003,1.111152e-001
3.554704e+003,1.106919e-001
3.555187e+003,1.102722e-001
3.555669e+003,1.098459e-001
3.556151e+003,1.094119e-001
3.556633e+003,1.089719e-001
3.557115e+003,1.085280e-001
3.557597e+003,1.080776e-001
3.558079e+003,1.076164e-001
3.558561e+003,1.071412e-001
3.559043e+003,1.066535e-001
3.559526e+003,1.061619e-001
3.560008e+003,1.056793e-001
3.560490e+003,1.052163e-001
3.560972e+003,1.047773e-001
3.561454e+003,1.043593e-001
3.561936e+003,1.039548e-001
3.562418e+003,1.035578e-001
3.562900e+003,1.031668e-001
3.563383e+003,1.027846e-001
3.563865e+003,1.024146e-001
3.564347e+003,1.020523e-001
3.564829e+003,1.016773e-001
3.565311e+003,1.012525e-001
3.565793e+003,1.007341e-001
3.566275e+003,1.000968e-001
3.566758e+003,9.935660e-002
3.567240e+003,9.857842e-002
3.567722e+003,9.784284e-002
3.568204e+003,9.720334e-002
3.568686e+003,9.666968e-002
3.569168e+003,9.621506e-002
3.569650e+003,9.580300e-002
3.570132e+003,9.540024e-002
3.570615e+003,9.498866e-002
3.571097e+003,9.456477e-002
3.571579e+003,9.413398e-002
3.572061e+003,9.370357e-002
3.572543e+003,9.327631e-002
3.573025e+003,9.284715e-002
3.573507e+003,9.240721e-002
3.573989e+003,9.194881e-002
3.574471e+003,9.147269e-002
3.574954e+003,9.098959e-002
3.575436e+003,9.051540e-002
3.575918e+003,9.006373e-002
3.576400e+003,8.963843e-002
3.576882e+003,8.923133e-002
3.577364e+003,8.882625e-002
3.577846e+003,8.840760e-002
3.578328e+003,8.796664e-002
3.578811e+003,8.750572e-002
3.579293e+003,8.703516e-002
3.579775e+003,8.656702e-002
3.580257e+003,8.610754e-002
3.580739e+003,8.565661e-002
3.581221e+003,8.521058e-002
3.581703e+003,8.476944e-002
3.582186e+003,8.433972e-002
3.582667e+003,8.393419e-002
3.583150e+003,8.356810e-002
3.583632e+003,8.324799e-002
3.584114e+003,8.296780e-002
3.584596e+003,8.270351e-002
3.585078e+003,8.241778e-002
3.585560e+003,8.206551e-002
3.586042e+003,8.160994e-002
3.586525e+003,8.103807e-002
3.587007e+003,8.037693e-002
3.587489e+003,7.968535e-002
3.587971e+003,7.902729e-002
3.588453e+003,7.844150e-002
3.588935e+003,7.793465e-002
3.589417e+003,7.749484e-002
3.589899e+003,7.710700e-002
3.590382e+003,7.676154e-002
3.590864e+003,7.645117e-002
3.591346e+003,7.616927e-002
3.591828e+003,7.590060e-002
3.592310e+003,7.562214e-002
3.592792e+003,7.530868e-002
3.593274e+003,7.493888e-002
3.593756e+003,7.450935e-002
3.594239e+003,7.403662e-002
3.594721e+003,7.355306e-002
3.595203e+003,7.309160e-002
3.595685e+003,7.267087e-002
3.596167e+003,7.229093e-002
3.596649e+003,7.193807e-002
3.597131e+003,7.159419e-002
3.597614e+003,7.124803e-002
3.598095e+003,7.089601e-002
3.598578e+003,7.054160e-002
3.599060e+003,7.018717e-002
3.599542e+003,6.982975e-002
3.600024e+003,6.945872e-002
3.600506e+003,6.906398e-002
3.600988e+003,6.864093e-002
3.601470e+003,6.819970e-002
3.601953e+003,6.776073e-002
3.602435e+003,6.734791e-002
3.602917e+003,6.697960e-002
3.603399e+003,6.666061e-002
3.603881e+003,6.638357e-002
3.604363e+003,6.613193e-002
3.604845e+003,6.588612e-002
3.605327e+003,6.562994e-002
3.605810e+003,6.534995e-002
3.606292e+003,6.503742e-002
3.606774e+003,6.468614e-002
3.607256e+003,6.428877e-002
3.607738e+003,6.384307e-002
3.608220e+003,6.335818e-002
3.608702e+003,6.285627e-002
3.609184e+003,6.236994e-002
3.609667e+003,6.192928e-002
3.610149e+003,6.155196e-002
3.610631e+003,6.123610e-002
3.611113e+003,6.096100e-002
3.611595e+003,6.068900e-002
3.612077e+003,6.037866e-002
3.612559e+003,5.999902e-002
3.613042e+003,5.954751e-002
3.613524e+003,5.905311e-002
3.614006e+003,5.856285e-002
3.614488e+003,5.811560e-002
3.614970e+003,5.772852e-002
3.615452e+003,5.739373e-002
3.615934e+003,5.709074e-002
3.616416e+003,5.679393e-002
3.616898e+003,5.648481e-002
3.617381e+003,5.615107e-002
3.617863e+003,5.579000e-002
3.618345e+003,5.540046e-002
3.618827e+003,5.498210e-002
3.619309e+003,5.453186e-002
3.619791e+003,5.405542e-002
3.620273e+003,5.356808e-002
3.620755e+003,5.309515e-002
3.621238e+003,5.266307e-002
3.621720e+003,5.228968e-002
3.622202e+003,5.197990e-002
3.622684e+003,5.172408e-002
3.623166e+003,5.150282e-002
3.623648e+003,5.129531e-002
3.624130e+003,5.108455e-002
3.624612e+003,5.086582e-002
3.625094e+003,5.064520e-002
3.625577e+003,5.043324e-002
3.626059e+003,5.023563e-002
3.626541e+003,5.004037e-002
3.627023e+003,4.980661e-002
3.627505e+003,4.946567e-002
3.627987e+003,4.894924e-002
3.628469e+003,4.825023e-002
3.628952e+003,4.746956e-002
3.629434e+003,4.676154e-002
3.629916e+003,4.622110e-002
3.630398e+003,4.584751e-002
3.630880e+003,4.558200e-002
3.631362e+003,4.535783e-002
3.631844e+003,4.512199e-002
3.632326e+003,4.484465e-002
3.632809e+003,4.451776e-002
3.633291e+003,4.415382e-002
3.633773e+003,4.377912e-002
3.634255e+003,4.341764e-002
3.634737e+003,4.308115e-002
3.635219e+003,4.276778e-002
3.635701e+003,4.246442e-002
3.636183e+003,4.215894e-002
3.636666e+003,4.184588e-002
3.637148e+003,4.152711e-002
3.637630e+003,4.121007e-002
3.638112e+003,4.090116e-002
3.638594e+003,4.060311e-002
3.639076e+003,4.031222e-002
3.639558e+003,4.002192e-002
3.640041e+003,3.972642e-002
3.640522e+003,3.942432e-002
3.641005e+003,3.911788e-002
3.641487e+003,3.881440e-002
3.641969e+003,3.852176e-002
3.642451e+003,3.824604e-002
3.642933e+003,3.799292e-002
3.643415e+003,3.776673e-002
3.643897e+003,3.757241e-002
3.644380e+003,3.741479e-002
3.644862e+003,3.729485e-002
3.645344e+003,3.720567e-002
3.645826e+003,3.712588e-002
3.646308e+003,3.701973e-002
3.646790e+003,3.683650e-002
3.647272e+003,3.653068e-002
3.647754e+003,3.608166e-002
3.648237e+003,3.550851e-002
3.648719e+003,3.486487e-002
3.649201e+003,3.421340e-002
3.649683e+003,3.360181e-002
3.650165e+003,3.305229e-002
3.650647e+003,3.257245e-002
3.651129e+003,3.216263e-002
3.651611e+003,3.182181e-002
3.652094e+003,3.154479e-002
3.652576e+003,3.132267e-002
3.653058e+003,3.114114e-002
3.653540e+003,3.097921e-002
3.654022e+003,3.081084e-002
3.654504e+003,3.061071e-002
3.654986e+003,3.036019e-002
3.655469e+003,3.005965e-002
3.655950e+003,2.973564e-002
3.656433e+003,2.942592e-002
3.656915e+003,2.916197e-002
3.657397e+003,2.894822e-002
3.657879e+003,2.876752e-002
3.658361e+003,2.859580e-002
3.658843e+003,2.841209e-002
3.659325e+003,2.820761e-002
3.659808e+003,2.798348e-002
3.660290e+003,2.774723e-002
3.660772e+003,2.750650e-002
3.661254e+003,2.726403e-002
3.661736e+003,2.701659e-002
3.662218e+003,2.675851e-002
3.662700e+003,2.648955e-002
3.663182e+003,2.621698e-002
3.663665e+003,2.595426e-002
3.664147e+003,2.571977e-002
3.664629e+003,2.552536e-002
3.665111e+003,2.537335e-002
3.665593e+003,2.525711e-002
3.666075e+003,2.516467e-002
3.666557e+003,2.508220e-002
3.667039e+003,2.500243e-002
3.667521e+003,2.492141e-002
3.668004e+003,2.483506e-002
3.668486e+003,2.473265e-002
3.668968e+003,2.458910e-002
3.669450e+003,2.437429e-002
3.669932e+003,2.407871e-002
3.670414e+003,2.373040e-002
3.670896e+003,2.338257e-002
3.671378e+003,2.308274e-002
3.671861e+003,2.285434e-002
3.672343e+003,2.269639e-002
3.672825e+003,2.258741e-002
3.673307e+003,2.248595e-002
3.673789e+003,2.233199e-002
3.674271e+003,2.205482e-002
3.674753e+003,2.161112e-002
3.675236e+003,2.104588e-002
3.675718e+003,2.049094e-002
3.676200e+003,2.006629e-002
3.676682e+003,1.979816e-002
3.677164e+003,1.964027e-002
3.677646e+003,1.953294e-002
3.678128e+003,1.943298e-002
3.678610e+003,1.932054e-002
3.679093e+003,1.919599e-002
3.679575e+003,1.907277e-002
3.680057e+003,1.896656e-002
3.680539e+003,1.888464e-002
3.681021e+003,1.882318e-002
3.681503e+003,1.877171e-002
3.681985e+003,1.871776e-002
3.682467e+003,1.865281e-002
3.682949e+003,1.857648e-002
3.683432e+003,1.849286e-002
3.683914e+003,1.840859e-002
3.684396e+003,1.832839e-002
3.684878e+003,1.825125e-002
3.685360e+003,1.817447e-002
3.685842e+003,1.809237e-002
3.686324e+003,1.800159e-002
3.686806e+003,1.790240e-002
3.687289e+003,1.779787e-002
3.687771e+003,1.769123e-002
3.688253e+003,1.758073e-002
3.688735e+003,1.745452e-002
3.689217e+003,1.729900e-002
3.689699e+003,1.710713e-002
3.690181e+003,1.688470e-002
3.690664e+003,1.665237e-002
3.691146e+003,1.643224e-002
3.691628e+003,1.624174e-002
3.692110e+003,1.608853e-002
3.692592e+003,1.596927e-002
3.693074e+003,1.587792e-002
3.693556e+003,1.580609e-002
3.694038e+003,1.574820e-002
3.694521e+003,1.570019e-002
3.695003e+003,1.565897e-002
3.695485e+003,1.561996e-002
3.695967e+003,1.557723e-002
3.696449e+003,1.552769e-002
3.696931e+003,1.547072e-002
3.697413e+003,1.541262e-002
3.697895e+003,1.536218e-002
3.698377e+003,1.533029e-002
3.698860e+003,1.532288e-002
3.699342e+003,1.533577e-002
3.699824e+003,1.535448e-002
3.700306e+003,1.535549e-002
3.700788e+003,1.531490e-002
3.701270e+003,1.522070e-002
3.701752e+003,1.508141e-002
3.702234e+003,1.492525e-002
3.702717e+003,1.478393e-002
3.703199e+003,1.468085e-002
3.703681e+003,1.462270e-002
3.704163e+003,1.460528e-002
3.704645e+003,1.461857e-002
3.705127e+003,1.465479e-002
3.705609e+003,1.470912e-002
3.706092e+003,1.478030e-002
3.706573e+003,1.486874e-002
3.707056e+003,1.496948e-002
3.707538e+003,1.507137e-002
3.708020e+003,1.515655e-002
3.708502e+003,1.520503e-002
3.708984e+003,1.520019e-002
3.709466e+003,1.513517e-002
3.709948e+003,1.501926e-002
3.710431e+003,1.487454e-002
3.710913e+003,1.472607e-002
3.711395e+003,1.459296e-002
3.711877e+003,1.447696e-002
3.712359e+003,1.437236e-002
3.712841e+003,1.427555e-002
3.713323e+003,1.418939e-002
3.713805e+003,1.412060e-002
3.714288e+003,1.407700e-002
3.714770e+003,1.405921e-002
3.715252e+003,1.406277e-002
3.715734e+003,1.407826e-002
3.716216e+003,1.409549e-002
3.716698e+003,1.410564e-002
3.717180e+003,1.410647e-002
3.717662e+003,1.410221e-002
3.718145e+003,1.410181e-002
3.718627e+003,1.411258e-002
3.719109e+003,1.413816e-002
3.719591e+003,1.417430e-002
3.720073e+003,1.421283e-002
3.720555e+003,1.424427e-002
3.721037e+003,1.426328e-002
3.721520e+003,1.426960e-002
3.722001e+003,1.426971e-002
3.722484e+003,1.426944e-002
3.722966e+003,1.427254e-002
3.723448e+003,1.427613e-002
3.723930e+003,1.427437e-002
3.724412e+003,1.425903e-002
3.724894e+003,1.422340e-002
3.725376e+003,1.416547e-002
3.725859e+003,1.408847e-002
3.726341e+003,1.400100e-002
3.726823e+003,1.391462e-002
3.727305e+003,1.383932e-002
3.727787e+003,1.378542e-002
3.728269e+003,1.375917e-002
3.728751e+003,1.376569e-002
3.729233e+003,1.380897e-002
3.729716e+003,1.389052e-002
3.730198e+003,1.400551e-002
3.730680e+003,1.414411e-002
3.731162e+003,1.428949e-002
3.731644e+003,1.442207e-002
3.732126e+003,1.452699e-002
3.732608e+003,1.459651e-002
3.733090e+003,1.462909e-002
3.733573e+003,1.461962e-002
3.734055e+003,1.455247e-002
3.734537e+003,1.440653e-002
3.735019e+003,1.416930e-002
3.735501e+003,1.386263e-002
3.735983e+003,1.354559e-002
3.736465e+003,1.328544e-002
3.736948e+003,1.312549e-002
3.737430e+003,1.307014e-002
3.737912e+003,1.309979e-002
3.738394e+003,1.318140e-002
3.738876e+003,1.328364e-002
3.739358e+003,1.338142e-002
3.739840e+003,1.346386e-002
3.740322e+003,1.353008e-002
3.740804e+003,1.359019e-002
3.741287e+003,1.365582e-002
3.741769e+003,1.373435e-002
3.742251e+003,1.382391e-002
3.742733e+003,1.390711e-002
3.743215e+003,1.395581e-002
3.743697e+003,1.393859e-002
3.744179e+003,1.384967e-002
3.744661e+003,1.372394e-002
3.745144e+003,1.361234e-002
3.745626e+003,1.354626e-002
3.746108e+003,1.352547e-002
3.746590e+003,1.353272e-002
3.747072e+003,1.354974e-002
3.747554e+003,1.356475e-002
3.748036e+003,1.357351e-002
3.748518e+003,1.358264e-002
3.749000e+003,1.359855e-002
3.749483e+003,1.362209e-002
3.749965e+003,1.363424e-002
3.750447e+003,1.360216e-002
3.750929e+003,1.349726e-002
3.751411e+003,1.332241e-002
3.751893e+003,1.311194e-002
3.752375e+003,1.291712e-002
3.752858e+003,1.277665e-002
3.753340e+003,1.270584e-002
3.753822e+003,1.269695e-002
3.754304e+003,1.273192e-002
3.754786e+003,1.279074e-002
3.755268e+003,1.285584e-002
3.755750e+003,1.291606e-002
3.756232e+003,1.296652e-002
3.756715e+003,1.300645e-002
3.757197e+003,1.303548e-002
3.757679e+003,1.304857e-002
3.758161e+003,1.303883e-002
3.758643e+003,1.299882e-002
3.759125e+003,1.292667e-002
3.759607e+003,1.283328e-002
3.760089e+003,1.273937e-002
3.760572e+003,1.266628e-002
3.761054e+003,1.262897e-002
3.761536e+003,1.263122e-002
3.762018e+003,1.266701e-002
3.762500e+003,1.272580e-002
3.762982e+003,1.279604e-002
3.763464e+003,1.286630e-002
3.763947e+003,1.292577e-002
3.764428e+003,1.296703e-002
3.764911e+003,1.298466e-002
3.765393e+003,1.297903e-002
3.765875e+003,1.295566e-002
3.766357e+003,1.292449e-002
3.766839e+003,1.289495e-002
3.767321e+003,1.287521e-002
3.767803e+003,1.286893e-002
3.768286e+003,1.287523e-002
3.768768e+003,1.288594e-002
3.769250e+003,1.288822e-002
3.769732e+003,1.286972e-002
3.770214e+003,1.282793e-002
3.770696e+003,1.277090e-002
3.771178e+003,1.271599e-002
3.771660e+003,1.268058e-002
3.772143e+003,1.267490e-002
3.772625e+003,1.270058e-002
3.773107e+003,1.275071e-002
3.773589e+003,1.281270e-002
3.774071e+003,1.287332e-002
3.774553e+003,1.292198e-002
3.775035e+003,1.295578e-002
3.775517e+003,1.297875e-002
3.776000e+003,1.299768e-002
3.776482e+003,1.302002e-002
3.776964e+003,1.304755e-002
3.777446e+003,1.307533e-002
3.777928e+003,1.309403e-002
3.778410e+003,1.309267e-002
3.778892e+003,1.306633e-002
3.779375e+003,1.302028e-002
3.779856e+003,1.297006e-002
3.780339e+003,1.293232e-002
3.780821e+003,1.291629e-002
3.781303e+003,1.292539e-002
3.781785e+003,1.295457e-002
3.782267e+003,1.299791e-002
3.782749e+003,1.304669e-002
3.783231e+003,1.309384e-002
3.783714e+003,1.313051e-002
3.784196e+003,1.315013e-002
3.784678e+003,1.314726e-002
3.785160e+003,1.312188e-002
3.785642e+003,1.307930e-002
3.786124e+003,1.302747e-002
3.786606e+003,1.297754e-002
3.787088e+003,1.293910e-002
3.787571e+003,1.291874e-002
3.788053e+003,1.291798e-002
3.788535e+003,1.293430e-002
3.789017e+003,1.296176e-002
3.789499e+003,1.299365e-002
3.789981e+003,1.302467e-002
3.790463e+003,1.305430e-002
3.790945e+003,1.308407e-002
3.791427e+003,1.311676e-002
3.791910e+003,1.315313e-002
3.792392e+003,1.319369e-002
3.792874e+003,1.323578e-002
3.793356e+003,1.327649e-002
3.793838e+003,1.331581e-002
3.794320e+003,1.335286e-002
3.794802e+003,1.338980e-002
3.795284e+003,1.342573e-002
3.795767e+003,1.345939e-002
3.796249e+003,1.348710e-002
3.796731e+003,1.350479e-002
3.797213e+003,1.351361e-002
3.797695e+003,1.351875e-002
3.798177e+003,1.352656e-002
3.798659e+003,1.354312e-002
3.799142e+003,1.356883e-002
3.799624e+003,1.359454e-002
3.800106e+003,1.359944e-002
3.800588e+003,1.355597e-002
3.801070e+003,1.344480e-002
3.801552e+003,1.327876e-002
3.802034e+003,1.310088e-002
3.802516e+003,1.295549e-002
3.802999e+003,1.286570e-002
3.803481e+003,1.283011e-002
3.803963e+003,1.283568e-002
3.804445e+003,1.286322e-002
3.804927e+003,1.289496e-002
3.805409e+003,1.291426e-002
3.805891e+003,1.291094e-002
3.806373e+003,1.288232e-002
3.806855e+003,1.283819e-002
3.807338e+003,1.279456e-002
3.807820e+003,1.276363e-002
3.808302e+003,1.275202e-002
3.808784e+003,1.275719e-002
3.809266e+003,1.277763e-002
3.809748e+003,1.281194e-002
3.810230e+003,1.285962e-002
3.810712e+003,1.292030e-002
3.811195e+003,1.299333e-002
3.811677e+003,1.307402e-002
3.812159e+003,1.315818e-002
3.812641e+003,1.324172e-002
3.813123e+003,1.332160e-002
3.813605e+003,1.339653e-002
3.814087e+003,1.346422e-002
3.814570e+003,1.351829e-002
3.815052e+003,1.354791e-002
3.815534e+003,1.354261e-002
3.816016e+003,1.350060e-002
3.816498e+003,1.343448e-002
3.816980e+003,1.336656e-002
3.817462e+003,1.331789e-002
3.817944e+003,1.330235e-002
3.818427e+003,1.332648e-002
3.818909e+003,1.338697e-002
3.819391e+003,1.346763e-002
3.819873e+003,1.353606e-002
3.820355e+003,1.354964e-002
3.820837e+003,1.347694e-002
3.821319e+003,1.332828e-002
3.821801e+003,1.315240e-002
3.822283e+003,1.299986e-002
3.822766e+003,1.289849e-002
3.823248e+003,1.285173e-002
3.823730e+003,1.285194e-002
3.824212e+003,1.288600e-002
3.824694e+003,1.294011e-002
3.825176e+003,1.300012e-002
3.825658e+003,1.305299e-002
3.826140e+003,1.308671e-002
3.826623e+003,1.309551e-002
3.827105e+003,1.308157e-002
3.827587e+003,1.305267e-002
3.828069e+003,1.302133e-002
3.828551e+003,1.300008e-002
3.829033e+003,1.299814e-002
3.829515e+003,1.302241e-002
3.829998e+003,1.307470e-002
3.830479e+003,1.314901e-002
3.830962e+003,1.323434e-002
3.831444e+003,1.331701e-002
3.831926e+003,1.338665e-002
3.832408e+003,1.344018e-002
3.832890e+003,1.348258e-002
3.833372e+003,1.352320e-002
3.833854e+003,1.356576e-002
3.834337e+003,1.361012e-002
3.834819e+003,1.364719e-002
3.835301e+003,1.366159e-002
3.835783e+003,1.363819e-002
3.836265e+003,1.356814e-002
3.836747e+003,1.345424e-002
3.837229e+003,1.331289e-002
3.837711e+003,1.316730e-002
3.838194e+003,1.304116e-002
3.838676e+003,1.294845e-002
3.839158e+003,1.289098e-002
3.839640e+003,1.286452e-002
3.840122e+003,1.286126e-002
3.840604e+003,1.287711e-002
3.841086e+003,1.290759e-002
3.841568e+003,1.294859e-002
3.842051e+003,1.299216e-002
3.842533e+003,1.302677e-002
3.843015e+003,1.304201e-002
3.843497e+003,1.303428e-002
3.843979e+003,1.300844e-002
3.844461e+003,1.297836e-002
3.844943e+003,1.295906e-002
3.845426e+003,1.296300e-002
3.845907e+003,1.299481e-002
3.846390e+003,1.305166e-002
3.846872e+003,1.312627e-002
3.847354e+003,1.321220e-002
3.847836e+003,1.330587e-002
3.848318e+003,1.340792e-002
3.848800e+003,1.352363e-002
3.849282e+003,1.365918e-002
3.849765e+003,1.381703e-002
3.850247e+003,1.399152e-002
3.850729e+003,1.416402e-002
3.851211e+003,1.429796e-002
3.851693e+003,1.433644e-002
3.852175e+003,1.421606e-002
3.852657e+003,1.390721e-002
3.853139e+003,1.347170e-002
3.853622e+003,1.304918e-002
3.854104e+003,1.274981e-002
3.854586e+003,1.259260e-002
3.855068e+003,1.253922e-002
3.855550e+003,1.254452e-002
3.856032e+003,1.257840e-002
3.856514e+003,1.262735e-002
3.856996e+003,1.268649e-002
3.857479e+003,1.275595e-002
3.857961e+003,1.283431e-002
3.858443e+003,1.291888e-002
3.858925e+003,1.300503e-002
3.859407e+003,1.308926e-002
3.859889e+003,1.316953e-002
3.860371e+003,1.324749e-002
3.860854e+003,1.332613e-002
3.861336e+003,1.340775e-002
3.861818e+003,1.349262e-002
3.862300e+003,1.357403e-002
3.862782e+003,1.364166e-002
3.863264e+003,1.368028e-002
3.863746e+003,1.367785e-002
3.864228e+003,1.363296e-002
3.864710e+003,1.355617e-002
3.865193e+003,1.346968e-002
3.865675e+003,1.339441e-002
3.866157e+003,1.334443e-002
3.866639e+003,1.332492e-002
3.867121e+003,1.333394e-002
3.867603e+003,1.336531e-002
3.868085e+003,1.340974e-002
3.868567e+003,1.345250e-002
3.869050e+003,1.347808e-002
3.869532e+003,1.347291e-002
3.870014e+003,1.343672e-002
3.870496e+003,1.338436e-002
3.870978e+003,1.333535e-002
3.871460e+003,1.330300e-002
3.871942e+003,1.329380e-002
3.872424e+003,1.330800e-002
3.872906e+003,1.334043e-002
3.873389e+003,1.338298e-002
3.873871e+003,1.342656e-002
3.874353e+003,1.346253e-002
3.874835e+003,1.349047e-002
3.875317e+003,1.351234e-002
3.875799e+003,1.353461e-002
3.876281e+003,1.356167e-002
3.876764e+003,1.359534e-002
3.877246e+003,1.363744e-002
3.877728e+003,1.368602e-002
3.878210e+003,1.373968e-002
3.878692e+003,1.379425e-002
3.879174e+003,1.384366e-002
3.879656e+003,1.388037e-002
3.880138e+003,1.389454e-002
3.880621e+003,1.388188e-002
3.881103e+003,1.384367e-002
3.881585e+003,1.378963e-002
3.882067e+003,1.373298e-002
3.882549e+003,1.368475e-002
3.883031e+003,1.365299e-002
3.883513e+003,1.364093e-002
3.883995e+003,1.364354e-002
3.884478e+003,1.364782e-002
3.884960e+003,1.363693e-002
3.885442e+003,1.359839e-002
3.885924e+003,1.353453e-002
3.886406e+003,1.346274e-002
3.886888e+003,1.340392e-002
3.887370e+003,1.337377e-002
3.887853e+003,1.337738e-002
3.888334e+003,1.341189e-002
3.888817e+003,1.346810e-002
3.889299e+003,1.353304e-002
3.889781e+003,1.359305e-002
3.890263e+003,1.363489e-002
3.890745e+003,1.365373e-002
3.891227e+003,1.365464e-002
3.891709e+003,1.364711e-002
3.892192e+003,1.364112e-002
3.892674e+003,1.364112e-002
3.893156e+003,1.364671e-002
3.893638e+003,1.365712e-002
3.894120e+003,1.367325e-002
3.894602e+003,1.369992e-002
3.895084e+003,1.374364e-002
3.895566e+003,1.380859e-002
3.896049e+003,1.389476e-002
3.896531e+003,1.399711e-002
3.897013e+003,1.410326e-002
3.897495e+003,1.419655e-002
3.897977e+003,1.426109e-002
3.898459e+003,1.428539e-002
3.898941e+003,1.426618e-002
3.899423e+003,1.420944e-002
3.899906e+003,1.412624e-002
3.900388e+003,1.402804e-002
3.900870e+003,1.392251e-002
3.901352e+003,1.381528e-002
3.901834e+003,1.371298e-002
3.902316e+003,1.362330e-002
3.902798e+003,1.355615e-002
3.903281e+003,1.351833e-002
3.903762e+003,1.350852e-002
3.904245e+003,1.351567e-002
3.904727e+003,1.352294e-002
3.905209e+003,1.351874e-002
3.905691e+003,1.350006e-002
3.906173e+003,1.347277e-002
3.906655e+003,1.344899e-002
3.907137e+003,1.343995e-002
3.907620e+003,1.345309e-002
3.908102e+003,1.348973e-002
3.908584e+003,1.354635e-002
3.909066e+003,1.361474e-002
3.909548e+003,1.368837e-002
3.910030e+003,1.376163e-002
3.910512e+003,1.383374e-002
3.910994e+003,1.390600e-002
3.911477e+003,1.398049e-002
3.911959e+003,1.405841e-002
3.912441e+003,1.413818e-002
3.912923e+003,1.421693e-002
3.913405e+003,1.429086e-002
3.913887e+003,1.435657e-002
3.914369e+003,1.441131e-002
3.914851e+003,1.445286e-002
3.915333e+003,1.447871e-002
3.915816e+003,1.448678e-002
3.916298e+003,1.447587e-002
3.916780e+003,1.444754e-002
3.917262e+003,1.440809e-002
3.917744e+003,1.436470e-002
3.918226e+003,1.432378e-002
3.918708e+003,1.428901e-002
3.919190e+003,1.426065e-002
3.919673e+003,1.423700e-002
3.920155e+003,1.421583e-002
3.920637e+003,1.419635e-002
3.921119e+003,1.418028e-002
3.921601e+003,1.417010e-002
3.922083e+003,1.416687e-002
3.922565e+003,1.416887e-002
3.923048e+003,1.416956e-002
3.923530e+003,1.416029e-002
3.924012e+003,1.413293e-002
3.924494e+003,1.408746e-002
3.924976e+003,1.403163e-002
3.925458e+003,1.398063e-002
3.925940e+003,1.394996e-002
3.926422e+003,1.394918e-002
3.926905e+003,1.398014e-002
3.927387e+003,1.403710e-002
3.927869e+003,1.411047e-002
3.928351e+003,1.418924e-002
3.928833e+003,1.426489e-002
3.929315e+003,1.433150e-002
3.929797e+003,1.438814e-002
3.930279e+003,1.443364e-002
3.930761e+003,1.446523e-002
3.931244e+003,1.447620e-002
3.931726e+003,1.445931e-002
3.932208e+003,1.441155e-002
3.932690e+003,1.433855e-002
3.933172e+003,1.425567e-002
3.933654e+003,1.418132e-002
3.934136e+003,1.413141e-002
3.934618e+003,1.411526e-002
3.935101e+003,1.413264e-002
3.935583e+003,1.417408e-002
3.936065e+003,1.422802e-002
3.936547e+003,1.428277e-002
3.937029e+003,1.432845e-002
3.937511e+003,1.436310e-002
3.937993e+003,1.438854e-002
3.938476e+003,1.440873e-002
3.938958e+003,1.442800e-002
3.939440e+003,1.444648e-002
3.939922e+003,1.446405e-002
3.940404e+003,1.447767e-002
3.940886e+003,1.448445e-002
3.941368e+003,1.448253e-002
3.941850e+003,1.447244e-002
3.942333e+003,1.445498e-002
3.942815e+003,1.443172e-002
3.943297e+003,1.440463e-002
3.943779e+003,1.437608e-002
3.944261e+003,1.435016e-002
3.944743e+003,1.433017e-002
3.945225e+003,1.431874e-002
3.945707e+003,1.431693e-002
3.946189e+003,1.432224e-002
3.946672e+003,1.432926e-002
3.947154e+003,1.432864e-002
3.947636e+003,1.431417e-002
3.948118e+003,1.428175e-002
3.948600e+003,1.423442e-002
3.949082e+003,1.418087e-002
3.949564e+003,1.413088e-002
3.950046e+003,1.409275e-002
3.950529e+003,1.407098e-002
3.951011e+003,1.406425e-002
3.951493e+003,1.407006e-002
3.951975e+003,1.408392e-002
3.952457e+003,1.410307e-002
3.952939e+003,1.412446e-002
3.953421e+003,1.414706e-002
3.953904e+003,1.416727e-002
3.954385e+003,1.418221e-002
3.954868e+003,1.418949e-002
3.955350e+003,1.418792e-002
3.955832e+003,1.417934e-002
3.956314e+003,1.416904e-002
3.956796e+003,1.416363e-002
3.957278e+003,1.416720e-002
3.957760e+003,1.418149e-002
3.958243e+003,1.420425e-002
3.958725e+003,1.423018e-002
3.959207e+003,1.425413e-002
3.959689e+003,1.427201e-002
3.960171e+003,1.428327e-002
3.960653e+003,1.428832e-002
3.961135e+003,1.428887e-002
3.961617e+003,1.428465e-002
3.962100e+003,1.427368e-002
3.962582e+003,1.425477e-002
3.963064e+003,1.422843e-002
3.963546e+003,1.419798e-002
3.964028e+003,1.417084e-002
3.964510e+003,1.415429e-002
3.964992e+003,1.415442e-002
3.965474e+003,1.417071e-002
3.965957e+003,1.419854e-002
3.966439e+003,1.422822e-002
3.966921e+003,1.424957e-002
3.967403e+003,1.425514e-002
3.967885e+003,1.424442e-002
3.968367e+003,1.422135e-002
3.968849e+003,1.419510e-002
3.969332e+003,1.417429e-002
3.969813e+003,1.416513e-002
3.970296e+003,1.417030e-002
3.970778e+003,1.418807e-002
3.971260e+003,1.421567e-002
3.971742e+003,1.424831e-002
3.972224e+003,1.428189e-002
3.972706e+003,1.431189e-002
3.973188e+003,1.433328e-002
3.973671e+003,1.434218e-002
3.974153e+003,1.433463e-002
3.974635e+003,1.431393e-002
3.975117e+003,1.428406e-002
3.975599e+003,1.425498e-002
3.976081e+003,1.423571e-002
3.976563e+003,1.423452e-002
3.977045e+003,1.425245e-002
3.977528e+003,1.428581e-002
3.978010e+003,1.432608e-002
3.978492e+003,1.436424e-002
3.978974e+003,1.439376e-002
3.979456e+003,1.441106e-002
3.979938e+003,1.441693e-002
3.980420e+003,1.441296e-002
3.980902e+003,1.440234e-002
3.981385e+003,1.438492e-002
3.981867e+003,1.436152e-002
3.982349e+003,1.433213e-002
3.982831e+003,1.429993e-002
3.983313e+003,1.426946e-002
3.983795e+003,1.424723e-002
3.984277e+003,1.423684e-002
3.984760e+003,1.423870e-002
3.985242e+003,1.425067e-002
3.985724e+003,1.426771e-002
3.986206e+003,1.428528e-002
3.986688e+003,1.430153e-002
3.987170e+003,1.431884e-002
3.987652e+003,1.433989e-002
3.988134e+003,1.436801e-002
3.988616e+003,1.440186e-002
3.989099e+003,1.443665e-002
3.989581e+003,1.446306e-002
3.990063e+003,1.447481e-002
3.990545e+003,1.446749e-002
3.991027e+003,1.444457e-002
3.991509e+003,1.441257e-002
3.991991e+003,1.438110e-002
3.992473e+003,1.435696e-002
3.992956e+003,1.434149e-002
3.993438e+003,1.433308e-002
3.993920e+003,1.432747e-002
3.994402e+003,1.432079e-002
3.994884e+003,1.431211e-002
3.995366e+003,1.430329e-002
3.995848e+003,1.429754e-002
3.996330e+003,1.429753e-002
3.996813e+003,1.430326e-002
3.997295e+003,1.431327e-002
3.997777e+003,1.432448e-002
3.998259e+003,1.433689e-002
3.998741e+003,1.435078e-002
3.999223e+003,1.436814e-002
3.999705e+003,1.439152e-002
4.000188e+003,1.441891e-002
