3.996813e+002,0.000000e+000
4.001635e+002,-8.364056e-004
4.006456e+002,-4.803295e-004
4.011277e+002,-2.386222e-004
4.016098e+002,-6.367545e-005
4.020919e+002,8.276831e-005
4.025741e+002,2.231420e-004
4.030562e+002,3.572867e-004
4.035383e+002,4.724131e-004
4.040204e+002,5.517075e-004
4.045026e+002,5.885229e-004
4.049847e+002,5.889285e-004
4.054668e+002,5.738186e-004
4.059489e+002,5.698588e-004
4.064311e+002,5.991122e-004
4.069132e+002,6.678572e-004
4.073953e+002,7.682808e-004
4.078774e+002,8.877802e-004
4.083596e+002,1.019723e-003
4.088417e+002,1.167903e-003
4.093238e+002,1.345369e-003
4.098059e+002,1.564763e-003
4.102881e+002,1.829431e-003
4.107702e+002,2.129055e-003
4.112523e+002,2.444173e-003
4.117344e+002,2.752520e-003
4.122166e+002,3.035616e-003
4.126987e+002,3.279593e-003
4.131808e+002,3.475426e-003
4.136629e+002,3.619195e-003
4.141451e+002,3.712680e-003
4.146272e+002,3.762253e-003
4.151093e+002,3.775898e-003
4.155914e+002,3.758107e-003
4.160736e+002,3.711828e-003
4.165557e+002,3.640588e-003
4.170378e+002,3.555577e-003
4.175200e+002,3.486607e-003
4.180021e+002,3.487907e-003
4.184842e+002,3.619360e-003
4.189663e+002,3.900978e-003
4.194484e+002,4.286490e-003
4.199306e+002,4.695918e-003
4.204127e+002,5.066094e-003
4.208948e+002,5.366593e-003
4.213770e+002,5.591171e-003
4.218591e+002,5.748160e-003
4.223412e+002,5.851213e-003
4.228233e+002,5.915972e-003
4.233055e+002,5.956210e-003
4.237876e+002,5.983737e-003
4.242697e+002,6.009105e-003
4.247518e+002,6.043196e-003
4.252339e+002,6.095806e-003
4.257161e+002,6.175030e-003
4.261982e+002,6.282860e-003
4.266803e+002,6.413401e-003
4.271624e+002,6.551994e-003
4.276446e+002,6.677432e-003
4.281267e+002,6.765767e-003
4.286088e+002,6.797586e-003
4.290909e+002,6.765197e-003
4.295731e+002,6.679143e-003
4.300552e+002,6.566858e-003
4.305373e+002,6.462283e-003
4.310194e+002,6.392424e-003
4.315016e+002,6.369720e-003
4.319837e+002,6.388166e-003
4.324658e+002,6.428701e-003
4.329479e+002,6.466941e-003
4.334301e+002,6.483719e-003
4.339122e+002,6.470780e-003
4.343943e+002,6.432096e-003
4.348764e+002,6.378641e-003
4.353586e+002,6.323205e-003
4.358407e+002,6.275800e-003
4.363228e+002,6.241456e-003
4.368049e+002,6.219890e-003
4.372870e+002,6.208311e-003
4.377692e+002,6.204018e-003
4.382513e+002,6.205420e-003
4.387334e+002,6.212578e-003
4.392155e+002,6.226968e-003
4.396977e+002,6.251642e-003
4.401798e+002,6.290958e-003
4.406619e+002,6.350775e-003
4.411440e+002,6.436739e-003
4.416262e+002,6.552822e-003
4.421083e+002,6.697311e-003
4.425904e+002,6.861130e-003
4.430725e+002,7.029791e-003
4.435547e+002,7.186673e-003
4.440368e+002,7.318702e-003
4.445189e+002,7.421828e-003
4.450010e+002,7.503820e-003
4.454832e+002,7.583027e-003
4.459653e+002,7.680554e-003
4.464474e+002,7.812857e-003
4.469295e+002,7.985355e-003
4.474117e+002,8.190125e-003
4.478938e+002,8.409446e-003
4.483759e+002,8.623147e-003
4.488580e+002,8.819413e-003
4.493401e+002,8.998974e-003
4.498223e+002,9.174550e-003
4.503044e+002,9.361593e-003
4.507865e+002,9.570728e-003
4.512687e+002,9.800275e-003
4.517508e+002,1.003417e-002
4.522329e+002,1.024665e-002
4.527150e+002,1.041541e-002
4.531971e+002,1.053410e-002
4.536793e+002,1.061562e-002
4.541614e+002,1.068403e-002
4.546435e+002,1.076525e-002
4.551257e+002,1.087898e-002
4.556078e+002,1.103735e-002
4.560899e+002,1.124412e-002
4.565720e+002,1.149613e-002
4.570542e+002,1.178320e-002
4.575363e+002,1.208851e-002
4.580184e+002,1.239019e-002
4.585005e+002,1.266504e-002
4.589827e+002,1.289244e-002
4.594648e+002,1.305955e-002
4.599469e+002,1.316341e-002
4.604290e+002,1.321402e-002
4.609112e+002,1.323004e-002
4.613933e+002,1.323386e-002
4.618754e+002,1.324355e-002
4.623575e+002,1.326755e-002
4.628397e+002,1.330297e-002
4.633218e+002,1.334017e-002
4.638039e+002,1.336978e-002
4.642860e+002,1.339131e-002
4.647682e+002,1.341441e-002
4.652503e+002,1.345418e-002
4.657324e+002,1.352119e-002
4.662145e+002,1.361444e-002
4.666967e+002,1.371701e-002
4.671788e+002,1.380161e-002
4.676609e+002,1.384193e-002
4.681430e+002,1.382798e-002
4.686252e+002,1.377363e-002
4.691073e+002,1.370977e-002
4.695894e+002,1.367081e-002
4.700715e+002,1.368059e-002
4.705536e+002,1.374461e-002
4.710358e+002,1.384785e-002
4.715179e+002,1.395859e-002
4.720000e+002,1.404187e-002
4.724821e+002,1.407635e-002
4.729643e+002,1.406405e-002
4.734464e+002,1.402599e-002
4.739285e+002,1.398754e-002
4.744106e+002,1.396538e-002
4.748928e+002,1.396344e-002
4.753749e+002,1.397703e-002
4.758570e+002,1.399945e-002
4.763391e+002,1.402698e-002
4.768213e+002,1.406059e-002
4.773034e+002,1.410359e-002
4.777855e+002,1.415842e-002
4.782676e+002,1.422361e-002
4.787498e+002,1.429379e-002
4.792319e+002,1.436218e-002
4.797140e+002,1.442534e-002
4.801961e+002,1.448510e-002
4.806783e+002,1.454704e-002
4.811604e+002,1.461738e-002
4.816425e+002,1.469870e-002
4.821246e+002,1.478919e-002
4.826068e+002,1.488306e-002
4.830889e+002,1.497403e-002
4.835710e+002,1.505990e-002
4.840531e+002,1.514313e-002
4.845352e+002,1.522770e-002
4.850174e+002,1.531445e-002
4.854995e+002,1.539676e-002
4.859816e+002,1.546269e-002
4.864637e+002,1.550049e-002
4.869459e+002,1.550499e-002
4.874280e+002,1.548349e-002
4.879101e+002,1.545395e-002
4.883922e+002,1.543826e-002
4.888744e+002,1.545433e-002
4.893565e+002,1.550940e-002
4.898386e+002,1.559907e-002
4.903207e+002,1.571053e-002
4.908029e+002,1.582947e-002
4.912850e+002,1.594751e-002
4.917671e+002,1.606485e-002
4.922492e+002,1.618781e-002
4.927314e+002,1.632016e-002
4.932135e+002,1.645801e-002
4.936956e+002,1.658796e-002
4.941777e+002,1.669274e-002
4.946599e+002,1.675908e-002
4.951420e+002,1.678524e-002
4.956241e+002,1.678202e-002
4.961062e+002,1.676747e-002
4.965884e+002,1.675802e-002
4.970705e+002,1.676117e-002
4.975526e+002,1.677379e-002
4.980347e+002,1.678571e-002
4.985169e+002,1.678725e-002
4.989990e+002,1.677682e-002
4.994811e+002,1.676190e-002
4.999633e+002,1.675533e-002
5.004454e+002,1.676708e-002
5.009275e+002,1.679727e-002
5.014096e+002,1.683311e-002
5.018917e+002,1.685389e-002
5.023739e+002,1.684203e-002
5.028560e+002,1.679528e-002
5.033381e+002,1.672988e-002
5.038203e+002,1.667230e-002
5.043024e+002,1.664739e-002
5.047845e+002,1.666894e-002
5.052666e+002,1.673648e-002
5.057487e+002,1.683738e-002
5.062309e+002,1.695285e-002
5.067130e+002,1.706583e-002
5.071951e+002,1.716764e-002
5.076772e+002,1.725837e-002
5.081594e+002,1.734254e-002
5.086415e+002,1.742194e-002
5.091236e+002,1.749312e-002
5.096057e+002,1.754765e-002
5.100879e+002,1.757825e-002
5.105700e+002,1.758404e-002
5.110521e+002,1.757368e-002
5.115342e+002,1.756175e-002
5.120164e+002,1.756242e-002
5.124985e+002,1.758278e-002
5.129806e+002,1.762017e-002
5.134627e+002,1.766517e-002
5.139448e+002,1.770707e-002
5.144270e+002,1.774061e-002
5.149091e+002,1.776896e-002
5.153912e+002,1.780185e-002
5.158734e+002,1.784904e-002
5.163555e+002,1.791390e-002
5.168376e+002,1.798936e-002
5.173197e+002,1.805997e-002
5.178019e+002,1.810880e-002
5.182840e+002,1.812691e-002
5.187661e+002,1.811758e-002
5.192482e+002,1.809294e-002
5.197303e+002,1.806673e-002
5.202125e+002,1.804724e-002
5.206946e+002,1.803532e-002
5.211767e+002,1.802736e-002
5.216588e+002,1.801989e-002
5.221410e+002,1.801552e-002
5.226231e+002,1.802222e-002
5.231052e+002,1.805062e-002
5.235873e+002,1.810768e-002
5.240695e+002,1.819209e-002
5.245516e+002,1.829232e-002
5.250337e+002,1.838998e-002
5.255159e+002,1.846671e-002
5.259980e+002,1.851433e-002
5.264801e+002,1.853923e-002
5.269622e+002,1.855809e-002
5.274443e+002,1.858826e-002
5.279265e+002,1.863908e-002
5.284086e+002,1.870855e-002
5.288907e+002,1.878692e-002
5.293728e+002,1.886255e-002
5.298550e+002,1.892886e-002
5.303371e+002,1.898704e-002
5.308192e+002,1.904427e-002
5.313013e+002,1.910861e-002
5.317834e+002,1.918310e-002
5.322656e+002,1.926341e-002
5.327477e+002,1.934051e-002
5.332299e+002,1.940572e-002
5.337120e+002,1.945682e-002
5.341941e+002,1.950017e-002
5.346762e+002,1.954772e-002
5.351583e+002,1.960969e-002
5.356404e+002,1.968873e-002
5.361226e+002,1.977675e-002
5.366047e+002,1.985823e-002
5.370868e+002,1.991756e-002
5.375690e+002,1.994669e-002
5.380511e+002,1.994918e-002
5.385332e+002,1.993781e-002
5.390153e+002,1.992719e-002
5.394974e+002,1.992721e-002
5.399796e+002,1.993866e-002
5.404617e+002,1.995477e-002
5.409438e+002,1.996646e-002
5.414260e+002,1.996857e-002
5.419081e+002,1.996366e-002
5.423902e+002,1.995992e-002
5.428723e+002,1.996612e-002
5.433544e+002,1.998575e-002
5.438365e+002,2.001436e-002
5.443187e+002,2.004105e-002
5.448008e+002,2.005402e-002
5.452830e+002,2.004707e-002
5.457651e+002,2.002355e-002
5.462472e+002,1.999501e-002
5.467293e+002,1.997525e-002
5.472114e+002,1.997278e-002
5.476936e+002,1.998830e-002
5.481757e+002,2.001471e-002
5.486578e+002,2.004195e-002
5.491400e+002,2.006366e-002
5.496221e+002,2.008051e-002
5.501042e+002,2.009910e-002
5.505863e+002,2.012745e-002
5.510684e+002,2.016951e-002
5.515505e+002,2.022193e-002
5.520327e+002,2.027466e-002
5.525148e+002,2.031471e-002
5.529969e+002,2.033189e-002
5.534791e+002,2.032193e-002
5.539612e+002,2.028662e-002
5.544433e+002,2.023112e-002
5.549254e+002,2.016057e-002
5.554076e+002,2.007860e-002
5.558896e+002,1.998786e-002
5.563718e+002,1.989270e-002
5.568539e+002,1.980114e-002
5.573361e+002,1.972419e-002
5.578182e+002,1.967232e-002
5.583003e+002,1.965118e-002
5.587825e+002,1.965783e-002
5.592645e+002,1.968175e-002
5.597467e+002,1.970772e-002
5.602288e+002,1.972204e-002
5.607109e+002,1.971751e-002
5.611931e+002,1.969570e-002
5.616752e+002,1.966406e-002
5.621573e+002,1.963135e-002
5.626394e+002,1.960193e-002
5.631216e+002,1.957480e-002
5.636037e+002,1.954488e-002
5.640858e+002,1.950710e-002
5.645679e+002,1.946138e-002
5.650500e+002,1.941350e-002
5.655322e+002,1.937319e-002
5.660143e+002,1.934909e-002
5.664965e+002,1.934517e-002
5.669785e+002,1.935891e-002
5.674607e+002,1.938298e-002
5.679428e+002,1.940983e-002
5.684249e+002,1.943639e-002
5.689070e+002,1.946595e-002
5.693892e+002,1.950627e-002
5.698713e+002,1.956461e-002
5.703534e+002,1.964355e-002
5.708356e+002,1.973899e-002
5.713177e+002,1.984219e-002
5.717998e+002,1.994428e-002
5.722819e+002,2.004126e-002
5.727640e+002,2.013569e-002
5.732462e+002,2.023554e-002
5.737283e+002,2.035001e-002
5.742104e+002,2.048438e-002
5.746925e+002,2.063865e-002
5.751747e+002,2.080668e-002
5.756568e+002,2.098028e-002
5.761389e+002,2.115371e-002
5.766210e+002,2.132620e-002
5.771031e+002,2.150113e-002
5.775853e+002,2.168189e-002
5.780674e+002,2.186763e-002
5.785496e+002,2.205215e-002
5.790317e+002,2.222481e-002
5.795138e+002,2.237567e-002
5.799959e+002,2.250085e-002
5.804780e+002,2.260456e-002
5.809601e+002,2.269795e-002
5.814423e+002,2.279291e-002
5.819244e+002,2.289701e-002
5.824066e+002,2.300964e-002
5.828887e+002,2.312395e-002
5.833708e+002,2.323143e-002
5.838529e+002,2.332714e-002
5.843350e+002,2.341208e-002
5.848171e+002,2.349219e-002
5.852993e+002,2.357296e-002
5.857814e+002,2.365560e-002
5.862635e+002,2.373483e-002
5.867457e+002,2.380138e-002
5.872278e+002,2.384770e-002
5.877099e+002,2.387257e-002
5.881920e+002,2.388371e-002
5.886741e+002,2.389470e-002
5.891563e+002,2.391920e-002
5.896384e+002,2.396536e-002
5.901205e+002,2.403213e-002
5.906027e+002,2.411029e-002
5.910848e+002,2.418710e-002
5.915669e+002,2.425256e-002
5.920490e+002,2.430370e-002
5.925311e+002,2.434475e-002
5.930133e+002,2.438287e-002
5.934954e+002,2.442295e-002
5.939775e+002,2.446552e-002
5.944597e+002,2.450708e-002
5.949418e+002,2.454404e-002
5.954239e+002,2.457626e-002
5.959060e+002,2.460882e-002
5.963882e+002,2.464942e-002
5.968702e+002,2.470421e-002
5.973524e+002,2.477356e-002
5.978345e+002,2.485137e-002
5.983167e+002,2.492694e-002
5.987988e+002,2.499038e-002
5.992809e+002,2.503738e-002
5.997630e+002,2.507173e-002
6.002451e+002,2.510213e-002
6.007273e+002,2.513711e-002
6.012094e+002,2.518013e-002
6.016915e+002,2.522719e-002
6.021736e+002,2.526963e-002
6.026558e+002,2.529941e-002
6.031379e+002,2.531403e-002
6.036200e+002,2.531909e-002
6.041022e+002,2.532531e-002
6.045842e+002,2.534355e-002
6.050664e+002,2.537867e-002
6.055485e+002,2.542721e-002
6.060306e+002,2.547922e-002
6.065128e+002,2.552312e-002
6.069949e+002,2.555159e-002
6.074770e+002,2.556517e-002
6.079591e+002,2.557042e-002
6.084413e+002,2.557622e-002
6.089234e+002,2.558830e-002
6.094055e+002,2.560640e-002
6.098876e+002,2.562490e-002
6.103698e+002,2.563631e-002
6.108519e+002,2.563618e-002
6.113340e+002,2.562563e-002
6.118162e+002,2.561041e-002
6.122983e+002,2.559829e-002
6.127804e+002,2.559519e-002
6.132625e+002,2.560318e-002
6.137446e+002,2.562159e-002
6.142267e+002,2.564931e-002
6.147089e+002,2.568779e-002
6.151910e+002,2.574123e-002
6.156731e+002,2.581542e-002
6.161553e+002,2.591274e-002
6.166374e+002,2.603004e-002
6.171195e+002,2.615809e-002
6.176016e+002,2.628437e-002
6.180837e+002,2.639852e-002
6.185659e+002,2.649616e-002
6.190480e+002,2.658029e-002
6.195302e+002,2.665787e-002
6.200123e+002,2.673559e-002
6.204944e+002,2.681526e-002
6.209765e+002,2.689327e-002
6.214586e+002,2.696312e-002
6.219407e+002,2.701921e-002
6.224229e+002,2.706156e-002
6.229050e+002,2.709617e-002
6.233871e+002,2.713194e-002
6.238693e+002,2.717616e-002
6.243514e+002,2.723001e-002
6.248335e+002,2.728734e-002
6.253156e+002,2.733768e-002
6.257977e+002,2.737121e-002
6.262798e+002,2.738421e-002
6.267620e+002,2.738019e-002
6.272441e+002,2.736733e-002
6.277263e+002,2.735343e-002
6.282084e+002,2.734152e-002
6.286905e+002,2.732911e-002
6.291726e+002,2.731031e-002
6.296547e+002,2.728065e-002
6.301368e+002,2.724087e-002
6.306190e+002,2.719819e-002
6.311011e+002,2.716277e-002
6.315833e+002,2.714302e-002
6.320654e+002,2.714065e-002
6.325475e+002,2.714958e-002
6.330296e+002,2.715845e-002
6.335117e+002,2.715555e-002
6.339939e+002,2.713425e-002
6.344760e+002,2.709506e-002
6.349581e+002,2.704404e-002
6.354402e+002,2.698871e-002
6.359224e+002,2.693390e-002
6.364045e+002,2.688001e-002
6.368866e+002,2.682510e-002
6.373687e+002,2.676808e-002
6.378508e+002,2.671239e-002
6.383330e+002,2.666549e-002
6.388151e+002,2.663613e-002
6.392972e+002,2.662938e-002
6.397794e+002,2.664285e-002
6.402615e+002,2.666669e-002
6.407436e+002,2.668693e-002
6.412257e+002,2.669171e-002
6.417079e+002,2.667643e-002
6.421899e+002,2.664567e-002
6.426721e+002,2.661015e-002
6.431542e+002,2.658077e-002
6.436364e+002,2.656417e-002
6.441185e+002,2.655966e-002
6.446006e+002,2.656125e-002
6.450827e+002,2.656176e-002
6.455648e+002,2.655836e-002
6.460470e+002,2.655373e-002
6.465291e+002,2.655471e-002
6.470112e+002,2.656804e-002
6.474933e+002,2.659609e-002
6.479755e+002,2.663553e-002
6.484576e+002,2.667962e-002
6.489397e+002,2.672213e-002
6.494219e+002,2.676207e-002
6.499040e+002,2.680454e-002
6.503861e+002,2.685759e-002
6.508682e+002,2.692678e-002
6.513503e+002,2.701140e-002
6.518325e+002,2.710307e-002
6.523146e+002,2.718910e-002
6.527968e+002,2.725868e-002
6.532788e+002,2.730863e-002
6.537610e+002,2.734484e-002
6.542431e+002,2.737873e-002
6.547252e+002,2.742135e-002
6.552073e+002,2.747760e-002
6.556895e+002,2.754360e-002
6.561716e+002,2.760912e-002
6.566537e+002,2.766424e-002
6.571359e+002,2.770415e-002
6.576179e+002,2.773254e-002
6.581001e+002,2.775917e-002
6.585822e+002,2.779444e-002
6.590643e+002,2.784351e-002
6.595464e+002,2.790423e-002
6.600286e+002,2.796913e-002
6.605107e+002,2.803046e-002
6.609928e+002,2.808516e-002
6.614750e+002,2.813671e-002
6.619571e+002,2.819180e-002
6.624392e+002,2.825464e-002
6.629213e+002,2.832227e-002
6.634034e+002,2.838395e-002
6.638856e+002,2.842528e-002
6.643677e+002,2.843563e-002
6.648499e+002,2.841343e-002
6.653320e+002,2.836907e-002
6.658141e+002,2.832356e-002
6.662962e+002,2.830686e-002
6.667783e+002,2.835231e-002
6.672605e+002,2.848475e-002
6.677426e+002,2.869887e-002
6.682247e+002,2.894470e-002
6.687068e+002,2.915011e-002
6.691890e+002,2.927104e-002
6.696711e+002,2.931113e-002
6.701532e+002,2.929930e-002
6.706353e+002,2.926420e-002
6.711174e+002,2.922338e-002
6.715996e+002,2.918473e-002
6.720817e+002,2.915082e-002
6.725638e+002,2.912358e-002
6.730460e+002,2.910613e-002
6.735281e+002,2.910285e-002
6.740102e+002,2.911691e-002
6.744923e+002,2.914805e-002
6.749745e+002,2.919176e-002
6.754565e+002,2.924093e-002
6.759387e+002,2.928904e-002
6.764208e+002,2.933376e-002
6.769030e+002,2.937791e-002
6.773851e+002,2.942753e-002
6.778672e+002,2.948810e-002
6.783493e+002,2.956078e-002
6.788314e+002,2.964132e-002
6.793136e+002,2.972241e-002
6.797957e+002,2.979702e-002
6.802778e+002,2.986334e-002
6.807599e+002,2.992537e-002
6.812421e+002,2.999100e-002
6.817242e+002,3.006742e-002
6.822063e+002,3.015647e-002
6.826885e+002,3.025370e-002
6.831705e+002,3.035010e-002
6.836527e+002,3.043725e-002
6.841348e+002,3.051148e-002
6.846169e+002,3.057670e-002
6.850991e+002,3.064121e-002
6.855812e+002,3.071369e-002
6.860634e+002,3.079819e-002
6.865454e+002,3.089197e-002
6.870276e+002,3.098755e-002
6.875096e+002,3.107699e-002
6.879918e+002,3.115625e-002
6.884739e+002,3.122840e-002
6.889561e+002,3.130087e-002
6.894382e+002,3.138151e-002
6.899203e+002,3.147396e-002
6.904025e+002,3.157590e-002
6.908845e+002,3.168116e-002
6.913667e+002,3.178330e-002
6.918488e+002,3.188020e-002
6.923309e+002,3.197549e-002
6.928130e+002,3.207556e-002
6.932952e+002,3.218576e-002
6.937773e+002,3.230624e-002
6.942594e+002,3.243135e-002
6.947416e+002,3.255254e-002
6.952236e+002,3.266346e-002
6.957058e+002,3.276469e-002
6.961879e+002,3.286431e-002
6.966700e+002,3.297442e-002
6.971522e+002,3.310452e-002
6.976343e+002,3.325612e-002
6.981165e+002,3.342099e-002
6.985985e+002,3.358421e-002
6.990807e+002,3.373132e-002
6.995628e+002,3.385432e-002
7.000449e+002,3.395538e-002
7.005270e+002,3.404415e-002
7.010092e+002,3.413185e-002
7.014913e+002,3.422504e-002
7.019734e+002,3.432266e-002
7.024556e+002,3.441783e-002
7.029377e+002,3.450277e-002
7.034198e+002,3.457558e-002
7.039019e+002,3.464226e-002
7.043840e+002,3.471513e-002
7.048662e+002,3.480716e-002
7.053483e+002,3.492587e-002
7.058304e+002,3.507040e-002
7.063125e+002,3.523348e-002
7.067947e+002,3.540643e-002
7.072768e+002,3.558514e-002
7.077589e+002,3.577321e-002
7.082410e+002,3.598052e-002
7.087231e+002,3.621843e-002
7.092053e+002,3.649468e-002
7.096874e+002,3.681136e-002
7.101696e+002,3.716668e-002
7.106517e+002,3.756003e-002
7.111338e+002,3.799628e-002
7.116159e+002,3.848851e-002
7.120980e+002,3.905454e-002
7.125802e+002,3.971040e-002
7.130623e+002,4.046445e-002
7.135444e+002,4.131325e-002
7.140265e+002,4.224373e-002
7.145087e+002,4.323677e-002
7.149908e+002,4.427255e-002
7.154729e+002,4.533168e-002
7.159550e+002,4.639047e-002
7.164371e+002,4.741255e-002
7.169193e+002,4.834088e-002
7.174014e+002,4.909669e-002
7.178835e+002,4.958948e-002
7.183657e+002,4.973752e-002
7.188478e+002,4.949359e-002
7.193299e+002,4.886496e-002
7.198120e+002,4.791727e-002
7.202942e+002,4.675951e-002
7.207762e+002,4.551642e-002
7.212584e+002,4.429989e-002
7.217405e+002,4.318923e-002
7.222227e+002,4.222609e-002
7.227048e+002,4.141916e-002
7.231869e+002,4.075653e-002
7.236691e+002,4.021738e-002
7.241511e+002,3.978140e-002
7.246333e+002,3.943403e-002
7.251154e+002,3.916892e-002
7.255975e+002,3.898794e-002
7.260797e+002,3.889842e-002
7.265618e+002,3.890872e-002
7.270439e+002,3.901961e-002
7.275260e+002,3.921453e-002
7.280082e+002,3.945178e-002
7.284902e+002,3.966166e-002
7.289724e+002,3.975401e-002
7.294545e+002,3.963365e-002
7.299366e+002,3.922452e-002
7.304188e+002,3.849175e-002
7.309009e+002,3.745435e-002
7.313831e+002,3.618140e-002
7.318651e+002,3.477463e-002
7.323473e+002,3.334386e-002
7.328293e+002,3.198482e-002
7.333115e+002,3.076542e-002
7.337936e+002,2.972051e-002
7.342758e+002,2.885556e-002
7.347579e+002,2.815461e-002
7.352400e+002,2.759014e-002
7.357222e+002,2.713139e-002
7.362042e+002,2.674976e-002
7.366864e+002,2.642177e-002
7.371685e+002,2.612931e-002
7.376506e+002,2.585929e-002
7.381328e+002,2.560351e-002
7.386149e+002,2.535791e-002
7.390970e+002,2.512141e-002
7.395791e+002,2.489389e-002
7.400613e+002,2.467529e-002
7.405434e+002,2.446440e-002
7.410255e+002,2.425934e-002
7.415076e+002,2.405901e-002
7.419897e+002,2.386419e-002
7.424719e+002,2.367765e-002
7.429540e+002,2.350322e-002
7.434362e+002,2.334354e-002
7.439182e+002,2.319812e-002
7.444004e+002,2.306232e-002
7.448825e+002,2.292859e-002
7.453646e+002,2.278830e-002
7.458467e+002,2.263516e-002
7.463289e+002,2.246716e-002
7.468110e+002,2.228644e-002
7.472931e+002,2.209798e-002
7.477753e+002,2.190722e-002
7.482574e+002,2.171749e-002
7.487395e+002,2.152986e-002
7.492216e+002,2.134311e-002
7.497037e+002,2.115529e-002
7.501859e+002,2.096527e-002
7.506680e+002,2.077294e-002
7.511501e+002,2.057910e-002
7.516322e+002,2.038459e-002
7.521144e+002,2.019019e-002
7.525965e+002,1.999616e-002
7.530786e+002,1.980316e-002
7.535608e+002,1.961252e-002
7.540428e+002,1.942673e-002
7.545250e+002,1.924847e-002
7.550071e+002,1.908009e-002
7.554893e+002,1.892238e-002
7.559714e+002,1.877518e-002
7.564535e+002,1.863751e-002
7.569356e+002,1.850875e-002
7.574177e+002,1.838920e-002
7.578999e+002,1.828074e-002
7.583820e+002,1.818543e-002
7.588641e+002,1.810460e-002
7.593463e+002,1.803748e-002
7.598284e+002,1.798124e-002
7.603105e+002,1.793117e-002
7.607926e+002,1.788237e-002
7.612748e+002,1.783151e-002
7.617568e+002,1.777763e-002
7.622390e+002,1.772213e-002
7.627211e+002,1.766837e-002
7.632032e+002,1.761941e-002
7.636854e+002,1.757731e-002
7.641675e+002,1.754252e-002
7.646496e+002,1.751374e-002
7.651317e+002,1.748879e-002
7.656139e+002,1.746542e-002
7.660959e+002,1.744172e-002
7.665781e+002,1.741571e-002
7.670602e+002,1.738611e-002
7.675424e+002,1.735131e-002
7.680245e+002,1.730999e-002
7.685066e+002,1.726097e-002
7.689888e+002,1.720438e-002
7.694708e+002,1.714133e-002
7.699530e+002,1.707369e-002
7.704351e+002,1.700399e-002
7.709172e+002,1.693417e-002
7.713994e+002,1.686597e-002
7.718815e+002,1.679984e-002
7.723636e+002,1.673608e-002
7.728457e+002,1.667420e-002
7.733279e+002,1.661339e-002
7.738099e+002,1.655236e-002
7.742921e+002,1.648916e-002
7.747742e+002,1.642157e-002
7.752563e+002,1.634805e-002
7.757385e+002,1.626752e-002
7.762206e+002,1.618083e-002
7.767028e+002,1.608999e-002
7.771848e+002,1.599819e-002
7.776670e+002,1.590898e-002
7.781491e+002,1.582461e-002
7.786312e+002,1.574626e-002
7.791133e+002,1.567375e-002
7.795955e+002,1.560613e-002
7.800776e+002,1.554209e-002
7.805597e+002,1.548054e-002
7.810419e+002,1.542041e-002
7.815239e+002,1.536075e-002
7.820061e+002,1.530029e-002
7.824882e+002,1.523729e-002
7.829703e+002,1.517044e-002
7.834525e+002,1.509918e-002
7.839346e+002,1.502420e-002
7.844167e+002,1.494726e-002
7.848988e+002,1.487143e-002
7.853810e+002,1.479924e-002
7.858631e+002,1.473271e-002
7.863452e+002,1.467233e-002
7.868273e+002,1.461754e-002
7.873094e+002,1.456701e-002
7.877916e+002,1.451928e-002
7.882737e+002,1.447274e-002
7.887559e+002,1.442623e-002
7.892380e+002,1.437853e-002
7.897201e+002,1.432838e-002
7.902022e+002,1.427432e-002
7.906843e+002,1.421541e-002
7.911665e+002,1.415163e-002
7.916486e+002,1.408384e-002
7.921307e+002,1.401370e-002
7.926128e+002,1.394346e-002
7.930950e+002,1.387470e-002
7.935771e+002,1.380846e-002
7.940592e+002,1.374488e-002
7.945413e+002,1.368392e-002
7.950234e+002,1.362547e-002
7.955056e+002,1.356963e-002
7.959877e+002,1.351746e-002
7.964698e+002,1.346972e-002
7.969520e+002,1.342692e-002
7.974341e+002,1.338879e-002
7.979162e+002,1.335457e-002
7.983983e+002,1.332325e-002
7.988805e+002,1.329410e-002
7.993625e+002,1.326635e-002
7.998447e+002,1.323961e-002
8.003268e+002,1.321337e-002
8.008090e+002,1.318630e-002
8.012911e+002,1.315693e-002
8.017732e+002,1.312327e-002
8.022553e+002,1.308383e-002
8.027374e+002,1.303737e-002
8.032196e+002,1.298344e-002
8.037017e+002,1.292153e-002
8.041838e+002,1.285098e-002
8.046660e+002,1.277024e-002
8.051481e+002,1.267787e-002
8.056302e+002,1.257236e-002
8.061123e+002,1.245335e-002
8.065945e+002,1.232175e-002
8.070765e+002,1.217863e-002
8.075587e+002,1.202501e-002
8.080408e+002,1.186008e-002
8.085229e+002,1.168088e-002
8.090051e+002,1.148306e-002
8.094872e+002,1.126196e-002
8.099694e+002,1.101542e-002
8.104514e+002,1.074445e-002
8.109336e+002,1.045375e-002
8.114156e+002,1.015033e-002
8.118978e+002,9.841391e-003
8.123799e+002,9.532989e-003
8.128621e+002,9.229450e-003
8.133442e+002,8.935237e-003
8.138263e+002,8.656811e-003
8.143085e+002,8.404168e-003
8.147905e+002,8.190719e-003
8.152727e+002,8.030835e-003
8.157548e+002,7.937001e-003
8.162369e+002,7.916633e-003
8.167191e+002,7.970847e-003
8.172012e+002,8.095674e-003
8.176833e+002,8.283328e-003
8.181654e+002,8.524351e-003
8.186476e+002,8.808652e-003
8.191296e+002,9.126028e-003
8.196118e+002,9.465882e-003
8.200939e+002,9.817759e-003
8.205760e+002,1.017091e-002
8.210582e+002,1.051603e-002
8.215403e+002,1.084536e-002
8.220225e+002,1.115332e-002
8.225045e+002,1.143689e-002
8.229867e+002,1.169518e-002
8.234688e+002,1.192849e-002
8.239509e+002,1.213755e-002
8.244330e+002,1.232284e-002
8.249152e+002,1.248462e-002
8.253973e+002,1.262306e-002
8.258794e+002,1.273916e-002
8.263616e+002,1.283506e-002
8.268437e+002,1.291429e-002
8.273258e+002,1.298087e-002
8.278079e+002,1.303843e-002
8.282900e+002,1.308960e-002
8.287722e+002,1.313532e-002
8.292543e+002,1.317534e-002
8.297365e+002,1.320841e-002
8.302185e+002,1.323297e-002
8.307007e+002,1.324811e-002
8.311828e+002,1.325263e-002
8.316649e+002,1.324600e-002
8.321470e+002,1.322816e-002
8.326292e+002,1.320020e-002
8.331113e+002,1.316481e-002
8.335934e+002,1.312629e-002
8.340756e+002,1.309016e-002
8.345577e+002,1.306140e-002
8.350398e+002,1.304279e-002
8.355219e+002,1.303362e-002
8.360040e+002,1.302993e-002
8.364862e+002,1.302576e-002
8.369683e+002,1.301550e-002
8.374504e+002,1.299623e-002
8.379325e+002,1.296886e-002
8.384147e+002,1.293755e-002
8.388968e+002,1.290824e-002
8.393789e+002,1.288601e-002
8.398610e+002,1.287326e-002
8.403431e+002,1.286914e-002
8.408253e+002,1.287026e-002
8.413074e+002,1.287279e-002
8.417896e+002,1.287364e-002
8.422717e+002,1.287087e-002
8.427538e+002,1.286427e-002
8.432359e+002,1.285432e-002
8.437180e+002,1.284096e-002
8.442002e+002,1.282365e-002
8.446823e+002,1.280132e-002
8.451644e+002,1.277349e-002
8.456465e+002,1.274080e-002
8.461287e+002,1.270516e-002
8.466108e+002,1.266888e-002
8.470929e+002,1.263423e-002
8.475751e+002,1.260175e-002
8.480571e+002,1.257071e-002
8.485393e+002,1.253966e-002
8.490214e+002,1.250718e-002
8.495035e+002,1.247229e-002
8.499857e+002,1.243524e-002
8.504678e+002,1.239648e-002
8.509499e+002,1.235660e-002
8.514320e+002,1.231544e-002
8.519142e+002,1.227199e-002
8.523962e+002,1.222525e-002
8.528784e+002,1.217413e-002
8.533605e+002,1.211802e-002
8.538427e+002,1.205656e-002
8.543248e+002,1.198912e-002
8.548069e+002,1.191446e-002
8.552891e+002,1.183094e-002
8.557711e+002,1.173733e-002
8.562533e+002,1.163369e-002
8.567354e+002,1.152263e-002
8.572175e+002,1.140797e-002
8.576996e+002,1.129487e-002
8.581818e+002,1.118731e-002
8.586639e+002,1.108701e-002
8.591460e+002,1.099301e-002
8.596282e+002,1.090292e-002
8.601102e+002,1.081418e-002
8.605924e+002,1.072591e-002
8.610745e+002,1.063932e-002
8.615566e+002,1.055700e-002
8.620388e+002,1.048154e-002
8.625209e+002,1.041408e-002
8.630031e+002,1.035287e-002
8.634851e+002,1.029466e-002
8.639673e+002,1.023595e-002
8.644494e+002,1.017382e-002
8.649315e+002,1.010807e-002
8.654136e+002,1.004083e-002
8.658958e+002,9.975177e-003
8.663779e+002,9.914559e-003
8.668600e+002,9.861573e-003
8.673422e+002,9.817117e-003
8.678242e+002,9.780930e-003
8.683064e+002,9.752381e-003
8.687885e+002,9.729614e-003
8.692706e+002,9.710334e-003
8.697527e+002,9.691445e-003
8.702349e+002,9.669779e-003
8.707170e+002,9.642820e-003
8.711991e+002,9.610080e-003
8.716813e+002,9.573539e-003
8.721634e+002,9.537905e-003
8.726455e+002,9.508517e-003
8.731276e+002,9.489921e-003
8.736097e+002,9.483378e-003
8.740919e+002,9.486353e-003
8.745740e+002,9.492774e-003
8.750562e+002,9.496076e-003
8.755382e+002,9.490716e-003
8.760204e+002,9.474817e-003
8.765025e+002,9.449720e-003
8.769846e+002,9.419114e-003
8.774668e+002,9.387102e-003
8.779489e+002,9.356541e-003
8.784310e+002,9.327799e-003
8.789131e+002,9.300778e-003
8.793953e+002,9.274920e-003
8.798774e+002,9.250971e-003
8.803595e+002,9.230428e-003
8.808416e+002,9.214496e-003
8.813237e+002,9.202847e-003
8.818059e+002,9.192380e-003
8.822880e+002,9.177643e-003
8.827701e+002,9.153178e-003
8.832523e+002,9.115139e-003
8.837344e+002,9.063836e-003
8.842165e+002,9.003121e-003
8.846986e+002,8.939406e-003
8.851808e+002,8.878358e-003
8.856628e+002,8.822568e-003
8.861450e+002,8.770384e-003
8.866271e+002,8.717272e-003
8.871093e+002,8.657318e-003
8.875914e+002,8.586442e-003
8.880735e+002,8.503440e-003
8.885556e+002,8.410702e-003
8.890377e+002,8.312554e-003
8.895199e+002,8.213302e-003
8.900020e+002,8.115890e-003
8.904841e+002,8.022072e-003
8.909662e+002,7.932209e-003
8.914484e+002,7.846966e-003
8.919305e+002,7.767290e-003
8.924126e+002,7.693904e-003
8.928948e+002,7.626908e-003
8.933768e+002,7.564586e-003
8.938590e+002,7.503681e-003
8.943411e+002,7.440423e-003
8.948232e+002,7.372119e-003
8.953054e+002,7.298853e-003
8.957875e+002,7.223011e-003
8.962697e+002,7.148879e-003
8.967517e+002,7.081401e-003
8.972339e+002,7.023151e-003
8.977159e+002,6.974502e-003
8.981981e+002,6.934288e-003
8.986802e+002,6.899456e-003
8.991624e+002,6.867650e-003
8.996445e+002,6.836993e-003
9.001266e+002,6.805933e-003
9.006088e+002,6.772903e-003
9.010908e+002,6.735428e-003
9.015730e+002,6.690956e-003
9.020551e+002,6.638017e-003
9.025372e+002,6.577027e-003
9.030193e+002,6.511113e-003
9.035015e+002,6.445989e-003
9.039836e+002,6.387531e-003
9.044657e+002,6.340164e-003
9.049479e+002,6.304722e-003
9.054299e+002,6.277962e-003
9.059121e+002,6.253491e-003
9.063942e+002,6.224171e-003
9.068763e+002,6.183923e-003
9.073585e+002,6.129247e-003
9.078406e+002,6.059676e-003
9.083228e+002,5.977115e-003
9.088048e+002,5.884394e-003
9.092870e+002,5.784472e-003
9.097691e+002,5.680002e-003
9.102512e+002,5.573245e-003
9.107333e+002,5.466036e-003
9.112155e+002,5.359565e-003
9.116976e+002,5.254206e-003
9.121797e+002,5.149034e-003
9.126619e+002,5.041942e-003
9.131440e+002,4.930567e-003
9.136261e+002,4.813189e-003
9.141082e+002,4.690175e-003
9.145903e+002,4.563575e-003
9.150724e+002,4.436726e-003
9.155546e+002,4.312727e-003
9.160367e+002,4.193082e-003
9.165189e+002,4.077273e-003
9.170010e+002,3.963524e-003
9.174831e+002,3.850240e-003
9.179652e+002,3.737327e-003
9.184473e+002,3.626753e-003
9.189294e+002,3.521192e-003
9.194116e+002,3.422706e-003
9.198937e+002,3.330963e-003
9.203759e+002,3.242588e-003
9.208580e+002,3.152539e-003
9.213401e+002,3.056355e-003
9.218222e+002,2.951293e-003
9.223043e+002,2.838606e-003
9.227864e+002,2.721031e-003
9.232686e+002,2.602105e-003
9.237507e+002,2.483550e-003
9.242328e+002,2.363859e-003
9.247150e+002,2.239302e-003
9.251971e+002,2.106025e-003
9.256792e+002,1.961773e-003
9.261613e+002,1.807588e-003
9.266434e+002,1.647136e-003
9.271255e+002,1.484607e-003
9.276077e+002,1.322592e-003
9.280898e+002,1.160472e-003
9.285720e+002,9.949497e-004
9.290541e+002,8.212414e-004
9.295362e+002,6.361675e-004
9.300183e+002,4.392947e-004
9.305004e+002,2.335216e-004
9.309826e+002,2.338286e-005
9.314647e+002,-1.864324e-004
9.319468e+002,-3.930860e-004
9.324290e+002,-5.960843e-004
9.329111e+002,-7.955505e-004
9.333932e+002,-9.918849e-004
9.338753e+002,-1.184656e-003
9.343574e+002,-1.373029e-003
9.348396e+002,-1.557468e-003
9.353217e+002,-1.740192e-003
9.358038e+002,-1.926292e-003
9.362859e+002,-2.121574e-003
9.367681e+002,-2.331468e-003
9.372502e+002,-2.558813e-003
9.377323e+002,-2.803546e-003
9.382144e+002,-3.063995e-003
9.386966e+002,-3.338830e-003
9.391787e+002,-3.629277e-003
9.396608e+002,-3.939552e-003
9.401429e+002,-4.276236e-003
9.406251e+002,-4.645098e-003
9.411072e+002,-5.049799e-003
9.415893e+002,-5.489734e-003
9.420714e+002,-5.962410e-003
9.425536e+002,-6.464020e-003
9.430357e+002,-6.992597e-003
9.435178e+002,-7.547956e-003
9.439999e+002,-8.130766e-003
9.444821e+002,-8.739173e-003
9.449642e+002,-9.366654e-003
9.454463e+002,-1.000098e-002
9.459284e+002,-1.062567e-002
9.464106e+002,-1.122366e-002
9.468927e+002,-1.178082e-002
9.473748e+002,-1.228705e-002
9.478569e+002,-1.273506e-002
9.483391e+002,-1.311792e-002
9.488212e+002,-1.342556e-002
9.493033e+002,-1.364536e-002
9.497855e+002,-1.376367e-002
9.502676e+002,-1.376999e-002
9.507497e+002,-1.366033e-002
9.512318e+002,-1.343783e-002
9.517139e+002,-1.311065e-002
9.521960e+002,-1.268739e-002
9.526782e+002,-1.217537e-002
9.531603e+002,-1.157865e-002
9.536425e+002,-1.090047e-002
9.541246e+002,-1.014649e-002
9.546067e+002,-9.326858e-003
9.550888e+002,-8.456414e-003
9.555709e+002,-7.553696e-003
9.560530e+002,-6.637228e-003
9.565352e+002,-5.723570e-003
9.570173e+002,-4.826549e-003
9.574995e+002,-3.957873e-003
9.579816e+002,-3.128329e-003
9.584637e+002,-2.348392e-003
9.589458e+002,-1.627666e-003
9.594279e+002,-9.739470e-004
9.599100e+002,-3.913761e-004
9.603922e+002,1.199849e-004
9.608743e+002,5.646404e-004
9.613564e+002,9.488499e-004
9.618386e+002,1.279450e-003
9.623207e+002,1.561608e-003
9.628028e+002,1.798163e-003
9.632849e+002,1.989803e-003
9.637670e+002,2.136910e-003
9.642491e+002,2.240850e-003
9.647313e+002,2.304931e-003
9.652134e+002,2.334125e-003
9.656956e+002,2.334005e-003
9.661777e+002,2.308935e-003
9.666598e+002,2.262070e-003
9.671419e+002,2.194579e-003
9.676240e+002,2.107599e-003
9.681061e+002,2.002179e-003
9.685883e+002,1.881141e-003
9.690704e+002,1.747829e-003
9.695526e+002,1.605171e-003
9.700347e+002,1.454711e-003
9.705168e+002,1.295703e-003
9.709989e+002,1.125888e-003
9.714810e+002,9.431634e-004
9.719631e+002,7.468838e-004
9.724453e+002,5.379827e-004
9.729274e+002,3.190735e-004
9.734095e+002,9.244719e-005
9.738917e+002,-1.409919e-004
9.743738e+002,-3.825649e-004
9.748559e+002,-6.349795e-004
9.753380e+002,-9.001667e-004
9.758201e+002,-1.178316e-003
9.763023e+002,-1.467002e-003
9.767844e+002,-1.762385e-003
9.772665e+002,-2.061269e-003
9.777487e+002,-2.363234e-003
9.782308e+002,-2.670952e-003
9.787129e+002,-2.989764e-003
9.791950e+002,-3.324716e-003
9.796771e+002,-3.679045e-003
9.801593e+002,-4.052213e-003
9.806414e+002,-4.441440e-003
9.811235e+002,-4.843679e-003
9.816057e+002,-5.257630e-003
9.820878e+002,-5.685106e-003
9.825699e+002,-6.130195e-003
9.830520e+002,-6.596814e-003
9.835342e+002,-7.086623e-003
9.840163e+002,-7.597208e-003
9.844984e+002,-8.124107e-003
9.849805e+002,-8.662424e-003
9.854626e+002,-9.210185e-003
9.859448e+002,-9.769253e-003
9.864269e+002,-1.034457e-002
9.869090e+002,-1.094102e-002
9.873912e+002,-1.156048e-002
9.878733e+002,-1.220012e-002
9.883554e+002,-1.285339e-002
9.888375e+002,-1.351279e-002
9.893196e+002,-1.417327e-002
9.898018e+002,-1.483342e-002
9.902839e+002,-1.549508e-002
9.907660e+002,-1.616009e-002
9.912482e+002,-1.682691e-002
9.917303e+002,-1.748955e-002
9.922124e+002,-1.813846e-002
9.926945e+002,-1.876365e-002
9.931766e+002,-1.935870e-002
9.936588e+002,-1.992111e-002
9.941409e+002,-2.045240e-002
9.946230e+002,-2.095357e-002
9.951052e+002,-2.142251e-002
9.955873e+002,-2.185320e-002
9.960694e+002,-2.223772e-002
9.965515e+002,-2.257033e-002
9.970336e+002,-2.285103e-002
9.975157e+002,-2.308603e-002
9.979979e+002,-2.328576e-002
9.984800e+002,-2.346004e-002
9.989622e+002,-2.361393e-002
9.994443e+002,-2.374680e-002
9.999264e+002,-2.385435e-002
1.000409e+003,-2.393306e-002
1.000891e+003,-2.398382e-002
1.001373e+003,-2.401299e-002
1.001855e+003,-2.403034e-002
1.002337e+003,-2.404425e-002
1.002819e+003,-2.405937e-002
1.003301e+003,-2.407387e-002
1.003783e+003,-2.408383e-002
1.004266e+003,-2.408599e-002
1.004748e+003,-2.408229e-002
1.005230e+003,-2.407992e-002
1.005712e+003,-2.408911e-002
1.006194e+003,-2.411932e-002
1.006676e+003,-2.417514e-002
1.007158e+003,-2.425583e-002
1.007640e+003,-2.435770e-002
1.008122e+003,-2.447828e-002
1.008605e+003,-2.461953e-002
1.009087e+003,-2.478799e-002
1.009569e+003,-2.499212e-002
1.010051e+003,-2.523689e-002
1.010533e+003,-2.552092e-002
1.011015e+003,-2.583487e-002
1.011497e+003,-2.616579e-002
1.011979e+003,-2.650186e-002
1.012462e+003,-2.683776e-002
1.012944e+003,-2.717524e-002
1.013426e+003,-2.752070e-002
1.013908e+003,-2.787887e-002
1.014390e+003,-2.824875e-002
1.014872e+003,-2.862181e-002
1.015354e+003,-2.898526e-002
1.015836e+003,-2.932772e-002
1.016319e+003,-2.964452e-002
1.016801e+003,-2.993871e-002
1.017283e+003,-3.021810e-002
1.017765e+003,-3.048886e-002
1.018247e+003,-3.075043e-002
1.018729e+003,-3.099375e-002
1.019211e+003,-3.120472e-002
1.019693e+003,-3.137058e-002
1.020176e+003,-3.148539e-002
1.020658e+003,-3.155221e-002
1.021140e+003,-3.157972e-002
1.021622e+003,-3.157634e-002
1.022104e+003,-3.154434e-002
1.022586e+003,-3.147902e-002
1.023068e+003,-3.137113e-002
1.023550e+003,-3.121271e-002
1.024033e+003,-3.100244e-002
1.024515e+003,-3.074596e-002
1.024997e+003,-3.045378e-002
1.025479e+003,-3.013435e-002
1.025961e+003,-2.979106e-002
1.026443e+003,-2.942030e-002
1.026925e+003,-2.901540e-002
1.027407e+003,-2.857224e-002
1.027890e+003,-2.809392e-002
1.028372e+003,-2.759054e-002
1.028854e+003,-2.707669e-002
1.029336e+003,-2.656464e-002
1.029818e+003,-2.606108e-002
1.030300e+003,-2.556507e-002
1.030782e+003,-2.507218e-002
1.031264e+003,-2.457828e-002
1.031747e+003,-2.408454e-002
1.032229e+003,-2.359764e-002
1.032711e+003,-2.312703e-002
1.033193e+003,-2.268056e-002
1.033675e+003,-2.226089e-002
1.034157e+003,-2.186434e-002
1.034639e+003,-2.148436e-002
1.035121e+003,-2.111536e-002
1.035604e+003,-2.075646e-002
1.036086e+003,-2.041184e-002
1.036568e+003,-2.008814e-002
1.037050e+003,-1.978979e-002
1.037532e+003,-1.951557e-002
1.038014e+003,-1.925771e-002
1.038496e+003,-1.900499e-002
1.038979e+003,-1.874696e-002
1.039461e+003,-1.847820e-002
1.039943e+003,-1.819948e-002
1.040425e+003,-1.791571e-002
1.040907e+003,-1.763148e-002
1.041389e+003,-1.734799e-002
1.041871e+003,-1.706154e-002
1.042353e+003,-1.676511e-002
1.042835e+003,-1.645280e-002
1.043318e+003,-1.612202e-002
1.043800e+003,-1.577477e-002
1.044282e+003,-1.541551e-002
1.044764e+003,-1.504735e-002
1.045246e+003,-1.466978e-002
1.045728e+003,-1.427794e-002
1.046210e+003,-1.386593e-002
1.046692e+003,-1.343050e-002
1.047175e+003,-1.297447e-002
1.047657e+003,-1.250626e-002
1.048139e+003,-1.203837e-002
1.048621e+003,-1.158148e-002
1.049103e+003,-1.114180e-002
1.049585e+003,-1.071874e-002
1.050067e+003,-1.030775e-002
1.050549e+003,-9.902799e-003
1.051031e+003,-9.500861e-003
1.051514e+003,-9.102524e-003
1.051996e+003,-8.711466e-003
1.052478e+003,-8.331175e-003
1.052960e+003,-7.962103e-003
1.053442e+003,-7.600731e-003
1.053924e+003,-7.240486e-003
1.054406e+003,-6.875143e-003
1.054889e+003,-6.500689e-003
1.055371e+003,-6.117469e-003
1.055853e+003,-5.728664e-003
1.056335e+003,-5.337923e-003
1.056817e+003,-4.946934e-003
1.057299e+003,-4.554520e-003
1.057781e+003,-4.157586e-003
1.058263e+003,-3.753125e-003
1.058746e+003,-3.340585e-003
1.059228e+003,-2.922238e-003
1.059710e+003,-2.502357e-003
1.060192e+003,-2.084643e-003
1.060674e+003,-1.670824e-003
1.061156e+003,-1.259551e-003
1.061638e+003,-8.481306e-004
1.062120e+003,-4.349833e-004
1.062603e+003,-2.123013e-005
1.063085e+003,3.876651e-004
1.063567e+003,7.832089e-004
1.064049e+003,1.156334e-003
1.064531e+003,1.499523e-003
1.065013e+003,1.808841e-003
1.065495e+003,2.083746e-003
1.065977e+003,2.326120e-003
1.066460e+003,2.538493e-003
1.066942e+003,2.722990e-003
1.067424e+003,2.880962e-003
1.067906e+003,3.013698e-003
1.068388e+003,3.123104e-003
1.068870e+003,3.212875e-003
1.069352e+003,3.287505e-003
1.069834e+003,3.351502e-003
1.070317e+003,3.408169e-003
1.070799e+003,3.459458e-003
1.071281e+003,3.506398e-003
1.071763e+003,3.551559e-003
1.072245e+003,3.599698e-003
1.072727e+003,3.659348e-003
1.073209e+003,3.741318e-003
1.073691e+003,3.856911e-003
1.074174e+003,4.015605e-003
1.074656e+003,4.223358e-003
1.075138e+003,4.483245e-003
1.075620e+003,4.796762e-003
1.076102e+003,5.164839e-003
1.076584e+003,5.589302e-003
1.077066e+003,6.071501e-003
1.077548e+003,6.611144e-003
1.078031e+003,7.204732e-003
1.078513e+003,7.845126e-003
1.078995e+003,8.522236e-003
1.079477e+003,9.224846e-003
1.079959e+003,9.942316e-003
1.080441e+003,1.066540e-002
1.080923e+003,1.138703e-002
1.081406e+003,1.210201e-002
1.081888e+003,1.280662e-002
1.082370e+003,1.349843e-002
1.082852e+003,1.417554e-002
1.083334e+003,1.483695e-002
1.083816e+003,1.548215e-002
1.084298e+003,1.611061e-002
1.084780e+003,1.672230e-002
1.085262e+003,1.731700e-002
1.085745e+003,1.789475e-002
1.086227e+003,1.845573e-002
1.086709e+003,1.900011e-002
1.087191e+003,1.952843e-002
1.087673e+003,2.004098e-002
1.088155e+003,2.053827e-002
1.088637e+003,2.102067e-002
1.089119e+003,2.148795e-002
1.089602e+003,2.193956e-002
1.090084e+003,2.237345e-002
1.090566e+003,2.278592e-002
1.091048e+003,2.317167e-002
1.091530e+003,2.352381e-002
1.092012e+003,2.383590e-002
1.092494e+003,2.410182e-002
1.092976e+003,2.431780e-002
1.093458e+003,2.448200e-002
1.093941e+003,2.459422e-002
1.094423e+003,2.465512e-002
1.094905e+003,2.466583e-002
1.095387e+003,2.462765e-002
1.095869e+003,2.454301e-002
1.096351e+003,2.441663e-002
1.096833e+003,2.425530e-002
1.097316e+003,2.406694e-002
1.097798e+003,2.385949e-002
1.098280e+003,2.363883e-002
1.098762e+003,2.340856e-002
1.099244e+003,2.317033e-002
1.099726e+003,2.292558e-002
1.100208e+003,2.267600e-002
1.100690e+003,2.242589e-002
1.101173e+003,2.217984e-002
1.101655e+003,2.194346e-002
1.102137e+003,2.172101e-002
1.102619e+003,2.151582e-002
1.103101e+003,2.133041e-002
1.103583e+003,2.116799e-002
1.104065e+003,2.103254e-002
1.104547e+003,2.092944e-002
1.105030e+003,2.086473e-002
1.105512e+003,2.084361e-002
1.105994e+003,2.087022e-002
1.106476e+003,2.094740e-002
1.106958e+003,2.107693e-002
1.107440e+003,2.126077e-002
1.107922e+003,2.150091e-002
1.108404e+003,2.179938e-002
1.108886e+003,2.215729e-002
1.109369e+003,2.257427e-002
1.109851e+003,2.304707e-002
1.110333e+003,2.357004e-002
1.110815e+003,2.413533e-002
1.111297e+003,2.473344e-002
1.111779e+003,2.535449e-002
1.112261e+003,2.598912e-002
1.112744e+003,2.662807e-002
1.113226e+003,2.726251e-002
1.113708e+003,2.788361e-002
1.114190e+003,2.848133e-002
1.114672e+003,2.904442e-002
1.115154e+003,2.956144e-002
1.115636e+003,3.002134e-002
1.116118e+003,3.041501e-002
1.116601e+003,3.073591e-002
1.117083e+003,3.097918e-002
1.117565e+003,3.114079e-002
1.118047e+003,3.121652e-002
1.118529e+003,3.120145e-002
1.119011e+003,3.109141e-002
1.119493e+003,3.088383e-002
1.119975e+003,3.058038e-002
1.120458e+003,3.018592e-002
1.120940e+003,2.970901e-002
1.121422e+003,2.915947e-002
1.121904e+003,2.854866e-002
1.122386e+003,2.788980e-002
1.122868e+003,2.719809e-002
1.123350e+003,2.649268e-002
1.123832e+003,2.579524e-002
1.124314e+003,2.512803e-002
1.124797e+003,2.451164e-002
1.125279e+003,2.396229e-002
1.125761e+003,2.349176e-002
1.126243e+003,2.310899e-002
1.126725e+003,2.282179e-002
1.127207e+003,2.263852e-002
1.127689e+003,2.256849e-002
1.128172e+003,2.262077e-002
1.128654e+003,2.280275e-002
1.129136e+003,2.311849e-002
1.129618e+003,2.356820e-002
1.130100e+003,2.414853e-002
1.130582e+003,2.485342e-002
1.131064e+003,2.567482e-002
1.131546e+003,2.660384e-002
1.132029e+003,2.763128e-002
1.132511e+003,2.874771e-002
1.132993e+003,2.994315e-002
1.133475e+003,3.120629e-002
1.133957e+003,3.252383e-002
1.134439e+003,3.388030e-002
1.134921e+003,3.525882e-002
1.135403e+003,3.664257e-002
1.135885e+003,3.801606e-002
1.136368e+003,3.936585e-002
1.136850e+003,4.068010e-002
1.137332e+003,4.194731e-002
1.137814e+003,4.315526e-002
1.138296e+003,4.429107e-002
1.138778e+003,4.534267e-002
1.139260e+003,4.630175e-002
1.139742e+003,4.716496e-002
1.140225e+003,4.793354e-002
1.140707e+003,4.861198e-002
1.141189e+003,4.920512e-002
1.141671e+003,4.971644e-002
1.142153e+003,5.014905e-002
1.142635e+003,5.050766e-002
1.143117e+003,5.080074e-002
1.143599e+003,5.104158e-002
1.144082e+003,5.124688e-002
1.144564e+003,5.143286e-002
1.145046e+003,5.161250e-002
1.145528e+003,5.179350e-002
1.146010e+003,5.197955e-002
1.146492e+003,5.217290e-002
1.146974e+003,5.237760e-002
1.147457e+003,5.260110e-002
1.147939e+003,5.285242e-002
1.148421e+003,5.313976e-002
1.148903e+003,5.346770e-002
1.149385e+003,5.383563e-002
1.149867e+003,5.423890e-002
1.150349e+003,5.467224e-002
1.150831e+003,5.513263e-002
1.151313e+003,5.562136e-002
1.151796e+003,5.614212e-002
1.152278e+003,5.669872e-002
1.152760e+003,5.729132e-002
1.153242e+003,5.791533e-002
1.153724e+003,5.856206e-002
1.154206e+003,5.922332e-002
1.154688e+003,5.989419e-002
1.155170e+003,6.057502e-002
1.155653e+003,6.127028e-002
1.156135e+003,6.198388e-002
1.156617e+003,6.271571e-002
1.157099e+003,6.345901e-002
1.157581e+003,6.420209e-002
1.158063e+003,6.493291e-002
1.158545e+003,6.564387e-002
1.159027e+003,6.633464e-002
1.159510e+003,6.701065e-002
1.159992e+003,6.767871e-002
1.160474e+003,6.834196e-002
1.160956e+003,6.899679e-002
1.161438e+003,6.963408e-002
1.161920e+003,7.024343e-002
1.162402e+003,7.081854e-002
1.162885e+003,7.136022e-002
1.163367e+003,7.187464e-002
1.163849e+003,7.236890e-002
1.164331e+003,7.284501e-002
1.164813e+003,7.329695e-002
1.165295e+003,7.371251e-002
1.165777e+003,7.407807e-002
1.166259e+003,7.438507e-002
1.166741e+003,7.463280e-002
1.167224e+003,7.482772e-002
1.167706e+003,7.497770e-002
1.168188e+003,7.508633e-002
1.168670e+003,7.514934e-002
1.169152e+003,7.515650e-002
1.169634e+003,7.509679e-002
1.170116e+003,7.496424e-002
1.170598e+003,7.476202e-002
1.171081e+003,7.450018e-002
1.171563e+003,7.419076e-002
1.172045e+003,7.384162e-002
1.172527e+003,7.345320e-002
1.173009e+003,7.301959e-002
1.173491e+003,7.253461e-002
1.173973e+003,7.199641e-002
1.174455e+003,7.141080e-002
1.174938e+003,7.079048e-002
1.175420e+003,7.014920e-002
1.175902e+003,6.949601e-002
1.176384e+003,6.883376e-002
1.176866e+003,6.815928e-002
1.177348e+003,6.746830e-002
1.177830e+003,6.676085e-002
1.178313e+003,6.604248e-002
1.178795e+003,6.532418e-002
1.179277e+003,6.461634e-002
1.179759e+003,6.392577e-002
1.180241e+003,6.325288e-002
1.180723e+003,6.259287e-002
1.181205e+003,6.194063e-002
1.181687e+003,6.129475e-002
1.182169e+003,6.065827e-002
1.182652e+003,6.003889e-002
1.183134e+003,5.944378e-002
1.183616e+003,5.887602e-002
1.184098e+003,5.833279e-002
1.184580e+003,5.780751e-002
1.185062e+003,5.729183e-002
1.185544e+003,5.678102e-002
1.186026e+003,5.627506e-002
1.186509e+003,5.577679e-002
1.186991e+003,5.528958e-002
1.187473e+003,5.481353e-002
1.187955e+003,5.434450e-002
1.188437e+003,5.387592e-002
1.188919e+003,5.340132e-002
1.189401e+003,5.291826e-002
1.189883e+003,5.242879e-002
1.190366e+003,5.193845e-002
1.190848e+003,5.145252e-002
1.191330e+003,5.097348e-002
1.191812e+003,5.049925e-002
1.192294e+003,5.002466e-002
1.192776e+003,4.954506e-002
1.193258e+003,4.905875e-002
1.193740e+003,4.856792e-002
1.194223e+003,4.807802e-002
1.194705e+003,4.759431e-002
1.195187e+003,4.712040e-002
1.195669e+003,4.665644e-002
1.196151e+003,4.620104e-002
1.196633e+003,4.575330e-002
1.197115e+003,4.531547e-002
1.197597e+003,4.489173e-002
1.198080e+003,4.448787e-002
1.198562e+003,4.410804e-002
1.199044e+003,4.375265e-002
1.199526e+003,4.341830e-002
1.200008e+003,4.310036e-002
1.200490e+003,4.279520e-002
1.200972e+003,4.250262e-002
1.201454e+003,4.222695e-002
1.201937e+003,4.197381e-002
1.202419e+003,4.174849e-002
1.202901e+003,4.155251e-002
1.203383e+003,4.138285e-002
1.203865e+003,4.123383e-002
1.204347e+003,4.109941e-002
1.204829e+003,4.097576e-002
1.205312e+003,4.086243e-002
1.205794e+003,4.076102e-002
1.206276e+003,4.067374e-002
1.206758e+003,4.060068e-002
1.207240e+003,4.053945e-002
1.207722e+003,4.048600e-002
1.208204e+003,4.043660e-002
1.208686e+003,4.038937e-002
1.209168e+003,4.034548e-002
1.209651e+003,4.030716e-002
1.210133e+003,4.027638e-002
1.210615e+003,4.025298e-002
1.211097e+003,4.023426e-002
1.211579e+003,4.021692e-002
1.212061e+003,4.019866e-002
1.212543e+003,4.018048e-002
1.213025e+003,4.016692e-002
1.213508e+003,4.016402e-002
1.213990e+003,4.017729e-002
1.214472e+003,4.020891e-002
1.214954e+003,4.025759e-002
1.215436e+003,4.031929e-002
1.215918e+003,4.039026e-002
1.216400e+003,4.046854e-002
1.216882e+003,4.055588e-002
1.217365e+003,4.065558e-002
1.217847e+003,4.077139e-002
1.218329e+003,4.090485e-002
1.218811e+003,4.105429e-002
1.219293e+003,4.121571e-002
1.219775e+003,4.138498e-002
1.220257e+003,4.155984e-002
1.220740e+003,4.174118e-002
1.221222e+003,4.193141e-002
1.221704e+003,4.213374e-002
1.222186e+003,4.234915e-002
1.222668e+003,4.257611e-002
1.223150e+003,4.281157e-002
1.223632e+003,4.305241e-002
1.224114e+003,4.329786e-002
1.224596e+003,4.354937e-002
1.225079e+003,4.380998e-002
1.225561e+003,4.408204e-002
1.226043e+003,4.436428e-002
1.226525e+003,4.465235e-002
1.227007e+003,4.493956e-002
1.227489e+003,4.521930e-002
1.227971e+003,4.548876e-002
1.228453e+003,4.574885e-002
1.228936e+003,4.600421e-002
1.229418e+003,4.625956e-002
1.229900e+003,4.651773e-002
1.230382e+003,4.677757e-002
1.230864e+003,4.703530e-002
1.231346e+003,4.728715e-002
1.231828e+003,4.753146e-002
1.232310e+003,4.777092e-002
1.232792e+003,4.801072e-002
1.233275e+003,4.825571e-002
1.233757e+003,4.850809e-002
1.234239e+003,4.876411e-002
1.234721e+003,4.901661e-002
1.235203e+003,4.925684e-002
1.235685e+003,4.947817e-002
1.236167e+003,4.967815e-002
1.236650e+003,4.985778e-002
1.237132e+003,5.001955e-002
1.237614e+003,5.016355e-002
1.238096e+003,5.028628e-002
1.238578e+003,5.038085e-002
1.239060e+003,5.043977e-002
1.239542e+003,5.045823e-002
1.240024e+003,5.043612e-002
1.240507e+003,5.037706e-002
1.240989e+003,5.028608e-002
1.241471e+003,5.016654e-002
1.241953e+003,5.001809e-002
1.242435e+003,4.983751e-002
1.242917e+003,4.962115e-002
1.243399e+003,4.936782e-002
1.243881e+003,4.907991e-002
1.244364e+003,4.876252e-002
1.244846e+003,4.842157e-002
1.245328e+003,4.806046e-002
1.245810e+003,4.767937e-002
1.246292e+003,4.727658e-002
1.246774e+003,4.685145e-002
1.247256e+003,4.640685e-002
1.247738e+003,4.594986e-002
1.248220e+003,4.549063e-002
1.248703e+003,4.503900e-002
1.249185e+003,4.460206e-002
1.249667e+003,4.418282e-002
1.250149e+003,4.378140e-002
1.250631e+003,4.339713e-002
1.251113e+003,4.303129e-002
1.251595e+003,4.268727e-002
1.252078e+003,4.236967e-002
1.252560e+003,4.208215e-002
1.253042e+003,4.182541e-002
1.253524e+003,4.159604e-002
1.254006e+003,4.138846e-002
1.254488e+003,4.119686e-002
1.254970e+003,4.101705e-002
1.255452e+003,4.084757e-002
1.255935e+003,4.068908e-002
1.256417e+003,4.054176e-002
1.256899e+003,4.040437e-002
1.257381e+003,4.027302e-002
1.257863e+003,4.014333e-002
1.258345e+003,4.001052e-002
1.258827e+003,3.987355e-002
1.259309e+003,3.973351e-002
1.259792e+003,3.959357e-002
1.260274e+003,3.945696e-002
1.260756e+003,3.932468e-002
1.261238e+003,3.919573e-002
1.261720e+003,3.906766e-002
1.262202e+003,3.893826e-002
1.262684e+003,3.880771e-002
1.263166e+003,3.867808e-002
1.263648e+003,3.855182e-002
1.264131e+003,3.843035e-002
1.264613e+003,3.831174e-002
1.265095e+003,3.819161e-002
1.265577e+003,3.806410e-002
1.266059e+003,3.792427e-002
1.266541e+003,3.777112e-002
1.267023e+003,3.760692e-002
1.267505e+003,3.743703e-002
1.267988e+003,3.726724e-002
1.268470e+003,3.710231e-002
1.268952e+003,3.694482e-002
1.269434e+003,3.679606e-002
1.269916e+003,3.665675e-002
1.270398e+003,3.652889e-002
1.270880e+003,3.641544e-002
1.271363e+003,3.631921e-002
1.271845e+003,3.624208e-002
1.272327e+003,3.618339e-002
1.272809e+003,3.614041e-002
1.273291e+003,3.611051e-002
1.273773e+003,3.609115e-002
1.274255e+003,3.608201e-002
1.274737e+003,3.608389e-002
1.275219e+003,3.609695e-002
1.275702e+003,3.611949e-002
1.276184e+003,3.614650e-002
1.276666e+003,3.617018e-002
1.277148e+003,3.618167e-002
1.277630e+003,3.617368e-002
1.278112e+003,3.614155e-002
1.278594e+003,3.608361e-002
1.279076e+003,3.600017e-002
1.279559e+003,3.589103e-002
1.280041e+003,3.575505e-002
1.280523e+003,3.558964e-002
1.281005e+003,3.539288e-002
1.281487e+003,3.516503e-002
1.281969e+003,3.490969e-002
1.282451e+003,3.463348e-002
1.282933e+003,3.434441e-002
1.283416e+003,3.404894e-002
1.283898e+003,3.375188e-002
1.284380e+003,3.345557e-002
1.284862e+003,3.316204e-002
1.285344e+003,3.287387e-002
1.285826e+003,3.259580e-002
1.286308e+003,3.233406e-002
1.286791e+003,3.209402e-002
1.287273e+003,3.187918e-002
1.287755e+003,3.168964e-002
1.288237e+003,3.152265e-002
1.288719e+003,3.137500e-002
1.289201e+003,3.124363e-002
1.289683e+003,3.112840e-002
1.290165e+003,3.103019e-002
1.290647e+003,3.095008e-002
1.291130e+003,3.088719e-002
1.291612e+003,3.083827e-002
1.292094e+003,3.079771e-002
1.292576e+003,3.076084e-002
1.293058e+003,3.072471e-002
1.293540e+003,3.068990e-002
1.294022e+003,3.066036e-002
1.294504e+003,3.064053e-002
1.294987e+003,3.063341e-002
1.295469e+003,3.063815e-002
1.295951e+003,3.065100e-002
1.296433e+003,3.066644e-002
1.296915e+003,3.067948e-002
1.297397e+003,3.068830e-002
1.297879e+003,3.069344e-002
1.298361e+003,3.069761e-002
1.298844e+003,3.070247e-002
1.299326e+003,3.070741e-002
1.299808e+003,3.070944e-002
1.300290e+003,3.070413e-002
1.300772e+003,3.068752e-002
1.301254e+003,3.065848e-002
1.301736e+003,3.061884e-002
1.302219e+003,3.057175e-002
1.302701e+003,3.052038e-002
1.303183e+003,3.046650e-002
1.303665e+003,3.040922e-002
1.304147e+003,3.034734e-002
1.304629e+003,3.028049e-002
1.305111e+003,3.021080e-002
1.305593e+003,3.014243e-002
1.306075e+003,3.008087e-002
1.306558e+003,3.003012e-002
1.307040e+003,2.999116e-002
1.307522e+003,2.996163e-002
1.308004e+003,2.993758e-002
1.308486e+003,2.991498e-002
1.308968e+003,2.989176e-002
1.309450e+003,2.986966e-002
1.309932e+003,2.985189e-002
1.310415e+003,2.984219e-002
1.310897e+003,2.984214e-002
1.311379e+003,2.985019e-002
1.311861e+003,2.986097e-002
1.312343e+003,2.986700e-002
1.312825e+003,2.986079e-002
1.313307e+003,2.983640e-002
1.313789e+003,2.979089e-002
1.314272e+003,2.972415e-002
1.314754e+003,2.963809e-002
1.315236e+003,2.953615e-002
1.315718e+003,2.942249e-002
1.316200e+003,2.930201e-002
1.316682e+003,2.917963e-002
1.317164e+003,2.905889e-002
1.317646e+003,2.894070e-002
1.318129e+003,2.882161e-002
1.318611e+003,2.869492e-002
1.319093e+003,2.855145e-002
1.319575e+003,2.838332e-002
1.320057e+003,2.818613e-002
1.320539e+003,2.796092e-002
1.321021e+003,2.771204e-002
1.321503e+003,2.744626e-002
1.321986e+003,2.716922e-002
1.322468e+003,2.688468e-002
1.322950e+003,2.659436e-002
1.323432e+003,2.629931e-002
1.323914e+003,2.600108e-002
1.324396e+003,2.570214e-002
1.324878e+003,2.540599e-002
1.325360e+003,2.511597e-002
1.325843e+003,2.483479e-002
1.326325e+003,2.456409e-002
1.326807e+003,2.430443e-002
1.327289e+003,2.405693e-002
1.327771e+003,2.382321e-002
1.328253e+003,2.360583e-002
1.328735e+003,2.340698e-002
1.329218e+003,2.322824e-002
1.329700e+003,2.306960e-002
1.330182e+003,2.293032e-002
1.330664e+003,2.280900e-002
1.331146e+003,2.270501e-002
1.331628e+003,2.261732e-002
1.332110e+003,2.254593e-002
1.332592e+003,2.249064e-002
1.333074e+003,2.245121e-002
1.333557e+003,2.242686e-002
1.334039e+003,2.241718e-002
1.334521e+003,2.242198e-002
1.335003e+003,2.244208e-002
1.335485e+003,2.247967e-002
1.335967e+003,2.253803e-002
1.336449e+003,2.262112e-002
1.336931e+003,2.273439e-002
1.337414e+003,2.288308e-002
1.337896e+003,2.307068e-002
1.338378e+003,2.329549e-002
1.338860e+003,2.354810e-002
1.339342e+003,2.380891e-002
1.339824e+003,2.405298e-002
1.340306e+003,2.425809e-002
1.340788e+003,2.441195e-002
1.341271e+003,2.451681e-002
1.341753e+003,2.458618e-002
1.342235e+003,2.463946e-002
1.342717e+003,2.469634e-002
1.343199e+003,2.477296e-002
1.343681e+003,2.487811e-002
1.344163e+003,2.501268e-002
1.344646e+003,2.517048e-002
1.345128e+003,2.534063e-002
1.345610e+003,2.551251e-002
1.346092e+003,2.567817e-002
1.346574e+003,2.583527e-002
1.347056e+003,2.598491e-002
1.347538e+003,2.612991e-002
1.348020e+003,2.627131e-002
1.348502e+003,2.640676e-002
1.348985e+003,2.653011e-002
1.349467e+003,2.663313e-002
1.349949e+003,2.670888e-002
1.350431e+003,2.675392e-002
1.350913e+003,2.676890e-002
1.351395e+003,2.675914e-002
1.351877e+003,2.673100e-002
1.352359e+003,2.669073e-002
1.352842e+003,2.664284e-002
1.353324e+003,2.658928e-002
1.353806e+003,2.652989e-002
1.354288e+003,2.646424e-002
1.354770e+003,2.639168e-002
1.355252e+003,2.631194e-002
1.355734e+003,2.622492e-002
1.356216e+003,2.612938e-002
1.356698e+003,2.602313e-002
1.357181e+003,2.590390e-002
1.357663e+003,2.577008e-002
1.358145e+003,2.562237e-002
1.358627e+003,2.546416e-002
1.359109e+003,2.530246e-002
1.359591e+003,2.514580e-002
1.360073e+003,2.500392e-002
1.360556e+003,2.488521e-002
1.361038e+003,2.479526e-002
1.361520e+003,2.473362e-002
1.362002e+003,2.469297e-002
1.362484e+003,2.465741e-002
1.362966e+003,2.460819e-002
1.363448e+003,2.452959e-002
1.363930e+003,2.441684e-002
1.364413e+003,2.427666e-002
1.364895e+003,2.412474e-002
1.365377e+003,2.398127e-002
1.365859e+003,2.386723e-002
1.366341e+003,2.380026e-002
1.366823e+003,2.379116e-002
1.367305e+003,2.383968e-002
1.367787e+003,2.393226e-002
1.368270e+003,2.404440e-002
1.368752e+003,2.414701e-002
1.369234e+003,2.421764e-002
1.369716e+003,2.424631e-002
1.370198e+003,2.423820e-002
1.370680e+003,2.421064e-002
1.371162e+003,2.418873e-002
1.371644e+003,2.420173e-002
1.372126e+003,2.428026e-002
1.372609e+003,2.445353e-002
1.373091e+003,2.474252e-002
1.373573e+003,2.514964e-002
1.374055e+003,2.564833e-002
1.374537e+003,2.618554e-002
1.375019e+003,2.669886e-002
1.375501e+003,2.714008e-002
1.375984e+003,2.748758e-002
1.376466e+003,2.774291e-002
1.376948e+003,2.791820e-002
1.377430e+003,2.802712e-002
1.377912e+003,2.807731e-002
1.378394e+003,2.807138e-002
1.378876e+003,2.801039e-002
1.379358e+003,2.789980e-002
1.379841e+003,2.775298e-002
1.380323e+003,2.759265e-002
1.380805e+003,2.744665e-002
1.381287e+003,2.734132e-002
1.381769e+003,2.729566e-002
1.382251e+003,2.731515e-002
1.382733e+003,2.739181e-002
1.383215e+003,2.750906e-002
1.383698e+003,2.765109e-002
1.384180e+003,2.781183e-002
1.384662e+003,2.799880e-002
1.385144e+003,2.823193e-002
1.385626e+003,2.853472e-002
1.386108e+003,2.891929e-002
1.386590e+003,2.937198e-002
1.387072e+003,2.984732e-002
1.387554e+003,3.028269e-002
1.388037e+003,3.062690e-002
1.388519e+003,3.086001e-002
1.389001e+003,3.099527e-002
1.389483e+003,3.106347e-002
1.389965e+003,3.109664e-002
1.390447e+003,3.111873e-002
1.390929e+003,3.114462e-002
1.391411e+003,3.118386e-002
1.391894e+003,3.124735e-002
1.392376e+003,3.135258e-002
1.392858e+003,3.152454e-002
1.393340e+003,3.178827e-002
1.393822e+003,3.215489e-002
1.394304e+003,3.260254e-002
1.394786e+003,3.307274e-002
1.395269e+003,3.348956e-002
1.395751e+003,3.379738e-002
1.396233e+003,3.398508e-002
1.396715e+003,3.408492e-002
1.397197e+003,3.415154e-002
1.397679e+003,3.423839e-002
1.398161e+003,3.437470e-002
1.398643e+003,3.455239e-002
1.399125e+003,3.472557e-002
1.399608e+003,3.483300e-002
1.400090e+003,3.482781e-002
1.400572e+003,3.469828e-002
1.401054e+003,3.446424e-002
1.401536e+003,3.416097e-002
1.402018e+003,3.382396e-002
1.402500e+003,3.347856e-002
1.402982e+003,3.313719e-002
1.403465e+003,3.279844e-002
1.403947e+003,3.245012e-002
1.404429e+003,3.207579e-002
1.404911e+003,3.166235e-002
1.405393e+003,3.120754e-002
1.405875e+003,3.072015e-002
1.406357e+003,3.021637e-002
1.406839e+003,2.971390e-002
1.407322e+003,2.923024e-002
1.407804e+003,2.878311e-002
1.408286e+003,2.839060e-002
1.408768e+003,2.807159e-002
1.409250e+003,2.784311e-002
1.409732e+003,2.771563e-002
1.410214e+003,2.768972e-002
1.410697e+003,2.775333e-002
1.411179e+003,2.788558e-002
1.411661e+003,2.806259e-002
1.412143e+003,2.826411e-002
1.412625e+003,2.847715e-002
1.413107e+003,2.869462e-002
1.413589e+003,2.891146e-002
1.414071e+003,2.912105e-002
1.414553e+003,2.931353e-002
1.415036e+003,2.947875e-002
1.415518e+003,2.961063e-002
1.416000e+003,2.971162e-002
1.416482e+003,2.979429e-002
1.416964e+003,2.987948e-002
1.417446e+003,2.998660e-002
1.417928e+003,3.011775e-002
1.418410e+003,3.024221e-002
1.418893e+003,3.029831e-002
1.419375e+003,3.022533e-002
1.419857e+003,3.000252e-002
1.420339e+003,2.965697e-002
1.420821e+003,2.924001e-002
1.421303e+003,2.880282e-002
1.421785e+003,2.838543e-002
1.422267e+003,2.801839e-002
1.422750e+003,2.772429e-002
1.423232e+003,2.751662e-002
1.423714e+003,2.739491e-002
1.424196e+003,2.734064e-002
1.424678e+003,2.732337e-002
1.425160e+003,2.731386e-002
1.425642e+003,2.729975e-002
1.426125e+003,2.729001e-002
1.426607e+003,2.731228e-002
1.427089e+003,2.740632e-002
1.427571e+003,2.761485e-002
1.428053e+003,2.797207e-002
1.428535e+003,2.849283e-002
1.429017e+003,2.916228e-002
1.429499e+003,2.993845e-002
1.429981e+003,3.076612e-002
1.430464e+003,3.159651e-002
1.430946e+003,3.239667e-002
1.431428e+003,3.314954e-002
1.431910e+003,3.384668e-002
1.432392e+003,3.448319e-002
1.432874e+003,3.505991e-002
1.433356e+003,3.558925e-002
1.433838e+003,3.610295e-002
1.434321e+003,3.665757e-002
1.434803e+003,3.733360e-002
1.435285e+003,3.821882e-002
1.435767e+003,3.936475e-002
1.436249e+003,4.072330e-002
1.436731e+003,4.212372e-002
1.437213e+003,4.335243e-002
1.437696e+003,4.427905e-002
1.438177e+003,4.490479e-002
1.438660e+003,4.531406e-002
1.439142e+003,4.560936e-002
1.439624e+003,4.587289e-002
1.440106e+003,4.615727e-002
1.440588e+003,4.648694e-002
1.441070e+003,4.686330e-002
1.441552e+003,4.727213e-002
1.442035e+003,4.769226e-002
1.442517e+003,4.810212e-002
1.442999e+003,4.848611e-002
1.443481e+003,4.883524e-002
1.443963e+003,4.914938e-002
1.444445e+003,4.943605e-002
1.444927e+003,4.971258e-002
1.445409e+003,5.000528e-002
1.445892e+003,5.034729e-002
1.446374e+003,5.077197e-002
1.446856e+003,5.129963e-002
1.447338e+003,5.192374e-002
1.447820e+003,5.260738e-002
1.448302e+003,5.329676e-002
1.448784e+003,5.395063e-002
1.449266e+003,5.456338e-002
1.449749e+003,5.516747e-002
1.450231e+003,5.581535e-002
1.450713e+003,5.655651e-002
1.451195e+003,5.741614e-002
1.451677e+003,5.838247e-002
1.452159e+003,5.940650e-002
1.452641e+003,6.042011e-002
1.453124e+003,6.136260e-002
1.453605e+003,6.220541e-002
1.454088e+003,6.296133e-002
1.454570e+003,6.368100e-002
1.455052e+003,6.444190e-002
1.455534e+003,6.533458e-002
1.456016e+003,6.643236e-002
1.456498e+003,6.773409e-002
1.456980e+003,6.910980e-002
1.457463e+003,7.034703e-002
1.457945e+003,7.130258e-002
1.458427e+003,7.197428e-002
1.458909e+003,7.242802e-002
1.459391e+003,7.271879e-002
1.459873e+003,7.287162e-002
1.460355e+003,7.289439e-002
1.460837e+003,7.279296e-002
1.461320e+003,7.257751e-002
1.461802e+003,7.226101e-002
1.462284e+003,7.185742e-002
1.462766e+003,7.137978e-002
1.463248e+003,7.084294e-002
1.463730e+003,7.026728e-002
1.464212e+003,6.967707e-002
1.464694e+003,6.908780e-002
1.465177e+003,6.848531e-002
1.465659e+003,6.781647e-002
1.466141e+003,6.700460e-002
1.466623e+003,6.597971e-002
1.467105e+003,6.470317e-002
1.467587e+003,6.317976e-002
1.468069e+003,6.145635e-002
1.468552e+003,5.960752e-002
1.469033e+003,5.771440e-002
1.469516e+003,5.583990e-002
1.469998e+003,5.400666e-002
1.470480e+003,5.218054e-002
1.470962e+003,5.026685e-002
1.471444e+003,4.813365e-002
1.471926e+003,4.567859e-002
1.472408e+003,4.292839e-002
1.472891e+003,4.007095e-002
1.473373e+003,3.734598e-002
1.473855e+003,3.489817e-002
1.474337e+003,3.274131e-002
1.474819e+003,3.082427e-002
1.475301e+003,2.910019e-002
1.475783e+003,2.755736e-002
1.476265e+003,2.621140e-002
1.476748e+003,2.507944e-002
1.477230e+003,2.415686e-002
1.477712e+003,2.341375e-002
1.478194e+003,2.280864e-002
1.478676e+003,2.230634e-002
1.479158e+003,2.189000e-002
1.479640e+003,2.155938e-002
1.480122e+003,2.132297e-002
1.480604e+003,2.118287e-002
1.481087e+003,2.112358e-002
1.481569e+003,2.111143e-002
1.482051e+003,2.110612e-002
1.482533e+003,2.108051e-002
1.483015e+003,2.103045e-002
1.483497e+003,2.097304e-002
1.483979e+003,2.093547e-002
1.484461e+003,2.094303e-002
1.484944e+003,2.100930e-002
1.485426e+003,2.113445e-002
1.485908e+003,2.130693e-002
1.486390e+003,2.151367e-002
1.486872e+003,2.175010e-002
1.487354e+003,2.203159e-002
1.487836e+003,2.239200e-002
1.488319e+003,2.287218e-002
1.488801e+003,2.349537e-002
1.489283e+003,2.423797e-002
1.489765e+003,2.501754e-002
1.490247e+003,2.572346e-002
1.490729e+003,2.627048e-002
1.491211e+003,2.663768e-002
1.491693e+003,2.685656e-002
1.492176e+003,2.698166e-002
1.492658e+003,2.706381e-002
1.493140e+003,2.714760e-002
1.493622e+003,2.727188e-002
1.494104e+003,2.747670e-002
1.494586e+003,2.780606e-002
1.495068e+003,2.830280e-002
1.495550e+003,2.899279e-002
1.496032e+003,2.986141e-002
1.496515e+003,3.083920e-002
1.496997e+003,3.182055e-002
1.497479e+003,3.270976e-002
1.497961e+003,3.346301e-002
1.498443e+003,3.409170e-002
1.498925e+003,3.463777e-002
1.499407e+003,3.514240e-002
1.499890e+003,3.562811e-002
1.500372e+003,3.609486e-002
1.500854e+003,3.652777e-002
1.501336e+003,3.690732e-002
1.501818e+003,3.721976e-002
1.502300e+003,3.746079e-002
1.502782e+003,3.763747e-002
1.503264e+003,3.776728e-002
1.503747e+003,3.788298e-002
1.504229e+003,3.804160e-002
1.504711e+003,3.834892e-002
1.505193e+003,3.899489e-002
1.505675e+003,4.028337e-002
1.506157e+003,4.253572e-002
1.506639e+003,4.571797e-002
1.507121e+003,4.906814e-002
1.507604e+003,5.160569e-002
1.508086e+003,5.302771e-002
1.508568e+003,5.366153e-002
1.509050e+003,5.393308e-002
1.509532e+003,5.413493e-002
1.510014e+003,5.442664e-002
1.510496e+003,5.488088e-002
1.510979e+003,5.550927e-002
1.511460e+003,5.627631e-002
1.511943e+003,5.711185e-002
1.512425e+003,5.793602e-002
1.512907e+003,5.868631e-002
1.513389e+003,5.933999e-002
1.513871e+003,5.992256e-002
1.514353e+003,6.050396e-002
1.514835e+003,6.118302e-002
1.515318e+003,6.205944e-002
1.515800e+003,6.318206e-002
1.516282e+003,6.448735e-002
1.516764e+003,6.577764e-002
1.517246e+003,6.680875e-002
1.517728e+003,6.742786e-002
1.518210e+003,6.764640e-002
1.518692e+003,6.760187e-002
1.519175e+003,6.749425e-002
1.519657e+003,6.754847e-002
1.520139e+003,6.799380e-002
1.520621e+003,6.899984e-002
1.521103e+003,7.053968e-002
1.521585e+003,7.229396e-002
1.522067e+003,7.380868e-002
1.522549e+003,7.481924e-002
1.523031e+003,7.536744e-002
1.523514e+003,7.566342e-002
1.523996e+003,7.593264e-002
1.524478e+003,7.634866e-002
1.524960e+003,7.701619e-002
1.525442e+003,7.796399e-002
1.525924e+003,7.914448e-002
1.526406e+003,8.045234e-002
1.526888e+003,8.176948e-002
1.527371e+003,8.300379e-002
1.527853e+003,8.410394e-002
1.528335e+003,8.504637e-002
1.528817e+003,8.581962e-002
1.529299e+003,8.642132e-002
1.529781e+003,8.686864e-002
1.530263e+003,8.721102e-002
1.530746e+003,8.754289e-002
1.531228e+003,8.800820e-002
1.531710e+003,8.879642e-002
1.532192e+003,9.010153e-002
1.532674e+003,9.201600e-002
1.533156e+003,9.437519e-002
1.533638e+003,9.672397e-002
1.534120e+003,9.855733e-002
1.534603e+003,9.963686e-002
1.535085e+003,1.000367e-001
1.535567e+003,9.997232e-002
1.536049e+003,9.964969e-002
1.536531e+003,9.921937e-002
1.537013e+003,9.879041e-002
1.537495e+003,9.847131e-002
1.537977e+003,9.841529e-002
1.538459e+003,9.885866e-002
1.538942e+003,1.000979e-001
1.539424e+003,1.023109e-001
1.539906e+003,1.052146e-001
1.540388e+003,1.079712e-001
1.540870e+003,1.097539e-001
1.541352e+003,1.103636e-001
1.541834e+003,1.101455e-001
1.542316e+003,1.095685e-001
1.542799e+003,1.089698e-001
1.543281e+003,1.085025e-001
1.543763e+003,1.081531e-001
1.544245e+003,1.077970e-001
1.544727e+003,1.072781e-001
1.545209e+003,1.065027e-001
1.545691e+003,1.054797e-001
1.546174e+003,1.042936e-001
1.546656e+003,1.030458e-001
1.547138e+003,1.018129e-001
1.547620e+003,1.006297e-001
1.548102e+003,9.949397e-002
1.548584e+003,9.837554e-002
1.549066e+003,9.723474e-002
1.549548e+003,9.604053e-002
1.550031e+003,9.478661e-002
1.550513e+003,9.348758e-002
1.550995e+003,9.216011e-002
1.551477e+003,9.080599e-002
1.551959e+003,8.941028e-002
1.552441e+003,8.795279e-002
1.552923e+003,8.642404e-002
1.553405e+003,8.483815e-002
1.553887e+003,8.323602e-002
1.554370e+003,8.166889e-002
1.554852e+003,8.017162e-002
1.555334e+003,7.874462e-002
1.555816e+003,7.736142e-002
1.556298e+003,7.599217e-002
1.556780e+003,7.463121e-002
1.557262e+003,7.331890e-002
1.557744e+003,7.215506e-002
1.558227e+003,7.125023e-002
1.558709e+003,7.054388e-002
1.559191e+003,6.968506e-002
1.559673e+003,6.841046e-002
1.560155e+003,6.682693e-002
1.560637e+003,6.516143e-002
1.561119e+003,6.355911e-002
1.561602e+003,6.207999e-002
1.562083e+003,6.073618e-002
1.562566e+003,5.951478e-002
1.563048e+003,5.838731e-002
1.563530e+003,5.731877e-002
1.564012e+003,5.627744e-002
1.564494e+003,5.524514e-002
1.564976e+003,5.422213e-002
1.565458e+003,5.322300e-002
1.565941e+003,5.226291e-002
1.566423e+003,5.134875e-002
1.566905e+003,5.047866e-002
1.567387e+003,4.965014e-002
1.567869e+003,4.886874e-002
1.568351e+003,4.815208e-002
1.568833e+003,4.751998e-002
1.569315e+003,4.697020e-002
1.569798e+003,4.645583e-002
1.570280e+003,4.590050e-002
1.570762e+003,4.524120e-002
1.571244e+003,4.446063e-002
1.571726e+003,4.358197e-002
1.572208e+003,4.264968e-002
1.572690e+003,4.171463e-002
1.573172e+003,4.082574e-002
1.573655e+003,4.002722e-002
1.574137e+003,3.935594e-002
1.574619e+003,3.883704e-002
1.575101e+003,3.847463e-002
1.575583e+003,3.823511e-002
1.576065e+003,3.804087e-002
1.576547e+003,3.779406e-002
1.577030e+003,3.742636e-002
1.577511e+003,3.692444e-002
1.577994e+003,3.631284e-002
1.578476e+003,3.562778e-002
1.578958e+003,3.490579e-002
1.579440e+003,3.418330e-002
1.579922e+003,3.349639e-002
1.580404e+003,3.287677e-002
1.580886e+003,3.234245e-002
1.581369e+003,3.189127e-002
1.581851e+003,3.149986e-002
1.582333e+003,3.113325e-002
1.582815e+003,3.076392e-002
1.583297e+003,3.038262e-002
1.583779e+003,3.000114e-002
1.584261e+003,2.964304e-002
1.584743e+003,2.932781e-002
1.585226e+003,2.905808e-002
1.585708e+003,2.881957e-002
1.586190e+003,2.858861e-002
1.586672e+003,2.834888e-002
1.587154e+003,2.810103e-002
1.587636e+003,2.786491e-002
1.588118e+003,2.766875e-002
1.588600e+003,2.753345e-002
1.589083e+003,2.746011e-002
1.589565e+003,2.742898e-002
1.590047e+003,2.740945e-002
1.590529e+003,2.737790e-002
1.591011e+003,2.733119e-002
1.591493e+003,2.728889e-002
1.591975e+003,2.728207e-002
1.592458e+003,2.733759e-002
1.592939e+003,2.746464e-002
1.593422e+003,2.765075e-002
1.593904e+003,2.786967e-002
1.594386e+003,2.809615e-002
1.594868e+003,2.831781e-002
1.595350e+003,2.853858e-002
1.595832e+003,2.877050e-002
1.596314e+003,2.902073e-002
1.596797e+003,2.928409e-002
1.597279e+003,2.954572e-002
1.597761e+003,2.979178e-002
1.598243e+003,3.002049e-002
1.598725e+003,3.024956e-002
1.599207e+003,3.051072e-002
1.599689e+003,3.083714e-002
1.600171e+003,3.124988e-002
1.600654e+003,3.174726e-002
1.601136e+003,3.230741e-002
1.601618e+003,3.289988e-002
1.602100e+003,3.350176e-002
1.602582e+003,3.410712e-002
1.603064e+003,3.472468e-002
1.603546e+003,3.536740e-002
1.604028e+003,3.603867e-002
1.604510e+003,3.672940e-002
1.604993e+003,3.742507e-002
1.605475e+003,3.811953e-002
1.605957e+003,3.882632e-002
1.606439e+003,3.957922e-002
1.606921e+003,4.042183e-002
1.607403e+003,4.138617e-002
1.607885e+003,4.247335e-002
1.608367e+003,4.364738e-002
1.608850e+003,4.485096e-002
1.609332e+003,4.603172e-002
1.609814e+003,4.716640e-002
1.610296e+003,4.826158e-002
1.610778e+003,4.933796e-002
1.611260e+003,5.040465e-002
1.611742e+003,5.144482e-002
1.612225e+003,5.241946e-002
1.612707e+003,5.328941e-002
1.613189e+003,5.404164e-002
1.613671e+003,5.471176e-002
1.614153e+003,5.539754e-002
1.614635e+003,5.625899e-002
1.615117e+003,5.749809e-002
1.615599e+003,5.929102e-002
1.616082e+003,6.166100e-002
1.616564e+003,6.436433e-002
1.617046e+003,6.695593e-002
1.617528e+003,6.905766e-002
1.618010e+003,7.056055e-002
1.618492e+003,7.158426e-002
1.618974e+003,7.232247e-002
1.619456e+003,7.294168e-002
1.619938e+003,7.355833e-002
1.620421e+003,7.425967e-002
1.620903e+003,7.513391e-002
1.621385e+003,7.629000e-002
1.621867e+003,7.784836e-002
1.622349e+003,7.988357e-002
1.622831e+003,8.233318e-002
1.623313e+003,8.494987e-002
1.623796e+003,8.738652e-002
1.624278e+003,8.937809e-002
1.624760e+003,9.086179e-002
1.625242e+003,9.196380e-002
1.625724e+003,9.291016e-002
1.626206e+003,9.393894e-002
1.626688e+003,9.523404e-002
1.627170e+003,9.686805e-002
1.627653e+003,9.876813e-002
1.628135e+003,1.007361e-001
1.628617e+003,1.025409e-001
1.629099e+003,1.040315e-001
1.629581e+003,1.051879e-001
1.630063e+003,1.060881e-001
1.630545e+003,1.068333e-001
1.631027e+003,1.074919e-001
1.631510e+003,1.080802e-001
1.631992e+003,1.085796e-001
1.632474e+003,1.089734e-001
1.632956e+003,1.092942e-001
1.633438e+003,1.096677e-001
1.633920e+003,1.103411e-001
1.634402e+003,1.116678e-001
1.634885e+003,1.139732e-001
1.635366e+003,1.172553e-001
1.635849e+003,1.209217e-001
1.636331e+003,1.240525e-001
1.636813e+003,1.260948e-001
1.637295e+003,1.271400e-001
1.637777e+003,1.276093e-001
1.638259e+003,1.279000e-001
1.638741e+003,1.282524e-001
1.639224e+003,1.287567e-001
1.639706e+003,1.294001e-001
1.640188e+003,1.301188e-001
1.640670e+003,1.308459e-001
1.641152e+003,1.315413e-001
1.641634e+003,1.321985e-001
1.642116e+003,1.328260e-001
1.642598e+003,1.334241e-001
1.643081e+003,1.339730e-001
1.643563e+003,1.344462e-001
1.644045e+003,1.348467e-001
1.644527e+003,1.352571e-001
1.645009e+003,1.358901e-001
1.645491e+003,1.370888e-001
1.645973e+003,1.392031e-001
1.646455e+003,1.422704e-001
1.646938e+003,1.457061e-001
1.647420e+003,1.485061e-001
1.647902e+003,1.499599e-001
1.648384e+003,1.500449e-001
1.648866e+003,1.491745e-001
1.649348e+003,1.478155e-001
1.649830e+003,1.463108e-001
1.650313e+003,1.448702e-001
1.650794e+003,1.436228e-001
1.651277e+003,1.426844e-001
1.651759e+003,1.422274e-001
1.652241e+003,1.425067e-001
1.652723e+003,1.436644e-001
1.653205e+003,1.452619e-001
1.653687e+003,1.463160e-001
1.654169e+003,1.462252e-001
1.654652e+003,1.450934e-001
1.655134e+003,1.432639e-001
1.655616e+003,1.410187e-001
1.656098e+003,1.385568e-001
1.656580e+003,1.360278e-001
1.657062e+003,1.335476e-001
1.657544e+003,1.311901e-001
1.658026e+003,1.289747e-001
1.658509e+003,1.268655e-001
1.658991e+003,1.247915e-001
1.659473e+003,1.226802e-001
1.659955e+003,1.204958e-001
1.660437e+003,1.182571e-001
1.660919e+003,1.160329e-001
1.661401e+003,1.139088e-001
1.661883e+003,1.119377e-001
1.662365e+003,1.100965e-001
1.662848e+003,1.082872e-001
1.663330e+003,1.064008e-001
1.663812e+003,1.043943e-001
1.664294e+003,1.023085e-001
1.664776e+003,1.002288e-001
1.665258e+003,9.823407e-002
1.665740e+003,9.636920e-002
1.666222e+003,9.463830e-002
1.666705e+003,9.301323e-002
1.667187e+003,9.144751e-002
1.667669e+003,8.990014e-002
1.668151e+003,8.836024e-002
1.668633e+003,8.686261e-002
1.669115e+003,8.546640e-002
1.669597e+003,8.420237e-002
1.670080e+003,8.302675e-002
1.670562e+003,8.184039e-002
1.671044e+003,8.055616e-002
1.671526e+003,7.915075e-002
1.672008e+003,7.766388e-002
1.672490e+003,7.617032e-002
1.672972e+003,7.474696e-002
1.673454e+003,7.345115e-002
1.673937e+003,7.230164e-002
1.674419e+003,7.126557e-002
1.674901e+003,7.026149e-002
1.675383e+003,6.920341e-002
1.675865e+003,6.805700e-002
1.676347e+003,6.685703e-002
1.676829e+003,6.566564e-002
1.677311e+003,6.452841e-002
1.677793e+003,6.345557e-002
1.678276e+003,6.242537e-002
1.678758e+003,6.139898e-002
1.679240e+003,6.034042e-002
1.679722e+003,5.923502e-002
1.680204e+003,5.810152e-002
1.680686e+003,5.698231e-002
1.681168e+003,5.592367e-002
1.681650e+003,5.495322e-002
1.682133e+003,5.406870e-002
1.682615e+003,5.323461e-002
1.683097e+003,5.238512e-002
1.683579e+003,5.144574e-002
1.684061e+003,5.039196e-002
1.684543e+003,4.928647e-002
1.685025e+003,4.821735e-002
1.685508e+003,4.721229e-002
1.685990e+003,4.624444e-002
1.686472e+003,4.527696e-002
1.686954e+003,4.429149e-002
1.687436e+003,4.329072e-002
1.687918e+003,4.229598e-002
1.688400e+003,4.133545e-002
1.688882e+003,4.042926e-002
1.689365e+003,3.957628e-002
1.689847e+003,3.875498e-002
1.690329e+003,3.793575e-002
1.690811e+003,3.710255e-002
1.691293e+003,3.626148e-002
1.691775e+003,3.543726e-002
1.692257e+003,3.465889e-002
1.692739e+003,3.394921e-002
1.693221e+003,3.331686e-002
1.693704e+003,3.275680e-002
1.694186e+003,3.225187e-002
1.694668e+003,3.178108e-002
1.695150e+003,3.132673e-002
1.695632e+003,3.088525e-002
1.696114e+003,3.046398e-002
1.696596e+003,3.006749e-002
1.697078e+003,2.968593e-002
1.697561e+003,2.929902e-002
1.698043e+003,2.888887e-002
1.698525e+003,2.845216e-002
1.699007e+003,2.800986e-002
1.699489e+003,2.760920e-002
1.699971e+003,2.729835e-002
1.700453e+003,2.707753e-002
1.700936e+003,2.688266e-002
1.701417e+003,2.664021e-002
1.701900e+003,2.631876e-002
1.702382e+003,2.593335e-002
1.702864e+003,2.552205e-002
1.703346e+003,2.513149e-002
1.703828e+003,2.480512e-002
1.704310e+003,2.457258e-002
1.704792e+003,2.443198e-002
1.705275e+003,2.434120e-002
1.705757e+003,2.423437e-002
1.706239e+003,2.406232e-002
1.706721e+003,2.382170e-002
1.707203e+003,2.354898e-002
1.707685e+003,2.329015e-002
1.708167e+003,2.307681e-002
1.708649e+003,2.291514e-002
1.709132e+003,2.278944e-002
1.709614e+003,2.267363e-002
1.710096e+003,2.254707e-002
1.710578e+003,2.240603e-002
1.711060e+003,2.226710e-002
1.711542e+003,2.215681e-002
1.712024e+003,2.210093e-002
1.712506e+003,2.211054e-002
1.712989e+003,2.217951e-002
1.713471e+003,2.228484e-002
1.713953e+003,2.240019e-002
1.714435e+003,2.251211e-002
1.714917e+003,2.263330e-002
1.715399e+003,2.280368e-002
1.715881e+003,2.307458e-002
1.716364e+003,2.347840e-002
1.716845e+003,2.399433e-002
1.717328e+003,2.453818e-002
1.717810e+003,2.500337e-002
1.718292e+003,2.533192e-002
1.718774e+003,2.554302e-002
1.719256e+003,2.569822e-002
1.719738e+003,2.585524e-002
1.720220e+003,2.604749e-002
1.720703e+003,2.629104e-002
1.721185e+003,2.659465e-002
1.721667e+003,2.697182e-002
1.722149e+003,2.744165e-002
1.722631e+003,2.802757e-002
1.723113e+003,2.874401e-002
1.723595e+003,2.958443e-002
1.724077e+003,3.051906e-002
1.724560e+003,3.150422e-002
1.725042e+003,3.250182e-002
1.725524e+003,3.349651e-002
1.726006e+003,3.450304e-002
1.726488e+003,3.556214e-002
1.726970e+003,3.673147e-002
1.727452e+003,3.807302e-002
1.727934e+003,3.963628e-002
1.728417e+003,4.144548e-002
1.728899e+003,4.348408e-002
1.729381e+003,4.569041e-002
1.729863e+003,4.797148e-002
1.730345e+003,5.023685e-002
1.730827e+003,5.244135e-002
1.731309e+003,5.462578e-002
1.731792e+003,5.694972e-002
1.732273e+003,5.971907e-002
1.732756e+003,6.337702e-002
1.733238e+003,6.836364e-002
1.733720e+003,7.473272e-002
1.734202e+003,8.177959e-002
1.734684e+003,8.833451e-002
1.735166e+003,9.362357e-002
1.735648e+003,9.763876e-002
1.736131e+003,1.008175e-001
1.736613e+003,1.036627e-001
1.737095e+003,1.065975e-001
1.737577e+003,1.099521e-001
1.738059e+003,1.139599e-001
1.738541e+003,1.187053e-001
1.739023e+003,1.240458e-001
1.739505e+003,1.295966e-001
1.739988e+003,1.348726e-001
1.740470e+003,1.395152e-001
1.740952e+003,1.434156e-001
1.741434e+003,1.466596e-001
1.741916e+003,1.493921e-001
1.742398e+003,1.517150e-001
1.742880e+003,1.536533e-001
1.743362e+003,1.551745e-001
1.743844e+003,1.562336e-001
1.744327e+003,1.568092e-001
1.744809e+003,1.569090e-001
1.745291e+003,1.565469e-001
1.745773e+003,1.557164e-001
1.746255e+003,1.543832e-001
1.746737e+003,1.525012e-001
1.747219e+003,1.500468e-001
1.747702e+003,1.470471e-001
1.748184e+003,1.435760e-001
1.748666e+003,1.397106e-001
1.749148e+003,1.354758e-001
1.749630e+003,1.308254e-001
1.750112e+003,1.256956e-001
1.750594e+003,1.201093e-001
1.751076e+003,1.142489e-001
1.751559e+003,1.084236e-001
1.752041e+003,1.029369e-001
1.752523e+003,9.795825e-002
1.753005e+003,9.348955e-002
1.753487e+003,8.940972e-002
1.753969e+003,8.553940e-002
1.754451e+003,8.169307e-002
1.754933e+003,7.771216e-002
1.755416e+003,7.349845e-002
1.755898e+003,6.905100e-002
1.756380e+003,6.448773e-002
1.756862e+003,6.001764e-002
1.757344e+003,5.585621e-002
1.757826e+003,5.213668e-002
1.758308e+003,4.887905e-002
1.758791e+003,4.601824e-002
1.759272e+003,4.344941e-002
1.759755e+003,4.105946e-002
1.760237e+003,3.874571e-002
1.760719e+003,3.642990e-002
1.761201e+003,3.408206e-002
1.761683e+003,3.173852e-002
1.762165e+003,2.949782e-002
1.762647e+003,2.747185e-002
1.763130e+003,2.573219e-002
1.763612e+003,2.428358e-002
1.764094e+003,2.307858e-002
1.764576e+003,2.204702e-002
1.765058e+003,2.112132e-002
1.765540e+003,2.025090e-002
1.766022e+003,1.940915e-002
1.766504e+003,1.859420e-002
1.766987e+003,1.782312e-002
1.767469e+003,1.711862e-002
1.767951e+003,1.649388e-002
1.768433e+003,1.594276e-002
1.768915e+003,1.544551e-002
1.769397e+003,1.498119e-002
1.769879e+003,1.454003e-002
1.770361e+003,1.412558e-002
1.770844e+003,1.375087e-002
1.771326e+003,1.342319e-002
1.771808e+003,1.313142e-002
1.772290e+003,1.284325e-002
1.772772e+003,1.252560e-002
1.773254e+003,1.216815e-002
1.773736e+003,1.179068e-002
1.774219e+003,1.142441e-002
1.774700e+003,1.109588e-002
1.775183e+003,1.081532e-002
1.775665e+003,1.057755e-002
1.776147e+003,1.036649e-002
1.776629e+003,1.016487e-002
1.777111e+003,9.963602e-003
1.777593e+003,9.766039e-003
1.778075e+003,9.585956e-003
1.778558e+003,9.439761e-003
1.779040e+003,9.335155e-003
1.779522e+003,9.265178e-003
1.780004e+003,9.205912e-003
1.780486e+003,9.128647e-003
1.780968e+003,9.013796e-003
1.781450e+003,8.862953e-003
1.781932e+003,8.695699e-003
1.782415e+003,8.538003e-003
1.782897e+003,8.407246e-003
1.783379e+003,8.307558e-003
1.783861e+003,8.228316e-003
1.784343e+003,8.151670e-003
1.784825e+003,8.061244e-003
1.785307e+003,7.951415e-003
1.785789e+003,7.828752e-003
1.786271e+003,7.705561e-003
1.786754e+003,7.591351e-003
1.787236e+003,7.487800e-003
1.787718e+003,7.389527e-003
1.788200e+003,7.290615e-003
1.788682e+003,7.189688e-003
1.789164e+003,7.094163e-003
1.789646e+003,7.019781e-003
1.790128e+003,6.985283e-003
1.790611e+003,7.002190e-003
1.791093e+003,7.064620e-003
1.791575e+003,7.143082e-003
1.792057e+003,7.196543e-003
1.792539e+003,7.192603e-003
1.793021e+003,7.129123e-003
1.793503e+003,7.029032e-003
1.793986e+003,6.921345e-003
1.794468e+003,6.824231e-003
1.794950e+003,6.740212e-003
1.795432e+003,6.660718e-003
1.795914e+003,6.574348e-003
1.796396e+003,6.475036e-003
1.796878e+003,6.367281e-003
1.797360e+003,6.264403e-003
1.797843e+003,6.182498e-003
1.798325e+003,6.132087e-003
1.798807e+003,6.113186e-003
1.799289e+003,6.113202e-003
1.799771e+003,6.113037e-003
1.800253e+003,6.093874e-003
1.800735e+003,6.046921e-003
1.801217e+003,5.974986e-003
1.801699e+003,5.888342e-003
1.802182e+003,5.797029e-003
1.802664e+003,5.704293e-003
1.803146e+003,5.609174e-003
1.803628e+003,5.508956e-003
1.804110e+003,5.405689e-003
1.804592e+003,5.305932e-003
1.805074e+003,5.219499e-003
1.805556e+003,5.154709e-003
1.806039e+003,5.112958e-003
1.806521e+003,5.088416e-003
1.807003e+003,5.070611e-003
1.807485e+003,5.049179e-003
1.807967e+003,5.019536e-003
1.808449e+003,4.986260e-003
1.808931e+003,4.959059e-003
1.809414e+003,4.948073e-003
1.809896e+003,4.954762e-003
1.810378e+003,4.969724e-003
1.810860e+003,4.973826e-003
1.811342e+003,4.948454e-003
1.811824e+003,4.882536e-003
1.812306e+003,4.778707e-003
1.812788e+003,4.650607e-003
1.813271e+003,4.514603e-003
1.813753e+003,4.382659e-003
1.814235e+003,4.261185e-003
1.814717e+003,4.151753e-003
1.815199e+003,4.056363e-003
1.815681e+003,3.979014e-003
1.816163e+003,3.928300e-003
1.816645e+003,3.912345e-003
1.817127e+003,3.934137e-003
1.817610e+003,3.986145e-003
1.818092e+003,4.053080e-003
1.818574e+003,4.115995e-003
1.819056e+003,4.161256e-003
1.819538e+003,4.183754e-003
1.820020e+003,4.189227e-003
1.820502e+003,4.188578e-003
1.820984e+003,4.192235e-003
1.821467e+003,4.204448e-003
1.821949e+003,4.222676e-003
1.822431e+003,4.240609e-003
1.822913e+003,4.253330e-003
1.823395e+003,4.260529e-003
1.823877e+003,4.268582e-003
1.824359e+003,4.283932e-003
1.824842e+003,4.308469e-003
1.825323e+003,4.333628e-003
1.825806e+003,4.344140e-003
1.826288e+003,4.326974e-003
1.826770e+003,4.279856e-003
1.827252e+003,4.212264e-003
1.827734e+003,4.144886e-003
1.828216e+003,4.101284e-003
1.828698e+003,4.098346e-003
1.829181e+003,4.134396e-003
1.829663e+003,4.184362e-003
1.830145e+003,4.209361e-003
1.830627e+003,4.180653e-003
1.831109e+003,4.095089e-003
1.831591e+003,3.973320e-003
1.832073e+003,3.844490e-003
1.832555e+003,3.733061e-003
1.833038e+003,3.650204e-003
1.833520e+003,3.595018e-003
1.834002e+003,3.558483e-003
1.834484e+003,3.530784e-003
1.834966e+003,3.504903e-003
1.835448e+003,3.483101e-003
1.835930e+003,3.470330e-003
1.836412e+003,3.472647e-003
1.836895e+003,3.486701e-003
1.837377e+003,3.502903e-003
1.837859e+003,3.506147e-003
1.838341e+003,3.486081e-003
1.838823e+003,3.440490e-003
1.839305e+003,3.378657e-003
1.839787e+003,3.315328e-003
1.840270e+003,3.265624e-003
1.840751e+003,3.235920e-003
1.841234e+003,3.227641e-003
1.841716e+003,3.235961e-003
1.842198e+003,3.257646e-003
1.842680e+003,3.292707e-003
1.843162e+003,3.345388e-003
1.843644e+003,3.417792e-003
1.844126e+003,3.502761e-003
1.844609e+003,3.578019e-003
1.845091e+003,3.618381e-003
1.845573e+003,3.606672e-003
1.846055e+003,3.543593e-003
1.846537e+003,3.445583e-003
1.847019e+003,3.337824e-003
1.847501e+003,3.243668e-003
1.847983e+003,3.177873e-003
1.848466e+003,3.139534e-003
1.848948e+003,3.114830e-003
1.849430e+003,3.086114e-003
1.849912e+003,3.040710e-003
1.850394e+003,2.978977e-003
1.850876e+003,2.913831e-003
1.851358e+003,2.863122e-003
1.851840e+003,2.841331e-003
1.852323e+003,2.850508e-003
1.852805e+003,2.880330e-003
1.853287e+003,2.913496e-003
1.853769e+003,2.933981e-003
1.854251e+003,2.935484e-003
1.854733e+003,2.923727e-003
1.855215e+003,2.910544e-003
1.855698e+003,2.907104e-003
1.856179e+003,2.914711e-003
1.856662e+003,2.925779e-003
1.857144e+003,2.926971e-003
1.857626e+003,2.908210e-003
1.858108e+003,2.869050e-003
1.858590e+003,2.819984e-003
1.859072e+003,2.775592e-003
1.859554e+003,2.747872e-003
1.860037e+003,2.736959e-003
1.860519e+003,2.733091e-003
1.861001e+003,2.721735e-003
1.861483e+003,2.693229e-003
1.861965e+003,2.648370e-003
1.862447e+003,2.600084e-003
1.862929e+003,2.565399e-003
1.863411e+003,2.557143e-003
1.863894e+003,2.576268e-003
1.864376e+003,2.612134e-003
1.864858e+003,2.648393e-003
1.865340e+003,2.672207e-003
1.865822e+003,2.681147e-003
1.866304e+003,2.687548e-003
1.866786e+003,2.711887e-003
1.867268e+003,2.773799e-003
1.867750e+003,2.875554e-003
1.868233e+003,2.997257e-003
1.868715e+003,3.101947e-003
1.869197e+003,3.156403e-003
1.869679e+003,3.149009e-003
1.870161e+003,3.094147e-003
1.870643e+003,3.018482e-003
1.871125e+003,2.944589e-003
1.871608e+003,2.881306e-003
1.872090e+003,2.825652e-003
1.872572e+003,2.769100e-003
1.873054e+003,2.705550e-003
1.873536e+003,2.636988e-003
1.874018e+003,2.574004e-003
1.874500e+003,2.530554e-003
1.874982e+003,2.515438e-003
1.875465e+003,2.525622e-003
1.875947e+003,2.547222e-003
1.876429e+003,2.562159e-003
1.876911e+003,2.556454e-003
1.877393e+003,2.527097e-003
1.877875e+003,2.484742e-003
1.878357e+003,2.444117e-003
1.878839e+003,2.417646e-003
1.879322e+003,2.405026e-003
1.879804e+003,2.395835e-003
1.880286e+003,2.374330e-003
1.880768e+003,2.330941e-003
1.881250e+003,2.267529e-003
1.881732e+003,2.200401e-003
1.882214e+003,2.150127e-003
1.882697e+003,2.133853e-003
1.883178e+003,2.153544e-003
1.883661e+003,2.197525e-003
1.884143e+003,2.245224e-003
1.884625e+003,2.278673e-003
1.885107e+003,2.290718e-003
1.885589e+003,2.290177e-003
1.886071e+003,2.294146e-003
1.886553e+003,2.319932e-003
1.887036e+003,2.372821e-003
1.887518e+003,2.445812e-003
1.888000e+003,2.520729e-003
1.888482e+003,2.575039e-003
1.888964e+003,2.592586e-003
1.889446e+003,2.570827e-003
1.889928e+003,2.520225e-003
1.890410e+003,2.457476e-003
1.890893e+003,2.393945e-003
1.891375e+003,2.332711e-003
1.891857e+003,2.272206e-003
1.892339e+003,2.212176e-003
1.892821e+003,2.156395e-003
1.893303e+003,2.114805e-003
1.893785e+003,2.096470e-003
1.894267e+003,2.104555e-003
1.894750e+003,2.130519e-003
1.895232e+003,2.157001e-003
1.895714e+003,2.166681e-003
1.896196e+003,2.152618e-003
1.896678e+003,2.120086e-003
1.897160e+003,2.085900e-003
1.897642e+003,2.066763e-003
1.898125e+003,2.070252e-003
1.898606e+003,2.089068e-003
1.899089e+003,2.106000e-003
1.899571e+003,2.102749e-003
1.900053e+003,2.071661e-003
1.900535e+003,2.019853e-003
1.901017e+003,1.968843e-003
1.901499e+003,1.943828e-003
1.901981e+003,1.960682e-003
1.902464e+003,2.016342e-003
1.902946e+003,2.091819e-003
1.903428e+003,2.160069e-003
1.903910e+003,2.201983e-003
1.904392e+003,2.212030e-003
1.904874e+003,2.201642e-003
1.905356e+003,2.190109e-003
1.905838e+003,2.194399e-003
1.906321e+003,2.215791e-003
1.906803e+003,2.243338e-003
1.907285e+003,2.259050e-003
1.907767e+003,2.248656e-003
1.908249e+003,2.210361e-003
1.908731e+003,2.157717e-003
1.909213e+003,2.110188e-003
1.909695e+003,2.084204e-003
1.910177e+003,2.080289e-003
1.910660e+003,2.086209e-003
1.911142e+003,2.084958e-003
1.911624e+003,2.066434e-003
1.912106e+003,2.032087e-003
1.912588e+003,1.994675e-003
1.913070e+003,1.968110e-003
1.913552e+003,1.959200e-003
1.914034e+003,1.960520e-003
1.914517e+003,1.957071e-003
1.914999e+003,1.932887e-003
1.915481e+003,1.884519e-003
1.915963e+003,1.825504e-003
1.916445e+003,1.783644e-003
1.916927e+003,1.788039e-003
1.917409e+003,1.852478e-003
1.917892e+003,1.957655e-003
1.918374e+003,2.062452e-003
1.918856e+003,2.122311e-003
1.919338e+003,2.115321e-003
1.919820e+003,2.049531e-003
1.920302e+003,1.958266e-003
1.920784e+003,1.880232e-003
1.921266e+003,1.845294e-003
1.921749e+003,1.856287e-003
1.922231e+003,1.891734e-003
1.922713e+003,1.916281e-003
1.923195e+003,1.900986e-003
1.923677e+003,1.840519e-003
1.924159e+003,1.758495e-003
1.924641e+003,1.690432e-003
1.925123e+003,1.665161e-003
1.925605e+003,1.687507e-003
1.926088e+003,1.738961e-003
1.926570e+003,1.789165e-003
1.927052e+003,1.809385e-003
1.927534e+003,1.783404e-003
1.928016e+003,1.717785e-003
1.928498e+003,1.630242e-003
1.928980e+003,1.541447e-003
1.929462e+003,1.457805e-003
1.929945e+003,1.374257e-003
1.930427e+003,1.278248e-003
1.930909e+003,1.164903e-003
1.931391e+003,1.042995e-003
1.931873e+003,9.365518e-004
1.932355e+003,8.717283e-004
1.932837e+003,8.644451e-004
1.933320e+003,9.058297e-004
1.933802e+003,9.707152e-004
1.934284e+003,1.027937e-003
1.934766e+003,1.060287e-003
1.935248e+003,1.071594e-003
1.935730e+003,1.089586e-003
1.936212e+003,1.146324e-003
1.936694e+003,1.262346e-003
1.937177e+003,1.427691e-003
1.937659e+003,1.609231e-003
1.938141e+003,1.763422e-003
1.938623e+003,1.858617e-003
1.939105e+003,1.889151e-003
1.939587e+003,1.880732e-003
1.940069e+003,1.873468e-003
1.940551e+003,1.903900e-003
1.941033e+003,1.981470e-003
1.941516e+003,2.085526e-003
1.941998e+003,2.173711e-003
1.942480e+003,2.209420e-003
1.942962e+003,2.181246e-003
1.943444e+003,2.116260e-003
1.943926e+003,2.057381e-003
1.944408e+003,2.038387e-003
1.944890e+003,2.058208e-003
1.945373e+003,2.086503e-003
1.945855e+003,2.077972e-003
1.946337e+003,1.997485e-003
1.946819e+003,1.836026e-003
1.947301e+003,1.622153e-003
1.947783e+003,1.406029e-003
1.948265e+003,1.236594e-003
1.948748e+003,1.134219e-003
1.949229e+003,1.090782e-003
1.949712e+003,1.076886e-003
1.950194e+003,1.062401e-003
1.950676e+003,1.031213e-003
1.951158e+003,9.912075e-004
1.951640e+003,9.643909e-004
1.952122e+003,9.702629e-004
1.952604e+003,1.009302e-003
1.953087e+003,1.063459e-003
1.953569e+003,1.103905e-003
1.954051e+003,1.110530e-003
1.954533e+003,1.080392e-003
1.955015e+003,1.033053e-003
1.955497e+003,9.954876e-004
1.955979e+003,9.852217e-004
1.956461e+003,9.934473e-004
1.956944e+003,9.920694e-004
1.957426e+003,9.505626e-004
1.957908e+003,8.553316e-004
1.958390e+003,7.230450e-004
1.958872e+003,5.992224e-004
1.959354e+003,5.339505e-004
1.959836e+003,5.552650e-004
1.960318e+003,6.474405e-004
1.960801e+003,7.606096e-004
1.961283e+003,8.350143e-004
1.961765e+003,8.322916e-004
1.962247e+003,7.487414e-004
1.962729e+003,6.237008e-004
1.963211e+003,5.069483e-004
1.963693e+003,4.308397e-004
1.964176e+003,3.894038e-004
1.964657e+003,3.455399e-004
1.965140e+003,2.583424e-004
1.965622e+003,1.143090e-004
1.966104e+003,-5.537142e-005
1.966586e+003,-1.789783e-004
1.967068e+003,-1.844307e-004
1.967550e+003,-4.367812e-005
1.968032e+003,1.921921e-004
1.968515e+003,4.288304e-004
1.968997e+003,5.584479e-004
1.969479e+003,5.209731e-004
1.969961e+003,3.191127e-004
1.970443e+003,2.578944e-005
1.970925e+003,-2.588287e-004
1.971407e+003,-4.509858e-004
1.971889e+003,-5.261904e-004
1.972372e+003,-5.181551e-004
1.972854e+003,-4.926723e-004
1.973336e+003,-5.009610e-004
1.973818e+003,-5.558553e-004
1.974300e+003,-6.110343e-004
1.974782e+003,-5.962754e-004
1.975264e+003,-4.415327e-004
1.975746e+003,-1.298717e-004
1.976229e+003,3.179009e-004
1.976711e+003,8.500401e-004
1.977193e+003,1.419647e-003
1.977675e+003,1.991749e-003
1.978157e+003,2.548667e-003
1.978639e+003,3.070686e-003
1.979121e+003,3.519330e-003
1.979604e+003,3.825377e-003
1.980085e+003,3.921211e-003
1.980568e+003,3.767851e-003
1.981050e+003,3.388841e-003
1.981532e+003,2.870147e-003
1.982014e+003,2.352303e-003
1.982496e+003,1.969215e-003
1.982978e+003,1.808563e-003
1.983460e+003,1.870516e-003
1.983943e+003,2.091166e-003
1.984425e+003,2.373889e-003
1.984907e+003,2.637051e-003
1.985389e+003,2.838772e-003
1.985871e+003,2.989465e-003
1.986353e+003,3.126583e-003
1.986835e+003,3.284076e-003
1.987317e+003,3.457475e-003
1.987800e+003,3.607313e-003
1.988282e+003,3.677655e-003
1.988764e+003,3.629643e-003
1.989246e+003,3.460367e-003
1.989728e+003,3.214740e-003
1.990210e+003,2.961389e-003
1.990692e+003,2.764696e-003
1.991174e+003,2.645841e-003
1.991656e+003,2.586776e-003
1.992139e+003,2.543973e-003
1.992621e+003,2.479035e-003
1.993103e+003,2.381224e-003
1.993585e+003,2.274370e-003
1.994067e+003,2.194634e-003
1.994549e+003,2.168332e-003
1.995031e+003,2.185755e-003
1.995514e+003,2.216842e-003
1.995996e+003,2.222151e-003
1.996478e+003,2.179448e-003
1.996960e+003,2.092948e-003
1.997442e+003,1.994674e-003
1.997924e+003,1.923234e-003
1.998406e+003,1.898546e-003
1.998888e+003,1.899934e-003
1.999371e+003,1.884591e-003
1.999853e+003,1.804896e-003
2.000335e+003,1.643554e-003
2.000817e+003,1.425055e-003
2.001299e+003,1.212814e-003
2.001781e+003,1.073769e-003
2.002263e+003,1.044070e-003
2.002745e+003,1.096611e-003
2.003228e+003,1.158883e-003
2.003710e+003,1.139949e-003
2.004192e+003,9.815169e-004
2.004674e+003,6.868849e-004
2.005156e+003,3.371098e-004
2.005638e+003,5.682079e-005
2.006120e+003,-3.582706e-005
2.006603e+003,1.068509e-004
2.007084e+003,4.568611e-004
2.007567e+003,9.235702e-004
2.008049e+003,1.393886e-003
2.008531e+003,1.773649e-003
2.009013e+003,2.023243e-003
2.009495e+003,2.151139e-003
2.009977e+003,2.194318e-003
2.010459e+003,2.177681e-003
2.010942e+003,2.109071e-003
2.011424e+003,1.983854e-003
2.011906e+003,1.803549e-003
2.012388e+003,1.592734e-003
2.012870e+003,1.399904e-003
2.013352e+003,1.278106e-003
2.013834e+003,1.260837e-003
2.014316e+003,1.334331e-003
2.014799e+003,1.454873e-003
2.015281e+003,1.565456e-003
2.015763e+003,1.632408e-003
2.016245e+003,1.657764e-003
2.016727e+003,1.688087e-003
2.017209e+003,1.780843e-003
2.017691e+003,1.970269e-003
2.018173e+003,2.235311e-003
2.018656e+003,2.507468e-003
2.019138e+003,2.706351e-003
2.019620e+003,2.774461e-003
2.020102e+003,2.702675e-003
2.020584e+003,2.544442e-003
2.021066e+003,2.385221e-003
2.021548e+003,2.308689e-003
2.022031e+003,2.352905e-003
2.022512e+003,2.510175e-003
2.022995e+003,2.737542e-003
2.023477e+003,2.991447e-003
2.023959e+003,3.234102e-003
2.024441e+003,3.463808e-003
2.024923e+003,3.692537e-003
2.025405e+003,3.929119e-003
2.025887e+003,4.154949e-003
2.026370e+003,4.331823e-003
2.026852e+003,4.412157e-003
2.027334e+003,4.370338e-003
2.027816e+003,4.213925e-003
2.028298e+003,3.991100e-003
2.028780e+003,3.767888e-003
2.029262e+003,3.598500e-003
2.029744e+003,3.494827e-003
2.030227e+003,3.437577e-003
2.030709e+003,3.389489e-003
2.031191e+003,3.326249e-003
2.031673e+003,3.244334e-003
2.032155e+003,3.171038e-003
2.032637e+003,3.135967e-003
2.033119e+003,3.156452e-003
2.033601e+003,3.213126e-003
2.034083e+003,3.267936e-003
2.034566e+003,3.283123e-003
2.035048e+003,3.252025e-003
2.035530e+003,3.196002e-003
2.036012e+003,3.166833e-003
2.036494e+003,3.207267e-003
2.036976e+003,3.338636e-003
2.037458e+003,3.529865e-003
2.037940e+003,3.735668e-003
2.038423e+003,3.907493e-003
2.038905e+003,4.026562e-003
2.039387e+003,4.109790e-003
2.039869e+003,4.200059e-003
2.040351e+003,4.339564e-003
2.040833e+003,4.542976e-003
2.041315e+003,4.778492e-003
2.041798e+003,4.987238e-003
2.042280e+003,5.109418e-003
2.042762e+003,5.111304e-003
2.043244e+003,5.003978e-003
2.043726e+003,4.833361e-003
2.044208e+003,4.654659e-003
2.044690e+003,4.513974e-003
2.045172e+003,4.415330e-003
2.045655e+003,4.345055e-003
2.046137e+003,4.285649e-003
2.046619e+003,4.244004e-003
2.047101e+003,4.253455e-003
2.047583e+003,4.366400e-003
2.048065e+003,4.618624e-003
2.048547e+003,4.999766e-003
2.049029e+003,5.439855e-003
2.049511e+003,5.829442e-003
2.049994e+003,6.062416e-003
2.050476e+003,6.071845e-003
2.050958e+003,5.852505e-003
2.051440e+003,5.465609e-003
2.051922e+003,5.005610e-003
2.052404e+003,4.571947e-003
2.052886e+003,4.231030e-003
2.053368e+003,4.010155e-003
2.053851e+003,3.899200e-003
2.054333e+003,3.867710e-003
2.054815e+003,3.878396e-003
2.055297e+003,3.903245e-003
2.055779e+003,3.927559e-003
2.056261e+003,3.945520e-003
2.056743e+003,3.951716e-003
2.057226e+003,3.942578e-003
2.057708e+003,3.916451e-003
2.058190e+003,3.878464e-003
2.058672e+003,3.838749e-003
2.059154e+003,3.813198e-003
2.059636e+003,3.814023e-003
2.060118e+003,3.842954e-003
2.060600e+003,3.885819e-003
2.061083e+003,3.923904e-003
2.061565e+003,3.940121e-003
2.062047e+003,3.932465e-003
2.062529e+003,3.911351e-003
2.063011e+003,3.899565e-003
2.063493e+003,3.915858e-003
2.063975e+003,3.968084e-003
2.064457e+003,4.040332e-003
2.064939e+003,4.108563e-003
2.065422e+003,4.147198e-003
2.065904e+003,4.149404e-003
2.066386e+003,4.124235e-003
2.066868e+003,4.098366e-003
2.067350e+003,4.095330e-003
2.067832e+003,4.129118e-003
2.068314e+003,4.186606e-003
2.068796e+003,4.244193e-003
2.069279e+003,4.274667e-003
2.069761e+003,4.264086e-003
2.070243e+003,4.217111e-003
2.070725e+003,4.157089e-003
2.071207e+003,4.112209e-003
2.071689e+003,4.102754e-003
2.072171e+003,4.128194e-003
2.072654e+003,4.173724e-003
2.073135e+003,4.217828e-003
2.073618e+003,4.246352e-003
2.074100e+003,4.258387e-003
2.074582e+003,4.267181e-003
2.075064e+003,4.289105e-003
2.075546e+003,4.333428e-003
2.076028e+003,4.393049e-003
2.076510e+003,4.448345e-003
2.076993e+003,4.476696e-003
2.077475e+003,4.464591e-003
2.077957e+003,4.412835e-003
2.078439e+003,4.338360e-003
2.078921e+003,4.264479e-003
2.079403e+003,4.209674e-003
2.079885e+003,4.179355e-003
2.080367e+003,4.165505e-003
2.080850e+003,4.154834e-003
2.081332e+003,4.136259e-003
2.081814e+003,4.105689e-003
2.082296e+003,4.068313e-003
2.082778e+003,4.031960e-003
2.083260e+003,4.001416e-003
2.083742e+003,3.972869e-003
2.084224e+003,3.938830e-003
2.084707e+003,3.894163e-003
2.085189e+003,3.843440e-003
2.085671e+003,3.798386e-003
2.086153e+003,3.777191e-003
2.086635e+003,3.792853e-003
2.087117e+003,3.844008e-003
2.087599e+003,3.913112e-003
2.088082e+003,3.971275e-003
2.088563e+003,3.992001e-003
2.089046e+003,3.960664e-003
2.089528e+003,3.880501e-003
2.090010e+003,3.770476e-003
2.090492e+003,3.654014e-003
2.090974e+003,3.550450e-003
2.091456e+003,3.461250e-003
2.091938e+003,3.379531e-003
2.092421e+003,3.293398e-003
2.092903e+003,3.200622e-003
2.093385e+003,3.111709e-003
2.093867e+003,3.048869e-003
2.094349e+003,3.035506e-003
2.094831e+003,3.085512e-003
2.095313e+003,3.192603e-003
2.095795e+003,3.333627e-003
2.096278e+003,3.476410e-003
2.096760e+003,3.594660e-003
2.097242e+003,3.673766e-003
2.097724e+003,3.714878e-003
2.098206e+003,3.729274e-003
2.098688e+003,3.729713e-003
2.099170e+003,3.720652e-003
2.099652e+003,3.702646e-003
2.100135e+003,3.673942e-003
2.100617e+003,3.638377e-003
2.101099e+003,3.605104e-003
2.101581e+003,3.587755e-003
2.102063e+003,3.595430e-003
2.102545e+003,3.627939e-003
2.103027e+003,3.668789e-003
2.103510e+003,3.697271e-003
2.103991e+003,3.696299e-003
2.104474e+003,3.662770e-003
2.104956e+003,3.610461e-003
2.105438e+003,3.566325e-003
2.105920e+003,3.555864e-003
2.106402e+003,3.592832e-003
2.106884e+003,3.668507e-003
2.107366e+003,3.758807e-003
2.107849e+003,3.832674e-003
2.108331e+003,3.868346e-003
2.108813e+003,3.858986e-003
2.109295e+003,3.817056e-003
2.109777e+003,3.765915e-003
2.110259e+003,3.727880e-003
2.110741e+003,3.714828e-003
2.111223e+003,3.726774e-003
2.111706e+003,3.755938e-003
2.112188e+003,3.792354e-003
2.112670e+003,3.829702e-003
2.113152e+003,3.864817e-003
2.113634e+003,3.894464e-003
2.114116e+003,3.910687e-003
2.114598e+003,3.897436e-003
2.115080e+003,3.838083e-003
2.115563e+003,3.722961e-003
2.116045e+003,3.557615e-003
2.116527e+003,3.363224e-003
2.117009e+003,3.172516e-003
2.117491e+003,3.016816e-003
2.117973e+003,2.914079e-003
2.118455e+003,2.860172e-003
2.118938e+003,2.833850e-003
2.119420e+003,2.806882e-003
2.119902e+003,2.756653e-003
2.120384e+003,2.673991e-003
2.120866e+003,2.567691e-003
2.121348e+003,2.454308e-003
2.121830e+003,2.351812e-003
2.122312e+003,2.265634e-003
2.122794e+003,2.192328e-003
2.123277e+003,2.122449e-003
2.123759e+003,2.050288e-003
2.124241e+003,1.976546e-003
2.124723e+003,1.910820e-003
2.125205e+003,1.862708e-003
2.125687e+003,1.834830e-003
2.126169e+003,1.815623e-003
2.126651e+003,1.785252e-003
2.127134e+003,1.721963e-003
2.127616e+003,1.614299e-003
2.128098e+003,1.465070e-003
2.128580e+003,1.293126e-003
2.129062e+003,1.120854e-003
2.129544e+003,9.654877e-004
2.130026e+003,8.268893e-004
2.130509e+003,6.942537e-004
2.130990e+003,5.523219e-004
2.131473e+003,3.981948e-004
2.131955e+003,2.429638e-004
2.132437e+003,1.169435e-004
2.132919e+003,5.314703e-005
2.133401e+003,7.585154e-005
2.133883e+003,1.814447e-004
2.134365e+003,3.444711e-004
2.134848e+003,5.257184e-004
2.135330e+003,6.886735e-004
2.135812e+003,8.106485e-004
2.136294e+003,8.903241e-004
2.136776e+003,9.382911e-004
2.137258e+003,9.660787e-004
2.137740e+003,9.735998e-004
2.138222e+003,9.519047e-004
2.138705e+003,8.933858e-004
2.139187e+003,8.027779e-004
2.139669e+003,7.023472e-004
2.140151e+003,6.279236e-004
2.140633e+003,6.113151e-004
2.141115e+003,6.629222e-004
2.141597e+003,7.629884e-004
2.142079e+003,8.671598e-004
2.142562e+003,9.308119e-004
2.143044e+003,9.298840e-004
2.143526e+003,8.725794e-004
2.144008e+003,8.030231e-004
2.144490e+003,7.767485e-004
2.144972e+003,8.353234e-004
2.145454e+003,9.820232e-004
2.145937e+003,1.185338e-003
2.146418e+003,1.392920e-003
2.146901e+003,1.561308e-003
2.147383e+003,1.666789e-003
2.147865e+003,1.723986e-003
2.148347e+003,1.762314e-003
2.148829e+003,1.810433e-003
2.149311e+003,1.867282e-003
2.149793e+003,1.905101e-003
2.150276e+003,1.879042e-003
2.150758e+003,1.755081e-003
2.151240e+003,1.518341e-003
2.151722e+003,1.189676e-003
2.152204e+003,8.005971e-004
2.152686e+003,3.803939e-004
2.153168e+003,-7.890220e-005
2.153650e+003,-6.097077e-004
2.154133e+003,-1.249015e-003
2.154615e+003,-2.005866e-003
2.155097e+003,-2.835915e-003
2.155579e+003,-3.623696e-003
2.156061e+003,-4.215258e-003
2.156543e+003,-4.448210e-003
2.157025e+003,-4.210882e-003
2.157507e+003,-3.465133e-003
2.157990e+003,-2.252350e-003
2.158472e+003,-6.839716e-004
2.158954e+003,1.065974e-003
2.159436e+003,2.810430e-003
2.159918e+003,4.370876e-003
2.160400e+003,5.628293e-003
2.160882e+003,6.508722e-003
2.161365e+003,7.006371e-003
2.161846e+003,7.161014e-003
2.162329e+003,7.058366e-003
2.162811e+003,6.812605e-003
2.163293e+003,6.543122e-003
2.163775e+003,6.347073e-003
2.164257e+003,6.264816e-003
2.164739e+003,6.268810e-003
2.165221e+003,6.292018e-003
2.165704e+003,6.258962e-003
2.166186e+003,6.123371e-003
2.166668e+003,5.887392e-003
2.167150e+003,5.602536e-003
2.167632e+003,5.338873e-003
2.168114e+003,5.154261e-003
2.168596e+003,5.060332e-003
2.169078e+003,5.022873e-003
2.169561e+003,4.984313e-003
2.170043e+003,4.884518e-003
2.170525e+003,4.679884e-003
2.171007e+003,4.361517e-003
2.171489e+003,3.947668e-003
2.171971e+003,3.470396e-003
2.172453e+003,2.958854e-003
2.172935e+003,2.439856e-003
2.173417e+003,1.947829e-003
2.173900e+003,1.527841e-003
2.174382e+003,1.231205e-003
2.174864e+003,1.110263e-003
2.175346e+003,1.184262e-003
2.175828e+003,1.432150e-003
2.176310e+003,1.780629e-003
2.176792e+003,2.135607e-003
2.177274e+003,2.415363e-003
2.177757e+003,2.579261e-003
2.178239e+003,2.639033e-003
2.178721e+003,2.657354e-003
2.179203e+003,2.707181e-003
2.179685e+003,2.849171e-003
2.180167e+003,3.092921e-003
2.180649e+003,3.405001e-003
2.181132e+003,3.726463e-003
2.181614e+003,4.003676e-003
2.182096e+003,4.204181e-003
2.182578e+003,4.339356e-003
2.183060e+003,4.440454e-003
2.183542e+003,4.543495e-003
2.184024e+003,4.659101e-003
2.184506e+003,4.773826e-003
2.184989e+003,4.857614e-003
2.185471e+003,4.884307e-003
2.185953e+003,4.845561e-003
2.186435e+003,4.762531e-003
2.186917e+003,4.668986e-003
2.187399e+003,4.602718e-003
2.187881e+003,4.577582e-003
2.188363e+003,4.588061e-003
2.188845e+003,4.611883e-003
2.189328e+003,4.625875e-003
2.189810e+003,4.613258e-003
2.190292e+003,4.572635e-003
2.190774e+003,4.508874e-003
2.191256e+003,4.429332e-003
2.191738e+003,4.328607e-003
2.192220e+003,4.196401e-003
2.192702e+003,4.027310e-003
2.193185e+003,3.830885e-003
2.193667e+003,3.631133e-003
2.194149e+003,3.468035e-003
2.194631e+003,3.376697e-003
2.195113e+003,3.378535e-003
2.195595e+003,3.463603e-003
2.196077e+003,3.601523e-003
2.196560e+003,3.752822e-003
2.197042e+003,3.888202e-003
2.197524e+003,3.993170e-003
2.198006e+003,4.073693e-003
2.198488e+003,4.141819e-003
2.198970e+003,4.206394e-003
2.199452e+003,4.258264e-003
2.199934e+003,4.275232e-003
2.200417e+003,4.235378e-003
2.200899e+003,4.128709e-003
2.201381e+003,3.965900e-003
2.201863e+003,3.780780e-003
2.202345e+003,3.616270e-003
2.202827e+003,3.510468e-003
2.203309e+003,3.479363e-003
2.203791e+003,3.514643e-003
2.204273e+003,3.596051e-003
2.204756e+003,3.698107e-003
2.205238e+003,3.799853e-003
2.205720e+003,3.892553e-003
2.206202e+003,3.974733e-003
2.206684e+003,4.044031e-003
2.207166e+003,4.092507e-003
2.207648e+003,4.107652e-003
2.208130e+003,4.082758e-003
2.208613e+003,4.019713e-003
2.209095e+003,3.932317e-003
2.209577e+003,3.849006e-003
2.210059e+003,3.796324e-003
2.210541e+003,3.792666e-003
2.211023e+003,3.837625e-003
2.211505e+003,3.917110e-003
2.211988e+003,4.009001e-003
2.212469e+003,4.096303e-003
2.212952e+003,4.165533e-003
2.213434e+003,4.214689e-003
2.213916e+003,4.241615e-003
2.214398e+003,4.243718e-003
2.214880e+003,4.209409e-003
2.215362e+003,4.129229e-003
2.215844e+003,4.002278e-003
2.216327e+003,3.845576e-003
2.216809e+003,3.689347e-003
2.217291e+003,3.571346e-003
2.217773e+003,3.521010e-003
2.218255e+003,3.544423e-003
2.218737e+003,3.621861e-003
2.219219e+003,3.710262e-003
2.219701e+003,3.765188e-003
2.220184e+003,3.756775e-003
2.220666e+003,3.678482e-003
2.221148e+003,3.552665e-003
2.221630e+003,3.414471e-003
2.222112e+003,3.303499e-003
2.222594e+003,3.243328e-003
2.223076e+003,3.241296e-003
2.223558e+003,3.289533e-003
2.224041e+003,3.375802e-003
2.224523e+003,3.485195e-003
2.225005e+003,3.605600e-003
2.225487e+003,3.725922e-003
2.225969e+003,3.831651e-003
2.226451e+003,3.904695e-003
2.226933e+003,3.929546e-003
2.227416e+003,3.900385e-003
2.227897e+003,3.827336e-003
2.228380e+003,3.733656e-003
2.228862e+003,3.652250e-003
2.229344e+003,3.610630e-003
2.229826e+003,3.624240e-003
2.230308e+003,3.683921e-003
2.230790e+003,3.768638e-003
2.231272e+003,3.852284e-003
2.231755e+003,3.917709e-003
2.232237e+003,3.960663e-003
2.232719e+003,3.991603e-003
2.233201e+003,4.026643e-003
2.233683e+003,4.076342e-003
2.234165e+003,4.141452e-003
2.234647e+003,4.208826e-003
2.235129e+003,4.265001e-003
2.235612e+003,4.299550e-003
2.236094e+003,4.310450e-003
2.236576e+003,4.305945e-003
2.237058e+003,4.295408e-003
2.237540e+003,4.285759e-003
2.238022e+003,4.272755e-003
2.238504e+003,4.246856e-003
2.238986e+003,4.197775e-003
2.239469e+003,4.123711e-003
2.239951e+003,4.031213e-003
2.240433e+003,3.937490e-003
2.240915e+003,3.858496e-003
2.241397e+003,3.804151e-003
2.241879e+003,3.771785e-003
2.242361e+003,3.750295e-003
2.242844e+003,3.728050e-003
2.243326e+003,3.700573e-003
2.243808e+003,3.673233e-003
2.244290e+003,3.659766e-003
2.244772e+003,3.674364e-003
2.245254e+003,3.724813e-003
2.245736e+003,3.804345e-003
2.246218e+003,3.896993e-003
2.246700e+003,3.985055e-003
2.247183e+003,4.055742e-003
2.247665e+003,4.106270e-003
2.248147e+003,4.144329e-003
2.248629e+003,4.178515e-003
2.249111e+003,4.214213e-003
2.249593e+003,4.245735e-003
2.250075e+003,4.261171e-003
2.250557e+003,4.249576e-003
2.251040e+003,4.208388e-003
2.251522e+003,4.147104e-003
2.252004e+003,4.088420e-003
2.252486e+003,4.056395e-003
2.252968e+003,4.069482e-003
2.253450e+003,4.128087e-003
2.253932e+003,4.218371e-003
2.254415e+003,4.316130e-003
2.254896e+003,4.397202e-003
2.255379e+003,4.444911e-003
2.255861e+003,4.455997e-003
2.256343e+003,4.437798e-003
2.256825e+003,4.404719e-003
2.257307e+003,4.367945e-003
2.257789e+003,4.335064e-003
2.258271e+003,4.309911e-003
2.258754e+003,4.293391e-003
2.259236e+003,4.286489e-003
2.259718e+003,4.290186e-003
2.260200e+003,4.302158e-003
2.260682e+003,4.318800e-003
2.261164e+003,4.330331e-003
2.261646e+003,4.325534e-003
2.262128e+003,4.298226e-003
2.262611e+003,4.249521e-003
2.263093e+003,4.189126e-003
2.263575e+003,4.133755e-003
2.264057e+003,4.100283e-003
2.264539e+003,4.100705e-003
2.265021e+003,4.135566e-003
2.265503e+003,4.196076e-003
2.265985e+003,4.269734e-003
2.266468e+003,4.343354e-003
2.266950e+003,4.409012e-003
2.267432e+003,4.464513e-003
2.267914e+003,4.512417e-003
2.268396e+003,4.555736e-003
2.268878e+003,4.595299e-003
2.269360e+003,4.630270e-003
2.269843e+003,4.659893e-003
2.270324e+003,4.685069e-003
2.270807e+003,4.706400e-003
2.271289e+003,4.727364e-003
2.271771e+003,4.749394e-003
2.272253e+003,4.770676e-003
2.272735e+003,4.788109e-003
2.273217e+003,4.797980e-003
2.273699e+003,4.802026e-003
2.274182e+003,4.807511e-003
2.274664e+003,4.824435e-003
2.275146e+003,4.863108e-003
2.275628e+003,4.927033e-003
2.276110e+003,5.012665e-003
2.276592e+003,5.105848e-003
2.277074e+003,5.190129e-003
2.277556e+003,5.254271e-003
2.278039e+003,5.295450e-003
2.278521e+003,5.319569e-003
2.279003e+003,5.341498e-003
2.279485e+003,5.374142e-003
2.279967e+003,5.425865e-003
2.280449e+003,5.496002e-003
2.280931e+003,5.576964e-003
2.281413e+003,5.658650e-003
2.281896e+003,5.734826e-003
2.282378e+003,5.802671e-003
2.282860e+003,5.864994e-003
2.283342e+003,5.923009e-003
2.283824e+003,5.977473e-003
2.284306e+003,6.021529e-003
2.284788e+003,6.048238e-003
2.285271e+003,6.051268e-003
2.285752e+003,6.030905e-003
2.286235e+003,5.994529e-003
2.286717e+003,5.953411e-003
2.287199e+003,5.919824e-003
2.287681e+003,5.900485e-003
2.288163e+003,5.892958e-003
2.288645e+003,5.888477e-003
2.289127e+003,5.875679e-003
2.289610e+003,5.844179e-003
2.290092e+003,5.790152e-003
2.290574e+003,5.716255e-003
2.291056e+003,5.628362e-003
2.291538e+003,5.536012e-003
2.292020e+003,5.444241e-003
2.292502e+003,5.356641e-003
2.292984e+003,5.274740e-003
2.293467e+003,5.199609e-003
2.293949e+003,5.132856e-003
2.294431e+003,5.076777e-003
2.294913e+003,5.032447e-003
2.295395e+003,4.998648e-003
2.295877e+003,4.972097e-003
2.296359e+003,4.947220e-003
2.296841e+003,4.920648e-003
2.297323e+003,4.891848e-003
2.297806e+003,4.863036e-003
2.298288e+003,4.838575e-003
2.298770e+003,4.820915e-003
2.299252e+003,4.810214e-003
2.299734e+003,4.801499e-003
2.300216e+003,4.788337e-003
2.300698e+003,4.766362e-003
2.301180e+003,4.735721e-003
2.301663e+003,4.701006e-003
2.302145e+003,4.670415e-003
2.302627e+003,4.652155e-003
2.303109e+003,4.650138e-003
2.303591e+003,4.662614e-003
2.304073e+003,4.683609e-003
2.304555e+003,4.706223e-003
2.305038e+003,4.725472e-003
2.305520e+003,4.740122e-003
2.306002e+003,4.753012e-003
2.306484e+003,4.767367e-003
2.306966e+003,4.784800e-003
2.307448e+003,4.802240e-003
2.307930e+003,4.814922e-003
2.308412e+003,4.817849e-003
2.308895e+003,4.809324e-003
2.309377e+003,4.791645e-003
2.309859e+003,4.771344e-003
2.310341e+003,4.755418e-003
2.310823e+003,4.748948e-003
2.311305e+003,4.752093e-003
2.311787e+003,4.762166e-003
2.312269e+003,4.774783e-003
2.312751e+003,4.788329e-003
2.313234e+003,4.803653e-003
2.313716e+003,4.823295e-003
2.314198e+003,4.849956e-003
2.314680e+003,4.882950e-003
2.315162e+003,4.917036e-003
2.315644e+003,4.946127e-003
2.316126e+003,4.965281e-003
2.316608e+003,4.975184e-003
2.317091e+003,4.981158e-003
2.317573e+003,4.993462e-003
2.318055e+003,5.022366e-003
2.318537e+003,5.075218e-003
2.319019e+003,5.153656e-003
2.319501e+003,5.255774e-003
2.319983e+003,5.379507e-003
2.320466e+003,5.525027e-003
2.320948e+003,5.693444e-003
2.321430e+003,5.884006e-003
2.321912e+003,6.085288e-003
2.322394e+003,6.272910e-003
2.322876e+003,6.409054e-003
2.323358e+003,6.452841e-003
2.323840e+003,6.370646e-003
2.324323e+003,6.150880e-003
2.324805e+003,5.806173e-003
2.325287e+003,5.372438e-003
2.325769e+003,4.899528e-003
2.326251e+003,4.438798e-003
2.326733e+003,4.032732e-003
2.327215e+003,3.706605e-003
2.327697e+003,3.467819e-003
2.328179e+003,3.308008e-003
2.328662e+003,3.208761e-003
2.329144e+003,3.150665e-003
2.329626e+003,3.116242e-003
2.330108e+003,3.093731e-003
2.330590e+003,3.076556e-003
2.331072e+003,3.060614e-003
2.331554e+003,3.043735e-003
2.332036e+003,3.024447e-003
2.332519e+003,3.001429e-003
2.333001e+003,2.974992e-003
2.333483e+003,2.946140e-003
2.333965e+003,2.915958e-003
2.334447e+003,2.884058e-003
2.334929e+003,2.849508e-003
2.335411e+003,2.810599e-003
2.335894e+003,2.767640e-003
2.336375e+003,2.722491e-003
2.336858e+003,2.679654e-003
2.337340e+003,2.642314e-003
2.337822e+003,2.614357e-003
2.338304e+003,2.594545e-003
2.338786e+003,2.580707e-003
2.339268e+003,2.568806e-003
2.339750e+003,2.558066e-003
2.340233e+003,2.548720e-003
2.340715e+003,2.545825e-003
2.341197e+003,2.554981e-003
2.341679e+003,2.580244e-003
2.342161e+003,2.622789e-003
2.342643e+003,2.680217e-003
2.343125e+003,2.748572e-003
2.343607e+003,2.823577e-003
2.344090e+003,2.900021e-003
2.344572e+003,2.973541e-003
2.345054e+003,3.037510e-003
2.345536e+003,3.083892e-003
2.346018e+003,3.102693e-003
2.346500e+003,3.087811e-003
2.346982e+003,3.036732e-003
2.347464e+003,2.953729e-003
2.347947e+003,2.846124e-003
2.348429e+003,2.724911e-003
2.348911e+003,2.601086e-003
2.349393e+003,2.483859e-003
2.349875e+003,2.380645e-003
2.350357e+003,2.295038e-003
2.350839e+003,2.228919e-003
2.351322e+003,2.181983e-003
2.351803e+003,2.151897e-003
2.352286e+003,2.137108e-003
2.352768e+003,2.135828e-003
2.353250e+003,2.146501e-003
2.353732e+003,2.166479e-003
2.354214e+003,2.192719e-003
2.354696e+003,2.221942e-003
2.355178e+003,2.250395e-003
2.355661e+003,2.274793e-003
2.356143e+003,2.291063e-003
2.356625e+003,2.295289e-003
2.357107e+003,2.282373e-003
2.357589e+003,2.246514e-003
2.358071e+003,2.184958e-003
2.358553e+003,2.100123e-003
2.359035e+003,2.001242e-003
2.359518e+003,1.901154e-003
2.360000e+003,1.815919e-003
2.360482e+003,1.755961e-003
2.360964e+003,1.724584e-003
2.361446e+003,1.714982e-003
2.361928e+003,1.716430e-003
2.362410e+003,1.717877e-003
2.362892e+003,1.713210e-003
2.363375e+003,1.701872e-003
2.363857e+003,1.686606e-003
2.364339e+003,1.671257e-003
2.364821e+003,1.656921e-003
2.365303e+003,1.640853e-003
2.365785e+003,1.620146e-003
2.366267e+003,1.594641e-003
2.366750e+003,1.569676e-003
2.367232e+003,1.553813e-003
2.367714e+003,1.556644e-003
2.368196e+003,1.581087e-003
2.368678e+003,1.624092e-003
2.369160e+003,1.673800e-003
2.369642e+003,1.716845e-003
2.370124e+003,1.744962e-003
2.370606e+003,1.758614e-003
2.371089e+003,1.765661e-003
2.371571e+003,1.780898e-003
2.372053e+003,1.816454e-003
2.372535e+003,1.876202e-003
2.373017e+003,1.954806e-003
2.373499e+003,2.039042e-003
2.373981e+003,2.113703e-003
2.374463e+003,2.167979e-003
2.374946e+003,2.197440e-003
2.375428e+003,2.207193e-003
2.375910e+003,2.205668e-003
2.376392e+003,2.202171e-003
2.376874e+003,2.201828e-003
2.377356e+003,2.205827e-003
2.377838e+003,2.211170e-003
2.378321e+003,2.215330e-003
2.378802e+003,2.215068e-003
2.379285e+003,2.211251e-003
2.379767e+003,2.204508e-003
2.380249e+003,2.197288e-003
2.380731e+003,2.189433e-003
2.381213e+003,2.180151e-003
2.381695e+003,2.168098e-003
2.382177e+003,2.152955e-003
2.382660e+003,2.135433e-003
2.383142e+003,2.118536e-003
2.383624e+003,2.104877e-003
2.384106e+003,2.097546e-003
2.384588e+003,2.096307e-003
2.385070e+003,2.099978e-003
2.385552e+003,2.105630e-003
2.386034e+003,2.111443e-003
2.386517e+003,2.115593e-003
2.386999e+003,2.117685e-003
2.387481e+003,2.118113e-003
2.387963e+003,2.116241e-003
2.388445e+003,2.111355e-003
2.388927e+003,2.102105e-003
2.389409e+003,2.087694e-003
2.389891e+003,2.070977e-003
2.390374e+003,2.054650e-003
2.390856e+003,2.044190e-003
2.391338e+003,2.043411e-003
2.391820e+003,2.053273e-003
2.392302e+003,2.070762e-003
2.392784e+003,2.091040e-003
2.393266e+003,2.106877e-003
2.393749e+003,2.114931e-003
2.394230e+003,2.113608e-003
2.394713e+003,2.105447e-003
2.395195e+003,2.093863e-003
2.395677e+003,2.083069e-003
2.396159e+003,2.074579e-003
2.396641e+003,2.067358e-003
2.397123e+003,2.059576e-003
2.397605e+003,2.050359e-003
2.398088e+003,2.039545e-003
2.398570e+003,2.029046e-003
2.399052e+003,2.020773e-003
2.399534e+003,2.016320e-003
2.400016e+003,2.014016e-003
2.400498e+003,2.010914e-003
2.400980e+003,2.004702e-003
2.401462e+003,1.993943e-003
2.401945e+003,1.980230e-003
2.402427e+003,1.968106e-003
2.402909e+003,1.962838e-003
2.403391e+003,1.968657e-003
2.403873e+003,1.986927e-003
2.404355e+003,2.015901e-003
2.404837e+003,2.051753e-003
2.405319e+003,2.091054e-003
2.405802e+003,2.130372e-003
2.406284e+003,2.169069e-003
2.406766e+003,2.206343e-003
2.407248e+003,2.241876e-003
2.407730e+003,2.273985e-003
2.408212e+003,2.300669e-003
2.408694e+003,2.320647e-003
2.409177e+003,2.334712e-003
2.409658e+003,2.345342e-003
2.410141e+003,2.356376e-003
2.410623e+003,2.370777e-003
2.411105e+003,2.389667e-003
2.411587e+003,2.410247e-003
2.412069e+003,2.427792e-003
2.412551e+003,2.437652e-003
2.413033e+003,2.436697e-003
2.413516e+003,2.425561e-003
2.413998e+003,2.407927e-003
2.414480e+003,2.387720e-003
2.414962e+003,2.369350e-003
2.415444e+003,2.354502e-003
2.415926e+003,2.342055e-003
2.416408e+003,2.331369e-003
2.416890e+003,2.322203e-003
2.417373e+003,2.316084e-003
2.417855e+003,2.314859e-003
2.418337e+003,2.321023e-003
2.418819e+003,2.333454e-003
2.419301e+003,2.347657e-003
2.419783e+003,2.358250e-003
2.420265e+003,2.360247e-003
2.420747e+003,2.352115e-003
2.421229e+003,2.336422e-003
2.421712e+003,2.320723e-003
2.422194e+003,2.312901e-003
2.422676e+003,2.320039e-003
2.423158e+003,2.342548e-003
2.423640e+003,2.377864e-003
2.424122e+003,2.418590e-003
2.424604e+003,2.458446e-003
2.425086e+003,2.491958e-003
2.425569e+003,2.517910e-003
2.426051e+003,2.536782e-003
2.426533e+003,2.550504e-003
2.427015e+003,2.559395e-003
2.427497e+003,2.563128e-003
2.427979e+003,2.560250e-003
2.428461e+003,2.550595e-003
2.428944e+003,2.534805e-003
2.429426e+003,2.516104e-003
2.429908e+003,2.497234e-003
2.430390e+003,2.480698e-003
2.430872e+003,2.465689e-003
2.431354e+003,2.450109e-003
2.431836e+003,2.432182e-003
2.432318e+003,2.412066e-003
2.432801e+003,2.392507e-003
2.433283e+003,2.379729e-003
2.433765e+003,2.379635e-003
2.434247e+003,2.396274e-003
2.434729e+003,2.429334e-003
2.435211e+003,2.474296e-003
2.435693e+003,2.524052e-003
2.436175e+003,2.570996e-003
2.436657e+003,2.609787e-003
2.437140e+003,2.638880e-003
2.437622e+003,2.658511e-003
2.438104e+003,2.670537e-003
2.438586e+003,2.675682e-003
2.439068e+003,2.673781e-003
2.439550e+003,2.663937e-003
2.440032e+003,2.647037e-003
2.440514e+003,2.623646e-003
2.440997e+003,2.598705e-003
2.441479e+003,2.576431e-003
2.441961e+003,2.562827e-003
2.442443e+003,2.560737e-003
2.442925e+003,2.572196e-003
2.443407e+003,2.596889e-003
2.443889e+003,2.633768e-003
2.444372e+003,2.680325e-003
2.444854e+003,2.733156e-003
2.445336e+003,2.787960e-003
2.445818e+003,2.839619e-003
2.446300e+003,2.882360e-003
2.446782e+003,2.911787e-003
2.447264e+003,2.926590e-003
2.447746e+003,2.929119e-003
2.448229e+003,2.924002e-003
2.448711e+003,2.917092e-003
2.449193e+003,2.912458e-003
2.449675e+003,2.910672e-003
2.450157e+003,2.907907e-003
2.450639e+003,2.899197e-003
2.451121e+003,2.880630e-003
2.451604e+003,2.852038e-003
2.452085e+003,2.817324e-003
2.452568e+003,2.784716e-003
2.453050e+003,2.761794e-003
2.453532e+003,2.754676e-003
2.454014e+003,2.764103e-003
2.454496e+003,2.786417e-003
2.454978e+003,2.816243e-003
2.455460e+003,2.848285e-003
2.455943e+003,2.878136e-003
2.456425e+003,2.904573e-003
2.456907e+003,2.926121e-003
2.457389e+003,2.941473e-003
2.457871e+003,2.947767e-003
2.458353e+003,2.941239e-003
2.458835e+003,2.919595e-003
2.459317e+003,2.882500e-003
2.459800e+003,2.832234e-003
2.460282e+003,2.774432e-003
2.460764e+003,2.713340e-003
2.461246e+003,2.652963e-003
2.461728e+003,2.593302e-003
2.462210e+003,2.534684e-003
2.462692e+003,2.477519e-003
2.463174e+003,2.425813e-003
2.463656e+003,2.385708e-003
2.464139e+003,2.365309e-003
2.464621e+003,2.370027e-003
2.465103e+003,2.400289e-003
2.465585e+003,2.450869e-003
2.466067e+003,2.510889e-003
2.466549e+003,2.568152e-003
2.467031e+003,2.613803e-003
2.467513e+003,2.642999e-003
2.467996e+003,2.658354e-003
2.468478e+003,2.664859e-003
2.468960e+003,2.667675e-003
2.469442e+003,2.670001e-003
2.469924e+003,2.671507e-003
2.470406e+003,2.668992e-003
2.470888e+003,2.661305e-003
2.471371e+003,2.648116e-003
2.471853e+003,2.633278e-003
2.472335e+003,2.622049e-003
2.472817e+003,2.618947e-003
2.473299e+003,2.625947e-003
2.473781e+003,2.641167e-003
2.474263e+003,2.659844e-003
2.474745e+003,2.677132e-003
2.475228e+003,2.688342e-003
2.475710e+003,2.692566e-003
2.476192e+003,2.689143e-003
2.476674e+003,2.680617e-003
2.477156e+003,2.667562e-003
2.477638e+003,2.652198e-003
2.478120e+003,2.636416e-003
2.478602e+003,2.623428e-003
2.479084e+003,2.617515e-003
2.479567e+003,2.623707e-003
2.480049e+003,2.644729e-003
2.480531e+003,2.681001e-003
2.481013e+003,2.728663e-003
2.481495e+003,2.781043e-003
2.481977e+003,2.831055e-003
2.482459e+003,2.873171e-003
2.482941e+003,2.904085e-003
2.483424e+003,2.924368e-003
2.483906e+003,2.935582e-003
2.484388e+003,2.939288e-003
2.484870e+003,2.934905e-003
2.485352e+003,2.921437e-003
2.485834e+003,2.898631e-003
2.486316e+003,2.867887e-003
2.486799e+003,2.832919e-003
2.487281e+003,2.799756e-003
2.487763e+003,2.773356e-003
2.488245e+003,2.756784e-003
2.488727e+003,2.747728e-003
2.489209e+003,2.742141e-003
2.489691e+003,2.733989e-003
2.490173e+003,2.719960e-003
2.490656e+003,2.699142e-003
2.491138e+003,2.675751e-003
2.491620e+003,2.654751e-003
2.492102e+003,2.641027e-003
2.492584e+003,2.637481e-003
2.493066e+003,2.642876e-003
2.493548e+003,2.655315e-003
2.494030e+003,2.672065e-003
2.494512e+003,2.690892e-003
2.494995e+003,2.712381e-003
2.495477e+003,2.736280e-003
2.495959e+003,2.762844e-003
2.496441e+003,2.789168e-003
2.496923e+003,2.812268e-003
2.497405e+003,2.828907e-003
2.497887e+003,2.836921e-003
2.498370e+003,2.837054e-003
2.498852e+003,2.832869e-003
2.499334e+003,2.827437e-003
2.499816e+003,2.824744e-003
2.500298e+003,2.825040e-003
2.500780e+003,2.828326e-003
2.501262e+003,2.833525e-003
2.501744e+003,2.841218e-003
2.502227e+003,2.852323e-003
2.502709e+003,2.869251e-003
2.503191e+003,2.892258e-003
2.503673e+003,2.920264e-003
2.504155e+003,2.948863e-003
2.504637e+003,2.971733e-003
2.505119e+003,2.983958e-003
2.505601e+003,2.984365e-003
2.506083e+003,2.974199e-003
2.506566e+003,2.960363e-003
2.507048e+003,2.948022e-003
2.507530e+003,2.942674e-003
2.508012e+003,2.944406e-003
2.508494e+003,2.950640e-003
2.508976e+003,2.956625e-003
2.509458e+003,2.958778e-003
2.509940e+003,2.955594e-003
2.510423e+003,2.948237e-003
2.510905e+003,2.938626e-003
2.511387e+003,2.928844e-003
2.511869e+003,2.919059e-003
2.512351e+003,2.907767e-003
2.512833e+003,2.893548e-003
2.513315e+003,2.877571e-003
2.513798e+003,2.861838e-003
2.514280e+003,2.851863e-003
2.514762e+003,2.852159e-003
2.515244e+003,2.865490e-003
2.515726e+003,2.891113e-003
2.516208e+003,2.925940e-003
2.516690e+003,2.965631e-003
2.517172e+003,3.006845e-003
2.517655e+003,3.047490e-003
2.518137e+003,3.088068e-003
2.518619e+003,3.127575e-003
2.519101e+003,3.164503e-003
2.519583e+003,3.194748e-003
2.520065e+003,3.212778e-003
2.520547e+003,3.214901e-003
2.521029e+003,3.200771e-003
2.521511e+003,3.173229e-003
2.521994e+003,3.139224e-003
2.522476e+003,3.105961e-003
2.522958e+003,3.078472e-003
2.523440e+003,3.058937e-003
2.523922e+003,3.046607e-003
2.524404e+003,3.041066e-003
2.524886e+003,3.042821e-003
2.525368e+003,3.054898e-003
2.525851e+003,3.081078e-003
2.526333e+003,3.122883e-003
2.526815e+003,3.176965e-003
2.527297e+003,3.235100e-003
2.527779e+003,3.284440e-003
2.528261e+003,3.313719e-003
2.528743e+003,3.316283e-003
2.529226e+003,3.292875e-003
2.529708e+003,3.253066e-003
2.530190e+003,3.208533e-003
2.530672e+003,3.172731e-003
2.531154e+003,3.152477e-003
2.531636e+003,3.149712e-003
2.532118e+003,3.160156e-003
2.532600e+003,3.178515e-003
2.533083e+003,3.199828e-003
2.533565e+003,3.221737e-003
2.534047e+003,3.244498e-003
2.534529e+003,3.268278e-003
2.535011e+003,3.292235e-003
2.535493e+003,3.313085e-003
2.535975e+003,3.326357e-003
2.536457e+003,3.328844e-003
2.536939e+003,3.319444e-003
2.537422e+003,3.300341e-003
2.537904e+003,3.275245e-003
2.538386e+003,3.249379e-003
2.538868e+003,3.225360e-003
2.539350e+003,3.205383e-003
2.539832e+003,3.190039e-003
2.540314e+003,3.181613e-003
2.540796e+003,3.182807e-003
2.541279e+003,3.198274e-003
2.541761e+003,3.230640e-003
2.542243e+003,3.280337e-003
2.542725e+003,3.342310e-003
2.543207e+003,3.407351e-003
2.543689e+003,3.465149e-003
2.544171e+003,3.506989e-003
2.544654e+003,3.527530e-003
2.545135e+003,3.528453e-003
2.545618e+003,3.514313e-003
2.546100e+003,3.492298e-003
2.546582e+003,3.467736e-003
2.547064e+003,3.444349e-003
2.547546e+003,3.423070e-003
2.548028e+003,3.404155e-003
2.548510e+003,3.388028e-003
2.548993e+003,3.376301e-003
2.549475e+003,3.370246e-003
2.549957e+003,3.371137e-003
2.550439e+003,3.377878e-003
2.550921e+003,3.388945e-003
2.551403e+003,3.401457e-003
2.551885e+003,3.415076e-003
2.552367e+003,3.430821e-003
2.552850e+003,3.450985e-003
2.553332e+003,3.477945e-003
2.553814e+003,3.511538e-003
2.554296e+003,3.548539e-003
2.554778e+003,3.583772e-003
2.555260e+003,3.611800e-003
2.555742e+003,3.630153e-003
2.556224e+003,3.639931e-003
2.556707e+003,3.646991e-003
2.557189e+003,3.658390e-003
2.557671e+003,3.679061e-003
2.558153e+003,3.709265e-003
2.558635e+003,3.744243e-003
2.559117e+003,3.776089e-003
2.559599e+003,3.797224e-003
2.560082e+003,3.802707e-003
2.560563e+003,3.794143e-003
2.561046e+003,3.776806e-003
2.561528e+003,3.757930e-003
2.562010e+003,3.743731e-003
2.562492e+003,3.738899e-003
2.562974e+003,3.741987e-003
2.563456e+003,3.751043e-003
2.563938e+003,3.762234e-003
2.564421e+003,3.773087e-003
2.564903e+003,3.782665e-003
2.565385e+003,3.791478e-003
2.565867e+003,3.799954e-003
2.566349e+003,3.809115e-003
2.566831e+003,3.818108e-003
2.567313e+003,3.826679e-003
2.567795e+003,3.833886e-003
2.568278e+003,3.839814e-003
2.568760e+003,3.843525e-003
2.569242e+003,3.844588e-003
2.569724e+003,3.841379e-003
2.570206e+003,3.833811e-003
2.570688e+003,3.822136e-003
2.571170e+003,3.809603e-003
2.571652e+003,3.800741e-003
2.572135e+003,3.800342e-003
2.572617e+003,3.812088e-003
2.573099e+003,3.837013e-003
2.573581e+003,3.871874e-003
2.574063e+003,3.910856e-003
2.574545e+003,3.949426e-003
2.575027e+003,3.983645e-003
2.575510e+003,4.012567e-003
2.575991e+003,4.038845e-003
2.576474e+003,4.064447e-003
2.576956e+003,4.091003e-003
2.577438e+003,4.115340e-003
2.577920e+003,4.133341e-003
2.578402e+003,4.138918e-003
2.578884e+003,4.130343e-003
2.579366e+003,4.108040e-003
2.579849e+003,4.079038e-003
2.580331e+003,4.051483e-003
2.580813e+003,4.034475e-003
2.581295e+003,4.033513e-003
2.581777e+003,4.049461e-003
2.582259e+003,4.079243e-003
2.582741e+003,4.118225e-003
2.583223e+003,4.159973e-003
2.583706e+003,4.201651e-003
2.584188e+003,4.240423e-003
2.584670e+003,4.276117e-003
2.585152e+003,4.307610e-003
2.585634e+003,4.334989e-003
2.586116e+003,4.357045e-003
2.586598e+003,4.375408e-003
2.587080e+003,4.390509e-003
2.587563e+003,4.405788e-003
2.588045e+003,4.422621e-003
2.588527e+003,4.442733e-003
2.589009e+003,4.464747e-003
2.589491e+003,4.486684e-003
2.589973e+003,4.505785e-003
2.590455e+003,4.522135e-003
2.590938e+003,4.536596e-003
2.591419e+003,4.553647e-003
2.591902e+003,4.576742e-003
2.592384e+003,4.608384e-003
2.592866e+003,4.646508e-003
2.593348e+003,4.686287e-003
2.593830e+003,4.720989e-003
2.594312e+003,4.745346e-003
2.594794e+003,4.756070e-003
2.595277e+003,4.755399e-003
2.595759e+003,4.747042e-003
2.596241e+003,4.739025e-003
2.596723e+003,4.734634e-003
2.597205e+003,4.737329e-003
2.597687e+003,4.746765e-003
2.598169e+003,4.761306e-003
2.598651e+003,4.779223e-003
2.599134e+003,4.800347e-003
2.599616e+003,4.825719e-003
2.600098e+003,4.856896e-003
2.600580e+003,4.894403e-003
2.601062e+003,4.938158e-003
2.601544e+003,4.986778e-003
2.602026e+003,5.037757e-003
2.602508e+003,5.087457e-003
2.602990e+003,5.134490e-003
2.603473e+003,5.176431e-003
2.603955e+003,5.211799e-003
2.604437e+003,5.239206e-003
2.604919e+003,5.257693e-003
2.605401e+003,5.267251e-003
2.605883e+003,5.269181e-003
2.606365e+003,5.265557e-003
2.606847e+003,5.261239e-003
2.607330e+003,5.259348e-003
2.607812e+003,5.262663e-003
2.608294e+003,5.271277e-003
2.608776e+003,5.284062e-003
2.609258e+003,5.298763e-003
2.609740e+003,5.314858e-003
2.610222e+003,5.331654e-003
2.610705e+003,5.351587e-003
2.611187e+003,5.375872e-003
2.611669e+003,5.405731e-003
2.612151e+003,5.439602e-003
2.612633e+003,5.474964e-003
2.613115e+003,5.507383e-003
2.613597e+003,5.533983e-003
2.614079e+003,5.553456e-003
2.614562e+003,5.566407e-003
2.615044e+003,5.575619e-003
2.615526e+003,5.583789e-003
2.616008e+003,5.592221e-003
2.616490e+003,5.601441e-003
2.616972e+003,5.611188e-003
2.617454e+003,5.620501e-003
2.617936e+003,5.630254e-003
2.618418e+003,5.642538e-003
2.618901e+003,5.658750e-003
2.619383e+003,5.680552e-003
2.619865e+003,5.707421e-003
2.620347e+003,5.737268e-003
2.620829e+003,5.766601e-003
2.621311e+003,5.793850e-003
2.621793e+003,5.817707e-003
2.622276e+003,5.839649e-003
2.622758e+003,5.861599e-003
2.623240e+003,5.885567e-003
2.623722e+003,5.912077e-003
2.624204e+003,5.939473e-003
2.624686e+003,5.964867e-003
2.625168e+003,5.985636e-003
2.625650e+003,6.000204e-003
2.626133e+003,6.010316e-003
2.626615e+003,6.017195e-003
2.627097e+003,6.025387e-003
2.627579e+003,6.036469e-003
2.628061e+003,6.052021e-003
2.628543e+003,6.070907e-003
2.629025e+003,6.092426e-003
2.629507e+003,6.114127e-003
2.629990e+003,6.135748e-003
2.630472e+003,6.156327e-003
2.630954e+003,6.174984e-003
2.631436e+003,6.191282e-003
2.631918e+003,6.203989e-003
2.632400e+003,6.212141e-003
2.632882e+003,6.216262e-003
2.633364e+003,6.217049e-003
2.633846e+003,6.217748e-003
2.634329e+003,6.221344e-003
2.634811e+003,6.230207e-003
2.635293e+003,6.244253e-003
2.635775e+003,6.261377e-003
2.636257e+003,6.277453e-003
2.636739e+003,6.287913e-003
2.637221e+003,6.289502e-003
2.637704e+003,6.281953e-003
2.638186e+003,6.266313e-003
2.638668e+003,6.245920e-003
2.639150e+003,6.223674e-003
2.639632e+003,6.202124e-003
2.640114e+003,6.182061e-003
2.640596e+003,6.163485e-003
2.641078e+003,6.145430e-003
2.641561e+003,6.127722e-003
2.642043e+003,6.110094e-003
2.642525e+003,6.093956e-003
2.643007e+003,6.080365e-003
2.643489e+003,6.070555e-003
2.643971e+003,6.065322e-003
2.644453e+003,6.065283e-003
2.644935e+003,6.070176e-003
2.645417e+003,6.080183e-003
2.645900e+003,6.093013e-003
2.646382e+003,6.107523e-003
2.646864e+003,6.120009e-003
2.647346e+003,6.127737e-003
2.647828e+003,6.126826e-003
2.648310e+003,6.117266e-003
2.648792e+003,6.098704e-003
2.649274e+003,6.074311e-003
2.649757e+003,6.047525e-003
2.650239e+003,6.021967e-003
2.650721e+003,6.000725e-003
2.651203e+003,5.984686e-003
2.651685e+003,5.973233e-003
2.652167e+003,5.964956e-003
2.652649e+003,5.957648e-003
2.653132e+003,5.949982e-003
2.653614e+003,5.940370e-003
2.654096e+003,5.928807e-003
2.654578e+003,5.915031e-003
2.655060e+003,5.899040e-003
2.655542e+003,5.881539e-003
2.656024e+003,5.862970e-003
2.656506e+003,5.844042e-003
2.656989e+003,5.826697e-003
2.657471e+003,5.811471e-003
2.657953e+003,5.799513e-003
2.658435e+003,5.789499e-003
2.658917e+003,5.780456e-003
2.659399e+003,5.769902e-003
2.659881e+003,5.756068e-003
2.660363e+003,5.736824e-003
2.660845e+003,5.711904e-003
2.661328e+003,5.680683e-003
2.661810e+003,5.644132e-003
2.662292e+003,5.602075e-003
2.662774e+003,5.555126e-003
2.663256e+003,5.503464e-003
2.663738e+003,5.448593e-003
2.664220e+003,5.391929e-003
2.664702e+003,5.337023e-003
2.665185e+003,5.287421e-003
2.665667e+003,5.246764e-003
2.666149e+003,5.217542e-003
2.666631e+003,5.201001e-003
2.667113e+003,5.196082e-003
2.667595e+003,5.200928e-003
2.668077e+003,5.212879e-003
2.668560e+003,5.228478e-003
2.669042e+003,5.245056e-003
2.669524e+003,5.260931e-003
2.670006e+003,5.273968e-003
2.670488e+003,5.284076e-003
2.670970e+003,5.291520e-003
2.671452e+003,5.297366e-003
2.671934e+003,5.302946e-003
2.672417e+003,5.310130e-003
2.672899e+003,5.318917e-003
2.673381e+003,5.328508e-003
2.673863e+003,5.336945e-003
2.674345e+003,5.342003e-003
2.674827e+003,5.341275e-003
2.675309e+003,5.334222e-003
2.675791e+003,5.321467e-003
2.676273e+003,5.306480e-003
2.676756e+003,5.291844e-003
2.677238e+003,5.280500e-003
2.677720e+003,5.273429e-003
2.678202e+003,5.270189e-003
2.678684e+003,5.268374e-003
2.679166e+003,5.265755e-003
2.679648e+003,5.260014e-003
2.680130e+003,5.251504e-003
2.680613e+003,5.240225e-003
2.681095e+003,5.227962e-003
2.681577e+003,5.216852e-003
2.682059e+003,5.206900e-003
2.682541e+003,5.198551e-003
2.683023e+003,5.191269e-003
2.683505e+003,5.184165e-003
2.683988e+003,5.176610e-003
2.684469e+003,5.168427e-003
2.684952e+003,5.158722e-003
2.685434e+003,5.146867e-003
2.685916e+003,5.131165e-003
2.686398e+003,5.111076e-003
2.686880e+003,5.085795e-003
2.687362e+003,5.055407e-003
2.687844e+003,5.022056e-003
2.688327e+003,4.987264e-003
2.688809e+003,4.954158e-003
2.689291e+003,4.923817e-003
2.689773e+003,4.896597e-003
2.690255e+003,4.870889e-003
2.690737e+003,4.845621e-003
2.691219e+003,4.818642e-003
2.691701e+003,4.789414e-003
2.692184e+003,4.758297e-003
2.692666e+003,4.726810e-003
2.693148e+003,4.696657e-003
2.693630e+003,4.669450e-003
2.694112e+003,4.645997e-003
2.694594e+003,4.625855e-003
2.695076e+003,4.608572e-003
2.695558e+003,4.592092e-003
2.696041e+003,4.575514e-003
2.696523e+003,4.558034e-003
2.697005e+003,4.538575e-003
2.697487e+003,4.517673e-003
2.697969e+003,4.496315e-003
2.698451e+003,4.475039e-003
2.698933e+003,4.455192e-003
2.699416e+003,4.438121e-003
2.699897e+003,4.423379e-003
2.700380e+003,4.411505e-003
2.700862e+003,4.400975e-003
2.701344e+003,4.391787e-003
2.701826e+003,4.383137e-003
2.702308e+003,4.375381e-003
2.702790e+003,4.369509e-003
2.703272e+003,4.367502e-003
2.703755e+003,4.370169e-003
2.704237e+003,4.378054e-003
2.704719e+003,4.390438e-003
2.705201e+003,4.405255e-003
2.705683e+003,4.419989e-003
2.706165e+003,4.433737e-003
2.706647e+003,4.445240e-003
2.707129e+003,4.455396e-003
2.707612e+003,4.464834e-003
2.708094e+003,4.475267e-003
2.708576e+003,4.486604e-003
2.709058e+003,4.497494e-003
2.709540e+003,4.507127e-003
2.710022e+003,4.513697e-003
2.710504e+003,4.516664e-003
2.710986e+003,4.516386e-003
2.711469e+003,4.514483e-003
2.711951e+003,4.512941e-003
2.712433e+003,4.513562e-003
2.712915e+003,4.517343e-003
2.713397e+003,4.524644e-003
2.713879e+003,4.535196e-003
2.714361e+003,4.547920e-003
2.714844e+003,4.563266e-003
2.715325e+003,4.579883e-003
2.715808e+003,4.597137e-003
2.716290e+003,4.614036e-003
2.716772e+003,4.628863e-003
2.717254e+003,4.640802e-003
2.717736e+003,4.649400e-003
2.718218e+003,4.655831e-003
2.718700e+003,4.662083e-003
2.719183e+003,4.670779e-003
2.719665e+003,4.685630e-003
2.720147e+003,4.707454e-003
2.720629e+003,4.737160e-003
2.721111e+003,4.774028e-003
2.721593e+003,4.815167e-003
2.722075e+003,4.858765e-003
2.722557e+003,4.902833e-003
2.723040e+003,4.945197e-003
2.723522e+003,4.984949e-003
2.724004e+003,5.021000e-003
2.724486e+003,5.053257e-003
2.724968e+003,5.080991e-003
2.725450e+003,5.105380e-003
2.725932e+003,5.128236e-003
2.726414e+003,5.151826e-003
2.726896e+003,5.177692e-003
2.727379e+003,5.208106e-003
2.727861e+003,5.242436e-003
2.728343e+003,5.279593e-003
2.728825e+003,5.316038e-003
2.729307e+003,5.348862e-003
2.729789e+003,5.376247e-003
2.730271e+003,5.397644e-003
2.730753e+003,5.413957e-003
2.731236e+003,5.428186e-003
2.731718e+003,5.442147e-003
2.732200e+003,5.457659e-003
2.732682e+003,5.474359e-003
2.733164e+003,5.491155e-003
2.733646e+003,5.506501e-003
2.734128e+003,5.519214e-003
2.734611e+003,5.529472e-003
2.735093e+003,5.537913e-003
2.735575e+003,5.546720e-003
2.736057e+003,5.557716e-003
2.736539e+003,5.572087e-003
2.737021e+003,5.589925e-003
2.737503e+003,5.610504e-003
2.737985e+003,5.631635e-003
2.738468e+003,5.651955e-003
2.738950e+003,5.669729e-003
2.739432e+003,5.683586e-003
2.739914e+003,5.693070e-003
2.740396e+003,5.698907e-003
2.740878e+003,5.701825e-003
2.741360e+003,5.703468e-003
2.741842e+003,5.705566e-003
2.742324e+003,5.709490e-003
2.742807e+003,5.715792e-003
2.743289e+003,5.725199e-003
2.743771e+003,5.736528e-003
2.744253e+003,5.748500e-003
2.744735e+003,5.760201e-003
2.745217e+003,5.770263e-003
2.745699e+003,5.779320e-003
2.746182e+003,5.788016e-003
2.746664e+003,5.798268e-003
2.747146e+003,5.812183e-003
2.747628e+003,5.830860e-003
2.748110e+003,5.854850e-003
2.748592e+003,5.883792e-003
2.749074e+003,5.916313e-003
2.749556e+003,5.950036e-003
2.750039e+003,5.982857e-003
2.750521e+003,6.013307e-003
2.751003e+003,6.040105e-003
2.751485e+003,6.063887e-003
2.751967e+003,6.085295e-003
2.752449e+003,6.105979e-003
2.752931e+003,6.127310e-003
2.753413e+003,6.150941e-003
2.753896e+003,6.177242e-003
2.754378e+003,6.206119e-003
2.754860e+003,6.236660e-003
2.755342e+003,6.267761e-003
2.755824e+003,6.298323e-003
2.756306e+003,6.327244e-003
2.756788e+003,6.353971e-003
2.757270e+003,6.378411e-003
2.757752e+003,6.400471e-003
2.758235e+003,6.420242e-003
2.758717e+003,6.437171e-003
2.759199e+003,6.451716e-003
2.759681e+003,6.464335e-003
2.760163e+003,6.476039e-003
2.760645e+003,6.488482e-003
2.761127e+003,6.504149e-003
2.761610e+003,6.524052e-003
2.762092e+003,6.550037e-003
2.762574e+003,6.581921e-003
2.763056e+003,6.618510e-003
2.763538e+003,6.658245e-003
2.764020e+003,6.699927e-003
2.764502e+003,6.741902e-003
2.764984e+003,6.782696e-003
2.765467e+003,6.822213e-003
2.765949e+003,6.860363e-003
2.766431e+003,6.896959e-003
2.766913e+003,6.932371e-003
2.767395e+003,6.966781e-003
2.767877e+003,7.001756e-003
2.768359e+003,7.037482e-003
2.768841e+003,7.075437e-003
2.769323e+003,7.116081e-003
2.769806e+003,7.159696e-003
2.770288e+003,7.205726e-003
2.770770e+003,7.252701e-003
2.771252e+003,7.299505e-003
2.771734e+003,7.346327e-003
2.772216e+003,7.392429e-003
2.772698e+003,7.438824e-003
2.773180e+003,7.486347e-003
2.773663e+003,7.536383e-003
2.774145e+003,7.588936e-003
2.774627e+003,7.644101e-003
2.775109e+003,7.701230e-003
2.775591e+003,7.759306e-003
2.776073e+003,7.817035e-003
2.776555e+003,7.875340e-003
2.777038e+003,7.933483e-003
2.777520e+003,7.992391e-003
2.778002e+003,8.052431e-003
2.778484e+003,8.115184e-003
2.778966e+003,8.180741e-003
2.779448e+003,8.250684e-003
2.779930e+003,8.326312e-003
2.780412e+003,8.407256e-003
2.780895e+003,8.494173e-003
2.781377e+003,8.585858e-003
2.781859e+003,8.680370e-003
2.782341e+003,8.775196e-003
2.782823e+003,8.867740e-003
2.783305e+003,8.956050e-003
2.783787e+003,9.039004e-003
2.784269e+003,9.116232e-003
2.784751e+003,9.189119e-003
2.785234e+003,9.260175e-003
2.785716e+003,9.331075e-003
2.786198e+003,9.404420e-003
2.786680e+003,9.481887e-003
2.787162e+003,9.564043e-003
2.787644e+003,9.650883e-003
2.788126e+003,9.741860e-003
2.788608e+003,9.834737e-003
2.789091e+003,9.928303e-003
2.789573e+003,1.002126e-002
2.790055e+003,1.011294e-002
2.790537e+003,1.020430e-002
2.791019e+003,1.029690e-002
2.791501e+003,1.039289e-002
2.791983e+003,1.049444e-002
2.792466e+003,1.060088e-002
2.792948e+003,1.071259e-002
2.793430e+003,1.082734e-002
2.793912e+003,1.094279e-002
2.794394e+003,1.105661e-002
2.794876e+003,1.116805e-002
2.795358e+003,1.127692e-002
2.795840e+003,1.138471e-002
2.796323e+003,1.149311e-002
2.796805e+003,1.160362e-002
2.797287e+003,1.171633e-002
2.797769e+003,1.183160e-002
2.798251e+003,1.194909e-002
2.798733e+003,1.206878e-002
2.799215e+003,1.219067e-002
2.799697e+003,1.231534e-002
2.800179e+003,1.244324e-002
2.800662e+003,1.257496e-002
2.801144e+003,1.270945e-002
2.801626e+003,1.284626e-002
2.802108e+003,1.298359e-002
2.802590e+003,1.312164e-002
2.803072e+003,1.326023e-002
2.803554e+003,1.339981e-002
2.804036e+003,1.354200e-002
2.804519e+003,1.368735e-002
2.805001e+003,1.383709e-002
2.805483e+003,1.399085e-002
2.805965e+003,1.415032e-002
2.806447e+003,1.431607e-002
2.806929e+003,1.448868e-002
2.807411e+003,1.467061e-002
2.807894e+003,1.486090e-002
2.808375e+003,1.505930e-002
2.808858e+003,1.526250e-002
2.809340e+003,1.546817e-002
2.809822e+003,1.567309e-002
2.810304e+003,1.587661e-002
2.810786e+003,1.607956e-002
2.811268e+003,1.628554e-002
2.811750e+003,1.649843e-002
2.812233e+003,1.672333e-002
2.812715e+003,1.696280e-002
2.813197e+003,1.721743e-002
2.813679e+003,1.748543e-002
2.814161e+003,1.776438e-002
2.814643e+003,1.805019e-002
2.815125e+003,1.834091e-002
2.815607e+003,1.863529e-002
2.816090e+003,1.893440e-002
2.816572e+003,1.924003e-002
2.817054e+003,1.955551e-002
2.817536e+003,1.988436e-002
2.818018e+003,2.022946e-002
2.818500e+003,2.059377e-002
2.818982e+003,2.097788e-002
2.819464e+003,2.138153e-002
2.819947e+003,2.180314e-002
2.820429e+003,2.224046e-002
2.820911e+003,2.269169e-002
2.821393e+003,2.315582e-002
2.821875e+003,2.363447e-002
2.822357e+003,2.413036e-002
2.822839e+003,2.464827e-002
2.823322e+003,2.519207e-002
2.823803e+003,2.576525e-002
2.824286e+003,2.636909e-002
2.824768e+003,2.700357e-002
2.825250e+003,2.766732e-002
2.825732e+003,2.836019e-002
2.826214e+003,2.908265e-002
2.826696e+003,2.983590e-002
2.827178e+003,3.062329e-002
2.827661e+003,3.144653e-002
2.828143e+003,3.230656e-002
2.828625e+003,3.320331e-002
2.829107e+003,3.413494e-002
2.829589e+003,3.510163e-002
2.830071e+003,3.610291e-002
2.830553e+003,3.714197e-002
2.831035e+003,3.822356e-002
2.831518e+003,3.935327e-002
2.832000e+003,4.053732e-002
2.832482e+003,4.178058e-002
2.832964e+003,4.308683e-002
2.833446e+003,4.446139e-002
2.833928e+003,4.590918e-002
2.834410e+003,4.743791e-002
2.834892e+003,4.905771e-002
2.835375e+003,5.078177e-002
2.835857e+003,5.262305e-002
2.836339e+003,5.459757e-002
2.836821e+003,5.672153e-002
2.837303e+003,5.901199e-002
2.837785e+003,6.148821e-002
2.838267e+003,6.417239e-002
2.838750e+003,6.708726e-002
2.839231e+003,7.025871e-002
2.839714e+003,7.371131e-002
2.840196e+003,7.746840e-002
2.840678e+003,8.154961e-002
2.841160e+003,8.597197e-002
2.841642e+003,9.074719e-002
2.842124e+003,9.588350e-002
2.842606e+003,1.013815e-001
2.843089e+003,1.072341e-001
2.843571e+003,1.134226e-001
2.844053e+003,1.199121e-001
2.844535e+003,1.266507e-001
2.845017e+003,1.335692e-001
2.845499e+003,1.405822e-001
2.845981e+003,1.475943e-001
2.846463e+003,1.545045e-001
2.846946e+003,1.612131e-001
2.847428e+003,1.676260e-001
2.847910e+003,1.736591e-001
2.848392e+003,1.792386e-001
2.848874e+003,1.843046e-001
2.849356e+003,1.888085e-001
2.849838e+003,1.927139e-001
2.850320e+003,1.959916e-001
2.850802e+003,1.986162e-001
2.851285e+003,2.005615e-001
2.851767e+003,2.017999e-001
2.852249e+003,2.023038e-001
2.852731e+003,2.020506e-001
2.853213e+003,2.010310e-001
2.853695e+003,1.992552e-001
2.854177e+003,1.967563e-001
2.854659e+003,1.935888e-001
2.855142e+003,1.898222e-001
2.855624e+003,1.855372e-001
2.856106e+003,1.808165e-001
2.856588e+003,1.757439e-001
2.857070e+003,1.704010e-001
2.857552e+003,1.648684e-001
2.858034e+003,1.592238e-001
2.858517e+003,1.535404e-001
2.858999e+003,1.478844e-001
2.859481e+003,1.423129e-001
2.859963e+003,1.368729e-001
2.860445e+003,1.316039e-001
2.860927e+003,1.265384e-001
2.861409e+003,1.217050e-001
2.861891e+003,1.171286e-001
2.862374e+003,1.128316e-001
2.862856e+003,1.088310e-001
2.863338e+003,1.051380e-001
2.863820e+003,1.017581e-001
2.864302e+003,9.869213e-002
2.864784e+003,9.593610e-002
2.865266e+003,9.348564e-002
2.865748e+003,9.133410e-002
2.866230e+003,8.947232e-002
2.866713e+003,8.788732e-002
2.867195e+003,8.656034e-002
2.867677e+003,8.546452e-002
2.868159e+003,8.456582e-002
2.868641e+003,8.382382e-002
2.869123e+003,8.319401e-002
2.869605e+003,8.262815e-002
2.870088e+003,8.208082e-002
2.870570e+003,8.150819e-002
2.871052e+003,8.087360e-002
2.871534e+003,8.014832e-002
2.872016e+003,7.931615e-002
2.872498e+003,7.837409e-002
2.872980e+003,7.733247e-002
2.873462e+003,7.621387e-002
2.873945e+003,7.504878e-002
2.874427e+003,7.387137e-002
2.874909e+003,7.271591e-002
2.875391e+003,7.161208e-002
2.875873e+003,7.058582e-002
2.876355e+003,6.965640e-002
2.876837e+003,6.883918e-002
2.877319e+003,6.814555e-002
2.877802e+003,6.758302e-002
2.878284e+003,6.715511e-002
2.878766e+003,6.686173e-002
2.879248e+003,6.669923e-002
2.879730e+003,6.666300e-002
2.880212e+003,6.674642e-002
2.880694e+003,6.694539e-002
2.881176e+003,6.725585e-002
2.881658e+003,6.767632e-002
2.882141e+003,6.820437e-002
2.882623e+003,6.883734e-002
2.883105e+003,6.957060e-002
2.883587e+003,7.039811e-002
2.884069e+003,7.131188e-002
2.884551e+003,7.230652e-002
2.885033e+003,7.337705e-002
2.885516e+003,7.451976e-002
2.885998e+003,7.573323e-002
2.886480e+003,7.701568e-002
2.886962e+003,7.836359e-002
2.887444e+003,7.977403e-002
2.887926e+003,8.124184e-002
2.888408e+003,8.276343e-002
2.888890e+003,8.433577e-002
2.889373e+003,8.595773e-002
2.889855e+003,8.762819e-002
2.890337e+003,8.934633e-002
2.890819e+003,9.110916e-002
2.891301e+003,9.291265e-002
2.891783e+003,9.475052e-002
2.892265e+003,9.661781e-002
2.892747e+003,9.850835e-002
2.893229e+003,1.004199e-001
2.893712e+003,1.023509e-001
2.894194e+003,1.043023e-001
2.894676e+003,1.062746e-001
2.895158e+003,1.082707e-001
2.895640e+003,1.102920e-001
2.896122e+003,1.123426e-001
2.896604e+003,1.144258e-001
2.897086e+003,1.165474e-001
2.897569e+003,1.187117e-001
2.898051e+003,1.209239e-001
2.898533e+003,1.231875e-001
2.899015e+003,1.255043e-001
2.899497e+003,1.278759e-001
2.899979e+003,1.303039e-001
2.900461e+003,1.327907e-001
2.900944e+003,1.353388e-001
2.901426e+003,1.379521e-001
2.901908e+003,1.406345e-001
2.902390e+003,1.433904e-001
2.902872e+003,1.462247e-001
2.903354e+003,1.491444e-001
2.903836e+003,1.521579e-001
2.904318e+003,1.552753e-001
2.904801e+003,1.585088e-001
2.905283e+003,1.618686e-001
2.905765e+003,1.653642e-001
2.906247e+003,1.690009e-001
2.906729e+003,1.727817e-001
2.907211e+003,1.767091e-001
2.907693e+003,1.807855e-001
2.908175e+003,1.850148e-001
2.908657e+003,1.894033e-001
2.909140e+003,1.939560e-001
2.909622e+003,1.986774e-001
2.910104e+003,2.035672e-001
2.910586e+003,2.086197e-001
2.911068e+003,2.138251e-001
2.911550e+003,2.191671e-001
2.912032e+003,2.246249e-001
2.912514e+003,2.301726e-001
2.912997e+003,2.357787e-001
2.913479e+003,2.414063e-001
2.913961e+003,2.470147e-001
2.914443e+003,2.525612e-001
2.914925e+003,2.580065e-001
2.915407e+003,2.633136e-001
2.915889e+003,2.684518e-001
2.916372e+003,2.733938e-001
2.916854e+003,2.781101e-001
2.917336e+003,2.825694e-001
2.917818e+003,2.867348e-001
2.918300e+003,2.905663e-001
2.918782e+003,2.940227e-001
2.919264e+003,2.970665e-001
2.919746e+003,2.996643e-001
2.920229e+003,3.017891e-001
2.920711e+003,3.034163e-001
2.921193e+003,3.045251e-001
2.921675e+003,3.050967e-001
2.922157e+003,3.051205e-001
2.922639e+003,3.045956e-001
2.923121e+003,3.035358e-001
2.923603e+003,3.019674e-001
2.924085e+003,2.999267e-001
2.924568e+003,2.974520e-001
2.925050e+003,2.945809e-001
2.925532e+003,2.913447e-001
2.926014e+003,2.877715e-001
2.926496e+003,2.838874e-001
2.926978e+003,2.797227e-001
2.927460e+003,2.753104e-001
2.927942e+003,2.706860e-001
2.928425e+003,2.658851e-001
2.928907e+003,2.609385e-001
2.929389e+003,2.558718e-001
2.929871e+003,2.507066e-001
2.930353e+003,2.454625e-001
2.930835e+003,2.401600e-001
2.931317e+003,2.348199e-001
2.931800e+003,2.294631e-001
2.932281e+003,2.241085e-001
2.932764e+003,2.187713e-001
2.933246e+003,2.134635e-001
2.933728e+003,2.081955e-001
2.934210e+003,2.029785e-001
2.934692e+003,1.978266e-001
2.935174e+003,1.927556e-001
2.935656e+003,1.877819e-001
2.936139e+003,1.829197e-001
2.936621e+003,1.781797e-001
2.937103e+003,1.735687e-001
2.937585e+003,1.690913e-001
2.938067e+003,1.647515e-001
2.938549e+003,1.605552e-001
2.939031e+003,1.565094e-001
2.939513e+003,1.526210e-001
2.939996e+003,1.488955e-001
2.940478e+003,1.453359e-001
2.940960e+003,1.419428e-001
2.941442e+003,1.387160e-001
2.941924e+003,1.356560e-001
2.942406e+003,1.327650e-001
2.942888e+003,1.300477e-001
2.943370e+003,1.275081e-001
2.943853e+003,1.251504e-001
2.944335e+003,1.229773e-001
2.944817e+003,1.209889e-001
2.945299e+003,1.191851e-001
2.945781e+003,1.175662e-001
2.946263e+003,1.161334e-001
2.946745e+003,1.148871e-001
2.947228e+003,1.138263e-001
2.947709e+003,1.129448e-001
2.948192e+003,1.122313e-001
2.948674e+003,1.116693e-001
2.949156e+003,1.112367e-001
2.949638e+003,1.109100e-001
2.950120e+003,1.106641e-001
2.950602e+003,1.104739e-001
2.951084e+003,1.103143e-001
2.951567e+003,1.101604e-001
2.952049e+003,1.099862e-001
2.952531e+003,1.097654e-001
2.953013e+003,1.094740e-001
2.953495e+003,1.090899e-001
2.953977e+003,1.085964e-001
2.954459e+003,1.079816e-001
2.954941e+003,1.072366e-001
2.955424e+003,1.063555e-001
2.955906e+003,1.053344e-001
2.956388e+003,1.041708e-001
2.956870e+003,1.028654e-001
2.957352e+003,1.014226e-001
2.957834e+003,9.985060e-002
2.958316e+003,9.816084e-002
2.958798e+003,9.636498e-002
2.959281e+003,9.447367e-002
2.959763e+003,9.249531e-002
2.960245e+003,9.043539e-002
2.960727e+003,8.830051e-002
2.961209e+003,8.609706e-002
2.961691e+003,8.383574e-002
2.962173e+003,8.152804e-002
2.962656e+003,7.918731e-002
2.963137e+003,7.682607e-002
2.963620e+003,7.445488e-002
2.964102e+003,7.208296e-002
2.964584e+003,6.972059e-002
2.965066e+003,6.737880e-002
2.965548e+003,6.507195e-002
2.966030e+003,6.281566e-002
2.966512e+003,6.062691e-002
2.966995e+003,5.851907e-002
2.967477e+003,5.650318e-002
2.967959e+003,5.458574e-002
2.968441e+003,5.277024e-002
2.968923e+003,5.105896e-002
2.969405e+003,4.945411e-002
2.969887e+003,4.795777e-002
2.970369e+003,4.657147e-002
2.970852e+003,4.529541e-002
2.971334e+003,4.412717e-002
2.971816e+003,4.306195e-002
2.972298e+003,4.209391e-002
2.972780e+003,4.121507e-002
2.973262e+003,4.041869e-002
2.973744e+003,3.969814e-002
2.974226e+003,3.904673e-002
2.974708e+003,3.845879e-002
2.975191e+003,3.792737e-002
2.975673e+003,3.744647e-002
2.976155e+003,3.701002e-002
2.976637e+003,3.661316e-002
2.977119e+003,3.625239e-002
2.977601e+003,3.592428e-002
2.978083e+003,3.562739e-002
2.978565e+003,3.535796e-002
2.979048e+003,3.511324e-002
2.979530e+003,3.488949e-002
2.980012e+003,3.468334e-002
2.980494e+003,3.449228e-002
2.980976e+003,3.431528e-002
2.981458e+003,3.415154e-002
2.981940e+003,3.400146e-002
2.982423e+003,3.386503e-002
2.982905e+003,3.374208e-002
2.983387e+003,3.363278e-002
2.983869e+003,3.353786e-002
2.984351e+003,3.345815e-002
2.984833e+003,3.339577e-002
2.985315e+003,3.335235e-002
2.985797e+003,3.332920e-002
2.986280e+003,3.332575e-002
2.986762e+003,3.334058e-002
2.987244e+003,3.337003e-002
2.987726e+003,3.341321e-002
2.988208e+003,3.346848e-002
2.988690e+003,3.353820e-002
2.989172e+003,3.362564e-002
2.989654e+003,3.373536e-002
2.990136e+003,3.387208e-002
2.990619e+003,3.403958e-002
2.991101e+003,3.424032e-002
2.991583e+003,3.447597e-002
2.992065e+003,3.474685e-002
2.992547e+003,3.505383e-002
2.993029e+003,3.539767e-002
2.993511e+003,3.577749e-002
2.993994e+003,3.619213e-002
2.994476e+003,3.664038e-002
2.994958e+003,3.711936e-002
2.995440e+003,3.762748e-002
2.995922e+003,3.816365e-002
2.996404e+003,3.872722e-002
2.996886e+003,3.931719e-002
2.997368e+003,3.993086e-002
2.997851e+003,4.056243e-002
2.998333e+003,4.120363e-002
2.998815e+003,4.184329e-002
2.999297e+003,4.247144e-002
2.999779e+003,4.307853e-002
3.000261e+003,4.365894e-002
3.000743e+003,4.421016e-002
3.001225e+003,4.473235e-002
3.001708e+003,4.522423e-002
3.002190e+003,4.568348e-002
3.002672e+003,4.610355e-002
3.003154e+003,4.647531e-002
3.003636e+003,4.678736e-002
3.004118e+003,4.702993e-002
3.004600e+003,4.719539e-002
3.005082e+003,4.727988e-002
3.005564e+003,4.728426e-002
3.006047e+003,4.721181e-002
3.006529e+003,4.706798e-002
3.007011e+003,4.685831e-002
3.007493e+003,4.658852e-002
3.007975e+003,4.626365e-002
3.008457e+003,4.588746e-002
3.008939e+003,4.546480e-002
3.009422e+003,4.499786e-002
3.009904e+003,4.449081e-002
3.010386e+003,4.394676e-002
3.010868e+003,4.337172e-002
3.011350e+003,4.277109e-002
3.011832e+003,4.215271e-002
3.012314e+003,4.152310e-002
3.012796e+003,4.088742e-002
3.013279e+003,4.024896e-002
3.013761e+003,3.960877e-002
3.014243e+003,3.896600e-002
3.014725e+003,3.832129e-002
3.015207e+003,3.767455e-002
3.015689e+003,3.703007e-002
3.016171e+003,3.639281e-002
3.016653e+003,3.576951e-002
3.017135e+003,3.516624e-002
3.017618e+003,3.458852e-002
3.018100e+003,3.404002e-002
3.018582e+003,3.352360e-002
3.019064e+003,3.304055e-002
3.019546e+003,3.259147e-002
3.020028e+003,3.217595e-002
3.020510e+003,3.179231e-002
3.020992e+003,3.143798e-002
3.021475e+003,3.110896e-002
3.021957e+003,3.080185e-002
3.022439e+003,3.051430e-002
3.022921e+003,3.024476e-002
3.023403e+003,2.999486e-002
3.023885e+003,2.976523e-002
3.024367e+003,2.955739e-002
3.024850e+003,2.936962e-002
3.025332e+003,2.919994e-002
3.025814e+003,2.904366e-002
3.026296e+003,2.889719e-002
3.026778e+003,2.875858e-002
3.027260e+003,2.862753e-002
3.027742e+003,2.850640e-002
3.028224e+003,2.839876e-002
3.028707e+003,2.830710e-002
3.029189e+003,2.823254e-002
3.029671e+003,2.817263e-002
3.030153e+003,2.812275e-002
3.030635e+003,2.807757e-002
3.031117e+003,2.803095e-002
3.031599e+003,2.797856e-002
3.032081e+003,2.791846e-002
3.032563e+003,2.785198e-002
3.033046e+003,2.778128e-002
3.033528e+003,2.771117e-002
3.034010e+003,2.764751e-002
3.034492e+003,2.759409e-002
3.034974e+003,2.755391e-002
3.035456e+003,2.752748e-002
3.035938e+003,2.751254e-002
3.036420e+003,2.750479e-002
3.036903e+003,2.749919e-002
3.037385e+003,2.749184e-002
3.037867e+003,2.748038e-002
3.038349e+003,2.746449e-002
3.038831e+003,2.744798e-002
3.039313e+003,2.743382e-002
3.039795e+003,2.742563e-002
3.040278e+003,2.742586e-002
3.040760e+003,2.743464e-002
3.041242e+003,2.745000e-002
3.041724e+003,2.746968e-002
3.042206e+003,2.748988e-002
3.042688e+003,2.750772e-002
3.043170e+003,2.751970e-002
3.043652e+003,2.752447e-002
3.044135e+003,2.752008e-002
3.044617e+003,2.750806e-002
3.045099e+003,2.749140e-002
3.045581e+003,2.747649e-002
3.046063e+003,2.746920e-002
3.046545e+003,2.747653e-002
3.047027e+003,2.750129e-002
3.047509e+003,2.754317e-002
3.047991e+003,2.759599e-002
3.048474e+003,2.765089e-002
3.048956e+003,2.769777e-002
3.049438e+003,2.772970e-002
3.049920e+003,2.774347e-002
3.050402e+003,2.774125e-002
3.050884e+003,2.772757e-002
3.051366e+003,2.770955e-002
3.051848e+003,2.769266e-002
3.052331e+003,2.768144e-002
3.052813e+003,2.767785e-002
3.053295e+003,2.768285e-002
3.053777e+003,2.769631e-002
3.054259e+003,2.771835e-002
3.054741e+003,2.774826e-002
3.055223e+003,2.778313e-002
3.055706e+003,2.781905e-002
3.056188e+003,2.784991e-002
3.056670e+003,2.787106e-002
3.057152e+003,2.787990e-002
3.057634e+003,2.787664e-002
3.058116e+003,2.786500e-002
3.058598e+003,2.784973e-002
3.059080e+003,2.783497e-002
3.059563e+003,2.782290e-002
3.060045e+003,2.781248e-002
3.060527e+003,2.780216e-002
3.061009e+003,2.779038e-002
3.061491e+003,2.777704e-002
3.061973e+003,2.776515e-002
3.062455e+003,2.775771e-002
3.062937e+003,2.775856e-002
3.063419e+003,2.776708e-002
3.063902e+003,2.778109e-002
3.064384e+003,2.779438e-002
3.064866e+003,2.780279e-002
3.065348e+003,2.780322e-002
3.065830e+003,2.779640e-002
3.066312e+003,2.778562e-002
3.066794e+003,2.777432e-002
3.067276e+003,2.776488e-002
3.067759e+003,2.775565e-002
3.068241e+003,2.774144e-002
3.068723e+003,2.771621e-002
3.069205e+003,2.767508e-002
3.069687e+003,2.761567e-002
3.070169e+003,2.754077e-002
3.070651e+003,2.745577e-002
3.071134e+003,2.736660e-002
3.071615e+003,2.727865e-002
3.072098e+003,2.719337e-002
3.072580e+003,2.711161e-002
3.073062e+003,2.703108e-002
3.073544e+003,2.695083e-002
3.074026e+003,2.687150e-002
3.074508e+003,2.679433e-002
3.074990e+003,2.672265e-002
3.075473e+003,2.665916e-002
3.075955e+003,2.660428e-002
3.076437e+003,2.655771e-002
3.076919e+003,2.651622e-002
3.077401e+003,2.647648e-002
3.077883e+003,2.643538e-002
3.078365e+003,2.639021e-002
3.078847e+003,2.633899e-002
3.079330e+003,2.628235e-002
3.079812e+003,2.622204e-002
3.080294e+003,2.616183e-002
3.080776e+003,2.610388e-002
3.081258e+003,2.605247e-002
3.081740e+003,2.600783e-002
3.082222e+003,2.596962e-002
3.082704e+003,2.593432e-002
3.083187e+003,2.589702e-002
3.083669e+003,2.585263e-002
3.084151e+003,2.579854e-002
3.084633e+003,2.573391e-002
3.085115e+003,2.566249e-002
3.085597e+003,2.558834e-002
3.086079e+003,2.551605e-002
3.086562e+003,2.544916e-002
3.087043e+003,2.538913e-002
3.087526e+003,2.533408e-002
3.088008e+003,2.528268e-002
3.088490e+003,2.523334e-002
3.088972e+003,2.518409e-002
3.089454e+003,2.513503e-002
3.089936e+003,2.508606e-002
3.090418e+003,2.503562e-002
3.090901e+003,2.498277e-002
3.091383e+003,2.492656e-002
3.091865e+003,2.486710e-002
3.092347e+003,2.480731e-002
3.092829e+003,2.475157e-002
3.093311e+003,2.470438e-002
3.093793e+003,2.467044e-002
3.094275e+003,2.464932e-002
3.094758e+003,2.463760e-002
3.095240e+003,2.462901e-002
3.095722e+003,2.461613e-002
3.096204e+003,2.459280e-002
3.096686e+003,2.455712e-002
3.097168e+003,2.451110e-002
3.097650e+003,2.445899e-002
3.098132e+003,2.440687e-002
3.098615e+003,2.435975e-002
3.099097e+003,2.432078e-002
3.099579e+003,2.429183e-002
3.100061e+003,2.427281e-002
3.100543e+003,2.426320e-002
3.101025e+003,2.426184e-002
3.101507e+003,2.426646e-002
3.101990e+003,2.427253e-002
3.102471e+003,2.427662e-002
3.102954e+003,2.427358e-002
3.103436e+003,2.426133e-002
3.103918e+003,2.423903e-002
3.104400e+003,2.420939e-002
3.104882e+003,2.417681e-002
3.105364e+003,2.414547e-002
3.105846e+003,2.411998e-002
3.106329e+003,2.410162e-002
3.106811e+003,2.409153e-002
3.107293e+003,2.408929e-002
3.107775e+003,2.409418e-002
3.108257e+003,2.410536e-002
3.108739e+003,2.412221e-002
3.109221e+003,2.414168e-002
3.109703e+003,2.415906e-002
3.110186e+003,2.416837e-002
3.110668e+003,2.416414e-002
3.111150e+003,2.414428e-002
3.111632e+003,2.411075e-002
3.112114e+003,2.407051e-002
3.112596e+003,2.403329e-002
3.113078e+003,2.400814e-002
3.113560e+003,2.400020e-002
3.114042e+003,2.400991e-002
3.114525e+003,2.403274e-002
3.115007e+003,2.406168e-002
3.115489e+003,2.409093e-002
3.115971e+003,2.411852e-002
3.116453e+003,2.414528e-002
3.116935e+003,2.417424e-002
3.117417e+003,2.420795e-002
3.117900e+003,2.424630e-002
3.118382e+003,2.428655e-002
3.118864e+003,2.432524e-002
3.119346e+003,2.435951e-002
3.119828e+003,2.439096e-002
3.120310e+003,2.442409e-002
3.120792e+003,2.446409e-002
3.121274e+003,2.451505e-002
3.121757e+003,2.457623e-002
3.122239e+003,2.464124e-002
3.122721e+003,2.470131e-002
3.123203e+003,2.474643e-002
3.123685e+003,2.477239e-002
3.124167e+003,2.478085e-002
3.124649e+003,2.477940e-002
3.125131e+003,2.477933e-002
3.125614e+003,2.479116e-002
3.126096e+003,2.482041e-002
3.126578e+003,2.486813e-002
3.127060e+003,2.492790e-002
3.127542e+003,2.499211e-002
3.128024e+003,2.505171e-002
3.128506e+003,2.510097e-002
3.128988e+003,2.513853e-002
3.129470e+003,2.516596e-002
3.129953e+003,2.518801e-002
3.130435e+003,2.521080e-002
3.130917e+003,2.524026e-002
3.131399e+003,2.528135e-002
3.131881e+003,2.533684e-002
3.132363e+003,2.540662e-002
3.132845e+003,2.548689e-002
3.133328e+003,2.557237e-002
3.133810e+003,2.565672e-002
3.134292e+003,2.573496e-002
3.134774e+003,2.580539e-002
3.135256e+003,2.586981e-002
3.135738e+003,2.593225e-002
3.136220e+003,2.599756e-002
3.136702e+003,2.606840e-002
3.137185e+003,2.614362e-002
3.137667e+003,2.621875e-002
3.138149e+003,2.628797e-002
3.138631e+003,2.634703e-002
3.139113e+003,2.639466e-002
3.139595e+003,2.643372e-002
3.140077e+003,2.647066e-002
3.140559e+003,2.651186e-002
3.141042e+003,2.656209e-002
3.141524e+003,2.662189e-002
3.142006e+003,2.668904e-002
3.142488e+003,2.675865e-002
3.142970e+003,2.682722e-002
3.143452e+003,2.689316e-002
3.143934e+003,2.695678e-002
3.144417e+003,2.702032e-002
3.144898e+003,2.708557e-002
3.145381e+003,2.715319e-002
3.145863e+003,2.722179e-002
3.146345e+003,2.729074e-002
3.146827e+003,2.736002e-002
3.147309e+003,2.743145e-002
3.147791e+003,2.750791e-002
3.148273e+003,2.759216e-002
3.148756e+003,2.768475e-002
3.149238e+003,2.778323e-002
3.149720e+003,2.788217e-002
3.150202e+003,2.797602e-002
3.150684e+003,2.806001e-002
3.151166e+003,2.813262e-002
3.151648e+003,2.819619e-002
3.152130e+003,2.825520e-002
3.152613e+003,2.831434e-002
3.153095e+003,2.837584e-002
3.153577e+003,2.844024e-002
3.154059e+003,2.850498e-002
3.154541e+003,2.856676e-002
3.155023e+003,2.862332e-002
3.155505e+003,2.867531e-002
3.155987e+003,2.872475e-002
3.156469e+003,2.877570e-002
3.156952e+003,2.883180e-002
3.157434e+003,2.889775e-002
3.157916e+003,2.897440e-002
3.158398e+003,2.906295e-002
3.158880e+003,2.916221e-002
3.159362e+003,2.926975e-002
3.159844e+003,2.938268e-002
3.160326e+003,2.949629e-002
3.160809e+003,2.960565e-002
3.161291e+003,2.970693e-002
3.161773e+003,2.979796e-002
3.162255e+003,2.987757e-002
3.162737e+003,2.995002e-002
3.163219e+003,3.001886e-002
3.163701e+003,3.008901e-002
3.164184e+003,3.016368e-002
3.164666e+003,3.024438e-002
3.165148e+003,3.033090e-002
3.165630e+003,3.042131e-002
3.166112e+003,3.051411e-002
3.166594e+003,3.060866e-002
3.167076e+003,3.070398e-002
3.167558e+003,3.079881e-002
3.168041e+003,3.089249e-002
3.168523e+003,3.098127e-002
3.169005e+003,3.106385e-002
3.169487e+003,3.113936e-002
3.169969e+003,3.121060e-002
3.170451e+003,3.128165e-002
3.170933e+003,3.135971e-002
3.171415e+003,3.144877e-002
3.171897e+003,3.155010e-002
3.172380e+003,3.165987e-002
3.172862e+003,3.177151e-002
3.173344e+003,3.187770e-002
3.173826e+003,3.197262e-002
3.174308e+003,3.205693e-002
3.174790e+003,3.213512e-002
3.175272e+003,3.221668e-002
3.175754e+003,3.230957e-002
3.176237e+003,3.241974e-002
3.176719e+003,3.254730e-002
3.177201e+003,3.268643e-002
3.177683e+003,3.283006e-002
3.178165e+003,3.296769e-002
3.178647e+003,3.309318e-002
3.179129e+003,3.320210e-002
3.179612e+003,3.329401e-002
3.180094e+003,3.337128e-002
3.180576e+003,3.343658e-002
3.181058e+003,3.349402e-002
3.181540e+003,3.354857e-002
3.182022e+003,3.360550e-002
3.182504e+003,3.367132e-002
3.182986e+003,3.375023e-002
3.183469e+003,3.384473e-002
3.183951e+003,3.395279e-002
3.184433e+003,3.406942e-002
3.184915e+003,3.418544e-002
3.185397e+003,3.429264e-002
3.185879e+003,3.438397e-002
3.186361e+003,3.445726e-002
3.186843e+003,3.451411e-002
3.187325e+003,3.456004e-002
3.187808e+003,3.460058e-002
3.188290e+003,3.464166e-002
3.188772e+003,3.468677e-002
3.189254e+003,3.473698e-002
3.189736e+003,3.479251e-002
3.190218e+003,3.485316e-002
3.190700e+003,3.491828e-002
3.191182e+003,3.498840e-002
3.191665e+003,3.506223e-002
3.192147e+003,3.513923e-002
3.192629e+003,3.521702e-002
3.193111e+003,3.529440e-002
3.193593e+003,3.536953e-002
3.194075e+003,3.544391e-002
3.194557e+003,3.552017e-002
3.195040e+003,3.560232e-002
3.195521e+003,3.569362e-002
3.196004e+003,3.579724e-002
3.196486e+003,3.591198e-002
3.196968e+003,3.603404e-002
3.197450e+003,3.615756e-002
3.197932e+003,3.627612e-002
3.198414e+003,3.638439e-002
3.198896e+003,3.647899e-002
3.199379e+003,3.656034e-002
3.199861e+003,3.662997e-002
3.200343e+003,3.669090e-002
3.200825e+003,3.674782e-002
3.201307e+003,3.680401e-002
3.201789e+003,3.686336e-002
3.202271e+003,3.692841e-002
3.202753e+003,3.700164e-002
3.203236e+003,3.708340e-002
3.203718e+003,3.717119e-002
3.204200e+003,3.726031e-002
3.204682e+003,3.734554e-002
3.205164e+003,3.742032e-002
3.205646e+003,3.748105e-002
3.206128e+003,3.752893e-002
3.206610e+003,3.756971e-002
3.207093e+003,3.761248e-002
3.207575e+003,3.766793e-002
3.208057e+003,3.774337e-002
3.208539e+003,3.783971e-002
3.209021e+003,3.794941e-002
3.209503e+003,3.806232e-002
3.209985e+003,3.816390e-002
3.210468e+003,3.824540e-002
3.210949e+003,3.830549e-002
3.211432e+003,3.835226e-002
3.211914e+003,3.839926e-002
3.212396e+003,3.846072e-002
3.212878e+003,3.854528e-002
3.213360e+003,3.865198e-002
3.213842e+003,3.877022e-002
3.214324e+003,3.888280e-002
3.214807e+003,3.897429e-002
3.215289e+003,3.903579e-002
3.215771e+003,3.906958e-002
3.216253e+003,3.908816e-002
3.216735e+003,3.910815e-002
3.217217e+003,3.914789e-002
3.217699e+003,3.921691e-002
3.218181e+003,3.931765e-002
3.218664e+003,3.944234e-002
3.219146e+003,3.957969e-002
3.219628e+003,3.971754e-002
3.220110e+003,3.984699e-002
3.220592e+003,3.996428e-002
3.221074e+003,4.007032e-002
3.221556e+003,4.016606e-002
3.222038e+003,4.025415e-002
3.222521e+003,4.033424e-002
3.223003e+003,4.040809e-002
3.223485e+003,4.047626e-002
3.223967e+003,4.054234e-002
3.224449e+003,4.061177e-002
3.224931e+003,4.068977e-002
3.225413e+003,4.077980e-002
3.225896e+003,4.088252e-002
3.226377e+003,4.099507e-002
3.226860e+003,4.111283e-002
3.227342e+003,4.123075e-002
3.227824e+003,4.134651e-002
3.228306e+003,4.145867e-002
3.228788e+003,4.157088e-002
3.229270e+003,4.168543e-002
3.229752e+003,4.180576e-002
3.230235e+003,4.193297e-002
3.230717e+003,4.206696e-002
3.231199e+003,4.220540e-002
3.231681e+003,4.234567e-002
3.232163e+003,4.248455e-002
3.232645e+003,4.262061e-002
3.233127e+003,4.275166e-002
3.233609e+003,4.287844e-002
3.234092e+003,4.300227e-002
3.234574e+003,4.312682e-002
3.235056e+003,4.325661e-002
3.235538e+003,4.339496e-002
3.236020e+003,4.354442e-002
3.236502e+003,4.370555e-002
3.236984e+003,4.387681e-002
3.237466e+003,4.405501e-002
3.237948e+003,4.423627e-002
3.238431e+003,4.441849e-002
3.238913e+003,4.460001e-002
3.239395e+003,4.478049e-002
3.239877e+003,4.495905e-002
3.240359e+003,4.513468e-002
3.240841e+003,4.530540e-002
3.241323e+003,4.547220e-002
3.241806e+003,4.563807e-002
3.242288e+003,4.581020e-002
3.242770e+003,4.599673e-002
3.243252e+003,4.620644e-002
3.243734e+003,4.644112e-002
3.244216e+003,4.669645e-002
3.244698e+003,4.695913e-002
3.245180e+003,4.721281e-002
3.245663e+003,4.744214e-002
3.246145e+003,4.764120e-002
3.246627e+003,4.781309e-002
3.247109e+003,4.797089e-002
3.247591e+003,4.812831e-002
3.248073e+003,4.829862e-002
3.248555e+003,4.848546e-002
3.249037e+003,4.868553e-002
3.249520e+003,4.888915e-002
3.250002e+003,4.908872e-002
3.250484e+003,4.928113e-002
3.250966e+003,4.947227e-002
3.251448e+003,4.967398e-002
3.251930e+003,4.989688e-002
3.252412e+003,5.014835e-002
3.252894e+003,5.042551e-002
3.253376e+003,5.071833e-002
3.253859e+003,5.101297e-002
3.254341e+003,5.129691e-002
3.254823e+003,5.156431e-002
3.255305e+003,5.181708e-002
3.255787e+003,5.206123e-002
3.256269e+003,5.230347e-002
3.256751e+003,5.254672e-002
3.257234e+003,5.279030e-002
3.257716e+003,5.303164e-002
3.258198e+003,5.326624e-002
3.258680e+003,5.349411e-002
3.259162e+003,5.371849e-002
3.259644e+003,5.394375e-002
3.260126e+003,5.417382e-002
3.260608e+003,5.440984e-002
3.261091e+003,5.464932e-002
3.261573e+003,5.488937e-002
3.262055e+003,5.512715e-002
3.262537e+003,5.536233e-002
3.263019e+003,5.559899e-002
3.263501e+003,5.583934e-002
3.263983e+003,5.608553e-002
3.264465e+003,5.633634e-002
3.264948e+003,5.658692e-002
3.265430e+003,5.683222e-002
3.265912e+003,5.706917e-002
3.266394e+003,5.729811e-002
3.266876e+003,5.752219e-002
3.267358e+003,5.774580e-002
3.267840e+003,5.797020e-002
3.268323e+003,5.819321e-002
3.268804e+003,5.841012e-002
3.269287e+003,5.861548e-002
3.269769e+003,5.880705e-002
3.270251e+003,5.898830e-002
3.270733e+003,5.916578e-002
3.271215e+003,5.934875e-002
3.271697e+003,5.954447e-002
3.272179e+003,5.975518e-002
3.272662e+003,5.997888e-002
3.273144e+003,6.021116e-002
3.273626e+003,6.044648e-002
3.274108e+003,6.068281e-002
3.274590e+003,6.091981e-002
3.275072e+003,6.115692e-002
3.275554e+003,6.139152e-002
3.276036e+003,6.161772e-002
3.276519e+003,6.182657e-002
3.277001e+003,6.201065e-002
3.277483e+003,6.216725e-002
3.277965e+003,6.229961e-002
3.278447e+003,6.241648e-002
3.278929e+003,6.252953e-002
3.279411e+003,6.264761e-002
3.279893e+003,6.277448e-002
3.280375e+003,6.290866e-002
3.280858e+003,6.304538e-002
3.281340e+003,6.318001e-002
3.281822e+003,6.331057e-002
3.282304e+003,6.343789e-002
3.282786e+003,6.356436e-002
3.283268e+003,6.368926e-002
3.283750e+003,6.380990e-002
3.284232e+003,6.391895e-002
3.284715e+003,6.401109e-002
3.285197e+003,6.408311e-002
3.285679e+003,6.413759e-002
3.286161e+003,6.418186e-002
3.286643e+003,6.422567e-002
3.287125e+003,6.427337e-002
3.287607e+003,6.432622e-002
3.288090e+003,6.438021e-002
3.288572e+003,6.442921e-002
3.289054e+003,6.447069e-002
3.289536e+003,6.450557e-002
3.290018e+003,6.454012e-002
3.290500e+003,6.458094e-002
3.290982e+003,6.463021e-002
3.291464e+003,6.468419e-002
3.291947e+003,6.473166e-002
3.292429e+003,6.476033e-002
3.292911e+003,6.476147e-002
3.293393e+003,6.473488e-002
3.293875e+003,6.468943e-002
3.294357e+003,6.463882e-002
3.294839e+003,6.459575e-002
3.295321e+003,6.456613e-002
3.295803e+003,6.454679e-002
3.296286e+003,6.452870e-002
3.296768e+003,6.449927e-002
3.297250e+003,6.445158e-002
3.297732e+003,6.438454e-002
3.298214e+003,6.430537e-002
3.298696e+003,6.422286e-002
3.299178e+003,6.414501e-002
3.299660e+003,6.407309e-002
3.300143e+003,6.400368e-002
3.300625e+003,6.393000e-002
3.301107e+003,6.384465e-002
3.301589e+003,6.374303e-002
3.302071e+003,6.362389e-002
3.302553e+003,6.348677e-002
3.303035e+003,6.333245e-002
3.303518e+003,6.316039e-002
3.304000e+003,6.297171e-002
3.304482e+003,6.276994e-002
3.304964e+003,6.256336e-002
3.305446e+003,6.236669e-002
3.305928e+003,6.219459e-002
3.306410e+003,6.205883e-002
3.306892e+003,6.196320e-002
3.307375e+003,6.190004e-002
3.307857e+003,6.185299e-002
3.308339e+003,6.180158e-002
3.308821e+003,6.172784e-002
3.309303e+003,6.162134e-002
3.309785e+003,6.148312e-002
3.310267e+003,6.132117e-002
3.310749e+003,6.114948e-002
3.311231e+003,6.097969e-002
3.311714e+003,6.082016e-002
3.312196e+003,6.067390e-002
3.312678e+003,6.053860e-002
3.313160e+003,6.040989e-002
3.313642e+003,6.028267e-002
3.314124e+003,6.015255e-002
3.314606e+003,6.001576e-002
3.315088e+003,5.986955e-002
3.315571e+003,5.971381e-002
3.316053e+003,5.955003e-002
3.316535e+003,5.938209e-002
3.317017e+003,5.921550e-002
3.317499e+003,5.905495e-002
3.317981e+003,5.890284e-002
3.318463e+003,5.875919e-002
3.318946e+003,5.861927e-002
3.319427e+003,5.847821e-002
3.319910e+003,5.833113e-002
3.320392e+003,5.817785e-002
3.320874e+003,5.802134e-002
3.321356e+003,5.786709e-002
3.321838e+003,5.772186e-002
3.322320e+003,5.758874e-002
3.322802e+003,5.746808e-002
3.323285e+003,5.735737e-002
3.323767e+003,5.725168e-002
3.324249e+003,5.714767e-002
3.324731e+003,5.704457e-002
3.325213e+003,5.694281e-002
3.325695e+003,5.684368e-002
3.326177e+003,5.674760e-002
3.326659e+003,5.665264e-002
3.327142e+003,5.655653e-002
3.327624e+003,5.645614e-002
3.328106e+003,5.635058e-002
3.328588e+003,5.624259e-002
3.329070e+003,5.613455e-002
3.329552e+003,5.603145e-002
3.330034e+003,5.593439e-002
3.330516e+003,5.584224e-002
3.330999e+003,5.575156e-002
3.331481e+003,5.565844e-002
3.331963e+003,5.556072e-002
3.332445e+003,5.545884e-002
3.332927e+003,5.535820e-002
3.333409e+003,5.526362e-002
3.333891e+003,5.518003e-002
3.334374e+003,5.510928e-002
3.334855e+003,5.504988e-002
3.335338e+003,5.499745e-002
3.335820e+003,5.494559e-002
3.336302e+003,5.488912e-002
3.336784e+003,5.482495e-002
3.337266e+003,5.475121e-002
3.337748e+003,5.466897e-002
3.338230e+003,5.457958e-002
3.338713e+003,5.448650e-002
3.339195e+003,5.439259e-002
3.339677e+003,5.430061e-002
3.340159e+003,5.421217e-002
3.340641e+003,5.412773e-002
3.341123e+003,5.404592e-002
3.341605e+003,5.396442e-002
3.342087e+003,5.388072e-002
3.342570e+003,5.379378e-002
3.343052e+003,5.370442e-002
3.343534e+003,5.361503e-002
3.344016e+003,5.352987e-002
3.344498e+003,5.345181e-002
3.344980e+003,5.338190e-002
3.345462e+003,5.331796e-002
3.345944e+003,5.325709e-002
3.346427e+003,5.319575e-002
3.346909e+003,5.313198e-002
3.347391e+003,5.306682e-002
3.347873e+003,5.300187e-002
3.348355e+003,5.293886e-002
3.348837e+003,5.287743e-002
3.349319e+003,5.281520e-002
3.349802e+003,5.274798e-002
3.350283e+003,5.267236e-002
3.350766e+003,5.258888e-002
3.351248e+003,5.249951e-002
3.351730e+003,5.241140e-002
3.352212e+003,5.233051e-002
3.352694e+003,5.226330e-002
3.353176e+003,5.221001e-002
3.353658e+003,5.216983e-002
3.354141e+003,5.213863e-002
3.354623e+003,5.211225e-002
3.355105e+003,5.208691e-002
3.355587e+003,5.206040e-002
3.356069e+003,5.203077e-002
3.356551e+003,5.199664e-002
3.357033e+003,5.195431e-002
3.357515e+003,5.190159e-002
3.357998e+003,5.183826e-002
3.358480e+003,5.176591e-002
3.358962e+003,5.168997e-002
3.359444e+003,5.161574e-002
3.359926e+003,5.154702e-002
3.360408e+003,5.148383e-002
3.360890e+003,5.142177e-002
3.361372e+003,5.135451e-002
3.361854e+003,5.127753e-002
3.362337e+003,5.119085e-002
3.362819e+003,5.110034e-002
3.363301e+003,5.101522e-002
3.363783e+003,5.094683e-002
3.364265e+003,5.089987e-002
3.364747e+003,5.087438e-002
3.365229e+003,5.086343e-002
3.365712e+003,5.085675e-002
3.366194e+003,5.084498e-002
3.366676e+003,5.082189e-002
3.367158e+003,5.078700e-002
3.367640e+003,5.074356e-002
3.368122e+003,5.069328e-002
3.368604e+003,5.063953e-002
3.369086e+003,5.058056e-002
3.369569e+003,5.051614e-002
3.370051e+003,5.044489e-002
3.370533e+003,5.036958e-002
3.371015e+003,5.029309e-002
3.371497e+003,5.022051e-002
3.371979e+003,5.015276e-002
3.372461e+003,5.008905e-002
3.372943e+003,5.002462e-002
3.373426e+003,4.995544e-002
3.373908e+003,4.987908e-002
3.374390e+003,4.979713e-002
3.374872e+003,4.971459e-002
3.375354e+003,4.963701e-002
3.375836e+003,4.956970e-002
3.376318e+003,4.951337e-002
3.376800e+003,4.946569e-002
3.377282e+003,4.942322e-002
3.377765e+003,4.938189e-002
3.378247e+003,4.934124e-002
3.378729e+003,4.930209e-002
3.379211e+003,4.926489e-002
3.379693e+003,4.922885e-002
3.380175e+003,4.919047e-002
3.380657e+003,4.914559e-002
3.381140e+003,4.909433e-002
3.381622e+003,4.903981e-002
3.382104e+003,4.898980e-002
3.382586e+003,4.895565e-002
3.383068e+003,4.894489e-002
3.383550e+003,4.895813e-002
3.384032e+003,4.898794e-002
3.384514e+003,4.901903e-002
3.384997e+003,4.903646e-002
3.385479e+003,4.903057e-002
3.385961e+003,4.899916e-002
3.386443e+003,4.894964e-002
3.386925e+003,4.889152e-002
3.387407e+003,4.883304e-002
3.387889e+003,4.877698e-002
3.388371e+003,4.872183e-002
3.388854e+003,4.866528e-002
3.389336e+003,4.860836e-002
3.389818e+003,4.855979e-002
3.390300e+003,4.853302e-002
3.390782e+003,4.853934e-002
3.391264e+003,4.858433e-002
3.391746e+003,4.865849e-002
3.392229e+003,4.873953e-002
3.392710e+003,4.880026e-002
3.393193e+003,4.881800e-002
3.393675e+003,4.878473e-002
3.394157e+003,4.871063e-002
3.394639e+003,4.861885e-002
3.395121e+003,4.853601e-002
3.395603e+003,4.848348e-002
3.396085e+003,4.846978e-002
3.396568e+003,4.848736e-002
3.397050e+003,4.852065e-002
3.397532e+003,4.855138e-002
3.398014e+003,4.856723e-002
3.398496e+003,4.856656e-002
3.398978e+003,4.855542e-002
3.399460e+003,4.854320e-002
3.399942e+003,4.853752e-002
3.400425e+003,4.854195e-002
3.400907e+003,4.855489e-002
3.401389e+003,4.857145e-002
3.401871e+003,4.858834e-002
3.402353e+003,4.860350e-002
3.402835e+003,4.861563e-002
3.403317e+003,4.862497e-002
3.403799e+003,4.863011e-002
3.404281e+003,4.862953e-002
3.404764e+003,4.862348e-002
3.405246e+003,4.861404e-002
3.405728e+003,4.860694e-002
3.406210e+003,4.860961e-002
3.406692e+003,4.862792e-002
3.407174e+003,4.866328e-002
3.407656e+003,4.871066e-002
3.408138e+003,4.876085e-002
3.408621e+003,4.880404e-002
3.409103e+003,4.883371e-002
3.409585e+003,4.884715e-002
3.410067e+003,4.884788e-002
3.410549e+003,4.884146e-002
3.411031e+003,4.883318e-002
3.411513e+003,4.882501e-002
3.411996e+003,4.881708e-002
3.412478e+003,4.880820e-002
3.412960e+003,4.879861e-002
3.413442e+003,4.879125e-002
3.413924e+003,4.878949e-002
3.414406e+003,4.879569e-002
3.414888e+003,4.880736e-002
3.415370e+003,4.881905e-002
3.415853e+003,4.882348e-002
3.416335e+003,4.881634e-002
3.416817e+003,4.880007e-002
3.417299e+003,4.878659e-002
3.417781e+003,4.879194e-002
3.418263e+003,4.883324e-002
3.418745e+003,4.891974e-002
3.419227e+003,4.904924e-002
3.419709e+003,4.920547e-002
3.420192e+003,4.936365e-002
3.420674e+003,4.949716e-002
3.421156e+003,4.958583e-002
3.421638e+003,4.962001e-002
3.422120e+003,4.960332e-002
3.422602e+003,4.954722e-002
3.423084e+003,4.946638e-002
3.423566e+003,4.937613e-002
3.424049e+003,4.928937e-002
3.424531e+003,4.921655e-002
3.425013e+003,4.916448e-002
3.425495e+003,4.913797e-002
3.425977e+003,4.913667e-002
3.426459e+003,4.915649e-002
3.426941e+003,4.918923e-002
3.427424e+003,4.922679e-002
3.427906e+003,4.926131e-002
3.428388e+003,4.929042e-002
3.428870e+003,4.931602e-002
3.429352e+003,4.934305e-002
3.429834e+003,4.937630e-002
3.430316e+003,4.941661e-002
3.430798e+003,4.945974e-002
3.431281e+003,4.949831e-002
3.431763e+003,4.952373e-002
3.432245e+003,4.952892e-002
3.432727e+003,4.951411e-002
3.433209e+003,4.948262e-002
3.433691e+003,4.944158e-002
3.434173e+003,4.939806e-002
3.434655e+003,4.935830e-002
3.435137e+003,4.932687e-002
3.435620e+003,4.930709e-002
3.436102e+003,4.930047e-002
3.436584e+003,4.930752e-002
3.437066e+003,4.932526e-002
3.437548e+003,4.934971e-002
3.438030e+003,4.937230e-002
3.438512e+003,4.938582e-002
3.438994e+003,4.938721e-002
3.439477e+003,4.938023e-002
3.439959e+003,4.937431e-002
3.440441e+003,4.938347e-002
3.440923e+003,4.941513e-002
3.441405e+003,4.946874e-002
3.441887e+003,4.952942e-002
3.442369e+003,4.957527e-002
3.442852e+003,4.958598e-002
3.443333e+003,4.955389e-002
3.443816e+003,4.949018e-002
3.444298e+003,4.942527e-002
3.444780e+003,4.939774e-002
3.445262e+003,4.944170e-002
3.445744e+003,4.957159e-002
3.446226e+003,4.977388e-002
3.446708e+003,5.000755e-002
3.447191e+003,5.021827e-002
3.447673e+003,5.035821e-002
3.448155e+003,5.040542e-002
3.448637e+003,5.036531e-002
3.449119e+003,5.026552e-002
3.449601e+003,5.013933e-002
3.450083e+003,5.001597e-002
3.450565e+003,4.991137e-002
3.451048e+003,4.982897e-002
3.451530e+003,4.976335e-002
3.452012e+003,4.970798e-002
3.452494e+003,4.965959e-002
3.452976e+003,4.962029e-002
3.453458e+003,4.959480e-002
3.453940e+003,4.958919e-002
3.454422e+003,4.960392e-002
3.454905e+003,4.963474e-002
3.455387e+003,4.967492e-002
3.455869e+003,4.971665e-002
3.456351e+003,4.975425e-002
3.456833e+003,4.978226e-002
3.457315e+003,4.979998e-002
3.457797e+003,4.980492e-002
3.458280e+003,4.979646e-002
3.458761e+003,4.977770e-002
3.459244e+003,4.975323e-002
3.459726e+003,4.973256e-002
3.460208e+003,4.972480e-002
3.460690e+003,4.973599e-002
3.461172e+003,4.976450e-002
3.461654e+003,4.980024e-002
3.462136e+003,4.982638e-002
3.462619e+003,4.982799e-002
3.463101e+003,4.979566e-002
3.463583e+003,4.973249e-002
3.464065e+003,4.965400e-002
3.464547e+003,4.957869e-002
3.465029e+003,4.952412e-002
3.465511e+003,4.950004e-002
3.465993e+003,4.950360e-002
3.466476e+003,4.952438e-002
3.466958e+003,4.954682e-002
3.467440e+003,4.955894e-002
3.467922e+003,4.955478e-002
3.468404e+003,4.953495e-002
3.468886e+003,4.950311e-002
3.469368e+003,4.946176e-002
3.469850e+003,4.940994e-002
3.470333e+003,4.934528e-002
3.470815e+003,4.926611e-002
3.471297e+003,4.917480e-002
3.471779e+003,4.908179e-002
3.472261e+003,4.900055e-002
3.472743e+003,4.894423e-002
3.473225e+003,4.891988e-002
3.473708e+003,4.892500e-002
3.474189e+003,4.894618e-002
3.474672e+003,4.896498e-002
3.475154e+003,4.896155e-002
3.475636e+003,4.892266e-002
3.476118e+003,4.884439e-002
3.476600e+003,4.873088e-002
3.477082e+003,4.859354e-002
3.477564e+003,4.844608e-002
3.478047e+003,4.830274e-002
3.478529e+003,4.817604e-002
3.479011e+003,4.807775e-002
3.479493e+003,4.801622e-002
3.479975e+003,4.799621e-002
3.480457e+003,4.801453e-002
3.480939e+003,4.805976e-002
3.481421e+003,4.811274e-002
3.481904e+003,4.814917e-002
3.482386e+003,4.814655e-002
3.482868e+003,4.809317e-002
3.483350e+003,4.798724e-002
3.483832e+003,4.784078e-002
3.484314e+003,4.767308e-002
3.484796e+003,4.750643e-002
3.485278e+003,4.736036e-002
3.485760e+003,4.724894e-002
3.486243e+003,4.717611e-002
3.486725e+003,4.713674e-002
3.487207e+003,4.711835e-002
3.487689e+003,4.710257e-002
3.488171e+003,4.707295e-002
3.488653e+003,4.701603e-002
3.489135e+003,4.692784e-002
3.489618e+003,4.681006e-002
3.490100e+003,4.667091e-002
3.490582e+003,4.652230e-002
3.491064e+003,4.637499e-002
3.491546e+003,4.623647e-002
3.492028e+003,4.611153e-002
3.492510e+003,4.600171e-002
3.492992e+003,4.590809e-002
3.493475e+003,4.583234e-002
3.493957e+003,4.577805e-002
3.494439e+003,4.574846e-002
3.494921e+003,4.574295e-002
3.495403e+003,4.575475e-002
3.495885e+003,4.576942e-002
3.496367e+003,4.576749e-002
3.496849e+003,4.572938e-002
3.497332e+003,4.564242e-002
3.497814e+003,4.550372e-002
3.498296e+003,4.532440e-002
3.498778e+003,4.512308e-002
3.499260e+003,4.492602e-002
3.499742e+003,4.475785e-002
3.500224e+003,4.464158e-002
3.500706e+003,4.459411e-002
3.501188e+003,4.462342e-002
3.501671e+003,4.472503e-002
3.502153e+003,4.488237e-002
3.502635e+003,4.506033e-002
3.503117e+003,4.521492e-002
3.503599e+003,4.529899e-002
3.504081e+003,4.527676e-002
3.504563e+003,4.513358e-002
3.505046e+003,4.488045e-002
3.505528e+003,4.455254e-002
3.506010e+003,4.419950e-002
3.506492e+003,4.387442e-002
3.506974e+003,4.362478e-002
3.507456e+003,4.348212e-002
3.507938e+003,4.345354e-002
3.508420e+003,4.352123e-002
3.508903e+003,4.364446e-002
3.509385e+003,4.377144e-002
3.509867e+003,4.385860e-002
3.510349e+003,4.387958e-002
3.510831e+003,4.382970e-002
3.511313e+003,4.372137e-002
3.511795e+003,4.357436e-002
3.512277e+003,4.340719e-002
3.512760e+003,4.323305e-002
3.513242e+003,4.305853e-002
3.513724e+003,4.288565e-002
3.514206e+003,4.271490e-002
3.514688e+003,4.254891e-002
3.515170e+003,4.239044e-002
3.515652e+003,4.224548e-002
3.516135e+003,4.211916e-002
3.516616e+003,4.201487e-002
3.517099e+003,4.192972e-002
3.517581e+003,4.185640e-002
3.518063e+003,4.178283e-002
3.518545e+003,4.169654e-002
3.519027e+003,4.158794e-002
3.519509e+003,4.145716e-002
3.519991e+003,4.131472e-002
3.520474e+003,4.118113e-002
3.520956e+003,4.107951e-002
3.521438e+003,4.103084e-002
3.521920e+003,4.104197e-002
3.522402e+003,4.110118e-002
3.522884e+003,4.117624e-002
3.523366e+003,4.122828e-002
3.523848e+003,4.122444e-002
3.524331e+003,4.115355e-002
3.524813e+003,4.102818e-002
3.525295e+003,4.088010e-002
3.525777e+003,4.074735e-002
3.526259e+003,4.065862e-002
3.526741e+003,4.062266e-002
3.527223e+003,4.062797e-002
3.527705e+003,4.064697e-002
3.528188e+003,4.064892e-002
3.528670e+003,4.061281e-002
3.529152e+003,4.053396e-002
3.529634e+003,4.041809e-002
3.530116e+003,4.027506e-002
3.530598e+003,4.010895e-002
3.531080e+003,3.991604e-002
3.531563e+003,3.968960e-002
3.532044e+003,3.942662e-002
3.532527e+003,3.913755e-002
3.533009e+003,3.884571e-002
3.533491e+003,3.858529e-002
3.533973e+003,3.838824e-002
3.534455e+003,3.827688e-002
3.534937e+003,3.825076e-002
3.535419e+003,3.828625e-002
3.535902e+003,3.834000e-002
3.536384e+003,3.836733e-002
3.536866e+003,3.833555e-002
3.537348e+003,3.823527e-002
3.537830e+003,3.807586e-002
3.538312e+003,3.787915e-002
3.538794e+003,3.766621e-002
3.539276e+003,3.745130e-002
3.539759e+003,3.724081e-002
3.540241e+003,3.703535e-002
3.540723e+003,3.683683e-002
3.541205e+003,3.665029e-002
3.541687e+003,3.648619e-002
3.542169e+003,3.635740e-002
3.542651e+003,3.627641e-002
3.543133e+003,3.625070e-002
3.543615e+003,3.628172e-002
3.544098e+003,3.636385e-002
3.544580e+003,3.648472e-002
3.545062e+003,3.662549e-002
3.545544e+003,3.676004e-002
3.546026e+003,3.685746e-002
3.546508e+003,3.688257e-002
3.546990e+003,3.680934e-002
3.547472e+003,3.662668e-002
3.547955e+003,3.634625e-002
3.548437e+003,3.600032e-002
3.548919e+003,3.563536e-002
3.549401e+003,3.530071e-002
3.549883e+003,3.504089e-002
3.550365e+003,3.488464e-002
3.550847e+003,3.483750e-002
3.551330e+003,3.487786e-002
3.551812e+003,3.495747e-002
3.552294e+003,3.502133e-002
3.552776e+003,3.502091e-002
3.553258e+003,3.493449e-002
3.553740e+003,3.476544e-002
3.554222e+003,3.453699e-002
3.554704e+003,3.427780e-002
3.555187e+003,3.401436e-002
3.555669e+003,3.376608e-002
3.556151e+003,3.354450e-002
3.556633e+003,3.335503e-002
3.557115e+003,3.319855e-002
3.557597e+003,3.307214e-002
3.558079e+003,3.297183e-002
3.558561e+003,3.289091e-002
3.559043e+003,3.282079e-002
3.559526e+003,3.275200e-002
3.560008e+003,3.267451e-002
3.560490e+003,3.257808e-002
3.560972e+003,3.245597e-002
3.561454e+003,3.230191e-002
3.561936e+003,3.211419e-002
3.562418e+003,3.189657e-002
3.562900e+003,3.166084e-002
3.563383e+003,3.143016e-002
3.563865e+003,3.124101e-002
3.564347e+003,3.114087e-002
3.564829e+003,3.118184e-002
3.565311e+003,3.140365e-002
3.565793e+003,3.180690e-002
3.566275e+003,3.232609e-002
3.566758e+003,3.282928e-002
3.567240e+003,3.316588e-002
3.567722e+003,3.324174e-002
3.568204e+003,3.305322e-002
3.568686e+003,3.266503e-002
3.569168e+003,3.216346e-002
3.569650e+003,3.162365e-002
3.570132e+003,3.110030e-002
3.570615e+003,3.062488e-002
3.571097e+003,3.021476e-002
3.571579e+003,2.987510e-002
3.572061e+003,2.960550e-002
3.572543e+003,2.939885e-002
3.573025e+003,2.924513e-002
3.573507e+003,2.912999e-002
3.573989e+003,2.903703e-002
3.574471e+003,2.894851e-002
3.574954e+003,2.885069e-002
3.575436e+003,2.873558e-002
3.575918e+003,2.860404e-002
3.576400e+003,2.846330e-002
3.576882e+003,2.832495e-002
3.577364e+003,2.819889e-002
3.577846e+003,2.809162e-002
3.578328e+003,2.800439e-002
3.578811e+003,2.793125e-002
3.579293e+003,2.786462e-002
3.579775e+003,2.779640e-002
3.580257e+003,2.771887e-002
3.580739e+003,2.762514e-002
3.581221e+003,2.750796e-002
3.581703e+003,2.735910e-002
3.582186e+003,2.717291e-002
3.582667e+003,2.694633e-002
3.583150e+003,2.668652e-002
3.583632e+003,2.641255e-002
3.584114e+003,2.615607e-002
3.584596e+003,2.596187e-002
3.585078e+003,2.588191e-002
3.585560e+003,2.596415e-002
3.586042e+003,2.623346e-002
3.586525e+003,2.666149e-002
3.587007e+003,2.715227e-002
3.587489e+003,2.756251e-002
3.587971e+003,2.776819e-002
3.588453e+003,2.771866e-002
3.588935e+003,2.744424e-002
3.589417e+003,2.701901e-002
3.589899e+003,2.652396e-002
3.590382e+003,2.602652e-002
3.590864e+003,2.557797e-002
3.591346e+003,2.521456e-002
3.591828e+003,2.496107e-002
3.592310e+003,2.482993e-002
3.592792e+003,2.481947e-002
3.593274e+003,2.491039e-002
3.593756e+003,2.506704e-002
3.594239e+003,2.524189e-002
3.594721e+003,2.538776e-002
3.595203e+003,2.546708e-002
3.595685e+003,2.546008e-002
3.596167e+003,2.536794e-002
3.596649e+003,2.520589e-002
3.597131e+003,2.500204e-002
3.597614e+003,2.478665e-002
3.598095e+003,2.459146e-002
3.598578e+003,2.444239e-002
3.599060e+003,2.435251e-002
3.599542e+003,2.431968e-002
3.600024e+003,2.432112e-002
3.600506e+003,2.432013e-002
3.600988e+003,2.427576e-002
3.601470e+003,2.415685e-002
3.601953e+003,2.395187e-002
3.602435e+003,2.367027e-002
3.602917e+003,2.333630e-002
3.603399e+003,2.298329e-002
3.603881e+003,2.264189e-002
3.604363e+003,2.234034e-002
3.604845e+003,2.210151e-002
3.605327e+003,2.194382e-002
3.605810e+003,2.188084e-002
3.606292e+003,2.191927e-002
3.606774e+003,2.205140e-002
3.607256e+003,2.224988e-002
3.607738e+003,2.246336e-002
3.608220e+003,2.262997e-002
3.608702e+003,2.269778e-002
3.609184e+003,2.264706e-002
3.609667e+003,2.249368e-002
3.610149e+003,2.228155e-002
3.610631e+003,2.206551e-002
3.611113e+003,2.189846e-002
3.611595e+003,2.181693e-002
3.612077e+003,2.183040e-002
3.612559e+003,2.191051e-002
3.613042e+003,2.199453e-002
3.613524e+003,2.200900e-002
3.614006e+003,2.190241e-002
3.614488e+003,2.166573e-002
3.614970e+003,2.132983e-002
3.615452e+003,2.094985e-002
3.615934e+003,2.058745e-002
3.616416e+003,2.030321e-002
3.616898e+003,2.014750e-002
3.617381e+003,2.015152e-002
3.617863e+003,2.031619e-002
3.618345e+003,2.059559e-002
3.618827e+003,2.090245e-002
3.619309e+003,2.113214e-002
3.619791e+003,2.120546e-002
3.620273e+003,2.109583e-002
3.620755e+003,2.082763e-002
3.621238e+003,2.045232e-002
3.621720e+003,2.002802e-002
3.622202e+003,1.960116e-002
3.622684e+003,1.920542e-002
3.623166e+003,1.885413e-002
3.623648e+003,1.854693e-002
3.624130e+003,1.827179e-002
3.624612e+003,1.801253e-002
3.625094e+003,1.775834e-002
3.625577e+003,1.751749e-002
3.626059e+003,1.732229e-002
3.626541e+003,1.723628e-002
3.627023e+003,1.734901e-002
3.627505e+003,1.774389e-002
3.627987e+003,1.842647e-002
3.628469e+003,1.923706e-002
3.628952e+003,1.987755e-002
3.629434e+003,2.011184e-002
3.629916e+003,1.991657e-002
3.630398e+003,1.943421e-002
3.630880e+003,1.883692e-002
3.631362e+003,1.825554e-002
3.631844e+003,1.777169e-002
3.632326e+003,1.742135e-002
3.632809e+003,1.720315e-002
3.633291e+003,1.707996e-002
3.633773e+003,1.699277e-002
3.634255e+003,1.688219e-002
3.634737e+003,1.671073e-002
3.635219e+003,1.647669e-002
3.635701e+003,1.620367e-002
3.636183e+003,1.592770e-002
3.636666e+003,1.567921e-002
3.637148e+003,1.547597e-002
3.637630e+003,1.531627e-002
3.638112e+003,1.518661e-002
3.638594e+003,1.506921e-002
3.639076e+003,1.495386e-002
3.639558e+003,1.484311e-002
3.640041e+003,1.474817e-002
3.640522e+003,1.468194e-002
3.641005e+003,1.464687e-002
3.641487e+003,1.463067e-002
3.641969e+003,1.460642e-002
3.642451e+003,1.454355e-002
3.642933e+003,1.442001e-002
3.643415e+003,1.423383e-002
3.643897e+003,1.400145e-002
3.644380e+003,1.375480e-002
3.644862e+003,1.353358e-002
3.645344e+003,1.337883e-002
3.645826e+003,1.332724e-002
3.646308e+003,1.340418e-002
3.646790e+003,1.361776e-002
3.647272e+003,1.395675e-002
3.647754e+003,1.439396e-002
3.648237e+003,1.489022e-002
3.648719e+003,1.539519e-002
3.649201e+003,1.583267e-002
3.649683e+003,1.610374e-002
3.650165e+003,1.611870e-002
3.650647e+003,1.585140e-002
3.651129e+003,1.534758e-002
3.651611e+003,1.469528e-002
3.652094e+003,1.398643e-002
3.652576e+003,1.329809e-002
3.653058e+003,1.268869e-002
3.653540e+003,1.220550e-002
3.654022e+003,1.188773e-002
3.654504e+003,1.176059e-002
3.654986e+003,1.182156e-002
3.655469e+003,1.201984e-002
3.655950e+003,1.225665e-002
3.656433e+003,1.242102e-002
3.656915e+003,1.243865e-002
3.657397e+003,1.230082e-002
3.657879e+003,1.204608e-002
3.658361e+003,1.173087e-002
3.658843e+003,1.140526e-002
3.659325e+003,1.110455e-002
3.659808e+003,1.084654e-002
3.660290e+003,1.063746e-002
3.660772e+003,1.047256e-002
3.661254e+003,1.034206e-002
3.661736e+003,1.023608e-002
3.662218e+003,1.014474e-002
3.662700e+003,1.005997e-002
3.663182e+003,9.973959e-003
3.663665e+003,9.877918e-003
3.664147e+003,9.763532e-003
3.664629e+003,9.624328e-003
3.665111e+003,9.456754e-003
3.665593e+003,9.264232e-003
3.666075e+003,9.057391e-003
3.666557e+003,8.857606e-003
3.667039e+003,8.697622e-003
3.667521e+003,8.621912e-003
3.668004e+003,8.684633e-003
3.668486e+003,8.926682e-003
3.668968e+003,9.343440e-003
3.669450e+003,9.841889e-003
3.669932e+003,1.025581e-002
3.670414e+003,1.043171e-002
3.670896e+003,1.031861e-002
3.671378e+003,9.969467e-003
3.671861e+003,9.484327e-003
3.672343e+003,8.966780e-003
3.672825e+003,8.513864e-003
3.673307e+003,8.225254e-003
3.673789e+003,8.211405e-003
3.674271e+003,8.558219e-003
3.674753e+003,9.241091e-003
3.675236e+003,1.003178e-002
3.675718e+003,1.059464e-002
3.676200e+003,1.073631e-002
3.676682e+003,1.050556e-002
3.677164e+003,1.006647e-002
3.677646e+003,9.568532e-003
3.678128e+003,9.105923e-003
3.678610e+003,8.723106e-003
3.679093e+003,8.425327e-003
3.679575e+003,8.194558e-003
3.680057e+003,8.001504e-003
3.680539e+003,7.821537e-003
3.681021e+003,7.643749e-003
3.681503e+003,7.471693e-003
3.681985e+003,7.316893e-003
3.682467e+003,7.187437e-003
3.682949e+003,7.083697e-003
3.683432e+003,6.995260e-003
3.683914e+003,6.904230e-003
3.684396e+003,6.794792e-003
3.684878e+003,6.662036e-003
3.685360e+003,6.516505e-003
3.685842e+003,6.384683e-003
3.686324e+003,6.306301e-003
3.686806e+003,6.325523e-003
3.687289e+003,6.480170e-003
3.687771e+003,6.780155e-003
3.688253e+003,7.192960e-003
3.688735e+003,7.639627e-003
3.689217e+003,8.028917e-003
3.689699e+003,8.293909e-003
3.690181e+003,8.410035e-003
3.690664e+003,8.386550e-003
3.691146e+003,8.248971e-003
3.691628e+003,8.023960e-003
3.692110e+003,7.737948e-003
3.692592e+003,7.417866e-003
3.693074e+003,7.091127e-003
3.693556e+003,6.785384e-003
3.694038e+003,6.524231e-003
3.694521e+003,6.323518e-003
3.695003e+003,6.189020e-003
3.695485e+003,6.110055e-003
3.695967e+003,6.064017e-003
3.696449e+003,6.020304e-003
3.696931e+003,5.954203e-003
3.697413e+003,5.853782e-003
3.697895e+003,5.724200e-003
3.698377e+003,5.585984e-003
3.698860e+003,5.469142e-003
3.699342e+003,5.403196e-003
3.699824e+003,5.413617e-003
3.700306e+003,5.508190e-003
3.700788e+003,5.673055e-003
3.701270e+003,5.868874e-003
3.701752e+003,6.044208e-003
3.702234e+003,6.156064e-003
3.702717e+003,6.185560e-003
3.703199e+003,6.141039e-003
3.703681e+003,6.045878e-003
3.704163e+003,5.926307e-003
3.704645e+003,5.804866e-003
3.705127e+003,5.694860e-003
3.705609e+003,5.603314e-003
3.706092e+003,5.530479e-003
3.706573e+003,5.477099e-003
3.707056e+003,5.445890e-003
3.707538e+003,5.446105e-003
3.708020e+003,5.493413e-003
3.708502e+003,5.610031e-003
3.708984e+003,5.819189e-003
3.709466e+003,6.134036e-003
3.709948e+003,6.544061e-003
3.710431e+003,7.003441e-003
3.710913e+003,7.432434e-003
3.711395e+003,7.741913e-003
3.711877e+003,7.870954e-003
3.712359e+003,7.809556e-003
3.712841e+003,7.590916e-003
3.713323e+003,7.267436e-003
3.713805e+003,6.890303e-003
3.714288e+003,6.504019e-003
3.714770e+003,6.140953e-003
3.715252e+003,5.827540e-003
3.715734e+003,5.582425e-003
3.716216e+003,5.418575e-003
3.716698e+003,5.337606e-003
3.717180e+003,5.327670e-003
3.717662e+003,5.365068e-003
3.718145e+003,5.418915e-003
3.718627e+003,5.462888e-003
3.719109e+003,5.484493e-003
3.719591e+003,5.490892e-003
3.720073e+003,5.503602e-003
3.720555e+003,5.548104e-003
3.721037e+003,5.639510e-003
3.721520e+003,5.773515e-003
3.722001e+003,5.924274e-003
3.722484e+003,6.054411e-003
3.722966e+003,6.136051e-003
3.723448e+003,6.164092e-003
3.723930e+003,6.157335e-003
3.724412e+003,6.151318e-003
3.724894e+003,6.177388e-003
3.725376e+003,6.246216e-003
3.725859e+003,6.339231e-003
3.726341e+003,6.412689e-003
3.726823e+003,6.418230e-003
3.727305e+003,6.328549e-003
3.727787e+003,6.147222e-003
3.728269e+003,5.905361e-003
3.728751e+003,5.646490e-003
3.729233e+003,5.415984e-003
3.729716e+003,5.254507e-003
3.730198e+003,5.192941e-003
3.730680e+003,5.245325e-003
3.731162e+003,5.404272e-003
3.731644e+003,5.640324e-003
3.732126e+003,5.913580e-003
3.732608e+003,6.194155e-003
3.733090e+003,6.475842e-003
3.733573e+003,6.781130e-003
3.734055e+003,7.137627e-003
3.734537e+003,7.547998e-003
3.735019e+003,7.961191e-003
3.735501e+003,8.280417e-003
3.735983e+003,8.417733e-003
3.736465e+003,8.345771e-003
3.736948e+003,8.103425e-003
3.737430e+003,7.764741e-003
3.737912e+003,7.397300e-003
3.738394e+003,7.046766e-003
3.738876e+003,6.734408e-003
3.739358e+003,6.461338e-003
3.739840e+003,6.216356e-003
3.740322e+003,5.986398e-003
3.740804e+003,5.762881e-003
3.741287e+003,5.557623e-003
3.741769e+003,5.405329e-003
3.742251e+003,5.367335e-003
3.742733e+003,5.527170e-003
3.743215e+003,5.955799e-003
3.743697e+003,6.643324e-003
3.744179e+003,7.423412e-003
3.744661e+003,8.025261e-003
3.745144e+003,8.259884e-003
3.745626e+003,8.123863e-003
3.746108e+003,7.738621e-003
3.746590e+003,7.244757e-003
3.747072e+003,6.756402e-003
3.747554e+003,6.357570e-003
3.748036e+003,6.115915e-003
3.748518e+003,6.077307e-003
3.749000e+003,6.263130e-003
3.749483e+003,6.646479e-003
3.749965e+003,7.149694e-003
3.750447e+003,7.662056e-003
3.750929e+003,8.075039e-003
3.751411e+003,8.316435e-003
3.751893e+003,8.361987e-003
3.752375e+003,8.228098e-003
3.752858e+003,7.956979e-003
3.753340e+003,7.599247e-003
3.753822e+003,7.204645e-003
3.754304e+003,6.817034e-003
3.754786e+003,6.471633e-003
3.755268e+003,6.197285e-003
3.755750e+003,6.010216e-003
3.756232e+003,5.916927e-003
3.756715e+003,5.909940e-003
3.757197e+003,5.970048e-003
3.757679e+003,6.073912e-003
3.758161e+003,6.197808e-003
3.758643e+003,6.322371e-003
3.759125e+003,6.424841e-003
3.759607e+003,6.479193e-003
3.760089e+003,6.457760e-003
3.760572e+003,6.343753e-003
3.761054e+003,6.138783e-003
3.761536e+003,5.865865e-003
3.762018e+003,5.564530e-003
3.762500e+003,5.282184e-003
3.762982e+003,5.067851e-003
3.763464e+003,4.963432e-003
3.763947e+003,4.991464e-003
3.764428e+003,5.138867e-003
3.764911e+003,5.349021e-003
3.765393e+003,5.542982e-003
3.765875e+003,5.654125e-003
3.766357e+003,5.658855e-003
3.766839e+003,5.582932e-003
3.767321e+003,5.480316e-003
3.767803e+003,5.412376e-003
3.768286e+003,5.428352e-003
3.768768e+003,5.545945e-003
3.769250e+003,5.738522e-003
3.769732e+003,5.942454e-003
3.770214e+003,6.085146e-003
3.770696e+003,6.121289e-003
3.771178e+003,6.048324e-003
3.771660e+003,5.895575e-003
3.772143e+003,5.704547e-003
3.772625e+003,5.510858e-003
3.773107e+003,5.337964e-003
3.773589e+003,5.195146e-003
3.774071e+003,5.081782e-003
3.774553e+003,4.988092e-003
3.775035e+003,4.905173e-003
3.775517e+003,4.827130e-003
3.776000e+003,4.758355e-003
3.776482e+003,4.712781e-003
3.776964e+003,4.713634e-003
3.777446e+003,4.785660e-003
3.777928e+003,4.944714e-003
3.778410e+003,5.182819e-003
3.778892e+003,5.458330e-003
3.779375e+003,5.702918e-003
3.779856e+003,5.850444e-003
3.780339e+003,5.867154e-003
3.780821e+003,5.763933e-003
3.781303e+003,5.582369e-003
3.781785e+003,5.377521e-003
3.782267e+003,5.201687e-003
3.782749e+003,5.095353e-003
3.783231e+003,5.076890e-003
3.783714e+003,5.140291e-003
3.784196e+003,5.252138e-003
3.784678e+003,5.365028e-003
3.785160e+003,5.435798e-003
3.785642e+003,5.444545e-003
3.786124e+003,5.395522e-003
3.786606e+003,5.310237e-003
3.787088e+003,5.213982e-003
3.787571e+003,5.126270e-003
3.788053e+003,5.057299e-003
3.788535e+003,5.008458e-003
3.789017e+003,4.976228e-003
3.789499e+003,4.957466e-003
3.789981e+003,4.948272e-003
3.790463e+003,4.945123e-003
3.790945e+003,4.940586e-003
3.791427e+003,4.924834e-003
3.791910e+003,4.887530e-003
3.792392e+003,4.823625e-003
3.792874e+003,4.737776e-003
3.793356e+003,4.648128e-003
3.793838e+003,4.584933e-003
3.794320e+003,4.583877e-003
3.794802e+003,4.672471e-003
3.795284e+003,4.856060e-003
3.795767e+003,5.101155e-003
3.796249e+003,5.337135e-003
3.796731e+003,5.487504e-003
3.797213e+003,5.502971e-003
3.797695e+003,5.385499e-003
3.798177e+003,5.180140e-003
3.798659e+003,4.959224e-003
3.799142e+003,4.809990e-003
3.799624e+003,4.824110e-003
3.800106e+003,5.077305e-003
3.800588e+003,5.576850e-003
3.801070e+003,6.210293e-003
3.801552e+003,6.758384e-003
3.802034e+003,7.025278e-003
3.802516e+003,6.960248e-003
3.802999e+003,6.643164e-003
3.803481e+003,6.200063e-003
3.803963e+003,5.747356e-003
3.804445e+003,5.378631e-003
3.804927e+003,5.168730e-003
3.805409e+003,5.168374e-003
3.805891e+003,5.384598e-003
3.806373e+003,5.749733e-003
3.806855e+003,6.127194e-003
3.807338e+003,6.372366e-003
3.807820e+003,6.412437e-003
3.808302e+003,6.265173e-003
3.808784e+003,6.002874e-003
3.809266e+003,5.701921e-003
3.809748e+003,5.420069e-003
3.810230e+003,5.184801e-003
3.810712e+003,4.997503e-003
3.811195e+003,4.841588e-003
3.811677e+003,4.693628e-003
3.812159e+003,4.539563e-003
3.812641e+003,4.385601e-003
3.813123e+003,4.263535e-003
3.813605e+003,4.225941e-003
3.814087e+003,4.336454e-003
3.814570e+003,4.641674e-003
3.815052e+003,5.128594e-003
3.815534e+003,5.691386e-003
3.816016e+003,6.160720e-003
3.816498e+003,6.398489e-003
3.816980e+003,6.370604e-003
3.817462e+003,6.138552e-003
3.817944e+003,5.805549e-003
3.818427e+003,5.480906e-003
3.818909e+003,5.267058e-003
3.819391e+003,5.256044e-003
3.819873e+003,5.506983e-003
3.820355e+003,5.995321e-003
3.820837e+003,6.567301e-003
3.821319e+003,7.001024e-003
3.821801e+003,7.147137e-003
3.822283e+003,7.005969e-003
3.822766e+003,6.672479e-003
3.823248e+003,6.257843e-003
3.823730e+003,5.851980e-003
3.824212e+003,5.520104e-003
3.824694e+003,5.304533e-003
3.825176e+003,5.223447e-003
3.825658e+003,5.262253e-003
3.826140e+003,5.372292e-003
3.826623e+003,5.483003e-003
3.827105e+003,5.531022e-003
3.827587e+003,5.487184e-003
3.828069e+003,5.363801e-003
3.828551e+003,5.200823e-003
3.829033e+003,5.048634e-003
3.829515e+003,4.951400e-003
3.829998e+003,4.935096e-003
3.830479e+003,4.999748e-003
3.830962e+003,5.117259e-003
3.831444e+003,5.242830e-003
3.831926e+003,5.331630e-003
3.832408e+003,5.360073e-003
3.832890e+003,5.331825e-003
3.833372e+003,5.270188e-003
3.833854e+003,5.207390e-003
3.834337e+003,5.170194e-003
3.834819e+003,5.176070e-003
3.835301e+003,5.233575e-003
3.835783e+003,5.345412e-003
3.836265e+003,5.513143e-003
3.836747e+003,5.738080e-003
3.837229e+003,6.013763e-003
3.837711e+003,6.320704e-003
3.838194e+003,6.615520e-003
3.838676e+003,6.844433e-003
3.839158e+003,6.959742e-003
3.839640e+003,6.943115e-003
3.840122e+003,6.809450e-003
3.840604e+003,6.599105e-003
3.841086e+003,6.360373e-003
3.841568e+003,6.139499e-003
3.842051e+003,5.967403e-003
3.842533e+003,5.856353e-003
3.843015e+003,5.798053e-003
3.843497e+003,5.767344e-003
3.843979e+003,5.731771e-003
3.844461e+003,5.665385e-003
3.844943e+003,5.556676e-003
3.845426e+003,5.411130e-003
3.845907e+003,5.243958e-003
3.846390e+003,5.076122e-003
3.846872e+003,4.923217e-003
3.847354e+003,4.794194e-003
3.847836e+003,4.690336e-003
3.848318e+003,4.600779e-003
3.848800e+003,4.511587e-003
3.849282e+003,4.410229e-003
3.849765e+003,4.296320e-003
3.850247e+003,4.189039e-003
3.850729e+003,4.137506e-003
3.851211e+003,4.224757e-003
3.851693e+003,4.563862e-003
3.852175e+003,5.244950e-003
3.852657e+003,6.227692e-003
3.853139e+003,7.253441e-003
3.853622e+003,7.976243e-003
3.854104e+003,8.232987e-003
3.854586e+003,8.102851e-003
3.855068e+003,7.755163e-003
3.855550e+003,7.327137e-003
3.856032e+003,6.898216e-003
3.856514e+003,6.500469e-003
3.856996e+003,6.140940e-003
3.857479e+003,5.815130e-003
3.857961e+003,5.519184e-003
3.858443e+003,5.256048e-003
3.858925e+003,5.034055e-003
3.859407e+003,4.868464e-003
3.859889e+003,4.771465e-003
3.860371e+003,4.750639e-003
3.860854e+003,4.802292e-003
3.861336e+003,4.915807e-003
3.861818e+003,5.076717e-003
3.862300e+003,5.275039e-003
3.862782e+003,5.510929e-003
3.863264e+003,5.779537e-003
3.863746e+003,6.059046e-003
3.864228e+003,6.294718e-003
3.864710e+003,6.414274e-003
3.865193e+003,6.362365e-003
3.865675e+003,6.131104e-003
3.866157e+003,5.763683e-003
3.866639e+003,5.337258e-003
3.867121e+003,4.943220e-003
3.867603e+003,4.678449e-003
3.868085e+003,4.635849e-003
3.868567e+003,4.875905e-003
3.869050e+003,5.371065e-003
3.869532e+003,5.970456e-003
3.870014e+003,6.449978e-003
3.870496e+003,6.657162e-003
3.870978e+003,6.591032e-003
3.871460e+003,6.359161e-003
3.871942e+003,6.094175e-003
3.872424e+003,5.904357e-003
3.872906e+003,5.848689e-003
3.873389e+003,5.924374e-003
3.873871e+003,6.067323e-003
3.874353e+003,6.176820e-003
3.874835e+003,6.169599e-003
3.875317e+003,6.015851e-003
3.875799e+003,5.740302e-003
3.876281e+003,5.396438e-003
3.876764e+003,5.044829e-003
3.877246e+003,4.739970e-003
3.877728e+003,4.532226e-003
3.878210e+003,4.463600e-003
3.878692e+003,4.564668e-003
3.879174e+003,4.837455e-003
3.879656e+003,5.234784e-003
3.880138e+003,5.658105e-003
3.880621e+003,5.986663e-003
3.881103e+003,6.134921e-003
3.881585e+003,6.086763e-003
3.882067e+003,5.887306e-003
3.882549e+003,5.615282e-003
3.883031e+003,5.358208e-003
3.883513e+003,5.197265e-003
3.883995e+003,5.195844e-003
3.884478e+003,5.373244e-003
3.884960e+003,5.679472e-003
3.885442e+003,5.994101e-003
3.885924e+003,6.181698e-003
3.886406e+003,6.166309e-003
3.886888e+003,5.960918e-003
3.887370e+003,5.634920e-003
3.887853e+003,5.274660e-003
3.888334e+003,4.958319e-003
3.888817e+003,4.750627e-003
3.889299e+003,4.701721e-003
3.889781e+003,4.837110e-003
3.890263e+003,5.145658e-003
3.890745e+003,5.565180e-003
3.891227e+003,5.990603e-003
3.891709e+003,6.314375e-003
3.892192e+003,6.468169e-003
3.892674e+003,6.440746e-003
3.893156e+003,6.267131e-003
3.893638e+003,5.999753e-003
3.894120e+003,5.691828e-003
3.894602e+003,5.386860e-003
3.895084e+003,5.116824e-003
3.895566e+003,4.905534e-003
3.896049e+003,4.768005e-003
3.896531e+003,4.712923e-003
3.897013e+003,4.742381e-003
3.897495e+003,4.853178e-003
3.897977e+003,5.031887e-003
3.898459e+003,5.257434e-003
3.898941e+003,5.499008e-003
3.899423e+003,5.725248e-003
3.899906e+003,5.910728e-003
3.900388e+003,6.045431e-003
3.900870e+003,6.136850e-003
3.901352e+003,6.206890e-003
3.901834e+003,6.284865e-003
3.902316e+003,6.395438e-003
3.902798e+003,6.549275e-003
3.903281e+003,6.730561e-003
3.903762e+003,6.899052e-003
3.904245e+003,7.002521e-003
3.904727e+003,6.999228e-003
3.905209e+003,6.878222e-003
3.905691e+003,6.656373e-003
3.906173e+003,6.368501e-003
3.906655e+003,6.055016e-003
3.907137e+003,5.750604e-003
3.907620e+003,5.480592e-003
3.908102e+003,5.260825e-003
3.908584e+003,5.097407e-003
3.909066e+003,4.988653e-003
3.909548e+003,4.927816e-003
3.910030e+003,4.903348e-003
3.910512e+003,4.899534e-003
3.910994e+003,4.899359e-003
3.911477e+003,4.888135e-003
3.911959e+003,4.855069e-003
3.912441e+003,4.797556e-003
3.912923e+003,4.726119e-003
3.913405e+003,4.659348e-003
3.913887e+003,4.621821e-003
3.914369e+003,4.637216e-003
3.914851e+003,4.721425e-003
3.915333e+003,4.874090e-003
3.915816e+003,5.075736e-003
3.916298e+003,5.292164e-003
3.916780e+003,5.484326e-003
3.917262e+003,5.626028e-003
3.917744e+003,5.710077e-003
3.918226e+003,5.746081e-003
3.918708e+003,5.749003e-003
3.919190e+003,5.729124e-003
3.919673e+003,5.687217e-003
3.920155e+003,5.619627e-003
3.920637e+003,5.525045e-003
3.921119e+003,5.412068e-003
3.921601e+003,5.299852e-003
3.922083e+003,5.217076e-003
3.922565e+003,5.192165e-003
3.923048e+003,5.243001e-003
3.923530e+003,5.364273e-003
3.924012e+003,5.525236e-003
3.924494e+003,5.675816e-003
3.924976e+003,5.767072e-003
3.925458e+003,5.772870e-003
3.925940e+003,5.698661e-003
3.926422e+003,5.573139e-003
3.926905e+003,5.433628e-003
3.927387e+003,5.313676e-003
3.927869e+003,5.235476e-003
3.928351e+003,5.208831e-003
3.928833e+003,5.232060e-003
3.929315e+003,5.295650e-003
3.929797e+003,5.390476e-003
3.930279e+003,5.506756e-003
3.930761e+003,5.637315e-003
3.931244e+003,5.771968e-003
3.931726e+003,5.893199e-003
3.932208e+003,5.978514e-003
3.932690e+003,6.006445e-003
3.933172e+003,5.964547e-003
3.933654e+003,5.854500e-003
3.934136e+003,5.695516e-003
3.934618e+003,5.514274e-003
3.935101e+003,5.339285e-003
3.935583e+003,5.193830e-003
3.936065e+003,5.091649e-003
3.936547e+003,5.033273e-003
3.937029e+003,5.007200e-003
3.937511e+003,4.994597e-003
3.937993e+003,4.977019e-003
3.938476e+003,4.943077e-003
3.938958e+003,4.894337e-003
3.939440e+003,4.844800e-003
3.939922e+003,4.816854e-003
3.940404e+003,4.835512e-003
3.940886e+003,4.918995e-003
3.941368e+003,5.067336e-003
3.941850e+003,5.260531e-003
3.942333e+003,5.457859e-003
3.942815e+003,5.612134e-003
3.943297e+003,5.687148e-003
3.943779e+003,5.671061e-003
3.944261e+003,5.579708e-003
3.944743e+003,5.445330e-003
3.945225e+003,5.307782e-003
3.945707e+003,5.201554e-003
3.946189e+003,5.149336e-003
3.946672e+003,5.159277e-003
3.947154e+003,5.221957e-003
3.947636e+003,5.316143e-003
3.948118e+003,5.414688e-003
3.948600e+003,5.493180e-003
3.949082e+003,5.538482e-003
3.949564e+003,5.549006e-003
3.950046e+003,5.531300e-003
3.950529e+003,5.494549e-003
3.951011e+003,5.447022e-003
3.951493e+003,5.393179e-003
3.951975e+003,5.335647e-003
3.952457e+003,5.277183e-003
3.952939e+003,5.220809e-003
3.953421e+003,5.171912e-003
3.953904e+003,5.134173e-003
3.954385e+003,5.111275e-003
3.954868e+003,5.101515e-003
3.955350e+003,5.101216e-003
3.955832e+003,5.105125e-003
3.956314e+003,5.105747e-003
3.956796e+003,5.098875e-003
3.957278e+003,5.082794e-003
3.957760e+003,5.060923e-003
3.958243e+003,5.037468e-003
3.958725e+003,5.020454e-003
3.959207e+003,5.015802e-003
3.959689e+003,5.029176e-003
3.960171e+003,5.061899e-003
3.960653e+003,5.108584e-003
3.961135e+003,5.161467e-003
3.961617e+003,5.207255e-003
3.962100e+003,5.234356e-003
3.962582e+003,5.234202e-003
3.963064e+003,5.205731e-003
3.963546e+003,5.154070e-003
3.964028e+003,5.090673e-003
3.964510e+003,5.028844e-003
3.964992e+003,4.980178e-003
3.965474e+003,4.951003e-003
3.965957e+003,4.942117e-003
3.966439e+003,4.950230e-003
3.966921e+003,4.969682e-003
3.967403e+003,4.994544e-003
3.967885e+003,5.021259e-003
3.968367e+003,5.047320e-003
3.968849e+003,5.072069e-003
3.969332e+003,5.094714e-003
3.969813e+003,5.112483e-003
3.970296e+003,5.124714e-003
3.970778e+003,5.130088e-003
3.971260e+003,5.133350e-003
3.971742e+003,5.137933e-003
3.972224e+003,5.151229e-003
3.972706e+003,5.177072e-003
3.973188e+003,5.217974e-003
3.973671e+003,5.268263e-003
3.974153e+003,5.320415e-003
3.974635e+003,5.363994e-003
3.975117e+003,5.390013e-003
3.975599e+003,5.393045e-003
3.976081e+003,5.371233e-003
3.976563e+003,5.326683e-003
3.977045e+003,5.263882e-003
3.977528e+003,5.189039e-003
3.978010e+003,5.109554e-003
3.978492e+003,5.033358e-003
3.978974e+003,4.970503e-003
3.979456e+003,4.928790e-003
3.979938e+003,4.914443e-003
3.980420e+003,4.928133e-003
3.980902e+003,4.964577e-003
3.981385e+003,5.013204e-003
3.981867e+003,5.061049e-003
3.982349e+003,5.097791e-003
3.982831e+003,5.117733e-003
3.983313e+003,5.122058e-003
3.983795e+003,5.115396e-003
3.984277e+003,5.105291e-003
3.984760e+003,5.096639e-003
3.985242e+003,5.090634e-003
3.985724e+003,5.085952e-003
3.986206e+003,5.081004e-003
3.986688e+003,5.077246e-003
3.987170e+003,5.077992e-003
3.987652e+003,5.089208e-003
3.988134e+003,5.115004e-003
3.988616e+003,5.155918e-003
3.989099e+003,5.204798e-003
3.989581e+003,5.249844e-003
3.990063e+003,5.278062e-003
3.990545e+003,5.280688e-003
3.991027e+003,5.256522e-003
3.991509e+003,5.213116e-003
3.991991e+003,5.164128e-003
3.992473e+003,5.123488e-003
3.992956e+003,5.102478e-003
3.993438e+003,5.102563e-003
3.993920e+003,5.120035e-003
3.994402e+003,5.145078e-003
3.994884e+003,5.167339e-003
3.995366e+003,5.178054e-003
3.995848e+003,5.173367e-003
3.996330e+003,5.153273e-003
3.996813e+003,5.121220e-003
3.997295e+003,5.082651e-003
3.997777e+003,5.041949e-003
3.998259e+003,5.005754e-003
3.998741e+003,4.978586e-003
3.999223e+003,4.964170e-003
3.999705e+003,4.965432e-003
4.000188e+003,4.981051e-003
