3.996813e+002,0.000000e+000
4.001635e+002,1.654448e-002
4.006456e+002,1.676584e-002
4.011277e+002,1.692363e-002
4.016098e+002,1.702589e-002
4.020919e+002,1.710080e-002
4.025741e+002,1.718372e-002
4.030562e+002,1.730530e-002
4.035383e+002,1.747791e-002
4.040204e+002,1.769520e-002
4.045026e+002,1.793474e-002
4.049847e+002,1.816432e-002
4.054668e+002,1.835184e-002
4.059489e+002,1.847735e-002
4.064311e+002,1.853902e-002
4.069132e+002,1.855467e-002
4.073953e+002,1.855107e-002
4.078774e+002,1.855519e-002
4.083596e+002,1.858641e-002
4.088417e+002,1.865614e-002
4.093238e+002,1.876837e-002
4.098059e+002,1.892113e-002
4.102881e+002,1.910455e-002
4.107702e+002,1.930291e-002
4.112523e+002,1.949489e-002
4.117344e+002,1.965919e-002
4.122166e+002,1.977755e-002
4.126987e+002,1.984050e-002
4.131808e+002,1.985313e-002
4.136629e+002,1.983783e-002
4.141451e+002,1.982816e-002
4.146272e+002,1.985802e-002
4.151093e+002,1.994717e-002
4.155914e+002,2.009847e-002
4.160736e+002,2.029711e-002
4.165557e+002,2.051431e-002
4.170378e+002,2.070904e-002
4.175200e+002,2.083462e-002
4.180021e+002,2.085463e-002
4.184842e+002,2.077534e-002
4.189663e+002,2.065932e-002
4.194484e+002,2.059226e-002
4.199306e+002,2.061845e-002
4.204127e+002,2.072864e-002
4.208948e+002,2.088176e-002
4.213770e+002,2.103782e-002
4.218591e+002,2.116628e-002
4.223412e+002,2.125123e-002
4.228233e+002,2.128665e-002
4.233055e+002,2.127765e-002
4.237876e+002,2.123740e-002
4.242697e+002,2.118634e-002
4.247518e+002,2.114977e-002
4.252339e+002,2.115264e-002
4.257161e+002,2.120983e-002
4.261982e+002,2.132276e-002
4.266803e+002,2.147714e-002
4.271624e+002,2.164976e-002
4.276446e+002,2.181345e-002
4.281267e+002,2.194484e-002
4.286088e+002,2.202898e-002
4.290909e+002,2.206479e-002
4.295731e+002,2.206404e-002
4.300552e+002,2.204660e-002
4.305373e+002,2.203166e-002
4.310194e+002,2.203123e-002
4.315016e+002,2.204725e-002
4.319837e+002,2.207560e-002
4.324658e+002,2.211099e-002
4.329479e+002,2.215440e-002
4.334301e+002,2.221242e-002
4.339122e+002,2.229527e-002
4.343943e+002,2.240948e-002
4.348764e+002,2.255471e-002
4.353586e+002,2.272062e-002
4.358407e+002,2.289013e-002
4.363228e+002,2.304566e-002
4.368049e+002,2.317817e-002
4.372870e+002,2.328990e-002
4.377692e+002,2.339339e-002
4.382513e+002,2.350233e-002
4.387334e+002,2.362640e-002
4.392155e+002,2.376691e-002
4.396977e+002,2.391856e-002
4.401798e+002,2.407282e-002
4.406619e+002,2.422306e-002
4.411440e+002,2.436728e-002
4.416262e+002,2.450917e-002
4.421083e+002,2.465344e-002
4.425904e+002,2.480301e-002
4.430725e+002,2.495438e-002
4.435547e+002,2.509989e-002
4.440368e+002,2.523227e-002
4.445189e+002,2.534960e-002
4.450010e+002,2.545662e-002
4.454832e+002,2.556161e-002
4.459653e+002,2.567038e-002
4.464474e+002,2.578221e-002
4.469295e+002,2.588762e-002
4.474117e+002,2.597288e-002
4.478938e+002,2.602731e-002
4.483759e+002,2.605190e-002
4.488580e+002,2.606011e-002
4.493401e+002,2.607458e-002
4.498223e+002,2.611644e-002
4.503044e+002,2.619840e-002
4.507865e+002,2.631924e-002
4.512687e+002,2.646392e-002
4.517508e+002,2.660716e-002
4.522329e+002,2.672407e-002
4.527150e+002,2.679914e-002
4.531971e+002,2.683409e-002
4.536793e+002,2.684311e-002
4.541614e+002,2.684534e-002
4.546435e+002,2.685560e-002
4.551257e+002,2.688255e-002
4.556078e+002,2.692930e-002
4.560899e+002,2.699770e-002
4.565720e+002,2.708913e-002
4.570542e+002,2.720458e-002
4.575363e+002,2.733987e-002
4.580184e+002,2.748426e-002
4.585005e+002,2.762092e-002
4.589827e+002,2.773424e-002
4.594648e+002,2.781528e-002
4.599469e+002,2.786503e-002
4.604290e+002,2.789271e-002
4.609112e+002,2.791131e-002
4.613933e+002,2.793206e-002
4.618754e+002,2.796119e-002
4.623575e+002,2.799853e-002
4.628397e+002,2.804006e-002
4.633218e+002,2.808150e-002
4.638039e+002,2.812410e-002
4.642860e+002,2.817457e-002
4.647682e+002,2.824336e-002
4.652503e+002,2.833831e-002
4.657324e+002,2.846146e-002
4.662145e+002,2.860546e-002
4.666967e+002,2.875503e-002
4.671788e+002,2.889223e-002
4.676609e+002,2.900361e-002
4.681430e+002,2.908532e-002
4.686252e+002,2.914434e-002
4.691073e+002,2.919226e-002
4.695894e+002,2.924040e-002
4.700715e+002,2.929415e-002
4.705536e+002,2.935453e-002
4.710358e+002,2.941995e-002
4.715179e+002,2.949047e-002
4.720000e+002,2.956825e-002
4.724821e+002,2.965608e-002
4.729643e+002,2.975266e-002
4.734464e+002,2.985078e-002
4.739285e+002,2.993988e-002
4.744106e+002,3.001125e-002
4.748928e+002,3.006341e-002
4.753749e+002,3.010465e-002
4.758570e+002,3.014983e-002
4.763391e+002,3.021499e-002
4.768213e+002,3.030938e-002
4.773034e+002,3.043098e-002
4.777855e+002,3.056639e-002
4.782676e+002,3.069693e-002
4.787498e+002,3.080742e-002
4.792319e+002,3.089456e-002
4.797140e+002,3.096731e-002
4.801961e+002,3.104210e-002
4.806783e+002,3.113266e-002
4.811604e+002,3.124237e-002
4.816425e+002,3.136148e-002
4.821246e+002,3.147139e-002
4.826068e+002,3.155367e-002
4.830889e+002,3.160115e-002
4.835710e+002,3.162283e-002
4.840531e+002,3.164120e-002
4.845352e+002,3.168041e-002
4.850174e+002,3.175432e-002
4.854995e+002,3.185987e-002
4.859816e+002,3.198054e-002
4.864637e+002,3.209634e-002
4.869459e+002,3.219502e-002
4.874280e+002,3.227777e-002
4.879101e+002,3.235772e-002
4.883922e+002,3.245088e-002
4.888744e+002,3.256798e-002
4.893565e+002,3.270692e-002
4.898386e+002,3.285324e-002
4.903207e+002,3.298595e-002
4.908029e+002,3.308734e-002
4.912850e+002,3.315132e-002
4.917671e+002,3.318644e-002
4.922492e+002,3.321084e-002
4.927314e+002,3.324377e-002
4.932135e+002,3.329701e-002
4.936956e+002,3.337308e-002
4.941777e+002,3.346765e-002
4.946599e+002,3.357594e-002
4.951420e+002,3.369570e-002
4.956241e+002,3.382817e-002
4.961062e+002,3.397358e-002
4.965884e+002,3.412703e-002
4.970705e+002,3.427687e-002
4.975526e+002,3.440716e-002
4.980347e+002,3.450410e-002
4.985169e+002,3.456379e-002
4.989990e+002,3.459418e-002
4.994811e+002,3.461314e-002
4.999633e+002,3.464071e-002
5.004454e+002,3.469181e-002
5.009275e+002,3.477032e-002
5.014096e+002,3.486833e-002
5.018917e+002,3.497082e-002
5.023739e+002,3.506478e-002
5.028560e+002,3.514570e-002
5.033381e+002,3.521838e-002
5.038203e+002,3.529105e-002
5.043024e+002,3.536848e-002
5.047845e+002,3.544743e-002
5.052666e+002,3.551890e-002
5.057487e+002,3.557274e-002
5.062309e+002,3.560596e-002
5.067130e+002,3.562578e-002
5.071951e+002,3.564925e-002
5.076772e+002,3.569467e-002
5.081594e+002,3.577378e-002
5.086415e+002,3.588587e-002
5.091236e+002,3.602004e-002
5.096057e+002,3.616087e-002
5.100879e+002,3.629648e-002
5.105700e+002,3.642272e-002
5.110521e+002,3.654309e-002
5.115342e+002,3.666377e-002
5.120164e+002,3.678799e-002
5.124985e+002,3.691149e-002
5.129806e+002,3.702393e-002
5.134627e+002,3.711347e-002
5.139448e+002,3.717373e-002
5.144270e+002,3.720722e-002
5.149091e+002,3.722563e-002
5.153912e+002,3.724442e-002
5.158734e+002,3.727639e-002
5.163555e+002,3.732641e-002
5.168376e+002,3.739074e-002
5.173197e+002,3.746158e-002
5.178019e+002,3.753390e-002
5.182840e+002,3.760976e-002
5.187661e+002,3.769774e-002
5.192482e+002,3.780609e-002
5.197303e+002,3.793668e-002
5.202125e+002,3.808128e-002
5.206946e+002,3.822461e-002
5.211767e+002,3.834981e-002
5.216588e+002,3.844652e-002
5.221410e+002,3.851443e-002
5.226231e+002,3.856224e-002
5.231052e+002,3.860255e-002
5.235873e+002,3.864648e-002
5.240695e+002,3.869924e-002
5.245516e+002,3.876113e-002
5.250337e+002,3.883015e-002
5.255159e+002,3.890793e-002
5.259980e+002,3.900068e-002
5.264801e+002,3.911725e-002
5.269622e+002,3.926245e-002
5.274443e+002,3.943210e-002
5.279265e+002,3.961252e-002
5.284086e+002,3.978488e-002
5.288907e+002,3.993216e-002
5.293728e+002,4.004661e-002
5.298550e+002,4.013148e-002
5.303371e+002,4.019980e-002
5.308192e+002,4.026680e-002
5.313013e+002,4.034280e-002
5.317834e+002,4.042802e-002
5.322656e+002,4.051410e-002
5.327477e+002,4.058938e-002
5.332299e+002,4.064786e-002
5.337120e+002,4.069259e-002
5.341941e+002,4.073576e-002
5.346762e+002,4.079184e-002
5.351583e+002,4.086953e-002
5.356404e+002,4.096696e-002
5.361226e+002,4.107203e-002
5.366047e+002,4.116866e-002
5.370868e+002,4.124541e-002
5.375690e+002,4.130077e-002
5.380511e+002,4.134383e-002
5.385332e+002,4.138771e-002
5.390153e+002,4.144264e-002
5.394974e+002,4.150978e-002
5.399796e+002,4.158165e-002
5.404617e+002,4.164716e-002
5.409438e+002,4.169923e-002
5.414260e+002,4.173929e-002
5.419081e+002,4.177794e-002
5.423902e+002,4.182877e-002
5.428723e+002,4.190148e-002
5.433544e+002,4.199606e-002
5.438365e+002,4.210285e-002
5.443187e+002,4.220746e-002
5.448008e+002,4.229797e-002
5.452830e+002,4.237096e-002
5.457651e+002,4.243313e-002
5.462472e+002,4.249569e-002
5.467293e+002,4.256811e-002
5.472114e+002,4.265141e-002
5.476936e+002,4.273783e-002
5.481757e+002,4.281535e-002
5.486578e+002,4.287528e-002
5.491400e+002,4.291727e-002
5.496221e+002,4.295046e-002
5.501042e+002,4.298861e-002
5.505863e+002,4.304321e-002
5.510684e+002,4.311810e-002
5.515505e+002,4.320813e-002
5.520327e+002,4.330305e-002
5.525148e+002,4.339373e-002
5.529969e+002,4.347637e-002
5.534791e+002,4.355338e-002
5.539612e+002,4.363013e-002
5.544433e+002,4.370982e-002
5.549254e+002,4.379031e-002
5.554076e+002,4.386453e-002
5.558896e+002,4.392437e-002
5.563718e+002,4.396694e-002
5.568539e+002,4.399612e-002
5.573361e+002,4.402173e-002
5.578182e+002,4.405349e-002
5.583003e+002,4.409498e-002
5.587825e+002,4.414079e-002
5.592645e+002,4.417872e-002
5.597467e+002,4.419651e-002
5.602288e+002,4.418936e-002
5.607109e+002,4.416415e-002
5.611931e+002,4.413776e-002
5.616752e+002,4.412962e-002
5.621573e+002,4.415351e-002
5.626394e+002,4.421134e-002
5.631216e+002,4.429280e-002
5.636037e+002,4.438117e-002
5.640858e+002,4.446107e-002
5.645679e+002,4.452492e-002
5.650500e+002,4.457505e-002
5.655322e+002,4.461906e-002
5.660143e+002,4.466462e-002
5.664965e+002,4.471412e-002
5.669785e+002,4.476417e-002
5.674607e+002,4.480828e-002
5.679428e+002,4.484332e-002
5.684249e+002,4.487278e-002
5.689070e+002,4.490624e-002
5.693892e+002,4.495394e-002
5.698713e+002,4.502084e-002
5.703534e+002,4.510282e-002
5.708356e+002,4.518804e-002
5.713177e+002,4.526254e-002
5.717998e+002,4.531788e-002
5.722819e+002,4.535495e-002
5.727640e+002,4.538371e-002
5.732462e+002,4.541682e-002
5.737283e+002,4.546332e-002
5.742104e+002,4.552262e-002
5.746925e+002,4.558449e-002
5.751747e+002,4.563357e-002
5.756568e+002,4.565766e-002
5.761389e+002,4.565409e-002
5.766210e+002,4.563218e-002
5.771031e+002,4.560776e-002
5.775853e+002,4.559617e-002
5.780674e+002,4.560542e-002
5.785496e+002,4.563477e-002
5.790317e+002,4.567788e-002
5.795138e+002,4.572716e-002
5.799959e+002,4.577839e-002
5.804780e+002,4.583118e-002
5.809601e+002,4.588641e-002
5.814423e+002,4.594284e-002
5.819244e+002,4.599473e-002
5.824066e+002,4.603360e-002
5.828887e+002,4.605239e-002
5.833708e+002,4.605107e-002
5.838529e+002,4.603884e-002
5.843350e+002,4.603143e-002
5.848171e+002,4.604518e-002
5.852993e+002,4.608912e-002
5.857814e+002,4.616102e-002
5.862635e+002,4.624794e-002
5.867457e+002,4.633206e-002
5.872278e+002,4.639990e-002
5.877099e+002,4.644658e-002
5.881920e+002,4.647728e-002
5.886741e+002,4.650269e-002
5.891563e+002,4.653257e-002
5.896384e+002,4.657070e-002
5.901205e+002,4.661349e-002
5.906027e+002,4.665313e-002
5.910848e+002,4.668337e-002
5.915669e+002,4.670373e-002
5.920490e+002,4.672066e-002
5.925311e+002,4.674322e-002
5.930133e+002,4.677790e-002
5.934954e+002,4.682435e-002
5.939775e+002,4.687617e-002
5.944597e+002,4.692484e-002
5.949418e+002,4.696548e-002
5.954239e+002,4.699962e-002
5.959060e+002,4.703510e-002
5.963882e+002,4.708145e-002
5.968702e+002,4.714474e-002
5.973524e+002,4.722399e-002
5.978345e+002,4.731190e-002
5.983167e+002,4.739861e-002
5.987988e+002,4.747709e-002
5.992809e+002,4.754620e-002
5.997630e+002,4.761086e-002
6.002451e+002,4.767731e-002
6.007273e+002,4.774843e-002
6.012094e+002,4.782083e-002
6.016915e+002,4.788639e-002
6.021736e+002,4.793680e-002
6.026558e+002,4.796933e-002
6.031379e+002,4.798915e-002
6.036200e+002,4.800789e-002
6.041022e+002,4.803771e-002
6.045842e+002,4.808567e-002
6.050664e+002,4.814989e-002
6.055485e+002,4.822069e-002
6.060306e+002,4.828557e-002
6.065128e+002,4.833581e-002
6.069949e+002,4.837041e-002
6.074770e+002,4.839548e-002
6.079591e+002,4.841963e-002
6.084413e+002,4.844893e-002
6.089234e+002,4.848273e-002
6.094055e+002,4.851515e-002
6.098876e+002,4.853943e-002
6.103698e+002,4.855345e-002
6.108519e+002,4.856222e-002
6.113340e+002,4.857630e-002
6.118162e+002,4.860607e-002
6.122983e+002,4.865534e-002
6.127804e+002,4.871865e-002
6.132625e+002,4.878270e-002
6.137446e+002,4.883281e-002
6.142267e+002,4.886026e-002
6.147089e+002,4.886736e-002
6.151910e+002,4.886612e-002
6.156731e+002,4.887344e-002
6.161553e+002,4.890298e-002
6.166374e+002,4.895930e-002
6.171195e+002,4.903708e-002
6.176016e+002,4.912407e-002
6.180837e+002,4.920876e-002
6.185659e+002,4.928501e-002
6.190480e+002,4.935340e-002
6.195302e+002,4.941807e-002
6.200123e+002,4.948236e-002
6.204944e+002,4.954553e-002
6.209765e+002,4.960240e-002
6.214586e+002,4.964748e-002
6.219407e+002,4.967934e-002
6.224229e+002,4.970206e-002
6.229050e+002,4.972463e-002
6.233871e+002,4.975513e-002
6.238693e+002,4.979633e-002
6.243514e+002,4.984232e-002
6.248335e+002,4.988088e-002
6.253156e+002,4.989931e-002
6.257977e+002,4.989152e-002
6.262798e+002,4.986208e-002
6.267620e+002,4.982447e-002
6.272441e+002,4.979452e-002
6.277263e+002,4.978322e-002
6.282084e+002,4.979209e-002
6.286905e+002,4.981362e-002
6.291726e+002,4.983618e-002
6.296547e+002,4.985101e-002
6.301368e+002,4.985610e-002
6.306190e+002,4.985698e-002
6.311011e+002,4.986185e-002
6.315833e+002,4.987620e-002
6.320654e+002,4.989824e-002
6.325475e+002,4.991960e-002
6.330296e+002,4.992926e-002
6.335117e+002,4.992075e-002
6.339939e+002,4.989579e-002
6.344760e+002,4.986482e-002
6.349581e+002,4.984151e-002
6.354402e+002,4.983663e-002
6.359224e+002,4.985271e-002
6.364045e+002,4.988400e-002
6.368866e+002,4.992040e-002
6.373687e+002,4.995415e-002
6.378508e+002,4.998358e-002
6.383330e+002,5.001384e-002
6.388151e+002,5.005229e-002
6.392972e+002,5.010340e-002
6.397794e+002,5.016461e-002
6.402615e+002,5.022703e-002
6.407436e+002,5.027968e-002
6.412257e+002,5.031593e-002
6.417079e+002,5.033757e-002
6.421899e+002,5.035456e-002
6.426721e+002,5.037956e-002
6.431542e+002,5.042182e-002
6.436364e+002,5.048158e-002
6.441185e+002,5.055051e-002
6.446006e+002,5.061533e-002
6.450827e+002,5.066508e-002
6.455648e+002,5.069637e-002
6.460470e+002,5.071436e-002
6.465291e+002,5.072924e-002
6.470112e+002,5.075064e-002
6.474933e+002,5.078285e-002
6.479755e+002,5.082401e-002
6.484576e+002,5.086871e-002
6.489397e+002,5.091357e-002
6.494219e+002,5.095990e-002
6.499040e+002,5.101413e-002
6.503861e+002,5.108282e-002
6.508682e+002,5.116789e-002
6.513503e+002,5.126335e-002
6.518325e+002,5.135616e-002
6.523146e+002,5.143233e-002
6.527968e+002,5.148359e-002
6.532788e+002,5.151167e-002
6.537610e+002,5.152788e-002
6.542431e+002,5.154730e-002
6.547252e+002,5.158180e-002
6.552073e+002,5.163447e-002
6.556895e+002,5.169905e-002
6.561716e+002,5.176383e-002
6.566537e+002,5.181922e-002
6.571359e+002,5.186209e-002
6.576179e+002,5.189703e-002
6.581001e+002,5.193238e-002
6.585822e+002,5.197448e-002
6.590643e+002,5.202337e-002
6.595464e+002,5.207211e-002
6.600286e+002,5.211117e-002
6.605107e+002,5.213407e-002
6.609928e+002,5.214143e-002
6.614750e+002,5.214074e-002
6.619571e+002,5.214176e-002
6.624392e+002,5.215164e-002
6.629213e+002,5.217040e-002
6.634034e+002,5.219154e-002
6.638856e+002,5.220617e-002
6.643677e+002,5.220842e-002
6.648499e+002,5.219779e-002
6.653320e+002,5.217953e-002
6.658141e+002,5.216091e-002
6.662962e+002,5.214772e-002
6.667783e+002,5.213974e-002
6.672605e+002,5.212981e-002
6.677426e+002,5.210722e-002
6.682247e+002,5.206956e-002
6.687068e+002,5.202914e-002
6.691890e+002,5.200648e-002
6.696711e+002,5.201421e-002
6.701532e+002,5.205128e-002
6.706353e+002,5.210631e-002
6.711174e+002,5.216465e-002
6.715996e+002,5.221327e-002
6.720817e+002,5.224507e-002
6.725638e+002,5.226040e-002
6.730460e+002,5.226666e-002
6.735281e+002,5.227430e-002
6.740102e+002,5.229030e-002
6.744923e+002,5.231451e-002
6.749745e+002,5.233983e-002
6.754565e+002,5.235662e-002
6.759387e+002,5.235903e-002
6.764208e+002,5.234904e-002
6.769030e+002,5.233560e-002
6.773851e+002,5.232973e-002
6.778672e+002,5.233787e-002
6.783493e+002,5.235780e-002
6.788314e+002,5.237949e-002
6.793136e+002,5.239039e-002
6.797957e+002,5.238238e-002
6.802778e+002,5.235605e-002
6.807599e+002,5.232052e-002
6.812421e+002,5.228821e-002
6.817242e+002,5.226769e-002
6.822063e+002,5.226051e-002
6.826885e+002,5.226113e-002
6.831705e+002,5.226203e-002
6.836527e+002,5.225999e-002
6.841348e+002,5.225871e-002
6.846169e+002,5.226809e-002
6.850991e+002,5.229811e-002
6.855812e+002,5.235232e-002
6.860634e+002,5.242523e-002
6.865454e+002,5.250396e-002
6.870276e+002,5.257466e-002
6.875096e+002,5.262941e-002
6.879918e+002,5.267024e-002
6.884739e+002,5.270793e-002
6.889561e+002,5.275508e-002
6.894382e+002,5.281904e-002
6.899203e+002,5.289716e-002
6.904025e+002,5.297906e-002
6.908845e+002,5.305335e-002
6.913667e+002,5.311529e-002
6.918488e+002,5.317091e-002
6.923309e+002,5.323556e-002
6.928130e+002,5.332622e-002
6.932952e+002,5.345355e-002
6.937773e+002,5.361657e-002
6.942594e+002,5.380356e-002
6.947416e+002,5.399873e-002
6.952236e+002,5.419099e-002
6.957058e+002,5.437932e-002
6.961879e+002,5.457298e-002
6.966700e+002,5.478476e-002
6.971522e+002,5.502307e-002
6.976343e+002,5.528586e-002
6.981165e+002,5.556100e-002
6.985985e+002,5.583214e-002
6.990807e+002,5.608787e-002
6.995628e+002,5.632731e-002
7.000449e+002,5.656066e-002
7.005270e+002,5.680243e-002
7.010092e+002,5.706318e-002
7.014913e+002,5.734229e-002
7.019734e+002,5.762877e-002
7.024556e+002,5.790666e-002
7.029377e+002,5.816494e-002
7.034198e+002,5.840461e-002
7.039019e+002,5.863969e-002
7.043840e+002,5.889091e-002
7.048662e+002,5.917642e-002
7.053483e+002,5.950398e-002
7.058304e+002,5.987083e-002
7.063125e+002,6.026906e-002
7.067947e+002,6.069698e-002
7.072768e+002,6.116515e-002
7.077589e+002,6.169736e-002
7.082410e+002,6.232345e-002
7.087231e+002,6.306911e-002
7.092053e+002,6.394841e-002
7.096874e+002,6.496450e-002
7.101696e+002,6.611871e-002
7.106517e+002,6.742413e-002
7.111338e+002,6.891607e-002
7.116159e+002,7.065489e-002
7.120980e+002,7.271703e-002
7.125802e+002,7.518028e-002
7.130623e+002,7.810824e-002
7.135444e+002,8.154178e-002
7.140265e+002,8.549832e-002
7.145087e+002,8.997754e-002
7.149908e+002,9.496306e-002
7.154729e+002,1.004155e-001
7.159550e+002,1.062477e-001
7.164371e+002,1.122884e-001
7.169193e+002,1.182447e-001
7.174014e+002,1.236843e-001
7.178835e+002,1.280641e-001
7.183657e+002,1.308170e-001
7.188478e+002,1.314919e-001
7.193299e+002,1.298961e-001
7.198120e+002,1.261778e-001
7.202942e+002,1.207979e-001
7.207762e+002,1.144077e-001
7.212584e+002,1.076890e-001
7.217405e+002,1.012213e-001
7.222227e+002,9.540869e-002
7.227048e+002,9.046796e-002
7.231869e+002,8.645805e-002
7.236691e+002,8.333228e-002
7.241511e+002,8.099474e-002
7.246333e+002,7.934862e-002
7.251154e+002,7.832919e-002
7.255975e+002,7.791565e-002
7.260797e+002,7.812193e-002
7.265618e+002,7.896886e-002
7.270439e+002,8.044320e-002
7.275260e+002,8.245572e-002
7.280082e+002,8.480918e-002
7.284902e+002,8.718922e-002
7.289724e+002,8.918895e-002
7.294545e+002,9.037237e-002
7.299366e+002,9.036971e-002
7.304188e+002,8.897590e-002
7.309009e+002,8.621425e-002
7.313831e+002,8.233363e-002
7.318651e+002,7.774165e-002
7.323473e+002,7.290176e-002
7.328293e+002,6.823655e-002
7.333115e+002,6.405959e-002
7.337936e+002,6.054738e-002
7.342758e+002,5.774440e-002
7.347579e+002,5.559364e-002
7.352400e+002,5.397939e-002
7.357222e+002,5.277050e-002
7.362042e+002,5.185105e-002
7.366864e+002,5.113588e-002
7.371685e+002,5.056893e-002
7.376506e+002,5.011551e-002
7.381328e+002,4.975119e-002
7.386149e+002,4.945495e-002
7.390970e+002,4.920747e-002
7.395791e+002,4.899346e-002
7.400613e+002,4.880263e-002
7.405434e+002,4.863033e-002
7.410255e+002,4.847448e-002
7.415076e+002,4.833303e-002
7.419897e+002,4.820061e-002
7.424719e+002,4.806978e-002
7.429540e+002,4.793262e-002
7.434362e+002,4.778484e-002
7.439182e+002,4.762714e-002
7.444004e+002,4.746541e-002
7.448825e+002,4.730778e-002
7.453646e+002,4.716128e-002
7.458467e+002,4.702849e-002
7.463289e+002,4.690673e-002
7.468110e+002,4.678937e-002
7.472931e+002,4.666867e-002
7.477753e+002,4.653884e-002
7.482574e+002,4.639743e-002
7.487395e+002,4.624573e-002
7.492216e+002,4.608722e-002
7.497037e+002,4.592574e-002
7.501859e+002,4.576413e-002
7.506680e+002,4.560426e-002
7.511501e+002,4.544682e-002
7.516322e+002,4.529291e-002
7.521144e+002,4.514392e-002
7.525965e+002,4.500109e-002
7.530786e+002,4.486479e-002
7.535608e+002,4.473328e-002
7.540428e+002,4.460267e-002
7.545250e+002,4.446746e-002
7.550071e+002,4.432321e-002
7.554893e+002,4.416706e-002
7.559714e+002,4.400000e-002
7.564535e+002,4.382545e-002
7.569356e+002,4.364915e-002
7.574177e+002,4.347591e-002
7.578999e+002,4.330895e-002
7.583820e+002,4.314886e-002
7.588641e+002,4.299483e-002
7.593463e+002,4.284589e-002
7.598284e+002,4.270215e-002
7.603105e+002,4.256465e-002
7.607926e+002,4.243530e-002
7.612748e+002,4.231460e-002
7.617568e+002,4.220134e-002
7.622390e+002,4.209156e-002
7.627211e+002,4.198084e-002
7.632032e+002,4.186556e-002
7.636854e+002,4.174479e-002
7.641675e+002,4.162039e-002
7.646496e+002,4.149624e-002
7.651317e+002,4.137597e-002
7.656139e+002,4.126150e-002
7.660959e+002,4.115207e-002
7.665781e+002,4.104529e-002
7.670602e+002,4.093878e-002
7.675424e+002,4.083215e-002
7.680245e+002,4.072700e-002
7.685066e+002,4.062649e-002
7.689888e+002,4.053296e-002
7.694708e+002,4.044551e-002
7.699530e+002,4.035997e-002
7.704351e+002,4.026975e-002
7.709172e+002,4.016888e-002
7.713994e+002,4.005498e-002
7.718815e+002,3.992990e-002
7.723636e+002,3.980070e-002
7.728457e+002,3.967588e-002
7.733279e+002,3.956252e-002
7.738099e+002,3.946399e-002
7.742921e+002,3.937923e-002
7.747742e+002,3.930463e-002
7.752563e+002,3.923611e-002
7.757385e+002,3.917138e-002
7.762206e+002,3.911031e-002
7.767028e+002,3.905400e-002
7.771848e+002,3.900300e-002
7.776670e+002,3.895579e-002
7.781491e+002,3.890881e-002
7.786312e+002,3.885840e-002
7.791133e+002,3.880216e-002
7.795955e+002,3.874052e-002
7.800776e+002,3.867668e-002
7.805597e+002,3.861463e-002
7.810419e+002,3.855706e-002
7.815239e+002,3.850372e-002
7.820061e+002,3.845138e-002
7.824882e+002,3.839540e-002
7.829703e+002,3.833253e-002
7.834525e+002,3.826192e-002
7.839346e+002,3.818614e-002
7.844167e+002,3.810948e-002
7.848988e+002,3.803565e-002
7.853810e+002,3.796633e-002
7.858631e+002,3.790023e-002
7.863452e+002,3.783473e-002
7.868273e+002,3.776742e-002
7.873094e+002,3.769664e-002
7.877916e+002,3.762303e-002
7.882737e+002,3.754706e-002
7.887559e+002,3.746875e-002
7.892380e+002,3.738600e-002
7.897201e+002,3.729605e-002
7.902022e+002,3.719702e-002
7.906843e+002,3.708991e-002
7.911665e+002,3.697900e-002
7.916486e+002,3.687136e-002
7.921307e+002,3.677309e-002
7.926128e+002,3.668708e-002
7.930950e+002,3.661104e-002
7.935771e+002,3.653862e-002
7.940592e+002,3.646236e-002
7.945413e+002,3.637774e-002
7.950234e+002,3.628521e-002
7.955056e+002,3.619032e-002
7.959877e+002,3.610128e-002
7.964698e+002,3.602466e-002
7.969520e+002,3.596278e-002
7.974341e+002,3.591270e-002
7.979162e+002,3.586812e-002
7.983983e+002,3.582273e-002
7.988805e+002,3.577280e-002
7.993625e+002,3.571870e-002
7.998447e+002,3.566356e-002
8.003268e+002,3.561048e-002
8.008090e+002,3.556063e-002
8.012911e+002,3.551228e-002
8.017732e+002,3.546196e-002
8.022553e+002,3.540686e-002
8.027374e+002,3.534573e-002
8.032196e+002,3.528021e-002
8.037017e+002,3.521326e-002
8.041838e+002,3.514680e-002
8.046660e+002,3.508064e-002
8.051481e+002,3.501271e-002
8.056302e+002,3.494064e-002
8.061123e+002,3.486357e-002
8.065945e+002,3.478385e-002
8.070765e+002,3.470584e-002
8.075587e+002,3.463343e-002
8.080408e+002,3.456797e-002
8.085229e+002,3.450627e-002
8.090051e+002,3.444246e-002
8.094872e+002,3.437055e-002
8.099694e+002,3.428789e-002
8.104514e+002,3.419728e-002
8.109336e+002,3.410577e-002
8.114156e+002,3.402156e-002
8.118978e+002,3.394993e-002
8.123799e+002,3.389047e-002
8.128621e+002,3.383767e-002
8.133442e+002,3.378324e-002
8.138263e+002,3.372105e-002
8.143085e+002,3.364939e-002
8.147905e+002,3.357228e-002
8.152727e+002,3.349625e-002
8.157548e+002,3.342718e-002
8.162369e+002,3.336675e-002
8.167191e+002,3.331255e-002
8.172012e+002,3.325903e-002
8.176833e+002,3.320159e-002
8.181654e+002,3.313894e-002
8.186476e+002,3.307351e-002
8.191296e+002,3.300928e-002
8.196118e+002,3.294963e-002
8.200939e+002,3.289448e-002
8.205760e+002,3.284044e-002
8.210582e+002,3.278319e-002
8.215403e+002,3.272065e-002
8.220225e+002,3.265362e-002
8.225045e+002,3.258710e-002
8.229867e+002,3.252640e-002
8.234688e+002,3.247444e-002
8.239509e+002,3.242931e-002
8.244330e+002,3.238552e-002
8.249152e+002,3.233644e-002
8.253973e+002,3.227865e-002
8.258794e+002,3.221342e-002
8.263616e+002,3.214714e-002
8.268437e+002,3.208696e-002
8.273258e+002,3.203708e-002
8.278079e+002,3.199600e-002
8.282900e+002,3.195698e-002
8.287722e+002,3.191107e-002
8.292543e+002,3.185197e-002
8.297365e+002,3.177915e-002
8.302185e+002,3.169806e-002
8.307007e+002,3.161710e-002
8.311828e+002,3.154296e-002
8.316649e+002,3.147743e-002
8.321470e+002,3.141625e-002
8.326292e+002,3.135219e-002
8.331113e+002,3.127899e-002
8.335934e+002,3.119423e-002
8.340756e+002,3.110139e-002
8.345577e+002,3.100593e-002
8.350398e+002,3.091292e-002
8.355219e+002,3.082337e-002
8.360040e+002,3.073324e-002
8.364862e+002,3.063711e-002
8.369683e+002,3.053030e-002
8.374504e+002,3.041280e-002
8.379325e+002,3.028982e-002
8.384147e+002,3.016908e-002
8.388968e+002,3.005739e-002
8.393789e+002,2.995735e-002
8.398610e+002,2.986669e-002
8.403431e+002,2.978001e-002
8.408253e+002,2.969227e-002
8.413074e+002,2.960131e-002
8.417896e+002,2.950814e-002
8.422717e+002,2.941548e-002
8.427538e+002,2.932533e-002
8.432359e+002,2.923647e-002
8.437180e+002,2.914626e-002
8.442002e+002,2.905114e-002
8.446823e+002,2.895135e-002
8.451644e+002,2.885099e-002
8.456465e+002,2.875734e-002
8.461287e+002,2.867721e-002
8.466108e+002,2.861361e-002
8.470929e+002,2.856350e-002
8.475751e+002,2.851927e-002
8.480571e+002,2.847259e-002
8.485393e+002,2.841792e-002
8.490214e+002,2.835535e-002
8.495035e+002,2.828932e-002
8.499857e+002,2.822492e-002
8.504678e+002,2.816392e-002
8.509499e+002,2.810270e-002
8.514320e+002,2.803303e-002
8.519142e+002,2.794651e-002
8.523962e+002,2.783920e-002
8.528784e+002,2.771367e-002
8.533605e+002,2.757874e-002
8.538427e+002,2.744533e-002
8.543248e+002,2.732118e-002
8.548069e+002,2.720771e-002
8.552891e+002,2.710034e-002
8.557711e+002,2.699259e-002
8.562533e+002,2.687976e-002
8.567354e+002,2.676245e-002
8.572175e+002,2.664644e-002
8.576996e+002,2.653815e-002
8.581818e+002,2.644117e-002
8.586639e+002,2.635308e-002
8.591460e+002,2.626634e-002
8.596282e+002,2.617276e-002
8.601102e+002,2.606824e-002
8.605924e+002,2.595519e-002
8.610745e+002,2.584213e-002
8.615566e+002,2.573949e-002
8.620388e+002,2.565401e-002
8.625209e+002,2.558549e-002
8.630031e+002,2.552778e-002
8.634851e+002,2.547219e-002
8.639673e+002,2.541295e-002
8.644494e+002,2.535051e-002
8.649315e+002,2.529077e-002
8.654136e+002,2.524190e-002
8.658958e+002,2.520881e-002
8.663779e+002,2.519000e-002
8.668600e+002,2.517849e-002
8.673422e+002,2.516513e-002
8.678242e+002,2.514370e-002
8.683064e+002,2.511382e-002
8.687885e+002,2.508093e-002
8.692706e+002,2.505224e-002
8.697527e+002,2.503288e-002
8.702349e+002,2.502214e-002
8.707170e+002,2.501499e-002
8.711991e+002,2.500497e-002
8.716813e+002,2.498897e-002
8.721634e+002,2.496986e-002
8.726455e+002,2.495488e-002
8.731276e+002,2.495219e-002
8.736097e+002,2.496576e-002
8.740919e+002,2.499237e-002
8.745740e+002,2.502345e-002
8.750562e+002,2.504877e-002
8.755382e+002,2.506157e-002
8.760204e+002,2.506146e-002
8.765025e+002,2.505363e-002
8.769846e+002,2.504476e-002
8.774668e+002,2.503816e-002
8.779489e+002,2.503128e-002
8.784310e+002,2.501673e-002
8.789131e+002,2.498636e-002
8.793953e+002,2.493686e-002
8.798774e+002,2.487218e-002
8.803595e+002,2.480275e-002
8.808416e+002,2.474095e-002
8.813237e+002,2.469527e-002
8.818059e+002,2.466675e-002
8.822880e+002,2.464952e-002
8.827701e+002,2.463491e-002
8.832523e+002,2.461694e-002
8.837344e+002,2.459501e-002
8.842165e+002,2.457479e-002
8.846986e+002,2.456313e-002
8.851808e+002,2.456385e-002
8.856628e+002,2.457451e-002
8.861450e+002,2.458654e-002
8.866271e+002,2.458930e-002
8.871093e+002,2.457545e-002
8.875914e+002,2.454360e-002
8.880735e+002,2.449880e-002
8.885556e+002,2.444861e-002
8.890377e+002,2.439888e-002
8.895199e+002,2.435040e-002
8.900020e+002,2.429928e-002
8.904841e+002,2.424046e-002
8.909662e+002,2.417178e-002
8.914484e+002,2.409652e-002
8.919305e+002,2.402295e-002
8.924126e+002,2.396006e-002
8.928948e+002,2.391299e-002
8.933768e+002,2.388073e-002
8.938590e+002,2.385641e-002
8.943411e+002,2.383210e-002
8.948232e+002,2.380224e-002
8.953054e+002,2.376712e-002
8.957875e+002,2.373187e-002
8.962697e+002,2.370269e-002
8.967517e+002,2.368280e-002
8.972339e+002,2.366987e-002
8.977159e+002,2.365803e-002
8.981981e+002,2.364152e-002
8.986802e+002,2.361903e-002
8.991624e+002,2.359509e-002
8.996445e+002,2.357886e-002
9.001266e+002,2.357869e-002
9.006088e+002,2.359780e-002
9.010908e+002,2.363164e-002
9.015730e+002,2.367038e-002
9.020551e+002,2.370434e-002
9.025372e+002,2.372888e-002
9.030193e+002,2.374757e-002
9.035015e+002,2.377002e-002
9.039836e+002,2.380663e-002
9.044657e+002,2.386273e-002
9.049479e+002,2.393478e-002
9.054299e+002,2.401252e-002
9.059121e+002,2.408315e-002
9.063942e+002,2.413818e-002
9.068763e+002,2.417550e-002
9.073585e+002,2.420008e-002
9.078406e+002,2.421867e-002
9.083228e+002,2.423460e-002
9.088048e+002,2.424468e-002
9.092870e+002,2.424015e-002
9.097691e+002,2.421168e-002
9.102512e+002,2.415513e-002
9.107333e+002,2.407475e-002
9.112155e+002,2.398287e-002
9.116976e+002,2.389435e-002
9.121797e+002,2.382072e-002
9.126619e+002,2.376543e-002
9.131440e+002,2.372453e-002
9.136261e+002,2.369061e-002
9.141082e+002,2.365824e-002
9.145903e+002,2.362843e-002
9.150724e+002,2.360819e-002
9.155546e+002,2.360640e-002
9.160367e+002,2.362853e-002
9.165189e+002,2.367232e-002
9.170010e+002,2.372860e-002
9.174831e+002,2.378477e-002
9.179652e+002,2.383091e-002
9.184473e+002,2.386387e-002
9.189294e+002,2.388735e-002
9.194116e+002,2.390878e-002
9.198937e+002,2.393416e-002
9.203759e+002,2.396397e-002
9.208580e+002,2.399330e-002
9.213401e+002,2.401455e-002
9.218222e+002,2.402246e-002
9.223043e+002,2.401749e-002
9.227864e+002,2.400625e-002
9.232686e+002,2.399798e-002
9.237507e+002,2.400034e-002
9.242328e+002,2.401491e-002
9.247150e+002,2.403768e-002
9.251971e+002,2.406131e-002
9.256792e+002,2.407952e-002
9.261613e+002,2.409001e-002
9.266434e+002,2.409535e-002
9.271255e+002,2.409969e-002
9.276077e+002,2.410642e-002
9.280898e+002,2.411496e-002
9.285720e+002,2.412168e-002
9.290541e+002,2.412235e-002
9.295362e+002,2.411576e-002
9.300183e+002,2.410505e-002
9.305004e+002,2.409673e-002
9.309826e+002,2.409631e-002
9.314647e+002,2.410552e-002
9.319468e+002,2.411924e-002
9.324290e+002,2.412827e-002
9.329111e+002,2.412362e-002
9.333932e+002,2.410126e-002
9.338753e+002,2.406416e-002
9.343574e+002,2.402173e-002
9.348396e+002,2.398430e-002
9.353217e+002,2.395785e-002
9.358038e+002,2.394135e-002
9.362859e+002,2.392726e-002
9.367681e+002,2.390585e-002
9.372502e+002,2.387103e-002
9.377323e+002,2.382351e-002
9.382144e+002,2.377053e-002
9.386966e+002,2.372202e-002
9.391787e+002,2.368536e-002
9.396608e+002,2.366142e-002
9.401429e+002,2.364531e-002
9.406251e+002,2.362919e-002
9.411072e+002,2.360761e-002
9.415893e+002,2.358007e-002
9.420714e+002,2.355226e-002
9.425536e+002,2.353121e-002
9.430357e+002,2.352216e-002
9.435178e+002,2.352515e-002
9.439999e+002,2.353545e-002
9.444821e+002,2.354634e-002
9.449642e+002,2.355395e-002
9.454463e+002,2.355880e-002
9.459284e+002,2.356574e-002
9.464106e+002,2.358021e-002
9.468927e+002,2.360434e-002
9.473748e+002,2.363448e-002
9.478569e+002,2.366314e-002
9.483391e+002,2.368234e-002
9.488212e+002,2.368855e-002
9.493033e+002,2.368492e-002
9.497855e+002,2.368059e-002
9.502676e+002,2.368551e-002
9.507497e+002,2.370581e-002
9.512318e+002,2.374043e-002
9.517139e+002,2.378201e-002
9.521960e+002,2.382093e-002
9.526782e+002,2.385055e-002
9.531603e+002,2.387034e-002
9.536425e+002,2.388647e-002
9.541246e+002,2.390759e-002
9.546067e+002,2.394068e-002
9.550888e+002,2.398721e-002
9.555709e+002,2.404339e-002
9.560530e+002,2.410312e-002
9.565352e+002,2.416197e-002
9.570173e+002,2.422003e-002
9.574995e+002,2.428214e-002
9.579816e+002,2.435474e-002
9.584637e+002,2.444257e-002
9.589458e+002,2.454565e-002
9.594279e+002,2.466031e-002
9.599100e+002,2.478256e-002
9.603922e+002,2.491051e-002
9.608743e+002,2.504693e-002
9.613564e+002,2.519844e-002
9.618386e+002,2.537137e-002
9.623207e+002,2.556848e-002
9.628028e+002,2.578699e-002
9.632849e+002,2.601981e-002
9.637670e+002,2.625942e-002
9.642491e+002,2.650241e-002
9.647313e+002,2.675148e-002
9.652134e+002,2.701453e-002
9.656956e+002,2.730114e-002
9.661777e+002,2.761760e-002
9.666598e+002,2.796497e-002
9.671419e+002,2.833845e-002
9.676240e+002,2.873134e-002
9.681061e+002,2.913829e-002
9.685883e+002,2.955767e-002
9.690704e+002,2.999170e-002
9.695526e+002,3.044297e-002
9.700347e+002,3.091135e-002
9.705168e+002,3.139214e-002
9.709989e+002,3.187675e-002
9.714810e+002,3.235539e-002
9.719631e+002,3.282097e-002
9.724453e+002,3.327086e-002
9.729274e+002,3.370689e-002
9.734095e+002,3.413179e-002
9.738917e+002,3.454620e-002
9.743738e+002,3.494593e-002
9.748559e+002,3.532236e-002
9.753380e+002,3.566500e-002
9.758201e+002,3.596537e-002
9.763023e+002,3.621960e-002
9.767844e+002,3.642888e-002
9.772665e+002,3.659730e-002
9.777487e+002,3.672872e-002
9.782308e+002,3.682385e-002
9.787129e+002,3.688002e-002
9.791950e+002,3.689292e-002
9.796771e+002,3.685969e-002
9.801593e+002,3.678065e-002
9.806414e+002,3.666040e-002
9.811235e+002,3.650502e-002
9.816057e+002,3.631916e-002
9.820878e+002,3.610415e-002
9.825699e+002,3.585763e-002
9.830520e+002,3.557632e-002
9.835342e+002,3.525967e-002
9.840163e+002,3.491207e-002
9.844984e+002,3.454370e-002
9.849805e+002,3.416652e-002
9.854626e+002,3.379141e-002
9.859448e+002,3.342440e-002
9.864269e+002,3.306605e-002
9.869090e+002,3.271369e-002
9.873912e+002,3.236545e-002
9.878733e+002,3.202218e-002
9.883554e+002,3.168851e-002
9.888375e+002,3.136969e-002
9.893196e+002,3.106882e-002
9.898018e+002,3.078443e-002
9.902839e+002,3.051059e-002
9.907660e+002,3.024047e-002
9.912482e+002,2.996973e-002
9.917303e+002,2.969975e-002
9.922124e+002,2.943697e-002
9.926945e+002,2.918962e-002
9.931766e+002,2.896399e-002
9.936588e+002,2.876078e-002
9.941409e+002,2.857556e-002
9.946230e+002,2.840155e-002
9.951052e+002,2.823361e-002
9.955873e+002,2.807179e-002
9.960694e+002,2.792042e-002
9.965515e+002,2.778596e-002
9.970336e+002,2.767239e-002
9.975157e+002,2.757927e-002
9.979979e+002,2.750063e-002
9.984800e+002,2.742883e-002
9.989622e+002,2.735834e-002
9.994443e+002,2.728803e-002
9.999264e+002,2.722206e-002
1.000409e+003,2.716641e-002
1.000891e+003,2.712503e-002
1.001373e+003,2.709770e-002
1.001855e+003,2.707973e-002
1.002337e+003,2.706526e-002
1.002819e+003,2.705060e-002
1.003301e+003,2.703683e-002
1.003783e+003,2.702969e-002
1.004266e+003,2.703640e-002
1.004748e+003,2.706099e-002
1.005230e+003,2.710297e-002
1.005712e+003,2.715650e-002
1.006194e+003,2.721422e-002
1.006676e+003,2.727068e-002
1.007158e+003,2.732537e-002
1.007640e+003,2.738231e-002
1.008122e+003,2.744737e-002
1.008605e+003,2.752397e-002
1.009087e+003,2.761123e-002
1.009569e+003,2.770373e-002
1.010051e+003,2.779466e-002
1.010533e+003,2.787959e-002
1.011015e+003,2.795936e-002
1.011497e+003,2.803867e-002
1.011979e+003,2.812424e-002
1.012462e+003,2.821976e-002
1.012944e+003,2.832393e-002
1.013426e+003,2.843078e-002
1.013908e+003,2.853290e-002
1.014390e+003,2.862573e-002
1.014872e+003,2.870960e-002
1.015354e+003,2.878997e-002
1.015836e+003,2.887410e-002
1.016319e+003,2.896654e-002
1.016801e+003,2.906646e-002
1.017283e+003,2.916834e-002
1.017765e+003,2.926500e-002
1.018247e+003,2.935211e-002
1.018729e+003,2.943055e-002
1.019211e+003,2.950674e-002
1.019693e+003,2.958867e-002
1.020176e+003,2.968203e-002
1.020658e+003,2.978618e-002
1.021140e+003,2.989550e-002
1.021622e+003,3.000204e-002
1.022104e+003,3.010045e-002
1.022586e+003,3.019073e-002
1.023068e+003,3.027924e-002
1.023550e+003,3.037507e-002
1.024033e+003,3.048526e-002
1.024515e+003,3.061137e-002
1.024997e+003,3.074913e-002
1.025479e+003,3.089101e-002
1.025961e+003,3.103082e-002
1.026443e+003,3.116607e-002
1.026925e+003,3.129986e-002
1.027407e+003,3.143713e-002
1.027890e+003,3.158177e-002
1.028372e+003,3.173309e-002
1.028854e+003,3.188575e-002
1.029336e+003,3.203159e-002
1.029818e+003,3.216498e-002
1.030300e+003,3.228426e-002
1.030782e+003,3.239335e-002
1.031264e+003,3.249873e-002
1.031747e+003,3.260588e-002
1.032229e+003,3.271639e-002
1.032711e+003,3.282801e-002
1.033193e+003,3.293653e-002
1.033675e+003,3.303974e-002
1.034157e+003,3.313955e-002
1.034639e+003,3.324218e-002
1.035121e+003,3.335456e-002
1.035604e+003,3.348134e-002
1.036086e+003,3.362128e-002
1.036568e+003,3.376856e-002
1.037050e+003,3.391488e-002
1.037532e+003,3.405469e-002
1.038014e+003,3.418785e-002
1.038496e+003,3.431971e-002
1.038979e+003,3.445810e-002
1.039461e+003,3.460938e-002
1.039943e+003,3.477405e-002
1.040425e+003,3.494759e-002
1.040907e+003,3.512259e-002
1.041389e+003,3.529283e-002
1.041871e+003,3.545706e-002
1.042353e+003,3.561958e-002
1.042835e+003,3.578740e-002
1.043318e+003,3.596635e-002
1.043800e+003,3.615767e-002
1.044282e+003,3.635762e-002
1.044764e+003,3.655942e-002
1.045246e+003,3.675731e-002
1.045728e+003,3.694984e-002
1.046210e+003,3.714045e-002
1.046692e+003,3.733546e-002
1.047175e+003,3.753952e-002
1.047657e+003,3.775342e-002
1.048139e+003,3.797252e-002
1.048621e+003,3.818918e-002
1.049103e+003,3.839673e-002
1.049585e+003,3.859227e-002
1.050067e+003,3.877778e-002
1.050549e+003,3.895872e-002
1.051031e+003,3.914041e-002
1.051514e+003,3.932515e-002
1.051996e+003,3.951213e-002
1.052478e+003,3.969825e-002
1.052960e+003,3.988189e-002
1.053442e+003,4.006433e-002
1.053924e+003,4.025088e-002
1.054406e+003,4.044789e-002
1.054889e+003,4.065963e-002
1.055371e+003,4.088640e-002
1.055853e+003,4.112380e-002
1.056335e+003,4.136595e-002
1.056817e+003,4.160841e-002
1.057299e+003,4.185095e-002
1.057781e+003,4.209764e-002
1.058263e+003,4.235389e-002
1.058746e+003,4.262333e-002
1.059228e+003,4.290507e-002
1.059710e+003,4.319393e-002
1.060192e+003,4.348265e-002
1.060674e+003,4.376644e-002
1.061156e+003,4.404480e-002
1.061638e+003,4.432207e-002
1.062120e+003,4.460457e-002
1.062603e+003,4.489677e-002
1.063085e+003,4.519834e-002
1.063567e+003,4.550423e-002
1.064049e+003,4.580717e-002
1.064531e+003,4.610235e-002
1.065013e+003,4.638933e-002
1.065495e+003,4.667389e-002
1.065977e+003,4.696435e-002
1.066460e+003,4.726760e-002
1.066942e+003,4.758559e-002
1.067424e+003,4.791464e-002
1.067906e+003,4.824785e-002
1.068388e+003,4.857920e-002
1.068870e+003,4.890696e-002
1.069352e+003,4.923493e-002
1.069834e+003,4.957046e-002
1.070317e+003,4.992005e-002
1.070799e+003,5.028578e-002
1.071281e+003,5.066417e-002
1.071763e+003,5.104773e-002
1.072245e+003,5.142875e-002
1.072727e+003,5.180258e-002
1.073209e+003,5.216972e-002
1.073691e+003,5.253400e-002
1.074174e+003,5.289979e-002
1.074656e+003,5.326803e-002
1.075138e+003,5.363547e-002
1.075620e+003,5.399535e-002
1.076102e+003,5.434087e-002
1.076584e+003,5.466808e-002
1.077066e+003,5.497770e-002
1.077548e+003,5.527383e-002
1.078031e+003,5.556097e-002
1.078513e+003,5.584052e-002
1.078995e+003,5.611008e-002
1.079477e+003,5.636400e-002
1.079959e+003,5.659680e-002
1.080441e+003,5.680592e-002
1.080923e+003,5.699341e-002
1.081406e+003,5.716468e-002
1.081888e+003,5.732556e-002
1.082370e+003,5.747890e-002
1.082852e+003,5.762365e-002
1.083334e+003,5.775570e-002
1.083816e+003,5.787134e-002
1.084298e+003,5.796985e-002
1.084780e+003,5.805572e-002
1.085262e+003,5.813579e-002
1.085745e+003,5.821644e-002
1.086227e+003,5.830019e-002
1.086709e+003,5.838392e-002
1.087191e+003,5.846063e-002
1.087673e+003,5.852306e-002
1.088155e+003,5.856773e-002
1.088637e+003,5.859690e-002
1.089119e+003,5.861673e-002
1.089602e+003,5.863452e-002
1.090084e+003,5.865474e-002
1.090566e+003,5.867688e-002
1.091048e+003,5.869643e-002
1.091530e+003,5.870837e-002
1.092012e+003,5.871030e-002
1.092494e+003,5.870413e-002
1.092976e+003,5.869506e-002
1.093458e+003,5.868801e-002
1.093941e+003,5.868444e-002
1.094423e+003,5.868130e-002
1.094905e+003,5.867172e-002
1.095387e+003,5.864956e-002
1.095869e+003,5.861221e-002
1.096351e+003,5.856306e-002
1.096833e+003,5.850893e-002
1.097316e+003,5.845728e-002
1.097798e+003,5.841117e-002
1.098280e+003,5.836868e-002
1.098762e+003,5.832320e-002
1.099244e+003,5.826802e-002
1.099726e+003,5.819945e-002
1.100208e+003,5.811977e-002
1.100690e+003,5.803517e-002
1.101173e+003,5.795184e-002
1.101655e+003,5.787285e-002
1.102137e+003,5.779593e-002
1.102619e+003,5.771446e-002
1.103101e+003,5.762154e-002
1.103583e+003,5.751369e-002
1.104065e+003,5.739271e-002
1.104547e+003,5.726460e-002
1.105030e+003,5.713562e-002
1.105512e+003,5.700881e-002
1.105994e+003,5.688256e-002
1.106476e+003,5.675155e-002
1.106958e+003,5.661087e-002
1.107440e+003,5.645980e-002
1.107922e+003,5.630285e-002
1.108404e+003,5.614907e-002
1.108886e+003,5.600676e-002
1.109369e+003,5.587988e-002
1.109851e+003,5.576622e-002
1.110333e+003,5.565900e-002
1.110815e+003,5.555054e-002
1.111297e+003,5.543684e-002
1.111779e+003,5.531898e-002
1.112261e+003,5.520331e-002
1.112744e+003,5.509565e-002
1.113226e+003,5.499873e-002
1.113708e+003,5.490965e-002
1.114190e+003,5.482132e-002
1.114672e+003,5.472649e-002
1.115154e+003,5.462156e-002
1.115636e+003,5.450873e-002
1.116118e+003,5.439461e-002
1.116601e+003,5.428667e-002
1.117083e+003,5.418907e-002
1.117565e+003,5.410097e-002
1.118047e+003,5.401706e-002
1.118529e+003,5.393185e-002
1.119011e+003,5.384217e-002
1.119493e+003,5.375025e-002
1.119975e+003,5.366131e-002
1.120458e+003,5.358140e-002
1.120940e+003,5.351274e-002
1.121422e+003,5.345315e-002
1.121904e+003,5.339660e-002
1.122386e+003,5.333702e-002
1.122868e+003,5.327083e-002
1.123350e+003,5.319905e-002
1.123832e+003,5.312526e-002
1.124314e+003,5.305314e-002
1.124797e+003,5.298246e-002
1.125279e+003,5.290877e-002
1.125761e+003,5.282516e-002
1.126243e+003,5.272553e-002
1.126725e+003,5.260788e-002
1.127207e+003,5.247554e-002
1.127689e+003,5.233517e-002
1.128172e+003,5.219231e-002
1.128654e+003,5.204874e-002
1.129136e+003,5.190101e-002
1.129618e+003,5.174292e-002
1.130100e+003,5.156906e-002
1.130582e+003,5.137875e-002
1.131064e+003,5.117710e-002
1.131546e+003,5.097236e-002
1.132029e+003,5.077219e-002
1.132511e+003,5.057938e-002
1.132993e+003,5.039105e-002
1.133475e+003,5.020069e-002
1.133957e+003,5.000228e-002
1.134439e+003,4.979485e-002
1.134921e+003,4.958288e-002
1.135403e+003,4.937501e-002
1.135885e+003,4.917891e-002
1.136368e+003,4.899865e-002
1.136850e+003,4.883181e-002
1.137332e+003,4.867271e-002
1.137814e+003,4.851626e-002
1.138296e+003,4.836102e-002
1.138778e+003,4.821147e-002
1.139260e+003,4.807489e-002
1.139742e+003,4.795809e-002
1.140225e+003,4.786259e-002
1.140707e+003,4.778493e-002
1.141189e+003,4.771765e-002
1.141671e+003,4.765451e-002
1.142153e+003,4.759377e-002
1.142635e+003,4.753928e-002
1.143117e+003,4.749865e-002
1.143599e+003,4.747858e-002
1.144082e+003,4.748190e-002
1.144564e+003,4.750583e-002
1.145046e+003,4.754475e-002
1.145528e+003,4.759388e-002
1.146010e+003,4.765232e-002
1.146492e+003,4.772437e-002
1.146974e+003,4.781668e-002
1.147457e+003,4.793426e-002
1.147939e+003,4.807685e-002
1.148421e+003,4.823846e-002
1.148903e+003,4.840931e-002
1.149385e+003,4.858026e-002
1.149867e+003,4.874634e-002
1.150349e+003,4.890778e-002
1.150831e+003,4.906817e-002
1.151313e+003,4.923010e-002
1.151796e+003,4.939257e-002
1.152278e+003,4.954956e-002
1.152760e+003,4.969246e-002
1.153242e+003,4.981437e-002
1.153724e+003,4.991315e-002
1.154206e+003,4.999307e-002
1.154688e+003,5.006157e-002
1.155170e+003,5.012581e-002
1.155653e+003,5.018834e-002
1.156135e+003,5.024586e-002
1.156617e+003,5.029150e-002
1.157099e+003,5.031849e-002
1.157581e+003,5.032414e-002
1.158063e+003,5.031181e-002
1.158545e+003,5.028876e-002
1.159027e+003,5.026207e-002
1.159510e+003,5.023493e-002
1.159992e+003,5.020532e-002
1.160474e+003,5.016761e-002
1.160956e+003,5.011533e-002
1.161438e+003,5.004586e-002
1.161920e+003,4.996108e-002
1.162402e+003,4.986660e-002
1.162885e+003,4.976740e-002
1.163367e+003,4.966571e-002
1.163849e+003,4.955985e-002
1.164331e+003,4.944568e-002
1.164813e+003,4.932071e-002
1.165295e+003,4.918659e-002
1.165777e+003,4.904967e-002
1.166259e+003,4.891854e-002
1.166741e+003,4.879980e-002
1.167224e+003,4.869449e-002
1.167706e+003,4.859761e-002
1.168188e+003,4.850072e-002
1.168670e+003,4.839624e-002
1.169152e+003,4.828136e-002
1.169634e+003,4.815886e-002
1.170116e+003,4.803456e-002
1.170598e+003,4.791339e-002
1.171081e+003,4.779495e-002
1.171563e+003,4.767376e-002
1.172045e+003,4.754037e-002
1.172527e+003,4.738683e-002
1.173009e+003,4.721029e-002
1.173491e+003,4.701393e-002
1.173973e+003,4.680517e-002
1.174455e+003,4.659142e-002
1.174938e+003,4.637583e-002
1.175420e+003,4.615653e-002
1.175902e+003,4.592922e-002
1.176384e+003,4.569088e-002
1.176866e+003,4.544368e-002
1.177348e+003,4.519613e-002
1.177830e+003,4.495962e-002
1.178313e+003,4.474490e-002
1.178795e+003,4.455689e-002
1.179277e+003,4.439390e-002
1.179759e+003,4.425033e-002
1.180241e+003,4.411999e-002
1.180723e+003,4.400112e-002
1.181205e+003,4.389683e-002
1.181687e+003,4.381325e-002
1.182169e+003,4.375566e-002
1.182652e+003,4.372440e-002
1.183134e+003,4.371478e-002
1.183616e+003,4.371900e-002
1.184098e+003,4.373049e-002
1.184580e+003,4.374664e-002
1.185062e+003,4.376966e-002
1.185544e+003,4.380441e-002
1.186026e+003,4.385413e-002
1.186509e+003,4.391798e-002
1.186991e+003,4.399048e-002
1.187473e+003,4.406402e-002
1.187955e+003,4.413366e-002
1.188437e+003,4.419892e-002
1.188919e+003,4.426544e-002
1.189401e+003,4.434024e-002
1.189883e+003,4.442849e-002
1.190366e+003,4.453019e-002
1.190848e+003,4.464031e-002
1.191330e+003,4.475075e-002
1.191812e+003,4.485610e-002
1.192294e+003,4.495627e-002
1.192776e+003,4.505710e-002
1.193258e+003,4.516710e-002
1.193740e+003,4.529320e-002
1.194223e+003,4.543743e-002
1.194705e+003,4.559579e-002
1.195187e+003,4.576148e-002
1.195669e+003,4.592942e-002
1.196151e+003,4.609830e-002
1.196633e+003,4.627197e-002
1.197115e+003,4.645626e-002
1.197597e+003,4.665494e-002
1.198080e+003,4.686652e-002
1.198562e+003,4.708445e-002
1.199044e+003,4.729984e-002
1.199526e+003,4.750638e-002
1.200008e+003,4.770344e-002
1.200490e+003,4.789621e-002
1.200972e+003,4.809284e-002
1.201454e+003,4.829919e-002
1.201937e+003,4.851573e-002
1.202419e+003,4.873679e-002
1.202901e+003,4.895375e-002
1.203383e+003,4.915937e-002
1.203865e+003,4.935154e-002
1.204347e+003,4.953438e-002
1.204829e+003,4.971531e-002
1.205312e+003,4.990014e-002
1.205794e+003,5.009002e-002
1.206276e+003,5.027990e-002
1.206758e+003,5.046142e-002
1.207240e+003,5.062742e-002
1.207722e+003,5.077605e-002
1.208204e+003,5.091134e-002
1.208686e+003,5.104199e-002
1.209168e+003,5.117598e-002
1.209651e+003,5.131759e-002
1.210133e+003,5.146627e-002
1.210615e+003,5.161836e-002
1.211097e+003,5.177094e-002
1.211579e+003,5.192561e-002
1.212061e+003,5.208826e-002
1.212543e+003,5.226784e-002
1.213025e+003,5.247140e-002
1.213508e+003,5.270094e-002
1.213990e+003,5.295283e-002
1.214472e+003,5.322030e-002
1.214954e+003,5.349741e-002
1.215436e+003,5.378283e-002
1.215918e+003,5.408037e-002
1.216400e+003,5.439682e-002
1.216882e+003,5.473797e-002
1.217365e+003,5.510457e-002
1.217847e+003,5.549255e-002
1.218329e+003,5.589422e-002
1.218811e+003,5.630253e-002
1.219293e+003,5.671473e-002
1.219775e+003,5.713318e-002
1.220257e+003,5.756314e-002
1.220740e+003,5.800981e-002
1.221222e+003,5.847391e-002
1.221704e+003,5.895191e-002
1.222186e+003,5.943730e-002
1.222668e+003,5.992414e-002
1.223150e+003,6.041059e-002
1.223632e+003,6.089937e-002
1.224114e+003,6.139621e-002
1.224596e+003,6.190579e-002
1.225079e+003,6.242869e-002
1.225561e+003,6.296072e-002
1.226043e+003,6.349456e-002
1.226525e+003,6.402319e-002
1.227007e+003,6.454288e-002
1.227489e+003,6.505510e-002
1.227971e+003,6.556445e-002
1.228453e+003,6.607509e-002
1.228936e+003,6.658772e-002
1.229418e+003,6.709936e-002
1.229900e+003,6.760313e-002
1.230382e+003,6.809288e-002
1.230864e+003,6.856563e-002
1.231346e+003,6.902273e-002
1.231828e+003,6.946819e-002
1.232310e+003,6.990566e-002
1.232792e+003,7.033536e-002
1.233275e+003,7.075240e-002
1.233757e+003,7.114935e-002
1.234239e+003,7.151897e-002
1.234721e+003,7.185859e-002
1.235203e+003,7.217079e-002
1.235685e+003,7.246266e-002
1.236167e+003,7.274151e-002
1.236650e+003,7.301096e-002
1.237132e+003,7.326926e-002
1.237614e+003,7.350990e-002
1.238096e+003,7.372601e-002
1.238578e+003,7.391309e-002
1.239060e+003,7.407272e-002
1.239542e+003,7.421057e-002
1.240024e+003,7.433400e-002
1.240507e+003,7.444765e-002
1.240989e+003,7.455043e-002
1.241471e+003,7.463632e-002
1.241953e+003,7.469828e-002
1.242435e+003,7.473113e-002
1.242917e+003,7.473467e-002
1.243399e+003,7.471404e-002
1.243881e+003,7.467607e-002
1.244364e+003,7.462630e-002
1.244846e+003,7.456572e-002
1.245328e+003,7.449125e-002
1.245810e+003,7.439864e-002
1.246292e+003,7.428498e-002
1.246774e+003,7.415228e-002
1.247256e+003,7.400526e-002
1.247738e+003,7.385004e-002
1.248220e+003,7.368979e-002
1.248703e+003,7.352418e-002
1.249185e+003,7.334893e-002
1.249667e+003,7.316063e-002
1.250149e+003,7.295863e-002
1.250631e+003,7.274745e-002
1.251113e+003,7.253478e-002
1.251595e+003,7.232819e-002
1.252078e+003,7.213086e-002
1.252560e+003,7.194000e-002
1.253042e+003,7.174805e-002
1.253524e+003,7.154696e-002
1.254006e+003,7.133229e-002
1.254488e+003,7.110576e-002
1.254970e+003,7.087412e-002
1.255452e+003,7.064563e-002
1.255935e+003,7.042568e-002
1.256417e+003,7.021436e-002
1.256899e+003,7.000765e-002
1.257381e+003,6.980041e-002
1.257863e+003,6.958986e-002
1.258345e+003,6.937785e-002
1.258827e+003,6.916982e-002
1.259309e+003,6.897134e-002
1.259792e+003,6.878442e-002
1.260274e+003,6.860608e-002
1.260756e+003,6.842937e-002
1.261238e+003,6.824725e-002
1.261720e+003,6.805661e-002
1.262202e+003,6.785949e-002
1.262684e+003,6.766162e-002
1.263166e+003,6.746889e-002
1.263648e+003,6.728378e-002
1.264131e+003,6.710389e-002
1.264613e+003,6.692391e-002
1.265095e+003,6.673878e-002
1.265577e+003,6.654808e-002
1.266059e+003,6.635642e-002
1.266541e+003,6.617136e-002
1.267023e+003,6.599971e-002
1.267505e+003,6.584369e-002
1.267988e+003,6.569971e-002
1.268470e+003,6.556077e-002
1.268952e+003,6.542081e-002
1.269434e+003,6.527840e-002
1.269916e+003,6.513800e-002
1.270398e+003,6.500734e-002
1.270880e+003,6.489336e-002
1.271363e+003,6.479756e-002
1.271845e+003,6.471537e-002
1.272327e+003,6.463872e-002
1.272809e+003,6.456096e-002
1.273291e+003,6.448060e-002
1.273773e+003,6.440258e-002
1.274255e+003,6.433576e-002
1.274737e+003,6.428731e-002
1.275219e+003,6.425980e-002
1.275702e+003,6.424846e-002
1.276184e+003,6.424481e-002
1.276666e+003,6.424043e-002
1.277148e+003,6.423206e-002
1.277630e+003,6.422218e-002
1.278112e+003,6.421746e-002
1.278594e+003,6.422441e-002
1.279076e+003,6.424473e-002
1.279559e+003,6.427405e-002
1.280041e+003,6.430441e-002
1.280523e+003,6.432883e-002
1.281005e+003,6.434470e-002
1.281487e+003,6.435585e-002
1.281969e+003,6.437029e-002
1.282451e+003,6.439517e-002
1.282933e+003,6.443255e-002
1.283416e+003,6.447852e-002
1.283898e+003,6.452510e-002
1.284380e+003,6.456448e-002
1.284862e+003,6.459296e-002
1.285344e+003,6.461266e-002
1.285826e+003,6.462962e-002
1.286308e+003,6.464937e-002
1.286791e+003,6.467327e-002
1.287273e+003,6.469797e-002
1.287755e+003,6.471732e-002
1.288237e+003,6.472678e-002
1.288719e+003,6.472695e-002
1.289201e+003,6.472450e-002
1.289683e+003,6.472831e-002
1.290165e+003,6.474569e-002
1.290647e+003,6.477743e-002
1.291130e+003,6.481772e-002
1.291612e+003,6.485812e-002
1.292094e+003,6.489120e-002
1.292576e+003,6.491585e-002
1.293058e+003,6.493820e-002
1.293540e+003,6.496848e-002
1.294022e+003,6.501585e-002
1.294504e+003,6.508446e-002
1.294987e+003,6.517143e-002
1.295469e+003,6.526983e-002
1.295951e+003,6.537263e-002
1.296433e+003,6.547772e-002
1.296915e+003,6.558838e-002
1.297397e+003,6.571145e-002
1.297879e+003,6.585248e-002
1.298361e+003,6.601132e-002
1.298844e+003,6.618197e-002
1.299326e+003,6.635518e-002
1.299808e+003,6.652301e-002
1.300290e+003,6.668246e-002
1.300772e+003,6.683697e-002
1.301254e+003,6.699305e-002
1.301736e+003,6.715649e-002
1.302219e+003,6.732715e-002
1.302701e+003,6.749917e-002
1.303183e+003,6.766354e-002
1.303665e+003,6.781273e-002
1.304147e+003,6.794586e-002
1.304629e+003,6.806910e-002
1.305111e+003,6.819320e-002
1.305593e+003,6.832734e-002
1.306075e+003,6.847543e-002
1.306558e+003,6.863313e-002
1.307040e+003,6.879186e-002
1.307522e+003,6.894211e-002
1.308004e+003,6.907909e-002
1.308486e+003,6.920471e-002
1.308968e+003,6.932432e-002
1.309450e+003,6.944323e-002
1.309932e+003,6.956213e-002
1.310415e+003,6.967626e-002
1.310897e+003,6.977622e-002
1.311379e+003,6.985454e-002
1.311861e+003,6.990847e-002
1.312343e+003,6.994189e-002
1.312825e+003,6.996252e-002
1.313307e+003,6.997675e-002
1.313789e+003,6.998507e-002
1.314272e+003,6.998046e-002
1.314754e+003,6.995261e-002
1.315236e+003,6.989311e-002
1.315718e+003,6.979995e-002
1.316200e+003,6.967906e-002
1.316682e+003,6.954078e-002
1.317164e+003,6.939474e-002
1.317646e+003,6.924407e-002
1.318129e+003,6.908488e-002
1.318611e+003,6.890896e-002
1.319093e+003,6.871044e-002
1.319575e+003,6.849076e-002
1.320057e+003,6.825949e-002
1.320539e+003,6.802974e-002
1.321021e+003,6.781083e-002
1.321503e+003,6.760312e-002
1.321986e+003,6.739889e-002
1.322468e+003,6.718557e-002
1.322950e+003,6.695382e-002
1.323432e+003,6.670284e-002
1.323914e+003,6.644087e-002
1.324396e+003,6.618197e-002
1.324878e+003,6.593873e-002
1.325360e+003,6.571585e-002
1.325843e+003,6.550919e-002
1.326325e+003,6.530949e-002
1.326807e+003,6.510899e-002
1.327289e+003,6.490678e-002
1.327771e+003,6.471045e-002
1.328253e+003,6.453202e-002
1.328735e+003,6.438190e-002
1.329218e+003,6.426361e-002
1.329700e+003,6.417285e-002
1.330182e+003,6.410140e-002
1.330664e+003,6.404374e-002
1.331146e+003,6.400088e-002
1.331628e+003,6.398083e-002
1.332110e+003,6.399369e-002
1.332592e+003,6.404535e-002
1.333074e+003,6.413282e-002
1.333557e+003,6.424552e-002
1.334039e+003,6.436960e-002
1.334521e+003,6.449506e-002
1.335003e+003,6.462036e-002
1.335485e+003,6.475294e-002
1.335967e+003,6.490502e-002
1.336449e+003,6.508654e-002
1.336931e+003,6.529979e-002
1.337414e+003,6.553776e-002
1.337896e+003,6.578822e-002
1.338378e+003,6.603963e-002
1.338860e+003,6.628575e-002
1.339342e+003,6.652865e-002
1.339824e+003,6.677199e-002
1.340306e+003,6.701557e-002
1.340788e+003,6.725162e-002
1.341271e+003,6.746743e-002
1.341753e+003,6.765193e-002
1.342235e+003,6.780168e-002
1.342717e+003,6.792234e-002
1.343199e+003,6.802729e-002
1.343681e+003,6.813096e-002
1.344163e+003,6.824310e-002
1.344646e+003,6.836375e-002
1.345128e+003,6.848477e-002
1.345610e+003,6.859415e-002
1.346092e+003,6.868363e-002
1.346574e+003,6.875389e-002
1.347056e+003,6.881475e-002
1.347538e+003,6.887931e-002
1.348020e+003,6.895676e-002
1.348502e+003,6.904627e-002
1.348985e+003,6.913675e-002
1.349467e+003,6.921213e-002
1.349949e+003,6.925929e-002
1.350431e+003,6.927512e-002
1.350913e+003,6.926625e-002
1.351395e+003,6.924441e-002
1.351877e+003,6.921851e-002
1.352359e+003,6.918947e-002
1.352842e+003,6.914964e-002
1.353324e+003,6.908865e-002
1.353806e+003,6.900039e-002
1.354288e+003,6.888986e-002
1.354770e+003,6.877309e-002
1.355252e+003,6.867038e-002
1.355734e+003,6.859745e-002
1.356216e+003,6.855822e-002
1.356698e+003,6.854478e-002
1.357181e+003,6.854362e-002
1.357663e+003,6.854468e-002
1.358145e+003,6.854642e-002
1.358627e+003,6.855791e-002
1.359109e+003,6.859277e-002
1.359591e+003,6.866264e-002
1.360073e+003,6.877209e-002
1.360556e+003,6.891906e-002
1.361038e+003,6.909957e-002
1.361520e+003,6.931590e-002
1.362002e+003,6.958071e-002
1.362484e+003,6.991339e-002
1.362966e+003,7.032650e-002
1.363448e+003,7.081388e-002
1.363930e+003,7.134990e-002
1.364413e+003,7.190076e-002
1.364895e+003,7.243824e-002
1.365377e+003,7.294922e-002
1.365859e+003,7.343373e-002
1.366341e+003,7.390033e-002
1.366823e+003,7.435647e-002
1.367305e+003,7.479989e-002
1.367787e+003,7.521369e-002
1.368270e+003,7.557002e-002
1.368752e+003,7.584077e-002
1.369234e+003,7.601135e-002
1.369716e+003,7.608839e-002
1.370198e+003,7.609691e-002
1.370680e+003,7.607070e-002
1.371162e+003,7.604071e-002
1.371644e+003,7.602862e-002
1.372126e+003,7.604764e-002
1.372609e+003,7.610831e-002
1.373091e+003,7.622479e-002
1.373573e+003,7.641815e-002
1.374055e+003,7.670856e-002
1.374537e+003,7.710029e-002
1.375019e+003,7.757216e-002
1.375501e+003,7.808070e-002
1.375984e+003,7.857607e-002
1.376466e+003,7.901920e-002
1.376948e+003,7.938997e-002
1.377430e+003,7.968813e-002
1.377912e+003,7.992971e-002
1.378394e+003,8.013846e-002
1.378876e+003,8.033862e-002
1.379358e+003,8.054795e-002
1.379841e+003,8.077576e-002
1.380323e+003,8.102906e-002
1.380805e+003,8.131766e-002
1.381287e+003,8.165734e-002
1.381769e+003,8.206677e-002
1.382251e+003,8.255941e-002
1.382733e+003,8.313425e-002
1.383215e+003,8.377380e-002
1.383698e+003,8.445156e-002
1.384180e+003,8.514316e-002
1.384662e+003,8.583810e-002
1.385144e+003,8.654437e-002
1.385626e+003,8.728517e-002
1.386108e+003,8.808482e-002
1.386590e+003,8.895042e-002
1.387072e+003,8.985818e-002
1.387554e+003,9.075796e-002
1.388037e+003,9.159739e-002
1.388519e+003,9.234711e-002
1.389001e+003,9.300965e-002
1.389483e+003,9.360920e-002
1.389965e+003,9.417454e-002
1.390447e+003,9.472626e-002
1.390929e+003,9.527180e-002
1.391411e+003,9.580877e-002
1.391894e+003,9.633242e-002
1.392376e+003,9.684492e-002
1.392858e+003,9.735981e-002
1.393340e+003,9.790006e-002
1.393822e+003,9.848788e-002
1.394304e+003,9.912722e-002
1.394786e+003,9.979250e-002
1.395269e+003,1.004362e-001
1.395751e+003,1.010116e-001
1.396233e+003,1.014995e-001
1.396715e+003,1.019120e-001
1.397197e+003,1.022831e-001
1.397679e+003,1.026503e-001
1.398161e+003,1.030375e-001
1.398643e+003,1.034434e-001
1.399125e+003,1.038410e-001
1.399608e+003,1.041922e-001
1.400090e+003,1.044692e-001
1.400572e+003,1.046654e-001
1.401054e+003,1.047935e-001
1.401536e+003,1.048703e-001
1.402018e+003,1.049069e-001
1.402500e+003,1.049024e-001
1.402982e+003,1.048451e-001
1.403465e+003,1.047193e-001
1.403947e+003,1.045144e-001
1.404429e+003,1.042356e-001
1.404911e+003,1.039032e-001
1.405393e+003,1.035450e-001
1.405875e+003,1.031808e-001
1.406357e+003,1.028134e-001
1.406839e+003,1.024316e-001
1.407322e+003,1.020205e-001
1.407804e+003,1.015696e-001
1.408286e+003,1.010791e-001
1.408768e+003,1.005592e-001
1.409250e+003,1.000245e-001
1.409732e+003,9.948754e-002
1.410214e+003,9.895399e-002
1.410697e+003,9.842245e-002
1.411179e+003,9.789058e-002
1.411661e+003,9.736082e-002
1.412143e+003,9.684353e-002
1.412625e+003,9.635543e-002
1.413107e+003,9.591080e-002
1.413589e+003,9.551483e-002
1.414071e+003,9.516105e-002
1.414553e+003,9.483355e-002
1.415036e+003,9.451479e-002
1.415518e+003,9.419322e-002
1.416000e+003,9.386937e-002
1.416482e+003,9.355468e-002
1.416964e+003,9.326693e-002
1.417446e+003,9.302003e-002
1.417928e+003,9.281527e-002
1.418410e+003,9.263784e-002
1.418893e+003,9.246828e-002
1.419375e+003,9.229908e-002
1.419857e+003,9.214391e-002
1.420339e+003,9.202607e-002
1.420821e+003,9.196124e-002
1.421303e+003,9.194997e-002
1.421785e+003,9.198155e-002
1.422267e+003,9.204075e-002
1.422750e+003,9.211753e-002
1.423232e+003,9.221318e-002
1.423714e+003,9.234250e-002
1.424196e+003,9.252718e-002
1.424678e+003,9.278076e-002
1.425160e+003,9.309877e-002
1.425642e+003,9.346176e-002
1.426125e+003,9.384885e-002
1.426607e+003,9.425090e-002
1.427089e+003,9.467795e-002
1.427571e+003,9.516023e-002
1.428053e+003,9.573992e-002
1.428535e+003,9.645630e-002
1.429017e+003,9.732681e-002
1.429499e+003,9.833553e-002
1.429981e+003,9.943840e-002
1.430464e+003,1.005840e-001
1.430946e+003,1.017349e-001
1.431428e+003,1.028758e-001
1.431910e+003,1.040077e-001
1.432392e+003,1.051352e-001
1.432874e+003,1.062586e-001
1.433356e+003,1.073745e-001
1.433838e+003,1.084839e-001
1.434321e+003,1.096035e-001
1.434803e+003,1.107735e-001
1.435285e+003,1.120553e-001
1.435767e+003,1.135061e-001
1.436249e+003,1.151257e-001
1.436731e+003,1.168190e-001
1.437213e+003,1.184276e-001
1.437696e+003,1.198236e-001
1.438177e+003,1.209703e-001
1.438660e+003,1.219096e-001
1.439142e+003,1.227180e-001
1.439624e+003,1.234713e-001
1.440106e+003,1.242265e-001
1.440588e+003,1.250156e-001
1.441070e+003,1.258416e-001
1.441552e+003,1.266868e-001
1.442035e+003,1.275218e-001
1.442517e+003,1.283217e-001
1.442999e+003,1.290749e-001
1.443481e+003,1.297871e-001
1.443963e+003,1.304732e-001
1.444445e+003,1.311498e-001
1.444927e+003,1.318289e-001
1.445409e+003,1.325181e-001
1.445892e+003,1.332235e-001
1.446374e+003,1.339570e-001
1.446856e+003,1.347358e-001
1.447338e+003,1.355754e-001
1.447820e+003,1.364792e-001
1.448302e+003,1.374320e-001
1.448784e+003,1.384075e-001
1.449266e+003,1.393876e-001
1.449749e+003,1.403771e-001
1.450231e+003,1.414064e-001
1.450713e+003,1.425203e-001
1.451195e+003,1.437596e-001
1.451677e+003,1.451383e-001
1.452159e+003,1.466306e-001
1.452641e+003,1.481746e-001
1.453124e+003,1.496931e-001
1.453605e+003,1.511245e-001
1.454088e+003,1.524412e-001
1.454570e+003,1.536586e-001
1.455052e+003,1.548333e-001
1.455534e+003,1.560696e-001
1.456016e+003,1.575410e-001
1.456498e+003,1.595142e-001
1.456980e+003,1.623126e-001
1.457463e+003,1.661747e-001
1.457945e+003,1.711214e-001
1.458427e+003,1.769924e-001
1.458909e+003,1.835479e-001
1.459391e+003,1.905097e-001
1.459873e+003,1.975552e-001
1.460355e+003,2.043227e-001
1.460837e+003,2.104376e-001
1.461320e+003,2.155319e-001
1.461802e+003,2.192462e-001
1.462284e+003,2.212195e-001
1.462766e+003,2.211012e-001
1.463248e+003,2.186348e-001
1.463730e+003,2.138468e-001
1.464212e+003,2.072709e-001
1.464694e+003,1.999747e-001
1.465177e+003,1.931977e-001
1.465659e+003,1.877990e-001
1.466141e+003,1.839741e-001
1.466623e+003,1.814136e-001
1.467105e+003,1.796461e-001
1.467587e+003,1.782973e-001
1.468069e+003,1.771919e-001
1.468552e+003,1.763430e-001
1.469033e+003,1.758837e-001
1.469516e+003,1.759832e-001
1.469998e+003,1.767547e-001
1.470480e+003,1.781459e-001
1.470962e+003,1.797933e-001
1.471444e+003,1.808768e-001
1.471926e+003,1.801533e-001
1.472408e+003,1.764459e-001
1.472891e+003,1.694390e-001
1.473373e+003,1.599483e-001
1.473855e+003,1.492799e-001
1.474337e+003,1.384648e-001
1.474819e+003,1.280612e-001
1.475301e+003,1.183617e-001
1.475783e+003,1.096145e-001
1.476265e+003,1.020870e-001
1.476748e+003,9.598236e-002
1.477230e+003,9.132731e-002
1.477712e+003,8.794309e-002
1.478194e+003,8.552012e-002
1.478676e+003,8.373254e-002
1.479158e+003,8.232512e-002
1.479640e+003,8.114669e-002
1.480122e+003,8.014046e-002
1.480604e+003,7.930792e-002
1.481087e+003,7.866213e-002
1.481569e+003,7.819307e-002
1.482051e+003,7.786106e-002
1.482533e+003,7.761742e-002
1.483015e+003,7.743165e-002
1.483497e+003,7.730474e-002
1.483979e+003,7.725973e-002
1.484461e+003,7.732347e-002
1.484944e+003,7.750648e-002
1.485426e+003,7.779323e-002
1.485908e+003,7.814611e-002
1.486390e+003,7.852323e-002
1.486872e+003,7.890265e-002
1.487354e+003,7.930295e-002
1.487836e+003,7.978240e-002
1.488319e+003,8.041883e-002
1.488801e+003,8.126898e-002
1.489283e+003,8.232972e-002
1.489765e+003,8.352392e-002
1.490247e+003,8.473552e-002
1.490729e+003,8.587298e-002
1.491211e+003,8.690766e-002
1.491693e+003,8.786104e-002
1.492176e+003,8.877126e-002
1.492658e+003,8.966889e-002
1.493140e+003,9.057466e-002
1.493622e+003,9.150609e-002
1.494104e+003,9.248757e-002
1.494586e+003,9.355892e-002
1.495068e+003,9.477358e-002
1.495550e+003,9.618310e-002
1.496032e+003,9.780456e-002
1.496515e+003,9.959113e-002
1.496997e+003,1.014350e-001
1.497479e+003,1.032177e-001
1.497961e+003,1.048693e-001
1.498443e+003,1.063914e-001
1.498925e+003,1.078360e-001
1.499407e+003,1.092654e-001
1.499890e+003,1.107205e-001
1.500372e+003,1.122059e-001
1.500854e+003,1.136969e-001
1.501336e+003,1.151561e-001
1.501818e+003,1.165509e-001
1.502300e+003,1.178649e-001
1.502782e+003,1.190995e-001
1.503264e+003,1.202729e-001
1.503747e+003,1.214179e-001
1.504229e+003,1.225865e-001
1.504711e+003,1.238677e-001
1.505193e+003,1.254226e-001
1.505675e+003,1.275215e-001
1.506157e+003,1.304894e-001
1.506639e+003,1.344026e-001
1.507121e+003,1.387159e-001
1.507604e+003,1.425722e-001
1.508086e+003,1.455796e-001
1.508568e+003,1.479005e-001
1.509050e+003,1.498591e-001
1.509532e+003,1.517160e-001
1.510014e+003,1.536378e-001
1.510496e+003,1.557170e-001
1.510979e+003,1.579852e-001
1.511460e+003,1.604157e-001
1.511943e+003,1.629332e-001
1.512425e+003,1.654356e-001
1.512907e+003,1.678315e-001
1.513389e+003,1.700674e-001
1.513871e+003,1.721425e-001
1.514353e+003,1.741043e-001
1.514835e+003,1.760309e-001
1.515318e+003,1.780029e-001
1.515800e+003,1.800601e-001
1.516282e+003,1.821562e-001
1.516764e+003,1.841496e-001
1.517246e+003,1.858704e-001
1.517728e+003,1.872211e-001
1.518210e+003,1.882168e-001
1.518692e+003,1.889516e-001
1.519175e+003,1.895463e-001
1.519657e+003,1.901210e-001
1.520139e+003,1.907913e-001
1.520621e+003,1.916588e-001
1.521103e+003,1.927689e-001
1.521585e+003,1.940608e-001
1.522067e+003,1.953884e-001
1.522549e+003,1.966273e-001
1.523031e+003,1.977434e-001
1.523514e+003,1.987768e-001
1.523996e+003,1.997930e-001
1.524478e+003,2.008554e-001
1.524960e+003,2.020131e-001
1.525442e+003,2.032947e-001
1.525924e+003,2.047028e-001
1.526406e+003,2.062128e-001
1.526888e+003,2.077806e-001
1.527371e+003,2.093554e-001
1.527853e+003,2.108904e-001
1.528335e+003,2.123474e-001
1.528817e+003,2.136986e-001
1.529299e+003,2.149316e-001
1.529781e+003,2.160523e-001
1.530263e+003,2.170876e-001
1.530746e+003,2.180832e-001
1.531228e+003,2.191003e-001
1.531710e+003,2.202082e-001
1.532192e+003,2.214693e-001
1.532674e+003,2.229068e-001
1.533156e+003,2.244633e-001
1.533638e+003,2.259989e-001
1.534120e+003,2.273699e-001
1.534603e+003,2.285120e-001
1.535085e+003,2.294476e-001
1.535567e+003,2.302302e-001
1.536049e+003,2.309039e-001
1.536531e+003,2.314913e-001
1.537013e+003,2.320013e-001
1.537495e+003,2.324446e-001
1.537977e+003,2.328534e-001
1.538459e+003,2.332989e-001
1.538942e+003,2.338895e-001
1.539424e+003,2.347139e-001
1.539906e+003,2.357219e-001
1.540388e+003,2.366793e-001
1.540870e+003,2.373427e-001
1.541352e+003,2.376654e-001
1.541834e+003,2.377747e-001
1.542316e+003,2.378269e-001
1.542799e+003,2.379139e-001
1.543281e+003,2.380439e-001
1.543763e+003,2.381594e-001
1.544245e+003,2.381787e-001
1.544727e+003,2.380489e-001
1.545209e+003,2.377794e-001
1.545691e+003,2.374304e-001
1.546174e+003,2.370702e-001
1.546656e+003,2.367350e-001
1.547138e+003,2.364132e-001
1.547620e+003,2.360517e-001
1.548102e+003,2.355712e-001
1.548584e+003,2.348960e-001
1.549066e+003,2.339942e-001
1.549548e+003,2.329114e-001
1.550031e+003,2.317662e-001
1.550513e+003,2.306849e-001
1.550995e+003,2.297293e-001
1.551477e+003,2.288697e-001
1.551959e+003,2.280131e-001
1.552441e+003,2.270523e-001
1.552923e+003,2.259120e-001
1.553405e+003,2.245834e-001
1.553887e+003,2.231399e-001
1.554370e+003,2.217124e-001
1.554852e+003,2.204246e-001
1.555334e+003,2.193324e-001
1.555816e+003,2.184038e-001
1.556298e+003,2.175428e-001
1.556780e+003,2.166111e-001
1.557262e+003,2.154244e-001
1.557744e+003,2.137231e-001
1.558227e+003,2.112248e-001
1.558709e+003,2.079816e-001
1.559191e+003,2.047492e-001
1.559673e+003,2.023291e-001
1.560155e+003,2.007691e-001
1.560637e+003,1.997212e-001
1.561119e+003,1.989078e-001
1.561602e+003,1.981814e-001
1.562083e+003,1.974564e-001
1.562566e+003,1.966608e-001
1.563048e+003,1.957218e-001
1.563530e+003,1.945786e-001
1.564012e+003,1.932131e-001
1.564494e+003,1.916777e-001
1.564976e+003,1.900921e-001
1.565458e+003,1.885910e-001
1.565941e+003,1.872593e-001
1.566423e+003,1.860954e-001
1.566905e+003,1.850193e-001
1.567387e+003,1.839065e-001
1.567869e+003,1.826254e-001
1.568351e+003,1.810823e-001
1.568833e+003,1.792750e-001
1.569315e+003,1.773272e-001
1.569798e+003,1.754466e-001
1.570280e+003,1.737992e-001
1.570762e+003,1.724206e-001
1.571244e+003,1.712439e-001
1.571726e+003,1.701804e-001
1.572208e+003,1.691719e-001
1.572690e+003,1.681951e-001
1.573172e+003,1.672410e-001
1.573655e+003,1.662904e-001
1.574137e+003,1.652908e-001
1.574619e+003,1.641471e-001
1.575101e+003,1.627472e-001
1.575583e+003,1.610384e-001
1.576065e+003,1.591232e-001
1.576547e+003,1.572551e-001
1.577030e+003,1.556767e-001
1.577511e+003,1.544630e-001
1.577994e+003,1.535254e-001
1.578476e+003,1.527174e-001
1.578958e+003,1.519160e-001
1.579440e+003,1.510552e-001
1.579922e+003,1.501246e-001
1.580404e+003,1.491553e-001
1.580886e+003,1.481950e-001
1.581369e+003,1.472799e-001
1.581851e+003,1.464173e-001
1.582333e+003,1.455841e-001
1.582815e+003,1.447468e-001
1.583297e+003,1.438862e-001
1.583779e+003,1.430131e-001
1.584261e+003,1.421630e-001
1.584743e+003,1.413755e-001
1.585226e+003,1.406699e-001
1.585708e+003,1.400331e-001
1.586190e+003,1.394282e-001
1.586672e+003,1.388175e-001
1.587154e+003,1.381880e-001
1.587636e+003,1.375604e-001
1.588118e+003,1.369796e-001
1.588600e+003,1.364905e-001
1.589083e+003,1.361118e-001
1.589565e+003,1.358251e-001
1.590047e+003,1.355867e-001
1.590529e+003,1.353541e-001
1.591011e+003,1.351136e-001
1.591493e+003,1.348869e-001
1.591975e+003,1.347181e-001
1.592458e+003,1.346456e-001
1.592939e+003,1.346771e-001
1.593422e+003,1.347822e-001
1.593904e+003,1.349069e-001
1.594386e+003,1.350060e-001
1.594868e+003,1.350698e-001
1.595350e+003,1.351301e-001
1.595832e+003,1.352435e-001
1.596314e+003,1.354550e-001
1.596797e+003,1.357731e-001
1.597279e+003,1.361675e-001
1.597761e+003,1.365909e-001
1.598243e+003,1.370093e-001
1.598725e+003,1.374252e-001
1.599207e+003,1.378777e-001
1.599689e+003,1.384236e-001
1.600171e+003,1.391065e-001
1.600654e+003,1.399322e-001
1.601136e+003,1.408657e-001
1.601618e+003,1.418526e-001
1.602100e+003,1.428525e-001
1.602582e+003,1.438653e-001
1.603064e+003,1.449301e-001
1.603546e+003,1.460996e-001
1.604028e+003,1.474060e-001
1.604510e+003,1.488395e-001
1.604993e+003,1.503557e-001
1.605475e+003,1.519050e-001
1.605957e+003,1.534667e-001
1.606439e+003,1.550665e-001
1.606921e+003,1.567701e-001
1.607403e+003,1.586491e-001
1.607885e+003,1.607403e-001
1.608367e+003,1.630185e-001
1.608850e+003,1.654067e-001
1.609332e+003,1.678203e-001
1.609814e+003,1.702132e-001
1.610296e+003,1.725972e-001
1.610778e+003,1.750197e-001
1.611260e+003,1.775210e-001
1.611742e+003,1.800945e-001
1.612225e+003,1.826789e-001
1.612707e+003,1.851861e-001
1.613189e+003,1.875474e-001
1.613671e+003,1.897564e-001
1.614153e+003,1.918986e-001
1.614635e+003,1.941564e-001
1.615117e+003,1.967862e-001
1.615599e+003,2.000336e-001
1.616082e+003,2.039790e-001
1.616564e+003,2.083881e-001
1.617046e+003,2.127745e-001
1.617528e+003,2.167036e-001
1.618010e+003,2.200392e-001
1.618492e+003,2.229053e-001
1.618974e+003,2.255110e-001
1.619456e+003,2.280249e-001
1.619938e+003,2.305444e-001
1.620421e+003,2.331226e-001
1.620903e+003,2.358132e-001
1.621385e+003,2.387081e-001
1.621867e+003,2.419485e-001
1.622349e+003,2.456709e-001
1.622831e+003,2.498939e-001
1.623313e+003,2.544163e-001
1.623796e+003,2.588617e-001
1.624278e+003,2.628747e-001
1.624760e+003,2.662998e-001
1.625242e+003,2.692142e-001
1.625724e+003,2.718489e-001
1.626206e+003,2.744838e-001
1.626688e+003,2.773543e-001
1.627170e+003,2.805702e-001
1.627653e+003,2.840662e-001
1.628135e+003,2.876242e-001
1.628617e+003,2.909870e-001
1.629099e+003,2.939977e-001
1.629581e+003,2.966602e-001
1.630063e+003,2.990905e-001
1.630545e+003,3.014214e-001
1.631027e+003,3.037281e-001
1.631510e+003,3.060013e-001
1.631992e+003,3.081710e-001
1.632474e+003,3.101566e-001
1.632956e+003,3.119271e-001
1.633438e+003,3.135496e-001
1.633920e+003,3.152149e-001
1.634402e+003,3.172135e-001
1.634885e+003,3.198125e-001
1.635366e+003,3.230204e-001
1.635849e+003,3.264071e-001
1.636331e+003,3.293412e-001
1.636813e+003,3.314962e-001
1.637295e+003,3.330114e-001
1.637777e+003,3.342248e-001
1.638259e+003,3.354074e-001
1.638741e+003,3.366714e-001
1.639224e+003,3.379907e-001
1.639706e+003,3.392599e-001
1.640188e+003,3.403683e-001
1.640670e+003,3.412612e-001
1.641152e+003,3.419690e-001
1.641634e+003,3.425864e-001
1.642116e+003,3.432137e-001
1.642598e+003,3.438987e-001
1.643081e+003,3.446087e-001
1.643563e+003,3.452421e-001
1.644045e+003,3.456750e-001
1.644527e+003,3.458171e-001
1.645009e+003,3.456679e-001
1.645491e+003,3.453463e-001
1.645973e+003,3.450630e-001
1.646455e+003,3.449946e-001
1.646938e+003,3.451162e-001
1.647420e+003,3.451886e-001
1.647902e+003,3.449832e-001
1.648384e+003,3.444757e-001
1.648866e+003,3.438120e-001
1.649348e+003,3.431750e-001
1.649830e+003,3.426996e-001
1.650313e+003,3.424350e-001
1.650794e+003,3.423254e-001
1.651277e+003,3.421751e-001
1.651759e+003,3.415948e-001
1.652241e+003,3.400210e-001
1.652723e+003,3.370771e-001
1.653205e+003,3.333206e-001
1.653687e+003,3.301246e-001
1.654169e+003,3.281900e-001
1.654652e+003,3.271209e-001
1.655134e+003,3.262671e-001
1.655616e+003,3.252272e-001
1.656098e+003,3.238682e-001
1.656580e+003,3.222244e-001
1.657062e+003,3.204075e-001
1.657544e+003,3.185417e-001
1.658026e+003,3.167080e-001
1.658509e+003,3.149154e-001
1.658991e+003,3.131029e-001
1.659473e+003,3.111700e-001
1.659955e+003,3.090246e-001
1.660437e+003,3.066186e-001
1.660919e+003,3.039593e-001
1.661401e+003,3.010978e-001
1.661883e+003,2.981006e-001
1.662365e+003,2.950294e-001
1.662848e+003,2.919362e-001
1.663330e+003,2.888785e-001
1.663812e+003,2.859305e-001
1.664294e+003,2.831720e-001
1.664776e+003,2.806628e-001
1.665258e+003,2.784210e-001
1.665740e+003,2.764093e-001
1.666222e+003,2.745310e-001
1.666705e+003,2.726294e-001
1.667187e+003,2.705088e-001
1.667669e+003,2.679750e-001
1.668151e+003,2.649082e-001
1.668633e+003,2.613478e-001
1.669115e+003,2.575233e-001
1.669597e+003,2.537743e-001
1.670080e+003,2.503736e-001
1.670562e+003,2.473997e-001
1.671044e+003,2.447639e-001
1.671526e+003,2.423307e-001
1.672008e+003,2.400029e-001
1.672490e+003,2.377311e-001
1.672972e+003,2.354735e-001
1.673454e+003,2.331520e-001
1.673937e+003,2.306309e-001
1.674419e+003,2.277513e-001
1.674901e+003,2.244429e-001
1.675383e+003,2.208408e-001
1.675865e+003,2.172638e-001
1.676347e+003,2.140265e-001
1.676829e+003,2.112692e-001
1.677311e+003,2.089355e-001
1.677793e+003,2.068442e-001
1.678276e+003,2.047696e-001
1.678758e+003,2.025103e-001
1.679240e+003,1.999569e-001
1.679722e+003,1.971434e-001
1.680204e+003,1.942445e-001
1.680686e+003,1.914936e-001
1.681168e+003,1.890621e-001
1.681650e+003,1.869610e-001
1.682133e+003,1.849864e-001
1.682615e+003,1.827002e-001
1.683097e+003,1.794880e-001
1.683579e+003,1.748838e-001
1.684061e+003,1.691983e-001
1.684543e+003,1.636542e-001
1.685025e+003,1.593445e-001
1.685508e+003,1.563848e-001
1.685990e+003,1.542508e-001
1.686472e+003,1.523707e-001
1.686954e+003,1.503593e-001
1.687436e+003,1.480237e-001
1.687918e+003,1.453172e-001
1.688400e+003,1.422963e-001
1.688882e+003,1.390747e-001
1.689365e+003,1.357730e-001
1.689847e+003,1.324793e-001
1.690329e+003,1.292409e-001
1.690811e+003,1.260885e-001
1.691293e+003,1.230618e-001
1.691775e+003,1.202122e-001
1.692257e+003,1.175841e-001
1.692739e+003,1.151808e-001
1.693221e+003,1.129339e-001
1.693704e+003,1.106812e-001
1.694186e+003,1.081666e-001
1.694668e+003,1.050966e-001
1.695150e+003,1.013026e-001
1.695632e+003,9.696489e-002
1.696114e+003,9.265531e-002
1.696596e+003,8.900035e-002
1.697078e+003,8.626635e-002
1.697561e+003,8.428290e-002
1.698043e+003,8.263599e-002
1.698525e+003,8.084771e-002
1.699007e+003,7.848807e-002
1.699489e+003,7.532730e-002
1.699971e+003,7.157131e-002
1.700453e+003,6.788781e-002
1.700936e+003,6.493389e-002
1.701417e+003,6.286558e-002
1.701900e+003,6.141382e-002
1.702382e+003,6.022992e-002
1.702864e+003,5.907105e-002
1.703346e+003,5.781825e-002
1.703828e+003,5.644100e-002
1.704310e+003,5.496230e-002
1.704792e+003,5.343169e-002
1.705275e+003,5.190091e-002
1.705757e+003,5.040741e-002
1.706239e+003,4.897149e-002
1.706721e+003,4.761044e-002
1.707203e+003,4.634881e-002
1.707685e+003,4.521553e-002
1.708167e+003,4.422762e-002
1.708649e+003,4.337617e-002
1.709132e+003,4.262157e-002
1.709614e+003,4.190544e-002
1.710096e+003,4.117451e-002
1.710578e+003,4.040574e-002
1.711060e+003,3.961604e-002
1.711542e+003,3.885275e-002
1.712024e+003,3.816735e-002
1.712506e+003,3.758806e-002
1.712989e+003,3.710198e-002
1.713471e+003,3.665520e-002
1.713953e+003,3.617147e-002
1.714435e+003,3.559091e-002
1.714917e+003,3.490470e-002
1.715399e+003,3.417026e-002
1.715881e+003,3.348705e-002
1.716364e+003,3.294263e-002
1.716845e+003,3.255494e-002
1.717328e+003,3.225143e-002
1.717810e+003,3.192386e-002
1.718292e+003,3.152191e-002
1.718774e+003,3.108498e-002
1.719256e+003,3.069145e-002
1.719738e+003,3.039405e-002
1.720220e+003,3.019589e-002
1.720703e+003,3.006000e-002
1.721185e+003,2.993021e-002
1.721667e+003,2.975360e-002
1.722149e+003,2.950083e-002
1.722631e+003,2.917970e-002
1.723113e+003,2.883467e-002
1.723595e+003,2.852402e-002
1.724077e+003,2.828718e-002
1.724560e+003,2.812232e-002
1.725042e+003,2.798936e-002
1.725524e+003,2.783833e-002
1.726006e+003,2.763673e-002
1.726488e+003,2.738660e-002
1.726970e+003,2.712123e-002
1.727452e+003,2.688790e-002
1.727934e+003,2.672143e-002
1.728417e+003,2.662545e-002
1.728899e+003,2.656522e-002
1.729381e+003,2.648358e-002
1.729863e+003,2.633162e-002
1.730345e+003,2.609793e-002
1.730827e+003,2.581544e-002
1.731309e+003,2.554299e-002
1.731792e+003,2.533476e-002
1.732273e+003,2.521520e-002
1.732756e+003,2.516321e-002
1.733238e+003,2.511748e-002
1.733720e+003,2.501014e-002
1.734202e+003,2.483025e-002
1.734684e+003,2.464132e-002
1.735166e+003,2.451903e-002
1.735648e+003,2.448485e-002
1.736131e+003,2.450817e-002
1.736613e+003,2.453775e-002
1.737095e+003,2.452713e-002
1.737577e+003,2.444795e-002
1.738059e+003,2.429961e-002
1.738541e+003,2.411416e-002
1.739023e+003,2.394663e-002
1.739505e+003,2.384678e-002
1.739988e+003,2.382352e-002
1.740470e+003,2.383666e-002
1.740952e+003,2.382564e-002
1.741434e+003,2.374841e-002
1.741916e+003,2.360235e-002
1.742398e+003,2.342224e-002
1.742880e+003,2.326047e-002
1.743362e+003,2.315879e-002
1.743844e+003,2.312391e-002
1.744327e+003,2.312357e-002
1.744809e+003,2.310553e-002
1.745291e+003,2.302672e-002
1.745773e+003,2.287520e-002
1.746255e+003,2.267438e-002
1.746737e+003,2.247005e-002
1.747219e+003,2.230620e-002
1.747702e+003,2.219995e-002
1.748184e+003,2.212806e-002
1.748666e+003,2.203825e-002
1.749148e+003,2.188283e-002
1.749630e+003,2.165107e-002
1.750112e+003,2.138197e-002
1.750594e+003,2.114020e-002
1.751076e+003,2.097489e-002
1.751559e+003,2.088700e-002
1.752041e+003,2.083332e-002
1.752523e+003,2.075909e-002
1.753005e+003,2.063087e-002
1.753487e+003,2.044823e-002
1.753969e+003,2.023718e-002
1.754451e+003,2.003442e-002
1.754933e+003,1.987071e-002
1.755416e+003,1.975844e-002
1.755898e+003,1.968279e-002
1.756380e+003,1.960920e-002
1.756862e+003,1.950289e-002
1.757344e+003,1.935391e-002
1.757826e+003,1.918271e-002
1.758308e+003,1.902477e-002
1.758791e+003,1.890638e-002
1.759272e+003,1.883132e-002
1.759755e+003,1.877971e-002
1.760237e+003,1.871863e-002
1.760719e+003,1.861937e-002
1.761201e+003,1.847686e-002
1.761683e+003,1.831820e-002
1.762165e+003,1.818771e-002
1.762647e+003,1.811530e-002
1.763130e+003,1.809537e-002
1.763612e+003,1.809320e-002
1.764094e+003,1.806840e-002
1.764576e+003,1.799648e-002
1.765058e+003,1.787891e-002
1.765540e+003,1.774051e-002
1.766022e+003,1.761907e-002
1.766504e+003,1.754818e-002
1.766987e+003,1.753865e-002
1.767469e+003,1.756813e-002
1.767951e+003,1.758952e-002
1.768433e+003,1.755798e-002
1.768915e+003,1.745694e-002
1.769397e+003,1.730745e-002
1.769879e+003,1.715384e-002
1.770361e+003,1.704396e-002
1.770844e+003,1.700463e-002
1.771326e+003,1.702468e-002
1.771808e+003,1.705602e-002
1.772290e+003,1.704295e-002
1.772772e+003,1.696490e-002
1.773254e+003,1.685215e-002
1.773736e+003,1.675444e-002
1.774219e+003,1.670360e-002
1.774700e+003,1.669745e-002
1.775183e+003,1.670871e-002
1.775665e+003,1.670105e-002
1.776147e+003,1.665050e-002
1.776629e+003,1.655691e-002
1.777111e+003,1.644489e-002
1.777593e+003,1.635026e-002
1.778075e+003,1.630180e-002
1.778558e+003,1.630628e-002
1.779040e+003,1.634351e-002
1.779522e+003,1.637595e-002
1.780004e+003,1.636822e-002
1.780486e+003,1.630890e-002
1.780968e+003,1.621870e-002
1.781450e+003,1.613623e-002
1.781932e+003,1.609195e-002
1.782415e+003,1.609106e-002
1.782897e+003,1.611146e-002
1.783379e+003,1.611853e-002
1.783861e+003,1.608360e-002
1.784343e+003,1.600097e-002
1.784825e+003,1.589343e-002
1.785307e+003,1.580003e-002
1.785789e+003,1.575189e-002
1.786271e+003,1.575288e-002
1.786754e+003,1.577882e-002
1.787236e+003,1.579311e-002
1.787718e+003,1.576684e-002
1.788200e+003,1.569316e-002
1.788682e+003,1.558999e-002
1.789164e+003,1.549186e-002
1.789646e+003,1.543246e-002
1.790128e+003,1.542791e-002
1.790611e+003,1.546347e-002
1.791093e+003,1.549645e-002
1.791575e+003,1.547761e-002
1.792057e+003,1.538717e-002
1.792539e+003,1.525368e-002
1.793021e+003,1.513566e-002
1.793503e+003,1.507865e-002
1.793986e+003,1.508852e-002
1.794468e+003,1.513501e-002
1.794950e+003,1.517607e-002
1.795432e+003,1.517869e-002
1.795914e+003,1.513423e-002
1.796396e+003,1.505952e-002
1.796878e+003,1.498691e-002
1.797360e+003,1.494382e-002
1.797843e+003,1.493775e-002
1.798325e+003,1.495032e-002
1.798807e+003,1.494788e-002
1.799289e+003,1.490024e-002
1.799771e+003,1.480182e-002
1.800253e+003,1.467923e-002
1.800735e+003,1.457921e-002
1.801217e+003,1.453994e-002
1.801699e+003,1.456621e-002
1.802182e+003,1.462754e-002
1.802664e+003,1.467734e-002
1.803146e+003,1.468042e-002
1.803628e+003,1.462911e-002
1.804110e+003,1.454484e-002
1.804592e+003,1.446364e-002
1.805074e+003,1.441578e-002
1.805556e+003,1.441006e-002
1.806039e+003,1.442945e-002
1.806521e+003,1.444111e-002
1.807003e+003,1.441532e-002
1.807485e+003,1.434402e-002
1.807967e+003,1.424554e-002
1.808449e+003,1.415635e-002
1.808931e+003,1.411216e-002
1.809414e+003,1.412557e-002
1.809896e+003,1.417836e-002
1.810378e+003,1.422935e-002
1.810860e+003,1.423901e-002
1.811342e+003,1.419128e-002
1.811824e+003,1.410325e-002
1.812306e+003,1.401146e-002
1.812788e+003,1.394689e-002
1.813271e+003,1.391641e-002
1.813753e+003,1.390078e-002
1.814235e+003,1.386783e-002
1.814717e+003,1.379245e-002
1.815199e+003,1.367219e-002
1.815681e+003,1.353345e-002
1.816163e+003,1.342061e-002
1.816645e+003,1.337458e-002
1.817127e+003,1.340949e-002
1.817610e+003,1.350218e-002
1.818092e+003,1.360639e-002
1.818574e+003,1.367719e-002
1.819056e+003,1.369388e-002
1.819538e+003,1.366874e-002
1.820020e+003,1.363671e-002
1.820502e+003,1.363093e-002
1.820984e+003,1.366407e-002
1.821467e+003,1.371927e-002
1.821949e+003,1.376160e-002
1.822431e+003,1.375824e-002
1.822913e+003,1.369637e-002
1.823395e+003,1.359475e-002
1.823877e+003,1.349556e-002
1.824359e+003,1.344189e-002
1.824842e+003,1.344925e-002
1.825323e+003,1.349218e-002
1.825806e+003,1.352054e-002
1.826288e+003,1.349260e-002
1.826770e+003,1.339711e-002
1.827252e+003,1.326131e-002
1.827734e+003,1.313334e-002
1.828216e+003,1.306248e-002
1.828698e+003,1.307442e-002
1.829181e+003,1.315304e-002
1.829663e+003,1.324582e-002
1.830145e+003,1.329371e-002
1.830627e+003,1.327186e-002
1.831109e+003,1.320410e-002
1.831591e+003,1.313718e-002
1.832073e+003,1.310848e-002
1.832555e+003,1.312477e-002
1.833038e+003,1.316416e-002
1.833520e+003,1.319079e-002
1.834002e+003,1.317393e-002
1.834484e+003,1.310682e-002
1.834966e+003,1.301212e-002
1.835448e+003,1.293141e-002
1.835930e+003,1.290167e-002
1.836412e+003,1.293246e-002
1.836895e+003,1.299951e-002
1.837377e+003,1.305787e-002
1.837859e+003,1.306792e-002
1.838341e+003,1.301940e-002
1.838823e+003,1.293699e-002
1.839305e+003,1.286457e-002
1.839787e+003,1.283845e-002
1.840270e+003,1.286660e-002
1.840751e+003,1.292439e-002
1.841234e+003,1.296678e-002
1.841716e+003,1.295014e-002
1.842198e+003,1.285527e-002
1.842680e+003,1.270466e-002
1.843162e+003,1.255933e-002
1.843644e+003,1.248921e-002
1.844126e+003,1.252649e-002
1.844609e+003,1.263810e-002
1.845091e+003,1.274811e-002
1.845573e+003,1.279077e-002
1.846055e+003,1.274931e-002
1.846537e+003,1.265592e-002
1.847019e+003,1.256627e-002
1.847501e+003,1.252659e-002
1.847983e+003,1.255063e-002
1.848466e+003,1.261419e-002
1.848948e+003,1.267001e-002
1.849430e+003,1.267450e-002
1.849912e+003,1.261329e-002
1.850394e+003,1.250934e-002
1.850876e+003,1.240790e-002
1.851358e+003,1.235014e-002
1.851840e+003,1.235086e-002
1.852323e+003,1.239123e-002
1.852805e+003,1.242999e-002
1.853287e+003,1.242861e-002
1.853769e+003,1.237508e-002
1.854251e+003,1.229245e-002
1.854733e+003,1.222502e-002
1.855215e+003,1.221253e-002
1.855698e+003,1.226546e-002
1.856179e+003,1.235813e-002
1.856662e+003,1.244237e-002
1.857144e+003,1.247272e-002
1.857626e+003,1.243345e-002
1.858108e+003,1.234747e-002
1.858590e+003,1.226282e-002
1.859072e+003,1.222491e-002
1.859554e+003,1.224935e-002
1.860037e+003,1.231379e-002
1.860519e+003,1.237075e-002
1.861001e+003,1.237646e-002
1.861483e+003,1.231478e-002
1.861965e+003,1.220892e-002
1.862447e+003,1.210458e-002
1.862929e+003,1.204281e-002
1.863411e+003,1.203646e-002
1.863894e+003,1.206170e-002
1.864376e+003,1.207209e-002
1.864858e+003,1.202479e-002
1.865340e+003,1.190565e-002
1.865822e+003,1.174130e-002
1.866304e+003,1.158931e-002
1.866786e+003,1.151231e-002
1.867268e+003,1.154352e-002
1.867750e+003,1.166471e-002
1.868233e+003,1.181079e-002
1.868715e+003,1.190878e-002
1.869197e+003,1.192618e-002
1.869679e+003,1.189154e-002
1.870161e+003,1.186587e-002
1.870643e+003,1.189654e-002
1.871125e+003,1.198926e-002
1.871608e+003,1.210923e-002
1.872090e+003,1.220547e-002
1.872572e+003,1.223841e-002
1.873054e+003,1.220155e-002
1.873536e+003,1.212542e-002
1.874018e+003,1.206344e-002
1.874500e+003,1.206049e-002
1.874982e+003,1.212772e-002
1.875465e+003,1.223372e-002
1.875947e+003,1.232180e-002
1.876429e+003,1.234131e-002
1.876911e+003,1.227630e-002
1.877393e+003,1.215676e-002
1.877875e+003,1.204223e-002
1.878357e+003,1.198823e-002
1.878839e+003,1.201594e-002
1.879322e+003,1.210118e-002
1.879804e+003,1.218944e-002
1.880286e+003,1.222836e-002
1.880768e+003,1.219671e-002
1.881250e+003,1.211885e-002
1.881732e+003,1.204684e-002
1.882214e+003,1.203050e-002
1.882697e+003,1.208663e-002
1.883178e+003,1.218815e-002
1.883661e+003,1.227964e-002
1.884143e+003,1.230725e-002
1.884625e+003,1.225208e-002
1.885107e+003,1.214268e-002
1.885589e+003,1.203920e-002
1.886071e+003,1.199897e-002
1.886553e+003,1.204555e-002
1.887036e+003,1.215707e-002
1.887518e+003,1.228003e-002
1.888000e+003,1.235670e-002
1.888482e+003,1.235783e-002
1.888964e+003,1.230329e-002
1.889446e+003,1.224962e-002
1.889928e+003,1.225382e-002
1.890410e+003,1.233312e-002
1.890893e+003,1.245438e-002
1.891375e+003,1.255745e-002
1.891857e+003,1.259344e-002
1.892339e+003,1.255113e-002
1.892821e+003,1.246403e-002
1.893303e+003,1.239154e-002
1.893785e+003,1.238985e-002
1.894267e+003,1.247661e-002
1.894750e+003,1.262015e-002
1.895232e+003,1.275365e-002
1.895714e+003,1.281521e-002
1.896196e+003,1.278381e-002
1.896678e+003,1.269196e-002
1.897160e+003,1.260219e-002
1.897642e+003,1.256817e-002
1.898125e+003,1.260189e-002
1.898606e+003,1.266686e-002
1.899089e+003,1.269711e-002
1.899571e+003,1.263405e-002
1.900053e+003,1.246186e-002
1.900535e+003,1.222091e-002
1.901017e+003,1.198885e-002
1.901499e+003,1.184232e-002
1.901981e+003,1.181482e-002
1.902464e+003,1.188375e-002
1.902946e+003,1.198316e-002
1.903428e+003,1.204456e-002
1.903910e+003,1.203154e-002
1.904392e+003,1.195962e-002
1.904874e+003,1.188062e-002
1.905356e+003,1.184936e-002
1.905838e+003,1.188625e-002
1.906321e+003,1.196468e-002
1.906803e+003,1.202707e-002
1.907285e+003,1.201664e-002
1.907767e+003,1.191668e-002
1.908249e+003,1.176416e-002
1.908731e+003,1.163468e-002
1.909213e+003,1.159803e-002
1.909695e+003,1.167546e-002
1.910177e+003,1.182510e-002
1.910660e+003,1.196500e-002
1.911142e+003,1.201987e-002
1.911624e+003,1.196256e-002
1.912106e+003,1.182617e-002
1.912588e+003,1.168261e-002
1.913070e+003,1.160057e-002
1.913552e+003,1.160858e-002
1.914034e+003,1.168238e-002
1.914517e+003,1.176085e-002
1.914999e+003,1.178344e-002
1.915481e+003,1.172751e-002
1.915963e+003,1.162198e-002
1.916445e+003,1.153675e-002
1.916927e+003,1.154126e-002
1.917409e+003,1.165555e-002
1.917892e+003,1.182844e-002
1.918374e+003,1.196011e-002
1.918856e+003,1.196073e-002
1.919338e+003,1.180414e-002
1.919820e+003,1.153849e-002
1.920302e+003,1.125319e-002
1.920784e+003,1.103214e-002
1.921266e+003,1.091429e-002
1.921749e+003,1.088058e-002
1.922231e+003,1.086944e-002
1.922713e+003,1.081530e-002
1.923195e+003,1.069698e-002
1.923677e+003,1.055816e-002
1.924159e+003,1.047668e-002
1.924641e+003,1.051398e-002
1.925123e+003,1.067444e-002
1.925605e+003,1.089867e-002
1.926088e+003,1.109383e-002
1.926570e+003,1.118078e-002
1.927052e+003,1.113303e-002
1.927534e+003,1.099571e-002
1.928016e+003,1.086144e-002
1.928498e+003,1.081749e-002
1.928980e+003,1.089802e-002
1.929462e+003,1.106320e-002
1.929945e+003,1.122175e-002
1.930427e+003,1.128043e-002
1.930909e+003,1.119655e-002
1.931391e+003,1.100345e-002
1.931873e+003,1.078805e-002
1.932355e+003,1.064126e-002
1.932837e+003,1.060669e-002
1.933320e+003,1.065591e-002
1.933802e+003,1.071276e-002
1.934284e+003,1.070128e-002
1.934766e+003,1.059604e-002
1.935248e+003,1.044467e-002
1.935730e+003,1.033876e-002
1.936212e+003,1.036095e-002
1.936694e+003,1.053226e-002
1.937177e+003,1.079692e-002
1.937659e+003,1.104755e-002
1.938141e+003,1.118551e-002
1.938623e+003,1.117209e-002
1.939105e+003,1.105195e-002
1.939587e+003,1.092500e-002
1.940069e+003,1.088702e-002
1.940551e+003,1.097355e-002
1.941033e+003,1.113111e-002
1.941516e+003,1.124248e-002
1.941998e+003,1.118854e-002
1.942480e+003,1.092949e-002
1.942962e+003,1.054510e-002
1.943444e+003,1.018949e-002
1.943926e+003,9.999726e-003
1.944408e+003,1.001446e-002
1.944890e+003,1.016473e-002
1.945373e+003,1.031803e-002
1.945855e+003,1.035491e-002
1.946337e+003,1.023273e-002
1.946819e+003,1.001310e-002
1.947301e+003,9.822347e-003
1.947783e+003,9.777834e-003
1.948265e+003,9.916034e-003
1.948748e+003,1.017103e-002
1.949229e+003,1.041236e-002
1.949712e+003,1.051893e-002
1.950194e+003,1.044663e-002
1.950676e+003,1.025979e-002
1.951158e+003,1.009044e-002
1.951640e+003,1.006094e-002
1.952122e+003,1.020521e-002
1.952604e+003,1.044644e-002
1.953087e+003,1.063805e-002
1.953569e+003,1.064586e-002
1.954051e+003,1.042684e-002
1.954533e+003,1.006576e-002
1.955015e+003,9.730984e-003
1.955497e+003,9.579443e-003
1.955979e+003,9.666034e-003
1.956461e+003,9.906131e-003
1.956944e+003,1.012640e-002
1.957426e+003,1.016014e-002
1.957908e+003,9.940562e-003
1.958390e+003,9.552795e-003
1.958872e+003,9.191195e-003
1.959354e+003,9.053881e-003
1.959836e+003,9.224668e-003
1.960318e+003,9.627827e-003
1.960801e+003,1.006155e-002
1.961283e+003,1.031387e-002
1.961765e+003,1.027029e-002
1.962247e+003,9.978512e-003
1.962729e+003,9.611385e-003
1.963211e+003,9.354454e-003
1.963693e+003,9.293798e-003
1.964176e+003,9.369708e-003
1.964657e+003,9.417290e-003
1.965140e+003,9.267007e-003
1.965622e+003,8.856762e-003
1.966104e+003,8.291322e-003
1.966586e+003,7.801994e-003
1.967068e+003,7.611733e-003
1.967550e+003,7.791543e-003
1.968032e+003,8.212674e-003
1.968515e+003,8.624334e-003
1.968997e+003,8.792405e-003
1.969479e+003,8.628558e-003
1.969961e+003,8.236933e-003
1.970443e+003,7.852282e-003
1.970925e+003,7.700590e-003
1.971407e+003,7.874914e-003
1.971889e+003,8.278182e-003
1.972372e+003,8.683352e-003
1.972854e+003,8.859294e-003
1.973336e+003,8.698097e-003
1.973818e+003,8.288522e-003
1.974300e+003,7.864815e-003
1.974782e+003,7.672679e-003
1.975264e+003,7.829356e-003
1.975746e+003,8.271768e-003
1.976229e+003,8.810407e-003
1.976711e+003,9.254436e-003
1.977193e+003,9.539246e-003
1.977675e+003,9.771260e-003
1.978157e+003,1.014544e-002
1.978639e+003,1.079961e-002
1.979121e+003,1.169978e-002
1.979604e+003,1.263694e-002
1.980085e+003,1.333286e-002
1.980568e+003,1.357828e-002
1.981050e+003,1.333722e-002
1.981532e+003,1.276513e-002
1.982014e+003,1.213059e-002
1.982496e+003,1.167858e-002
1.982978e+003,1.151347e-002
1.983460e+003,1.156948e-002
1.983943e+003,1.167077e-002
1.984425e+003,1.164589e-002
1.984907e+003,1.142842e-002
1.985389e+003,1.109908e-002
1.985871e+003,1.083035e-002
1.986353e+003,1.078093e-002
1.986835e+003,1.099962e-002
1.987317e+003,1.138826e-002
1.987800e+003,1.175802e-002
1.988282e+003,1.193580e-002
1.988764e+003,1.185645e-002
1.989246e+003,1.160430e-002
1.989728e+003,1.135744e-002
1.990210e+003,1.128643e-002
1.990692e+003,1.144990e-002
1.991174e+003,1.176027e-002
1.991656e+003,1.203027e-002
1.992139e+003,1.208820e-002
1.992621e+003,1.188246e-002
1.993103e+003,1.152467e-002
1.993585e+003,1.121864e-002
1.994067e+003,1.113676e-002
1.994549e+003,1.132423e-002
1.995031e+003,1.167637e-002
1.995514e+003,1.200228e-002
1.995996e+003,1.212294e-002
1.996478e+003,1.196394e-002
1.996960e+003,1.159672e-002
1.997442e+003,1.119784e-002
1.997924e+003,1.095045e-002
1.998406e+003,1.093787e-002
1.998888e+003,1.110505e-002
1.999371e+003,1.129691e-002
1.999853e+003,1.135126e-002
2.000335e+003,1.119378e-002
2.000817e+003,1.088360e-002
2.001299e+003,1.057001e-002
2.001781e+003,1.040151e-002
2.002263e+003,1.042758e-002
2.002745e+003,1.056556e-002
2.003228e+003,1.065102e-002
2.003710e+003,1.053571e-002
2.004192e+003,1.018388e-002
2.004674e+003,9.722141e-003
2.005156e+003,9.376395e-003
2.005638e+003,9.356952e-003
2.006120e+003,9.724315e-003
2.006603e+003,1.034710e-002
2.007084e+003,1.095837e-002
2.007567e+003,1.128978e-002
2.008049e+003,1.121127e-002
2.008531e+003,1.079678e-002
2.009013e+003,1.027398e-002
2.009495e+003,9.884975e-003
2.009977e+003,9.752844e-003
2.010459e+003,9.829555e-003
2.010942e+003,9.951730e-003
2.011424e+003,9.955534e-003
2.011906e+003,9.789773e-003
2.012388e+003,9.560326e-003
2.012870e+003,9.467615e-003
2.013352e+003,9.683887e-003
2.013834e+003,1.023396e-002
2.014316e+003,1.097088e-002
2.014799e+003,1.163902e-002
2.015281e+003,1.200086e-002
2.015763e+003,1.195979e-002
2.016245e+003,1.162835e-002
2.016727e+003,1.126433e-002
2.017209e+003,1.113169e-002
2.017691e+003,1.134536e-002
2.018173e+003,1.180775e-002
2.018656e+003,1.228580e-002
2.019138e+003,1.254896e-002
2.019620e+003,1.249602e-002
2.020102e+003,1.221912e-002
2.020584e+003,1.193708e-002
2.021066e+003,1.186676e-002
2.021548e+003,1.208925e-002
2.022031e+003,1.250407e-002
2.022512e+003,1.287617e-002
2.022995e+003,1.297093e-002
2.023477e+003,1.267666e-002
2.023959e+003,1.207708e-002
2.024441e+003,1.140336e-002
2.024923e+003,1.090637e-002
2.025405e+003,1.071703e-002
2.025887e+003,1.079066e-002
2.026370e+003,1.095413e-002
2.026852e+003,1.101814e-002
2.027334e+003,1.089337e-002
2.027816e+003,1.064559e-002
2.028298e+003,1.044340e-002
2.028780e+003,1.043908e-002
2.029262e+003,1.066346e-002
2.029744e+003,1.099314e-002
2.030227e+003,1.122240e-002
2.030709e+003,1.118172e-002
2.031191e+003,1.085257e-002
2.031673e+003,1.040199e-002
2.032155e+003,1.010412e-002
2.032637e+003,1.019065e-002
2.033119e+003,1.072151e-002
2.033601e+003,1.154718e-002
2.034083e+003,1.238865e-002
2.034566e+003,1.297986e-002
2.035048e+003,1.319844e-002
2.035530e+003,1.311682e-002
2.036012e+003,1.293973e-002
2.036494e+003,1.287261e-002
2.036976e+003,1.300257e-002
2.037458e+003,1.326211e-002
2.037940e+003,1.348201e-002
2.038423e+003,1.350495e-002
2.038905e+003,1.328037e-002
2.039387e+003,1.290399e-002
2.039869e+003,1.256187e-002
2.040351e+003,1.242312e-002
2.040833e+003,1.254209e-002
2.041315e+003,1.282513e-002
2.041798e+003,1.309568e-002
2.042280e+003,1.319170e-002
2.042762e+003,1.306697e-002
2.043244e+003,1.281513e-002
2.043726e+003,1.261262e-002
2.044208e+003,1.261381e-002
2.044690e+003,1.286083e-002
2.045172e+003,1.325901e-002
2.045655e+003,1.363601e-002
2.046137e+003,1.383703e-002
2.046619e+003,1.381550e-002
2.047101e+003,1.366776e-002
2.047583e+003,1.357425e-002
2.048065e+003,1.370204e-002
2.048547e+003,1.410412e-002
2.049029e+003,1.468738e-002
2.049511e+003,1.526805e-002
2.049994e+003,1.566504e-002
2.050476e+003,1.579188e-002
2.050958e+003,1.568797e-002
2.051440e+003,1.547923e-002
2.051922e+003,1.530281e-002
2.052404e+003,1.523785e-002
2.052886e+003,1.527630e-002
2.053368e+003,1.534302e-002
2.053851e+003,1.535043e-002
2.054333e+003,1.525335e-002
2.054815e+003,1.508047e-002
2.055297e+003,1.491392e-002
2.055779e+003,1.483424e-002
2.056261e+003,1.487069e-002
2.056743e+003,1.498090e-002
2.057226e+003,1.507501e-002
2.057708e+003,1.506717e-002
2.058190e+003,1.492597e-002
2.058672e+003,1.469693e-002
2.059154e+003,1.447574e-002
2.059636e+003,1.435957e-002
2.060118e+003,1.439061e-002
2.060600e+003,1.454080e-002
2.061083e+003,1.473142e-002
2.061565e+003,1.488105e-002
2.062047e+003,1.495373e-002
2.062529e+003,1.497932e-002
2.063011e+003,1.503023e-002
2.063493e+003,1.517587e-002
2.063975e+003,1.543396e-002
2.064457e+003,1.575413e-002
2.064939e+003,1.604390e-002
2.065422e+003,1.621418e-002
2.065904e+003,1.622974e-002
2.066386e+003,1.612903e-002
2.066868e+003,1.599858e-002
2.067350e+003,1.592233e-002
2.067832e+003,1.593776e-002
2.068314e+003,1.602024e-002
2.068796e+003,1.610464e-002
2.069279e+003,1.612487e-002
2.069761e+003,1.606034e-002
2.070243e+003,1.594761e-002
2.070725e+003,1.585935e-002
2.071207e+003,1.586102e-002
2.071689e+003,1.596979e-002
2.072171e+003,1.614287e-002
2.072654e+003,1.630157e-002
2.073135e+003,1.637490e-002
2.073618e+003,1.633861e-002
2.074100e+003,1.623416e-002
2.074582e+003,1.613974e-002
2.075064e+003,1.613173e-002
2.075546e+003,1.623925e-002
2.076028e+003,1.643368e-002
2.076510e+003,1.664577e-002
2.076993e+003,1.680632e-002
2.077475e+003,1.688400e-002
2.077957e+003,1.690160e-002
2.078439e+003,1.691247e-002
2.078921e+003,1.696700e-002
2.079403e+003,1.707541e-002
2.079885e+003,1.719855e-002
2.080367e+003,1.726915e-002
2.080850e+003,1.723133e-002
2.081332e+003,1.707641e-002
2.081814e+003,1.685327e-002
2.082296e+003,1.664850e-002
2.082778e+003,1.654165e-002
2.083260e+003,1.656741e-002
2.083742e+003,1.670008e-002
2.084224e+003,1.686984e-002
2.084707e+003,1.700169e-002
2.085189e+003,1.705159e-002
2.085671e+003,1.702814e-002
2.086153e+003,1.697594e-002
2.086635e+003,1.694789e-002
2.087117e+003,1.696624e-002
2.087599e+003,1.701231e-002
2.088082e+003,1.703669e-002
2.088563e+003,1.698907e-002
2.089046e+003,1.685167e-002
2.089528e+003,1.665350e-002
2.090010e+003,1.645656e-002
2.090492e+003,1.632240e-002
2.090974e+003,1.628088e-002
2.091456e+003,1.631533e-002
2.091938e+003,1.637548e-002
2.092421e+003,1.640805e-002
2.092903e+003,1.638762e-002
2.093385e+003,1.633136e-002
2.093867e+003,1.628582e-002
2.094349e+003,1.629755e-002
2.094831e+003,1.638321e-002
2.095313e+003,1.651812e-002
2.095795e+003,1.665055e-002
2.096278e+003,1.673411e-002
2.096760e+003,1.675672e-002
2.097242e+003,1.675271e-002
2.097724e+003,1.678063e-002
2.098206e+003,1.688916e-002
2.098688e+003,1.708348e-002
2.099170e+003,1.731910e-002
2.099652e+003,1.752227e-002
2.100135e+003,1.762597e-002
2.100617e+003,1.760731e-002
2.101099e+003,1.749964e-002
2.101581e+003,1.737348e-002
2.102063e+003,1.729881e-002
2.102545e+003,1.731010e-002
2.103027e+003,1.738899e-002
2.103510e+003,1.748007e-002
2.103991e+003,1.752338e-002
2.104474e+003,1.748986e-002
2.104956e+003,1.739705e-002
2.105438e+003,1.729638e-002
2.105920e+003,1.724380e-002
2.106402e+003,1.726482e-002
2.106884e+003,1.734468e-002
2.107366e+003,1.743882e-002
2.107849e+003,1.750218e-002
2.108331e+003,1.751707e-002
2.108813e+003,1.750748e-002
2.109295e+003,1.752003e-002
2.109777e+003,1.759708e-002
2.110259e+003,1.774851e-002
2.110741e+003,1.793997e-002
2.111223e+003,1.811294e-002
2.111706e+003,1.821235e-002
2.112188e+003,1.821687e-002
2.112670e+003,1.814998e-002
2.113152e+003,1.806200e-002
2.113634e+003,1.799927e-002
2.114116e+003,1.797523e-002
2.114598e+003,1.796246e-002
2.115080e+003,1.790953e-002
2.115563e+003,1.777289e-002
2.116045e+003,1.754801e-002
2.116527e+003,1.727799e-002
2.117009e+003,1.703608e-002
2.117491e+003,1.688731e-002
2.117973e+003,1.685670e-002
2.118455e+003,1.691559e-002
2.118938e+003,1.699689e-002
2.119420e+003,1.703022e-002
2.119902e+003,1.697886e-002
2.120384e+003,1.685714e-002
2.120866e+003,1.671834e-002
2.121348e+003,1.662337e-002
2.121830e+003,1.660123e-002
2.122312e+003,1.663493e-002
2.122794e+003,1.666750e-002
2.123277e+003,1.663597e-002
2.123759e+003,1.650435e-002
2.124241e+003,1.628699e-002
2.124723e+003,1.603778e-002
2.125205e+003,1.581961e-002
2.125687e+003,1.567045e-002
2.126169e+003,1.558165e-002
2.126651e+003,1.550614e-002
2.127134e+003,1.538553e-002
2.127616e+003,1.518511e-002
2.128098e+003,1.491685e-002
2.128580e+003,1.462877e-002
2.129062e+003,1.437647e-002
2.129544e+003,1.418983e-002
2.130026e+003,1.405617e-002
2.130509e+003,1.392905e-002
2.130990e+003,1.376005e-002
2.131473e+003,1.353488e-002
2.131955e+003,1.329247e-002
2.132437e+003,1.310913e-002
2.132919e+003,1.306034e-002
2.133401e+003,1.317730e-002
2.133883e+003,1.342350e-002
2.134365e+003,1.370956e-002
2.134848e+003,1.393940e-002
2.135330e+003,1.405639e-002
2.135812e+003,1.407739e-002
2.136294e+003,1.407209e-002
2.136776e+003,1.411825e-002
2.137258e+003,1.424432e-002
2.137740e+003,1.440845e-002
2.138222e+003,1.451460e-002
2.138705e+003,1.446447e-002
2.139187e+003,1.421600e-002
2.139669e+003,1.381789e-002
2.140151e+003,1.338645e-002
2.140633e+003,1.305493e-002
2.141115e+003,1.290096e-002
2.141597e+003,1.291408e-002
2.142079e+003,1.300393e-002
2.142562e+003,1.305474e-002
2.143044e+003,1.298581e-002
2.143526e+003,1.279739e-002
2.144008e+003,1.255693e-002
2.144490e+003,1.235380e-002
2.144972e+003,1.223912e-002
2.145454e+003,1.219613e-002
2.145937e+003,1.215119e-002
2.146418e+003,1.202790e-002
2.146901e+003,1.180530e-002
2.147383e+003,1.155125e-002
2.147865e+003,1.138986e-002
2.148347e+003,1.143515e-002
2.148829e+003,1.171432e-002
2.149311e+003,1.214468e-002
2.149793e+003,1.255450e-002
2.150276e+003,1.276827e-002
2.150758e+003,1.268192e-002
2.151240e+003,1.232132e-002
2.151722e+003,1.181391e-002
2.152204e+003,1.132516e-002
2.152686e+003,1.095928e-002
2.153168e+003,1.071201e-002
2.153650e+003,1.047855e-002
2.154133e+003,1.011928e-002
2.154615e+003,9.548204e-003
2.155097e+003,8.802193e-003
2.155579e+003,8.029214e-003
2.156061e+003,7.426453e-003
2.156543e+003,7.148846e-003
2.157025e+003,7.242633e-003
2.157507e+003,7.656853e-003
2.157990e+003,8.288624e-003
2.158472e+003,9.077936e-003
2.158954e+003,1.003954e-002
2.159436e+003,1.122411e-002
2.159918e+003,1.262995e-002
2.160400e+003,1.413945e-002
2.160882e+003,1.553965e-002
2.161365e+003,1.660778e-002
2.161846e+003,1.720858e-002
2.162329e+003,1.736720e-002
2.162811e+003,1.725509e-002
2.163293e+003,1.710928e-002
2.163775e+003,1.711572e-002
2.164257e+003,1.731907e-002
2.164739e+003,1.761302e-002
2.165221e+003,1.781170e-002
2.165704e+003,1.775285e-002
2.166186e+003,1.739233e-002
2.166668e+003,1.683371e-002
2.167150e+003,1.626991e-002
2.167632e+003,1.588507e-002
2.168114e+003,1.575835e-002
2.168596e+003,1.583821e-002
2.169078e+003,1.598375e-002
2.169561e+003,1.604507e-002
2.170043e+003,1.594632e-002
2.170525e+003,1.572110e-002
2.171007e+003,1.547659e-002
2.171489e+003,1.531993e-002
2.171971e+003,1.529313e-002
2.172453e+003,1.534049e-002
2.172935e+003,1.534360e-002
2.173417e+003,1.519470e-002
2.173900e+003,1.486456e-002
2.174382e+003,1.443651e-002
2.174864e+003,1.406331e-002
2.175346e+003,1.388867e-002
2.175828e+003,1.396952e-002
2.176310e+003,1.424146e-002
2.176792e+003,1.455805e-002
2.177274e+003,1.476548e-002
2.177757e+003,1.478194e-002
2.178239e+003,1.464058e-002
2.178721e+003,1.445278e-002
2.179203e+003,1.434198e-002
2.179685e+003,1.437485e-002
2.180167e+003,1.452524e-002
2.180649e+003,1.470368e-002
2.181132e+003,1.481850e-002
2.181614e+003,1.483903e-002
2.182096e+003,1.482314e-002
2.182578e+003,1.488298e-002
2.183060e+003,1.511526e-002
2.183542e+003,1.553190e-002
2.184024e+003,1.604752e-002
2.184506e+003,1.651695e-002
2.184989e+003,1.680515e-002
2.185471e+003,1.685743e-002
2.185953e+003,1.672749e-002
2.186435e+003,1.654104e-002
2.186917e+003,1.642392e-002
2.187399e+003,1.644155e-002
2.187881e+003,1.655936e-002
2.188363e+003,1.668520e-002
2.188845e+003,1.671943e-002
2.189328e+003,1.661881e-002
2.189810e+003,1.642910e-002
2.190292e+003,1.625221e-002
2.190774e+003,1.618808e-002
2.191256e+003,1.627517e-002
2.191738e+003,1.646995e-002
2.192220e+003,1.666841e-002
2.192702e+003,1.676628e-002
2.193185e+003,1.671072e-002
2.193667e+003,1.653459e-002
2.194149e+003,1.632742e-002
2.194631e+003,1.618462e-002
2.195113e+003,1.615030e-002
2.195595e+003,1.619484e-002
2.196077e+003,1.623755e-002
2.196560e+003,1.619285e-002
2.197042e+003,1.602678e-002
2.197524e+003,1.578006e-002
2.198006e+003,1.554750e-002
2.198488e+003,1.542853e-002
2.198970e+003,1.547494e-002
2.199452e+003,1.566796e-002
2.199934e+003,1.593715e-002
2.200417e+003,1.619881e-002
2.200899e+003,1.640502e-002
2.201381e+003,1.656267e-002
2.201863e+003,1.671633e-002
2.202345e+003,1.691019e-002
2.202827e+003,1.715032e-002
2.203309e+003,1.738830e-002
2.203791e+003,1.755117e-002
2.204273e+003,1.757740e-002
2.204756e+003,1.745632e-002
2.205238e+003,1.724385e-002
2.205720e+003,1.703266e-002
2.206202e+003,1.690216e-002
2.206684e+003,1.687824e-002
2.207166e+003,1.692175e-002
2.207648e+003,1.695017e-002
2.208130e+003,1.689020e-002
2.208613e+003,1.671954e-002
2.209095e+003,1.648592e-002
2.209577e+003,1.628077e-002
2.210059e+003,1.618988e-002
2.210541e+003,1.624385e-002
2.211023e+003,1.640529e-002
2.211505e+003,1.658629e-002
2.211988e+003,1.669609e-002
2.212469e+003,1.668683e-002
2.212952e+003,1.657975e-002
2.213434e+003,1.644451e-002
2.213916e+003,1.635938e-002
2.214398e+003,1.636667e-002
2.214880e+003,1.645347e-002
2.215362e+003,1.656421e-002
2.215844e+003,1.663691e-002
2.216327e+003,1.664128e-002
2.216809e+003,1.659781e-002
2.217291e+003,1.656308e-002
2.217773e+003,1.659262e-002
2.218255e+003,1.670728e-002
2.218737e+003,1.687766e-002
2.219219e+003,1.704148e-002
2.219701e+003,1.713554e-002
2.220184e+003,1.713162e-002
2.220666e+003,1.705116e-002
2.221148e+003,1.694873e-002
2.221630e+003,1.687749e-002
2.222112e+003,1.686017e-002
2.222594e+003,1.687762e-002
2.223076e+003,1.688698e-002
2.223558e+003,1.684956e-002
2.224041e+003,1.676450e-002
2.224523e+003,1.667012e-002
2.225005e+003,1.662798e-002
2.225487e+003,1.668072e-002
2.225969e+003,1.682842e-002
2.226451e+003,1.702148e-002
2.226933e+003,1.718408e-002
2.227416e+003,1.725595e-002
2.227897e+003,1.722135e-002
2.228380e+003,1.712400e-002
2.228862e+003,1.703848e-002
2.229344e+003,1.703284e-002
2.229826e+003,1.713097e-002
2.230308e+003,1.730198e-002
2.230790e+003,1.747895e-002
2.231272e+003,1.759550e-002
2.231755e+003,1.761994e-002
2.232237e+003,1.757306e-002
2.232719e+003,1.750928e-002
2.233201e+003,1.748398e-002
2.233683e+003,1.752445e-002
2.234165e+003,1.761281e-002
2.234647e+003,1.770484e-002
2.235129e+003,1.775557e-002
2.235612e+003,1.775072e-002
2.236094e+003,1.771659e-002
2.236576e+003,1.770109e-002
2.237058e+003,1.774658e-002
2.237540e+003,1.786012e-002
2.238022e+003,1.800801e-002
2.238504e+003,1.813264e-002
2.238986e+003,1.818416e-002
2.239469e+003,1.814688e-002
2.239951e+003,1.805309e-002
2.240433e+003,1.796223e-002
2.240915e+003,1.792790e-002
2.241397e+003,1.796988e-002
2.241879e+003,1.806561e-002
2.242361e+003,1.816282e-002
2.242844e+003,1.821223e-002
2.243326e+003,1.819426e-002
2.243808e+003,1.813212e-002
2.244290e+003,1.807519e-002
2.244772e+003,1.807066e-002
2.245254e+003,1.813585e-002
2.245736e+003,1.824899e-002
2.246218e+003,1.836189e-002
2.246700e+003,1.842742e-002
2.247183e+003,1.842736e-002
2.247665e+003,1.838092e-002
2.248147e+003,1.833264e-002
2.248629e+003,1.832541e-002
2.249111e+003,1.837399e-002
2.249593e+003,1.845617e-002
2.250075e+003,1.852774e-002
2.250557e+003,1.854691e-002
2.251040e+003,1.849821e-002
2.251522e+003,1.840638e-002
2.252004e+003,1.831939e-002
2.252486e+003,1.828308e-002
2.252968e+003,1.831491e-002
2.253450e+003,1.839734e-002
2.253932e+003,1.848895e-002
2.254415e+003,1.854878e-002
2.254896e+003,1.856150e-002
2.255379e+003,1.854803e-002
2.255861e+003,1.854986e-002
2.256343e+003,1.860411e-002
2.256825e+003,1.871891e-002
2.257307e+003,1.886654e-002
2.257789e+003,1.899726e-002
2.258271e+003,1.906517e-002
2.258754e+003,1.905230e-002
2.259236e+003,1.898073e-002
2.259718e+003,1.889616e-002
2.260200e+003,1.884484e-002
2.260682e+003,1.884932e-002
2.261164e+003,1.889633e-002
2.261646e+003,1.894933e-002
2.262128e+003,1.897026e-002
2.262611e+003,1.894396e-002
2.263093e+003,1.889013e-002
2.263575e+003,1.884966e-002
2.264057e+003,1.886529e-002
2.264539e+003,1.895514e-002
2.265021e+003,1.910271e-002
2.265503e+003,1.926683e-002
2.265985e+003,1.940156e-002
2.266468e+003,1.947991e-002
2.266950e+003,1.950804e-002
2.267432e+003,1.951578e-002
2.267914e+003,1.953879e-002
2.268396e+003,1.959769e-002
2.268878e+003,1.968790e-002
2.269360e+003,1.978491e-002
2.269843e+003,1.986278e-002
2.270324e+003,1.990868e-002
2.270807e+003,1.993517e-002
2.271289e+003,1.996997e-002
2.271771e+003,2.003873e-002
2.272253e+003,2.014848e-002
2.272735e+003,2.028143e-002
2.273217e+003,2.040422e-002
2.273699e+003,2.048376e-002
2.274182e+003,2.050649e-002
2.274664e+003,2.048529e-002
2.275146e+003,2.045115e-002
2.275628e+003,2.043632e-002
2.276110e+003,2.045674e-002
2.276592e+003,2.050513e-002
2.277074e+003,2.055746e-002
2.277556e+003,2.058878e-002
2.278039e+003,2.058859e-002
2.278521e+003,2.056929e-002
2.279003e+003,2.055830e-002
2.279485e+003,2.058269e-002
2.279967e+003,2.065516e-002
2.280449e+003,2.076677e-002
2.280931e+003,2.089512e-002
2.281413e+003,2.101628e-002
2.281896e+003,2.111957e-002
2.282378e+003,2.121419e-002
2.282860e+003,2.132061e-002
2.283342e+003,2.145746e-002
2.283824e+003,2.162927e-002
2.284306e+003,2.182144e-002
2.284788e+003,2.200629e-002
2.285271e+003,2.215611e-002
2.285752e+003,2.225775e-002
2.286235e+003,2.231738e-002
2.286717e+003,2.235385e-002
2.287199e+003,2.238763e-002
2.287681e+003,2.242817e-002
2.288163e+003,2.246880e-002
2.288645e+003,2.249176e-002
2.289127e+003,2.247912e-002
2.289610e+003,2.242488e-002
2.290092e+003,2.233866e-002
2.290574e+003,2.224230e-002
2.291056e+003,2.215825e-002
2.291538e+003,2.209825e-002
2.292020e+003,2.205903e-002
2.292502e+003,2.202662e-002
2.292984e+003,2.198457e-002
2.293467e+003,2.192534e-002
2.293949e+003,2.185497e-002
2.294431e+003,2.178730e-002
2.294913e+003,2.173630e-002
2.295395e+003,2.170636e-002
2.295877e+003,2.168860e-002
2.296359e+003,2.166688e-002
2.296841e+003,2.162663e-002
2.297323e+003,2.156411e-002
2.297806e+003,2.149084e-002
2.298288e+003,2.142750e-002
2.298770e+003,2.139364e-002
2.299252e+003,2.139750e-002
2.299734e+003,2.143204e-002
2.300216e+003,2.147842e-002
2.300698e+003,2.151657e-002
2.301180e+003,2.153527e-002
2.301663e+003,2.153806e-002
2.302145e+003,2.153906e-002
2.302627e+003,2.155309e-002
2.303109e+003,2.158715e-002
2.303591e+003,2.163441e-002
2.304073e+003,2.167888e-002
2.304555e+003,2.170379e-002
2.305038e+003,2.170076e-002
2.305520e+003,2.167626e-002
2.306002e+003,2.164713e-002
2.306484e+003,2.163175e-002
2.306966e+003,2.164166e-002
2.307448e+003,2.167470e-002
2.307930e+003,2.171885e-002
2.308412e+003,2.175879e-002
2.308895e+003,2.178601e-002
2.309377e+003,2.180323e-002
2.309859e+003,2.182178e-002
2.310341e+003,2.185372e-002
2.310823e+003,2.190398e-002
2.311305e+003,2.196671e-002
2.311787e+003,2.202805e-002
2.312269e+003,2.207517e-002
2.312751e+003,2.210390e-002
2.313234e+003,2.212324e-002
2.313716e+003,2.215050e-002
2.314198e+003,2.220105e-002
2.314680e+003,2.228017e-002
2.315162e+003,2.237971e-002
2.315644e+003,2.248198e-002
2.316126e+003,2.256922e-002
2.316608e+003,2.263350e-002
2.317091e+003,2.268124e-002
2.317573e+003,2.272900e-002
2.318055e+003,2.279595e-002
2.318537e+003,2.289201e-002
2.319019e+003,2.301602e-002
2.319501e+003,2.315787e-002
2.319983e+003,2.330908e-002
2.320466e+003,2.346768e-002
2.320948e+003,2.364425e-002
2.321430e+003,2.385108e-002
2.321912e+003,2.409026e-002
2.322394e+003,2.434276e-002
2.322876e+003,2.456719e-002
2.323358e+003,2.470947e-002
2.323840e+003,2.472241e-002
2.324323e+003,2.458272e-002
2.324805e+003,2.429906e-002
2.325287e+003,2.390775e-002
2.325769e+003,2.345956e-002
2.326251e+003,2.300484e-002
2.326733e+003,2.258167e-002
2.327215e+003,2.221187e-002
2.327697e+003,2.190400e-002
2.328179e+003,2.165843e-002
2.328662e+003,2.147556e-002
2.329144e+003,2.135514e-002
2.329626e+003,2.129445e-002
2.330108e+003,2.128427e-002
2.330590e+003,2.130736e-002
2.331072e+003,2.134183e-002
2.331554e+003,2.136802e-002
2.332036e+003,2.137607e-002
2.332519e+003,2.136991e-002
2.333001e+003,2.136162e-002
2.333483e+003,2.136382e-002
2.333965e+003,2.137984e-002
2.334447e+003,2.140306e-002
2.334929e+003,2.141783e-002
2.335411e+003,2.140929e-002
2.335894e+003,2.137237e-002
2.336375e+003,2.131599e-002
2.336858e+003,2.125926e-002
2.337340e+003,2.122197e-002
2.337822e+003,2.121480e-002
2.338304e+003,2.123413e-002
2.338786e+003,2.126565e-002
2.339268e+003,2.129140e-002
2.339750e+003,2.130102e-002
2.340233e+003,2.129590e-002
2.340715e+003,2.128707e-002
2.341197e+003,2.128590e-002
2.341679e+003,2.129742e-002
2.342161e+003,2.131527e-002
2.342643e+003,2.132830e-002
2.343125e+003,2.132699e-002
2.343607e+003,2.131258e-002
2.344090e+003,2.130031e-002
2.344572e+003,2.130937e-002
2.345054e+003,2.135271e-002
2.345536e+003,2.142734e-002
2.346018e+003,2.151399e-002
2.346500e+003,2.158679e-002
2.346982e+003,2.162474e-002
2.347464e+003,2.162123e-002
2.347947e+003,2.158499e-002
2.348429e+003,2.153157e-002
2.348911e+003,2.147748e-002
2.349393e+003,2.143277e-002
2.349875e+003,2.139717e-002
2.350357e+003,2.136124e-002
2.350839e+003,2.131090e-002
2.351322e+003,2.123556e-002
2.351803e+003,2.113569e-002
2.352286e+003,2.102314e-002
2.352768e+003,2.091629e-002
2.353250e+003,2.082866e-002
2.353732e+003,2.076121e-002
2.354214e+003,2.070139e-002
2.354696e+003,2.062983e-002
2.355178e+003,2.053325e-002
2.355661e+003,2.041276e-002
2.356143e+003,2.028450e-002
2.356625e+003,2.016791e-002
2.357107e+003,2.007717e-002
2.357589e+003,2.000942e-002
2.358071e+003,1.994882e-002
2.358553e+003,1.987497e-002
2.359035e+003,1.977687e-002
2.359518e+003,1.966160e-002
2.360000e+003,1.954741e-002
2.360482e+003,1.945535e-002
2.360964e+003,1.939355e-002
2.361446e+003,1.935166e-002
2.361928e+003,1.930776e-002
2.362410e+003,1.924048e-002
2.362892e+003,1.914103e-002
2.363375e+003,1.902136e-002
2.363857e+003,1.890747e-002
2.364339e+003,1.882444e-002
2.364821e+003,1.878238e-002
2.365303e+003,1.877273e-002
2.365785e+003,1.877432e-002
2.366267e+003,1.876616e-002
2.366750e+003,1.873996e-002
2.367232e+003,1.870767e-002
2.367714e+003,1.869151e-002
2.368196e+003,1.871242e-002
2.368678e+003,1.877505e-002
2.369160e+003,1.886690e-002
2.369642e+003,1.896287e-002
2.370124e+003,1.903856e-002
2.370606e+003,1.908364e-002
2.371089e+003,1.910577e-002
2.371571e+003,1.912623e-002
2.372053e+003,1.916663e-002
2.372535e+003,1.923828e-002
2.373017e+003,1.933608e-002
2.373499e+003,1.944330e-002
2.373981e+003,1.954032e-002
2.374463e+003,1.961477e-002
2.374946e+003,1.966800e-002
2.375428e+003,1.971050e-002
2.375910e+003,1.975534e-002
2.376392e+003,1.980952e-002
2.376874e+003,1.987078e-002
2.377356e+003,1.992885e-002
2.377838e+003,1.997226e-002
2.378321e+003,1.999519e-002
2.378802e+003,2.000085e-002
2.379285e+003,2.000016e-002
2.379767e+003,2.000429e-002
2.380249e+003,2.002024e-002
2.380731e+003,2.004698e-002
2.381213e+003,2.007895e-002
2.381695e+003,2.010764e-002
2.382177e+003,2.012942e-002
2.382660e+003,2.014750e-002
2.383142e+003,2.016848e-002
2.383624e+003,2.019970e-002
2.384106e+003,2.024318e-002
2.384588e+003,2.029360e-002
2.385070e+003,2.034187e-002
2.385552e+003,2.037887e-002
2.386034e+003,2.040057e-002
2.386517e+003,2.041195e-002
2.386999e+003,2.042212e-002
2.387481e+003,2.044125e-002
2.387963e+003,2.047217e-002
2.388445e+003,2.051037e-002
2.388927e+003,2.054357e-002
2.389409e+003,2.055967e-002
2.389891e+003,2.055243e-002
2.390374e+003,2.052483e-002
2.390856e+003,2.048946e-002
2.391338e+003,2.046143e-002
2.391820e+003,2.045157e-002
2.392302e+003,2.046434e-002
2.392784e+003,2.049531e-002
2.393266e+003,2.053737e-002
2.393749e+003,2.058390e-002
2.394230e+003,2.063433e-002
2.394713e+003,2.069118e-002
2.395195e+003,2.075615e-002
2.395677e+003,2.082632e-002
2.396159e+003,2.089192e-002
2.396641e+003,2.093874e-002
2.397123e+003,2.095486e-002
2.397605e+003,2.093654e-002
2.398088e+003,2.089105e-002
2.398570e+003,2.083582e-002
2.399052e+003,2.078981e-002
2.399534e+003,2.076633e-002
2.400016e+003,2.076832e-002
2.400498e+003,2.078993e-002
2.400980e+003,2.081846e-002
2.401462e+003,2.084358e-002
2.401945e+003,2.086157e-002
2.402427e+003,2.087631e-002
2.402909e+003,2.089471e-002
2.403391e+003,2.092125e-002
2.403873e+003,2.095608e-002
2.404355e+003,2.099402e-002
2.404837e+003,2.102880e-002
2.405319e+003,2.105749e-002
2.405802e+003,2.108481e-002
2.406284e+003,2.111898e-002
2.406766e+003,2.116943e-002
2.407248e+003,2.123936e-002
2.407730e+003,2.132422e-002
2.408212e+003,2.141334e-002
2.408694e+003,2.149421e-002
2.409177e+003,2.155914e-002
2.409658e+003,2.160747e-002
2.410141e+003,2.164537e-002
2.410623e+003,2.167906e-002
2.411105e+003,2.171072e-002
2.411587e+003,2.173652e-002
2.412069e+003,2.174878e-002
2.412551e+003,2.173958e-002
2.413033e+003,2.170915e-002
2.413516e+003,2.166548e-002
2.413998e+003,2.162343e-002
2.414480e+003,2.159753e-002
2.414962e+003,2.159465e-002
2.415444e+003,2.161367e-002
2.415926e+003,2.164438e-002
2.416408e+003,2.167551e-002
2.416890e+003,2.169921e-002
2.417373e+003,2.171744e-002
2.417855e+003,2.173731e-002
2.418337e+003,2.176570e-002
2.418819e+003,2.180547e-002
2.419301e+003,2.185000e-002
2.419783e+003,2.188800e-002
2.420265e+003,2.190808e-002
2.420747e+003,2.190557e-002
2.421229e+003,2.188634e-002
2.421712e+003,2.186415e-002
2.422194e+003,2.185392e-002
2.422676e+003,2.186490e-002
2.423158e+003,2.189729e-002
2.423640e+003,2.194224e-002
2.424122e+003,2.198826e-002
2.424604e+003,2.202734e-002
2.425086e+003,2.205970e-002
2.425569e+003,2.209133e-002
2.426051e+003,2.213028e-002
2.426533e+003,2.218000e-002
2.427015e+003,2.223747e-002
2.427497e+003,2.229405e-002
2.427979e+003,2.234022e-002
2.428461e+003,2.237128e-002
2.428944e+003,2.239027e-002
2.429426e+003,2.240557e-002
2.429908e+003,2.242466e-002
2.430390e+003,2.245017e-002
2.430872e+003,2.247708e-002
2.431354e+003,2.249552e-002
2.431836e+003,2.249695e-002
2.432318e+003,2.247901e-002
2.432801e+003,2.244905e-002
2.433283e+003,2.242015e-002
2.433765e+003,2.240457e-002
2.434247e+003,2.240744e-002
2.434729e+003,2.242383e-002
2.435211e+003,2.244360e-002
2.435693e+003,2.245481e-002
2.436175e+003,2.245315e-002
2.436657e+003,2.244324e-002
2.437140e+003,2.243490e-002
2.437622e+003,2.243843e-002
2.438104e+003,2.245632e-002
2.438586e+003,2.248313e-002
2.439068e+003,2.250713e-002
2.439550e+003,2.251786e-002
2.440032e+003,2.251364e-002
2.440514e+003,2.250404e-002
2.440997e+003,2.250609e-002
2.441479e+003,2.253632e-002
2.441961e+003,2.260111e-002
2.442443e+003,2.269527e-002
2.442925e+003,2.280205e-002
2.443407e+003,2.290159e-002
2.443889e+003,2.297860e-002
2.444372e+003,2.302940e-002
2.444854e+003,2.306002e-002
2.445336e+003,2.308121e-002
2.445818e+003,2.310257e-002
2.446300e+003,2.312817e-002
2.446782e+003,2.315576e-002
2.447264e+003,2.318171e-002
2.447746e+003,2.320418e-002
2.448229e+003,2.322682e-002
2.448711e+003,2.325569e-002
2.449193e+003,2.329586e-002
2.449675e+003,2.334649e-002
2.450157e+003,2.339931e-002
2.450639e+003,2.344342e-002
2.451121e+003,2.347111e-002
2.451604e+003,2.348196e-002
2.452085e+003,2.348441e-002
2.452568e+003,2.349160e-002
2.453050e+003,2.351301e-002
2.453532e+003,2.354913e-002
2.454014e+003,2.359150e-002
2.454496e+003,2.362482e-002
2.454978e+003,2.363744e-002
2.455460e+003,2.362636e-002
2.455943e+003,2.360155e-002
2.456425e+003,2.357972e-002
2.456907e+003,2.357669e-002
2.457389e+003,2.359821e-002
2.457871e+003,2.363881e-002
2.458353e+003,2.368301e-002
2.458835e+003,2.371356e-002
2.459317e+003,2.372088e-002
2.459800e+003,2.370736e-002
2.460282e+003,2.368500e-002
2.460764e+003,2.366847e-002
2.461246e+003,2.366677e-002
2.461728e+003,2.368058e-002
2.462210e+003,2.370173e-002
2.462692e+003,2.372039e-002
2.463174e+003,2.373029e-002
2.463656e+003,2.373410e-002
2.464139e+003,2.374025e-002
2.464621e+003,2.375784e-002
2.465103e+003,2.378921e-002
2.465585e+003,2.382945e-002
2.466067e+003,2.386669e-002
2.466549e+003,2.388958e-002
2.467031e+003,2.389408e-002
2.467513e+003,2.388671e-002
2.467996e+003,2.388142e-002
2.468478e+003,2.389128e-002
2.468960e+003,2.392288e-002
2.469442e+003,2.397181e-002
2.469924e+003,2.402553e-002
2.470406e+003,2.407032e-002
2.470888e+003,2.409771e-002
2.471371e+003,2.411103e-002
2.471853e+003,2.412210e-002
2.472335e+003,2.414473e-002
2.472817e+003,2.418690e-002
2.473299e+003,2.424811e-002
2.473781e+003,2.431866e-002
2.474263e+003,2.438604e-002
2.474745e+003,2.444112e-002
2.475228e+003,2.448339e-002
2.475710e+003,2.451845e-002
2.476192e+003,2.455395e-002
2.476674e+003,2.459399e-002
2.477156e+003,2.463682e-002
2.477638e+003,2.467589e-002
2.478120e+003,2.470632e-002
2.478602e+003,2.472835e-002
2.479084e+003,2.475022e-002
2.479567e+003,2.478328e-002
2.480049e+003,2.483511e-002
2.480531e+003,2.490512e-002
2.481013e+003,2.498181e-002
2.481495e+003,2.504835e-002
2.481977e+003,2.509017e-002
2.482459e+003,2.510371e-002
2.482941e+003,2.509823e-002
2.483424e+003,2.509190e-002
2.483906e+003,2.510326e-002
2.484388e+003,2.514032e-002
2.484870e+003,2.519854e-002
2.485352e+003,2.526168e-002
2.485834e+003,2.531177e-002
2.486316e+003,2.533709e-002
2.486799e+003,2.534015e-002
2.487281e+003,2.533376e-002
2.487763e+003,2.533513e-002
2.488245e+003,2.535607e-002
2.488727e+003,2.539779e-002
2.489209e+003,2.545092e-002
2.489691e+003,2.550130e-002
2.490173e+003,2.553926e-002
2.490656e+003,2.556457e-002
2.491138e+003,2.558618e-002
2.491620e+003,2.561589e-002
2.492102e+003,2.566152e-002
2.492584e+003,2.572197e-002
2.493066e+003,2.578675e-002
2.493548e+003,2.584132e-002
2.494030e+003,2.587560e-002
2.494512e+003,2.588703e-002
2.494995e+003,2.588349e-002
2.495477e+003,2.587655e-002
2.495959e+003,2.587571e-002
2.496441e+003,2.588502e-002
2.496923e+003,2.590214e-002
2.497405e+003,2.592223e-002
2.497887e+003,2.594308e-002
2.498370e+003,2.596810e-002
2.498852e+003,2.600431e-002
2.499334e+003,2.605726e-002
2.499816e+003,2.612532e-002
2.500298e+003,2.619944e-002
2.500780e+003,2.626477e-002
2.501262e+003,2.630642e-002
2.501744e+003,2.631871e-002
2.502227e+003,2.630654e-002
2.502709e+003,2.628400e-002
2.503191e+003,2.626740e-002
2.503673e+003,2.626761e-002
2.504155e+003,2.628575e-002
2.504637e+003,2.631480e-002
2.505119e+003,2.634452e-002
2.505601e+003,2.636805e-002
2.506083e+003,2.638623e-002
2.506566e+003,2.640653e-002
2.507048e+003,2.643740e-002
2.507530e+003,2.648147e-002
2.508012e+003,2.653442e-002
2.508494e+003,2.658508e-002
2.508976e+003,2.662214e-002
2.509458e+003,2.664021e-002
2.509940e+003,2.664413e-002
2.510423e+003,2.664567e-002
2.510905e+003,2.665795e-002
2.511387e+003,2.668907e-002
2.511869e+003,2.673761e-002
2.512351e+003,2.679427e-002
2.512833e+003,2.684771e-002
2.513315e+003,2.689118e-002
2.513798e+003,2.692588e-002
2.514280e+003,2.695940e-002
2.514762e+003,2.699967e-002
2.515244e+003,2.704918e-002
2.515726e+003,2.710324e-002
2.516208e+003,2.715006e-002
2.516690e+003,2.717877e-002
2.517172e+003,2.718509e-002
2.517655e+003,2.717524e-002
2.518137e+003,2.716300e-002
2.518619e+003,2.716324e-002
2.519101e+003,2.718281e-002
2.519583e+003,2.722045e-002
2.520065e+003,2.726512e-002
2.520547e+003,2.730391e-002
2.521029e+003,2.732943e-002
2.521511e+003,2.734501e-002
2.521994e+003,2.736130e-002
2.522476e+003,2.739198e-002
2.522958e+003,2.744445e-002
2.523440e+003,2.751596e-002
2.523922e+003,2.759548e-002
2.524404e+003,2.766835e-002
2.524886e+003,2.772400e-002
2.525368e+003,2.776139e-002
2.525851e+003,2.778806e-002
2.526333e+003,2.781448e-002
2.526815e+003,2.784882e-002
2.527297e+003,2.789124e-002
2.527779e+003,2.793599e-002
2.528261e+003,2.797475e-002
2.528743e+003,2.800286e-002
2.529226e+003,2.802402e-002
2.529708e+003,2.804681e-002
2.530190e+003,2.807968e-002
2.530672e+003,2.812615e-002
2.531154e+003,2.818133e-002
2.531636e+003,2.823308e-002
2.532118e+003,2.826859e-002
2.532600e+003,2.828198e-002
2.533083e+003,2.827643e-002
2.533565e+003,2.826475e-002
2.534047e+003,2.825903e-002
2.534529e+003,2.826785e-002
2.535011e+003,2.828925e-002
2.535493e+003,2.831480e-002
2.535975e+003,2.833217e-002
2.536457e+003,2.833583e-002
2.536939e+003,2.833078e-002
2.537422e+003,2.832883e-002
2.537904e+003,2.834448e-002
2.538386e+003,2.838629e-002
2.538868e+003,2.845184e-002
2.539350e+003,2.852917e-002
2.539832e+003,2.860212e-002
2.540314e+003,2.865783e-002
2.540796e+003,2.869359e-002
2.541279e+003,2.871640e-002
2.541761e+003,2.873819e-002
2.542243e+003,2.876967e-002
2.542725e+003,2.881361e-002
2.543207e+003,2.886534e-002
2.543689e+003,2.891580e-002
2.544171e+003,2.895789e-002
2.544654e+003,2.899125e-002
2.545135e+003,2.902314e-002
2.545618e+003,2.906354e-002
2.546100e+003,2.912127e-002
2.546582e+003,2.919826e-002
2.547064e+003,2.929001e-002
2.547546e+003,2.938803e-002
2.548028e+003,2.948368e-002
2.548510e+003,2.957347e-002
2.548993e+003,2.965732e-002
2.549475e+003,2.973703e-002
2.549957e+003,2.981078e-002
2.550439e+003,2.987302e-002
2.550921e+003,2.991514e-002
2.551403e+003,2.993026e-002
2.551885e+003,2.991646e-002
2.552367e+003,2.988240e-002
2.552850e+003,2.984174e-002
2.553332e+003,2.981009e-002
2.553814e+003,2.979738e-002
2.554296e+003,2.980622e-002
2.554778e+003,2.983175e-002
2.555260e+003,2.986653e-002
2.555742e+003,2.990443e-002
2.556224e+003,2.994462e-002
2.556707e+003,2.999091e-002
2.557189e+003,3.004601e-002
2.557671e+003,3.010879e-002
2.558153e+003,3.017195e-002
2.558635e+003,3.022363e-002
2.559117e+003,3.025442e-002
2.559599e+003,3.026186e-002
2.560082e+003,3.025310e-002
2.560563e+003,3.024292e-002
2.561046e+003,3.024774e-002
2.561528e+003,3.027760e-002
2.562010e+003,3.033346e-002
2.562492e+003,3.040784e-002
2.562974e+003,3.048896e-002
2.563456e+003,3.056829e-002
2.563938e+003,3.064320e-002
2.564421e+003,3.071700e-002
2.564903e+003,3.079521e-002
2.565385e+003,3.087929e-002
2.565867e+003,3.096411e-002
2.566349e+003,3.104049e-002
2.566831e+003,3.109783e-002
2.567313e+003,3.113184e-002
2.567795e+003,3.114696e-002
2.568278e+003,3.115473e-002
2.568760e+003,3.116951e-002
2.569242e+003,3.119970e-002
2.569724e+003,3.124670e-002
2.570206e+003,3.130328e-002
2.570688e+003,3.135750e-002
2.571170e+003,3.140071e-002
2.571652e+003,3.143087e-002
2.572135e+003,3.145351e-002
2.572617e+003,3.147738e-002
2.573099e+003,3.151143e-002
2.573581e+003,3.155830e-002
2.574063e+003,3.161623e-002
2.574545e+003,3.167981e-002
2.575027e+003,3.174490e-002
2.575510e+003,3.181116e-002
2.575991e+003,3.188131e-002
2.576474e+003,3.195887e-002
2.576956e+003,3.204304e-002
2.577438e+003,3.212937e-002
2.577920e+003,3.220860e-002
2.578402e+003,3.227302e-002
2.578884e+003,3.231845e-002
2.579366e+003,3.234886e-002
2.579849e+003,3.237303e-002
2.580331e+003,3.240108e-002
2.580813e+003,3.243759e-002
2.581295e+003,3.248221e-002
2.581777e+003,3.252843e-002
2.582259e+003,3.256869e-002
2.582741e+003,3.259891e-002
2.583223e+003,3.262279e-002
2.583706e+003,3.264898e-002
2.584188e+003,3.268812e-002
2.584670e+003,3.274642e-002
2.585152e+003,3.282344e-002
2.585634e+003,3.291186e-002
2.586116e+003,3.300112e-002
2.586598e+003,3.308274e-002
2.587080e+003,3.315318e-002
2.587563e+003,3.321446e-002
2.588045e+003,3.327108e-002
2.588527e+003,3.332720e-002
2.589009e+003,3.338404e-002
2.589491e+003,3.344073e-002
2.589973e+003,3.349664e-002
2.590455e+003,3.355310e-002
2.590938e+003,3.361586e-002
2.591419e+003,3.369263e-002
2.591902e+003,3.378792e-002
2.592384e+003,3.390008e-002
2.592866e+003,3.402140e-002
2.593348e+003,3.413941e-002
2.593830e+003,3.424224e-002
2.594312e+003,3.432481e-002
2.594794e+003,3.439075e-002
2.595277e+003,3.445007e-002
2.595759e+003,3.451553e-002
2.596241e+003,3.459477e-002
2.596723e+003,3.468920e-002
2.597205e+003,3.479229e-002
2.597687e+003,3.489507e-002
2.598169e+003,3.498963e-002
2.598651e+003,3.507366e-002
2.599134e+003,3.515035e-002
2.599616e+003,3.522539e-002
2.600098e+003,3.530231e-002
2.600580e+003,3.538123e-002
2.601062e+003,3.545814e-002
2.601544e+003,3.552848e-002
2.602026e+003,3.558908e-002
2.602508e+003,3.564275e-002
2.602990e+003,3.569653e-002
2.603473e+003,3.575674e-002
2.603955e+003,3.582854e-002
2.604437e+003,3.590947e-002
2.604919e+003,3.599425e-002
2.605401e+003,3.607524e-002
2.605883e+003,3.614780e-002
2.606365e+003,3.621235e-002
2.606847e+003,3.627399e-002
2.607330e+003,3.634002e-002
2.607812e+003,3.641491e-002
2.608294e+003,3.649920e-002
2.608776e+003,3.658879e-002
2.609258e+003,3.667815e-002
2.609740e+003,3.676335e-002
2.610222e+003,3.684492e-002
2.610705e+003,3.692742e-002
2.611187e+003,3.701576e-002
2.611669e+003,3.711380e-002
2.612151e+003,3.721983e-002
2.612633e+003,3.732823e-002
2.613115e+003,3.743337e-002
2.613597e+003,3.752979e-002
2.614079e+003,3.761674e-002
2.614562e+003,3.769828e-002
2.615044e+003,3.777868e-002
2.615526e+003,3.786172e-002
2.616008e+003,3.794819e-002
2.616490e+003,3.803577e-002
2.616972e+003,3.812169e-002
2.617454e+003,3.820432e-002
2.617936e+003,3.828582e-002
2.618418e+003,3.836950e-002
2.618901e+003,3.845913e-002
2.619383e+003,3.855546e-002
2.619865e+003,3.865676e-002
2.620347e+003,3.875828e-002
2.620829e+003,3.885652e-002
2.621311e+003,3.895048e-002
2.621793e+003,3.904386e-002
2.622276e+003,3.914177e-002
2.622758e+003,3.924782e-002
2.623240e+003,3.936147e-002
2.623722e+003,3.947813e-002
2.624204e+003,3.958865e-002
2.624686e+003,3.968605e-002
2.625168e+003,3.976755e-002
2.625650e+003,3.983675e-002
2.626133e+003,3.990264e-002
2.626615e+003,3.997585e-002
2.627097e+003,4.006324e-002
2.627579e+003,4.016564e-002
2.628061e+003,4.027954e-002
2.628543e+003,4.039755e-002
2.629025e+003,4.051390e-002
2.629507e+003,4.062596e-002
2.629990e+003,4.073535e-002
2.630472e+003,4.084498e-002
2.630954e+003,4.095646e-002
2.631436e+003,4.106881e-002
2.631918e+003,4.117803e-002
2.632400e+003,4.127988e-002
2.632882e+003,4.137165e-002
2.633364e+003,4.145414e-002
2.633846e+003,4.153213e-002
2.634329e+003,4.160970e-002
2.634811e+003,4.169020e-002
2.635293e+003,4.177255e-002
2.635775e+003,4.185256e-002
2.636257e+003,4.192481e-002
2.636739e+003,4.198604e-002
2.637221e+003,4.203778e-002
2.637704e+003,4.208382e-002
2.638186e+003,4.213114e-002
2.638668e+003,4.218446e-002
2.639150e+003,4.224561e-002
2.639632e+003,4.231258e-002
2.640114e+003,4.238141e-002
2.640596e+003,4.244770e-002
2.641078e+003,4.251012e-002
2.641561e+003,4.256902e-002
2.642043e+003,4.262675e-002
2.642525e+003,4.268398e-002
2.643007e+003,4.274066e-002
2.643489e+003,4.279491e-002
2.643971e+003,4.284464e-002
2.644453e+003,4.288901e-002
2.644935e+003,4.292976e-002
2.645417e+003,4.297071e-002
2.645900e+003,4.301595e-002
2.646382e+003,4.306694e-002
2.646864e+003,4.312377e-002
2.647346e+003,4.318435e-002
2.647828e+003,4.324578e-002
2.648310e+003,4.330732e-002
2.648792e+003,4.337016e-002
2.649274e+003,4.343812e-002
2.649757e+003,4.351331e-002
2.650239e+003,4.359685e-002
2.650721e+003,4.368660e-002
2.651203e+003,4.377795e-002
2.651685e+003,4.386604e-002
2.652167e+003,4.394788e-002
2.652649e+003,4.402353e-002
2.653132e+003,4.409510e-002
2.653614e+003,4.416506e-002
2.654096e+003,4.423457e-002
2.654578e+003,4.430247e-002
2.655060e+003,4.436529e-002
2.655542e+003,4.441988e-002
2.656024e+003,4.446563e-002
2.656506e+003,4.450463e-002
2.656989e+003,4.454115e-002
2.657471e+003,4.458091e-002
2.657953e+003,4.462652e-002
2.658435e+003,4.467792e-002
2.658917e+003,4.473127e-002
2.659399e+003,4.478050e-002
2.659881e+003,4.481996e-002
2.660363e+003,4.484640e-002
2.660845e+003,4.485857e-002
2.661328e+003,4.485781e-002
2.661810e+003,4.484585e-002
2.662292e+003,4.482482e-002
2.662774e+003,4.479697e-002
2.663256e+003,4.476555e-002
2.663738e+003,4.473522e-002
2.664220e+003,4.471120e-002
2.664702e+003,4.469993e-002
2.665185e+003,4.470444e-002
2.665667e+003,4.472445e-002
2.666149e+003,4.475615e-002
2.666631e+003,4.479261e-002
2.667113e+003,4.482671e-002
2.667595e+003,4.485503e-002
2.668077e+003,4.487627e-002
2.668560e+003,4.489340e-002
2.669042e+003,4.491088e-002
2.669524e+003,4.493075e-002
2.670006e+003,4.495396e-002
2.670488e+003,4.497900e-002
2.670970e+003,4.500258e-002
2.671452e+003,4.502377e-002
2.671934e+003,4.504358e-002
2.672417e+003,4.506423e-002
2.672899e+003,4.508884e-002
2.673381e+003,4.511769e-002
2.673863e+003,4.514895e-002
2.674345e+003,4.517892e-002
2.674827e+003,4.520421e-002
2.675309e+003,4.522314e-002
2.675791e+003,4.523774e-002
2.676273e+003,4.525244e-002
2.676756e+003,4.527183e-002
2.677238e+003,4.529843e-002
2.677720e+003,4.533159e-002
2.678202e+003,4.536706e-002
2.678684e+003,4.540070e-002
2.679166e+003,4.542909e-002
2.679648e+003,4.545287e-002
2.680130e+003,4.547545e-002
2.680613e+003,4.550118e-002
2.681095e+003,4.553320e-002
2.681577e+003,4.557095e-002
2.682059e+003,4.561168e-002
2.682541e+003,4.565038e-002
2.683023e+003,4.568400e-002
2.683505e+003,4.571247e-002
2.683988e+003,4.573807e-002
2.684469e+003,4.576442e-002
2.684952e+003,4.579420e-002
2.685434e+003,4.582787e-002
2.685916e+003,4.586266e-002
2.686398e+003,4.589496e-002
2.686880e+003,4.592181e-002
2.687362e+003,4.594246e-002
2.687844e+003,4.595923e-002
2.688327e+003,4.597544e-002
2.688809e+003,4.599351e-002
2.689291e+003,4.601445e-002
2.689773e+003,4.603643e-002
2.690255e+003,4.605719e-002
2.690737e+003,4.607620e-002
2.691219e+003,4.609466e-002
2.691701e+003,4.611665e-002
2.692184e+003,4.614569e-002
2.692666e+003,4.618384e-002
2.693148e+003,4.622999e-002
2.693630e+003,4.627996e-002
2.694112e+003,4.632929e-002
2.694594e+003,4.637428e-002
2.695076e+003,4.641509e-002
2.695558e+003,4.645444e-002
2.696041e+003,4.649676e-002
2.696523e+003,4.654486e-002
2.697005e+003,4.659912e-002
2.697487e+003,4.665573e-002
2.697969e+003,4.671161e-002
2.698451e+003,4.676350e-002
2.698933e+003,4.681252e-002
2.699416e+003,4.686249e-002
2.699897e+003,4.691966e-002
2.700380e+003,4.698791e-002
2.700862e+003,4.706859e-002
2.701344e+003,4.715916e-002
2.701826e+003,4.725398e-002
2.702308e+003,4.734706e-002
2.702790e+003,4.743541e-002
2.703272e+003,4.751812e-002
2.703755e+003,4.759833e-002
2.704237e+003,4.767755e-002
2.704719e+003,4.775791e-002
2.705201e+003,4.783868e-002
2.705683e+003,4.791836e-002
2.706165e+003,4.799546e-002
2.706647e+003,4.807138e-002
2.707129e+003,4.814824e-002
2.707612e+003,4.822953e-002
2.708094e+003,4.831731e-002
2.708576e+003,4.841166e-002
2.709058e+003,4.850913e-002
2.709540e+003,4.860488e-002
2.710022e+003,4.869513e-002
2.710504e+003,4.877877e-002
2.710986e+003,4.885777e-002
2.711469e+003,4.893706e-002
2.711951e+003,4.902052e-002
2.712433e+003,4.911122e-002
2.712915e+003,4.920955e-002
2.713397e+003,4.931316e-002
2.713879e+003,4.941991e-002
2.714361e+003,4.952858e-002
2.714844e+003,4.964020e-002
2.715325e+003,4.975619e-002
2.715808e+003,4.987898e-002
2.716290e+003,5.000829e-002
2.716772e+003,5.014181e-002
2.717254e+003,5.027622e-002
2.717736e+003,5.040825e-002
2.718218e+003,5.053647e-002
2.718700e+003,5.066117e-002
2.719183e+003,5.078482e-002
2.719665e+003,5.090859e-002
2.720147e+003,5.103327e-002
2.720629e+003,5.115772e-002
2.721111e+003,5.127930e-002
2.721593e+003,5.139594e-002
2.722075e+003,5.150745e-002
2.722557e+003,5.161617e-002
2.723040e+003,5.172503e-002
2.723522e+003,5.183715e-002
2.724004e+003,5.195478e-002
2.724486e+003,5.207735e-002
2.724968e+003,5.220310e-002
2.725450e+003,5.233041e-002
2.725932e+003,5.245815e-002
2.726414e+003,5.258775e-002
2.726896e+003,5.271927e-002
2.727379e+003,5.285398e-002
2.727861e+003,5.299101e-002
2.728343e+003,5.312848e-002
2.728825e+003,5.326393e-002
2.729307e+003,5.339509e-002
2.729789e+003,5.352260e-002
2.730271e+003,5.364810e-002
2.730753e+003,5.377430e-002
2.731236e+003,5.390216e-002
2.731718e+003,5.403274e-002
2.732200e+003,5.416403e-002
2.732682e+003,5.429462e-002
2.733164e+003,5.442346e-002
2.733646e+003,5.455216e-002
2.734128e+003,5.468284e-002
2.734611e+003,5.481819e-002
2.735093e+003,5.495894e-002
2.735575e+003,5.510296e-002
2.736057e+003,5.524514e-002
2.736539e+003,5.537951e-002
2.737021e+003,5.550205e-002
2.737503e+003,5.561078e-002
2.737985e+003,5.570821e-002
2.738468e+003,5.579838e-002
2.738950e+003,5.588706e-002
2.739432e+003,5.597748e-002
2.739914e+003,5.607069e-002
2.740396e+003,5.616612e-002
2.740878e+003,5.626189e-002
2.741360e+003,5.635617e-002
2.741842e+003,5.644884e-002
2.742324e+003,5.654080e-002
2.742807e+003,5.663242e-002
2.743289e+003,5.672512e-002
2.743771e+003,5.681796e-002
2.744253e+003,5.691186e-002
2.744735e+003,5.700713e-002
2.745217e+003,5.710628e-002
2.745699e+003,5.721194e-002
2.746182e+003,5.732557e-002
2.746664e+003,5.744717e-002
2.747146e+003,5.757416e-002
2.747628e+003,5.770113e-002
2.748110e+003,5.782383e-002
2.748592e+003,5.793894e-002
2.749074e+003,5.804702e-002
2.749556e+003,5.815046e-002
2.750039e+003,5.825441e-002
2.750521e+003,5.836223e-002
2.751003e+003,5.847660e-002
2.751485e+003,5.859639e-002
2.751967e+003,5.872023e-002
2.752449e+003,5.884654e-002
2.752931e+003,5.897490e-002
2.753413e+003,5.910667e-002
2.753896e+003,5.924387e-002
2.754378e+003,5.938658e-002
2.754860e+003,5.953282e-002
2.755342e+003,5.967959e-002
2.755824e+003,5.982326e-002
2.756306e+003,5.996028e-002
2.756788e+003,6.009216e-002
2.757270e+003,6.022286e-002
2.757752e+003,6.035820e-002
2.758235e+003,6.050333e-002
2.758717e+003,6.066092e-002
2.759199e+003,6.083011e-002
2.759681e+003,6.100805e-002
2.760163e+003,6.118952e-002
2.760645e+003,6.137051e-002
2.761127e+003,6.154889e-002
2.761610e+003,6.172388e-002
2.762092e+003,6.189568e-002
2.762574e+003,6.206465e-002
2.763056e+003,6.223071e-002
2.763538e+003,6.239425e-002
2.764020e+003,6.255505e-002
2.764502e+003,6.271583e-002
2.764984e+003,6.287900e-002
2.765467e+003,6.304698e-002
2.765949e+003,6.322016e-002
2.766431e+003,6.339727e-002
2.766913e+003,6.357572e-002
2.767395e+003,6.375146e-002
2.767877e+003,6.392223e-002
2.768359e+003,6.408913e-002
2.768841e+003,6.425484e-002
2.769323e+003,6.442351e-002
2.769806e+003,6.459867e-002
2.770288e+003,6.478251e-002
2.770770e+003,6.497441e-002
2.771252e+003,6.517172e-002
2.771734e+003,6.537240e-002
2.772216e+003,6.557591e-002
2.772698e+003,6.578281e-002
2.773180e+003,6.599437e-002
2.773663e+003,6.621226e-002
2.774145e+003,6.643607e-002
2.774627e+003,6.666427e-002
2.775109e+003,6.689473e-002
2.775591e+003,6.712530e-002
2.776073e+003,6.735540e-002
2.776555e+003,6.758600e-002
2.777038e+003,6.781878e-002
2.777520e+003,6.805419e-002
2.778002e+003,6.829235e-002
2.778484e+003,6.853191e-002
2.778966e+003,6.877275e-002
2.779448e+003,6.901499e-002
2.779930e+003,6.926233e-002
2.780412e+003,6.951837e-002
2.780895e+003,6.978666e-002
2.781377e+003,7.006935e-002
2.781859e+003,7.036452e-002
2.782341e+003,7.066736e-002
2.782823e+003,7.097301e-002
2.783305e+003,7.127689e-002
2.783787e+003,7.157750e-002
2.784269e+003,7.187625e-002
2.784751e+003,7.217582e-002
2.785234e+003,7.247851e-002
2.785716e+003,7.278530e-002
2.786198e+003,7.309452e-002
2.786680e+003,7.340350e-002
2.787162e+003,7.371150e-002
2.787644e+003,7.401986e-002
2.788126e+003,7.433302e-002
2.788608e+003,7.465538e-002
2.789091e+003,7.499220e-002
2.789573e+003,7.534388e-002
2.790055e+003,7.570825e-002
2.790537e+003,7.607996e-002
2.791019e+003,7.645315e-002
2.791501e+003,7.682401e-002
2.791983e+003,7.719146e-002
2.792466e+003,7.755687e-002
2.792948e+003,7.792360e-002
2.793430e+003,7.829410e-002
2.793912e+003,7.867044e-002
2.794394e+003,7.905168e-002
2.794876e+003,7.943760e-002
2.795358e+003,7.982732e-002
2.795840e+003,8.022086e-002
2.796323e+003,8.061909e-002
2.796805e+003,8.102235e-002
2.797287e+003,8.142982e-002
2.797769e+003,8.183914e-002
2.798251e+003,8.224874e-002
2.798733e+003,8.265650e-002
2.799215e+003,8.306167e-002
2.799697e+003,8.346647e-002
2.800179e+003,8.387313e-002
2.800662e+003,8.428385e-002
2.801144e+003,8.470059e-002
2.801626e+003,8.512409e-002
2.802108e+003,8.555422e-002
2.802590e+003,8.599171e-002
2.803072e+003,8.643720e-002
2.803554e+003,8.689284e-002
2.804036e+003,8.736138e-002
2.804519e+003,8.784272e-002
2.805001e+003,8.833629e-002
2.805483e+003,8.884003e-002
2.805965e+003,8.935151e-002
2.806447e+003,8.987027e-002
2.806929e+003,9.039736e-002
2.807411e+003,9.093615e-002
2.807894e+003,9.149068e-002
2.808375e+003,9.206288e-002
2.808858e+003,9.265301e-002
2.809340e+003,9.325889e-002
2.809822e+003,9.387752e-002
2.810304e+003,9.450611e-002
2.810786e+003,9.514457e-002
2.811268e+003,9.579536e-002
2.811750e+003,9.646215e-002
2.812233e+003,9.714804e-002
2.812715e+003,9.785564e-002
2.813197e+003,9.858386e-002
2.813679e+003,9.933175e-002
2.814161e+003,1.000974e-001
2.814643e+003,1.008815e-001
2.815125e+003,1.016862e-001
2.815607e+003,1.025148e-001
2.816090e+003,1.033715e-001
2.816572e+003,1.042592e-001
2.817054e+003,1.051788e-001
2.817536e+003,1.061307e-001
2.818018e+003,1.071165e-001
2.818500e+003,1.081388e-001
2.818982e+003,1.092029e-001
2.819464e+003,1.103140e-001
2.819947e+003,1.114777e-001
2.820429e+003,1.126978e-001
2.820911e+003,1.139761e-001
2.821393e+003,1.153131e-001
2.821875e+003,1.167096e-001
2.822357e+003,1.181696e-001
2.822839e+003,1.196980e-001
2.823322e+003,1.213034e-001
2.823803e+003,1.229942e-001
2.824286e+003,1.247791e-001
2.824768e+003,1.266652e-001
2.825250e+003,1.286594e-001
2.825732e+003,1.307685e-001
2.826214e+003,1.330018e-001
2.826696e+003,1.353706e-001
2.827178e+003,1.378879e-001
2.827661e+003,1.405676e-001
2.828143e+003,1.434239e-001
2.828625e+003,1.464698e-001
2.829107e+003,1.497185e-001
2.829589e+003,1.531848e-001
2.830071e+003,1.568872e-001
2.830553e+003,1.608473e-001
2.831035e+003,1.650925e-001
2.831518e+003,1.696525e-001
2.832000e+003,1.745612e-001
2.832482e+003,1.798530e-001
2.832964e+003,1.855640e-001
2.833446e+003,1.917327e-001
2.833928e+003,1.984005e-001
2.834410e+003,2.056123e-001
2.834892e+003,2.134182e-001
2.835375e+003,2.218725e-001
2.835857e+003,2.310345e-001
2.836339e+003,2.409693e-001
2.836821e+003,2.517492e-001
2.837303e+003,2.634534e-001
2.837785e+003,2.761724e-001
2.838267e+003,2.900062e-001
2.838750e+003,3.050620e-001
2.839231e+003,3.214492e-001
2.839714e+003,3.392731e-001
2.840196e+003,3.586247e-001
2.840678e+003,3.795733e-001
2.841160e+003,4.021598e-001
2.841642e+003,4.263887e-001
2.842124e+003,4.522213e-001
2.842606e+003,4.795603e-001
2.843089e+003,5.082235e-001
2.843571e+003,5.379081e-001
2.844053e+003,5.681409e-001
2.844535e+003,5.982308e-001
2.845017e+003,6.272368e-001
2.845499e+003,6.539727e-001
2.845981e+003,6.770653e-001
2.846463e+003,6.950786e-001
2.846946e+003,7.066922e-001
2.847428e+003,7.109083e-001
2.847910e+003,7.072333e-001
2.848392e+003,6.957929e-001
2.848874e+003,6.773320e-001
2.849356e+003,6.531063e-001
2.849838e+003,6.246845e-001
2.850320e+003,5.937156e-001
2.850802e+003,5.617231e-001
2.851285e+003,5.299585e-001
2.851767e+003,4.993315e-001
2.852249e+003,4.704171e-001
2.852731e+003,4.435057e-001
2.853213e+003,4.186809e-001
2.853695e+003,3.958943e-001
2.854177e+003,3.750260e-001
2.854659e+003,3.559257e-001
2.855142e+003,3.384379e-001
2.855624e+003,3.224121e-001
2.856106e+003,3.077120e-001
2.856588e+003,2.942178e-001
2.857070e+003,2.818303e-001
2.857552e+003,2.704690e-001
2.858034e+003,2.600696e-001
2.858517e+003,2.505762e-001
2.858999e+003,2.419354e-001
2.859481e+003,2.340924e-001
2.859963e+003,2.269921e-001
2.860445e+003,2.205810e-001
2.860927e+003,2.148116e-001
2.861409e+003,2.096463e-001
2.861891e+003,2.050536e-001
2.862374e+003,2.010076e-001
2.862856e+003,1.974808e-001
2.863338e+003,1.944439e-001
2.863820e+003,1.918647e-001
2.864302e+003,1.897096e-001
2.864784e+003,1.879483e-001
2.865266e+003,1.865531e-001
2.865748e+003,1.855004e-001
2.866230e+003,1.847660e-001
2.866713e+003,1.843232e-001
2.867195e+003,1.841403e-001
2.867677e+003,1.841821e-001
2.868159e+003,1.844139e-001
2.868641e+003,1.848047e-001
2.869123e+003,1.853308e-001
2.869605e+003,1.859750e-001
2.870088e+003,1.867270e-001
2.870570e+003,1.875779e-001
2.871052e+003,1.885203e-001
2.871534e+003,1.895475e-001
2.872016e+003,1.906563e-001
2.872498e+003,1.918490e-001
2.872980e+003,1.931343e-001
2.873462e+003,1.945270e-001
2.873945e+003,1.960427e-001
2.874427e+003,1.976951e-001
2.874909e+003,1.994928e-001
2.875391e+003,2.014380e-001
2.875873e+003,2.035294e-001
2.876355e+003,2.057647e-001
2.876837e+003,2.081427e-001
2.877319e+003,2.106651e-001
2.877802e+003,2.133329e-001
2.878284e+003,2.161457e-001
2.878766e+003,2.190989e-001
2.879248e+003,2.221835e-001
2.879730e+003,2.253895e-001
2.880212e+003,2.287074e-001
2.880694e+003,2.321315e-001
2.881176e+003,2.356609e-001
2.881658e+003,2.392961e-001
2.882141e+003,2.430385e-001
2.882623e+003,2.468891e-001
2.883105e+003,2.508447e-001
2.883587e+003,2.549023e-001
2.884069e+003,2.590591e-001
2.884551e+003,2.633136e-001
2.885033e+003,2.676644e-001
2.885516e+003,2.721082e-001
2.885998e+003,2.766365e-001
2.886480e+003,2.812367e-001
2.886962e+003,2.858922e-001
2.887444e+003,2.905864e-001
2.887926e+003,2.953073e-001
2.888408e+003,3.000489e-001
2.888890e+003,3.048123e-001
2.889373e+003,3.095991e-001
2.889855e+003,3.144099e-001
2.890337e+003,3.192393e-001
2.890819e+003,3.240771e-001
2.891301e+003,3.289109e-001
2.891783e+003,3.337322e-001
2.892265e+003,3.385380e-001
2.892747e+003,3.433324e-001
2.893229e+003,3.481240e-001
2.893712e+003,3.529212e-001
2.894194e+003,3.577285e-001
2.894676e+003,3.625461e-001
2.895158e+003,3.673732e-001
2.895640e+003,3.722122e-001
2.896122e+003,3.770740e-001
2.896604e+003,3.819759e-001
2.897086e+003,3.869412e-001
2.897569e+003,3.919953e-001
2.898051e+003,3.971595e-001
2.898533e+003,4.024511e-001
2.899015e+003,4.078887e-001
2.899497e+003,4.134944e-001
2.899979e+003,4.192993e-001
2.900461e+003,4.253442e-001
2.900944e+003,4.316759e-001
2.901426e+003,4.383424e-001
2.901908e+003,4.453883e-001
2.902390e+003,4.528542e-001
2.902872e+003,4.607799e-001
2.903354e+003,4.692101e-001
2.903836e+003,4.781988e-001
2.904318e+003,4.878090e-001
2.904801e+003,4.981101e-001
2.905283e+003,5.091683e-001
2.905765e+003,5.210406e-001
2.906247e+003,5.337714e-001
2.906729e+003,5.473934e-001
2.907211e+003,5.619310e-001
2.907693e+003,5.774045e-001
2.908175e+003,5.938265e-001
2.908657e+003,6.111913e-001
2.909140e+003,6.294606e-001
2.909622e+003,6.485396e-001
2.910104e+003,6.682649e-001
2.910586e+003,6.883888e-001
2.911068e+003,7.085814e-001
2.911550e+003,7.284308e-001
2.912032e+003,7.474539e-001
2.912514e+003,7.651089e-001
2.912997e+003,7.808138e-001
2.913479e+003,7.939780e-001
2.913961e+003,8.040439e-001
2.914443e+003,8.105419e-001
2.914925e+003,8.131489e-001
2.915407e+003,8.117320e-001
2.915889e+003,8.063644e-001
2.916372e+003,7.973126e-001
2.916854e+003,7.849915e-001
2.917336e+003,7.699088e-001
2.917818e+003,7.526097e-001
2.918300e+003,7.336329e-001
2.918782e+003,7.134850e-001
2.919264e+003,6.926219e-001
2.919746e+003,6.714399e-001
2.920229e+003,6.502674e-001
2.920711e+003,6.293640e-001
2.921193e+003,6.089185e-001
2.921675e+003,5.890622e-001
2.922157e+003,5.698779e-001
2.922639e+003,5.514189e-001
2.923121e+003,5.337172e-001
2.923603e+003,5.167903e-001
2.924085e+003,5.006415e-001
2.924568e+003,4.852568e-001
2.925050e+003,4.706044e-001
2.925532e+003,4.566396e-001
2.926014e+003,4.433103e-001
2.926496e+003,4.305669e-001
2.926978e+003,4.183684e-001
2.927460e+003,4.066823e-001
2.927942e+003,3.954822e-001
2.928425e+003,3.847415e-001
2.928907e+003,3.744313e-001
2.929389e+003,3.645174e-001
2.929871e+003,3.549666e-001
2.930353e+003,3.457507e-001
2.930835e+003,3.368503e-001
2.931317e+003,3.282565e-001
2.931800e+003,3.199638e-001
2.932281e+003,3.119695e-001
2.932764e+003,3.042671e-001
2.933246e+003,2.968453e-001
2.933728e+003,2.896901e-001
2.934210e+003,2.827897e-001
2.934692e+003,2.761358e-001
2.935174e+003,2.697244e-001
2.935656e+003,2.635544e-001
2.936139e+003,2.576233e-001
2.936621e+003,2.519250e-001
2.937103e+003,2.464502e-001
2.937585e+003,2.411887e-001
2.938067e+003,2.361317e-001
2.938549e+003,2.312759e-001
2.939031e+003,2.266220e-001
2.939513e+003,2.221734e-001
2.939996e+003,2.179337e-001
2.940478e+003,2.139043e-001
2.940960e+003,2.100860e-001
2.941442e+003,2.064780e-001
2.941924e+003,2.030822e-001
2.942406e+003,1.999027e-001
2.942888e+003,1.969445e-001
2.943370e+003,1.942129e-001
2.943853e+003,1.917079e-001
2.944335e+003,1.894262e-001
2.944817e+003,1.873597e-001
2.945299e+003,1.854998e-001
2.945781e+003,1.838387e-001
2.946263e+003,1.823722e-001
2.946745e+003,1.810971e-001
2.947228e+003,1.800109e-001
2.947709e+003,1.791075e-001
2.948192e+003,1.783752e-001
2.948674e+003,1.777988e-001
2.949156e+003,1.773600e-001
2.949638e+003,1.770419e-001
2.950120e+003,1.768296e-001
2.950602e+003,1.767110e-001
2.951084e+003,1.766733e-001
2.951567e+003,1.767034e-001
2.952049e+003,1.767841e-001
2.952531e+003,1.768970e-001
2.953013e+003,1.770222e-001
2.953495e+003,1.771454e-001
2.953977e+003,1.772547e-001
2.954459e+003,1.773438e-001
2.954941e+003,1.774080e-001
2.955424e+003,1.774422e-001
2.955906e+003,1.774384e-001
2.956388e+003,1.773872e-001
2.956870e+003,1.772788e-001
2.957352e+003,1.771072e-001
2.957834e+003,1.768705e-001
2.958316e+003,1.765722e-001
2.958798e+003,1.762168e-001
2.959281e+003,1.758074e-001
2.959763e+003,1.753443e-001
2.960245e+003,1.748231e-001
2.960727e+003,1.742395e-001
2.961209e+003,1.735886e-001
2.961691e+003,1.728715e-001
2.962173e+003,1.720925e-001
2.962656e+003,1.712575e-001
2.963137e+003,1.703731e-001
2.963620e+003,1.694426e-001
2.964102e+003,1.684693e-001
2.964584e+003,1.674550e-001
2.965066e+003,1.664045e-001
2.965548e+003,1.653259e-001
2.966030e+003,1.642291e-001
2.966512e+003,1.631242e-001
2.966995e+003,1.620184e-001
2.967477e+003,1.609131e-001
2.967959e+003,1.598072e-001
2.968441e+003,1.586968e-001
2.968923e+003,1.575809e-001
2.969405e+003,1.564612e-001
2.969887e+003,1.553425e-001
2.970369e+003,1.542307e-001
2.970852e+003,1.531295e-001
2.971334e+003,1.520396e-001
2.971816e+003,1.509587e-001
2.972298e+003,1.498837e-001
2.972780e+003,1.488149e-001
2.973262e+003,1.477545e-001
2.973744e+003,1.467089e-001
2.974226e+003,1.456831e-001
2.974708e+003,1.446803e-001
2.975191e+003,1.436992e-001
2.975673e+003,1.427353e-001
2.976155e+003,1.417826e-001
2.976637e+003,1.408375e-001
2.977119e+003,1.399013e-001
2.977601e+003,1.389775e-001
2.978083e+003,1.380718e-001
2.978565e+003,1.371877e-001
2.979048e+003,1.363250e-001
2.979530e+003,1.354800e-001
2.980012e+003,1.346469e-001
2.980494e+003,1.338226e-001
2.980976e+003,1.330069e-001
2.981458e+003,1.322029e-001
2.981940e+003,1.314151e-001
2.982423e+003,1.306485e-001
2.982905e+003,1.299042e-001
2.983387e+003,1.291816e-001
2.983869e+003,1.284778e-001
2.984351e+003,1.277916e-001
2.984833e+003,1.271243e-001
2.985315e+003,1.264784e-001
2.985797e+003,1.258577e-001
2.986280e+003,1.252640e-001
2.986762e+003,1.246964e-001
2.987244e+003,1.241523e-001
2.987726e+003,1.236281e-001
2.988208e+003,1.231232e-001
2.988690e+003,1.226384e-001
2.989172e+003,1.221768e-001
2.989654e+003,1.217412e-001
2.990136e+003,1.213313e-001
2.990619e+003,1.209435e-001
2.991101e+003,1.205717e-001
2.991583e+003,1.202096e-001
2.992065e+003,1.198540e-001
2.992547e+003,1.195060e-001
2.993029e+003,1.191710e-001
2.993511e+003,1.188555e-001
2.993994e+003,1.185655e-001
2.994476e+003,1.183030e-001
2.994958e+003,1.180676e-001
2.995440e+003,1.178565e-001
2.995922e+003,1.176675e-001
2.996404e+003,1.174995e-001
2.996886e+003,1.173540e-001
2.997368e+003,1.172310e-001
2.997851e+003,1.171293e-001
2.998333e+003,1.170451e-001
2.998815e+003,1.169731e-001
2.999297e+003,1.169088e-001
2.999779e+003,1.168504e-001
3.000261e+003,1.168004e-001
3.000743e+003,1.167650e-001
3.001225e+003,1.167505e-001
3.001708e+003,1.167600e-001
3.002190e+003,1.167930e-001
3.002672e+003,1.168445e-001
3.003154e+003,1.169073e-001
3.003636e+003,1.169758e-001
3.004118e+003,1.170476e-001
3.004600e+003,1.171234e-001
3.005082e+003,1.172068e-001
3.005564e+003,1.173011e-001
3.006047e+003,1.174077e-001
3.006529e+003,1.175259e-001
3.007011e+003,1.176546e-001
3.007493e+003,1.177935e-001
3.007975e+003,1.179435e-001
3.008457e+003,1.181081e-001
3.008939e+003,1.182894e-001
3.009422e+003,1.184875e-001
3.009904e+003,1.186991e-001
3.010386e+003,1.189169e-001
3.010868e+003,1.191335e-001
3.011350e+003,1.193432e-001
3.011832e+003,1.195448e-001
3.012314e+003,1.197414e-001
3.012796e+003,1.199373e-001
3.013279e+003,1.201380e-001
3.013761e+003,1.203464e-001
3.014243e+003,1.205625e-001
3.014725e+003,1.207858e-001
3.015207e+003,1.210148e-001
3.015689e+003,1.212506e-001
3.016171e+003,1.214951e-001
3.016653e+003,1.217502e-001
3.017135e+003,1.220151e-001
3.017618e+003,1.222875e-001
3.018100e+003,1.225631e-001
3.018582e+003,1.228376e-001
3.019064e+003,1.231099e-001
3.019546e+003,1.233818e-001
3.020028e+003,1.236588e-001
3.020510e+003,1.239460e-001
3.020992e+003,1.242482e-001
3.021475e+003,1.245647e-001
3.021957e+003,1.248920e-001
3.022439e+003,1.252255e-001
3.022921e+003,1.255600e-001
3.023403e+003,1.258946e-001
3.023885e+003,1.262292e-001
3.024367e+003,1.265660e-001
3.024850e+003,1.269059e-001
3.025332e+003,1.272477e-001
3.025814e+003,1.275884e-001
3.026296e+003,1.279241e-001
3.026778e+003,1.282534e-001
3.027260e+003,1.285782e-001
3.027742e+003,1.289015e-001
3.028224e+003,1.292274e-001
3.028707e+003,1.295579e-001
3.029189e+003,1.298917e-001
3.029671e+003,1.302249e-001
3.030153e+003,1.305526e-001
3.030635e+003,1.308720e-001
3.031117e+003,1.311836e-001
3.031599e+003,1.314903e-001
3.032081e+003,1.317959e-001
3.032563e+003,1.321021e-001
3.033046e+003,1.324071e-001
3.033528e+003,1.327053e-001
3.034010e+003,1.329915e-001
3.034492e+003,1.332629e-001
3.034974e+003,1.335213e-001
3.035456e+003,1.337731e-001
3.035938e+003,1.340272e-001
3.036420e+003,1.342915e-001
3.036903e+003,1.345705e-001
3.037385e+003,1.348646e-001
3.037867e+003,1.351710e-001
3.038349e+003,1.354864e-001
3.038831e+003,1.358080e-001
3.039313e+003,1.361350e-001
3.039795e+003,1.364669e-001
3.040278e+003,1.368030e-001
3.040760e+003,1.371406e-001
3.041242e+003,1.374751e-001
3.041724e+003,1.378029e-001
3.042206e+003,1.381223e-001
3.042688e+003,1.384338e-001
3.043170e+003,1.387410e-001
3.043652e+003,1.390471e-001
3.044135e+003,1.393542e-001
3.044617e+003,1.396607e-001
3.045099e+003,1.399636e-001
3.045581e+003,1.402574e-001
3.046063e+003,1.405421e-001
3.046545e+003,1.408195e-001
3.047027e+003,1.410959e-001
3.047509e+003,1.413779e-001
3.047991e+003,1.416714e-001
3.048474e+003,1.419774e-001
3.048956e+003,1.422921e-001
3.049438e+003,1.426103e-001
3.049920e+003,1.429264e-001
3.050402e+003,1.432387e-001
3.050884e+003,1.435481e-001
3.051366e+003,1.438581e-001
3.051848e+003,1.441718e-001
3.052331e+003,1.444889e-001
3.052813e+003,1.448079e-001
3.053295e+003,1.451234e-001
3.053777e+003,1.454313e-001
3.054259e+003,1.457285e-001
3.054741e+003,1.460159e-001
3.055223e+003,1.462936e-001
3.055706e+003,1.465634e-001
3.056188e+003,1.468247e-001
3.056670e+003,1.470764e-001
3.057152e+003,1.473163e-001
3.057634e+003,1.475438e-001
3.058116e+003,1.477609e-001
3.058598e+003,1.479711e-001
3.059080e+003,1.481789e-001
3.059563e+003,1.483873e-001
3.060045e+003,1.485967e-001
3.060527e+003,1.488058e-001
3.061009e+003,1.490113e-001
3.061491e+003,1.492120e-001
3.061973e+003,1.494068e-001
3.062455e+003,1.495964e-001
3.062937e+003,1.497817e-001
3.063419e+003,1.499621e-001
3.063902e+003,1.501332e-001
3.064384e+003,1.502906e-001
3.064866e+003,1.504307e-001
3.065348e+003,1.505526e-001
3.065830e+003,1.506590e-001
3.066312e+003,1.507549e-001
3.066794e+003,1.508455e-001
3.067276e+003,1.509340e-001
3.067759e+003,1.510176e-001
3.068241e+003,1.510926e-001
3.068723e+003,1.511536e-001
3.069205e+003,1.511980e-001
3.069687e+003,1.512266e-001
3.070169e+003,1.512445e-001
3.070651e+003,1.512571e-001
3.071134e+003,1.512690e-001
3.071615e+003,1.512818e-001
3.072098e+003,1.512949e-001
3.072580e+003,1.513065e-001
3.073062e+003,1.513173e-001
3.073544e+003,1.513302e-001
3.074026e+003,1.513507e-001
3.074508e+003,1.513832e-001
3.074990e+003,1.514301e-001
3.075473e+003,1.514886e-001
3.075955e+003,1.515518e-001
3.076437e+003,1.516113e-001
3.076919e+003,1.516605e-001
3.077401e+003,1.516952e-001
3.077883e+003,1.517161e-001
3.078365e+003,1.517246e-001
3.078847e+003,1.517237e-001
3.079330e+003,1.517134e-001
3.079812e+003,1.516925e-001
3.080294e+003,1.516609e-001
3.080776e+003,1.516186e-001
3.081258e+003,1.515703e-001
3.081740e+003,1.515219e-001
3.082222e+003,1.514782e-001
3.082704e+003,1.514419e-001
3.083187e+003,1.514106e-001
3.083669e+003,1.513781e-001
3.084151e+003,1.513383e-001
3.084633e+003,1.512867e-001
3.085115e+003,1.512240e-001
3.085597e+003,1.511541e-001
3.086079e+003,1.510840e-001
3.086562e+003,1.510179e-001
3.087043e+003,1.509564e-001
3.087526e+003,1.508969e-001
3.088008e+003,1.508342e-001
3.088490e+003,1.507642e-001
3.088972e+003,1.506863e-001
3.089454e+003,1.506023e-001
3.089936e+003,1.505166e-001
3.090418e+003,1.504320e-001
3.090901e+003,1.503486e-001
3.091383e+003,1.502643e-001
3.091865e+003,1.501753e-001
3.092347e+003,1.500805e-001
3.092829e+003,1.499810e-001
3.093311e+003,1.498834e-001
3.093793e+003,1.497941e-001
3.094275e+003,1.497197e-001
3.094758e+003,1.496628e-001
3.095240e+003,1.496224e-001
3.095722e+003,1.495946e-001
3.096204e+003,1.495755e-001
3.096686e+003,1.495627e-001
3.097168e+003,1.495551e-001
3.097650e+003,1.495534e-001
3.098132e+003,1.495559e-001
3.098615e+003,1.495591e-001
3.099097e+003,1.495577e-001
3.099579e+003,1.495463e-001
3.100061e+003,1.495231e-001
3.100543e+003,1.494894e-001
3.101025e+003,1.494516e-001
3.101507e+003,1.494166e-001
3.101990e+003,1.493910e-001
3.102471e+003,1.493774e-001
3.102954e+003,1.493746e-001
3.103436e+003,1.493815e-001
3.103918e+003,1.493969e-001
3.104400e+003,1.494253e-001
3.104882e+003,1.494708e-001
3.105364e+003,1.495392e-001
3.105846e+003,1.496325e-001
3.106329e+003,1.497466e-001
3.106811e+003,1.498722e-001
3.107293e+003,1.499975e-001
3.107775e+003,1.501111e-001
3.108257e+003,1.502086e-001
3.108739e+003,1.502910e-001
3.109221e+003,1.503654e-001
3.109703e+003,1.504411e-001
3.110186e+003,1.505260e-001
3.110668e+003,1.506256e-001
3.111150e+003,1.507411e-001
3.111632e+003,1.508728e-001
3.112114e+003,1.510197e-001
3.112596e+003,1.511826e-001
3.113078e+003,1.513599e-001
3.113560e+003,1.515498e-001
3.114042e+003,1.517467e-001
3.114525e+003,1.519441e-001
3.115007e+003,1.521339e-001
3.115489e+003,1.523117e-001
3.115971e+003,1.524771e-001
3.116453e+003,1.526344e-001
3.116935e+003,1.527898e-001
3.117417e+003,1.529505e-001
3.117900e+003,1.531193e-001
3.118382e+003,1.532961e-001
3.118864e+003,1.534768e-001
3.119346e+003,1.536574e-001
3.119828e+003,1.538351e-001
3.120310e+003,1.540096e-001
3.120792e+003,1.541828e-001
3.121274e+003,1.543573e-001
3.121757e+003,1.545359e-001
3.122239e+003,1.547197e-001
3.122721e+003,1.549102e-001
3.123203e+003,1.551102e-001
3.123685e+003,1.553239e-001
3.124167e+003,1.555560e-001
3.124649e+003,1.558112e-001
3.125131e+003,1.560908e-001
3.125614e+003,1.563917e-001
3.126096e+003,1.567077e-001
3.126578e+003,1.570306e-001
3.127060e+003,1.573533e-001
3.127542e+003,1.576717e-001
3.128024e+003,1.579847e-001
3.128506e+003,1.582934e-001
3.128988e+003,1.585996e-001
3.129470e+003,1.589043e-001
3.129953e+003,1.592081e-001
3.130435e+003,1.595108e-001
3.130917e+003,1.598144e-001
3.131399e+003,1.601216e-001
3.131881e+003,1.604355e-001
3.132363e+003,1.607585e-001
3.132845e+003,1.610889e-001
3.133328e+003,1.614230e-001
3.133810e+003,1.617564e-001
3.134292e+003,1.620859e-001
3.134774e+003,1.624135e-001
3.135256e+003,1.627455e-001
3.135738e+003,1.630906e-001
3.136220e+003,1.634543e-001
3.136702e+003,1.638383e-001
3.137185e+003,1.642365e-001
3.137667e+003,1.646383e-001
3.138149e+003,1.650321e-001
3.138631e+003,1.654117e-001
3.139113e+003,1.657781e-001
3.139595e+003,1.661397e-001
3.140077e+003,1.665080e-001
3.140559e+003,1.668932e-001
3.141042e+003,1.672997e-001
3.141524e+003,1.677253e-001
3.142006e+003,1.681631e-001
3.142488e+003,1.686048e-001
3.142970e+003,1.690464e-001
3.143452e+003,1.694862e-001
3.143934e+003,1.699264e-001
3.144417e+003,1.703695e-001
3.144898e+003,1.708156e-001
3.145381e+003,1.712624e-001
3.145863e+003,1.717064e-001
3.146345e+003,1.721452e-001
3.146827e+003,1.725814e-001
3.147309e+003,1.730195e-001
3.147791e+003,1.734665e-001
3.148273e+003,1.739274e-001
3.148756e+003,1.744027e-001
3.149238e+003,1.748887e-001
3.149720e+003,1.753802e-001
3.150202e+003,1.758725e-001
3.150684e+003,1.763647e-001
3.151166e+003,1.768591e-001
3.151648e+003,1.773600e-001
3.152130e+003,1.778707e-001
3.152613e+003,1.783904e-001
3.153095e+003,1.789146e-001
3.153577e+003,1.794362e-001
3.154059e+003,1.799506e-001
3.154541e+003,1.804556e-001
3.155023e+003,1.809534e-001
3.155505e+003,1.814476e-001
3.155987e+003,1.819418e-001
3.156469e+003,1.824354e-001
3.156952e+003,1.829261e-001
3.157434e+003,1.834106e-001
3.157916e+003,1.838892e-001
3.158398e+003,1.843662e-001
3.158880e+003,1.848504e-001
3.159362e+003,1.853509e-001
3.159844e+003,1.858736e-001
3.160326e+003,1.864184e-001
3.160809e+003,1.869777e-001
3.161291e+003,1.875405e-001
3.161773e+003,1.880979e-001
3.162255e+003,1.886442e-001
3.162737e+003,1.891795e-001
3.163219e+003,1.897089e-001
3.163701e+003,1.902387e-001
3.164184e+003,1.907717e-001
3.164666e+003,1.913093e-001
3.165148e+003,1.918493e-001
3.165630e+003,1.923922e-001
3.166112e+003,1.929402e-001
3.166594e+003,1.934980e-001
3.167076e+003,1.940701e-001
3.167558e+003,1.946591e-001
3.168041e+003,1.952616e-001
3.168523e+003,1.958694e-001
3.169005e+003,1.964731e-001
3.169487e+003,1.970656e-001
3.169969e+003,1.976451e-001
3.170451e+003,1.982166e-001
3.170933e+003,1.987877e-001
3.171415e+003,1.993666e-001
3.171897e+003,1.999551e-001
3.172380e+003,2.005510e-001
3.172862e+003,2.011474e-001
3.173344e+003,2.017375e-001
3.173826e+003,2.023176e-001
3.174308e+003,2.028897e-001
3.174790e+003,2.034589e-001
3.175272e+003,2.040315e-001
3.175754e+003,2.046116e-001
3.176237e+003,2.051998e-001
3.176719e+003,2.057942e-001
3.177201e+003,2.063921e-001
3.177683e+003,2.069922e-001
3.178165e+003,2.075951e-001
3.178647e+003,2.082002e-001
3.179129e+003,2.088075e-001
3.179612e+003,2.094120e-001
3.180094e+003,2.100092e-001
3.180576e+003,2.105938e-001
3.181058e+003,2.111647e-001
3.181540e+003,2.117267e-001
3.182022e+003,2.122881e-001
3.182504e+003,2.128566e-001
3.182986e+003,2.134378e-001
3.183469e+003,2.140305e-001
3.183951e+003,2.146275e-001
3.184433e+003,2.152182e-001
3.184915e+003,2.157942e-001
3.185397e+003,2.163535e-001
3.185879e+003,2.168977e-001
3.186361e+003,2.174330e-001
3.186843e+003,2.179651e-001
3.187325e+003,2.184962e-001
3.187808e+003,2.190272e-001
3.188290e+003,2.195555e-001
3.188772e+003,2.200827e-001
3.189254e+003,2.206112e-001
3.189736e+003,2.211478e-001
3.190218e+003,2.216971e-001
3.190700e+003,2.222595e-001
3.191182e+003,2.228295e-001
3.191665e+003,2.233963e-001
3.192147e+003,2.239485e-001
3.192629e+003,2.244785e-001
3.193111e+003,2.249866e-001
3.193593e+003,2.254802e-001
3.194075e+003,2.259690e-001
3.194557e+003,2.264610e-001
3.195040e+003,2.269594e-001
3.195521e+003,2.274616e-001
3.196004e+003,2.279611e-001
3.196486e+003,2.284535e-001
3.196968e+003,2.289392e-001
3.197450e+003,2.294226e-001
3.197932e+003,2.299086e-001
3.198414e+003,2.304013e-001
3.198896e+003,2.308975e-001
3.199379e+003,2.313890e-001
3.199861e+003,2.318672e-001
3.200343e+003,2.323267e-001
3.200825e+003,2.327687e-001
3.201307e+003,2.332009e-001
3.201789e+003,2.336323e-001
3.202271e+003,2.340712e-001
3.202753e+003,2.345174e-001
3.203236e+003,2.349665e-001
3.203718e+003,2.354099e-001
3.204200e+003,2.358419e-001
3.204682e+003,2.362620e-001
3.205164e+003,2.366765e-001
3.205646e+003,2.370925e-001
3.206128e+003,2.375172e-001
3.206610e+003,2.379498e-001
3.207093e+003,2.383847e-001
3.207575e+003,2.388127e-001
3.208057e+003,2.392270e-001
3.208539e+003,2.396255e-001
3.209021e+003,2.400128e-001
3.209503e+003,2.403958e-001
3.209985e+003,2.407805e-001
3.210468e+003,2.411687e-001
3.210949e+003,2.415570e-001
3.211432e+003,2.419409e-001
3.211914e+003,2.423195e-001
3.212396e+003,2.426971e-001
3.212878e+003,2.430824e-001
3.213360e+003,2.434831e-001
3.213842e+003,2.439023e-001
3.214324e+003,2.443335e-001
3.214807e+003,2.447635e-001
3.215289e+003,2.451756e-001
3.215771e+003,2.455609e-001
3.216253e+003,2.459193e-001
3.216735e+003,2.462607e-001
3.217217e+003,2.466000e-001
3.217699e+003,2.469524e-001
3.218181e+003,2.473232e-001
3.218664e+003,2.477096e-001
3.219146e+003,2.481023e-001
3.219628e+003,2.484902e-001
3.220110e+003,2.488695e-001
3.220592e+003,2.492415e-001
3.221074e+003,2.496133e-001
3.221556e+003,2.499927e-001
3.222038e+003,2.503823e-001
3.222521e+003,2.507791e-001
3.223003e+003,2.511763e-001
3.223485e+003,2.515674e-001
3.223967e+003,2.519503e-001
3.224449e+003,2.523292e-001
3.224931e+003,2.527099e-001
3.225413e+003,2.530992e-001
3.225896e+003,2.534980e-001
3.226377e+003,2.539028e-001
3.226860e+003,2.543080e-001
3.227342e+003,2.547094e-001
3.227824e+003,2.551094e-001
3.228306e+003,2.555151e-001
3.228788e+003,2.559371e-001
3.229270e+003,2.563837e-001
3.229752e+003,2.568554e-001
3.230235e+003,2.573478e-001
3.230717e+003,2.578500e-001
3.231199e+003,2.583528e-001
3.231681e+003,2.588495e-001
3.232163e+003,2.593396e-001
3.232645e+003,2.598239e-001
3.233127e+003,2.603043e-001
3.233609e+003,2.607784e-001
3.234092e+003,2.612426e-001
3.234574e+003,2.616930e-001
3.235056e+003,2.621306e-001
3.235538e+003,2.625618e-001
3.236020e+003,2.629987e-001
3.236502e+003,2.634522e-001
3.236984e+003,2.639298e-001
3.237466e+003,2.644294e-001
3.237948e+003,2.649428e-001
3.238431e+003,2.654598e-001
3.238913e+003,2.659729e-001
3.239395e+003,2.664821e-001
3.239877e+003,2.669933e-001
3.240359e+003,2.675155e-001
3.240841e+003,2.680540e-001
3.241323e+003,2.686078e-001
3.241806e+003,2.691702e-001
3.242288e+003,2.697344e-001
3.242770e+003,2.702966e-001
3.243252e+003,2.708617e-001
3.243734e+003,2.714399e-001
3.244216e+003,2.720420e-001
3.244698e+003,2.726721e-001
3.245180e+003,2.733254e-001
3.245663e+003,2.739879e-001
3.246145e+003,2.746426e-001
3.246627e+003,2.752778e-001
3.247109e+003,2.758926e-001
3.247591e+003,2.764955e-001
3.248073e+003,2.770993e-001
3.248555e+003,2.777146e-001
3.249037e+003,2.783433e-001
3.249520e+003,2.789797e-001
3.250002e+003,2.796134e-001
3.250484e+003,2.802377e-001
3.250966e+003,2.808538e-001
3.251448e+003,2.814727e-001
3.251930e+003,2.821086e-001
3.252412e+003,2.827739e-001
3.252894e+003,2.834717e-001
3.253376e+003,2.841955e-001
3.253859e+003,2.849306e-001
3.254341e+003,2.856632e-001
3.254823e+003,2.863838e-001
3.255305e+003,2.870917e-001
3.255787e+003,2.877901e-001
3.256269e+003,2.884839e-001
3.256751e+003,2.891729e-001
3.257234e+003,2.898542e-001
3.257716e+003,2.905218e-001
3.258198e+003,2.911743e-001
3.258680e+003,2.918174e-001
3.259162e+003,2.924627e-001
3.259644e+003,2.931219e-001
3.260126e+003,2.938024e-001
3.260608e+003,2.945028e-001
3.261091e+003,2.952119e-001
3.261573e+003,2.959160e-001
3.262055e+003,2.966036e-001
3.262537e+003,2.972719e-001
3.263019e+003,2.979271e-001
3.263501e+003,2.985779e-001
3.263983e+003,2.992329e-001
3.264465e+003,2.998917e-001
3.264948e+003,3.005485e-001
3.265430e+003,3.011945e-001
3.265912e+003,3.018248e-001
3.266394e+003,3.024417e-001
3.266876e+003,3.030560e-001
3.267358e+003,3.036795e-001
3.267840e+003,3.043202e-001
3.268323e+003,3.049743e-001
3.268804e+003,3.056294e-001
3.269287e+003,3.062671e-001
3.269769e+003,3.068720e-001
3.270251e+003,3.074372e-001
3.270733e+003,3.079667e-001
3.271215e+003,3.084697e-001
3.271697e+003,3.089566e-001
3.272179e+003,3.094319e-001
3.272662e+003,3.098933e-001
3.273144e+003,3.103350e-001
3.273626e+003,3.107529e-001
3.274108e+003,3.111479e-001
3.274590e+003,3.115284e-001
3.275072e+003,3.119054e-001
3.275554e+003,3.122860e-001
3.276036e+003,3.126696e-001
3.276519e+003,3.130490e-001
3.277001e+003,3.134136e-001
3.277483e+003,3.137551e-001
3.277965e+003,3.140725e-001
3.278447e+003,3.143713e-001
3.278929e+003,3.146580e-001
3.279411e+003,3.149381e-001
3.279893e+003,3.152083e-001
3.280375e+003,3.154605e-001
3.280858e+003,3.156855e-001
3.281340e+003,3.158794e-001
3.281822e+003,3.160468e-001
3.282304e+003,3.162001e-001
3.282786e+003,3.163521e-001
3.283268e+003,3.165115e-001
3.283750e+003,3.166755e-001
3.284232e+003,3.168321e-001
3.284715e+003,3.169664e-001
3.285197e+003,3.170665e-001
3.285679e+003,3.171314e-001
3.286161e+003,3.171702e-001
3.286643e+003,3.171962e-001
3.287125e+003,3.172221e-001
3.287607e+003,3.172522e-001
3.288090e+003,3.172820e-001
3.288572e+003,3.173016e-001
3.289054e+003,3.173025e-001
3.289536e+003,3.172823e-001
3.290018e+003,3.172455e-001
3.290500e+003,3.172000e-001
3.290982e+003,3.171526e-001
3.291464e+003,3.171033e-001
3.291947e+003,3.170445e-001
3.292429e+003,3.169661e-001
3.292911e+003,3.168613e-001
3.293393e+003,3.167290e-001
3.293875e+003,3.165753e-001
3.294357e+003,3.164074e-001
3.294839e+003,3.162319e-001
3.295321e+003,3.160468e-001
3.295803e+003,3.158470e-001
3.296286e+003,3.156244e-001
3.296768e+003,3.153765e-001
3.297250e+003,3.151074e-001
3.297732e+003,3.148279e-001
3.298214e+003,3.145499e-001
3.298696e+003,3.142809e-001
3.299178e+003,3.140190e-001
3.299660e+003,3.137564e-001
3.300143e+003,3.134835e-001
3.300625e+003,3.131939e-001
3.301107e+003,3.128904e-001
3.301589e+003,3.125816e-001
3.302071e+003,3.122770e-001
3.302553e+003,3.119822e-001
3.303035e+003,3.116916e-001
3.303518e+003,3.113945e-001
3.304000e+003,3.110764e-001
3.304482e+003,3.107287e-001
3.304964e+003,3.103527e-001
3.305446e+003,3.099579e-001
3.305928e+003,3.095586e-001
3.306410e+003,3.091640e-001
3.306892e+003,3.087758e-001
3.307375e+003,3.083878e-001
3.307857e+003,3.079895e-001
3.308339e+003,3.075736e-001
3.308821e+003,3.071398e-001
3.309303e+003,3.066960e-001
3.309785e+003,3.062510e-001
3.310267e+003,3.058113e-001
3.310749e+003,3.053761e-001
3.311231e+003,3.049366e-001
3.311714e+003,3.044824e-001
3.312196e+003,3.040087e-001
3.312678e+003,3.035161e-001
3.313160e+003,3.030163e-001
3.313642e+003,3.025209e-001
3.314124e+003,3.020388e-001
3.314606e+003,3.015696e-001
3.315088e+003,3.011060e-001
3.315571e+003,3.006378e-001
3.316053e+003,3.001594e-001
3.316535e+003,2.996722e-001
3.317017e+003,2.991872e-001
3.317499e+003,2.987161e-001
3.317981e+003,2.982683e-001
3.318463e+003,2.978435e-001
3.318946e+003,2.974337e-001
3.319427e+003,2.970259e-001
3.319910e+003,2.966095e-001
3.320392e+003,2.961802e-001
3.320874e+003,2.957422e-001
3.321356e+003,2.953022e-001
3.321838e+003,2.948667e-001
3.322320e+003,2.944364e-001
3.322802e+003,2.940066e-001
3.323285e+003,2.935704e-001
3.323767e+003,2.931250e-001
3.324249e+003,2.926726e-001
3.324731e+003,2.922220e-001
3.325213e+003,2.917818e-001
3.325695e+003,2.913564e-001
3.326177e+003,2.909426e-001
3.326659e+003,2.905312e-001
3.327142e+003,2.901113e-001
3.327624e+003,2.896779e-001
3.328106e+003,2.892351e-001
3.328588e+003,2.887931e-001
3.329070e+003,2.883635e-001
3.329552e+003,2.879556e-001
3.330034e+003,2.875659e-001
3.330516e+003,2.871850e-001
3.330999e+003,2.867998e-001
3.331481e+003,2.864006e-001
3.331963e+003,2.859868e-001
3.332445e+003,2.855668e-001
3.332927e+003,2.851522e-001
3.333409e+003,2.847530e-001
3.333891e+003,2.843722e-001
3.334374e+003,2.840054e-001
3.334855e+003,2.836426e-001
3.335338e+003,2.832777e-001
3.335820e+003,2.829082e-001
3.336302e+003,2.825394e-001
3.336784e+003,2.821770e-001
3.337266e+003,2.818265e-001
3.337748e+003,2.814851e-001
3.338230e+003,2.811459e-001
3.338713e+003,2.808016e-001
3.339195e+003,2.804478e-001
3.339677e+003,2.800881e-001
3.340159e+003,2.797312e-001
3.340641e+003,2.793853e-001
3.341123e+003,2.790566e-001
3.341605e+003,2.787395e-001
3.342087e+003,2.784251e-001
3.342570e+003,2.781005e-001
3.343052e+003,2.777593e-001
3.343534e+003,2.774044e-001
3.344016e+003,2.770458e-001
3.344498e+003,2.766966e-001
3.344980e+003,2.763650e-001
3.345462e+003,2.760518e-001
3.345944e+003,2.757494e-001
3.346427e+003,2.754463e-001
3.346909e+003,2.751348e-001
3.347391e+003,2.748161e-001
3.347873e+003,2.744970e-001
3.348355e+003,2.741869e-001
3.348837e+003,2.738934e-001
3.349319e+003,2.736132e-001
3.349802e+003,2.733363e-001
3.350283e+003,2.730509e-001
3.350766e+003,2.727469e-001
3.351248e+003,2.724245e-001
3.351730e+003,2.720926e-001
3.352212e+003,2.717634e-001
3.352694e+003,2.714483e-001
3.353176e+003,2.711493e-001
3.353658e+003,2.708623e-001
3.354141e+003,2.705765e-001
3.354623e+003,2.702833e-001
3.355105e+003,2.699791e-001
3.355587e+003,2.696691e-001
3.356069e+003,2.693615e-001
3.356551e+003,2.690645e-001
3.357033e+003,2.687807e-001
3.357515e+003,2.685080e-001
3.357998e+003,2.682404e-001
3.358480e+003,2.679751e-001
3.358962e+003,2.677116e-001
3.359444e+003,2.674550e-001
3.359926e+003,2.672102e-001
3.360408e+003,2.669774e-001
3.360890e+003,2.667523e-001
3.361372e+003,2.665240e-001
3.361854e+003,2.662833e-001
3.362337e+003,2.660250e-001
3.362819e+003,2.657521e-001
3.363301e+003,2.654744e-001
3.363783e+003,2.652022e-001
3.364265e+003,2.649414e-001
3.364747e+003,2.646896e-001
3.365229e+003,2.644377e-001
3.365712e+003,2.641754e-001
3.366194e+003,2.638980e-001
3.366676e+003,2.636080e-001
3.367158e+003,2.633165e-001
3.367640e+003,2.630362e-001
3.368122e+003,2.627741e-001
3.368604e+003,2.625291e-001
3.369086e+003,2.622916e-001
3.369569e+003,2.620495e-001
3.370051e+003,2.617957e-001
3.370533e+003,2.615308e-001
3.371015e+003,2.612635e-001
3.371497e+003,2.610055e-001
3.371979e+003,2.607650e-001
3.372461e+003,2.605411e-001
3.372943e+003,2.603253e-001
3.373426e+003,2.601044e-001
3.373908e+003,2.598692e-001
3.374390e+003,2.596184e-001
3.374872e+003,2.593592e-001
3.375354e+003,2.591032e-001
3.375836e+003,2.588606e-001
3.376318e+003,2.586354e-001
3.376800e+003,2.584244e-001
3.377282e+003,2.582183e-001
3.377765e+003,2.580099e-001
3.378247e+003,2.577953e-001
3.378729e+003,2.575769e-001
3.379211e+003,2.573589e-001
3.379693e+003,2.571451e-001
3.380175e+003,2.569339e-001
3.380657e+003,2.567222e-001
3.381140e+003,2.565045e-001
3.381622e+003,2.562813e-001
3.382104e+003,2.560576e-001
3.382586e+003,2.558427e-001
3.383068e+003,2.556441e-001
3.383550e+003,2.554643e-001
3.384032e+003,2.552972e-001
3.384514e+003,2.551304e-001
3.384997e+003,2.549516e-001
3.385479e+003,2.547547e-001
3.385961e+003,2.545430e-001
3.386443e+003,2.543263e-001
3.386925e+003,2.541160e-001
3.387407e+003,2.539170e-001
3.387889e+003,2.537253e-001
3.388371e+003,2.535305e-001
3.388854e+003,2.533217e-001
3.389336e+003,2.530931e-001
3.389818e+003,2.528491e-001
3.390300e+003,2.526035e-001
3.390782e+003,2.523707e-001
3.391264e+003,2.521620e-001
3.391746e+003,2.519769e-001
3.392229e+003,2.518055e-001
3.392710e+003,2.516333e-001
3.393193e+003,2.514504e-001
3.393675e+003,2.512537e-001
3.394157e+003,2.510507e-001
3.394639e+003,2.508519e-001
3.395121e+003,2.506655e-001
3.395603e+003,2.504919e-001
3.396085e+003,2.503231e-001
3.396568e+003,2.501480e-001
3.397050e+003,2.499582e-001
3.397532e+003,2.497524e-001
3.398014e+003,2.495366e-001
3.398496e+003,2.493198e-001
3.398978e+003,2.491082e-001
3.399460e+003,2.489006e-001
3.399942e+003,2.486906e-001
3.400425e+003,2.484697e-001
3.400907e+003,2.482347e-001
3.401389e+003,2.479902e-001
3.401871e+003,2.477486e-001
3.402353e+003,2.475220e-001
3.402835e+003,2.473181e-001
3.403317e+003,2.471335e-001
3.403799e+003,2.469555e-001
3.404281e+003,2.467683e-001
3.404764e+003,2.465606e-001
3.405246e+003,2.463298e-001
3.405728e+003,2.460847e-001
3.406210e+003,2.458375e-001
3.406692e+003,2.455987e-001
3.407174e+003,2.453715e-001
3.407656e+003,2.451492e-001
3.408138e+003,2.449204e-001
3.408621e+003,2.446753e-001
3.409103e+003,2.444109e-001
3.409585e+003,2.441321e-001
3.410067e+003,2.438478e-001
3.410549e+003,2.435679e-001
3.411031e+003,2.432955e-001
3.411513e+003,2.430299e-001
3.411996e+003,2.427674e-001
3.412478e+003,2.425051e-001
3.412960e+003,2.422456e-001
3.413442e+003,2.419934e-001
3.413924e+003,2.417532e-001
3.414406e+003,2.415261e-001
3.414888e+003,2.413049e-001
3.415370e+003,2.410780e-001
3.415853e+003,2.408338e-001
3.416335e+003,2.405674e-001
3.416817e+003,2.402814e-001
3.417299e+003,2.399868e-001
3.417781e+003,2.396948e-001
3.418263e+003,2.394135e-001
3.418745e+003,2.391413e-001
3.419227e+003,2.388707e-001
3.419709e+003,2.385914e-001
3.420192e+003,2.382976e-001
3.420674e+003,2.379919e-001
3.421156e+003,2.376848e-001
3.421638e+003,2.373862e-001
3.422120e+003,2.371035e-001
3.422602e+003,2.368326e-001
3.423084e+003,2.365642e-001
3.423566e+003,2.362871e-001
3.424049e+003,2.359953e-001
3.424531e+003,2.356919e-001
3.425013e+003,2.353859e-001
3.425495e+003,2.350879e-001
3.425977e+003,2.348040e-001
3.426459e+003,2.345313e-001
3.426941e+003,2.342592e-001
3.427424e+003,2.339743e-001
3.427906e+003,2.336708e-001
3.428388e+003,2.333503e-001
3.428870e+003,2.330237e-001
3.429352e+003,2.327045e-001
3.429834e+003,2.324010e-001
3.430316e+003,2.321122e-001
3.430798e+003,2.318291e-001
3.431281e+003,2.315381e-001
3.431763e+003,2.312303e-001
3.432245e+003,2.309050e-001
3.432727e+003,2.305708e-001
3.433209e+003,2.302403e-001
3.433691e+003,2.299250e-001
3.434173e+003,2.296273e-001
3.434655e+003,2.293436e-001
3.435137e+003,2.290661e-001
3.435620e+003,2.287864e-001
3.436102e+003,2.285028e-001
3.436584e+003,2.282171e-001
3.437066e+003,2.279319e-001
3.437548e+003,2.276481e-001
3.438030e+003,2.273613e-001
3.438512e+003,2.270653e-001
3.438994e+003,2.267544e-001
3.439477e+003,2.264314e-001
3.439959e+003,2.261049e-001
3.440441e+003,2.257904e-001
3.440923e+003,2.254999e-001
3.441405e+003,2.252377e-001
3.441887e+003,2.249951e-001
3.442369e+003,2.247539e-001
3.442852e+003,2.244945e-001
3.443333e+003,2.242044e-001
3.443816e+003,2.238836e-001
3.444298e+003,2.235434e-001
3.444780e+003,2.231999e-001
3.445262e+003,2.228673e-001
3.445744e+003,2.225509e-001
3.446226e+003,2.222469e-001
3.446708e+003,2.219466e-001
3.447191e+003,2.216420e-001
3.447673e+003,2.213327e-001
3.448155e+003,2.210239e-001
3.448637e+003,2.207233e-001
3.449119e+003,2.204357e-001
3.449601e+003,2.201585e-001
3.450083e+003,2.198859e-001
3.450565e+003,2.196090e-001
3.451048e+003,2.193244e-001
3.451530e+003,2.190337e-001
3.452012e+003,2.187441e-001
3.452494e+003,2.184605e-001
3.452976e+003,2.181856e-001
3.453458e+003,2.179127e-001
3.453940e+003,2.176310e-001
3.454422e+003,2.173312e-001
3.454905e+003,2.170120e-001
3.455387e+003,2.166790e-001
3.455869e+003,2.163457e-001
3.456351e+003,2.160245e-001
3.456833e+003,2.157205e-001
3.457315e+003,2.154276e-001
3.457797e+003,2.151344e-001
3.458280e+003,2.148272e-001
3.458761e+003,2.145015e-001
3.459244e+003,2.141625e-001
3.459726e+003,2.138236e-001
3.460208e+003,2.134983e-001
3.460690e+003,2.131931e-001
3.461172e+003,2.129024e-001
3.461654e+003,2.126108e-001
3.462136e+003,2.123002e-001
3.462619e+003,2.119613e-001
3.463101e+003,2.115964e-001
3.463583e+003,2.112190e-001
3.464065e+003,2.108467e-001
3.464547e+003,2.104919e-001
3.465029e+003,2.101561e-001
3.465511e+003,2.098299e-001
3.465993e+003,2.095004e-001
3.466476e+003,2.091567e-001
3.466958e+003,2.087990e-001
3.467440e+003,2.084347e-001
3.467922e+003,2.080766e-001
3.468404e+003,2.077347e-001
3.468886e+003,2.074099e-001
3.469368e+003,2.070950e-001
3.469850e+003,2.067787e-001
3.470333e+003,2.064535e-001
3.470815e+003,2.061174e-001
3.471297e+003,2.057770e-001
3.471779e+003,2.054392e-001
3.472261e+003,2.051093e-001
3.472743e+003,2.047859e-001
3.473225e+003,2.044607e-001
3.473708e+003,2.041256e-001
3.474189e+003,2.037760e-001
3.474672e+003,2.034164e-001
3.475154e+003,2.030565e-001
3.475636e+003,2.027061e-001
3.476118e+003,2.023695e-001
3.476600e+003,2.020394e-001
3.477082e+003,2.017027e-001
3.477564e+003,2.013437e-001
3.478047e+003,2.009555e-001
3.478529e+003,2.005405e-001
3.479011e+003,2.001124e-001
3.479493e+003,1.996887e-001
3.479975e+003,1.992845e-001
3.480457e+003,1.989038e-001
3.480939e+003,1.985411e-001
3.481421e+003,1.981843e-001
3.481904e+003,1.978233e-001
3.482386e+003,1.974539e-001
3.482868e+003,1.970813e-001
3.483350e+003,1.967132e-001
3.483832e+003,1.963549e-001
3.484314e+003,1.960052e-001
3.484796e+003,1.956573e-001
3.485278e+003,1.953007e-001
3.485760e+003,1.949305e-001
3.486243e+003,1.945457e-001
3.486725e+003,1.941534e-001
3.487207e+003,1.937602e-001
3.487689e+003,1.933731e-001
3.488171e+003,1.929911e-001
3.488653e+003,1.926084e-001
3.489135e+003,1.922197e-001
3.489618e+003,1.918234e-001
3.490100e+003,1.914228e-001
3.490582e+003,1.910261e-001
3.491064e+003,1.906378e-001
3.491546e+003,1.902589e-001
3.492028e+003,1.898818e-001
3.492510e+003,1.894941e-001
3.492992e+003,1.890868e-001
3.493475e+003,1.886583e-001
3.493957e+003,1.882166e-001
3.494439e+003,1.877756e-001
3.494921e+003,1.873498e-001
3.495403e+003,1.869460e-001
3.495885e+003,1.865600e-001
3.496367e+003,1.861804e-001
3.496849e+003,1.857935e-001
3.497332e+003,1.853941e-001
3.497814e+003,1.849856e-001
3.498296e+003,1.845785e-001
3.498778e+003,1.841826e-001
3.499260e+003,1.838024e-001
3.499742e+003,1.834322e-001
3.500224e+003,1.830584e-001
3.500706e+003,1.826682e-001
3.501188e+003,1.822543e-001
3.501671e+003,1.818222e-001
3.502153e+003,1.813855e-001
3.502635e+003,1.809616e-001
3.503117e+003,1.805605e-001
3.503599e+003,1.801787e-001
3.504081e+003,1.798037e-001
3.504563e+003,1.794186e-001
3.505046e+003,1.790138e-001
3.505528e+003,1.785904e-001
3.506010e+003,1.781569e-001
3.506492e+003,1.777227e-001
3.506974e+003,1.772948e-001
3.507456e+003,1.768713e-001
3.507938e+003,1.764444e-001
3.508420e+003,1.760046e-001
3.508903e+003,1.755481e-001
3.509385e+003,1.750808e-001
3.509867e+003,1.746128e-001
3.510349e+003,1.741561e-001
3.510831e+003,1.737146e-001
3.511313e+003,1.732823e-001
3.511795e+003,1.728485e-001
3.512277e+003,1.724015e-001
3.512760e+003,1.719372e-001
3.513242e+003,1.714614e-001
3.513724e+003,1.709858e-001
3.514206e+003,1.705202e-001
3.514688e+003,1.700700e-001
3.515170e+003,1.696294e-001
3.515652e+003,1.691874e-001
3.516135e+003,1.687320e-001
3.516616e+003,1.682595e-001
3.517099e+003,1.677747e-001
3.517581e+003,1.672904e-001
3.518063e+003,1.668190e-001
3.518545e+003,1.663665e-001
3.519027e+003,1.659269e-001
3.519509e+003,1.654882e-001
3.519991e+003,1.650363e-001
3.520474e+003,1.645650e-001
3.520956e+003,1.640791e-001
3.521438e+003,1.635913e-001
3.521920e+003,1.631179e-001
3.522402e+003,1.626688e-001
3.522884e+003,1.622411e-001
3.523366e+003,1.618216e-001
3.523848e+003,1.613919e-001
3.524331e+003,1.609386e-001
3.524813e+003,1.604593e-001
3.525295e+003,1.599606e-001
3.525777e+003,1.594522e-001
3.526259e+003,1.589426e-001
3.526741e+003,1.584336e-001
3.527223e+003,1.579207e-001
3.527705e+003,1.574002e-001
3.528188e+003,1.568739e-001
3.528670e+003,1.563482e-001
3.529152e+003,1.558336e-001
3.529634e+003,1.553374e-001
3.530116e+003,1.548599e-001
3.530598e+003,1.543906e-001
3.531080e+003,1.539180e-001
3.531563e+003,1.534327e-001
3.532044e+003,1.529344e-001
3.532527e+003,1.524305e-001
3.533009e+003,1.519352e-001
3.533491e+003,1.514572e-001
3.533973e+003,1.509998e-001
3.534455e+003,1.505532e-001
3.534937e+003,1.501018e-001
3.535419e+003,1.496288e-001
3.535902e+003,1.491267e-001
3.536384e+003,1.486005e-001
3.536866e+003,1.480640e-001
3.537348e+003,1.475313e-001
3.537830e+003,1.470110e-001
3.538312e+003,1.465010e-001
3.538794e+003,1.459932e-001
3.539276e+003,1.454774e-001
3.539759e+003,1.449515e-001
3.540241e+003,1.444208e-001
3.540723e+003,1.438959e-001
3.541205e+003,1.433859e-001
3.541687e+003,1.428938e-001
3.542169e+003,1.424119e-001
3.542651e+003,1.419267e-001
3.543133e+003,1.414236e-001
3.543615e+003,1.408955e-001
3.544098e+003,1.403472e-001
3.544580e+003,1.397931e-001
3.545062e+003,1.392485e-001
3.545544e+003,1.387219e-001
3.546026e+003,1.382086e-001
3.546508e+003,1.376959e-001
3.546990e+003,1.371700e-001
3.547472e+003,1.366282e-001
3.547955e+003,1.360757e-001
3.548437e+003,1.355246e-001
3.548919e+003,1.349846e-001
3.549401e+003,1.344583e-001
3.549883e+003,1.339387e-001
3.550365e+003,1.334126e-001
3.550847e+003,1.328680e-001
3.551330e+003,1.323010e-001
3.551812e+003,1.317187e-001
3.552294e+003,1.311374e-001
3.552776e+003,1.305727e-001
3.553258e+003,1.300324e-001
3.553740e+003,1.295127e-001
3.554222e+003,1.290043e-001
3.554704e+003,1.284965e-001
3.555187e+003,1.279876e-001
3.555669e+003,1.274814e-001
3.556151e+003,1.269875e-001
3.556633e+003,1.265105e-001
3.557115e+003,1.260482e-001
3.557597e+003,1.255879e-001
3.558079e+003,1.251122e-001
3.558561e+003,1.246051e-001
3.559043e+003,1.240620e-001
3.559526e+003,1.234899e-001
3.560008e+003,1.229058e-001
3.560490e+003,1.223265e-001
3.560972e+003,1.217646e-001
3.561454e+003,1.212204e-001
3.561936e+003,1.206867e-001
3.562418e+003,1.201545e-001
3.562900e+003,1.196187e-001
3.563383e+003,1.190800e-001
3.563865e+003,1.185435e-001
3.564347e+003,1.180107e-001
3.564829e+003,1.174771e-001
3.565311e+003,1.169279e-001
3.565793e+003,1.163456e-001
3.566275e+003,1.157235e-001
3.566758e+003,1.150806e-001
3.567240e+003,1.144556e-001
3.567722e+003,1.138882e-001
3.568204e+003,1.133932e-001
3.568686e+003,1.129577e-001
3.569168e+003,1.125511e-001
3.569650e+003,1.121415e-001
3.570132e+003,1.117086e-001
3.570615e+003,1.112453e-001
3.571097e+003,1.107584e-001
3.571579e+003,1.102593e-001
3.572061e+003,1.097590e-001
3.572543e+003,1.092614e-001
3.573025e+003,1.087598e-001
3.573507e+003,1.082435e-001
3.573989e+003,1.077032e-001
3.574471e+003,1.071411e-001
3.574954e+003,1.065702e-001
3.575436e+003,1.060105e-001
3.575918e+003,1.054784e-001
3.576400e+003,1.049788e-001
3.576882e+003,1.045023e-001
3.577364e+003,1.040292e-001
3.577846e+003,1.035412e-001
3.578328e+003,1.030269e-001
3.578811e+003,1.024892e-001
3.579293e+003,1.019416e-001
3.579775e+003,1.014017e-001
3.580257e+003,1.008806e-001
3.580739e+003,1.003811e-001
3.581221e+003,9.989958e-002
3.581703e+003,9.942841e-002
3.582186e+003,9.896437e-002
3.582667e+003,9.850893e-002
3.583150e+003,9.806539e-002
3.583632e+003,9.763463e-002
3.584114e+003,9.721120e-002
3.584596e+003,9.677933e-002
3.585078e+003,9.632067e-002
3.585560e+003,9.581994e-002
3.586042e+003,9.527607e-002
3.586525e+003,9.470923e-002
3.587007e+003,9.415687e-002
3.587489e+003,9.365530e-002
3.587971e+003,9.321508e-002
3.588453e+003,9.281805e-002
3.588935e+003,9.243249e-002
3.589417e+003,9.203395e-002
3.589899e+003,9.161481e-002
3.590382e+003,9.118195e-002
3.590864e+003,9.074809e-002
3.591346e+003,9.032545e-002
3.591828e+003,8.991934e-002
3.592310e+003,8.952293e-002
3.592792e+003,8.912461e-002
3.593274e+003,8.871068e-002
3.593756e+003,8.827709e-002
3.594239e+003,8.783078e-002
3.594721e+003,8.738764e-002
3.595203e+003,8.696215e-002
3.595685e+003,8.655945e-002
3.596167e+003,8.617046e-002
3.596649e+003,8.578198e-002
3.597131e+003,8.537941e-002
3.597614e+003,8.495995e-002
3.598095e+003,8.452968e-002
3.598578e+003,8.410067e-002
3.599060e+003,8.368500e-002
3.599542e+003,8.328595e-002
3.600024e+003,8.289670e-002
3.600506e+003,8.250330e-002
3.600988e+003,8.209367e-002
3.601470e+003,8.166593e-002
3.601953e+003,8.122677e-002
3.602435e+003,8.078836e-002
3.602917e+003,8.035953e-002
3.603399e+003,7.994086e-002
3.603881e+003,7.952472e-002
3.604363e+003,7.909866e-002
3.604845e+003,7.865136e-002
3.605327e+003,7.817834e-002
3.605810e+003,7.768337e-002
3.606292e+003,7.717713e-002
3.606774e+003,7.667143e-002
3.607256e+003,7.617415e-002
3.607738e+003,7.568356e-002
3.608220e+003,7.519388e-002
3.608702e+003,7.470009e-002
3.609184e+003,7.420532e-002
3.609667e+003,7.371909e-002
3.610149e+003,7.325143e-002
3.610631e+003,7.280625e-002
3.611113e+003,7.238010e-002
3.611595e+003,7.195986e-002
3.612077e+003,7.153173e-002
3.612559e+003,7.108806e-002
3.613042e+003,7.063340e-002
3.613524e+003,7.018375e-002
3.614006e+003,6.975626e-002
3.614488e+003,6.935958e-002
3.614970e+003,6.898930e-002
3.615452e+003,6.863316e-002
3.615934e+003,6.827924e-002
3.616416e+003,6.792170e-002
3.616898e+003,6.756727e-002
3.617381e+003,6.722897e-002
3.617863e+003,6.691867e-002
3.618345e+003,6.663148e-002
3.618827e+003,6.634064e-002
3.619309e+003,6.600478e-002
3.619791e+003,6.559497e-002
3.620273e+003,6.511191e-002
3.620755e+003,6.458760e-002
3.621238e+003,6.406734e-002
3.621720e+003,6.358849e-002
3.622202e+003,6.317086e-002
3.622684e+003,6.281158e-002
3.623166e+003,6.249025e-002
3.623648e+003,6.217728e-002
3.624130e+003,6.184568e-002
3.624612e+003,6.148022e-002
3.625094e+003,6.108202e-002
3.625577e+003,6.066436e-002
3.626059e+003,6.024656e-002
3.626541e+003,5.984438e-002
3.627023e+003,5.946092e-002
3.627505e+003,5.908542e-002
3.627987e+003,5.869633e-002
3.628469e+003,5.827865e-002
3.628952e+003,5.784215e-002
3.629434e+003,5.741712e-002
3.629916e+003,5.702415e-002
3.630398e+003,5.666596e-002
3.630880e+003,5.632683e-002
3.631362e+003,5.599106e-002
3.631844e+003,5.564616e-002
3.632326e+003,5.529041e-002
3.632809e+003,5.492780e-002
3.633291e+003,5.456853e-002
3.633773e+003,5.421898e-002
3.634255e+003,5.387850e-002
3.634737e+003,5.353875e-002
3.635219e+003,5.318616e-002
3.635701e+003,5.281325e-002
3.636183e+003,5.242078e-002
3.636666e+003,5.202021e-002
3.637148e+003,5.162897e-002
3.637630e+003,5.126376e-002
3.638112e+003,5.093388e-002
3.638594e+003,5.063598e-002
3.639076e+003,5.035810e-002
3.639558e+003,5.008218e-002
3.640041e+003,4.979443e-002
3.640522e+003,4.948623e-002
3.641005e+003,4.915548e-002
3.641487e+003,4.880432e-002
3.641969e+003,4.844069e-002
3.642451e+003,4.807170e-002
3.642933e+003,4.770657e-002
3.643415e+003,4.735584e-002
3.643897e+003,4.703210e-002
3.644380e+003,4.674452e-002
3.644862e+003,4.650033e-002
3.645344e+003,4.629704e-002
3.645826e+003,4.611982e-002
3.646308e+003,4.593662e-002
3.646790e+003,4.570599e-002
3.647272e+003,4.539003e-002
3.647754e+003,4.497892e-002
3.648237e+003,4.450291e-002
3.648719e+003,4.402382e-002
3.649201e+003,4.360103e-002
3.649683e+003,4.325978e-002
3.650165e+003,4.298115e-002
3.650647e+003,4.272870e-002
3.651129e+003,4.247375e-002
3.651611e+003,4.220958e-002
3.652094e+003,4.193891e-002
3.652576e+003,4.166686e-002
3.653058e+003,4.139366e-002
3.653540e+003,4.111349e-002
3.654022e+003,4.081465e-002
3.654504e+003,4.048648e-002
3.654986e+003,4.012563e-002
3.655469e+003,3.974526e-002
3.655950e+003,3.937295e-002
3.656433e+003,3.904038e-002
3.656915e+003,3.876191e-002
3.657397e+003,3.853346e-002
3.657879e+003,3.833552e-002
3.658361e+003,3.814774e-002
3.658843e+003,3.795658e-002
3.659325e+003,3.775744e-002
3.659808e+003,3.755120e-002
3.660290e+003,3.733984e-002
3.660772e+003,3.712249e-002
3.661254e+003,3.689568e-002
3.661736e+003,3.665394e-002
3.662218e+003,3.639691e-002
3.662700e+003,3.613092e-002
3.663182e+003,3.587023e-002
3.663665e+003,3.562913e-002
3.664147e+003,3.541644e-002
3.664629e+003,3.522830e-002
3.665111e+003,3.504943e-002
3.665593e+003,3.485552e-002
3.666075e+003,3.462645e-002
3.666557e+003,3.435130e-002
3.667039e+003,3.403281e-002
3.667521e+003,3.369008e-002
3.668004e+003,3.335219e-002
3.668486e+003,3.304865e-002
3.668968e+003,3.279647e-002
3.669450e+003,3.258496e-002
3.669932e+003,3.238175e-002
3.670414e+003,3.215703e-002
3.670896e+003,3.190734e-002
3.671378e+003,3.164932e-002
3.671861e+003,3.140665e-002
3.672343e+003,3.119585e-002
3.672825e+003,3.102671e-002
3.673307e+003,3.090024e-002
3.673789e+003,3.081469e-002
3.674271e+003,3.076139e-002
3.674753e+003,3.072484e-002
3.675236e+003,3.067834e-002
3.675718e+003,3.059807e-002
3.676200e+003,3.046923e-002
3.676682e+003,3.029492e-002
3.677164e+003,3.008285e-002
3.677646e+003,2.984294e-002
3.678128e+003,2.958860e-002
3.678610e+003,2.933821e-002
3.679093e+003,2.911261e-002
3.679575e+003,2.892685e-002
3.680057e+003,2.878265e-002
3.680539e+003,2.866647e-002
3.681021e+003,2.855550e-002
3.681503e+003,2.842761e-002
3.681985e+003,2.826940e-002
3.682467e+003,2.808087e-002
3.682949e+003,2.787218e-002
3.683432e+003,2.766323e-002
3.683914e+003,2.746704e-002
3.684396e+003,2.729405e-002
3.684878e+003,2.714163e-002
3.685360e+003,2.700124e-002
3.685842e+003,2.686393e-002
3.686324e+003,2.672623e-002
3.686806e+003,2.659173e-002
3.687289e+003,2.647272e-002
3.687771e+003,2.637942e-002
3.688253e+003,2.631764e-002
3.688735e+003,2.627685e-002
3.689217e+003,2.623804e-002
3.689699e+003,2.618393e-002
3.690181e+003,2.611191e-002
3.690664e+003,2.603006e-002
3.691146e+003,2.594645e-002
3.691628e+003,2.586369e-002
3.692110e+003,2.577880e-002
3.692592e+003,2.568419e-002
3.693074e+003,2.557664e-002
3.693556e+003,2.545911e-002
3.694038e+003,2.534194e-002
3.694521e+003,2.523942e-002
3.695003e+003,2.516448e-002
3.695485e+003,2.512112e-002
3.695967e+003,2.510475e-002
3.696449e+003,2.509832e-002
3.696931e+003,2.508430e-002
3.697413e+003,2.504825e-002
3.697895e+003,2.498680e-002
3.698377e+003,2.490555e-002
3.698860e+003,2.481681e-002
3.699342e+003,2.473129e-002
3.699824e+003,2.465833e-002
3.700306e+003,2.460016e-002
3.700788e+003,2.455269e-002
3.701270e+003,2.451056e-002
3.701752e+003,2.446868e-002
3.702234e+003,2.442404e-002
3.702717e+003,2.437776e-002
3.703199e+003,2.432849e-002
3.703681e+003,2.427647e-002
3.704163e+003,2.421982e-002
3.704645e+003,2.415992e-002
3.705127e+003,2.410150e-002
3.705609e+003,2.405180e-002
3.706092e+003,2.401741e-002
3.706573e+003,2.400208e-002
3.707056e+003,2.400171e-002
3.707538e+003,2.400720e-002
3.708020e+003,2.400284e-002
3.708502e+003,2.397815e-002
3.708984e+003,2.393037e-002
3.709466e+003,2.387361e-002
3.709948e+003,2.383404e-002
3.710431e+003,2.384014e-002
3.710913e+003,2.390176e-002
3.711395e+003,2.400197e-002
3.711877e+003,2.410046e-002
3.712359e+003,2.415941e-002
3.712841e+003,2.416405e-002
3.713323e+003,2.412384e-002
3.713805e+003,2.406040e-002
3.714288e+003,2.399607e-002
3.714770e+003,2.394484e-002
3.715252e+003,2.391172e-002
3.715734e+003,2.389333e-002
3.716216e+003,2.388093e-002
3.716698e+003,2.386441e-002
3.717180e+003,2.383863e-002
3.717662e+003,2.380047e-002
3.718145e+003,2.375391e-002
3.718627e+003,2.370436e-002
3.719109e+003,2.366141e-002
3.719591e+003,2.363146e-002
3.720073e+003,2.362114e-002
3.720555e+003,2.363409e-002
3.721037e+003,2.366930e-002
3.721520e+003,2.372017e-002
3.722001e+003,2.377180e-002
3.722484e+003,2.380605e-002
3.722966e+003,2.380763e-002
3.723448e+003,2.377040e-002
3.723930e+003,2.370198e-002
3.724412e+003,2.362027e-002
3.724894e+003,2.355019e-002
3.725376e+003,2.351041e-002
3.725859e+003,2.350931e-002
3.726341e+003,2.353541e-002
3.726823e+003,2.356664e-002
3.727305e+003,2.357909e-002
3.727787e+003,2.355921e-002
3.728269e+003,2.350723e-002
3.728751e+003,2.343393e-002
3.729233e+003,2.335297e-002
3.729716e+003,2.327712e-002
3.730198e+003,2.321468e-002
3.730680e+003,2.316803e-002
3.731162e+003,2.313516e-002
3.731644e+003,2.311243e-002
3.732126e+003,2.309936e-002
3.732608e+003,2.310110e-002
3.733090e+003,2.312352e-002
3.733573e+003,2.316842e-002
3.734055e+003,2.322426e-002
3.734537e+003,2.327106e-002
3.735019e+003,2.328474e-002
3.735501e+003,2.325836e-002
3.735983e+003,2.320900e-002
3.736465e+003,2.317080e-002
3.736948e+003,2.316789e-002
3.737430e+003,2.320681e-002
3.737912e+003,2.327400e-002
3.738394e+003,2.334926e-002
3.738876e+003,2.340857e-002
3.739358e+003,2.343610e-002
3.739840e+003,2.342316e-002
3.740322e+003,2.337475e-002
3.740804e+003,2.329867e-002
3.741287e+003,2.320510e-002
3.741769e+003,2.309856e-002
3.742251e+003,2.297879e-002
3.742733e+003,2.284528e-002
3.743215e+003,2.270861e-002
3.743697e+003,2.259733e-002
3.744179e+003,2.255520e-002
3.744661e+003,2.260289e-002
3.745144e+003,2.271628e-002
3.745626e+003,2.283965e-002
3.746108e+003,2.292543e-002
3.746590e+003,2.294613e-002
3.747072e+003,2.289569e-002
3.747554e+003,2.278719e-002
3.748036e+003,2.265197e-002
3.748518e+003,2.253714e-002
3.749000e+003,2.249154e-002
3.749483e+003,2.254104e-002
3.749965e+003,2.266716e-002
3.750447e+003,2.280163e-002
3.750929e+003,2.287376e-002
3.751411e+003,2.284960e-002
3.751893e+003,2.275912e-002
3.752375e+003,2.266055e-002
3.752858e+003,2.260432e-002
3.753340e+003,2.260748e-002
3.753822e+003,2.266045e-002
3.754304e+003,2.273564e-002
3.754786e+003,2.280455e-002
3.755268e+003,2.284344e-002
3.755750e+003,2.283980e-002
3.756232e+003,2.279566e-002
3.756715e+003,2.272512e-002
3.757197e+003,2.265053e-002
3.757679e+003,2.259625e-002
3.758161e+003,2.257920e-002
3.758643e+003,2.260432e-002
3.759125e+003,2.266569e-002
3.759607e+003,2.274641e-002
3.760089e+003,2.282677e-002
3.760572e+003,2.288909e-002
3.761054e+003,2.292198e-002
3.761536e+003,2.292289e-002
3.762018e+003,2.289486e-002
3.762500e+003,2.284760e-002
3.762982e+003,2.279376e-002
3.763464e+003,2.275040e-002
3.763947e+003,2.273182e-002
3.764428e+003,2.274599e-002
3.764911e+003,2.278685e-002
3.765393e+003,2.283620e-002
3.765875e+003,2.287037e-002
3.766357e+003,2.287495e-002
3.766839e+003,2.285117e-002
3.767321e+003,2.281523e-002
3.767803e+003,2.279005e-002
3.768286e+003,2.279917e-002
3.768768e+003,2.285299e-002
3.769250e+003,2.294292e-002
3.769732e+003,2.304023e-002
3.770214e+003,2.310994e-002
3.770696e+003,2.313077e-002
3.771178e+003,2.310470e-002
3.771660e+003,2.305075e-002
3.772143e+003,2.299412e-002
3.772625e+003,2.295472e-002
3.773107e+003,2.294295e-002
3.773589e+003,2.295666e-002
3.774071e+003,2.298723e-002
3.774553e+003,2.301896e-002
3.775035e+003,2.304042e-002
3.775517e+003,2.304375e-002
3.776000e+003,2.302829e-002
3.776482e+003,2.300001e-002
3.776964e+003,2.296830e-002
3.777446e+003,2.294547e-002
3.777928e+003,2.294268e-002
3.778410e+003,2.296821e-002
3.778892e+003,2.302434e-002
3.779375e+003,2.310310e-002
3.779856e+003,2.318810e-002
3.780339e+003,2.326131e-002
3.780821e+003,2.331269e-002
3.781303e+003,2.333917e-002
3.781785e+003,2.334698e-002
3.782267e+003,2.334767e-002
3.782749e+003,2.335497e-002
3.783231e+003,2.337994e-002
3.783714e+003,2.342743e-002
3.784196e+003,2.348905e-002
3.784678e+003,2.354827e-002
3.785160e+003,2.358486e-002
3.785642e+003,2.358430e-002
3.786124e+003,2.354378e-002
3.786606e+003,2.347309e-002
3.787088e+003,2.338748e-002
3.787571e+003,2.330416e-002
3.788053e+003,2.323699e-002
3.788535e+003,2.319640e-002
3.789017e+003,2.318560e-002
3.789499e+003,2.320523e-002
3.789981e+003,2.325200e-002
3.790463e+003,2.331992e-002
3.790945e+003,2.339946e-002
3.791427e+003,2.347570e-002
3.791910e+003,2.353234e-002
3.792392e+003,2.355509e-002
3.792874e+003,2.353540e-002
3.793356e+003,2.347719e-002
3.793838e+003,2.339525e-002
3.794320e+003,2.331534e-002
3.794802e+003,2.326627e-002
3.795284e+003,2.327165e-002
3.795767e+003,2.333252e-002
3.796249e+003,2.342568e-002
3.796731e+003,2.350663e-002
3.797213e+003,2.353565e-002
3.797695e+003,2.349204e-002
3.798177e+003,2.338321e-002
3.798659e+003,2.323541e-002
3.799142e+003,2.308811e-002
3.799624e+003,2.298737e-002
3.800106e+003,2.297828e-002
3.800588e+003,2.308617e-002
3.801070e+003,2.329142e-002
3.801552e+003,2.352102e-002
3.802034e+003,2.369153e-002
3.802516e+003,2.375883e-002
3.802999e+003,2.372835e-002
3.803481e+003,2.363228e-002
3.803963e+003,2.350474e-002
3.804445e+003,2.337512e-002
3.804927e+003,2.327017e-002
3.805409e+003,2.321276e-002
3.805891e+003,2.322082e-002
3.806373e+003,2.329539e-002
3.806855e+003,2.341258e-002
3.807338e+003,2.353045e-002
3.807820e+003,2.361521e-002
3.808302e+003,2.365327e-002
3.808784e+003,2.365294e-002
3.809266e+003,2.363366e-002
3.809748e+003,2.361513e-002
3.810230e+003,2.361070e-002
3.810712e+003,2.362162e-002
3.811195e+003,2.363832e-002
3.811677e+003,2.364387e-002
3.812159e+003,2.362072e-002
3.812641e+003,2.355900e-002
3.813123e+003,2.346074e-002
3.813605e+003,2.334452e-002
3.814087e+003,2.324148e-002
3.814570e+003,2.319083e-002
3.815052e+003,2.322120e-002
3.815534e+003,2.332889e-002
3.816016e+003,2.346725e-002
3.816498e+003,2.357090e-002
3.816980e+003,2.359338e-002
3.817462e+003,2.352516e-002
3.817944e+003,2.338455e-002
3.818427e+003,2.320235e-002
3.818909e+003,2.301577e-002
3.819391e+003,2.286829e-002
3.819873e+003,2.280278e-002
3.820355e+003,2.284839e-002
3.820837e+003,2.299260e-002
3.821319e+003,2.317564e-002
3.821801e+003,2.332701e-002
3.822283e+003,2.340830e-002
3.822766e+003,2.342038e-002
3.823248e+003,2.338684e-002
3.823730e+003,2.333467e-002
3.824212e+003,2.329096e-002
3.824694e+003,2.327681e-002
3.825176e+003,2.330686e-002
3.825658e+003,2.338140e-002
3.826140e+003,2.348297e-002
3.826623e+003,2.357981e-002
3.827105e+003,2.363885e-002
3.827587e+003,2.364106e-002
3.828069e+003,2.358885e-002
3.828551e+003,2.350021e-002
3.829033e+003,2.340460e-002
3.829515e+003,2.333227e-002
3.829998e+003,2.330574e-002
3.830479e+003,2.333403e-002
3.830962e+003,2.340957e-002
3.831444e+003,2.350535e-002
3.831926e+003,2.359033e-002
3.832408e+003,2.363838e-002
3.832890e+003,2.363929e-002
3.833372e+003,2.359550e-002
3.833854e+003,2.351769e-002
3.834337e+003,2.341653e-002
3.834819e+003,2.330015e-002
3.835301e+003,2.317473e-002
3.835783e+003,2.304968e-002
3.836265e+003,2.293917e-002
3.836747e+003,2.286652e-002
3.837229e+003,2.285444e-002
3.837711e+003,2.291378e-002
3.838194e+003,2.303386e-002
3.838676e+003,2.318249e-002
3.839158e+003,2.331878e-002
3.839640e+003,2.341473e-002
3.840122e+003,2.346400e-002
3.840604e+003,2.348230e-002
3.841086e+003,2.349209e-002
3.841568e+003,2.351466e-002
3.842051e+003,2.355828e-002
3.842533e+003,2.362154e-002
3.843015e+003,2.369011e-002
3.843497e+003,2.374940e-002
3.843979e+003,2.378817e-002
3.844461e+003,2.380627e-002
3.844943e+003,2.381055e-002
3.845426e+003,2.380953e-002
3.845907e+003,2.380683e-002
3.846390e+003,2.380076e-002
3.846872e+003,2.378474e-002
3.847354e+003,2.375139e-002
3.847836e+003,2.369475e-002
3.848318e+003,2.361559e-002
3.848800e+003,2.352026e-002
3.849282e+003,2.341830e-002
3.849765e+003,2.331762e-002
3.850247e+003,2.322326e-002
3.850729e+003,2.313497e-002
3.851211e+003,2.305389e-002
3.851693e+003,2.298768e-002
3.852175e+003,2.296002e-002
3.852657e+003,2.300548e-002
3.853139e+003,2.313715e-002
3.853622e+003,2.331509e-002
3.854104e+003,2.347392e-002
3.854586e+003,2.356882e-002
3.855068e+003,2.359185e-002
3.855550e+003,2.356306e-002
3.856032e+003,2.351314e-002
3.856514e+003,2.347137e-002
3.856996e+003,2.345992e-002
3.857479e+003,2.348839e-002
3.857961e+003,2.355251e-002
3.858443e+003,2.363429e-002
3.858925e+003,2.371155e-002
3.859407e+003,2.376224e-002
3.859889e+003,2.377195e-002
3.860371e+003,2.373820e-002
3.860854e+003,2.367176e-002
3.861336e+003,2.359478e-002
3.861818e+003,2.353518e-002
3.862300e+003,2.351865e-002
3.862782e+003,2.355767e-002
3.863264e+003,2.364785e-002
3.863746e+003,2.376714e-002
3.864228e+003,2.387737e-002
3.864710e+003,2.394244e-002
3.865193e+003,2.393829e-002
3.865675e+003,2.386436e-002
3.866157e+003,2.373702e-002
3.866639e+003,2.358314e-002
3.867121e+003,2.343106e-002
3.867603e+003,2.331522e-002
3.868085e+003,2.327030e-002
3.868567e+003,2.332948e-002
3.869050e+003,2.349956e-002
3.869532e+003,2.374135e-002
3.870014e+003,2.396997e-002
3.870496e+003,2.410695e-002
3.870978e+003,2.412153e-002
3.871460e+003,2.403370e-002
3.871942e+003,2.388913e-002
3.872424e+003,2.374218e-002
3.872906e+003,2.364440e-002
3.873389e+003,2.363446e-002
3.873871e+003,2.372241e-002
3.874353e+003,2.388043e-002
3.874835e+003,2.405323e-002
3.875317e+003,2.418634e-002
3.875799e+003,2.424551e-002
3.876281e+003,2.422194e-002
3.876764e+003,2.412696e-002
3.877246e+003,2.398505e-002
3.877728e+003,2.383086e-002
3.878210e+003,2.370675e-002
3.878692e+003,2.365561e-002
3.879174e+003,2.371148e-002
3.879656e+003,2.387661e-002
3.880138e+003,2.410792e-002
3.880621e+003,2.432980e-002
3.881103e+003,2.446891e-002
3.881585e+003,2.448826e-002
3.882067e+003,2.439524e-002
3.882549e+003,2.422496e-002
3.883031e+003,2.402540e-002
3.883513e+003,2.384645e-002
3.883995e+003,2.373298e-002
3.884478e+003,2.371700e-002
3.884960e+003,2.380272e-002
3.885442e+003,2.395557e-002
3.885924e+003,2.411762e-002
3.886406e+003,2.423373e-002
3.886888e+003,2.428195e-002
3.887370e+003,2.426392e-002
3.887853e+003,2.419728e-002
3.888334e+003,2.410187e-002
3.888817e+003,2.399638e-002
3.889299e+003,2.389949e-002
3.889781e+003,2.383108e-002
3.890263e+003,2.381129e-002
3.890745e+003,2.385385e-002
3.891227e+003,2.395632e-002
3.891709e+003,2.409610e-002
3.892192e+003,2.423828e-002
3.892674e+003,2.435120e-002
3.893156e+003,2.441520e-002
3.893638e+003,2.442922e-002
3.894120e+003,2.440397e-002
3.894602e+003,2.435684e-002
3.895084e+003,2.430526e-002
3.895566e+003,2.426310e-002
3.896049e+003,2.423467e-002
3.896531e+003,2.421868e-002
3.897013e+003,2.420596e-002
3.897495e+003,2.418681e-002
3.897977e+003,2.415456e-002
3.898459e+003,2.411103e-002
3.898941e+003,2.406645e-002
3.899423e+003,2.403430e-002
3.899906e+003,2.402469e-002
3.900388e+003,2.403867e-002
3.900870e+003,2.406813e-002
3.901352e+003,2.410480e-002
3.901834e+003,2.414358e-002
3.902316e+003,2.418853e-002
3.902798e+003,2.424898e-002
3.903281e+003,2.433135e-002
3.903762e+003,2.443277e-002
3.904245e+003,2.453908e-002
3.904727e+003,2.462717e-002
3.905209e+003,2.467931e-002
3.905691e+003,2.468945e-002
3.906173e+003,2.466571e-002
3.906655e+003,2.462292e-002
3.907137e+003,2.457814e-002
3.907620e+003,2.454531e-002
3.908102e+003,2.453350e-002
3.908584e+003,2.454388e-002
3.909066e+003,2.457266e-002
3.909548e+003,2.461275e-002
3.910030e+003,2.465786e-002
3.910512e+003,2.469902e-002
3.910994e+003,2.473244e-002
3.911477e+003,2.475430e-002
3.911959e+003,2.476392e-002
3.912441e+003,2.476198e-002
3.912923e+003,2.475227e-002
3.913405e+003,2.473940e-002
3.913887e+003,2.472902e-002
3.914369e+003,2.472641e-002
3.914851e+003,2.473301e-002
3.915333e+003,2.474777e-002
3.915816e+003,2.476582e-002
3.916298e+003,2.478059e-002
3.916780e+003,2.478759e-002
3.917262e+003,2.478762e-002
3.917744e+003,2.478777e-002
3.918226e+003,2.479503e-002
3.918708e+003,2.481403e-002
3.919190e+003,2.484185e-002
3.919673e+003,2.487285e-002
3.920155e+003,2.489739e-002
3.920637e+003,2.490902e-002
3.921119e+003,2.490536e-002
3.921601e+003,2.489300e-002
3.922083e+003,2.487997e-002
3.922565e+003,2.487670e-002
3.923048e+003,2.488925e-002
3.923530e+003,2.491909e-002
3.924012e+003,2.496107e-002
3.924494e+003,2.500636e-002
3.924976e+003,2.504573e-002
3.925458e+003,2.507507e-002
3.925940e+003,2.509334e-002
3.926422e+003,2.510262e-002
3.926905e+003,2.510372e-002
3.927387e+003,2.509479e-002
3.927869e+003,2.507396e-002
3.928351e+003,2.504111e-002
3.928833e+003,2.499834e-002
3.929315e+003,2.495504e-002
3.929797e+003,2.492375e-002
3.930279e+003,2.491571e-002
3.930761e+003,2.493872e-002
3.931244e+003,2.499148e-002
3.931726e+003,2.506381e-002
3.932208e+003,2.514080e-002
3.932690e+003,2.520537e-002
3.933172e+003,2.524682e-002
3.933654e+003,2.526169e-002
3.934136e+003,2.525248e-002
3.934618e+003,2.522514e-002
3.935101e+003,2.518748e-002
3.935583e+003,2.514782e-002
3.936065e+003,2.511490e-002
3.936547e+003,2.509468e-002
3.937029e+003,2.509193e-002
3.937511e+003,2.510718e-002
3.937993e+003,2.513343e-002
3.938476e+003,2.516074e-002
3.938958e+003,2.517892e-002
3.939440e+003,2.517948e-002
3.939922e+003,2.516283e-002
3.940404e+003,2.513517e-002
3.940886e+003,2.511227e-002
3.941368e+003,2.510726e-002
3.941850e+003,2.512968e-002
3.942333e+003,2.517544e-002
3.942815e+003,2.523049e-002
3.943297e+003,2.527349e-002
3.943779e+003,2.528878e-002
3.944261e+003,2.527157e-002
3.944743e+003,2.522850e-002
3.945225e+003,2.517547e-002
3.945707e+003,2.512827e-002
3.946189e+003,2.510029e-002
3.946672e+003,2.509711e-002
3.947154e+003,2.511704e-002
3.947636e+003,2.515157e-002
3.948118e+003,2.518995e-002
3.948600e+003,2.522290e-002
3.949082e+003,2.524550e-002
3.949564e+003,2.525575e-002
3.950046e+003,2.525485e-002
3.950529e+003,2.524372e-002
3.951011e+003,2.522315e-002
3.951493e+003,2.519687e-002
3.951975e+003,2.516938e-002
3.952457e+003,2.514773e-002
3.952939e+003,2.513830e-002
3.953421e+003,2.514509e-002
3.953904e+003,2.516690e-002
3.954385e+003,2.519617e-002
3.954868e+003,2.522437e-002
3.955350e+003,2.524260e-002
3.955832e+003,2.524648e-002
3.956314e+003,2.523705e-002
3.956796e+003,2.521978e-002
3.957278e+003,2.520196e-002
3.957760e+003,2.518879e-002
3.958243e+003,2.518294e-002
3.958725e+003,2.518401e-002
3.959207e+003,2.519134e-002
3.959689e+003,2.520346e-002
3.960171e+003,2.522357e-002
3.960653e+003,2.525248e-002
3.961135e+003,2.528965e-002
3.961617e+003,2.533189e-002
3.962100e+003,2.537148e-002
3.962582e+003,2.540069e-002
3.963064e+003,2.541471e-002
3.963546e+003,2.541406e-002
3.964028e+003,2.540556e-002
3.964510e+003,2.539611e-002
3.964992e+003,2.539440e-002
3.965474e+003,2.540123e-002
3.965957e+003,2.541392e-002
3.966439e+003,2.542701e-002
3.966921e+003,2.543450e-002
3.967403e+003,2.543559e-002
3.967885e+003,2.543495e-002
3.968367e+003,2.544044e-002
3.968849e+003,2.545914e-002
3.969332e+003,2.549441e-002
3.969813e+003,2.554276e-002
3.970296e+003,2.559473e-002
3.970778e+003,2.563937e-002
3.971260e+003,2.566892e-002
3.971742e+003,2.568099e-002
3.972224e+003,2.567769e-002
3.972706e+003,2.566371e-002
3.973188e+003,2.564558e-002
3.973671e+003,2.562490e-002
3.974153e+003,2.560208e-002
3.974635e+003,2.557739e-002
3.975117e+003,2.555095e-002
3.975599e+003,2.552678e-002
3.976081e+003,2.550955e-002
3.976563e+003,2.550301e-002
3.977045e+003,2.550864e-002
3.977528e+003,2.552337e-002
3.978010e+003,2.554239e-002
3.978492e+003,2.555953e-002
3.978974e+003,2.557280e-002
3.979456e+003,2.558272e-002
3.979938e+003,2.559251e-002
3.980420e+003,2.560485e-002
3.980902e+003,2.562107e-002
3.981385e+003,2.563823e-002
3.981867e+003,2.565258e-002
3.982349e+003,2.566185e-002
3.982831e+003,2.566656e-002
3.983313e+003,2.567128e-002
3.983795e+003,2.568188e-002
3.984277e+003,2.570268e-002
3.984760e+003,2.573273e-002
3.985242e+003,2.576627e-002
3.985724e+003,2.579391e-002
3.986206e+003,2.580870e-002
3.986688e+003,2.580699e-002
3.987170e+003,2.579456e-002
3.987652e+003,2.578024e-002
3.988134e+003,2.577517e-002
3.988616e+003,2.578580e-002
3.989099e+003,2.581186e-002
3.989581e+003,2.584611e-002
3.990063e+003,2.587889e-002
3.990545e+003,2.590000e-002
3.991027e+003,2.590622e-002
3.991509e+003,2.589861e-002
3.991991e+003,2.588254e-002
3.992473e+003,2.586364e-002
3.992956e+003,2.584501e-002
3.993438e+003,2.582664e-002
3.993920e+003,2.580854e-002
3.994402e+003,2.578976e-002
3.994884e+003,2.577245e-002
3.995366e+003,2.576105e-002
3.995848e+003,2.575932e-002
3.996330e+003,2.576659e-002
3.996813e+003,2.578086e-002
3.997295e+003,2.579418e-002
3.997777e+003,2.580025e-002
3.998259e+003,2.579342e-002
3.998741e+003,2.577488e-002
3.999223e+003,2.575014e-002
3.999705e+003,2.572823e-002
4.000188e+003,2.571586e-002
