3.996813e+002,0.000000e+000
4.001635e+002,1.145259e-002
4.006456e+002,1.124695e-002
4.011277e+002,1.116875e-002
4.016098e+002,1.113716e-002
4.020919e+002,1.108800e-002
4.025741e+002,1.098819e-002
4.030562e+002,1.083746e-002
4.035383e+002,1.065795e-002
4.040204e+002,1.048124e-002
4.045026e+002,1.033513e-002
4.049847e+002,1.023851e-002
4.054668e+002,1.019744e-002
4.059489e+002,1.020687e-002
4.064311e+002,1.025108e-002
4.069132e+002,1.031172e-002
4.073953e+002,1.037208e-002
4.078774e+002,1.042264e-002
4.083596e+002,1.046035e-002
4.088417e+002,1.048795e-002
4.093238e+002,1.051296e-002
4.098059e+002,1.054610e-002
4.102881e+002,1.059798e-002
4.107702e+002,1.067371e-002
4.112523e+002,1.076953e-002
4.117344e+002,1.087129e-002
4.122166e+002,1.095552e-002
4.126987e+002,1.099496e-002
4.131808e+002,1.096696e-002
4.136629e+002,1.086509e-002
4.141451e+002,1.070458e-002
4.146272e+002,1.052024e-002
4.151093e+002,1.035301e-002
4.155914e+002,1.024125e-002
4.160736e+002,1.021331e-002
4.165557e+002,1.028970e-002
4.170378e+002,1.048053e-002
4.175200e+002,1.077810e-002
4.180021e+002,1.113983e-002
4.184842e+002,1.148424e-002
4.189663e+002,1.172192e-002
4.194484e+002,1.181728e-002
4.199306e+002,1.179974e-002
4.204127e+002,1.172731e-002
4.208948e+002,1.164263e-002
4.213770e+002,1.156371e-002
4.218591e+002,1.149011e-002
4.223412e+002,1.141343e-002
4.228233e+002,1.132342e-002
4.233055e+002,1.121370e-002
4.237876e+002,1.108355e-002
4.242697e+002,1.093820e-002
4.247518e+002,1.078935e-002
4.252339e+002,1.065205e-002
4.257161e+002,1.054106e-002
4.261982e+002,1.046883e-002
4.266803e+002,1.044377e-002
4.271624e+002,1.047168e-002
4.276446e+002,1.055576e-002
4.281267e+002,1.069458e-002
4.286088e+002,1.087920e-002
4.290909e+002,1.109062e-002
4.295731e+002,1.129962e-002
4.300552e+002,1.147284e-002
4.305373e+002,1.158127e-002
4.310194e+002,1.160838e-002
4.315016e+002,1.155433e-002
4.319837e+002,1.143675e-002
4.324658e+002,1.128575e-002
4.329479e+002,1.113868e-002
4.334301e+002,1.102875e-002
4.339122e+002,1.097766e-002
4.343943e+002,1.099005e-002
4.348764e+002,1.105526e-002
4.353586e+002,1.115035e-002
4.358407e+002,1.124757e-002
4.363228e+002,1.132122e-002
4.368049e+002,1.135608e-002
4.372870e+002,1.134984e-002
4.377692e+002,1.131226e-002
4.382513e+002,1.125766e-002
4.387334e+002,1.119906e-002
4.392155e+002,1.114529e-002
4.396977e+002,1.110125e-002
4.401798e+002,1.106987e-002
4.406619e+002,1.105400e-002
4.411440e+002,1.105698e-002
4.416262e+002,1.108209e-002
4.421083e+002,1.113019e-002
4.425904e+002,1.119854e-002
4.430725e+002,1.127954e-002
4.435547e+002,1.136228e-002
4.440368e+002,1.143420e-002
4.445189e+002,1.148492e-002
4.450010e+002,1.150776e-002
4.454832e+002,1.150233e-002
4.459653e+002,1.147346e-002
4.464474e+002,1.143065e-002
4.469295e+002,1.138589e-002
4.474117e+002,1.135212e-002
4.478938e+002,1.134072e-002
4.483759e+002,1.135947e-002
4.488580e+002,1.141055e-002
4.493401e+002,1.149180e-002
4.498223e+002,1.159703e-002
4.503044e+002,1.171880e-002
4.507865e+002,1.184839e-002
4.512687e+002,1.197631e-002
4.517508e+002,1.209179e-002
4.522329e+002,1.218546e-002
4.527150e+002,1.225158e-002
4.531971e+002,1.229175e-002
4.536793e+002,1.231343e-002
4.541614e+002,1.232769e-002
4.546435e+002,1.234494e-002
4.551257e+002,1.237267e-002
4.556078e+002,1.241337e-002
4.560899e+002,1.246329e-002
4.565720e+002,1.251091e-002
4.570542e+002,1.253922e-002
4.575363e+002,1.253068e-002
4.580184e+002,1.247542e-002
4.585005e+002,1.237609e-002
4.589827e+002,1.224647e-002
4.594648e+002,1.210366e-002
4.599469e+002,1.196413e-002
4.604290e+002,1.183846e-002
4.609112e+002,1.173191e-002
4.613933e+002,1.164588e-002
4.618754e+002,1.157977e-002
4.623575e+002,1.153292e-002
4.628397e+002,1.150644e-002
4.633218e+002,1.150185e-002
4.638039e+002,1.152006e-002
4.642860e+002,1.155864e-002
4.647682e+002,1.161130e-002
4.652503e+002,1.166785e-002
4.657324e+002,1.171756e-002
4.662145e+002,1.175082e-002
4.666967e+002,1.176335e-002
4.671788e+002,1.175760e-002
4.676609e+002,1.174352e-002
4.681430e+002,1.173444e-002
4.686252e+002,1.174297e-002
4.691073e+002,1.177598e-002
4.695894e+002,1.183417e-002
4.700715e+002,1.191333e-002
4.705536e+002,1.200626e-002
4.710358e+002,1.210378e-002
4.715179e+002,1.219563e-002
4.720000e+002,1.227104e-002
4.724821e+002,1.232174e-002
4.729643e+002,1.234292e-002
4.734464e+002,1.233524e-002
4.739285e+002,1.230330e-002
4.744106e+002,1.225380e-002
4.748928e+002,1.219311e-002
4.753749e+002,1.212722e-002
4.758570e+002,1.206027e-002
4.763391e+002,1.199500e-002
4.768213e+002,1.193299e-002
4.773034e+002,1.187659e-002
4.777855e+002,1.182916e-002
4.782676e+002,1.179676e-002
4.787498e+002,1.178573e-002
4.792319e+002,1.180070e-002
4.797140e+002,1.184101e-002
4.801961e+002,1.189975e-002
4.806783e+002,1.196412e-002
4.811604e+002,1.202002e-002
4.816425e+002,1.205546e-002
4.821246e+002,1.206591e-002
4.826068e+002,1.205442e-002
4.830889e+002,1.203132e-002
4.835710e+002,1.200863e-002
4.840531e+002,1.199469e-002
4.845352e+002,1.198982e-002
4.850174e+002,1.198798e-002
4.854995e+002,1.198089e-002
4.859816e+002,1.196486e-002
4.864637e+002,1.194354e-002
4.869459e+002,1.192769e-002
4.874280e+002,1.192995e-002
4.879101e+002,1.195912e-002
4.883922e+002,1.201496e-002
4.888744e+002,1.208759e-002
4.893565e+002,1.216037e-002
4.898386e+002,1.221520e-002
4.903207e+002,1.223843e-002
4.908029e+002,1.222552e-002
4.912850e+002,1.218196e-002
4.917671e+002,1.212048e-002
4.922492e+002,1.205545e-002
4.927314e+002,1.199812e-002
4.932135e+002,1.195422e-002
4.936956e+002,1.192506e-002
4.941777e+002,1.190903e-002
4.946599e+002,1.190481e-002
4.951420e+002,1.191019e-002
4.956241e+002,1.192225e-002
4.961062e+002,1.193618e-002
4.965884e+002,1.194632e-002
4.970705e+002,1.194791e-002
4.975526e+002,1.194019e-002
4.980347e+002,1.192766e-002
4.985169e+002,1.192025e-002
4.989990e+002,1.192939e-002
4.994811e+002,1.196447e-002
4.999633e+002,1.202835e-002
5.004454e+002,1.211617e-002
5.009275e+002,1.221610e-002
5.014096e+002,1.231306e-002
5.018917e+002,1.239414e-002
5.023739e+002,1.245405e-002
5.028560e+002,1.249650e-002
5.033381e+002,1.253153e-002
5.038203e+002,1.256933e-002
5.043024e+002,1.261542e-002
5.047845e+002,1.266971e-002
5.052666e+002,1.272756e-002
5.057487e+002,1.278261e-002
5.062309e+002,1.282935e-002
5.067130e+002,1.286442e-002
5.071951e+002,1.288708e-002
5.076772e+002,1.289716e-002
5.081594e+002,1.289415e-002
5.086415e+002,1.287647e-002
5.091236e+002,1.284315e-002
5.096057e+002,1.279571e-002
5.100879e+002,1.273987e-002
5.105700e+002,1.268453e-002
5.110521e+002,1.264014e-002
5.115342e+002,1.261407e-002
5.120164e+002,1.260911e-002
5.124985e+002,1.262255e-002
5.129806e+002,1.264840e-002
5.134627e+002,1.267990e-002
5.139448e+002,1.271274e-002
5.144270e+002,1.274518e-002
5.149091e+002,1.277817e-002
5.153912e+002,1.281216e-002
5.158734e+002,1.284595e-002
5.163555e+002,1.287512e-002
5.168376e+002,1.289360e-002
5.173197e+002,1.289593e-002
5.178019e+002,1.288007e-002
5.182840e+002,1.284865e-002
5.187661e+002,1.280774e-002
5.192482e+002,1.276418e-002
5.197303e+002,1.272301e-002
5.202125e+002,1.268667e-002
5.206946e+002,1.265633e-002
5.211767e+002,1.263257e-002
5.216588e+002,1.261728e-002
5.221410e+002,1.261294e-002
5.226231e+002,1.262165e-002
5.231052e+002,1.264374e-002
5.235873e+002,1.267715e-002
5.240695e+002,1.271691e-002
5.245516e+002,1.275627e-002
5.250337e+002,1.278835e-002
5.255159e+002,1.280808e-002
5.259980e+002,1.281368e-002
5.264801e+002,1.280699e-002
5.269622e+002,1.279205e-002
5.274443e+002,1.277340e-002
5.279265e+002,1.275470e-002
5.284086e+002,1.273935e-002
5.288907e+002,1.272963e-002
5.293728e+002,1.272772e-002
5.298550e+002,1.273399e-002
5.303371e+002,1.274716e-002
5.308192e+002,1.276310e-002
5.313013e+002,1.277610e-002
5.317834e+002,1.278030e-002
5.322656e+002,1.277245e-002
5.327477e+002,1.275310e-002
5.332299e+002,1.272685e-002
5.337120e+002,1.270095e-002
5.341941e+002,1.268234e-002
5.346762e+002,1.267570e-002
5.351583e+002,1.268180e-002
5.356404e+002,1.269874e-002
5.361226e+002,1.272351e-002
5.366047e+002,1.275385e-002
5.370868e+002,1.278901e-002
5.375690e+002,1.282892e-002
5.380511e+002,1.287266e-002
5.385332e+002,1.291706e-002
5.390153e+002,1.295692e-002
5.394974e+002,1.298593e-002
5.399796e+002,1.299983e-002
5.404617e+002,1.299780e-002
5.409438e+002,1.298334e-002
5.414260e+002,1.296282e-002
5.419081e+002,1.294272e-002
5.423902e+002,1.292676e-002
5.428723e+002,1.291515e-002
5.433544e+002,1.290492e-002
5.438365e+002,1.289366e-002
5.443187e+002,1.288110e-002
5.448008e+002,1.287129e-002
5.452830e+002,1.287053e-002
5.457651e+002,1.288496e-002
5.462472e+002,1.291658e-002
5.467293e+002,1.296161e-002
5.472114e+002,1.301177e-002
5.476936e+002,1.305722e-002
5.481757e+002,1.309082e-002
5.486578e+002,1.311057e-002
5.491400e+002,1.311996e-002
5.496221e+002,1.312578e-002
5.501042e+002,1.313455e-002
5.505863e+002,1.314984e-002
5.510684e+002,1.317105e-002
5.515505e+002,1.319530e-002
5.520327e+002,1.321895e-002
5.525148e+002,1.324026e-002
5.529969e+002,1.325941e-002
5.534791e+002,1.327744e-002
5.539612e+002,1.329512e-002
5.544433e+002,1.331100e-002
5.549254e+002,1.332224e-002
5.554076e+002,1.332621e-002
5.558896e+002,1.332246e-002
5.563718e+002,1.331446e-002
5.568539e+002,1.330814e-002
5.573361e+002,1.330979e-002
5.578182e+002,1.332261e-002
5.583003e+002,1.334484e-002
5.587825e+002,1.337021e-002
5.592645e+002,1.338993e-002
5.597467e+002,1.339620e-002
5.602288e+002,1.338566e-002
5.607109e+002,1.335996e-002
5.611931e+002,1.332494e-002
5.616752e+002,1.328753e-002
5.621573e+002,1.325363e-002
5.626394e+002,1.322601e-002
5.631216e+002,1.320538e-002
5.636037e+002,1.319150e-002
5.640858e+002,1.318512e-002
5.645679e+002,1.318819e-002
5.650500e+002,1.320335e-002
5.655322e+002,1.323225e-002
5.660143e+002,1.327411e-002
5.664965e+002,1.332552e-002
5.669785e+002,1.338159e-002
5.674607e+002,1.343744e-002
5.679428e+002,1.349017e-002
5.684249e+002,1.353960e-002
5.689070e+002,1.358749e-002
5.693892e+002,1.363598e-002
5.698713e+002,1.368620e-002
5.703534e+002,1.373757e-002
5.708356e+002,1.378875e-002
5.713177e+002,1.383862e-002
5.717998e+002,1.388766e-002
5.722819e+002,1.393760e-002
5.727640e+002,1.399078e-002
5.732462e+002,1.404801e-002
5.737283e+002,1.410796e-002
5.742104e+002,1.416669e-002
5.746925e+002,1.421895e-002
5.751747e+002,1.425998e-002
5.756568e+002,1.428738e-002
5.761389e+002,1.430181e-002
5.766210e+002,1.430684e-002
5.771031e+002,1.430657e-002
5.775853e+002,1.430432e-002
5.780674e+002,1.430209e-002
5.785496e+002,1.430134e-002
5.790317e+002,1.430400e-002
5.795138e+002,1.431324e-002
5.799959e+002,1.433251e-002
5.804780e+002,1.436395e-002
5.809601e+002,1.440635e-002
5.814423e+002,1.445438e-002
5.819244e+002,1.450013e-002
5.824066e+002,1.453593e-002
5.828887e+002,1.455674e-002
5.833708e+002,1.456256e-002
5.838529e+002,1.455712e-002
5.843350e+002,1.454596e-002
5.848171e+002,1.453363e-002
5.852993e+002,1.452134e-002
5.857814e+002,1.450706e-002
5.862635e+002,1.448792e-002
5.867457e+002,1.446285e-002
5.872278e+002,1.443509e-002
5.877099e+002,1.441181e-002
5.881920e+002,1.440165e-002
5.886741e+002,1.441091e-002
5.891563e+002,1.444145e-002
5.896384e+002,1.448883e-002
5.901205e+002,1.454421e-002
5.906027e+002,1.459710e-002
5.910848e+002,1.463883e-002
5.915669e+002,1.466483e-002
5.920490e+002,1.467564e-002
5.925311e+002,1.467458e-002
5.930133e+002,1.466615e-002
5.934954e+002,1.465390e-002
5.939775e+002,1.464034e-002
5.944597e+002,1.462769e-002
5.949418e+002,1.461879e-002
5.954239e+002,1.461661e-002
5.959060e+002,1.462334e-002
5.963882e+002,1.463867e-002
5.968702e+002,1.465920e-002
5.973524e+002,1.467955e-002
5.978345e+002,1.469482e-002
5.983167e+002,1.470327e-002
5.987988e+002,1.470833e-002
5.992809e+002,1.471742e-002
5.997630e+002,1.473925e-002
6.002451e+002,1.477953e-002
6.007273e+002,1.483775e-002
6.012094e+002,1.490680e-002
6.016915e+002,1.497526e-002
6.021736e+002,1.503176e-002
6.026558e+002,1.506888e-002
6.031379e+002,1.508488e-002
6.036200e+002,1.508314e-002
6.041022e+002,1.506964e-002
6.045842e+002,1.505044e-002
6.050664e+002,1.502975e-002
6.055485e+002,1.501003e-002
6.060306e+002,1.499334e-002
6.065128e+002,1.498270e-002
6.069949e+002,1.498185e-002
6.074770e+002,1.499407e-002
6.079591e+002,1.501934e-002
6.084413e+002,1.505305e-002
6.089234e+002,1.508608e-002
6.094055e+002,1.510734e-002
6.098876e+002,1.510779e-002
6.103698e+002,1.508365e-002
6.108519e+002,1.503832e-002
6.113340e+002,1.498053e-002
6.118162e+002,1.492089e-002
6.122983e+002,1.486793e-002
6.127804e+002,1.482560e-002
6.132625e+002,1.479299e-002
6.137446e+002,1.476640e-002
6.142267e+002,1.474242e-002
6.147089e+002,1.471960e-002
6.151910e+002,1.469939e-002
6.156731e+002,1.468477e-002
6.161553e+002,1.467842e-002
6.166374e+002,1.468133e-002
6.171195e+002,1.469279e-002
6.176016e+002,1.471127e-002
6.180837e+002,1.473619e-002
6.185659e+002,1.476804e-002
6.190480e+002,1.480787e-002
6.195302e+002,1.485555e-002
6.200123e+002,1.490875e-002
6.204944e+002,1.496215e-002
6.209765e+002,1.500947e-002
6.214586e+002,1.504505e-002
6.219407e+002,1.506661e-002
6.224229e+002,1.507557e-002
6.229050e+002,1.507601e-002
6.233871e+002,1.507248e-002
6.238693e+002,1.506775e-002
6.243514e+002,1.506166e-002
6.248335e+002,1.505193e-002
6.253156e+002,1.503652e-002
6.257977e+002,1.501561e-002
6.262798e+002,1.499257e-002
6.267620e+002,1.497282e-002
6.272441e+002,1.496155e-002
6.277263e+002,1.496112e-002
6.282084e+002,1.497041e-002
6.286905e+002,1.498542e-002
6.291726e+002,1.500141e-002
6.296547e+002,1.501528e-002
6.301368e+002,1.502653e-002
6.306190e+002,1.503691e-002
6.311011e+002,1.504874e-002
6.315833e+002,1.506271e-002
6.320654e+002,1.507709e-002
6.325475e+002,1.508867e-002
6.330296e+002,1.509461e-002
6.335117e+002,1.509473e-002
6.339939e+002,1.509228e-002
6.344760e+002,1.509292e-002
6.349581e+002,1.510261e-002
6.354402e+002,1.512493e-002
6.359224e+002,1.515925e-002
6.364045e+002,1.520153e-002
6.368866e+002,1.524575e-002
6.373687e+002,1.528648e-002
6.378508e+002,1.531978e-002
6.383330e+002,1.534406e-002
6.388151e+002,1.535853e-002
6.392972e+002,1.536265e-002
6.397794e+002,1.535588e-002
6.402615e+002,1.533867e-002
6.407436e+002,1.531336e-002
6.412257e+002,1.528515e-002
6.417079e+002,1.526077e-002
6.421899e+002,1.524660e-002
6.426721e+002,1.524543e-002
6.431542e+002,1.525572e-002
6.436364e+002,1.527188e-002
6.441185e+002,1.528699e-002
6.446006e+002,1.529618e-002
6.450827e+002,1.529927e-002
6.455648e+002,1.530077e-002
6.460470e+002,1.530717e-002
6.465291e+002,1.532337e-002
6.470112e+002,1.534938e-002
6.474933e+002,1.537997e-002
6.479755e+002,1.540663e-002
6.484576e+002,1.542241e-002
6.489397e+002,1.542511e-002
6.494219e+002,1.541925e-002
6.499040e+002,1.541398e-002
6.503861e+002,1.541847e-002
6.508682e+002,1.543760e-002
6.513503e+002,1.547021e-002
6.518325e+002,1.550974e-002
6.523146e+002,1.554792e-002
6.527968e+002,1.557930e-002
6.532788e+002,1.560313e-002
6.537610e+002,1.562305e-002
6.542431e+002,1.564449e-002
6.547252e+002,1.567114e-002
6.552073e+002,1.570285e-002
6.556895e+002,1.573626e-002
6.561716e+002,1.576748e-002
6.566537e+002,1.579516e-002
6.571359e+002,1.582167e-002
6.576179e+002,1.585207e-002
6.581001e+002,1.589101e-002
6.585822e+002,1.593956e-002
6.590643e+002,1.599389e-002
6.595464e+002,1.604669e-002
6.600286e+002,1.609067e-002
6.605107e+002,1.612303e-002
6.609928e+002,1.614599e-002
6.614750e+002,1.616625e-002
6.619571e+002,1.619103e-002
6.624392e+002,1.622409e-002
6.629213e+002,1.626418e-002
6.634034e+002,1.630588e-002
6.638856e+002,1.634324e-002
6.643677e+002,1.637356e-002
6.648499e+002,1.639887e-002
6.653320e+002,1.642530e-002
6.658141e+002,1.646065e-002
6.662962e+002,1.651136e-002
6.667783e+002,1.657923e-002
6.672605e+002,1.665835e-002
6.677426e+002,1.673509e-002
6.682247e+002,1.679540e-002
6.687068e+002,1.683604e-002
6.691890e+002,1.686677e-002
6.696711e+002,1.689973e-002
6.701532e+002,1.693993e-002
6.706353e+002,1.698490e-002
6.711174e+002,1.702823e-002
6.715996e+002,1.706412e-002
6.720817e+002,1.709117e-002
6.725638e+002,1.711327e-002
6.730460e+002,1.713897e-002
6.735281e+002,1.717739e-002
6.740102e+002,1.723313e-002
6.744923e+002,1.730380e-002
6.749745e+002,1.738125e-002
6.754565e+002,1.745594e-002
6.759387e+002,1.752203e-002
6.764208e+002,1.758062e-002
6.769030e+002,1.763913e-002
6.773851e+002,1.770670e-002
6.778672e+002,1.778890e-002
6.783493e+002,1.788439e-002
6.788314e+002,1.798588e-002
6.793136e+002,1.808436e-002
6.797957e+002,1.817520e-002
6.802778e+002,1.826054e-002
6.807599e+002,1.834907e-002
6.812421e+002,1.845086e-002
6.817242e+002,1.857121e-002
6.822063e+002,1.870760e-002
6.826885e+002,1.884985e-002
6.831705e+002,1.898553e-002
6.836527e+002,1.910623e-002
6.841348e+002,1.921157e-002
6.846169e+002,1.930893e-002
6.850991e+002,1.940863e-002
6.855812e+002,1.951776e-002
6.860634e+002,1.963563e-002
6.865454e+002,1.975432e-002
6.870276e+002,1.986375e-002
6.875096e+002,1.995783e-002
6.879918e+002,2.003912e-002
6.884739e+002,2.011840e-002
6.889561e+002,2.020871e-002
6.894382e+002,2.031837e-002
6.899203e+002,2.044627e-002
6.904025e+002,2.058247e-002
6.908845e+002,2.071404e-002
6.913667e+002,2.083234e-002
6.918488e+002,2.093821e-002
6.923309e+002,2.104158e-002
6.928130e+002,2.115561e-002
6.932952e+002,2.128944e-002
6.937773e+002,2.144281e-002
6.942594e+002,2.160686e-002
6.947416e+002,2.176940e-002
6.952236e+002,2.192375e-002
6.957058e+002,2.207319e-002
6.961879e+002,2.223109e-002
6.966700e+002,2.241386e-002
6.971522e+002,2.263245e-002
6.976343e+002,2.288576e-002
6.981165e+002,2.316103e-002
6.985985e+002,2.344038e-002
6.990807e+002,2.371042e-002
6.995628e+002,2.396887e-002
7.000449e+002,2.422621e-002
7.005270e+002,2.449842e-002
7.010092e+002,2.479851e-002
7.014913e+002,2.512897e-002
7.019734e+002,2.548177e-002
7.024556e+002,2.584439e-002
7.029377e+002,2.620957e-002
7.034198e+002,2.658276e-002
7.039019e+002,2.698164e-002
7.043840e+002,2.742931e-002
7.048662e+002,2.794277e-002
7.053483e+002,2.852455e-002
7.058304e+002,2.916383e-002
7.063125e+002,2.984383e-002
7.067947e+002,3.055594e-002
7.072768e+002,3.130857e-002
7.077589e+002,3.212850e-002
7.082410e+002,3.305187e-002
7.087231e+002,3.411072e-002
7.092053e+002,3.532306e-002
7.096874e+002,3.669342e-002
7.101696e+002,3.822416e-002
7.106517e+002,3.993300e-002
7.111338e+002,4.186719e-002
7.116159e+002,4.410718e-002
7.120980e+002,4.675724e-002
7.125802e+002,4.992900e-002
7.130623e+002,5.372829e-002
7.135444e+002,5.825113e-002
7.140265e+002,6.359129e-002
7.145087e+002,6.984947e-002
7.149908e+002,7.712887e-002
7.154729e+002,8.550500e-002
7.159550e+002,9.495953e-002
7.164371e+002,1.052883e-001
7.169193e+002,1.160052e-001
7.174014e+002,1.262808e-001
7.178835e+002,1.349763e-001
7.183657e+002,1.408257e-001
7.188478e+002,1.427696e-001
7.193299e+002,1.403280e-001
7.198120e+002,1.338161e-001
7.202942e+002,1.242603e-001
7.207762e+002,1.130626e-001
7.212584e+002,1.016056e-001
7.217405e+002,9.096906e-002
7.222227e+002,8.181783e-002
7.227048e+002,7.442521e-002
7.231869e+002,6.877270e-002
7.236691e+002,6.467372e-002
7.241511e+002,6.188964e-002
7.246333e+002,6.021724e-002
7.251154e+002,5.954086e-002
7.255975e+002,5.984543e-002
7.260797e+002,6.119538e-002
7.265618e+002,6.368595e-002
7.270439e+002,6.737401e-002
7.275260e+002,7.220177e-002
7.280082e+002,7.792351e-002
7.284902e+002,8.405529e-002
7.289724e+002,8.987232e-002
7.294545e+002,9.448458e-002
7.299366e+002,9.700722e-002
7.304188e+002,9.679303e-002
7.309009e+002,9.363770e-002
7.313831e+002,8.785393e-002
7.318651e+002,8.017371e-002
7.323473e+002,7.153293e-002
7.328293e+002,6.284145e-002
7.333115e+002,5.481436e-002
7.337936e+002,4.789402e-002
7.342758e+002,4.224971e-002
7.347579e+002,3.783203e-002
7.352400e+002,3.445744e-002
7.357222e+002,3.189293e-002
7.362042e+002,2.992248e-002
7.366864e+002,2.837969e-002
7.371685e+002,2.714993e-002
7.376506e+002,2.615470e-002
7.381328e+002,2.533252e-002
7.386149e+002,2.462882e-002
7.390970e+002,2.399725e-002
7.395791e+002,2.340675e-002
7.400613e+002,2.284671e-002
7.405434e+002,2.232461e-002
7.410255e+002,2.185488e-002
7.415076e+002,2.144789e-002
7.419897e+002,2.109992e-002
7.424719e+002,2.079424e-002
7.429540e+002,2.050934e-002
7.434362e+002,2.022928e-002
7.439182e+002,1.995121e-002
7.444004e+002,1.968393e-002
7.448825e+002,1.944114e-002
7.453646e+002,1.923106e-002
7.458467e+002,1.905051e-002
7.463289e+002,1.888571e-002
7.468110e+002,1.871916e-002
7.472931e+002,1.853940e-002
7.477753e+002,1.834600e-002
7.482574e+002,1.814918e-002
7.487395e+002,1.796318e-002
7.492216e+002,1.779806e-002
7.497037e+002,1.765393e-002
7.501859e+002,1.752167e-002
7.506680e+002,1.738889e-002
7.511501e+002,1.724739e-002
7.516322e+002,1.709765e-002
7.521144e+002,1.694875e-002
7.525965e+002,1.681207e-002
7.530786e+002,1.669406e-002
7.535608e+002,1.659247e-002
7.540428e+002,1.649681e-002
7.545250e+002,1.639474e-002
7.550071e+002,1.627942e-002
7.554893e+002,1.615369e-002
7.559714e+002,1.602901e-002
7.564535e+002,1.592011e-002
7.569356e+002,1.583663e-002
7.574177e+002,1.577857e-002
7.578999e+002,1.573666e-002
7.583820e+002,1.569710e-002
7.588641e+002,1.564899e-002
7.593463e+002,1.558949e-002
7.598284e+002,1.552417e-002
7.603105e+002,1.546229e-002
7.607926e+002,1.541131e-002
7.612748e+002,1.537190e-002
7.617568e+002,1.533841e-002
7.622390e+002,1.530201e-002
7.627211e+002,1.525701e-002
7.632032e+002,1.520398e-002
7.636854e+002,1.514922e-002
7.641675e+002,1.510074e-002
7.646496e+002,1.506252e-002
7.651317e+002,1.503112e-002
7.656139e+002,1.499671e-002
7.660959e+002,1.494795e-002
7.665781e+002,1.487807e-002
7.670602e+002,1.478899e-002
7.675424e+002,1.469048e-002
7.680245e+002,1.459533e-002
7.685066e+002,1.451356e-002
7.689888e+002,1.444723e-002
7.694708e+002,1.439080e-002
7.699530e+002,1.433492e-002
7.704351e+002,1.427249e-002
7.709172e+002,1.420279e-002
7.713994e+002,1.413171e-002
7.718815e+002,1.406740e-002
7.723636e+002,1.401537e-002
7.728457e+002,1.397352e-002
7.733279e+002,1.393261e-002
7.738099e+002,1.388053e-002
7.742921e+002,1.380881e-002
7.747742e+002,1.371707e-002
7.752563e+002,1.361376e-002
7.757385e+002,1.351211e-002
7.762206e+002,1.342374e-002
7.767028e+002,1.335357e-002
7.771848e+002,1.329813e-002
7.776670e+002,1.324883e-002
7.781491e+002,1.319747e-002
7.786312e+002,1.314119e-002
7.791133e+002,1.308414e-002
7.795955e+002,1.303487e-002
7.800776e+002,1.300065e-002
7.805597e+002,1.298347e-002
7.810419e+002,1.297773e-002
7.815239e+002,1.297320e-002
7.820061e+002,1.296021e-002
7.824882e+002,1.293389e-002
7.829703e+002,1.289626e-002
7.834525e+002,1.285381e-002
7.839346e+002,1.281366e-002
7.844167e+002,1.277876e-002
7.848988e+002,1.274669e-002
7.853810e+002,1.271178e-002
7.858631e+002,1.266894e-002
7.863452e+002,1.261782e-002
7.868273e+002,1.256340e-002
7.873094e+002,1.251392e-002
7.877916e+002,1.247666e-002
7.882737e+002,1.245410e-002
7.887559e+002,1.244239e-002
7.892380e+002,1.243437e-002
7.897201e+002,1.242339e-002
7.902022e+002,1.240708e-002
7.906843e+002,1.238866e-002
7.911665e+002,1.237404e-002
7.916486e+002,1.236779e-002
7.921307e+002,1.236912e-002
7.926128e+002,1.237134e-002
7.930950e+002,1.236497e-002
7.935771e+002,1.234248e-002
7.940592e+002,1.230308e-002
7.945413e+002,1.225345e-002
7.950234e+002,1.220554e-002
7.955056e+002,1.217097e-002
7.959877e+002,1.215584e-002
7.964698e+002,1.215830e-002
7.969520e+002,1.217053e-002
7.974341e+002,1.218277e-002
7.979162e+002,1.218866e-002
7.983983e+002,1.218766e-002
7.988805e+002,1.218397e-002
7.993625e+002,1.218340e-002
7.998447e+002,1.218902e-002
8.003268e+002,1.219944e-002
8.008090e+002,1.221006e-002
8.012911e+002,1.221590e-002
8.017732e+002,1.221527e-002
8.022553e+002,1.221100e-002
8.027374e+002,1.220850e-002
8.032196e+002,1.221319e-002
8.037017e+002,1.222600e-002
8.041838e+002,1.224294e-002
8.046660e+002,1.225669e-002
8.051481e+002,1.226055e-002
8.056302e+002,1.225214e-002
8.061123e+002,1.223441e-002
8.065945e+002,1.221416e-002
8.070765e+002,1.219826e-002
8.075587e+002,1.219006e-002
8.080408e+002,1.218821e-002
8.085229e+002,1.218803e-002
8.090051e+002,1.218517e-002
8.094872e+002,1.217949e-002
8.099694e+002,1.217485e-002
8.104514e+002,1.217770e-002
8.109336e+002,1.219271e-002
8.114156e+002,1.221963e-002
8.118978e+002,1.225183e-002
8.123799e+002,1.227941e-002
8.128621e+002,1.229359e-002
8.133442e+002,1.229120e-002
8.138263e+002,1.227587e-002
8.143085e+002,1.225630e-002
8.147905e+002,1.224148e-002
8.152727e+002,1.223622e-002
8.157548e+002,1.223904e-002
8.162369e+002,1.224389e-002
8.167191e+002,1.224384e-002
8.172012e+002,1.223565e-002
8.176833e+002,1.222170e-002
8.181654e+002,1.220851e-002
8.186476e+002,1.220337e-002
8.191296e+002,1.220978e-002
8.196118e+002,1.222553e-002
8.200939e+002,1.224401e-002
8.205760e+002,1.225773e-002
8.210582e+002,1.226277e-002
8.215403e+002,1.226033e-002
8.220225e+002,1.225577e-002
8.225045e+002,1.225537e-002
8.229867e+002,1.226191e-002
8.234688e+002,1.227344e-002
8.239509e+002,1.228365e-002
8.244330e+002,1.228620e-002
8.249152e+002,1.227816e-002
8.253973e+002,1.226208e-002
8.258794e+002,1.224489e-002
8.263616e+002,1.223470e-002
8.268437e+002,1.223696e-002
8.273258e+002,1.225201e-002
8.278079e+002,1.227618e-002
8.282900e+002,1.230406e-002
8.287722e+002,1.233208e-002
8.292543e+002,1.236021e-002
8.297365e+002,1.239027e-002
8.302185e+002,1.242401e-002
8.307007e+002,1.245985e-002
8.311828e+002,1.249229e-002
8.316649e+002,1.251403e-002
8.321470e+002,1.251982e-002
8.326292e+002,1.250966e-002
8.331113e+002,1.248961e-002
8.335934e+002,1.246973e-002
8.340756e+002,1.245999e-002
8.345577e+002,1.246484e-002
8.350398e+002,1.248261e-002
8.355219e+002,1.250624e-002
8.360040e+002,1.252733e-002
8.364862e+002,1.254144e-002
8.369683e+002,1.254987e-002
8.374504e+002,1.255837e-002
8.379325e+002,1.257433e-002
8.384147e+002,1.260135e-002
8.388968e+002,1.263809e-002
8.393789e+002,1.267778e-002
8.398610e+002,1.271241e-002
8.403431e+002,1.273669e-002
8.408253e+002,1.275037e-002
8.413074e+002,1.275768e-002
8.417896e+002,1.276505e-002
8.422717e+002,1.277644e-002
8.427538e+002,1.279185e-002
8.432359e+002,1.280782e-002
8.437180e+002,1.281943e-002
8.442002e+002,1.282432e-002
8.446823e+002,1.282430e-002
8.451644e+002,1.282447e-002
8.456465e+002,1.283126e-002
8.461287e+002,1.284818e-002
8.466108e+002,1.287421e-002
8.470929e+002,1.290430e-002
8.475751e+002,1.293209e-002
8.480571e+002,1.295307e-002
8.485393e+002,1.296585e-002
8.490214e+002,1.297264e-002
8.495035e+002,1.297662e-002
8.499857e+002,1.297950e-002
8.504678e+002,1.298061e-002
8.509499e+002,1.297787e-002
8.514320e+002,1.296962e-002
8.519142e+002,1.295723e-002
8.523962e+002,1.294517e-002
8.528784e+002,1.293891e-002
8.533605e+002,1.294224e-002
8.538427e+002,1.295398e-002
8.543248e+002,1.296736e-002
8.548069e+002,1.297309e-002
8.552891e+002,1.296354e-002
8.557711e+002,1.293667e-002
8.562533e+002,1.289740e-002
8.567354e+002,1.285526e-002
8.572175e+002,1.282063e-002
8.576996e+002,1.279896e-002
8.581818e+002,1.278938e-002
8.586639e+002,1.278496e-002
8.591460e+002,1.277703e-002
8.596282e+002,1.275953e-002
8.601102e+002,1.273230e-002
8.605924e+002,1.270017e-002
8.610745e+002,1.267018e-002
8.615566e+002,1.264781e-002
8.620388e+002,1.263394e-002
8.625209e+002,1.262614e-002
8.630031e+002,1.262039e-002
8.634851e+002,1.261495e-002
8.639673e+002,1.261261e-002
8.644494e+002,1.261840e-002
8.649315e+002,1.263783e-002
8.654136e+002,1.267169e-002
8.658958e+002,1.271492e-002
8.663779e+002,1.275778e-002
8.668600e+002,1.278984e-002
8.673422e+002,1.280421e-002
8.678242e+002,1.280074e-002
8.683064e+002,1.278505e-002
8.687885e+002,1.276594e-002
8.692706e+002,1.275098e-002
8.697527e+002,1.274312e-002
8.702349e+002,1.274097e-002
8.707170e+002,1.274063e-002
8.711991e+002,1.273941e-002
8.716813e+002,1.273780e-002
8.721634e+002,1.273890e-002
8.726455e+002,1.274657e-002
8.731276e+002,1.276223e-002
8.736097e+002,1.278299e-002
8.740919e+002,1.280256e-002
8.745740e+002,1.281412e-002
8.750562e+002,1.281422e-002
8.755382e+002,1.280439e-002
8.760204e+002,1.279034e-002
8.765025e+002,1.277918e-002
8.769846e+002,1.277524e-002
8.774668e+002,1.277829e-002
8.779489e+002,1.278363e-002
8.784310e+002,1.278539e-002
8.789131e+002,1.278026e-002
8.793953e+002,1.276947e-002
8.798774e+002,1.275875e-002
8.803595e+002,1.275542e-002
8.808416e+002,1.276455e-002
8.813237e+002,1.278591e-002
8.818059e+002,1.281499e-002
8.822880e+002,1.284454e-002
8.827701e+002,1.286913e-002
8.832523e+002,1.288709e-002
8.837344e+002,1.290088e-002
8.842165e+002,1.291470e-002
8.846986e+002,1.293205e-002
8.851808e+002,1.295275e-002
8.856628e+002,1.297356e-002
8.861450e+002,1.299028e-002
8.866271e+002,1.300038e-002
8.871093e+002,1.300517e-002
8.875914e+002,1.300923e-002
8.880735e+002,1.301794e-002
8.885556e+002,1.303481e-002
8.890377e+002,1.305858e-002
8.895199e+002,1.308457e-002
8.900020e+002,1.310621e-002
8.904841e+002,1.311877e-002
8.909662e+002,1.312126e-002
8.914484e+002,1.311623e-002
8.919305e+002,1.310801e-002
8.924126e+002,1.309992e-002
8.928948e+002,1.309238e-002
8.933768e+002,1.308316e-002
8.938590e+002,1.306957e-002
8.943411e+002,1.305103e-002
8.948232e+002,1.303053e-002
8.953054e+002,1.301381e-002
8.957875e+002,1.300753e-002
8.962697e+002,1.301588e-002
8.967517e+002,1.303864e-002
8.972339e+002,1.307212e-002
8.977159e+002,1.311092e-002
8.981981e+002,1.315161e-002
8.986802e+002,1.319365e-002
8.991624e+002,1.324021e-002
8.996445e+002,1.329551e-002
9.001266e+002,1.336216e-002
9.006088e+002,1.344010e-002
9.010908e+002,1.352693e-002
9.015730e+002,1.362033e-002
9.020551e+002,1.372075e-002
9.025372e+002,1.383215e-002
9.030193e+002,1.396184e-002
9.035015e+002,1.411667e-002
9.039836e+002,1.430042e-002
9.044657e+002,1.451106e-002
9.049479e+002,1.474131e-002
9.054299e+002,1.498025e-002
9.059121e+002,1.521558e-002
9.063942e+002,1.543601e-002
9.068763e+002,1.562996e-002
9.073585e+002,1.578616e-002
9.078406e+002,1.589237e-002
9.083228e+002,1.593653e-002
9.088048e+002,1.590978e-002
9.092870e+002,1.580937e-002
9.097691e+002,1.564145e-002
9.102512e+002,1.542106e-002
9.107333e+002,1.516933e-002
9.112155e+002,1.490899e-002
9.116976e+002,1.465850e-002
9.121797e+002,1.442908e-002
9.126619e+002,1.422344e-002
9.131440e+002,1.403888e-002
9.136261e+002,1.387126e-002
9.141082e+002,1.371827e-002
9.145903e+002,1.358054e-002
9.150724e+002,1.346078e-002
9.155546e+002,1.336122e-002
9.160367e+002,1.328129e-002
9.165189e+002,1.321742e-002
9.170010e+002,1.316501e-002
9.174831e+002,1.312031e-002
9.179652e+002,1.308219e-002
9.184473e+002,1.305161e-002
9.189294e+002,1.303002e-002
9.194116e+002,1.301672e-002
9.198937e+002,1.300805e-002
9.203759e+002,1.299785e-002
9.208580e+002,1.298068e-002
9.213401e+002,1.295424e-002
9.218222e+002,1.292092e-002
9.223043e+002,1.288722e-002
9.227864e+002,1.286033e-002
9.232686e+002,1.284522e-002
9.237507e+002,1.284207e-002
9.242328e+002,1.284668e-002
9.247150e+002,1.285332e-002
9.251971e+002,1.285755e-002
9.256792e+002,1.285868e-002
9.261613e+002,1.285939e-002
9.266434e+002,1.286424e-002
9.271255e+002,1.287620e-002
9.276077e+002,1.289496e-002
9.280898e+002,1.291725e-002
9.285720e+002,1.293867e-002
9.290541e+002,1.295683e-002
9.295362e+002,1.297240e-002
9.300183e+002,1.298915e-002
9.305004e+002,1.301129e-002
9.309826e+002,1.304094e-002
9.314647e+002,1.307635e-002
9.319468e+002,1.311275e-002
9.324290e+002,1.314516e-002
9.329111e+002,1.317111e-002
9.333932e+002,1.319265e-002
9.338753e+002,1.321557e-002
9.343574e+002,1.324613e-002
9.348396e+002,1.328849e-002
9.353217e+002,1.334130e-002
9.358038e+002,1.339896e-002
9.362859e+002,1.345393e-002
9.367681e+002,1.350013e-002
9.372502e+002,1.353630e-002
9.377323e+002,1.356533e-002
9.382144e+002,1.359297e-002
9.386966e+002,1.362420e-002
9.391787e+002,1.366058e-002
9.396608e+002,1.369979e-002
9.401429e+002,1.373694e-002
9.406251e+002,1.376770e-002
9.411072e+002,1.379044e-002
9.415893e+002,1.380728e-002
9.420714e+002,1.382290e-002
9.425536e+002,1.384209e-002
9.430357e+002,1.386834e-002
9.435178e+002,1.390269e-002
9.439999e+002,1.394472e-002
9.444821e+002,1.399402e-002
9.449642e+002,1.405100e-002
9.454463e+002,1.411629e-002
9.459284e+002,1.418974e-002
9.464106e+002,1.426823e-002
9.468927e+002,1.434602e-002
9.473748e+002,1.441577e-002
9.478569e+002,1.447138e-002
9.483391e+002,1.451080e-002
9.488212e+002,1.453703e-002
9.493033e+002,1.455735e-002
9.497855e+002,1.457991e-002
9.502676e+002,1.461083e-002
9.507497e+002,1.465131e-002
9.512318e+002,1.469829e-002
9.517139e+002,1.474599e-002
9.521960e+002,1.478979e-002
9.526782e+002,1.482817e-002
9.531603e+002,1.486287e-002
9.536425e+002,1.489777e-002
9.541246e+002,1.493608e-002
9.546067e+002,1.497815e-002
9.550888e+002,1.502178e-002
9.555709e+002,1.506337e-002
9.560530e+002,1.510037e-002
9.565352e+002,1.513336e-002
9.570173e+002,1.516559e-002
9.574995e+002,1.520179e-002
9.579816e+002,1.524534e-002
9.584637e+002,1.529670e-002
9.589458e+002,1.535305e-002
9.594279e+002,1.540958e-002
9.599100e+002,1.546258e-002
9.603922e+002,1.551031e-002
9.608743e+002,1.555388e-002
9.613564e+002,1.559584e-002
9.618386e+002,1.563810e-002
9.623207e+002,1.568060e-002
9.628028e+002,1.572111e-002
9.632849e+002,1.575669e-002
9.637670e+002,1.578567e-002
9.642491e+002,1.580883e-002
9.647313e+002,1.582904e-002
9.652134e+002,1.585004e-002
9.656956e+002,1.587355e-002
9.661777e+002,1.589826e-002
9.666598e+002,1.591980e-002
9.671419e+002,1.593277e-002
9.676240e+002,1.593312e-002
9.681061e+002,1.592017e-002
9.685883e+002,1.589723e-002
9.690704e+002,1.587000e-002
9.695526e+002,1.584427e-002
9.700347e+002,1.582382e-002
9.705168e+002,1.580988e-002
9.709989e+002,1.580107e-002
9.714810e+002,1.579597e-002
9.719631e+002,1.579425e-002
9.724453e+002,1.579657e-002
9.729274e+002,1.580444e-002
9.734095e+002,1.581823e-002
9.738917e+002,1.583661e-002
9.743738e+002,1.585672e-002
9.748559e+002,1.587550e-002
9.753380e+002,1.589133e-002
9.758201e+002,1.590547e-002
9.763023e+002,1.592139e-002
9.767844e+002,1.594390e-002
9.772665e+002,1.597625e-002
9.777487e+002,1.601901e-002
9.782308e+002,1.606990e-002
9.787129e+002,1.612527e-002
9.791950e+002,1.618198e-002
9.796771e+002,1.623912e-002
9.801593e+002,1.629812e-002
9.806414e+002,1.636196e-002
9.811235e+002,1.643287e-002
9.816057e+002,1.651133e-002
9.820878e+002,1.659566e-002
9.825699e+002,1.668285e-002
9.830520e+002,1.677064e-002
9.835342e+002,1.685825e-002
9.840163e+002,1.694690e-002
9.844984e+002,1.703898e-002
9.849805e+002,1.713618e-002
9.854626e+002,1.723869e-002
9.859448e+002,1.734481e-002
9.864269e+002,1.745184e-002
9.869090e+002,1.755731e-002
9.873912e+002,1.765973e-002
9.878733e+002,1.775865e-002
9.883554e+002,1.785382e-002
9.888375e+002,1.794393e-002
9.893196e+002,1.802644e-002
9.898018e+002,1.809806e-002
9.902839e+002,1.815664e-002
9.907660e+002,1.820212e-002
9.912482e+002,1.823705e-002
9.917303e+002,1.826598e-002
9.922124e+002,1.829324e-002
9.926945e+002,1.832097e-002
9.931766e+002,1.834824e-002
9.936588e+002,1.837078e-002
9.941409e+002,1.838417e-002
9.946230e+002,1.838562e-002
9.951052e+002,1.837585e-002
9.955873e+002,1.835919e-002
9.960694e+002,1.834218e-002
9.965515e+002,1.833111e-002
9.970336e+002,1.832975e-002
9.975157e+002,1.833919e-002
9.979979e+002,1.835744e-002
9.984800e+002,1.838239e-002
9.989622e+002,1.841265e-002
9.994443e+002,1.844821e-002
9.999264e+002,1.848994e-002
1.000409e+003,1.853854e-002
1.000891e+003,1.859302e-002
1.001373e+003,1.865126e-002
1.001855e+003,1.871080e-002
1.002337e+003,1.876942e-002
1.002819e+003,1.882674e-002
1.003301e+003,1.888370e-002
1.003783e+003,1.894178e-002
1.004266e+003,1.900148e-002
1.004748e+003,1.906176e-002
1.005230e+003,1.912063e-002
1.005712e+003,1.917576e-002
1.006194e+003,1.922766e-002
1.006676e+003,1.927832e-002
1.007158e+003,1.933209e-002
1.007640e+003,1.939327e-002
1.008122e+003,1.946453e-002
1.008605e+003,1.954508e-002
1.009087e+003,1.963135e-002
1.009569e+003,1.971875e-002
1.010051e+003,1.980383e-002
1.010533e+003,1.988590e-002
1.011015e+003,1.996662e-002
1.011497e+003,2.004969e-002
1.011979e+003,2.013791e-002
1.012462e+003,2.023194e-002
1.012944e+003,2.033032e-002
1.013426e+003,2.042993e-002
1.013908e+003,2.052830e-002
1.014390e+003,2.062460e-002
1.014872e+003,2.072014e-002
1.015354e+003,2.081727e-002
1.015836e+003,2.091778e-002
1.016319e+003,2.102202e-002
1.016801e+003,2.112802e-002
1.017283e+003,2.123361e-002
1.017765e+003,2.133661e-002
1.018247e+003,2.143701e-002
1.018729e+003,2.153600e-002
1.019211e+003,2.163537e-002
1.019693e+003,2.173658e-002
1.020176e+003,2.183846e-002
1.020658e+003,2.193882e-002
1.021140e+003,2.203462e-002
1.021622e+003,2.212408e-002
1.022104e+003,2.220725e-002
1.022586e+003,2.228623e-002
1.023068e+003,2.236378e-002
1.023550e+003,2.244192e-002
1.024033e+003,2.252062e-002
1.024515e+003,2.259772e-002
1.024997e+003,2.267042e-002
1.025479e+003,2.273662e-002
1.025961e+003,2.279603e-002
1.026443e+003,2.285028e-002
1.026925e+003,2.290198e-002
1.027407e+003,2.295319e-002
1.027890e+003,2.300416e-002
1.028372e+003,2.305319e-002
1.028854e+003,2.309800e-002
1.029336e+003,2.313666e-002
1.029818e+003,2.316873e-002
1.030300e+003,2.319525e-002
1.030782e+003,2.321808e-002
1.031264e+003,2.323855e-002
1.031747e+003,2.325659e-002
1.032229e+003,2.327070e-002
1.032711e+003,2.327919e-002
1.033193e+003,2.328137e-002
1.033675e+003,2.327769e-002
1.034157e+003,2.327025e-002
1.034639e+003,2.326092e-002
1.035121e+003,2.325005e-002
1.035604e+003,2.323627e-002
1.036086e+003,2.321679e-002
1.036568e+003,2.318894e-002
1.037050e+003,2.315230e-002
1.037532e+003,2.310940e-002
1.038014e+003,2.306543e-002
1.038496e+003,2.302646e-002
1.038979e+003,2.299676e-002
1.039461e+003,2.297764e-002
1.039943e+003,2.296694e-002
1.040425e+003,2.296098e-002
1.040907e+003,2.295656e-002
1.041389e+003,2.295303e-002
1.041871e+003,2.295236e-002
1.042353e+003,2.295866e-002
1.042835e+003,2.297531e-002
1.043318e+003,2.300365e-002
1.043800e+003,2.304263e-002
1.044282e+003,2.308957e-002
1.044764e+003,2.314215e-002
1.045246e+003,2.320021e-002
1.045728e+003,2.326591e-002
1.046210e+003,2.334342e-002
1.046692e+003,2.343633e-002
1.047175e+003,2.354665e-002
1.047657e+003,2.367350e-002
1.048139e+003,2.381345e-002
1.048621e+003,2.396179e-002
1.049103e+003,2.411370e-002
1.049585e+003,2.426480e-002
1.050067e+003,2.441104e-002
1.050549e+003,2.454862e-002
1.051031e+003,2.467427e-002
1.051514e+003,2.478615e-002
1.051996e+003,2.488452e-002
1.052478e+003,2.497352e-002
1.052960e+003,2.505962e-002
1.053442e+003,2.515130e-002
1.053924e+003,2.525535e-002
1.054406e+003,2.537538e-002
1.054889e+003,2.550984e-002
1.055371e+003,2.565258e-002
1.055853e+003,2.579548e-002
1.056335e+003,2.593150e-002
1.056817e+003,2.605584e-002
1.057299e+003,2.616785e-002
1.057781e+003,2.626950e-002
1.058263e+003,2.636391e-002
1.058746e+003,2.645365e-002
1.059228e+003,2.653983e-002
1.059710e+003,2.662241e-002
1.060192e+003,2.670200e-002
1.060674e+003,2.677911e-002
1.061156e+003,2.685556e-002
1.061638e+003,2.693235e-002
1.062120e+003,2.700958e-002
1.062603e+003,2.708501e-002
1.063085e+003,2.715501e-002
1.063567e+003,2.721584e-002
1.064049e+003,2.726580e-002
1.064531e+003,2.730539e-002
1.065013e+003,2.733816e-002
1.065495e+003,2.736870e-002
1.065977e+003,2.740061e-002
1.066460e+003,2.743594e-002
1.066942e+003,2.747453e-002
1.067424e+003,2.751559e-002
1.067906e+003,2.755982e-002
1.068388e+003,2.761028e-002
1.068870e+003,2.767277e-002
1.069352e+003,2.775401e-002
1.069834e+003,2.785944e-002
1.070317e+003,2.799138e-002
1.070799e+003,2.814807e-002
1.071281e+003,2.832492e-002
1.071763e+003,2.851690e-002
1.072245e+003,2.872010e-002
1.072727e+003,2.893312e-002
1.073209e+003,2.915700e-002
1.073691e+003,2.939368e-002
1.074174e+003,2.964500e-002
1.074656e+003,2.991189e-002
1.075138e+003,3.019344e-002
1.075620e+003,3.048896e-002
1.076102e+003,3.079685e-002
1.076584e+003,3.111579e-002
1.077066e+003,3.144413e-002
1.077548e+003,3.177937e-002
1.078031e+003,3.211862e-002
1.078513e+003,3.245827e-002
1.078995e+003,3.279563e-002
1.079477e+003,3.312905e-002
1.079959e+003,3.345817e-002
1.080441e+003,3.378366e-002
1.080923e+003,3.410526e-002
1.081406e+003,3.442179e-002
1.081888e+003,3.473055e-002
1.082370e+003,3.502781e-002
1.082852e+003,3.531013e-002
1.083334e+003,3.557608e-002
1.083816e+003,3.582652e-002
1.084298e+003,3.606458e-002
1.084780e+003,3.629595e-002
1.085262e+003,3.652617e-002
1.085745e+003,3.676065e-002
1.086227e+003,3.700281e-002
1.086709e+003,3.725519e-002
1.087191e+003,3.751853e-002
1.087673e+003,3.779262e-002
1.088155e+003,3.807629e-002
1.088637e+003,3.836813e-002
1.089119e+003,3.866543e-002
1.089602e+003,3.896508e-002
1.090084e+003,3.926336e-002
1.090566e+003,3.955583e-002
1.091048e+003,3.983841e-002
1.091530e+003,4.010676e-002
1.092012e+003,4.035658e-002
1.092494e+003,4.058396e-002
1.092976e+003,4.078571e-002
1.093458e+003,4.095963e-002
1.093941e+003,4.110549e-002
1.094423e+003,4.122397e-002
1.094905e+003,4.131746e-002
1.095387e+003,4.138863e-002
1.095869e+003,4.144008e-002
1.096351e+003,4.147338e-002
1.096833e+003,4.148928e-002
1.097316e+003,4.148705e-002
1.097798e+003,4.146567e-002
1.098280e+003,4.142375e-002
1.098762e+003,4.136061e-002
1.099244e+003,4.127618e-002
1.099726e+003,4.117133e-002
1.100208e+003,4.104790e-002
1.100690e+003,4.090794e-002
1.101173e+003,4.075343e-002
1.101655e+003,4.058644e-002
1.102137e+003,4.040854e-002
1.102619e+003,4.022249e-002
1.103101e+003,4.003090e-002
1.103583e+003,3.983815e-002
1.104065e+003,3.964944e-002
1.104547e+003,3.947022e-002
1.105030e+003,3.930593e-002
1.105512e+003,3.916126e-002
1.105994e+003,3.904066e-002
1.106476e+003,3.894854e-002
1.106958e+003,3.888871e-002
1.107440e+003,3.886575e-002
1.107922e+003,3.888294e-002
1.108404e+003,3.894250e-002
1.108886e+003,3.904466e-002
1.109369e+003,3.918810e-002
1.109851e+003,3.936999e-002
1.110333e+003,3.958757e-002
1.110815e+003,3.983763e-002
1.111297e+003,4.011758e-002
1.111779e+003,4.042410e-002
1.112261e+003,4.075321e-002
1.112744e+003,4.109849e-002
1.113226e+003,4.145318e-002
1.113708e+003,4.180898e-002
1.114190e+003,4.215798e-002
1.114672e+003,4.249267e-002
1.115154e+003,4.280635e-002
1.115636e+003,4.309380e-002
1.116118e+003,4.335019e-002
1.116601e+003,4.357187e-002
1.117083e+003,4.375494e-002
1.117565e+003,4.389611e-002
1.118047e+003,4.399246e-002
1.118529e+003,4.404078e-002
1.119011e+003,4.403849e-002
1.119493e+003,4.398363e-002
1.119975e+003,4.387553e-002
1.120458e+003,4.371462e-002
1.120940e+003,4.350293e-002
1.121422e+003,4.324410e-002
1.121904e+003,4.294315e-002
1.122386e+003,4.260728e-002
1.122868e+003,4.224512e-002
1.123350e+003,4.186670e-002
1.123832e+003,4.148315e-002
1.124314e+003,4.110510e-002
1.124797e+003,4.074210e-002
1.125279e+003,4.040220e-002
1.125761e+003,4.009370e-002
1.126243e+003,3.982389e-002
1.126725e+003,3.960096e-002
1.127207e+003,3.943352e-002
1.127689e+003,3.932910e-002
1.128172e+003,3.929407e-002
1.128654e+003,3.933230e-002
1.129136e+003,3.944522e-002
1.129618e+003,3.963312e-002
1.130100e+003,3.989508e-002
1.130582e+003,4.023060e-002
1.131064e+003,4.063886e-002
1.131546e+003,4.111824e-002
1.132029e+003,4.166707e-002
1.132511e+003,4.228207e-002
1.132993e+003,4.295909e-002
1.133475e+003,4.369333e-002
1.133957e+003,4.447837e-002
1.134439e+003,4.530777e-002
1.134921e+003,4.617323e-002
1.135403e+003,4.706668e-002
1.135885e+003,4.797998e-002
1.136368e+003,4.890560e-002
1.136850e+003,4.983672e-002
1.137332e+003,5.076677e-002
1.137814e+003,5.168849e-002
1.138296e+003,5.259295e-002
1.138778e+003,5.347076e-002
1.139260e+003,5.431303e-002
1.139742e+003,5.511321e-002
1.140225e+003,5.586768e-002
1.140707e+003,5.657658e-002
1.141189e+003,5.724226e-002
1.141671e+003,5.786744e-002
1.142153e+003,5.845426e-002
1.142635e+003,5.900440e-002
1.143117e+003,5.951982e-002
1.143599e+003,6.000372e-002
1.144082e+003,6.046167e-002
1.144564e+003,6.090102e-002
1.145046e+003,6.133001e-002
1.145528e+003,6.175622e-002
1.146010e+003,6.218597e-002
1.146492e+003,6.262413e-002
1.146974e+003,6.307486e-002
1.147457e+003,6.354134e-002
1.147939e+003,6.402680e-002
1.148421e+003,6.453320e-002
1.148903e+003,6.506000e-002
1.149385e+003,6.560437e-002
1.149867e+003,6.616057e-002
1.150349e+003,6.672244e-002
1.150831e+003,6.728446e-002
1.151313e+003,6.784356e-002
1.151796e+003,6.839944e-002
1.152278e+003,6.895246e-002
1.152760e+003,6.950262e-002
1.153242e+003,7.004662e-002
1.153724e+003,7.057944e-002
1.154206e+003,7.109493e-002
1.154688e+003,7.158846e-002
1.155170e+003,7.205921e-002
1.155653e+003,7.251028e-002
1.156135e+003,7.294631e-002
1.156617e+003,7.337151e-002
1.157099e+003,7.378618e-002
1.157581e+003,7.418602e-002
1.158063e+003,7.456433e-002
1.158545e+003,7.491349e-002
1.159027e+003,7.522814e-002
1.159510e+003,7.550602e-002
1.159992e+003,7.574671e-002
1.160474e+003,7.594970e-002
1.160956e+003,7.611316e-002
1.161438e+003,7.623280e-002
1.161920e+003,7.630474e-002
1.162402e+003,7.632648e-002
1.162885e+003,7.629947e-002
1.163367e+003,7.622814e-002
1.163849e+003,7.611781e-002
1.164331e+003,7.597271e-002
1.164813e+003,7.579297e-002
1.165295e+003,7.557636e-002
1.165777e+003,7.531961e-002
1.166259e+003,7.502141e-002
1.166741e+003,7.468431e-002
1.167224e+003,7.431392e-002
1.167706e+003,7.391694e-002
1.168188e+003,7.349871e-002
1.168670e+003,7.306039e-002
1.169152e+003,7.260051e-002
1.169634e+003,7.211578e-002
1.170116e+003,7.160460e-002
1.170598e+003,7.106837e-002
1.171081e+003,7.051156e-002
1.171563e+003,6.994049e-002
1.172045e+003,6.936099e-002
1.172527e+003,6.877663e-002
1.173009e+003,6.818874e-002
1.173491e+003,6.759708e-002
1.173973e+003,6.700058e-002
1.174455e+003,6.639817e-002
1.174938e+003,6.578887e-002
1.175420e+003,6.517100e-002
1.175902e+003,6.454268e-002
1.176384e+003,6.390114e-002
1.176866e+003,6.324591e-002
1.177348e+003,6.257892e-002
1.177830e+003,6.190592e-002
1.178313e+003,6.123533e-002
1.178795e+003,6.057632e-002
1.179277e+003,5.993574e-002
1.179759e+003,5.931718e-002
1.180241e+003,5.872035e-002
1.180723e+003,5.814265e-002
1.181205e+003,5.758079e-002
1.181687e+003,5.703301e-002
1.182169e+003,5.649906e-002
1.182652e+003,5.598049e-002
1.183134e+003,5.547838e-002
1.183616e+003,5.499368e-002
1.184098e+003,5.452602e-002
1.184580e+003,5.407482e-002
1.185062e+003,5.363926e-002
1.185544e+003,5.321894e-002
1.186026e+003,5.281396e-002
1.186509e+003,5.242331e-002
1.186991e+003,5.204505e-002
1.187473e+003,5.167575e-002
1.187955e+003,5.131198e-002
1.188437e+003,5.095066e-002
1.188919e+003,5.059127e-002
1.189401e+003,5.023503e-002
1.189883e+003,4.988474e-002
1.190366e+003,4.954370e-002
1.190848e+003,4.921353e-002
1.191330e+003,4.889421e-002
1.191812e+003,4.858380e-002
1.192294e+003,4.827931e-002
1.192776e+003,4.797803e-002
1.193258e+003,4.767816e-002
1.193740e+003,4.737909e-002
1.194223e+003,4.708100e-002
1.194705e+003,4.678492e-002
1.195187e+003,4.649186e-002
1.195669e+003,4.620324e-002
1.196151e+003,4.592075e-002
1.196633e+003,4.564662e-002
1.197115e+003,4.538359e-002
1.197597e+003,4.513369e-002
1.198080e+003,4.489842e-002
1.198562e+003,4.467858e-002
1.199044e+003,4.447436e-002
1.199526e+003,4.428608e-002
1.200008e+003,4.411414e-002
1.200490e+003,4.395933e-002
1.200972e+003,4.382210e-002
1.201454e+003,4.370250e-002
1.201937e+003,4.359914e-002
1.202419e+003,4.351014e-002
1.202901e+003,4.343299e-002
1.203383e+003,4.336621e-002
1.203865e+003,4.330887e-002
1.204347e+003,4.326115e-002
1.204829e+003,4.322349e-002
1.205312e+003,4.319581e-002
1.205794e+003,4.317689e-002
1.206276e+003,4.316499e-002
1.206758e+003,4.315846e-002
1.207240e+003,4.315568e-002
1.207722e+003,4.315658e-002
1.208204e+003,4.316159e-002
1.208686e+003,4.317142e-002
1.209168e+003,4.318582e-002
1.209651e+003,4.320347e-002
1.210133e+003,4.322213e-002
1.210615e+003,4.323938e-002
1.211097e+003,4.325364e-002
1.211579e+003,4.326472e-002
1.212061e+003,4.327377e-002
1.212543e+003,4.328370e-002
1.213025e+003,4.329694e-002
1.213508e+003,4.331530e-002
1.213990e+003,4.334037e-002
1.214472e+003,4.337295e-002
1.214954e+003,4.341456e-002
1.215436e+003,4.346686e-002
1.215918e+003,4.353235e-002
1.216400e+003,4.361290e-002
1.216882e+003,4.370972e-002
1.217365e+003,4.382225e-002
1.217847e+003,4.394883e-002
1.218329e+003,4.408726e-002
1.218811e+003,4.423509e-002
1.219293e+003,4.439086e-002
1.219775e+003,4.455400e-002
1.220257e+003,4.472416e-002
1.220740e+003,4.490087e-002
1.221222e+003,4.508387e-002
1.221704e+003,4.527321e-002
1.222186e+003,4.546867e-002
1.222668e+003,4.567126e-002
1.223150e+003,4.588208e-002
1.223632e+003,4.610270e-002
1.224114e+003,4.633311e-002
1.224596e+003,4.657254e-002
1.225079e+003,4.681830e-002
1.225561e+003,4.706682e-002
1.226043e+003,4.731492e-002
1.226525e+003,4.756027e-002
1.227007e+003,4.780195e-002
1.227489e+003,4.804105e-002
1.227971e+003,4.827875e-002
1.228453e+003,4.851623e-002
1.228936e+003,4.875429e-002
1.229418e+003,4.899171e-002
1.229900e+003,4.922725e-002
1.230382e+003,4.945887e-002
1.230864e+003,4.968548e-002
1.231346e+003,4.990606e-002
1.231828e+003,5.012055e-002
1.232310e+003,5.032886e-002
1.232792e+003,5.053063e-002
1.233275e+003,5.072524e-002
1.233757e+003,5.091174e-002
1.234239e+003,5.108910e-002
1.234721e+003,5.125614e-002
1.235203e+003,5.141240e-002
1.235685e+003,5.155785e-002
1.236167e+003,5.169197e-002
1.236650e+003,5.181418e-002
1.237132e+003,5.192287e-002
1.237614e+003,5.201597e-002
1.238096e+003,5.209110e-002
1.238578e+003,5.214588e-002
1.239060e+003,5.217902e-002
1.239542e+003,5.218960e-002
1.240024e+003,5.217716e-002
1.240507e+003,5.214126e-002
1.240989e+003,5.208054e-002
1.241471e+003,5.199363e-002
1.241953e+003,5.187883e-002
1.242435e+003,5.173530e-002
1.242917e+003,5.156362e-002
1.243399e+003,5.136556e-002
1.243881e+003,5.114342e-002
1.244364e+003,5.089907e-002
1.244846e+003,5.063340e-002
1.245328e+003,5.034640e-002
1.245810e+003,5.003762e-002
1.246292e+003,4.970773e-002
1.246774e+003,4.935933e-002
1.247256e+003,4.899746e-002
1.247738e+003,4.862864e-002
1.248220e+003,4.825963e-002
1.248703e+003,4.789623e-002
1.249185e+003,4.754298e-002
1.249667e+003,4.720258e-002
1.250149e+003,4.687671e-002
1.250631e+003,4.656669e-002
1.251113e+003,4.627349e-002
1.251595e+003,4.599752e-002
1.252078e+003,4.573873e-002
1.252560e+003,4.549587e-002
1.253042e+003,4.526742e-002
1.253524e+003,4.505230e-002
1.254006e+003,4.484959e-002
1.254488e+003,4.465872e-002
1.254970e+003,4.447922e-002
1.255452e+003,4.430947e-002
1.255935e+003,4.414710e-002
1.256417e+003,4.398834e-002
1.256899e+003,4.382982e-002
1.257381e+003,4.366885e-002
1.257863e+003,4.350454e-002
1.258345e+003,4.333744e-002
1.258827e+003,4.316894e-002
1.259309e+003,4.300065e-002
1.259792e+003,4.283303e-002
1.260274e+003,4.266626e-002
1.260756e+003,4.250043e-002
1.261238e+003,4.233601e-002
1.261720e+003,4.217495e-002
1.262202e+003,4.201968e-002
1.262684e+003,4.187233e-002
1.263166e+003,4.173344e-002
1.263648e+003,4.160178e-002
1.264131e+003,4.147439e-002
1.264613e+003,4.134802e-002
1.265095e+003,4.122043e-002
1.265577e+003,4.109059e-002
1.266059e+003,4.095951e-002
1.266541e+003,4.082865e-002
1.267023e+003,4.069897e-002
1.267505e+003,4.057067e-002
1.267988e+003,4.044334e-002
1.268470e+003,4.031675e-002
1.268952e+003,4.019249e-002
1.269434e+003,4.007295e-002
1.269916e+003,3.996216e-002
1.270398e+003,3.986388e-002
1.270880e+003,3.978002e-002
1.271363e+003,3.971079e-002
1.271845e+003,3.965458e-002
1.272327e+003,3.961009e-002
1.272809e+003,3.957644e-002
1.273291e+003,3.955454e-002
1.273773e+003,3.954536e-002
1.274255e+003,3.954922e-002
1.274737e+003,3.956422e-002
1.275219e+003,3.958640e-002
1.275702e+003,3.961040e-002
1.276184e+003,3.963177e-002
1.276666e+003,3.964738e-002
1.277148e+003,3.965645e-002
1.277630e+003,3.965973e-002
1.278112e+003,3.965728e-002
1.278594e+003,3.964684e-002
1.279076e+003,3.962397e-002
1.279559e+003,3.958264e-002
1.280041e+003,3.951763e-002
1.280523e+003,3.942602e-002
1.281005e+003,3.930919e-002
1.281487e+003,3.917094e-002
1.281969e+003,3.901681e-002
1.282451e+003,3.885075e-002
1.282933e+003,3.867541e-002
1.283416e+003,3.849161e-002
1.283898e+003,3.830048e-002
1.284380e+003,3.810472e-002
1.284862e+003,3.790952e-002
1.285344e+003,3.772222e-002
1.285826e+003,3.754937e-002
1.286308e+003,3.739591e-002
1.286791e+003,3.726292e-002
1.287273e+003,3.714892e-002
1.287755e+003,3.705171e-002
1.288237e+003,3.697027e-002
1.288719e+003,3.690533e-002
1.289201e+003,3.685946e-002
1.289683e+003,3.683509e-002
1.290165e+003,3.683178e-002
1.290647e+003,3.684687e-002
1.291130e+003,3.687526e-002
1.291612e+003,3.691170e-002
1.292094e+003,3.695250e-002
1.292576e+003,3.699652e-002
1.293058e+003,3.704474e-002
1.293540e+003,3.709812e-002
1.294022e+003,3.715665e-002
1.294504e+003,3.721764e-002
1.294987e+003,3.727776e-002
1.295469e+003,3.733320e-002
1.295951e+003,3.738289e-002
1.296433e+003,3.742810e-002
1.296915e+003,3.747224e-002
1.297397e+003,3.751838e-002
1.297879e+003,3.756753e-002
1.298361e+003,3.761790e-002
1.298844e+003,3.766537e-002
1.299326e+003,3.770563e-002
1.299808e+003,3.773578e-002
1.300290e+003,3.775600e-002
1.300772e+003,3.776815e-002
1.301254e+003,3.777445e-002
1.301736e+003,3.777559e-002
1.302219e+003,3.776988e-002
1.302701e+003,3.775420e-002
1.303183e+003,3.772561e-002
1.303665e+003,3.768397e-002
1.304147e+003,3.763224e-002
1.304629e+003,3.757622e-002
1.305111e+003,3.752144e-002
1.305593e+003,3.747119e-002
1.306075e+003,3.742563e-002
1.306558e+003,3.738122e-002
1.307040e+003,3.733424e-002
1.307522e+003,3.728186e-002
1.308004e+003,3.722433e-002
1.308486e+003,3.716468e-002
1.308968e+003,3.710685e-002
1.309450e+003,3.705350e-002
1.309932e+003,3.700446e-002
1.310415e+003,3.695766e-002
1.310897e+003,3.691013e-002
1.311379e+003,3.685973e-002
1.311861e+003,3.680636e-002
1.312343e+003,3.675124e-002
1.312825e+003,3.669535e-002
1.313307e+003,3.663852e-002
1.313789e+003,3.657775e-002
1.314272e+003,3.650987e-002
1.314754e+003,3.643253e-002
1.315236e+003,3.634604e-002
1.315718e+003,3.625391e-002
1.316200e+003,3.616079e-002
1.316682e+003,3.607003e-002
1.317164e+003,3.598126e-002
1.317646e+003,3.588993e-002
1.318129e+003,3.578821e-002
1.318611e+003,3.566927e-002
1.319093e+003,3.553046e-002
1.319575e+003,3.537450e-002
1.320057e+003,3.520784e-002
1.320539e+003,3.503810e-002
1.321021e+003,3.486932e-002
1.321503e+003,3.470159e-002
1.321986e+003,3.453187e-002
1.322468e+003,3.435640e-002
1.322950e+003,3.417354e-002
1.323432e+003,3.398500e-002
1.323914e+003,3.379511e-002
1.324396e+003,3.360785e-002
1.324878e+003,3.342488e-002
1.325360e+003,3.324467e-002
1.325843e+003,3.306411e-002
1.326325e+003,3.288124e-002
1.326807e+003,3.269788e-002
1.327289e+003,3.251997e-002
1.327771e+003,3.235609e-002
1.328253e+003,3.221364e-002
1.328735e+003,3.209569e-002
1.329218e+003,3.200044e-002
1.329700e+003,3.192316e-002
1.330182e+003,3.185932e-002
1.330664e+003,3.180821e-002
1.331146e+003,3.177305e-002
1.331628e+003,3.175952e-002
1.332110e+003,3.177219e-002
1.332592e+003,3.181088e-002
1.333074e+003,3.187115e-002
1.333557e+003,3.194683e-002
1.334039e+003,3.203280e-002
1.334521e+003,3.212858e-002
1.335003e+003,3.223895e-002
1.335485e+003,3.237088e-002
1.335967e+003,3.253106e-002
1.336449e+003,3.272084e-002
1.336931e+003,3.293674e-002
1.337414e+003,3.317022e-002
1.337896e+003,3.341183e-002
1.338378e+003,3.365342e-002
1.338860e+003,3.388914e-002
1.339342e+003,3.411453e-002
1.339824e+003,3.432526e-002
1.340306e+003,3.451533e-002
1.340788e+003,3.467980e-002
1.341271e+003,3.481690e-002
1.341753e+003,3.493019e-002
1.342235e+003,3.502902e-002
1.342717e+003,3.512527e-002
1.343199e+003,3.523134e-002
1.343681e+003,3.535576e-002
1.344163e+003,3.550095e-002
1.344646e+003,3.566314e-002
1.345128e+003,3.583442e-002
1.345610e+003,3.600747e-002
1.346092e+003,3.617816e-002
1.346574e+003,3.634692e-002
1.347056e+003,3.651689e-002
1.347538e+003,3.669094e-002
1.348020e+003,3.686797e-002
1.348502e+003,3.704268e-002
1.348985e+003,3.720713e-002
1.349467e+003,3.735432e-002
1.349949e+003,3.748100e-002
1.350431e+003,3.758850e-002
1.350913e+003,3.768067e-002
1.351395e+003,3.776096e-002
1.351877e+003,3.782951e-002
1.352359e+003,3.788282e-002
1.352842e+003,3.791618e-002
1.353324e+003,3.792629e-002
1.353806e+003,3.791477e-002
1.354288e+003,3.788875e-002
1.354770e+003,3.785877e-002
1.355252e+003,3.783551e-002
1.355734e+003,3.782550e-002
1.356216e+003,3.783013e-002
1.356698e+003,3.784717e-002
1.357181e+003,3.787448e-002
1.357663e+003,3.791307e-002
1.358145e+003,3.796690e-002
1.358627e+003,3.804279e-002
1.359109e+003,3.814617e-002
1.359591e+003,3.827951e-002
1.360073e+003,3.844140e-002
1.360556e+003,3.862762e-002
1.361038e+003,3.883377e-002
1.361520e+003,3.905631e-002
1.362002e+003,3.929350e-002
1.362484e+003,3.954230e-002
1.362966e+003,3.979630e-002
1.363448e+003,4.004593e-002
1.363930e+003,4.028232e-002
1.364413e+003,4.050042e-002
1.364895e+003,4.070147e-002
1.365377e+003,4.089114e-002
1.365859e+003,4.107565e-002
1.366341e+003,4.125883e-002
1.366823e+003,4.143824e-002
1.367305e+003,4.160346e-002
1.367787e+003,4.173754e-002
1.368270e+003,4.182351e-002
1.368752e+003,4.185051e-002
1.369234e+003,4.181920e-002
1.369716e+003,4.174234e-002
1.370198e+003,4.163900e-002
1.370680e+003,4.152995e-002
1.371162e+003,4.143218e-002
1.371644e+003,4.135929e-002
1.372126e+003,4.132280e-002
1.372609e+003,4.133650e-002
1.373091e+003,4.141505e-002
1.373573e+003,4.157200e-002
1.374055e+003,4.181012e-002
1.374537e+003,4.211405e-002
1.375019e+003,4.245090e-002
1.375501e+003,4.278007e-002
1.375984e+003,4.306488e-002
1.376466e+003,4.327749e-002
1.376948e+003,4.339777e-002
1.377430e+003,4.340963e-002
1.377912e+003,4.330024e-002
1.378394e+003,4.306189e-002
1.378876e+003,4.269610e-002
1.379358e+003,4.221591e-002
1.379841e+003,4.164520e-002
1.380323e+003,4.101465e-002
1.380805e+003,4.035591e-002
1.381287e+003,3.969973e-002
1.381769e+003,3.907210e-002
1.382251e+003,3.849325e-002
1.382733e+003,3.797426e-002
1.383215e+003,3.751633e-002
1.383698e+003,3.711254e-002
1.384180e+003,3.675155e-002
1.384662e+003,3.642232e-002
1.385144e+003,3.611696e-002
1.385626e+003,3.583037e-002
1.386108e+003,3.555877e-002
1.386590e+003,3.529631e-002
1.387072e+003,3.503491e-002
1.387554e+003,3.476803e-002
1.388037e+003,3.449593e-002
1.388519e+003,3.422801e-002
1.389001e+003,3.398008e-002
1.389483e+003,3.376810e-002
1.389965e+003,3.360192e-002
1.390447e+003,3.348179e-002
1.390929e+003,3.339938e-002
1.391411e+003,3.334130e-002
1.391894e+003,3.329558e-002
1.392376e+003,3.325612e-002
1.392858e+003,3.322620e-002
1.393340e+003,3.321599e-002
1.393822e+003,3.323622e-002
1.394304e+003,3.328828e-002
1.394786e+003,3.335950e-002
1.395269e+003,3.342756e-002
1.395751e+003,3.347507e-002
1.396233e+003,3.350023e-002
1.396715e+003,3.351777e-002
1.397197e+003,3.354969e-002
1.397679e+003,3.361369e-002
1.398161e+003,3.371366e-002
1.398643e+003,3.383445e-002
1.399125e+003,3.394866e-002
1.399608e+003,3.403201e-002
1.400090e+003,3.407597e-002
1.400572e+003,3.409103e-002
1.401054e+003,3.409585e-002
1.401536e+003,3.410517e-002
1.402018e+003,3.412108e-002
1.402500e+003,3.413219e-002
1.402982e+003,3.411623e-002
1.403465e+003,3.405041e-002
1.403947e+003,3.392074e-002
1.404429e+003,3.373195e-002
1.404911e+003,3.350763e-002
1.405393e+003,3.327806e-002
1.405875e+003,3.306618e-002
1.406357e+003,3.287986e-002
1.406839e+003,3.271573e-002
1.407322e+003,3.256949e-002
1.407804e+003,3.244507e-002
1.408286e+003,3.235620e-002
1.408768e+003,3.232260e-002
1.409250e+003,3.236058e-002
1.409732e+003,3.247548e-002
1.410214e+003,3.265674e-002
1.410697e+003,3.288212e-002
1.411179e+003,3.312942e-002
1.411661e+003,3.338563e-002
1.412143e+003,3.365238e-002
1.412625e+003,3.393949e-002
1.413107e+003,3.425548e-002
1.413589e+003,3.459736e-002
1.414071e+003,3.494840e-002
1.414553e+003,3.528389e-002
1.415036e+003,3.558072e-002
1.415518e+003,3.582760e-002
1.416000e+003,3.602918e-002
1.416482e+003,3.620051e-002
1.416964e+003,3.635621e-002
1.417446e+003,3.649565e-002
1.417928e+003,3.659227e-002
1.418410e+003,3.660187e-002
1.418893e+003,3.649288e-002
1.419375e+003,3.628053e-002
1.419857e+003,3.602611e-002
1.420339e+003,3.579681e-002
1.420821e+003,3.563133e-002
1.421303e+003,3.553157e-002
1.421785e+003,3.547700e-002
1.422267e+003,3.544102e-002
1.422750e+003,3.540706e-002
1.423232e+003,3.537701e-002
1.423714e+003,3.537495e-002
1.424196e+003,3.543385e-002
1.424678e+003,3.557589e-002
1.425160e+003,3.579858e-002
1.425642e+003,3.607891e-002
1.426125e+003,3.639142e-002
1.426607e+003,3.672559e-002
1.427089e+003,3.709348e-002
1.427571e+003,3.752703e-002
1.428053e+003,3.806686e-002
1.428535e+003,3.874255e-002
1.429017e+003,3.955311e-002
1.429499e+003,4.046043e-002
1.429981e+003,4.140424e-002
1.430464e+003,4.232925e-002
1.430946e+003,4.320800e-002
1.431428e+003,4.404238e-002
1.431910e+003,4.484991e-002
1.432392e+003,4.564556e-002
1.432874e+003,4.643059e-002
1.433356e+003,4.719602e-002
1.433838e+003,4.793315e-002
1.434321e+003,4.864648e-002
1.434803e+003,4.936353e-002
1.435285e+003,5.013302e-002
1.435767e+003,5.100382e-002
1.436249e+003,5.198289e-002
1.436731e+003,5.300128e-002
1.437213e+003,5.394155e-002
1.437696e+003,5.471250e-002
1.438177e+003,5.529893e-002
1.438660e+003,5.574910e-002
1.439142e+003,5.613583e-002
1.439624e+003,5.652482e-002
1.440106e+003,5.695735e-002
1.440588e+003,5.744244e-002
1.441070e+003,5.796129e-002
1.441552e+003,5.847904e-002
1.442035e+003,5.896429e-002
1.442517e+003,5.940604e-002
1.442999e+003,5.981855e-002
1.443481e+003,6.023146e-002
1.443963e+003,6.067207e-002
1.444445e+003,6.115192e-002
1.444927e+003,6.166451e-002
1.445409e+003,6.219539e-002
1.445892e+003,6.273915e-002
1.446374e+003,6.331284e-002
1.446856e+003,6.395683e-002
1.447338e+003,6.471673e-002
1.447820e+003,6.561521e-002
1.448302e+003,6.663336e-002
1.448784e+003,6.772365e-002
1.449266e+003,6.884836e-002
1.449749e+003,7.001265e-002
1.450231e+003,7.127191e-002
1.450713e+003,7.270886e-002
1.451195e+003,7.439746e-002
1.451677e+003,7.636237e-002
1.452159e+003,7.855716e-002
1.452641e+003,8.087554e-002
1.453124e+003,8.319724e-002
1.453605e+003,8.544496e-002
1.454088e+003,8.762302e-002
1.454570e+003,8.983045e-002
1.455052e+003,9.226654e-002
1.455534e+003,9.524413e-002
1.456016e+003,9.921892e-002
1.456498e+003,1.047779e-001
1.456980e+003,1.124726e-001
1.457463e+003,1.225134e-001
1.457945e+003,1.346417e-001
1.458427e+003,1.483271e-001
1.458909e+003,1.629563e-001
1.459391e+003,1.778347e-001
1.459873e+003,1.921515e-001
1.460355e+003,2.050251e-001
1.460837e+003,2.155981e-001
1.461320e+003,2.231227e-001
1.461802e+003,2.269868e-001
1.462284e+003,2.267116e-001
1.462766e+003,2.219892e-001
1.463248e+003,2.128508e-001
1.463730e+003,1.999745e-001
1.464212e+003,1.849324e-001
1.464694e+003,1.699857e-001
1.465177e+003,1.572761e-001
1.465659e+003,1.479475e-001
1.466141e+003,1.419233e-001
1.466623e+003,1.383781e-001
1.467105e+003,1.363644e-001
1.467587e+003,1.351999e-001
1.468069e+003,1.345712e-001
1.468552e+003,1.344799e-001
1.469033e+003,1.351302e-001
1.469516e+003,1.368143e-001
1.469998e+003,1.398051e-001
1.470480e+003,1.442160e-001
1.470962e+003,1.497762e-001
1.471444e+003,1.555090e-001
1.471926e+003,1.595450e-001
1.472408e+003,1.596130e-001
1.472891e+003,1.543458e-001
1.473373e+003,1.442281e-001
1.473855e+003,1.310323e-001
1.474337e+003,1.165632e-001
1.474819e+003,1.020431e-001
1.475301e+003,8.822023e-002
1.475783e+003,7.565202e-002
1.476265e+003,6.482050e-002
1.476748e+003,5.605276e-002
1.477230e+003,4.939487e-002
1.477712e+003,4.458968e-002
1.478194e+003,4.119046e-002
1.478676e+003,3.872420e-002
1.479158e+003,3.681267e-002
1.479640e+003,3.522033e-002
1.480122e+003,3.384312e-002
1.480604e+003,3.266182e-002
1.481087e+003,3.168205e-002
1.481569e+003,3.088808e-002
1.482051e+003,3.023163e-002
1.482533e+003,2.965498e-002
1.483015e+003,2.912277e-002
1.483497e+003,2.863790e-002
1.483979e+003,2.822957e-002
1.484461e+003,2.793074e-002
1.484944e+003,2.775210e-002
1.485426e+003,2.766960e-002
1.485908e+003,2.762986e-002
1.486390e+003,2.757308e-002
1.486872e+003,2.746615e-002
1.487354e+003,2.732429e-002
1.487836e+003,2.720773e-002
1.488319e+003,2.718965e-002
1.488801e+003,2.730419e-002
1.489283e+003,2.751268e-002
1.489765e+003,2.771539e-002
1.490247e+003,2.781853e-002
1.490729e+003,2.780050e-002
1.491211e+003,2.771636e-002
1.491693e+003,2.764609e-002
1.492176e+003,2.764424e-002
1.492658e+003,2.772363e-002
1.493140e+003,2.786354e-002
1.493622e+003,2.802806e-002
1.494104e+003,2.818367e-002
1.494586e+003,2.831395e-002
1.495068e+003,2.842897e-002
1.495550e+003,2.856333e-002
1.496032e+003,2.875562e-002
1.496515e+003,2.901646e-002
1.496997e+003,2.930974e-002
1.497479e+003,2.956921e-002
1.497961e+003,2.974309e-002
1.498443e+003,2.982740e-002
1.498925e+003,2.986388e-002
1.499407e+003,2.991094e-002
1.499890e+003,3.000970e-002
1.500372e+003,3.016762e-002
1.500854e+003,3.035896e-002
1.501336e+003,3.054453e-002
1.501818e+003,3.069296e-002
1.502300e+003,3.079528e-002
1.502782e+003,3.086780e-002
1.503264e+003,3.094444e-002
1.503747e+003,3.106602e-002
1.504229e+003,3.126878e-002
1.504711e+003,3.157674e-002
1.505193e+003,3.199420e-002
1.505675e+003,3.250199e-002
1.506157e+003,3.305116e-002
1.506639e+003,3.357274e-002
1.507121e+003,3.401582e-002
1.507604e+003,3.437749e-002
1.508086e+003,3.467572e-002
1.508568e+003,3.491563e-002
1.509050e+003,3.509467e-002
1.509532e+003,3.521892e-002
1.510014e+003,3.531037e-002
1.510496e+003,3.540351e-002
1.510979e+003,3.553398e-002
1.511460e+003,3.572350e-002
1.511943e+003,3.596902e-002
1.512425e+003,3.624411e-002
1.512907e+003,3.651173e-002
1.513389e+003,3.674408e-002
1.513871e+003,3.693388e-002
1.514353e+003,3.709895e-002
1.514835e+003,3.727371e-002
1.515318e+003,3.749378e-002
1.515800e+003,3.777337e-002
1.516282e+003,3.808549e-002
1.516764e+003,3.836677e-002
1.517246e+003,3.855506e-002
1.517728e+003,3.863267e-002
1.518210e+003,3.863524e-002
1.518692e+003,3.862435e-002
1.519175e+003,3.865770e-002
1.519657e+003,3.877211e-002
1.520139e+003,3.897241e-002
1.520621e+003,3.922528e-002
1.521103e+003,3.946426e-002
1.521585e+003,3.962776e-002
1.522067e+003,3.970941e-002
1.522549e+003,3.975809e-002
1.523031e+003,3.982925e-002
1.523514e+003,3.994771e-002
1.523996e+003,4.010728e-002
1.524478e+003,4.028480e-002
1.524960e+003,4.045602e-002
1.525442e+003,4.060814e-002
1.525924e+003,4.074695e-002
1.526406e+003,4.089165e-002
1.526888e+003,4.105936e-002
1.527371e+003,4.125077e-002
1.527853e+003,4.144724e-002
1.528335e+003,4.162254e-002
1.528817e+003,4.175887e-002
1.529299e+003,4.185595e-002
1.529781e+003,4.193199e-002
1.530263e+003,4.201471e-002
1.530746e+003,4.213267e-002
1.531228e+003,4.230504e-002
1.531710e+003,4.253523e-002
1.532192e+003,4.280579e-002
1.532674e+003,4.307774e-002
1.533156e+003,4.330416e-002
1.533638e+003,4.345749e-002
1.534120e+003,4.354913e-002
1.534603e+003,4.361406e-002
1.535085e+003,4.368049e-002
1.535567e+003,4.375647e-002
1.536049e+003,4.383467e-002
1.536531e+003,4.390443e-002
1.537013e+003,4.395906e-002
1.537495e+003,4.400462e-002
1.537977e+003,4.406382e-002
1.538459e+003,4.417663e-002
1.538942e+003,4.438449e-002
1.539424e+003,4.468894e-002
1.539906e+003,4.500756e-002
1.540388e+003,4.520762e-002
1.540870e+003,4.522275e-002
1.541352e+003,4.510773e-002
1.541834e+003,4.496471e-002
1.542316e+003,4.486067e-002
1.542799e+003,4.480560e-002
1.543281e+003,4.476313e-002
1.543763e+003,4.467847e-002
1.544245e+003,4.450825e-002
1.544727e+003,4.424676e-002
1.545209e+003,4.393081e-002
1.545691e+003,4.361592e-002
1.546174e+003,4.334578e-002
1.546656e+003,4.313463e-002
1.547138e+003,4.296863e-002
1.547620e+003,4.281548e-002
1.548102e+003,4.263663e-002
1.548584e+003,4.239906e-002
1.549066e+003,4.208977e-002
1.549548e+003,4.172403e-002
1.550031e+003,4.134091e-002
1.550513e+003,4.097982e-002
1.550995e+003,4.065704e-002
1.551477e+003,4.036128e-002
1.551959e+003,4.006542e-002
1.552441e+003,3.974298e-002
1.552923e+003,3.938125e-002
1.553405e+003,3.898899e-002
1.553887e+003,3.859346e-002
1.554370e+003,3.822865e-002
1.554852e+003,3.791820e-002
1.555334e+003,3.766460e-002
1.555816e+003,3.745539e-002
1.556298e+003,3.727506e-002
1.556780e+003,3.711722e-002
1.557262e+003,3.698330e-002
1.557744e+003,3.686606e-002
1.558227e+003,3.670781e-002
1.558709e+003,3.638028e-002
1.559191e+003,3.580896e-002
1.559673e+003,3.511798e-002
1.560155e+003,3.448647e-002
1.560637e+003,3.398956e-002
1.561119e+003,3.362387e-002
1.561602e+003,3.336038e-002
1.562083e+003,3.316546e-002
1.562566e+003,3.300533e-002
1.563048e+003,3.284694e-002
1.563530e+003,3.266378e-002
1.564012e+003,3.244335e-002
1.564494e+003,3.219317e-002
1.564976e+003,3.193814e-002
1.565458e+003,3.170789e-002
1.565941e+003,3.151931e-002
1.566423e+003,3.137062e-002
1.566905e+003,3.124463e-002
1.567387e+003,3.111958e-002
1.567869e+003,3.097745e-002
1.568351e+003,3.081215e-002
1.568833e+003,3.063010e-002
1.569315e+003,3.044891e-002
1.569798e+003,3.028184e-002
1.570280e+003,3.012886e-002
1.570762e+003,2.997923e-002
1.571244e+003,2.982514e-002
1.571726e+003,2.966876e-002
1.572208e+003,2.952254e-002
1.572690e+003,2.940146e-002
1.573172e+003,2.931900e-002
1.573655e+003,2.928025e-002
1.574137e+003,2.927872e-002
1.574619e+003,2.929253e-002
1.575101e+003,2.928946e-002
1.575583e+003,2.923794e-002
1.576065e+003,2.912874e-002
1.576547e+003,2.898428e-002
1.577030e+003,2.884112e-002
1.577511e+003,2.871918e-002
1.577994e+003,2.861520e-002
1.578476e+003,2.851598e-002
1.578958e+003,2.841061e-002
1.579440e+003,2.829819e-002
1.579922e+003,2.818737e-002
1.580404e+003,2.809008e-002
1.580886e+003,2.801598e-002
1.581369e+003,2.796411e-002
1.581851e+003,2.792307e-002
1.582333e+003,2.787534e-002
1.582815e+003,2.780710e-002
1.583297e+003,2.771616e-002
1.583779e+003,2.761337e-002
1.584261e+003,2.751593e-002
1.584743e+003,2.743938e-002
1.585226e+003,2.738843e-002
1.585708e+003,2.735483e-002
1.586190e+003,2.732367e-002
1.586672e+003,2.728159e-002
1.587154e+003,2.722576e-002
1.587636e+003,2.716525e-002
1.588118e+003,2.711542e-002
1.588600e+003,2.708927e-002
1.589083e+003,2.708923e-002
1.589565e+003,2.710528e-002
1.590047e+003,2.712057e-002
1.590529e+003,2.712123e-002
1.591011e+003,2.710428e-002
1.591493e+003,2.707899e-002
1.591975e+003,2.706119e-002
1.592458e+003,2.706363e-002
1.592939e+003,2.708779e-002
1.593422e+003,2.712333e-002
1.593904e+003,2.715285e-002
1.594386e+003,2.716233e-002
1.594868e+003,2.715032e-002
1.595350e+003,2.712807e-002
1.595832e+003,2.711388e-002
1.596314e+003,2.712164e-002
1.596797e+003,2.715315e-002
1.597279e+003,2.719796e-002
1.597761e+003,2.724036e-002
1.598243e+003,2.726918e-002
1.598725e+003,2.728495e-002
1.599207e+003,2.729968e-002
1.599689e+003,2.733057e-002
1.600171e+003,2.739120e-002
1.600654e+003,2.748282e-002
1.601136e+003,2.759365e-002
1.601618e+003,2.770472e-002
1.602100e+003,2.780101e-002
1.602582e+003,2.787957e-002
1.603064e+003,2.795121e-002
1.603546e+003,2.803351e-002
1.604028e+003,2.814071e-002
1.604510e+003,2.827583e-002
1.604993e+003,2.843061e-002
1.605475e+003,2.859271e-002
1.605957e+003,2.875371e-002
1.606439e+003,2.891595e-002
1.606921e+003,2.909170e-002
1.607403e+003,2.929602e-002
1.607885e+003,2.953697e-002
1.608367e+003,2.980756e-002
1.608850e+003,3.008808e-002
1.609332e+003,3.035635e-002
1.609814e+003,3.059979e-002
1.610296e+003,3.082175e-002
1.610778e+003,3.103845e-002
1.611260e+003,3.126766e-002
1.611742e+003,3.151914e-002
1.612225e+003,3.178851e-002
1.612707e+003,3.206105e-002
1.613189e+003,3.232164e-002
1.613671e+003,3.256398e-002
1.614153e+003,3.279797e-002
1.614635e+003,3.305073e-002
1.615117e+003,3.336107e-002
1.615599e+003,3.376237e-002
1.616082e+003,3.425525e-002
1.616564e+003,3.478770e-002
1.617046e+003,3.527720e-002
1.617528e+003,3.566664e-002
1.618010e+003,3.595692e-002
1.618492e+003,3.618887e-002
1.618974e+003,3.640876e-002
1.619456e+003,3.664710e-002
1.619938e+003,3.691522e-002
1.620421e+003,3.721173e-002
1.620903e+003,3.753084e-002
1.621385e+003,3.787057e-002
1.621867e+003,3.823624e-002
1.622349e+003,3.863920e-002
1.622831e+003,3.908416e-002
1.623313e+003,3.955519e-002
1.623796e+003,4.001556e-002
1.624278e+003,4.042698e-002
1.624760e+003,4.077068e-002
1.625242e+003,4.105532e-002
1.625724e+003,4.131070e-002
1.626206e+003,4.157362e-002
1.626688e+003,4.187601e-002
1.627170e+003,4.223129e-002
1.627653e+003,4.262508e-002
1.628135e+003,4.302127e-002
1.628617e+003,4.338082e-002
1.629099e+003,4.368459e-002
1.629581e+003,4.394102e-002
1.630063e+003,4.417721e-002
1.630545e+003,4.442069e-002
1.631027e+003,4.468664e-002
1.631510e+003,4.497340e-002
1.631992e+003,4.526666e-002
1.632474e+003,4.554962e-002
1.632956e+003,4.581596e-002
1.633438e+003,4.607905e-002
1.633920e+003,4.637966e-002
1.634402e+003,4.677871e-002
1.634885e+003,4.732925e-002
1.635366e+003,4.801977e-002
1.635849e+003,4.873843e-002
1.636331e+003,4.933372e-002
1.636813e+003,4.973524e-002
1.637295e+003,4.998492e-002
1.637777e+003,5.017117e-002
1.638259e+003,5.036595e-002
1.638741e+003,5.060384e-002
1.639224e+003,5.088623e-002
1.639706e+003,5.119361e-002
1.640188e+003,5.149995e-002
1.640670e+003,5.178758e-002
1.641152e+003,5.205353e-002
1.641634e+003,5.230966e-002
1.642116e+003,5.257256e-002
1.642598e+003,5.285217e-002
1.643081e+003,5.314494e-002
1.643563e+003,5.343597e-002
1.644045e+003,5.370861e-002
1.644527e+003,5.395614e-002
1.645009e+003,5.419514e-002
1.645491e+003,5.446982e-002
1.645973e+003,5.483523e-002
1.646455e+003,5.531053e-002
1.646938e+003,5.583153e-002
1.647420e+003,5.627364e-002
1.647902e+003,5.654805e-002
1.648384e+003,5.665876e-002
1.648866e+003,5.667184e-002
1.649348e+003,5.666238e-002
1.649830e+003,5.668657e-002
1.650313e+003,5.677714e-002
1.650794e+003,5.694506e-002
1.651277e+003,5.717996e-002
1.651759e+003,5.744298e-002
1.652241e+003,5.765709e-002
1.652723e+003,5.771801e-002
1.653205e+003,5.757902e-002
1.653687e+003,5.732574e-002
1.654169e+003,5.707324e-002
1.654652e+003,5.684529e-002
1.655134e+003,5.660561e-002
1.655616e+003,5.632070e-002
1.656098e+003,5.598137e-002
1.656580e+003,5.560001e-002
1.657062e+003,5.520151e-002
1.657544e+003,5.481023e-002
1.658026e+003,5.444035e-002
1.658509e+003,5.408893e-002
1.658991e+003,5.373790e-002
1.659473e+003,5.336284e-002
1.659955e+003,5.294393e-002
1.660437e+003,5.247413e-002
1.660919e+003,5.196024e-002
1.661401e+003,5.141637e-002
1.661883e+003,5.085408e-002
1.662365e+003,5.027435e-002
1.662848e+003,4.967196e-002
1.663330e+003,4.904839e-002
1.663812e+003,4.842055e-002
1.664294e+003,4.781834e-002
1.664776e+003,4.727171e-002
1.665258e+003,4.679908e-002
1.665740e+003,4.640345e-002
1.666222e+003,4.607049e-002
1.666705e+003,4.577136e-002
1.667187e+003,4.546684e-002
1.667669e+003,4.511699e-002
1.668151e+003,4.469480e-002
1.668633e+003,4.419974e-002
1.669115e+003,4.366175e-002
1.669597e+003,4.312468e-002
1.670080e+003,4.261918e-002
1.670562e+003,4.214857e-002
1.671044e+003,4.170042e-002
1.671526e+003,4.126671e-002
1.672008e+003,4.085259e-002
1.672490e+003,4.047177e-002
1.672972e+003,4.013480e-002
1.673454e+003,3.983815e-002
1.673937e+003,3.955504e-002
1.674419e+003,3.923674e-002
1.674901e+003,3.883393e-002
1.675383e+003,3.833403e-002
1.675865e+003,3.777963e-002
1.676347e+003,3.724328e-002
1.676829e+003,3.678195e-002
1.677311e+003,3.641338e-002
1.677793e+003,3.612053e-002
1.678276e+003,3.586707e-002
1.678758e+003,3.561203e-002
1.679240e+003,3.532511e-002
1.679722e+003,3.499948e-002
1.680204e+003,3.465707e-002
1.680686e+003,3.433644e-002
1.681168e+003,3.407403e-002
1.681650e+003,3.388556e-002
1.682133e+003,3.375453e-002
1.682615e+003,3.362765e-002
1.683097e+003,3.341570e-002
1.683579e+003,3.302552e-002
1.684061e+003,3.244460e-002
1.684543e+003,3.179311e-002
1.685025e+003,3.122393e-002
1.685508e+003,3.078958e-002
1.685990e+003,3.045071e-002
1.686472e+003,3.014718e-002
1.686954e+003,2.983687e-002
1.687436e+003,2.950247e-002
1.687918e+003,2.914708e-002
1.688400e+003,2.878504e-002
1.688882e+003,2.843024e-002
1.689365e+003,2.808658e-002
1.689847e+003,2.774701e-002
1.690329e+003,2.739991e-002
1.690811e+003,2.704250e-002
1.691293e+003,2.668598e-002
1.691775e+003,2.635140e-002
1.692257e+003,2.606059e-002
1.692739e+003,2.582619e-002
1.693221e+003,2.564693e-002
1.693704e+003,2.550467e-002
1.694186e+003,2.536775e-002
1.694668e+003,2.520052e-002
1.695150e+003,2.498046e-002
1.695632e+003,2.472089e-002
1.696114e+003,2.447277e-002
1.696596e+003,2.428745e-002
1.697078e+003,2.417790e-002
1.697561e+003,2.411752e-002
1.698043e+003,2.406316e-002
1.698525e+003,2.397603e-002
1.699007e+003,2.383444e-002
1.699489e+003,2.364378e-002
1.699971e+003,2.343777e-002
1.700453e+003,2.325896e-002
1.700936e+003,2.311947e-002
1.701417e+003,2.299667e-002
1.701900e+003,2.286335e-002
1.702382e+003,2.271055e-002
1.702864e+003,2.254763e-002
1.703346e+003,2.239653e-002
1.703828e+003,2.228056e-002
1.704310e+003,2.221540e-002
1.704792e+003,2.219380e-002
1.705275e+003,2.218284e-002
1.705757e+003,2.213752e-002
1.706239e+003,2.203113e-002
1.706721e+003,2.187274e-002
1.707203e+003,2.169787e-002
1.707685e+003,2.154443e-002
1.708167e+003,2.143492e-002
1.708649e+003,2.137011e-002
1.709132e+003,2.133331e-002
1.709614e+003,2.130201e-002
1.710096e+003,2.126166e-002
1.710578e+003,2.121465e-002
1.711060e+003,2.118020e-002
1.711542e+003,2.118494e-002
1.712024e+003,2.124945e-002
1.712506e+003,2.137852e-002
1.712989e+003,2.155764e-002
1.713471e+003,2.175794e-002
1.713953e+003,2.195056e-002
1.714435e+003,2.212391e-002
1.714917e+003,2.229633e-002
1.715399e+003,2.251347e-002
1.715881e+003,2.282944e-002
1.716364e+003,2.327337e-002
1.716845e+003,2.381823e-002
1.717328e+003,2.437942e-002
1.717810e+003,2.485924e-002
1.718292e+003,2.521377e-002
1.718774e+003,2.547354e-002
1.719256e+003,2.570158e-002
1.719738e+003,2.595010e-002
1.720220e+003,2.624418e-002
1.720703e+003,2.659057e-002
1.721185e+003,2.698992e-002
1.721667e+003,2.744829e-002
1.722149e+003,2.798069e-002
1.722631e+003,2.860780e-002
1.723113e+003,2.934473e-002
1.723595e+003,3.018889e-002
1.724077e+003,3.111431e-002
1.724560e+003,3.208252e-002
1.725042e+003,3.305961e-002
1.725524e+003,3.403437e-002
1.726006e+003,3.502408e-002
1.726488e+003,3.607122e-002
1.726970e+003,3.723167e-002
1.727452e+003,3.856226e-002
1.727934e+003,4.010445e-002
1.728417e+003,4.187257e-002
1.728899e+003,4.384485e-002
1.729381e+003,4.596309e-002
1.729863e+003,4.814715e-002
1.730345e+003,5.032494e-002
1.730827e+003,5.246533e-002
1.731309e+003,5.461055e-002
1.731792e+003,5.690255e-002
1.732273e+003,5.960865e-002
1.732756e+003,6.311943e-002
1.733238e+003,6.782632e-002
1.733720e+003,7.379060e-002
1.734202e+003,8.041147e-002
1.734684e+003,8.666296e-002
1.735166e+003,9.183828e-002
1.735648e+003,9.589836e-002
1.736131e+003,9.921443e-002
1.736613e+003,1.022390e-001
1.737095e+003,1.053709e-001
1.737577e+003,1.089352e-001
1.738059e+003,1.131733e-001
1.738541e+003,1.181857e-001
1.739023e+003,1.238459e-001
1.739505e+003,1.297804e-001
1.739988e+003,1.355057e-001
1.740470e+003,1.406621e-001
1.740952e+003,1.451447e-001
1.741434e+003,1.490522e-001
1.741916e+003,1.525481e-001
1.742398e+003,1.557488e-001
1.742880e+003,1.586762e-001
1.743362e+003,1.612710e-001
1.743844e+003,1.634440e-001
1.744327e+003,1.651279e-001
1.744809e+003,1.663001e-001
1.745291e+003,1.669662e-001
1.745773e+003,1.671253e-001
1.746255e+003,1.667510e-001
1.746737e+003,1.657950e-001
1.747219e+003,1.642156e-001
1.747702e+003,1.620109e-001
1.748184e+003,1.592269e-001
1.748666e+003,1.559264e-001
1.749148e+003,1.521327e-001
1.749630e+003,1.478055e-001
1.750112e+003,1.428820e-001
1.750594e+003,1.373788e-001
1.751076e+003,1.314756e-001
1.751559e+003,1.254960e-001
1.752041e+003,1.197765e-001
1.752523e+003,1.145264e-001
1.753005e+003,1.097747e-001
1.753487e+003,1.054081e-001
1.753969e+003,1.012360e-001
1.754451e+003,9.704818e-002
1.754933e+003,9.265800e-002
1.755416e+003,8.794603e-002
1.755898e+003,8.291021e-002
1.756380e+003,7.769681e-002
1.756862e+003,7.256636e-002
1.757344e+003,6.779004e-002
1.757826e+003,6.353758e-002
1.758308e+003,5.983438e-002
1.758791e+003,5.659716e-002
1.759272e+003,5.369119e-002
1.759755e+003,5.097262e-002
1.760237e+003,4.831399e-002
1.760719e+003,4.562301e-002
1.761201e+003,4.287083e-002
1.761683e+003,4.011332e-002
1.762165e+003,3.747973e-002
1.762647e+003,3.511272e-002
1.763130e+003,3.310176e-002
1.763612e+003,3.145295e-002
1.764094e+003,3.010658e-002
1.764576e+003,2.897460e-002
1.765058e+003,2.796930e-002
1.765540e+003,2.702199e-002
1.766022e+003,2.609127e-002
1.766504e+003,2.516748e-002
1.766987e+003,2.427023e-002
1.767469e+003,2.343488e-002
1.767951e+003,2.269370e-002
1.768433e+003,2.205740e-002
1.768915e+003,2.151278e-002
1.769397e+003,2.103218e-002
1.769879e+003,2.058788e-002
1.770361e+003,2.016034e-002
1.770844e+003,1.973787e-002
1.771326e+003,1.931347e-002
1.771808e+003,1.887945e-002
1.772290e+003,1.843012e-002
1.772772e+003,1.796811e-002
1.773254e+003,1.750805e-002
1.773736e+003,1.707152e-002
1.774219e+003,1.667855e-002
1.774700e+003,1.634011e-002
1.775183e+003,1.605610e-002
1.775665e+003,1.581655e-002
1.776147e+003,1.560534e-002
1.776629e+003,1.540638e-002
1.777111e+003,1.521091e-002
1.777593e+003,1.501978e-002
1.778075e+003,1.484083e-002
1.778558e+003,1.468315e-002
1.779040e+003,1.454974e-002
1.779522e+003,1.443245e-002
1.780004e+003,1.431342e-002
1.780486e+003,1.417386e-002
1.780968e+003,1.400631e-002
1.781450e+003,1.381953e-002
1.781932e+003,1.363275e-002
1.782415e+003,1.346618e-002
1.782897e+003,1.333055e-002
1.783379e+003,1.322307e-002
1.783861e+003,1.313003e-002
1.784343e+003,1.303437e-002
1.784825e+003,1.292315e-002
1.785307e+003,1.279648e-002
1.785789e+003,1.266563e-002
1.786271e+003,1.254561e-002
1.786754e+003,1.244689e-002
1.787236e+003,1.237113e-002
1.787718e+003,1.231151e-002
1.788200e+003,1.225993e-002
1.788682e+003,1.221176e-002
1.789164e+003,1.216856e-002
1.789646e+003,1.213872e-002
1.790128e+003,1.213186e-002
1.790611e+003,1.215056e-002
1.791093e+003,1.218427e-002
1.791575e+003,1.220594e-002
1.792057e+003,1.218546e-002
1.792539e+003,1.210639e-002
1.793021e+003,1.197860e-002
1.793503e+003,1.182885e-002
1.793986e+003,1.168358e-002
1.794468e+003,1.155721e-002
1.794950e+003,1.144950e-002
1.795432e+003,1.135254e-002
1.795914e+003,1.125658e-002
1.796396e+003,1.115870e-002
1.796878e+003,1.106350e-002
1.797360e+003,1.098215e-002
1.797843e+003,1.092619e-002
1.798325e+003,1.090085e-002
1.798807e+003,1.090274e-002
1.799289e+003,1.091787e-002
1.799771e+003,1.092896e-002
1.800253e+003,1.092191e-002
1.800735e+003,1.089126e-002
1.801217e+003,1.084146e-002
1.801699e+003,1.078202e-002
1.802182e+003,1.071940e-002
1.802664e+003,1.065463e-002
1.803146e+003,1.058439e-002
1.803628e+003,1.050502e-002
1.804110e+003,1.041714e-002
1.804592e+003,1.032637e-002
1.805074e+003,1.024132e-002
1.805556e+003,1.016896e-002
1.806039e+003,1.011257e-002
1.806521e+003,1.006895e-002
1.807003e+003,1.003204e-002
1.807485e+003,9.997408e-003
1.807967e+003,9.964519e-003
1.808449e+003,9.938898e-003
1.808931e+003,9.927890e-003
1.809414e+003,9.935029e-003
1.809896e+003,9.955653e-003
1.810378e+003,9.975557e-003
1.810860e+003,9.975298e-003
1.811342e+003,9.939052e-003
1.811824e+003,9.861999e-003
1.812306e+003,9.751532e-003
1.812788e+003,9.622962e-003
1.813271e+003,9.491120e-003
1.813753e+003,9.365007e-003
1.814235e+003,9.247852e-003
1.814717e+003,9.138676e-003
1.815199e+003,9.038828e-003
1.815681e+003,8.954882e-003
1.816163e+003,8.898223e-003
1.816645e+003,8.880436e-003
1.817127e+003,8.906722e-003
1.817610e+003,8.971520e-003
1.818092e+003,9.059815e-003
1.818574e+003,9.151638e-003
1.819056e+003,9.230654e-003
1.819538e+003,9.289281e-003
1.820020e+003,9.328963e-003
1.820502e+003,9.356643e-003
1.820984e+003,9.379147e-003
1.821467e+003,9.398608e-003
1.821949e+003,9.412582e-003
1.822431e+003,9.414827e-003
1.822913e+003,9.400816e-003
1.823395e+003,9.370715e-003
1.823877e+003,9.330878e-003
1.824359e+003,9.290285e-003
1.824842e+003,9.255483e-003
1.825323e+003,9.226540e-003
1.825806e+003,9.197151e-003
1.826288e+003,9.160218e-003
1.826770e+003,9.115244e-003
1.827252e+003,9.068043e-003
1.827734e+003,9.030253e-003
1.828216e+003,9.013519e-003
1.828698e+003,9.022147e-003
1.829181e+003,9.046349e-003
1.829663e+003,9.064246e-003
1.830145e+003,9.052405e-003
1.830627e+003,9.000680e-003
1.831109e+003,8.919541e-003
1.831591e+003,8.831371e-003
1.832073e+003,8.757399e-003
1.832555e+003,8.708443e-003
1.833038e+003,8.682736e-003
1.833520e+003,8.670218e-003
1.834002e+003,8.656649e-003
1.834484e+003,8.632193e-003
1.834966e+003,8.594822e-003
1.835448e+003,8.551774e-003
1.835930e+003,8.513684e-003
1.836412e+003,8.488369e-003
1.836895e+003,8.474234e-003
1.837377e+003,8.462737e-003
1.837859e+003,8.441694e-003
1.838341e+003,8.405434e-003
1.838823e+003,8.357398e-003
1.839305e+003,8.310876e-003
1.839787e+003,8.280718e-003
1.840270e+003,8.277282e-003
1.840751e+003,8.301821e-003
1.841234e+003,8.347394e-003
1.841716e+003,8.402057e-003
1.842198e+003,8.454408e-003
1.842680e+003,8.498087e-003
1.843162e+003,8.533949e-003
1.843644e+003,8.565077e-003
1.844126e+003,8.591960e-003
1.844609e+003,8.607056e-003
1.845091e+003,8.598615e-003
1.845573e+003,8.559079e-003
1.846055e+003,8.490282e-003
1.846537e+003,8.405132e-003
1.847019e+003,8.320873e-003
1.847501e+003,8.252660e-003
1.847983e+003,8.206932e-003
1.848466e+003,8.179311e-003
1.848948e+003,8.156998e-003
1.849430e+003,8.126501e-003
1.849912e+003,8.080758e-003
1.850394e+003,8.024466e-003
1.850876e+003,7.969944e-003
1.851358e+003,7.930822e-003
1.851840e+003,7.914296e-003
1.852323e+003,7.916790e-003
1.852805e+003,7.926352e-003
1.853287e+003,7.927610e-003
1.853769e+003,7.912427e-003
1.854251e+003,7.882779e-003
1.854733e+003,7.851132e-003
1.855215e+003,7.831820e-003
1.855698e+003,7.833483e-003
1.856179e+003,7.853777e-003
1.856662e+003,7.880790e-003
1.857144e+003,7.898557e-003
1.857626e+003,7.896196e-003
1.858108e+003,7.873873e-003
1.858590e+003,7.842275e-003
1.859072e+003,7.815696e-003
1.859554e+003,7.804410e-003
1.860037e+003,7.808487e-003
1.860519e+003,7.820034e-003
1.861001e+003,7.827044e-003
1.861483e+003,7.823402e-003
1.861965e+003,7.812223e-003
1.862447e+003,7.804776e-003
1.862929e+003,7.813713e-003
1.863411e+003,7.845349e-003
1.863894e+003,7.895023e-003
1.864376e+003,7.949902e-003
1.864858e+003,7.993767e-003
1.865340e+003,8.017681e-003
1.865822e+003,8.023187e-003
1.866304e+003,8.024760e-003
1.866786e+003,8.041764e-003
1.867268e+003,8.089458e-003
1.867750e+003,8.165995e-003
1.868233e+003,8.250143e-003
1.868715e+003,8.308508e-003
1.869197e+003,8.314968e-003
1.869679e+003,8.264668e-003
1.870161e+003,8.174156e-003
1.870643e+003,8.068959e-003
1.871125e+003,7.968604e-003
1.871608e+003,7.881421e-003
1.872090e+003,7.807417e-003
1.872572e+003,7.743152e-003
1.873054e+003,7.687442e-003
1.873536e+003,7.645241e-003
1.874018e+003,7.624895e-003
1.874500e+003,7.632374e-003
1.874982e+003,7.666885e-003
1.875465e+003,7.717159e-003
1.875947e+003,7.767023e-003
1.876429e+003,7.800654e-003
1.876911e+003,7.810884e-003
1.877393e+003,7.802340e-003
1.877875e+003,7.787507e-003
1.878357e+003,7.780396e-003
1.878839e+003,7.786856e-003
1.879322e+003,7.801490e-003
1.879804e+003,7.812798e-003
1.880286e+003,7.806750e-003
1.880768e+003,7.779309e-003
1.881250e+003,7.738700e-003
1.881732e+003,7.702352e-003
1.882214e+003,7.688398e-003
1.882697e+003,7.708376e-003
1.883178e+003,7.759422e-003
1.883661e+003,7.829332e-003
1.884143e+003,7.900357e-003
1.884625e+003,7.960703e-003
1.885107e+003,8.007837e-003
1.885589e+003,8.049571e-003
1.886071e+003,8.095554e-003
1.886553e+003,8.152043e-003
1.887036e+003,8.216775e-003
1.887518e+003,8.281352e-003
1.888000e+003,8.336361e-003
1.888482e+003,8.378505e-003
1.888964e+003,8.413524e-003
1.889446e+003,8.454256e-003
1.889928e+003,8.510194e-003
1.890410e+003,8.580593e-003
1.890893e+003,8.650338e-003
1.891375e+003,8.701690e-003
1.891857e+003,8.719306e-003
1.892339e+003,8.702262e-003
1.892821e+003,8.662013e-003
1.893303e+003,8.619780e-003
1.893785e+003,8.596103e-003
1.894267e+003,8.600892e-003
1.894750e+003,8.627697e-003
1.895232e+003,8.656481e-003
1.895714e+003,8.664904e-003
1.896196e+003,8.640694e-003
1.896678e+003,8.587895e-003
1.897160e+003,8.524531e-003
1.897642e+003,8.471235e-003
1.898125e+003,8.440983e-003
1.898606e+003,8.434101e-003
1.899089e+003,8.440756e-003
1.899571e+003,8.447860e-003
1.900053e+003,8.449494e-003
1.900535e+003,8.448713e-003
1.901017e+003,8.456136e-003
1.901499e+003,8.480944e-003
1.901981e+003,8.522825e-003
1.902464e+003,8.568231e-003
1.902946e+003,8.596844e-003
1.903428e+003,8.589461e-003
1.903910e+003,8.540581e-003
1.904392e+003,8.460631e-003
1.904874e+003,8.373888e-003
1.905356e+003,8.303945e-003
1.905838e+003,8.265418e-003
1.906321e+003,8.255706e-003
1.906803e+003,8.260857e-003
1.907285e+003,8.263648e-003
1.907767e+003,8.255840e-003
1.908249e+003,8.243431e-003
1.908731e+003,8.242446e-003
1.909213e+003,8.267084e-003
1.909695e+003,8.318127e-003
1.910177e+003,8.376807e-003
1.910660e+003,8.414224e-003
1.911142e+003,8.402976e-003
1.911624e+003,8.332990e-003
1.912106e+003,8.216196e-003
1.912588e+003,8.081187e-003
1.913070e+003,7.959828e-003
1.913552e+003,7.874778e-003
1.914034e+003,7.830476e-003
1.914517e+003,7.816695e-003
1.914999e+003,7.816358e-003
1.915481e+003,7.817429e-003
1.915963e+003,7.820485e-003
1.916445e+003,7.837196e-003
1.916927e+003,7.881294e-003
1.917409e+003,7.955112e-003
1.917892e+003,8.042511e-003
1.918374e+003,8.115645e-003
1.918856e+003,8.148503e-003
1.919338e+003,8.132760e-003
1.919820e+003,8.080527e-003
1.920302e+003,8.017863e-003
1.920784e+003,7.968792e-003
1.921266e+003,7.945728e-003
1.921749e+003,7.943414e-003
1.922231e+003,7.943285e-003
1.922713e+003,7.923346e-003
1.923195e+003,7.874963e-003
1.923677e+003,7.809187e-003
1.924159e+003,7.750139e-003
1.924641e+003,7.720734e-003
1.925123e+003,7.726789e-003
1.925605e+003,7.754998e-003
1.926088e+003,7.780258e-003
1.926570e+003,7.776020e-003
1.927052e+003,7.732661e-003
1.927534e+003,7.660147e-003
1.928016e+003,7.587024e-003
1.928498e+003,7.544624e-003
1.928980e+003,7.551800e-003
1.929462e+003,7.606263e-003
1.929945e+003,7.687734e-003
1.930427e+003,7.767959e-003
1.930909e+003,7.828211e-003
1.931391e+003,7.865630e-003
1.931873e+003,7.893052e-003
1.932355e+003,7.927596e-003
1.932837e+003,7.976383e-003
1.933320e+003,8.029915e-003
1.933802e+003,8.067563e-003
1.934284e+003,8.065822e-003
1.934766e+003,8.016119e-003
1.935248e+003,7.927424e-003
1.935730e+003,7.827753e-003
1.936212e+003,7.743520e-003
1.936694e+003,7.692601e-003
1.937177e+003,7.670744e-003
1.937659e+003,7.662675e-003
1.938141e+003,7.649482e-003
1.938623e+003,7.627273e-003
1.939105e+003,7.608032e-003
1.939587e+003,7.617188e-003
1.940069e+003,7.679020e-003
1.940551e+003,7.798381e-003
1.941033e+003,7.956382e-003
1.941516e+003,8.113774e-003
1.941998e+003,8.224358e-003
1.942480e+003,8.261108e-003
1.942962e+003,8.227403e-003
1.943444e+003,8.152653e-003
1.943926e+003,8.070525e-003
1.944408e+003,8.000198e-003
1.944890e+003,7.934853e-003
1.945373e+003,7.858028e-003
1.945855e+003,7.755795e-003
1.946337e+003,7.634650e-003
1.946819e+003,7.523810e-003
1.947301e+003,7.464028e-003
1.947783e+003,7.483650e-003
1.948265e+003,7.578966e-003
1.948748e+003,7.714150e-003
1.949229e+003,7.836841e-003
1.949712e+003,7.899356e-003
1.950194e+003,7.885786e-003
1.950676e+003,7.816758e-003
1.951158e+003,7.742092e-003
1.951640e+003,7.710593e-003
1.952122e+003,7.748529e-003
1.952604e+003,7.840877e-003
1.953087e+003,7.947062e-003
1.953569e+003,8.016914e-003
1.954051e+003,8.021180e-003
1.954533e+003,7.960333e-003
1.955015e+003,7.863894e-003
1.955497e+003,7.765456e-003
1.955979e+003,7.683394e-003
1.956461e+003,7.608037e-003
1.956944e+003,7.512959e-003
1.957426e+003,7.374794e-003
1.957908e+003,7.202300e-003
1.958390e+003,7.039438e-003
1.958872e+003,6.953088e-003
1.959354e+003,6.998589e-003
1.959836e+003,7.186472e-003
1.960318e+003,7.472183e-003
1.960801e+003,7.773075e-003
1.961283e+003,8.003633e-003
1.961765e+003,8.116497e-003
1.962247e+003,8.119870e-003
1.962729e+003,8.072756e-003
1.963211e+003,8.050113e-003
1.963693e+003,8.108381e-003
1.964176e+003,8.259663e-003
1.964657e+003,8.481258e-003
1.965140e+003,8.732684e-003
1.965622e+003,8.983649e-003
1.966104e+003,9.226248e-003
1.966586e+003,9.472456e-003
1.967068e+003,9.727622e-003
1.967550e+003,9.972434e-003
1.968032e+003,1.015705e-002
1.968515e+003,1.022793e-002
1.968997e+003,1.015549e-002
1.969479e+003,9.964912e-003
1.969961e+003,9.734666e-003
1.970443e+003,9.573163e-003
1.970925e+003,9.566657e-003
1.971407e+003,9.741219e-003
1.971889e+003,1.003912e-002
1.972372e+003,1.035042e-002
1.972854e+003,1.054855e-002
1.973336e+003,1.055848e-002
1.973818e+003,1.038125e-002
1.974300e+003,1.010494e-002
1.974782e+003,9.859489e-003
1.975264e+003,9.764051e-003
1.975746e+003,9.881124e-003
1.976229e+003,1.021247e-002
1.976711e+003,1.069848e-002
1.977193e+003,1.126830e-002
1.977675e+003,1.184529e-002
1.978157e+003,1.237033e-002
1.978639e+003,1.278788e-002
1.979121e+003,1.305401e-002
1.979604e+003,1.312858e-002
1.980085e+003,1.299789e-002
1.980568e+003,1.267173e-002
1.981050e+003,1.220545e-002
1.981532e+003,1.168521e-002
1.982014e+003,1.120888e-002
1.982496e+003,1.084567e-002
1.982978e+003,1.061532e-002
1.983460e+003,1.048724e-002
1.983943e+003,1.040748e-002
1.984425e+003,1.032822e-002
1.984907e+003,1.024321e-002
1.985389e+003,1.018059e-002
1.985871e+003,1.018813e-002
1.986353e+003,1.029870e-002
1.986835e+003,1.050109e-002
1.987317e+003,1.073989e-002
1.987800e+003,1.094178e-002
1.988282e+003,1.104372e-002
1.988764e+003,1.103058e-002
1.989246e+003,1.093686e-002
1.989728e+003,1.082795e-002
1.990210e+003,1.076046e-002
1.990692e+003,1.075332e-002
1.991174e+003,1.076962e-002
1.991656e+003,1.074663e-002
1.992139e+003,1.062727e-002
1.992621e+003,1.040429e-002
1.993103e+003,1.012734e-002
1.993585e+003,9.883409e-003
1.994067e+003,9.748140e-003
1.994549e+003,9.744482e-003
1.995031e+003,9.835486e-003
1.995514e+003,9.948615e-003
1.995996e+003,9.999922e-003
1.996478e+003,9.941511e-003
1.996960e+003,9.772119e-003
1.997442e+003,9.539708e-003
1.997924e+003,9.304839e-003
1.998406e+003,9.116556e-003
1.998888e+003,8.976473e-003
1.999371e+003,8.858832e-003
1.999853e+003,8.723011e-003
2.000335e+003,8.551401e-003
2.000817e+003,8.358187e-003
2.001299e+003,8.185072e-003
2.001781e+003,8.073497e-003
2.002263e+003,8.033925e-003
2.002745e+003,8.036262e-003
2.003228e+003,8.025267e-003
2.003710e+003,7.945254e-003
2.004192e+003,7.781451e-003
2.004674e+003,7.575587e-003
2.005156e+003,7.411551e-003
2.005638e+003,7.382437e-003
2.006120e+003,7.545650e-003
2.006603e+003,7.890972e-003
2.007084e+003,8.358183e-003
2.007567e+003,8.856306e-003
2.008049e+003,9.312784e-003
2.008531e+003,9.691315e-003
2.009013e+003,9.998342e-003
2.009495e+003,1.025556e-002
2.009977e+003,1.047214e-002
2.010459e+003,1.063107e-002
2.010942e+003,1.069628e-002
2.011424e+003,1.063105e-002
2.011906e+003,1.043927e-002
2.012388e+003,1.016272e-002
2.012870e+003,9.889231e-003
2.013352e+003,9.704933e-003
2.013834e+003,9.666976e-003
2.014316e+003,9.778352e-003
2.014799e+003,1.000634e-002
2.015281e+003,1.028975e-002
2.015763e+003,1.058353e-002
2.016245e+003,1.085854e-002
2.016727e+003,1.110981e-002
2.017209e+003,1.133114e-002
2.017691e+003,1.150866e-002
2.018173e+003,1.161074e-002
2.018656e+003,1.161277e-002
2.019138e+003,1.150756e-002
2.019620e+003,1.133390e-002
2.020102e+003,1.116365e-002
2.020584e+003,1.107858e-002
2.021066e+003,1.112693e-002
2.021548e+003,1.129736e-002
2.022031e+003,1.151617e-002
2.022512e+003,1.168834e-002
2.022995e+003,1.172665e-002
2.023477e+003,1.161116e-002
2.023959e+003,1.138549e-002
2.024441e+003,1.114871e-002
2.024923e+003,1.099862e-002
2.025405e+003,1.098976e-002
2.025887e+003,1.110732e-002
2.026370e+003,1.128677e-002
2.026852e+003,1.144565e-002
2.027334e+003,1.152943e-002
2.027816e+003,1.153047e-002
2.028298e+003,1.148446e-002
2.028780e+003,1.143543e-002
2.029262e+003,1.141689e-002
2.029744e+003,1.142335e-002
2.030227e+003,1.143043e-002
2.030709e+003,1.141174e-002
2.031191e+003,1.137436e-002
2.031673e+003,1.135885e-002
2.032155e+003,1.142321e-002
2.032637e+003,1.160510e-002
2.033119e+003,1.190025e-002
2.033601e+003,1.224680e-002
2.034083e+003,1.256555e-002
2.034566e+003,1.277711e-002
2.035048e+003,1.285341e-002
2.035530e+003,1.281581e-002
2.036012e+003,1.271946e-002
2.036494e+003,1.262288e-002
2.036976e+003,1.255563e-002
2.037458e+003,1.250314e-002
2.037940e+003,1.243254e-002
2.038423e+003,1.230809e-002
2.038905e+003,1.212456e-002
2.039387e+003,1.190680e-002
2.039869e+003,1.169926e-002
2.040351e+003,1.153270e-002
2.040833e+003,1.141062e-002
2.041315e+003,1.130219e-002
2.041798e+003,1.117427e-002
2.042280e+003,1.100732e-002
2.042762e+003,1.082538e-002
2.043244e+003,1.068643e-002
2.043726e+003,1.065811e-002
2.044208e+003,1.077402e-002
2.044690e+003,1.101818e-002
2.045172e+003,1.132183e-002
2.045655e+003,1.160464e-002
2.046137e+003,1.180412e-002
2.046619e+003,1.191527e-002
2.047101e+003,1.199047e-002
2.047583e+003,1.211440e-002
2.048065e+003,1.235420e-002
2.048547e+003,1.272155e-002
2.049029e+003,1.315454e-002
2.049511e+003,1.354670e-002
2.049994e+003,1.378296e-002
2.050476e+003,1.379151e-002
2.050958e+003,1.356068e-002
2.051440e+003,1.314097e-002
2.051922e+003,1.261382e-002
2.052404e+003,1.206448e-002
2.052886e+003,1.155360e-002
2.053368e+003,1.111345e-002
2.053851e+003,1.075127e-002
2.054333e+003,1.046428e-002
2.054815e+003,1.024839e-002
2.055297e+003,1.010105e-002
2.055779e+003,1.001455e-002
2.056261e+003,9.972669e-003
2.056743e+003,9.950751e-003
2.057226e+003,9.926478e-003
2.057708e+003,9.884544e-003
2.058190e+003,9.829973e-003
2.058672e+003,9.783037e-003
2.059154e+003,9.773117e-003
2.059636e+003,9.817702e-003
2.060118e+003,9.916692e-003
2.060600e+003,1.004550e-002
2.061083e+003,1.017037e-002
2.061565e+003,1.025704e-002
2.062047e+003,1.029013e-002
2.062529e+003,1.027152e-002
2.063011e+003,1.021944e-002
2.063493e+003,1.015329e-002
2.063975e+003,1.008595e-002
2.064457e+003,1.001795e-002
2.064939e+003,9.947855e-003
2.065422e+003,9.875238e-003
2.065904e+003,9.810483e-003
2.066386e+003,9.773594e-003
2.066868e+003,9.782036e-003
2.067350e+003,9.837781e-003
2.067832e+003,9.926252e-003
2.068314e+003,1.001616e-002
2.068796e+003,1.008067e-002
2.069279e+003,1.010444e-002
2.069761e+003,1.009605e-002
2.070243e+003,1.008258e-002
2.070725e+003,1.009444e-002
2.071207e+003,1.014544e-002
2.071689e+003,1.022396e-002
2.072171e+003,1.029662e-002
2.072654e+003,1.032451e-002
2.073135e+003,1.028113e-002
2.073618e+003,1.017212e-002
2.074100e+003,1.003021e-002
2.074582e+003,9.905901e-003
2.075064e+003,9.838482e-003
2.075546e+003,9.845080e-003
2.076028e+003,9.908913e-003
2.076510e+003,9.997129e-003
2.076993e+003,1.007328e-002
2.077475e+003,1.011927e-002
2.077957e+003,1.013833e-002
2.078439e+003,1.015071e-002
2.078921e+003,1.017522e-002
2.079403e+003,1.021708e-002
2.079885e+003,1.026169e-002
2.080367e+003,1.028331e-002
2.080850e+003,1.025697e-002
2.081332e+003,1.017655e-002
2.081814e+003,1.005802e-002
2.082296e+003,9.933177e-003
2.082778e+003,9.833685e-003
2.083260e+003,9.776788e-003
2.083742e+003,9.756577e-003
2.084224e+003,9.752763e-003
2.084707e+003,9.738051e-003
2.085189e+003,9.699170e-003
2.085671e+003,9.639177e-003
2.086153e+003,9.578250e-003
2.086635e+003,9.539172e-003
2.087117e+003,9.535644e-003
2.087599e+003,9.561894e-003
2.088082e+003,9.598995e-003
2.088563e+003,9.619464e-003
2.089046e+003,9.601817e-003
2.089528e+003,9.539452e-003
2.090010e+003,9.441654e-003
2.090492e+003,9.323807e-003
2.090974e+003,9.204448e-003
2.091456e+003,9.093451e-003
2.091938e+003,8.998307e-003
2.092421e+003,8.922800e-003
2.092903e+003,8.877938e-003
2.093385e+003,8.877880e-003
2.093867e+003,8.937377e-003
2.094349e+003,9.058997e-003
2.094831e+003,9.230611e-003
2.095313e+003,9.420716e-003
2.095795e+003,9.591857e-003
2.096278e+003,9.711154e-003
2.096760e+003,9.766195e-003
2.097242e+003,9.765348e-003
2.097724e+003,9.735137e-003
2.098206e+003,9.703644e-003
2.098688e+003,9.690975e-003
2.099170e+003,9.699247e-003
2.099652e+003,9.719405e-003
2.100135e+003,9.735984e-003
2.100617e+003,9.742792e-003
2.101099e+003,9.742284e-003
2.101581e+003,9.747053e-003
2.102063e+003,9.768296e-003
2.102545e+003,9.808703e-003
2.103027e+003,9.859413e-003
2.103510e+003,9.904439e-003
2.103991e+003,9.927993e-003
2.104474e+003,9.924488e-003
2.104956e+003,9.901238e-003
2.105438e+003,9.875299e-003
2.105920e+003,9.861477e-003
2.106402e+003,9.867333e-003
2.106884e+003,9.886527e-003
2.107366e+003,9.905943e-003
2.107849e+003,9.910679e-003
2.108331e+003,9.895645e-003
2.108813e+003,9.865842e-003
2.109295e+003,9.834751e-003
2.109777e+003,9.812624e-003
2.110259e+003,9.803487e-003
2.110741e+003,9.799365e-003
2.111223e+003,9.789229e-003
2.111706e+003,9.760561e-003
2.112188e+003,9.712853e-003
2.112670e+003,9.653665e-003
2.113152e+003,9.597139e-003
2.113634e+003,9.551277e-003
2.114116e+003,9.514315e-003
2.114598e+003,9.472450e-003
2.115080e+003,9.408479e-003
2.115563e+003,9.308509e-003
2.116045e+003,9.173661e-003
2.116527e+003,9.017453e-003
2.117009e+003,8.862688e-003
2.117491e+003,8.728704e-003
2.117973e+003,8.622585e-003
2.118455e+003,8.537118e-003
2.118938e+003,8.457289e-003
2.119420e+003,8.368500e-003
2.119902e+003,8.265645e-003
2.120384e+003,8.156518e-003
2.120866e+003,8.056425e-003
2.121348e+003,7.974876e-003
2.121830e+003,7.913007e-003
2.122312e+003,7.856221e-003
2.122794e+003,7.785509e-003
2.123277e+003,7.685186e-003
2.123759e+003,7.554252e-003
2.124241e+003,7.407663e-003
2.124723e+003,7.269691e-003
2.125205e+003,7.159138e-003
2.125687e+003,7.081194e-003
2.126169e+003,7.020900e-003
2.126651e+003,6.955396e-003
2.127134e+003,6.859619e-003
2.127616e+003,6.725248e-003
2.128098e+003,6.561150e-003
2.128580e+003,6.387492e-003
2.129062e+003,6.221882e-003
2.129544e+003,6.070574e-003
2.130026e+003,5.919223e-003
2.130509e+003,5.749075e-003
2.130990e+003,5.544573e-003
2.131473e+003,5.317220e-003
2.131955e+003,5.104595e-003
2.132437e+003,4.966083e-003
2.132919e+003,4.955126e-003
2.133401e+003,5.097610e-003
2.133883e+003,5.378204e-003
2.134365e+003,5.745393e-003
2.134848e+003,6.125852e-003
2.135330e+003,6.458828e-003
2.135812e+003,6.709098e-003
2.136294e+003,6.879819e-003
2.136776e+003,6.995501e-003
2.137258e+003,7.086487e-003
2.137740e+003,7.166815e-003
2.138222e+003,7.233263e-003
2.138705e+003,7.265605e-003
2.139187e+003,7.247239e-003
2.139669e+003,7.171210e-003
2.140151e+003,7.048776e-003
2.140633e+003,6.897937e-003
2.141115e+003,6.738049e-003
2.141597e+003,6.580688e-003
2.142079e+003,6.434505e-003
2.142562e+003,6.309434e-003
2.143044e+003,6.232789e-003
2.143526e+003,6.244201e-003
2.144008e+003,6.385147e-003
2.144490e+003,6.679103e-003
2.144972e+003,7.112208e-003
2.145454e+003,7.631279e-003
2.145937e+003,8.160053e-003
2.146418e+003,8.618582e-003
2.146901e+003,8.952923e-003
2.147383e+003,9.141803e-003
2.147865e+003,9.200991e-003
2.148347e+003,9.160860e-003
2.148829e+003,9.045579e-003
2.149311e+003,8.856422e-003
2.149793e+003,8.582097e-003
2.150276e+003,8.205445e-003
2.150758e+003,7.730762e-003
2.151240e+003,7.188010e-003
2.151722e+003,6.641167e-003
2.152204e+003,6.145578e-003
2.152686e+003,5.739376e-003
2.153168e+003,5.418987e-003
2.153650e+003,5.156039e-003
2.154133e+003,4.912348e-003
2.154615e+003,4.676646e-003
2.155097e+003,4.479140e-003
2.155579e+003,4.394171e-003
2.156061e+003,4.508494e-003
2.156543e+003,4.900677e-003
2.157025e+003,5.611305e-003
2.157507e+003,6.638144e-003
2.157990e+003,7.931320e-003
2.158472e+003,9.414590e-003
2.158954e+003,1.098533e-002
2.159436e+003,1.251799e-002
2.159918e+003,1.388611e-002
2.160400e+003,1.498397e-002
2.160882e+003,1.574204e-002
2.161365e+003,1.615420e-002
2.161846e+003,1.626246e-002
2.162329e+003,1.616439e-002
2.162811e+003,1.598065e-002
2.163293e+003,1.583294e-002
2.163775e+003,1.579162e-002
2.164257e+003,1.586836e-002
2.164739e+003,1.600599e-002
2.165221e+003,1.611975e-002
2.165704e+003,1.612086e-002
2.166186e+003,1.596200e-002
2.166668e+003,1.564600e-002
2.167150e+003,1.522284e-002
2.167632e+003,1.475954e-002
2.168114e+003,1.431415e-002
2.168596e+003,1.391624e-002
2.169078e+003,1.357621e-002
2.169561e+003,1.328602e-002
2.170043e+003,1.304522e-002
2.170525e+003,1.285621e-002
2.171007e+003,1.272366e-002
2.171489e+003,1.263716e-002
2.171971e+003,1.256732e-002
2.172453e+003,1.247244e-002
2.172935e+003,1.231938e-002
2.173417e+003,1.209830e-002
2.173900e+003,1.184573e-002
2.174382e+003,1.162879e-002
2.174864e+003,1.152581e-002
2.175346e+003,1.158170e-002
2.175828e+003,1.178616e-002
2.176310e+003,1.207065e-002
2.176792e+003,1.233168e-002
2.177274e+003,1.247066e-002
2.177757e+003,1.243445e-002
2.178239e+003,1.222559e-002
2.178721e+003,1.190666e-002
2.179203e+003,1.156569e-002
2.179685e+003,1.128630e-002
2.180167e+003,1.112119e-002
2.180649e+003,1.109470e-002
2.181132e+003,1.119806e-002
2.181614e+003,1.141364e-002
2.182096e+003,1.172011e-002
2.182578e+003,1.209428e-002
2.183060e+003,1.250064e-002
2.183542e+003,1.289958e-002
2.184024e+003,1.323971e-002
2.184506e+003,1.348216e-002
2.184989e+003,1.360712e-002
2.185471e+003,1.362540e-002
2.185953e+003,1.356874e-002
2.186435e+003,1.347981e-002
2.186917e+003,1.338885e-002
2.187399e+003,1.329809e-002
2.187881e+003,1.318921e-002
2.188363e+003,1.303832e-002
2.188845e+003,1.282799e-002
2.189328e+003,1.257387e-002
2.189810e+003,1.231361e-002
2.190292e+003,1.209947e-002
2.190774e+003,1.196437e-002
2.191256e+003,1.191642e-002
2.191738e+003,1.192478e-002
2.192220e+003,1.194755e-002
2.192702e+003,1.194385e-002
2.193185e+003,1.190027e-002
2.193667e+003,1.182877e-002
2.194149e+003,1.176277e-002
2.194631e+003,1.173039e-002
2.195113e+003,1.173885e-002
2.195595e+003,1.177266e-002
2.196077e+003,1.180287e-002
2.196560e+003,1.180384e-002
2.197042e+003,1.177245e-002
2.197524e+003,1.172587e-002
2.198006e+003,1.169682e-002
2.198488e+003,1.170808e-002
2.198970e+003,1.176125e-002
2.199452e+003,1.182964e-002
2.199934e+003,1.187674e-002
2.200417e+003,1.186805e-002
2.200899e+003,1.179548e-002
2.201381e+003,1.167579e-002
2.201863e+003,1.154616e-002
2.202345e+003,1.143739e-002
2.202827e+003,1.136300e-002
2.203309e+003,1.130905e-002
2.203791e+003,1.124591e-002
2.204273e+003,1.114447e-002
2.204756e+003,1.099718e-002
2.205238e+003,1.082502e-002
2.205720e+003,1.066752e-002
2.206202e+003,1.056505e-002
2.206684e+003,1.054007e-002
2.207166e+003,1.058586e-002
2.207648e+003,1.067426e-002
2.208130e+003,1.076664e-002
2.208613e+003,1.083308e-002
2.209095e+003,1.086009e-002
2.209577e+003,1.085099e-002
2.210059e+003,1.081536e-002
2.210541e+003,1.076143e-002
2.211023e+003,1.068977e-002
2.211505e+003,1.060341e-002
2.211988e+003,1.050835e-002
2.212469e+003,1.042726e-002
2.212952e+003,1.039299e-002
2.213434e+003,1.043818e-002
2.213916e+003,1.057706e-002
2.214398e+003,1.079452e-002
2.214880e+003,1.104524e-002
2.215362e+003,1.127309e-002
2.215844e+003,1.142376e-002
2.216327e+003,1.147046e-002
2.216809e+003,1.141498e-002
2.217291e+003,1.128640e-002
2.217773e+003,1.112158e-002
2.218255e+003,1.095137e-002
2.218737e+003,1.078795e-002
2.219219e+003,1.063348e-002
2.219701e+003,1.048135e-002
2.220184e+003,1.033914e-002
2.220666e+003,1.022396e-002
2.221148e+003,1.016080e-002
2.221630e+003,1.016903e-002
2.222112e+003,1.024937e-002
2.222594e+003,1.038133e-002
2.223076e+003,1.053474e-002
2.223558e+003,1.067364e-002
2.224041e+003,1.078184e-002
2.224523e+003,1.085737e-002
2.225005e+003,1.091698e-002
2.225487e+003,1.097573e-002
2.225969e+003,1.104294e-002
2.226451e+003,1.111003e-002
2.226933e+003,1.116319e-002
2.227416e+003,1.118658e-002
2.227897e+003,1.117840e-002
2.228380e+003,1.115109e-002
2.228862e+003,1.112773e-002
2.229344e+003,1.112738e-002
2.229826e+003,1.115609e-002
2.230308e+003,1.120096e-002
2.230790e+003,1.123823e-002
2.231272e+003,1.124245e-002
2.231755e+003,1.120494e-002
2.232237e+003,1.113299e-002
2.232719e+003,1.104971e-002
2.233201e+003,1.098137e-002
2.233683e+003,1.094340e-002
2.234165e+003,1.093603e-002
2.234647e+003,1.094730e-002
2.235129e+003,1.095895e-002
2.235612e+003,1.096266e-002
2.236094e+003,1.096308e-002
2.236576e+003,1.097601e-002
2.237058e+003,1.101803e-002
2.237540e+003,1.109757e-002
2.238022e+003,1.120947e-002
2.238504e+003,1.133697e-002
2.238986e+003,1.145869e-002
2.239469e+003,1.156139e-002
2.239951e+003,1.164125e-002
2.240433e+003,1.170656e-002
2.240915e+003,1.176665e-002
2.241397e+003,1.182458e-002
2.241879e+003,1.187224e-002
2.242361e+003,1.189735e-002
2.242844e+003,1.188238e-002
2.243326e+003,1.182272e-002
2.243808e+003,1.172675e-002
2.244290e+003,1.161714e-002
2.244772e+003,1.152043e-002
2.245254e+003,1.146171e-002
2.245736e+003,1.145069e-002
2.246218e+003,1.148553e-002
2.246700e+003,1.155406e-002
2.247183e+003,1.164010e-002
2.247665e+003,1.172859e-002
2.248147e+003,1.180801e-002
2.248629e+003,1.186892e-002
2.249111e+003,1.190148e-002
2.249593e+003,1.189807e-002
2.250075e+003,1.185474e-002
2.250557e+003,1.177358e-002
2.251040e+003,1.166823e-002
2.251522e+003,1.156224e-002
2.252004e+003,1.148250e-002
2.252486e+003,1.144961e-002
2.252968e+003,1.147299e-002
2.253450e+003,1.154525e-002
2.253932e+003,1.165042e-002
2.254415e+003,1.176442e-002
2.254896e+003,1.187046e-002
2.255379e+003,1.195810e-002
2.255861e+003,1.202633e-002
2.256343e+003,1.207863e-002
2.256825e+003,1.211551e-002
2.257307e+003,1.213695e-002
2.257789e+003,1.213879e-002
2.258271e+003,1.211691e-002
2.258754e+003,1.207418e-002
2.259236e+003,1.201530e-002
2.259718e+003,1.195177e-002
2.260200e+003,1.189080e-002
2.260682e+003,1.183685e-002
2.261164e+003,1.178751e-002
2.261646e+003,1.173982e-002
2.262128e+003,1.168968e-002
2.262611e+003,1.164058e-002
2.263093e+003,1.160034e-002
2.263575e+003,1.158066e-002
2.264057e+003,1.159079e-002
2.264539e+003,1.163448e-002
2.265021e+003,1.170835e-002
2.265503e+003,1.180512e-002
2.265985e+003,1.191485e-002
2.266468e+003,1.203012e-002
2.266950e+003,1.214507e-002
2.267432e+003,1.225384e-002
2.267914e+003,1.234783e-002
2.268396e+003,1.241462e-002
2.268878e+003,1.244230e-002
2.269360e+003,1.242515e-002
2.269843e+003,1.236411e-002
2.270324e+003,1.227488e-002
2.270807e+003,1.217944e-002
2.271289e+003,1.210249e-002
2.271771e+003,1.206101e-002
2.272253e+003,1.206144e-002
2.272735e+003,1.209716e-002
2.273217e+003,1.215539e-002
2.273699e+003,1.222188e-002
2.274182e+003,1.228948e-002
2.274664e+003,1.235733e-002
2.275146e+003,1.242949e-002
2.275628e+003,1.250879e-002
2.276110e+003,1.259600e-002
2.276592e+003,1.268699e-002
2.277074e+003,1.277581e-002
2.277556e+003,1.285970e-002
2.278039e+003,1.294019e-002
2.278521e+003,1.302486e-002
2.279003e+003,1.311974e-002
2.279485e+003,1.322722e-002
2.279967e+003,1.334356e-002
2.280449e+003,1.345737e-002
2.280931e+003,1.355835e-002
2.281413e+003,1.363816e-002
2.281896e+003,1.369930e-002
2.282378e+003,1.375066e-002
2.282860e+003,1.380449e-002
2.283342e+003,1.386963e-002
2.283824e+003,1.394684e-002
2.284306e+003,1.402601e-002
2.284788e+003,1.409186e-002
2.285271e+003,1.412778e-002
2.285752e+003,1.412469e-002
2.286235e+003,1.408142e-002
2.286717e+003,1.400662e-002
2.287199e+003,1.391419e-002
2.287681e+003,1.381797e-002
2.288163e+003,1.372817e-002
2.288645e+003,1.365172e-002
2.289127e+003,1.359085e-002
2.289610e+003,1.354495e-002
2.290092e+003,1.351312e-002
2.290574e+003,1.349234e-002
2.291056e+003,1.347640e-002
2.291538e+003,1.345862e-002
2.292020e+003,1.342988e-002
2.292502e+003,1.338475e-002
2.292984e+003,1.332111e-002
2.293467e+003,1.324428e-002
2.293949e+003,1.316165e-002
2.294431e+003,1.308407e-002
2.294913e+003,1.301725e-002
2.295395e+003,1.296304e-002
2.295877e+003,1.291660e-002
2.296359e+003,1.287160e-002
2.296841e+003,1.282296e-002
2.297323e+003,1.277098e-002
2.297806e+003,1.272014e-002
2.298288e+003,1.267908e-002
2.298770e+003,1.265451e-002
2.299252e+003,1.264968e-002
2.299734e+003,1.266183e-002
2.300216e+003,1.268463e-002
2.300698e+003,1.271006e-002
2.301180e+003,1.273281e-002
2.301663e+003,1.274953e-002
2.302145e+003,1.276101e-002
2.302627e+003,1.276870e-002
2.303109e+003,1.277362e-002
2.303591e+003,1.277629e-002
2.304073e+003,1.277773e-002
2.304555e+003,1.278002e-002
2.305038e+003,1.278726e-002
2.305520e+003,1.280509e-002
2.306002e+003,1.283641e-002
2.306484e+003,1.288058e-002
2.306966e+003,1.293175e-002
2.307448e+003,1.298069e-002
2.307930e+003,1.301873e-002
2.308412e+003,1.304120e-002
2.308895e+003,1.304974e-002
2.309377e+003,1.305107e-002
2.309859e+003,1.305558e-002
2.310341e+003,1.306986e-002
2.310823e+003,1.309671e-002
2.311305e+003,1.313226e-002
2.311787e+003,1.317194e-002
2.312269e+003,1.321032e-002
2.312751e+003,1.324701e-002
2.313234e+003,1.328542e-002
2.313716e+003,1.333099e-002
2.314198e+003,1.338739e-002
2.314680e+003,1.345399e-002
2.315162e+003,1.352661e-002
2.315644e+003,1.360113e-002
2.316126e+003,1.367490e-002
2.316608e+003,1.374980e-002
2.317091e+003,1.383143e-002
2.317573e+003,1.392579e-002
2.318055e+003,1.403461e-002
2.318537e+003,1.415571e-002
2.319019e+003,1.428194e-002
2.319501e+003,1.440995e-002
2.319983e+003,1.454115e-002
2.320466e+003,1.468709e-002
2.320948e+003,1.486175e-002
2.321430e+003,1.507562e-002
2.321912e+003,1.532259e-002
2.322394e+003,1.557519e-002
2.322876e+003,1.578722e-002
2.323358e+003,1.590584e-002
2.323840e+003,1.588661e-002
2.324323e+003,1.570896e-002
2.324805e+003,1.538117e-002
2.325287e+003,1.493762e-002
2.325769e+003,1.442810e-002
2.326251e+003,1.390604e-002
2.326733e+003,1.341764e-002
2.327215e+003,1.299487e-002
2.327697e+003,1.265419e-002
2.328179e+003,1.239735e-002
2.328662e+003,1.221599e-002
2.329144e+003,1.209534e-002
2.329626e+003,1.201778e-002
2.330108e+003,1.196565e-002
2.330590e+003,1.192406e-002
2.331072e+003,1.188331e-002
2.331554e+003,1.183816e-002
2.332036e+003,1.179152e-002
2.332519e+003,1.174978e-002
2.333001e+003,1.172132e-002
2.333483e+003,1.171076e-002
2.333965e+003,1.171779e-002
2.334447e+003,1.173547e-002
2.334929e+003,1.175542e-002
2.335411e+003,1.176842e-002
2.335894e+003,1.177140e-002
2.336375e+003,1.176701e-002
2.336858e+003,1.176302e-002
2.337340e+003,1.176725e-002
2.337822e+003,1.178402e-002
2.338304e+003,1.181247e-002
2.338786e+003,1.184697e-002
2.339268e+003,1.188000e-002
2.339750e+003,1.190770e-002
2.340233e+003,1.193024e-002
2.340715e+003,1.195193e-002
2.341197e+003,1.197613e-002
2.341679e+003,1.200450e-002
2.342161e+003,1.203383e-002
2.342643e+003,1.205853e-002
2.343125e+003,1.207249e-002
2.343607e+003,1.207529e-002
2.344090e+003,1.207038e-002
2.344572e+003,1.206563e-002
2.345054e+003,1.206685e-002
2.345536e+003,1.207563e-002
2.346018e+003,1.208629e-002
2.346500e+003,1.209137e-002
2.346982e+003,1.208276e-002
2.347464e+003,1.205636e-002
2.347947e+003,1.201215e-002
2.348429e+003,1.195352e-002
2.348911e+003,1.188353e-002
2.349393e+003,1.180446e-002
2.349875e+003,1.171567e-002
2.350357e+003,1.161528e-002
2.350839e+003,1.149981e-002
2.351322e+003,1.136831e-002
2.351803e+003,1.122314e-002
2.352286e+003,1.107069e-002
2.352768e+003,1.091851e-002
2.353250e+003,1.077346e-002
2.353732e+003,1.063980e-002
2.354214e+003,1.051942e-002
2.354696e+003,1.041398e-002
2.355178e+003,1.032853e-002
2.355661e+003,1.027128e-002
2.356143e+003,1.025075e-002
2.356625e+003,1.027138e-002
2.357107e+003,1.032784e-002
2.357589e+003,1.040578e-002
2.358071e+003,1.048455e-002
2.358553e+003,1.054173e-002
2.359035e+003,1.056284e-002
2.359518e+003,1.054154e-002
2.360000e+003,1.048215e-002
2.360482e+003,1.039200e-002
2.360964e+003,1.027915e-002
2.361446e+003,1.014833e-002
2.361928e+003,1.000300e-002
2.362410e+003,9.847757e-003
2.362892e+003,9.693426e-003
2.363375e+003,9.555573e-003
2.363857e+003,9.450957e-003
2.364339e+003,9.390348e-003
2.364821e+003,9.373441e-003
2.365303e+003,9.388087e-003
2.365785e+003,9.415474e-003
2.366267e+003,9.436619e-003
2.366750e+003,9.441232e-003
2.367232e+003,9.431124e-003
2.367714e+003,9.416816e-003
2.368196e+003,9.413902e-003
2.368678e+003,9.434748e-003
2.369160e+003,9.483333e-003
2.369642e+003,9.556266e-003
2.370124e+003,9.643343e-003
2.370606e+003,9.733317e-003
2.371089e+003,9.816433e-003
2.371571e+003,9.887611e-003
2.372053e+003,9.943425e-003
2.372535e+003,9.983149e-003
2.373017e+003,1.000606e-002
2.373499e+003,1.001444e-002
2.373981e+003,1.001036e-002
2.374463e+003,9.999286e-003
2.374946e+003,9.988525e-003
2.375428e+003,9.984910e-003
2.375910e+003,9.992659e-003
2.376392e+003,1.001202e-002
2.376874e+003,1.003886e-002
2.377356e+003,1.006754e-002
2.377838e+003,1.009314e-002
2.378321e+003,1.011293e-002
2.378802e+003,1.012740e-002
2.379285e+003,1.013980e-002
2.379767e+003,1.015181e-002
2.380249e+003,1.016470e-002
2.380731e+003,1.017703e-002
2.381213e+003,1.018650e-002
2.381695e+003,1.019135e-002
2.382177e+003,1.019198e-002
2.382660e+003,1.019141e-002
2.383142e+003,1.019411e-002
2.383624e+003,1.020407e-002
2.384106e+003,1.022241e-002
2.384588e+003,1.024802e-002
2.385070e+003,1.027595e-002
2.385552e+003,1.030134e-002
2.386034e+003,1.032051e-002
2.386517e+003,1.033170e-002
2.386999e+003,1.033586e-002
2.387481e+003,1.033539e-002
2.387963e+003,1.033205e-002
2.388445e+003,1.032742e-002
2.388927e+003,1.032231e-002
2.389409e+003,1.031775e-002
2.389891e+003,1.031552e-002
2.390374e+003,1.031880e-002
2.390856e+003,1.033048e-002
2.391338e+003,1.035169e-002
2.391820e+003,1.038083e-002
2.392302e+003,1.041351e-002
2.392784e+003,1.044420e-002
2.393266e+003,1.046737e-002
2.393749e+003,1.048093e-002
2.394230e+003,1.048545e-002
2.394713e+003,1.048435e-002
2.395195e+003,1.048214e-002
2.395677e+003,1.048080e-002
2.396159e+003,1.048034e-002
2.396641e+003,1.047948e-002
2.397123e+003,1.047565e-002
2.397605e+003,1.046773e-002
2.398088e+003,1.045603e-002
2.398570e+003,1.044328e-002
2.399052e+003,1.043133e-002
2.399534e+003,1.042170e-002
2.400016e+003,1.041279e-002
2.400498e+003,1.040355e-002
2.400980e+003,1.039214e-002
2.401462e+003,1.037944e-002
2.401945e+003,1.036746e-002
2.402427e+003,1.035965e-002
2.402909e+003,1.035851e-002
2.403391e+003,1.036462e-002
2.403873e+003,1.037667e-002
2.404355e+003,1.039315e-002
2.404837e+003,1.041359e-002
2.405319e+003,1.043990e-002
2.405802e+003,1.047646e-002
2.406284e+003,1.052841e-002
2.406766e+003,1.059722e-002
2.407248e+003,1.068024e-002
2.407730e+003,1.077007e-002
2.408212e+003,1.085688e-002
2.408694e+003,1.093140e-002
2.409177e+003,1.098949e-002
2.409658e+003,1.103122e-002
2.410141e+003,1.106256e-002
2.410623e+003,1.108980e-002
2.411105e+003,1.111761e-002
2.411587e+003,1.114754e-002
2.412069e+003,1.117755e-002
2.412551e+003,1.120475e-002
2.413033e+003,1.122720e-002
2.413516e+003,1.124569e-002
2.413998e+003,1.126338e-002
2.414480e+003,1.128350e-002
2.414962e+003,1.130791e-002
2.415444e+003,1.133460e-002
2.415926e+003,1.136017e-002
2.416408e+003,1.137870e-002
2.416890e+003,1.138761e-002
2.417373e+003,1.138600e-002
2.417855e+003,1.137523e-002
2.418337e+003,1.135855e-002
2.418819e+003,1.133707e-002
2.419301e+003,1.131146e-002
2.419783e+003,1.128137e-002
2.420265e+003,1.124658e-002
2.420747e+003,1.120983e-002
2.421229e+003,1.117606e-002
2.421712e+003,1.115127e-002
2.422194e+003,1.114011e-002
2.422676e+003,1.114225e-002
2.423158e+003,1.115388e-002
2.423640e+003,1.116738e-002
2.424122e+003,1.117569e-002
2.424604e+003,1.117507e-002
2.425086e+003,1.116625e-002
2.425569e+003,1.115474e-002
2.426051e+003,1.114729e-002
2.426533e+003,1.114861e-002
2.427015e+003,1.115985e-002
2.427497e+003,1.117849e-002
2.427979e+003,1.119981e-002
2.428461e+003,1.121977e-002
2.428944e+003,1.123745e-002
2.429426e+003,1.125416e-002
2.429908e+003,1.127283e-002
2.430390e+003,1.129477e-002
2.430872e+003,1.131785e-002
2.431354e+003,1.133817e-002
2.431836e+003,1.134995e-002
2.432318e+003,1.134959e-002
2.432801e+003,1.133750e-002
2.433283e+003,1.131774e-002
2.433765e+003,1.129749e-002
2.434247e+003,1.128334e-002
2.434729e+003,1.128052e-002
2.435211e+003,1.129083e-002
2.435693e+003,1.131183e-002
2.436175e+003,1.134083e-002
2.436657e+003,1.137457e-002
2.437140e+003,1.141062e-002
2.437622e+003,1.144667e-002
2.438104e+003,1.148087e-002
2.438586e+003,1.151050e-002
2.439068e+003,1.153312e-002
2.439550e+003,1.154586e-002
2.440032e+003,1.154814e-002
2.440514e+003,1.154053e-002
2.440997e+003,1.152540e-002
2.441479e+003,1.150592e-002
2.441961e+003,1.148439e-002
2.442443e+003,1.146244e-002
2.442925e+003,1.144081e-002
2.443407e+003,1.142097e-002
2.443889e+003,1.140448e-002
2.444372e+003,1.139372e-002
2.444854e+003,1.139113e-002
2.445336e+003,1.139813e-002
2.445818e+003,1.141487e-002
2.446300e+003,1.144056e-002
2.446782e+003,1.147469e-002
2.447264e+003,1.151736e-002
2.447746e+003,1.157014e-002
2.448229e+003,1.163458e-002
2.448711e+003,1.170971e-002
2.449193e+003,1.179128e-002
2.449675e+003,1.187125e-002
2.450157e+003,1.193968e-002
2.450639e+003,1.198842e-002
2.451121e+003,1.201369e-002
2.451604e+003,1.201836e-002
2.452085e+003,1.201037e-002
2.452568e+003,1.200048e-002
2.453050e+003,1.199734e-002
2.453532e+003,1.200430e-002
2.454014e+003,1.201866e-002
2.454496e+003,1.203369e-002
2.454978e+003,1.204313e-002
2.455460e+003,1.204352e-002
2.455943e+003,1.203634e-002
2.456425e+003,1.202668e-002
2.456907e+003,1.201908e-002
2.457389e+003,1.201534e-002
2.457871e+003,1.201235e-002
2.458353e+003,1.200358e-002
2.458835e+003,1.198204e-002
2.459317e+003,1.194451e-002
2.459800e+003,1.189270e-002
2.460282e+003,1.183404e-002
2.460764e+003,1.177815e-002
2.461246e+003,1.173387e-002
2.461728e+003,1.170599e-002
2.462210e+003,1.169434e-002
2.462692e+003,1.169523e-002
2.463174e+003,1.170396e-002
2.463656e+003,1.171689e-002
2.464139e+003,1.173306e-002
2.464621e+003,1.175195e-002
2.465103e+003,1.177415e-002
2.465585e+003,1.179809e-002
2.466067e+003,1.182303e-002
2.466549e+003,1.184518e-002
2.467031e+003,1.186402e-002
2.467513e+003,1.187982e-002
2.467996e+003,1.189487e-002
2.468478e+003,1.191184e-002
2.468960e+003,1.193253e-002
2.469442e+003,1.195645e-002
2.469924e+003,1.198221e-002
2.470406e+003,1.200673e-002
2.470888e+003,1.202861e-002
2.471371e+003,1.204702e-002
2.471853e+003,1.206304e-002
2.472335e+003,1.207690e-002
2.472817e+003,1.208796e-002
2.473299e+003,1.209446e-002
2.473781e+003,1.209367e-002
2.474263e+003,1.208425e-002
2.474745e+003,1.206820e-002
2.475228e+003,1.205031e-002
2.475710e+003,1.203715e-002
2.476192e+003,1.203526e-002
2.476674e+003,1.204906e-002
2.477156e+003,1.207846e-002
2.477638e+003,1.212075e-002
2.478120e+003,1.216994e-002
2.478602e+003,1.222182e-002
2.479084e+003,1.227180e-002
2.479567e+003,1.231897e-002
2.480049e+003,1.236110e-002
2.480531e+003,1.239792e-002
2.481013e+003,1.242745e-002
2.481495e+003,1.244832e-002
2.481977e+003,1.246006e-002
2.482459e+003,1.246506e-002
2.482941e+003,1.246698e-002
2.483424e+003,1.247123e-002
2.483906e+003,1.248073e-002
2.484388e+003,1.249573e-002
2.484870e+003,1.251356e-002
2.485352e+003,1.252915e-002
2.485834e+003,1.253817e-002
2.486316e+003,1.253885e-002
2.486799e+003,1.253286e-002
2.487281e+003,1.252545e-002
2.487763e+003,1.252238e-002
2.488245e+003,1.252672e-002
2.488727e+003,1.253966e-002
2.489209e+003,1.255903e-002
2.489691e+003,1.258133e-002
2.490173e+003,1.260429e-002
2.490656e+003,1.262719e-002
2.491138e+003,1.265202e-002
2.491620e+003,1.267978e-002
2.492102e+003,1.271239e-002
2.492584e+003,1.274769e-002
2.493066e+003,1.278384e-002
2.493548e+003,1.281792e-002
2.494030e+003,1.284883e-002
2.494512e+003,1.287715e-002
2.494995e+003,1.290549e-002
2.495477e+003,1.293510e-002
2.495959e+003,1.296522e-002
2.496441e+003,1.299233e-002
2.496923e+003,1.301142e-002
2.497405e+003,1.301754e-002
2.497887e+003,1.300815e-002
2.498370e+003,1.298578e-002
2.498852e+003,1.295510e-002
2.499334e+003,1.292224e-002
2.499816e+003,1.289179e-002
2.500298e+003,1.286586e-002
2.500780e+003,1.284377e-002
2.501262e+003,1.282302e-002
2.501744e+003,1.280318e-002
2.502227e+003,1.278526e-002
2.502709e+003,1.277237e-002
2.503191e+003,1.276895e-002
2.503673e+003,1.277620e-002
2.504155e+003,1.279352e-002
2.504637e+003,1.281681e-002
2.505119e+003,1.284010e-002
2.505601e+003,1.285929e-002
2.506083e+003,1.287227e-002
2.506566e+003,1.288096e-002
2.507048e+003,1.288899e-002
2.507530e+003,1.290114e-002
2.508012e+003,1.291968e-002
2.508494e+003,1.294597e-002
2.508976e+003,1.297832e-002
2.509458e+003,1.301489e-002
2.509940e+003,1.305215e-002
2.510423e+003,1.308909e-002
2.510905e+003,1.312402e-002
2.511387e+003,1.315560e-002
2.511869e+003,1.318180e-002
2.512351e+003,1.320177e-002
2.512833e+003,1.321450e-002
2.513315e+003,1.322209e-002
2.513798e+003,1.322758e-002
2.514280e+003,1.323526e-002
2.514762e+003,1.324969e-002
2.515244e+003,1.327323e-002
2.515726e+003,1.330523e-002
2.516208e+003,1.334373e-002
2.516690e+003,1.338494e-002
2.517172e+003,1.342584e-002
2.517655e+003,1.346447e-002
2.518137e+003,1.350143e-002
2.518619e+003,1.353807e-002
2.519101e+003,1.357547e-002
2.519583e+003,1.361425e-002
2.520065e+003,1.365406e-002
2.520547e+003,1.369464e-002
2.521029e+003,1.373532e-002
2.521511e+003,1.377636e-002
2.521994e+003,1.381767e-002
2.522476e+003,1.385738e-002
2.522958e+003,1.389254e-002
2.523440e+003,1.391942e-002
2.523922e+003,1.393274e-002
2.524404e+003,1.392948e-002
2.524886e+003,1.390952e-002
2.525368e+003,1.387667e-002
2.525851e+003,1.383761e-002
2.526333e+003,1.380143e-002
2.526815e+003,1.377600e-002
2.527297e+003,1.376752e-002
2.527779e+003,1.377922e-002
2.528261e+003,1.381035e-002
2.528743e+003,1.385872e-002
2.529226e+003,1.391933e-002
2.529708e+003,1.398642e-002
2.530190e+003,1.405387e-002
2.530672e+003,1.411608e-002
2.531154e+003,1.416907e-002
2.531636e+003,1.421094e-002
2.532118e+003,1.424220e-002
2.532600e+003,1.426514e-002
2.533083e+003,1.428249e-002
2.533565e+003,1.429660e-002
2.534047e+003,1.430732e-002
2.534529e+003,1.431319e-002
2.535011e+003,1.431284e-002
2.535493e+003,1.430621e-002
2.535975e+003,1.429675e-002
2.536457e+003,1.429053e-002
2.536939e+003,1.429546e-002
2.537422e+003,1.431734e-002
2.537904e+003,1.435815e-002
2.538386e+003,1.441379e-002
2.538868e+003,1.447619e-002
2.539350e+003,1.453640e-002
2.539832e+003,1.458631e-002
2.540314e+003,1.462422e-002
2.540796e+003,1.465251e-002
2.541279e+003,1.467696e-002
2.541761e+003,1.470296e-002
2.542243e+003,1.473290e-002
2.542725e+003,1.476549e-002
2.543207e+003,1.479707e-002
2.543689e+003,1.482259e-002
2.544171e+003,1.484078e-002
2.544654e+003,1.485325e-002
2.545135e+003,1.486564e-002
2.545618e+003,1.488282e-002
2.546100e+003,1.490881e-002
2.546582e+003,1.494370e-002
2.547064e+003,1.498503e-002
2.547546e+003,1.502885e-002
2.548028e+003,1.507157e-002
2.548510e+003,1.511243e-002
2.548993e+003,1.515288e-002
2.549475e+003,1.519583e-002
2.549957e+003,1.524221e-002
2.550439e+003,1.529162e-002
2.550921e+003,1.534130e-002
2.551403e+003,1.538706e-002
2.551885e+003,1.542487e-002
2.552367e+003,1.545230e-002
2.552850e+003,1.546792e-002
2.553332e+003,1.547256e-002
2.553814e+003,1.546673e-002
2.554296e+003,1.545171e-002
2.554778e+003,1.543059e-002
2.555260e+003,1.540620e-002
2.555742e+003,1.538567e-002
2.556224e+003,1.537500e-002
2.556707e+003,1.538091e-002
2.557189e+003,1.540563e-002
2.557671e+003,1.544669e-002
2.558153e+003,1.549687e-002
2.558635e+003,1.554759e-002
2.559117e+003,1.558939e-002
2.559599e+003,1.561744e-002
2.560082e+003,1.563200e-002
2.560563e+003,1.563873e-002
2.561046e+003,1.564511e-002
2.561528e+003,1.565839e-002
2.562010e+003,1.568225e-002
2.562492e+003,1.571664e-002
2.562974e+003,1.575835e-002
2.563456e+003,1.580250e-002
2.563938e+003,1.584562e-002
2.564421e+003,1.588636e-002
2.564903e+003,1.592512e-002
2.565385e+003,1.596295e-002
2.565867e+003,1.600157e-002
2.566349e+003,1.604089e-002
2.566831e+003,1.608040e-002
2.567313e+003,1.611872e-002
2.567795e+003,1.615481e-002
2.568278e+003,1.618798e-002
2.568760e+003,1.621744e-002
2.569242e+003,1.624286e-002
2.569724e+003,1.626335e-002
2.570206e+003,1.627989e-002
2.570688e+003,1.629504e-002
2.571170e+003,1.631262e-002
2.571652e+003,1.633773e-002
2.572135e+003,1.637659e-002
2.572617e+003,1.643252e-002
2.573099e+003,1.650429e-002
2.573581e+003,1.658796e-002
2.574063e+003,1.667573e-002
2.574545e+003,1.675895e-002
2.575027e+003,1.682973e-002
2.575510e+003,1.688495e-002
2.575991e+003,1.692442e-002
2.576474e+003,1.695168e-002
2.576956e+003,1.697097e-002
2.577438e+003,1.698837e-002
2.577920e+003,1.700733e-002
2.578402e+003,1.703038e-002
2.578884e+003,1.705959e-002
2.579366e+003,1.709419e-002
2.579849e+003,1.713445e-002
2.580331e+003,1.717811e-002
2.580813e+003,1.722274e-002
2.581295e+003,1.726461e-002
2.581777e+003,1.730119e-002
2.582259e+003,1.733005e-002
2.582741e+003,1.735111e-002
2.583223e+003,1.736625e-002
2.583706e+003,1.737915e-002
2.584188e+003,1.739387e-002
2.584670e+003,1.741355e-002
2.585152e+003,1.744081e-002
2.585634e+003,1.747617e-002
2.586116e+003,1.751973e-002
2.586598e+003,1.757157e-002
2.587080e+003,1.763144e-002
2.587563e+003,1.769901e-002
2.588045e+003,1.777321e-002
2.588527e+003,1.785173e-002
2.589009e+003,1.793132e-002
2.589491e+003,1.800928e-002
2.589973e+003,1.808275e-002
2.590455e+003,1.815145e-002
2.590938e+003,1.821642e-002
2.591419e+003,1.827976e-002
2.591902e+003,1.834339e-002
2.592384e+003,1.840862e-002
2.592866e+003,1.847501e-002
2.593348e+003,1.854056e-002
2.593830e+003,1.860315e-002
2.594312e+003,1.866219e-002
2.594794e+003,1.871724e-002
2.595277e+003,1.876915e-002
2.595759e+003,1.881969e-002
2.596241e+003,1.886972e-002
2.596723e+003,1.891898e-002
2.597205e+003,1.896757e-002
2.597687e+003,1.901485e-002
2.598169e+003,1.906146e-002
2.598651e+003,1.910905e-002
2.599134e+003,1.915998e-002
2.599616e+003,1.921689e-002
2.600098e+003,1.928118e-002
2.600580e+003,1.935321e-002
2.601062e+003,1.943150e-002
2.601544e+003,1.951289e-002
2.602026e+003,1.959458e-002
2.602508e+003,1.967384e-002
2.602990e+003,1.974814e-002
2.603473e+003,1.981606e-002
2.603955e+003,1.987680e-002
2.604437e+003,1.993001e-002
2.604919e+003,1.997754e-002
2.605401e+003,2.002016e-002
2.605883e+003,2.006105e-002
2.606365e+003,2.010291e-002
2.606847e+003,2.014936e-002
2.607330e+003,2.020137e-002
2.607812e+003,2.026078e-002
2.608294e+003,2.032691e-002
2.608776e+003,2.040037e-002
2.609258e+003,2.048108e-002
2.609740e+003,2.056948e-002
2.610222e+003,2.066637e-002
2.610705e+003,2.077080e-002
2.611187e+003,2.088197e-002
2.611669e+003,2.099575e-002
2.612151e+003,2.110790e-002
2.612633e+003,2.121454e-002
2.613115e+003,2.131268e-002
2.613597e+003,2.140220e-002
2.614079e+003,2.148506e-002
2.614562e+003,2.156416e-002
2.615044e+003,2.164364e-002
2.615526e+003,2.172608e-002
2.616008e+003,2.181260e-002
2.616490e+003,2.190456e-002
2.616972e+003,2.200107e-002
2.617454e+003,2.210124e-002
2.617936e+003,2.220490e-002
2.618418e+003,2.231003e-002
2.618901e+003,2.241528e-002
2.619383e+003,2.251714e-002
2.619865e+003,2.261329e-002
2.620347e+003,2.270239e-002
2.620829e+003,2.278461e-002
2.621311e+003,2.286253e-002
2.621793e+003,2.294146e-002
2.622276e+003,2.302635e-002
2.622758e+003,2.312113e-002
2.623240e+003,2.322739e-002
2.623722e+003,2.334452e-002
2.624204e+003,2.346988e-002
2.624686e+003,2.359964e-002
2.625168e+003,2.373061e-002
2.625650e+003,2.386040e-002
2.626133e+003,2.398750e-002
2.626615e+003,2.411065e-002
2.627097e+003,2.422799e-002
2.627579e+003,2.433871e-002
2.628061e+003,2.444157e-002
2.628543e+003,2.453717e-002
2.629025e+003,2.462739e-002
2.629507e+003,2.471550e-002
2.629990e+003,2.480561e-002
2.630472e+003,2.489950e-002
2.630954e+003,2.499744e-002
2.631436e+003,2.509747e-002
2.631918e+003,2.519424e-002
2.632400e+003,2.528330e-002
2.632882e+003,2.536027e-002
2.633364e+003,2.542290e-002
2.633846e+003,2.547065e-002
2.634329e+003,2.550602e-002
2.634811e+003,2.553068e-002
2.635293e+003,2.554786e-002
2.635775e+003,2.556021e-002
2.636257e+003,2.557042e-002
2.636739e+003,2.558064e-002
2.637221e+003,2.559354e-002
2.637704e+003,2.561046e-002
2.638186e+003,2.563168e-002
2.638668e+003,2.565567e-002
2.639150e+003,2.567932e-002
2.639632e+003,2.569967e-002
2.640114e+003,2.571277e-002
2.640596e+003,2.571764e-002
2.641078e+003,2.571437e-002
2.641561e+003,2.570600e-002
2.642043e+003,2.569493e-002
2.642525e+003,2.568494e-002
2.643007e+003,2.567736e-002
2.643489e+003,2.567371e-002
2.643971e+003,2.567410e-002
2.644453e+003,2.567833e-002
2.644935e+003,2.568650e-002
2.645417e+003,2.569835e-002
2.645900e+003,2.571326e-002
2.646382e+003,2.573086e-002
2.646864e+003,2.575061e-002
2.647346e+003,2.577172e-002
2.647828e+003,2.579535e-002
2.648310e+003,2.582256e-002
2.648792e+003,2.585455e-002
2.649274e+003,2.589319e-002
2.649757e+003,2.593768e-002
2.650239e+003,2.598597e-002
2.650721e+003,2.603345e-002
2.651203e+003,2.607665e-002
2.651685e+003,2.611231e-002
2.652167e+003,2.614016e-002
2.652649e+003,2.616308e-002
2.653132e+003,2.618626e-002
2.653614e+003,2.621459e-002
2.654096e+003,2.625165e-002
2.654578e+003,2.629790e-002
2.655060e+003,2.635101e-002
2.655542e+003,2.640666e-002
2.656024e+003,2.645954e-002
2.656506e+003,2.650676e-002
2.656989e+003,2.654598e-002
2.657471e+003,2.657882e-002
2.657953e+003,2.660563e-002
2.658435e+003,2.662731e-002
2.658917e+003,2.664386e-002
2.659399e+003,2.665347e-002
2.659881e+003,2.665416e-002
2.660363e+003,2.664338e-002
2.660845e+003,2.662033e-002
2.661328e+003,2.658546e-002
2.661810e+003,2.654009e-002
2.662292e+003,2.648614e-002
2.662774e+003,2.642613e-002
2.663256e+003,2.636094e-002
2.663738e+003,2.629231e-002
2.664220e+003,2.622148e-002
2.664702e+003,2.614964e-002
2.665185e+003,2.607841e-002
2.665667e+003,2.600842e-002
2.666149e+003,2.594130e-002
2.666631e+003,2.587732e-002
2.667113e+003,2.581694e-002
2.667595e+003,2.576060e-002
2.668077e+003,2.570858e-002
2.668560e+003,2.566179e-002
2.669042e+003,2.562013e-002
2.669524e+003,2.558316e-002
2.670006e+003,2.555062e-002
2.670488e+003,2.552058e-002
2.670970e+003,2.549127e-002
2.671452e+003,2.546166e-002
2.671934e+003,2.543142e-002
2.672417e+003,2.540071e-002
2.672899e+003,2.536999e-002
2.673381e+003,2.534025e-002
2.673863e+003,2.531096e-002
2.674345e+003,2.528265e-002
2.674827e+003,2.525369e-002
2.675309e+003,2.522427e-002
2.675791e+003,2.519421e-002
2.676273e+003,2.516431e-002
2.676756e+003,2.513658e-002
2.677238e+003,2.511264e-002
2.677720e+003,2.509359e-002
2.678202e+003,2.508015e-002
2.678684e+003,2.507143e-002
2.679166e+003,2.506660e-002
2.679648e+003,2.506377e-002
2.680130e+003,2.506056e-002
2.680613e+003,2.505545e-002
2.681095e+003,2.504634e-002
2.681577e+003,2.503178e-002
2.682059e+003,2.501095e-002
2.682541e+003,2.498366e-002
2.683023e+003,2.495045e-002
2.683505e+003,2.491407e-002
2.683988e+003,2.487675e-002
2.684469e+003,2.484151e-002
2.684952e+003,2.481135e-002
2.685434e+003,2.478672e-002
2.685916e+003,2.476772e-002
2.686398e+003,2.475252e-002
2.686880e+003,2.473950e-002
2.687362e+003,2.472603e-002
2.687844e+003,2.471099e-002
2.688327e+003,2.469405e-002
2.688809e+003,2.467472e-002
2.689291e+003,2.465357e-002
2.689773e+003,2.463133e-002
2.690255e+003,2.460806e-002
2.690737e+003,2.458352e-002
2.691219e+003,2.455870e-002
2.691701e+003,2.453413e-002
2.692184e+003,2.451101e-002
2.692666e+003,2.449117e-002
2.693148e+003,2.447642e-002
2.693630e+003,2.446886e-002
2.694112e+003,2.446914e-002
2.694594e+003,2.447762e-002
2.695076e+003,2.449257e-002
2.695558e+003,2.451292e-002
2.696041e+003,2.453491e-002
2.696523e+003,2.455681e-002
2.697005e+003,2.457708e-002
2.697487e+003,2.459535e-002
2.697969e+003,2.461335e-002
2.698451e+003,2.463300e-002
2.698933e+003,2.465776e-002
2.699416e+003,2.468948e-002
2.699897e+003,2.472888e-002
2.700380e+003,2.477479e-002
2.700862e+003,2.482464e-002
2.701344e+003,2.487551e-002
2.701826e+003,2.492440e-002
2.702308e+003,2.496945e-002
2.702790e+003,2.501059e-002
2.703272e+003,2.504964e-002
2.703755e+003,2.508806e-002
2.704237e+003,2.512842e-002
2.704719e+003,2.517171e-002
2.705201e+003,2.521851e-002
2.705683e+003,2.526825e-002
2.706165e+003,2.531948e-002
2.706647e+003,2.537128e-002
2.707129e+003,2.542263e-002
2.707612e+003,2.547254e-002
2.708094e+003,2.552073e-002
2.708576e+003,2.556672e-002
2.709058e+003,2.561145e-002
2.709540e+003,2.565464e-002
2.710022e+003,2.569803e-002
2.710504e+003,2.574216e-002
2.710986e+003,2.578797e-002
2.711469e+003,2.583525e-002
2.711951e+003,2.588375e-002
2.712433e+003,2.593098e-002
2.712915e+003,2.597603e-002
2.713397e+003,2.601640e-002
2.713879e+003,2.605209e-002
2.714361e+003,2.608302e-002
2.714844e+003,2.611184e-002
2.715325e+003,2.614048e-002
2.715808e+003,2.617116e-002
2.716290e+003,2.620599e-002
2.716772e+003,2.624525e-002
2.717254e+003,2.628903e-002
2.717736e+003,2.633698e-002
2.718218e+003,2.638917e-002
2.718700e+003,2.644525e-002
2.719183e+003,2.650689e-002
2.719665e+003,2.657416e-002
2.720147e+003,2.664746e-002
2.720629e+003,2.672687e-002
2.721111e+003,2.681110e-002
2.721593e+003,2.689805e-002
2.722075e+003,2.698577e-002
2.722557e+003,2.707231e-002
2.723040e+003,2.715678e-002
2.723522e+003,2.723842e-002
2.724004e+003,2.731796e-002
2.724486e+003,2.739689e-002
2.724968e+003,2.747668e-002
2.725450e+003,2.755891e-002
2.725932e+003,2.764431e-002
2.726414e+003,2.773261e-002
2.726896e+003,2.782307e-002
2.727379e+003,2.791292e-002
2.727861e+003,2.800069e-002
2.728343e+003,2.808450e-002
2.728825e+003,2.816298e-002
2.729307e+003,2.823649e-002
2.729789e+003,2.830669e-002
2.730271e+003,2.837525e-002
2.730753e+003,2.844494e-002
2.731236e+003,2.851736e-002
2.731718e+003,2.859239e-002
2.732200e+003,2.867052e-002
2.732682e+003,2.874951e-002
2.733164e+003,2.882649e-002
2.733646e+003,2.889969e-002
2.734128e+003,2.896625e-002
2.734611e+003,2.902511e-002
2.735093e+003,2.907555e-002
2.735575e+003,2.911764e-002
2.736057e+003,2.915324e-002
2.736539e+003,2.918366e-002
2.737021e+003,2.921120e-002
2.737503e+003,2.923764e-002
2.737985e+003,2.926445e-002
2.738468e+003,2.929238e-002
2.738950e+003,2.932099e-002
2.739432e+003,2.935005e-002
2.739914e+003,2.937876e-002
2.740396e+003,2.940729e-002
2.740878e+003,2.943592e-002
2.741360e+003,2.946485e-002
2.741842e+003,2.949461e-002
2.742324e+003,2.952569e-002
2.742807e+003,2.955725e-002
2.743289e+003,2.958835e-002
2.743771e+003,2.961713e-002
2.744253e+003,2.964200e-002
2.744735e+003,2.966259e-002
2.745217e+003,2.967956e-002
2.745699e+003,2.969418e-002
2.746182e+003,2.970789e-002
2.746664e+003,2.972290e-002
2.747146e+003,2.973997e-002
2.747628e+003,2.975947e-002
2.748110e+003,2.978140e-002
2.748592e+003,2.980493e-002
2.749074e+003,2.982958e-002
2.749556e+003,2.985611e-002
2.750039e+003,2.988536e-002
2.750521e+003,2.991807e-002
2.751003e+003,2.995621e-002
2.751485e+003,2.999988e-002
2.751967e+003,3.004946e-002
2.752449e+003,3.010383e-002
2.752931e+003,3.016186e-002
2.753413e+003,3.022272e-002
2.753896e+003,3.028585e-002
2.754378e+003,3.035106e-002
2.754860e+003,3.041985e-002
2.755342e+003,3.049363e-002
2.755824e+003,3.057287e-002
2.756306e+003,3.065899e-002
2.756788e+003,3.075169e-002
2.757270e+003,3.084959e-002
2.757752e+003,3.095081e-002
2.758235e+003,3.105395e-002
2.758717e+003,3.115751e-002
2.759199e+003,3.126082e-002
2.759681e+003,3.136456e-002
2.760163e+003,3.146946e-002
2.760645e+003,3.157600e-002
2.761127e+003,3.168540e-002
2.761610e+003,3.179654e-002
2.762092e+003,3.190961e-002
2.762574e+003,3.202339e-002
2.763056e+003,3.213777e-002
2.763538e+003,3.225258e-002
2.764020e+003,3.236818e-002
2.764502e+003,3.248563e-002
2.764984e+003,3.260576e-002
2.765467e+003,3.272923e-002
2.765949e+003,3.285597e-002
2.766431e+003,3.298530e-002
2.766913e+003,3.311713e-002
2.767395e+003,3.325110e-002
2.767877e+003,3.338635e-002
2.768359e+003,3.352346e-002
2.768841e+003,3.366213e-002
2.769323e+003,3.380105e-002
2.769806e+003,3.394079e-002
2.770288e+003,3.408068e-002
2.770770e+003,3.422159e-002
2.771252e+003,3.436510e-002
2.771734e+003,3.451274e-002
2.772216e+003,3.466678e-002
2.772698e+003,3.482911e-002
2.773180e+003,3.500042e-002
2.773663e+003,3.518023e-002
2.774145e+003,3.536750e-002
2.774627e+003,3.556083e-002
2.775109e+003,3.575870e-002
2.775591e+003,3.596076e-002
2.776073e+003,3.616698e-002
2.776555e+003,3.637861e-002
2.777038e+003,3.659642e-002
2.777520e+003,3.682099e-002
2.778002e+003,3.705354e-002
2.778484e+003,3.729515e-002
2.778966e+003,3.754581e-002
2.779448e+003,3.780697e-002
2.779930e+003,3.807872e-002
2.780412e+003,3.836165e-002
2.780895e+003,3.865473e-002
2.781377e+003,3.895683e-002
2.781859e+003,3.926625e-002
2.782341e+003,3.958033e-002
2.782823e+003,3.989735e-002
2.783305e+003,4.021618e-002
2.783787e+003,4.053739e-002
2.784269e+003,4.086224e-002
2.784751e+003,4.119290e-002
2.785234e+003,4.153140e-002
2.785716e+003,4.187938e-002
2.786198e+003,4.223733e-002
2.786680e+003,4.260391e-002
2.787162e+003,4.297780e-002
2.787644e+003,4.335691e-002
2.788126e+003,4.373924e-002
2.788608e+003,4.412363e-002
2.789091e+003,4.450960e-002
2.789573e+003,4.489766e-002
2.790055e+003,4.528807e-002
2.790537e+003,4.568114e-002
2.791019e+003,4.607677e-002
2.791501e+003,4.647389e-002
2.791983e+003,4.687254e-002
2.792466e+003,4.727298e-002
2.792948e+003,4.767668e-002
2.793430e+003,4.808487e-002
2.793912e+003,4.850056e-002
2.794394e+003,4.892453e-002
2.794876e+003,4.935766e-002
2.795358e+003,4.979899e-002
2.795840e+003,5.024613e-002
2.796323e+003,5.069638e-002
2.796805e+003,5.114764e-002
2.797287e+003,5.159987e-002
2.797769e+003,5.205435e-002
2.798251e+003,5.251380e-002
2.798733e+003,5.298142e-002
2.799215e+003,5.346013e-002
2.799697e+003,5.395158e-002
2.800179e+003,5.445630e-002
2.800662e+003,5.497413e-002
2.801144e+003,5.550418e-002
2.801626e+003,5.604679e-002
2.802108e+003,5.660246e-002
2.802590e+003,5.717208e-002
2.803072e+003,5.775590e-002
2.803554e+003,5.835421e-002
2.804036e+003,5.896648e-002
2.804519e+003,5.959231e-002
2.805001e+003,6.023146e-002
2.805483e+003,6.088563e-002
2.805965e+003,6.155628e-002
2.806447e+003,6.224651e-002
2.806929e+003,6.295899e-002
2.807411e+003,6.369624e-002
2.807894e+003,6.445928e-002
2.808375e+003,6.524875e-002
2.808858e+003,6.606463e-002
2.809340e+003,6.690630e-002
2.809822e+003,6.777380e-002
2.810304e+003,6.866705e-002
2.810786e+003,6.958596e-002
2.811268e+003,7.053053e-002
2.811750e+003,7.150164e-002
2.812233e+003,7.250042e-002
2.812715e+003,7.352963e-002
2.813197e+003,7.459322e-002
2.813679e+003,7.569548e-002
2.814161e+003,7.684059e-002
2.814643e+003,7.803216e-002
2.815125e+003,7.927167e-002
2.815607e+003,8.055924e-002
2.816090e+003,8.189476e-002
2.816572e+003,8.327925e-002
2.817054e+003,8.471554e-002
2.817536e+003,8.620906e-002
2.818018e+003,8.776708e-002
2.818500e+003,8.939841e-002
2.818982e+003,9.110980e-002
2.819464e+003,9.290856e-002
2.819947e+003,9.479836e-002
2.820429e+003,9.678291e-002
2.820911e+003,9.886503e-002
2.821393e+003,1.010496e-001
2.821875e+003,1.033429e-001
2.822357e+003,1.057549e-001
2.822839e+003,1.082968e-001
2.823322e+003,1.109809e-001
2.823803e+003,1.138202e-001
2.824286e+003,1.168266e-001
2.824768e+003,1.200102e-001
2.825250e+003,1.233805e-001
2.825732e+003,1.269462e-001
2.826214e+003,1.307158e-001
2.826696e+003,1.346993e-001
2.827178e+003,1.389080e-001
2.827661e+003,1.433561e-001
2.828143e+003,1.480598e-001
2.828625e+003,1.530376e-001
2.829107e+003,1.583090e-001
2.829589e+003,1.638949e-001
2.830071e+003,1.698187e-001
2.830553e+003,1.761067e-001
2.831035e+003,1.827913e-001
2.831518e+003,1.899111e-001
2.832000e+003,1.975111e-001
2.832482e+003,2.056425e-001
2.832964e+003,2.143604e-001
2.833446e+003,2.237241e-001
2.833928e+003,2.337951e-001
2.834410e+003,2.446384e-001
2.834892e+003,2.563258e-001
2.835375e+003,2.689362e-001
2.835857e+003,2.825608e-001
2.836339e+003,2.973040e-001
2.836821e+003,3.132837e-001
2.837303e+003,3.306361e-001
2.837785e+003,3.495157e-001
2.838267e+003,3.700972e-001
2.838750e+003,3.925763e-001
2.839231e+003,4.171656e-001
2.839714e+003,4.440856e-001
2.840196e+003,4.735521e-001
2.840678e+003,5.057583e-001
2.841160e+003,5.408570e-001
2.841642e+003,5.789369e-001
2.842124e+003,6.200025e-001
2.842606e+003,6.639369e-001
2.843089e+003,7.104549e-001
2.843571e+003,7.590323e-001
2.844053e+003,8.088162e-001
2.844535e+003,8.585332e-001
2.845017e+003,9.064226e-001
2.845499e+003,9.502435e-001
2.845981e+003,9.874017e-001
2.846463e+003,1.015223e+000
2.846946e+003,1.031358e+000
2.847428e+003,1.034239e+000
2.847910e+003,1.023444e+000
2.848392e+003,9.998395e-001
2.848874e+003,9.654478e-001
2.849356e+003,9.230645e-001
2.849838e+003,8.757701e-001
2.850320e+003,8.264683e-001
2.850802e+003,7.775556e-001
2.851285e+003,7.307593e-001
2.851767e+003,6.871216e-001
2.852249e+003,6.470933e-001
2.852731e+003,6.106848e-001
2.853213e+003,5.776277e-001
2.853695e+003,5.475175e-001
2.854177e+003,5.199222e-001
2.854659e+003,4.944454e-001
2.855142e+003,4.707557e-001
2.855624e+003,4.485911e-001
2.856106e+003,4.277514e-001
2.856588e+003,4.080911e-001
2.857070e+003,3.895080e-001
2.857552e+003,3.719382e-001
2.858034e+003,3.553454e-001
2.858517e+003,3.397119e-001
2.858999e+003,3.250260e-001
2.859481e+003,3.112752e-001
2.859963e+003,2.984398e-001
2.860445e+003,2.864948e-001
2.860927e+003,2.754111e-001
2.861409e+003,2.651614e-001
2.861891e+003,2.557211e-001
2.862374e+003,2.470675e-001
2.862856e+003,2.391792e-001
2.863338e+003,2.320343e-001
2.863820e+003,2.256085e-001
2.864302e+003,2.198774e-001
2.864784e+003,2.148177e-001
2.865266e+003,2.104081e-001
2.865748e+003,2.066286e-001
2.866230e+003,2.034571e-001
2.866713e+003,2.008662e-001
2.867195e+003,1.988210e-001
2.867677e+003,1.972780e-001
2.868159e+003,1.961872e-001
2.868641e+003,1.954949e-001
2.869123e+003,1.951482e-001
2.869605e+003,1.950970e-001
2.870088e+003,1.952953e-001
2.870570e+003,1.957030e-001
2.871052e+003,1.962859e-001
2.871534e+003,1.970174e-001
2.872016e+003,1.978829e-001
2.872498e+003,1.988807e-001
2.872980e+003,2.000257e-001
2.873462e+003,2.013451e-001
2.873945e+003,2.028758e-001
2.874427e+003,2.046570e-001
2.874909e+003,2.067246e-001
2.875391e+003,2.091054e-001
2.875873e+003,2.118177e-001
2.876355e+003,2.148702e-001
2.876837e+003,2.182660e-001
2.877319e+003,2.220035e-001
2.877802e+003,2.260771e-001
2.878284e+003,2.304780e-001
2.878766e+003,2.351907e-001
2.879248e+003,2.401949e-001
2.879730e+003,2.454656e-001
2.880212e+003,2.509761e-001
2.880694e+003,2.567025e-001
2.881176e+003,2.626231e-001
2.881658e+003,2.687213e-001
2.882141e+003,2.749825e-001
2.882623e+003,2.813928e-001
2.883105e+003,2.879361e-001
2.883587e+003,2.945954e-001
2.884069e+003,3.013550e-001
2.884551e+003,3.082021e-001
2.885033e+003,3.151294e-001
2.885516e+003,3.221334e-001
2.885998e+003,3.292119e-001
2.886480e+003,3.363625e-001
2.886962e+003,3.435780e-001
2.887444e+003,3.508483e-001
2.887926e+003,3.581635e-001
2.888408e+003,3.655163e-001
2.888890e+003,3.729041e-001
2.889373e+003,3.803275e-001
2.889855e+003,3.877891e-001
2.890337e+003,3.952878e-001
2.890819e+003,4.028162e-001
2.891301e+003,4.103629e-001
2.891783e+003,4.179153e-001
2.892265e+003,4.254645e-001
2.892747e+003,4.330094e-001
2.893229e+003,4.405566e-001
2.893712e+003,4.481171e-001
2.894194e+003,4.557028e-001
2.894676e+003,4.633210e-001
2.895158e+003,4.709769e-001
2.895640e+003,4.786742e-001
2.896122e+003,4.864226e-001
2.896604e+003,4.942398e-001
2.897086e+003,5.021530e-001
2.897569e+003,5.101968e-001
2.898051e+003,5.184078e-001
2.898533e+003,5.268223e-001
2.899015e+003,5.354757e-001
2.899497e+003,5.444049e-001
2.899979e+003,5.536554e-001
2.900461e+003,5.632812e-001
2.900944e+003,5.733459e-001
2.901426e+003,5.839202e-001
2.901908e+003,5.950763e-001
2.902390e+003,6.068839e-001
2.902872e+003,6.194113e-001
2.903354e+003,6.327286e-001
2.903836e+003,6.469094e-001
2.904318e+003,6.620367e-001
2.904801e+003,6.781936e-001
2.905283e+003,6.954612e-001
2.905765e+003,7.139055e-001
2.906247e+003,7.335726e-001
2.906729e+003,7.544848e-001
2.907211e+003,7.766415e-001
2.907693e+003,8.000251e-001
2.908175e+003,8.245954e-001
2.908657e+003,8.502828e-001
2.909140e+003,8.769718e-001
2.909622e+003,9.044761e-001
2.910104e+003,9.325215e-001
2.910586e+003,9.607325e-001
2.911068e+003,9.886342e-001
2.911550e+003,1.015661e+000
2.912032e+003,1.041176e+000
2.912514e+003,1.064485e+000
2.912997e+003,1.084863e+000
2.913479e+003,1.101586e+000
2.913961e+003,1.113976e+000
2.914443e+003,1.121460e+000
2.914925e+003,1.123648e+000
2.915407e+003,1.120389e+000
2.915889e+003,1.111805e+000
2.916372e+003,1.098274e+000
2.916854e+003,1.080383e+000
2.917336e+003,1.058853e+000
2.917818e+003,1.034457e+000
2.918300e+003,1.007959e+000
2.918782e+003,9.800713e-001
2.919264e+003,9.514201e-001
2.919746e+003,9.225356e-001
2.920229e+003,8.938394e-001
2.920711e+003,8.656448e-001
2.921193e+003,8.381634e-001
2.921675e+003,8.115214e-001
2.922157e+003,7.857804e-001
2.922639e+003,7.609646e-001
2.923121e+003,7.370756e-001
2.923603e+003,7.141077e-001
2.924085e+003,6.920452e-001
2.924568e+003,6.708626e-001
2.925050e+003,6.505175e-001
2.925532e+003,6.309525e-001
2.926014e+003,6.120996e-001
2.926496e+003,5.938879e-001
2.926978e+003,5.762515e-001
2.927460e+003,5.591357e-001
2.927942e+003,5.424950e-001
2.928425e+003,5.262942e-001
2.928907e+003,5.105030e-001
2.929389e+003,4.950947e-001
2.929871e+003,4.800498e-001
2.930353e+003,4.653543e-001
2.930835e+003,4.510042e-001
2.931317e+003,4.370011e-001
2.931800e+003,4.233504e-001
2.932281e+003,4.100580e-001
2.932764e+003,3.971271e-001
2.933246e+003,3.845575e-001
2.933728e+003,3.723474e-001
2.934210e+003,3.604965e-001
2.934692e+003,3.490070e-001
2.935174e+003,3.378825e-001
2.935656e+003,3.271251e-001
2.936139e+003,3.167343e-001
2.936621e+003,3.067055e-001
2.937103e+003,2.970312e-001
2.937585e+003,2.877039e-001
2.938067e+003,2.787186e-001
2.938549e+003,2.700753e-001
2.939031e+003,2.617760e-001
2.939513e+003,2.538237e-001
2.939996e+003,2.462192e-001
2.940478e+003,2.389596e-001
2.940960e+003,2.320396e-001
2.941442e+003,2.254533e-001
2.941924e+003,2.191975e-001
2.942406e+003,2.132722e-001
2.942888e+003,2.076803e-001
2.943370e+003,2.024267e-001
2.943853e+003,1.975153e-001
2.944335e+003,1.929469e-001
2.944817e+003,1.887210e-001
2.945299e+003,1.848341e-001
2.945781e+003,1.812815e-001
2.946263e+003,1.780582e-001
2.946745e+003,1.751574e-001
2.947228e+003,1.725686e-001
2.947709e+003,1.702772e-001
2.948192e+003,1.682633e-001
2.948674e+003,1.665020e-001
2.949156e+003,1.649665e-001
2.949638e+003,1.636265e-001
2.950120e+003,1.624524e-001
2.950602e+003,1.614133e-001
2.951084e+003,1.604773e-001
2.951567e+003,1.596108e-001
2.952049e+003,1.587799e-001
2.952531e+003,1.579514e-001
2.953013e+003,1.570960e-001
2.953495e+003,1.561898e-001
2.953977e+003,1.552155e-001
2.954459e+003,1.541621e-001
2.954941e+003,1.530222e-001
2.955424e+003,1.517898e-001
2.955906e+003,1.504601e-001
2.956388e+003,1.490270e-001
2.956870e+003,1.474868e-001
2.957352e+003,1.458384e-001
2.957834e+003,1.440846e-001
2.958316e+003,1.422319e-001
2.958798e+003,1.402880e-001
2.959281e+003,1.382616e-001
2.959763e+003,1.361598e-001
2.960245e+003,1.339883e-001
2.960727e+003,1.317521e-001
2.961209e+003,1.294583e-001
2.961691e+003,1.271146e-001
2.962173e+003,1.247298e-001
2.962656e+003,1.223125e-001
2.963137e+003,1.198705e-001
2.963620e+003,1.174096e-001
2.964102e+003,1.149347e-001
2.964584e+003,1.124521e-001
2.965066e+003,1.099694e-001
2.965548e+003,1.074975e-001
2.966030e+003,1.050494e-001
2.966512e+003,1.026369e-001
2.966995e+003,1.002712e-001
2.967477e+003,9.796044e-002
2.967959e+003,9.571095e-002
2.968441e+003,9.352753e-002
2.968923e+003,9.141417e-002
2.969405e+003,8.937482e-002
2.969887e+003,8.741293e-002
2.970369e+003,8.552925e-002
2.970852e+003,8.372221e-002
2.971334e+003,8.198775e-002
2.971816e+003,8.032069e-002
2.972298e+003,7.871693e-002
2.972780e+003,7.717403e-002
2.973262e+003,7.569312e-002
2.973744e+003,7.427470e-002
2.974226e+003,7.292049e-002
2.974708e+003,7.162862e-002
2.975191e+003,7.039551e-002
2.975673e+003,6.921535e-002
2.976155e+003,6.808276e-002
2.976637e+003,6.699393e-002
2.977119e+003,6.594750e-002
2.977601e+003,6.494401e-002
2.978083e+003,6.398465e-002
2.978565e+003,6.306870e-002
2.979048e+003,6.219288e-002
2.979530e+003,6.135228e-002
2.980012e+003,6.054133e-002
2.980494e+003,5.975671e-002
2.980976e+003,5.899599e-002
2.981458e+003,5.826172e-002
2.981940e+003,5.755636e-002
2.982423e+003,5.688286e-002
2.982905e+003,5.624397e-002
2.983387e+003,5.563956e-002
2.983869e+003,5.506855e-002
2.984351e+003,5.452950e-002
2.984833e+003,5.402174e-002
2.985315e+003,5.354526e-002
2.985797e+003,5.310167e-002
2.986280e+003,5.269272e-002
2.986762e+003,5.232066e-002
2.987244e+003,5.198711e-002
2.987726e+003,5.169208e-002
2.988208e+003,5.143574e-002
2.988690e+003,5.121677e-002
2.989172e+003,5.103363e-002
2.989654e+003,5.088402e-002
2.990136e+003,5.076704e-002
2.990619e+003,5.068363e-002
2.991101e+003,5.063564e-002
2.991583e+003,5.062794e-002
2.992065e+003,5.066640e-002
2.992547e+003,5.075694e-002
2.993029e+003,5.090341e-002
2.993511e+003,5.110688e-002
2.993994e+003,5.136473e-002
2.994476e+003,5.167246e-002
2.994958e+003,5.202436e-002
2.995440e+003,5.241553e-002
2.995922e+003,5.284363e-002
2.996404e+003,5.330759e-002
2.996886e+003,5.380619e-002
2.997368e+003,5.433642e-002
2.997851e+003,5.489261e-002
2.998333e+003,5.546414e-002
2.998815e+003,5.603838e-002
2.999297e+003,5.660214e-002
2.999779e+003,5.714337e-002
3.000261e+003,5.765320e-002
3.000743e+003,5.812646e-002
3.001225e+003,5.855968e-002
3.001708e+003,5.895187e-002
3.002190e+003,5.930130e-002
3.002672e+003,5.960552e-002
3.003154e+003,5.986145e-002
3.003636e+003,6.006477e-002
3.004118e+003,6.021212e-002
3.004600e+003,6.029966e-002
3.005082e+003,6.032509e-002
3.005564e+003,6.028511e-002
3.006047e+003,6.017890e-002
3.006529e+003,6.000591e-002
3.007011e+003,5.976685e-002
3.007493e+003,5.946415e-002
3.007975e+003,5.910010e-002
3.008457e+003,5.867754e-002
3.008939e+003,5.819830e-002
3.009422e+003,5.766268e-002
3.009904e+003,5.707191e-002
3.010386e+003,5.642831e-002
3.010868e+003,5.573756e-002
3.011350e+003,5.500909e-002
3.011832e+003,5.425499e-002
3.012314e+003,5.348893e-002
3.012796e+003,5.272143e-002
3.013279e+003,5.195953e-002
3.013761e+003,5.120563e-002
3.014243e+003,5.045857e-002
3.014725e+003,4.971751e-002
3.015207e+003,4.898235e-002
3.015689e+003,4.825743e-002
3.016171e+003,4.754854e-002
3.016653e+003,4.686322e-002
3.017135e+003,4.620704e-002
3.017618e+003,4.558288e-002
3.018100e+003,4.499017e-002
3.018582e+003,4.442591e-002
3.019064e+003,4.388818e-002
3.019546e+003,4.337408e-002
3.020028e+003,4.288464e-002
3.020510e+003,4.242054e-002
3.020992e+003,4.198375e-002
3.021475e+003,4.157518e-002
3.021957e+003,4.119440e-002
3.022439e+003,4.084016e-002
3.022921e+003,4.051101e-002
3.023403e+003,4.020570e-002
3.023885e+003,3.992411e-002
3.024367e+003,3.966481e-002
3.024850e+003,3.942706e-002
3.025332e+003,3.920849e-002
3.025814e+003,3.900631e-002
3.026296e+003,3.881876e-002
3.026778e+003,3.864326e-002
3.027260e+003,3.848002e-002
3.027742e+003,3.832852e-002
3.028224e+003,3.818865e-002
3.028707e+003,3.805961e-002
3.029189e+003,3.793953e-002
3.029671e+003,3.782552e-002
3.030153e+003,3.771478e-002
3.030635e+003,3.760525e-002
3.031117e+003,3.749601e-002
3.031599e+003,3.738685e-002
3.032081e+003,3.727849e-002
3.032563e+003,3.717071e-002
3.033046e+003,3.706323e-002
3.033528e+003,3.695582e-002
3.034010e+003,3.684828e-002
3.034492e+003,3.674112e-002
3.034974e+003,3.663684e-002
3.035456e+003,3.653719e-002
3.035938e+003,3.644454e-002
3.036420e+003,3.635931e-002
3.036903e+003,3.628089e-002
3.037385e+003,3.620710e-002
3.037867e+003,3.613629e-002
3.038349e+003,3.606660e-002
3.038831e+003,3.599782e-002
3.039313e+003,3.593098e-002
3.039795e+003,3.586651e-002
3.040278e+003,3.580430e-002
3.040760e+003,3.574373e-002
3.041242e+003,3.568345e-002
3.041724e+003,3.562190e-002
3.042206e+003,3.555910e-002
3.042688e+003,3.549586e-002
3.043170e+003,3.543354e-002
3.043652e+003,3.537431e-002
3.044135e+003,3.531931e-002
3.044617e+003,3.526844e-002
3.045099e+003,3.522066e-002
3.045581e+003,3.517504e-002
3.046063e+003,3.513117e-002
3.046545e+003,3.508925e-002
3.047027e+003,3.505012e-002
3.047509e+003,3.501523e-002
3.047991e+003,3.498468e-002
3.048474e+003,3.495828e-002
3.048956e+003,3.493424e-002
3.049438e+003,3.491051e-002
3.049920e+003,3.488543e-002
3.050402e+003,3.485835e-002
3.050884e+003,3.482962e-002
3.051366e+003,3.479921e-002
3.051848e+003,3.476827e-002
3.052331e+003,3.473763e-002
3.052813e+003,3.470781e-002
3.053295e+003,3.468017e-002
3.053777e+003,3.465635e-002
3.054259e+003,3.463793e-002
3.054741e+003,3.462574e-002
3.055223e+003,3.461884e-002
3.055706e+003,3.461453e-002
3.056188e+003,3.460929e-002
3.056670e+003,3.459822e-002
3.057152e+003,3.457924e-002
3.057634e+003,3.455266e-002
3.058116e+003,3.452099e-002
3.058598e+003,3.449044e-002
3.059080e+003,3.446623e-002
3.059563e+003,3.445315e-002
3.060045e+003,3.445223e-002
3.060527e+003,3.446234e-002
3.061009e+003,3.447943e-002
3.061491e+003,3.449891e-002
3.061973e+003,3.451663e-002
3.062455e+003,3.452946e-002
3.062937e+003,3.453688e-002
3.063419e+003,3.453919e-002
3.063902e+003,3.453723e-002
3.064384e+003,3.453193e-002
3.064866e+003,3.452413e-002
3.065348e+003,3.451350e-002
3.065830e+003,3.449912e-002
3.066312e+003,3.448056e-002
3.066794e+003,3.445554e-002
3.067276e+003,3.442279e-002
3.067759e+003,3.438146e-002
3.068241e+003,3.433190e-002
3.068723e+003,3.427542e-002
3.069205e+003,3.421518e-002
3.069687e+003,3.415491e-002
3.070169e+003,3.409734e-002
3.070651e+003,3.404519e-002
3.071134e+003,3.399855e-002
3.071615e+003,3.395617e-002
3.072098e+003,3.391618e-002
3.072580e+003,3.387545e-002
3.073062e+003,3.383284e-002
3.073544e+003,3.378780e-002
3.074026e+003,3.374160e-002
3.074508e+003,3.369413e-002
3.074990e+003,3.364633e-002
3.075473e+003,3.359852e-002
3.075955e+003,3.355017e-002
3.076437e+003,3.350107e-002
3.076919e+003,3.345218e-002
3.077401e+003,3.340410e-002
3.077883e+003,3.335716e-002
3.078365e+003,3.331271e-002
3.078847e+003,3.326992e-002
3.079330e+003,3.322838e-002
3.079812e+003,3.318734e-002
3.080294e+003,3.314734e-002
3.080776e+003,3.310973e-002
3.081258e+003,3.307713e-002
3.081740e+003,3.305185e-002
3.082222e+003,3.303420e-002
3.082704e+003,3.302210e-002
3.083187e+003,3.301134e-002
3.083669e+003,3.299556e-002
3.084151e+003,3.296950e-002
3.084633e+003,3.292846e-002
3.085115e+003,3.287211e-002
3.085597e+003,3.280297e-002
3.086079e+003,3.272489e-002
3.086562e+003,3.264428e-002
3.087043e+003,3.256617e-002
3.087526e+003,3.249274e-002
3.088008e+003,3.242591e-002
3.088490e+003,3.236472e-002
3.088972e+003,3.230686e-002
3.089454e+003,3.225087e-002
3.089936e+003,3.219424e-002
3.090418e+003,3.213508e-002
3.090901e+003,3.207307e-002
3.091383e+003,3.200790e-002
3.091865e+003,3.194112e-002
3.092347e+003,3.187506e-002
3.092829e+003,3.181183e-002
3.093311e+003,3.175371e-002
3.093793e+003,3.170104e-002
3.094275e+003,3.165360e-002
3.094758e+003,3.160992e-002
3.095240e+003,3.156781e-002
3.095722e+003,3.152600e-002
3.096204e+003,3.148407e-002
3.096686e+003,3.144275e-002
3.097168e+003,3.140395e-002
3.097650e+003,3.136734e-002
3.098132e+003,3.133408e-002
3.098615e+003,3.130217e-002
3.099097e+003,3.126868e-002
3.099579e+003,3.123139e-002
3.100061e+003,3.118810e-002
3.100543e+003,3.113744e-002
3.101025e+003,3.108014e-002
3.101507e+003,3.101746e-002
3.101990e+003,3.095139e-002
3.102471e+003,3.088415e-002
3.102954e+003,3.081858e-002
3.103436e+003,3.075708e-002
3.103918e+003,3.070305e-002
3.104400e+003,3.065973e-002
3.104882e+003,3.062902e-002
3.105364e+003,3.061104e-002
3.105846e+003,3.060474e-002
3.106329e+003,3.060602e-002
3.106811e+003,3.061035e-002
3.107293e+003,3.061289e-002
3.107775e+003,3.061048e-002
3.108257e+003,3.060195e-002
3.108739e+003,3.058878e-002
3.109221e+003,3.057329e-002
3.109703e+003,3.055906e-002
3.110186e+003,3.054789e-002
3.110668e+003,3.054208e-002
3.111150e+003,3.054154e-002
3.111632e+003,3.054574e-002
3.112114e+003,3.055374e-002
3.112596e+003,3.056439e-002
3.113078e+003,3.057598e-002
3.113560e+003,3.058705e-002
3.114042e+003,3.059569e-002
3.114525e+003,3.060137e-002
3.115007e+003,3.060432e-002
3.115489e+003,3.060567e-002
3.115971e+003,3.060830e-002
3.116453e+003,3.061515e-002
3.116935e+003,3.062855e-002
3.117417e+003,3.064945e-002
3.117900e+003,3.067723e-002
3.118382e+003,3.070987e-002
3.118864e+003,3.074433e-002
3.119346e+003,3.077720e-002
3.119828e+003,3.080607e-002
3.120310e+003,3.083061e-002
3.120792e+003,3.084976e-002
3.121274e+003,3.086511e-002
3.121757e+003,3.087802e-002
3.122239e+003,3.089062e-002
3.122721e+003,3.090439e-002
3.123203e+003,3.092134e-002
3.123685e+003,3.094274e-002
3.124167e+003,3.096880e-002
3.124649e+003,3.099879e-002
3.125131e+003,3.103207e-002
3.125614e+003,3.106684e-002
3.126096e+003,3.110184e-002
3.126578e+003,3.113546e-002
3.127060e+003,3.116751e-002
3.127542e+003,3.119713e-002
3.128024e+003,3.122347e-002
3.128506e+003,3.124483e-002
3.128988e+003,3.126046e-002
3.129470e+003,3.126920e-002
3.129953e+003,3.127243e-002
3.130435e+003,3.127279e-002
3.130917e+003,3.127506e-002
3.131399e+003,3.128508e-002
3.131881e+003,3.130635e-002
3.132363e+003,3.134006e-002
3.132845e+003,3.138429e-002
3.133328e+003,3.143375e-002
3.133810e+003,3.148258e-002
3.134292e+003,3.152632e-002
3.134774e+003,3.156253e-002
3.135256e+003,3.159258e-002
3.135738e+003,3.161935e-002
3.136220e+003,3.164686e-002
3.136702e+003,3.167736e-002
3.137185e+003,3.171213e-002
3.137667e+003,3.174957e-002
3.138149e+003,3.178755e-002
3.138631e+003,3.182436e-002
3.139113e+003,3.185991e-002
3.139595e+003,3.189579e-002
3.140077e+003,3.193392e-002
3.140559e+003,3.197653e-002
3.141042e+003,3.202449e-002
3.141524e+003,3.207725e-002
3.142006e+003,3.213312e-002
3.142488e+003,3.218987e-002
3.142970e+003,3.224609e-002
3.143452e+003,3.229913e-002
3.143934e+003,3.234867e-002
3.144417e+003,3.239333e-002
3.144898e+003,3.243212e-002
3.145381e+003,3.246451e-002
3.145863e+003,3.249074e-002
3.146345e+003,3.251291e-002
3.146827e+003,3.253423e-002
3.147309e+003,3.255961e-002
3.147791e+003,3.259215e-002
3.148273e+003,3.263603e-002
3.148756e+003,3.269082e-002
3.149238e+003,3.275557e-002
3.149720e+003,3.282696e-002
3.150202e+003,3.290148e-002
3.150684e+003,3.297529e-002
3.151166e+003,3.304665e-002
3.151648e+003,3.311493e-002
3.152130e+003,3.318109e-002
3.152613e+003,3.324653e-002
3.153095e+003,3.331317e-002
3.153577e+003,3.338186e-002
3.154059e+003,3.345303e-002
3.154541e+003,3.352487e-002
3.155023e+003,3.359545e-002
3.155505e+003,3.366092e-002
3.155987e+003,3.371783e-002
3.156469e+003,3.376446e-002
3.156952e+003,3.380017e-002
3.157434e+003,3.382871e-002
3.157916e+003,3.385393e-002
3.158398e+003,3.388238e-002
3.158880e+003,3.391930e-002
3.159362e+003,3.396729e-002
3.159844e+003,3.402603e-002
3.160326e+003,3.409177e-002
3.160809e+003,3.416021e-002
3.161291e+003,3.422663e-002
3.161773e+003,3.428921e-002
3.162255e+003,3.434815e-002
3.162737e+003,3.440528e-002
3.163219e+003,3.446341e-002
3.163701e+003,3.452391e-002
3.164184e+003,3.458605e-002
3.164666e+003,3.464809e-002
3.165148e+003,3.470811e-002
3.165630e+003,3.476461e-002
3.166112e+003,3.481811e-002
3.166594e+003,3.487076e-002
3.167076e+003,3.492482e-002
3.167558e+003,3.498192e-002
3.168041e+003,3.504162e-002
3.168523e+003,3.510199e-002
3.169005e+003,3.516011e-002
3.169487e+003,3.521330e-002
3.169969e+003,3.526089e-002
3.170451e+003,3.530484e-002
3.170933e+003,3.534837e-002
3.171415e+003,3.539493e-002
3.171897e+003,3.544786e-002
3.172380e+003,3.550815e-002
3.172862e+003,3.557514e-002
3.173344e+003,3.564755e-002
3.173826e+003,3.572247e-002
3.174308e+003,3.579882e-002
3.174790e+003,3.587540e-002
3.175272e+003,3.595212e-002
3.175754e+003,3.602887e-002
3.176237e+003,3.610422e-002
3.176719e+003,3.617789e-002
3.177201e+003,3.624823e-002
3.177683e+003,3.631436e-002
3.178165e+003,3.637523e-002
3.178647e+003,3.643071e-002
3.179129e+003,3.648134e-002
3.179612e+003,3.652797e-002
3.180094e+003,3.657139e-002
3.180576e+003,3.661221e-002
3.181058e+003,3.665206e-002
3.181540e+003,3.669172e-002
3.182022e+003,3.673279e-002
3.182504e+003,3.677529e-002
3.182986e+003,3.681974e-002
3.183469e+003,3.686670e-002
3.183951e+003,3.691508e-002
3.184433e+003,3.696499e-002
3.184915e+003,3.701622e-002
3.185397e+003,3.706942e-002
3.185879e+003,3.712534e-002
3.186361e+003,3.718442e-002
3.186843e+003,3.724710e-002
3.187325e+003,3.731349e-002
3.187808e+003,3.738295e-002
3.188290e+003,3.745470e-002
3.188772e+003,3.752854e-002
3.189254e+003,3.760305e-002
3.189736e+003,3.767747e-002
3.190218e+003,3.774987e-002
3.190700e+003,3.781804e-002
3.191182e+003,3.788048e-002
3.191665e+003,3.793511e-002
3.192147e+003,3.798247e-002
3.192629e+003,3.802431e-002
3.193111e+003,3.806289e-002
3.193593e+003,3.810257e-002
3.194075e+003,3.814542e-002
3.194557e+003,3.819339e-002
3.195040e+003,3.824617e-002
3.195521e+003,3.830135e-002
3.196004e+003,3.835644e-002
3.196486e+003,3.840916e-002
3.196968e+003,3.845840e-002
3.197450e+003,3.850462e-002
3.197932e+003,3.854876e-002
3.198414e+003,3.859304e-002
3.198896e+003,3.863831e-002
3.199379e+003,3.868620e-002
3.199861e+003,3.873553e-002
3.200343e+003,3.878640e-002
3.200825e+003,3.883652e-002
3.201307e+003,3.888437e-002
3.201789e+003,3.892808e-002
3.202271e+003,3.896701e-002
3.202753e+003,3.900070e-002
3.203236e+003,3.903026e-002
3.203718e+003,3.905743e-002
3.204200e+003,3.908569e-002
3.204682e+003,3.911854e-002
3.205164e+003,3.915894e-002
3.205646e+003,3.920744e-002
3.206128e+003,3.926371e-002
3.206610e+003,3.932524e-002
3.207093e+003,3.938767e-002
3.207575e+003,3.944760e-002
3.208057e+003,3.950109e-002
3.208539e+003,3.954608e-002
3.209021e+003,3.958199e-002
3.209503e+003,3.960817e-002
3.209985e+003,3.962715e-002
3.210468e+003,3.964109e-002
3.210949e+003,3.965394e-002
3.211432e+003,3.967041e-002
3.211914e+003,3.969464e-002
3.212396e+003,3.972996e-002
3.212878e+003,3.977798e-002
3.213360e+003,3.983642e-002
3.213842e+003,3.990201e-002
3.214324e+003,3.996859e-002
3.214807e+003,4.003160e-002
3.215289e+003,4.008737e-002
3.215771e+003,4.013604e-002
3.216253e+003,4.017891e-002
3.216735e+003,4.022036e-002
3.217217e+003,4.026369e-002
3.217699e+003,4.031088e-002
3.218181e+003,4.036213e-002
3.218664e+003,4.041583e-002
3.219146e+003,4.046953e-002
3.219628e+003,4.052128e-002
3.220110e+003,4.056897e-002
3.220592e+003,4.061173e-002
3.221074e+003,4.064792e-002
3.221556e+003,4.067708e-002
3.222038e+003,4.069877e-002
3.222521e+003,4.071300e-002
3.223003e+003,4.072217e-002
3.223485e+003,4.072969e-002
3.223967e+003,4.074007e-002
3.224449e+003,4.075761e-002
3.224931e+003,4.078493e-002
3.225413e+003,4.082315e-002
3.225896e+003,4.087130e-002
3.226377e+003,4.092826e-002
3.226860e+003,4.099371e-002
3.227342e+003,4.106843e-002
3.227824e+003,4.115342e-002
3.228306e+003,4.125012e-002
3.228788e+003,4.135688e-002
3.229270e+003,4.146951e-002
3.229752e+003,4.158163e-002
3.230235e+003,4.168553e-002
3.230717e+003,4.177600e-002
3.231199e+003,4.185073e-002
3.231681e+003,4.191203e-002
3.232163e+003,4.196496e-002
3.232645e+003,4.201668e-002
3.233127e+003,4.207208e-002
3.233609e+003,4.213410e-002
3.234092e+003,4.220166e-002
3.234574e+003,4.227258e-002
3.235056e+003,4.234350e-002
3.235538e+003,4.241190e-002
3.236020e+003,4.247734e-002
3.236502e+003,4.253993e-002
3.236984e+003,4.260055e-002
3.237466e+003,4.266019e-002
3.237948e+003,4.271962e-002
3.238431e+003,4.278042e-002
3.238913e+003,4.284376e-002
3.239395e+003,4.291178e-002
3.239877e+003,4.298678e-002
3.240359e+003,4.307011e-002
3.240841e+003,4.316211e-002
3.241323e+003,4.326034e-002
3.241806e+003,4.336270e-002
3.242288e+003,4.346654e-002
3.242770e+003,4.357008e-002
3.243252e+003,4.367388e-002
3.243734e+003,4.377893e-002
3.244216e+003,4.388613e-002
3.244698e+003,4.399602e-002
3.245180e+003,4.410717e-002
3.245663e+003,4.421670e-002
3.246145e+003,4.432283e-002
3.246627e+003,4.442433e-002
3.247109e+003,4.452242e-002
3.247591e+003,4.461909e-002
3.248073e+003,4.471715e-002
3.248555e+003,4.481878e-002
3.249037e+003,4.492423e-002
3.249520e+003,4.503316e-002
3.250002e+003,4.514413e-002
3.250484e+003,4.525647e-002
3.250966e+003,4.536941e-002
3.251448e+003,4.548327e-002
3.251930e+003,4.559997e-002
3.252412e+003,4.571915e-002
3.252894e+003,4.584049e-002
3.253376e+003,4.596276e-002
3.253859e+003,4.608440e-002
3.254341e+003,4.620520e-002
3.254823e+003,4.632560e-002
3.255305e+003,4.644704e-002
3.255787e+003,4.657098e-002
3.256269e+003,4.669842e-002
3.256751e+003,4.682803e-002
3.257234e+003,4.695734e-002
3.257716e+003,4.708392e-002
3.258198e+003,4.720529e-002
3.258680e+003,4.731978e-002
3.259162e+003,4.742862e-002
3.259644e+003,4.753336e-002
3.260126e+003,4.763646e-002
3.260608e+003,4.774039e-002
3.261091e+003,4.784703e-002
3.261573e+003,4.795774e-002
3.262055e+003,4.807361e-002
3.262537e+003,4.819400e-002
3.263019e+003,4.831770e-002
3.263501e+003,4.844254e-002
3.263983e+003,4.856542e-002
3.264465e+003,4.868296e-002
3.264948e+003,4.879315e-002
3.265430e+003,4.889522e-002
3.265912e+003,4.899115e-002
3.266394e+003,4.908431e-002
3.266876e+003,4.917930e-002
3.267358e+003,4.927846e-002
3.267840e+003,4.938361e-002
3.268323e+003,4.949304e-002
3.268804e+003,4.960398e-002
3.269287e+003,4.971337e-002
3.269769e+003,4.981866e-002
3.270251e+003,4.991984e-002
3.270733e+003,5.001801e-002
3.271215e+003,5.011385e-002
3.271697e+003,5.020973e-002
3.272179e+003,5.030496e-002
3.272662e+003,5.040012e-002
3.273144e+003,5.049407e-002
3.273626e+003,5.058501e-002
3.274108e+003,5.067341e-002
3.274590e+003,5.075789e-002
3.275072e+003,5.083757e-002
3.275554e+003,5.091040e-002
3.276036e+003,5.097471e-002
3.276519e+003,5.102925e-002
3.277001e+003,5.107412e-002
3.277483e+003,5.111237e-002
3.277965e+003,5.114769e-002
3.278447e+003,5.118584e-002
3.278929e+003,5.123077e-002
3.279411e+003,5.128549e-002
3.279893e+003,5.134971e-002
3.280375e+003,5.142171e-002
3.280858e+003,5.149869e-002
3.281340e+003,5.157705e-002
3.281822e+003,5.165329e-002
3.282304e+003,5.172426e-002
3.282786e+003,5.178611e-002
3.283268e+003,5.183602e-002
3.283750e+003,5.187173e-002
3.284232e+003,5.189390e-002
3.284715e+003,5.190603e-002
3.285197e+003,5.191569e-002
3.285679e+003,5.192985e-002
3.286161e+003,5.195509e-002
3.286643e+003,5.199478e-002
3.287125e+003,5.204624e-002
3.287607e+003,5.210268e-002
3.288090e+003,5.215575e-002
3.288572e+003,5.219764e-002
3.289054e+003,5.222451e-002
3.289536e+003,5.223680e-002
3.290018e+003,5.223880e-002
3.290500e+003,5.223616e-002
3.290982e+003,5.223318e-002
3.291464e+003,5.223214e-002
3.291947e+003,5.223333e-002
3.292429e+003,5.223555e-002
3.292911e+003,5.223811e-002
3.293393e+003,5.224191e-002
3.293875e+003,5.224809e-002
3.294357e+003,5.225709e-002
3.294839e+003,5.226825e-002
3.295321e+003,5.227805e-002
3.295803e+003,5.228264e-002
3.296286e+003,5.227749e-002
3.296768e+003,5.226043e-002
3.297250e+003,5.223091e-002
3.297732e+003,5.219118e-002
3.298214e+003,5.214361e-002
3.298696e+003,5.209015e-002
3.299178e+003,5.203223e-002
3.299660e+003,5.197068e-002
3.300143e+003,5.190764e-002
3.300625e+003,5.184707e-002
3.301107e+003,5.179465e-002
3.301589e+003,5.175503e-002
3.302071e+003,5.173106e-002
3.302553e+003,5.172069e-002
3.303035e+003,5.171791e-002
3.303518e+003,5.171355e-002
3.304000e+003,5.169794e-002
3.304482e+003,5.166541e-002
3.304964e+003,5.161563e-002
3.305446e+003,5.155265e-002
3.305928e+003,5.148365e-002
3.306410e+003,5.141610e-002
3.306892e+003,5.135489e-002
3.307375e+003,5.130139e-002
3.307857e+003,5.125468e-002
3.308339e+003,5.121195e-002
3.308821e+003,5.117022e-002
3.309303e+003,5.112744e-002
3.309785e+003,5.108274e-002
3.310267e+003,5.103483e-002
3.310749e+003,5.098305e-002
3.311231e+003,5.092580e-002
3.311714e+003,5.086181e-002
3.312196e+003,5.079237e-002
3.312678e+003,5.072005e-002
3.313160e+003,5.064851e-002
3.313642e+003,5.058185e-002
3.314124e+003,5.052074e-002
3.314606e+003,5.046530e-002
3.315088e+003,5.041099e-002
3.315571e+003,5.035346e-002
3.316053e+003,5.028956e-002
3.316535e+003,5.021801e-002
3.317017e+003,5.013939e-002
3.317499e+003,5.005700e-002
3.317981e+003,4.997446e-002
3.318463e+003,4.989374e-002
3.318946e+003,4.981617e-002
3.319427e+003,4.974201e-002
3.319910e+003,4.967044e-002
3.320392e+003,4.960204e-002
3.320874e+003,4.953796e-002
3.321356e+003,4.947887e-002
3.321838e+003,4.942443e-002
3.322320e+003,4.937362e-002
3.322802e+003,4.932495e-002
3.323285e+003,4.927560e-002
3.323767e+003,4.922463e-002
3.324249e+003,4.917273e-002
3.324731e+003,4.912128e-002
3.325213e+003,4.907198e-002
3.325695e+003,4.902473e-002
3.326177e+003,4.897836e-002
3.326659e+003,4.892958e-002
3.327142e+003,4.887498e-002
3.327624e+003,4.881284e-002
3.328106e+003,4.874292e-002
3.328588e+003,4.866853e-002
3.329070e+003,4.859401e-002
3.329552e+003,4.852302e-002
3.330034e+003,4.845884e-002
3.330516e+003,4.840150e-002
3.330999e+003,4.834962e-002
3.331481e+003,4.830217e-002
3.331963e+003,4.825780e-002
3.332445e+003,4.821569e-002
3.332927e+003,4.817529e-002
3.333409e+003,4.813612e-002
3.333891e+003,4.809627e-002
3.334374e+003,4.805320e-002
3.334855e+003,4.800360e-002
3.335338e+003,4.794577e-002
3.335820e+003,4.788027e-002
3.336302e+003,4.780904e-002
3.336784e+003,4.773642e-002
3.337266e+003,4.766664e-002
3.337748e+003,4.760289e-002
3.338230e+003,4.754667e-002
3.338713e+003,4.749730e-002
3.339195e+003,4.745386e-002
3.339677e+003,4.741349e-002
3.340159e+003,4.737413e-002
3.340641e+003,4.733260e-002
3.341123e+003,4.728659e-002
3.341605e+003,4.723486e-002
3.342087e+003,4.717474e-002
3.342570e+003,4.710729e-002
3.343052e+003,4.703515e-002
3.343534e+003,4.696194e-002
3.344016e+003,4.689296e-002
3.344498e+003,4.683230e-002
3.344980e+003,4.678262e-002
3.345462e+003,4.674323e-002
3.345944e+003,4.671081e-002
3.346427e+003,4.668181e-002
3.346909e+003,4.665052e-002
3.347391e+003,4.661372e-002
3.347873e+003,4.656959e-002
3.348355e+003,4.651787e-002
3.348837e+003,4.645800e-002
3.349319e+003,4.639079e-002
3.349802e+003,4.631622e-002
3.350283e+003,4.623500e-002
3.350766e+003,4.615008e-002
3.351248e+003,4.606468e-002
3.351730e+003,4.598397e-002
3.352212e+003,4.591217e-002
3.352694e+003,4.585275e-002
3.353176e+003,4.580591e-002
3.353658e+003,4.576972e-002
3.354141e+003,4.573914e-002
3.354623e+003,4.570890e-002
3.355105e+003,4.567349e-002
3.355587e+003,4.562957e-002
3.356069e+003,4.557578e-002
3.356551e+003,4.551313e-002
3.357033e+003,4.544416e-002
3.357515e+003,4.537195e-002
3.357998e+003,4.530042e-002
3.358480e+003,4.523289e-002
3.358962e+003,4.517096e-002
3.359444e+003,4.511671e-002
3.359926e+003,4.506921e-002
3.360408e+003,4.502688e-002
3.360890e+003,4.498648e-002
3.361372e+003,4.494481e-002
3.361854e+003,4.489933e-002
3.362337e+003,4.484913e-002
3.362819e+003,4.479490e-002
3.363301e+003,4.473743e-002
3.363783e+003,4.467846e-002
3.364265e+003,4.461820e-002
3.364747e+003,4.455620e-002
3.365229e+003,4.449235e-002
3.365712e+003,4.442664e-002
3.366194e+003,4.436023e-002
3.366676e+003,4.429564e-002
3.367158e+003,4.423689e-002
3.367640e+003,4.418503e-002
3.368122e+003,4.414086e-002
3.368604e+003,4.410278e-002
3.369086e+003,4.406641e-002
3.369569e+003,4.402772e-002
3.370051e+003,4.398374e-002
3.370533e+003,4.393306e-002
3.371015e+003,4.387662e-002
3.371497e+003,4.381695e-002
3.371979e+003,4.375782e-002
3.372461e+003,4.370168e-002
3.372943e+003,4.364932e-002
3.373426e+003,4.360120e-002
3.373908e+003,4.355572e-002
3.374390e+003,4.351000e-002
3.374872e+003,4.346208e-002
3.375354e+003,4.340884e-002
3.375836e+003,4.334902e-002
3.376318e+003,4.328217e-002
3.376800e+003,4.320929e-002
3.377282e+003,4.313375e-002
3.377765e+003,4.305981e-002
3.378247e+003,4.299172e-002
3.378729e+003,4.293227e-002
3.379211e+003,4.288144e-002
3.379693e+003,4.283717e-002
3.380175e+003,4.279531e-002
3.380657e+003,4.275194e-002
3.381140e+003,4.270418e-002
3.381622e+003,4.265293e-002
3.382104e+003,4.260075e-002
3.382586e+003,4.255214e-002
3.383068e+003,4.251055e-002
3.383550e+003,4.247703e-002
3.384032e+003,4.245007e-002
3.384514e+003,4.242564e-002
3.384997e+003,4.239937e-002
3.385479e+003,4.236731e-002
3.385961e+003,4.232761e-002
3.386443e+003,4.228087e-002
3.386925e+003,4.222763e-002
3.387407e+003,4.216989e-002
3.387889e+003,4.210877e-002
3.388371e+003,4.204591e-002
3.388854e+003,4.198246e-002
3.389336e+003,4.192130e-002
3.389818e+003,4.186509e-002
3.390300e+003,4.181638e-002
3.390782e+003,4.177597e-002
3.391264e+003,4.174273e-002
3.391746e+003,4.171270e-002
3.392229e+003,4.168047e-002
3.392710e+003,4.164257e-002
3.393193e+003,4.159668e-002
3.393675e+003,4.154407e-002
3.394157e+003,4.148854e-002
3.394639e+003,4.143382e-002
3.395121e+003,4.138232e-002
3.395603e+003,4.133496e-002
3.396085e+003,4.129096e-002
3.396568e+003,4.124855e-002
3.397050e+003,4.120604e-002
3.397532e+003,4.116360e-002
3.398014e+003,4.112325e-002
3.398496e+003,4.108579e-002
3.398978e+003,4.105178e-002
3.399460e+003,4.101950e-002
3.399942e+003,4.098605e-002
3.400425e+003,4.094819e-002
3.400907e+003,4.090395e-002
3.401389e+003,4.085333e-002
3.401871e+003,4.079874e-002
3.402353e+003,4.074311e-002
3.402835e+003,4.069081e-002
3.403317e+003,4.064303e-002
3.403799e+003,4.059998e-002
3.404281e+003,4.056063e-002
3.404764e+003,4.052278e-002
3.405246e+003,4.048572e-002
3.405728e+003,4.044913e-002
3.406210e+003,4.041402e-002
3.406692e+003,4.038018e-002
3.407174e+003,4.034750e-002
3.407656e+003,4.031539e-002
3.408138e+003,4.028350e-002
3.408621e+003,4.025147e-002
3.409103e+003,4.021932e-002
3.409585e+003,4.018845e-002
3.410067e+003,4.015977e-002
3.410549e+003,4.013328e-002
3.411031e+003,4.010748e-002
3.411513e+003,4.008017e-002
3.411996e+003,4.004925e-002
3.412478e+003,4.001355e-002
3.412960e+003,3.997285e-002
3.413442e+003,3.992900e-002
3.413924e+003,3.988304e-002
3.414406e+003,3.983592e-002
3.414888e+003,3.978738e-002
3.415370e+003,3.973650e-002
3.415853e+003,3.968189e-002
3.416335e+003,3.962448e-002
3.416817e+003,3.956682e-002
3.417299e+003,3.951310e-002
3.417781e+003,3.946808e-002
3.418263e+003,3.943584e-002
3.418745e+003,3.941745e-002
3.419227e+003,3.941160e-002
3.419709e+003,3.941297e-002
3.420192e+003,3.941469e-002
3.420674e+003,3.941000e-002
3.421156e+003,3.939437e-002
3.421638e+003,3.936383e-002
3.422120e+003,3.931978e-002
3.422602e+003,3.926396e-002
3.423084e+003,3.919904e-002
3.423566e+003,3.913036e-002
3.424049e+003,3.906214e-002
3.424531e+003,3.899787e-002
3.425013e+003,3.894010e-002
3.425495e+003,3.888967e-002
3.425977e+003,3.884643e-002
3.426459e+003,3.880831e-002
3.426941e+003,3.877531e-002
3.427424e+003,3.874661e-002
3.427906e+003,3.872351e-002
3.428388e+003,3.870762e-002
3.428870e+003,3.869965e-002
3.429352e+003,3.869938e-002
3.429834e+003,3.870237e-002
3.430316e+003,3.870350e-002
3.430798e+003,3.869727e-002
3.431281e+003,3.867901e-002
3.431763e+003,3.864886e-002
3.432245e+003,3.860877e-002
3.432727e+003,3.856482e-002
3.433209e+003,3.852179e-002
3.433691e+003,3.848447e-002
3.434173e+003,3.845321e-002
3.434655e+003,3.842685e-002
3.435137e+003,3.840176e-002
3.435620e+003,3.837549e-002
3.436102e+003,3.834479e-002
3.436584e+003,3.830975e-002
3.437066e+003,3.827095e-002
3.437548e+003,3.822899e-002
3.438030e+003,3.818539e-002
3.438512e+003,3.814130e-002
3.438994e+003,3.809849e-002
3.439477e+003,3.806011e-002
3.439959e+003,3.802896e-002
3.440441e+003,3.800833e-002
3.440923e+003,3.799881e-002
3.441405e+003,3.799840e-002
3.441887e+003,3.800325e-002
3.442369e+003,3.800717e-002
3.442852e+003,3.800571e-002
3.443333e+003,3.799652e-002
3.443816e+003,3.798030e-002
3.444298e+003,3.796069e-002
3.444780e+003,3.794153e-002
3.445262e+003,3.792448e-002
3.445744e+003,3.790836e-002
3.446226e+003,3.789106e-002
3.446708e+003,3.786860e-002
3.447191e+003,3.783817e-002
3.447673e+003,3.780222e-002
3.448155e+003,3.776497e-002
3.448637e+003,3.773228e-002
3.449119e+003,3.770744e-002
3.449601e+003,3.769208e-002
3.450083e+003,3.768422e-002
3.450565e+003,3.767893e-002
3.451048e+003,3.767083e-002
3.451530e+003,3.765475e-002
3.452012e+003,3.762940e-002
3.452494e+003,3.759395e-002
3.452976e+003,3.755087e-002
3.453458e+003,3.750285e-002
3.453940e+003,3.745293e-002
3.454422e+003,3.740453e-002
3.454905e+003,3.735964e-002
3.455387e+003,3.732142e-002
3.455869e+003,3.729129e-002
3.456351e+003,3.726832e-002
3.456833e+003,3.725238e-002
3.457315e+003,3.724055e-002
3.457797e+003,3.722989e-002
3.458280e+003,3.721946e-002
3.458761e+003,3.720797e-002
3.459244e+003,3.719764e-002
3.459726e+003,3.719049e-002
3.460208e+003,3.718850e-002
3.460690e+003,3.719051e-002
3.461172e+003,3.719405e-002
3.461654e+003,3.719499e-002
3.462136e+003,3.718994e-002
3.462619e+003,3.717690e-002
3.463101e+003,3.715760e-002
3.463583e+003,3.713514e-002
3.464065e+003,3.711290e-002
3.464547e+003,3.709194e-002
3.465029e+003,3.707062e-002
3.465511e+003,3.704483e-002
3.465993e+003,3.701032e-002
3.466476e+003,3.696449e-002
3.466958e+003,3.690865e-002
3.467440e+003,3.684879e-002
3.467922e+003,3.679033e-002
3.468404e+003,3.673951e-002
3.468886e+003,3.669939e-002
3.469368e+003,3.666739e-002
3.469850e+003,3.663868e-002
3.470333e+003,3.660842e-002
3.470815e+003,3.657191e-002
3.471297e+003,3.652916e-002
3.471779e+003,3.648060e-002
3.472261e+003,3.643015e-002
3.472743e+003,3.638017e-002
3.473225e+003,3.633322e-002
3.473708e+003,3.628828e-002
3.474189e+003,3.624273e-002
3.474672e+003,3.619386e-002
3.475154e+003,3.614074e-002
3.475636e+003,3.608383e-002
3.476118e+003,3.602526e-002
3.476600e+003,3.596867e-002
3.477082e+003,3.591821e-002
3.477564e+003,3.587728e-002
3.478047e+003,3.584851e-002
3.478529e+003,3.583141e-002
3.479011e+003,3.582280e-002
3.479493e+003,3.581749e-002
3.479975e+003,3.580640e-002
3.480457e+003,3.578042e-002
3.480939e+003,3.573141e-002
3.481421e+003,3.565652e-002
3.481904e+003,3.555798e-002
3.482386e+003,3.544419e-002
3.482868e+003,3.532670e-002
3.483350e+003,3.521641e-002
3.483832e+003,3.512121e-002
3.484314e+003,3.504336e-002
3.484796e+003,3.498121e-002
3.485278e+003,3.493004e-002
3.485760e+003,3.488369e-002
3.486243e+003,3.483698e-002
3.486725e+003,3.478517e-002
3.487207e+003,3.472661e-002
3.487689e+003,3.466023e-002
3.488171e+003,3.458627e-002
3.488653e+003,3.450543e-002
3.489135e+003,3.442078e-002
3.489618e+003,3.433470e-002
3.490100e+003,3.425061e-002
3.490582e+003,3.417183e-002
3.491064e+003,3.409870e-002
3.491546e+003,3.403112e-002
3.492028e+003,3.396577e-002
3.492510e+003,3.389933e-002
3.492992e+003,3.382957e-002
3.493475e+003,3.375589e-002
3.493957e+003,3.367958e-002
3.494439e+003,3.360480e-002
3.494921e+003,3.353354e-002
3.495403e+003,3.346641e-002
3.495885e+003,3.340271e-002
3.496367e+003,3.333733e-002
3.496849e+003,3.326850e-002
3.497332e+003,3.319515e-002
3.497814e+003,3.312012e-002
3.498296e+003,3.304946e-002
3.498778e+003,3.299004e-002
3.499260e+003,3.294731e-002
3.499742e+003,3.292246e-002
3.500224e+003,3.291420e-002
3.500706e+003,3.291612e-002
3.501188e+003,3.292149e-002
3.501671e+003,3.292080e-002
3.502153e+003,3.290814e-002
3.502635e+003,3.287745e-002
3.503117e+003,3.282588e-002
3.503599e+003,3.275365e-002
3.504081e+003,3.266301e-002
3.504563e+003,3.256026e-002
3.505046e+003,3.245286e-002
3.505528e+003,3.235007e-002
3.506010e+003,3.226243e-002
3.506492e+003,3.219709e-002
3.506974e+003,3.215867e-002
3.507456e+003,3.214541e-002
3.507938e+003,3.215030e-002
3.508420e+003,3.216066e-002
3.508903e+003,3.216305e-002
3.509385e+003,3.214587e-002
3.509867e+003,3.210266e-002
3.510349e+003,3.203638e-002
3.510831e+003,3.195312e-002
3.511313e+003,3.186198e-002
3.511795e+003,3.176846e-002
3.512277e+003,3.167610e-002
3.512760e+003,3.158573e-002
3.513242e+003,3.149453e-002
3.513724e+003,3.140115e-002
3.514206e+003,3.130420e-002
3.514688e+003,3.120639e-002
3.515170e+003,3.111022e-002
3.515652e+003,3.102021e-002
3.516135e+003,3.094005e-002
3.516616e+003,3.087201e-002
3.517099e+003,3.081547e-002
3.517581e+003,3.076773e-002
3.518063e+003,3.072544e-002
3.518545e+003,3.068552e-002
3.519027e+003,3.064630e-002
3.519509e+003,3.060921e-002
3.519991e+003,3.057807e-002
3.520474e+003,3.055738e-002
3.520956e+003,3.055050e-002
3.521438e+003,3.055849e-002
3.521920e+003,3.057732e-002
3.522402e+003,3.059913e-002
3.522884e+003,3.061463e-002
3.523366e+003,3.061644e-002
3.523848e+003,3.060192e-002
3.524331e+003,3.057430e-002
3.524813e+003,3.053905e-002
3.525295e+003,3.050236e-002
3.525777e+003,3.046505e-002
3.526259e+003,3.042441e-002
3.526741e+003,3.037160e-002
3.527223e+003,3.029814e-002
3.527705e+003,3.020023e-002
3.528188e+003,3.008000e-002
3.528670e+003,2.994771e-002
3.529152e+003,2.981623e-002
3.529634e+003,2.969772e-002
3.530116e+003,2.959683e-002
3.530598e+003,2.951274e-002
3.531080e+003,2.943818e-002
3.531563e+003,2.936634e-002
3.532044e+003,2.929209e-002
3.532527e+003,2.921460e-002
3.533009e+003,2.913794e-002
3.533491e+003,2.906722e-002
3.533973e+003,2.900556e-002
3.534455e+003,2.895235e-002
3.534937e+003,2.890354e-002
3.535419e+003,2.885007e-002
3.535902e+003,2.878536e-002
3.536384e+003,2.870488e-002
3.536866e+003,2.861303e-002
3.537348e+003,2.851568e-002
3.537830e+003,2.842093e-002
3.538312e+003,2.833643e-002
3.538794e+003,2.826349e-002
3.539276e+003,2.820081e-002
3.539759e+003,2.814492e-002
3.540241e+003,2.809201e-002
3.540723e+003,2.804004e-002
3.541205e+003,2.799056e-002
3.541687e+003,2.794574e-002
3.542169e+003,2.791094e-002
3.542651e+003,2.788999e-002
3.543133e+003,2.788530e-002
3.543615e+003,2.789758e-002
3.544098e+003,2.792386e-002
3.544580e+003,2.795852e-002
3.545062e+003,2.799115e-002
3.545544e+003,2.800991e-002
3.546026e+003,2.800211e-002
3.546508e+003,2.795722e-002
3.546990e+003,2.787234e-002
3.547472e+003,2.775345e-002
3.547955e+003,2.761383e-002
3.548437e+003,2.746928e-002
3.548919e+003,2.733704e-002
3.549401e+003,2.723098e-002
3.549883e+003,2.715782e-002
3.550365e+003,2.711853e-002
3.550847e+003,2.710557e-002
3.551330e+003,2.710613e-002
3.551812e+003,2.710310e-002
3.552294e+003,2.708331e-002
3.552776e+003,2.703763e-002
3.553258e+003,2.696593e-002
3.553740e+003,2.687290e-002
3.554222e+003,2.676606e-002
3.554704e+003,2.665237e-002
3.555187e+003,2.653722e-002
3.555669e+003,2.642504e-002
3.556151e+003,2.631907e-002
3.556633e+003,2.622123e-002
3.557115e+003,2.613260e-002
3.557597e+003,2.605486e-002
3.558079e+003,2.598525e-002
3.558561e+003,2.592019e-002
3.559043e+003,2.585475e-002
3.559526e+003,2.578426e-002
3.560008e+003,2.570619e-002
3.560490e+003,2.562151e-002
3.560972e+003,2.553585e-002
3.561454e+003,2.545749e-002
3.561936e+003,2.539711e-002
3.562418e+003,2.536443e-002
3.562900e+003,2.536858e-002
3.563383e+003,2.541426e-002
3.563865e+003,2.550437e-002
3.564347e+003,2.563642e-002
3.564829e+003,2.580154e-002
3.565311e+003,2.598197e-002
3.565793e+003,2.614853e-002
3.566275e+003,2.626372e-002
3.566758e+003,2.629323e-002
3.567240e+003,2.622297e-002
3.567722e+003,2.606602e-002
3.568204e+003,2.585193e-002
3.568686e+003,2.561317e-002
3.569168e+003,2.537510e-002
3.569650e+003,2.515144e-002
3.570132e+003,2.494998e-002
3.570615e+003,2.477530e-002
3.571097e+003,2.462872e-002
3.571579e+003,2.450989e-002
3.572061e+003,2.441593e-002
3.572543e+003,2.434047e-002
3.573025e+003,2.427412e-002
3.573507e+003,2.420560e-002
3.573989e+003,2.412370e-002
3.574471e+003,2.402266e-002
3.574954e+003,2.389960e-002
3.575436e+003,2.376098e-002
3.575918e+003,2.361513e-002
3.576400e+003,2.347370e-002
3.576882e+003,2.334512e-002
3.577364e+003,2.323661e-002
3.577846e+003,2.315033e-002
3.578328e+003,2.308329e-002
3.578811e+003,2.303152e-002
3.579293e+003,2.298997e-002
3.579775e+003,2.295214e-002
3.580257e+003,2.291454e-002
3.580739e+003,2.287428e-002
3.581221e+003,2.283124e-002
3.581703e+003,2.278722e-002
3.582186e+003,2.274476e-002
3.582667e+003,2.270904e-002
3.583150e+003,2.268668e-002
3.583632e+003,2.268551e-002
3.584114e+003,2.271483e-002
3.584596e+003,2.278405e-002
3.585078e+003,2.289983e-002
3.585560e+003,2.306133e-002
3.586042e+003,2.325535e-002
3.586525e+003,2.344714e-002
3.587007e+003,2.358941e-002
3.587489e+003,2.363639e-002
3.587971e+003,2.356944e-002
3.588453e+003,2.340519e-002
3.588935e+003,2.318298e-002
3.589417e+003,2.294637e-002
3.589899e+003,2.272965e-002
3.590382e+003,2.255442e-002
3.590864e+003,2.243312e-002
3.591346e+003,2.236974e-002
3.591828e+003,2.236152e-002
3.592310e+003,2.239821e-002
3.592792e+003,2.246570e-002
3.593274e+003,2.254554e-002
3.593756e+003,2.261972e-002
3.594239e+003,2.267217e-002
3.594721e+003,2.269540e-002
3.595203e+003,2.268805e-002
3.595685e+003,2.265543e-002
3.596167e+003,2.260672e-002
3.596649e+003,2.255112e-002
3.597131e+003,2.250045e-002
3.597614e+003,2.246392e-002
3.598095e+003,2.244964e-002
3.598578e+003,2.246353e-002
3.599060e+003,2.250659e-002
3.599542e+003,2.257216e-002
3.600024e+003,2.264755e-002
3.600506e+003,2.271413e-002
3.600988e+003,2.275470e-002
3.601470e+003,2.275654e-002
3.601953e+003,2.271502e-002
3.602435e+003,2.263438e-002
3.602917e+003,2.252526e-002
3.603399e+003,2.239928e-002
3.603881e+003,2.227206e-002
3.604363e+003,2.215706e-002
3.604845e+003,2.206723e-002
3.605327e+003,2.201517e-002
3.605810e+003,2.200988e-002
3.606292e+003,2.205342e-002
3.606774e+003,2.213685e-002
3.607256e+003,2.223533e-002
3.607738e+003,2.231445e-002
3.608220e+003,2.233853e-002
3.608702e+003,2.228840e-002
3.609184e+003,2.216826e-002
3.609667e+003,2.200104e-002
3.610149e+003,2.182166e-002
3.610631e+003,2.166275e-002
3.611113e+003,2.155125e-002
3.611595e+003,2.150220e-002
3.612077e+003,2.151478e-002
3.612559e+003,2.157262e-002
3.613042e+003,2.164396e-002
3.613524e+003,2.169601e-002
3.614006e+003,2.170643e-002
3.614488e+003,2.167132e-002
3.614970e+003,2.160280e-002
3.615452e+003,2.152030e-002
3.615934e+003,2.144422e-002
3.616416e+003,2.139011e-002
3.616898e+003,2.136770e-002
3.617381e+003,2.137698e-002
3.617863e+003,2.140633e-002
3.618345e+003,2.143288e-002
3.618827e+003,2.142564e-002
3.619309e+003,2.135933e-002
3.619791e+003,2.122151e-002
3.620273e+003,2.101766e-002
3.620755e+003,2.076527e-002
3.621238e+003,2.048526e-002
3.621720e+003,2.019794e-002
3.622202e+003,1.991861e-002
3.622684e+003,1.965944e-002
3.623166e+003,1.942928e-002
3.623648e+003,1.923313e-002
3.624130e+003,1.907415e-002
3.624612e+003,1.895464e-002
3.625094e+003,1.887450e-002
3.625577e+003,1.883798e-002
3.626059e+003,1.885350e-002
3.626541e+003,1.893554e-002
3.627023e+003,1.910227e-002
3.627505e+003,1.936178e-002
3.627987e+003,1.968615e-002
3.628469e+003,1.999277e-002
3.628952e+003,2.017177e-002
3.629434e+003,2.016495e-002
3.629916e+003,1.999660e-002
3.630398e+003,1.973991e-002
3.630880e+003,1.946504e-002
3.631362e+003,1.921902e-002
3.631844e+003,1.902949e-002
3.632326e+003,1.890862e-002
3.632809e+003,1.885351e-002
3.633291e+003,1.884773e-002
3.633773e+003,1.886327e-002
3.634255e+003,1.886979e-002
3.634737e+003,1.884767e-002
3.635219e+003,1.879203e-002
3.635701e+003,1.871016e-002
3.636183e+003,1.861853e-002
3.636666e+003,1.853199e-002
3.637148e+003,1.846080e-002
3.637630e+003,1.840630e-002
3.638112e+003,1.836325e-002
3.638594e+003,1.832409e-002
3.639076e+003,1.828224e-002
3.639558e+003,1.823611e-002
3.640041e+003,1.818911e-002
3.640522e+003,1.814528e-002
3.641005e+003,1.810704e-002
3.641487e+003,1.807100e-002
3.641969e+003,1.803262e-002
3.642451e+003,1.798655e-002
3.642933e+003,1.793143e-002
3.643415e+003,1.787580e-002
3.643897e+003,1.783372e-002
3.644380e+003,1.782595e-002
3.644862e+003,1.787496e-002
3.645344e+003,1.800120e-002
3.645826e+003,1.822059e-002
3.646308e+003,1.853468e-002
3.646790e+003,1.892949e-002
3.647272e+003,1.937014e-002
3.647754e+003,1.980944e-002
3.648237e+003,2.019326e-002
3.648719e+003,2.047073e-002
3.649201e+003,2.059653e-002
3.649683e+003,2.053726e-002
3.650165e+003,2.029189e-002
3.650647e+003,1.989999e-002
3.651129e+003,1.942529e-002
3.651611e+003,1.893481e-002
3.652094e+003,1.847753e-002
3.652576e+003,1.808477e-002
3.653058e+003,1.777426e-002
3.653540e+003,1.755468e-002
3.654022e+003,1.743005e-002
3.654504e+003,1.739684e-002
3.654986e+003,1.743820e-002
3.655469e+003,1.752059e-002
3.655950e+003,1.759651e-002
3.656433e+003,1.762431e-002
3.656915e+003,1.758449e-002
3.657397e+003,1.748585e-002
3.657879e+003,1.735079e-002
3.658361e+003,1.720271e-002
3.658843e+003,1.706050e-002
3.659325e+003,1.693370e-002
3.659808e+003,1.682489e-002
3.660290e+003,1.673384e-002
3.660772e+003,1.665612e-002
3.661254e+003,1.658770e-002
3.661736e+003,1.652454e-002
3.662218e+003,1.646394e-002
3.662700e+003,1.640333e-002
3.663182e+003,1.634221e-002
3.663665e+003,1.627777e-002
3.664147e+003,1.620914e-002
3.664629e+003,1.613571e-002
3.665111e+003,1.605846e-002
3.665593e+003,1.598279e-002
3.666075e+003,1.591729e-002
3.666557e+003,1.587558e-002
3.667039e+003,1.587779e-002
3.667521e+003,1.594763e-002
3.668004e+003,1.610797e-002
3.668486e+003,1.636796e-002
3.668968e+003,1.670263e-002
3.669450e+003,1.704236e-002
3.669932e+003,1.729105e-002
3.670414e+003,1.738541e-002
3.670896e+003,1.733039e-002
3.671378e+003,1.718203e-002
3.671861e+003,1.701175e-002
3.672343e+003,1.688350e-002
3.672825e+003,1.685165e-002
3.673307e+003,1.696667e-002
3.673789e+003,1.726468e-002
3.674271e+003,1.774341e-002
3.674753e+003,1.830826e-002
3.675236e+003,1.876637e-002
3.675718e+003,1.894112e-002
3.676200e+003,1.880913e-002
3.676682e+003,1.848275e-002
3.677164e+003,1.809179e-002
3.677646e+003,1.771757e-002
3.678128e+003,1.739164e-002
3.678610e+003,1.711460e-002
3.679093e+003,1.686981e-002
3.679575e+003,1.663745e-002
3.680057e+003,1.640246e-002
3.680539e+003,1.616092e-002
3.681021e+003,1.591972e-002
3.681503e+003,1.569131e-002
3.681985e+003,1.548837e-002
3.682467e+003,1.531965e-002
3.682949e+003,1.518761e-002
3.683432e+003,1.508611e-002
3.683914e+003,1.500700e-002
3.684396e+003,1.494095e-002
3.684878e+003,1.488498e-002
3.685360e+003,1.484404e-002
3.685842e+003,1.483254e-002
3.686324e+003,1.487221e-002
3.686806e+003,1.498772e-002
3.687289e+003,1.519823e-002
3.687771e+003,1.550333e-002
3.688253e+003,1.587509e-002
3.688735e+003,1.625802e-002
3.689217e+003,1.658890e-002
3.689699e+003,1.682270e-002
3.690181e+003,1.694216e-002
3.690664e+003,1.695179e-002
3.691146e+003,1.686885e-002
3.691628e+003,1.671320e-002
3.692110e+003,1.650822e-002
3.692592e+003,1.627750e-002
3.693074e+003,1.604465e-002
3.693556e+003,1.582932e-002
3.694038e+003,1.564722e-002
3.694521e+003,1.550414e-002
3.695003e+003,1.539936e-002
3.695485e+003,1.532238e-002
3.695967e+003,1.525823e-002
3.696449e+003,1.519395e-002
3.696931e+003,1.512211e-002
3.697413e+003,1.504493e-002
3.697895e+003,1.497566e-002
3.698377e+003,1.492702e-002
3.698860e+003,1.491226e-002
3.699342e+003,1.493833e-002
3.699824e+003,1.500067e-002
3.700306e+003,1.508393e-002
3.700788e+003,1.516239e-002
3.701270e+003,1.520894e-002
3.701752e+003,1.520522e-002
3.702234e+003,1.514974e-002
3.702717e+003,1.505450e-002
3.703199e+003,1.493892e-002
3.703681e+003,1.482122e-002
3.704163e+003,1.471440e-002
3.704645e+003,1.462700e-002
3.705127e+003,1.456411e-002
3.705609e+003,1.453107e-002
3.706092e+003,1.453271e-002
3.706573e+003,1.457537e-002
3.707056e+003,1.466515e-002
3.707538e+003,1.480690e-002
3.708020e+003,1.500512e-002
3.708502e+003,1.526086e-002
3.708984e+003,1.556881e-002
3.709466e+003,1.591439e-002
3.709948e+003,1.626783e-002
3.710431e+003,1.658268e-002
3.710913e+003,1.680784e-002
3.711395e+003,1.690372e-002
3.711877e+003,1.686118e-002
3.712359e+003,1.670365e-002
3.712841e+003,1.647140e-002
3.713323e+003,1.620520e-002
3.713805e+003,1.593586e-002
3.714288e+003,1.568316e-002
3.714770e+003,1.545962e-002
3.715252e+003,1.527173e-002
3.715734e+003,1.512507e-002
3.716216e+003,1.502363e-002
3.716698e+003,1.496666e-002
3.717180e+003,1.495157e-002
3.717662e+003,1.496743e-002
3.718145e+003,1.500245e-002
3.718627e+003,1.504170e-002
3.719109e+003,1.507612e-002
3.719591e+003,1.510606e-002
3.720073e+003,1.513826e-002
3.720555e+003,1.518464e-002
3.721037e+003,1.525519e-002
3.721520e+003,1.535040e-002
3.722001e+003,1.546121e-002
3.722484e+003,1.556831e-002
3.722966e+003,1.565303e-002
3.723448e+003,1.570539e-002
3.723930e+003,1.572724e-002
3.724412e+003,1.572728e-002
3.724894e+003,1.571897e-002
3.725376e+003,1.570742e-002
3.725859e+003,1.568888e-002
3.726341e+003,1.565014e-002
3.726823e+003,1.557711e-002
3.727305e+003,1.546466e-002
3.727787e+003,1.531977e-002
3.728269e+003,1.515914e-002
3.728751e+003,1.500809e-002
3.729233e+003,1.489180e-002
3.729716e+003,1.483710e-002
3.730198e+003,1.486584e-002
3.730680e+003,1.499152e-002
3.731162e+003,1.521533e-002
3.731644e+003,1.552236e-002
3.732126e+003,1.588685e-002
3.732608e+003,1.628461e-002
3.733090e+003,1.669782e-002
3.733573e+003,1.711925e-002
3.734055e+003,1.753539e-002
3.734537e+003,1.791295e-002
3.735019e+003,1.819145e-002
3.735501e+003,1.830983e-002
3.735983e+003,1.824710e-002
3.736465e+003,1.803937e-002
3.736948e+003,1.775526e-002
3.737430e+003,1.745998e-002
3.737912e+003,1.719422e-002
3.738394e+003,1.697274e-002
3.738876e+003,1.679242e-002
3.739358e+003,1.663936e-002
3.739840e+003,1.649904e-002
3.740322e+003,1.636246e-002
3.740804e+003,1.622923e-002
3.741287e+003,1.611125e-002
3.741769e+003,1.603219e-002
3.742251e+003,1.602148e-002
3.742733e+003,1.611234e-002
3.743215e+003,1.631924e-002
3.743697e+003,1.661493e-002
3.744179e+003,1.691088e-002
3.744661e+003,1.709887e-002
3.745144e+003,1.712854e-002
3.745626e+003,1.703367e-002
3.746108e+003,1.688297e-002
3.746590e+003,1.674316e-002
3.747072e+003,1.666039e-002
3.747554e+003,1.666667e-002
3.748036e+003,1.678061e-002
3.748518e+003,1.700892e-002
3.749000e+003,1.733763e-002
3.749483e+003,1.772539e-002
3.749965e+003,1.810832e-002
3.750447e+003,1.841778e-002
3.750929e+003,1.859840e-002
3.751411e+003,1.862379e-002
3.751893e+003,1.849856e-002
3.752375e+003,1.825109e-002
3.752858e+003,1.792175e-002
3.753340e+003,1.755191e-002
3.753822e+003,1.717765e-002
3.754304e+003,1.682815e-002
3.754786e+003,1.652589e-002
3.755268e+003,1.628783e-002
3.755750e+003,1.612678e-002
3.756232e+003,1.604715e-002
3.756715e+003,1.604456e-002
3.757197e+003,1.610320e-002
3.757679e+003,1.619806e-002
3.758161e+003,1.629924e-002
3.758643e+003,1.637895e-002
3.759125e+003,1.641250e-002
3.759607e+003,1.638705e-002
3.760089e+003,1.629918e-002
3.760572e+003,1.615956e-002
3.761054e+003,1.598758e-002
3.761536e+003,1.580627e-002
3.762018e+003,1.564103e-002
3.762500e+003,1.551402e-002
3.762982e+003,1.544502e-002
3.763464e+003,1.544876e-002
3.763947e+003,1.552578e-002
3.764428e+003,1.566012e-002
3.764911e+003,1.581427e-002
3.765393e+003,1.594619e-002
3.765875e+003,1.602370e-002
3.766357e+003,1.604252e-002
3.766839e+003,1.602339e-002
3.767321e+003,1.599759e-002
3.767803e+003,1.599598e-002
3.768286e+003,1.603787e-002
3.768768e+003,1.612176e-002
3.769250e+003,1.622296e-002
3.769732e+003,1.630275e-002
3.770214e+003,1.632780e-002
3.770696e+003,1.628471e-002
3.771178e+003,1.618697e-002
3.771660e+003,1.605930e-002
3.772143e+003,1.592593e-002
3.772625e+003,1.580364e-002
3.773107e+003,1.569836e-002
3.773589e+003,1.560835e-002
3.774071e+003,1.552664e-002
3.774553e+003,1.544833e-002
3.775035e+003,1.537164e-002
3.775517e+003,1.530125e-002
3.776000e+003,1.524826e-002
3.776482e+003,1.522722e-002
3.776964e+003,1.525267e-002
3.777446e+003,1.533281e-002
3.777928e+003,1.546694e-002
3.778410e+003,1.563650e-002
3.778892e+003,1.580789e-002
3.779375e+003,1.594040e-002
3.779856e+003,1.600529e-002
3.780339e+003,1.599670e-002
3.780821e+003,1.593157e-002
3.781303e+003,1.583974e-002
3.781785e+003,1.575143e-002
3.782267e+003,1.569244e-002
3.782749e+003,1.567888e-002
3.783231e+003,1.571416e-002
3.783714e+003,1.578958e-002
3.784196e+003,1.588338e-002
3.784678e+003,1.596758e-002
3.785160e+003,1.602065e-002
3.785642e+003,1.603384e-002
3.786124e+003,1.601181e-002
3.786606e+003,1.596761e-002
3.787088e+003,1.591465e-002
3.787571e+003,1.586270e-002
3.788053e+003,1.581542e-002
3.788535e+003,1.577130e-002
3.789017e+003,1.572628e-002
3.789499e+003,1.567719e-002
3.789981e+003,1.562227e-002
3.790463e+003,1.556314e-002
3.790945e+003,1.550388e-002
3.791427e+003,1.544840e-002
3.791910e+003,1.540179e-002
3.792392e+003,1.536963e-002
3.792874e+003,1.535890e-002
3.793356e+003,1.537874e-002
3.793838e+003,1.543868e-002
3.794320e+003,1.554662e-002
3.794802e+003,1.570294e-002
3.795284e+003,1.589323e-002
3.795767e+003,1.608637e-002
3.796249e+003,1.624199e-002
3.796731e+003,1.633007e-002
3.797213e+003,1.634370e-002
3.797695e+003,1.630434e-002
3.798177e+003,1.624935e-002
3.798659e+003,1.622040e-002
3.799142e+003,1.625538e-002
3.799624e+003,1.638230e-002
3.800106e+003,1.660389e-002
3.800588e+003,1.688383e-002
3.801070e+003,1.713780e-002
3.801552e+003,1.727426e-002
3.802034e+003,1.725391e-002
3.802516e+003,1.711020e-002
3.802999e+003,1.691287e-002
3.803481e+003,1.672430e-002
3.803963e+003,1.658510e-002
3.804445e+003,1.651717e-002
3.804927e+003,1.653008e-002
3.805409e+003,1.661904e-002
3.805891e+003,1.675999e-002
3.806373e+003,1.690635e-002
3.806855e+003,1.700241e-002
3.807338e+003,1.701017e-002
3.807820e+003,1.692769e-002
3.808302e+003,1.678157e-002
3.808784e+003,1.660586e-002
3.809266e+003,1.642694e-002
3.809748e+003,1.626048e-002
3.810230e+003,1.611236e-002
3.810712e+003,1.598142e-002
3.811195e+003,1.586372e-002
3.811677e+003,1.575620e-002
3.812159e+003,1.565860e-002
3.812641e+003,1.557730e-002
3.813123e+003,1.552469e-002
3.813605e+003,1.551632e-002
3.814087e+003,1.557007e-002
3.814570e+003,1.569516e-002
3.815052e+003,1.587837e-002
3.815534e+003,1.607963e-002
3.816016e+003,1.624446e-002
3.816498e+003,1.633820e-002
3.816980e+003,1.636428e-002
3.817462e+003,1.635651e-002
3.817944e+003,1.636087e-002
3.818427e+003,1.642082e-002
3.818909e+003,1.657294e-002
3.819391e+003,1.683644e-002
3.819873e+003,1.719777e-002
3.820355e+003,1.758778e-002
3.820837e+003,1.788905e-002
3.821319e+003,1.800560e-002
3.821801e+003,1.792492e-002
3.822283e+003,1.771263e-002
3.822766e+003,1.745193e-002
3.823248e+003,1.720336e-002
3.823730e+003,1.700059e-002
3.824212e+003,1.685731e-002
3.824694e+003,1.677444e-002
3.825176e+003,1.674378e-002
3.825658e+003,1.674691e-002
3.826140e+003,1.675862e-002
3.826623e+003,1.675151e-002
3.827105e+003,1.670879e-002
3.827587e+003,1.662533e-002
3.828069e+003,1.651122e-002
3.828551e+003,1.638250e-002
3.829033e+003,1.625605e-002
3.829515e+003,1.614893e-002
3.829998e+003,1.607229e-002
3.830479e+003,1.603087e-002
3.830962e+003,1.602187e-002
3.831444e+003,1.603401e-002
3.831926e+003,1.605385e-002
3.832408e+003,1.606843e-002
3.832890e+003,1.607404e-002
3.833372e+003,1.607453e-002
3.833854e+003,1.608194e-002
3.834337e+003,1.611141e-002
3.834819e+003,1.617925e-002
3.835301e+003,1.630153e-002
3.835783e+003,1.648956e-002
3.836265e+003,1.674519e-002
3.836747e+003,1.705872e-002
3.837229e+003,1.740155e-002
3.837711e+003,1.773117e-002
3.838194e+003,1.799795e-002
3.838676e+003,1.816466e-002
3.839158e+003,1.821941e-002
3.839640e+003,1.818080e-002
3.840122e+003,1.808558e-002
3.840604e+003,1.797465e-002
3.841086e+003,1.787901e-002
3.841568e+003,1.781422e-002
3.842051e+003,1.777760e-002
3.842533e+003,1.775062e-002
3.843015e+003,1.770304e-002
3.843497e+003,1.760745e-002
3.843979e+003,1.744465e-002
3.844461e+003,1.721734e-002
3.844943e+003,1.694432e-002
3.845426e+003,1.665661e-002
3.845907e+003,1.638470e-002
3.846390e+003,1.615215e-002
3.846872e+003,1.597323e-002
3.847354e+003,1.584988e-002
3.847836e+003,1.577361e-002
3.848318e+003,1.572925e-002
3.848800e+003,1.569955e-002
3.849282e+003,1.567203e-002
3.849765e+003,1.564709e-002
3.850247e+003,1.564415e-002
3.850729e+003,1.570716e-002
3.851211e+003,1.590312e-002
3.851693e+003,1.630986e-002
3.852175e+003,1.697207e-002
3.852657e+003,1.781390e-002
3.853139e+003,1.860202e-002
3.853622e+003,1.907878e-002
3.854104e+003,1.916422e-002
3.854586e+003,1.896497e-002
3.855068e+003,1.863393e-002
3.855550e+003,1.828338e-002
3.856032e+003,1.797130e-002
3.856514e+003,1.771796e-002
3.856996e+003,1.751935e-002
3.857479e+003,1.736268e-002
3.857961e+003,1.723311e-002
3.858443e+003,1.711928e-002
3.858925e+003,1.701550e-002
3.859407e+003,1.692100e-002
3.859889e+003,1.683888e-002
3.860371e+003,1.677225e-002
3.860854e+003,1.672486e-002
3.861336e+003,1.669929e-002
3.861818e+003,1.670112e-002
3.862300e+003,1.673694e-002
3.862782e+003,1.681401e-002
3.863264e+003,1.693261e-002
3.863746e+003,1.707853e-002
3.864228e+003,1.721816e-002
3.864710e+003,1.730893e-002
3.865193e+003,1.732054e-002
3.865675e+003,1.724920e-002
3.866157e+003,1.712154e-002
3.866639e+003,1.698040e-002
3.867121e+003,1.687431e-002
3.867603e+003,1.685066e-002
3.868085e+003,1.694895e-002
3.868567e+003,1.718103e-002
3.869050e+003,1.751036e-002
3.869532e+003,1.784178e-002
3.870014e+003,1.806641e-002
3.870496e+003,1.813114e-002
3.870978e+003,1.806339e-002
3.871460e+003,1.793339e-002
3.871942e+003,1.780920e-002
3.872424e+003,1.773218e-002
3.872906e+003,1.771157e-002
3.873389e+003,1.772350e-002
3.873871e+003,1.772220e-002
3.874353e+003,1.766046e-002
3.874835e+003,1.751644e-002
3.875317e+003,1.730195e-002
3.875799e+003,1.704930e-002
3.876281e+003,1.679714e-002
3.876764e+003,1.657596e-002
3.877246e+003,1.640872e-002
3.877728e+003,1.631060e-002
3.878210e+003,1.629148e-002
3.878692e+003,1.635229e-002
3.879174e+003,1.648411e-002
3.879656e+003,1.665687e-002
3.880138e+003,1.682658e-002
3.880621e+003,1.694725e-002
3.881103e+003,1.699235e-002
3.881585e+003,1.696263e-002
3.882067e+003,1.688301e-002
3.882549e+003,1.678688e-002
3.883031e+003,1.671126e-002
3.883513e+003,1.668877e-002
3.883995e+003,1.674413e-002
3.884478e+003,1.687946e-002
3.884960e+003,1.706645e-002
3.885442e+003,1.724596e-002
3.885924e+003,1.735672e-002
3.886406e+003,1.736824e-002
3.886888e+003,1.729310e-002
3.887370e+003,1.716968e-002
3.887853e+003,1.704051e-002
3.888334e+003,1.694489e-002
3.888817e+003,1.691367e-002
3.889299e+003,1.696731e-002
3.889781e+003,1.711145e-002
3.890263e+003,1.732740e-002
3.890745e+003,1.756882e-002
3.891227e+003,1.777060e-002
3.891709e+003,1.787392e-002
3.892192e+003,1.785046e-002
3.892674e+003,1.770812e-002
3.893156e+003,1.747895e-002
3.893638e+003,1.720479e-002
3.894120e+003,1.692292e-002
3.894602e+003,1.666461e-002
3.895084e+003,1.645215e-002
3.895566e+003,1.630144e-002
3.896049e+003,1.622134e-002
3.896531e+003,1.621449e-002
3.897013e+003,1.627777e-002
3.897495e+003,1.640157e-002
3.897977e+003,1.656936e-002
3.898459e+003,1.676030e-002
3.898941e+003,1.695261e-002
3.899423e+003,1.712985e-002
3.899906e+003,1.728562e-002
3.900388e+003,1.742576e-002
3.900870e+003,1.756478e-002
3.901352e+003,1.771899e-002
3.901834e+003,1.789913e-002
3.902316e+003,1.810415e-002
3.902798e+003,1.831762e-002
3.903281e+003,1.850567e-002
3.903762e+003,1.863010e-002
3.904245e+003,1.866091e-002
3.904727e+003,1.859022e-002
3.905209e+003,1.843711e-002
3.905691e+003,1.823073e-002
3.906173e+003,1.800497e-002
3.906655e+003,1.778428e-002
3.907137e+003,1.758450e-002
3.907620e+003,1.741020e-002
3.908102e+003,1.726033e-002
3.908584e+003,1.713163e-002
3.909066e+003,1.701874e-002
3.909548e+003,1.691839e-002
3.910030e+003,1.682954e-002
3.910512e+003,1.675009e-002
3.910994e+003,1.668149e-002
3.911477e+003,1.662242e-002
3.911959e+003,1.657303e-002
3.912441e+003,1.653463e-002
3.912923e+003,1.651061e-002
3.913405e+003,1.650636e-002
3.913887e+003,1.652948e-002
3.914369e+003,1.658599e-002
3.914851e+003,1.667842e-002
3.915333e+003,1.680153e-002
3.915816e+003,1.694146e-002
3.916298e+003,1.707972e-002
3.916780e+003,1.719705e-002
3.917262e+003,1.728322e-002
3.917744e+003,1.733688e-002
3.918226e+003,1.736551e-002
3.918708e+003,1.737827e-002
3.919190e+003,1.738212e-002
3.919673e+003,1.737966e-002
3.920155e+003,1.737130e-002
3.920637e+003,1.735900e-002
3.921119e+003,1.734762e-002
3.921601e+003,1.734450e-002
3.922083e+003,1.735766e-002
3.922565e+003,1.739144e-002
3.923048e+003,1.744059e-002
3.923530e+003,1.749185e-002
3.924012e+003,1.752277e-002
3.924494e+003,1.751336e-002
3.924976e+003,1.745402e-002
3.925458e+003,1.735052e-002
3.925940e+003,1.722348e-002
3.926422e+003,1.709602e-002
3.926905e+003,1.698917e-002
3.927387e+003,1.691621e-002
3.927869e+003,1.688253e-002
3.928351e+003,1.688671e-002
3.928833e+003,1.692309e-002
3.929315e+003,1.698553e-002
3.929797e+003,1.706823e-002
3.930279e+003,1.716398e-002
3.930761e+003,1.726673e-002
3.931244e+003,1.736464e-002
3.931726e+003,1.744337e-002
3.932208e+003,1.748776e-002
3.932690e+003,1.748635e-002
3.933172e+003,1.743846e-002
3.933654e+003,1.735370e-002
3.934136e+003,1.724771e-002
3.934618e+003,1.713961e-002
3.935101e+003,1.704399e-002
3.935583e+003,1.696837e-002
3.936065e+003,1.691565e-002
3.936547e+003,1.688005e-002
3.937029e+003,1.685274e-002
3.937511e+003,1.682542e-002
3.937993e+003,1.679322e-002
3.938476e+003,1.675706e-002
3.938958e+003,1.672419e-002
3.939440e+003,1.670448e-002
3.939922e+003,1.670956e-002
3.940404e+003,1.674641e-002
3.940886e+003,1.681545e-002
3.941368e+003,1.690719e-002
3.941850e+003,1.700436e-002
3.942333e+003,1.708323e-002
3.942815e+003,1.712279e-002
3.943297e+003,1.711367e-002
3.943779e+003,1.706230e-002
3.944261e+003,1.698466e-002
3.944743e+003,1.690503e-002
3.945225e+003,1.684465e-002
3.945707e+003,1.682057e-002
3.946189e+003,1.684111e-002
3.946672e+003,1.690379e-002
3.947154e+003,1.699739e-002
3.947636e+003,1.710158e-002
3.948118e+003,1.719432e-002
3.948600e+003,1.725549e-002
3.949082e+003,1.727570e-002
3.949564e+003,1.725375e-002
3.950046e+003,1.719676e-002
3.950529e+003,1.711662e-002
3.951011e+003,1.702550e-002
3.951493e+003,1.693594e-002
3.951975e+003,1.685615e-002
3.952457e+003,1.679314e-002
3.952939e+003,1.675061e-002
3.953421e+003,1.672858e-002
3.953904e+003,1.672361e-002
3.954385e+003,1.673028e-002
3.954868e+003,1.674092e-002
3.955350e+003,1.674812e-002
3.955832e+003,1.674514e-002
3.956314e+003,1.673010e-002
3.956796e+003,1.670434e-002
3.957278e+003,1.667129e-002
3.957760e+003,1.663770e-002
3.958243e+003,1.661073e-002
3.958725e+003,1.659606e-002
3.959207e+003,1.659822e-002
3.959689e+003,1.661772e-002
3.960171e+003,1.665353e-002
3.960653e+003,1.669929e-002
3.961135e+003,1.674797e-002
3.961617e+003,1.679030e-002
3.962100e+003,1.681860e-002
3.962582e+003,1.682873e-002
3.963064e+003,1.682216e-002
3.963546e+003,1.680285e-002
3.964028e+003,1.678076e-002
3.964510e+003,1.676410e-002
3.964992e+003,1.675963e-002
3.965474e+003,1.677043e-002
3.965957e+003,1.679463e-002
3.966439e+003,1.682720e-002
3.966921e+003,1.686322e-002
3.967403e+003,1.689713e-002
3.967885e+003,1.692561e-002
3.968367e+003,1.694745e-002
3.968849e+003,1.696305e-002
3.969332e+003,1.697321e-002
3.969813e+003,1.697740e-002
3.970296e+003,1.697521e-002
3.970778e+003,1.696797e-002
3.971260e+003,1.695781e-002
3.971742e+003,1.695030e-002
3.972224e+003,1.695129e-002
3.972706e+003,1.696544e-002
3.973188e+003,1.699635e-002
3.973671e+003,1.704123e-002
3.974153e+003,1.709503e-002
3.974635e+003,1.714791e-002
3.975117e+003,1.719070e-002
3.975599e+003,1.721660e-002
3.976081e+003,1.722228e-002
3.976563e+003,1.720947e-002
3.977045e+003,1.718334e-002
3.977528e+003,1.715188e-002
3.978010e+003,1.712134e-002
3.978492e+003,1.709759e-002
3.978974e+003,1.708315e-002
3.979456e+003,1.707736e-002
3.979938e+003,1.707677e-002
3.980420e+003,1.707577e-002
3.980902e+003,1.706865e-002
3.981385e+003,1.705113e-002
3.981867e+003,1.702308e-002
3.982349e+003,1.698717e-002
3.982831e+003,1.694951e-002
3.983313e+003,1.691744e-002
3.983795e+003,1.689590e-002
3.984277e+003,1.688768e-002
3.984760e+003,1.689025e-002
3.985242e+003,1.689910e-002
3.985724e+003,1.690794e-002
3.986206e+003,1.691399e-002
3.986688e+003,1.691670e-002
3.987170e+003,1.691888e-002
3.987652e+003,1.692520e-002
3.988134e+003,1.693872e-002
3.988616e+003,1.696065e-002
3.989099e+003,1.698700e-002
3.989581e+003,1.701308e-002
3.990063e+003,1.703276e-002
3.990545e+003,1.704296e-002
3.991027e+003,1.704529e-002
3.991509e+003,1.704441e-002
3.991991e+003,1.704606e-002
3.992473e+003,1.705560e-002
3.992956e+003,1.707450e-002
3.993438e+003,1.710035e-002
3.993920e+003,1.712714e-002
3.994402e+003,1.714805e-002
3.994884e+003,1.715801e-002
3.995366e+003,1.715272e-002
3.995848e+003,1.713300e-002
3.996330e+003,1.710083e-002
3.996813e+003,1.706037e-002
3.997295e+003,1.701735e-002
3.997777e+003,1.697673e-002
3.998259e+003,1.694279e-002
3.998741e+003,1.692008e-002
3.999223e+003,1.691102e-002
3.999705e+003,1.691653e-002
4.000188e+003,1.693423e-002
