3.996813e+002,0.000000e+000
4.001635e+002,1.529476e-002
4.006456e+002,1.553847e-002
4.011277e+002,1.580355e-002
4.016098e+002,1.608455e-002
4.020919e+002,1.637388e-002
4.025741e+002,1.666049e-002
4.030562e+002,1.693342e-002
4.035383e+002,1.718081e-002
4.040204e+002,1.739028e-002
4.045026e+002,1.754864e-002
4.049847e+002,1.764383e-002
4.054668e+002,1.767197e-002
4.059489e+002,1.764314e-002
4.064311e+002,1.758394e-002
4.069132e+002,1.752914e-002
4.073953e+002,1.750749e-002
4.078774e+002,1.753321e-002
4.083596e+002,1.760249e-002
4.088417e+002,1.769815e-002
4.093238e+002,1.779665e-002
4.098059e+002,1.787851e-002
4.102881e+002,1.793523e-002
4.107702e+002,1.797210e-002
4.112523e+002,1.800277e-002
4.117344e+002,1.804194e-002
4.122166e+002,1.809948e-002
4.126987e+002,1.817803e-002
4.131808e+002,1.827471e-002
4.136629e+002,1.838373e-002
4.141451e+002,1.850018e-002
4.146272e+002,1.862182e-002
4.151093e+002,1.874793e-002
4.155914e+002,1.887862e-002
4.160736e+002,1.901121e-002
4.165557e+002,1.913835e-002
4.170378e+002,1.924743e-002
4.175200e+002,1.932103e-002
4.180021e+002,1.934492e-002
4.184842e+002,1.931998e-002
4.189663e+002,1.927031e-002
4.194484e+002,1.923008e-002
4.199306e+002,1.922019e-002
4.204127e+002,1.924139e-002
4.208948e+002,1.928608e-002
4.213770e+002,1.934810e-002
4.218591e+002,1.942682e-002
4.223412e+002,1.952518e-002
4.228233e+002,1.964454e-002
4.233055e+002,1.978225e-002
4.237876e+002,1.992827e-002
4.242697e+002,2.006693e-002
4.247518e+002,2.018253e-002
4.252339e+002,2.026664e-002
4.257161e+002,2.032040e-002
4.261982e+002,2.035398e-002
4.266803e+002,2.037885e-002
4.271624e+002,2.040260e-002
4.276446e+002,2.042622e-002
4.281267e+002,2.044581e-002
4.286088e+002,2.045673e-002
4.290909e+002,2.045794e-002
4.295731e+002,2.045348e-002
4.300552e+002,2.045143e-002
4.305373e+002,2.045862e-002
4.310194e+002,2.047764e-002
4.315016e+002,2.050536e-002
4.319837e+002,2.053568e-002
4.324658e+002,2.056424e-002
4.329479e+002,2.059309e-002
4.334301e+002,2.063092e-002
4.339122e+002,2.069017e-002
4.343943e+002,2.078069e-002
4.348764e+002,2.090491e-002
4.353586e+002,2.105536e-002
4.358407e+002,2.121581e-002
4.363228e+002,2.136710e-002
4.368049e+002,2.149484e-002
4.372870e+002,2.159494e-002
4.377692e+002,2.167353e-002
4.382513e+002,2.174128e-002
4.387334e+002,2.180764e-002
4.392155e+002,2.187761e-002
4.396977e+002,2.195270e-002
4.401798e+002,2.203392e-002
4.406619e+002,2.212511e-002
4.411440e+002,2.223229e-002
4.416262e+002,2.236063e-002
4.421083e+002,2.250815e-002
4.425904e+002,2.266217e-002
4.430725e+002,2.280058e-002
4.435547e+002,2.289902e-002
4.440368e+002,2.294184e-002
4.445189e+002,2.292920e-002
4.450010e+002,2.287924e-002
4.454832e+002,2.282073e-002
4.459653e+002,2.278223e-002
4.464474e+002,2.278202e-002
4.469295e+002,2.282279e-002
4.474117e+002,2.289238e-002
4.478938e+002,2.297064e-002
4.483759e+002,2.303872e-002
4.488580e+002,2.308657e-002
4.493401e+002,2.311556e-002
4.498223e+002,2.313477e-002
4.503044e+002,2.315579e-002
4.507865e+002,2.318867e-002
4.512687e+002,2.324011e-002
4.517508e+002,2.331463e-002
4.522329e+002,2.341478e-002
4.527150e+002,2.354132e-002
4.531971e+002,2.369160e-002
4.536793e+002,2.385794e-002
4.541614e+002,2.402817e-002
4.546435e+002,2.418645e-002
4.551257e+002,2.431645e-002
4.556078e+002,2.440445e-002
4.560899e+002,2.444586e-002
4.565720e+002,2.444954e-002
4.570542e+002,2.443988e-002
4.575363e+002,2.444749e-002
4.580184e+002,2.449449e-002
4.585005e+002,2.458290e-002
4.589827e+002,2.469655e-002
4.594648e+002,2.481338e-002
4.599469e+002,2.491686e-002
4.604290e+002,2.500199e-002
4.609112e+002,2.507202e-002
4.613933e+002,2.513375e-002
4.618754e+002,2.519071e-002
4.623575e+002,2.524146e-002
4.628397e+002,2.528076e-002
4.633218e+002,2.530511e-002
4.638039e+002,2.531820e-002
4.642860e+002,2.533269e-002
4.647682e+002,2.536611e-002
4.652503e+002,2.543348e-002
4.657324e+002,2.554022e-002
4.662145e+002,2.567765e-002
4.666967e+002,2.582401e-002
4.671788e+002,2.595144e-002
4.676609e+002,2.603696e-002
4.681430e+002,2.607299e-002
4.686252e+002,2.607066e-002
4.691073e+002,2.605300e-002
4.695894e+002,2.604493e-002
4.700715e+002,2.606473e-002
4.705536e+002,2.612126e-002
4.710358e+002,2.621419e-002
4.715179e+002,2.633640e-002
4.720000e+002,2.647612e-002
4.724821e+002,2.661992e-002
4.729643e+002,2.675470e-002
4.734464e+002,2.686956e-002
4.739285e+002,2.695663e-002
4.744106e+002,2.701199e-002
4.748928e+002,2.703718e-002
4.753749e+002,2.703926e-002
4.758570e+002,2.703028e-002
4.763391e+002,2.702337e-002
4.768213e+002,2.702885e-002
4.773034e+002,2.705025e-002
4.777855e+002,2.708475e-002
4.782676e+002,2.712664e-002
4.787498e+002,2.717306e-002
4.792319e+002,2.722754e-002
4.797140e+002,2.729978e-002
4.801961e+002,2.739971e-002
4.806783e+002,2.753089e-002
4.811604e+002,2.768453e-002
4.816425e+002,2.784015e-002
4.821246e+002,2.797085e-002
4.826068e+002,2.805399e-002
4.830889e+002,2.808117e-002
4.835710e+002,2.806455e-002
4.840531e+002,2.803213e-002
4.845352e+002,2.801599e-002
4.850174e+002,2.803764e-002
4.854995e+002,2.810138e-002
4.859816e+002,2.819520e-002
4.864637e+002,2.830090e-002
4.869459e+002,2.840397e-002
4.874280e+002,2.849981e-002
4.879101e+002,2.859328e-002
4.883922e+002,2.869206e-002
4.888744e+002,2.880044e-002
4.893565e+002,2.891436e-002
4.898386e+002,2.902283e-002
4.903207e+002,2.911362e-002
4.908029e+002,2.918072e-002
4.912850e+002,2.922878e-002
4.917671e+002,2.927127e-002
4.922492e+002,2.932283e-002
4.927314e+002,2.939066e-002
4.932135e+002,2.947053e-002
4.936956e+002,2.954962e-002
4.941777e+002,2.961567e-002
4.946599e+002,2.966472e-002
4.951420e+002,2.970479e-002
4.956241e+002,2.975295e-002
4.961062e+002,2.982580e-002
4.965884e+002,2.993022e-002
4.970705e+002,3.005876e-002
4.975526e+002,3.019180e-002
4.980347e+002,3.030687e-002
4.985169e+002,3.038939e-002
4.989990e+002,3.043976e-002
4.994811e+002,3.047268e-002
4.999633e+002,3.050953e-002
5.004454e+002,3.056787e-002
5.009275e+002,3.065298e-002
5.014096e+002,3.075451e-002
5.018917e+002,3.085174e-002
5.023739e+002,3.092520e-002
5.028560e+002,3.096746e-002
5.033381e+002,3.098655e-002
5.038203e+002,3.099963e-002
5.043024e+002,3.102212e-002
5.047845e+002,3.106038e-002
5.052666e+002,3.111047e-002
5.057487e+002,3.116204e-002
5.062309e+002,3.120564e-002
5.067130e+002,3.123877e-002
5.071951e+002,3.126772e-002
5.076772e+002,3.130398e-002
5.081594e+002,3.135663e-002
5.086415e+002,3.142730e-002
5.091236e+002,3.150932e-002
5.096057e+002,3.159232e-002
5.100879e+002,3.166809e-002
5.105700e+002,3.173523e-002
5.110521e+002,3.179932e-002
5.115342e+002,3.186882e-002
5.120164e+002,3.194925e-002
5.124985e+002,3.203894e-002
5.129806e+002,3.212936e-002
5.134627e+002,3.220954e-002
5.139448e+002,3.227213e-002
5.144270e+002,3.231730e-002
5.149091e+002,3.235312e-002
5.153912e+002,3.239093e-002
5.158734e+002,3.243873e-002
5.163555e+002,3.249652e-002
5.168376e+002,3.255567e-002
5.173197e+002,3.260419e-002
5.178019e+002,3.263474e-002
5.182840e+002,3.265024e-002
5.187661e+002,3.266368e-002
5.192482e+002,3.269050e-002
5.197303e+002,3.274054e-002
5.202125e+002,3.281268e-002
5.206946e+002,3.289624e-002
5.211767e+002,3.297636e-002
5.216588e+002,3.304160e-002
5.221410e+002,3.308891e-002
5.226231e+002,3.312400e-002
5.231052e+002,3.315681e-002
5.235873e+002,3.319626e-002
5.240695e+002,3.324539e-002
5.245516e+002,3.330081e-002
5.250337e+002,3.335544e-002
5.255159e+002,3.340444e-002
5.259980e+002,3.344935e-002
5.264801e+002,3.349868e-002
5.269622e+002,3.356308e-002
5.274443e+002,3.364884e-002
5.279265e+002,3.375442e-002
5.284086e+002,3.387152e-002
5.288907e+002,3.398904e-002
5.293728e+002,3.409855e-002
5.298550e+002,3.419657e-002
5.303371e+002,3.428492e-002
5.308192e+002,3.436712e-002
5.313013e+002,3.444466e-002
5.317834e+002,3.451457e-002
5.322656e+002,3.457123e-002
5.327477e+002,3.461030e-002
5.332299e+002,3.463421e-002
5.337120e+002,3.465293e-002
5.341941e+002,3.468152e-002
5.346762e+002,3.473305e-002
5.351583e+002,3.481199e-002
5.356404e+002,3.491125e-002
5.361226e+002,3.501448e-002
5.366047e+002,3.510350e-002
5.370868e+002,3.516676e-002
5.375690e+002,3.520451e-002
5.380511e+002,3.522800e-002
5.385332e+002,3.525224e-002
5.390153e+002,3.528835e-002
5.394974e+002,3.533740e-002
5.399796e+002,3.539112e-002
5.404617e+002,3.543728e-002
5.409438e+002,3.546739e-002
5.414260e+002,3.548234e-002
5.419081e+002,3.549255e-002
5.423902e+002,3.551273e-002
5.428723e+002,3.555442e-002
5.433544e+002,3.562002e-002
5.438365e+002,3.570218e-002
5.443187e+002,3.578848e-002
5.448008e+002,3.586739e-002
5.452830e+002,3.593523e-002
5.457651e+002,3.599700e-002
5.462472e+002,3.606254e-002
5.467293e+002,3.613992e-002
5.472114e+002,3.623008e-002
5.476936e+002,3.632512e-002
5.481757e+002,3.641320e-002
5.486578e+002,3.648464e-002
5.491400e+002,3.653725e-002
5.496221e+002,3.657725e-002
5.501042e+002,3.661573e-002
5.505863e+002,3.666223e-002
5.510684e+002,3.672023e-002
5.515505e+002,3.678558e-002
5.520327e+002,3.684994e-002
5.525148e+002,3.690613e-002
5.529969e+002,3.695143e-002
5.534791e+002,3.698828e-002
5.539612e+002,3.702106e-002
5.544433e+002,3.705184e-002
5.549254e+002,3.707781e-002
5.554076e+002,3.709262e-002
5.558896e+002,3.709099e-002
5.563718e+002,3.707428e-002
5.568539e+002,3.705206e-002
5.573361e+002,3.703956e-002
5.578182e+002,3.705165e-002
5.583003e+002,3.709467e-002
5.587825e+002,3.716343e-002
5.592645e+002,3.724281e-002
5.597467e+002,3.731407e-002
5.602288e+002,3.736307e-002
5.607109e+002,3.738639e-002
5.611931e+002,3.739122e-002
5.616752e+002,3.739085e-002
5.621573e+002,3.739740e-002
5.626394e+002,3.741618e-002
5.631216e+002,3.744454e-002
5.636037e+002,3.747596e-002
5.640858e+002,3.750519e-002
5.645679e+002,3.753228e-002
5.650500e+002,3.756282e-002
5.655322e+002,3.760346e-002
5.660143e+002,3.765694e-002
5.664965e+002,3.771906e-002
5.669785e+002,3.777935e-002
5.674607e+002,3.782649e-002
5.679428e+002,3.785492e-002
5.684249e+002,3.786880e-002
5.689070e+002,3.788035e-002
5.693892e+002,3.790359e-002
5.698713e+002,3.794623e-002
5.703534e+002,3.800579e-002
5.708356e+002,3.807027e-002
5.713177e+002,3.812519e-002
5.717998e+002,3.816079e-002
5.722819e+002,3.817828e-002
5.727640e+002,3.818869e-002
5.732462e+002,3.820727e-002
5.737283e+002,3.824579e-002
5.742104e+002,3.830599e-002
5.746925e+002,3.837858e-002
5.751747e+002,3.844743e-002
5.756568e+002,3.849715e-002
5.761389e+002,3.852111e-002
5.766210e+002,3.852438e-002
5.771031e+002,3.852005e-002
5.775853e+002,3.852191e-002
5.780674e+002,3.853805e-002
5.785496e+002,3.856825e-002
5.790317e+002,3.860692e-002
5.795138e+002,3.864758e-002
5.799959e+002,3.868740e-002
5.804780e+002,3.872837e-002
5.809601e+002,3.877469e-002
5.814423e+002,3.882857e-002
5.819244e+002,3.888668e-002
5.824066e+002,3.894060e-002
5.828887e+002,3.898079e-002
5.833708e+002,3.900176e-002
5.838529e+002,3.900575e-002
5.843350e+002,3.900190e-002
5.848171e+002,3.900234e-002
5.852993e+002,3.901577e-002
5.857814e+002,3.904380e-002
5.862635e+002,3.908063e-002
5.867457e+002,3.911746e-002
5.872278e+002,3.914885e-002
5.877099e+002,3.917557e-002
5.881920e+002,3.920469e-002
5.886741e+002,3.924527e-002
5.891563e+002,3.930197e-002
5.896384e+002,3.937221e-002
5.901205e+002,3.944528e-002
5.906027e+002,3.950791e-002
5.910848e+002,3.955026e-002
5.915669e+002,3.957194e-002
5.920490e+002,3.958190e-002
5.925311e+002,3.959401e-002
5.930133e+002,3.961929e-002
5.934954e+002,3.966070e-002
5.939775e+002,3.971293e-002
5.944597e+002,3.976651e-002
5.949418e+002,3.981422e-002
5.954239e+002,3.985494e-002
5.959060e+002,3.989405e-002
5.963882e+002,3.993933e-002
5.968702e+002,3.999524e-002
5.973524e+002,4.005937e-002
5.978345e+002,4.012248e-002
5.983167e+002,4.017339e-002
5.987988e+002,4.020468e-002
5.992809e+002,4.021715e-002
5.997630e+002,4.022055e-002
6.002451e+002,4.022834e-002
6.007273e+002,4.025137e-002
6.012094e+002,4.029299e-002
6.016915e+002,4.034862e-002
6.021736e+002,4.040993e-002
6.026558e+002,4.047006e-002
6.031379e+002,4.052812e-002
6.036200e+002,4.058854e-002
6.041022e+002,4.065740e-002
6.045842e+002,4.073661e-002
6.050664e+002,4.082097e-002
6.055485e+002,4.089894e-002
6.060306e+002,4.095766e-002
6.065128e+002,4.098925e-002
6.069949e+002,4.099585e-002
6.074770e+002,4.098783e-002
6.079591e+002,4.097993e-002
6.084413e+002,4.098385e-002
6.089234e+002,4.100361e-002
6.094055e+002,4.103483e-002
6.098876e+002,4.106878e-002
6.103698e+002,4.109814e-002
6.108519e+002,4.112120e-002
6.113340e+002,4.114216e-002
6.118162e+002,4.116733e-002
6.122983e+002,4.119983e-002
6.127804e+002,4.123668e-002
6.132625e+002,4.126926e-002
6.137446e+002,4.128856e-002
6.142267e+002,4.129048e-002
6.147089e+002,4.128012e-002
6.151910e+002,4.127004e-002
6.156731e+002,4.127521e-002
6.161553e+002,4.130547e-002
6.166374e+002,4.136078e-002
6.171195e+002,4.143121e-002
6.176016e+002,4.150209e-002
6.180837e+002,4.156198e-002
6.185659e+002,4.160788e-002
6.190480e+002,4.164588e-002
6.195302e+002,4.168650e-002
6.200123e+002,4.173774e-002
6.204944e+002,4.180076e-002
6.209765e+002,4.186820e-002
6.214586e+002,4.192919e-002
6.219407e+002,4.197504e-002
6.224229e+002,4.200389e-002
6.229050e+002,4.202140e-002
6.233871e+002,4.203648e-002
6.238693e+002,4.205561e-002
6.243514e+002,4.207861e-002
6.248335e+002,4.209800e-002
6.253156e+002,4.210404e-002
6.257977e+002,4.209143e-002
6.262798e+002,4.206397e-002
6.267620e+002,4.203393e-002
6.272441e+002,4.201726e-002
6.277263e+002,4.202535e-002
6.282084e+002,4.206038e-002
6.286905e+002,4.211397e-002
6.291726e+002,4.217147e-002
6.296547e+002,4.221919e-002
6.301368e+002,4.225007e-002
6.306190e+002,4.226568e-002
6.311011e+002,4.227355e-002
6.315833e+002,4.228112e-002
6.320654e+002,4.229124e-002
6.325475e+002,4.230013e-002
6.330296e+002,4.230062e-002
6.335117e+002,4.228768e-002
6.339939e+002,4.226232e-002
6.344760e+002,4.223332e-002
6.349581e+002,4.221282e-002
6.354402e+002,4.221085e-002
6.359224e+002,4.222974e-002
6.364045e+002,4.226360e-002
6.368866e+002,4.230157e-002
6.373687e+002,4.233388e-002
6.378508e+002,4.235712e-002
6.383330e+002,4.237507e-002
6.388151e+002,4.239575e-002
6.392972e+002,4.242588e-002
6.397794e+002,4.246639e-002
6.402615e+002,4.251152e-002
6.407436e+002,4.255182e-002
6.412257e+002,4.257971e-002
6.417079e+002,4.259405e-002
6.421899e+002,4.260083e-002
6.426721e+002,4.260995e-002
6.431542e+002,4.262957e-002
6.436364e+002,4.266159e-002
6.441185e+002,4.270076e-002
6.446006e+002,4.273808e-002
6.450827e+002,4.276578e-002
6.455648e+002,4.278244e-002
6.460470e+002,4.279341e-002
6.465291e+002,4.280788e-002
6.470112e+002,4.283312e-002
6.474933e+002,4.287060e-002
6.479755e+002,4.291511e-002
6.484576e+002,4.295766e-002
6.489397e+002,4.299156e-002
6.494219e+002,4.301621e-002
6.499040e+002,4.303780e-002
6.503861e+002,4.306527e-002
6.508682e+002,4.310472e-002
6.513503e+002,4.315548e-002
6.518325e+002,4.320921e-002
6.523146e+002,4.325490e-002
6.527968e+002,4.328417e-002
6.532788e+002,4.329637e-002
6.537610e+002,4.329901e-002
6.542431e+002,4.330363e-002
6.547252e+002,4.332016e-002
6.552073e+002,4.335199e-002
6.556895e+002,4.339535e-002
6.561716e+002,4.344194e-002
6.566537e+002,4.348522e-002
6.571359e+002,4.352346e-002
6.576179e+002,4.356074e-002
6.581001e+002,4.360317e-002
6.585822e+002,4.365372e-002
6.590643e+002,4.370927e-002
6.595464e+002,4.376081e-002
6.600286e+002,4.379854e-002
6.605107e+002,4.381743e-002
6.609928e+002,4.382124e-002
6.614750e+002,4.382092e-002
6.619571e+002,4.382958e-002
6.624392e+002,4.385552e-002
6.629213e+002,4.389828e-002
6.634034e+002,4.394812e-002
6.638856e+002,4.399210e-002
6.643677e+002,4.401967e-002
6.648499e+002,4.402721e-002
6.653320e+002,4.401822e-002
6.658141e+002,4.399983e-002
6.662962e+002,4.397900e-002
6.667783e+002,4.395856e-002
6.672605e+002,4.393587e-002
6.677426e+002,4.390676e-002
6.682247e+002,4.387280e-002
6.687068e+002,4.384665e-002
6.691890e+002,4.384379e-002
6.696711e+002,4.387130e-002
6.701532e+002,4.392411e-002
6.706353e+002,4.398979e-002
6.711174e+002,4.405364e-002
6.715996e+002,4.410401e-002
6.720817e+002,4.413581e-002
6.725638e+002,4.415201e-002
6.730460e+002,4.416261e-002
6.735281e+002,4.417956e-002
6.740102e+002,4.420949e-002
6.744923e+002,4.425014e-002
6.749745e+002,4.429112e-002
6.754565e+002,4.431968e-002
6.759387e+002,4.432863e-002
6.764208e+002,4.432097e-002
6.769030e+002,4.430897e-002
6.773851e+002,4.430794e-002
6.778672e+002,4.432747e-002
6.783493e+002,4.436637e-002
6.788314e+002,4.441319e-002
6.793136e+002,4.445263e-002
6.797957e+002,4.447370e-002
6.802778e+002,4.447608e-002
6.807599e+002,4.446955e-002
6.812421e+002,4.446851e-002
6.817242e+002,4.448299e-002
6.822063e+002,4.451404e-002
6.826885e+002,4.455280e-002
6.831705e+002,4.458728e-002
6.836527e+002,4.460973e-002
6.841348e+002,4.462171e-002
6.846169e+002,4.463400e-002
6.850991e+002,4.466003e-002
6.855812e+002,4.470736e-002
6.860634e+002,4.477309e-002
6.865454e+002,4.484445e-002
6.870276e+002,4.490582e-002
6.875096e+002,4.494713e-002
6.879918e+002,4.497003e-002
6.884739e+002,4.498699e-002
6.889561e+002,4.501428e-002
6.894382e+002,4.506284e-002
6.899203e+002,4.513198e-002
6.904025e+002,4.521024e-002
6.908845e+002,4.528331e-002
6.913667e+002,4.534262e-002
6.918488e+002,4.539201e-002
6.923309e+002,4.544642e-002
6.928130e+002,4.552408e-002
6.932952e+002,4.563670e-002
6.937773e+002,4.578242e-002
6.942594e+002,4.594670e-002
6.947416e+002,4.610980e-002
6.952236e+002,4.625773e-002
6.957058e+002,4.638987e-002
6.961879e+002,4.651958e-002
6.966700e+002,4.666661e-002
6.971522e+002,4.684639e-002
6.976343e+002,4.706137e-002
6.981165e+002,4.729992e-002
6.985985e+002,4.754326e-002
6.990807e+002,4.777540e-002
6.995628e+002,4.799237e-002
7.000449e+002,4.820274e-002
7.005270e+002,4.842183e-002
7.010092e+002,4.866089e-002
7.014913e+002,4.891954e-002
7.019734e+002,4.918525e-002
7.024556e+002,4.944049e-002
7.029377e+002,4.967394e-002
7.034198e+002,4.988917e-002
7.039019e+002,5.010522e-002
7.043840e+002,5.034880e-002
7.048662e+002,5.064125e-002
7.053483e+002,5.098938e-002
7.058304e+002,5.138436e-002
7.063125e+002,5.181053e-002
7.067947e+002,5.225880e-002
7.072768e+002,5.273718e-002
7.077589e+002,5.327200e-002
7.082410e+002,5.389879e-002
7.087231e+002,5.464875e-002
7.092053e+002,5.553802e-002
7.096874e+002,5.656766e-002
7.101696e+002,5.773514e-002
7.106517e+002,5.905147e-002
7.111338e+002,6.055513e-002
7.116159e+002,6.231514e-002
7.120980e+002,6.442019e-002
7.125802e+002,6.695931e-002
7.130623e+002,7.000476e-002
7.135444e+002,7.360388e-002
7.140265e+002,7.778424e-002
7.145087e+002,8.256299e-002
7.149908e+002,8.795155e-002
7.154729e+002,9.394006e-002
7.159550e+002,1.004569e-001
7.164371e+002,1.073091e-001
7.169193e+002,1.141232e-001
7.174014e+002,1.203186e-001
7.178835e+002,1.251505e-001
7.183657e+002,1.278437e-001
7.188478e+002,1.278041e-001
7.193299e+002,1.248286e-001
7.198120e+002,1.192098e-001
7.202942e+002,1.116683e-001
7.207762e+002,1.031492e-001
7.212584e+002,9.458281e-002
7.217405e+002,8.670640e-002
7.222227e+002,7.998332e-002
7.227048e+002,7.460908e-002
7.231869e+002,7.057163e-002
7.236691e+002,6.773431e-002
7.241511e+002,6.591826e-002
7.246333e+002,6.496774e-002
7.251154e+002,6.479120e-002
7.255975e+002,6.537372e-002
7.260797e+002,6.676128e-002
7.265618e+002,6.902391e-002
7.270439e+002,7.219941e-002
7.275260e+002,7.623103e-002
7.280082e+002,8.091051e-002
7.284902e+002,8.584166e-002
7.289724e+002,9.044593e-002
7.294545e+002,9.403035e-002
7.299366e+002,9.592336e-002
7.304188e+002,9.564996e-002
7.309009e+002,9.307899e-002
7.313831e+002,8.847120e-002
7.318651e+002,8.240338e-002
7.323473e+002,7.560820e-002
7.328293e+002,6.880084e-002
7.333115e+002,6.254841e-002
7.337936e+002,5.720494e-002
7.342758e+002,5.290597e-002
7.347579e+002,4.960908e-002
7.352400e+002,4.716056e-002
7.357222e+002,4.536503e-002
7.362042e+002,4.404063e-002
7.366864e+002,4.304796e-002
7.371685e+002,4.229252e-002
7.376506e+002,4.171307e-002
7.381328e+002,4.126443e-002
7.386149e+002,4.090792e-002
7.390970e+002,4.060928e-002
7.395791e+002,4.034404e-002
7.400613e+002,4.010009e-002
7.405434e+002,3.987833e-002
7.410255e+002,3.968519e-002
7.415076e+002,3.952580e-002
7.419897e+002,3.939707e-002
7.424719e+002,3.928801e-002
7.429540e+002,3.918459e-002
7.434362e+002,3.907630e-002
7.439182e+002,3.896124e-002
7.444004e+002,3.884513e-002
7.448825e+002,3.873689e-002
7.453646e+002,3.864220e-002
7.458467e+002,3.855964e-002
7.463289e+002,3.848077e-002
7.468110e+002,3.839520e-002
7.472931e+002,3.829565e-002
7.477753e+002,3.818249e-002
7.482574e+002,3.806235e-002
7.487395e+002,3.794516e-002
7.492216e+002,3.783808e-002
7.497037e+002,3.774248e-002
7.501859e+002,3.765332e-002
7.506680e+002,3.756345e-002
7.511501e+002,3.746771e-002
7.516322e+002,3.736635e-002
7.521144e+002,3.726454e-002
7.525965e+002,3.716967e-002
7.530786e+002,3.708611e-002
7.535608e+002,3.701332e-002
7.540428e+002,3.694504e-002
7.545250e+002,3.687318e-002
7.550071e+002,3.679178e-002
7.554893e+002,3.670025e-002
7.559714e+002,3.660301e-002
7.564535e+002,3.650676e-002
7.569356e+002,3.641661e-002
7.574177e+002,3.633298e-002
7.578999e+002,3.625166e-002
7.583820e+002,3.616652e-002
7.588641e+002,3.607317e-002
7.593463e+002,3.597187e-002
7.598284e+002,3.586751e-002
7.603105e+002,3.576711e-002
7.607926e+002,3.567601e-002
7.612748e+002,3.559514e-002
7.617568e+002,3.552059e-002
7.622390e+002,3.544582e-002
7.627211e+002,3.536593e-002
7.632032e+002,3.528005e-002
7.636854e+002,3.519211e-002
7.641675e+002,3.510902e-002
7.646496e+002,3.503611e-002
7.651317e+002,3.497468e-002
7.656139e+002,3.492051e-002
7.660959e+002,3.486590e-002
7.665781e+002,3.480333e-002
7.670602e+002,3.472858e-002
7.675424e+002,3.464258e-002
7.680245e+002,3.455096e-002
7.685066e+002,3.446055e-002
7.689888e+002,3.437696e-002
7.694708e+002,3.430215e-002
7.699530e+002,3.423527e-002
7.704351e+002,3.417362e-002
7.709172e+002,3.411552e-002
7.713994e+002,3.406096e-002
7.718815e+002,3.401099e-002
7.723636e+002,3.396625e-002
7.728457e+002,3.392568e-002
7.733279e+002,3.388548e-002
7.738099e+002,3.384113e-002
7.742921e+002,3.378923e-002
7.747742e+002,3.372984e-002
7.752563e+002,3.366659e-002
7.757385e+002,3.360508e-002
7.762206e+002,3.355011e-002
7.767028e+002,3.350343e-002
7.771848e+002,3.346257e-002
7.776670e+002,3.342196e-002
7.781491e+002,3.337573e-002
7.786312e+002,3.332094e-002
7.791133e+002,3.325850e-002
7.795955e+002,3.319257e-002
7.800776e+002,3.312855e-002
7.805597e+002,3.307014e-002
7.810419e+002,3.301786e-002
7.815239e+002,3.296920e-002
7.820061e+002,3.292064e-002
7.824882e+002,3.286982e-002
7.829703e+002,3.281683e-002
7.834525e+002,3.276431e-002
7.839346e+002,3.271531e-002
7.844167e+002,3.267128e-002
7.848988e+002,3.263135e-002
7.853810e+002,3.259223e-002
7.858631e+002,3.255030e-002
7.863452e+002,3.250367e-002
7.868273e+002,3.245295e-002
7.873094e+002,3.240067e-002
7.877916e+002,3.234928e-002
7.882737e+002,3.229921e-002
7.887559e+002,3.224798e-002
7.892380e+002,3.219127e-002
7.897201e+002,3.212490e-002
7.902022e+002,3.204790e-002
7.906843e+002,3.196342e-002
7.911665e+002,3.187811e-002
7.916486e+002,3.179931e-002
7.921307e+002,3.173181e-002
7.926128e+002,3.167590e-002
7.930950e+002,3.162741e-002
7.935771e+002,3.158012e-002
7.940592e+002,3.152855e-002
7.945413e+002,3.147094e-002
7.950234e+002,3.140965e-002
7.955056e+002,3.134912e-002
7.959877e+002,3.129387e-002
7.964698e+002,3.124551e-002
7.969520e+002,3.120290e-002
7.974341e+002,3.116236e-002
7.979162e+002,3.112076e-002
7.983983e+002,3.107712e-002
7.988805e+002,3.103300e-002
7.993625e+002,3.099166e-002
7.998447e+002,3.095562e-002
8.003268e+002,3.092465e-002
8.008090e+002,3.089602e-002
8.012911e+002,3.086505e-002
8.017732e+002,3.082807e-002
8.022553e+002,3.078327e-002
8.027374e+002,3.073169e-002
8.032196e+002,3.067633e-002
8.037017e+002,3.061993e-002
8.041838e+002,3.056381e-002
8.046660e+002,3.050759e-002
8.051481e+002,3.045056e-002
8.056302e+002,3.039332e-002
8.061123e+002,3.033878e-002
8.065945e+002,3.029132e-002
8.070765e+002,3.025488e-002
8.075587e+002,3.023033e-002
8.080408e+002,3.021406e-002
8.085229e+002,3.019872e-002
8.090051e+002,3.017581e-002
8.094872e+002,3.013940e-002
8.099694e+002,3.008855e-002
8.104514e+002,3.002761e-002
8.109336e+002,2.996434e-002
8.114156e+002,2.990636e-002
8.118978e+002,2.985759e-002
8.123799e+002,2.981746e-002
8.128621e+002,2.978124e-002
8.133442e+002,2.974311e-002
8.138263e+002,2.969881e-002
8.143085e+002,2.964705e-002
8.147905e+002,2.958942e-002
8.152727e+002,2.952849e-002
8.157548e+002,2.946640e-002
8.162369e+002,2.940393e-002
8.167191e+002,2.934119e-002
8.172012e+002,2.927908e-002
8.176833e+002,2.921992e-002
8.181654e+002,2.916766e-002
8.186476e+002,2.912537e-002
8.191296e+002,2.909360e-002
8.196118e+002,2.906840e-002
8.200939e+002,2.904258e-002
8.205760e+002,2.900825e-002
8.210582e+002,2.896063e-002
8.215403e+002,2.890076e-002
8.220225e+002,2.883474e-002
8.225045e+002,2.877247e-002
8.229867e+002,2.872276e-002
8.234688e+002,2.868973e-002
8.239509e+002,2.867148e-002
8.244330e+002,2.866130e-002
8.249152e+002,2.865141e-002
8.253973e+002,2.863596e-002
8.258794e+002,2.861326e-002
8.263616e+002,2.858534e-002
8.268437e+002,2.855548e-002
8.273258e+002,2.852543e-002
8.278079e+002,2.849458e-002
8.282900e+002,2.846005e-002
8.287722e+002,2.841911e-002
8.292543e+002,2.837113e-002
8.297365e+002,2.831915e-002
8.302185e+002,2.826821e-002
8.307007e+002,2.822304e-002
8.311828e+002,2.818555e-002
8.316649e+002,2.815364e-002
8.321470e+002,2.812182e-002
8.326292e+002,2.808396e-002
8.331113e+002,2.803585e-002
8.335934e+002,2.797651e-002
8.340756e+002,2.790786e-002
8.345577e+002,2.783308e-002
8.350398e+002,2.775464e-002
8.355219e+002,2.767343e-002
8.360040e+002,2.758887e-002
8.364862e+002,2.750127e-002
8.369683e+002,2.741268e-002
8.374504e+002,2.732696e-002
8.379325e+002,2.724878e-002
8.384147e+002,2.718081e-002
8.388968e+002,2.712191e-002
8.393789e+002,2.706748e-002
8.398610e+002,2.701089e-002
8.403431e+002,2.694653e-002
8.408253e+002,2.687255e-002
8.413074e+002,2.679151e-002
8.417896e+002,2.670840e-002
8.422717e+002,2.662869e-002
8.427538e+002,2.655532e-002
8.432359e+002,2.648796e-002
8.437180e+002,2.642459e-002
8.442002e+002,2.636333e-002
8.446823e+002,2.630489e-002
8.451644e+002,2.625201e-002
8.456465e+002,2.620821e-002
8.461287e+002,2.617426e-002
8.466108e+002,2.614673e-002
8.470929e+002,2.611880e-002
8.475751e+002,2.608238e-002
8.480571e+002,2.603268e-002
8.485393e+002,2.597027e-002
8.490214e+002,2.590224e-002
8.495035e+002,2.583802e-002
8.499857e+002,2.578557e-002
8.504678e+002,2.574723e-002
8.509499e+002,2.571812e-002
8.514320e+002,2.568850e-002
8.519142e+002,2.564840e-002
8.523962e+002,2.559164e-002
8.528784e+002,2.551867e-002
8.533605e+002,2.543490e-002
8.538427e+002,2.534839e-002
8.543248e+002,2.526493e-002
8.548069e+002,2.518599e-002
8.552891e+002,2.510920e-002
8.557711e+002,2.503116e-002
8.562533e+002,2.494966e-002
8.567354e+002,2.486600e-002
8.572175e+002,2.478468e-002
8.576996e+002,2.470994e-002
8.581818e+002,2.464353e-002
8.586639e+002,2.458358e-002
8.591460e+002,2.452529e-002
8.596282e+002,2.446402e-002
8.601102e+002,2.439761e-002
8.605924e+002,2.432791e-002
8.610745e+002,2.425943e-002
8.615566e+002,2.419605e-002
8.620388e+002,2.413915e-002
8.625209e+002,2.408590e-002
8.630031e+002,2.403139e-002
8.634851e+002,2.397164e-002
8.639673e+002,2.390613e-002
8.644494e+002,2.383872e-002
8.649315e+002,2.377652e-002
8.654136e+002,2.372556e-002
8.658958e+002,2.368854e-002
8.663779e+002,2.366306e-002
8.668600e+002,2.364371e-002
8.673422e+002,2.362470e-002
8.678242e+002,2.360363e-002
8.683064e+002,2.358171e-002
8.687885e+002,2.356272e-002
8.692706e+002,2.354976e-002
8.697527e+002,2.354274e-002
8.702349e+002,2.353756e-002
8.707170e+002,2.352819e-002
8.711991e+002,2.351056e-002
8.716813e+002,2.348472e-002
8.721634e+002,2.345617e-002
8.726455e+002,2.343334e-002
8.731276e+002,2.342364e-002
8.736097e+002,2.343001e-002
8.740919e+002,2.344928e-002
8.745740e+002,2.347476e-002
8.750562e+002,2.349915e-002
8.755382e+002,2.351793e-002
8.760204e+002,2.353125e-002
8.765025e+002,2.354163e-002
8.769846e+002,2.355149e-002
8.774668e+002,2.356014e-002
8.779489e+002,2.356346e-002
8.784310e+002,2.355551e-002
8.789131e+002,2.353257e-002
8.793953e+002,2.349540e-002
8.798774e+002,2.345034e-002
8.803595e+002,2.340637e-002
8.808416e+002,2.337150e-002
8.813237e+002,2.334897e-002
8.818059e+002,2.333637e-002
8.822880e+002,2.332781e-002
8.827701e+002,2.331752e-002
8.832523e+002,2.330386e-002
8.837344e+002,2.328935e-002
8.842165e+002,2.327924e-002
8.846986e+002,2.327711e-002
8.851808e+002,2.328184e-002
8.856628e+002,2.328686e-002
8.861450e+002,2.328291e-002
8.866271e+002,2.326215e-002
8.871093e+002,2.322273e-002
8.875914e+002,2.316979e-002
8.880735e+002,2.311282e-002
8.885556e+002,2.306173e-002
8.890377e+002,2.302208e-002
8.895199e+002,2.299284e-002
8.900020e+002,2.296855e-002
8.904841e+002,2.294264e-002
8.909662e+002,2.291190e-002
8.914484e+002,2.287851e-002
8.919305e+002,2.284784e-002
8.924126e+002,2.282569e-002
8.928948e+002,2.281440e-002
8.933768e+002,2.281090e-002
8.938590e+002,2.280916e-002
8.943411e+002,2.280409e-002
8.948232e+002,2.279400e-002
8.953054e+002,2.278303e-002
8.957875e+002,2.277856e-002
8.962697e+002,2.278713e-002
8.967517e+002,2.281079e-002
8.972339e+002,2.284544e-002
8.977159e+002,2.288269e-002
8.981981e+002,2.291490e-002
8.986802e+002,2.293831e-002
8.991624e+002,2.295587e-002
8.996445e+002,2.297441e-002
9.001266e+002,2.300215e-002
9.006088e+002,2.304366e-002
9.010908e+002,2.309871e-002
9.015730e+002,2.316352e-002
9.020551e+002,2.323493e-002
9.025372e+002,2.331360e-002
9.030193e+002,2.340539e-002
9.035015e+002,2.351924e-002
9.039836e+002,2.366214e-002
9.044657e+002,2.383474e-002
9.049479e+002,2.402921e-002
9.054299e+002,2.423070e-002
9.059121e+002,2.442246e-002
9.063942e+002,2.458977e-002
9.068763e+002,2.472374e-002
9.073585e+002,2.482076e-002
9.078406e+002,2.488015e-002
9.083228e+002,2.490100e-002
9.088048e+002,2.487995e-002
9.092870e+002,2.481269e-002
9.097691e+002,2.469705e-002
9.102512e+002,2.453655e-002
9.107333e+002,2.434227e-002
9.112155e+002,2.413081e-002
9.116976e+002,2.392060e-002
9.121797e+002,2.372608e-002
9.126619e+002,2.355457e-002
9.131440e+002,2.340624e-002
9.136261e+002,2.327745e-002
9.141082e+002,2.316440e-002
9.145903e+002,2.306728e-002
9.150724e+002,2.298945e-002
9.155546e+002,2.293503e-002
9.160367e+002,2.290602e-002
9.165189e+002,2.289913e-002
9.170010e+002,2.290699e-002
9.174831e+002,2.292068e-002
9.179652e+002,2.293320e-002
9.184473e+002,2.294196e-002
9.189294e+002,2.294849e-002
9.194116e+002,2.295578e-002
9.198937e+002,2.296552e-002
9.203759e+002,2.297573e-002
9.208580e+002,2.298217e-002
9.213401e+002,2.298020e-002
9.218222e+002,2.296849e-002
9.223043e+002,2.295030e-002
9.227864e+002,2.293274e-002
9.232686e+002,2.292315e-002
9.237507e+002,2.292617e-002
9.242328e+002,2.294148e-002
9.247150e+002,2.296408e-002
9.251971e+002,2.298765e-002
9.256792e+002,2.300693e-002
9.261613e+002,2.302070e-002
9.266434e+002,2.303058e-002
9.271255e+002,2.303943e-002
9.276077e+002,2.304871e-002
9.280898e+002,2.305682e-002
9.285720e+002,2.306046e-002
9.290541e+002,2.305663e-002
9.295362e+002,2.304553e-002
9.300183e+002,2.303113e-002
9.305004e+002,2.301947e-002
9.309826e+002,2.301565e-002
9.314647e+002,2.302085e-002
9.319468e+002,2.303096e-002
9.324290e+002,2.303859e-002
9.329111e+002,2.303666e-002
9.333932e+002,2.302182e-002
9.338753e+002,2.299667e-002
9.343574e+002,2.296805e-002
9.348396e+002,2.294371e-002
9.353217e+002,2.292823e-002
9.358038e+002,2.292115e-002
9.362859e+002,2.291750e-002
9.367681e+002,2.291056e-002
9.372502e+002,2.289597e-002
9.377323e+002,2.287363e-002
9.382144e+002,2.284724e-002
9.386966e+002,2.282198e-002
9.391787e+002,2.280122e-002
9.396608e+002,2.278487e-002
9.401429e+002,2.276959e-002
9.406251e+002,2.275177e-002
9.411072e+002,2.272957e-002
9.415893e+002,2.270497e-002
9.420714e+002,2.268247e-002
9.425536e+002,2.266665e-002
9.430357e+002,2.265916e-002
9.435178e+002,2.265783e-002
9.439999e+002,2.265794e-002
9.444821e+002,2.265486e-002
9.449642e+002,2.264736e-002
9.454463e+002,2.263823e-002
9.459284e+002,2.263318e-002
9.464106e+002,2.263713e-002
9.468927e+002,2.265141e-002
9.473748e+002,2.267223e-002
9.478569e+002,2.269240e-002
9.483391e+002,2.270471e-002
9.488212e+002,2.270598e-002
9.493033e+002,2.269837e-002
9.497855e+002,2.268846e-002
9.502676e+002,2.268367e-002
9.507497e+002,2.268880e-002
9.512318e+002,2.270357e-002
9.517139e+002,2.272370e-002
9.521960e+002,2.274378e-002
9.526782e+002,2.276080e-002
9.531603e+002,2.277602e-002
9.536425e+002,2.279418e-002
9.541246e+002,2.282094e-002
9.546067e+002,2.285921e-002
9.550888e+002,2.290791e-002
9.555709e+002,2.296213e-002
9.560530e+002,2.301664e-002
9.565352e+002,2.306835e-002
9.570173e+002,2.311846e-002
9.574995e+002,2.317167e-002
9.579816e+002,2.323330e-002
9.584637e+002,2.330646e-002
9.589458e+002,2.338994e-002
9.594279e+002,2.347951e-002
9.599100e+002,2.357033e-002
9.603922e+002,2.366006e-002
9.608743e+002,2.375015e-002
9.613564e+002,2.384536e-002
9.618386e+002,2.395127e-002
9.623207e+002,2.407118e-002
9.628028e+002,2.420463e-002
9.632849e+002,2.434813e-002
9.637670e+002,2.449780e-002
9.642491e+002,2.465204e-002
9.647313e+002,2.481306e-002
9.652134e+002,2.498579e-002
9.656956e+002,2.517601e-002
9.661777e+002,2.538630e-002
9.666598e+002,2.561564e-002
9.671419e+002,2.585887e-002
9.676240e+002,2.611016e-002
9.681061e+002,2.636498e-002
9.685883e+002,2.662205e-002
9.690704e+002,2.688341e-002
9.695526e+002,2.715225e-002
9.700347e+002,2.743050e-002
9.705168e+002,2.771779e-002
9.709989e+002,2.801172e-002
9.714810e+002,2.830880e-002
9.719631e+002,2.860697e-002
9.724453e+002,2.890586e-002
9.729274e+002,2.920630e-002
9.734095e+002,2.950828e-002
9.738917e+002,2.980939e-002
9.743738e+002,3.010408e-002
9.748559e+002,3.038434e-002
9.753380e+002,3.064193e-002
9.758201e+002,3.087089e-002
9.763023e+002,3.106872e-002
9.767844e+002,3.123568e-002
9.772665e+002,3.137349e-002
9.777487e+002,3.148316e-002
9.782308e+002,3.156431e-002
9.787129e+002,3.161456e-002
9.791950e+002,3.163223e-002
9.796771e+002,3.161728e-002
9.801593e+002,3.157232e-002
9.806414e+002,3.150220e-002
9.811235e+002,3.141160e-002
9.816057e+002,3.130322e-002
9.820878e+002,3.117665e-002
9.825699e+002,3.102914e-002
9.830520e+002,3.085788e-002
9.835342e+002,3.066302e-002
9.840163e+002,3.044876e-002
9.844984e+002,3.022313e-002
9.849805e+002,2.999498e-002
9.854626e+002,2.977171e-002
9.859448e+002,2.955684e-002
9.864269e+002,2.934904e-002
9.869090e+002,2.914520e-002
9.873912e+002,2.894221e-002
9.878733e+002,2.873887e-002
9.883554e+002,2.853682e-002
9.888375e+002,2.833779e-002
9.893196e+002,2.814285e-002
9.898018e+002,2.795121e-002
9.902839e+002,2.775972e-002
9.907660e+002,2.756588e-002
9.912482e+002,2.736934e-002
9.917303e+002,2.717341e-002
9.922124e+002,2.698364e-002
9.926945e+002,2.680549e-002
9.931766e+002,2.664181e-002
9.936588e+002,2.649132e-002
9.941409e+002,2.634935e-002
9.946230e+002,2.621077e-002
9.951052e+002,2.607253e-002
9.955873e+002,2.593607e-002
9.960694e+002,2.580602e-002
9.965515e+002,2.568825e-002
9.970336e+002,2.558655e-002
9.975157e+002,2.550103e-002
9.979979e+002,2.542786e-002
9.984800e+002,2.536223e-002
9.989622e+002,2.530037e-002
9.994443e+002,2.524136e-002
9.999264e+002,2.518766e-002
1.000409e+003,2.514196e-002
1.000891e+003,2.510587e-002
1.001373e+003,2.507852e-002
1.001855e+003,2.505649e-002
1.002337e+003,2.503688e-002
1.002819e+003,2.501877e-002
1.003301e+003,2.500457e-002
1.003783e+003,2.499872e-002
1.004266e+003,2.500548e-002
1.004748e+003,2.502587e-002
1.005230e+003,2.505689e-002
1.005712e+003,2.509242e-002
1.006194e+003,2.512612e-002
1.006676e+003,2.515435e-002
1.007158e+003,2.517767e-002
1.007640e+003,2.520005e-002
1.008122e+003,2.522672e-002
1.008605e+003,2.526041e-002
1.009087e+003,2.530104e-002
1.009569e+003,2.534517e-002
1.010051e+003,2.538894e-002
1.010533e+003,2.543019e-002
1.011015e+003,2.547057e-002
1.011497e+003,2.551369e-002
1.011979e+003,2.556331e-002
1.012462e+003,2.562075e-002
1.012944e+003,2.568305e-002
1.013426e+003,2.574461e-002
1.013908e+003,2.579992e-002
1.014390e+003,2.584659e-002
1.014872e+003,2.588640e-002
1.015354e+003,2.592500e-002
1.015836e+003,2.596875e-002
1.016319e+003,2.602144e-002
1.016801e+003,2.608254e-002
1.017283e+003,2.614800e-002
1.017765e+003,2.621278e-002
1.018247e+003,2.627389e-002
1.018729e+003,2.633207e-002
1.019211e+003,2.639124e-002
1.019693e+003,2.645565e-002
1.020176e+003,2.652751e-002
1.020658e+003,2.660451e-002
1.021140e+003,2.668161e-002
1.021622e+003,2.675338e-002
1.022104e+003,2.681726e-002
1.022586e+003,2.687534e-002
1.023068e+003,2.693379e-002
1.023550e+003,2.699993e-002
1.024033e+003,2.707820e-002
1.024515e+003,2.716858e-002
1.024997e+003,2.726669e-002
1.025479e+003,2.736611e-002
1.025961e+003,2.746238e-002
1.026443e+003,2.755455e-002
1.026925e+003,2.764568e-002
1.027407e+003,2.774001e-002
1.027890e+003,2.784078e-002
1.028372e+003,2.794720e-002
1.028854e+003,2.805485e-002
1.029336e+003,2.815789e-002
1.029818e+003,2.825180e-002
1.030300e+003,2.833536e-002
1.030782e+003,2.841109e-002
1.031264e+003,2.848330e-002
1.031747e+003,2.855528e-002
1.032229e+003,2.862786e-002
1.032711e+003,2.869977e-002
1.033193e+003,2.876865e-002
1.033675e+003,2.883419e-002
1.034157e+003,2.889883e-002
1.034639e+003,2.896781e-002
1.035121e+003,2.904566e-002
1.035604e+003,2.913488e-002
1.036086e+003,2.923372e-002
1.036568e+003,2.933691e-002
1.037050e+003,2.943851e-002
1.037532e+003,2.953475e-002
1.038014e+003,2.962600e-002
1.038496e+003,2.971613e-002
1.038979e+003,2.981009e-002
1.039461e+003,2.991117e-002
1.039943e+003,3.001853e-002
1.040425e+003,3.012807e-002
1.040907e+003,3.023483e-002
1.041389e+003,3.033576e-002
1.041871e+003,3.043206e-002
1.042353e+003,3.052879e-002
1.042835e+003,3.063255e-002
1.043318e+003,3.074804e-002
1.043800e+003,3.087608e-002
1.044282e+003,3.101300e-002
1.044764e+003,3.115306e-002
1.045246e+003,3.129161e-002
1.045728e+003,3.142716e-002
1.046210e+003,3.156237e-002
1.046692e+003,3.170191e-002
1.047175e+003,3.184990e-002
1.047657e+003,3.200790e-002
1.048139e+003,3.217333e-002
1.048621e+003,3.234131e-002
1.049103e+003,3.250640e-002
1.049585e+003,3.266441e-002
1.050067e+003,3.281328e-002
1.050549e+003,3.295270e-002
1.051031e+003,3.308280e-002
1.051514e+003,3.320313e-002
1.051996e+003,3.331389e-002
1.052478e+003,3.341622e-002
1.052960e+003,3.351399e-002
1.053442e+003,3.361349e-002
1.053924e+003,3.372232e-002
1.054406e+003,3.384648e-002
1.054889e+003,3.398816e-002
1.055371e+003,3.414495e-002
1.055853e+003,3.431035e-002
1.056335e+003,3.447760e-002
1.056817e+003,3.464168e-002
1.057299e+003,3.480193e-002
1.057781e+003,3.496108e-002
1.058263e+003,3.512332e-002
1.058746e+003,3.529194e-002
1.059228e+003,3.546729e-002
1.059710e+003,3.564727e-002
1.060192e+003,3.582904e-002
1.060674e+003,3.601111e-002
1.061156e+003,3.619434e-002
1.061638e+003,3.638147e-002
1.062120e+003,3.657488e-002
1.062603e+003,3.677439e-002
1.063085e+003,3.697677e-002
1.063567e+003,3.717649e-002
1.064049e+003,3.736872e-002
1.064531e+003,3.755189e-002
1.065013e+003,3.772910e-002
1.065495e+003,3.790655e-002
1.065977e+003,3.809141e-002
1.066460e+003,3.828811e-002
1.066942e+003,3.849634e-002
1.067424e+003,3.871198e-002
1.067906e+003,3.892957e-002
1.068388e+003,3.914608e-002
1.068870e+003,3.936246e-002
1.069352e+003,3.958363e-002
1.069834e+003,3.981619e-002
1.070317e+003,4.006424e-002
1.070799e+003,4.032777e-002
1.071281e+003,4.060191e-002
1.071763e+003,4.087919e-002
1.072245e+003,4.115300e-002
1.072727e+003,4.141974e-002
1.073209e+003,4.167994e-002
1.073691e+003,4.193662e-002
1.074174e+003,4.219306e-002
1.074656e+003,4.244979e-002
1.075138e+003,4.270469e-002
1.075620e+003,4.295358e-002
1.076102e+003,4.319292e-002
1.076584e+003,4.342125e-002
1.077066e+003,4.364003e-002
1.077548e+003,4.385188e-002
1.078031e+003,4.405925e-002
1.078513e+003,4.426164e-002
1.078995e+003,4.445605e-002
1.079477e+003,4.463820e-002
1.079959e+003,4.480441e-002
1.080441e+003,4.495393e-002
1.080923e+003,4.508875e-002
1.081406e+003,4.521252e-002
1.081888e+003,4.532807e-002
1.082370e+003,4.543611e-002
1.082852e+003,4.553437e-002
1.083334e+003,4.561974e-002
1.083816e+003,4.569028e-002
1.084298e+003,4.574703e-002
1.084780e+003,4.579448e-002
1.085262e+003,4.583852e-002
1.085745e+003,4.588344e-002
1.086227e+003,4.593015e-002
1.086709e+003,4.597529e-002
1.087191e+003,4.601384e-002
1.087673e+003,4.604089e-002
1.088155e+003,4.605541e-002
1.088637e+003,4.606031e-002
1.089119e+003,4.606098e-002
1.089602e+003,4.606251e-002
1.090084e+003,4.606741e-002
1.090566e+003,4.607401e-002
1.091048e+003,4.607826e-002
1.091530e+003,4.607643e-002
1.092012e+003,4.606715e-002
1.092494e+003,4.605282e-002
1.092976e+003,4.603780e-002
1.093458e+003,4.602636e-002
1.093941e+003,4.601970e-002
1.094423e+003,4.601558e-002
1.094905e+003,4.600887e-002
1.095387e+003,4.599470e-002
1.095869e+003,4.597067e-002
1.096351e+003,4.593817e-002
1.096833e+003,4.590103e-002
1.097316e+003,4.586387e-002
1.097798e+003,4.582876e-002
1.098280e+003,4.579476e-002
1.098762e+003,4.575896e-002
1.099244e+003,4.571816e-002
1.099726e+003,4.567144e-002
1.100208e+003,4.562043e-002
1.100690e+003,4.556881e-002
1.101173e+003,4.551938e-002
1.101655e+003,4.547223e-002
1.102137e+003,4.542486e-002
1.102619e+003,4.537271e-002
1.103101e+003,4.531223e-002
1.103583e+003,4.524313e-002
1.104065e+003,4.516822e-002
1.104547e+003,4.509290e-002
1.105030e+003,4.502134e-002
1.105512e+003,4.495472e-002
1.105994e+003,4.489038e-002
1.106476e+003,4.482349e-002
1.106958e+003,4.474926e-002
1.107440e+003,4.466647e-002
1.107922e+003,4.457729e-002
1.108404e+003,4.448714e-002
1.108886e+003,4.440132e-002
1.109369e+003,4.432289e-002
1.109851e+003,4.425145e-002
1.110333e+003,4.418418e-002
1.110815e+003,4.411833e-002
1.111297e+003,4.405284e-002
1.111779e+003,4.398923e-002
1.112261e+003,4.393105e-002
1.112744e+003,4.388024e-002
1.113226e+003,4.383644e-002
1.113708e+003,4.379579e-002
1.114190e+003,4.375305e-002
1.114672e+003,4.370349e-002
1.115154e+003,4.364572e-002
1.115636e+003,4.358184e-002
1.116118e+003,4.351599e-002
1.116601e+003,4.345191e-002
1.117083e+003,4.339068e-002
1.117565e+003,4.333053e-002
1.118047e+003,4.326798e-002
1.118529e+003,4.320096e-002
1.119011e+003,4.313032e-002
1.119493e+003,4.306057e-002
1.119975e+003,4.299726e-002
1.120458e+003,4.294509e-002
1.120940e+003,4.290438e-002
1.121422e+003,4.287122e-002
1.121904e+003,4.283898e-002
1.122386e+003,4.280148e-002
1.122868e+003,4.275549e-002
1.123350e+003,4.270177e-002
1.123832e+003,4.264378e-002
1.124314e+003,4.258512e-002
1.124797e+003,4.252722e-002
1.125279e+003,4.246805e-002
1.125761e+003,4.240381e-002
1.126243e+003,4.233099e-002
1.126725e+003,4.224825e-002
1.127207e+003,4.215726e-002
1.127689e+003,4.206188e-002
1.128172e+003,4.196509e-002
1.128654e+003,4.186738e-002
1.129136e+003,4.176620e-002
1.129618e+003,4.165775e-002
1.130100e+003,4.153895e-002
1.130582e+003,4.140980e-002
1.131064e+003,4.127368e-002
1.131546e+003,4.113577e-002
1.132029e+003,4.100046e-002
1.132511e+003,4.086899e-002
1.132993e+003,4.073996e-002
1.133475e+003,4.060988e-002
1.133957e+003,4.047616e-002
1.134439e+003,4.033926e-002
1.134921e+003,4.020273e-002
1.135403e+003,4.007170e-002
1.135885e+003,3.994965e-002
1.136368e+003,3.983773e-002
1.136850e+003,3.973319e-002
1.137332e+003,3.963178e-002
1.137814e+003,3.953119e-002
1.138296e+003,3.943168e-002
1.138778e+003,3.933667e-002
1.139260e+003,3.925098e-002
1.139742e+003,3.917832e-002
1.140225e+003,3.911875e-002
1.140707e+003,3.906937e-002
1.141189e+003,3.902615e-002
1.141671e+003,3.898665e-002
1.142153e+003,3.895231e-002
1.142635e+003,3.892772e-002
1.143117e+003,3.891858e-002
1.143599e+003,3.892869e-002
1.144082e+003,3.895846e-002
1.144564e+003,3.900441e-002
1.145046e+003,3.906200e-002
1.145528e+003,3.912878e-002
1.146010e+003,3.920614e-002
1.146492e+003,3.929880e-002
1.146974e+003,3.941247e-002
1.147457e+003,3.955074e-002
1.147939e+003,3.971210e-002
1.148421e+003,3.989018e-002
1.148903e+003,4.007587e-002
1.149385e+003,4.026052e-002
1.149867e+003,4.043904e-002
1.150349e+003,4.060984e-002
1.150831e+003,4.077422e-002
1.151313e+003,4.093303e-002
1.151796e+003,4.108543e-002
1.152278e+003,4.122749e-002
1.152760e+003,4.135461e-002
1.153242e+003,4.146343e-002
1.153724e+003,4.155386e-002
1.154206e+003,4.162935e-002
1.154688e+003,4.169486e-002
1.155170e+003,4.175434e-002
1.155653e+003,4.180890e-002
1.156135e+003,4.185557e-002
1.156617e+003,4.189039e-002
1.157099e+003,4.190982e-002
1.157581e+003,4.191360e-002
1.158063e+003,4.190474e-002
1.158545e+003,4.188852e-002
1.159027e+003,4.186888e-002
1.159510e+003,4.184718e-002
1.159992e+003,4.182115e-002
1.160474e+003,4.178661e-002
1.160956e+003,4.173998e-002
1.161438e+003,4.168073e-002
1.161920e+003,4.161086e-002
1.162402e+003,4.153467e-002
1.162885e+003,4.145513e-002
1.163367e+003,4.137366e-002
1.163849e+003,4.128856e-002
1.164331e+003,4.119734e-002
1.164813e+003,4.109918e-002
1.165295e+003,4.099639e-002
1.165777e+003,4.089391e-002
1.166259e+003,4.079764e-002
1.166741e+003,4.071110e-002
1.167224e+003,4.063384e-002
1.167706e+003,4.056151e-002
1.168188e+003,4.048791e-002
1.168670e+003,4.040841e-002
1.169152e+003,4.032169e-002
1.169634e+003,4.023013e-002
1.170116e+003,4.013748e-002
1.170598e+003,4.004679e-002
1.171081e+003,3.995720e-002
1.171563e+003,3.986545e-002
1.172045e+003,3.976717e-002
1.172527e+003,3.965962e-002
1.173009e+003,3.954423e-002
1.173491e+003,3.942426e-002
1.173973e+003,3.930423e-002
1.174455e+003,3.918517e-002
1.174938e+003,3.906355e-002
1.175420e+003,3.893139e-002
1.175902e+003,3.878087e-002
1.176384e+003,3.860769e-002
1.176866e+003,3.841413e-002
1.177348e+003,3.820996e-002
1.177830e+003,3.800836e-002
1.178313e+003,3.782214e-002
1.178795e+003,3.765883e-002
1.179277e+003,3.752012e-002
1.179759e+003,3.740302e-002
1.180241e+003,3.730319e-002
1.180723e+003,3.721799e-002
1.181205e+003,3.714848e-002
1.181687e+003,3.709701e-002
1.182169e+003,3.706541e-002
1.182652e+003,3.705227e-002
1.183134e+003,3.705293e-002
1.183616e+003,3.706140e-002
1.184098e+003,3.707258e-002
1.184580e+003,3.708553e-002
1.185062e+003,3.710201e-002
1.185544e+003,3.712614e-002
1.186026e+003,3.716041e-002
1.186509e+003,3.720433e-002
1.186991e+003,3.725399e-002
1.187473e+003,3.730407e-002
1.187955e+003,3.735120e-002
1.188437e+003,3.739548e-002
1.188919e+003,3.744124e-002
1.189401e+003,3.749387e-002
1.189883e+003,3.755749e-002
1.190366e+003,3.763226e-002
1.190848e+003,3.771481e-002
1.191330e+003,3.779964e-002
1.191812e+003,3.788266e-002
1.192294e+003,3.796327e-002
1.192776e+003,3.804472e-002
1.193258e+003,3.813150e-002
1.193740e+003,3.822802e-002
1.194223e+003,3.833500e-002
1.194705e+003,3.845065e-002
1.195187e+003,3.857126e-002
1.195669e+003,3.869459e-002
1.196151e+003,3.882092e-002
1.196633e+003,3.895310e-002
1.197115e+003,3.909441e-002
1.197597e+003,3.924612e-002
1.198080e+003,3.940616e-002
1.198562e+003,3.956924e-002
1.199044e+003,3.973007e-002
1.199526e+003,3.988564e-002
1.200008e+003,4.003742e-002
1.200490e+003,4.019029e-002
1.200972e+003,4.035030e-002
1.201454e+003,4.052116e-002
1.201937e+003,4.070216e-002
1.202419e+003,4.088830e-002
1.202901e+003,4.107288e-002
1.203383e+003,4.125037e-002
1.203865e+003,4.141899e-002
1.204347e+003,4.158095e-002
1.204829e+003,4.174017e-002
1.205312e+003,4.189937e-002
1.205794e+003,4.205841e-002
1.206276e+003,4.221342e-002
1.206758e+003,4.235959e-002
1.207240e+003,4.249340e-002
1.207722e+003,4.261514e-002
1.208204e+003,4.272812e-002
1.208686e+003,4.283798e-002
1.209168e+003,4.294880e-002
1.209651e+003,4.306114e-002
1.210133e+003,4.317332e-002
1.210615e+003,4.328211e-002
1.211097e+003,4.338650e-002
1.211579e+003,4.348914e-002
1.212061e+003,4.359626e-002
1.212543e+003,4.371522e-002
1.213025e+003,4.385149e-002
1.213508e+003,4.400576e-002
1.213990e+003,4.417487e-002
1.214472e+003,4.435359e-002
1.214954e+003,4.453788e-002
1.215436e+003,4.472697e-002
1.215918e+003,4.492431e-002
1.216400e+003,4.513454e-002
1.216882e+003,4.536116e-002
1.217365e+003,4.560385e-002
1.217847e+003,4.585898e-002
1.218329e+003,4.612038e-002
1.218811e+003,4.638363e-002
1.219293e+003,4.664740e-002
1.219775e+003,4.691418e-002
1.220257e+003,4.718825e-002
1.220740e+003,4.747324e-002
1.221222e+003,4.776936e-002
1.221704e+003,4.807381e-002
1.222186e+003,4.838194e-002
1.222668e+003,4.869005e-002
1.223150e+003,4.899778e-002
1.223632e+003,4.930747e-002
1.224114e+003,4.962337e-002
1.224596e+003,4.994872e-002
1.225079e+003,5.028315e-002
1.225561e+003,5.062326e-002
1.226043e+003,5.096396e-002
1.226525e+003,5.130065e-002
1.227007e+003,5.163185e-002
1.227489e+003,5.195967e-002
1.227971e+003,5.228775e-002
1.228453e+003,5.261911e-002
1.228936e+003,5.295350e-002
1.229418e+003,5.328782e-002
1.229900e+003,5.361685e-002
1.230382e+003,5.393632e-002
1.230864e+003,5.424450e-002
1.231346e+003,5.454328e-002
1.231828e+003,5.483634e-002
1.232310e+003,5.512641e-002
1.232792e+003,5.541369e-002
1.233275e+003,5.569420e-002
1.233757e+003,5.596169e-002
1.234239e+003,5.621077e-002
1.234721e+003,5.643868e-002
1.235203e+003,5.664677e-002
1.235685e+003,5.683973e-002
1.236167e+003,5.702259e-002
1.236650e+003,5.719840e-002
1.237132e+003,5.736673e-002
1.237614e+003,5.752452e-002
1.238096e+003,5.766730e-002
1.238578e+003,5.779251e-002
1.239060e+003,5.790031e-002
1.239542e+003,5.799337e-002
1.240024e+003,5.807431e-002
1.240507e+003,5.814497e-002
1.240989e+003,5.820335e-002
1.241471e+003,5.824593e-002
1.241953e+003,5.826920e-002
1.242435e+003,5.827146e-002
1.242917e+003,5.825383e-002
1.243399e+003,5.822059e-002
1.243881e+003,5.817540e-002
1.244364e+003,5.812026e-002
1.244846e+003,5.805406e-002
1.245328e+003,5.797331e-002
1.245810e+003,5.787447e-002
1.246292e+003,5.775639e-002
1.246774e+003,5.762138e-002
1.247256e+003,5.747421e-002
1.247738e+003,5.732061e-002
1.248220e+003,5.716428e-002
1.248703e+003,5.700589e-002
1.249185e+003,5.684360e-002
1.249667e+003,5.667591e-002
1.250149e+003,5.650271e-002
1.250631e+003,5.632658e-002
1.251113e+003,5.615165e-002
1.251595e+003,5.598120e-002
1.252078e+003,5.581532e-002
1.252560e+003,5.565066e-002
1.253042e+003,5.548177e-002
1.253524e+003,5.530355e-002
1.254006e+003,5.511430e-002
1.254488e+003,5.491624e-002
1.254970e+003,5.471455e-002
1.255452e+003,5.451481e-002
1.255935e+003,5.431959e-002
1.256417e+003,5.412810e-002
1.256899e+003,5.393704e-002
1.257381e+003,5.374343e-002
1.257863e+003,5.354647e-002
1.258345e+003,5.334919e-002
1.258827e+003,5.315683e-002
1.259309e+003,5.297429e-002
1.259792e+003,5.280325e-002
1.260274e+003,5.264165e-002
1.260756e+003,5.248444e-002
1.261238e+003,5.232712e-002
1.261720e+003,5.216764e-002
1.262202e+003,5.200820e-002
1.262684e+003,5.185274e-002
1.263166e+003,5.170516e-002
1.263648e+003,5.156701e-002
1.264131e+003,5.143628e-002
1.264613e+003,5.130914e-002
1.265095e+003,5.118204e-002
1.265577e+003,5.105484e-002
1.266059e+003,5.093003e-002
1.266541e+003,5.081234e-002
1.267023e+003,5.070563e-002
1.267505e+003,5.061058e-002
1.267988e+003,5.052400e-002
1.268470e+003,5.044127e-002
1.268952e+003,5.035844e-002
1.269434e+003,5.027431e-002
1.269916e+003,5.019116e-002
1.270398e+003,5.011332e-002
1.270880e+003,5.004390e-002
1.271363e+003,4.998311e-002
1.271845e+003,4.992770e-002
1.272327e+003,4.987358e-002
1.272809e+003,4.981780e-002
1.273291e+003,4.976128e-002
1.273773e+003,4.970772e-002
1.274255e+003,4.966224e-002
1.274737e+003,4.962822e-002
1.275219e+003,4.960493e-002
1.275702e+003,4.958818e-002
1.276184e+003,4.957298e-002
1.276666e+003,4.955558e-002
1.277148e+003,4.953714e-002
1.277630e+003,4.952205e-002
1.278112e+003,4.951602e-002
1.278594e+003,4.952250e-002
1.279076e+003,4.954077e-002
1.279559e+003,4.956487e-002
1.280041e+003,4.958749e-002
1.280523e+003,4.960329e-002
1.281005e+003,4.961156e-002
1.281487e+003,4.961664e-002
1.281969e+003,4.962504e-002
1.282451e+003,4.964241e-002
1.282933e+003,4.966990e-002
1.283416e+003,4.970399e-002
1.283898e+003,4.973820e-002
1.284380e+003,4.976707e-002
1.284862e+003,4.978812e-002
1.285344e+003,4.980290e-002
1.285826e+003,4.981542e-002
1.286308e+003,4.982894e-002
1.286791e+003,4.984361e-002
1.287273e+003,4.985622e-002
1.287755e+003,4.986252e-002
1.288237e+003,4.986015e-002
1.288719e+003,4.985076e-002
1.289201e+003,4.984022e-002
1.289683e+003,4.983536e-002
1.290165e+003,4.984124e-002
1.290647e+003,4.985809e-002
1.291130e+003,4.988153e-002
1.291612e+003,4.990521e-002
1.292094e+003,4.992462e-002
1.292576e+003,4.993942e-002
1.293058e+003,4.995364e-002
1.293540e+003,4.997345e-002
1.294022e+003,5.000398e-002
1.294504e+003,5.004624e-002
1.294987e+003,5.009704e-002
1.295469e+003,5.015136e-002
1.295951e+003,5.020491e-002
1.296433e+003,5.025764e-002
1.296915e+003,5.031274e-002
1.297397e+003,5.037530e-002
1.297879e+003,5.044876e-002
1.298361e+003,5.053256e-002
1.298844e+003,5.062232e-002
1.299326e+003,5.071218e-002
1.299808e+003,5.079814e-002
1.300290e+003,5.088049e-002
1.300772e+003,5.096297e-002
1.301254e+003,5.105063e-002
1.301736e+003,5.114674e-002
1.302219e+003,5.124976e-002
1.302701e+003,5.135418e-002
1.303183e+003,5.145319e-002
1.303665e+003,5.154220e-002
1.304147e+003,5.162190e-002
1.304629e+003,5.169748e-002
1.305111e+003,5.177604e-002
1.305593e+003,5.186322e-002
1.306075e+003,5.195935e-002
1.306558e+003,5.205990e-002
1.307040e+003,5.215807e-002
1.307522e+003,5.224793e-002
1.308004e+003,5.232863e-002
1.308486e+003,5.240303e-002
1.308968e+003,5.247675e-002
1.309450e+003,5.255398e-002
1.309932e+003,5.263427e-002
1.310415e+003,5.271318e-002
1.310897e+003,5.278362e-002
1.311379e+003,5.283998e-002
1.311861e+003,5.288086e-002
1.312343e+003,5.290964e-002
1.312825e+003,5.293181e-002
1.313307e+003,5.295129e-002
1.313789e+003,5.296730e-002
1.314272e+003,5.297425e-002
1.314754e+003,5.296462e-002
1.315236e+003,5.293323e-002
1.315718e+003,5.287980e-002
1.316200e+003,5.280925e-002
1.316682e+003,5.272931e-002
1.317164e+003,5.264620e-002
1.317646e+003,5.256162e-002
1.318129e+003,5.247208e-002
1.318611e+003,5.237181e-002
1.319093e+003,5.225639e-002
1.319575e+003,5.212722e-002
1.320057e+003,5.199027e-002
1.320539e+003,5.185308e-002
1.321021e+003,5.172059e-002
1.321503e+003,5.159185e-002
1.321986e+003,5.146113e-002
1.322468e+003,5.132109e-002
1.322950e+003,5.116701e-002
1.323432e+003,5.100111e-002
1.323914e+003,5.083056e-002
1.324396e+003,5.066521e-002
1.324878e+003,5.051229e-002
1.325360e+003,5.037290e-002
1.325843e+003,5.024232e-002
1.326325e+003,5.011310e-002
1.326807e+003,4.998032e-002
1.327289e+003,4.984464e-002
1.327771e+003,4.971252e-002
1.328253e+003,4.959286e-002
1.328735e+003,4.949227e-002
1.329218e+003,4.941215e-002
1.329700e+003,4.934831e-002
1.330182e+003,4.929490e-002
1.330664e+003,4.924862e-002
1.331146e+003,4.921119e-002
1.331628e+003,4.918904e-002
1.332110e+003,4.918912e-002
1.332592e+003,4.921490e-002
1.333074e+003,4.926306e-002
1.333557e+003,4.932547e-002
1.334039e+003,4.939302e-002
1.334521e+003,4.945951e-002
1.335003e+003,4.952531e-002
1.335485e+003,4.959636e-002
1.335967e+003,4.968053e-002
1.336449e+003,4.978311e-002
1.336931e+003,4.990336e-002
1.337414e+003,5.003500e-002
1.337896e+003,5.017027e-002
1.338378e+003,5.030406e-002
1.338860e+003,5.043745e-002
1.339342e+003,5.057643e-002
1.339824e+003,5.072633e-002
1.340306e+003,5.088555e-002
1.340788e+003,5.104511e-002
1.341271e+003,5.119184e-002
1.341753e+003,5.131583e-002
1.342235e+003,5.141450e-002
1.342717e+003,5.149386e-002
1.343199e+003,5.156558e-002
1.343681e+003,5.164159e-002
1.344163e+003,5.172883e-002
1.344646e+003,5.182592e-002
1.345128e+003,5.192491e-002
1.345610e+003,5.201478e-002
1.346092e+003,5.208860e-002
1.346574e+003,5.214648e-002
1.347056e+003,5.219560e-002
1.347538e+003,5.224576e-002
1.348020e+003,5.230338e-002
1.348502e+003,5.236762e-002
1.348985e+003,5.243044e-002
1.349467e+003,5.248082e-002
1.349949e+003,5.251057e-002
1.350431e+003,5.251875e-002
1.350913e+003,5.251141e-002
1.351395e+003,5.249743e-002
1.351877e+003,5.248275e-002
1.352359e+003,5.246718e-002
1.352842e+003,5.244428e-002
1.353324e+003,5.240615e-002
1.353806e+003,5.234817e-002
1.354288e+003,5.227367e-002
1.354770e+003,5.219324e-002
1.355252e+003,5.212020e-002
1.355734e+003,5.206409e-002
1.356216e+003,5.202679e-002
1.356698e+003,5.200287e-002
1.357181e+003,5.198446e-002
1.357663e+003,5.196701e-002
1.358145e+003,5.195234e-002
1.358627e+003,5.194861e-002
1.359109e+003,5.196597e-002
1.359591e+003,5.201072e-002
1.360073e+003,5.208316e-002
1.360556e+003,5.217808e-002
1.361038e+003,5.228929e-002
1.361520e+003,5.241610e-002
1.362002e+003,5.256644e-002
1.362484e+003,5.275420e-002
1.362966e+003,5.298965e-002
1.363448e+003,5.327007e-002
1.363930e+003,5.357903e-002
1.364413e+003,5.389468e-002
1.364895e+003,5.419863e-002
1.365377e+003,5.448359e-002
1.365859e+003,5.475119e-002
1.366341e+003,5.500885e-002
1.366823e+003,5.526218e-002
1.367305e+003,5.550954e-002
1.367787e+003,5.573836e-002
1.368270e+003,5.592819e-002
1.368752e+003,5.605932e-002
1.369234e+003,5.612199e-002
1.369716e+003,5.612215e-002
1.370198e+003,5.607799e-002
1.370680e+003,5.601230e-002
1.371162e+003,5.594431e-002
1.371644e+003,5.588465e-002
1.372126e+003,5.583698e-002
1.372609e+003,5.580246e-002
1.373091e+003,5.578544e-002
1.373573e+003,5.579823e-002
1.374055e+003,5.585656e-002
1.374537e+003,5.597054e-002
1.375019e+003,5.613602e-002
1.375501e+003,5.633397e-002
1.375984e+003,5.654000e-002
1.376466e+003,5.673596e-002
1.376948e+003,5.691644e-002
1.377430e+003,5.708899e-002
1.377912e+003,5.726952e-002
1.378394e+003,5.747418e-002
1.378876e+003,5.771234e-002
1.379358e+003,5.798230e-002
1.379841e+003,5.827435e-002
1.380323e+003,5.857867e-002
1.380805e+003,5.889295e-002
1.381287e+003,5.922383e-002
1.381769e+003,5.958384e-002
1.382251e+003,5.998318e-002
1.382733e+003,6.042241e-002
1.383215e+003,6.089019e-002
1.383698e+003,6.136941e-002
1.384180e+003,6.184497e-002
1.384662e+003,6.231253e-002
1.385144e+003,6.278042e-002
1.385626e+003,6.326642e-002
1.386108e+003,6.378842e-002
1.386590e+003,6.435065e-002
1.387072e+003,6.493611e-002
1.387554e+003,6.551034e-002
1.388037e+003,6.604056e-002
1.388519e+003,6.651075e-002
1.389001e+003,6.692670e-002
1.389483e+003,6.730676e-002
1.389965e+003,6.767015e-002
1.390447e+003,6.802756e-002
1.390929e+003,6.838071e-002
1.391411e+003,6.872495e-002
1.391894e+003,6.905619e-002
1.392376e+003,6.937762e-002
1.392858e+003,6.970183e-002
1.393340e+003,7.004832e-002
1.393822e+003,7.043480e-002
1.394304e+003,7.086312e-002
1.394786e+003,7.131181e-002
1.395269e+003,7.174330e-002
1.395751e+003,7.212344e-002
1.396233e+003,7.244065e-002
1.396715e+003,7.270712e-002
1.397197e+003,7.295021e-002
1.397679e+003,7.319749e-002
1.398161e+003,7.346429e-002
1.398643e+003,7.374602e-002
1.399125e+003,7.402027e-002
1.399608e+003,7.425917e-002
1.400090e+003,7.444502e-002
1.400572e+003,7.457744e-002
1.401054e+003,7.466815e-002
1.401536e+003,7.473032e-002
1.402018e+003,7.477079e-002
1.402500e+003,7.478739e-002
1.402982e+003,7.477009e-002
1.403465e+003,7.470752e-002
1.403947e+003,7.459311e-002
1.404429e+003,7.443232e-002
1.404911e+003,7.424019e-002
1.405393e+003,7.403450e-002
1.405875e+003,7.382566e-002
1.406357e+003,7.361238e-002
1.406839e+003,7.338552e-002
1.407322e+003,7.313579e-002
1.407804e+003,7.286029e-002
1.408286e+003,7.256345e-002
1.408768e+003,7.225502e-002
1.409250e+003,7.194457e-002
1.409732e+003,7.163630e-002
1.410214e+003,7.132794e-002
1.410697e+003,7.101276e-002
1.411179e+003,7.068723e-002
1.411661e+003,7.035527e-002
1.412143e+003,7.003014e-002
1.412625e+003,6.972805e-002
1.413107e+003,6.946157e-002
1.413589e+003,6.923235e-002
1.414071e+003,6.903105e-002
1.414553e+003,6.884179e-002
1.415036e+003,6.864922e-002
1.415518e+003,6.844650e-002
1.416000e+003,6.823766e-002
1.416482e+003,6.803647e-002
1.416964e+003,6.785944e-002
1.417446e+003,6.771643e-002
1.417928e+003,6.760448e-002
1.418410e+003,6.750596e-002
1.418893e+003,6.740239e-002
1.419375e+003,6.728941e-002
1.419857e+003,6.718279e-002
1.420339e+003,6.710447e-002
1.420821e+003,6.706705e-002
1.421303e+003,6.706828e-002
1.421785e+003,6.709592e-002
1.422267e+003,6.713518e-002
1.422750e+003,6.717747e-002
1.423232e+003,6.722526e-002
1.423714e+003,6.729285e-002
1.424196e+003,6.739918e-002
1.424678e+003,6.755442e-002
1.425160e+003,6.775217e-002
1.425642e+003,6.797301e-002
1.426125e+003,6.819728e-002
1.426607e+003,6.841645e-002
1.427089e+003,6.863928e-002
1.427571e+003,6.889040e-002
1.428053e+003,6.920414e-002
1.428535e+003,6.961003e-002
1.429017e+003,7.011850e-002
1.429499e+003,7.071325e-002
1.429981e+003,7.135795e-002
1.430464e+003,7.201525e-002
1.430946e+003,7.266349e-002
1.431428e+003,7.330151e-002
1.431910e+003,7.393923e-002
1.432392e+003,7.458568e-002
1.432874e+003,7.524023e-002
1.433356e+003,7.589585e-002
1.433838e+003,7.654504e-002
1.434321e+003,7.719347e-002
1.434803e+003,7.786610e-002
1.435285e+003,7.860818e-002
1.435767e+003,7.946634e-002
1.436249e+003,8.044904e-002
1.436731e+003,8.149484e-002
1.437213e+003,8.249179e-002
1.437696e+003,8.334665e-002
1.438177e+003,8.403302e-002
1.438660e+003,8.458449e-002
1.439142e+003,8.506022e-002
1.439624e+003,8.551769e-002
1.440106e+003,8.599669e-002
1.440588e+003,8.651323e-002
1.441070e+003,8.705965e-002
1.441552e+003,8.761307e-002
1.442035e+003,8.814725e-002
1.442517e+003,8.864670e-002
1.442999e+003,8.911106e-002
1.443481e+003,8.955263e-002
1.443963e+003,8.998545e-002
1.444445e+003,9.041725e-002
1.444927e+003,9.084707e-002
1.445409e+003,9.126975e-002
1.445892e+003,9.168538e-002
1.446374e+003,9.210628e-002
1.446856e+003,9.255736e-002
1.447338e+003,9.306391e-002
1.447820e+003,9.363540e-002
1.448302e+003,9.425405e-002
1.448784e+003,9.488465e-002
1.449266e+003,9.549911e-002
1.449749e+003,9.609533e-002
1.450231e+003,9.670213e-002
1.450713e+003,9.736691e-002
1.451195e+003,9.813406e-002
1.451677e+003,9.902307e-002
1.452159e+003,1.000152e-001
1.452641e+003,1.010583e-001
1.453124e+003,1.020892e-001
1.453605e+003,1.030635e-001
1.454088e+003,1.039752e-001
1.454570e+003,1.048668e-001
1.455052e+003,1.058349e-001
1.455534e+003,1.070542e-001
1.456016e+003,1.088225e-001
1.456498e+003,1.115936e-001
1.456980e+003,1.158720e-001
1.457463e+003,1.219225e-001
1.457945e+003,1.295673e-001
1.458427e+003,1.383271e-001
1.458909e+003,1.476517e-001
1.459391e+003,1.569917e-001
1.459873e+003,1.657841e-001
1.460355e+003,1.734650e-001
1.460837e+003,1.795160e-001
1.461320e+003,1.835026e-001
1.461802e+003,1.850818e-001
1.462284e+003,1.839942e-001
1.462766e+003,1.800900e-001
1.463248e+003,1.734365e-001
1.463730e+003,1.645177e-001
1.464212e+003,1.543946e-001
1.464694e+003,1.445693e-001
1.465177e+003,1.364529e-001
1.465659e+003,1.307871e-001
1.466141e+003,1.275045e-001
1.466623e+003,1.260528e-001
1.467105e+003,1.258141e-001
1.467587e+003,1.263479e-001
1.468069e+003,1.274484e-001
1.468552e+003,1.291016e-001
1.469033e+003,1.314148e-001
1.469516e+003,1.345489e-001
1.469998e+003,1.386458e-001
1.470480e+003,1.437199e-001
1.470962e+003,1.494664e-001
1.471444e+003,1.549947e-001
1.471926e+003,1.587032e-001
1.472408e+003,1.587452e-001
1.472891e+003,1.541455e-001
1.473373e+003,1.455205e-001
1.473855e+003,1.345051e-001
1.474337e+003,1.226670e-001
1.474819e+003,1.110185e-001
1.475301e+003,1.001356e-001
1.475783e+003,9.041094e-002
1.476265e+003,8.216061e-002
1.476748e+003,7.557698e-002
1.477230e+003,7.064368e-002
1.477712e+003,6.712858e-002
1.478194e+003,6.467577e-002
1.478676e+003,6.292548e-002
1.479158e+003,6.160027e-002
1.479640e+003,6.053170e-002
1.480122e+003,5.964672e-002
1.480604e+003,5.892906e-002
1.481087e+003,5.837597e-002
1.481569e+003,5.796739e-002
1.482051e+003,5.766295e-002
1.482533e+003,5.742051e-002
1.483015e+003,5.721810e-002
1.483497e+003,5.706137e-002
1.483979e+003,5.697249e-002
1.484461e+003,5.697255e-002
1.484944e+003,5.706594e-002
1.485426e+003,5.723370e-002
1.485908e+003,5.744002e-002
1.486390e+003,5.765002e-002
1.486872e+003,5.785000e-002
1.487354e+003,5.806132e-002
1.487836e+003,5.833401e-002
1.488319e+003,5.872434e-002
1.488801e+003,5.926079e-002
1.489283e+003,5.991960e-002
1.489765e+003,6.062901e-002
1.490247e+003,6.130883e-002
1.490729e+003,6.191673e-002
1.491211e+003,6.246066e-002
1.491693e+003,6.297287e-002
1.492176e+003,6.348240e-002
1.492658e+003,6.400228e-002
1.493140e+003,6.453349e-002
1.493622e+003,6.507576e-002
1.494104e+003,6.563739e-002
1.494586e+003,6.624309e-002
1.495068e+003,6.693306e-002
1.495550e+003,6.774992e-002
1.496032e+003,6.871239e-002
1.496515e+003,6.978972e-002
1.496997e+003,7.090303e-002
1.497479e+003,7.196417e-002
1.497961e+003,7.292301e-002
1.498443e+003,7.378545e-002
1.498925e+003,7.459586e-002
1.499407e+003,7.540381e-002
1.499890e+003,7.623810e-002
1.500372e+003,7.709812e-002
1.500854e+003,7.796077e-002
1.501336e+003,7.879659e-002
1.501818e+003,7.958421e-002
1.502300e+003,8.031768e-002
1.502782e+003,8.100543e-002
1.503264e+003,8.166614e-002
1.503747e+003,8.232409e-002
1.504229e+003,8.301003e-002
1.504711e+003,8.377111e-002
1.505193e+003,8.469444e-002
1.505675e+003,8.593409e-002
1.506157e+003,8.768854e-002
1.506639e+003,9.002572e-002
1.507121e+003,9.264152e-002
1.507604e+003,9.501422e-002
1.508086e+003,9.687614e-002
1.508568e+003,9.829981e-002
1.509050e+003,9.947575e-002
1.509532e+003,1.005699e-001
1.510014e+003,1.016979e-001
1.510496e+003,1.029298e-001
1.510979e+003,1.042940e-001
1.511460e+003,1.057755e-001
1.511943e+003,1.073216e-001
1.512425e+003,1.088603e-001
1.512907e+003,1.103276e-001
1.513389e+003,1.116895e-001
1.513871e+003,1.129514e-001
1.514353e+003,1.141541e-001
1.514835e+003,1.153578e-001
1.515318e+003,1.166209e-001
1.515800e+003,1.179664e-001
1.516282e+003,1.193515e-001
1.516764e+003,1.206668e-001
1.517246e+003,1.217891e-001
1.517728e+003,1.226554e-001
1.518210e+003,1.232860e-001
1.518692e+003,1.237532e-001
1.519175e+003,1.241417e-001
1.519657e+003,1.245297e-001
1.520139e+003,1.249872e-001
1.520621e+003,1.255727e-001
1.521103e+003,1.263115e-001
1.521585e+003,1.271679e-001
1.522067e+003,1.280551e-001
1.522549e+003,1.288966e-001
1.523031e+003,1.296656e-001
1.523514e+003,1.303784e-001
1.523996e+003,1.310685e-001
1.524478e+003,1.317718e-001
1.524960e+003,1.325218e-001
1.525442e+003,1.333463e-001
1.525924e+003,1.342597e-001
1.526406e+003,1.352572e-001
1.526888e+003,1.363129e-001
1.527371e+003,1.373864e-001
1.527853e+003,1.384349e-001
1.528335e+003,1.394235e-001
1.528817e+003,1.403308e-001
1.529299e+003,1.411511e-001
1.529781e+003,1.418944e-001
1.530263e+003,1.425846e-001
1.530746e+003,1.432554e-001
1.531228e+003,1.439480e-001
1.531710e+003,1.447074e-001
1.532192e+003,1.455751e-001
1.532674e+003,1.465689e-001
1.533156e+003,1.476550e-001
1.533638e+003,1.487423e-001
1.534120e+003,1.497293e-001
1.534603e+003,1.505622e-001
1.535085e+003,1.512456e-001
1.535567e+003,1.518093e-001
1.536049e+003,1.522811e-001
1.536531e+003,1.526787e-001
1.537013e+003,1.530135e-001
1.537495e+003,1.533015e-001
1.537977e+003,1.535767e-001
1.538459e+003,1.539029e-001
1.538942e+003,1.543701e-001
1.539424e+003,1.550468e-001
1.539906e+003,1.558891e-001
1.540388e+003,1.567097e-001
1.540870e+003,1.573174e-001
1.541352e+003,1.576726e-001
1.541834e+003,1.578672e-001
1.542316e+003,1.580144e-001
1.542799e+003,1.581816e-001
1.543281e+003,1.583782e-001
1.543763e+003,1.585687e-001
1.544245e+003,1.587014e-001
1.544727e+003,1.587420e-001
1.545209e+003,1.586935e-001
1.545691e+003,1.585915e-001
1.546174e+003,1.584757e-001
1.546656e+003,1.583673e-001
1.547138e+003,1.582583e-001
1.547620e+003,1.581158e-001
1.548102e+003,1.578914e-001
1.548584e+003,1.575401e-001
1.549066e+003,1.570447e-001
1.549548e+003,1.564357e-001
1.550031e+003,1.557872e-001
1.550513e+003,1.551768e-001
1.550995e+003,1.546407e-001
1.551477e+003,1.541589e-001
1.551959e+003,1.536736e-001
1.552441e+003,1.531202e-001
1.552923e+003,1.524545e-001
1.553405e+003,1.516725e-001
1.553887e+003,1.508197e-001
1.554370e+003,1.499729e-001
1.554852e+003,1.492021e-001
1.555334e+003,1.485345e-001
1.555816e+003,1.479446e-001
1.556298e+003,1.473697e-001
1.556780e+003,1.467232e-001
1.557262e+003,1.458916e-001
1.557744e+003,1.447208e-001
1.558227e+003,1.430558e-001
1.558709e+003,1.409648e-001
1.559191e+003,1.389384e-001
1.559673e+003,1.374491e-001
1.560155e+003,1.364922e-001
1.560637e+003,1.358380e-001
1.561119e+003,1.353170e-001
1.561602e+003,1.348417e-001
1.562083e+003,1.343609e-001
1.562566e+003,1.338289e-001
1.563048e+003,1.331973e-001
1.563530e+003,1.324247e-001
1.564012e+003,1.314990e-001
1.564494e+003,1.304563e-001
1.564976e+003,1.293788e-001
1.565458e+003,1.283590e-001
1.565941e+003,1.274558e-001
1.566423e+003,1.266686e-001
1.566905e+003,1.259430e-001
1.567387e+003,1.251945e-001
1.567869e+003,1.243336e-001
1.568351e+003,1.232969e-001
1.568833e+003,1.220823e-001
1.569315e+003,1.207731e-001
1.569798e+003,1.195077e-001
1.570280e+003,1.183971e-001
1.570762e+003,1.174637e-001
1.571244e+003,1.166619e-001
1.571726e+003,1.159325e-001
1.572208e+003,1.152372e-001
1.572690e+003,1.145621e-001
1.573172e+003,1.139031e-001
1.573655e+003,1.132497e-001
1.574137e+003,1.125693e-001
1.574619e+003,1.118003e-001
1.575101e+003,1.108691e-001
1.575583e+003,1.097390e-001
1.576065e+003,1.084746e-001
1.576547e+003,1.072405e-001
1.577030e+003,1.061955e-001
1.577511e+003,1.053893e-001
1.577994e+003,1.047643e-001
1.578476e+003,1.042243e-001
1.578958e+003,1.036888e-001
1.579440e+003,1.031148e-001
1.579922e+003,1.024970e-001
1.580404e+003,1.018576e-001
1.580886e+003,1.012298e-001
1.581369e+003,1.006385e-001
1.581851e+003,1.000882e-001
1.582333e+003,9.956225e-002
1.582815e+003,9.903674e-002
1.583297e+003,9.849680e-002
1.583779e+003,9.794846e-002
1.584261e+003,9.741511e-002
1.584743e+003,9.692270e-002
1.585226e+003,9.648439e-002
1.585708e+003,9.609190e-002
1.586190e+003,9.572127e-002
1.586672e+003,9.534803e-002
1.587154e+003,9.496427e-002
1.587636e+003,9.458464e-002
1.588118e+003,9.423947e-002
1.588600e+003,9.395817e-002
1.589083e+003,9.375196e-002
1.589565e+003,9.360698e-002
1.590047e+003,9.349227e-002
1.590529e+003,9.337876e-002
1.591011e+003,9.325713e-002
1.591493e+003,9.314338e-002
1.591975e+003,9.306791e-002
1.592458e+003,9.305803e-002
1.592939e+003,9.311927e-002
1.593422e+003,9.323118e-002
1.593904e+003,9.335664e-002
1.594386e+003,9.346426e-002
1.594868e+003,9.354623e-002
1.595350e+003,9.362303e-002
1.595832e+003,9.373201e-002
1.596314e+003,9.390391e-002
1.596797e+003,9.414482e-002
1.597279e+003,9.443561e-002
1.597761e+003,9.474538e-002
1.598243e+003,9.505230e-002
1.598725e+003,9.535816e-002
1.599207e+003,9.568921e-002
1.599689e+003,9.608222e-002
1.600171e+003,9.656531e-002
1.600654e+003,9.714110e-002
1.601136e+003,9.778474e-002
1.601618e+003,9.845912e-002
1.602100e+003,9.913641e-002
1.602582e+003,9.981639e-002
1.603064e+003,1.005253e-001
1.603546e+003,1.012987e-001
1.604028e+003,1.021586e-001
1.604510e+003,1.030993e-001
1.604993e+003,1.040926e-001
1.605475e+003,1.051059e-001
1.605957e+003,1.061251e-001
1.606439e+003,1.071669e-001
1.606921e+003,1.082734e-001
1.607403e+003,1.094908e-001
1.607885e+003,1.108420e-001
1.608367e+003,1.123098e-001
1.608850e+003,1.138438e-001
1.609332e+003,1.153881e-001
1.609814e+003,1.169132e-001
1.610296e+003,1.184272e-001
1.610778e+003,1.199618e-001
1.611260e+003,1.215437e-001
1.611742e+003,1.231703e-001
1.612225e+003,1.248029e-001
1.612707e+003,1.263858e-001
1.613189e+003,1.278754e-001
1.613671e+003,1.292676e-001
1.614153e+003,1.306171e-001
1.614635e+003,1.320401e-001
1.615117e+003,1.336996e-001
1.615599e+003,1.357511e-001
1.616082e+003,1.382442e-001
1.616564e+003,1.410286e-001
1.617046e+003,1.437950e-001
1.617528e+003,1.462685e-001
1.618010e+003,1.483642e-001
1.618492e+003,1.501616e-001
1.618974e+003,1.517932e-001
1.619456e+003,1.533659e-001
1.619938e+003,1.549415e-001
1.620421e+003,1.565544e-001
1.620903e+003,1.582386e-001
1.621385e+003,1.600521e-001
1.621867e+003,1.620819e-001
1.622349e+003,1.644104e-001
1.622831e+003,1.670437e-001
1.623313e+003,1.698514e-001
1.623796e+003,1.725969e-001
1.624278e+003,1.750621e-001
1.624760e+003,1.771556e-001
1.625242e+003,1.789305e-001
1.625724e+003,1.805338e-001
1.626206e+003,1.821410e-001
1.626688e+003,1.838985e-001
1.627170e+003,1.858744e-001
1.627653e+003,1.880276e-001
1.628135e+003,1.902227e-001
1.628617e+003,1.922995e-001
1.629099e+003,1.941603e-001
1.629581e+003,1.958059e-001
1.630063e+003,1.973065e-001
1.630545e+003,1.987431e-001
1.631027e+003,2.001622e-001
1.631510e+003,2.015591e-001
1.631992e+003,2.028923e-001
1.632474e+003,2.041150e-001
1.632956e+003,2.052109e-001
1.633438e+003,2.062239e-001
1.633920e+003,2.072737e-001
1.634402e+003,2.085418e-001
1.634885e+003,2.101952e-001
1.635366e+003,2.122390e-001
1.635849e+003,2.144049e-001
1.636331e+003,2.162975e-001
1.636813e+003,2.177094e-001
1.637295e+003,2.187230e-001
1.637777e+003,2.195465e-001
1.638259e+003,2.203478e-001
1.638741e+003,2.211985e-001
1.639224e+003,2.220848e-001
1.639706e+003,2.229447e-001
1.640188e+003,2.237114e-001
1.640670e+003,2.243514e-001
1.641152e+003,2.248819e-001
1.641634e+003,2.253582e-001
1.642116e+003,2.258384e-001
1.642598e+003,2.263495e-001
1.643081e+003,2.268703e-001
1.643563e+003,2.273395e-001
1.644045e+003,2.276840e-001
1.644527e+003,2.278538e-001
1.645009e+003,2.278581e-001
1.645491e+003,2.277816e-001
1.645973e+003,2.277663e-001
1.646455e+003,2.279252e-001
1.646938e+003,2.282284e-001
1.647420e+003,2.284990e-001
1.647902e+003,2.285691e-001
1.648384e+003,2.284143e-001
1.648866e+003,2.281291e-001
1.649348e+003,2.278357e-001
1.649830e+003,2.276255e-001
1.650313e+003,2.275364e-001
1.650794e+003,2.275407e-001
1.651277e+003,2.275284e-001
1.651759e+003,2.272786e-001
1.652241e+003,2.264718e-001
1.652723e+003,2.248948e-001
1.653205e+003,2.228617e-001
1.653687e+003,2.211424e-001
1.654169e+003,2.201241e-001
1.654652e+003,2.195739e-001
1.655134e+003,2.191204e-001
1.655616e+003,2.185374e-001
1.656098e+003,2.177548e-001
1.656580e+003,2.167983e-001
1.657062e+003,2.157380e-001
1.657544e+003,2.146494e-001
1.658026e+003,2.135801e-001
1.658509e+003,2.125328e-001
1.658991e+003,2.114677e-001
1.659473e+003,2.103213e-001
1.659955e+003,2.090370e-001
1.660437e+003,2.075858e-001
1.660919e+003,2.059726e-001
1.661401e+003,2.042276e-001
1.661883e+003,2.023902e-001
1.662365e+003,2.004946e-001
1.662848e+003,1.985728e-001
1.663330e+003,1.966640e-001
1.663812e+003,1.948204e-001
1.664294e+003,1.930979e-001
1.664776e+003,1.915373e-001
1.665258e+003,1.901501e-001
1.665740e+003,1.889108e-001
1.666222e+003,1.877546e-001
1.666705e+003,1.865789e-001
1.667187e+003,1.852562e-001
1.667669e+003,1.836609e-001
1.668151e+003,1.817163e-001
1.668633e+003,1.794482e-001
1.669115e+003,1.770041e-001
1.669597e+003,1.746025e-001
1.670080e+003,1.724187e-001
1.670562e+003,1.705045e-001
1.671044e+003,1.688048e-001
1.671526e+003,1.672353e-001
1.672008e+003,1.657361e-001
1.672490e+003,1.642764e-001
1.672972e+003,1.628283e-001
1.673454e+003,1.613396e-001
1.673937e+003,1.597183e-001
1.674419e+003,1.578577e-001
1.674901e+003,1.557099e-001
1.675383e+003,1.533646e-001
1.675865e+003,1.510341e-001
1.676347e+003,1.489279e-001
1.676829e+003,1.471394e-001
1.677311e+003,1.456303e-001
1.677793e+003,1.442783e-001
1.678276e+003,1.429315e-001
1.678758e+003,1.414539e-001
1.679240e+003,1.397716e-001
1.679722e+003,1.379066e-001
1.680204e+003,1.359756e-001
1.680686e+003,1.341361e-001
1.681168e+003,1.325039e-001
1.681650e+003,1.310873e-001
1.682133e+003,1.297517e-001
1.682615e+003,1.282073e-001
1.683097e+003,1.260503e-001
1.683579e+003,1.229784e-001
1.684061e+003,1.192049e-001
1.684543e+003,1.155418e-001
1.685025e+003,1.127080e-001
1.685508e+003,1.107709e-001
1.685990e+003,1.093762e-001
1.686472e+003,1.081418e-001
1.686954e+003,1.068127e-001
1.687436e+003,1.052625e-001
1.687918e+003,1.034623e-001
1.688400e+003,1.014514e-001
1.688882e+003,9.930685e-002
1.689365e+003,9.710860e-002
1.689847e+003,9.491516e-002
1.690329e+003,9.275716e-002
1.690811e+003,9.065430e-002
1.691293e+003,8.863363e-002
1.691775e+003,8.673095e-002
1.692257e+003,8.497743e-002
1.692739e+003,8.337823e-002
1.693221e+003,8.189102e-002
1.693704e+003,8.041192e-002
1.694186e+003,7.877468e-002
1.694668e+003,7.678760e-002
1.695150e+003,7.433654e-002
1.695632e+003,7.153090e-002
1.696114e+003,6.873506e-002
1.696596e+003,6.635380e-002
1.697078e+003,6.456252e-002
1.697561e+003,6.325521e-002
1.698043e+003,6.216674e-002
1.698525e+003,6.099146e-002
1.699007e+003,5.945652e-002
1.699489e+003,5.741898e-002
1.699971e+003,5.501363e-002
1.700453e+003,5.266432e-002
1.700936e+003,5.078345e-002
1.701417e+003,4.946262e-002
1.701900e+003,4.852623e-002
1.702382e+003,4.775356e-002
1.702864e+003,4.699431e-002
1.703346e+003,4.617916e-002
1.703828e+003,4.529566e-002
1.704310e+003,4.436371e-002
1.704792e+003,4.341577e-002
1.705275e+003,4.247858e-002
1.705757e+003,4.156348e-002
1.706239e+003,4.067104e-002
1.706721e+003,3.980725e-002
1.707203e+003,3.899061e-002
1.707685e+003,3.824652e-002
1.708167e+003,3.759333e-002
1.708649e+003,3.703109e-002
1.709132e+003,3.653727e-002
1.709614e+003,3.607569e-002
1.710096e+003,3.561186e-002
1.710578e+003,3.513031e-002
1.711060e+003,3.464133e-002
1.711542e+003,3.417496e-002
1.712024e+003,3.376329e-002
1.712506e+003,3.342255e-002
1.712989e+003,3.314124e-002
1.713471e+003,3.288040e-002
1.713953e+003,3.258777e-002
1.714435e+003,3.222273e-002
1.714917e+003,3.178139e-002
1.715399e+003,3.130492e-002
1.715881e+003,3.086198e-002
1.716364e+003,3.051236e-002
1.716845e+003,3.026698e-002
1.717328e+003,3.007544e-002
1.717810e+003,2.986430e-002
1.718292e+003,2.960115e-002
1.718774e+003,2.931466e-002
1.719256e+003,2.905892e-002
1.719738e+003,2.886993e-002
1.720220e+003,2.874930e-002
1.720703e+003,2.867193e-002
1.721185e+003,2.860049e-002
1.721667e+003,2.850028e-002
1.722149e+003,2.835332e-002
1.722631e+003,2.816524e-002
1.723113e+003,2.796578e-002
1.723595e+003,2.779120e-002
1.724077e+003,2.766382e-002
1.724560e+003,2.757764e-002
1.725042e+003,2.750328e-002
1.725524e+003,2.740683e-002
1.726006e+003,2.726934e-002
1.726488e+003,2.709639e-002
1.726970e+003,2.691509e-002
1.727452e+003,2.676095e-002
1.727934e+003,2.665991e-002
1.728417e+003,2.661311e-002
1.728899e+003,2.659454e-002
1.729381e+003,2.656081e-002
1.729863e+003,2.647464e-002
1.730345e+003,2.632537e-002
1.730827e+003,2.613465e-002
1.731309e+003,2.594381e-002
1.731792e+003,2.579205e-002
1.732273e+003,2.569867e-002
1.732756e+003,2.565224e-002
1.733238e+003,2.561327e-002
1.733720e+003,2.553797e-002
1.734202e+003,2.541781e-002
1.734684e+003,2.529255e-002
1.735166e+003,2.521082e-002
1.735648e+003,2.518553e-002
1.736131e+003,2.519699e-002
1.736613e+003,2.521167e-002
1.737095e+003,2.520021e-002
1.737577e+003,2.514536e-002
1.738059e+003,2.504851e-002
1.738541e+003,2.493202e-002
1.739023e+003,2.483211e-002
1.739505e+003,2.477907e-002
1.739988e+003,2.477468e-002
1.740470e+003,2.478887e-002
1.740952e+003,2.478060e-002
1.741434e+003,2.472289e-002
1.741916e+003,2.461674e-002
1.742398e+003,2.448841e-002
1.742880e+003,2.437483e-002
1.743362e+003,2.430486e-002
1.743844e+003,2.428294e-002
1.744327e+003,2.428679e-002
1.744809e+003,2.428078e-002
1.745291e+003,2.423579e-002
1.745773e+003,2.414406e-002
1.746255e+003,2.402023e-002
1.746737e+003,2.389389e-002
1.747219e+003,2.379182e-002
1.747702e+003,2.372238e-002
1.748184e+003,2.366833e-002
1.748666e+003,2.359518e-002
1.749148e+003,2.347369e-002
1.749630e+003,2.330177e-002
1.750112e+003,2.310886e-002
1.750594e+003,2.293903e-002
1.751076e+003,2.282343e-002
1.751559e+003,2.275802e-002
1.752041e+003,2.271128e-002
1.752523e+003,2.264551e-002
1.753005e+003,2.254057e-002
1.753487e+003,2.239920e-002
1.753969e+003,2.224216e-002
1.754451e+003,2.209662e-002
1.754933e+003,2.198472e-002
1.755416e+003,2.191527e-002
1.755898e+003,2.187638e-002
1.756380e+003,2.184197e-002
1.756862e+003,2.178482e-002
1.757344e+003,2.169519e-002
1.757826e+003,2.158537e-002
1.758308e+003,2.147953e-002
1.758791e+003,2.139642e-002
1.759272e+003,2.134084e-002
1.759755e+003,2.130106e-002
1.760237e+003,2.125688e-002
1.760719e+003,2.119103e-002
1.761201e+003,2.110066e-002
1.761683e+003,2.100270e-002
1.762165e+003,2.092311e-002
1.762647e+003,2.087752e-002
1.763130e+003,2.085927e-002
1.763612e+003,2.084468e-002
1.764094e+003,2.080882e-002
1.764576e+003,2.073953e-002
1.765058e+003,2.064173e-002
1.765540e+003,2.053644e-002
1.766022e+003,2.045142e-002
1.766504e+003,2.041060e-002
1.766987e+003,2.041930e-002
1.767469e+003,2.045855e-002
1.767951e+003,2.049240e-002
1.768433e+003,2.048722e-002
1.768915e+003,2.043087e-002
1.769397e+003,2.033830e-002
1.769879e+003,2.024131e-002
1.770361e+003,2.017347e-002
1.770844e+003,2.015252e-002
1.771326e+003,2.016945e-002
1.771808e+003,2.019001e-002
1.772290e+003,2.017676e-002
1.772772e+003,2.011718e-002
1.773254e+003,2.003425e-002
1.773736e+003,1.996399e-002
1.774219e+003,1.992725e-002
1.774700e+003,1.992211e-002
1.775183e+003,1.992939e-002
1.775665e+003,1.992442e-002
1.776147e+003,1.989166e-002
1.776629e+003,1.983249e-002
1.777111e+003,1.976459e-002
1.777593e+003,1.971255e-002
1.778075e+003,1.969415e-002
1.778558e+003,1.971170e-002
1.779040e+003,1.974764e-002
1.779522e+003,1.977404e-002
1.780004e+003,1.976542e-002
1.780486e+003,1.971539e-002
1.780968e+003,1.964126e-002
1.781450e+003,1.957283e-002
1.781932e+003,1.953363e-002
1.782415e+003,1.952777e-002
1.782897e+003,1.954020e-002
1.783379e+003,1.954658e-002
1.783861e+003,1.952743e-002
1.784343e+003,1.947887e-002
1.784825e+003,1.941652e-002
1.785307e+003,1.936681e-002
1.785789e+003,1.934941e-002
1.786271e+003,1.936483e-002
1.786754e+003,1.939415e-002
1.787236e+003,1.941026e-002
1.787718e+003,1.939229e-002
1.788200e+003,1.933556e-002
1.788682e+003,1.925316e-002
1.789164e+003,1.917030e-002
1.789646e+003,1.911226e-002
1.790128e+003,1.909333e-002
1.790611e+003,1.910693e-002
1.791093e+003,1.912758e-002
1.791575e+003,1.912440e-002
1.792057e+003,1.908372e-002
1.792539e+003,1.902087e-002
1.793021e+003,1.896992e-002
1.793503e+003,1.895602e-002
1.793986e+003,1.897975e-002
1.794468e+003,1.901958e-002
1.794950e+003,1.904730e-002
1.795432e+003,1.904266e-002
1.795914e+003,1.900198e-002
1.796396e+003,1.893914e-002
1.796878e+003,1.887847e-002
1.797360e+003,1.884132e-002
1.797843e+003,1.883331e-002
1.798325e+003,1.884380e-002
1.798807e+003,1.885025e-002
1.799289e+003,1.883252e-002
1.799771e+003,1.878571e-002
1.800253e+003,1.872597e-002
1.800735e+003,1.868131e-002
1.801217e+003,1.867384e-002
1.801699e+003,1.870391e-002
1.802182e+003,1.874977e-002
1.802664e+003,1.878115e-002
1.803146e+003,1.877645e-002
1.803628e+003,1.873366e-002
1.804110e+003,1.866936e-002
1.804592e+003,1.860957e-002
1.805074e+003,1.857461e-002
1.805556e+003,1.856977e-002
1.806039e+003,1.858202e-002
1.806521e+003,1.858864e-002
1.807003e+003,1.856926e-002
1.807485e+003,1.851859e-002
1.807967e+003,1.844987e-002
1.808449e+003,1.838823e-002
1.808931e+003,1.835786e-002
1.809414e+003,1.836625e-002
1.809896e+003,1.840030e-002
1.810378e+003,1.843148e-002
1.810860e+003,1.843271e-002
1.811342e+003,1.839301e-002
1.811824e+003,1.832380e-002
1.812306e+003,1.824896e-002
1.812788e+003,1.818773e-002
1.813271e+003,1.814381e-002
1.813753e+003,1.810331e-002
1.814235e+003,1.804557e-002
1.814717e+003,1.795618e-002
1.815199e+003,1.783870e-002
1.815681e+003,1.771668e-002
1.816163e+003,1.762637e-002
1.816645e+003,1.759990e-002
1.817127e+003,1.764792e-002
1.817610e+003,1.775182e-002
1.818092e+003,1.787570e-002
1.818574e+003,1.798251e-002
1.819056e+003,1.805197e-002
1.819538e+003,1.808728e-002
1.820020e+003,1.810781e-002
1.820502e+003,1.813439e-002
1.820984e+003,1.817537e-002
1.821467e+003,1.822119e-002
1.821949e+003,1.825128e-002
1.822431e+003,1.824616e-002
1.822913e+003,1.819926e-002
1.823395e+003,1.812352e-002
1.823877e+003,1.804565e-002
1.824359e+003,1.799217e-002
1.824842e+003,1.797243e-002
1.825323e+003,1.796969e-002
1.825806e+003,1.795414e-002
1.826288e+003,1.790336e-002
1.826770e+003,1.781517e-002
1.827252e+003,1.771145e-002
1.827734e+003,1.762684e-002
1.828216e+003,1.759339e-002
1.828698e+003,1.762418e-002
1.829181e+003,1.770189e-002
1.829663e+003,1.778324e-002
1.830145e+003,1.782284e-002
1.830627e+003,1.780253e-002
1.831109e+003,1.774133e-002
1.831591e+003,1.767526e-002
1.832073e+003,1.763268e-002
1.832555e+003,1.762124e-002
1.833038e+003,1.762725e-002
1.833520e+003,1.762691e-002
1.834002e+003,1.760055e-002
1.834484e+003,1.754390e-002
1.834966e+003,1.747219e-002
1.835448e+003,1.741288e-002
1.835930e+003,1.738935e-002
1.836412e+003,1.740692e-002
1.836895e+003,1.744894e-002
1.837377e+003,1.748513e-002
1.837859e+003,1.749046e-002
1.838341e+003,1.745938e-002
1.838823e+003,1.740860e-002
1.839305e+003,1.736644e-002
1.839787e+003,1.735567e-002
1.840270e+003,1.737935e-002
1.840751e+003,1.742037e-002
1.841234e+003,1.745050e-002
1.841716e+003,1.744446e-002
1.842198e+003,1.739513e-002
1.842680e+003,1.732344e-002
1.843162e+003,1.727162e-002
1.843644e+003,1.728150e-002
1.844126e+003,1.736282e-002
1.844609e+003,1.747998e-002
1.845091e+003,1.757354e-002
1.845573e+003,1.759963e-002
1.846055e+003,1.755271e-002
1.846537e+003,1.746237e-002
1.847019e+003,1.737217e-002
1.847501e+003,1.731660e-002
1.847983e+003,1.730604e-002
1.848466e+003,1.732425e-002
1.848948e+003,1.733954e-002
1.849430e+003,1.732384e-002
1.849912e+003,1.727036e-002
1.850394e+003,1.719694e-002
1.850876e+003,1.713639e-002
1.851358e+003,1.711585e-002
1.851840e+003,1.714230e-002
1.852323e+003,1.719918e-002
1.852805e+003,1.725308e-002
1.853287e+003,1.727326e-002
1.853769e+003,1.724882e-002
1.854251e+003,1.719374e-002
1.854733e+003,1.713907e-002
1.855215e+003,1.711308e-002
1.855698e+003,1.712481e-002
1.856179e+003,1.715979e-002
1.856662e+003,1.718775e-002
1.857144e+003,1.717989e-002
1.857626e+003,1.712695e-002
1.858108e+003,1.704436e-002
1.858590e+003,1.696420e-002
1.859072e+003,1.691663e-002
1.859554e+003,1.691234e-002
1.860037e+003,1.693875e-002
1.860519e+003,1.696801e-002
1.861001e+003,1.697518e-002
1.861483e+003,1.695287e-002
1.861965e+003,1.691612e-002
1.862447e+003,1.689139e-002
1.862929e+003,1.689822e-002
1.863411e+003,1.693695e-002
1.863894e+003,1.698416e-002
1.864376e+003,1.700627e-002
1.864858e+003,1.697628e-002
1.865340e+003,1.689048e-002
1.865822e+003,1.677454e-002
1.866304e+003,1.667428e-002
1.866786e+003,1.663508e-002
1.867268e+003,1.667929e-002
1.867750e+003,1.679024e-002
1.868233e+003,1.691737e-002
1.868715e+003,1.700615e-002
1.869197e+003,1.703229e-002
1.869679e+003,1.701448e-002
1.870161e+003,1.699571e-002
1.870643e+003,1.700787e-002
1.871125e+003,1.705499e-002
1.871608e+003,1.711385e-002
1.872090e+003,1.715196e-002
1.872572e+003,1.714580e-002
1.873054e+003,1.709564e-002
1.873536e+003,1.702676e-002
1.874018e+003,1.697788e-002
1.874500e+003,1.697952e-002
1.874982e+003,1.703597e-002
1.875465e+003,1.712215e-002
1.875947e+003,1.719619e-002
1.876429e+003,1.722283e-002
1.876911e+003,1.719131e-002
1.877393e+003,1.712286e-002
1.877875e+003,1.705774e-002
1.878357e+003,1.703193e-002
1.878839e+003,1.705627e-002
1.879322e+003,1.711132e-002
1.879804e+003,1.715858e-002
1.880286e+003,1.716438e-002
1.880768e+003,1.711883e-002
1.881250e+003,1.704378e-002
1.881732e+003,1.697933e-002
1.882214e+003,1.696108e-002
1.882697e+003,1.700045e-002
1.883178e+003,1.707661e-002
1.883661e+003,1.714981e-002
1.884143e+003,1.718250e-002
1.884625e+003,1.716235e-002
1.885107e+003,1.710933e-002
1.885589e+003,1.706427e-002
1.886071e+003,1.706410e-002
1.886553e+003,1.712336e-002
1.887036e+003,1.722440e-002
1.887518e+003,1.733081e-002
1.888000e+003,1.740622e-002
1.888482e+003,1.743438e-002
1.888964e+003,1.743301e-002
1.889446e+003,1.744060e-002
1.889928e+003,1.749251e-002
1.890410e+003,1.759226e-002
1.890893e+003,1.770973e-002
1.891375e+003,1.779967e-002
1.891857e+003,1.782785e-002
1.892339e+003,1.779004e-002
1.892821e+003,1.771446e-002
1.893303e+003,1.764661e-002
1.893785e+003,1.762873e-002
1.894267e+003,1.767464e-002
1.894750e+003,1.776298e-002
1.895232e+003,1.784701e-002
1.895714e+003,1.788454e-002
1.896196e+003,1.786206e-002
1.896678e+003,1.780328e-002
1.897160e+003,1.775211e-002
1.897642e+003,1.774538e-002
1.898125e+003,1.778967e-002
1.898606e+003,1.785796e-002
1.899089e+003,1.790223e-002
1.899571e+003,1.788073e-002
1.900053e+003,1.778162e-002
1.900535e+003,1.763134e-002
1.901017e+003,1.748114e-002
1.901499e+003,1.738139e-002
1.901981e+003,1.735246e-002
1.902464e+003,1.737745e-002
1.902946e+003,1.741129e-002
1.903428e+003,1.741048e-002
1.903910e+003,1.735427e-002
1.904392e+003,1.725866e-002
1.904874e+003,1.716365e-002
1.905356e+003,1.710825e-002
1.905838e+003,1.710646e-002
1.906321e+003,1.713781e-002
1.906803e+003,1.716091e-002
1.907285e+003,1.713583e-002
1.907767e+003,1.705078e-002
1.908249e+003,1.693041e-002
1.908731e+003,1.682592e-002
1.909213e+003,1.678363e-002
1.909695e+003,1.681706e-002
1.910177e+003,1.689784e-002
1.910660e+003,1.697234e-002
1.911142e+003,1.699375e-002
1.911624e+003,1.694865e-002
1.912106e+003,1.686272e-002
1.912588e+003,1.678452e-002
1.913070e+003,1.675629e-002
1.913552e+003,1.679143e-002
1.914034e+003,1.686679e-002
1.914517e+003,1.693843e-002
1.914999e+003,1.696730e-002
1.915481e+003,1.694482e-002
1.915963e+003,1.689920e-002
1.916445e+003,1.688317e-002
1.916927e+003,1.694310e-002
1.917409e+003,1.708249e-002
1.917892e+003,1.725085e-002
1.918374e+003,1.736538e-002
1.918856e+003,1.735786e-002
1.919338e+003,1.721477e-002
1.919820e+003,1.698042e-002
1.920302e+003,1.673075e-002
1.920784e+003,1.653524e-002
1.921266e+003,1.642901e-002
1.921749e+003,1.640125e-002
1.922231e+003,1.640562e-002
1.922713e+003,1.638888e-002
1.923195e+003,1.632496e-002
1.923677e+003,1.623351e-002
1.924159e+003,1.616159e-002
1.924641e+003,1.615029e-002
1.925123e+003,1.620565e-002
1.925605e+003,1.629272e-002
1.926088e+003,1.635582e-002
1.926570e+003,1.634872e-002
1.927052e+003,1.626140e-002
1.927534e+003,1.612925e-002
1.928016e+003,1.601594e-002
1.928498e+003,1.597669e-002
1.928980e+003,1.602799e-002
1.929462e+003,1.613594e-002
1.929945e+003,1.623489e-002
1.930427e+003,1.626314e-002
1.930909e+003,1.619845e-002
1.931391e+003,1.607150e-002
1.931873e+003,1.594789e-002
1.932355e+003,1.588988e-002
1.932837e+003,1.592243e-002
1.933320e+003,1.601735e-002
1.933802e+003,1.611331e-002
1.934284e+003,1.615280e-002
1.934766e+003,1.611886e-002
1.935248e+003,1.604738e-002
1.935730e+003,1.600660e-002
1.936212e+003,1.605603e-002
1.936694e+003,1.620904e-002
1.937177e+003,1.642008e-002
1.937659e+003,1.660697e-002
1.938141e+003,1.669304e-002
1.938623e+003,1.664635e-002
1.939105e+003,1.649781e-002
1.939587e+003,1.632151e-002
1.940069e+003,1.619214e-002
1.940551e+003,1.614543e-002
1.941033e+003,1.615475e-002
1.941516e+003,1.614984e-002
1.941998e+003,1.605567e-002
1.942480e+003,1.584957e-002
1.942962e+003,1.558708e-002
1.943444e+003,1.537111e-002
1.943926e+003,1.529077e-002
1.944408e+003,1.536961e-002
1.944890e+003,1.555746e-002
1.945373e+003,1.576067e-002
1.945855e+003,1.589379e-002
1.946337e+003,1.592087e-002
1.946819e+003,1.587341e-002
1.947301e+003,1.582474e-002
1.947783e+003,1.584523e-002
1.948265e+003,1.595499e-002
1.948748e+003,1.611042e-002
1.949229e+003,1.623093e-002
1.949712e+003,1.624792e-002
1.950194e+003,1.614524e-002
1.950676e+003,1.597776e-002
1.951158e+003,1.584212e-002
1.951640e+003,1.582041e-002
1.952122e+003,1.592891e-002
1.952604e+003,1.610413e-002
1.953087e+003,1.623508e-002
1.953569e+003,1.621982e-002
1.954051e+003,1.602164e-002
1.954533e+003,1.569304e-002
1.955015e+003,1.534969e-002
1.955497e+003,1.510419e-002
1.955979e+003,1.500652e-002
1.956461e+003,1.501854e-002
1.956944e+003,1.504507e-002
1.957426e+003,1.499788e-002
1.957908e+003,1.485256e-002
1.958390e+003,1.467815e-002
1.958872e+003,1.460154e-002
1.959354e+003,1.473531e-002
1.959836e+003,1.510301e-002
1.960318e+003,1.561775e-002
1.960801e+003,1.611584e-002
1.961283e+003,1.643723e-002
1.961765e+003,1.650243e-002
1.962247e+003,1.635132e-002
1.962729e+003,1.611486e-002
1.963211e+003,1.593541e-002
1.963693e+003,1.588616e-002
1.964176e+003,1.593741e-002
1.964657e+003,1.598138e-002
1.965140e+003,1.590191e-002
1.965622e+003,1.564754e-002
1.966104e+003,1.527087e-002
1.966586e+003,1.490852e-002
1.967068e+003,1.469625e-002
1.967550e+003,1.467935e-002
1.968032e+003,1.478565e-002
1.968515e+003,1.487183e-002
1.968997e+003,1.481181e-002
1.969479e+003,1.457379e-002
1.969961e+003,1.424120e-002
1.970443e+003,1.396857e-002
1.970925e+003,1.388915e-002
1.971407e+003,1.404061e-002
1.971889e+003,1.434125e-002
1.972372e+003,1.463362e-002
1.972854e+003,1.478037e-002
1.973336e+003,1.473582e-002
1.973818e+003,1.458308e-002
1.974300e+003,1.448844e-002
1.974782e+003,1.459999e-002
1.975264e+003,1.496592e-002
1.975746e+003,1.550600e-002
1.976229e+003,1.606349e-002
1.976711e+003,1.650002e-002
1.977193e+003,1.677757e-002
1.977675e+003,1.698168e-002
1.978157e+003,1.725227e-002
1.978639e+003,1.768709e-002
1.979121e+003,1.825964e-002
1.979604e+003,1.882279e-002
1.980085e+003,1.919521e-002
1.980568e+003,1.925169e-002
1.981050e+003,1.899046e-002
1.981532e+003,1.854093e-002
1.982014e+003,1.809885e-002
1.982496e+003,1.782873e-002
1.982978e+003,1.778161e-002
1.983460e+003,1.788765e-002
1.983943e+003,1.800255e-002
1.984425e+003,1.799443e-002
1.984907e+003,1.781549e-002
1.985389e+003,1.752719e-002
1.985871e+003,1.725765e-002
1.986353e+003,1.712481e-002
1.986835e+003,1.716590e-002
1.987317e+003,1.731328e-002
1.987800e+003,1.743670e-002
1.988282e+003,1.741962e-002
1.988764e+003,1.722706e-002
1.989246e+003,1.693053e-002
1.989728e+003,1.667098e-002
1.990210e+003,1.657997e-002
1.990692e+003,1.670980e-002
1.991174e+003,1.700400e-002
1.991656e+003,1.732766e-002
1.992139e+003,1.754940e-002
1.992621e+003,1.761044e-002
1.993103e+003,1.755668e-002
1.993585e+003,1.749628e-002
1.994067e+003,1.752364e-002
1.994549e+003,1.765811e-002
1.995031e+003,1.783267e-002
1.995514e+003,1.793391e-002
1.995996e+003,1.786911e-002
1.996478e+003,1.762043e-002
1.996960e+003,1.726363e-002
1.997442e+003,1.693198e-002
1.997924e+003,1.674222e-002
1.998406e+003,1.672716e-002
1.998888e+003,1.681445e-002
1.999371e+003,1.687038e-002
1.999853e+003,1.677128e-002
2.000335e+003,1.647421e-002
2.000817e+003,1.604480e-002
2.001299e+003,1.562032e-002
2.001781e+003,1.533483e-002
2.002263e+003,1.524461e-002
2.002745e+003,1.529576e-002
2.003228e+003,1.536834e-002
2.003710e+003,1.534555e-002
2.004192e+003,1.518718e-002
2.004674e+003,1.496808e-002
2.005156e+003,1.483604e-002
2.005638e+003,1.493229e-002
2.006120e+003,1.530360e-002
2.006603e+003,1.586292e-002
2.007084e+003,1.643302e-002
2.007567e+003,1.683252e-002
2.008049e+003,1.696660e-002
2.008531e+003,1.686991e-002
2.009013e+003,1.667636e-002
2.009495e+003,1.652760e-002
2.009977e+003,1.649180e-002
2.010459e+003,1.653085e-002
2.010942e+003,1.654466e-002
2.011424e+003,1.644397e-002
2.011906e+003,1.622295e-002
2.012388e+003,1.598362e-002
2.012870e+003,1.588075e-002
2.013352e+003,1.603599e-002
2.013834e+003,1.645565e-002
2.014316e+003,1.701833e-002
2.014799e+003,1.752893e-002
2.015281e+003,1.781486e-002
2.015763e+003,1.780665e-002
2.016245e+003,1.758738e-002
2.016727e+003,1.734768e-002
2.017209e+003,1.727724e-002
2.017691e+003,1.745936e-002
2.018173e+003,1.782406e-002
2.018656e+003,1.819829e-002
2.019138e+003,1.840874e-002
2.019620e+003,1.836490e-002
2.020102e+003,1.811157e-002
2.020584e+003,1.778714e-002
2.021066e+003,1.754110e-002
2.021548e+003,1.744285e-002
2.022031e+003,1.744982e-002
2.022512e+003,1.743566e-002
2.022995e+003,1.727539e-002
2.023477e+003,1.692142e-002
2.023959e+003,1.644490e-002
2.024441e+003,1.599492e-002
2.024923e+003,1.572151e-002
2.025405e+003,1.568440e-002
2.025887e+003,1.583035e-002
2.026370e+003,1.603368e-002
2.026852e+003,1.617634e-002
2.027334e+003,1.621646e-002
2.027816e+003,1.621319e-002
2.028298e+003,1.628167e-002
2.028780e+003,1.650401e-002
2.029262e+003,1.686671e-002
2.029744e+003,1.724990e-002
2.030227e+003,1.749324e-002
2.030709e+003,1.748449e-002
2.031191e+003,1.723598e-002
2.031673e+003,1.689876e-002
2.032155e+003,1.669723e-002
2.032637e+003,1.681122e-002
2.033119e+003,1.727879e-002
2.033601e+003,1.797530e-002
2.034083e+003,1.867359e-002
2.034566e+003,1.916184e-002
2.035048e+003,1.933915e-002
2.035530e+003,1.925391e-002
2.036012e+003,1.906317e-002
2.036494e+003,1.893262e-002
2.036976e+003,1.894703e-002
2.037458e+003,1.907353e-002
2.037940e+003,1.919756e-002
2.038423e+003,1.920459e-002
2.038905e+003,1.904635e-002
2.039387e+003,1.877514e-002
2.039869e+003,1.850934e-002
2.040351e+003,1.836703e-002
2.040833e+003,1.839319e-002
2.041315e+003,1.853552e-002
2.041798e+003,1.868318e-002
2.042280e+003,1.872989e-002
2.042762e+003,1.863892e-002
2.043244e+003,1.846019e-002
2.043726e+003,1.829904e-002
2.044208e+003,1.824562e-002
2.044690e+003,1.832476e-002
2.045172e+003,1.848087e-002
2.045655e+003,1.861859e-002
2.046137e+003,1.866480e-002
2.046619e+003,1.862058e-002
2.047101e+003,1.857711e-002
2.047583e+003,1.866538e-002
2.048065e+003,1.898570e-002
2.048547e+003,1.954279e-002
2.049029e+003,2.022853e-002
2.049511e+003,2.087250e-002
2.049994e+003,2.131491e-002
2.050476e+003,2.147490e-002
2.050958e+003,2.137401e-002
2.051440e+003,2.111116e-002
2.051922e+003,2.080595e-002
2.052404e+003,2.054747e-002
2.052886e+003,2.036800e-002
2.053368e+003,2.024826e-002
2.053851e+003,2.015340e-002
2.054333e+003,2.006185e-002
2.054815e+003,1.998802e-002
2.055297e+003,1.996687e-002
2.055779e+003,2.002707e-002
2.056261e+003,2.016173e-002
2.056743e+003,2.032407e-002
2.057226e+003,2.044390e-002
2.057708e+003,2.046271e-002
2.058190e+003,2.036355e-002
2.058672e+003,2.018027e-002
2.059154e+003,1.997998e-002
2.059636e+003,1.982843e-002
2.060118e+003,1.975630e-002
2.060600e+003,1.975018e-002
2.061083e+003,1.976723e-002
2.061565e+003,1.976843e-002
2.062047e+003,1.974414e-002
2.062529e+003,1.972556e-002
2.063011e+003,1.976434e-002
2.063493e+003,1.990030e-002
2.063975e+003,2.013475e-002
2.064457e+003,2.042038e-002
2.064939e+003,2.068816e-002
2.065422e+003,2.087650e-002
2.065904e+003,2.096573e-002
2.066386e+003,2.098457e-002
2.066868e+003,2.098926e-002
2.067350e+003,2.102662e-002
2.067832e+003,2.110742e-002
2.068314e+003,2.119990e-002
2.068796e+003,2.124871e-002
2.069279e+003,2.120993e-002
2.069761e+003,2.108111e-002
2.070243e+003,2.090613e-002
2.070725e+003,2.075596e-002
2.071207e+003,2.069393e-002
2.071689e+003,2.074132e-002
2.072171e+003,2.086981e-002
2.072654e+003,2.102017e-002
2.073135e+003,2.113511e-002
2.073618e+003,2.118849e-002
2.074100e+003,2.119982e-002
2.074582e+003,2.121734e-002
2.075064e+003,2.128915e-002
2.075546e+003,2.143219e-002
2.076028e+003,2.162457e-002
2.076510e+003,2.181636e-002
2.076993e+003,2.195927e-002
2.077475e+003,2.203010e-002
2.077957e+003,2.204460e-002
2.078439e+003,2.204054e-002
2.078921e+003,2.205490e-002
2.079403e+003,2.209920e-002
2.079885e+003,2.215249e-002
2.080367e+003,2.217268e-002
2.080850e+003,2.212496e-002
2.081332e+003,2.200409e-002
2.081814e+003,2.184219e-002
2.082296e+003,2.169402e-002
2.082778e+003,2.160991e-002
2.083260e+003,2.160982e-002
2.083742e+003,2.167444e-002
2.084224e+003,2.175754e-002
2.084707e+003,2.181090e-002
2.085189e+003,2.180795e-002
2.085671e+003,2.175735e-002
2.086153e+003,2.168974e-002
2.086635e+003,2.164037e-002
2.087117e+003,2.162292e-002
2.087599e+003,2.162303e-002
2.088082e+003,2.160776e-002
2.088563e+003,2.154492e-002
2.089046e+003,2.142536e-002
2.089528e+003,2.127090e-002
2.090010e+003,2.112410e-002
2.090492e+003,2.102583e-002
2.090974e+003,2.099296e-002
2.091456e+003,2.101212e-002
2.091938e+003,2.104698e-002
2.092421e+003,2.106190e-002
2.092903e+003,2.104134e-002
2.093385e+003,2.100047e-002
2.093867e+003,2.097393e-002
2.094349e+003,2.099666e-002
2.094831e+003,2.108162e-002
2.095313e+003,2.121317e-002
2.095795e+003,2.135439e-002
2.096278e+003,2.147045e-002
2.096760e+003,2.154659e-002
2.097242e+003,2.159822e-002
2.097724e+003,2.165643e-002
2.098206e+003,2.174784e-002
2.098688e+003,2.187441e-002
2.099170e+003,2.201025e-002
2.099652e+003,2.211224e-002
2.100135e+003,2.214562e-002
2.100617e+003,2.210207e-002
2.101099e+003,2.200722e-002
2.101581e+003,2.190656e-002
2.102063e+003,2.184167e-002
2.102545e+003,2.183027e-002
2.103027e+003,2.185719e-002
2.103510e+003,2.188804e-002
2.103991e+003,2.189013e-002
2.104474e+003,2.185208e-002
2.104956e+003,2.179266e-002
2.105438e+003,2.174793e-002
2.105920e+003,2.175098e-002
2.106402e+003,2.181049e-002
2.106884e+003,2.190764e-002
2.107366e+003,2.200678e-002
2.107849e+003,2.207635e-002
2.108331e+003,2.210680e-002
2.108813e+003,2.211723e-002
2.109295e+003,2.214040e-002
2.109777e+003,2.220283e-002
2.110259e+003,2.230791e-002
2.110741e+003,2.242896e-002
2.111223e+003,2.252477e-002
2.111706e+003,2.256061e-002
2.112188e+003,2.252695e-002
2.112670e+003,2.244608e-002
2.113152e+003,2.235592e-002
2.113634e+003,2.229005e-002
2.114116e+003,2.225796e-002
2.114598e+003,2.223985e-002
2.115080e+003,2.219976e-002
2.115563e+003,2.210881e-002
2.116045e+003,2.196347e-002
2.116527e+003,2.179130e-002
2.117009e+003,2.163639e-002
2.117491e+003,2.153652e-002
2.117973e+003,2.150141e-002
2.118455e+003,2.150925e-002
2.118938e+003,2.151673e-002
2.119420e+003,2.148597e-002
2.119902e+003,2.140387e-002
2.120384e+003,2.129060e-002
2.120866e+003,2.118584e-002
2.121348e+003,2.112687e-002
2.121830e+003,2.111972e-002
2.122312e+003,2.113863e-002
2.122794e+003,2.113285e-002
2.123277e+003,2.105480e-002
2.123759e+003,2.088458e-002
2.124241e+003,2.064175e-002
2.124723e+003,2.037485e-002
2.125205e+003,2.013474e-002
2.125687e+003,1.994936e-002
2.126169e+003,1.980956e-002
2.126651e+003,1.967764e-002
2.127134e+003,1.951068e-002
2.127616e+003,1.928610e-002
2.128098e+003,1.901684e-002
2.128580e+003,1.874135e-002
2.129062e+003,1.849957e-002
2.129544e+003,1.830999e-002
2.130026e+003,1.815455e-002
2.130509e+003,1.799187e-002
2.130990e+003,1.778157e-002
2.131473e+003,1.751543e-002
2.131955e+003,1.723019e-002
2.132437e+003,1.699743e-002
2.132919e+003,1.689151e-002
2.133401e+003,1.695436e-002
2.133883e+003,1.717194e-002
2.134365e+003,1.748126e-002
2.134848e+003,1.780257e-002
2.135330e+003,1.807082e-002
2.135812e+003,1.826326e-002
2.136294e+003,1.839690e-002
2.136776e+003,1.850101e-002
2.137258e+003,1.858899e-002
2.137740e+003,1.864261e-002
2.138222e+003,1.862434e-002
2.138705e+003,1.850549e-002
2.139187e+003,1.829291e-002
2.139669e+003,1.804617e-002
2.140151e+003,1.784918e-002
2.140633e+003,1.777447e-002
2.141115e+003,1.783821e-002
2.141597e+003,1.798958e-002
2.142079e+003,1.812852e-002
2.142562e+003,1.815671e-002
2.143044e+003,1.801882e-002
2.143526e+003,1.773638e-002
2.144008e+003,1.738658e-002
2.144490e+003,1.706318e-002
2.144972e+003,1.682441e-002
2.145454e+003,1.666983e-002
2.145937e+003,1.654691e-002
2.146418e+003,1.639789e-002
2.146901e+003,1.620308e-002
2.147383e+003,1.600685e-002
2.147865e+003,1.589454e-002
2.148347e+003,1.594336e-002
2.148829e+003,1.616895e-002
2.149311e+003,1.650516e-002
2.149793e+003,1.682147e-002
2.150276e+003,1.698840e-002
2.150758e+003,1.692770e-002
2.151240e+003,1.665652e-002
2.151722e+003,1.626537e-002
2.152204e+003,1.587007e-002
2.152686e+003,1.554141e-002
2.153168e+003,1.527037e-002
2.153650e+003,1.497079e-002
2.154133e+003,1.453800e-002
2.154615e+003,1.391020e-002
2.155097e+003,1.312438e-002
2.155579e+003,1.231694e-002
2.156061e+003,1.167590e-002
2.156543e+003,1.136825e-002
2.157025e+003,1.148981e-002
2.157507e+003,1.204138e-002
2.157990e+003,1.296479e-002
2.158472e+003,1.417766e-002
2.158954e+003,1.560157e-002
2.159436e+003,1.715295e-002
2.159918e+003,1.871241e-002
2.160400e+003,2.012871e-002
2.160882e+003,2.123903e-002
2.161365e+003,2.192710e-002
2.161846e+003,2.216622e-002
2.162329e+003,2.204646e-002
2.162811e+003,2.174895e-002
2.163293e+003,2.147999e-002
2.163775e+003,2.138810e-002
2.164257e+003,2.150526e-002
2.164739e+003,2.174800e-002
2.165221e+003,2.197226e-002
2.165704e+003,2.204965e-002
2.166186e+003,2.193450e-002
2.166668e+003,2.168002e-002
2.167150e+003,2.140405e-002
2.167632e+003,2.121831e-002
2.168114e+003,2.116448e-002
2.168596e+003,2.120335e-002
2.169078e+003,2.123460e-002
2.169561e+003,2.115859e-002
2.170043e+003,2.092801e-002
2.170525e+003,2.057249e-002
2.171007e+003,2.017425e-002
2.171489e+003,1.982163e-002
2.171971e+003,1.956164e-002
2.172453e+003,1.938102e-002
2.172935e+003,1.922475e-002
2.173417e+003,1.904853e-002
2.173900e+003,1.885205e-002
2.174382e+003,1.869925e-002
2.174864e+003,1.868267e-002
2.175346e+003,1.886856e-002
2.175828e+003,1.925101e-002
2.176310e+003,1.973913e-002
2.176792e+003,2.019287e-002
2.177274e+003,2.048260e-002
2.177757e+003,2.054701e-002
2.178239e+003,2.042020e-002
2.178721e+003,2.020205e-002
2.179203e+003,2.001151e-002
2.179685e+003,1.992624e-002
2.180167e+003,1.995905e-002
2.180649e+003,2.006280e-002
2.181132e+003,2.017760e-002
2.181614e+003,2.026949e-002
2.182096e+003,2.035308e-002
2.182578e+003,2.047692e-002
2.183060e+003,2.068694e-002
2.183542e+003,2.098542e-002
2.184024e+003,2.132452e-002
2.184506e+003,2.162782e-002
2.184989e+003,2.182875e-002
2.185471e+003,2.190626e-002
2.185953e+003,2.189760e-002
2.186435e+003,2.187196e-002
2.186917e+003,2.188880e-002
2.187399e+003,2.196675e-002
2.187881e+003,2.206857e-002
2.188363e+003,2.213310e-002
2.188845e+003,2.210969e-002
2.189328e+003,2.199117e-002
2.189810e+003,2.182806e-002
2.190292e+003,2.169661e-002
2.190774e+003,2.165787e-002
2.191256e+003,2.172474e-002
2.191738e+003,2.185107e-002
2.192220e+003,2.195994e-002
2.192702e+003,2.198529e-002
2.193185e+003,2.190795e-002
2.193667e+003,2.176819e-002
2.194149e+003,2.163657e-002
2.194631e+003,2.157847e-002
2.195113e+003,2.160702e-002
2.195595e+003,2.167740e-002
2.196077e+003,2.170963e-002
2.196560e+003,2.162892e-002
2.197042e+003,2.140881e-002
2.197524e+003,2.108785e-002
2.198006e+003,2.075280e-002
2.198488e+003,2.049653e-002
2.198970e+003,2.037761e-002
2.199452e+003,2.039823e-002
2.199934e+003,2.051433e-002
2.200417e+003,2.066678e-002
2.200899e+003,2.081320e-002
2.201381e+003,2.094741e-002
2.201863e+003,2.108981e-002
2.202345e+003,2.126177e-002
2.202827e+003,2.146459e-002
2.203309e+003,2.166492e-002
2.203791e+003,2.181488e-002
2.204273e+003,2.187472e-002
2.204756e+003,2.183712e-002
2.205238e+003,2.173882e-002
2.205720e+003,2.163816e-002
2.206202e+003,2.158839e-002
2.206684e+003,2.160806e-002
2.207166e+003,2.167517e-002
2.207648e+003,2.174193e-002
2.208130e+003,2.176374e-002
2.208613e+003,2.172627e-002
2.209095e+003,2.165150e-002
2.209577e+003,2.158419e-002
2.210059e+003,2.156037e-002
2.210541e+003,2.158410e-002
2.211023e+003,2.162275e-002
2.211505e+003,2.162446e-002
2.211988e+003,2.154868e-002
2.212469e+003,2.139227e-002
2.212952e+003,2.119707e-002
2.213434e+003,2.103166e-002
2.213916e+003,2.095542e-002
2.214398e+003,2.099155e-002
2.214880e+003,2.111892e-002
2.215362e+003,2.128395e-002
2.215844e+003,2.143226e-002
2.216327e+003,2.153425e-002
2.216809e+003,2.159835e-002
2.217291e+003,2.165670e-002
2.217773e+003,2.174062e-002
2.218255e+003,2.185737e-002
2.218737e+003,2.198290e-002
2.219219e+003,2.207419e-002
2.219701e+003,2.209750e-002
2.220184e+003,2.204773e-002
2.220666e+003,2.195865e-002
2.221148e+003,2.188301e-002
2.221630e+003,2.186818e-002
2.222112e+003,2.193100e-002
2.222594e+003,2.204929e-002
2.223076e+003,2.217670e-002
2.223558e+003,2.226828e-002
2.224041e+003,2.230493e-002
2.224523e+003,2.230011e-002
2.225005e+003,2.229076e-002
2.225487e+003,2.231023e-002
2.225969e+003,2.236987e-002
2.226451e+003,2.244976e-002
2.226933e+003,2.251338e-002
2.227416e+003,2.252943e-002
2.227897e+003,2.248920e-002
2.228380e+003,2.241729e-002
2.228862e+003,2.235608e-002
2.229344e+003,2.234248e-002
2.229826e+003,2.238791e-002
2.230308e+003,2.247541e-002
2.230790e+003,2.256909e-002
2.231272e+003,2.263716e-002
2.231755e+003,2.266869e-002
2.232237e+003,2.268063e-002
2.232719e+003,2.270295e-002
2.233201e+003,2.275792e-002
2.233683e+003,2.284641e-002
2.234165e+003,2.294100e-002
2.234647e+003,2.300593e-002
2.235129e+003,2.301537e-002
2.235612e+003,2.297133e-002
2.236094e+003,2.290528e-002
2.236576e+003,2.286097e-002
2.237058e+003,2.286993e-002
2.237540e+003,2.293512e-002
2.238022e+003,2.302602e-002
2.238504e+003,2.309660e-002
2.238986e+003,2.311122e-002
2.239469e+003,2.306225e-002
2.239951e+003,2.297868e-002
2.240433e+003,2.290678e-002
2.240915e+003,2.288693e-002
2.241397e+003,2.293025e-002
2.241879e+003,2.301436e-002
2.242361e+003,2.309409e-002
2.242844e+003,2.312790e-002
2.243326e+003,2.309976e-002
2.243808e+003,2.302723e-002
2.244290e+003,2.295147e-002
2.244772e+003,2.291589e-002
2.245254e+003,2.294267e-002
2.245736e+003,2.302462e-002
2.246218e+003,2.313122e-002
2.246700e+003,2.322751e-002
2.247183e+003,2.329259e-002
2.247665e+003,2.332840e-002
2.248147e+003,2.335347e-002
2.248629e+003,2.338778e-002
2.249111e+003,2.343714e-002
2.249593e+003,2.348767e-002
2.250075e+003,2.351378e-002
2.250557e+003,2.349529e-002
2.251040e+003,2.342859e-002
2.251522e+003,2.333756e-002
2.252004e+003,2.325850e-002
2.252486e+003,2.322381e-002
2.252968e+003,2.324706e-002
2.253450e+003,2.331619e-002
2.253932e+003,2.340317e-002
2.254415e+003,2.347902e-002
2.254896e+003,2.353110e-002
2.255379e+003,2.356722e-002
2.255861e+003,2.360931e-002
2.256343e+003,2.367539e-002
2.256825e+003,2.376664e-002
2.257307e+003,2.386398e-002
2.257789e+003,2.393731e-002
2.258271e+003,2.396305e-002
2.258754e+003,2.393610e-002
2.259236e+003,2.387632e-002
2.259718e+003,2.381521e-002
2.260200e+003,2.378331e-002
2.260682e+003,2.379130e-002
2.261164e+003,2.382692e-002
2.261646e+003,2.386410e-002
2.262128e+003,2.387794e-002
2.262611e+003,2.386044e-002
2.263093e+003,2.382719e-002
2.263575e+003,2.380837e-002
2.264057e+003,2.383365e-002
2.264539e+003,2.391653e-002
2.265021e+003,2.404666e-002
2.265503e+003,2.419741e-002
2.265985e+003,2.433777e-002
2.266468e+003,2.444695e-002
2.266950e+003,2.452384e-002
2.267432e+003,2.458143e-002
2.267914e+003,2.463667e-002
2.268396e+003,2.470024e-002
2.268878e+003,2.477141e-002
2.269360e+003,2.484121e-002
2.269843e+003,2.490279e-002
2.270324e+003,2.495761e-002
2.270807e+003,2.501732e-002
2.271289e+003,2.509566e-002
2.271771e+003,2.519951e-002
2.272253e+003,2.531925e-002
2.272735e+003,2.543164e-002
2.273217e+003,2.550992e-002
2.273699e+003,2.553690e-002
2.274182e+003,2.551478e-002
2.274664e+003,2.546605e-002
2.275146e+003,2.542318e-002
2.275628e+003,2.541240e-002
2.276110e+003,2.544201e-002
2.276592e+003,2.550003e-002
2.277074e+003,2.556141e-002
2.277556e+003,2.560306e-002
2.278039e+003,2.561662e-002
2.278521e+003,2.561274e-002
2.279003e+003,2.561576e-002
2.279485e+003,2.565009e-002
2.279967e+003,2.572947e-002
2.280449e+003,2.585055e-002
2.280931e+003,2.599675e-002
2.281413e+003,2.614962e-002
2.281896e+003,2.629730e-002
2.282378e+003,2.643977e-002
2.282860e+003,2.658419e-002
2.283342e+003,2.673755e-002
2.283824e+003,2.689877e-002
2.284306e+003,2.705781e-002
2.284788e+003,2.719820e-002
2.285271e+003,2.730613e-002
2.285752e+003,2.737830e-002
2.286235e+003,2.742348e-002
2.286717e+003,2.745489e-002
2.287199e+003,2.748436e-002
2.287681e+003,2.751408e-002
2.288163e+003,2.753492e-002
2.288645e+003,2.753238e-002
2.289127e+003,2.749420e-002
2.289610e+003,2.742005e-002
2.290092e+003,2.732030e-002
2.290574e+003,2.721388e-002
2.291056e+003,2.711834e-002
2.291538e+003,2.704150e-002
2.292020e+003,2.697961e-002
2.292502e+003,2.692090e-002
2.292984e+003,2.685311e-002
2.293467e+003,2.677156e-002
2.293949e+003,2.668124e-002
2.294431e+003,2.659393e-002
2.294913e+003,2.652056e-002
2.295395e+003,2.646623e-002
2.295877e+003,2.642632e-002
2.296359e+003,2.639109e-002
2.296841e+003,2.635146e-002
2.297323e+003,2.630533e-002
2.297806e+003,2.625926e-002
2.298288e+003,2.622443e-002
2.298770e+003,2.620952e-002
2.299252e+003,2.621564e-002
2.299734e+003,2.623428e-002
2.300216e+003,2.625160e-002
2.300698e+003,2.625702e-002
2.301180e+003,2.624797e-002
2.301663e+003,2.623389e-002
2.302145e+003,2.622952e-002
2.302627e+003,2.624794e-002
2.303109e+003,2.629291e-002
2.303591e+003,2.635578e-002
2.304073e+003,2.642008e-002
2.304555e+003,2.646928e-002
2.305038e+003,2.649482e-002
2.305520e+003,2.649950e-002
2.306002e+003,2.649562e-002
2.306484e+003,2.649708e-002
2.306966e+003,2.651298e-002
2.307448e+003,2.654286e-002
2.307930e+003,2.657856e-002
2.308412e+003,2.661019e-002
2.308895e+003,2.663240e-002
2.309377e+003,2.664787e-002
2.309859e+003,2.666530e-002
2.310341e+003,2.669429e-002
2.310823e+003,2.673862e-002
2.311305e+003,2.679447e-002
2.311787e+003,2.685268e-002
2.312269e+003,2.690464e-002
2.312751e+003,2.694826e-002
2.313234e+003,2.698979e-002
2.313716e+003,2.704085e-002
2.314198e+003,2.711139e-002
2.314680e+003,2.720379e-002
2.315162e+003,2.731058e-002
2.315644e+003,2.741775e-002
2.316126e+003,2.751162e-002
2.316608e+003,2.758630e-002
2.317091e+003,2.764649e-002
2.317573e+003,2.770473e-002
2.318055e+003,2.777508e-002
2.318537e+003,2.786741e-002
2.319019e+003,2.798365e-002
2.319501e+003,2.812072e-002
2.319983e+003,2.827646e-002
2.320466e+003,2.845172e-002
2.320948e+003,2.865328e-002
2.321430e+003,2.888519e-002
2.321912e+003,2.914005e-002
2.322394e+003,2.939287e-002
2.322876e+003,2.960240e-002
2.323358e+003,2.972112e-002
2.323840e+003,2.970984e-002
2.324323e+003,2.955223e-002
2.324805e+003,2.925906e-002
2.325287e+003,2.886468e-002
2.325769e+003,2.841513e-002
2.326251e+003,2.795672e-002
2.326733e+003,2.752678e-002
2.327215e+003,2.714880e-002
2.327697e+003,2.683424e-002
2.328179e+003,2.658594e-002
2.328662e+003,2.640301e-002
2.329144e+003,2.628150e-002
2.329626e+003,2.621446e-002
2.330108e+003,2.618890e-002
2.330590e+003,2.618854e-002
2.331072e+003,2.619507e-002
2.331554e+003,2.619446e-002
2.332036e+003,2.618109e-002
2.332519e+003,2.616064e-002
2.333001e+003,2.614392e-002
2.333483e+003,2.614242e-002
2.333965e+003,2.616035e-002
2.334447e+003,2.619378e-002
2.334929e+003,2.623079e-002
2.335411e+003,2.625804e-002
2.335894e+003,2.626776e-002
2.336375e+003,2.625990e-002
2.336858e+003,2.624164e-002
2.337340e+003,2.622290e-002
2.337822e+003,2.620923e-002
2.338304e+003,2.620168e-002
2.338786e+003,2.619626e-002
2.339268e+003,2.618886e-002
2.339750e+003,2.617906e-002
2.340233e+003,2.617173e-002
2.340715e+003,2.617418e-002
2.341197e+003,2.619023e-002
2.341679e+003,2.621729e-002
2.342161e+003,2.624641e-002
2.342643e+003,2.626623e-002
2.343125e+003,2.627164e-002
2.343607e+003,2.626509e-002
2.344090e+003,2.626005e-002
2.344572e+003,2.627135e-002
2.345054e+003,2.630673e-002
2.345536e+003,2.636191e-002
2.346018e+003,2.642149e-002
2.346500e+003,2.646594e-002
2.346982e+003,2.648167e-002
2.347464e+003,2.646420e-002
2.347947e+003,2.642038e-002
2.348429e+003,2.636104e-002
2.348911e+003,2.629569e-002
2.349393e+003,2.622961e-002
2.349875e+003,2.616125e-002
2.350357e+003,2.608465e-002
2.350839e+003,2.599299e-002
2.351322e+003,2.588508e-002
2.351803e+003,2.576827e-002
2.352286e+003,2.565647e-002
2.352768e+003,2.556468e-002
2.353250e+003,2.549837e-002
2.353732e+003,2.545146e-002
2.354214e+003,2.540557e-002
2.354696e+003,2.533951e-002
2.355178e+003,2.524032e-002
2.355661e+003,2.510940e-002
2.356143e+003,2.496134e-002
2.356625e+003,2.481531e-002
2.357107e+003,2.468637e-002
2.357589e+003,2.457627e-002
2.358071e+003,2.447718e-002
2.358553e+003,2.437839e-002
2.359035e+003,2.427691e-002
2.359518e+003,2.418101e-002
2.360000e+003,2.410645e-002
2.360482e+003,2.406725e-002
2.360964e+003,2.406600e-002
2.361446e+003,2.408862e-002
2.361928e+003,2.411132e-002
2.362410e+003,2.411103e-002
2.362892e+003,2.407388e-002
2.363375e+003,2.400296e-002
2.363857e+003,2.391277e-002
2.364339e+003,2.382015e-002
2.364821e+003,2.373430e-002
2.365303e+003,2.365437e-002
2.365785e+003,2.357321e-002
2.366267e+003,2.348704e-002
2.366750e+003,2.340093e-002
2.367232e+003,2.333251e-002
2.367714e+003,2.330260e-002
2.368196e+003,2.332596e-002
2.368678e+003,2.340032e-002
2.369160e+003,2.350876e-002
2.369642e+003,2.362457e-002
2.370124e+003,2.372412e-002
2.370606e+003,2.379494e-002
2.371089e+003,2.384070e-002
2.371571e+003,2.387627e-002
2.372053e+003,2.391805e-002
2.372535e+003,2.397449e-002
2.373017e+003,2.404278e-002
2.373499e+003,2.411222e-002
2.373981e+003,2.417043e-002
2.374463e+003,2.421118e-002
2.374946e+003,2.423849e-002
2.375428e+003,2.426243e-002
2.375910e+003,2.429451e-002
2.376392e+003,2.434007e-002
2.376874e+003,2.439783e-002
2.377356e+003,2.445835e-002
2.377838e+003,2.451164e-002
2.378321e+003,2.455196e-002
2.378802e+003,2.457970e-002
2.379285e+003,2.460130e-002
2.379767e+003,2.462316e-002
2.380249e+003,2.464900e-002
2.380731e+003,2.467685e-002
2.381213e+003,2.470116e-002
2.381695e+003,2.471538e-002
2.382177e+003,2.471674e-002
2.382660e+003,2.470808e-002
2.383142e+003,2.469666e-002
2.383624e+003,2.469146e-002
2.384106e+003,2.469800e-002
2.384588e+003,2.471707e-002
2.385070e+003,2.474619e-002
2.385552e+003,2.478074e-002
2.386034e+003,2.481741e-002
2.386517e+003,2.485741e-002
2.386999e+003,2.490229e-002
2.387481e+003,2.495392e-002
2.387963e+003,2.500929e-002
2.388445e+003,2.506128e-002
2.388927e+003,2.510015e-002
2.389409e+003,2.511795e-002
2.389891e+003,2.511207e-002
2.390374e+003,2.508736e-002
2.390856e+003,2.505460e-002
2.391338e+003,2.502572e-002
2.391820e+003,2.500974e-002
2.392302e+003,2.500958e-002
2.392784e+003,2.502340e-002
2.393266e+003,2.504590e-002
2.393749e+003,2.507330e-002
2.394230e+003,2.510573e-002
2.394713e+003,2.514395e-002
2.395195e+003,2.518853e-002
2.395677e+003,2.523670e-002
2.396159e+003,2.528042e-002
2.396641e+003,2.530999e-002
2.397123e+003,2.531850e-002
2.397605e+003,2.530488e-002
2.398088e+003,2.527585e-002
2.398570e+003,2.524405e-002
2.399052e+003,2.522184e-002
2.399534e+003,2.521722e-002
2.400016e+003,2.522994e-002
2.400498e+003,2.525424e-002
2.400980e+003,2.528010e-002
2.401462e+003,2.530066e-002
2.401945e+003,2.531463e-002
2.402427e+003,2.532550e-002
2.402909e+003,2.533980e-002
2.403391e+003,2.536153e-002
2.403873e+003,2.539167e-002
2.404355e+003,2.542729e-002
2.404837e+003,2.546514e-002
2.405319e+003,2.550495e-002
2.405802e+003,2.555041e-002
2.406284e+003,2.560652e-002
2.406766e+003,2.567760e-002
2.407248e+003,2.576212e-002
2.407730e+003,2.585191e-002
2.408212e+003,2.593545e-002
2.408694e+003,2.600135e-002
2.409177e+003,2.604379e-002
2.409658e+003,2.606456e-002
2.410141e+003,2.607198e-002
2.410623e+003,2.607490e-002
2.411105e+003,2.607922e-002
2.411587e+003,2.608459e-002
2.412069e+003,2.608628e-002
2.412551e+003,2.607847e-002
2.413033e+003,2.605942e-002
2.413516e+003,2.603298e-002
2.413998e+003,2.600743e-002
2.414480e+003,2.599303e-002
2.414962e+003,2.599486e-002
2.415444e+003,2.601300e-002
2.415926e+003,2.604150e-002
2.416408e+003,2.607313e-002
2.416890e+003,2.610181e-002
2.417373e+003,2.612665e-002
2.417855e+003,2.614927e-002
2.418337e+003,2.617190e-002
2.418819e+003,2.619421e-002
2.419301e+003,2.621102e-002
2.419783e+003,2.621575e-002
2.420265e+003,2.620419e-002
2.420747e+003,2.617735e-002
2.421229e+003,2.614358e-002
2.421712e+003,2.611480e-002
2.422194e+003,2.610215e-002
2.422676e+003,2.611048e-002
2.423158e+003,2.613756e-002
2.423640e+003,2.617364e-002
2.424122e+003,2.620857e-002
2.424604e+003,2.623429e-002
2.425086e+003,2.625079e-002
2.425569e+003,2.626186e-002
2.426051e+003,2.627417e-002
2.426533e+003,2.629175e-002
2.427015e+003,2.631372e-002
2.427497e+003,2.633634e-002
2.427979e+003,2.635477e-002
2.428461e+003,2.636743e-002
2.428944e+003,2.637712e-002
2.429426e+003,2.638970e-002
2.429908e+003,2.640922e-002
2.430390e+003,2.643585e-002
2.430872e+003,2.646471e-002
2.431354e+003,2.648780e-002
2.431836e+003,2.649868e-002
2.432318e+003,2.649575e-002
2.432801e+003,2.648447e-002
2.433283e+003,2.647401e-002
2.433765e+003,2.647264e-002
2.434247e+003,2.648433e-002
2.434729e+003,2.650530e-002
2.435211e+003,2.652891e-002
2.435693e+003,2.654683e-002
2.436175e+003,2.655655e-002
2.436657e+003,2.655932e-002
2.437140e+003,2.656061e-002
2.437622e+003,2.656445e-002
2.438104e+003,2.657186e-002
2.438586e+003,2.657827e-002
2.439068e+003,2.657797e-002
2.439550e+003,2.656806e-002
2.440032e+003,2.655217e-002
2.440514e+003,2.654058e-002
2.440997e+003,2.654592e-002
2.441479e+003,2.657795e-002
2.441961e+003,2.663654e-002
2.442443e+003,2.671325e-002
2.442925e+003,2.679299e-002
2.443407e+003,2.686130e-002
2.443889e+003,2.691062e-002
2.444372e+003,2.694259e-002
2.444854e+003,2.696619e-002
2.445336e+003,2.699278e-002
2.445818e+003,2.703002e-002
2.446300e+003,2.707942e-002
2.446782e+003,2.713691e-002
2.447264e+003,2.719699e-002
2.447746e+003,2.725577e-002
2.448229e+003,2.731390e-002
2.448711e+003,2.737314e-002
2.449193e+003,2.743449e-002
2.449675e+003,2.749361e-002
2.450157e+003,2.754118e-002
2.450639e+003,2.756760e-002
2.451121e+003,2.756702e-002
2.451604e+003,2.754269e-002
2.452085e+003,2.750508e-002
2.452568e+003,2.746954e-002
2.453050e+003,2.744892e-002
2.453532e+003,2.744697e-002
2.454014e+003,2.745862e-002
2.454496e+003,2.747228e-002
2.454978e+003,2.747684e-002
2.455460e+003,2.746821e-002
2.455943e+003,2.745156e-002
2.456425e+003,2.743816e-002
2.456907e+003,2.743929e-002
2.457389e+003,2.745971e-002
2.457871e+003,2.749459e-002
2.458353e+003,2.753225e-002
2.458835e+003,2.755888e-002
2.459317e+003,2.756688e-002
2.459800e+003,2.755698e-002
2.460282e+003,2.753913e-002
2.460764e+003,2.752486e-002
2.461246e+003,2.752322e-002
2.461728e+003,2.753648e-002
2.462210e+003,2.755946e-002
2.462692e+003,2.758504e-002
2.463174e+003,2.760643e-002
2.463656e+003,2.762322e-002
2.464139e+003,2.763919e-002
2.464621e+003,2.765851e-002
2.465103e+003,2.768244e-002
2.465585e+003,2.770756e-002
2.466067e+003,2.772647e-002
2.466549e+003,2.773240e-002
2.467031e+003,2.772289e-002
2.467513e+003,2.770356e-002
2.467996e+003,2.768379e-002
2.468478e+003,2.767376e-002
2.468960e+003,2.767967e-002
2.469442e+003,2.770111e-002
2.469924e+003,2.773171e-002
2.470406e+003,2.776560e-002
2.470888e+003,2.779866e-002
2.471371e+003,2.783241e-002
2.471853e+003,2.787188e-002
2.472335e+003,2.792111e-002
2.472817e+003,2.797929e-002
2.473299e+003,2.803950e-002
2.473781e+003,2.809133e-002
2.474263e+003,2.812508e-002
2.474745e+003,2.813788e-002
2.475228e+003,2.813402e-002
2.475710e+003,2.812417e-002
2.476192e+003,2.811946e-002
2.476674e+003,2.812645e-002
2.477156e+003,2.814566e-002
2.477638e+003,2.817204e-002
2.478120e+003,2.819969e-002
2.478602e+003,2.822659e-002
2.479084e+003,2.825577e-002
2.479567e+003,2.829357e-002
2.480049e+003,2.834362e-002
2.480531e+003,2.840465e-002
2.481013e+003,2.846757e-002
2.481495e+003,2.851936e-002
2.481977e+003,2.854906e-002
2.482459e+003,2.855351e-002
2.482941e+003,2.853844e-002
2.483424e+003,2.851702e-002
2.483906e+003,2.850270e-002
2.484388e+003,2.850325e-002
2.484870e+003,2.851749e-002
2.485352e+003,2.853782e-002
2.485834e+003,2.855468e-002
2.486316e+003,2.856361e-002
2.486799e+003,2.856864e-002
2.487281e+003,2.857985e-002
2.487763e+003,2.860841e-002
2.488245e+003,2.865908e-002
2.488727e+003,2.872789e-002
2.489209e+003,2.880206e-002
2.489691e+003,2.886678e-002
2.490173e+003,2.891084e-002
2.490656e+003,2.893194e-002
2.491138e+003,2.893781e-002
2.491620e+003,2.893976e-002
2.492102e+003,2.894875e-002
2.492584e+003,2.896869e-002
2.493066e+003,2.899652e-002
2.493548e+003,2.902479e-002
2.494030e+003,2.904593e-002
2.494512e+003,2.905681e-002
2.494995e+003,2.905954e-002
2.495477e+003,2.905980e-002
2.495959e+003,2.906296e-002
2.496441e+003,2.907188e-002
2.496923e+003,2.908540e-002
2.497405e+003,2.910113e-002
2.497887e+003,2.911806e-002
2.498370e+003,2.913677e-002
2.498852e+003,2.916068e-002
2.499334e+003,2.919080e-002
2.499816e+003,2.922545e-002
2.500298e+003,2.925858e-002
2.500780e+003,2.928261e-002
2.501262e+003,2.929149e-002
2.501744e+003,2.928564e-002
2.502227e+003,2.927143e-002
2.502709e+003,2.926021e-002
2.503191e+003,2.926227e-002
2.503673e+003,2.928298e-002
2.504155e+003,2.932016e-002
2.504637e+003,2.936707e-002
2.505119e+003,2.941494e-002
2.505601e+003,2.945847e-002
2.506083e+003,2.949759e-002
2.506566e+003,2.953534e-002
2.507048e+003,2.957577e-002
2.507530e+003,2.961791e-002
2.508012e+003,2.965639e-002
2.508494e+003,2.968371e-002
2.508976e+003,2.969350e-002
2.509458e+003,2.968572e-002
2.509940e+003,2.966732e-002
2.510423e+003,2.965011e-002
2.510905e+003,2.964478e-002
2.511387e+003,2.965671e-002
2.511869e+003,2.968361e-002
2.512351e+003,2.971703e-002
2.512833e+003,2.974822e-002
2.513315e+003,2.977327e-002
2.513798e+003,2.979490e-002
2.514280e+003,2.982015e-002
2.514762e+003,2.985677e-002
2.515244e+003,2.990626e-002
2.515726e+003,2.996323e-002
2.516208e+003,3.001636e-002
2.516690e+003,3.005365e-002
2.517172e+003,3.006789e-002
2.517655e+003,3.006019e-002
2.518137e+003,3.003911e-002
2.518619e+003,3.001638e-002
2.519101e+003,3.000076e-002
2.519583e+003,2.999604e-002
2.520065e+003,3.000152e-002
2.520547e+003,3.001370e-002
2.521029e+003,3.003258e-002
2.521511e+003,3.006073e-002
2.521994e+003,3.010410e-002
2.522476e+003,3.016655e-002
2.522958e+003,3.024649e-002
2.523440e+003,3.033590e-002
2.523922e+003,3.042217e-002
2.524404e+003,3.049411e-002
2.524886e+003,3.054691e-002
2.525368e+003,3.058440e-002
2.525851e+003,3.061649e-002
2.526333e+003,3.065504e-002
2.526815e+003,3.070618e-002
2.527297e+003,3.076836e-002
2.527779e+003,3.083263e-002
2.528261e+003,3.088711e-002
2.528743e+003,3.092307e-002
2.529226e+003,3.093905e-002
2.529708e+003,3.093935e-002
2.530190e+003,3.093110e-002
2.530672e+003,3.092069e-002
2.531154e+003,3.090968e-002
2.531636e+003,3.089477e-002
2.532118e+003,3.087244e-002
2.532600e+003,3.084276e-002
2.533083e+003,3.080979e-002
2.533565e+003,3.078198e-002
2.534047e+003,3.076643e-002
2.534529e+003,3.076598e-002
2.535011e+003,3.077624e-002
2.535493e+003,3.078805e-002
2.535975e+003,3.079157e-002
2.536457e+003,3.078291e-002
2.536939e+003,3.076629e-002
2.537422e+003,3.075155e-002
2.537904e+003,3.075109e-002
2.538386e+003,3.077319e-002
2.538868e+003,3.081787e-002
2.539350e+003,3.087858e-002
2.539832e+003,3.094468e-002
2.540314e+003,3.100761e-002
2.540796e+003,3.106432e-002
2.541279e+003,3.111750e-002
2.541761e+003,3.117270e-002
2.542243e+003,3.123389e-002
2.542725e+003,3.130031e-002
2.543207e+003,3.136771e-002
2.543689e+003,3.142993e-002
2.544171e+003,3.148359e-002
2.544654e+003,3.153033e-002
2.545135e+003,3.157561e-002
2.545618e+003,3.162620e-002
2.546100e+003,3.168584e-002
2.546582e+003,3.175272e-002
2.547064e+003,3.182022e-002
2.547546e+003,3.188063e-002
2.548028e+003,3.192776e-002
2.548510e+003,3.196240e-002
2.548993e+003,3.198758e-002
2.549475e+003,3.200867e-002
2.549957e+003,3.202802e-002
2.550439e+003,3.204278e-002
2.550921e+003,3.204736e-002
2.551403e+003,3.203697e-002
2.551885e+003,3.201073e-002
2.552367e+003,3.197508e-002
2.552850e+003,3.194230e-002
2.553332e+003,3.192613e-002
2.553814e+003,3.193503e-002
2.554296e+003,3.197172e-002
2.554778e+003,3.203072e-002
2.555260e+003,3.210240e-002
2.555742e+003,3.217671e-002
2.556224e+003,3.224721e-002
2.556707e+003,3.231094e-002
2.557189e+003,3.236685e-002
2.557671e+003,3.241500e-002
2.558153e+003,3.245210e-002
2.558635e+003,3.247540e-002
2.559117e+003,3.248266e-002
2.559599e+003,3.247786e-002
2.560082e+003,3.246852e-002
2.560563e+003,3.246599e-002
2.561046e+003,3.248031e-002
2.561528e+003,3.251553e-002
2.562010e+003,3.256876e-002
2.562492e+003,3.263137e-002
2.562974e+003,3.269234e-002
2.563456e+003,3.274511e-002
2.563938e+003,3.278881e-002
2.564421e+003,3.282788e-002
2.564903e+003,3.286845e-002
2.565385e+003,3.291420e-002
2.565867e+003,3.296294e-002
2.566349e+003,3.300829e-002
2.566831e+003,3.304164e-002
2.567313e+003,3.305855e-002
2.567795e+003,3.305967e-002
2.568278e+003,3.305246e-002
2.568760e+003,3.304771e-002
2.569242e+003,3.305374e-002
2.569724e+003,3.307485e-002
2.570206e+003,3.311018e-002
2.570688e+003,3.315307e-002
2.571170e+003,3.319790e-002
2.571652e+003,3.324073e-002
2.572135e+003,3.328024e-002
2.572617e+003,3.331757e-002
2.573099e+003,3.335420e-002
2.573581e+003,3.339076e-002
2.574063e+003,3.342698e-002
2.574545e+003,3.346251e-002
2.575027e+003,3.349999e-002
2.575510e+003,3.354381e-002
2.575991e+003,3.359758e-002
2.576474e+003,3.366430e-002
2.576956e+003,3.374118e-002
2.577438e+003,3.382169e-002
2.577920e+003,3.389668e-002
2.578402e+003,3.395904e-002
2.578884e+003,3.400705e-002
2.579366e+003,3.404424e-002
2.579849e+003,3.407819e-002
2.580331e+003,3.411699e-002
2.580813e+003,3.416312e-002
2.581295e+003,3.421360e-002
2.581777e+003,3.426223e-002
2.582259e+003,3.430154e-002
2.582741e+003,3.432912e-002
2.583223e+003,3.434850e-002
2.583706e+003,3.436833e-002
2.584188e+003,3.439911e-002
2.584670e+003,3.444606e-002
2.585152e+003,3.450999e-002
2.585634e+003,3.458462e-002
2.586116e+003,3.466107e-002
2.586598e+003,3.473223e-002
2.587080e+003,3.479494e-002
2.587563e+003,3.485104e-002
2.588045e+003,3.490423e-002
2.588527e+003,3.495789e-002
2.589009e+003,3.501210e-002
2.589491e+003,3.506421e-002
2.589973e+003,3.511102e-002
2.590455e+003,3.515085e-002
2.590938e+003,3.518689e-002
2.591419e+003,3.522444e-002
2.591902e+003,3.527016e-002
2.592384e+003,3.532716e-002
2.592866e+003,3.539445e-002
2.593348e+003,3.546648e-002
2.593830e+003,3.553684e-002
2.594312e+003,3.560102e-002
2.594794e+003,3.566000e-002
2.595277e+003,3.571810e-002
2.595759e+003,3.578289e-002
2.596241e+003,3.585996e-002
2.596723e+003,3.595064e-002
2.597205e+003,3.605221e-002
2.597687e+003,3.615870e-002
2.598169e+003,3.626435e-002
2.598651e+003,3.636445e-002
2.599134e+003,3.645738e-002
2.599616e+003,3.654323e-002
2.600098e+003,3.662084e-002
2.600580e+003,3.668870e-002
2.601062e+003,3.674358e-002
2.601544e+003,3.678422e-002
2.602026e+003,3.681126e-002
2.602508e+003,3.682984e-002
2.602990e+003,3.684709e-002
2.603473e+003,3.687022e-002
2.603955e+003,3.690557e-002
2.604437e+003,3.695199e-002
2.604919e+003,3.700770e-002
2.605401e+003,3.706709e-002
2.605883e+003,3.712641e-002
2.606365e+003,3.718477e-002
2.606847e+003,3.724352e-002
2.607330e+003,3.730657e-002
2.607812e+003,3.737660e-002
2.608294e+003,3.745372e-002
2.608776e+003,3.753623e-002
2.609258e+003,3.762128e-002
2.609740e+003,3.770627e-002
2.610222e+003,3.779049e-002
2.610705e+003,3.787457e-002
2.611187e+003,3.795931e-002
2.611669e+003,3.804560e-002
2.612151e+003,3.813094e-002
2.612633e+003,3.821327e-002
2.613115e+003,3.829125e-002
2.613597e+003,3.836504e-002
2.614079e+003,3.843707e-002
2.614562e+003,3.851120e-002
2.615044e+003,3.859081e-002
2.615526e+003,3.867603e-002
2.616008e+003,3.876486e-002
2.616490e+003,3.885462e-002
2.616972e+003,3.894164e-002
2.617454e+003,3.902591e-002
2.617936e+003,3.910897e-002
2.618418e+003,3.919420e-002
2.618901e+003,3.928405e-002
2.619383e+003,3.937754e-002
2.619865e+003,3.947186e-002
2.620347e+003,3.956237e-002
2.620829e+003,3.964499e-002
2.621311e+003,3.971928e-002
2.621793e+003,3.978831e-002
2.622276e+003,3.985780e-002
2.622758e+003,3.993254e-002
2.623240e+003,4.001432e-002
2.623722e+003,4.010227e-002
2.624204e+003,4.019188e-002
2.624686e+003,4.027872e-002
2.625168e+003,4.036172e-002
2.625650e+003,4.044278e-002
2.626133e+003,4.052693e-002
2.626615e+003,4.061923e-002
2.627097e+003,4.072303e-002
2.627579e+003,4.083615e-002
2.628061e+003,4.095494e-002
2.628543e+003,4.107232e-002
2.629025e+003,4.118416e-002
2.629507e+003,4.128791e-002
2.629990e+003,4.138429e-002
2.630472e+003,4.147566e-002
2.630954e+003,4.156372e-002
2.631436e+003,4.164802e-002
2.631918e+003,4.172710e-002
2.632400e+003,4.179960e-002
2.632882e+003,4.186554e-002
2.633364e+003,4.192688e-002
2.633846e+003,4.198669e-002
2.634329e+003,4.204736e-002
2.634811e+003,4.210931e-002
2.635293e+003,4.216947e-002
2.635775e+003,4.222248e-002
2.636257e+003,4.226410e-002
2.636739e+003,4.229278e-002
2.637221e+003,4.231094e-002
2.637704e+003,4.232457e-002
2.638186e+003,4.234110e-002
2.638668e+003,4.236680e-002
2.639150e+003,4.240394e-002
2.639632e+003,4.245180e-002
2.640114e+003,4.250750e-002
2.640596e+003,4.256665e-002
2.641078e+003,4.262646e-002
2.641561e+003,4.268511e-002
2.642043e+003,4.274206e-002
2.642525e+003,4.279558e-002
2.643007e+003,4.284329e-002
2.643489e+003,4.288302e-002
2.643971e+003,4.291312e-002
2.644453e+003,4.293376e-002
2.644935e+003,4.294796e-002
2.645417e+003,4.296025e-002
2.645900e+003,4.297572e-002
2.646382e+003,4.299639e-002
2.646864e+003,4.302261e-002
2.647346e+003,4.305349e-002
2.647828e+003,4.308693e-002
2.648310e+003,4.312273e-002
2.648792e+003,4.316257e-002
2.649274e+003,4.320979e-002
2.649757e+003,4.326715e-002
2.650239e+003,4.333485e-002
2.650721e+003,4.340994e-002
2.651203e+003,4.348718e-002
2.651685e+003,4.356059e-002
2.652167e+003,4.362583e-002
2.652649e+003,4.368242e-002
2.653132e+003,4.373245e-002
2.653614e+003,4.377913e-002
2.654096e+003,4.382598e-002
2.654578e+003,4.387369e-002
2.655060e+003,4.392060e-002
2.655542e+003,4.396394e-002
2.656024e+003,4.400191e-002
2.656506e+003,4.403432e-002
2.656989e+003,4.406325e-002
2.657471e+003,4.409165e-002
2.657953e+003,4.412188e-002
2.658435e+003,4.415413e-002
2.658917e+003,4.418667e-002
2.659399e+003,4.421492e-002
2.659881e+003,4.423530e-002
2.660363e+003,4.424423e-002
2.660845e+003,4.424034e-002
2.661328e+003,4.422362e-002
2.661810e+003,4.419534e-002
2.662292e+003,4.415625e-002
2.662774e+003,4.410795e-002
2.663256e+003,4.405186e-002
2.663738e+003,4.399172e-002
2.664220e+003,4.393127e-002
2.664702e+003,4.387650e-002
2.665185e+003,4.383161e-002
2.665667e+003,4.379871e-002
2.666149e+003,4.377756e-002
2.666631e+003,4.376455e-002
2.667113e+003,4.375557e-002
2.667595e+003,4.374678e-002
2.668077e+003,4.373642e-002
2.668560e+003,4.372550e-002
2.669042e+003,4.371623e-002
2.669524e+003,4.371061e-002
2.670006e+003,4.370970e-002
2.670488e+003,4.371299e-002
2.670970e+003,4.371822e-002
2.671452e+003,4.372326e-002
2.671934e+003,4.372701e-002
2.672417e+003,4.372920e-002
2.672899e+003,4.373056e-002
2.673381e+003,4.373201e-002
2.673863e+003,4.373309e-002
2.674345e+003,4.373417e-002
2.674827e+003,4.373405e-002
2.675309e+003,4.373318e-002
2.675791e+003,4.373223e-002
2.676273e+003,4.373366e-002
2.676756e+003,4.373841e-002
2.677238e+003,4.374795e-002
2.677720e+003,4.376153e-002
2.678202e+003,4.377687e-002
2.678684e+003,4.379259e-002
2.679166e+003,4.380729e-002
2.679648e+003,4.382173e-002
2.680130e+003,4.383855e-002
2.680613e+003,4.385953e-002
2.681095e+003,4.388615e-002
2.681577e+003,4.391757e-002
2.682059e+003,4.395140e-002
2.682541e+003,4.398422e-002
2.683023e+003,4.401345e-002
2.683505e+003,4.403882e-002
2.683988e+003,4.406169e-002
2.684469e+003,4.408430e-002
2.684952e+003,4.410912e-002
2.685434e+003,4.413709e-002
2.685916e+003,4.416719e-002
2.686398e+003,4.419767e-002
2.686880e+003,4.422642e-002
2.687362e+003,4.425238e-002
2.687844e+003,4.427577e-002
2.688327e+003,4.429751e-002
2.688809e+003,4.431895e-002
2.689291e+003,4.434153e-002
2.689773e+003,4.436549e-002
2.690255e+003,4.439113e-002
2.690737e+003,4.441918e-002
2.691219e+003,4.445011e-002
2.691701e+003,4.448494e-002
2.692184e+003,4.452330e-002
2.692666e+003,4.456389e-002
2.693148e+003,4.460414e-002
2.693630e+003,4.464170e-002
2.694112e+003,4.467547e-002
2.694594e+003,4.470647e-002
2.695076e+003,4.473896e-002
2.695558e+003,4.477769e-002
2.696041e+003,4.482662e-002
2.696523e+003,4.488681e-002
2.697005e+003,4.495576e-002
2.697487e+003,4.502732e-002
2.697969e+003,4.509576e-002
2.698451e+003,4.515557e-002
2.698933e+003,4.520630e-002
2.699416e+003,4.525063e-002
2.699897e+003,4.529469e-002
2.700380e+003,4.534397e-002
2.700862e+003,4.540230e-002
2.701344e+003,4.547032e-002
2.701826e+003,4.554480e-002
2.702308e+003,4.562134e-002
2.702790e+003,4.569530e-002
2.703272e+003,4.576409e-002
2.703755e+003,4.582693e-002
2.704237e+003,4.588448e-002
2.704719e+003,4.593888e-002
2.705201e+003,4.599190e-002
2.705683e+003,4.604504e-002
2.706165e+003,4.609940e-002
2.706647e+003,4.615594e-002
2.707129e+003,4.621528e-002
2.707612e+003,4.627725e-002
2.708094e+003,4.634149e-002
2.708576e+003,4.640688e-002
2.709058e+003,4.647209e-002
2.709540e+003,4.653585e-002
2.710022e+003,4.659905e-002
2.710504e+003,4.666276e-002
2.710986e+003,4.672938e-002
2.711469e+003,4.680078e-002
2.711951e+003,4.687756e-002
2.712433e+003,4.695855e-002
2.712915e+003,4.704166e-002
2.713397e+003,4.712394e-002
2.713879e+003,4.720409e-002
2.714361e+003,4.728213e-002
2.714844e+003,4.735916e-002
2.715325e+003,4.743791e-002
2.715808e+003,4.751969e-002
2.716290e+003,4.760505e-002
2.716772e+003,4.769270e-002
2.717254e+003,4.778142e-002
2.717736e+003,4.786989e-002
2.718218e+003,4.795829e-002
2.718700e+003,4.804710e-002
2.719183e+003,4.813736e-002
2.719665e+003,4.822953e-002
2.720147e+003,4.832267e-002
2.720629e+003,4.841539e-002
2.721111e+003,4.850522e-002
2.721593e+003,4.859199e-002
2.722075e+003,4.867531e-002
2.722557e+003,4.875762e-002
2.723040e+003,4.884055e-002
2.723522e+003,4.892603e-002
2.724004e+003,4.901504e-002
2.724486e+003,4.910623e-002
2.724968e+003,4.919868e-002
2.725450e+003,4.929193e-002
2.725932e+003,4.938596e-002
2.726414e+003,4.948221e-002
2.726896e+003,4.958158e-002
2.727379e+003,4.968467e-002
2.727861e+003,4.979046e-002
2.728343e+003,4.989675e-002
2.728825e+003,5.000158e-002
2.729307e+003,5.010333e-002
2.729789e+003,5.020220e-002
2.730271e+003,5.029931e-002
2.730753e+003,5.039683e-002
2.731236e+003,5.049572e-002
2.731718e+003,5.059645e-002
2.732200e+003,5.069815e-002
2.732682e+003,5.079990e-002
2.733164e+003,5.090168e-002
2.733646e+003,5.100473e-002
2.734128e+003,5.111030e-002
2.734611e+003,5.122015e-002
2.735093e+003,5.133412e-002
2.735575e+003,5.145049e-002
2.736057e+003,5.156511e-002
2.736539e+003,5.167392e-002
2.737021e+003,5.177405e-002
2.737503e+003,5.186315e-002
2.737985e+003,5.194268e-002
2.738468e+003,5.201430e-002
2.738950e+003,5.208168e-002
2.739432e+003,5.214670e-002
2.739914e+003,5.221118e-002
2.740396e+003,5.227596e-002
2.740878e+003,5.234190e-002
2.741360e+003,5.240855e-002
2.741842e+003,5.247671e-002
2.742324e+003,5.254604e-002
2.742807e+003,5.261598e-002
2.743289e+003,5.268575e-002
2.743771e+003,5.275431e-002
2.744253e+003,5.282222e-002
2.744735e+003,5.289024e-002
2.745217e+003,5.296145e-002
2.745699e+003,5.303865e-002
2.746182e+003,5.312322e-002
2.746664e+003,5.321428e-002
2.747146e+003,5.330985e-002
2.747628e+003,5.340566e-002
2.748110e+003,5.349921e-002
2.748592e+003,5.358899e-002
2.749074e+003,5.367642e-002
2.749556e+003,5.376435e-002
2.750039e+003,5.385614e-002
2.750521e+003,5.395291e-002
2.751003e+003,5.405459e-002
2.751485e+003,5.415869e-002
2.751967e+003,5.426235e-002
2.752449e+003,5.436387e-002
2.752931e+003,5.446332e-002
2.753413e+003,5.456289e-002
2.753896e+003,5.466491e-002
2.754378e+003,5.477116e-002
2.754860e+003,5.488090e-002
2.755342e+003,5.499258e-002
2.755824e+003,5.510431e-002
2.756306e+003,5.521457e-002
2.756788e+003,5.532466e-002
2.757270e+003,5.543778e-002
2.757752e+003,5.555715e-002
2.758235e+003,5.568625e-002
2.758717e+003,5.582479e-002
2.759199e+003,5.597046e-002
2.759681e+003,5.611956e-002
2.760163e+003,5.626776e-002
2.760645e+003,5.641229e-002
2.761127e+003,5.655248e-002
2.761610e+003,5.668936e-002
2.762092e+003,5.682486e-002
2.762574e+003,5.696061e-002
2.763056e+003,5.709718e-002
2.763538e+003,5.723478e-002
2.764020e+003,5.737300e-002
2.764502e+003,5.751291e-002
2.764984e+003,5.765395e-002
2.765467e+003,5.779678e-002
2.765949e+003,5.794083e-002
2.766431e+003,5.808521e-002
2.766913e+003,5.822812e-002
2.767395e+003,5.836890e-002
2.767877e+003,5.850769e-002
2.768359e+003,5.864675e-002
2.768841e+003,5.878932e-002
2.769323e+003,5.893879e-002
2.769806e+003,5.909596e-002
2.770288e+003,5.926128e-002
2.770770e+003,5.943171e-002
2.771252e+003,5.960337e-002
2.771734e+003,5.977393e-002
2.772216e+003,5.994266e-002
2.772698e+003,6.011067e-002
2.773180e+003,6.028012e-002
2.773663e+003,6.045467e-002
2.774145e+003,6.063539e-002
2.774627e+003,6.082325e-002
2.775109e+003,6.101691e-002
2.775591e+003,6.121550e-002
2.776073e+003,6.141757e-002
2.776555e+003,6.162263e-002
2.777038e+003,6.182994e-002
2.777520e+003,6.203927e-002
2.778002e+003,6.224890e-002
2.778484e+003,6.245912e-002
2.778966e+003,6.267002e-002
2.779448e+003,6.288287e-002
2.779930e+003,6.310213e-002
2.780412e+003,6.333082e-002
2.780895e+003,6.357148e-002
2.781377e+003,6.382585e-002
2.781859e+003,6.409059e-002
2.782341e+003,6.436205e-002
2.782823e+003,6.463581e-002
2.783305e+003,6.490981e-002
2.783787e+003,6.518357e-002
2.784269e+003,6.545924e-002
2.784751e+003,6.573934e-002
2.785234e+003,6.602592e-002
2.785716e+003,6.631853e-002
2.786198e+003,6.661440e-002
2.786680e+003,6.690966e-002
2.787162e+003,6.720177e-002
2.787644e+003,6.749032e-002
2.788126e+003,6.777807e-002
2.788608e+003,6.806881e-002
2.789091e+003,6.836753e-002
2.789573e+003,6.867698e-002
2.790055e+003,6.899648e-002
2.790537e+003,6.932344e-002
2.791019e+003,6.965418e-002
2.791501e+003,6.998473e-002
2.791983e+003,7.031343e-002
2.792466e+003,7.064035e-002
2.792948e+003,7.096796e-002
2.793430e+003,7.129811e-002
2.793912e+003,7.163414e-002
2.794394e+003,7.197804e-002
2.794876e+003,7.233070e-002
2.795358e+003,7.269290e-002
2.795840e+003,7.306390e-002
2.796323e+003,7.344141e-002
2.796805e+003,7.382213e-002
2.797287e+003,7.420121e-002
2.797769e+003,7.457480e-002
2.798251e+003,7.494075e-002
2.798733e+003,7.529862e-002
2.799215e+003,7.565149e-002
2.799697e+003,7.600535e-002
2.800179e+003,7.636604e-002
2.800662e+003,7.673824e-002
2.801144e+003,7.712360e-002
2.801626e+003,7.752178e-002
2.802108e+003,7.792941e-002
2.802590e+003,7.834443e-002
2.803072e+003,7.876439e-002
2.803554e+003,7.919057e-002
2.804036e+003,7.962576e-002
2.804519e+003,8.007275e-002
2.805001e+003,8.053493e-002
2.805483e+003,8.101345e-002
2.805965e+003,8.150878e-002
2.806447e+003,8.202069e-002
2.806929e+003,8.254860e-002
2.807411e+003,8.309214e-002
2.807894e+003,8.365154e-002
2.808375e+003,8.422661e-002
2.808858e+003,8.481620e-002
2.809340e+003,8.541935e-002
2.809822e+003,8.603477e-002
2.810304e+003,8.666220e-002
2.810786e+003,8.730322e-002
2.811268e+003,8.796011e-002
2.811750e+003,8.863632e-002
2.812233e+003,8.933424e-002
2.812715e+003,9.005555e-002
2.813197e+003,9.079990e-002
2.813679e+003,9.156643e-002
2.814161e+003,9.235492e-002
2.814643e+003,9.316579e-002
2.815125e+003,9.400123e-002
2.815607e+003,9.486390e-002
2.816090e+003,9.575691e-002
2.816572e+003,9.668209e-002
2.817054e+003,9.763987e-002
2.817536e+003,9.863006e-002
2.818018e+003,9.965440e-002
2.818500e+003,1.007148e-001
2.818982e+003,1.018163e-001
2.819464e+003,1.029646e-001
2.819947e+003,1.041667e-001
2.820429e+003,1.054274e-001
2.820911e+003,1.067505e-001
2.821393e+003,1.081375e-001
2.821875e+003,1.095894e-001
2.822357e+003,1.111072e-001
2.822839e+003,1.126942e-001
2.823322e+003,1.143554e-001
2.823803e+003,1.160972e-001
2.824286e+003,1.179282e-001
2.824768e+003,1.198560e-001
2.825250e+003,1.218881e-001
2.825732e+003,1.240312e-001
2.826214e+003,1.262922e-001
2.826696e+003,1.286770e-001
2.827178e+003,1.311916e-001
2.827661e+003,1.338432e-001
2.828143e+003,1.366391e-001
2.828625e+003,1.395883e-001
2.829107e+003,1.427006e-001
2.829589e+003,1.459881e-001
2.830071e+003,1.494656e-001
2.830553e+003,1.531498e-001
2.831035e+003,1.570604e-001
2.831518e+003,1.612186e-001
2.832000e+003,1.656485e-001
2.832482e+003,1.703753e-001
2.832964e+003,1.754270e-001
2.833446e+003,1.808332e-001
2.833928e+003,1.866271e-001
2.834410e+003,1.928434e-001
2.834892e+003,1.995206e-001
2.835375e+003,2.066987e-001
2.835857e+003,2.144203e-001
2.836339e+003,2.227323e-001
2.836821e+003,2.316857e-001
2.837303e+003,2.413386e-001
2.837785e+003,2.517588e-001
2.838267e+003,2.630232e-001
2.838750e+003,2.752170e-001
2.839231e+003,2.884297e-001
2.839714e+003,3.027492e-001
2.840196e+003,3.182522e-001
2.840678e+003,3.349968e-001
2.841160e+003,3.530130e-001
2.841642e+003,3.722947e-001
2.842124e+003,3.927877e-001
2.842606e+003,4.143743e-001
2.843089e+003,4.368493e-001
2.843571e+003,4.598889e-001
2.844053e+003,4.830146e-001
2.844535e+003,5.055624e-001
2.845017e+003,5.266690e-001
2.845499e+003,5.452935e-001
2.845981e+003,5.602866e-001
2.846463e+003,5.705035e-001
2.846946e+003,5.749573e-001
2.847428e+003,5.729802e-001
2.847910e+003,5.643543e-001
2.848392e+003,5.493800e-001
2.848874e+003,5.288558e-001
2.849356e+003,5.039714e-001
2.849838e+003,4.761409e-001
2.850320e+003,4.468134e-001
2.850802e+003,4.173051e-001
2.851285e+003,3.886803e-001
2.851767e+003,3.616956e-001
2.852249e+003,3.368031e-001
2.852731e+003,3.141933e-001
2.853213e+003,2.938620e-001
2.853695e+003,2.756784e-001
2.854177e+003,2.594437e-001
2.854659e+003,2.449350e-001
2.855142e+003,2.319344e-001
2.855624e+003,2.202443e-001
2.856106e+003,2.096949e-001
2.856588e+003,2.001475e-001
2.857070e+003,1.914921e-001
2.857552e+003,1.836447e-001
2.858034e+003,1.765394e-001
2.858517e+003,1.701220e-001
2.858999e+003,1.643431e-001
2.859481e+003,1.591548e-001
2.859963e+003,1.545095e-001
2.860445e+003,1.503624e-001
2.860927e+003,1.466743e-001
2.861409e+003,1.434126e-001
2.861891e+003,1.405517e-001
2.862374e+003,1.380696e-001
2.862856e+003,1.359445e-001
2.863338e+003,1.341545e-001
2.863820e+003,1.326747e-001
2.864302e+003,1.314802e-001
2.864784e+003,1.305473e-001
2.865266e+003,1.298561e-001
2.865748e+003,1.293900e-001
2.866230e+003,1.291350e-001
2.866713e+003,1.290776e-001
2.867195e+003,1.292040e-001
2.867677e+003,1.295001e-001
2.868159e+003,1.299525e-001
2.868641e+003,1.305505e-001
2.869123e+003,1.312878e-001
2.869605e+003,1.321596e-001
2.870088e+003,1.331655e-001
2.870570e+003,1.343039e-001
2.871052e+003,1.355716e-001
2.871534e+003,1.369665e-001
2.872016e+003,1.384847e-001
2.872498e+003,1.401251e-001
2.872980e+003,1.418886e-001
2.873462e+003,1.437788e-001
2.873945e+003,1.458000e-001
2.874427e+003,1.479554e-001
2.874909e+003,1.502447e-001
2.875391e+003,1.526652e-001
2.875873e+003,1.552111e-001
2.876355e+003,1.578756e-001
2.876837e+003,1.606516e-001
2.877319e+003,1.635327e-001
2.877802e+003,1.665117e-001
2.878284e+003,1.695814e-001
2.878766e+003,1.727321e-001
2.879248e+003,1.759526e-001
2.879730e+003,1.792318e-001
2.880212e+003,1.825601e-001
2.880694e+003,1.859291e-001
2.881176e+003,1.893335e-001
2.881658e+003,1.927693e-001
2.882141e+003,1.962328e-001
2.882623e+003,1.997202e-001
2.883105e+003,2.032271e-001
2.883587e+003,2.067508e-001
2.884069e+003,2.102898e-001
2.884551e+003,2.138447e-001
2.885033e+003,2.174180e-001
2.885516e+003,2.210103e-001
2.885998e+003,2.246196e-001
2.886480e+003,2.282400e-001
2.886962e+003,2.318628e-001
2.887444e+003,2.354786e-001
2.887926e+003,2.390809e-001
2.888408e+003,2.426661e-001
2.888890e+003,2.462370e-001
2.889373e+003,2.497971e-001
2.889855e+003,2.533514e-001
2.890337e+003,2.569013e-001
2.890819e+003,2.604471e-001
2.891301e+003,2.639880e-001
2.891783e+003,2.675232e-001
2.892265e+003,2.710550e-001
2.892747e+003,2.745878e-001
2.893229e+003,2.781253e-001
2.893712e+003,2.816704e-001
2.894194e+003,2.852222e-001
2.894676e+003,2.887779e-001
2.895158e+003,2.923357e-001
2.895640e+003,2.958977e-001
2.896122e+003,2.994738e-001
2.896604e+003,3.030800e-001
2.897086e+003,3.067379e-001
2.897569e+003,3.104693e-001
2.898051e+003,3.142938e-001
2.898533e+003,3.182279e-001
2.899015e+003,3.222884e-001
2.899497e+003,3.264943e-001
2.899979e+003,3.308714e-001
2.900461e+003,3.354522e-001
2.900944e+003,3.402751e-001
2.901426e+003,3.453804e-001
2.901908e+003,3.508066e-001
2.902390e+003,3.565905e-001
2.902872e+003,3.627661e-001
2.903354e+003,3.693697e-001
2.903836e+003,3.764403e-001
2.904318e+003,3.840218e-001
2.904801e+003,3.921592e-001
2.905283e+003,4.008944e-001
2.905765e+003,4.102626e-001
2.906247e+003,4.202888e-001
2.906729e+003,4.309878e-001
2.907211e+003,4.423640e-001
2.907693e+003,4.544123e-001
2.908175e+003,4.671134e-001
2.908657e+003,4.804275e-001
2.909140e+003,4.942841e-001
2.909622e+003,5.085702e-001
2.910104e+003,5.231221e-001
2.910586e+003,5.377204e-001
2.911068e+003,5.520903e-001
2.911550e+003,5.659065e-001
2.912032e+003,5.788001e-001
2.912514e+003,5.903685e-001
2.912997e+003,6.001891e-001
2.913479e+003,6.078449e-001
2.913961e+003,6.129527e-001
2.914443e+003,6.152027e-001
2.914925e+003,6.143984e-001
2.915407e+003,6.104838e-001
2.915889e+003,6.035542e-001
2.916372e+003,5.938430e-001
2.916854e+003,5.816923e-001
2.917336e+003,5.675117e-001
2.917818e+003,5.517404e-001
2.918300e+003,5.348124e-001
2.918782e+003,5.171375e-001
2.919264e+003,4.990825e-001
2.919746e+003,4.809625e-001
2.920229e+003,4.630351e-001
2.920711e+003,4.454972e-001
2.921193e+003,4.284902e-001
2.921675e+003,4.121082e-001
2.922157e+003,3.964108e-001
2.922639e+003,3.814336e-001
2.923121e+003,3.671984e-001
2.923603e+003,3.537139e-001
2.924085e+003,3.409758e-001
2.924568e+003,3.289643e-001
2.925050e+003,3.176438e-001
2.925532e+003,3.069656e-001
2.926014e+003,2.968742e-001
2.926496e+003,2.873155e-001
2.926978e+003,2.782409e-001
2.927460e+003,2.696103e-001
2.927942e+003,2.613897e-001
2.928425e+003,2.535486e-001
2.928907e+003,2.460562e-001
2.929389e+003,2.388831e-001
2.929871e+003,2.320016e-001
2.930353e+003,2.253902e-001
2.930835e+003,2.190350e-001
2.931317e+003,2.129284e-001
2.931800e+003,2.070673e-001
2.932281e+003,2.014482e-001
2.932764e+003,1.960660e-001
2.933246e+003,1.909114e-001
2.933728e+003,1.859739e-001
2.934210e+003,1.812432e-001
2.934692e+003,1.767120e-001
2.935174e+003,1.723746e-001
2.935656e+003,1.682277e-001
2.936139e+003,1.642647e-001
2.936621e+003,1.604778e-001
2.937103e+003,1.568560e-001
2.937585e+003,1.533878e-001
2.938067e+003,1.500630e-001
2.938549e+003,1.468765e-001
2.939031e+003,1.438267e-001
2.939513e+003,1.409153e-001
2.939996e+003,1.381451e-001
2.940478e+003,1.355173e-001
2.940960e+003,1.330332e-001
2.941442e+003,1.306919e-001
2.941924e+003,1.284934e-001
2.942406e+003,1.264371e-001
2.942888e+003,1.245225e-001
2.943370e+003,1.227490e-001
2.943853e+003,1.211128e-001
2.944335e+003,1.196084e-001
2.944817e+003,1.182295e-001
2.945299e+003,1.169699e-001
2.945781e+003,1.158250e-001
2.946263e+003,1.147927e-001
2.946745e+003,1.138722e-001
2.947228e+003,1.130616e-001
2.947709e+003,1.123577e-001
2.948192e+003,1.117527e-001
2.948674e+003,1.112373e-001
2.949156e+003,1.108014e-001
2.949638e+003,1.104355e-001
2.950120e+003,1.101332e-001
2.950602e+003,1.098881e-001
2.951084e+003,1.096955e-001
2.951567e+003,1.095479e-001
2.952049e+003,1.094368e-001
2.952531e+003,1.093520e-001
2.953013e+003,1.092832e-001
2.953495e+003,1.092241e-001
2.953977e+003,1.091713e-001
2.954459e+003,1.091242e-001
2.954941e+003,1.090845e-001
2.955424e+003,1.090521e-001
2.955906e+003,1.090244e-001
2.956388e+003,1.089962e-001
2.956870e+003,1.089599e-001
2.957352e+003,1.089098e-001
2.957834e+003,1.088407e-001
2.958316e+003,1.087503e-001
2.958798e+003,1.086385e-001
2.959281e+003,1.085048e-001
2.959763e+003,1.083476e-001
2.960245e+003,1.081651e-001
2.960727e+003,1.079548e-001
2.961209e+003,1.077153e-001
2.961691e+003,1.074475e-001
2.962173e+003,1.071541e-001
2.962656e+003,1.068374e-001
2.963137e+003,1.065003e-001
2.963620e+003,1.061436e-001
2.964102e+003,1.057671e-001
2.964584e+003,1.053705e-001
2.965066e+003,1.049555e-001
2.965548e+003,1.045254e-001
2.966030e+003,1.040844e-001
2.966512e+003,1.036371e-001
2.966995e+003,1.031858e-001
2.967477e+003,1.027301e-001
2.967959e+003,1.022685e-001
2.968441e+003,1.017985e-001
2.968923e+003,1.013194e-001
2.969405e+003,1.008324e-001
2.969887e+003,1.003406e-001
2.970369e+003,9.984759e-002
2.970852e+003,9.935603e-002
2.971334e+003,9.886643e-002
2.971816e+003,9.837741e-002
2.972298e+003,9.788734e-002
2.972780e+003,9.739581e-002
2.973262e+003,9.690338e-002
2.973744e+003,9.641341e-002
2.974226e+003,9.592827e-002
2.974708e+003,9.545045e-002
2.975191e+003,9.498021e-002
2.975673e+003,9.451669e-002
2.976155e+003,9.405816e-002
2.976637e+003,9.360370e-002
2.977119e+003,9.315443e-002
2.977601e+003,9.271143e-002
2.978083e+003,9.227619e-002
2.978565e+003,9.184860e-002
2.979048e+003,9.142629e-002
2.979530e+003,9.100739e-002
2.980012e+003,9.058796e-002
2.980494e+003,9.016823e-002
2.980976e+003,8.975008e-002
2.981458e+003,8.933575e-002
2.981940e+003,8.892873e-002
2.982423e+003,8.853155e-002
2.982905e+003,8.814431e-002
2.983387e+003,8.776742e-002
2.983869e+003,8.740015e-002
2.984351e+003,8.704314e-002
2.984833e+003,8.669964e-002
2.985315e+003,8.637179e-002
2.985797e+003,8.606250e-002
2.986280e+003,8.577137e-002
2.986762e+003,8.549652e-002
2.987244e+003,8.523399e-002
2.987726e+003,8.498020e-002
2.988208e+003,8.473410e-002
2.988690e+003,8.449620e-002
2.989172e+003,8.426907e-002
2.989654e+003,8.405456e-002
2.990136e+003,8.385249e-002
2.990619e+003,8.366077e-002
2.991101e+003,8.347524e-002
2.991583e+003,8.329286e-002
2.992065e+003,8.311200e-002
2.992547e+003,8.293460e-002
2.993029e+003,8.276469e-002
2.993511e+003,8.260689e-002
2.993994e+003,8.246481e-002
2.994476e+003,8.233897e-002
2.994958e+003,8.222791e-002
2.995440e+003,8.212983e-002
2.995922e+003,8.204238e-002
2.996404e+003,8.196592e-002
2.996886e+003,8.190159e-002
2.997368e+003,8.185046e-002
2.997851e+003,8.181254e-002
2.998333e+003,8.178697e-002
2.998815e+003,8.177114e-002
2.999297e+003,8.176311e-002
2.999779e+003,8.176165e-002
3.000261e+003,8.176846e-002
3.000743e+003,8.178519e-002
3.001225e+003,8.181515e-002
3.001708e+003,8.185764e-002
3.002190e+003,8.191125e-002
3.002672e+003,8.197314e-002
3.003154e+003,8.203928e-002
3.003636e+003,8.210724e-002
3.004118e+003,8.217768e-002
3.004600e+003,8.225151e-002
3.005082e+003,8.233079e-002
3.005564e+003,8.241601e-002
3.006047e+003,8.250615e-002
3.006529e+003,8.259888e-002
3.007011e+003,8.269204e-002
3.007493e+003,8.278546e-002
3.007975e+003,8.287996e-002
3.008457e+003,8.297970e-002
3.008939e+003,8.308724e-002
3.009422e+003,8.320459e-002
3.009904e+003,8.333059e-002
3.010386e+003,8.346204e-002
3.010868e+003,8.359537e-002
3.011350e+003,8.372843e-002
3.011832e+003,8.386109e-002
3.012314e+003,8.399509e-002
3.012796e+003,8.413235e-002
3.013279e+003,8.427518e-002
3.013761e+003,8.442415e-002
3.014243e+003,8.457827e-002
3.014725e+003,8.473651e-002
3.015207e+003,8.489908e-002
3.015689e+003,8.506683e-002
3.016171e+003,8.524147e-002
3.016653e+003,8.542429e-002
3.017135e+003,8.561359e-002
3.017618e+003,8.580725e-002
3.018100e+003,8.600140e-002
3.018582e+003,8.619320e-002
3.019064e+003,8.638144e-002
3.019546e+003,8.656814e-002
3.020028e+003,8.675697e-002
3.020510e+003,8.695120e-002
3.020992e+003,8.715346e-002
3.021475e+003,8.736210e-002
3.021957e+003,8.757543e-002
3.022439e+003,8.779048e-002
3.022921e+003,8.800518e-002
3.023403e+003,8.822094e-002
3.023885e+003,8.843852e-002
3.024367e+003,8.866015e-002
3.024850e+003,8.888522e-002
3.025332e+003,8.911112e-002
3.025814e+003,8.933477e-002
3.026296e+003,8.955220e-002
3.026778e+003,8.976359e-002
3.027260e+003,8.997144e-002
3.027742e+003,9.018011e-002
3.028224e+003,9.039392e-002
3.028707e+003,9.061419e-002
3.029189e+003,9.083905e-002
3.029671e+003,9.106286e-002
3.030153e+003,9.127975e-002
3.030635e+003,9.148554e-002
3.031117e+003,9.168077e-002
3.031599e+003,9.186842e-002
3.032081e+003,9.205487e-002
3.032563e+003,9.224441e-002
3.033046e+003,9.243812e-002
3.033528e+003,9.263343e-002
3.034010e+003,9.282568e-002
3.034492e+003,9.301004e-002
3.034974e+003,9.318476e-002
3.035456e+003,9.335101e-002
3.035938e+003,9.351388e-002
3.036420e+003,9.367844e-002
3.036903e+003,9.384953e-002
3.037385e+003,9.402957e-002
3.037867e+003,9.421918e-002
3.038349e+003,9.441699e-002
3.038831e+003,9.462114e-002
3.039313e+003,9.482961e-002
3.039795e+003,9.503958e-002
3.040278e+003,9.524877e-002
3.040760e+003,9.545416e-002
3.041242e+003,9.565226e-002
3.041724e+003,9.584134e-002
3.042206e+003,9.602216e-002
3.042688e+003,9.619729e-002
3.043170e+003,9.637120e-002
3.043652e+003,9.654725e-002
3.044135e+003,9.672759e-002
3.044617e+003,9.691148e-002
3.045099e+003,9.709644e-002
3.045581e+003,9.728026e-002
3.046063e+003,9.746219e-002
3.046545e+003,9.764431e-002
3.047027e+003,9.783162e-002
3.047509e+003,9.802869e-002
3.047991e+003,9.823877e-002
3.048474e+003,9.846114e-002
3.048956e+003,9.869067e-002
3.049438e+003,9.892087e-002
3.049920e+003,9.914505e-002
3.050402e+003,9.935876e-002
3.050884e+003,9.956092e-002
3.051366e+003,9.975366e-002
3.051848e+003,9.993997e-002
3.052331e+003,1.001229e-001
3.052813e+003,1.003047e-001
3.053295e+003,1.004863e-001
3.053777e+003,1.006673e-001
3.054259e+003,1.008482e-001
3.054741e+003,1.010280e-001
3.055223e+003,1.012058e-001
3.055706e+003,1.013784e-001
3.056188e+003,1.015430e-001
3.056670e+003,1.016964e-001
3.057152e+003,1.018373e-001
3.057634e+003,1.019674e-001
3.058116e+003,1.020916e-001
3.058598e+003,1.022172e-001
3.059080e+003,1.023505e-001
3.059563e+003,1.024955e-001
3.060045e+003,1.026525e-001
3.060527e+003,1.028177e-001
3.061009e+003,1.029848e-001
3.061491e+003,1.031481e-001
3.061973e+003,1.033028e-001
3.062455e+003,1.034462e-001
3.062937e+003,1.035789e-001
3.063419e+003,1.037012e-001
3.063902e+003,1.038146e-001
3.064384e+003,1.039192e-001
3.064866e+003,1.040162e-001
3.065348e+003,1.041073e-001
3.065830e+003,1.041942e-001
3.066312e+003,1.042792e-001
3.066794e+003,1.043639e-001
3.067276e+003,1.044487e-001
3.067759e+003,1.045307e-001
3.068241e+003,1.046070e-001
3.068723e+003,1.046760e-001
3.069205e+003,1.047361e-001
3.069687e+003,1.047879e-001
3.070169e+003,1.048345e-001
3.070651e+003,1.048760e-001
3.071134e+003,1.049125e-001
3.071615e+003,1.049422e-001
3.072098e+003,1.049633e-001
3.072580e+003,1.049758e-001
3.073062e+003,1.049831e-001
3.073544e+003,1.049922e-001
3.074026e+003,1.050109e-001
3.074508e+003,1.050460e-001
3.074990e+003,1.050998e-001
3.075473e+003,1.051684e-001
3.075955e+003,1.052437e-001
3.076437e+003,1.053158e-001
3.076919e+003,1.053760e-001
3.077401e+003,1.054197e-001
3.077883e+003,1.054477e-001
3.078365e+003,1.054633e-001
3.078847e+003,1.054716e-001
3.079330e+003,1.054763e-001
3.079812e+003,1.054782e-001
3.080294e+003,1.054774e-001
3.080776e+003,1.054729e-001
3.081258e+003,1.054654e-001
3.081740e+003,1.054568e-001
3.082222e+003,1.054497e-001
3.082704e+003,1.054465e-001
3.083187e+003,1.054464e-001
3.083669e+003,1.054473e-001
3.084151e+003,1.054466e-001
3.084633e+003,1.054412e-001
3.085115e+003,1.054312e-001
3.085597e+003,1.054167e-001
3.086079e+003,1.054003e-001
3.086562e+003,1.053832e-001
3.087043e+003,1.053654e-001
3.087526e+003,1.053445e-001
3.088008e+003,1.053189e-001
3.088490e+003,1.052868e-001
3.088972e+003,1.052488e-001
3.089454e+003,1.052066e-001
3.089936e+003,1.051622e-001
3.090418e+003,1.051172e-001
3.090901e+003,1.050707e-001
3.091383e+003,1.050211e-001
3.091865e+003,1.049662e-001
3.092347e+003,1.049060e-001
3.092829e+003,1.048428e-001
3.093311e+003,1.047815e-001
3.093793e+003,1.047271e-001
3.094275e+003,1.046827e-001
3.094758e+003,1.046499e-001
3.095240e+003,1.046258e-001
3.095722e+003,1.046078e-001
3.096204e+003,1.045922e-001
3.096686e+003,1.045786e-001
3.097168e+003,1.045673e-001
3.097650e+003,1.045608e-001
3.098132e+003,1.045604e-001
3.098615e+003,1.045651e-001
3.099097e+003,1.045727e-001
3.099579e+003,1.045796e-001
3.100061e+003,1.045825e-001
3.100543e+003,1.045805e-001
3.101025e+003,1.045745e-001
3.101507e+003,1.045671e-001
3.101990e+003,1.045604e-001
3.102471e+003,1.045560e-001
3.102954e+003,1.045537e-001
3.103436e+003,1.045541e-001
3.103918e+003,1.045595e-001
3.104400e+003,1.045739e-001
3.104882e+003,1.046018e-001
3.105364e+003,1.046478e-001
3.105846e+003,1.047132e-001
3.106329e+003,1.047952e-001
3.106811e+003,1.048875e-001
3.107293e+003,1.049827e-001
3.107775e+003,1.050737e-001
3.108257e+003,1.051585e-001
3.108739e+003,1.052378e-001
3.109221e+003,1.053159e-001
3.109703e+003,1.053967e-001
3.110186e+003,1.054819e-001
3.110668e+003,1.055718e-001
3.111150e+003,1.056633e-001
3.111632e+003,1.057532e-001
3.112114e+003,1.058407e-001
3.112596e+003,1.059276e-001
3.113078e+003,1.060170e-001
3.113560e+003,1.061127e-001
3.114042e+003,1.062178e-001
3.114525e+003,1.063319e-001
3.115007e+003,1.064539e-001
3.115489e+003,1.065800e-001
3.115971e+003,1.067083e-001
3.116453e+003,1.068371e-001
3.116935e+003,1.069660e-001
3.117417e+003,1.070951e-001
3.117900e+003,1.072227e-001
3.118382e+003,1.073475e-001
3.118864e+003,1.074656e-001
3.119346e+003,1.075763e-001
3.119828e+003,1.076794e-001
3.120310e+003,1.077780e-001
3.120792e+003,1.078759e-001
3.121274e+003,1.079774e-001
3.121757e+003,1.080862e-001
3.122239e+003,1.082040e-001
3.122721e+003,1.083310e-001
3.123203e+003,1.084680e-001
3.123685e+003,1.086147e-001
3.124167e+003,1.087723e-001
3.124649e+003,1.089414e-001
3.125131e+003,1.091213e-001
3.125614e+003,1.093090e-001
3.126096e+003,1.095012e-001
3.126578e+003,1.096934e-001
3.127060e+003,1.098825e-001
3.127542e+003,1.100681e-001
3.128024e+003,1.102516e-001
3.128506e+003,1.104358e-001
3.128988e+003,1.106243e-001
3.129470e+003,1.108183e-001
3.129953e+003,1.110179e-001
3.130435e+003,1.112219e-001
3.130917e+003,1.114293e-001
3.131399e+003,1.116394e-001
3.131881e+003,1.118519e-001
3.132363e+003,1.120672e-001
3.132845e+003,1.122839e-001
3.133328e+003,1.125005e-001
3.133810e+003,1.127148e-001
3.134292e+003,1.129255e-001
3.134774e+003,1.131347e-001
3.135256e+003,1.133468e-001
3.135738e+003,1.135671e-001
3.136220e+003,1.138002e-001
3.136702e+003,1.140485e-001
3.137185e+003,1.143087e-001
3.137667e+003,1.145748e-001
3.138149e+003,1.148384e-001
3.138631e+003,1.150934e-001
3.139113e+003,1.153375e-001
3.139595e+003,1.155729e-001
3.140077e+003,1.158049e-001
3.140559e+003,1.160404e-001
3.141042e+003,1.162844e-001
3.141524e+003,1.165386e-001
3.142006e+003,1.168028e-001
3.142488e+003,1.170748e-001
3.142970e+003,1.173532e-001
3.143452e+003,1.176355e-001
3.143934e+003,1.179212e-001
3.144417e+003,1.182093e-001
3.144898e+003,1.184965e-001
3.145381e+003,1.187802e-001
3.145863e+003,1.190571e-001
3.146345e+003,1.193258e-001
3.146827e+003,1.195888e-001
3.147309e+003,1.198506e-001
3.147791e+003,1.201175e-001
3.148273e+003,1.203949e-001
3.148756e+003,1.206863e-001
3.149238e+003,1.209905e-001
3.149720e+003,1.213050e-001
3.150202e+003,1.216253e-001
3.150684e+003,1.219477e-001
3.151166e+003,1.222694e-001
3.151648e+003,1.225886e-001
3.152130e+003,1.229058e-001
3.152613e+003,1.232206e-001
3.153095e+003,1.235322e-001
3.153577e+003,1.238404e-001
3.154059e+003,1.241460e-001
3.154541e+003,1.244499e-001
3.155023e+003,1.247552e-001
3.155505e+003,1.250636e-001
3.155987e+003,1.253761e-001
3.156469e+003,1.256915e-001
3.156952e+003,1.260077e-001
3.157434e+003,1.263230e-001
3.157916e+003,1.266374e-001
3.158398e+003,1.269540e-001
3.158880e+003,1.272774e-001
3.159362e+003,1.276126e-001
3.159844e+003,1.279614e-001
3.160326e+003,1.283225e-001
3.160809e+003,1.286903e-001
3.161291e+003,1.290570e-001
3.161773e+003,1.294176e-001
3.162255e+003,1.297667e-001
3.162737e+003,1.301041e-001
3.163219e+003,1.304325e-001
3.163701e+003,1.307563e-001
3.164184e+003,1.310782e-001
3.164666e+003,1.314009e-001
3.165148e+003,1.317249e-001
3.165630e+003,1.320508e-001
3.166112e+003,1.323805e-001
3.166594e+003,1.327144e-001
3.167076e+003,1.330547e-001
3.167558e+003,1.334010e-001
3.168041e+003,1.337522e-001
3.168523e+003,1.341052e-001
3.169005e+003,1.344591e-001
3.169487e+003,1.348132e-001
3.169969e+003,1.351692e-001
3.170451e+003,1.355309e-001
3.170933e+003,1.359007e-001
3.171415e+003,1.362790e-001
3.171897e+003,1.366630e-001
3.172380e+003,1.370467e-001
3.172862e+003,1.374245e-001
3.173344e+003,1.377913e-001
3.173826e+003,1.381472e-001
3.174308e+003,1.384955e-001
3.174790e+003,1.388419e-001
3.175272e+003,1.391912e-001
3.175754e+003,1.395483e-001
3.176237e+003,1.399133e-001
3.176719e+003,1.402861e-001
3.177201e+003,1.406640e-001
3.177683e+003,1.410465e-001
3.178165e+003,1.414320e-001
3.178647e+003,1.418197e-001
3.179129e+003,1.422074e-001
3.179612e+003,1.425910e-001
3.180094e+003,1.429677e-001
3.180576e+003,1.433338e-001
3.181058e+003,1.436888e-001
3.181540e+003,1.440350e-001
3.182022e+003,1.443780e-001
3.182504e+003,1.447221e-001
3.182986e+003,1.450715e-001
3.183469e+003,1.454260e-001
3.183951e+003,1.457838e-001
3.184433e+003,1.461415e-001
3.184915e+003,1.464969e-001
3.185397e+003,1.468495e-001
3.185879e+003,1.472016e-001
3.186361e+003,1.475549e-001
3.186843e+003,1.479101e-001
3.187325e+003,1.482652e-001
3.187808e+003,1.486180e-001
3.188290e+003,1.489651e-001
3.188772e+003,1.493073e-001
3.189254e+003,1.496461e-001
3.189736e+003,1.499864e-001
3.190218e+003,1.503322e-001
3.190700e+003,1.506837e-001
3.191182e+003,1.510390e-001
3.191665e+003,1.513923e-001
3.192147e+003,1.517381e-001
3.192629e+003,1.520736e-001
3.193111e+003,1.523998e-001
3.193593e+003,1.527202e-001
3.194075e+003,1.530402e-001
3.194557e+003,1.533620e-001
3.195040e+003,1.536856e-001
3.195521e+003,1.540065e-001
3.196004e+003,1.543212e-001
3.196486e+003,1.546281e-001
3.196968e+003,1.549292e-001
3.197450e+003,1.552299e-001
3.197932e+003,1.555354e-001
3.198414e+003,1.558483e-001
3.198896e+003,1.561671e-001
3.199379e+003,1.564852e-001
3.199861e+003,1.567966e-001
3.200343e+003,1.570973e-001
3.200825e+003,1.573875e-001
3.201307e+003,1.576730e-001
3.201789e+003,1.579595e-001
3.202271e+003,1.582522e-001
3.202753e+003,1.585512e-001
3.203236e+003,1.588527e-001
3.203718e+003,1.591501e-001
3.204200e+003,1.594390e-001
3.204682e+003,1.597183e-001
3.205164e+003,1.599909e-001
3.205646e+003,1.602620e-001
3.206128e+003,1.605364e-001
3.206610e+003,1.608142e-001
3.207093e+003,1.610926e-001
3.207575e+003,1.613666e-001
3.208057e+003,1.616317e-001
3.208539e+003,1.618877e-001
3.209021e+003,1.621380e-001
3.209503e+003,1.623877e-001
3.209985e+003,1.626420e-001
3.210468e+003,1.629025e-001
3.210949e+003,1.631678e-001
3.211432e+003,1.634336e-001
3.211914e+003,1.636970e-001
3.212396e+003,1.639573e-001
3.212878e+003,1.642166e-001
3.213360e+003,1.644784e-001
3.213842e+003,1.647452e-001
3.214324e+003,1.650157e-001
3.214807e+003,1.652863e-001
3.215289e+003,1.655509e-001
3.215771e+003,1.658057e-001
3.216253e+003,1.660510e-001
3.216735e+003,1.662894e-001
3.217217e+003,1.665266e-001
3.217699e+003,1.667680e-001
3.218181e+003,1.670141e-001
3.218664e+003,1.672637e-001
3.219146e+003,1.675121e-001
3.219628e+003,1.677549e-001
3.220110e+003,1.679924e-001
3.220592e+003,1.682251e-001
3.221074e+003,1.684574e-001
3.221556e+003,1.686931e-001
3.222038e+003,1.689342e-001
3.222521e+003,1.691800e-001
3.223003e+003,1.694297e-001
3.223485e+003,1.696838e-001
3.223967e+003,1.699433e-001
3.224449e+003,1.702127e-001
3.224931e+003,1.704940e-001
3.225413e+003,1.707873e-001
3.225896e+003,1.710877e-001
3.226377e+003,1.713879e-001
3.226860e+003,1.716789e-001
3.227342e+003,1.719559e-001
3.227824e+003,1.722193e-001
3.228306e+003,1.724751e-001
3.228788e+003,1.727321e-001
3.229270e+003,1.729995e-001
3.229752e+003,1.732824e-001
3.230235e+003,1.735822e-001
3.230717e+003,1.738960e-001
3.231199e+003,1.742191e-001
3.231681e+003,1.745476e-001
3.232163e+003,1.748776e-001
3.232645e+003,1.752066e-001
3.233127e+003,1.755315e-001
3.233609e+003,1.758481e-001
3.234092e+003,1.761527e-001
3.234574e+003,1.764433e-001
3.235056e+003,1.767219e-001
3.235538e+003,1.769941e-001
3.236020e+003,1.772683e-001
3.236502e+003,1.775519e-001
3.236984e+003,1.778493e-001
3.237466e+003,1.781595e-001
3.237948e+003,1.784788e-001
3.238431e+003,1.788028e-001
3.238913e+003,1.791284e-001
3.239395e+003,1.794572e-001
3.239877e+003,1.797923e-001
3.240359e+003,1.801373e-001
3.240841e+003,1.804926e-001
3.241323e+003,1.808559e-001
3.241806e+003,1.812221e-001
3.242288e+003,1.815874e-001
3.242770e+003,1.819509e-001
3.243252e+003,1.823170e-001
3.243734e+003,1.826924e-001
3.244216e+003,1.830824e-001
3.244698e+003,1.834872e-001
3.245180e+003,1.839018e-001
3.245663e+003,1.843159e-001
3.246145e+003,1.847202e-001
3.246627e+003,1.851096e-001
3.247109e+003,1.854864e-001
3.247591e+003,1.858566e-001
3.248073e+003,1.862289e-001
3.248555e+003,1.866077e-001
3.249037e+003,1.869926e-001
3.249520e+003,1.873779e-001
3.250002e+003,1.877566e-001
3.250484e+003,1.881250e-001
3.250966e+003,1.884870e-001
3.251448e+003,1.888511e-001
3.251930e+003,1.892296e-001
3.252412e+003,1.896309e-001
3.252894e+003,1.900579e-001
3.253376e+003,1.905058e-001
3.253859e+003,1.909657e-001
3.254341e+003,1.914276e-001
3.254823e+003,1.918842e-001
3.255305e+003,1.923335e-001
3.255787e+003,1.927754e-001
3.256269e+003,1.932114e-001
3.256751e+003,1.936401e-001
3.257234e+003,1.940593e-001
3.257716e+003,1.944682e-001
3.258198e+003,1.948685e-001
3.258680e+003,1.952664e-001
3.259162e+003,1.956702e-001
3.259644e+003,1.960875e-001
3.260126e+003,1.965198e-001
3.260608e+003,1.969623e-001
3.261091e+003,1.974051e-001
3.261573e+003,1.978367e-001
3.262055e+003,1.982499e-001
3.262537e+003,1.986454e-001
3.263019e+003,1.990305e-001
3.263501e+003,1.994154e-001
3.263983e+003,1.998096e-001
3.264465e+003,2.002166e-001
3.264948e+003,2.006332e-001
3.265430e+003,2.010541e-001
3.265912e+003,2.014732e-001
3.266394e+003,2.018880e-001
3.266876e+003,2.023001e-001
3.267358e+003,2.027126e-001
3.267840e+003,2.031271e-001
3.268323e+003,2.035396e-001
3.268804e+003,2.039432e-001
3.269287e+003,2.043290e-001
3.269769e+003,2.046906e-001
3.270251e+003,2.050269e-001
3.270733e+003,2.053425e-001
3.271215e+003,2.056443e-001
3.271697e+003,2.059384e-001
3.272179e+003,2.062277e-001
3.272662e+003,2.065104e-001
3.273144e+003,2.067833e-001
3.273626e+003,2.070441e-001
3.274108e+003,2.072937e-001
3.274590e+003,2.075360e-001
3.275072e+003,2.077766e-001
3.275554e+003,2.080178e-001
3.276036e+003,2.082589e-001
3.276519e+003,2.084958e-001
3.277001e+003,2.087238e-001
3.277483e+003,2.089396e-001
3.277965e+003,2.091453e-001
3.278447e+003,2.093435e-001
3.278929e+003,2.095382e-001
3.279411e+003,2.097300e-001
3.279893e+003,2.099148e-001
3.280375e+003,2.100867e-001
3.280858e+003,2.102407e-001
3.281340e+003,2.103764e-001
3.281822e+003,2.104981e-001
3.282304e+003,2.106134e-001
3.282786e+003,2.107300e-001
3.283268e+003,2.108497e-001
3.283750e+003,2.109684e-001
3.284232e+003,2.110770e-001
3.284715e+003,2.111672e-001
3.285197e+003,2.112352e-001
3.285679e+003,2.112838e-001
3.286161e+003,2.113218e-001
3.286643e+003,2.113584e-001
3.287125e+003,2.113992e-001
3.287607e+003,2.114429e-001
3.288090e+003,2.114821e-001
3.288572e+003,2.115084e-001
3.289054e+003,2.115179e-001
3.289536e+003,2.115123e-001
3.290018e+003,2.115006e-001
3.290500e+003,2.114916e-001
3.290982e+003,2.114925e-001
3.291464e+003,2.115025e-001
3.291947e+003,2.115144e-001
3.292429e+003,2.115172e-001
3.292911e+003,2.115017e-001
3.293393e+003,2.114642e-001
3.293875e+003,2.114064e-001
3.294357e+003,2.113324e-001
3.294839e+003,2.112464e-001
3.295321e+003,2.111482e-001
3.295803e+003,2.110358e-001
3.296286e+003,2.109064e-001
3.296768e+003,2.107598e-001
3.297250e+003,2.106018e-001
3.297732e+003,2.104398e-001
3.298214e+003,2.102823e-001
3.298696e+003,2.101329e-001
3.299178e+003,2.099884e-001
3.299660e+003,2.098421e-001
3.300143e+003,2.096876e-001
3.300625e+003,2.095225e-001
3.301107e+003,2.093515e-001
3.301589e+003,2.091830e-001
3.302071e+003,2.090267e-001
3.302553e+003,2.088866e-001
3.303035e+003,2.087579e-001
3.303518e+003,2.086301e-001
3.304000e+003,2.084904e-001
3.304482e+003,2.083288e-001
3.304964e+003,2.081461e-001
3.305446e+003,2.079471e-001
3.305928e+003,2.077426e-001
3.306410e+003,2.075399e-001
3.306892e+003,2.073406e-001
3.307375e+003,2.071409e-001
3.307857e+003,2.069325e-001
3.308339e+003,2.067088e-001
3.308821e+003,2.064693e-001
3.309303e+003,2.062186e-001
3.309785e+003,2.059649e-001
3.310267e+003,2.057135e-001
3.310749e+003,2.054660e-001
3.311231e+003,2.052175e-001
3.311714e+003,2.049621e-001
3.312196e+003,2.046965e-001
3.312678e+003,2.044212e-001
3.313160e+003,2.041444e-001
3.313642e+003,2.038746e-001
3.314124e+003,2.036195e-001
3.314606e+003,2.033793e-001
3.315088e+003,2.031485e-001
3.315571e+003,2.029196e-001
3.316053e+003,2.026864e-001
3.316535e+003,2.024471e-001
3.317017e+003,2.022065e-001
3.317499e+003,2.019719e-001
3.317981e+003,2.017505e-001
3.318463e+003,2.015446e-001
3.318946e+003,2.013515e-001
3.319427e+003,2.011647e-001
3.319910e+003,2.009777e-001
3.320392e+003,2.007868e-001
3.320874e+003,2.005903e-001
3.321356e+003,2.003895e-001
3.321838e+003,2.001851e-001
3.322320e+003,1.999748e-001
3.322802e+003,1.997556e-001
3.323285e+003,1.995253e-001
3.323767e+003,1.992841e-001
3.324249e+003,1.990371e-001
3.324731e+003,1.987921e-001
3.325213e+003,1.985569e-001
3.325695e+003,1.983338e-001
3.326177e+003,1.981217e-001
3.326659e+003,1.979123e-001
3.327142e+003,1.976986e-001
3.327624e+003,1.974760e-001
3.328106e+003,1.972466e-001
3.328588e+003,1.970168e-001
3.329070e+003,1.967934e-001
3.329552e+003,1.965825e-001
3.330034e+003,1.963821e-001
3.330516e+003,1.961862e-001
3.330999e+003,1.959872e-001
3.331481e+003,1.957797e-001
3.331963e+003,1.955649e-001
3.332445e+003,1.953476e-001
3.332927e+003,1.951365e-001
3.333409e+003,1.949372e-001
3.333891e+003,1.947504e-001
3.334374e+003,1.945722e-001
3.334855e+003,1.943963e-001
3.335338e+003,1.942189e-001
3.335820e+003,1.940403e-001
3.336302e+003,1.938653e-001
3.336784e+003,1.937002e-001
3.337266e+003,1.935474e-001
3.337748e+003,1.934055e-001
3.338230e+003,1.932678e-001
3.338713e+003,1.931262e-001
3.339195e+003,1.929755e-001
3.339677e+003,1.928157e-001
3.340159e+003,1.926503e-001
3.340641e+003,1.924853e-001
3.341123e+003,1.923242e-001
3.341605e+003,1.921645e-001
3.342087e+003,1.920016e-001
3.342570e+003,1.918277e-001
3.343052e+003,1.916411e-001
3.343534e+003,1.914451e-001
3.344016e+003,1.912487e-001
3.344498e+003,1.910626e-001
3.344980e+003,1.908948e-001
3.345462e+003,1.907460e-001
3.345944e+003,1.906108e-001
3.346427e+003,1.904797e-001
3.346909e+003,1.903457e-001
3.347391e+003,1.902064e-001
3.347873e+003,1.900640e-001
3.348355e+003,1.899260e-001
3.348837e+003,1.897980e-001
3.349319e+003,1.896814e-001
3.349802e+003,1.895724e-001
3.350283e+003,1.894650e-001
3.350766e+003,1.893531e-001
3.351248e+003,1.892344e-001
3.351730e+003,1.891108e-001
3.352212e+003,1.889851e-001
3.352694e+003,1.888597e-001
3.353176e+003,1.887335e-001
3.353658e+003,1.886017e-001
3.354141e+003,1.884591e-001
3.354623e+003,1.883020e-001
3.355105e+003,1.881339e-001
3.355587e+003,1.879613e-001
3.356069e+003,1.877935e-001
3.356551e+003,1.876376e-001
3.357033e+003,1.874950e-001
3.357515e+003,1.873631e-001
3.357998e+003,1.872354e-001
3.358480e+003,1.871068e-001
3.358962e+003,1.869757e-001
3.359444e+003,1.868433e-001
3.359926e+003,1.867138e-001
3.360408e+003,1.865891e-001
3.360890e+003,1.864692e-001
3.361372e+003,1.863503e-001
3.361854e+003,1.862293e-001
3.362337e+003,1.861043e-001
3.362819e+003,1.859781e-001
3.363301e+003,1.858569e-001
3.363783e+003,1.857451e-001
3.364265e+003,1.856460e-001
3.364747e+003,1.855548e-001
3.365229e+003,1.854640e-001
3.365712e+003,1.853642e-001
3.366194e+003,1.852511e-001
3.366676e+003,1.851246e-001
3.367158e+003,1.849900e-001
3.367640e+003,1.848545e-001
3.368122e+003,1.847229e-001
3.368604e+003,1.845948e-001
3.369086e+003,1.844665e-001
3.369569e+003,1.843340e-001
3.370051e+003,1.841952e-001
3.370533e+003,1.840550e-001
3.371015e+003,1.839215e-001
3.371497e+003,1.838029e-001
3.371979e+003,1.837040e-001
3.372461e+003,1.836217e-001
3.372943e+003,1.835474e-001
3.373426e+003,1.834691e-001
3.373908e+003,1.833787e-001
3.374390e+003,1.832743e-001
3.374872e+003,1.831614e-001
3.375354e+003,1.830477e-001
3.375836e+003,1.829419e-001
3.376318e+003,1.828465e-001
3.376800e+003,1.827589e-001
3.377282e+003,1.826717e-001
3.377765e+003,1.825784e-001
3.378247e+003,1.824741e-001
3.378729e+003,1.823602e-001
3.379211e+003,1.822395e-001
3.379693e+003,1.821159e-001
3.380175e+003,1.819921e-001
3.380657e+003,1.818680e-001
3.381140e+003,1.817434e-001
3.381622e+003,1.816201e-001
3.382104e+003,1.815013e-001
3.382586e+003,1.813930e-001
3.383068e+003,1.812981e-001
3.383550e+003,1.812166e-001
3.384032e+003,1.811420e-001
3.384514e+003,1.810660e-001
3.384997e+003,1.809795e-001
3.385479e+003,1.808785e-001
3.385961e+003,1.807658e-001
3.386443e+003,1.806474e-001
3.386925e+003,1.805321e-001
3.387407e+003,1.804232e-001
3.387889e+003,1.803203e-001
3.388371e+003,1.802170e-001
3.388854e+003,1.801091e-001
3.389336e+003,1.799928e-001
3.389818e+003,1.798729e-001
3.390300e+003,1.797581e-001
3.390782e+003,1.796579e-001
3.391264e+003,1.795775e-001
3.391746e+003,1.795155e-001
3.392229e+003,1.794633e-001
3.392710e+003,1.794106e-001
3.393193e+003,1.793489e-001
3.393675e+003,1.792760e-001
3.394157e+003,1.791954e-001
3.394639e+003,1.791129e-001
3.395121e+003,1.790324e-001
3.395603e+003,1.789527e-001
3.396085e+003,1.788683e-001
3.396568e+003,1.787718e-001
3.397050e+003,1.786595e-001
3.397532e+003,1.785337e-001
3.398014e+003,1.784016e-001
3.398496e+003,1.782726e-001
3.398978e+003,1.781528e-001
3.399460e+003,1.780418e-001
3.399942e+003,1.779349e-001
3.400425e+003,1.778250e-001
3.400907e+003,1.777079e-001
3.401389e+003,1.775843e-001
3.401871e+003,1.774606e-001
3.402353e+003,1.773454e-001
3.402835e+003,1.772416e-001
3.403317e+003,1.771483e-001
3.403799e+003,1.770576e-001
3.404281e+003,1.769592e-001
3.404764e+003,1.768448e-001
3.405246e+003,1.767120e-001
3.405728e+003,1.765662e-001
3.406210e+003,1.764141e-001
3.406692e+003,1.762645e-001
3.407174e+003,1.761211e-001
3.407656e+003,1.759835e-001
3.408138e+003,1.758481e-001
3.408621e+003,1.757129e-001
3.409103e+003,1.755773e-001
3.409585e+003,1.754446e-001
3.410067e+003,1.753159e-001
3.410549e+003,1.751926e-001
3.411031e+003,1.750702e-001
3.411513e+003,1.749431e-001
3.411996e+003,1.748063e-001
3.412478e+003,1.746595e-001
3.412960e+003,1.745081e-001
3.413442e+003,1.743593e-001
3.413924e+003,1.742198e-001
3.414406e+003,1.740922e-001
3.414888e+003,1.739716e-001
3.415370e+003,1.738466e-001
3.415853e+003,1.737082e-001
3.416335e+003,1.735514e-001
3.416817e+003,1.733793e-001
3.417299e+003,1.732013e-001
3.417781e+003,1.730283e-001
3.418263e+003,1.728685e-001
3.418745e+003,1.727210e-001
3.419227e+003,1.725804e-001
3.419709e+003,1.724362e-001
3.420192e+003,1.722815e-001
3.420674e+003,1.721167e-001
3.421156e+003,1.719484e-001
3.421638e+003,1.717857e-001
3.422120e+003,1.716349e-001
3.422602e+003,1.714945e-001
3.423084e+003,1.713562e-001
3.423566e+003,1.712101e-001
3.424049e+003,1.710468e-001
3.424531e+003,1.708661e-001
3.425013e+003,1.706731e-001
3.425495e+003,1.704761e-001
3.425977e+003,1.702832e-001
3.426459e+003,1.700975e-001
3.426941e+003,1.699160e-001
3.427424e+003,1.697327e-001
3.427906e+003,1.695426e-001
3.428388e+003,1.693467e-001
3.428870e+003,1.691496e-001
3.429352e+003,1.689584e-001
3.429834e+003,1.687790e-001
3.430316e+003,1.686118e-001
3.430798e+003,1.684518e-001
3.431281e+003,1.682913e-001
3.431763e+003,1.681240e-001
3.432245e+003,1.679489e-001
3.432727e+003,1.677703e-001
3.433209e+003,1.675960e-001
3.433691e+003,1.674324e-001
3.434173e+003,1.672811e-001
3.434655e+003,1.671398e-001
3.435137e+003,1.670020e-001
3.435620e+003,1.668598e-001
3.436102e+003,1.667093e-001
3.436584e+003,1.665482e-001
3.437066e+003,1.663778e-001
3.437548e+003,1.661980e-001
3.438030e+003,1.660094e-001
3.438512e+003,1.658110e-001
3.438994e+003,1.656043e-001
3.439477e+003,1.653933e-001
3.439959e+003,1.651856e-001
3.440441e+003,1.649915e-001
3.440923e+003,1.648179e-001
3.441405e+003,1.646650e-001
3.441887e+003,1.645263e-001
3.442369e+003,1.643880e-001
3.442852e+003,1.642373e-001
3.443333e+003,1.640659e-001
3.443816e+003,1.638722e-001
3.444298e+003,1.636623e-001
3.444780e+003,1.634469e-001
3.445262e+003,1.632352e-001
3.445744e+003,1.630326e-001
3.446226e+003,1.628396e-001
3.446708e+003,1.626543e-001
3.447191e+003,1.624736e-001
3.447673e+003,1.622982e-001
3.448155e+003,1.621280e-001
3.448637e+003,1.619643e-001
3.449119e+003,1.618054e-001
3.449601e+003,1.616455e-001
3.450083e+003,1.614795e-001
3.450565e+003,1.613029e-001
3.451048e+003,1.611156e-001
3.451530e+003,1.609225e-001
3.452012e+003,1.607304e-001
3.452494e+003,1.605449e-001
3.452976e+003,1.603672e-001
3.453458e+003,1.601913e-001
3.453940e+003,1.600085e-001
3.454422e+003,1.598126e-001
3.454905e+003,1.596016e-001
3.455387e+003,1.593813e-001
3.455869e+003,1.591618e-001
3.456351e+003,1.589518e-001
3.456833e+003,1.587554e-001
3.457315e+003,1.585676e-001
3.457797e+003,1.583799e-001
3.458280e+003,1.581835e-001
3.458761e+003,1.579738e-001
3.459244e+003,1.577547e-001
3.459726e+003,1.575343e-001
3.460208e+003,1.573210e-001
3.460690e+003,1.571194e-001
3.461172e+003,1.569262e-001
3.461654e+003,1.567321e-001
3.462136e+003,1.565269e-001
3.462619e+003,1.563060e-001
3.463101e+003,1.560709e-001
3.463583e+003,1.558298e-001
3.464065e+003,1.555916e-001
3.464547e+003,1.553614e-001
3.465029e+003,1.551375e-001
3.465511e+003,1.549142e-001
3.465993e+003,1.546855e-001
3.466476e+003,1.544492e-001
3.466958e+003,1.542106e-001
3.467440e+003,1.539786e-001
3.467922e+003,1.537613e-001
3.468404e+003,1.535623e-001
3.468886e+003,1.533742e-001
3.469368e+003,1.531850e-001
3.469850e+003,1.529832e-001
3.470333e+003,1.527617e-001
3.470815e+003,1.525233e-001
3.471297e+003,1.522791e-001
3.471779e+003,1.520398e-001
3.472261e+003,1.518147e-001
3.472743e+003,1.516039e-001
3.473225e+003,1.514000e-001
3.473708e+003,1.511924e-001
3.474189e+003,1.509736e-001
3.474672e+003,1.507436e-001
3.475154e+003,1.505086e-001
3.475636e+003,1.502770e-001
3.476118e+003,1.500546e-001
3.476600e+003,1.498398e-001
3.477082e+003,1.496251e-001
3.477564e+003,1.494007e-001
3.478047e+003,1.491601e-001
3.478529e+003,1.489041e-001
3.479011e+003,1.486394e-001
3.479493e+003,1.483765e-001
3.479975e+003,1.481244e-001
3.480457e+003,1.478847e-001
3.480939e+003,1.476527e-001
3.481421e+003,1.474197e-001
3.481904e+003,1.471794e-001
3.482386e+003,1.469310e-001
3.482868e+003,1.466792e-001
3.483350e+003,1.464326e-001
3.483832e+003,1.461969e-001
3.484314e+003,1.459713e-001
3.484796e+003,1.457508e-001
3.485278e+003,1.455275e-001
3.485760e+003,1.452947e-001
3.486243e+003,1.450505e-001
3.486725e+003,1.447989e-001
3.487207e+003,1.445454e-001
3.487689e+003,1.442955e-001
3.488171e+003,1.440504e-001
3.488653e+003,1.438061e-001
3.489135e+003,1.435596e-001
3.489618e+003,1.433076e-001
3.490100e+003,1.430513e-001
3.490582e+003,1.427954e-001
3.491064e+003,1.425420e-001
3.491546e+003,1.422923e-001
3.492028e+003,1.420419e-001
3.492510e+003,1.417827e-001
3.492992e+003,1.415086e-001
3.493475e+003,1.412174e-001
3.493957e+003,1.409138e-001
3.494439e+003,1.406069e-001
3.494921e+003,1.403068e-001
3.495403e+003,1.400210e-001
3.495885e+003,1.397491e-001
3.496367e+003,1.394874e-001
3.496849e+003,1.392308e-001
3.497332e+003,1.389768e-001
3.497814e+003,1.387283e-001
3.498296e+003,1.384908e-001
3.498778e+003,1.382680e-001
3.499260e+003,1.380594e-001
3.499742e+003,1.378558e-001
3.500224e+003,1.376432e-001
3.500706e+003,1.374077e-001
3.501188e+003,1.371400e-001
3.501671e+003,1.368407e-001
3.502153e+003,1.365204e-001
3.502635e+003,1.361950e-001
3.503117e+003,1.358791e-001
3.503599e+003,1.355786e-001
3.504081e+003,1.352920e-001
3.504563e+003,1.350124e-001
3.505046e+003,1.347324e-001
3.505528e+003,1.344494e-001
3.506010e+003,1.341643e-001
3.506492e+003,1.338795e-001
3.506974e+003,1.335959e-001
3.507456e+003,1.333121e-001
3.507938e+003,1.330222e-001
3.508420e+003,1.327221e-001
3.508903e+003,1.324098e-001
3.509385e+003,1.320897e-001
3.509867e+003,1.317682e-001
3.510349e+003,1.314532e-001
3.510831e+003,1.311477e-001
3.511313e+003,1.308503e-001
3.511795e+003,1.305555e-001
3.512277e+003,1.302591e-001
3.512760e+003,1.299598e-001
3.513242e+003,1.296614e-001
3.513724e+003,1.293688e-001
3.514206e+003,1.290857e-001
3.514688e+003,1.288118e-001
3.515170e+003,1.285406e-001
3.515652e+003,1.282631e-001
3.516135e+003,1.279735e-001
3.516616e+003,1.276687e-001
3.517099e+003,1.273534e-001
3.517581e+003,1.270356e-001
3.518063e+003,1.267217e-001
3.518545e+003,1.264144e-001
3.519027e+003,1.261098e-001
3.519509e+003,1.258012e-001
3.519991e+003,1.254832e-001
3.520474e+003,1.251556e-001
3.520956e+003,1.248248e-001
3.521438e+003,1.244997e-001
3.521920e+003,1.241881e-001
3.522402e+003,1.238918e-001
3.522884e+003,1.236044e-001
3.523366e+003,1.233135e-001
3.523848e+003,1.230101e-001
3.524331e+003,1.226901e-001
3.524813e+003,1.223587e-001
3.525295e+003,1.220259e-001
3.525777e+003,1.216999e-001
3.526259e+003,1.213826e-001
3.526741e+003,1.210676e-001
3.527223e+003,1.207421e-001
3.527705e+003,1.203961e-001
3.528188e+003,1.200265e-001
3.528670e+003,1.196397e-001
3.529152e+003,1.192487e-001
3.529634e+003,1.188664e-001
3.530116e+003,1.185012e-001
3.530598e+003,1.181519e-001
3.531080e+003,1.178138e-001
3.531563e+003,1.174799e-001
3.532044e+003,1.171495e-001
3.532527e+003,1.168240e-001
3.533009e+003,1.165105e-001
3.533491e+003,1.162115e-001
3.533973e+003,1.159264e-001
3.534455e+003,1.156467e-001
3.534937e+003,1.153603e-001
3.535419e+003,1.150562e-001
3.535902e+003,1.147293e-001
3.536384e+003,1.143845e-001
3.536866e+003,1.140320e-001
3.537348e+003,1.136819e-001
3.537830e+003,1.133389e-001
3.538312e+003,1.130005e-001
3.538794e+003,1.126599e-001
3.539276e+003,1.123115e-001
3.539759e+003,1.119551e-001
3.540241e+003,1.115965e-001
3.540723e+003,1.112466e-001
3.541205e+003,1.109129e-001
3.541687e+003,1.105979e-001
3.542169e+003,1.102945e-001
3.542651e+003,1.099906e-001
3.543133e+003,1.096711e-001
3.543615e+003,1.093287e-001
3.544098e+003,1.089648e-001
3.544580e+003,1.085896e-001
3.545062e+003,1.082164e-001
3.545544e+003,1.078555e-001
3.546026e+003,1.075069e-001
3.546508e+003,1.071632e-001
3.546990e+003,1.068150e-001
3.547472e+003,1.064590e-001
3.547955e+003,1.060961e-001
3.548437e+003,1.057341e-001
3.548919e+003,1.053793e-001
3.549401e+003,1.050330e-001
3.549883e+003,1.046911e-001
3.550365e+003,1.043451e-001
3.550847e+003,1.039864e-001
3.551330e+003,1.036119e-001
3.551812e+003,1.032234e-001
3.552294e+003,1.028303e-001
3.552776e+003,1.024416e-001
3.553258e+003,1.020614e-001
3.553740e+003,1.016894e-001
3.554222e+003,1.013207e-001
3.554704e+003,1.009525e-001
3.555187e+003,1.005876e-001
3.555669e+003,1.002316e-001
3.556151e+003,9.989232e-002
3.556633e+003,9.957399e-002
3.557115e+003,9.927337e-002
3.557597e+003,9.897901e-002
3.558079e+003,9.867571e-002
3.558561e+003,9.835079e-002
3.559043e+003,9.799882e-002
3.559526e+003,9.762422e-002
3.560008e+003,9.723920e-002
3.560490e+003,9.685643e-002
3.560972e+003,9.648558e-002
3.561454e+003,9.612767e-002
3.561936e+003,9.577977e-002
3.562418e+003,9.543727e-002
3.562900e+003,9.509940e-002
3.563383e+003,9.477016e-002
3.563865e+003,9.445449e-002
3.564347e+003,9.415534e-002
3.564829e+003,9.386598e-002
3.565311e+003,9.357018e-002
3.565793e+003,9.324399e-002
3.566275e+003,9.287073e-002
3.566758e+003,9.245318e-002
3.567240e+003,9.201634e-002
3.567722e+003,9.159567e-002
3.568204e+003,9.121198e-002
3.568686e+003,9.086655e-002
3.569168e+003,9.054278e-002
3.569650e+003,9.022063e-002
3.570132e+003,8.988667e-002
3.570615e+003,8.953591e-002
3.571097e+003,8.917549e-002
3.571579e+003,8.881491e-002
3.572061e+003,8.846411e-002
3.572543e+003,8.812570e-002
3.573025e+003,8.779328e-002
3.573507e+003,8.745422e-002
3.573989e+003,8.709759e-002
3.574471e+003,8.672029e-002
3.574954e+003,8.633097e-002
3.575436e+003,8.594476e-002
3.575918e+003,8.557846e-002
3.576400e+003,8.524045e-002
3.576882e+003,8.492707e-002
3.577364e+003,8.462632e-002
3.577846e+003,8.432203e-002
3.578328e+003,8.400247e-002
3.578811e+003,8.366548e-002
3.579293e+003,8.331610e-002
3.579775e+003,8.296607e-002
3.580257e+003,8.262417e-002
3.580739e+003,8.229401e-002
3.581221e+003,8.197509e-002
3.581703e+003,8.166365e-002
3.582186e+003,8.135720e-002
3.582667e+003,8.105685e-002
3.583150e+003,8.076448e-002
3.583632e+003,8.048110e-002
3.584114e+003,8.020256e-002
3.584596e+003,7.991888e-002
3.585078e+003,7.961518e-002
3.585560e+003,7.927819e-002
3.586042e+003,7.890221e-002
3.586525e+003,7.849795e-002
3.587007e+003,7.809033e-002
3.587489e+003,7.770981e-002
3.587971e+003,7.737301e-002
3.588453e+003,7.707606e-002
3.588935e+003,7.680120e-002
3.589417e+003,7.653156e-002
3.589899e+003,7.625876e-002
3.590382e+003,7.598319e-002
3.590864e+003,7.570998e-002
3.591346e+003,7.544547e-002
3.591828e+003,7.519206e-002
3.592310e+003,7.494487e-002
3.592792e+003,7.469577e-002
3.593274e+003,7.443529e-002
3.593756e+003,7.415943e-002
3.594239e+003,7.387129e-002
3.594721e+003,7.358065e-002
3.595203e+003,7.329797e-002
3.595685e+003,7.302863e-002
3.596167e+003,7.277074e-002
3.596649e+003,7.251906e-002
3.597131e+003,7.226788e-002
3.597614e+003,7.201690e-002
3.598095e+003,7.176953e-002
3.598578e+003,7.152986e-002
3.599060e+003,7.129989e-002
3.599542e+003,7.107353e-002
3.600024e+003,7.083964e-002
3.600506e+003,7.058515e-002
3.600988e+003,7.030303e-002
3.601470e+003,6.999630e-002
3.601953e+003,6.967746e-002
3.602435e+003,6.936072e-002
3.602917e+003,6.905632e-002
3.603399e+003,6.876573e-002
3.603881e+003,6.848211e-002
3.604363e+003,6.819511e-002
3.604845e+003,6.789323e-002
3.605327e+003,6.757199e-002
3.605810e+003,6.723378e-002
3.606292e+003,6.688782e-002
3.606774e+003,6.654447e-002
3.607256e+003,6.621306e-002
3.607738e+003,6.589385e-002
3.608220e+003,6.558162e-002
3.608702e+003,6.527049e-002
3.609184e+003,6.495783e-002
3.609667e+003,6.464715e-002
3.610149e+003,6.434392e-002
3.610631e+003,6.404942e-002
3.611113e+003,6.376110e-002
3.611595e+003,6.346979e-002
3.612077e+003,6.316435e-002
3.612559e+003,6.283959e-002
3.613042e+003,6.249813e-002
3.613524e+003,6.215215e-002
3.614006e+003,6.181477e-002
3.614488e+003,6.149492e-002
3.614970e+003,6.119150e-002
3.615452e+003,6.089726e-002
3.615934e+003,6.060798e-002
3.616416e+003,6.032404e-002
3.616898e+003,6.005552e-002
3.617381e+003,5.981772e-002
3.617863e+003,5.962199e-002
3.618345e+003,5.946096e-002
3.618827e+003,5.930363e-002
3.619309e+003,5.910408e-002
3.619791e+003,5.882766e-002
3.620273e+003,5.847093e-002
3.620755e+003,5.806151e-002
3.621238e+003,5.764426e-002
3.621720e+003,5.725874e-002
3.622202e+003,5.692922e-002
3.622684e+003,5.666090e-002
3.623166e+003,5.643921e-002
3.623648e+003,5.623953e-002
3.624130e+003,5.603571e-002
3.624612e+003,5.580871e-002
3.625094e+003,5.555232e-002
3.625577e+003,5.527377e-002
3.626059e+003,5.498871e-002
3.626541e+003,5.471558e-002
3.627023e+003,5.446855e-002
3.627505e+003,5.425035e-002
3.627987e+003,5.405004e-002
3.628469e+003,5.384373e-002
3.628952e+003,5.361127e-002
3.629434e+003,5.334904e-002
3.629916e+003,5.306727e-002
3.630398e+003,5.277863e-002
3.630880e+003,5.248760e-002
3.631362e+003,5.219481e-002
3.631844e+003,5.190000e-002
3.632326e+003,5.160679e-002
3.632809e+003,5.132190e-002
3.633291e+003,5.105375e-002
3.633773e+003,5.080686e-002
3.634255e+003,5.057871e-002
3.634737e+003,5.035935e-002
3.635219e+003,5.013612e-002
3.635701e+003,4.989943e-002
3.636183e+003,4.964829e-002
3.636666e+003,4.938905e-002
3.637148e+003,4.913325e-002
3.637630e+003,4.889223e-002
3.638112e+003,4.867268e-002
3.638594e+003,4.847250e-002
3.639076e+003,4.828336e-002
3.639558e+003,4.809444e-002
3.640041e+003,4.789580e-002
3.640522e+003,4.768271e-002
3.641005e+003,4.745404e-002
3.641487e+003,4.721119e-002
3.641969e+003,4.696009e-002
3.642451e+003,4.670537e-002
3.642933e+003,4.645361e-002
3.643415e+003,4.621287e-002
3.643897e+003,4.599238e-002
3.644380e+003,4.580132e-002
3.644862e+003,4.564726e-002
3.645344e+003,4.553272e-002
3.645826e+003,4.545010e-002
3.646308e+003,4.538015e-002
3.646790e+003,4.529338e-002
3.647272e+003,4.515873e-002
3.647754e+003,4.496027e-002
3.648237e+003,4.471079e-002
3.648719e+003,4.444675e-002
3.649201e+003,4.420580e-002
3.649683e+003,4.400449e-002
3.650165e+003,4.382839e-002
3.650647e+003,4.365189e-002
3.651129e+003,4.345522e-002
3.651611e+003,4.323552e-002
3.652094e+003,4.299913e-002
3.652576e+003,4.275301e-002
3.653058e+003,4.250203e-002
3.653540e+003,4.224778e-002
3.654022e+003,4.198779e-002
3.654504e+003,4.172168e-002
3.654986e+003,4.145369e-002
3.655469e+003,4.119498e-002
3.655950e+003,4.095900e-002
3.656433e+003,4.075643e-002
3.656915e+003,4.058429e-002
3.657397e+003,4.043275e-002
3.657879e+003,4.028865e-002
3.658361e+003,4.014340e-002
3.658843e+003,3.999639e-002
3.659325e+003,3.985209e-002
3.659808e+003,3.971585e-002
3.660290e+003,3.958865e-002
3.660772e+003,3.946578e-002
3.661254e+003,3.933606e-002
3.661736e+003,3.918889e-002
3.662218e+003,3.901696e-002
3.662700e+003,3.882386e-002
3.663182e+003,3.862102e-002
3.663665e+003,3.842501e-002
3.664147e+003,3.824737e-002
3.664629e+003,3.808948e-002
3.665111e+003,3.794250e-002
3.665593e+003,3.778841e-002
3.666075e+003,3.761228e-002
3.666557e+003,3.740564e-002
3.667039e+003,3.717386e-002
3.667521e+003,3.693758e-002
3.668004e+003,3.672700e-002
3.668486e+003,3.657163e-002
3.668968e+003,3.648153e-002
3.669450e+003,3.642948e-002
3.669932e+003,3.636000e-002
3.670414e+003,3.622442e-002
3.670896e+003,3.601506e-002
3.671378e+003,3.575702e-002
3.671861e+003,3.548975e-002
3.672343e+003,3.524535e-002
3.672825e+003,3.504644e-002
3.673307e+003,3.490711e-002
3.673789e+003,3.483753e-002
3.674271e+003,3.483812e-002
3.674753e+003,3.488886e-002
3.675236e+003,3.494373e-002
3.675718e+003,3.494944e-002
3.676200e+003,3.488156e-002
3.676682e+003,3.475253e-002
3.677164e+003,3.458800e-002
3.677646e+003,3.441050e-002
3.678128e+003,3.423757e-002
3.678610e+003,3.408242e-002
3.679093e+003,3.395576e-002
3.679575e+003,3.386058e-002
3.680057e+003,3.379016e-002
3.680539e+003,3.372933e-002
3.681021e+003,3.365813e-002
3.681503e+003,3.356188e-002
3.681985e+003,3.343298e-002
3.682467e+003,3.327365e-002
3.682949e+003,3.309486e-002
3.683432e+003,3.291355e-002
3.683914e+003,3.274442e-002
3.684396e+003,3.259895e-002
3.684878e+003,3.247885e-002
3.685360e+003,3.238017e-002
3.685842e+003,3.229979e-002
3.686324e+003,3.223522e-002
3.686806e+003,3.219096e-002
3.687289e+003,3.217647e-002
3.687771e+003,3.219862e-002
3.688253e+003,3.225658e-002
3.688735e+003,3.233400e-002
3.689217e+003,3.240347e-002
3.689699e+003,3.243913e-002
3.690181e+003,3.242902e-002
3.690664e+003,3.237324e-002
3.691146e+003,3.227963e-002
3.691628e+003,3.215792e-002
3.692110e+003,3.201622e-002
3.692592e+003,3.186102e-002
3.693074e+003,3.170067e-002
3.693556e+003,3.154479e-002
3.694038e+003,3.140623e-002
3.694521e+003,3.129836e-002
3.695003e+003,3.123004e-002
3.695485e+003,3.120303e-002
3.695967e+003,3.121034e-002
3.696449e+003,3.123477e-002
3.696931e+003,3.125721e-002
3.697413e+003,3.126216e-002
3.697895e+003,3.124263e-002
3.698377e+003,3.120109e-002
3.698860e+003,3.114617e-002
3.699342e+003,3.108800e-002
3.699824e+003,3.103656e-002
3.700306e+003,3.099748e-002
3.700788e+003,3.097101e-002
3.701270e+003,3.095417e-002
3.701752e+003,3.094033e-002
3.702234e+003,3.092272e-002
3.702717e+003,3.089610e-002
3.703199e+003,3.085622e-002
3.703681e+003,3.080270e-002
3.704163e+003,3.073602e-002
3.704645e+003,3.066057e-002
3.705127e+003,3.058261e-002
3.705609e+003,3.051201e-002
3.706092e+003,3.045729e-002
3.706573e+003,3.042395e-002
3.707056e+003,3.041251e-002
3.707538e+003,3.041797e-002
3.708020e+003,3.043232e-002
3.708502e+003,3.044867e-002
3.708984e+003,3.046816e-002
3.709466e+003,3.050093e-002
3.709948e+003,3.056540e-002
3.710431e+003,3.067626e-002
3.710913e+003,3.083026e-002
3.711395e+003,3.100060e-002
3.711877e+003,3.114456e-002
3.712359e+003,3.122774e-002
3.712841e+003,3.123794e-002
3.713323e+003,3.118806e-002
3.713805e+003,3.110178e-002
3.714288e+003,3.100370e-002
3.714770e+003,3.091199e-002
3.715252e+003,3.083644e-002
3.715734e+003,3.077920e-002
3.716216e+003,3.073576e-002
3.716698e+003,3.069983e-002
3.717180e+003,3.066590e-002
3.717662e+003,3.063034e-002
3.718145e+003,3.059300e-002
3.718627e+003,3.055779e-002
3.719109e+003,3.052948e-002
3.719591e+003,3.051284e-002
3.720073e+003,3.051202e-002
3.720555e+003,3.052603e-002
3.721037e+003,3.055121e-002
3.721520e+003,3.058081e-002
3.722001e+003,3.060538e-002
3.722484e+003,3.061739e-002
3.722966e+003,3.061570e-002
3.723448e+003,3.060558e-002
3.723930e+003,3.059810e-002
3.724412e+003,3.060621e-002
3.724894e+003,3.063696e-002
3.725376e+003,3.068798e-002
3.725859e+003,3.074454e-002
3.726341e+003,3.078376e-002
3.726823e+003,3.078459e-002
3.727305e+003,3.073835e-002
3.727787e+003,3.065044e-002
3.728269e+003,3.053808e-002
3.728751e+003,3.042029e-002
3.729233e+003,3.031431e-002
3.729716e+003,3.023223e-002
3.730198e+003,3.018010e-002
3.730680e+003,3.015768e-002
3.731162e+003,3.016019e-002
3.731644e+003,3.018160e-002
3.732126e+003,3.021888e-002
3.732608e+003,3.027445e-002
3.733090e+003,3.035171e-002
3.733573e+003,3.045180e-002
3.734055e+003,3.056341e-002
3.734537e+003,3.066482e-002
3.735019e+003,3.072630e-002
3.735501e+003,3.073077e-002
3.735983e+003,3.068502e-002
3.736465e+003,3.061720e-002
3.736948e+003,3.055692e-002
3.737430e+003,3.051885e-002
3.737912e+003,3.050246e-002
3.738394e+003,3.049857e-002
3.738876e+003,3.049254e-002
3.739358e+003,3.047387e-002
3.739840e+003,3.043765e-002
3.740322e+003,3.038525e-002
3.740804e+003,3.032021e-002
3.741287e+003,3.025037e-002
3.741769e+003,3.017911e-002
3.742251e+003,3.011252e-002
3.742733e+003,3.005841e-002
3.743215e+003,3.003525e-002
3.743697e+003,3.006565e-002
3.744179e+003,3.016469e-002
3.744661e+003,3.031431e-002
3.745144e+003,3.046779e-002
3.745626e+003,3.057831e-002
3.746108e+003,3.062108e-002
3.746590e+003,3.059049e-002
3.747072e+003,3.049701e-002
3.747554e+003,3.036227e-002
3.748036e+003,3.021790e-002
3.748518e+003,3.010842e-002
3.749000e+003,3.007509e-002
3.749483e+003,3.013565e-002
3.749965e+003,3.026433e-002
3.750447e+003,3.039331e-002
3.750929e+003,3.045445e-002
3.751411e+003,3.041835e-002
3.751893e+003,3.031409e-002
3.752375e+003,3.019779e-002
3.752858e+003,3.011743e-002
3.753340e+003,3.009305e-002
3.753822e+003,3.011668e-002
3.754304e+003,3.016528e-002
3.754786e+003,3.021174e-002
3.755268e+003,3.023324e-002
3.755750e+003,3.021632e-002
3.756232e+003,3.016024e-002
3.756715e+003,3.007814e-002
3.757197e+003,2.999387e-002
3.757679e+003,2.993533e-002
3.758161e+003,2.992585e-002
3.758643e+003,2.997345e-002
3.759125e+003,3.007054e-002
3.759607e+003,3.019190e-002
3.760089e+003,3.030683e-002
3.760572e+003,3.038814e-002
3.761054e+003,3.042200e-002
3.761536e+003,3.040889e-002
3.762018e+003,3.035805e-002
3.762500e+003,3.028612e-002
3.762982e+003,3.021036e-002
3.763464e+003,3.014908e-002
3.763947e+003,3.011534e-002
3.764428e+003,3.011335e-002
3.764911e+003,3.013360e-002
3.765393e+003,3.015753e-002
3.765875e+003,3.016432e-002
3.766357e+003,3.014594e-002
3.766839e+003,3.010784e-002
3.767321e+003,3.006961e-002
3.767803e+003,3.005438e-002
3.768286e+003,3.008367e-002
3.768768e+003,3.016332e-002
3.769250e+003,3.027887e-002
3.769732e+003,3.039600e-002
3.770214e+003,3.047726e-002
3.770696e+003,3.050165e-002
3.771178e+003,3.047296e-002
3.771660e+003,3.041460e-002
3.772143e+003,3.035457e-002
3.772625e+003,3.031528e-002
3.773107e+003,3.030897e-002
3.773589e+003,3.033513e-002
3.774071e+003,3.038538e-002
3.774553e+003,3.044354e-002
3.775035e+003,3.049610e-002
3.775517e+003,3.053326e-002
3.776000e+003,3.055360e-002
3.776482e+003,3.056298e-002
3.776964e+003,3.057199e-002
3.777446e+003,3.059298e-002
3.777928e+003,3.063450e-002
3.778410e+003,3.069926e-002
3.778892e+003,3.077960e-002
3.779375e+003,3.085907e-002
3.779856e+003,3.091928e-002
3.780339e+003,3.094709e-002
3.780821e+003,3.094223e-002
3.781303e+003,3.091157e-002
3.781785e+003,3.086904e-002
3.782267e+003,3.083020e-002
3.782749e+003,3.080935e-002
3.783231e+003,3.081634e-002
3.783714e+003,3.085297e-002
3.784196e+003,3.090839e-002
3.784678e+003,3.096408e-002
3.785160e+003,3.099780e-002
3.785642e+003,3.099524e-002
3.786124e+003,3.095239e-002
3.786606e+003,3.087630e-002
3.787088e+003,3.078217e-002
3.787571e+003,3.068687e-002
3.788053e+003,3.060651e-002
3.788535e+003,3.055490e-002
3.789017e+003,3.054062e-002
3.789499e+003,3.056907e-002
3.789981e+003,3.063705e-002
3.790463e+003,3.073641e-002
3.790945e+003,3.085179e-002
3.791427e+003,3.096157e-002
3.791910e+003,3.104476e-002
3.792392e+003,3.108392e-002
3.792874e+003,3.107315e-002
3.793356e+003,3.101971e-002
3.793838e+003,3.094514e-002
3.794320e+003,3.087887e-002
3.794802e+003,3.085166e-002
3.795284e+003,3.088633e-002
3.795767e+003,3.097983e-002
3.796249e+003,3.110207e-002
3.796731e+003,3.120333e-002
3.797213e+003,3.124217e-002
3.797695e+003,3.119971e-002
3.798177e+003,3.108710e-002
3.798659e+003,3.093483e-002
3.799142e+003,3.078716e-002
3.799624e+003,3.069384e-002
3.800106e+003,3.070222e-002
3.800588e+003,3.083506e-002
3.801070e+003,3.106342e-002
3.801552e+003,3.130098e-002
3.802034e+003,3.145517e-002
3.802516e+003,3.148253e-002
3.802999e+003,3.139777e-002
3.803481e+003,3.124365e-002
3.803963e+003,3.106458e-002
3.804445e+003,3.089820e-002
3.804927e+003,3.077894e-002
3.805409e+003,3.073467e-002
3.805891e+003,3.078147e-002
3.806373e+003,3.091078e-002
3.806855e+003,3.108178e-002
3.807338e+003,3.123651e-002
3.807820e+003,3.133420e-002
3.808302e+003,3.136465e-002
3.808784e+003,3.134611e-002
3.809266e+003,3.130661e-002
3.809748e+003,3.127133e-002
3.810230e+003,3.125574e-002
3.810712e+003,3.126124e-002
3.811195e+003,3.127677e-002
3.811677e+003,3.128369e-002
3.812159e+003,3.126383e-002
3.812641e+003,3.120908e-002
3.813123e+003,3.112381e-002
3.813605e+003,3.102976e-002
3.814087e+003,3.096055e-002
3.814570e+003,3.095416e-002
3.815052e+003,3.103419e-002
3.815534e+003,3.118484e-002
3.816016e+003,3.134713e-002
3.816498e+003,3.144956e-002
3.816980e+003,3.144837e-002
3.817462e+003,3.134187e-002
3.817944e+003,3.115762e-002
3.818427e+003,3.093596e-002
3.818909e+003,3.072291e-002
3.819391e+003,3.056887e-002
3.819873e+003,3.052245e-002
3.820355e+003,3.060792e-002
3.820837e+003,3.079556e-002
3.821319e+003,3.100184e-002
3.821801e+003,3.114393e-002
3.822283e+003,3.118619e-002
3.822766e+003,3.114302e-002
3.823248e+003,3.105181e-002
3.823730e+003,3.094988e-002
3.824212e+003,3.087078e-002
3.824694e+003,3.083878e-002
3.825176e+003,3.086772e-002
3.825658e+003,3.095348e-002
3.826140e+003,3.107260e-002
3.826623e+003,3.118684e-002
3.827105e+003,3.125886e-002
3.827587e+003,3.126875e-002
3.828069e+003,3.122008e-002
3.828551e+003,3.113198e-002
3.829033e+003,3.103443e-002
3.829515e+003,3.095638e-002
3.829998e+003,3.091981e-002
3.830479e+003,3.093495e-002
3.830962e+003,3.099743e-002
3.831444e+003,3.108760e-002
3.831926e+003,3.118206e-002
3.832408e+003,3.125935e-002
3.832890e+003,3.130922e-002
3.833372e+003,3.133064e-002
3.833854e+003,3.132539e-002
3.834337e+003,3.129515e-002
3.834819e+003,3.123940e-002
3.835301e+003,3.115683e-002
3.835783e+003,3.105327e-002
3.836265e+003,3.094270e-002
3.836747e+003,3.085204e-002
3.837229e+003,3.081007e-002
3.837711e+003,3.083597e-002
3.838194e+003,3.092508e-002
3.838676e+003,3.104792e-002
3.839158e+003,3.116405e-002
3.839640e+003,3.124303e-002
3.840122e+003,3.127573e-002
3.840604e+003,3.127693e-002
3.841086e+003,3.126880e-002
3.841568e+003,3.127441e-002
3.842051e+003,3.130570e-002
3.842533e+003,3.136126e-002
3.843015e+003,3.142774e-002
3.843497e+003,3.148774e-002
3.843979e+003,3.152635e-002
3.844461e+003,3.154056e-002
3.844943e+003,3.153530e-002
3.845426e+003,3.152146e-002
3.845907e+003,3.150593e-002
3.846390e+003,3.149092e-002
3.846872e+003,3.147188e-002
3.847354e+003,3.144075e-002
3.847836e+003,3.138818e-002
3.848318e+003,3.130936e-002
3.848800e+003,3.120400e-002
3.849282e+003,3.107848e-002
3.849765e+003,3.093905e-002
3.850247e+003,3.079517e-002
3.850729e+003,3.065478e-002
3.851211e+003,3.053216e-002
3.851693e+003,3.045072e-002
3.852175e+003,3.044868e-002
3.852657e+003,3.056612e-002
3.853139e+003,3.080179e-002
3.853622e+003,3.108516e-002
3.854104e+003,3.132936e-002
3.854586e+003,3.148254e-002
3.855068e+003,3.154206e-002
3.855550e+003,3.153194e-002
3.856032e+003,3.148277e-002
3.856514e+003,3.142251e-002
3.856996e+003,3.137410e-002
3.857479e+003,3.135002e-002
3.857961e+003,3.135276e-002
3.858443e+003,3.137231e-002
3.858925e+003,3.139434e-002
3.859407e+003,3.140100e-002
3.859889e+003,3.137938e-002
3.860371e+003,3.132596e-002
3.860854e+003,3.124828e-002
3.861336e+003,3.116733e-002
3.861818e+003,3.111165e-002
3.862300e+003,3.110993e-002
3.862782e+003,3.117835e-002
3.863264e+003,3.131318e-002
3.863746e+003,3.148444e-002
3.864228e+003,3.164141e-002
3.864710e+003,3.173226e-002
3.865193e+003,3.172448e-002
3.865675e+003,3.161945e-002
3.866157e+003,3.144391e-002
3.866639e+003,3.123728e-002
3.867121e+003,3.104186e-002
3.867603e+003,3.089914e-002
3.868085e+003,3.085195e-002
3.868567e+003,3.093413e-002
3.869050e+003,3.114627e-002
3.869532e+003,3.143400e-002
3.870014e+003,3.169597e-002
3.870496e+003,3.184368e-002
3.870978e+003,3.184960e-002
3.871460e+003,3.174193e-002
3.871942e+003,3.157619e-002
3.872424e+003,3.141331e-002
3.872906e+003,3.131092e-002
3.873389e+003,3.130829e-002
3.873871e+003,3.141353e-002
3.874353e+003,3.159259e-002
3.874835e+003,3.178321e-002
3.875317e+003,3.192443e-002
3.875799e+003,3.197984e-002
3.876281e+003,3.194193e-002
3.876764e+003,3.182482e-002
3.877246e+003,3.165819e-002
3.877728e+003,3.148133e-002
3.878210e+003,3.134280e-002
3.878692e+003,3.129027e-002
3.879174e+003,3.135780e-002
3.879656e+003,3.154270e-002
3.880138e+003,3.179251e-002
3.880621e+003,3.202159e-002
3.881103e+003,3.215231e-002
3.881585e+003,3.215172e-002
3.882067e+003,3.203444e-002
3.882549e+003,3.184530e-002
3.883031e+003,3.163844e-002
3.883513e+003,3.146891e-002
3.883995e+003,3.138327e-002
3.884478e+003,3.140920e-002
3.884960e+003,3.154096e-002
3.885442e+003,3.173115e-002
3.885924e+003,3.191103e-002
3.886406e+003,3.202300e-002
3.886888e+003,3.204824e-002
3.887370e+003,3.199721e-002
3.887853e+003,3.189405e-002
3.888334e+003,3.176344e-002
3.888817e+003,3.162847e-002
3.889299e+003,3.151146e-002
3.889781e+003,3.143553e-002
3.890263e+003,3.142236e-002
3.890745e+003,3.148417e-002
3.891227e+003,3.161352e-002
3.891709e+003,3.178089e-002
3.892192e+003,3.194515e-002
3.892674e+003,3.207070e-002
3.893156e+003,3.213830e-002
3.893638e+003,3.214794e-002
3.894120e+003,3.211273e-002
3.894602e+003,3.205095e-002
3.895084e+003,3.198310e-002
3.895566e+003,3.192353e-002
3.896049e+003,3.187868e-002
3.896531e+003,3.185026e-002
3.897013e+003,3.183038e-002
3.897495e+003,3.181287e-002
3.897977e+003,3.179035e-002
3.898459e+003,3.176309e-002
3.898941e+003,3.173754e-002
3.899423e+003,3.172289e-002
3.899906e+003,3.172576e-002
3.900388e+003,3.174654e-002
3.900870e+003,3.177997e-002
3.901352e+003,3.182090e-002
3.901834e+003,3.186779e-002
3.902316e+003,3.192521e-002
3.902798e+003,3.199953e-002
3.903281e+003,3.209363e-002
3.903762e+003,3.219937e-002
3.904245e+003,3.230012e-002
3.904727e+003,3.237281e-002
3.905209e+003,3.240292e-002
3.905691e+003,3.238819e-002
3.906173e+003,3.233929e-002
3.906655e+003,3.227362e-002
3.907137e+003,3.220833e-002
3.907620e+003,3.215755e-002
3.908102e+003,3.213024e-002
3.908584e+003,3.212734e-002
3.909066e+003,3.214543e-002
3.909548e+003,3.217711e-002
3.910030e+003,3.221449e-002
3.910512e+003,3.224830e-002
3.910994e+003,3.227236e-002
3.911477e+003,3.228202e-002
3.911959e+003,3.227595e-002
3.912441e+003,3.225549e-002
3.912923e+003,3.222590e-002
3.913405e+003,3.219393e-002
3.913887e+003,3.216670e-002
3.914369e+003,3.215243e-002
3.914851e+003,3.215401e-002
3.915333e+003,3.217092e-002
3.915816e+003,3.219763e-002
3.916298e+003,3.222579e-002
3.916780e+003,3.224854e-002
3.917262e+003,3.226415e-002
3.917744e+003,3.227778e-002
3.918226e+003,3.229551e-002
3.918708e+003,3.232304e-002
3.919190e+003,3.235904e-002
3.919673e+003,3.239731e-002
3.920155e+003,3.242817e-002
3.920637e+003,3.244473e-002
3.921119e+003,3.244449e-002
3.921601e+003,3.243206e-002
3.922083e+003,3.241670e-002
3.922565e+003,3.240930e-002
3.923048e+003,3.241712e-002
3.923530e+003,3.244178e-002
3.924012e+003,3.247810e-002
3.924494e+003,3.251575e-002
3.924976e+003,3.254374e-002
3.925458e+003,3.255662e-002
3.925940e+003,3.255372e-002
3.926422e+003,3.253850e-002
3.926905e+003,3.251384e-002
3.927387e+003,3.248176e-002
3.927869e+003,3.244131e-002
3.928351e+003,3.239422e-002
3.928833e+003,3.234274e-002
3.929315e+003,3.229523e-002
3.929797e+003,3.226296e-002
3.930279e+003,3.225816e-002
3.930761e+003,3.228800e-002
3.931244e+003,3.235289e-002
3.931726e+003,3.244183e-002
3.932208e+003,3.253824e-002
3.932690e+003,3.262297e-002
3.933172e+003,3.268104e-002
3.933654e+003,3.270737e-002
3.934136e+003,3.270393e-002
3.934618e+003,3.267711e-002
3.935101e+003,3.263686e-002
3.935583e+003,3.259234e-002
3.936065e+003,3.255300e-002
3.936547e+003,3.252402e-002
3.937029e+003,3.250992e-002
3.937511e+003,3.250991e-002
3.937993e+003,3.251987e-002
3.938476e+003,3.253198e-002
3.938958e+003,3.253862e-002
3.939440e+003,3.253435e-002
3.939922e+003,3.251891e-002
3.940404e+003,3.249773e-002
3.940886e+003,3.248082e-002
3.941368e+003,3.247787e-002
3.941850e+003,3.249489e-002
3.942333e+003,3.252775e-002
3.942815e+003,3.256475e-002
3.943297e+003,3.258871e-002
3.943779e+003,3.258803e-002
3.944261e+003,3.256084e-002
3.944743e+003,3.251341e-002
3.945225e+003,3.246170e-002
3.945707e+003,3.242103e-002
3.946189e+003,3.240513e-002
3.946672e+003,3.242068e-002
3.947154e+003,3.246343e-002
3.947636e+003,3.252245e-002
3.948118e+003,3.258162e-002
3.948600e+003,3.262641e-002
3.949082e+003,3.264786e-002
3.949564e+003,3.264464e-002
3.950046e+003,3.262155e-002
3.950529e+003,3.258697e-002
3.951011e+003,3.254852e-002
3.951493e+003,3.251433e-002
3.951975e+003,3.248921e-002
3.952457e+003,3.247809e-002
3.952939e+003,3.248218e-002
3.953421e+003,3.250017e-002
3.953904e+003,3.252843e-002
3.954385e+003,3.255910e-002
3.954868e+003,3.258590e-002
3.955350e+003,3.260243e-002
3.955832e+003,3.260667e-002
3.956314e+003,3.260036e-002
3.956796e+003,3.258803e-002
3.957278e+003,3.257557e-002
3.957760e+003,3.256644e-002
3.958243e+003,3.256319e-002
3.958725e+003,3.256582e-002
3.959207e+003,3.257406e-002
3.959689e+003,3.258699e-002
3.960171e+003,3.260660e-002
3.960653e+003,3.263278e-002
3.961135e+003,3.266551e-002
3.961617e+003,3.270185e-002
3.962100e+003,3.273607e-002
3.962582e+003,3.276214e-002
3.963064e+003,3.277683e-002
3.963546e+003,3.278095e-002
3.964028e+003,3.277905e-002
3.964510e+003,3.277741e-002
3.964992e+003,3.278300e-002
3.965474e+003,3.279677e-002
3.965957e+003,3.281602e-002
3.966439e+003,3.283488e-002
3.966921e+003,3.284785e-002
3.967403e+003,3.285117e-002
3.967885e+003,3.284619e-002
3.968367e+003,3.283919e-002
3.968849e+003,3.283688e-002
3.969332e+003,3.284569e-002
3.969813e+003,3.286671e-002
3.970296e+003,3.289644e-002
3.970778e+003,3.292874e-002
3.971260e+003,3.295714e-002
3.971742e+003,3.297899e-002
3.972224e+003,3.299318e-002
3.972706e+003,3.300161e-002
3.973188e+003,3.300777e-002
3.973671e+003,3.301419e-002
3.974153e+003,3.302101e-002
3.974635e+003,3.302797e-002
3.975117e+003,3.303426e-002
3.975599e+003,3.303921e-002
3.976081e+003,3.304321e-002
3.976563e+003,3.304574e-002
3.977045e+003,3.304666e-002
3.977528e+003,3.304529e-002
3.978010e+003,3.304003e-002
3.978492e+003,3.303073e-002
3.978974e+003,3.301928e-002
3.979456e+003,3.300930e-002
3.979938e+003,3.300416e-002
3.980420e+003,3.300615e-002
3.980902e+003,3.301579e-002
3.981385e+003,3.303014e-002
3.981867e+003,3.304530e-002
3.982349e+003,3.305818e-002
3.982831e+003,3.306810e-002
3.983313e+003,3.307694e-002
3.983795e+003,3.308741e-002
3.984277e+003,3.310177e-002
3.984760e+003,3.311870e-002
3.985242e+003,3.313522e-002
3.985724e+003,3.314462e-002
3.986206e+003,3.314338e-002
3.986688e+003,3.313002e-002
3.987170e+003,3.310790e-002
3.987652e+003,3.308214e-002
3.988134e+003,3.305960e-002
3.988616e+003,3.304271e-002
3.989099e+003,3.303163e-002
3.989581e+003,3.302187e-002
3.990063e+003,3.301077e-002
3.990545e+003,3.299455e-002
3.991027e+003,3.297468e-002
3.991509e+003,3.295507e-002
3.991991e+003,3.293991e-002
3.992473e+003,3.293202e-002
3.992956e+003,3.293169e-002
3.993438e+003,3.293418e-002
3.993920e+003,3.293613e-002
3.994402e+003,3.293444e-002
3.994884e+003,3.292871e-002
3.995366e+003,3.292175e-002
3.995848e+003,3.291884e-002
3.996330e+003,3.292093e-002
3.996813e+003,3.292935e-002
3.997295e+003,3.294088e-002
3.997777e+003,3.295174e-002
3.998259e+003,3.295854e-002
3.998741e+003,3.296144e-002
3.999223e+003,3.296231e-002
3.999705e+003,3.296560e-002
4.000188e+003,3.297485e-002
