3.996813e+002,0.000000e+000
4.001635e+002,3.750910e-002
4.006456e+002,3.798882e-002
4.011277e+002,3.847666e-002
4.016098e+002,3.886574e-002
4.020919e+002,3.907067e-002
4.025741e+002,3.907572e-002
4.030562e+002,3.893998e-002
4.035383e+002,3.876175e-002
4.040204e+002,3.862291e-002
4.045026e+002,3.855270e-002
4.049847e+002,3.851997e-002
4.054668e+002,3.845765e-002
4.059489e+002,3.830916e-002
4.064311e+002,3.807350e-002
4.069132e+002,3.781505e-002
4.073953e+002,3.763280e-002
4.078774e+002,3.760851e-002
4.083596e+002,3.777096e-002
4.088417e+002,3.808676e-002
4.093238e+002,3.847750e-002
4.098059e+002,3.885821e-002
4.102881e+002,3.918080e-002
4.107702e+002,3.945526e-002
4.112523e+002,3.973387e-002
4.117344e+002,4.006827e-002
4.122166e+002,4.047123e-002
4.126987e+002,4.090178e-002
4.131808e+002,4.127979e-002
4.136629e+002,4.152760e-002
4.141451e+002,4.161671e-002
4.146272e+002,4.158195e-002
4.151093e+002,4.149995e-002
4.155914e+002,4.144387e-002
4.160736e+002,4.145030e-002
4.165557e+002,4.150485e-002
4.170378e+002,4.154651e-002
4.175200e+002,4.149468e-002
4.180021e+002,4.130721e-002
4.184842e+002,4.104524e-002
4.189663e+002,4.086695e-002
4.194484e+002,4.089799e-002
4.199306e+002,4.112328e-002
4.204127e+002,4.141721e-002
4.208948e+002,4.164818e-002
4.213770e+002,4.175082e-002
4.218591e+002,4.174510e-002
4.223412e+002,4.171539e-002
4.228233e+002,4.177042e-002
4.233055e+002,4.199102e-002
4.237876e+002,4.238751e-002
4.242697e+002,4.288341e-002
4.247518e+002,4.334169e-002
4.252339e+002,4.363126e-002
4.257161e+002,4.369527e-002
4.261982e+002,4.357612e-002
4.266803e+002,4.338052e-002
4.271624e+002,4.321555e-002
4.276446e+002,4.313882e-002
4.281267e+002,4.314252e-002
4.286088e+002,4.317039e-002
4.290909e+002,4.315845e-002
4.295731e+002,4.307815e-002
4.300552e+002,4.295887e-002
4.305373e+002,4.287479e-002
4.310194e+002,4.290278e-002
4.315016e+002,4.308020e-002
4.319837e+002,4.338381e-002
4.324658e+002,4.374082e-002
4.329479e+002,4.406885e-002
4.334301e+002,4.431807e-002
4.339122e+002,4.449487e-002
4.343943e+002,4.465261e-002
4.348764e+002,4.485390e-002
4.353586e+002,4.512981e-002
4.358407e+002,4.545682e-002
4.363228e+002,4.576619e-002
4.368049e+002,4.598293e-002
4.372870e+002,4.607454e-002
4.377692e+002,4.606796e-002
4.382513e+002,4.603055e-002
4.387334e+002,4.602687e-002
4.392155e+002,4.608530e-002
4.396977e+002,4.618725e-002
4.401798e+002,4.627977e-002
4.406619e+002,4.630688e-002
4.411440e+002,4.624628e-002
4.416262e+002,4.612930e-002
4.421083e+002,4.602816e-002
4.425904e+002,4.601206e-002
4.430725e+002,4.610506e-002
4.435547e+002,4.627014e-002
4.440368e+002,4.643208e-002
4.445189e+002,4.652211e-002
4.450010e+002,4.651980e-002
4.454832e+002,4.646331e-002
4.459653e+002,4.642639e-002
4.464474e+002,4.647444e-002
4.469295e+002,4.662777e-002
4.474117e+002,4.684695e-002
4.478938e+002,4.705255e-002
4.483759e+002,4.716792e-002
4.488580e+002,4.716318e-002
4.493401e+002,4.707119e-002
4.498223e+002,4.696734e-002
4.503044e+002,4.692880e-002
4.507865e+002,4.699725e-002
4.512687e+002,4.715648e-002
4.517508e+002,4.733768e-002
4.522329e+002,4.745226e-002
4.527150e+002,4.744274e-002
4.531971e+002,4.731824e-002
4.536793e+002,4.714757e-002
4.541614e+002,4.701726e-002
4.546435e+002,4.698949e-002
4.551257e+002,4.708038e-002
4.556078e+002,4.726174e-002
4.560899e+002,4.747809e-002
4.565720e+002,4.767230e-002
4.570542e+002,4.781384e-002
4.575363e+002,4.791046e-002
4.580184e+002,4.799021e-002
4.585005e+002,4.806785e-002
4.589827e+002,4.812368e-002
4.594648e+002,4.811559e-002
4.599469e+002,4.800835e-002
4.604290e+002,4.780057e-002
4.609112e+002,4.752902e-002
4.613933e+002,4.725637e-002
4.618754e+002,4.704416e-002
4.623575e+002,4.692772e-002
4.628397e+002,4.690247e-002
4.633218e+002,4.693107e-002
4.638039e+002,4.696827e-002
4.642860e+002,4.698812e-002
4.647682e+002,4.699663e-002
4.652503e+002,4.702410e-002
4.657324e+002,4.709961e-002
4.662145e+002,4.722666e-002
4.666967e+002,4.737046e-002
4.671788e+002,4.746731e-002
4.676609e+002,4.745577e-002
4.681430e+002,4.731334e-002
4.686252e+002,4.707383e-002
4.691073e+002,4.681161e-002
4.695894e+002,4.660739e-002
4.700715e+002,4.651561e-002
4.705536e+002,4.654976e-002
4.710358e+002,4.668350e-002
4.715179e+002,4.686912e-002
4.720000e+002,4.706403e-002
4.724821e+002,4.725483e-002
4.729643e+002,4.745971e-002
4.734464e+002,4.770442e-002
4.739285e+002,4.799474e-002
4.744106e+002,4.830581e-002
4.748928e+002,4.859292e-002
4.753749e+002,4.881679e-002
4.758570e+002,4.896468e-002
4.763391e+002,4.905897e-002
4.768213e+002,4.914621e-002
4.773034e+002,4.927125e-002
4.777855e+002,4.945106e-002
4.782676e+002,4.966191e-002
4.787498e+002,4.984934e-002
4.792319e+002,4.995622e-002
4.797140e+002,4.995494e-002
4.801961e+002,4.986211e-002
4.806783e+002,4.973119e-002
4.811604e+002,4.962456e-002
4.816425e+002,4.958508e-002
4.821246e+002,4.961796e-002
4.826068e+002,4.969179e-002
4.830889e+002,4.975986e-002
4.835710e+002,4.978786e-002
4.840531e+002,4.977435e-002
4.845352e+002,4.974974e-002
4.850174e+002,4.975264e-002
4.854995e+002,4.980352e-002
4.859816e+002,4.989076e-002
4.864637e+002,4.997727e-002
4.869459e+002,5.002419e-002
4.874280e+002,5.001445e-002
4.879101e+002,4.996483e-002
4.883922e+002,4.991807e-002
4.888744e+002,4.992105e-002
4.893565e+002,5.000157e-002
4.898386e+002,5.015408e-002
4.903207e+002,5.034221e-002
4.908029e+002,5.051705e-002
4.912850e+002,5.064191e-002
4.917671e+002,5.071076e-002
4.922492e+002,5.074754e-002
4.927314e+002,5.078783e-002
4.932135e+002,5.085586e-002
4.936956e+002,5.095171e-002
4.941777e+002,5.105411e-002
4.946599e+002,5.113918e-002
4.951420e+002,5.119861e-002
4.956241e+002,5.124808e-002
4.961062e+002,5.132151e-002
4.965884e+002,5.145227e-002
4.970705e+002,5.165489e-002
4.975526e+002,5.191554e-002
4.980347e+002,5.219820e-002
4.985169e+002,5.246289e-002
4.989990e+002,5.268580e-002
4.994811e+002,5.286850e-002
4.999633e+002,5.303269e-002
5.004454e+002,5.320284e-002
5.009275e+002,5.338720e-002
5.014096e+002,5.356788e-002
5.018917e+002,5.370813e-002
5.023739e+002,5.377515e-002
5.028560e+002,5.376425e-002
5.033381e+002,5.370583e-002
5.038203e+002,5.364984e-002
5.043024e+002,5.363865e-002
5.047845e+002,5.368843e-002
5.052666e+002,5.378363e-002
5.057487e+002,5.388689e-002
5.062309e+002,5.395944e-002
5.067130e+002,5.398143e-002
5.071951e+002,5.396270e-002
5.076772e+002,5.393427e-002
5.081594e+002,5.392671e-002
5.086415e+002,5.395048e-002
5.091236e+002,5.399068e-002
5.096057e+002,5.401860e-002
5.100879e+002,5.401166e-002
5.105700e+002,5.397187e-002
5.110521e+002,5.392935e-002
5.115342e+002,5.393013e-002
5.120164e+002,5.401156e-002
5.124985e+002,5.418344e-002
5.129806e+002,5.442115e-002
5.134627e+002,5.467867e-002
5.139448e+002,5.491148e-002
5.144270e+002,5.509873e-002
5.149091e+002,5.525397e-002
5.153912e+002,5.541650e-002
5.158734e+002,5.562871e-002
5.163555e+002,5.591073e-002
5.168376e+002,5.624504e-002
5.173197e+002,5.658188e-002
5.178019e+002,5.686560e-002
5.182840e+002,5.706545e-002
5.187661e+002,5.719295e-002
5.192482e+002,5.729220e-002
5.197303e+002,5.741211e-002
5.202125e+002,5.757900e-002
5.206946e+002,5.778457e-002
5.211767e+002,5.799492e-002
5.216588e+002,5.817166e-002
5.221410e+002,5.829546e-002
5.226231e+002,5.837516e-002
5.231052e+002,5.844224e-002
5.235873e+002,5.853176e-002
5.240695e+002,5.866337e-002
5.245516e+002,5.882998e-002
5.250337e+002,5.900091e-002
5.255159e+002,5.914032e-002
5.259980e+002,5.923045e-002
5.264801e+002,5.928438e-002
5.269622e+002,5.933732e-002
5.274443e+002,5.942176e-002
5.279265e+002,5.954571e-002
5.284086e+002,5.968560e-002
5.288907e+002,5.979744e-002
5.293728e+002,5.983809e-002
5.298550e+002,5.978619e-002
5.303371e+002,5.965159e-002
5.308192e+002,5.946873e-002
5.313013e+002,5.927660e-002
5.317834e+002,5.909814e-002
5.322656e+002,5.893015e-002
5.327477e+002,5.874974e-002
5.332299e+002,5.853377e-002
5.337120e+002,5.827740e-002
5.341941e+002,5.800295e-002
5.346762e+002,5.775129e-002
5.351583e+002,5.756074e-002
5.356404e+002,5.744677e-002
5.361226e+002,5.739222e-002
5.366047e+002,5.735468e-002
5.370868e+002,5.728754e-002
5.375690e+002,5.716343e-002
5.380511e+002,5.698650e-002
5.385332e+002,5.678899e-002
5.390153e+002,5.661203e-002
5.394974e+002,5.648539e-002
5.399796e+002,5.641513e-002
5.404617e+002,5.638428e-002
5.409438e+002,5.636639e-002
5.414260e+002,5.634144e-002
5.419081e+002,5.630638e-002
5.423902e+002,5.627306e-002
5.428723e+002,5.625688e-002
5.433544e+002,5.626374e-002
5.438365e+002,5.628409e-002
5.443187e+002,5.629772e-002
5.448008e+002,5.628729e-002
5.452830e+002,5.625279e-002
5.457651e+002,5.621626e-002
5.462472e+002,5.621352e-002
5.467293e+002,5.627538e-002
5.472114e+002,5.640946e-002
5.476936e+002,5.659444e-002
5.481757e+002,5.678823e-002
5.486578e+002,5.694821e-002
5.491400e+002,5.705155e-002
5.496221e+002,5.710578e-002
5.501042e+002,5.714340e-002
5.505863e+002,5.720261e-002
5.510684e+002,5.730745e-002
5.515505e+002,5.745539e-002
5.520327e+002,5.762089e-002
5.525148e+002,5.777100e-002
5.529969e+002,5.788378e-002
5.534791e+002,5.795992e-002
5.539612e+002,5.802064e-002
5.544433e+002,5.809373e-002
5.549254e+002,5.819691e-002
5.554076e+002,5.832731e-002
5.558896e+002,5.846424e-002
5.563718e+002,5.858331e-002
5.568539e+002,5.867304e-002
5.573361e+002,5.874411e-002
5.578182e+002,5.882566e-002
5.583003e+002,5.895038e-002
5.587825e+002,5.913711e-002
5.592645e+002,5.938112e-002
5.597467e+002,5.965703e-002
5.602288e+002,5.993252e-002
5.607109e+002,6.018571e-002
5.611931e+002,6.041617e-002
5.616752e+002,6.064247e-002
5.621573e+002,6.088895e-002
5.626394e+002,6.116917e-002
5.631216e+002,6.147619e-002
5.636037e+002,6.178517e-002
5.640858e+002,6.206775e-002
5.645679e+002,6.230908e-002
5.650500e+002,6.251875e-002
5.655322e+002,6.272721e-002
5.660143e+002,6.297113e-002
5.664965e+002,6.327569e-002
5.669785e+002,6.364179e-002
5.674607e+002,6.404688e-002
5.679428e+002,6.445821e-002
5.684249e+002,6.485119e-002
5.689070e+002,6.522216e-002
5.693892e+002,6.558770e-002
5.698713e+002,6.596978e-002
5.703534e+002,6.637818e-002
5.708356e+002,6.679887e-002
5.713177e+002,6.719721e-002
5.717998e+002,6.753262e-002
5.722819e+002,6.777821e-002
5.727640e+002,6.793214e-002
5.732462e+002,6.801645e-002
5.737283e+002,6.806234e-002
5.742104e+002,6.809394e-002
5.746925e+002,6.811564e-002
5.751747e+002,6.811358e-002
5.756568e+002,6.806640e-002
5.761389e+002,6.796218e-002
5.766210e+002,6.780773e-002
5.771031e+002,6.762506e-002
5.775853e+002,6.743746e-002
5.780674e+002,6.725459e-002
5.785496e+002,6.706723e-002
5.790317e+002,6.685302e-002
5.795138e+002,6.659164e-002
5.799959e+002,6.627943e-002
5.804780e+002,6.593562e-002
5.809601e+002,6.559512e-002
5.814423e+002,6.529061e-002
5.819244e+002,6.503536e-002
5.824066e+002,6.481650e-002
5.828887e+002,6.460219e-002
5.833708e+002,6.435933e-002
5.838529e+002,6.407117e-002
5.843350e+002,6.374614e-002
5.848171e+002,6.341354e-002
5.852993e+002,6.310746e-002
5.857814e+002,6.284947e-002
5.862635e+002,6.263895e-002
5.867457e+002,6.245415e-002
5.872278e+002,6.226695e-002
5.877099e+002,6.205723e-002
5.881920e+002,6.182246e-002
5.886741e+002,6.157754e-002
5.891563e+002,6.134422e-002
5.896384e+002,6.113972e-002
5.901205e+002,6.096835e-002
5.906027e+002,6.082300e-002
5.910848e+002,6.069280e-002
5.915669e+002,6.057301e-002
5.920490e+002,6.047013e-002
5.925311e+002,6.039878e-002
5.930133e+002,6.037100e-002
5.934954e+002,6.038734e-002
5.939775e+002,6.043326e-002
5.944597e+002,6.048543e-002
5.949418e+002,6.052321e-002
5.954239e+002,6.053812e-002
5.959060e+002,6.053727e-002
5.963882e+002,6.053816e-002
5.968702e+002,6.055646e-002
5.973524e+002,6.059637e-002
5.978345e+002,6.064681e-002
5.983167e+002,6.068746e-002
5.987988e+002,6.070153e-002
5.992809e+002,6.068660e-002
5.997630e+002,6.065864e-002
6.002451e+002,6.064409e-002
6.007273e+002,6.066538e-002
6.012094e+002,6.072706e-002
6.016915e+002,6.081218e-002
6.021736e+002,6.089015e-002
6.026558e+002,6.093249e-002
6.031379e+002,6.092831e-002
6.036200e+002,6.088978e-002
6.041022e+002,6.084635e-002
6.045842e+002,6.082965e-002
6.050664e+002,6.085671e-002
6.055485e+002,6.092126e-002
6.060306e+002,6.099769e-002
6.065128e+002,6.105395e-002
6.069949e+002,6.106808e-002
6.074770e+002,6.103763e-002
6.079591e+002,6.097806e-002
6.084413e+002,6.091151e-002
6.089234e+002,6.085266e-002
6.094055e+002,6.080039e-002
6.098876e+002,6.073979e-002
6.103698e+002,6.065238e-002
6.108519e+002,6.052956e-002
6.113340e+002,6.038047e-002
6.118162e+002,6.022955e-002
6.122983e+002,6.010495e-002
6.127804e+002,6.002490e-002
6.132625e+002,5.998858e-002
6.137446e+002,5.997644e-002
6.142267e+002,5.995993e-002
6.147089e+002,5.991488e-002
6.151910e+002,5.983103e-002
6.156731e+002,5.971421e-002
6.161553e+002,5.958014e-002
6.166374e+002,5.944375e-002
6.171195e+002,5.931186e-002
6.176016e+002,5.918140e-002
6.180837e+002,5.904539e-002
6.185659e+002,5.889965e-002
6.190480e+002,5.874766e-002
6.195302e+002,5.859865e-002
6.200123e+002,5.846072e-002
6.204944e+002,5.833392e-002
6.209765e+002,5.820721e-002
6.214586e+002,5.806268e-002
6.219407e+002,5.788504e-002
6.224229e+002,5.767114e-002
6.229050e+002,5.743394e-002
6.233871e+002,5.719879e-002
6.238693e+002,5.699358e-002
6.243514e+002,5.683700e-002
6.248335e+002,5.673117e-002
6.253156e+002,5.666246e-002
6.257977e+002,5.660953e-002
6.262798e+002,5.655465e-002
6.267620e+002,5.649098e-002
6.272441e+002,5.642333e-002
6.277263e+002,5.636099e-002
6.282084e+002,5.631011e-002
6.286905e+002,5.626785e-002
6.291726e+002,5.622339e-002
6.296547e+002,5.616427e-002
6.301368e+002,5.608471e-002
6.306190e+002,5.598974e-002
6.311011e+002,5.589380e-002
6.315833e+002,5.581364e-002
6.320654e+002,5.575962e-002
6.325475e+002,5.573094e-002
6.330296e+002,5.571672e-002
6.335117e+002,5.570315e-002
6.339939e+002,5.568184e-002
6.344760e+002,5.565425e-002
6.349581e+002,5.563085e-002
6.354402e+002,5.562302e-002
6.359224e+002,5.563538e-002
6.364045e+002,5.566059e-002
6.368866e+002,5.568240e-002
6.373687e+002,5.568396e-002
6.378508e+002,5.565690e-002
6.383330e+002,5.560647e-002
6.388151e+002,5.554922e-002
6.392972e+002,5.550484e-002
6.397794e+002,5.548635e-002
6.402615e+002,5.549400e-002
6.407436e+002,5.551606e-002
6.412257e+002,5.553692e-002
6.417079e+002,5.554601e-002
6.421899e+002,5.554468e-002
6.426721e+002,5.554499e-002
6.431542e+002,5.556269e-002
6.436364e+002,5.560775e-002
6.441185e+002,5.567702e-002
6.446006e+002,5.575524e-002
6.450827e+002,5.582109e-002
6.455648e+002,5.585783e-002
6.460470e+002,5.586063e-002
6.465291e+002,5.583796e-002
6.470112e+002,5.580615e-002
6.474933e+002,5.578101e-002
6.479755e+002,5.577098e-002
6.484576e+002,5.577471e-002
6.489397e+002,5.578524e-002
6.494219e+002,5.579555e-002
6.499040e+002,5.580379e-002
6.503861e+002,5.581398e-002
6.508682e+002,5.583161e-002
6.513503e+002,5.585841e-002
6.518325e+002,5.588926e-002
6.523146e+002,5.591393e-002
6.527968e+002,5.592320e-002
6.532788e+002,5.591425e-002
6.537610e+002,5.589419e-002
6.542431e+002,5.587707e-002
6.547252e+002,5.587661e-002
6.552073e+002,5.589925e-002
6.556895e+002,5.594018e-002
6.561716e+002,5.598573e-002
6.566537e+002,5.602079e-002
6.571359e+002,5.603627e-002
6.576179e+002,5.603359e-002
6.581001e+002,5.602275e-002
6.585822e+002,5.601503e-002
6.590643e+002,5.601617e-002
6.595464e+002,5.602206e-002
6.600286e+002,5.602150e-002
6.605107e+002,5.600306e-002
6.609928e+002,5.596313e-002
6.614750e+002,5.590938e-002
6.619571e+002,5.585786e-002
6.624392e+002,5.582525e-002
6.629213e+002,5.582036e-002
6.634034e+002,5.583994e-002
6.638856e+002,5.587044e-002
6.643677e+002,5.589570e-002
6.648499e+002,5.590458e-002
6.653320e+002,5.589494e-002
6.658141e+002,5.587325e-002
6.662962e+002,5.585109e-002
6.667783e+002,5.583848e-002
6.672605e+002,5.583682e-002
6.677426e+002,5.583403e-002
6.682247e+002,5.581150e-002
6.687068e+002,5.576188e-002
6.691890e+002,5.569842e-002
6.696711e+002,5.564455e-002
6.701532e+002,5.561636e-002
6.706353e+002,5.561687e-002
6.711174e+002,5.563823e-002
6.715996e+002,5.566708e-002
6.720817e+002,5.568980e-002
6.725638e+002,5.569825e-002
6.730460e+002,5.569332e-002
6.735281e+002,5.568451e-002
6.740102e+002,5.568489e-002
6.744923e+002,5.570441e-002
6.749745e+002,5.574472e-002
6.754565e+002,5.579932e-002
6.759387e+002,5.585762e-002
6.764208e+002,5.591062e-002
6.769030e+002,5.595544e-002
6.773851e+002,5.599489e-002
6.778672e+002,5.603377e-002
6.783493e+002,5.607374e-002
6.788314e+002,5.611150e-002
6.793136e+002,5.614042e-002
6.797957e+002,5.615639e-002
6.802778e+002,5.616226e-002
6.807599e+002,5.616912e-002
6.812421e+002,5.619235e-002
6.817242e+002,5.624340e-002
6.822063e+002,5.632373e-002
6.826885e+002,5.642208e-002
6.831705e+002,5.651922e-002
6.836527e+002,5.659669e-002
6.841348e+002,5.664498e-002
6.846169e+002,5.666837e-002
6.850991e+002,5.668186e-002
6.855812e+002,5.670300e-002
6.860634e+002,5.674245e-002
6.865454e+002,5.679981e-002
6.870276e+002,5.686496e-002
6.875096e+002,5.692515e-002
6.879918e+002,5.697344e-002
6.884739e+002,5.701346e-002
6.889561e+002,5.705715e-002
6.894382e+002,5.711760e-002
6.899203e+002,5.720092e-002
6.904025e+002,5.730202e-002
6.908845e+002,5.740665e-002
6.913667e+002,5.749922e-002
6.918488e+002,5.757173e-002
6.923309e+002,5.762854e-002
6.928130e+002,5.768420e-002
6.932952e+002,5.775671e-002
6.937773e+002,5.785763e-002
6.942594e+002,5.798674e-002
6.947416e+002,5.813327e-002
6.952236e+002,5.828146e-002
6.957058e+002,5.842036e-002
6.961879e+002,5.854933e-002
6.966700e+002,5.867793e-002
6.971522e+002,5.881992e-002
6.976343e+002,5.898524e-002
6.981165e+002,5.917325e-002
6.985985e+002,5.937291e-002
6.990807e+002,5.956839e-002
6.995628e+002,5.974669e-002
7.000449e+002,5.990397e-002
7.005270e+002,6.004590e-002
7.010092e+002,6.018336e-002
7.014913e+002,6.032465e-002
7.019734e+002,6.047093e-002
7.024556e+002,6.061570e-002
7.029377e+002,6.074955e-002
7.034198e+002,6.086663e-002
7.039019e+002,6.096906e-002
7.043840e+002,6.106581e-002
7.048662e+002,6.116746e-002
7.053483e+002,6.127865e-002
7.058304e+002,6.139378e-002
7.063125e+002,6.149867e-002
7.067947e+002,6.157737e-002
7.072768e+002,6.162012e-002
7.077589e+002,6.162864e-002
7.082410e+002,6.161513e-002
7.087231e+002,6.159580e-002
7.092053e+002,6.158168e-002
7.096874e+002,6.157375e-002
7.101696e+002,6.156293e-002
7.106517e+002,6.153679e-002
7.111338e+002,6.148732e-002
7.116159e+002,6.141699e-002
7.120980e+002,6.133901e-002
7.125802e+002,6.127131e-002
7.130623e+002,6.122826e-002
7.135444e+002,6.121431e-002
7.140265e+002,6.122326e-002
7.145087e+002,6.124247e-002
7.149908e+002,6.126047e-002
7.154729e+002,6.127261e-002
7.159550e+002,6.128224e-002
7.164371e+002,6.129761e-002
7.169193e+002,6.132549e-002
7.174014e+002,6.136669e-002
7.178835e+002,6.141502e-002
7.183657e+002,6.146087e-002
7.188478e+002,6.149567e-002
7.193299e+002,6.151575e-002
7.198120e+002,6.152174e-002
7.202942e+002,6.151452e-002
7.207762e+002,6.149060e-002
7.212584e+002,6.143933e-002
7.217405e+002,6.134502e-002
7.222227e+002,6.119331e-002
7.227048e+002,6.097791e-002
7.231869e+002,6.070362e-002
7.236691e+002,6.038414e-002
7.241511e+002,6.003617e-002
7.246333e+002,5.967233e-002
7.251154e+002,5.929672e-002
7.255975e+002,5.890629e-002
7.260797e+002,5.849570e-002
7.265618e+002,5.806431e-002
7.270439e+002,5.761926e-002
7.275260e+002,5.717509e-002
7.280082e+002,5.674826e-002
7.284902e+002,5.635060e-002
7.289724e+002,5.598528e-002
7.294545e+002,5.564662e-002
7.299366e+002,5.532448e-002
7.304188e+002,5.500975e-002
7.309009e+002,5.469808e-002
7.313831e+002,5.439096e-002
7.318651e+002,5.409222e-002
7.323473e+002,5.380416e-002
7.328293e+002,5.352504e-002
7.333115e+002,5.324950e-002
7.337936e+002,5.297184e-002
7.342758e+002,5.269013e-002
7.347579e+002,5.240775e-002
7.352400e+002,5.213194e-002
7.357222e+002,5.186998e-002
7.362042e+002,5.162484e-002
7.366864e+002,5.139359e-002
7.371685e+002,5.116844e-002
7.376506e+002,5.094177e-002
7.381328e+002,5.070999e-002
7.386149e+002,5.047628e-002
7.390970e+002,5.024888e-002
7.395791e+002,5.003704e-002
7.400613e+002,4.984645e-002
7.405434e+002,4.967669e-002
7.410255e+002,4.952171e-002
7.415076e+002,4.937517e-002
7.419897e+002,4.923324e-002
7.424719e+002,4.909749e-002
7.429540e+002,4.897416e-002
7.434362e+002,4.887003e-002
7.439182e+002,4.878861e-002
7.444004e+002,4.872750e-002
7.448825e+002,4.867999e-002
7.453646e+002,4.863914e-002
7.458467e+002,4.860196e-002
7.463289e+002,4.857204e-002
7.468110e+002,4.855839e-002
7.472931e+002,4.857067e-002
7.477753e+002,4.861511e-002
7.482574e+002,4.869018e-002
7.487395e+002,4.878767e-002
7.492216e+002,4.889628e-002
7.497037e+002,4.900606e-002
7.501859e+002,4.911286e-002
7.506680e+002,4.921835e-002
7.511501e+002,4.932810e-002
7.516322e+002,4.944694e-002
7.521144e+002,4.957632e-002
7.525965e+002,4.971339e-002
7.530786e+002,4.985373e-002
7.535608e+002,4.999426e-002
7.540428e+002,5.013575e-002
7.545250e+002,5.028221e-002
7.550071e+002,5.043834e-002
7.554893e+002,5.060611e-002
7.559714e+002,5.078234e-002
7.564535e+002,5.095970e-002
7.569356e+002,5.113026e-002
7.574177e+002,5.128844e-002
7.578999e+002,5.143369e-002
7.583820e+002,5.156862e-002
7.588641e+002,5.169553e-002
7.593463e+002,5.181243e-002
7.598284e+002,5.191080e-002
7.603105e+002,5.197770e-002
7.607926e+002,5.200109e-002
7.612748e+002,5.197439e-002
7.617568e+002,5.189979e-002
7.622390e+002,5.178669e-002
7.627211e+002,5.164691e-002
7.632032e+002,5.148909e-002
7.636854e+002,5.131541e-002
7.641675e+002,5.112251e-002
7.646496e+002,5.090509e-002
7.651317e+002,5.066052e-002
7.656139e+002,5.039208e-002
7.660959e+002,5.010694e-002
7.665781e+002,4.981327e-002
7.670602e+002,4.951554e-002
7.675424e+002,4.921276e-002
7.680245e+002,4.889974e-002
7.685066e+002,4.857136e-002
7.689888e+002,4.822639e-002
7.694708e+002,4.786978e-002
7.699530e+002,4.751086e-002
7.704351e+002,4.715903e-002
7.709172e+002,4.681931e-002
7.713994e+002,4.649059e-002
7.718815e+002,4.616646e-002
7.723636e+002,4.584055e-002
7.728457e+002,4.550973e-002
7.733279e+002,4.517682e-002
7.738099e+002,4.484998e-002
7.742921e+002,4.453832e-002
7.747742e+002,4.424872e-002
7.752563e+002,4.398279e-002
7.757385e+002,4.373764e-002
7.762206e+002,4.350836e-002
7.767028e+002,4.329158e-002
7.771848e+002,4.308715e-002
7.776670e+002,4.289763e-002
7.781491e+002,4.272550e-002
7.786312e+002,4.257090e-002
7.791133e+002,4.242967e-002
7.795955e+002,4.229492e-002
7.800776e+002,4.216033e-002
7.805597e+002,4.202259e-002
7.810419e+002,4.188344e-002
7.815239e+002,4.174807e-002
7.820061e+002,4.162190e-002
7.824882e+002,4.150703e-002
7.829703e+002,4.140068e-002
7.834525e+002,4.129608e-002
7.839346e+002,4.118616e-002
7.844167e+002,4.106717e-002
7.848988e+002,4.094106e-002
7.853810e+002,4.081511e-002
7.858631e+002,4.069868e-002
7.863452e+002,4.059921e-002
7.868273e+002,4.051956e-002
7.873094e+002,4.045743e-002
7.877916e+002,4.040755e-002
7.882737e+002,4.036395e-002
7.887559e+002,4.032280e-002
7.892380e+002,4.028279e-002
7.897201e+002,4.024364e-002
7.902022e+002,4.020479e-002
7.906843e+002,4.016392e-002
7.911665e+002,4.011778e-002
7.916486e+002,4.006432e-002
7.921307e+002,4.000434e-002
7.926128e+002,3.994245e-002
7.930950e+002,3.988561e-002
7.935771e+002,3.984025e-002
7.940592e+002,3.980875e-002
7.945413e+002,3.978818e-002
7.950234e+002,3.977060e-002
7.955056e+002,3.974642e-002
7.959877e+002,3.970716e-002
7.964698e+002,3.964889e-002
7.969520e+002,3.957272e-002
7.974341e+002,3.948302e-002
7.979162e+002,3.938612e-002
7.983983e+002,3.928804e-002
7.988805e+002,3.919420e-002
7.993625e+002,3.911011e-002
7.998447e+002,3.904140e-002
8.003268e+002,3.899354e-002
8.008090e+002,3.897071e-002
8.012911e+002,3.897400e-002
8.017732e+002,3.900116e-002
8.022553e+002,3.904784e-002
8.027374e+002,3.911000e-002
8.032196e+002,3.918812e-002
8.037017e+002,3.928738e-002
8.041838e+002,3.941736e-002
8.046660e+002,3.958734e-002
8.051481e+002,3.980124e-002
8.056302e+002,4.005315e-002
8.061123e+002,4.032594e-002
8.065945e+002,4.059425e-002
8.070765e+002,4.083088e-002
8.075587e+002,4.101271e-002
8.080408e+002,4.112547e-002
8.085229e+002,4.116438e-002
8.090051e+002,4.113092e-002
8.094872e+002,4.102796e-002
8.099694e+002,4.085746e-002
8.104514e+002,4.062072e-002
8.109336e+002,4.032148e-002
8.114156e+002,3.996975e-002
8.118978e+002,3.958284e-002
8.123799e+002,3.918328e-002
8.128621e+002,3.879374e-002
8.133442e+002,3.843113e-002
8.138263e+002,3.810397e-002
8.143085e+002,3.781171e-002
8.147905e+002,3.754939e-002
8.152727e+002,3.731158e-002
8.157548e+002,3.709622e-002
8.162369e+002,3.690481e-002
8.167191e+002,3.674098e-002
8.172012e+002,3.660624e-002
8.176833e+002,3.649777e-002
8.181654e+002,3.640803e-002
8.186476e+002,3.632704e-002
8.191296e+002,3.624618e-002
8.196118e+002,3.616184e-002
8.200939e+002,3.607548e-002
8.205760e+002,3.599261e-002
8.210582e+002,3.591872e-002
8.215403e+002,3.585598e-002
8.220225e+002,3.580195e-002
8.225045e+002,3.575130e-002
8.229867e+002,3.569807e-002
8.234688e+002,3.563966e-002
8.239509e+002,3.557831e-002
8.244330e+002,3.552070e-002
8.249152e+002,3.547503e-002
8.253973e+002,3.544850e-002
8.258794e+002,3.544466e-002
8.263616e+002,3.546290e-002
8.268437e+002,3.549991e-002
8.273258e+002,3.555074e-002
8.278079e+002,3.561164e-002
8.282900e+002,3.567985e-002
8.287722e+002,3.575402e-002
8.292543e+002,3.583369e-002
8.297365e+002,3.591915e-002
8.302185e+002,3.601167e-002
8.307007e+002,3.611425e-002
8.311828e+002,3.623276e-002
8.316649e+002,3.637438e-002
8.321470e+002,3.654641e-002
8.326292e+002,3.675419e-002
8.331113e+002,3.699975e-002
8.335934e+002,3.728270e-002
8.340756e+002,3.760368e-002
8.345577e+002,3.796795e-002
8.350398e+002,3.839063e-002
8.355219e+002,3.889799e-002
8.360040e+002,3.952479e-002
8.364862e+002,4.030809e-002
8.369683e+002,4.127475e-002
8.374504e+002,4.242988e-002
8.379325e+002,4.374526e-002
8.384147e+002,4.515429e-002
8.388968e+002,4.655511e-002
8.393789e+002,4.782287e-002
8.398610e+002,4.882919e-002
8.403431e+002,4.946366e-002
8.408253e+002,4.965502e-002
8.413074e+002,4.938681e-002
8.417896e+002,4.870380e-002
8.422717e+002,4.770457e-002
8.427538e+002,4.652131e-002
8.432359e+002,4.529072e-002
8.437180e+002,4.412751e-002
8.442002e+002,4.310636e-002
8.446823e+002,4.225873e-002
8.451644e+002,4.158055e-002
8.456465e+002,4.104792e-002
8.461287e+002,4.063233e-002
8.466108e+002,4.031100e-002
8.470929e+002,4.007077e-002
8.475751e+002,3.990488e-002
8.480571e+002,3.980654e-002
8.485393e+002,3.976415e-002
8.490214e+002,3.975945e-002
8.495035e+002,3.977099e-002
8.499857e+002,3.977938e-002
8.504678e+002,3.977182e-002
8.509499e+002,3.974491e-002
8.514320e+002,3.970226e-002
8.519142e+002,3.965107e-002
8.523962e+002,3.959832e-002
8.528784e+002,3.954870e-002
8.533605e+002,3.950464e-002
8.538427e+002,3.946822e-002
8.543248e+002,3.944182e-002
8.548069e+002,3.942820e-002
8.552891e+002,3.942860e-002
8.557711e+002,3.944102e-002
8.562533e+002,3.945906e-002
8.567354e+002,3.947398e-002
8.572175e+002,3.947778e-002
8.576996e+002,3.946656e-002
8.581818e+002,3.944239e-002
8.586639e+002,3.941218e-002
8.591460e+002,3.938467e-002
8.596282e+002,3.936686e-002
8.601102e+002,3.936089e-002
8.605924e+002,3.936444e-002
8.610745e+002,3.937321e-002
8.615566e+002,3.938267e-002
8.620388e+002,3.939100e-002
8.625209e+002,3.939738e-002
8.630031e+002,3.940068e-002
8.634851e+002,3.939657e-002
8.639673e+002,3.937683e-002
8.644494e+002,3.933082e-002
8.649315e+002,3.924993e-002
8.654136e+002,3.913052e-002
8.658958e+002,3.897655e-002
8.663779e+002,3.879761e-002
8.668600e+002,3.860457e-002
8.673422e+002,3.840535e-002
8.678242e+002,3.820181e-002
8.683064e+002,3.798966e-002
8.687885e+002,3.776247e-002
8.692706e+002,3.751547e-002
8.697527e+002,3.724877e-002
8.702349e+002,3.696780e-002
8.707170e+002,3.668089e-002
8.711991e+002,3.639541e-002
8.716813e+002,3.611510e-002
8.721634e+002,3.583951e-002
8.726455e+002,3.556515e-002
8.731276e+002,3.528870e-002
8.736097e+002,3.500947e-002
8.740919e+002,3.473022e-002
8.745740e+002,3.445554e-002
8.750562e+002,3.419015e-002
8.755382e+002,3.393677e-002
8.760204e+002,3.369457e-002
8.765025e+002,3.346054e-002
8.769846e+002,3.323082e-002
8.774668e+002,3.300260e-002
8.779489e+002,3.277516e-002
8.784310e+002,3.255086e-002
8.789131e+002,3.233397e-002
8.793953e+002,3.212955e-002
8.798774e+002,3.194337e-002
8.803595e+002,3.178034e-002
8.808416e+002,3.164411e-002
8.813237e+002,3.153619e-002
8.818059e+002,3.145561e-002
8.822880e+002,3.139874e-002
8.827701e+002,3.136056e-002
8.832523e+002,3.133533e-002
8.837344e+002,3.131850e-002
8.842165e+002,3.130828e-002
8.846986e+002,3.130541e-002
8.851808e+002,3.131298e-002
8.856628e+002,3.133489e-002
8.861450e+002,3.137389e-002
8.866271e+002,3.143080e-002
8.871093e+002,3.150506e-002
8.875914e+002,3.159501e-002
8.880735e+002,3.169983e-002
8.885556e+002,3.182035e-002
8.890377e+002,3.195826e-002
8.895199e+002,3.211503e-002
8.900020e+002,3.229022e-002
8.904841e+002,3.248074e-002
8.909662e+002,3.268152e-002
8.914484e+002,3.288755e-002
8.919305e+002,3.309672e-002
8.924126e+002,3.331161e-002
8.928948e+002,3.354010e-002
8.933768e+002,3.379296e-002
8.938590e+002,3.407989e-002
8.943411e+002,3.440652e-002
8.948232e+002,3.477108e-002
8.953054e+002,3.516437e-002
8.957875e+002,3.557225e-002
8.962697e+002,3.597745e-002
8.967517e+002,3.636290e-002
8.972339e+002,3.671292e-002
8.977159e+002,3.701284e-002
8.981981e+002,3.724900e-002
8.986802e+002,3.740818e-002
8.991624e+002,3.747996e-002
8.996445e+002,3.745958e-002
9.001266e+002,3.735086e-002
9.006088e+002,3.716717e-002
9.010908e+002,3.692875e-002
9.015730e+002,3.665923e-002
9.020551e+002,3.638016e-002
9.025372e+002,3.610865e-002
9.030193e+002,3.585595e-002
9.035015e+002,3.563014e-002
9.039836e+002,3.543630e-002
9.044657e+002,3.527905e-002
9.049479e+002,3.516148e-002
9.054299e+002,3.508423e-002
9.059121e+002,3.504414e-002
9.063942e+002,3.503505e-002
9.068763e+002,3.504877e-002
9.073585e+002,3.507895e-002
9.078406e+002,3.512322e-002
9.083228e+002,3.518389e-002
9.088048e+002,3.526699e-002
9.092870e+002,3.537862e-002
9.097691e+002,3.552205e-002
9.102512e+002,3.569454e-002
9.107333e+002,3.588906e-002
9.112155e+002,3.609638e-002
9.116976e+002,3.630916e-002
9.121797e+002,3.652455e-002
9.126619e+002,3.674463e-002
9.131440e+002,3.697469e-002
9.136261e+002,3.721920e-002
9.141082e+002,3.747986e-002
9.145903e+002,3.775344e-002
9.150724e+002,3.803504e-002
9.155546e+002,3.831973e-002
9.160367e+002,3.860587e-002
9.165189e+002,3.889582e-002
9.170010e+002,3.919445e-002
9.174831e+002,3.950562e-002
9.179652e+002,3.982981e-002
9.184473e+002,4.016262e-002
9.189294e+002,4.049706e-002
9.194116e+002,4.082583e-002
9.198937e+002,4.114512e-002
9.203759e+002,4.145534e-002
9.208580e+002,4.175973e-002
9.213401e+002,4.206178e-002
9.218222e+002,4.236249e-002
9.223043e+002,4.265904e-002
9.227864e+002,4.294720e-002
9.232686e+002,4.322311e-002
9.237507e+002,4.348725e-002
9.242328e+002,4.374412e-002
9.247150e+002,4.400131e-002
9.251971e+002,4.426541e-002
9.256792e+002,4.453959e-002
9.261613e+002,4.482143e-002
9.266434e+002,4.510519e-002
9.271255e+002,4.538381e-002
9.276077e+002,4.565236e-002
9.280898e+002,4.590867e-002
9.285720e+002,4.615380e-002
9.290541e+002,4.638820e-002
9.295362e+002,4.661099e-002
9.300183e+002,4.681980e-002
9.305004e+002,4.701181e-002
9.309826e+002,4.718651e-002
9.314647e+002,4.734816e-002
9.319468e+002,4.750382e-002
9.324290e+002,4.766211e-002
9.329111e+002,4.782855e-002
9.333932e+002,4.800293e-002
9.338753e+002,4.817984e-002
9.343574e+002,4.835114e-002
9.348396e+002,4.850878e-002
9.353217e+002,4.864885e-002
9.358038e+002,4.877099e-002
9.362859e+002,4.887616e-002
9.367681e+002,4.896348e-002
9.372502e+002,4.902738e-002
9.377323e+002,4.905765e-002
9.382144e+002,4.904261e-002
9.386966e+002,4.897363e-002
9.391787e+002,4.884859e-002
9.396608e+002,4.867234e-002
9.401429e+002,4.845501e-002
9.406251e+002,4.820750e-002
9.411072e+002,4.793867e-002
9.415893e+002,4.765340e-002
9.420714e+002,4.735392e-002
9.425536e+002,4.704190e-002
9.430357e+002,4.672053e-002
9.435178e+002,4.639463e-002
9.439999e+002,4.606934e-002
9.444821e+002,4.574861e-002
9.449642e+002,4.543364e-002
9.454463e+002,4.512291e-002
9.459284e+002,4.481431e-002
9.464106e+002,4.450658e-002
9.468927e+002,4.420010e-002
9.473748e+002,4.389681e-002
9.478569e+002,4.359850e-002
9.483391e+002,4.330529e-002
9.488212e+002,4.301583e-002
9.493033e+002,4.272792e-002
9.497855e+002,4.244211e-002
9.502676e+002,4.216276e-002
9.507497e+002,4.189966e-002
9.512318e+002,4.166560e-002
9.517139e+002,4.147417e-002
9.521960e+002,4.133601e-002
9.526782e+002,4.125664e-002
9.531603e+002,4.123657e-002
9.536425e+002,4.127255e-002
9.541246e+002,4.135993e-002
9.546067e+002,4.149485e-002
9.550888e+002,4.167442e-002
9.555709e+002,4.189673e-002
9.560530e+002,4.215928e-002
9.565352e+002,4.245795e-002
9.570173e+002,4.278714e-002
9.574995e+002,4.314185e-002
9.579816e+002,4.351844e-002
9.584637e+002,4.391699e-002
9.589458e+002,4.434063e-002
9.594279e+002,4.479381e-002
9.599100e+002,4.528013e-002
9.603922e+002,4.579996e-002
9.608743e+002,4.635081e-002
9.613564e+002,4.692880e-002
9.618386e+002,4.753166e-002
9.623207e+002,4.816095e-002
9.628028e+002,4.882300e-002
9.632849e+002,4.952757e-002
9.637670e+002,5.028528e-002
9.642491e+002,5.110560e-002
9.647313e+002,5.199619e-002
9.652134e+002,5.296564e-002
9.656956e+002,5.402613e-002
9.661777e+002,5.519568e-002
9.666598e+002,5.649870e-002
9.671419e+002,5.796121e-002
9.676240e+002,5.960448e-002
9.681061e+002,6.143699e-002
9.685883e+002,6.344727e-002
9.690704e+002,6.560151e-002
9.695526e+002,6.784414e-002
9.700347e+002,7.010324e-002
9.705168e+002,7.229760e-002
9.709989e+002,7.434402e-002
9.714810e+002,7.616459e-002
9.719631e+002,7.769439e-002
9.724453e+002,7.889046e-002
9.729274e+002,7.974070e-002
9.734095e+002,8.026975e-002
9.738917e+002,8.053682e-002
9.743738e+002,8.062504e-002
9.748559e+002,8.062509e-002
9.753380e+002,8.061752e-002
9.758201e+002,8.066241e-002
9.763023e+002,8.079687e-002
9.767844e+002,8.104076e-002
9.772665e+002,8.140548e-002
9.777487e+002,8.190176e-002
9.782308e+002,8.254311e-002
9.787129e+002,8.334213e-002
9.791950e+002,8.430596e-002
9.796771e+002,8.543129e-002
9.801593e+002,8.670450e-002
9.806414e+002,8.810717e-002
9.811235e+002,8.962297e-002
9.816057e+002,9.124440e-002
9.820878e+002,9.297375e-002
9.825699e+002,9.481819e-002
9.830520e+002,9.678105e-002
9.835342e+002,9.885484e-002
9.840163e+002,1.010194e-001
9.844984e+002,1.032485e-001
9.849805e+002,1.055194e-001
9.854626e+002,1.078222e-001
9.859448e+002,1.101621e-001
9.864269e+002,1.125533e-001
9.869090e+002,1.150074e-001
9.873912e+002,1.175230e-001
9.878733e+002,1.200831e-001
9.883554e+002,1.226621e-001
9.888375e+002,1.252391e-001
9.893196e+002,1.278097e-001
9.898018e+002,1.303906e-001
9.902839e+002,1.330113e-001
9.907660e+002,1.356998e-001
9.912482e+002,1.384692e-001
9.917303e+002,1.413133e-001
9.922124e+002,1.442124e-001
9.926945e+002,1.471469e-001
9.931766e+002,1.501073e-001
9.936588e+002,1.530944e-001
9.941409e+002,1.561044e-001
9.946230e+002,1.591091e-001
9.951052e+002,1.620392e-001
9.955873e+002,1.647847e-001
9.960694e+002,1.672139e-001
9.965515e+002,1.692068e-001
9.970336e+002,1.706859e-001
9.975157e+002,1.716316e-001
9.979979e+002,1.720771e-001
9.984800e+002,1.720866e-001
9.989622e+002,1.717341e-001
9.994443e+002,1.710915e-001
9.999264e+002,1.702311e-001
1.000409e+003,1.692340e-001
1.000891e+003,1.681928e-001
1.001373e+003,1.672042e-001
1.001855e+003,1.663519e-001
1.002337e+003,1.656864e-001
1.002819e+003,1.652155e-001
1.003301e+003,1.649106e-001
1.003783e+003,1.647249e-001
1.004266e+003,1.646185e-001
1.004748e+003,1.645752e-001
1.005230e+003,1.646055e-001
1.005712e+003,1.647328e-001
1.006194e+003,1.649748e-001
1.006676e+003,1.653273e-001
1.007158e+003,1.657636e-001
1.007640e+003,1.662469e-001
1.008122e+003,1.667498e-001
1.008605e+003,1.672686e-001
1.009087e+003,1.678237e-001
1.009569e+003,1.684458e-001
1.010051e+003,1.691540e-001
1.010533e+003,1.699423e-001
1.011015e+003,1.707774e-001
1.011497e+003,1.716138e-001
1.011979e+003,1.724154e-001
1.012462e+003,1.731722e-001
1.012944e+003,1.739016e-001
1.013426e+003,1.746332e-001
1.013908e+003,1.753859e-001
1.014390e+003,1.761516e-001
1.014872e+003,1.768934e-001
1.015354e+003,1.775621e-001
1.015836e+003,1.781207e-001
1.016319e+003,1.785621e-001
1.016801e+003,1.789114e-001
1.017283e+003,1.792082e-001
1.017765e+003,1.794821e-001
1.018247e+003,1.797332e-001
1.018729e+003,1.799308e-001
1.019211e+003,1.800300e-001
1.019693e+003,1.799961e-001
1.020176e+003,1.798232e-001
1.020658e+003,1.795357e-001
1.021140e+003,1.791714e-001
1.021622e+003,1.787575e-001
1.022104e+003,1.782931e-001
1.022586e+003,1.777497e-001
1.023068e+003,1.770886e-001
1.023550e+003,1.762855e-001
1.024033e+003,1.753475e-001
1.024515e+003,1.743110e-001
1.024997e+003,1.732251e-001
1.025479e+003,1.721254e-001
1.025961e+003,1.710171e-001
1.026443e+003,1.698768e-001
1.026925e+003,1.686684e-001
1.027407e+003,1.673672e-001
1.027890e+003,1.659760e-001
1.028372e+003,1.645262e-001
1.028854e+003,1.630618e-001
1.029336e+003,1.616169e-001
1.029818e+003,1.602022e-001
1.030300e+003,1.588038e-001
1.030782e+003,1.573970e-001
1.031264e+003,1.559662e-001
1.031747e+003,1.545173e-001
1.032229e+003,1.530775e-001
1.032711e+003,1.516821e-001
1.033193e+003,1.503573e-001
1.033675e+003,1.491080e-001
1.034157e+003,1.479187e-001
1.034639e+003,1.467667e-001
1.035121e+003,1.456384e-001
1.035604e+003,1.445389e-001
1.036086e+003,1.434913e-001
1.036568e+003,1.425229e-001
1.037050e+003,1.416487e-001
1.037532e+003,1.408620e-001
1.038014e+003,1.401359e-001
1.038496e+003,1.394367e-001
1.038979e+003,1.387410e-001
1.039461e+003,1.380469e-001
1.039943e+003,1.373730e-001
1.040425e+003,1.367452e-001
1.040907e+003,1.361793e-001
1.041389e+003,1.356702e-001
1.041871e+003,1.351908e-001
1.042353e+003,1.347049e-001
1.042835e+003,1.341835e-001
1.043318e+003,1.336176e-001
1.043800e+003,1.330186e-001
1.044282e+003,1.324086e-001
1.044764e+003,1.318050e-001
1.045246e+003,1.312088e-001
1.045728e+003,1.306053e-001
1.046210e+003,1.299734e-001
1.046692e+003,1.293001e-001
1.047175e+003,1.285907e-001
1.047657e+003,1.278680e-001
1.048139e+003,1.271605e-001
1.048621e+003,1.264889e-001
1.049103e+003,1.258552e-001
1.049585e+003,1.252430e-001
1.050067e+003,1.246278e-001
1.050549e+003,1.239907e-001
1.051031e+003,1.233288e-001
1.051514e+003,1.226552e-001
1.051996e+003,1.219888e-001
1.052478e+003,1.213419e-001
1.052960e+003,1.207095e-001
1.053442e+003,1.200700e-001
1.053924e+003,1.193952e-001
1.054406e+003,1.186625e-001
1.054889e+003,1.178657e-001
1.055371e+003,1.170142e-001
1.055853e+003,1.161251e-001
1.056335e+003,1.152103e-001
1.056817e+003,1.142689e-001
1.057299e+003,1.132875e-001
1.057781e+003,1.122486e-001
1.058263e+003,1.111438e-001
1.058746e+003,1.099797e-001
1.059228e+003,1.087774e-001
1.059710e+003,1.075635e-001
1.060192e+003,1.063580e-001
1.060674e+003,1.051678e-001
1.061156e+003,1.039865e-001
1.061638e+003,1.028050e-001
1.062120e+003,1.016209e-001
1.062603e+003,1.004474e-001
1.063085e+003,9.931095e-002
1.063567e+003,9.824574e-002
1.064049e+003,9.728178e-002
1.064531e+003,9.643930e-002
1.065013e+003,9.572769e-002
1.065495e+003,9.515175e-002
1.065977e+003,9.472010e-002
1.066460e+003,9.445007e-002
1.066942e+003,9.436720e-002
1.067424e+003,9.449932e-002
1.067906e+003,9.486659e-002
1.068388e+003,9.547572e-002
1.068870e+003,9.631819e-002
1.069352e+003,9.737557e-002
1.069834e+003,9.862707e-002
1.070317e+003,1.000568e-001
1.070799e+003,1.016545e-001
1.071281e+003,1.034098e-001
1.071763e+003,1.053033e-001
1.072245e+003,1.072980e-001
1.072727e+003,1.093381e-001
1.073209e+003,1.113566e-001
1.073691e+003,1.132880e-001
1.074174e+003,1.150818e-001
1.074656e+003,1.167072e-001
1.075138e+003,1.181482e-001
1.075620e+003,1.193923e-001
1.076102e+003,1.204203e-001
1.076584e+003,1.212048e-001
1.077066e+003,1.217174e-001
1.077548e+003,1.219443e-001
1.078031e+003,1.218944e-001
1.078513e+003,1.216009e-001
1.078995e+003,1.211085e-001
1.079477e+003,1.204588e-001
1.079959e+003,1.196784e-001
1.080441e+003,1.187764e-001
1.080923e+003,1.177550e-001
1.081406e+003,1.166202e-001
1.081888e+003,1.153923e-001
1.082370e+003,1.141046e-001
1.082852e+003,1.127945e-001
1.083334e+003,1.114920e-001
1.083816e+003,1.102106e-001
1.084298e+003,1.089501e-001
1.084780e+003,1.077039e-001
1.085262e+003,1.064700e-001
1.085745e+003,1.052588e-001
1.086227e+003,1.040918e-001
1.086709e+003,1.029935e-001
1.087191e+003,1.019809e-001
1.087673e+003,1.010579e-001
1.088155e+003,1.002147e-001
1.088637e+003,9.943724e-002
1.089119e+003,9.871583e-002
1.089602e+003,9.805251e-002
1.090084e+003,9.746126e-002
1.090566e+003,9.696000e-002
1.091048e+003,9.656190e-002
1.091530e+003,9.626819e-002
1.092012e+003,9.606682e-002
1.092494e+003,9.593894e-002
1.092976e+003,9.586788e-002
1.093458e+003,9.584591e-002
1.093941e+003,9.587597e-002
1.094423e+003,9.596660e-002
1.094905e+003,9.612396e-002
1.095387e+003,9.634507e-002
1.095869e+003,9.661639e-002
1.096351e+003,9.691869e-002
1.096833e+003,9.723417e-002
1.097316e+003,9.755299e-002
1.097798e+003,9.787384e-002
1.098280e+003,9.819861e-002
1.098762e+003,9.852456e-002
1.099244e+003,9.883878e-002
1.099726e+003,9.911837e-002
1.100208e+003,9.933654e-002
1.100690e+003,9.947232e-002
1.101173e+003,9.951769e-002
1.101655e+003,9.947821e-002
1.102137e+003,9.936661e-002
1.102619e+003,9.919479e-002
1.103101e+003,9.896635e-002
1.103583e+003,9.867734e-002
1.104065e+003,9.832186e-002
1.104547e+003,9.790071e-002
1.105030e+003,9.742668e-002
1.105512e+003,9.692363e-002
1.105994e+003,9.641865e-002
1.106476e+003,9.593318e-002
1.106958e+003,9.547623e-002
1.107440e+003,9.504464e-002
1.107922e+003,9.462934e-002
1.108404e+003,9.422458e-002
1.108886e+003,9.383320e-002
1.109369e+003,9.346744e-002
1.109851e+003,9.314291e-002
1.110333e+003,9.286980e-002
1.110815e+003,9.264812e-002
1.111297e+003,9.246707e-002
1.111779e+003,9.231181e-002
1.112261e+003,9.217048e-002
1.112744e+003,9.204108e-002
1.113226e+003,9.193062e-002
1.113708e+003,9.185031e-002
1.114190e+003,9.180671e-002
1.114672e+003,9.179613e-002
1.115154e+003,9.180373e-002
1.115636e+003,9.180988e-002
1.116118e+003,9.179730e-002
1.116601e+003,9.175751e-002
1.117083e+003,9.169199e-002
1.117565e+003,9.160700e-002
1.118047e+003,9.150606e-002
1.118529e+003,9.138463e-002
1.119011e+003,9.123021e-002
1.119493e+003,9.102795e-002
1.119975e+003,9.076800e-002
1.120458e+003,9.045181e-002
1.120940e+003,9.009099e-002
1.121422e+003,8.970165e-002
1.121904e+003,8.929679e-002
1.122386e+003,8.888055e-002
1.122868e+003,8.844834e-002
1.123350e+003,8.799259e-002
1.123832e+003,8.751085e-002
1.124314e+003,8.701123e-002
1.124797e+003,8.651222e-002
1.125279e+003,8.603688e-002
1.125761e+003,8.560410e-002
1.126243e+003,8.522296e-002
1.126725e+003,8.489230e-002
1.127207e+003,8.460569e-002
1.127689e+003,8.435881e-002
1.128172e+003,8.415619e-002
1.128654e+003,8.401231e-002
1.129136e+003,8.394744e-002
1.129618e+003,8.398090e-002
1.130100e+003,8.412472e-002
1.130582e+003,8.438160e-002
1.131064e+003,8.474804e-002
1.131546e+003,8.521956e-002
1.132029e+003,8.579583e-002
1.132511e+003,8.648226e-002
1.132993e+003,8.728636e-002
1.133475e+003,8.821277e-002
1.133957e+003,8.925777e-002
1.134439e+003,9.040873e-002
1.134921e+003,9.164798e-002
1.135403e+003,9.296012e-002
1.135885e+003,9.433780e-002
1.136368e+003,9.578343e-002
1.136850e+003,9.730498e-002
1.137332e+003,9.890816e-002
1.137814e+003,1.005887e-001
1.138296e+003,1.023300e-001
1.138778e+003,1.041079e-001
1.139260e+003,1.058990e-001
1.139742e+003,1.076886e-001
1.140225e+003,1.094743e-001
1.140707e+003,1.112615e-001
1.141189e+003,1.130543e-001
1.141671e+003,1.148472e-001
1.142153e+003,1.166233e-001
1.142635e+003,1.183591e-001
1.143117e+003,1.200347e-001
1.143599e+003,1.216439e-001
1.144082e+003,1.231954e-001
1.144564e+003,1.247068e-001
1.145046e+003,1.261926e-001
1.145528e+003,1.276537e-001
1.146010e+003,1.290745e-001
1.146492e+003,1.304298e-001
1.146974e+003,1.316971e-001
1.147457e+003,1.328668e-001
1.147939e+003,1.339445e-001
1.148421e+003,1.349441e-001
1.148903e+003,1.358739e-001
1.149385e+003,1.367260e-001
1.149867e+003,1.374739e-001
1.150349e+003,1.380821e-001
1.150831e+003,1.385197e-001
1.151313e+003,1.387734e-001
1.151796e+003,1.388499e-001
1.152278e+003,1.387689e-001
1.152760e+003,1.385482e-001
1.153242e+003,1.381938e-001
1.153724e+003,1.376972e-001
1.154206e+003,1.370441e-001
1.154688e+003,1.362270e-001
1.155170e+003,1.352541e-001
1.155653e+003,1.341497e-001
1.156135e+003,1.329454e-001
1.156617e+003,1.316663e-001
1.157099e+003,1.303230e-001
1.157581e+003,1.289110e-001
1.158063e+003,1.274202e-001
1.158545e+003,1.258469e-001
1.159027e+003,1.242020e-001
1.159510e+003,1.225106e-001
1.159992e+003,1.208034e-001
1.160474e+003,1.191051e-001
1.160956e+003,1.174266e-001
1.161438e+003,1.157655e-001
1.161920e+003,1.141126e-001
1.162402e+003,1.124623e-001
1.162885e+003,1.108183e-001
1.163367e+003,1.091934e-001
1.163849e+003,1.076005e-001
1.164331e+003,1.060436e-001
1.164813e+003,1.045106e-001
1.165295e+003,1.029737e-001
1.165777e+003,1.013974e-001
1.166259e+003,9.974857e-002
1.166741e+003,9.800683e-002
1.167224e+003,9.616720e-002
1.167706e+003,9.423737e-002
1.168188e+003,9.223159e-002
1.168670e+003,9.016592e-002
1.169152e+003,8.805645e-002
1.169634e+003,8.592106e-002
1.170116e+003,8.378237e-002
1.170598e+003,8.166883e-002
1.171081e+003,7.961080e-002
1.171563e+003,7.763600e-002
1.172045e+003,7.576305e-002
1.172527e+003,7.400012e-002
1.173009e+003,7.234495e-002
1.173491e+003,7.079063e-002
1.173973e+003,6.932958e-002
1.174455e+003,6.795705e-002
1.174938e+003,6.667185e-002
1.175420e+003,6.547332e-002
1.175902e+003,6.435805e-002
1.176384e+003,6.331863e-002
1.176866e+003,6.234299e-002
1.177348e+003,6.141915e-002
1.177830e+003,6.053754e-002
1.178313e+003,5.969405e-002
1.178795e+003,5.888982e-002
1.179277e+003,5.812903e-002
1.179759e+003,5.741527e-002
1.180241e+003,5.674810e-002
1.180723e+003,5.612341e-002
1.181205e+003,5.553511e-002
1.181687e+003,5.497704e-002
1.182169e+003,5.444636e-002
1.182652e+003,5.394355e-002
1.183134e+003,5.347122e-002
1.183616e+003,5.303108e-002
1.184098e+003,5.262267e-002
1.184580e+003,5.224161e-002
1.185062e+003,5.188184e-002
1.185544e+003,5.153803e-002
1.186026e+003,5.120724e-002
1.186509e+003,5.089063e-002
1.186991e+003,5.059155e-002
1.187473e+003,5.031423e-002
1.187955e+003,5.006064e-002
1.188437e+003,4.983013e-002
1.188919e+003,4.962011e-002
1.189401e+003,4.942698e-002
1.189883e+003,4.924905e-002
1.190366e+003,4.908695e-002
1.190848e+003,4.894220e-002
1.191330e+003,4.881720e-002
1.191812e+003,4.871152e-002
1.192294e+003,4.862262e-002
1.192776e+003,4.854622e-002
1.193258e+003,4.847811e-002
1.193740e+003,4.841631e-002
1.194223e+003,4.836166e-002
1.194705e+003,4.831783e-002
1.195187e+003,4.828874e-002
1.195669e+003,4.827661e-002
1.196151e+003,4.828077e-002
1.196633e+003,4.829840e-002
1.197115e+003,4.832495e-002
1.197597e+003,4.835695e-002
1.198080e+003,4.839276e-002
1.198562e+003,4.843334e-002
1.199044e+003,4.847951e-002
1.199526e+003,4.853202e-002
1.200008e+003,4.859007e-002
1.200490e+003,4.865164e-002
1.200972e+003,4.871416e-002
1.201454e+003,4.877672e-002
1.201937e+003,4.883981e-002
1.202419e+003,4.890499e-002
1.202901e+003,4.897323e-002
1.203383e+003,4.904352e-002
1.203865e+003,4.911220e-002
1.204347e+003,4.917430e-002
1.204829e+003,4.922487e-002
1.205312e+003,4.926128e-002
1.205794e+003,4.928414e-002
1.206276e+003,4.929670e-002
1.206758e+003,4.930265e-002
1.207240e+003,4.930416e-002
1.207722e+003,4.930121e-002
1.208204e+003,4.929182e-002
1.208686e+003,4.927334e-002
1.209168e+003,4.924491e-002
1.209651e+003,4.920740e-002
1.210133e+003,4.916444e-002
1.210615e+003,4.911951e-002
1.211097e+003,4.907611e-002
1.211579e+003,4.903572e-002
1.212061e+003,4.899937e-002
1.212543e+003,4.896767e-002
1.213025e+003,4.894282e-002
1.213508e+003,4.892835e-002
1.213990e+003,4.892758e-002
1.214472e+003,4.894276e-002
1.214954e+003,4.897376e-002
1.215436e+003,4.901719e-002
1.215918e+003,4.906900e-002
1.216400e+003,4.912574e-002
1.216882e+003,4.918738e-002
1.217365e+003,4.925619e-002
1.217847e+003,4.933740e-002
1.218329e+003,4.943475e-002
1.218811e+003,4.954983e-002
1.219293e+003,4.967999e-002
1.219775e+003,4.982058e-002
1.220257e+003,4.996657e-002
1.220740e+003,5.011617e-002
1.221222e+003,5.027101e-002
1.221704e+003,5.043644e-002
1.222186e+003,5.061901e-002
1.222668e+003,5.082244e-002
1.223150e+003,5.104713e-002
1.223632e+003,5.128940e-002
1.224114e+003,5.154404e-002
1.224596e+003,5.180644e-002
1.225079e+003,5.207528e-002
1.225561e+003,5.235168e-002
1.226043e+003,5.263790e-002
1.226525e+003,5.293508e-002
1.227007e+003,5.324097e-002
1.227489e+003,5.355038e-002
1.227971e+003,5.385728e-002
1.228453e+003,5.415665e-002
1.228936e+003,5.444727e-002
1.229418e+003,5.473120e-002
1.229900e+003,5.501176e-002
1.230382e+003,5.529195e-002
1.230864e+003,5.557212e-002
1.231346e+003,5.584973e-002
1.231828e+003,5.612126e-002
1.232310e+003,5.638403e-002
1.232792e+003,5.663710e-002
1.233275e+003,5.688168e-002
1.233757e+003,5.711881e-002
1.234239e+003,5.734776e-002
1.234721e+003,5.756493e-002
1.235203e+003,5.776529e-002
1.235685e+003,5.794436e-002
1.236167e+003,5.810035e-002
1.236650e+003,5.823516e-002
1.237132e+003,5.835326e-002
1.237614e+003,5.845862e-002
1.238096e+003,5.855229e-002
1.238578e+003,5.863119e-002
1.239060e+003,5.868940e-002
1.239542e+003,5.872048e-002
1.240024e+003,5.872128e-002
1.240507e+003,5.869273e-002
1.240989e+003,5.863888e-002
1.241471e+003,5.856462e-002
1.241953e+003,5.847292e-002
1.242435e+003,5.836292e-002
1.242917e+003,5.823144e-002
1.243399e+003,5.807491e-002
1.243881e+003,5.789217e-002
1.244364e+003,5.768583e-002
1.244846e+003,5.746143e-002
1.245328e+003,5.722496e-002
1.245810e+003,5.698023e-002
1.246292e+003,5.672779e-002
1.246774e+003,5.646612e-002
1.247256e+003,5.619374e-002
1.247738e+003,5.591180e-002
1.248220e+003,5.562622e-002
1.248703e+003,5.534631e-002
1.249185e+003,5.508278e-002
1.249667e+003,5.484526e-002
1.250149e+003,5.463984e-002
1.250631e+003,5.446858e-002
1.251113e+003,5.433048e-002
1.251595e+003,5.422242e-002
1.252078e+003,5.414000e-002
1.252560e+003,5.407754e-002
1.253042e+003,5.402678e-002
1.253524e+003,5.397680e-002
1.254006e+003,5.391373e-002
1.254488e+003,5.382324e-002
1.254970e+003,5.369343e-002
1.255452e+003,5.351735e-002
1.255935e+003,5.329474e-002
1.256417e+003,5.303081e-002
1.256899e+003,5.273392e-002
1.257381e+003,5.241313e-002
1.257863e+003,5.207597e-002
1.258345e+003,5.172886e-002
1.258827e+003,5.137791e-002
1.259309e+003,5.103038e-002
1.259792e+003,5.069475e-002
1.260274e+003,5.037974e-002
1.260756e+003,5.009246e-002
1.261238e+003,4.983614e-002
1.261720e+003,4.960913e-002
1.262202e+003,4.940690e-002
1.262684e+003,4.922295e-002
1.263166e+003,4.905172e-002
1.263648e+003,4.888934e-002
1.264131e+003,4.873430e-002
1.264613e+003,4.858583e-002
1.265095e+003,4.844261e-002
1.265577e+003,4.830274e-002
1.266059e+003,4.816300e-002
1.266541e+003,4.802159e-002
1.267023e+003,4.787877e-002
1.267505e+003,4.773716e-002
1.267988e+003,4.760139e-002
1.268470e+003,4.747608e-002
1.268952e+003,4.736375e-002
1.269434e+003,4.726437e-002
1.269916e+003,4.717560e-002
1.270398e+003,4.709554e-002
1.270880e+003,4.702353e-002
1.271363e+003,4.696166e-002
1.271845e+003,4.691404e-002
1.272327e+003,4.688520e-002
1.272809e+003,4.687702e-002
1.273291e+003,4.688854e-002
1.273773e+003,4.691562e-002
1.274255e+003,4.695264e-002
1.274737e+003,4.699587e-002
1.275219e+003,4.704326e-002
1.275702e+003,4.709551e-002
1.276184e+003,4.715387e-002
1.276666e+003,4.721839e-002
1.277148e+003,4.728645e-002
1.277630e+003,4.735307e-002
1.278112e+003,4.741260e-002
1.278594e+003,4.746084e-002
1.279076e+003,4.749674e-002
1.279559e+003,4.752218e-002
1.280041e+003,4.754037e-002
1.280523e+003,4.755351e-002
1.281005e+003,4.756165e-002
1.281487e+003,4.756244e-002
1.281969e+003,4.755295e-002
1.282451e+003,4.753177e-002
1.282933e+003,4.750159e-002
1.283416e+003,4.746775e-002
1.283898e+003,4.743825e-002
1.284380e+003,4.741964e-002
1.284862e+003,4.741635e-002
1.285344e+003,4.742951e-002
1.285826e+003,4.745848e-002
1.286308e+003,4.750189e-002
1.286791e+003,4.756088e-002
1.287273e+003,4.763865e-002
1.287755e+003,4.773902e-002
1.288237e+003,4.786568e-002
1.288719e+003,4.801893e-002
1.289201e+003,4.819656e-002
1.289683e+003,4.839466e-002
1.290165e+003,4.860881e-002
1.290647e+003,4.883675e-002
1.291130e+003,4.907782e-002
1.291612e+003,4.933177e-002
1.292094e+003,4.959616e-002
1.292576e+003,4.986615e-002
1.293058e+003,5.013373e-002
1.293540e+003,5.039040e-002
1.294022e+003,5.063004e-002
1.294504e+003,5.085000e-002
1.294987e+003,5.105187e-002
1.295469e+003,5.123913e-002
1.295951e+003,5.141526e-002
1.296433e+003,5.158154e-002
1.296915e+003,5.173670e-002
1.297397e+003,5.187955e-002
1.297879e+003,5.201059e-002
1.298361e+003,5.213375e-002
1.298844e+003,5.225627e-002
1.299326e+003,5.238704e-002
1.299808e+003,5.253310e-002
1.300290e+003,5.269853e-002
1.300772e+003,5.288213e-002
1.301254e+003,5.307885e-002
1.301736e+003,5.328034e-002
1.302219e+003,5.347609e-002
1.302701e+003,5.365328e-002
1.303183e+003,5.379658e-002
1.303665e+003,5.388813e-002
1.304147e+003,5.391043e-002
1.304629e+003,5.385012e-002
1.305111e+003,5.370269e-002
1.305593e+003,5.347646e-002
1.306075e+003,5.319151e-002
1.306558e+003,5.287718e-002
1.307040e+003,5.256450e-002
1.307522e+003,5.228009e-002
1.308004e+003,5.204100e-002
1.308486e+003,5.185374e-002
1.308968e+003,5.171554e-002
1.309450e+003,5.162074e-002
1.309932e+003,5.156365e-002
1.310415e+003,5.154242e-002
1.310897e+003,5.155763e-002
1.311379e+003,5.161027e-002
1.311861e+003,5.169858e-002
1.312343e+003,5.181653e-002
1.312825e+003,5.195493e-002
1.313307e+003,5.210425e-002
1.313789e+003,5.225904e-002
1.314272e+003,5.241853e-002
1.314754e+003,5.258610e-002
1.315236e+003,5.276607e-002
1.315718e+003,5.296034e-002
1.316200e+003,5.316839e-002
1.316682e+003,5.338674e-002
1.317164e+003,5.361240e-002
1.317646e+003,5.384438e-002
1.318129e+003,5.408438e-002
1.318611e+003,5.433455e-002
1.319093e+003,5.459460e-002
1.319575e+003,5.486004e-002
1.320057e+003,5.512297e-002
1.320539e+003,5.537542e-002
1.321021e+003,5.561406e-002
1.321503e+003,5.584121e-002
1.321986e+003,5.606489e-002
1.322468e+003,5.629361e-002
1.322950e+003,5.653268e-002
1.323432e+003,5.678027e-002
1.323914e+003,5.702746e-002
1.324396e+003,5.726218e-002
1.324878e+003,5.747470e-002
1.325360e+003,5.766145e-002
1.325843e+003,5.782676e-002
1.326325e+003,5.797865e-002
1.326807e+003,5.812469e-002
1.327289e+003,5.826700e-002
1.327771e+003,5.840096e-002
1.328253e+003,5.851787e-002
1.328735e+003,5.860933e-002
1.329218e+003,5.867203e-002
1.329700e+003,5.870840e-002
1.330182e+003,5.872616e-002
1.330664e+003,5.873280e-002
1.331146e+003,5.873344e-002
1.331628e+003,5.872833e-002
1.332110e+003,5.871569e-002
1.332592e+003,5.869359e-002
1.333074e+003,5.866458e-002
1.333557e+003,5.863494e-002
1.334039e+003,5.861237e-002
1.334521e+003,5.860331e-002
1.335003e+003,5.860892e-002
1.335485e+003,5.862553e-002
1.335967e+003,5.864631e-002
1.336449e+003,5.866521e-002
1.336931e+003,5.868192e-002
1.337414e+003,5.870166e-002
1.337896e+003,5.873415e-002
1.338378e+003,5.878776e-002
1.338860e+003,5.886312e-002
1.339342e+003,5.895213e-002
1.339824e+003,5.903968e-002
1.340306e+003,5.911234e-002
1.340788e+003,5.916479e-002
1.341271e+003,5.920131e-002
1.341753e+003,5.923145e-002
1.342235e+003,5.926483e-002
1.342717e+003,5.930636e-002
1.343199e+003,5.935623e-002
1.343681e+003,5.941180e-002
1.344163e+003,5.947188e-002
1.344646e+003,5.953959e-002
1.345128e+003,5.962308e-002
1.345610e+003,5.973244e-002
1.346092e+003,5.987578e-002
1.346574e+003,6.005453e-002
1.347056e+003,6.026426e-002
1.347538e+003,6.049632e-002
1.348020e+003,6.074356e-002
1.348502e+003,6.100494e-002
1.348985e+003,6.128614e-002
1.349467e+003,6.159710e-002
1.349949e+003,6.194647e-002
1.350431e+003,6.233757e-002
1.350913e+003,6.276717e-002
1.351395e+003,6.323026e-002
1.351877e+003,6.372596e-002
1.352359e+003,6.426182e-002
1.352842e+003,6.485379e-002
1.353324e+003,6.552007e-002
1.353806e+003,6.627213e-002
1.354288e+003,6.710511e-002
1.354770e+003,6.799509e-002
1.355252e+003,6.890311e-002
1.355734e+003,6.978614e-002
1.356216e+003,7.060733e-002
1.356698e+003,7.134116e-002
1.357181e+003,7.197123e-002
1.357663e+003,7.248367e-002
1.358145e+003,7.286328e-002
1.358627e+003,7.309414e-002
1.359109e+003,7.316541e-002
1.359591e+003,7.307930e-002
1.360073e+003,7.285652e-002
1.360556e+003,7.253653e-002
1.361038e+003,7.217108e-002
1.361520e+003,7.181387e-002
1.362002e+003,7.150890e-002
1.362484e+003,7.128079e-002
1.362966e+003,7.113472e-002
1.363448e+003,7.106550e-002
1.363930e+003,7.107177e-002
1.364413e+003,7.116205e-002
1.364895e+003,7.135437e-002
1.365377e+003,7.167040e-002
1.365859e+003,7.213222e-002
1.366341e+003,7.276221e-002
1.366823e+003,7.358760e-002
1.367305e+003,7.464509e-002
1.367787e+003,7.598179e-002
1.368270e+003,7.764734e-002
1.368752e+003,7.967763e-002
1.369234e+003,8.208053e-002
1.369716e+003,8.483159e-002
1.370198e+003,8.788759e-002
1.370680e+003,9.121209e-002
1.371162e+003,9.479979e-002
1.371644e+003,9.868550e-002
1.372126e+003,1.029251e-001
1.372609e+003,1.075414e-001
1.373091e+003,1.124369e-001
1.373573e+003,1.173140e-001
1.374055e+003,1.216704e-001
1.374537e+003,1.249350e-001
1.375019e+003,1.266836e-001
1.375501e+003,1.267840e-001
1.375984e+003,1.253686e-001
1.376466e+003,1.227012e-001
1.376948e+003,1.190572e-001
1.377430e+003,1.146804e-001
1.377912e+003,1.097973e-001
1.378394e+003,1.046446e-001
1.378876e+003,9.947157e-002
1.379358e+003,9.450856e-002
1.379841e+003,8.991872e-002
1.380323e+003,8.577045e-002
1.380805e+003,8.204761e-002
1.381287e+003,7.868848e-002
1.381769e+003,7.563084e-002
1.382251e+003,7.284138e-002
1.382733e+003,7.031946e-002
1.383215e+003,6.807943e-002
1.383698e+003,6.612670e-002
1.384180e+003,6.444230e-002
1.384662e+003,6.298224e-002
1.385144e+003,6.169055e-002
1.385626e+003,6.051509e-002
1.386108e+003,5.942385e-002
1.386590e+003,5.841168e-002
1.387072e+003,5.749606e-002
1.387554e+003,5.669953e-002
1.388037e+003,5.603036e-002
1.388519e+003,5.547792e-002
1.389001e+003,5.502039e-002
1.389483e+003,5.463694e-002
1.389965e+003,5.431465e-002
1.390447e+003,5.404799e-002
1.390929e+003,5.383458e-002
1.391411e+003,5.367163e-002
1.391894e+003,5.355384e-002
1.392376e+003,5.347566e-002
1.392858e+003,5.343454e-002
1.393340e+003,5.343413e-002
1.393822e+003,5.348385e-002
1.394304e+003,5.359344e-002
1.394786e+003,5.376342e-002
1.395269e+003,5.398069e-002
1.395751e+003,5.422353e-002
1.396233e+003,5.447337e-002
1.396715e+003,5.472431e-002
1.397197e+003,5.498609e-002
1.397679e+003,5.527745e-002
1.398161e+003,5.561684e-002
1.398643e+003,5.600994e-002
1.399125e+003,5.644269e-002
1.399608e+003,5.688435e-002
1.400090e+003,5.730148e-002
1.400572e+003,5.767345e-002
1.401054e+003,5.799758e-002
1.401536e+003,5.828445e-002
1.402018e+003,5.854974e-002
1.402500e+003,5.880778e-002
1.402982e+003,5.906693e-002
1.403465e+003,5.932773e-002
1.403947e+003,5.958396e-002
1.404429e+003,5.982577e-002
1.404911e+003,6.004470e-002
1.405393e+003,6.023807e-002
1.405875e+003,6.040883e-002
1.406357e+003,6.056517e-002
1.406839e+003,6.071478e-002
1.407322e+003,6.086493e-002
1.407804e+003,6.102137e-002
1.408286e+003,6.119031e-002
1.408768e+003,6.137735e-002
1.409250e+003,6.158798e-002
1.409732e+003,6.182527e-002
1.410214e+003,6.208834e-002
1.410697e+003,6.237147e-002
1.411179e+003,6.266531e-002
1.411661e+003,6.295940e-002
1.412143e+003,6.324404e-002
1.412625e+003,6.351326e-002
1.413107e+003,6.376263e-002
1.413589e+003,6.398939e-002
1.414071e+003,6.419001e-002
1.414553e+003,6.436036e-002
1.415036e+003,6.449664e-002
1.415518e+003,6.459492e-002
1.416000e+003,6.465364e-002
1.416482e+003,6.467115e-002
1.416964e+003,6.464555e-002
1.417446e+003,6.457147e-002
1.417928e+003,6.444176e-002
1.418410e+003,6.425112e-002
1.418893e+003,6.400429e-002
1.419375e+003,6.372004e-002
1.419857e+003,6.342375e-002
1.420339e+003,6.313495e-002
1.420821e+003,6.286076e-002
1.421303e+003,6.259985e-002
1.421785e+003,6.234580e-002
1.422267e+003,6.209457e-002
1.422750e+003,6.184633e-002
1.423232e+003,6.160793e-002
1.423714e+003,6.139129e-002
1.424196e+003,6.120870e-002
1.424678e+003,6.106696e-002
1.425160e+003,6.096510e-002
1.425642e+003,6.089764e-002
1.426125e+003,6.086167e-002
1.426607e+003,6.086075e-002
1.427089e+003,6.090621e-002
1.427571e+003,6.101524e-002
1.428053e+003,6.120713e-002
1.428535e+003,6.149653e-002
1.429017e+003,6.189101e-002
1.429499e+003,6.238888e-002
1.429981e+003,6.298343e-002
1.430464e+003,6.366638e-002
1.430946e+003,6.442801e-002
1.431428e+003,6.525205e-002
1.431910e+003,6.611294e-002
1.432392e+003,6.697664e-002
1.432874e+003,6.780725e-002
1.433356e+003,6.857385e-002
1.433838e+003,6.925444e-002
1.434321e+003,6.983506e-002
1.434803e+003,7.030472e-002
1.435285e+003,7.065051e-002
1.435767e+003,7.086097e-002
1.436249e+003,7.093696e-002
1.436731e+003,7.090802e-002
1.437213e+003,7.083137e-002
1.437696e+003,7.076810e-002
1.438177e+003,7.076013e-002
1.438660e+003,7.082698e-002
1.439142e+003,7.097546e-002
1.439624e+003,7.120928e-002
1.440106e+003,7.153339e-002
1.440588e+003,7.195777e-002
1.441070e+003,7.249450e-002
1.441552e+003,7.315750e-002
1.442035e+003,7.395776e-002
1.442517e+003,7.489893e-002
1.442999e+003,7.597397e-002
1.443481e+003,7.716447e-002
1.443963e+003,7.844602e-002
1.444445e+003,7.979712e-002
1.444927e+003,8.120873e-002
1.445409e+003,8.268963e-002
1.445892e+003,8.426210e-002
1.446374e+003,8.594609e-002
1.446856e+003,8.773317e-002
1.447338e+003,8.956475e-002
1.447820e+003,9.133322e-002
1.448302e+003,9.292007e-002
1.448784e+003,9.424893e-002
1.449266e+003,9.531526e-002
1.449749e+003,9.617350e-002
1.450231e+003,9.689999e-002
1.450713e+003,9.755835e-002
1.451195e+003,9.818188e-002
1.451677e+003,9.877224e-002
1.452159e+003,9.931228e-002
1.452641e+003,9.978352e-002
1.453124e+003,1.001826e-001
1.453605e+003,1.005231e-001
1.454088e+003,1.008287e-001
1.454570e+003,1.011185e-001
1.455052e+003,1.013936e-001
1.455534e+003,1.016255e-001
1.456016e+003,1.017559e-001
1.456498e+003,1.017204e-001
1.456980e+003,1.015012e-001
1.457463e+003,1.011587e-001
1.457945e+003,1.007799e-001
1.458427e+003,1.003975e-001
1.458909e+003,9.998702e-002
1.459391e+003,9.951210e-002
1.459873e+003,9.895790e-002
1.460355e+003,9.833698e-002
1.460837e+003,9.767492e-002
1.461320e+003,9.699306e-002
1.461802e+003,9.629203e-002
1.462284e+003,9.554070e-002
1.462766e+003,9.467492e-002
1.463248e+003,9.360694e-002
1.463730e+003,9.225602e-002
1.464212e+003,9.059265e-002
1.464694e+003,8.867004e-002
1.465177e+003,8.660332e-002
1.465659e+003,8.449724e-002
1.466141e+003,8.238821e-002
1.466623e+003,8.024624e-002
1.467105e+003,7.802151e-002
1.467587e+003,7.568686e-002
1.468069e+003,7.325498e-002
1.468552e+003,7.077013e-002
1.469033e+003,6.828021e-002
1.469516e+003,6.580912e-002
1.469998e+003,6.333201e-002
1.470480e+003,6.077056e-002
1.470962e+003,5.801219e-002
1.471444e+003,5.497244e-002
1.471926e+003,5.169423e-002
1.472408e+003,4.841541e-002
1.472891e+003,4.548033e-002
1.473373e+003,4.312317e-002
1.473855e+003,4.134042e-002
1.474337e+003,3.996397e-002
1.474819e+003,3.880338e-002
1.475301e+003,3.773267e-002
1.475783e+003,3.670683e-002
1.476265e+003,3.573832e-002
1.476748e+003,3.485874e-002
1.477230e+003,3.408495e-002
1.477712e+003,3.340631e-002
1.478194e+003,3.279366e-002
1.478676e+003,3.221609e-002
1.479158e+003,3.165495e-002
1.479640e+003,3.110768e-002
1.480122e+003,3.058435e-002
1.480604e+003,3.009720e-002
1.481087e+003,2.965111e-002
1.481569e+003,2.924009e-002
1.482051e+003,2.885059e-002
1.482533e+003,2.847243e-002
1.483015e+003,2.810548e-002
1.483497e+003,2.775893e-002
1.483979e+003,2.744488e-002
1.484461e+003,2.716946e-002
1.484944e+003,2.692815e-002
1.485426e+003,2.670601e-002
1.485908e+003,2.648293e-002
1.486390e+003,2.624460e-002
1.486872e+003,2.599132e-002
1.487354e+003,2.573999e-002
1.487836e+003,2.551690e-002
1.488319e+003,2.534123e-002
1.488801e+003,2.521279e-002
1.489283e+003,2.510701e-002
1.489765e+003,2.499096e-002
1.490247e+003,2.484669e-002
1.490729e+003,2.468403e-002
1.491211e+003,2.452922e-002
1.491693e+003,2.440309e-002
1.492176e+003,2.430984e-002
1.492658e+003,2.423837e-002
1.493140e+003,2.417126e-002
1.493622e+003,2.409098e-002
1.494104e+003,2.398866e-002
1.494586e+003,2.386656e-002
1.495068e+003,2.374003e-002
1.495550e+003,2.363313e-002
1.496032e+003,2.356580e-002
1.496515e+003,2.354096e-002
1.496997e+003,2.353969e-002
1.497479e+003,2.353426e-002
1.497961e+003,2.350777e-002
1.498443e+003,2.346360e-002
1.498925e+003,2.341905e-002
1.499407e+003,2.339089e-002
1.499890e+003,2.338368e-002
1.500372e+003,2.338831e-002
1.500854e+003,2.338747e-002
1.501336e+003,2.336616e-002
1.501818e+003,2.331848e-002
1.502300e+003,2.324921e-002
1.502782e+003,2.317024e-002
1.503264e+003,2.309464e-002
1.503747e+003,2.303041e-002
1.504229e+003,2.297718e-002
1.504711e+003,2.292491e-002
1.505193e+003,2.285999e-002
1.505675e+003,2.277835e-002
1.506157e+003,2.270840e-002
1.506639e+003,2.272063e-002
1.507121e+003,2.286844e-002
1.507604e+003,2.311101e-002
1.508086e+003,2.335107e-002
1.508568e+003,2.352457e-002
1.509050e+003,2.362129e-002
1.509532e+003,2.366352e-002
1.510014e+003,2.368318e-002
1.510496e+003,2.370920e-002
1.510979e+003,2.376007e-002
1.511460e+003,2.383780e-002
1.511943e+003,2.392968e-002
1.512425e+003,2.401460e-002
1.512907e+003,2.407472e-002
1.513389e+003,2.410393e-002
1.513871e+003,2.410962e-002
1.514353e+003,2.411007e-002
1.514835e+003,2.412618e-002
1.515318e+003,2.417449e-002
1.515800e+003,2.425680e-002
1.516282e+003,2.435740e-002
1.516764e+003,2.444828e-002
1.517246e+003,2.450703e-002
1.517728e+003,2.453162e-002
1.518210e+003,2.453764e-002
1.518692e+003,2.454569e-002
1.519175e+003,2.457089e-002
1.519657e+003,2.462008e-002
1.520139e+003,2.469356e-002
1.520621e+003,2.478838e-002
1.521103e+003,2.490137e-002
1.521585e+003,2.502995e-002
1.522067e+003,2.517010e-002
1.522549e+003,2.531376e-002
1.523031e+003,2.545078e-002
1.523514e+003,2.557174e-002
1.523996e+003,2.567116e-002
1.524478e+003,2.575049e-002
1.524960e+003,2.581994e-002
1.525442e+003,2.589574e-002
1.525924e+003,2.599547e-002
1.526406e+003,2.612709e-002
1.526888e+003,2.628203e-002
1.527371e+003,2.644036e-002
1.527853e+003,2.658064e-002
1.528335e+003,2.669050e-002
1.528817e+003,2.677122e-002
1.529299e+003,2.683342e-002
1.529781e+003,2.689192e-002
1.530263e+003,2.695810e-002
1.530746e+003,2.703875e-002
1.531228e+003,2.713594e-002
1.531710e+003,2.725176e-002
1.532192e+003,2.739204e-002
1.532674e+003,2.756711e-002
1.533156e+003,2.778470e-002
1.533638e+003,2.803698e-002
1.534120e+003,2.829598e-002
1.534603e+003,2.852778e-002
1.535085e+003,2.871015e-002
1.535567e+003,2.883530e-002
1.536049e+003,2.890818e-002
1.536531e+003,2.893921e-002
1.537013e+003,2.894452e-002
1.537495e+003,2.894545e-002
1.537977e+003,2.897066e-002
1.538459e+003,2.905533e-002
1.538942e+003,2.923398e-002
1.539424e+003,2.952333e-002
1.539906e+003,2.989781e-002
1.540388e+003,3.029343e-002
1.540870e+003,3.065398e-002
1.541352e+003,3.096480e-002
1.541834e+003,3.123946e-002
1.542316e+003,3.149321e-002
1.542799e+003,3.173290e-002
1.543281e+003,3.196112e-002
1.543763e+003,3.218010e-002
1.544245e+003,3.239364e-002
1.544727e+003,3.260479e-002
1.545209e+003,3.281220e-002
1.545691e+003,3.300973e-002
1.546174e+003,3.318874e-002
1.546656e+003,3.334396e-002
1.547138e+003,3.347578e-002
1.547620e+003,3.359095e-002
1.548102e+003,3.370409e-002
1.548584e+003,3.383393e-002
1.549066e+003,3.399605e-002
1.549548e+003,3.419345e-002
1.550031e+003,3.441049e-002
1.550513e+003,3.461874e-002
1.550995e+003,3.479182e-002
1.551477e+003,3.491974e-002
1.551959e+003,3.500928e-002
1.552441e+003,3.508068e-002
1.552923e+003,3.515809e-002
1.553405e+003,3.526124e-002
1.553887e+003,3.539491e-002
1.554370e+003,3.554442e-002
1.554852e+003,3.568122e-002
1.555334e+003,3.577721e-002
1.555816e+003,3.581819e-002
1.556298e+003,3.580885e-002
1.556780e+003,3.577372e-002
1.557262e+003,3.575907e-002
1.557744e+003,3.584094e-002
1.558227e+003,3.611415e-002
1.558709e+003,3.660157e-002
1.559191e+003,3.713846e-002
1.559673e+003,3.751214e-002
1.560155e+003,3.768921e-002
1.560637e+003,3.775241e-002
1.561119e+003,3.777304e-002
1.561602e+003,3.778569e-002
1.562083e+003,3.780146e-002
1.562566e+003,3.782183e-002
1.563048e+003,3.784780e-002
1.563530e+003,3.788126e-002
1.564012e+003,3.792676e-002
1.564494e+003,3.798762e-002
1.564976e+003,3.806239e-002
1.565458e+003,3.814242e-002
1.565941e+003,3.821497e-002
1.566423e+003,3.826995e-002
1.566905e+003,3.830370e-002
1.567387e+003,3.832274e-002
1.567869e+003,3.834299e-002
1.568351e+003,3.838738e-002
1.568833e+003,3.847646e-002
1.569315e+003,3.861296e-002
1.569798e+003,3.877324e-002
1.570280e+003,3.891817e-002
1.570762e+003,3.901961e-002
1.571244e+003,3.907255e-002
1.571726e+003,3.909006e-002
1.572208e+003,3.909035e-002
1.572690e+003,3.908932e-002
1.573172e+003,3.909704e-002
1.573655e+003,3.912007e-002
1.574137e+003,3.916282e-002
1.574619e+003,3.923249e-002
1.575101e+003,3.934069e-002
1.575583e+003,3.949961e-002
1.576065e+003,3.970901e-002
1.576547e+003,3.994467e-002
1.577030e+003,4.016697e-002
1.577511e+003,4.034373e-002
1.577994e+003,4.046481e-002
1.578476e+003,4.053938e-002
1.578958e+003,4.058607e-002
1.579440e+003,4.062671e-002
1.579922e+003,4.068005e-002
1.580404e+003,4.075776e-002
1.580886e+003,4.086230e-002
1.581369e+003,4.098477e-002
1.581851e+003,4.111099e-002
1.582333e+003,4.122762e-002
1.582815e+003,4.132873e-002
1.583297e+003,4.141754e-002
1.583779e+003,4.150305e-002
1.584261e+003,4.159442e-002
1.584743e+003,4.169455e-002
1.585226e+003,4.179977e-002
1.585708e+003,4.190097e-002
1.586190e+003,4.199080e-002
1.586672e+003,4.206754e-002
1.587154e+003,4.213684e-002
1.587636e+003,4.220798e-002
1.588118e+003,4.228842e-002
1.588600e+003,4.237951e-002
1.589083e+003,4.247389e-002
1.589565e+003,4.256005e-002
1.590047e+003,4.262793e-002
1.590529e+003,4.267460e-002
1.591011e+003,4.270610e-002
1.591493e+003,4.273368e-002
1.591975e+003,4.276868e-002
1.592458e+003,4.281588e-002
1.592939e+003,4.287247e-002
1.593422e+003,4.292937e-002
1.593904e+003,4.297743e-002
1.594386e+003,4.301201e-002
1.594868e+003,4.303599e-002
1.595350e+003,4.305647e-002
1.595832e+003,4.308102e-002
1.596314e+003,4.311075e-002
1.596797e+003,4.314049e-002
1.597279e+003,4.316135e-002
1.597761e+003,4.316609e-002
1.598243e+003,4.315410e-002
1.598725e+003,4.313138e-002
1.599207e+003,4.310869e-002
1.599689e+003,4.309587e-002
1.600171e+003,4.309678e-002
1.600654e+003,4.310847e-002
1.601136e+003,4.312184e-002
1.601618e+003,4.312896e-002
1.602100e+003,4.312619e-002
1.602582e+003,4.311753e-002
1.603064e+003,4.311202e-002
1.603546e+003,4.311712e-002
1.604028e+003,4.313444e-002
1.604510e+003,4.315810e-002
1.604993e+003,4.317791e-002
1.605475e+003,4.318624e-002
1.605957e+003,4.318217e-002
1.606439e+003,4.317242e-002
1.606921e+003,4.316975e-002
1.607403e+003,4.318520e-002
1.607885e+003,4.322280e-002
1.608367e+003,4.327625e-002
1.608850e+003,4.333300e-002
1.609332e+003,4.338043e-002
1.609814e+003,4.341419e-002
1.610296e+003,4.343928e-002
1.610778e+003,4.346610e-002
1.611260e+003,4.350229e-002
1.611742e+003,4.354815e-002
1.612225e+003,4.359551e-002
1.612707e+003,4.363186e-002
1.613189e+003,4.364730e-002
1.613671e+003,4.364077e-002
1.614153e+003,4.362256e-002
1.614635e+003,4.361533e-002
1.615117e+003,4.364993e-002
1.615599e+003,4.375577e-002
1.616082e+003,4.394267e-002
1.616564e+003,4.418534e-002
1.617046e+003,4.443142e-002
1.617528e+003,4.463556e-002
1.618010e+003,4.478410e-002
1.618492e+003,4.489039e-002
1.618974e+003,4.497478e-002
1.619456e+003,4.505196e-002
1.619938e+003,4.512667e-002
1.620421e+003,4.519958e-002
1.620903e+003,4.527121e-002
1.621385e+003,4.534833e-002
1.621867e+003,4.544625e-002
1.622349e+003,4.558391e-002
1.622831e+003,4.577169e-002
1.623313e+003,4.599643e-002
1.623796e+003,4.622232e-002
1.624278e+003,4.641077e-002
1.624760e+003,4.654103e-002
1.625242e+003,4.661823e-002
1.625724e+003,4.666584e-002
1.626206e+003,4.671497e-002
1.626688e+003,4.679343e-002
1.627170e+003,4.691440e-002
1.627653e+003,4.707060e-002
1.628135e+003,4.723777e-002
1.628617e+003,4.738544e-002
1.629099e+003,4.749593e-002
1.629581e+003,4.757010e-002
1.630063e+003,4.762183e-002
1.630545e+003,4.766719e-002
1.631027e+003,4.771463e-002
1.631510e+003,4.776216e-002
1.631992e+003,4.779994e-002
1.632474e+003,4.781683e-002
1.632956e+003,4.780832e-002
1.633438e+003,4.778191e-002
1.633920e+003,4.776248e-002
1.634402e+003,4.778776e-002
1.634885e+003,4.789601e-002
1.635366e+003,4.809451e-002
1.635849e+003,4.833509e-002
1.636331e+003,4.853967e-002
1.636813e+003,4.866320e-002
1.637295e+003,4.871756e-002
1.637777e+003,4.874225e-002
1.638259e+003,4.877096e-002
1.638741e+003,4.881839e-002
1.639224e+003,4.888116e-002
1.639706e+003,4.894476e-002
1.640188e+003,4.899245e-002
1.640670e+003,4.901420e-002
1.641152e+003,4.901199e-002
1.641634e+003,4.899738e-002
1.642116e+003,4.898385e-002
1.642598e+003,4.897888e-002
1.643081e+003,4.897939e-002
1.643563e+003,4.897217e-002
1.644045e+003,4.894039e-002
1.644527e+003,4.887141e-002
1.645009e+003,4.876529e-002
1.645491e+003,4.864137e-002
1.645973e+003,4.853501e-002
1.646455e+003,4.847864e-002
1.646938e+003,4.847252e-002
1.647420e+003,4.847549e-002
1.647902e+003,4.844072e-002
1.648384e+003,4.835157e-002
1.648866e+003,4.822199e-002
1.649348e+003,4.807752e-002
1.649830e+003,4.793894e-002
1.650313e+003,4.781588e-002
1.650794e+003,4.770443e-002
1.651277e+003,4.758341e-002
1.651759e+003,4.741287e-002
1.652241e+003,4.714252e-002
1.652723e+003,4.675832e-002
1.653205e+003,4.634692e-002
1.653687e+003,4.604676e-002
1.654169e+003,4.589104e-002
1.654652e+003,4.580459e-002
1.655134e+003,4.570766e-002
1.655616e+003,4.555917e-002
1.656098e+003,4.535061e-002
1.656580e+003,4.509196e-002
1.657062e+003,4.480181e-002
1.657544e+003,4.449952e-002
1.658026e+003,4.419924e-002
1.658509e+003,4.390469e-002
1.658991e+003,4.361027e-002
1.659473e+003,4.330505e-002
1.659955e+003,4.297924e-002
1.660437e+003,4.262894e-002
1.660919e+003,4.225859e-002
1.661401e+003,4.187761e-002
1.661883e+003,4.149603e-002
1.662365e+003,4.111939e-002
1.662848e+003,4.074670e-002
1.663330e+003,4.037521e-002
1.663812e+003,4.000779e-002
1.664294e+003,3.965328e-002
1.664776e+003,3.932209e-002
1.665258e+003,3.902116e-002
1.665740e+003,3.874993e-002
1.666222e+003,3.849862e-002
1.666705e+003,3.824905e-002
1.667187e+003,3.797812e-002
1.667669e+003,3.766448e-002
1.668151e+003,3.729817e-002
1.668633e+003,3.689113e-002
1.669115e+003,3.647699e-002
1.669597e+003,3.609541e-002
1.670080e+003,3.576713e-002
1.670562e+003,3.548391e-002
1.671044e+003,3.521977e-002
1.671526e+003,3.495225e-002
1.672008e+003,3.467242e-002
1.672490e+003,3.438308e-002
1.672972e+003,3.409059e-002
1.673454e+003,3.379807e-002
1.673937e+003,3.350125e-002
1.674419e+003,3.318998e-002
1.674901e+003,3.285610e-002
1.675383e+003,3.250417e-002
1.675865e+003,3.215547e-002
1.676347e+003,3.183430e-002
1.676829e+003,3.155427e-002
1.677311e+003,3.131279e-002
1.677793e+003,3.109485e-002
1.678276e+003,3.088040e-002
1.678758e+003,3.064889e-002
1.679240e+003,3.038825e-002
1.679722e+003,3.009960e-002
1.680204e+003,2.979809e-002
1.680686e+003,2.950501e-002
1.681168e+003,2.923720e-002
1.681650e+003,2.899711e-002
1.682133e+003,2.877036e-002
1.682615e+003,2.852719e-002
1.683097e+003,2.823157e-002
1.683579e+003,2.786741e-002
1.684061e+003,2.747233e-002
1.684543e+003,2.712516e-002
1.685025e+003,2.687380e-002
1.685508e+003,2.669877e-002
1.685990e+003,2.655277e-002
1.686472e+003,2.639791e-002
1.686954e+003,2.621611e-002
1.687436e+003,2.600610e-002
1.687918e+003,2.577691e-002
1.688400e+003,2.554338e-002
1.688882e+003,2.531841e-002
1.689365e+003,2.510769e-002
1.689847e+003,2.490810e-002
1.690329e+003,2.471122e-002
1.690811e+003,2.451226e-002
1.691293e+003,2.431208e-002
1.691775e+003,2.411781e-002
1.692257e+003,2.393709e-002
1.692739e+003,2.377362e-002
1.693221e+003,2.362425e-002
1.693704e+003,2.347939e-002
1.694186e+003,2.332445e-002
1.694668e+003,2.314837e-002
1.695150e+003,2.295217e-002
1.695632e+003,2.275702e-002
1.696114e+003,2.259368e-002
1.696596e+003,2.247844e-002
1.697078e+003,2.239932e-002
1.697561e+003,2.232753e-002
1.698043e+003,2.223337e-002
1.698525e+003,2.210009e-002
1.699007e+003,2.193097e-002
1.699489e+003,2.175489e-002
1.699971e+003,2.161906e-002
1.700453e+003,2.155540e-002
1.700936e+003,2.154765e-002
1.701417e+003,2.154887e-002
1.701900e+003,2.152224e-002
1.702382e+003,2.145865e-002
1.702864e+003,2.136825e-002
1.703346e+003,2.127062e-002
1.703828e+003,2.118530e-002
1.704310e+003,2.112570e-002
1.704792e+003,2.109117e-002
1.705275e+003,2.106498e-002
1.705757e+003,2.102302e-002
1.706239e+003,2.095074e-002
1.706721e+003,2.085359e-002
1.707203e+003,2.075168e-002
1.707685e+003,2.066514e-002
1.708167e+003,2.060428e-002
1.708649e+003,2.056568e-002
1.709132e+003,2.053568e-002
1.709614e+003,2.049786e-002
1.710096e+003,2.044137e-002
1.710578e+003,2.036785e-002
1.711060e+003,2.029033e-002
1.711542e+003,2.022634e-002
1.712024e+003,2.019118e-002
1.712506e+003,2.019028e-002
1.712989e+003,2.021789e-002
1.713471e+003,2.025975e-002
1.713953e+003,2.030134e-002
1.714435e+003,2.033671e-002
1.714917e+003,2.037577e-002
1.715399e+003,2.044377e-002
1.715881e+003,2.057219e-002
1.716364e+003,2.078565e-002
1.716845e+003,2.108543e-002
1.717328e+003,2.144328e-002
1.717810e+003,2.181339e-002
1.718292e+003,2.215826e-002
1.718774e+003,2.246860e-002
1.719256e+003,2.275376e-002
1.719738e+003,2.302759e-002
1.720220e+003,2.330021e-002
1.720703e+003,2.357748e-002
1.721185e+003,2.386701e-002
1.721667e+003,2.418219e-002
1.722149e+003,2.454191e-002
1.722631e+003,2.496873e-002
1.723113e+003,2.547925e-002
1.723595e+003,2.607435e-002
1.724077e+003,2.673697e-002
1.724560e+003,2.743917e-002
1.725042e+003,2.815546e-002
1.725524e+003,2.887495e-002
1.726006e+003,2.960575e-002
1.726488e+003,3.037293e-002
1.726970e+003,3.121096e-002
1.727452e+003,3.215605e-002
1.727934e+003,3.323611e-002
1.728417e+003,3.446386e-002
1.728899e+003,3.582915e-002
1.729381e+003,3.729659e-002
1.729863e+003,3.881263e-002
1.730345e+003,4.032481e-002
1.730827e+003,4.180486e-002
1.731309e+003,4.327469e-002
1.731792e+003,4.482869e-002
1.732273e+003,4.665610e-002
1.732756e+003,4.904120e-002
1.733238e+003,5.228018e-002
1.733720e+003,5.643858e-002
1.734202e+003,6.110416e-002
1.734684e+003,6.553806e-002
1.735166e+003,6.921051e-002
1.735648e+003,7.206815e-002
1.736131e+003,7.436197e-002
1.736613e+003,7.641035e-002
1.737095e+003,7.849416e-002
1.737577e+003,8.084044e-002
1.738059e+003,8.361313e-002
1.738541e+003,8.687652e-002
1.739023e+003,9.054109e-002
1.739505e+003,9.435450e-002
1.739988e+003,9.799614e-002
1.740470e+003,1.012312e-001
1.740952e+003,1.039928e-001
1.741434e+003,1.063456e-001
1.741916e+003,1.083953e-001
1.742398e+003,1.102154e-001
1.742880e+003,1.118222e-001
1.743362e+003,1.131837e-001
1.743844e+003,1.142521e-001
1.744327e+003,1.149954e-001
1.744809e+003,1.154054e-001
1.745291e+003,1.154878e-001
1.745773e+003,1.152411e-001
1.746255e+003,1.146463e-001
1.746737e+003,1.136749e-001
1.747219e+003,1.123082e-001
1.747702e+003,1.105563e-001
1.748184e+003,1.084594e-001
1.748666e+003,1.060631e-001
1.749148e+003,1.033807e-001
1.749630e+003,1.003818e-001
1.750112e+003,9.702238e-002
1.750594e+003,9.331369e-002
1.751076e+003,8.937516e-002
1.751559e+003,8.541689e-002
1.752041e+003,8.165216e-002
1.752523e+003,7.820757e-002
1.753005e+003,7.509167e-002
1.753487e+003,7.222228e-002
1.753969e+003,6.947046e-002
1.754451e+003,6.669891e-002
1.754933e+003,6.378966e-002
1.755416e+003,6.067148e-002
1.755898e+003,5.735026e-002
1.756380e+003,5.392657e-002
1.756862e+003,5.057042e-002
1.757344e+003,4.745314e-002
1.757826e+003,4.467664e-002
1.758308e+003,4.225042e-002
1.758791e+003,4.011617e-002
1.759272e+003,3.818509e-002
1.759755e+003,3.636599e-002
1.760237e+003,3.458051e-002
1.760719e+003,3.277579e-002
1.761201e+003,3.094064e-002
1.761683e+003,2.911808e-002
1.762165e+003,2.739311e-002
1.762647e+003,2.585430e-002
1.763130e+003,2.455142e-002
1.763612e+003,2.347990e-002
1.764094e+003,2.259477e-002
1.764576e+003,2.183428e-002
1.765058e+003,2.114086e-002
1.765540e+003,2.047125e-002
1.766022e+003,1.980271e-002
1.766504e+003,1.913469e-002
1.766987e+003,1.848603e-002
1.767469e+003,1.788402e-002
1.767951e+003,1.734999e-002
1.768433e+003,1.688636e-002
1.768915e+003,1.647784e-002
1.769397e+003,1.610123e-002
1.769879e+003,1.573706e-002
1.770361e+003,1.537752e-002
1.770844e+003,1.502706e-002
1.771326e+003,1.469691e-002
1.771808e+003,1.439764e-002
1.772290e+003,1.412793e-002
1.772772e+003,1.387743e-002
1.773254e+003,1.363424e-002
1.773736e+003,1.339624e-002
1.774219e+003,1.317022e-002
1.774700e+003,1.296584e-002
1.775183e+003,1.278910e-002
1.775665e+003,1.263915e-002
1.776147e+003,1.250853e-002
1.776629e+003,1.238707e-002
1.777111e+003,1.226688e-002
1.777593e+003,1.214641e-002
1.778075e+003,1.202965e-002
1.778558e+003,1.192434e-002
1.779040e+003,1.183527e-002
1.779522e+003,1.176095e-002
1.780004e+003,1.169144e-002
1.780486e+003,1.161417e-002
1.780968e+003,1.152004e-002
1.781450e+003,1.140993e-002
1.781932e+003,1.129361e-002
1.782415e+003,1.118347e-002
1.782897e+003,1.108797e-002
1.783379e+003,1.100819e-002
1.783861e+003,1.093809e-002
1.784343e+003,1.086723e-002
1.784825e+003,1.078729e-002
1.785307e+003,1.069688e-002
1.785789e+003,1.060120e-002
1.786271e+003,1.050945e-002
1.786754e+003,1.042720e-002
1.787236e+003,1.035469e-002
1.787718e+003,1.028593e-002
1.788200e+003,1.021330e-002
1.788682e+003,1.013096e-002
1.789164e+003,1.003754e-002
1.789646e+003,9.938501e-003
1.790128e+003,9.843677e-003
1.790611e+003,9.764075e-003
1.791093e+003,9.706249e-003
1.791575e+003,9.668110e-003
1.792057e+003,9.640052e-003
1.792539e+003,9.609452e-003
1.793021e+003,9.569572e-003
1.793503e+003,9.521431e-003
1.793986e+003,9.470439e-003
1.794468e+003,9.420144e-003
1.794950e+003,9.370665e-003
1.795432e+003,9.319116e-003
1.795914e+003,9.262062e-003
1.796396e+003,9.198596e-003
1.796878e+003,9.131367e-003
1.797360e+003,9.066274e-003
1.797843e+003,9.009286e-003
1.798325e+003,8.963904e-003
1.798807e+003,8.929229e-003
1.799289e+003,8.900024e-003
1.799771e+003,8.870684e-003
1.800253e+003,8.836862e-003
1.800735e+003,8.799343e-003
1.801217e+003,8.762527e-003
1.801699e+003,8.729919e-003
1.802182e+003,8.702246e-003
1.802664e+003,8.675763e-003
1.803146e+003,8.644619e-003
1.803628e+003,8.603786e-003
1.804110e+003,8.552541e-003
1.804592e+003,8.494259e-003
1.805074e+003,8.434859e-003
1.805556e+003,8.380211e-003
1.806039e+003,8.332731e-003
1.806521e+003,8.290614e-003
1.807003e+003,8.248596e-003
1.807485e+003,8.201895e-003
1.807967e+003,8.148212e-003
1.808449e+003,8.089295e-003
1.808931e+003,8.031079e-003
1.809414e+003,7.979374e-003
1.809896e+003,7.937580e-003
1.810378e+003,7.902915e-003
1.810860e+003,7.868172e-003
1.811342e+003,7.824680e-003
1.811824e+003,7.764557e-003
1.812306e+003,7.685182e-003
1.812788e+003,7.586728e-003
1.813271e+003,7.471979e-003
1.813753e+003,7.343960e-003
1.814235e+003,7.206067e-003
1.814717e+003,7.064848e-003
1.815199e+003,6.932134e-003
1.815681e+003,6.824069e-003
1.816163e+003,6.760388e-003
1.816645e+003,6.755566e-003
1.817127e+003,6.813593e-003
1.817610e+003,6.923113e-003
1.818092e+003,7.061637e-003
1.818574e+003,7.202140e-003
1.819056e+003,7.322302e-003
1.819538e+003,7.409316e-003
1.820020e+003,7.461562e-003
1.820502e+003,7.486738e-003
1.820984e+003,7.495299e-003
1.821467e+003,7.495943e-003
1.821949e+003,7.492077e-003
1.822431e+003,7.483269e-003
1.822913e+003,7.468421e-003
1.823395e+003,7.446792e-003
1.823877e+003,7.421616e-003
1.824359e+003,7.397890e-003
1.824842e+003,7.378851e-003
1.825323e+003,7.362671e-003
1.825806e+003,7.342816e-003
1.826288e+003,7.310799e-003
1.826770e+003,7.262454e-003
1.827252e+003,7.198384e-003
1.827734e+003,7.125120e-003
1.828216e+003,7.052983e-003
1.828698e+003,6.992796e-003
1.829181e+003,6.951044e-003
1.829663e+003,6.926946e-003
1.830145e+003,6.912255e-003
1.830627e+003,6.897618e-003
1.831109e+003,6.878565e-003
1.831591e+003,6.856931e-003
1.832073e+003,6.837612e-003
1.832555e+003,6.825264e-003
1.833038e+003,6.820383e-003
1.833520e+003,6.820706e-003
1.834002e+003,6.822133e-003
1.834484e+003,6.821350e-003
1.834966e+003,6.818054e-003
1.835448e+003,6.815245e-003
1.835930e+003,6.816728e-003
1.836412e+003,6.824349e-003
1.836895e+003,6.835041e-003
1.837377e+003,6.842669e-003
1.837859e+003,6.838997e-003
1.838341e+003,6.819596e-003
1.838823e+003,6.785315e-003
1.839305e+003,6.741919e-003
1.839787e+003,6.697027e-003
1.840270e+003,6.655742e-003
1.840751e+003,6.618125e-003
1.841234e+003,6.580859e-003
1.841716e+003,6.538529e-003
1.842198e+003,6.489595e-003
1.842680e+003,6.439406e-003
1.843162e+003,6.401259e-003
1.843644e+003,6.391295e-003
1.844126e+003,6.418159e-003
1.844609e+003,6.474610e-003
1.845091e+003,6.539971e-003
1.845573e+003,6.590880e-003
1.846055e+003,6.613755e-003
1.846537e+003,6.606662e-003
1.847019e+003,6.578089e-003
1.847501e+003,6.540432e-003
1.847983e+003,6.504358e-003
1.848466e+003,6.474380e-003
1.848948e+003,6.448958e-003
1.849430e+003,6.421358e-003
1.849912e+003,6.386085e-003
1.850394e+003,6.341029e-003
1.850876e+003,6.290514e-003
1.851358e+003,6.242137e-003
1.851840e+003,6.204002e-003
1.852323e+003,6.180877e-003
1.852805e+003,6.173269e-003
1.853287e+003,6.177599e-003
1.853769e+003,6.189356e-003
1.854251e+003,6.205205e-003
1.854733e+003,6.224532e-003
1.855215e+003,6.247337e-003
1.855698e+003,6.273498e-003
1.856179e+003,6.300356e-003
1.856662e+003,6.323693e-003
1.857144e+003,6.338545e-003
1.857626e+003,6.343541e-003
1.858108e+003,6.340967e-003
1.858590e+003,6.335848e-003
1.859072e+003,6.332710e-003
1.859554e+003,6.332987e-003
1.860037e+003,6.332454e-003
1.860519e+003,6.323596e-003
1.861001e+003,6.299382e-003
1.861483e+003,6.257501e-003
1.861965e+003,6.202734e-003
1.862447e+003,6.144955e-003
1.862929e+003,6.095794e-003
1.863411e+003,6.062597e-003
1.863894e+003,6.045997e-003
1.864376e+003,6.041088e-003
1.864858e+003,6.039787e-003
1.865340e+003,6.035744e-003
1.865822e+003,6.027463e-003
1.866304e+003,6.019613e-003
1.866786e+003,6.020731e-003
1.867268e+003,6.038369e-003
1.867750e+003,6.075716e-003
1.868233e+003,6.127866e-003
1.868715e+003,6.183851e-003
1.869197e+003,6.233751e-003
1.869679e+003,6.271382e-003
1.870161e+003,6.298415e-003
1.870643e+003,6.316030e-003
1.871125e+003,6.324468e-003
1.871608e+003,6.319598e-003
1.872090e+003,6.294971e-003
1.872572e+003,6.246070e-003
1.873054e+003,6.174322e-003
1.873536e+003,6.087532e-003
1.874018e+003,5.999767e-003
1.874500e+003,5.925605e-003
1.874982e+003,5.874814e-003
1.875465e+003,5.849098e-003
1.875947e+003,5.842839e-003
1.876429e+003,5.846031e-003
1.876911e+003,5.850666e-003
1.877393e+003,5.852294e-003
1.877875e+003,5.852606e-003
1.878357e+003,5.854736e-003
1.878839e+003,5.860627e-003
1.879322e+003,5.867588e-003
1.879804e+003,5.871728e-003
1.880286e+003,5.867021e-003
1.880768e+003,5.853713e-003
1.881250e+003,5.835940e-003
1.881732e+003,5.821359e-003
1.882214e+003,5.817324e-003
1.882697e+003,5.825598e-003
1.883178e+003,5.841294e-003
1.883661e+003,5.853915e-003
1.884143e+003,5.851641e-003
1.884625e+003,5.828988e-003
1.885107e+003,5.786947e-003
1.885589e+003,5.733627e-003
1.886071e+003,5.679840e-003
1.886553e+003,5.633140e-003
1.887036e+003,5.595800e-003
1.887518e+003,5.565682e-003
1.888000e+003,5.540589e-003
1.888482e+003,5.522853e-003
1.888964e+003,5.520040e-003
1.889446e+003,5.542879e-003
1.889928e+003,5.597128e-003
1.890410e+003,5.676886e-003
1.890893e+003,5.764958e-003
1.891375e+003,5.838818e-003
1.891857e+003,5.878630e-003
1.892339e+003,5.874191e-003
1.892821e+003,5.826356e-003
1.893303e+003,5.748049e-003
1.893785e+003,5.658272e-003
1.894267e+003,5.577370e-003
1.894750e+003,5.516849e-003
1.895232e+003,5.480006e-003
1.895714e+003,5.458637e-003
1.896196e+003,5.443707e-003
1.896678e+003,5.426872e-003
1.897160e+003,5.406738e-003
1.897642e+003,5.385770e-003
1.898125e+003,5.368338e-003
1.898606e+003,5.357671e-003
1.899089e+003,5.354345e-003
1.899571e+003,5.357542e-003
1.900053e+003,5.367518e-003
1.900535e+003,5.384918e-003
1.901017e+003,5.412341e-003
1.901499e+003,5.448342e-003
1.901981e+003,5.488611e-003
1.902464e+003,5.525030e-003
1.902946e+003,5.547505e-003
1.903428e+003,5.549354e-003
1.903910e+003,5.531136e-003
1.904392e+003,5.500712e-003
1.904874e+003,5.470527e-003
1.905356e+003,5.452846e-003
1.905838e+003,5.453273e-003
1.906321e+003,5.469214e-003
1.906803e+003,5.491712e-003
1.907285e+003,5.509640e-003
1.907767e+003,5.514724e-003
1.908249e+003,5.505234e-003
1.908731e+003,5.486569e-003
1.909213e+003,5.465350e-003
1.909695e+003,5.446284e-003
1.910177e+003,5.428292e-003
1.910660e+003,5.406531e-003
1.911142e+003,5.375453e-003
1.911624e+003,5.334671e-003
1.912106e+003,5.287428e-003
1.912588e+003,5.241058e-003
1.913070e+003,5.202067e-003
1.913552e+003,5.172242e-003
1.914034e+003,5.148786e-003
1.914517e+003,5.126083e-003
1.914999e+003,5.099411e-003
1.915481e+003,5.069916e-003
1.915963e+003,5.042705e-003
1.916445e+003,5.026214e-003
1.916927e+003,5.022686e-003
1.917409e+003,5.027337e-003
1.917892e+003,5.023615e-003
1.918374e+003,4.993862e-003
1.918856e+003,4.927513e-003
1.919338e+003,4.829535e-003
1.919820e+003,4.717062e-003
1.920302e+003,4.613697e-003
1.920784e+003,4.539727e-003
1.921266e+003,4.505023e-003
1.921749e+003,4.506538e-003
1.922231e+003,4.529248e-003
1.922713e+003,4.551395e-003
1.923195e+003,4.555291e-003
1.923677e+003,4.533169e-003
1.924159e+003,4.488025e-003
1.924641e+003,4.428820e-003
1.925123e+003,4.362215e-003
1.925605e+003,4.289746e-003
1.926088e+003,4.210896e-003
1.926570e+003,4.125022e-003
1.927052e+003,4.038599e-003
1.927534e+003,3.962602e-003
1.928016e+003,3.910771e-003
1.928498e+003,3.890820e-003
1.928980e+003,3.901618e-003
1.929462e+003,3.930468e-003
1.929945e+003,3.962419e-003
1.930427e+003,3.983909e-003
1.930909e+003,3.993647e-003
1.931391e+003,3.998824e-003
1.931873e+003,4.013135e-003
1.932355e+003,4.043988e-003
1.932837e+003,4.086634e-003
1.933320e+003,4.122929e-003
1.933802e+003,4.127950e-003
1.934284e+003,4.083702e-003
1.934766e+003,3.988484e-003
1.935248e+003,3.861148e-003
1.935730e+003,3.735313e-003
1.936212e+003,3.643777e-003
1.936694e+003,3.606145e-003
1.937177e+003,3.620000e-003
1.937659e+003,3.663716e-003
1.938141e+003,3.706746e-003
1.938623e+003,3.724830e-003
1.939105e+003,3.706267e-003
1.939587e+003,3.656970e-003
1.940069e+003,3.592351e-003
1.940551e+003,3.530094e-003
1.941033e+003,3.479240e-003
1.941516e+003,3.444319e-003
1.941998e+003,3.421786e-003
1.942480e+003,3.414558e-003
1.942962e+003,3.428850e-003
1.943444e+003,3.475091e-003
1.943926e+003,3.559777e-003
1.944408e+003,3.678743e-003
1.944890e+003,3.816491e-003
1.945373e+003,3.950833e-003
1.945855e+003,4.058181e-003
1.946337e+003,4.125739e-003
1.946819e+003,4.149773e-003
1.947301e+003,4.139325e-003
1.947783e+003,4.105199e-003
1.948265e+003,4.057241e-003
1.948748e+003,3.994535e-003
1.949229e+003,3.912012e-003
1.949712e+003,3.802980e-003
1.950194e+003,3.670219e-003
1.950676e+003,3.523978e-003
1.951158e+003,3.380481e-003
1.951640e+003,3.252516e-003
1.952122e+003,3.140349e-003
1.952604e+003,3.031322e-003
1.953087e+003,2.908423e-003
1.953569e+003,2.756323e-003
1.954051e+003,2.575145e-003
1.954533e+003,2.377031e-003
1.955015e+003,2.182957e-003
1.955497e+003,2.008055e-003
1.955979e+003,1.853953e-003
1.956461e+003,1.703699e-003
1.956944e+003,1.541511e-003
1.957426e+003,1.357186e-003
1.957908e+003,1.169433e-003
1.958390e+003,1.015021e-003
1.958872e+003,9.426231e-004
1.959354e+003,9.858818e-004
1.959836e+003,1.148736e-003
1.960318e+003,1.396861e-003
1.960801e+003,1.679095e-003
1.961283e+003,1.940002e-003
1.961765e+003,2.148787e-003
1.962247e+003,2.302570e-003
1.962729e+003,2.422868e-003
1.963211e+003,2.537631e-003
1.963693e+003,2.664474e-003
1.964176e+003,2.796883e-003
1.964657e+003,2.913766e-003
1.965140e+003,2.981648e-003
1.965622e+003,2.981334e-003
1.966104e+003,2.907675e-003
1.966586e+003,2.779657e-003
1.967068e+003,2.622634e-003
1.967550e+003,2.459483e-003
1.968032e+003,2.297132e-003
1.968515e+003,2.134209e-003
1.968997e+003,1.966595e-003
1.969479e+003,1.805079e-003
1.969961e+003,1.666927e-003
1.970443e+003,1.574056e-003
1.970925e+003,1.531917e-003
1.971407e+003,1.527383e-003
1.971889e+003,1.521212e-003
1.972372e+003,1.473989e-003
1.972854e+003,1.360878e-003
1.973336e+003,1.190172e-003
1.973818e+003,1.002457e-003
1.974300e+003,8.639334e-004
1.974782e+003,8.407616e-004
1.975264e+003,9.809791e-004
1.975746e+003,1.309306e-003
1.976229e+003,1.830426e-003
1.976711e+003,2.537081e-003
1.977193e+003,3.415195e-003
1.977675e+003,4.418850e-003
1.978157e+003,5.469285e-003
1.978639e+003,6.452220e-003
1.979121e+003,7.250046e-003
1.979604e+003,7.766994e-003
1.980085e+003,7.963612e-003
1.980568e+003,7.859516e-003
1.981050e+003,7.537364e-003
1.981532e+003,7.112826e-003
1.982014e+003,6.709203e-003
1.982496e+003,6.412977e-003
1.982978e+003,6.253168e-003
1.983460e+003,6.197891e-003
1.983943e+003,6.185428e-003
1.984425e+003,6.152892e-003
1.984907e+003,6.072253e-003
1.985389e+003,5.952898e-003
1.985871e+003,5.839862e-003
1.986353e+003,5.778465e-003
1.986835e+003,5.791996e-003
1.987317e+003,5.862280e-003
1.987800e+003,5.942950e-003
1.988282e+003,5.972253e-003
1.988764e+003,5.909672e-003
1.989246e+003,5.744680e-003
1.989728e+003,5.503002e-003
1.990210e+003,5.231817e-003
1.990692e+003,4.982147e-003
1.991174e+003,4.785699e-003
1.991656e+003,4.653687e-003
1.992139e+003,4.578233e-003
1.992621e+003,4.547350e-003
1.993103e+003,4.548317e-003
1.993585e+003,4.573987e-003
1.994067e+003,4.611294e-003
1.994549e+003,4.645098e-003
1.995031e+003,4.649676e-003
1.995514e+003,4.601012e-003
1.995996e+003,4.484050e-003
1.996478e+003,4.304620e-003
1.996960e+003,4.084519e-003
1.997442e+003,3.861510e-003
1.997924e+003,3.667768e-003
1.998406e+003,3.517122e-003
1.998888e+003,3.401803e-003
1.999371e+003,3.299942e-003
1.999853e+003,3.185141e-003
2.000335e+003,3.043829e-003
2.000817e+003,2.875465e-003
2.001299e+003,2.689691e-003
2.001781e+003,2.493558e-003
2.002263e+003,2.289259e-003
2.002745e+003,2.062028e-003
2.003228e+003,1.812464e-003
2.003710e+003,1.551812e-003
2.004192e+003,1.326826e-003
2.004674e+003,1.200027e-003
2.005156e+003,1.236708e-003
2.005638e+003,1.470159e-003
2.006120e+003,1.879096e-003
2.006603e+003,2.392219e-003
2.007084e+003,2.913631e-003
2.007567e+003,3.352532e-003
2.008049e+003,3.659762e-003
2.008531e+003,3.830005e-003
2.009013e+003,3.903270e-003
2.009495e+003,3.927014e-003
2.009977e+003,3.938058e-003
2.010459e+003,3.938065e-003
2.010942e+003,3.906146e-003
2.011424e+003,3.811960e-003
2.011906e+003,3.644232e-003
2.012388e+003,3.414735e-003
2.012870e+003,3.162163e-003
2.013352e+003,2.930762e-003
2.013834e+003,2.754062e-003
2.014316e+003,2.642315e-003
2.014799e+003,2.593934e-003
2.015281e+003,2.600381e-003
2.015763e+003,2.664578e-003
2.016245e+003,2.801793e-003
2.016727e+003,3.022169e-003
2.017209e+003,3.321467e-003
2.017691e+003,3.664983e-003
2.018173e+003,3.993009e-003
2.018656e+003,4.249127e-003
2.019138e+003,4.389246e-003
2.019620e+003,4.413766e-003
2.020102e+003,4.350510e-003
2.020584e+003,4.253994e-003
2.021066e+003,4.171437e-003
2.021548e+003,4.131850e-003
2.022031e+003,4.126239e-003
2.022512e+003,4.128704e-003
2.022995e+003,4.106455e-003
2.023477e+003,4.049708e-003
2.023959e+003,3.970436e-003
2.024441e+003,3.897737e-003
2.024923e+003,3.854929e-003
2.025405e+003,3.846477e-003
2.025887e+003,3.846179e-003
2.026370e+003,3.818031e-003
2.026852e+003,3.724177e-003
2.027334e+003,3.559131e-003
2.027816e+003,3.342237e-003
2.028298e+003,3.120437e-003
2.028780e+003,2.938988e-003
2.029262e+003,2.827908e-003
2.029744e+003,2.788639e-003
2.030227e+003,2.812044e-003
2.030709e+003,2.885210e-003
2.031191e+003,3.018046e-003
2.031673e+003,3.230213e-003
2.032155e+003,3.549274e-003
2.032637e+003,3.981236e-003
2.033119e+003,4.504206e-003
2.033601e+003,5.063173e-003
2.034083e+003,5.600173e-003
2.034566e+003,6.061317e-003
2.035048e+003,6.426671e-003
2.035530e+003,6.697606e-003
2.036012e+003,6.900623e-003
2.036494e+003,7.055760e-003
2.036976e+003,7.171599e-003
2.037458e+003,7.233462e-003
2.037940e+003,7.217949e-003
2.038423e+003,7.105403e-003
2.038905e+003,6.907704e-003
2.039387e+003,6.660050e-003
2.039869e+003,6.422969e-003
2.040351e+003,6.256643e-003
2.040833e+003,6.201396e-003
2.041315e+003,6.262462e-003
2.041798e+003,6.420591e-003
2.042280e+003,6.637589e-003
2.042762e+003,6.879366e-003
2.043244e+003,7.115588e-003
2.043726e+003,7.324945e-003
2.044208e+003,7.489774e-003
2.044690e+003,7.597038e-003
2.045172e+003,7.639496e-003
2.045655e+003,7.634188e-003
2.046137e+003,7.621763e-003
2.046619e+003,7.676499e-003
2.047101e+003,7.880366e-003
2.047583e+003,8.301776e-003
2.048065e+003,8.950990e-003
2.048547e+003,9.767178e-003
2.049029e+003,1.062228e-002
2.049511e+003,1.136043e-002
2.049994e+003,1.183827e-002
2.050476e+003,1.197594e-002
2.050958e+003,1.176926e-002
2.051440e+003,1.129119e-002
2.051922e+003,1.066019e-002
2.052404e+003,1.000884e-002
2.052886e+003,9.440706e-003
2.053368e+003,9.021040e-003
2.053851e+003,8.762585e-003
2.054333e+003,8.644424e-003
2.054815e+003,8.616274e-003
2.055297e+003,8.624002e-003
2.055779e+003,8.618115e-003
2.056261e+003,8.567925e-003
2.056743e+003,8.460470e-003
2.057226e+003,8.303305e-003
2.057708e+003,8.118845e-003
2.058190e+003,7.942731e-003
2.058672e+003,7.812672e-003
2.059154e+003,7.762950e-003
2.059636e+003,7.809723e-003
2.060118e+003,7.946524e-003
2.060600e+003,8.143487e-003
2.061083e+003,8.357473e-003
2.061565e+003,8.540711e-003
2.062047e+003,8.658603e-003
2.062529e+003,8.692230e-003
2.063011e+003,8.646017e-003
2.063493e+003,8.540281e-003
2.063975e+003,8.403924e-003
2.064457e+003,8.260555e-003
2.064939e+003,8.128323e-003
2.065422e+003,8.012068e-003
2.065904e+003,7.912142e-003
2.066386e+003,7.824542e-003
2.066868e+003,7.747201e-003
2.067350e+003,7.680263e-003
2.067832e+003,7.628293e-003
2.068314e+003,7.595859e-003
2.068796e+003,7.589956e-003
2.069279e+003,7.617102e-003
2.069761e+003,7.684999e-003
2.070243e+003,7.795068e-003
2.070725e+003,7.946458e-003
2.071207e+003,8.128617e-003
2.071689e+003,8.327179e-003
2.072171e+003,8.522270e-003
2.072654e+003,8.697661e-003
2.073135e+003,8.839732e-003
2.073618e+003,8.944690e-003
2.074100e+003,9.014446e-003
2.074582e+003,9.055980e-003
2.075064e+003,9.076627e-003
2.075546e+003,9.084711e-003
2.076028e+003,9.086404e-003
2.076510e+003,9.090669e-003
2.076993e+003,9.103763e-003
2.077475e+003,9.135636e-003
2.077957e+003,9.189226e-003
2.078439e+003,9.261559e-003
2.078921e+003,9.337828e-003
2.079403e+003,9.397219e-003
2.079885e+003,9.415553e-003
2.080367e+003,9.380820e-003
2.080850e+003,9.292503e-003
2.081332e+003,9.172731e-003
2.081814e+003,9.054175e-003
2.082296e+003,8.972856e-003
2.082778e+003,8.953537e-003
2.083260e+003,9.000645e-003
2.083742e+003,9.096314e-003
2.084224e+003,9.207317e-003
2.084707e+003,9.293955e-003
2.085189e+003,9.326958e-003
2.085671e+003,9.290294e-003
2.086153e+003,9.188113e-003
2.086635e+003,9.037503e-003
2.087117e+003,8.864848e-003
2.087599e+003,8.693963e-003
2.088082e+003,8.543564e-003
2.088563e+003,8.421897e-003
2.089046e+003,8.329669e-003
2.089528e+003,8.257530e-003
2.090010e+003,8.190881e-003
2.090492e+003,8.110159e-003
2.090974e+003,7.998372e-003
2.091456e+003,7.844537e-003
2.091938e+003,7.651862e-003
2.092421e+003,7.437398e-003
2.092903e+003,7.235679e-003
2.093385e+003,7.084799e-003
2.093867e+003,7.019939e-003
2.094349e+003,7.056662e-003
2.094831e+003,7.188404e-003
2.095313e+003,7.383076e-003
2.095795e+003,7.599164e-003
2.096278e+003,7.795365e-003
2.096760e+003,7.946563e-003
2.097242e+003,8.045482e-003
2.097724e+003,8.103503e-003
2.098206e+003,8.138051e-003
2.098688e+003,8.165742e-003
2.099170e+003,8.192041e-003
2.099652e+003,8.213648e-003
2.100135e+003,8.221291e-003
2.100617e+003,8.207588e-003
2.101099e+003,8.169994e-003
2.101581e+003,8.114679e-003
2.102063e+003,8.051048e-003
2.102545e+003,7.990696e-003
2.103027e+003,7.941779e-003
2.103510e+003,7.911891e-003
2.103991e+003,7.904563e-003
2.104474e+003,7.927616e-003
2.104956e+003,7.985153e-003
2.105438e+003,8.082274e-003
2.105920e+003,8.214016e-003
2.106402e+003,8.369856e-003
2.106884e+003,8.530299e-003
2.107366e+003,8.676323e-003
2.107849e+003,8.791056e-003
2.108331e+003,8.869526e-003
2.108813e+003,8.915299e-003
2.109295e+003,8.941896e-003
2.109777e+003,8.962084e-003
2.110259e+003,8.984467e-003
2.110741e+003,9.008059e-003
2.111223e+003,9.025517e-003
2.111706e+003,9.024471e-003
2.112188e+003,8.996776e-003
2.112670e+003,8.937189e-003
2.113152e+003,8.847814e-003
2.113634e+003,8.732528e-003
2.114116e+003,8.597266e-003
2.114598e+003,8.445344e-003
2.115080e+003,8.280224e-003
2.115563e+003,8.104521e-003
2.116045e+003,7.926154e-003
2.116527e+003,7.752550e-003
2.117009e+003,7.594530e-003
2.117491e+003,7.457403e-003
2.117973e+003,7.340675e-003
2.118455e+003,7.238483e-003
2.118938e+003,7.140784e-003
2.119420e+003,7.038874e-003
2.119902e+003,6.928792e-003
2.120384e+003,6.810320e-003
2.120866e+003,6.687207e-003
2.121348e+003,6.560375e-003
2.121830e+003,6.427765e-003
2.122312e+003,6.283434e-003
2.122794e+003,6.121003e-003
2.123277e+003,5.937568e-003
2.123759e+003,5.737943e-003
2.124241e+003,5.531328e-003
2.124723e+003,5.329767e-003
2.125205e+003,5.139133e-003
2.125687e+003,4.958293e-003
2.126169e+003,4.775497e-003
2.126651e+003,4.580614e-003
2.127134e+003,4.364864e-003
2.127616e+003,4.133346e-003
2.128098e+003,3.897463e-003
2.128580e+003,3.672366e-003
2.129062e+003,3.464995e-003
2.129544e+003,3.270677e-003
2.130026e+003,3.069017e-003
2.130509e+003,2.838066e-003
2.130990e+003,2.561753e-003
2.131473e+003,2.250068e-003
2.131955e+003,1.934879e-003
2.132437e+003,1.669911e-003
2.132919e+003,1.508242e-003
2.133401e+003,1.487483e-003
2.133883e+003,1.612113e-003
2.134365e+003,1.855714e-003
2.134848e+003,2.165921e-003
2.135330e+003,2.488006e-003
2.135812e+003,2.774006e-003
2.136294e+003,2.996735e-003
2.136776e+003,3.148502e-003
2.137258e+003,3.232850e-003
2.137740e+003,3.258031e-003
2.138222e+003,3.229829e-003
2.138705e+003,3.149281e-003
2.139187e+003,3.024827e-003
2.139669e+003,2.866768e-003
2.140151e+003,2.694865e-003
2.140633e+003,2.527968e-003
2.141115e+003,2.379873e-003
2.141597e+003,2.250798e-003
2.142079e+003,2.135697e-003
2.142562e+003,2.021056e-003
2.143044e+003,1.905025e-003
2.143526e+003,1.792942e-003
2.144008e+003,1.701319e-003
2.144490e+003,1.648314e-003
2.144972e+003,1.645623e-003
2.145454e+003,1.686656e-003
2.145937e+003,1.754637e-003
2.146418e+003,1.818521e-003
2.146901e+003,1.853498e-003
2.147383e+003,1.838657e-003
2.147865e+003,1.767979e-003
2.148347e+003,1.637302e-003
2.148829e+003,1.451317e-003
2.149311e+003,1.207810e-003
2.149793e+003,9.067878e-004
2.150276e+003,5.452723e-004
2.150758e+003,1.356239e-004
2.151240e+003,-3.048117e-004
2.151722e+003,-7.518621e-004
2.152204e+003,-1.188572e-003
2.152686e+003,-1.611603e-003
2.153168e+003,-2.039330e-003
2.153650e+003,-2.499792e-003
2.154133e+003,-3.024622e-003
2.154615e+003,-3.617453e-003
2.155097e+003,-4.254104e-003
2.155579e+003,-4.865172e-003
2.156061e+003,-5.356080e-003
2.156543e+003,-5.609461e-003
2.157025e+003,-5.514944e-003
2.157507e+003,-4.972637e-003
2.157990e+003,-3.924005e-003
2.158472e+003,-2.361509e-003
2.158954e+003,-3.725510e-004
2.159436e+003,1.867546e-003
2.159918e+003,4.122706e-003
2.160400e+003,6.166100e-003
2.160882e+003,7.835163e-003
2.161365e+003,9.062408e-003
2.161846e+003,9.858756e-003
2.162329e+003,1.030474e-002
2.162811e+003,1.049856e-002
2.163293e+003,1.054932e-002
2.163775e+003,1.053999e-002
2.164257e+003,1.052965e-002
2.164739e+003,1.053229e-002
2.165221e+003,1.054290e-002
2.165704e+003,1.053045e-002
2.166186e+003,1.047153e-002
2.166668e+003,1.033950e-002
2.167150e+003,1.012599e-002
2.167632e+003,9.825261e-003
2.168114e+003,9.443079e-003
2.168596e+003,8.991817e-003
2.169078e+003,8.491328e-003
2.169561e+003,7.967830e-003
2.170043e+003,7.457146e-003
2.170525e+003,6.990275e-003
2.171007e+003,6.593835e-003
2.171489e+003,6.271915e-003
2.171971e+003,6.014565e-003
2.172453e+003,5.800697e-003
2.172935e+003,5.619231e-003
2.173417e+003,5.470964e-003
2.173900e+003,5.384808e-003
2.174382e+003,5.393176e-003
2.174864e+003,5.523241e-003
2.175346e+003,5.767229e-003
2.175828e+003,6.084234e-003
2.176310e+003,6.398581e-003
2.176792e+003,6.634432e-003
2.177274e+003,6.729188e-003
2.177757e+003,6.669853e-003
2.178239e+003,6.482077e-003
2.178721e+003,6.233577e-003
2.179203e+003,6.000002e-003
2.179685e+003,5.847839e-003
2.180167e+003,5.809446e-003
2.180649e+003,5.886196e-003
2.181132e+003,6.049167e-003
2.181614e+003,6.261354e-003
2.182096e+003,6.484164e-003
2.182578e+003,6.692630e-003
2.183060e+003,6.874494e-003
2.183542e+003,7.030812e-003
2.184024e+003,7.171476e-003
2.184506e+003,7.313679e-003
2.184989e+003,7.473699e-003
2.185471e+003,7.667175e-003
2.185953e+003,7.899262e-003
2.186435e+003,8.163147e-003
2.186917e+003,8.432775e-003
2.187399e+003,8.678166e-003
2.187881e+003,8.857214e-003
2.188363e+003,8.946628e-003
2.188845e+003,8.937618e-003
2.189328e+003,8.847619e-003
2.189810e+003,8.706988e-003
2.190292e+003,8.553942e-003
2.190774e+003,8.416303e-003
2.191256e+003,8.306748e-003
2.191738e+003,8.218179e-003
2.192220e+003,8.138225e-003
2.192702e+003,8.050329e-003
2.193185e+003,7.957270e-003
2.193667e+003,7.866674e-003
2.194149e+003,7.795101e-003
2.194631e+003,7.750774e-003
2.195113e+003,7.734952e-003
2.195595e+003,7.730709e-003
2.196077e+003,7.718910e-003
2.196560e+003,7.683918e-003
2.197042e+003,7.625651e-003
2.197524e+003,7.555178e-003
2.198006e+003,7.492313e-003
2.198488e+003,7.454090e-003
2.198970e+003,7.444196e-003
2.199452e+003,7.451410e-003
2.199934e+003,7.457892e-003
2.200417e+003,7.442553e-003
2.200899e+003,7.398250e-003
2.201381e+003,7.327322e-003
2.201863e+003,7.244899e-003
2.202345e+003,7.164726e-003
2.202827e+003,7.096512e-003
2.203309e+003,7.037463e-003
2.203791e+003,6.982512e-003
2.204273e+003,6.924448e-003
2.204756e+003,6.867685e-003
2.205238e+003,6.824149e-003
2.205720e+003,6.811288e-003
2.206202e+003,6.840312e-003
2.206684e+003,6.913755e-003
2.207166e+003,7.019356e-003
2.207648e+003,7.141669e-003
2.208130e+003,7.263754e-003
2.208613e+003,7.380449e-003
2.209095e+003,7.496987e-003
2.209577e+003,7.625913e-003
2.210059e+003,7.773443e-003
2.210541e+003,7.936122e-003
2.211023e+003,8.093875e-003
2.211505e+003,8.219350e-003
2.211988e+003,8.282796e-003
2.212469e+003,8.271957e-003
2.212952e+003,8.190782e-003
2.213434e+003,8.061875e-003
2.213916e+003,7.916360e-003
2.214398e+003,7.783304e-003
2.214880e+003,7.679726e-003
2.215362e+003,7.610145e-003
2.215844e+003,7.565846e-003
2.216327e+003,7.538110e-003
2.216809e+003,7.519095e-003
2.217291e+003,7.507700e-003
2.217773e+003,7.502666e-003
2.218255e+003,7.504816e-003
2.218737e+003,7.507632e-003
2.219219e+003,7.503557e-003
2.219701e+003,7.485470e-003
2.220184e+003,7.452475e-003
2.220666e+003,7.410568e-003
2.221148e+003,7.372576e-003
2.221630e+003,7.348956e-003
2.222112e+003,7.347360e-003
2.222594e+003,7.366171e-003
2.223076e+003,7.395751e-003
2.223558e+003,7.425865e-003
2.224041e+003,7.453316e-003
2.224523e+003,7.482193e-003
2.225005e+003,7.526016e-003
2.225487e+003,7.598249e-003
2.225969e+003,7.709030e-003
2.226451e+003,7.855269e-003
2.226933e+003,8.022650e-003
2.227416e+003,8.186854e-003
2.227897e+003,8.325915e-003
2.228380e+003,8.420516e-003
2.228862e+003,8.464801e-003
2.229344e+003,8.463951e-003
2.229826e+003,8.431944e-003
2.230308e+003,8.385314e-003
2.230790e+003,8.341572e-003
2.231272e+003,8.311460e-003
2.231755e+003,8.302067e-003
2.232237e+003,8.313933e-003
2.232719e+003,8.345724e-003
2.233201e+003,8.389845e-003
2.233683e+003,8.438167e-003
2.234165e+003,8.481732e-003
2.234647e+003,8.513665e-003
2.235129e+003,8.531788e-003
2.235612e+003,8.537888e-003
2.236094e+003,8.537338e-003
2.236576e+003,8.536561e-003
2.237058e+003,8.538552e-003
2.237540e+003,8.544205e-003
2.238022e+003,8.550161e-003
2.238504e+003,8.553050e-003
2.238986e+003,8.550476e-003
2.239469e+003,8.545807e-003
2.239951e+003,8.542704e-003
2.240433e+003,8.546491e-003
2.240915e+003,8.555295e-003
2.241397e+003,8.564028e-003
2.241879e+003,8.560699e-003
2.242361e+003,8.533384e-003
2.242844e+003,8.474644e-003
2.243326e+003,8.387246e-003
2.243808e+003,8.279646e-003
2.244290e+003,8.168786e-003
2.244772e+003,8.068690e-003
2.245254e+003,7.989262e-003
2.245736e+003,7.933513e-003
2.246218e+003,7.899125e-003
2.246700e+003,7.883410e-003
2.247183e+003,7.888029e-003
2.247665e+003,7.917425e-003
2.248147e+003,7.978302e-003
2.248629e+003,8.071962e-003
2.249111e+003,8.192722e-003
2.249593e+003,8.321668e-003
2.250075e+003,8.436395e-003
2.250557e+003,8.513647e-003
2.251040e+003,8.540226e-003
2.251522e+003,8.516166e-003
2.252004e+003,8.458603e-003
2.252486e+003,8.393565e-003
2.252968e+003,8.351995e-003
2.253450e+003,8.356795e-003
2.253932e+003,8.420649e-003
2.254415e+003,8.541651e-003
2.254896e+003,8.708472e-003
2.255379e+003,8.899299e-003
2.255861e+003,9.092430e-003
2.256343e+003,9.266056e-003
2.256825e+003,9.405209e-003
2.257307e+003,9.499425e-003
2.257789e+003,9.546780e-003
2.258271e+003,9.551160e-003
2.258754e+003,9.522214e-003
2.259236e+003,9.472093e-003
2.259718e+003,9.411595e-003
2.260200e+003,9.348580e-003
2.260682e+003,9.285389e-003
2.261164e+003,9.220056e-003
2.261646e+003,9.151374e-003
2.262128e+003,9.080398e-003
2.262611e+003,9.014917e-003
2.263093e+003,8.969617e-003
2.263575e+003,8.962067e-003
2.264057e+003,9.006370e-003
2.264539e+003,9.108475e-003
2.265021e+003,9.260179e-003
2.265503e+003,9.442891e-003
2.265985e+003,9.629048e-003
2.266468e+003,9.792564e-003
2.266950e+003,9.912851e-003
2.267432e+003,9.981743e-003
2.267914e+003,1.000186e-002
2.268396e+003,9.987129e-003
2.268878e+003,9.955458e-003
2.269360e+003,9.924380e-003
2.269843e+003,9.906810e-003
2.270324e+003,9.910285e-003
2.270807e+003,9.935644e-003
2.271289e+003,9.979795e-003
2.271771e+003,1.003545e-002
2.272253e+003,1.009759e-002
2.272735e+003,1.016120e-002
2.273217e+003,1.022470e-002
2.273699e+003,1.028936e-002
2.274182e+003,1.035848e-002
2.274664e+003,1.043570e-002
2.275146e+003,1.052370e-002
2.275628e+003,1.062081e-002
2.276110e+003,1.072339e-002
2.276592e+003,1.082487e-002
2.277074e+003,1.091886e-002
2.277556e+003,1.100022e-002
2.278039e+003,1.106811e-002
2.278521e+003,1.112337e-002
2.279003e+003,1.117223e-002
2.279485e+003,1.121958e-002
2.279967e+003,1.127185e-002
2.280449e+003,1.133316e-002
2.280931e+003,1.140826e-002
2.281413e+003,1.149968e-002
2.281896e+003,1.160951e-002
2.282378e+003,1.173753e-002
2.282860e+003,1.188040e-002
2.283342e+003,1.203070e-002
2.283824e+003,1.217740e-002
2.284306e+003,1.230840e-002
2.284788e+003,1.241264e-002
2.285271e+003,1.248205e-002
2.285752e+003,1.251574e-002
2.286235e+003,1.251623e-002
2.286717e+003,1.249056e-002
2.287199e+003,1.244561e-002
2.287681e+003,1.238730e-002
2.288163e+003,1.231744e-002
2.288645e+003,1.223566e-002
2.289127e+003,1.213995e-002
2.289610e+003,1.203024e-002
2.290092e+003,1.190775e-002
2.290574e+003,1.177646e-002
2.291056e+003,1.164160e-002
2.291538e+003,1.150862e-002
2.292020e+003,1.138152e-002
2.292502e+003,1.126307e-002
2.292984e+003,1.115525e-002
2.293467e+003,1.105908e-002
2.293949e+003,1.097556e-002
2.294431e+003,1.090554e-002
2.294913e+003,1.084818e-002
2.295395e+003,1.080156e-002
2.295877e+003,1.076184e-002
2.296359e+003,1.072511e-002
2.296841e+003,1.068743e-002
2.297323e+003,1.064774e-002
2.297806e+003,1.060712e-002
2.298288e+003,1.056840e-002
2.298770e+003,1.053505e-002
2.299252e+003,1.050939e-002
2.299734e+003,1.049173e-002
2.300216e+003,1.047983e-002
2.300698e+003,1.046924e-002
2.301180e+003,1.045587e-002
2.301663e+003,1.043656e-002
2.302145e+003,1.041038e-002
2.302627e+003,1.037926e-002
2.303109e+003,1.034828e-002
2.303591e+003,1.032322e-002
2.304073e+003,1.031134e-002
2.304555e+003,1.031743e-002
2.305038e+003,1.034444e-002
2.305520e+003,1.039045e-002
2.306002e+003,1.044983e-002
2.306484e+003,1.051256e-002
2.306966e+003,1.056783e-002
2.307448e+003,1.060620e-002
2.307930e+003,1.062317e-002
2.308412e+003,1.061952e-002
2.308895e+003,1.060248e-002
2.309377e+003,1.058188e-002
2.309859e+003,1.056855e-002
2.310341e+003,1.056928e-002
2.310823e+003,1.058689e-002
2.311305e+003,1.061827e-002
2.311787e+003,1.065935e-002
2.312269e+003,1.070424e-002
2.312751e+003,1.075054e-002
2.313234e+003,1.079811e-002
2.313716e+003,1.084848e-002
2.314198e+003,1.090430e-002
2.314680e+003,1.096643e-002
2.315162e+003,1.103556e-002
2.315644e+003,1.111211e-002
2.316126e+003,1.119659e-002
2.316608e+003,1.129106e-002
2.317091e+003,1.139691e-002
2.317573e+003,1.151416e-002
2.318055e+003,1.163962e-002
2.318537e+003,1.176896e-002
2.319019e+003,1.189914e-002
2.319501e+003,1.203189e-002
2.319983e+003,1.217708e-002
2.320466e+003,1.235067e-002
2.320948e+003,1.256914e-002
2.321430e+003,1.283932e-002
2.321912e+003,1.314872e-002
2.322394e+003,1.346015e-002
2.322876e+003,1.371647e-002
2.323358e+003,1.385410e-002
2.323840e+003,1.381950e-002
2.324323e+003,1.358598e-002
2.324805e+003,1.316019e-002
2.325287e+003,1.258117e-002
2.325769e+003,1.191000e-002
2.326251e+003,1.121507e-002
2.326733e+003,1.055920e-002
2.327215e+003,9.989382e-003
2.327697e+003,9.529421e-003
2.328179e+003,9.182509e-003
2.328662e+003,8.934583e-003
2.329144e+003,8.763055e-003
2.329626e+003,8.644192e-003
2.330108e+003,8.560717e-003
2.330590e+003,8.502213e-003
2.331072e+003,8.465498e-003
2.331554e+003,8.449174e-003
2.332036e+003,8.452792e-003
2.332519e+003,8.470671e-003
2.333001e+003,8.495886e-003
2.333483e+003,8.519006e-003
2.333965e+003,8.531059e-003
2.334447e+003,8.525413e-003
2.334929e+003,8.500412e-003
2.335411e+003,8.457690e-003
2.335894e+003,8.404572e-003
2.336375e+003,8.350183e-003
2.336858e+003,8.304597e-003
2.337340e+003,8.275860e-003
2.337822e+003,8.268430e-003
2.338304e+003,8.282086e-003
2.338786e+003,8.311997e-003
2.339268e+003,8.350598e-003
2.339750e+003,8.390699e-003
2.340233e+003,8.423544e-003
2.340715e+003,8.445145e-003
2.341197e+003,8.452436e-003
2.341679e+003,8.446277e-003
2.342161e+003,8.428296e-003
2.342643e+003,8.404280e-003
2.343125e+003,8.380647e-003
2.343607e+003,8.366087e-003
2.344090e+003,8.367965e-003
2.344572e+003,8.390913e-003
2.345054e+003,8.433611e-003
2.345536e+003,8.488636e-003
2.346018e+003,8.543918e-003
2.346500e+003,8.587228e-003
2.346982e+003,8.608912e-003
2.347464e+003,8.605659e-003
2.347947e+003,8.579419e-003
2.348429e+003,8.536219e-003
2.348911e+003,8.483112e-003
2.349393e+003,8.427084e-003
2.349875e+003,8.373232e-003
2.350357e+003,8.324227e-003
2.350839e+003,8.278582e-003
2.351322e+003,8.234411e-003
2.351803e+003,8.186455e-003
2.352286e+003,8.133293e-003
2.352768e+003,8.073905e-003
2.353250e+003,8.010882e-003
2.353732e+003,7.947364e-003
2.354214e+003,7.886811e-003
2.354696e+003,7.829616e-003
2.355178e+003,7.775310e-003
2.355661e+003,7.720277e-003
2.356143e+003,7.664121e-003
2.356625e+003,7.605587e-003
2.357107e+003,7.546715e-003
2.357589e+003,7.490421e-003
2.358071e+003,7.440165e-003
2.358553e+003,7.397291e-003
2.359035e+003,7.362824e-003
2.359518e+003,7.334800e-003
2.360000e+003,7.312435e-003
2.360482e+003,7.294314e-003
2.360964e+003,7.279101e-003
2.361446e+003,7.266010e-003
2.361928e+003,7.253858e-003
2.362410e+003,7.237995e-003
2.362892e+003,7.214795e-003
2.363375e+003,7.178494e-003
2.363857e+003,7.125142e-003
2.364339e+003,7.053629e-003
2.364821e+003,6.967416e-003
2.365303e+003,6.873761e-003
2.365785e+003,6.783704e-003
2.366267e+003,6.707901e-003
2.366750e+003,6.657963e-003
2.367232e+003,6.638557e-003
2.367714e+003,6.651754e-003
2.368196e+003,6.692124e-003
2.368678e+003,6.751392e-003
2.369160e+003,6.819299e-003
2.369642e+003,6.887002e-003
2.370124e+003,6.947462e-003
2.370606e+003,6.998380e-003
2.371089e+003,7.039749e-003
2.371571e+003,7.075836e-003
2.372053e+003,7.110750e-003
2.372535e+003,7.149242e-003
2.373017e+003,7.194479e-003
2.373499e+003,7.249081e-003
2.373981e+003,7.312344e-003
2.374463e+003,7.382052e-003
2.374946e+003,7.454171e-003
2.375428e+003,7.524263e-003
2.375910e+003,7.586694e-003
2.376392e+003,7.637890e-003
2.376874e+003,7.675381e-003
2.377356e+003,7.699000e-003
2.377838e+003,7.710246e-003
2.378321e+003,7.712206e-003
2.378802e+003,7.707417e-003
2.379285e+003,7.698891e-003
2.379767e+003,7.687660e-003
2.380249e+003,7.675633e-003
2.380731e+003,7.663677e-003
2.381213e+003,7.653941e-003
2.381695e+003,7.648258e-003
2.382177e+003,7.649328e-003
2.382660e+003,7.658830e-003
2.383142e+003,7.676767e-003
2.383624e+003,7.701235e-003
2.384106e+003,7.728498e-003
2.384588e+003,7.754341e-003
2.385070e+003,7.775417e-003
2.385552e+003,7.790128e-003
2.386034e+003,7.799909e-003
2.386517e+003,7.807379e-003
2.386999e+003,7.815730e-003
2.387481e+003,7.826555e-003
2.387963e+003,7.840252e-003
2.388445e+003,7.853478e-003
2.388927e+003,7.863677e-003
2.389409e+003,7.867817e-003
2.389891e+003,7.865893e-003
2.390374e+003,7.860777e-003
2.390856e+003,7.857334e-003
2.391338e+003,7.861394e-003
2.391820e+003,7.876473e-003
2.392302e+003,7.903140e-003
2.392784e+003,7.939086e-003
2.393266e+003,7.978242e-003
2.393749e+003,8.014458e-003
2.394230e+003,8.041015e-003
2.394713e+003,8.055027e-003
2.395195e+003,8.055691e-003
2.395677e+003,8.045233e-003
2.396159e+003,8.028210e-003
2.396641e+003,8.009658e-003
2.397123e+003,7.994221e-003
2.397605e+003,7.985342e-003
2.398088e+003,7.984625e-003
2.398570e+003,7.991277e-003
2.399052e+003,8.002253e-003
2.399534e+003,8.012196e-003
2.400016e+003,8.015809e-003
2.400498e+003,8.008601e-003
2.400980e+003,7.986962e-003
2.401462e+003,7.950961e-003
2.401945e+003,7.903480e-003
2.402427e+003,7.850766e-003
2.402909e+003,7.800761e-003
2.403391e+003,7.762854e-003
2.403873e+003,7.745795e-003
2.404355e+003,7.757220e-003
2.404837e+003,7.802126e-003
2.405319e+003,7.882060e-003
2.405802e+003,7.994325e-003
2.406284e+003,8.130831e-003
2.406766e+003,8.279544e-003
2.407248e+003,8.425767e-003
2.407730e+003,8.555093e-003
2.408212e+003,8.656325e-003
2.408694e+003,8.723568e-003
2.409177e+003,8.757189e-003
2.409658e+003,8.763692e-003
2.410141e+003,8.752560e-003
2.410623e+003,8.733531e-003
2.411105e+003,8.714655e-003
2.411587e+003,8.699396e-003
2.412069e+003,8.688805e-003
2.412551e+003,8.681353e-003
2.413033e+003,8.675752e-003
2.413516e+003,8.671599e-003
2.413998e+003,8.670347e-003
2.414480e+003,8.673048e-003
2.414962e+003,8.680104e-003
2.415444e+003,8.690713e-003
2.415926e+003,8.702538e-003
2.416408e+003,8.713073e-003
2.416890e+003,8.721273e-003
2.417373e+003,8.727617e-003
2.417855e+003,8.734768e-003
2.418337e+003,8.745966e-003
2.418819e+003,8.763871e-003
2.419301e+003,8.787525e-003
2.419783e+003,8.814178e-003
2.420265e+003,8.838738e-003
2.420747e+003,8.856435e-003
2.421229e+003,8.863052e-003
2.421712e+003,8.858101e-003
2.422194e+003,8.843274e-003
2.422676e+003,8.823177e-003
2.423158e+003,8.803315e-003
2.423640e+003,8.788953e-003
2.424122e+003,8.785273e-003
2.424604e+003,8.797228e-003
2.425086e+003,8.827660e-003
2.425569e+003,8.879342e-003
2.426051e+003,8.951473e-003
2.426533e+003,9.040991e-003
2.427015e+003,9.141099e-003
2.427497e+003,9.242144e-003
2.427979e+003,9.333338e-003
2.428461e+003,9.405658e-003
2.428944e+003,9.453080e-003
2.429426e+003,9.475506e-003
2.429908e+003,9.476898e-003
2.430390e+003,9.465454e-003
2.430872e+003,9.450670e-003
2.431354e+003,9.440838e-003
2.431836e+003,9.441250e-003
2.432318e+003,9.453692e-003
2.432801e+003,9.476632e-003
2.433283e+003,9.506983e-003
2.433765e+003,9.540844e-003
2.434247e+003,9.574883e-003
2.434729e+003,9.606331e-003
2.435211e+003,9.633394e-003
2.435693e+003,9.656069e-003
2.436175e+003,9.674191e-003
2.436657e+003,9.688001e-003
2.437140e+003,9.698395e-003
2.437622e+003,9.706425e-003
2.438104e+003,9.713808e-003
2.438586e+003,9.722170e-003
2.439068e+003,9.734288e-003
2.439550e+003,9.752366e-003
2.440032e+003,9.779994e-003
2.440514e+003,9.818491e-003
2.440997e+003,9.868107e-003
2.441479e+003,9.926479e-003
2.441961e+003,9.989695e-003
2.442443e+003,1.005114e-002
2.442925e+003,1.010542e-002
2.443407e+003,1.014796e-002
2.443889e+003,1.017825e-002
2.444372e+003,1.019874e-002
2.444854e+003,1.021629e-002
2.445336e+003,1.023769e-002
2.445818e+003,1.026892e-002
2.446300e+003,1.031359e-002
2.446782e+003,1.037023e-002
2.447264e+003,1.043401e-002
2.447746e+003,1.049823e-002
2.448229e+003,1.055536e-002
2.448711e+003,1.060054e-002
2.449193e+003,1.063156e-002
2.449675e+003,1.064939e-002
2.450157e+003,1.065715e-002
2.450639e+003,1.065949e-002
2.451121e+003,1.065921e-002
2.451604e+003,1.065999e-002
2.452085e+003,1.066225e-002
2.452568e+003,1.066558e-002
2.453050e+003,1.066817e-002
2.453532e+003,1.066756e-002
2.454014e+003,1.066144e-002
2.454496e+003,1.064817e-002
2.454978e+003,1.062751e-002
2.455460e+003,1.060067e-002
2.455943e+003,1.056979e-002
2.456425e+003,1.053825e-002
2.456907e+003,1.050817e-002
2.457389e+003,1.048260e-002
2.457871e+003,1.046172e-002
2.458353e+003,1.044592e-002
2.458835e+003,1.043431e-002
2.459317e+003,1.042730e-002
2.459800e+003,1.042457e-002
2.460282e+003,1.042736e-002
2.460764e+003,1.043591e-002
2.461246e+003,1.044956e-002
2.461728e+003,1.046668e-002
2.462210e+003,1.048529e-002
2.462692e+003,1.050168e-002
2.463174e+003,1.051314e-002
2.463656e+003,1.051849e-002
2.464139e+003,1.051783e-002
2.464621e+003,1.051139e-002
2.465103e+003,1.050083e-002
2.465585e+003,1.048696e-002
2.466067e+003,1.047135e-002
2.466549e+003,1.045566e-002
2.467031e+003,1.044284e-002
2.467513e+003,1.043621e-002
2.467996e+003,1.043916e-002
2.468478e+003,1.045442e-002
2.468960e+003,1.048124e-002
2.469442e+003,1.051725e-002
2.469924e+003,1.055616e-002
2.470406e+003,1.059112e-002
2.470888e+003,1.061684e-002
2.471371e+003,1.063090e-002
2.471853e+003,1.063595e-002
2.472335e+003,1.063720e-002
2.472817e+003,1.064217e-002
2.473299e+003,1.065707e-002
2.473781e+003,1.068481e-002
2.474263e+003,1.072382e-002
2.474745e+003,1.076923e-002
2.475228e+003,1.081432e-002
2.475710e+003,1.085289e-002
2.476192e+003,1.087945e-002
2.476674e+003,1.089235e-002
2.477156e+003,1.089148e-002
2.477638e+003,1.087884e-002
2.478120e+003,1.085790e-002
2.478602e+003,1.083264e-002
2.479084e+003,1.080653e-002
2.479567e+003,1.078448e-002
2.480049e+003,1.076965e-002
2.480531e+003,1.076510e-002
2.481013e+003,1.077018e-002
2.481495e+003,1.078349e-002
2.481977e+003,1.080054e-002
2.482459e+003,1.081701e-002
2.482941e+003,1.082958e-002
2.483424e+003,1.083791e-002
2.483906e+003,1.084409e-002
2.484388e+003,1.085285e-002
2.484870e+003,1.086934e-002
2.485352e+003,1.089749e-002
2.485834e+003,1.093754e-002
2.486316e+003,1.098694e-002
2.486799e+003,1.104026e-002
2.487281e+003,1.109178e-002
2.487763e+003,1.113581e-002
2.488245e+003,1.116971e-002
2.488727e+003,1.119337e-002
2.489209e+003,1.120912e-002
2.489691e+003,1.121988e-002
2.490173e+003,1.122955e-002
2.490656e+003,1.124065e-002
2.491138e+003,1.125509e-002
2.491620e+003,1.127228e-002
2.492102e+003,1.129132e-002
2.492584e+003,1.131028e-002
2.493066e+003,1.132699e-002
2.493548e+003,1.133903e-002
2.494030e+003,1.134548e-002
2.494512e+003,1.134626e-002
2.494995e+003,1.134402e-002
2.495477e+003,1.134053e-002
2.495959e+003,1.134039e-002
2.496441e+003,1.134533e-002
2.496923e+003,1.135580e-002
2.497405e+003,1.136987e-002
2.497887e+003,1.138369e-002
2.498370e+003,1.139233e-002
2.498852e+003,1.139168e-002
2.499334e+003,1.137965e-002
2.499816e+003,1.135598e-002
2.500298e+003,1.132352e-002
2.500780e+003,1.128685e-002
2.501262e+003,1.125042e-002
2.501744e+003,1.122026e-002
2.502227e+003,1.120014e-002
2.502709e+003,1.119383e-002
2.503191e+003,1.120395e-002
2.503673e+003,1.123176e-002
2.504155e+003,1.127609e-002
2.504637e+003,1.133419e-002
2.505119e+003,1.140079e-002
2.505601e+003,1.146943e-002
2.506083e+003,1.153315e-002
2.506566e+003,1.158649e-002
2.507048e+003,1.162566e-002
2.507530e+003,1.165074e-002
2.508012e+003,1.166407e-002
2.508494e+003,1.166967e-002
2.508976e+003,1.167191e-002
2.509458e+003,1.167441e-002
2.509940e+003,1.167875e-002
2.510423e+003,1.168453e-002
2.510905e+003,1.168997e-002
2.511387e+003,1.169364e-002
2.511869e+003,1.169311e-002
2.512351e+003,1.168845e-002
2.512833e+003,1.168018e-002
2.513315e+003,1.167156e-002
2.513798e+003,1.166715e-002
2.514280e+003,1.167208e-002
2.514762e+003,1.169158e-002
2.515244e+003,1.172904e-002
2.515726e+003,1.178479e-002
2.516208e+003,1.185514e-002
2.516690e+003,1.193270e-002
2.517172e+003,1.200758e-002
2.517655e+003,1.207010e-002
2.518137e+003,1.211266e-002
2.518619e+003,1.213253e-002
2.519101e+003,1.213291e-002
2.519583e+003,1.212190e-002
2.520065e+003,1.210995e-002
2.520547e+003,1.210635e-002
2.521029e+003,1.211796e-002
2.521511e+003,1.214638e-002
2.521994e+003,1.218799e-002
2.522476e+003,1.223630e-002
2.522958e+003,1.228294e-002
2.523440e+003,1.232147e-002
2.523922e+003,1.234776e-002
2.524404e+003,1.236036e-002
2.524886e+003,1.236145e-002
2.525368e+003,1.235425e-002
2.525851e+003,1.234391e-002
2.526333e+003,1.233534e-002
2.526815e+003,1.233380e-002
2.527297e+003,1.234302e-002
2.527779e+003,1.236604e-002
2.528261e+003,1.240313e-002
2.528743e+003,1.245278e-002
2.529226e+003,1.251135e-002
2.529708e+003,1.257258e-002
2.530190e+003,1.263026e-002
2.530672e+003,1.267805e-002
2.531154e+003,1.271347e-002
2.531636e+003,1.273550e-002
2.532118e+003,1.274675e-002
2.532600e+003,1.275299e-002
2.533083e+003,1.276069e-002
2.533565e+003,1.277662e-002
2.534047e+003,1.280606e-002
2.534529e+003,1.285141e-002
2.535011e+003,1.291155e-002
2.535493e+003,1.298252e-002
2.535975e+003,1.305607e-002
2.536457e+003,1.312404e-002
2.536939e+003,1.317724e-002
2.537422e+003,1.320986e-002
2.537904e+003,1.322021e-002
2.538386e+003,1.320995e-002
2.538868e+003,1.318555e-002
2.539350e+003,1.315519e-002
2.539832e+003,1.312660e-002
2.540314e+003,1.310491e-002
2.540796e+003,1.309257e-002
2.541279e+003,1.308832e-002
2.541761e+003,1.308927e-002
2.542243e+003,1.309354e-002
2.542725e+003,1.310131e-002
2.543207e+003,1.311573e-002
2.543689e+003,1.314244e-002
2.544171e+003,1.318622e-002
2.544654e+003,1.325042e-002
2.545135e+003,1.333401e-002
2.545618e+003,1.343104e-002
2.546100e+003,1.353325e-002
2.546582e+003,1.362935e-002
2.547064e+003,1.371130e-002
2.547546e+003,1.377236e-002
2.548028e+003,1.381164e-002
2.548510e+003,1.383007e-002
2.548993e+003,1.383380e-002
2.549475e+003,1.382863e-002
2.549957e+003,1.382166e-002
2.550439e+003,1.381829e-002
2.550921e+003,1.382235e-002
2.551403e+003,1.383627e-002
2.551885e+003,1.386046e-002
2.552367e+003,1.389476e-002
2.552850e+003,1.393713e-002
2.553332e+003,1.398594e-002
2.553814e+003,1.403880e-002
2.554296e+003,1.409407e-002
2.554778e+003,1.415006e-002
2.555260e+003,1.420504e-002
2.555742e+003,1.425756e-002
2.556224e+003,1.430529e-002
2.556707e+003,1.434592e-002
2.557189e+003,1.437660e-002
2.557671e+003,1.439503e-002
2.558153e+003,1.440031e-002
2.558635e+003,1.439418e-002
2.559117e+003,1.437989e-002
2.559599e+003,1.436301e-002
2.560082e+003,1.434947e-002
2.560563e+003,1.434616e-002
2.561046e+003,1.435754e-002
2.561528e+003,1.438604e-002
2.562010e+003,1.443166e-002
2.562492e+003,1.449192e-002
2.562974e+003,1.456210e-002
2.563456e+003,1.463756e-002
2.563938e+003,1.471236e-002
2.564421e+003,1.478255e-002
2.564903e+003,1.484398e-002
2.565385e+003,1.489561e-002
2.565867e+003,1.493735e-002
2.566349e+003,1.497119e-002
2.566831e+003,1.500037e-002
2.567313e+003,1.502941e-002
2.567795e+003,1.506241e-002
2.568278e+003,1.510276e-002
2.568760e+003,1.515339e-002
2.569242e+003,1.521379e-002
2.569724e+003,1.528328e-002
2.570206e+003,1.535877e-002
2.570688e+003,1.543626e-002
2.571170e+003,1.551198e-002
2.571652e+003,1.558236e-002
2.572135e+003,1.564561e-002
2.572617e+003,1.570171e-002
2.573099e+003,1.575246e-002
2.573581e+003,1.580065e-002
2.574063e+003,1.584998e-002
2.574545e+003,1.590209e-002
2.575027e+003,1.595864e-002
2.575510e+003,1.601859e-002
2.575991e+003,1.607830e-002
2.576474e+003,1.613492e-002
2.576956e+003,1.618454e-002
2.577438e+003,1.622492e-002
2.577920e+003,1.625638e-002
2.578402e+003,1.628022e-002
2.578884e+003,1.630026e-002
2.579366e+003,1.631987e-002
2.579849e+003,1.634261e-002
2.580331e+003,1.636839e-002
2.580813e+003,1.639731e-002
2.581295e+003,1.642615e-002
2.581777e+003,1.645161e-002
2.582259e+003,1.647067e-002
2.582741e+003,1.648199e-002
2.583223e+003,1.648498e-002
2.583706e+003,1.648215e-002
2.584188e+003,1.647653e-002
2.584670e+003,1.647205e-002
2.585152e+003,1.647286e-002
2.585634e+003,1.648141e-002
2.586116e+003,1.649822e-002
2.586598e+003,1.652312e-002
2.587080e+003,1.655431e-002
2.587563e+003,1.658906e-002
2.588045e+003,1.662522e-002
2.588527e+003,1.666105e-002
2.589009e+003,1.669515e-002
2.589491e+003,1.672856e-002
2.589973e+003,1.676147e-002
2.590455e+003,1.679386e-002
2.590938e+003,1.682618e-002
2.591419e+003,1.685720e-002
2.591902e+003,1.688492e-002
2.592384e+003,1.690768e-002
2.592866e+003,1.692408e-002
2.593348e+003,1.693412e-002
2.593830e+003,1.693927e-002
2.594312e+003,1.694146e-002
2.594794e+003,1.694487e-002
2.595277e+003,1.695317e-002
2.595759e+003,1.696907e-002
2.596241e+003,1.699432e-002
2.596723e+003,1.702909e-002
2.597205e+003,1.707306e-002
2.597687e+003,1.712402e-002
2.598169e+003,1.718026e-002
2.598651e+003,1.723870e-002
2.599134e+003,1.729716e-002
2.599616e+003,1.735320e-002
2.600098e+003,1.740515e-002
2.600580e+003,1.745135e-002
2.601062e+003,1.749169e-002
2.601544e+003,1.752671e-002
2.602026e+003,1.755763e-002
2.602508e+003,1.758725e-002
2.602990e+003,1.761705e-002
2.603473e+003,1.764949e-002
2.603955e+003,1.768562e-002
2.604437e+003,1.772624e-002
2.604919e+003,1.777090e-002
2.605401e+003,1.781900e-002
2.605883e+003,1.787090e-002
2.606365e+003,1.792640e-002
2.606847e+003,1.798677e-002
2.607330e+003,1.805276e-002
2.607812e+003,1.812529e-002
2.608294e+003,1.820469e-002
2.608776e+003,1.828931e-002
2.609258e+003,1.837695e-002
2.609740e+003,1.846446e-002
2.610222e+003,1.854839e-002
2.610705e+003,1.862586e-002
2.611187e+003,1.869536e-002
2.611669e+003,1.875775e-002
2.612151e+003,1.881507e-002
2.612633e+003,1.887038e-002
2.613115e+003,1.892686e-002
2.613597e+003,1.898724e-002
2.614079e+003,1.905151e-002
2.614562e+003,1.911881e-002
2.615044e+003,1.918649e-002
2.615526e+003,1.925093e-002
2.616008e+003,1.930958e-002
2.616490e+003,1.936050e-002
2.616972e+003,1.940384e-002
2.617454e+003,1.944112e-002
2.617936e+003,1.947462e-002
2.618418e+003,1.950732e-002
2.618901e+003,1.954093e-002
2.619383e+003,1.957702e-002
2.619865e+003,1.961613e-002
2.620347e+003,1.965922e-002
2.620829e+003,1.970596e-002
2.621311e+003,1.975721e-002
2.621793e+003,1.981256e-002
2.622276e+003,1.987190e-002
2.622758e+003,1.993410e-002
2.623240e+003,1.999712e-002
2.623722e+003,2.005980e-002
2.624204e+003,2.011996e-002
2.624686e+003,2.017685e-002
2.625168e+003,2.023129e-002
2.625650e+003,2.028442e-002
2.626133e+003,2.033793e-002
2.626615e+003,2.039234e-002
2.627097e+003,2.044890e-002
2.627579e+003,2.050583e-002
2.628061e+003,2.056208e-002
2.628543e+003,2.061516e-002
2.629025e+003,2.066489e-002
2.629507e+003,2.071082e-002
2.629990e+003,2.075437e-002
2.630472e+003,2.079741e-002
2.630954e+003,2.084205e-002
2.631436e+003,2.089036e-002
2.631918e+003,2.094250e-002
2.632400e+003,2.099857e-002
2.632882e+003,2.105760e-002
2.633364e+003,2.111808e-002
2.633846e+003,2.117990e-002
2.634329e+003,2.124175e-002
2.634811e+003,2.130363e-002
2.635293e+003,2.136571e-002
2.635775e+003,2.142808e-002
2.636257e+003,2.149083e-002
2.636739e+003,2.155458e-002
2.637221e+003,2.161961e-002
2.637704e+003,2.168716e-002
2.638186e+003,2.175776e-002
2.638668e+003,2.183257e-002
2.639150e+003,2.191197e-002
2.639632e+003,2.199594e-002
2.640114e+003,2.208361e-002
2.640596e+003,2.217300e-002
2.641078e+003,2.226172e-002
2.641561e+003,2.234682e-002
2.642043e+003,2.242508e-002
2.642525e+003,2.249498e-002
2.643007e+003,2.255579e-002
2.643489e+003,2.260814e-002
2.643971e+003,2.265364e-002
2.644453e+003,2.269593e-002
2.644935e+003,2.273814e-002
2.645417e+003,2.278306e-002
2.645900e+003,2.283165e-002
2.646382e+003,2.288456e-002
2.646864e+003,2.294080e-002
2.647346e+003,2.299841e-002
2.647828e+003,2.305648e-002
2.648310e+003,2.311394e-002
2.648792e+003,2.317063e-002
2.649274e+003,2.322697e-002
2.649757e+003,2.328370e-002
2.650239e+003,2.334072e-002
2.650721e+003,2.339775e-002
2.651203e+003,2.345491e-002
2.651685e+003,2.351163e-002
2.652167e+003,2.356757e-002
2.652649e+003,2.362371e-002
2.653132e+003,2.368067e-002
2.653614e+003,2.373847e-002
2.654096e+003,2.379718e-002
2.654578e+003,2.385565e-002
2.655060e+003,2.391262e-002
2.655542e+003,2.396646e-002
2.656024e+003,2.401735e-002
2.656506e+003,2.406512e-002
2.656989e+003,2.411021e-002
2.657471e+003,2.415352e-002
2.657953e+003,2.419342e-002
2.658435e+003,2.422803e-002
2.658917e+003,2.425429e-002
2.659399e+003,2.426823e-002
2.659881e+003,2.426624e-002
2.660363e+003,2.424822e-002
2.660845e+003,2.421498e-002
2.661328e+003,2.416976e-002
2.661810e+003,2.411659e-002
2.662292e+003,2.405971e-002
2.662774e+003,2.400181e-002
2.663256e+003,2.394463e-002
2.663738e+003,2.388905e-002
2.664220e+003,2.383614e-002
2.664702e+003,2.378774e-002
2.665185e+003,2.374598e-002
2.665667e+003,2.371475e-002
2.666149e+003,2.369695e-002
2.666631e+003,2.369438e-002
2.667113e+003,2.370651e-002
2.667595e+003,2.373146e-002
2.668077e+003,2.376498e-002
2.668560e+003,2.380330e-002
2.669042e+003,2.384191e-002
2.669524e+003,2.387890e-002
2.670006e+003,2.391374e-002
2.670488e+003,2.394741e-002
2.670970e+003,2.398182e-002
2.671452e+003,2.401931e-002
2.671934e+003,2.406152e-002
2.672417e+003,2.410962e-002
2.672899e+003,2.416243e-002
2.673381e+003,2.421853e-002
2.673863e+003,2.427482e-002
2.674345e+003,2.432770e-002
2.674827e+003,2.437544e-002
2.675309e+003,2.441604e-002
2.675791e+003,2.444987e-002
2.676273e+003,2.447845e-002
2.676756e+003,2.450433e-002
2.677238e+003,2.453013e-002
2.677720e+003,2.455783e-002
2.678202e+003,2.458808e-002
2.678684e+003,2.462007e-002
2.679166e+003,2.465233e-002
2.679648e+003,2.468398e-002
2.680130e+003,2.471373e-002
2.680613e+003,2.474158e-002
2.681095e+003,2.476863e-002
2.681577e+003,2.479595e-002
2.682059e+003,2.482392e-002
2.682541e+003,2.485236e-002
2.683023e+003,2.488034e-002
2.683505e+003,2.490626e-002
2.683988e+003,2.492836e-002
2.684469e+003,2.494574e-002
2.684952e+003,2.495858e-002
2.685434e+003,2.496751e-002
2.685916e+003,2.497463e-002
2.686398e+003,2.498157e-002
2.686880e+003,2.499060e-002
2.687362e+003,2.500327e-002
2.687844e+003,2.501995e-002
2.688327e+003,2.504091e-002
2.688809e+003,2.506570e-002
2.689291e+003,2.509213e-002
2.689773e+003,2.511894e-002
2.690255e+003,2.514357e-002
2.690737e+003,2.516475e-002
2.691219e+003,2.518165e-002
2.691701e+003,2.519409e-002
2.692184e+003,2.520370e-002
2.692666e+003,2.521196e-002
2.693148e+003,2.522085e-002
2.693630e+003,2.523184e-002
2.694112e+003,2.524647e-002
2.694594e+003,2.526468e-002
2.695076e+003,2.528690e-002
2.695558e+003,2.531215e-002
2.696041e+003,2.534013e-002
2.696523e+003,2.536995e-002
2.697005e+003,2.540106e-002
2.697487e+003,2.543310e-002
2.697969e+003,2.546551e-002
2.698451e+003,2.549894e-002
2.698933e+003,2.553347e-002
2.699416e+003,2.556966e-002
2.699897e+003,2.560806e-002
2.700380e+003,2.564912e-002
2.700862e+003,2.569230e-002
2.701344e+003,2.573778e-002
2.701826e+003,2.578328e-002
2.702308e+003,2.582925e-002
2.702790e+003,2.587469e-002
2.703272e+003,2.592005e-002
2.703755e+003,2.596644e-002
2.704237e+003,2.601449e-002
2.704719e+003,2.606494e-002
2.705201e+003,2.611834e-002
2.705683e+003,2.617387e-002
2.706165e+003,2.623218e-002
2.706647e+003,2.629316e-002
2.707129e+003,2.635792e-002
2.707612e+003,2.642721e-002
2.708094e+003,2.650249e-002
2.708576e+003,2.658459e-002
2.709058e+003,2.667278e-002
2.709540e+003,2.676607e-002
2.710022e+003,2.686131e-002
2.710504e+003,2.695679e-002
2.710986e+003,2.704991e-002
2.711469e+003,2.713985e-002
2.711951e+003,2.722817e-002
2.712433e+003,2.731524e-002
2.712915e+003,2.740410e-002
2.713397e+003,2.749648e-002
2.713879e+003,2.759424e-002
2.714361e+003,2.769821e-002
2.714844e+003,2.780812e-002
2.715325e+003,2.792315e-002
2.715808e+003,2.804126e-002
2.716290e+003,2.816080e-002
2.716772e+003,2.828013e-002
2.717254e+003,2.839757e-002
2.717736e+003,2.851349e-002
2.718218e+003,2.862798e-002
2.718700e+003,2.874196e-002
2.719183e+003,2.885647e-002
2.719665e+003,2.897120e-002
2.720147e+003,2.908348e-002
2.720629e+003,2.919018e-002
2.721111e+003,2.928574e-002
2.721593e+003,2.936590e-002
2.722075e+003,2.942677e-002
2.722557e+003,2.946693e-002
2.723040e+003,2.948751e-002
2.723522e+003,2.949199e-002
2.724004e+003,2.948426e-002
2.724486e+003,2.946884e-002
2.724968e+003,2.944887e-002
2.725450e+003,2.942696e-002
2.725932e+003,2.940466e-002
2.726414e+003,2.938218e-002
2.726896e+003,2.936088e-002
2.727379e+003,2.934069e-002
2.727861e+003,2.932235e-002
2.728343e+003,2.930584e-002
2.728825e+003,2.929110e-002
2.729307e+003,2.927755e-002
2.729789e+003,2.926473e-002
2.730271e+003,2.925293e-002
2.730753e+003,2.924214e-002
2.731236e+003,2.923284e-002
2.731718e+003,2.922520e-002
2.732200e+003,2.921959e-002
2.732682e+003,2.921603e-002
2.733164e+003,2.921394e-002
2.733646e+003,2.921342e-002
2.734128e+003,2.921450e-002
2.734611e+003,2.921677e-002
2.735093e+003,2.921969e-002
2.735575e+003,2.922279e-002
2.736057e+003,2.922432e-002
2.736539e+003,2.922251e-002
2.737021e+003,2.921659e-002
2.737503e+003,2.920556e-002
2.737985e+003,2.919164e-002
2.738468e+003,2.917651e-002
2.738950e+003,2.916342e-002
2.739432e+003,2.915460e-002
2.739914e+003,2.915099e-002
2.740396e+003,2.915221e-002
2.740878e+003,2.915659e-002
2.741360e+003,2.916201e-002
2.741842e+003,2.916676e-002
2.742324e+003,2.917076e-002
2.742807e+003,2.917497e-002
2.743289e+003,2.918038e-002
2.743771e+003,2.918868e-002
2.744253e+003,2.920060e-002
2.744735e+003,2.921673e-002
2.745217e+003,2.923678e-002
2.745699e+003,2.926074e-002
2.746182e+003,2.928957e-002
2.746664e+003,2.932325e-002
2.747146e+003,2.936217e-002
2.747628e+003,2.940540e-002
2.748110e+003,2.945143e-002
2.748592e+003,2.949861e-002
2.749074e+003,2.954421e-002
2.749556e+003,2.958768e-002
2.750039e+003,2.962846e-002
2.750521e+003,2.966793e-002
2.751003e+003,2.970640e-002
2.751485e+003,2.974451e-002
2.751967e+003,2.978113e-002
2.752449e+003,2.981515e-002
2.752931e+003,2.984553e-002
2.753413e+003,2.987124e-002
2.753896e+003,2.989387e-002
2.754378e+003,2.991613e-002
2.754860e+003,2.994177e-002
2.755342e+003,2.997388e-002
2.755824e+003,3.001386e-002
2.756306e+003,3.006107e-002
2.756788e+003,3.011325e-002
2.757270e+003,3.016687e-002
2.757752e+003,3.021899e-002
2.758235e+003,3.026842e-002
2.758717e+003,3.031609e-002
2.759199e+003,3.036386e-002
2.759681e+003,3.041409e-002
2.760163e+003,3.046912e-002
2.760645e+003,3.052971e-002
2.761127e+003,3.059501e-002
2.761610e+003,3.066297e-002
2.762092e+003,3.073104e-002
2.762574e+003,3.079745e-002
2.763056e+003,3.086012e-002
2.763538e+003,3.091821e-002
2.764020e+003,3.097266e-002
2.764502e+003,3.102299e-002
2.764984e+003,3.107062e-002
2.765467e+003,3.111600e-002
2.765949e+003,3.116018e-002
2.766431e+003,3.120323e-002
2.766913e+003,3.124697e-002
2.767395e+003,3.129128e-002
2.767877e+003,3.133843e-002
2.768359e+003,3.139022e-002
2.768841e+003,3.144832e-002
2.769323e+003,3.151370e-002
2.769806e+003,3.158655e-002
2.770288e+003,3.166527e-002
2.770770e+003,3.174705e-002
2.771252e+003,3.182903e-002
2.771734e+003,3.190784e-002
2.772216e+003,3.198055e-002
2.772698e+003,3.204772e-002
2.773180e+003,3.210991e-002
2.773663e+003,3.216920e-002
2.774145e+003,3.222907e-002
2.774627e+003,3.229152e-002
2.775109e+003,3.235853e-002
2.775591e+003,3.243151e-002
2.776073e+003,3.251123e-002
2.776555e+003,3.259853e-002
2.777038e+003,3.269438e-002
2.777520e+003,3.279869e-002
2.778002e+003,3.291117e-002
2.778484e+003,3.302947e-002
2.778966e+003,3.315170e-002
2.779448e+003,3.327521e-002
2.779930e+003,3.339878e-002
2.780412e+003,3.352202e-002
2.780895e+003,3.364759e-002
2.781377e+003,3.377737e-002
2.781859e+003,3.391320e-002
2.782341e+003,3.405589e-002
2.782823e+003,3.420425e-002
2.783305e+003,3.435496e-002
2.783787e+003,3.450507e-002
2.784269e+003,3.465335e-002
2.784751e+003,3.479998e-002
2.785234e+003,3.494763e-002
2.785716e+003,3.510114e-002
2.786198e+003,3.526394e-002
2.786680e+003,3.543803e-002
2.787162e+003,3.562276e-002
2.787644e+003,3.581538e-002
2.788126e+003,3.601200e-002
2.788608e+003,3.620909e-002
2.789091e+003,3.640370e-002
2.789573e+003,3.659442e-002
2.790055e+003,3.678102e-002
2.790537e+003,3.696382e-002
2.791019e+003,3.714221e-002
2.791501e+003,3.731525e-002
2.791983e+003,3.748265e-002
2.792466e+003,3.764401e-002
2.792948e+003,3.780011e-002
2.793430e+003,3.795255e-002
2.793912e+003,3.810238e-002
2.794394e+003,3.825161e-002
2.794876e+003,3.840052e-002
2.795358e+003,3.854959e-002
2.795840e+003,3.869912e-002
2.796323e+003,3.884937e-002
2.796805e+003,3.900344e-002
2.797287e+003,3.916283e-002
2.797769e+003,3.933129e-002
2.798251e+003,3.951161e-002
2.798733e+003,3.970553e-002
2.799215e+003,3.991363e-002
2.799697e+003,4.013496e-002
2.800179e+003,4.036830e-002
2.800662e+003,4.061126e-002
2.801144e+003,4.086270e-002
2.801626e+003,4.112196e-002
2.802108e+003,4.138720e-002
2.802590e+003,4.165874e-002
2.803072e+003,4.193553e-002
2.803554e+003,4.221747e-002
2.804036e+003,4.250410e-002
2.804519e+003,4.279539e-002
2.805001e+003,4.309061e-002
2.805483e+003,4.339005e-002
2.805965e+003,4.369313e-002
2.806447e+003,4.399917e-002
2.806929e+003,4.430847e-002
2.807411e+003,4.462095e-002
2.807894e+003,4.493631e-002
2.808375e+003,4.525436e-002
2.808858e+003,4.557443e-002
2.809340e+003,4.589470e-002
2.809822e+003,4.621282e-002
2.810304e+003,4.652728e-002
2.810786e+003,4.683754e-002
2.811268e+003,4.714518e-002
2.811750e+003,4.745349e-002
2.812233e+003,4.776798e-002
2.812715e+003,4.809409e-002
2.813197e+003,4.843716e-002
2.813679e+003,4.879955e-002
2.814161e+003,4.918228e-002
2.814643e+003,4.958475e-002
2.815125e+003,5.000509e-002
2.815607e+003,5.044135e-002
2.816090e+003,5.089220e-002
2.816572e+003,5.135760e-002
2.817054e+003,5.183849e-002
2.817536e+003,5.233629e-002
2.818018e+003,5.285288e-002
2.818500e+003,5.339142e-002
2.818982e+003,5.395478e-002
2.819464e+003,5.454650e-002
2.819947e+003,5.517007e-002
2.820429e+003,5.582791e-002
2.820911e+003,5.652126e-002
2.821393e+003,5.725049e-002
2.821875e+003,5.801518e-002
2.822357e+003,5.881513e-002
2.822839e+003,5.965260e-002
2.823322e+003,6.053247e-002
2.823803e+003,6.146097e-002
2.824286e+003,6.244659e-002
2.824768e+003,6.349877e-002
2.825250e+003,6.462522e-002
2.825732e+003,6.583533e-002
2.826214e+003,6.713715e-002
2.826696e+003,6.854009e-002
2.827178e+003,7.005525e-002
2.827661e+003,7.169614e-002
2.828143e+003,7.347642e-002
2.828625e+003,7.540982e-002
2.829107e+003,7.750925e-002
2.829589e+003,7.978427e-002
2.830071e+003,8.224313e-002
2.830553e+003,8.489005e-002
2.831035e+003,8.772563e-002
2.831518e+003,9.074575e-002
2.832000e+003,9.393697e-002
2.832482e+003,9.727677e-002
2.832964e+003,1.007292e-001
2.833446e+003,1.042469e-001
2.833928e+003,1.077730e-001
2.834410e+003,1.112466e-001
2.834892e+003,1.146060e-001
2.835375e+003,1.177957e-001
2.835857e+003,1.207686e-001
2.836339e+003,1.234882e-001
2.836821e+003,1.259281e-001
2.837303e+003,1.280752e-001
2.837785e+003,1.299271e-001
2.838267e+003,1.314949e-001
2.838750e+003,1.328020e-001
2.839231e+003,1.338836e-001
2.839714e+003,1.347847e-001
2.840196e+003,1.355577e-001
2.840678e+003,1.362584e-001
2.841160e+003,1.369467e-001
2.841642e+003,1.376822e-001
2.842124e+003,1.385241e-001
2.842606e+003,1.395288e-001
2.843089e+003,1.407478e-001
2.843571e+003,1.422237e-001
2.844053e+003,1.439866e-001
2.844535e+003,1.460527e-001
2.845017e+003,1.484222e-001
2.845499e+003,1.510812e-001
2.845981e+003,1.540033e-001
2.846463e+003,1.571519e-001
2.846946e+003,1.604828e-001
2.847428e+003,1.639448e-001
2.847910e+003,1.674802e-001
2.848392e+003,1.710265e-001
2.848874e+003,1.745168e-001
2.849356e+003,1.778828e-001
2.849838e+003,1.810572e-001
2.850320e+003,1.839772e-001
2.850802e+003,1.865836e-001
2.851285e+003,1.888236e-001
2.851767e+003,1.906503e-001
2.852249e+003,1.920241e-001
2.852731e+003,1.929152e-001
2.853213e+003,1.933092e-001
2.853695e+003,1.932084e-001
2.854177e+003,1.926347e-001
2.854659e+003,1.916292e-001
2.855142e+003,1.902459e-001
2.855624e+003,1.885486e-001
2.856106e+003,1.866052e-001
2.856588e+003,1.844846e-001
2.857070e+003,1.822566e-001
2.857552e+003,1.799906e-001
2.858034e+003,1.777554e-001
2.858517e+003,1.756177e-001
2.858999e+003,1.736381e-001
2.859481e+003,1.718656e-001
2.859963e+003,1.703348e-001
2.860445e+003,1.690631e-001
2.860927e+003,1.680490e-001
2.861409e+003,1.672727e-001
2.861891e+003,1.666981e-001
2.862374e+003,1.662762e-001
2.862856e+003,1.659478e-001
2.863338e+003,1.656488e-001
2.863820e+003,1.653165e-001
2.864302e+003,1.648970e-001
2.864784e+003,1.643505e-001
2.865266e+003,1.636575e-001
2.865748e+003,1.628189e-001
2.866230e+003,1.618554e-001
2.866713e+003,1.608003e-001
2.867195e+003,1.596945e-001
2.867677e+003,1.585765e-001
2.868159e+003,1.574794e-001
2.868641e+003,1.564281e-001
2.869123e+003,1.554367e-001
2.869605e+003,1.545115e-001
2.870088e+003,1.536514e-001
2.870570e+003,1.528499e-001
2.871052e+003,1.520986e-001
2.871534e+003,1.513896e-001
2.872016e+003,1.507175e-001
2.872498e+003,1.500823e-001
2.872980e+003,1.494905e-001
2.873462e+003,1.489508e-001
2.873945e+003,1.484742e-001
2.874427e+003,1.480661e-001
2.874909e+003,1.477257e-001
2.875391e+003,1.474430e-001
2.875873e+003,1.472019e-001
2.876355e+003,1.469839e-001
2.876837e+003,1.467724e-001
2.877319e+003,1.465569e-001
2.877802e+003,1.463344e-001
2.878284e+003,1.461086e-001
2.878766e+003,1.458868e-001
2.879248e+003,1.456792e-001
2.879730e+003,1.454952e-001
2.880212e+003,1.453448e-001
2.880694e+003,1.452388e-001
2.881176e+003,1.451887e-001
2.881658e+003,1.452068e-001
2.882141e+003,1.453048e-001
2.882623e+003,1.454903e-001
2.883105e+003,1.457674e-001
2.883587e+003,1.461349e-001
2.884069e+003,1.465883e-001
2.884551e+003,1.471220e-001
2.885033e+003,1.477300e-001
2.885516e+003,1.484088e-001
2.885998e+003,1.491555e-001
2.886480e+003,1.499682e-001
2.886962e+003,1.508451e-001
2.887444e+003,1.517836e-001
2.887926e+003,1.527844e-001
2.888408e+003,1.538471e-001
2.888890e+003,1.549756e-001
2.889373e+003,1.561753e-001
2.889855e+003,1.574517e-001
2.890337e+003,1.588093e-001
2.890819e+003,1.602519e-001
2.891301e+003,1.617817e-001
2.891783e+003,1.634014e-001
2.892265e+003,1.651145e-001
2.892747e+003,1.669271e-001
2.893229e+003,1.688454e-001
2.893712e+003,1.708744e-001
2.894194e+003,1.730155e-001
2.894676e+003,1.752655e-001
2.895158e+003,1.776180e-001
2.895640e+003,1.800667e-001
2.896122e+003,1.826064e-001
2.896604e+003,1.852356e-001
2.897086e+003,1.879555e-001
2.897569e+003,1.907689e-001
2.898051e+003,1.936752e-001
2.898533e+003,1.966695e-001
2.899015e+003,1.997429e-001
2.899497e+003,2.028842e-001
2.899979e+003,2.060829e-001
2.900461e+003,2.093328e-001
2.900944e+003,2.126311e-001
2.901426e+003,2.159775e-001
2.901908e+003,2.193684e-001
2.902390e+003,2.227975e-001
2.902872e+003,2.262530e-001
2.903354e+003,2.297194e-001
2.903836e+003,2.331830e-001
2.904318e+003,2.366342e-001
2.904801e+003,2.400712e-001
2.905283e+003,2.434985e-001
2.905765e+003,2.469273e-001
2.906247e+003,2.503735e-001
2.906729e+003,2.538571e-001
2.907211e+003,2.574033e-001
2.907693e+003,2.610443e-001
2.908175e+003,2.648188e-001
2.908657e+003,2.687706e-001
2.909140e+003,2.729449e-001
2.909622e+003,2.773814e-001
2.910104e+003,2.821117e-001
2.910586e+003,2.871545e-001
2.911068e+003,2.925142e-001
2.911550e+003,2.981799e-001
2.912032e+003,3.041261e-001
2.912514e+003,3.103081e-001
2.912997e+003,3.166610e-001
2.913479e+003,3.230962e-001
2.913961e+003,3.295029e-001
2.914443e+003,3.357553e-001
2.914925e+003,3.417217e-001
2.915407e+003,3.472791e-001
2.915889e+003,3.523218e-001
2.916372e+003,3.567728e-001
2.916854e+003,3.605825e-001
2.917336e+003,3.637287e-001
2.917818e+003,3.662111e-001
2.918300e+003,3.680495e-001
2.918782e+003,3.692786e-001
2.919264e+003,3.699459e-001
2.919746e+003,3.701079e-001
2.920229e+003,3.698224e-001
2.920711e+003,3.691398e-001
2.921193e+003,3.680967e-001
2.921675e+003,3.667127e-001
2.922157e+003,3.649905e-001
2.922639e+003,3.629227e-001
2.923121e+003,3.604982e-001
2.923603e+003,3.577101e-001
2.924085e+003,3.545565e-001
2.924568e+003,3.510425e-001
2.925050e+003,3.471775e-001
2.925532e+003,3.429733e-001
2.926014e+003,3.384456e-001
2.926496e+003,3.336161e-001
2.926978e+003,3.285128e-001
2.927460e+003,3.231733e-001
2.927942e+003,3.176395e-001
2.928425e+003,3.119557e-001
2.928907e+003,3.061641e-001
2.929389e+003,3.003025e-001
2.929871e+003,2.944059e-001
2.930353e+003,2.885064e-001
2.930835e+003,2.826370e-001
2.931317e+003,2.768309e-001
2.931800e+003,2.711194e-001
2.932281e+003,2.655305e-001
2.932764e+003,2.600842e-001
2.933246e+003,2.547947e-001
2.933728e+003,2.496713e-001
2.934210e+003,2.447218e-001
2.934692e+003,2.399578e-001
2.935174e+003,2.353940e-001
2.935656e+003,2.310499e-001
2.936139e+003,2.269452e-001
2.936621e+003,2.230997e-001
2.937103e+003,2.195289e-001
2.937585e+003,2.162456e-001
2.938067e+003,2.132629e-001
2.938549e+003,2.105950e-001
2.939031e+003,2.082580e-001
2.939513e+003,2.062707e-001
2.939996e+003,2.046511e-001
2.940478e+003,2.034133e-001
2.940960e+003,2.025667e-001
2.941442e+003,2.021125e-001
2.941924e+003,2.020454e-001
2.942406e+003,2.023536e-001
2.942888e+003,2.030184e-001
2.943370e+003,2.040129e-001
2.943853e+003,2.053007e-001
2.944335e+003,2.068340e-001
2.944817e+003,2.085521e-001
2.945299e+003,2.103841e-001
2.945781e+003,2.122504e-001
2.946263e+003,2.140680e-001
2.946745e+003,2.157524e-001
2.947228e+003,2.172220e-001
2.947709e+003,2.183975e-001
2.948192e+003,2.192067e-001
2.948674e+003,2.195865e-001
2.949156e+003,2.194890e-001
2.949638e+003,2.188898e-001
2.950120e+003,2.177913e-001
2.950602e+003,2.162251e-001
2.951084e+003,2.142487e-001
2.951567e+003,2.119399e-001
2.952049e+003,2.093873e-001
2.952531e+003,2.066835e-001
2.953013e+003,2.039188e-001
2.953495e+003,2.011783e-001
2.953977e+003,1.985379e-001
2.954459e+003,1.960616e-001
2.954941e+003,1.937991e-001
2.955424e+003,1.917797e-001
2.955906e+003,1.900107e-001
2.956388e+003,1.884768e-001
2.956870e+003,1.871403e-001
2.957352e+003,1.859465e-001
2.957834e+003,1.848272e-001
2.958316e+003,1.837057e-001
2.958798e+003,1.825016e-001
2.959281e+003,1.811339e-001
2.959763e+003,1.795265e-001
2.960245e+003,1.776142e-001
2.960727e+003,1.753505e-001
2.961209e+003,1.727132e-001
2.961691e+003,1.697099e-001
2.962173e+003,1.663758e-001
2.962656e+003,1.627682e-001
2.963137e+003,1.589580e-001
2.963620e+003,1.550166e-001
2.964102e+003,1.510101e-001
2.964584e+003,1.469925e-001
2.965066e+003,1.430046e-001
2.965548e+003,1.390753e-001
2.966030e+003,1.352233e-001
2.966512e+003,1.314614e-001
2.966995e+003,1.277967e-001
2.967477e+003,1.242324e-001
2.967959e+003,1.207690e-001
2.968441e+003,1.174074e-001
2.968923e+003,1.141482e-001
2.969405e+003,1.109957e-001
2.969887e+003,1.079539e-001
2.970369e+003,1.050302e-001
2.970852e+003,1.022299e-001
2.971334e+003,9.955708e-002
2.971816e+003,9.701249e-002
2.972298e+003,9.459525e-002
2.972780e+003,9.230218e-002
2.973262e+003,9.012965e-002
2.973744e+003,8.807445e-002
2.974226e+003,8.613261e-002
2.974708e+003,8.430048e-002
2.975191e+003,8.257233e-002
2.975673e+003,8.094233e-002
2.976155e+003,7.940333e-002
2.976637e+003,7.794937e-002
2.977119e+003,7.657562e-002
2.977601e+003,7.527820e-002
2.978083e+003,7.405409e-002
2.978565e+003,7.289978e-002
2.979048e+003,7.181124e-002
2.979530e+003,7.078325e-002
2.980012e+003,6.981025e-002
2.980494e+003,6.888737e-002
2.980976e+003,6.801117e-002
2.981458e+003,6.717952e-002
2.981940e+003,6.639121e-002
2.982423e+003,6.564553e-002
2.982905e+003,6.493986e-002
2.983387e+003,6.427143e-002
2.983869e+003,6.363761e-002
2.984351e+003,6.303651e-002
2.984833e+003,6.246891e-002
2.985315e+003,6.193833e-002
2.985797e+003,6.144834e-002
2.986280e+003,6.100330e-002
2.986762e+003,6.060525e-002
2.987244e+003,6.025260e-002
2.987726e+003,5.994193e-002
2.988208e+003,5.966772e-002
2.988690e+003,5.942510e-002
2.989172e+003,5.921045e-002
2.989654e+003,5.902208e-002
2.990136e+003,5.885980e-002
2.990619e+003,5.872342e-002
2.991101e+003,5.861344e-002
2.991583e+003,5.853009e-002
2.992065e+003,5.847459e-002
2.992547e+003,5.844989e-002
2.993029e+003,5.846003e-002
2.993511e+003,5.851105e-002
2.993994e+003,5.860724e-002
2.994476e+003,5.875192e-002
2.994958e+003,5.894370e-002
2.995440e+003,5.917930e-002
2.995922e+003,5.945231e-002
2.996404e+003,5.975737e-002
2.996886e+003,6.008879e-002
2.997368e+003,6.044339e-002
2.997851e+003,6.081798e-002
2.998333e+003,6.120953e-002
2.998815e+003,6.161238e-002
2.999297e+003,6.201994e-002
2.999779e+003,6.242327e-002
3.000261e+003,6.281362e-002
3.000743e+003,6.318309e-002
3.001225e+003,6.352573e-002
3.001708e+003,6.383757e-002
3.002190e+003,6.411465e-002
3.002672e+003,6.435499e-002
3.003154e+003,6.455538e-002
3.003636e+003,6.471425e-002
3.004118e+003,6.483072e-002
3.004600e+003,6.490546e-002
3.005082e+003,6.494079e-002
3.005564e+003,6.493812e-002
3.006047e+003,6.489933e-002
3.006529e+003,6.482338e-002
3.007011e+003,6.470876e-002
3.007493e+003,6.455339e-002
3.007975e+003,6.435609e-002
3.008457e+003,6.411847e-002
3.008939e+003,6.384354e-002
3.009422e+003,6.353675e-002
3.009904e+003,6.320263e-002
3.010386e+003,6.284399e-002
3.010868e+003,6.246335e-002
3.011350e+003,6.206117e-002
3.011832e+003,6.163857e-002
3.012314e+003,6.119800e-002
3.012796e+003,6.074374e-002
3.013279e+003,6.028175e-002
3.013761e+003,5.981854e-002
3.014243e+003,5.935983e-002
3.014725e+003,5.891117e-002
3.015207e+003,5.847528e-002
3.015689e+003,5.805588e-002
3.016171e+003,5.765562e-002
3.016653e+003,5.727611e-002
3.017135e+003,5.691874e-002
3.017618e+003,5.658308e-002
3.018100e+003,5.626785e-002
3.018582e+003,5.597129e-002
3.019064e+003,5.569160e-002
3.019546e+003,5.542879e-002
3.020028e+003,5.518494e-002
3.020510e+003,5.496277e-002
3.020992e+003,5.476562e-002
3.021475e+003,5.459494e-002
3.021957e+003,5.444927e-002
3.022439e+003,5.432571e-002
3.022921e+003,5.421829e-002
3.023403e+003,5.412286e-002
3.023885e+003,5.403638e-002
3.024367e+003,5.395864e-002
3.024850e+003,5.389143e-002
3.025332e+003,5.383715e-002
3.025814e+003,5.379809e-002
3.026296e+003,5.377408e-002
3.026778e+003,5.376362e-002
3.027260e+003,5.376394e-002
3.027742e+003,5.377250e-002
3.028224e+003,5.378650e-002
3.028707e+003,5.380583e-002
3.029189e+003,5.383071e-002
3.029671e+003,5.386176e-002
3.030153e+003,5.390087e-002
3.030635e+003,5.394941e-002
3.031117e+003,5.400832e-002
3.031599e+003,5.407888e-002
3.032081e+003,5.416117e-002
3.032563e+003,5.425480e-002
3.033046e+003,5.435852e-002
3.033528e+003,5.446940e-002
3.034010e+003,5.458377e-002
3.034492e+003,5.469840e-002
3.034974e+003,5.481119e-002
3.035456e+003,5.492107e-002
3.035938e+003,5.502817e-002
3.036420e+003,5.513510e-002
3.036903e+003,5.524321e-002
3.037385e+003,5.535473e-002
3.037867e+003,5.547122e-002
3.038349e+003,5.559343e-002
3.038831e+003,5.572187e-002
3.039313e+003,5.585688e-002
3.039795e+003,5.599919e-002
3.040278e+003,5.614755e-002
3.040760e+003,5.630123e-002
3.041242e+003,5.645707e-002
3.041724e+003,5.661286e-002
3.042206e+003,5.676620e-002
3.042688e+003,5.691560e-002
3.043170e+003,5.706168e-002
3.043652e+003,5.720583e-002
3.044135e+003,5.735065e-002
3.044617e+003,5.749787e-002
3.045099e+003,5.764904e-002
3.045581e+003,5.780511e-002
3.046063e+003,5.796621e-002
3.046545e+003,5.813337e-002
3.047027e+003,5.830685e-002
3.047509e+003,5.848609e-002
3.047991e+003,5.866930e-002
3.048474e+003,5.885408e-002
3.048956e+003,5.903534e-002
3.049438e+003,5.920950e-002
3.049920e+003,5.937400e-002
3.050402e+003,5.952926e-002
3.050884e+003,5.967899e-002
3.051366e+003,5.982909e-002
3.051848e+003,5.998518e-002
3.052331e+003,6.015265e-002
3.052813e+003,6.033215e-002
3.053295e+003,6.052254e-002
3.053777e+003,6.072009e-002
3.054259e+003,6.092038e-002
3.054741e+003,6.112003e-002
3.055223e+003,6.131667e-002
3.055706e+003,6.151013e-002
3.056188e+003,6.170048e-002
3.056670e+003,6.188773e-002
3.057152e+003,6.207315e-002
3.057634e+003,6.225704e-002
3.058116e+003,6.244040e-002
3.058598e+003,6.262488e-002
3.059080e+003,6.281188e-002
3.059563e+003,6.300248e-002
3.060045e+003,6.319752e-002
3.060527e+003,6.339690e-002
3.061009e+003,6.360050e-002
3.061491e+003,6.380834e-002
3.061973e+003,6.402225e-002
3.062455e+003,6.424392e-002
3.062937e+003,6.447592e-002
3.063419e+003,6.471793e-002
3.063902e+003,6.496836e-002
3.064384e+003,6.522180e-002
3.064866e+003,6.547237e-002
3.065348e+003,6.571376e-002
3.065830e+003,6.594227e-002
3.066312e+003,6.615730e-002
3.066794e+003,6.636167e-002
3.067276e+003,6.655873e-002
3.067759e+003,6.675244e-002
3.068241e+003,6.694573e-002
3.068723e+003,6.713888e-002
3.069205e+003,6.733298e-002
3.069687e+003,6.752735e-002
3.070169e+003,6.772384e-002
3.070651e+003,6.792332e-002
3.071134e+003,6.812674e-002
3.071615e+003,6.833399e-002
3.072098e+003,6.854347e-002
3.072580e+003,6.875219e-002
3.073062e+003,6.895781e-002
3.073544e+003,6.915844e-002
3.074026e+003,6.935500e-002
3.074508e+003,6.954916e-002
3.074990e+003,6.974287e-002
3.075473e+003,6.993752e-002
3.075955e+003,7.013236e-002
3.076437e+003,7.032642e-002
3.076919e+003,7.051939e-002
3.077401e+003,7.071200e-002
3.077883e+003,7.090708e-002
3.078365e+003,7.110835e-002
3.078847e+003,7.131961e-002
3.079330e+003,7.154152e-002
3.079812e+003,7.177214e-002
3.080294e+003,7.200674e-002
3.080776e+003,7.224058e-002
3.081258e+003,7.246989e-002
3.081740e+003,7.269371e-002
3.082222e+003,7.291440e-002
3.082704e+003,7.313507e-002
3.083187e+003,7.335897e-002
3.083669e+003,7.358696e-002
3.084151e+003,7.381776e-002
3.084633e+003,7.404908e-002
3.085115e+003,7.427826e-002
3.085597e+003,7.450471e-002
3.086079e+003,7.472922e-002
3.086562e+003,7.495416e-002
3.087043e+003,7.518167e-002
3.087526e+003,7.541319e-002
3.088008e+003,7.564883e-002
3.088490e+003,7.588814e-002
3.088972e+003,7.613103e-002
3.089454e+003,7.637738e-002
3.089936e+003,7.662785e-002
3.090418e+003,7.688280e-002
3.090901e+003,7.714198e-002
3.091383e+003,7.740270e-002
3.091865e+003,7.766397e-002
3.092347e+003,7.792383e-002
3.092829e+003,7.818308e-002
3.093311e+003,7.844417e-002
3.093793e+003,7.871040e-002
3.094275e+003,7.898446e-002
3.094758e+003,7.926627e-002
3.095240e+003,7.955356e-002
3.095722e+003,7.984132e-002
3.096204e+003,8.012398e-002
3.096686e+003,8.039851e-002
3.097168e+003,8.066533e-002
3.097650e+003,8.092595e-002
3.098132e+003,8.118440e-002
3.098615e+003,8.144307e-002
3.099097e+003,8.170243e-002
3.099579e+003,8.196201e-002
3.100061e+003,8.222064e-002
3.100543e+003,8.247849e-002
3.101025e+003,8.273844e-002
3.101507e+003,8.300421e-002
3.101990e+003,8.327958e-002
3.102471e+003,8.356584e-002
3.102954e+003,8.386042e-002
3.103436e+003,8.415756e-002
3.103918e+003,8.445048e-002
3.104400e+003,8.473444e-002
3.104882e+003,8.500760e-002
3.105364e+003,8.527320e-002
3.105846e+003,8.553619e-002
3.106329e+003,8.580260e-002
3.106811e+003,8.607592e-002
3.107293e+003,8.635686e-002
3.107775e+003,8.664254e-002
3.108257e+003,8.692922e-002
3.108739e+003,8.721299e-002
3.109221e+003,8.749160e-002
3.109703e+003,8.776531e-002
3.110186e+003,8.803595e-002
3.110668e+003,8.830681e-002
3.111150e+003,8.858146e-002
3.111632e+003,8.886337e-002
3.112114e+003,8.915568e-002
3.112596e+003,8.946037e-002
3.113078e+003,8.977709e-002
3.113560e+003,9.010315e-002
3.114042e+003,9.043290e-002
3.114525e+003,9.075928e-002
3.115007e+003,9.107614e-002
3.115489e+003,9.137955e-002
3.115971e+003,9.167032e-002
3.116453e+003,9.195216e-002
3.116935e+003,9.223302e-002
3.117417e+003,9.251855e-002
3.117900e+003,9.281075e-002
3.118382e+003,9.310808e-002
3.118864e+003,9.340645e-002
3.119346e+003,9.370051e-002
3.119828e+003,9.398831e-002
3.120310e+003,9.427180e-002
3.120792e+003,9.455665e-002
3.121274e+003,9.485053e-002
3.121757e+003,9.515884e-002
3.122239e+003,9.548376e-002
3.122721e+003,9.582349e-002
3.123203e+003,9.617340e-002
3.123685e+003,9.652727e-002
3.124167e+003,9.688210e-002
3.124649e+003,9.723379e-002
3.125131e+003,9.758289e-002
3.125614e+003,9.792794e-002
3.126096e+003,9.826706e-002
3.126578e+003,9.859798e-002
3.127060e+003,9.891872e-002
3.127542e+003,9.922881e-002
3.128024e+003,9.953059e-002
3.128506e+003,9.982770e-002
3.128988e+003,1.001257e-001
3.129470e+003,1.004286e-001
3.129953e+003,1.007387e-001
3.130435e+003,1.010567e-001
3.130917e+003,1.013840e-001
3.131399e+003,1.017203e-001
3.131881e+003,1.020663e-001
3.132363e+003,1.024220e-001
3.132845e+003,1.027851e-001
3.133328e+003,1.031510e-001
3.133810e+003,1.035120e-001
3.134292e+003,1.038613e-001
3.134774e+003,1.041946e-001
3.135256e+003,1.045118e-001
3.135738e+003,1.048186e-001
3.136220e+003,1.051228e-001
3.136702e+003,1.054329e-001
3.137185e+003,1.057546e-001
3.137667e+003,1.060866e-001
3.138149e+003,1.064262e-001
3.138631e+003,1.067684e-001
3.139113e+003,1.071089e-001
3.139595e+003,1.074475e-001
3.140077e+003,1.077869e-001
3.140559e+003,1.081315e-001
3.141042e+003,1.084835e-001
3.141524e+003,1.088426e-001
3.142006e+003,1.092052e-001
3.142488e+003,1.095672e-001
3.142970e+003,1.099249e-001
3.143452e+003,1.102783e-001
3.143934e+003,1.106287e-001
3.144417e+003,1.109798e-001
3.144898e+003,1.113339e-001
3.145381e+003,1.116907e-001
3.145863e+003,1.120481e-001
3.146345e+003,1.124034e-001
3.146827e+003,1.127539e-001
3.147309e+003,1.131001e-001
3.147791e+003,1.134430e-001
3.148273e+003,1.137863e-001
3.148756e+003,1.141304e-001
3.149238e+003,1.144746e-001
3.149720e+003,1.148169e-001
3.150202e+003,1.151554e-001
3.150684e+003,1.154895e-001
3.151166e+003,1.158216e-001
3.151648e+003,1.161554e-001
3.152130e+003,1.164932e-001
3.152613e+003,1.168354e-001
3.153095e+003,1.171789e-001
3.153577e+003,1.175205e-001
3.154059e+003,1.178566e-001
3.154541e+003,1.181874e-001
3.155023e+003,1.185180e-001
3.155505e+003,1.188554e-001
3.155987e+003,1.192064e-001
3.156469e+003,1.195741e-001
3.156952e+003,1.199562e-001
3.157434e+003,1.203473e-001
3.157916e+003,1.207390e-001
3.158398e+003,1.211258e-001
3.158880e+003,1.215063e-001
3.159362e+003,1.218815e-001
3.159844e+003,1.222557e-001
3.160326e+003,1.226309e-001
3.160809e+003,1.230068e-001
3.161291e+003,1.233803e-001
3.161773e+003,1.237477e-001
3.162255e+003,1.241079e-001
3.162737e+003,1.244628e-001
3.163219e+003,1.248164e-001
3.163701e+003,1.251734e-001
3.164184e+003,1.255358e-001
3.164666e+003,1.259026e-001
3.165148e+003,1.262681e-001
3.165630e+003,1.266281e-001
3.166112e+003,1.269783e-001
3.166594e+003,1.273204e-001
3.167076e+003,1.276598e-001
3.167558e+003,1.280013e-001
3.168041e+003,1.283515e-001
3.168523e+003,1.287099e-001
3.169005e+003,1.290758e-001
3.169487e+003,1.294440e-001
3.169969e+003,1.298115e-001
3.170451e+003,1.301772e-001
3.170933e+003,1.305424e-001
3.171415e+003,1.309091e-001
3.171897e+003,1.312779e-001
3.172380e+003,1.316468e-001
3.172862e+003,1.320130e-001
3.173344e+003,1.323725e-001
3.173826e+003,1.327251e-001
3.174308e+003,1.330733e-001
3.174790e+003,1.334228e-001
3.175272e+003,1.337786e-001
3.175754e+003,1.341442e-001
3.176237e+003,1.345176e-001
3.176719e+003,1.348954e-001
3.177201e+003,1.352715e-001
3.177683e+003,1.356421e-001
3.178165e+003,1.360070e-001
3.178647e+003,1.363698e-001
3.179129e+003,1.367335e-001
3.179612e+003,1.371012e-001
3.180094e+003,1.374724e-001
3.180576e+003,1.378454e-001
3.181058e+003,1.382175e-001
3.181540e+003,1.385882e-001
3.182022e+003,1.389590e-001
3.182504e+003,1.393329e-001
3.182986e+003,1.397109e-001
3.183469e+003,1.400918e-001
3.183951e+003,1.404691e-001
3.184433e+003,1.408362e-001
3.184915e+003,1.411874e-001
3.185397e+003,1.415218e-001
3.185879e+003,1.418449e-001
3.186361e+003,1.421657e-001
3.186843e+003,1.424934e-001
3.187325e+003,1.428327e-001
3.187808e+003,1.431832e-001
3.188290e+003,1.435392e-001
3.188772e+003,1.438946e-001
3.189254e+003,1.442436e-001
3.189736e+003,1.445864e-001
3.190218e+003,1.449262e-001
3.190700e+003,1.452676e-001
3.191182e+003,1.456123e-001
3.191665e+003,1.459590e-001
3.192147e+003,1.463035e-001
3.192629e+003,1.466411e-001
3.193111e+003,1.469709e-001
3.193593e+003,1.472971e-001
3.194075e+003,1.476274e-001
3.194557e+003,1.479703e-001
3.195040e+003,1.483298e-001
3.195521e+003,1.487039e-001
3.196004e+003,1.490839e-001
3.196486e+003,1.494590e-001
3.196968e+003,1.498191e-001
3.197450e+003,1.501594e-001
3.197932e+003,1.504806e-001
3.198414e+003,1.507894e-001
3.198896e+003,1.510924e-001
3.199379e+003,1.513954e-001
3.199861e+003,1.517032e-001
3.200343e+003,1.520166e-001
3.200825e+003,1.523375e-001
3.201307e+003,1.526684e-001
3.201789e+003,1.530095e-001
3.202271e+003,1.533605e-001
3.202753e+003,1.537171e-001
3.203236e+003,1.540705e-001
3.203718e+003,1.544112e-001
3.204200e+003,1.547320e-001
3.204682e+003,1.550314e-001
3.205164e+003,1.553135e-001
3.205646e+003,1.555882e-001
3.206128e+003,1.558644e-001
3.206610e+003,1.561484e-001
3.207093e+003,1.564408e-001
3.207575e+003,1.567375e-001
3.208057e+003,1.570332e-001
3.208539e+003,1.573239e-001
3.209021e+003,1.576104e-001
3.209503e+003,1.578971e-001
3.209985e+003,1.581884e-001
3.210468e+003,1.584875e-001
3.210949e+003,1.587924e-001
3.211432e+003,1.590989e-001
3.211914e+003,1.594020e-001
3.212396e+003,1.596995e-001
3.212878e+003,1.599933e-001
3.213360e+003,1.602882e-001
3.213842e+003,1.605900e-001
3.214324e+003,1.609000e-001
3.214807e+003,1.612143e-001
3.215289e+003,1.615273e-001
3.215771e+003,1.618291e-001
3.216253e+003,1.621168e-001
3.216735e+003,1.623913e-001
3.217217e+003,1.626594e-001
3.217699e+003,1.629280e-001
3.218181e+003,1.632037e-001
3.218664e+003,1.634877e-001
3.219146e+003,1.637776e-001
3.219628e+003,1.640677e-001
3.220110e+003,1.643537e-001
3.220592e+003,1.646341e-001
3.221074e+003,1.649100e-001
3.221556e+003,1.651830e-001
3.222038e+003,1.654541e-001
3.222521e+003,1.657206e-001
3.223003e+003,1.659800e-001
3.223485e+003,1.662285e-001
3.223967e+003,1.664671e-001
3.224449e+003,1.667000e-001
3.224931e+003,1.669338e-001
3.225413e+003,1.671740e-001
3.225896e+003,1.674240e-001
3.226377e+003,1.676801e-001
3.226860e+003,1.679388e-001
3.227342e+003,1.681956e-001
3.227824e+003,1.684489e-001
3.228306e+003,1.687029e-001
3.228788e+003,1.689626e-001
3.229270e+003,1.692331e-001
3.229752e+003,1.695123e-001
3.230235e+003,1.697942e-001
3.230717e+003,1.700694e-001
3.231199e+003,1.703295e-001
3.231681e+003,1.705713e-001
3.232163e+003,1.707995e-001
3.232645e+003,1.710241e-001
3.233127e+003,1.712556e-001
3.233609e+003,1.715014e-001
3.234092e+003,1.717608e-001
3.234574e+003,1.720284e-001
3.235056e+003,1.722968e-001
3.235538e+003,1.725596e-001
3.236020e+003,1.728167e-001
3.236502e+003,1.730716e-001
3.236984e+003,1.733288e-001
3.237466e+003,1.735905e-001
3.237948e+003,1.738531e-001
3.238431e+003,1.741102e-001
3.238913e+003,1.743538e-001
3.239395e+003,1.745806e-001
3.239877e+003,1.747926e-001
3.240359e+003,1.749977e-001
3.240841e+003,1.752057e-001
3.241323e+003,1.754237e-001
3.241806e+003,1.756534e-001
3.242288e+003,1.758915e-001
3.242770e+003,1.761309e-001
3.243252e+003,1.763653e-001
3.243734e+003,1.765906e-001
3.244216e+003,1.768077e-001
3.244698e+003,1.770197e-001
3.245180e+003,1.772285e-001
3.245663e+003,1.774346e-001
3.246145e+003,1.776361e-001
3.246627e+003,1.778319e-001
3.247109e+003,1.780224e-001
3.247591e+003,1.782103e-001
3.248073e+003,1.784005e-001
3.248555e+003,1.785965e-001
3.249037e+003,1.787993e-001
3.249520e+003,1.790068e-001
3.250002e+003,1.792132e-001
3.250484e+003,1.794150e-001
3.250966e+003,1.796113e-001
3.251448e+003,1.798060e-001
3.251930e+003,1.800034e-001
3.252412e+003,1.802070e-001
3.252894e+003,1.804160e-001
3.253376e+003,1.806238e-001
3.253859e+003,1.808224e-001
3.254341e+003,1.810061e-001
3.254823e+003,1.811726e-001
3.255305e+003,1.813282e-001
3.255787e+003,1.814833e-001
3.256269e+003,1.816472e-001
3.256751e+003,1.818255e-001
3.257234e+003,1.820168e-001
3.257716e+003,1.822151e-001
3.258198e+003,1.824135e-001
3.258680e+003,1.826083e-001
3.259162e+003,1.827997e-001
3.259644e+003,1.829923e-001
3.260126e+003,1.831907e-001
3.260608e+003,1.833967e-001
3.261091e+003,1.836051e-001
3.261573e+003,1.838092e-001
3.262055e+003,1.840018e-001
3.262537e+003,1.841791e-001
3.263019e+003,1.843448e-001
3.263501e+003,1.845053e-001
3.263983e+003,1.846676e-001
3.264465e+003,1.848354e-001
3.264948e+003,1.850070e-001
3.265430e+003,1.851762e-001
3.265912e+003,1.853348e-001
3.266394e+003,1.854794e-001
3.266876e+003,1.856101e-001
3.267358e+003,1.857334e-001
3.267840e+003,1.858555e-001
3.268323e+003,1.859808e-001
3.268804e+003,1.861107e-001
3.269287e+003,1.862428e-001
3.269769e+003,1.863741e-001
3.270251e+003,1.865033e-001
3.270733e+003,1.866324e-001
3.271215e+003,1.867646e-001
3.271697e+003,1.869020e-001
3.272179e+003,1.870431e-001
3.272662e+003,1.871822e-001
3.273144e+003,1.873132e-001
3.273626e+003,1.874316e-001
3.274108e+003,1.875387e-001
3.274590e+003,1.876421e-001
3.275072e+003,1.877520e-001
3.275554e+003,1.878763e-001
3.276036e+003,1.880168e-001
3.276519e+003,1.881673e-001
3.277001e+003,1.883167e-001
3.277483e+003,1.884537e-001
3.277965e+003,1.885716e-001
3.278447e+003,1.886710e-001
3.278929e+003,1.887573e-001
3.279411e+003,1.888396e-001
3.279893e+003,1.889250e-001
3.280375e+003,1.890159e-001
3.280858e+003,1.891131e-001
3.281340e+003,1.892144e-001
3.281822e+003,1.893213e-001
3.282304e+003,1.894374e-001
3.282786e+003,1.895659e-001
3.283268e+003,1.897087e-001
3.283750e+003,1.898617e-001
3.284232e+003,1.900151e-001
3.284715e+003,1.901585e-001
3.285197e+003,1.902820e-001
3.285679e+003,1.903828e-001
3.286161e+003,1.904644e-001
3.286643e+003,1.905338e-001
3.287125e+003,1.905999e-001
3.287607e+003,1.906652e-001
3.288090e+003,1.907274e-001
3.288572e+003,1.907824e-001
3.289054e+003,1.908262e-001
3.289536e+003,1.908611e-001
3.290018e+003,1.908959e-001
3.290500e+003,1.909420e-001
3.290982e+003,1.910096e-001
3.291464e+003,1.911022e-001
3.291947e+003,1.912134e-001
3.292429e+003,1.913309e-001
3.292911e+003,1.914418e-001
3.293393e+003,1.915371e-001
3.293875e+003,1.916166e-001
3.294357e+003,1.916849e-001
3.294839e+003,1.917522e-001
3.295321e+003,1.918234e-001
3.295803e+003,1.919007e-001
3.296286e+003,1.919801e-001
3.296768e+003,1.920561e-001
3.297250e+003,1.921253e-001
3.297732e+003,1.921888e-001
3.298214e+003,1.922500e-001
3.298696e+003,1.923136e-001
3.299178e+003,1.923800e-001
3.299660e+003,1.924453e-001
3.300143e+003,1.925041e-001
3.300625e+003,1.925503e-001
3.301107e+003,1.925839e-001
3.301589e+003,1.926091e-001
3.302071e+003,1.926336e-001
3.302553e+003,1.926649e-001
3.303035e+003,1.927057e-001
3.303518e+003,1.927538e-001
3.304000e+003,1.928030e-001
3.304482e+003,1.928478e-001
3.304964e+003,1.928860e-001
3.305446e+003,1.929229e-001
3.305928e+003,1.929646e-001
3.306410e+003,1.930181e-001
3.306892e+003,1.930834e-001
3.307375e+003,1.931540e-001
3.307857e+003,1.932190e-001
3.308339e+003,1.932673e-001
3.308821e+003,1.932944e-001
3.309303e+003,1.933024e-001
3.309785e+003,1.933023e-001
3.310267e+003,1.933056e-001
3.310749e+003,1.933223e-001
3.311231e+003,1.933548e-001
3.311714e+003,1.934002e-001
3.312196e+003,1.934505e-001
3.312678e+003,1.934990e-001
3.313160e+003,1.935410e-001
3.313642e+003,1.935764e-001
3.314124e+003,1.936063e-001
3.314606e+003,1.936309e-001
3.315088e+003,1.936487e-001
3.315571e+003,1.936585e-001
3.316053e+003,1.936596e-001
3.316535e+003,1.936543e-001
3.317017e+003,1.936504e-001
3.317499e+003,1.936550e-001
3.317981e+003,1.936739e-001
3.318463e+003,1.937082e-001
3.318946e+003,1.937526e-001
3.319427e+003,1.937976e-001
3.319910e+003,1.938358e-001
3.320392e+003,1.938628e-001
3.320874e+003,1.938798e-001
3.321356e+003,1.938911e-001
3.321838e+003,1.939023e-001
3.322320e+003,1.939156e-001
3.322802e+003,1.939285e-001
3.323285e+003,1.939385e-001
3.323767e+003,1.939432e-001
3.324249e+003,1.939431e-001
3.324731e+003,1.939443e-001
3.325213e+003,1.939522e-001
3.325695e+003,1.939711e-001
3.326177e+003,1.940001e-001
3.326659e+003,1.940316e-001
3.327142e+003,1.940568e-001
3.327624e+003,1.940692e-001
3.328106e+003,1.940680e-001
3.328588e+003,1.940596e-001
3.329070e+003,1.940521e-001
3.329552e+003,1.940543e-001
3.330034e+003,1.940678e-001
3.330516e+003,1.940887e-001
3.330999e+003,1.941082e-001
3.331481e+003,1.941182e-001
3.331963e+003,1.941157e-001
3.332445e+003,1.941022e-001
3.332927e+003,1.940841e-001
3.333409e+003,1.940675e-001
3.333891e+003,1.940553e-001
3.334374e+003,1.940440e-001
3.334855e+003,1.940292e-001
3.335338e+003,1.940063e-001
3.335820e+003,1.939747e-001
3.336302e+003,1.939410e-001
3.336784e+003,1.939116e-001
3.337266e+003,1.938932e-001
3.337748e+003,1.938860e-001
3.338230e+003,1.938833e-001
3.338713e+003,1.938765e-001
3.339195e+003,1.938576e-001
3.339677e+003,1.938232e-001
3.340159e+003,1.937773e-001
3.340641e+003,1.937267e-001
3.341123e+003,1.936789e-001
3.341605e+003,1.936378e-001
3.342087e+003,1.936007e-001
3.342570e+003,1.935621e-001
3.343052e+003,1.935172e-001
3.343534e+003,1.934634e-001
3.344016e+003,1.934055e-001
3.344498e+003,1.933491e-001
3.344980e+003,1.932990e-001
3.345462e+003,1.932557e-001
3.345944e+003,1.932151e-001
3.346427e+003,1.931708e-001
3.346909e+003,1.931193e-001
3.347391e+003,1.930618e-001
3.347873e+003,1.930048e-001
3.348355e+003,1.929575e-001
3.348837e+003,1.929261e-001
3.349319e+003,1.929103e-001
3.349802e+003,1.929014e-001
3.350283e+003,1.928880e-001
3.350766e+003,1.928591e-001
3.351248e+003,1.928097e-001
3.351730e+003,1.927432e-001
3.352212e+003,1.926675e-001
3.352694e+003,1.925905e-001
3.353176e+003,1.925163e-001
3.353658e+003,1.924425e-001
3.354141e+003,1.923641e-001
3.354623e+003,1.922762e-001
3.355105e+003,1.921782e-001
3.355587e+003,1.920768e-001
3.356069e+003,1.919814e-001
3.356551e+003,1.919003e-001
3.357033e+003,1.918347e-001
3.357515e+003,1.917800e-001
3.357998e+003,1.917256e-001
3.358480e+003,1.916601e-001
3.358962e+003,1.915780e-001
3.359444e+003,1.914794e-001
3.359926e+003,1.913708e-001
3.360408e+003,1.912593e-001
3.360890e+003,1.911506e-001
3.361372e+003,1.910444e-001
3.361854e+003,1.909371e-001
3.362337e+003,1.908252e-001
3.362819e+003,1.907067e-001
3.363301e+003,1.905850e-001
3.363783e+003,1.904662e-001
3.364265e+003,1.903564e-001
3.364747e+003,1.902571e-001
3.365229e+003,1.901668e-001
3.365712e+003,1.900811e-001
3.366194e+003,1.899955e-001
3.366676e+003,1.899071e-001
3.367158e+003,1.898183e-001
3.367640e+003,1.897297e-001
3.368122e+003,1.896411e-001
3.368604e+003,1.895476e-001
3.369086e+003,1.894415e-001
3.369569e+003,1.893165e-001
3.370051e+003,1.891718e-001
3.370533e+003,1.890125e-001
3.371015e+003,1.888504e-001
3.371497e+003,1.886971e-001
3.371979e+003,1.885595e-001
3.372461e+003,1.884367e-001
3.372943e+003,1.883198e-001
3.373426e+003,1.881958e-001
3.373908e+003,1.880558e-001
3.374390e+003,1.878989e-001
3.374872e+003,1.877318e-001
3.375354e+003,1.875675e-001
3.375836e+003,1.874152e-001
3.376318e+003,1.872788e-001
3.376800e+003,1.871519e-001
3.377282e+003,1.870242e-001
3.377765e+003,1.868845e-001
3.378247e+003,1.867286e-001
3.378729e+003,1.865606e-001
3.379211e+003,1.863909e-001
3.379693e+003,1.862300e-001
3.380175e+003,1.860848e-001
3.380657e+003,1.859539e-001
3.381140e+003,1.858309e-001
3.381622e+003,1.857079e-001
3.382104e+003,1.855783e-001
3.382586e+003,1.854426e-001
3.383068e+003,1.853041e-001
3.383550e+003,1.851659e-001
3.384032e+003,1.850292e-001
3.384514e+003,1.848889e-001
3.384997e+003,1.847383e-001
3.385479e+003,1.845703e-001
3.385961e+003,1.843836e-001
3.386443e+003,1.841826e-001
3.386925e+003,1.839749e-001
3.387407e+003,1.837692e-001
3.387889e+003,1.835708e-001
3.388371e+003,1.833803e-001
3.388854e+003,1.831956e-001
3.389336e+003,1.830141e-001
3.389818e+003,1.828357e-001
3.390300e+003,1.826648e-001
3.390782e+003,1.825041e-001
3.391264e+003,1.823549e-001
3.391746e+003,1.822124e-001
3.392229e+003,1.820668e-001
3.392710e+003,1.819063e-001
3.393193e+003,1.817237e-001
3.393675e+003,1.815185e-001
3.394157e+003,1.812987e-001
3.394639e+003,1.810759e-001
3.395121e+003,1.808590e-001
3.395603e+003,1.806529e-001
3.396085e+003,1.804539e-001
3.396568e+003,1.802551e-001
3.397050e+003,1.800494e-001
3.397532e+003,1.798341e-001
3.398014e+003,1.796118e-001
3.398496e+003,1.793897e-001
3.398978e+003,1.791723e-001
3.399460e+003,1.789614e-001
3.399942e+003,1.787516e-001
3.400425e+003,1.785368e-001
3.400907e+003,1.783105e-001
3.401389e+003,1.780722e-001
3.401871e+003,1.778265e-001
3.402353e+003,1.775813e-001
3.402835e+003,1.773434e-001
3.403317e+003,1.771157e-001
3.403799e+003,1.768936e-001
3.404281e+003,1.766704e-001
3.404764e+003,1.764399e-001
3.405246e+003,1.761989e-001
3.405728e+003,1.759520e-001
3.406210e+003,1.757039e-001
3.406692e+003,1.754609e-001
3.407174e+003,1.752249e-001
3.407656e+003,1.749928e-001
3.408138e+003,1.747596e-001
3.408621e+003,1.745205e-001
3.409103e+003,1.742751e-001
3.409585e+003,1.740277e-001
3.410067e+003,1.737840e-001
3.410549e+003,1.735477e-001
3.411031e+003,1.733199e-001
3.411513e+003,1.730964e-001
3.411996e+003,1.728733e-001
3.412478e+003,1.726456e-001
3.412960e+003,1.724139e-001
3.413442e+003,1.721825e-001
3.413924e+003,1.719548e-001
3.414406e+003,1.717304e-001
3.414888e+003,1.715045e-001
3.415370e+003,1.712676e-001
3.415853e+003,1.710113e-001
3.416335e+003,1.707319e-001
3.416817e+003,1.704342e-001
3.417299e+003,1.701303e-001
3.417781e+003,1.698357e-001
3.418263e+003,1.695624e-001
3.418745e+003,1.693149e-001
3.419227e+003,1.690889e-001
3.419709e+003,1.688745e-001
3.420192e+003,1.686599e-001
3.420674e+003,1.684377e-001
3.421156e+003,1.682065e-001
3.421638e+003,1.679681e-001
3.422120e+003,1.677254e-001
3.422602e+003,1.674776e-001
3.423084e+003,1.672217e-001
3.423566e+003,1.669548e-001
3.424049e+003,1.666767e-001
3.424531e+003,1.663925e-001
3.425013e+003,1.661123e-001
3.425495e+003,1.658440e-001
3.425977e+003,1.655913e-001
3.426459e+003,1.653509e-001
3.426941e+003,1.651113e-001
3.427424e+003,1.648598e-001
3.427906e+003,1.645879e-001
3.428388e+003,1.642958e-001
3.428870e+003,1.639924e-001
3.429352e+003,1.636910e-001
3.429834e+003,1.634034e-001
3.430316e+003,1.631333e-001
3.430798e+003,1.628773e-001
3.431281e+003,1.626252e-001
3.431763e+003,1.623666e-001
3.432245e+003,1.620966e-001
3.432727e+003,1.618170e-001
3.433209e+003,1.615339e-001
3.433691e+003,1.612543e-001
3.434173e+003,1.609810e-001
3.434655e+003,1.607127e-001
3.435137e+003,1.604441e-001
3.435620e+003,1.601715e-001
3.436102e+003,1.598949e-001
3.436584e+003,1.596185e-001
3.437066e+003,1.593487e-001
3.437548e+003,1.590896e-001
3.438030e+003,1.588400e-001
3.438512e+003,1.585946e-001
3.438994e+003,1.583446e-001
3.439477e+003,1.580840e-001
3.439959e+003,1.578117e-001
3.440441e+003,1.575322e-001
3.440923e+003,1.572521e-001
3.441405e+003,1.569766e-001
3.441887e+003,1.567034e-001
3.442369e+003,1.564271e-001
3.442852e+003,1.561399e-001
3.443333e+003,1.558370e-001
3.443816e+003,1.555219e-001
3.444298e+003,1.552041e-001
3.444780e+003,1.548959e-001
3.445262e+003,1.546087e-001
3.445744e+003,1.543439e-001
3.446226e+003,1.540958e-001
3.446708e+003,1.538514e-001
3.447191e+003,1.535999e-001
3.447673e+003,1.533349e-001
3.448155e+003,1.530603e-001
3.448637e+003,1.527834e-001
3.449119e+003,1.525135e-001
3.449601e+003,1.522535e-001
3.450083e+003,1.520012e-001
3.450565e+003,1.517489e-001
3.451048e+003,1.514879e-001
3.451530e+003,1.512142e-001
3.452012e+003,1.509280e-001
3.452494e+003,1.506348e-001
3.452976e+003,1.503400e-001
3.453458e+003,1.500475e-001
3.453940e+003,1.497571e-001
3.454422e+003,1.494668e-001
3.454905e+003,1.491735e-001
3.455387e+003,1.488774e-001
3.455869e+003,1.485808e-001
3.456351e+003,1.482870e-001
3.456833e+003,1.479978e-001
3.457315e+003,1.477116e-001
3.457797e+003,1.474247e-001
3.458280e+003,1.471329e-001
3.458761e+003,1.468374e-001
3.459244e+003,1.465411e-001
3.459726e+003,1.462542e-001
3.460208e+003,1.459836e-001
3.460690e+003,1.457324e-001
3.461172e+003,1.454951e-001
3.461654e+003,1.452577e-001
3.462136e+003,1.450061e-001
3.462619e+003,1.447298e-001
3.463101e+003,1.444274e-001
3.463583e+003,1.441066e-001
3.464065e+003,1.437801e-001
3.464547e+003,1.434607e-001
3.465029e+003,1.431540e-001
3.465511e+003,1.428589e-001
3.465993e+003,1.425686e-001
3.466476e+003,1.422760e-001
3.466958e+003,1.419765e-001
3.467440e+003,1.416714e-001
3.467922e+003,1.413650e-001
3.468404e+003,1.410626e-001
3.468886e+003,1.407654e-001
3.469368e+003,1.404703e-001
3.469850e+003,1.401728e-001
3.470333e+003,1.398698e-001
3.470815e+003,1.395603e-001
3.471297e+003,1.392495e-001
3.471779e+003,1.389431e-001
3.472261e+003,1.386459e-001
3.472743e+003,1.383587e-001
3.473225e+003,1.380759e-001
3.473708e+003,1.377920e-001
3.474189e+003,1.375009e-001
3.474672e+003,1.372003e-001
3.475154e+003,1.368928e-001
3.475636e+003,1.365826e-001
3.476118e+003,1.362722e-001
3.476600e+003,1.359607e-001
3.477082e+003,1.356429e-001
3.477564e+003,1.353151e-001
3.478047e+003,1.349738e-001
3.478529e+003,1.346214e-001
3.479011e+003,1.342658e-001
3.479493e+003,1.339142e-001
3.479975e+003,1.335724e-001
3.480457e+003,1.332401e-001
3.480939e+003,1.329120e-001
3.481421e+003,1.325803e-001
3.481904e+003,1.322397e-001
3.482386e+003,1.318907e-001
3.482868e+003,1.315401e-001
3.483350e+003,1.311962e-001
3.483832e+003,1.308671e-001
3.484314e+003,1.305547e-001
3.484796e+003,1.302570e-001
3.485278e+003,1.299696e-001
3.485760e+003,1.296870e-001
3.486243e+003,1.294079e-001
3.486725e+003,1.291317e-001
3.487207e+003,1.288577e-001
3.487689e+003,1.285827e-001
3.488171e+003,1.282996e-001
3.488653e+003,1.279997e-001
3.489135e+003,1.276760e-001
3.489618e+003,1.273283e-001
3.490100e+003,1.269625e-001
3.490582e+003,1.265897e-001
3.491064e+003,1.262228e-001
3.491546e+003,1.258681e-001
3.492028e+003,1.255267e-001
3.492510e+003,1.251940e-001
3.492992e+003,1.248631e-001
3.493475e+003,1.245293e-001
3.493957e+003,1.241928e-001
3.494439e+003,1.238585e-001
3.494921e+003,1.235310e-001
3.495403e+003,1.232127e-001
3.495885e+003,1.228994e-001
3.496367e+003,1.225823e-001
3.496849e+003,1.222516e-001
3.497332e+003,1.219037e-001
3.497814e+003,1.215407e-001
3.498296e+003,1.211734e-001
3.498778e+003,1.208121e-001
3.499260e+003,1.204654e-001
3.499742e+003,1.201348e-001
3.500224e+003,1.198150e-001
3.500706e+003,1.194986e-001
3.501188e+003,1.191793e-001
3.501671e+003,1.188554e-001
3.502153e+003,1.185324e-001
3.502635e+003,1.182162e-001
3.503117e+003,1.179111e-001
3.503599e+003,1.176141e-001
3.504081e+003,1.173160e-001
3.504563e+003,1.170060e-001
3.505046e+003,1.166783e-001
3.505528e+003,1.163340e-001
3.506010e+003,1.159798e-001
3.506492e+003,1.156282e-001
3.506974e+003,1.152872e-001
3.507456e+003,1.149620e-001
3.507938e+003,1.146487e-001
3.508420e+003,1.143420e-001
3.508903e+003,1.140349e-001
3.509385e+003,1.137225e-001
3.509867e+003,1.134048e-001
3.510349e+003,1.130851e-001
3.510831e+003,1.127653e-001
3.511313e+003,1.124445e-001
3.511795e+003,1.121178e-001
3.512277e+003,1.117806e-001
3.512760e+003,1.114301e-001
3.513242e+003,1.110679e-001
3.513724e+003,1.107000e-001
3.514206e+003,1.103334e-001
3.514688e+003,1.099743e-001
3.515170e+003,1.096246e-001
3.515652e+003,1.092828e-001
3.516135e+003,1.089466e-001
3.516616e+003,1.086135e-001
3.517099e+003,1.082839e-001
3.517581e+003,1.079600e-001
3.518063e+003,1.076410e-001
3.518545e+003,1.073239e-001
3.519027e+003,1.070010e-001
3.519509e+003,1.066641e-001
3.519991e+003,1.063076e-001
3.520474e+003,1.059321e-001
3.520956e+003,1.055466e-001
3.521438e+003,1.051651e-001
3.521920e+003,1.048006e-001
3.522402e+003,1.044604e-001
3.522884e+003,1.041411e-001
3.523366e+003,1.038303e-001
3.523848e+003,1.035128e-001
3.524331e+003,1.031789e-001
3.524813e+003,1.028271e-001
3.525295e+003,1.024667e-001
3.525777e+003,1.021092e-001
3.526259e+003,1.017630e-001
3.526741e+003,1.014304e-001
3.527223e+003,1.011043e-001
3.527705e+003,1.007743e-001
3.528188e+003,1.004307e-001
3.528670e+003,1.000730e-001
3.529152e+003,9.970650e-002
3.529634e+003,9.934222e-002
3.530116e+003,9.898929e-002
3.530598e+003,9.865098e-002
3.531080e+003,9.832460e-002
3.531563e+003,9.800345e-002
3.532044e+003,9.768003e-002
3.532527e+003,9.734973e-002
3.533009e+003,9.701157e-002
3.533491e+003,9.666652e-002
3.533973e+003,9.631523e-002
3.534455e+003,9.595707e-002
3.534937e+003,9.558931e-002
3.535419e+003,9.521182e-002
3.535902e+003,9.482720e-002
3.536384e+003,9.444334e-002
3.536866e+003,9.407079e-002
3.537348e+003,9.371781e-002
3.537830e+003,9.338524e-002
3.538312e+003,9.306685e-002
3.538794e+003,9.275157e-002
3.539276e+003,9.242754e-002
3.539759e+003,9.208630e-002
3.540241e+003,9.172639e-002
3.540723e+003,9.135363e-002
3.541205e+003,9.097426e-002
3.541687e+003,9.059490e-002
3.542169e+003,9.021651e-002
3.542651e+003,8.983638e-002
3.543133e+003,8.944951e-002
3.543615e+003,8.905407e-002
3.544098e+003,8.865440e-002
3.544580e+003,8.826043e-002
3.545062e+003,8.788402e-002
3.545544e+003,8.753157e-002
3.546026e+003,8.720026e-002
3.546508e+003,8.687802e-002
3.546990e+003,8.654977e-002
3.547472e+003,8.620462e-002
3.547955e+003,8.583955e-002
3.548437e+003,8.546018e-002
3.548919e+003,8.507671e-002
3.549401e+003,8.469932e-002
3.549883e+003,8.433410e-002
3.550365e+003,8.398402e-002
3.550847e+003,8.364821e-002
3.551330e+003,8.332382e-002
3.551812e+003,8.300797e-002
3.552294e+003,8.269782e-002
3.552776e+003,8.238976e-002
3.553258e+003,8.207645e-002
3.553740e+003,8.175036e-002
3.554222e+003,8.140139e-002
3.554704e+003,8.102398e-002
3.555187e+003,8.061816e-002
3.555669e+003,8.019010e-002
3.556151e+003,7.975152e-002
3.556633e+003,7.931480e-002
3.557115e+003,7.889073e-002
3.557597e+003,7.848331e-002
3.558079e+003,7.809136e-002
3.558561e+003,7.771010e-002
3.559043e+003,7.733427e-002
3.559526e+003,7.696053e-002
3.560008e+003,7.659101e-002
3.560490e+003,7.622767e-002
3.560972e+003,7.587288e-002
3.561454e+003,7.552427e-002
3.561936e+003,7.517724e-002
3.562418e+003,7.482700e-002
3.562900e+003,7.446942e-002
3.563383e+003,7.410403e-002
3.563865e+003,7.373616e-002
3.564347e+003,7.337099e-002
3.564829e+003,7.301560e-002
3.565311e+003,7.267444e-002
3.565793e+003,7.234699e-002
3.566275e+003,7.203130e-002
3.566758e+003,7.172337e-002
3.567240e+003,7.141965e-002
3.567722e+003,7.111788e-002
3.568204e+003,7.081546e-002
3.568686e+003,7.050783e-002
3.569168e+003,7.018866e-002
3.569650e+003,6.985242e-002
3.570132e+003,6.949648e-002
3.570615e+003,6.912320e-002
3.571097e+003,6.873792e-002
3.571579e+003,6.834930e-002
3.572061e+003,6.796549e-002
3.572543e+003,6.759195e-002
3.573025e+003,6.722877e-002
3.573507e+003,6.687251e-002
3.573989e+003,6.651635e-002
3.574471e+003,6.615487e-002
3.574954e+003,6.578536e-002
3.575436e+003,6.540877e-002
3.575918e+003,6.502799e-002
3.576400e+003,6.464472e-002
3.576882e+003,6.426046e-002
3.577364e+003,6.387472e-002
3.577846e+003,6.348884e-002
3.578328e+003,6.310593e-002
3.578811e+003,6.272979e-002
3.579293e+003,6.236684e-002
3.579775e+003,6.201884e-002
3.580257e+003,6.168414e-002
3.580739e+003,6.135647e-002
3.581221e+003,6.102779e-002
3.581703e+003,6.069057e-002
3.582186e+003,6.034187e-002
3.582667e+003,5.998180e-002
3.583150e+003,5.961480e-002
3.583632e+003,5.924485e-002
3.584114e+003,5.887549e-002
3.584596e+003,5.850810e-002
3.585078e+003,5.814465e-002
3.585560e+003,5.779092e-002
3.586042e+003,5.745481e-002
3.586525e+003,5.714740e-002
3.587007e+003,5.687537e-002
3.587489e+003,5.663078e-002
3.587971e+003,5.639307e-002
3.588453e+003,5.613771e-002
3.588935e+003,5.584818e-002
3.589417e+003,5.552191e-002
3.589899e+003,5.516702e-002
3.590382e+003,5.479659e-002
3.590864e+003,5.442591e-002
3.591346e+003,5.406581e-002
3.591828e+003,5.372135e-002
3.592310e+003,5.339411e-002
3.592792e+003,5.308065e-002
3.593274e+003,5.277936e-002
3.593756e+003,5.248889e-002
3.594239e+003,5.221045e-002
3.594721e+003,5.194481e-002
3.595203e+003,5.168776e-002
3.595685e+003,5.142773e-002
3.596167e+003,5.114969e-002
3.596649e+003,5.083875e-002
3.597131e+003,5.048829e-002
3.597614e+003,5.010285e-002
3.598095e+003,4.969722e-002
3.598578e+003,4.929208e-002
3.599060e+003,4.890994e-002
3.599542e+003,4.856447e-002
3.600024e+003,4.825945e-002
3.600506e+003,4.798725e-002
3.600988e+003,4.773373e-002
3.601470e+003,4.748485e-002
3.601953e+003,4.722943e-002
3.602435e+003,4.696328e-002
3.602917e+003,4.668395e-002
3.603399e+003,4.638897e-002
3.603881e+003,4.607601e-002
3.604363e+003,4.574251e-002
3.604845e+003,4.538795e-002
3.605327e+003,4.501838e-002
3.605810e+003,4.464610e-002
3.606292e+003,4.428918e-002
3.606774e+003,4.396542e-002
3.607256e+003,4.368540e-002
3.607738e+003,4.344578e-002
3.608220e+003,4.322826e-002
3.608702e+003,4.301035e-002
3.609184e+003,4.277386e-002
3.609667e+003,4.251496e-002
3.610149e+003,4.224080e-002
3.610631e+003,4.196306e-002
3.611113e+003,4.169377e-002
3.611595e+003,4.143846e-002
3.612077e+003,4.119566e-002
3.612559e+003,4.095848e-002
3.613042e+003,4.071550e-002
3.613524e+003,4.045776e-002
3.614006e+003,4.018008e-002
3.614488e+003,3.988358e-002
3.614970e+003,3.957084e-002
3.615452e+003,3.924531e-002
3.615934e+003,3.890957e-002
3.616416e+003,3.856963e-002
3.616898e+003,3.823534e-002
3.617381e+003,3.791784e-002
3.617863e+003,3.763323e-002
3.618345e+003,3.738911e-002
3.618827e+003,3.718266e-002
3.619309e+003,3.699607e-002
3.619791e+003,3.680502e-002
3.620273e+003,3.659038e-002
3.620755e+003,3.634441e-002
3.621238e+003,3.607016e-002
3.621720e+003,3.577601e-002
3.622202e+003,3.547115e-002
3.622684e+003,3.516112e-002
3.623166e+003,3.484775e-002
3.623648e+003,3.453203e-002
3.624130e+003,3.421494e-002
3.624612e+003,3.389758e-002
3.625094e+003,3.358401e-002
3.625577e+003,3.327962e-002
3.626059e+003,3.299079e-002
3.626541e+003,3.272378e-002
3.627023e+003,3.248483e-002
3.627505e+003,3.227972e-002
3.627987e+003,3.210991e-002
3.628469e+003,3.196498e-002
3.628952e+003,3.182101e-002
3.629434e+003,3.165639e-002
3.629916e+003,3.145923e-002
3.630398e+003,3.123408e-002
3.630880e+003,3.099147e-002
3.631362e+003,3.074393e-002
3.631844e+003,3.050212e-002
3.632326e+003,3.027575e-002
3.632809e+003,3.006935e-002
3.633291e+003,2.988071e-002
3.633773e+003,2.969830e-002
3.634255e+003,2.950679e-002
3.634737e+003,2.929095e-002
3.635219e+003,2.904417e-002
3.635701e+003,2.876975e-002
3.636183e+003,2.847826e-002
3.636666e+003,2.818320e-002
3.637148e+003,2.789694e-002
3.637630e+003,2.762329e-002
3.638112e+003,2.735930e-002
3.638594e+003,2.709492e-002
3.639076e+003,2.682303e-002
3.639558e+003,2.654045e-002
3.640041e+003,2.625344e-002
3.640522e+003,2.597289e-002
3.641005e+003,2.571145e-002
3.641487e+003,2.547402e-002
3.641969e+003,2.525409e-002
3.642451e+003,2.503586e-002
3.642933e+003,2.479994e-002
3.643415e+003,2.453089e-002
3.643897e+003,2.422515e-002
3.644380e+003,2.388874e-002
3.644862e+003,2.353848e-002
3.645344e+003,2.319652e-002
3.645826e+003,2.288691e-002
3.646308e+003,2.262961e-002
3.646790e+003,2.243723e-002
3.647272e+003,2.231015e-002
3.647754e+003,2.223882e-002
3.648237e+003,2.221038e-002
3.648719e+003,2.222042e-002
3.649201e+003,2.225953e-002
3.649683e+003,2.231165e-002
3.650165e+003,2.234306e-002
3.650647e+003,2.232135e-002
3.651129e+003,2.222688e-002
3.651611e+003,2.206185e-002
3.652094e+003,2.184379e-002
3.652576e+003,2.159479e-002
3.653058e+003,2.133643e-002
3.653540e+003,2.108946e-002
3.654022e+003,2.087030e-002
3.654504e+003,2.069369e-002
3.654986e+003,2.056539e-002
3.655469e+003,2.047829e-002
3.655950e+003,2.040823e-002
3.656433e+003,2.032293e-002
3.656915e+003,2.019675e-002
3.657397e+003,2.002060e-002
3.657879e+003,1.980232e-002
3.658361e+003,1.956021e-002
3.658843e+003,1.931428e-002
3.659325e+003,1.908218e-002
3.659808e+003,1.887447e-002
3.660290e+003,1.869545e-002
3.660772e+003,1.853972e-002
3.661254e+003,1.839673e-002
3.661736e+003,1.825273e-002
3.662218e+003,1.809766e-002
3.662700e+003,1.792906e-002
3.663182e+003,1.774927e-002
3.663665e+003,1.756380e-002
3.664147e+003,1.737892e-002
3.664629e+003,1.719426e-002
3.665111e+003,1.700638e-002
3.665593e+003,1.680693e-002
3.666075e+003,1.658758e-002
3.666557e+003,1.634438e-002
3.667039e+003,1.608238e-002
3.667521e+003,1.581740e-002
3.668004e+003,1.557854e-002
3.668486e+003,1.540458e-002
3.668968e+003,1.532854e-002
3.669450e+003,1.535621e-002
3.669932e+003,1.544700e-002
3.670414e+003,1.553131e-002
3.670896e+003,1.555091e-002
3.671378e+003,1.548367e-002
3.671861e+003,1.534038e-002
3.672343e+003,1.514596e-002
3.672825e+003,1.492928e-002
3.673307e+003,1.472326e-002
3.673789e+003,1.456745e-002
3.674271e+003,1.450744e-002
3.674753e+003,1.457140e-002
3.675236e+003,1.473234e-002
3.675718e+003,1.490711e-002
3.676200e+003,1.501185e-002
3.676682e+003,1.501960e-002
3.677164e+003,1.495221e-002
3.677646e+003,1.484433e-002
3.678128e+003,1.472635e-002
3.678610e+003,1.461535e-002
3.679093e+003,1.451393e-002
3.679575e+003,1.441803e-002
3.680057e+003,1.431619e-002
3.680539e+003,1.420032e-002
3.681021e+003,1.406768e-002
3.681503e+003,1.392370e-002
3.681985e+003,1.377724e-002
3.682467e+003,1.363814e-002
3.682949e+003,1.350836e-002
3.683432e+003,1.338643e-002
3.683914e+003,1.326289e-002
3.684396e+003,1.312689e-002
3.684878e+003,1.297215e-002
3.685360e+003,1.279892e-002
3.685842e+003,1.262038e-002
3.686324e+003,1.245719e-002
3.686806e+003,1.233547e-002
3.687289e+003,1.228106e-002
3.687771e+003,1.230459e-002
3.688253e+003,1.239425e-002
3.688735e+003,1.251301e-002
3.689217e+003,1.262060e-002
3.689699e+003,1.269347e-002
3.690181e+003,1.273284e-002
3.690664e+003,1.275374e-002
3.691146e+003,1.277032e-002
3.691628e+003,1.278407e-002
3.692110e+003,1.278981e-002
3.692592e+003,1.277779e-002
3.693074e+003,1.274320e-002
3.693556e+003,1.268947e-002
3.694038e+003,1.262624e-002
3.694521e+003,1.256410e-002
3.695003e+003,1.251601e-002
3.695485e+003,1.248519e-002
3.695967e+003,1.246929e-002
3.696449e+003,1.245894e-002
3.696931e+003,1.244057e-002
3.697413e+003,1.240516e-002
3.697895e+003,1.234911e-002
3.698377e+003,1.227539e-002
3.698860e+003,1.219154e-002
3.699342e+003,1.210581e-002
3.699824e+003,1.202784e-002
3.700306e+003,1.196444e-002
3.700788e+003,1.192152e-002
3.701270e+003,1.189972e-002
3.701752e+003,1.189485e-002
3.702234e+003,1.189838e-002
3.702717e+003,1.190029e-002
3.703199e+003,1.189134e-002
3.703681e+003,1.186470e-002
3.704163e+003,1.181852e-002
3.704645e+003,1.175600e-002
3.705127e+003,1.168099e-002
3.705609e+003,1.160138e-002
3.706092e+003,1.152286e-002
3.706573e+003,1.144780e-002
3.707056e+003,1.137568e-002
3.707538e+003,1.130293e-002
3.708020e+003,1.122485e-002
3.708502e+003,1.114093e-002
3.708984e+003,1.106046e-002
3.709466e+003,1.100052e-002
3.709948e+003,1.098462e-002
3.710431e+003,1.103271e-002
3.710913e+003,1.114545e-002
3.711395e+003,1.129847e-002
3.711877e+003,1.145117e-002
3.712359e+003,1.156738e-002
3.712841e+003,1.163071e-002
3.713323e+003,1.164399e-002
3.713805e+003,1.162270e-002
3.714288e+003,1.158429e-002
3.714770e+003,1.154253e-002
3.715252e+003,1.150572e-002
3.715734e+003,1.147634e-002
3.716216e+003,1.145426e-002
3.716698e+003,1.143628e-002
3.717180e+003,1.141853e-002
3.717662e+003,1.139620e-002
3.718145e+003,1.136542e-002
3.718627e+003,1.132433e-002
3.719109e+003,1.127356e-002
3.719591e+003,1.121569e-002
3.720073e+003,1.115621e-002
3.720555e+003,1.110279e-002
3.721037e+003,1.106314e-002
3.721520e+003,1.104023e-002
3.722001e+003,1.103397e-002
3.722484e+003,1.103775e-002
3.722966e+003,1.104490e-002
3.723448e+003,1.104993e-002
3.723930e+003,1.105496e-002
3.724412e+003,1.106770e-002
3.724894e+003,1.109759e-002
3.725376e+003,1.114999e-002
3.725859e+003,1.122079e-002
3.726341e+003,1.129162e-002
3.726823e+003,1.134170e-002
3.727305e+003,1.135001e-002
3.727787e+003,1.131081e-002
3.728269e+003,1.122892e-002
3.728751e+003,1.111941e-002
3.729233e+003,1.100079e-002
3.729716e+003,1.089210e-002
3.730198e+003,1.080965e-002
3.730680e+003,1.076139e-002
3.731162e+003,1.074623e-002
3.731644e+003,1.075210e-002
3.732126e+003,1.076071e-002
3.732608e+003,1.075687e-002
3.733090e+003,1.073958e-002
3.733573e+003,1.072503e-002
3.734055e+003,1.074099e-002
3.734537e+003,1.081300e-002
3.735019e+003,1.094684e-002
3.735501e+003,1.111673e-002
3.735983e+003,1.127709e-002
3.736465e+003,1.138763e-002
3.736948e+003,1.143536e-002
3.737430e+003,1.143285e-002
3.737912e+003,1.140289e-002
3.738394e+003,1.136457e-002
3.738876e+003,1.132786e-002
3.739358e+003,1.129289e-002
3.739840e+003,1.124730e-002
3.740322e+003,1.117563e-002
3.740804e+003,1.106213e-002
3.741287e+003,1.090068e-002
3.741769e+003,1.069616e-002
3.742251e+003,1.047263e-002
3.742733e+003,1.027442e-002
3.743215e+003,1.016803e-002
3.743697e+003,1.021540e-002
3.744179e+003,1.042484e-002
3.744661e+003,1.071667e-002
3.745144e+003,1.097139e-002
3.745626e+003,1.110975e-002
3.746108e+003,1.111918e-002
3.746590e+003,1.102937e-002
3.747072e+003,1.088067e-002
3.747554e+003,1.071382e-002
3.748036e+003,1.056782e-002
3.748518e+003,1.047642e-002
3.749000e+003,1.047090e-002
3.749483e+003,1.056790e-002
3.749965e+003,1.076499e-002
3.750447e+003,1.103784e-002
3.750929e+003,1.134323e-002
3.751411e+003,1.163285e-002
3.751893e+003,1.186148e-002
3.752375e+003,1.199965e-002
3.752858e+003,1.203877e-002
3.753340e+003,1.199021e-002
3.753822e+003,1.187648e-002
3.754304e+003,1.172564e-002
3.754786e+003,1.156488e-002
3.755268e+003,1.141825e-002
3.755750e+003,1.130330e-002
3.756232e+003,1.122630e-002
3.756715e+003,1.118600e-002
3.757197e+003,1.117114e-002
3.757679e+003,1.116957e-002
3.758161e+003,1.117188e-002
3.758643e+003,1.117845e-002
3.759125e+003,1.119280e-002
3.759607e+003,1.121694e-002
3.760089e+003,1.124397e-002
3.760572e+003,1.125984e-002
3.761054e+003,1.125137e-002
3.761536e+003,1.121140e-002
3.762018e+003,1.114419e-002
3.762500e+003,1.106466e-002
3.762982e+003,1.099327e-002
3.763464e+003,1.095212e-002
3.763947e+003,1.095566e-002
3.764428e+003,1.100453e-002
3.764911e+003,1.107853e-002
3.765393e+003,1.114401e-002
3.765875e+003,1.116993e-002
3.766357e+003,1.114309e-002
3.766839e+003,1.107226e-002
3.767321e+003,1.098106e-002
3.767803e+003,1.089813e-002
3.768286e+003,1.085089e-002
3.768768e+003,1.085378e-002
3.769250e+003,1.090622e-002
3.769732e+003,1.098809e-002
3.770214e+003,1.107200e-002
3.770696e+003,1.113555e-002
3.771178e+003,1.116931e-002
3.771660e+003,1.117577e-002
3.772143e+003,1.116185e-002
3.772625e+003,1.113319e-002
3.773107e+003,1.109409e-002
3.773589e+003,1.104351e-002
3.774071e+003,1.098084e-002
3.774553e+003,1.090633e-002
3.775035e+003,1.082197e-002
3.775517e+003,1.073433e-002
3.776000e+003,1.064981e-002
3.776482e+003,1.057813e-002
3.776964e+003,1.052847e-002
3.777446e+003,1.051016e-002
3.777928e+003,1.053014e-002
3.778410e+003,1.058756e-002
3.778892e+003,1.067007e-002
3.779375e+003,1.075475e-002
3.779856e+003,1.081625e-002
3.780339e+003,1.083806e-002
3.780821e+003,1.081851e-002
3.781303e+003,1.076957e-002
3.781785e+003,1.070952e-002
3.782267e+003,1.065740e-002
3.782749e+003,1.062646e-002
3.783231e+003,1.062113e-002
3.783714e+003,1.063510e-002
3.784196e+003,1.065173e-002
3.784678e+003,1.065334e-002
3.785160e+003,1.063084e-002
3.785642e+003,1.058826e-002
3.786124e+003,1.054188e-002
3.786606e+003,1.051027e-002
3.787088e+003,1.050516e-002
3.787571e+003,1.052860e-002
3.788053e+003,1.056948e-002
3.788535e+003,1.060999e-002
3.789017e+003,1.063345e-002
3.789499e+003,1.062874e-002
3.789981e+003,1.059635e-002
3.790463e+003,1.054575e-002
3.790945e+003,1.048830e-002
3.791427e+003,1.043376e-002
3.791910e+003,1.038451e-002
3.792392e+003,1.033575e-002
3.792874e+003,1.028016e-002
3.793356e+003,1.021330e-002
3.793838e+003,1.013744e-002
3.794320e+003,1.006359e-002
3.794802e+003,1.000820e-002
3.795284e+003,9.988213e-003
3.795767e+003,1.000947e-002
3.796249e+003,1.005960e-002
3.796731e+003,1.011277e-002
3.797213e+003,1.013874e-002
3.797695e+003,1.011863e-002
3.798177e+003,1.005027e-002
3.798659e+003,9.945937e-003
3.799142e+003,9.831327e-003
3.799624e+003,9.743795e-003
3.800106e+003,9.727425e-003
3.800588e+003,9.821641e-003
3.801070e+003,1.002929e-002
3.801552e+003,1.029760e-002
3.802034e+003,1.054092e-002
3.802516e+003,1.069201e-002
3.802999e+003,1.073332e-002
3.803481e+003,1.068102e-002
3.803963e+003,1.056656e-002
3.804445e+003,1.042404e-002
3.804927e+003,1.028847e-002
3.805409e+003,1.019602e-002
3.805891e+003,1.017625e-002
3.806373e+003,1.023769e-002
3.806855e+003,1.035588e-002
3.807338e+003,1.048249e-002
3.807820e+003,1.057143e-002
3.808302e+003,1.060325e-002
3.808784e+003,1.058427e-002
3.809266e+003,1.053353e-002
3.809748e+003,1.047134e-002
3.810230e+003,1.040927e-002
3.810712e+003,1.034884e-002
3.811195e+003,1.028191e-002
3.811677e+003,1.019642e-002
3.812159e+003,1.008180e-002
3.812641e+003,9.939080e-003
3.813123e+003,9.780318e-003
3.813605e+003,9.631701e-003
3.814087e+003,9.527927e-003
3.814570e+003,9.505996e-003
3.815052e+003,9.583735e-003
3.815534e+003,9.738686e-003
3.816016e+003,9.908573e-003
3.816498e+003,1.002330e-002
3.816980e+003,1.004544e-002
3.817462e+003,9.979262e-003
3.817944e+003,9.856441e-003
3.818427e+003,9.720999e-003
3.818909e+003,9.619514e-003
3.819391e+003,9.600235e-003
3.819873e+003,9.703929e-003
3.820355e+003,9.939324e-003
3.820837e+003,1.025761e-002
3.821319e+003,1.056036e-002
3.821801e+003,1.076255e-002
3.822283e+003,1.083772e-002
3.822766e+003,1.080708e-002
3.823248e+003,1.070938e-002
3.823730e+003,1.058067e-002
3.824212e+003,1.044964e-002
3.824694e+003,1.033810e-002
3.825176e+003,1.026059e-002
3.825658e+003,1.022208e-002
3.826140e+003,1.021598e-002
3.826623e+003,1.022607e-002
3.827105e+003,1.023067e-002
3.827587e+003,1.021511e-002
3.828069e+003,1.017620e-002
3.828551e+003,1.012094e-002
3.829033e+003,1.006210e-002
3.829515e+003,1.001268e-002
3.829998e+003,9.981390e-003
3.830479e+003,9.968729e-003
3.830962e+003,9.968068e-003
3.831444e+003,9.965619e-003
3.831926e+003,9.949502e-003
3.832408e+003,9.914730e-003
3.832890e+003,9.864620e-003
3.833372e+003,9.806449e-003
3.833854e+003,9.749671e-003
3.834337e+003,9.699141e-003
3.834819e+003,9.656651e-003
3.835301e+003,9.621566e-003
3.835783e+003,9.596058e-003
3.836265e+003,9.588571e-003
3.836747e+003,9.613302e-003
3.837229e+003,9.686636e-003
3.837711e+003,9.818188e-003
3.838194e+003,9.997376e-003
3.838676e+003,1.019493e-002
3.839158e+003,1.037143e-002
3.839640e+003,1.049551e-002
3.840122e+003,1.055227e-002
3.840604e+003,1.054732e-002
3.841086e+003,1.049792e-002
3.841568e+003,1.042687e-002
3.842051e+003,1.035683e-002
3.842533e+003,1.030356e-002
3.843015e+003,1.027448e-002
3.843497e+003,1.026706e-002
3.843979e+003,1.027181e-002
3.844461e+003,1.027335e-002
3.844943e+003,1.025810e-002
3.845426e+003,1.021888e-002
3.845907e+003,1.015259e-002
3.846390e+003,1.006296e-002
3.846872e+003,9.956765e-003
3.847354e+003,9.842088e-003
3.847836e+003,9.724825e-003
3.848318e+003,9.608823e-003
3.848800e+003,9.490106e-003
3.849282e+003,9.362517e-003
3.849765e+003,9.216310e-003
3.850247e+003,9.044681e-003
3.850729e+003,8.849938e-003
3.851211e+003,8.653757e-003
3.851693e+003,8.507321e-003
3.852175e+003,8.491452e-003
3.852657e+003,8.682928e-003
3.853139e+003,9.077020e-003
3.853622e+003,9.556699e-003
3.854104e+003,9.978051e-003
3.854586e+003,1.027265e-002
3.855068e+003,1.044976e-002
3.855550e+003,1.054761e-002
3.856032e+003,1.059907e-002
3.856514e+003,1.062097e-002
3.856996e+003,1.061832e-002
3.857479e+003,1.058440e-002
3.857961e+003,1.051664e-002
3.858443e+003,1.041646e-002
3.858925e+003,1.029425e-002
3.859407e+003,1.016803e-002
3.859889e+003,1.005762e-002
3.860371e+003,9.981282e-003
3.860854e+003,9.947011e-003
3.861336e+003,9.950698e-003
3.861818e+003,9.978330e-003
3.862300e+003,1.001369e-002
3.862782e+003,1.004661e-002
3.863264e+003,1.007839e-002
3.863746e+003,1.011635e-002
3.864228e+003,1.016231e-002
3.864710e+003,1.020609e-002
3.865193e+003,1.022425e-002
3.865675e+003,1.019370e-002
3.866157e+003,1.010411e-002
3.866639e+003,9.963205e-003
3.867121e+003,9.792381e-003
3.867603e+003,9.628491e-003
3.868085e+003,9.516390e-003
3.868567e+003,9.503525e-003
3.869050e+003,9.615201e-003
3.869532e+003,9.825825e-003
3.870014e+003,1.005846e-002
3.870496e+003,1.023118e-002
3.870978e+003,1.030730e-002
3.871460e+003,1.030071e-002
3.871942e+003,1.025088e-002
3.872424e+003,1.020078e-002
3.872906e+003,1.018126e-002
3.873389e+003,1.020293e-002
3.873871e+003,1.025250e-002
3.874353e+003,1.030118e-002
3.874835e+003,1.032029e-002
3.875317e+003,1.029638e-002
3.875799e+003,1.023357e-002
3.876281e+003,1.014620e-002
3.876764e+003,1.005080e-002
3.877246e+003,9.961329e-003
3.877728e+003,9.887735e-003
3.878210e+003,9.838814e-003
3.878692e+003,9.822197e-003
3.879174e+003,9.843329e-003
3.879656e+003,9.898860e-003
3.880138e+003,9.974711e-003
3.880621e+003,1.004567e-002
3.881103e+003,1.008482e-002
3.881585e+003,1.007792e-002
3.882067e+003,1.002586e-002
3.882549e+003,9.944415e-003
3.883031e+003,9.860752e-003
3.883513e+003,9.805545e-003
3.883995e+003,9.810904e-003
3.884478e+003,9.897308e-003
3.884960e+003,1.005703e-002
3.885442e+003,1.024698e-002
3.885924e+003,1.040721e-002
3.886406e+003,1.049324e-002
3.886888e+003,1.049454e-002
3.887370e+003,1.042975e-002
3.887853e+003,1.032877e-002
3.888334e+003,1.022027e-002
3.888817e+003,1.012651e-002
3.889299e+003,1.006425e-002
3.889781e+003,1.004254e-002
3.890263e+003,1.006389e-002
3.890745e+003,1.012246e-002
3.891227e+003,1.020257e-002
3.891709e+003,1.028791e-002
3.892192e+003,1.036197e-002
3.892674e+003,1.041309e-002
3.893156e+003,1.043411e-002
3.893638e+003,1.042099e-002
3.894120e+003,1.037321e-002
3.894602e+003,1.029399e-002
3.895084e+003,1.018879e-002
3.895566e+003,1.006683e-002
3.896049e+003,9.939645e-003
3.896531e+003,9.819972e-003
3.897013e+003,9.719498e-003
3.897495e+003,9.648617e-003
3.897977e+003,9.613181e-003
3.898459e+003,9.613980e-003
3.898941e+003,9.644142e-003
3.899423e+003,9.691204e-003
3.899906e+003,9.741268e-003
3.900388e+003,9.782378e-003
3.900870e+003,9.810886e-003
3.901352e+003,9.830693e-003
3.901834e+003,9.854794e-003
3.902316e+003,9.898149e-003
3.902798e+003,9.974167e-003
3.903281e+003,1.008871e-002
3.903762e+003,1.023388e-002
3.904245e+003,1.038885e-002
3.904727e+003,1.052943e-002
3.905209e+003,1.063632e-002
3.905691e+003,1.070054e-002
3.906173e+003,1.072439e-002
3.906655e+003,1.071386e-002
3.907137e+003,1.067805e-002
3.907620e+003,1.062491e-002
3.908102e+003,1.056120e-002
3.908584e+003,1.049279e-002
3.909066e+003,1.042566e-002
3.909548e+003,1.036673e-002
3.910030e+003,1.032096e-002
3.910512e+003,1.029081e-002
3.910994e+003,1.027591e-002
3.911477e+003,1.027040e-002
3.911959e+003,1.026645e-002
3.912441e+003,1.025637e-002
3.912923e+003,1.023728e-002
3.913405e+003,1.021089e-002
3.913887e+003,1.018436e-002
3.914369e+003,1.016617e-002
3.914851e+003,1.016521e-002
3.915333e+003,1.018551e-002
3.915816e+003,1.022318e-002
3.916298e+003,1.027040e-002
3.916780e+003,1.031657e-002
3.917262e+003,1.035689e-002
3.917744e+003,1.039147e-002
3.918226e+003,1.042567e-002
3.918708e+003,1.046261e-002
3.919190e+003,1.050192e-002
3.919673e+003,1.053601e-002
3.920155e+003,1.055352e-002
3.920637e+003,1.054710e-002
3.921119e+003,1.051454e-002
3.921601e+003,1.046485e-002
3.922083e+003,1.041383e-002
3.922565e+003,1.038111e-002
3.923048e+003,1.038343e-002
3.923530e+003,1.042800e-002
3.924012e+003,1.050791e-002
3.924494e+003,1.060249e-002
3.924976e+003,1.068519e-002
3.925458e+003,1.073637e-002
3.925940e+003,1.074777e-002
3.926422e+003,1.072487e-002
3.926905e+003,1.067970e-002
3.927387e+003,1.062615e-002
3.927869e+003,1.057455e-002
3.928351e+003,1.053145e-002
3.928833e+003,1.049829e-002
3.929315e+003,1.047403e-002
3.929797e+003,1.045632e-002
3.930279e+003,1.044385e-002
3.930761e+003,1.043753e-002
3.931244e+003,1.043894e-002
3.931726e+003,1.044887e-002
3.932208e+003,1.046497e-002
3.932690e+003,1.048447e-002
3.933172e+003,1.050097e-002
3.933654e+003,1.050960e-002
3.934136e+003,1.050813e-002
3.934618e+003,1.049696e-002
3.935101e+003,1.047804e-002
3.935583e+003,1.045676e-002
3.936065e+003,1.043862e-002
3.936547e+003,1.042743e-002
3.937029e+003,1.042556e-002
3.937511e+003,1.043104e-002
3.937993e+003,1.043993e-002
3.938476e+003,1.044580e-002
3.938958e+003,1.044406e-002
3.939440e+003,1.043181e-002
3.939922e+003,1.041155e-002
3.940404e+003,1.038983e-002
3.940886e+003,1.037376e-002
3.941368e+003,1.037057e-002
3.941850e+003,1.038195e-002
3.942333e+003,1.040123e-002
3.942815e+003,1.041814e-002
3.943297e+003,1.042126e-002
3.943779e+003,1.040399e-002
3.944261e+003,1.036845e-002
3.944743e+003,1.032264e-002
3.945225e+003,1.027879e-002
3.945707e+003,1.024848e-002
3.946189e+003,1.023961e-002
3.946672e+003,1.025401e-002
3.947154e+003,1.028711e-002
3.947636e+003,1.033087e-002
3.948118e+003,1.037596e-002
3.948600e+003,1.041539e-002
3.949082e+003,1.044800e-002
3.949564e+003,1.047495e-002
3.950046e+003,1.050006e-002
3.950529e+003,1.052465e-002
3.951011e+003,1.054728e-002
3.951493e+003,1.056543e-002
3.951975e+003,1.057686e-002
3.952457e+003,1.058052e-002
3.952939e+003,1.057825e-002
3.953421e+003,1.057269e-002
3.953904e+003,1.056713e-002
3.954385e+003,1.056420e-002
3.954868e+003,1.056298e-002
3.955350e+003,1.056189e-002
3.955832e+003,1.055909e-002
3.956314e+003,1.055088e-002
3.956796e+003,1.053726e-002
3.957278e+003,1.051849e-002
3.957760e+003,1.049682e-002
3.958243e+003,1.047487e-002
3.958725e+003,1.045609e-002
3.959207e+003,1.044311e-002
3.959689e+003,1.043923e-002
3.960171e+003,1.044618e-002
3.960653e+003,1.046435e-002
3.961135e+003,1.049217e-002
3.961617e+003,1.052501e-002
3.962100e+003,1.055667e-002
3.962582e+003,1.058094e-002
3.963064e+003,1.059478e-002
3.963546e+003,1.059752e-002
3.964028e+003,1.059194e-002
3.964510e+003,1.058252e-002
3.964992e+003,1.057416e-002
3.965474e+003,1.056870e-002
3.965957e+003,1.056496e-002
3.966439e+003,1.056043e-002
3.966921e+003,1.055206e-002
3.967403e+003,1.053866e-002
3.967885e+003,1.052050e-002
3.968367e+003,1.050140e-002
3.968849e+003,1.048429e-002
3.969332e+003,1.047299e-002
3.969813e+003,1.046857e-002
3.970296e+003,1.046878e-002
3.970778e+003,1.047098e-002
3.971260e+003,1.047384e-002
3.971742e+003,1.047710e-002
3.972224e+003,1.048102e-002
3.972706e+003,1.048931e-002
3.973188e+003,1.050370e-002
3.973671e+003,1.052484e-002
3.974153e+003,1.055050e-002
3.974635e+003,1.057867e-002
3.975117e+003,1.060553e-002
3.975599e+003,1.062895e-002
3.976081e+003,1.064708e-002
3.976563e+003,1.066043e-002
3.977045e+003,1.066809e-002
3.977528e+003,1.067031e-002
3.978010e+003,1.066709e-002
3.978492e+003,1.065857e-002
3.978974e+003,1.064647e-002
3.979456e+003,1.063223e-002
3.979938e+003,1.061733e-002
3.980420e+003,1.060349e-002
3.980902e+003,1.058898e-002
3.981385e+003,1.057235e-002
3.981867e+003,1.055000e-002
3.982349e+003,1.052061e-002
3.982831e+003,1.048590e-002
3.983313e+003,1.045066e-002
3.983795e+003,1.042204e-002
3.984277e+003,1.040737e-002
3.984760e+003,1.041168e-002
3.985242e+003,1.043512e-002
3.985724e+003,1.047332e-002
3.986206e+003,1.051884e-002
3.986688e+003,1.056317e-002
3.987170e+003,1.059994e-002
3.987652e+003,1.062409e-002
3.988134e+003,1.063587e-002
3.988616e+003,1.063663e-002
3.989099e+003,1.062821e-002
3.989581e+003,1.061406e-002
3.990063e+003,1.059593e-002
3.990545e+003,1.057712e-002
3.991027e+003,1.056017e-002
3.991509e+003,1.054920e-002
3.991991e+003,1.054781e-002
3.992473e+003,1.055880e-002
3.992956e+003,1.058297e-002
3.993438e+003,1.061700e-002
3.993920e+003,1.065530e-002
3.994402e+003,1.069187e-002
3.994884e+003,1.071980e-002
3.995366e+003,1.073415e-002
3.995848e+003,1.073491e-002
3.996330e+003,1.072395e-002
3.996813e+003,1.070512e-002
3.997295e+003,1.068469e-002
3.997777e+003,1.066705e-002
3.998259e+003,1.065595e-002
3.998741e+003,1.065256e-002
3.999223e+003,1.065598e-002
3.999705e+003,1.066487e-002
4.000188e+003,1.067709e-002
