3.996813e+002,0.000000e+000
4.001635e+002,2.782663e-003
4.006456e+002,2.747911e-003
4.011277e+002,2.650411e-003
4.016098e+002,2.536023e-003
4.020919e+002,2.441576e-003
4.025741e+002,2.388186e-003
4.030562e+002,2.377860e-003
4.035383e+002,2.398963e-003
4.040204e+002,2.437864e-003
4.045026e+002,2.487924e-003
4.049847e+002,2.553862e-003
4.054668e+002,2.647956e-003
4.059489e+002,2.780488e-003
4.064311e+002,2.948844e-003
4.069132e+002,3.135310e-003
4.073953e+002,3.311426e-003
4.078774e+002,3.452023e-003
4.083596e+002,3.542259e-003
4.088417e+002,3.584090e-003
4.093238e+002,3.592910e-003
4.098059e+002,3.593471e-003
4.102881e+002,3.606785e-003
4.107702e+002,3.642304e-003
4.112523e+002,3.693984e-003
4.117344e+002,3.746744e-003
4.122166e+002,3.783508e-003
4.126987e+002,3.793604e-003
4.131808e+002,3.776070e-003
4.136629e+002,3.739116e-003
4.141451e+002,3.694933e-003
4.146272e+002,3.652781e-003
4.151093e+002,3.615024e-003
4.155914e+002,3.578595e-003
4.160736e+002,3.537782e-003
4.165557e+002,3.489093e-003
4.170378e+002,3.435440e-003
4.175200e+002,3.387112e-003
4.180021e+002,3.358696e-003
4.184842e+002,3.358728e-003
4.189663e+002,3.377660e-003
4.194484e+002,3.393653e-003
4.199306e+002,3.390650e-003
4.204127e+002,3.372759e-003
4.208948e+002,3.356385e-003
4.213770e+002,3.360756e-003
4.218591e+002,3.397720e-003
4.223412e+002,3.469303e-003
4.228233e+002,3.566245e-003
4.233055e+002,3.673736e-003
4.237876e+002,3.775758e-003
4.242697e+002,3.862911e-003
4.247518e+002,3.935003e-003
4.252339e+002,4.000091e-003
4.257161e+002,4.068105e-003
4.261982e+002,4.143925e-003
4.266803e+002,4.222633e-003
4.271624e+002,4.293228e-003
4.276446e+002,4.341308e-003
4.281267e+002,4.355570e-003
4.286088e+002,4.331779e-003
4.290909e+002,4.274740e-003
4.295731e+002,4.196985e-003
4.300552e+002,4.114871e-003
4.305373e+002,4.042953e-003
4.310194e+002,3.991392e-003
4.315016e+002,3.964295e-003
4.319837e+002,3.961415e-003
4.324658e+002,3.978774e-003
4.329479e+002,4.009631e-003
4.334301e+002,4.043750e-003
4.339122e+002,4.069033e-003
4.343943e+002,4.073599e-003
4.348764e+002,4.049573e-003
4.353586e+002,3.996638e-003
4.358407e+002,3.925176e-003
4.363228e+002,3.854803e-003
4.368049e+002,3.808480e-003
4.372870e+002,3.803682e-003
4.377692e+002,3.845791e-003
4.382513e+002,3.927436e-003
4.387334e+002,4.034092e-003
4.392155e+002,4.148851e-003
4.396977e+002,4.257212e-003
4.401798e+002,4.347547e-003
4.406619e+002,4.411513e-003
4.411440e+002,4.443686e-003
4.416262e+002,4.442747e-003
4.421083e+002,4.411246e-003
4.425904e+002,4.357961e-003
4.430725e+002,4.295878e-003
4.435547e+002,4.242176e-003
4.440368e+002,4.213355e-003
4.445189e+002,4.221618e-003
4.450010e+002,4.269770e-003
4.454832e+002,4.351056e-003
4.459653e+002,4.450620e-003
4.464474e+002,4.551678e-003
4.469295e+002,4.639991e-003
4.474117e+002,4.707456e-003
4.478938e+002,4.753753e-003
4.483759e+002,4.783780e-003
4.488580e+002,4.803479e-003
4.493401e+002,4.816681e-003
4.498223e+002,4.822048e-003
4.503044e+002,4.816512e-003
4.507865e+002,4.797161e-003
4.512687e+002,4.765518e-003
4.517508e+002,4.729572e-003
4.522329e+002,4.702741e-003
4.527150e+002,4.698414e-003
4.531971e+002,4.724228e-003
4.536793e+002,4.778345e-003
4.541614e+002,4.853261e-003
4.546435e+002,4.939024e-003
4.551257e+002,5.028087e-003
4.556078e+002,5.115362e-003
4.560899e+002,5.197257e-003
4.565720e+002,5.268082e-003
4.570542e+002,5.318829e-003
4.575363e+002,5.337365e-003
4.580184e+002,5.314694e-003
4.585005e+002,5.249010e-003
4.589827e+002,5.148570e-003
4.594648e+002,5.027618e-003
4.599469e+002,4.901778e-003
4.604290e+002,4.783049e-003
4.609112e+002,4.678519e-003
4.613933e+002,4.589617e-003
4.618754e+002,4.515714e-003
4.623575e+002,4.455663e-003
4.628397e+002,4.410127e-003
4.633218e+002,4.381283e-003
4.638039e+002,4.370702e-003
4.642860e+002,4.376708e-003
4.647682e+002,4.392772e-003
4.652503e+002,4.409413e-003
4.657324e+002,4.418083e-003
4.662145e+002,4.414889e-003
4.666967e+002,4.404773e-003
4.671788e+002,4.400068e-003
4.676609e+002,4.416549e-003
4.681430e+002,4.464702e-003
4.686252e+002,4.543943e-003
4.691073e+002,4.640937e-003
4.695894e+002,4.735329e-003
4.700715e+002,4.805292e-003
4.705536e+002,4.834549e-003
4.710358e+002,4.816345e-003
4.715179e+002,4.756392e-003
4.720000e+002,4.671574e-003
4.724821e+002,4.583697e-003
4.729643e+002,4.510315e-003
4.734464e+002,4.459580e-003
4.739285e+002,4.430697e-003
4.744106e+002,4.420333e-003
4.748928e+002,4.427076e-003
4.753749e+002,4.452750e-003
4.758570e+002,4.498882e-003
4.763391e+002,4.563616e-003
4.768213e+002,4.638846e-003
4.773034e+002,4.711251e-003
4.777855e+002,4.766266e-003
4.782676e+002,4.793520e-003
4.787498e+002,4.791647e-003
4.792319e+002,4.769615e-003
4.797140e+002,4.742766e-003
4.801961e+002,4.727643e-003
4.806783e+002,4.735144e-003
4.811604e+002,4.768696e-003
4.816425e+002,4.823311e-003
4.821246e+002,4.888664e-003
4.826068e+002,4.952700e-003
4.830889e+002,5.004413e-003
4.835710e+002,5.036518e-003
4.840531e+002,5.045613e-003
4.845352e+002,5.031529e-003
4.850174e+002,4.997056e-003
4.854995e+002,4.946303e-003
4.859816e+002,4.886095e-003
4.864637e+002,4.824507e-003
4.869459e+002,4.770034e-003
4.874280e+002,4.729137e-003
4.879101e+002,4.704573e-003
4.883922e+002,4.694331e-003
4.888744e+002,4.693581e-003
4.893565e+002,4.696304e-003
4.898386e+002,4.698724e-003
4.903207e+002,4.700543e-003
4.908029e+002,4.705129e-003
4.912850e+002,4.716608e-003
4.917671e+002,4.736863e-003
4.922492e+002,4.763640e-003
4.927314e+002,4.790527e-003
4.932135e+002,4.809618e-003
4.936956e+002,4.815575e-003
4.941777e+002,4.807802e-003
4.946599e+002,4.791191e-003
4.951420e+002,4.773449e-003
4.956241e+002,4.762632e-003
4.961062e+002,4.763332e-003
4.965884e+002,4.776458e-003
4.970705e+002,4.798961e-003
4.975526e+002,4.825919e-003
4.980347e+002,4.852684e-003
4.985169e+002,4.875440e-003
4.989990e+002,4.891860e-003
4.994811e+002,4.900091e-003
4.999633e+002,4.898041e-003
5.004454e+002,4.884330e-003
5.009275e+002,4.858670e-003
5.014096e+002,4.824445e-003
5.018917e+002,4.788910e-003
5.023739e+002,4.761218e-003
5.028560e+002,4.748742e-003
5.033381e+002,4.753244e-003
5.038203e+002,4.769774e-003
5.043024e+002,4.789417e-003
5.047845e+002,4.802424e-003
5.052666e+002,4.802168e-003
5.057487e+002,4.787020e-003
5.062309e+002,4.760902e-003
5.067130e+002,4.732015e-003
5.071951e+002,4.708977e-003
5.076772e+002,4.697645e-003
5.081594e+002,4.699406e-003
5.086415e+002,4.711251e-003
5.091236e+002,4.728519e-003
5.096057e+002,4.746832e-003
5.100879e+002,4.762893e-003
5.105700e+002,4.774326e-003
5.110521e+002,4.778937e-003
5.115342e+002,4.774112e-003
5.120164e+002,4.757483e-003
5.124985e+002,4.728136e-003
5.129806e+002,4.688313e-003
5.134627e+002,4.643711e-003
5.139448e+002,4.603045e-003
5.144270e+002,4.575766e-003
5.149091e+002,4.569398e-003
5.153912e+002,4.586678e-003
5.158734e+002,4.625725e-003
5.163555e+002,4.679185e-003
5.168376e+002,4.737296e-003
5.173197e+002,4.790143e-003
5.178019e+002,4.829977e-003
5.182840e+002,4.852758e-003
5.187661e+002,4.857677e-003
5.192482e+002,4.846476e-003
5.197303e+002,4.822175e-003
5.202125e+002,4.788667e-003
5.206946e+002,4.750886e-003
5.211767e+002,4.714289e-003
5.216588e+002,4.684607e-003
5.221410e+002,4.666050e-003
5.226231e+002,4.660511e-003
5.231052e+002,4.667129e-003
5.235873e+002,4.683065e-003
5.240695e+002,4.704411e-003
5.245516e+002,4.727388e-003
5.250337e+002,4.749354e-003
5.255159e+002,4.768561e-003
5.259980e+002,4.784006e-003
5.264801e+002,4.794125e-003
5.269622e+002,4.797232e-003
5.274443e+002,4.791913e-003
5.279265e+002,4.777807e-003
5.284086e+002,4.756360e-003
5.288907e+002,4.730589e-003
5.293728e+002,4.704464e-003
5.298550e+002,4.681280e-003
5.303371e+002,4.662820e-003
5.308192e+002,4.648932e-003
5.313013e+002,4.638532e-003
5.317834e+002,4.630715e-003
5.322656e+002,4.626439e-003
5.327477e+002,4.628052e-003
5.332299e+002,4.639146e-003
5.337120e+002,4.661689e-003
5.341941e+002,4.694924e-003
5.346762e+002,4.734869e-003
5.351583e+002,4.775986e-003
5.356404e+002,4.812936e-003
5.361226e+002,4.842498e-003
5.366047e+002,4.864989e-003
5.370868e+002,4.882663e-003
5.375690e+002,4.898412e-003
5.380511e+002,4.913019e-003
5.385332e+002,4.924620e-003
5.390153e+002,4.929795e-003
5.394974e+002,4.925241e-003
5.399796e+002,4.909945e-003
5.404617e+002,4.886535e-003
5.409438e+002,4.860279e-003
5.414260e+002,4.837123e-003
5.419081e+002,4.820757e-003
5.423902e+002,4.811030e-003
5.428723e+002,4.805028e-003
5.433544e+002,4.798400e-003
5.438365e+002,4.788275e-003
5.443187e+002,4.775020e-003
5.448008e+002,4.762100e-003
5.452830e+002,4.754664e-003
5.457651e+002,4.756323e-003
5.462472e+002,4.767225e-003
5.467293e+002,4.784150e-003
5.472114e+002,4.801486e-003
5.476936e+002,4.815013e-003
5.481757e+002,4.823329e-003
5.486578e+002,4.828794e-003
5.491400e+002,4.836138e-003
5.496221e+002,4.849993e-003
5.501042e+002,4.872518e-003
5.505863e+002,4.902502e-003
5.510684e+002,4.935925e-003
5.515505e+002,4.967968e-003
5.520327e+002,4.995300e-003
5.525148e+002,5.016915e-003
5.529969e+002,5.034168e-003
5.534791e+002,5.049718e-003
5.539612e+002,5.065645e-003
5.544433e+002,5.082924e-003
5.549254e+002,5.100883e-003
5.554076e+002,5.117834e-003
5.558896e+002,5.131985e-003
5.563718e+002,5.142331e-003
5.568539e+002,5.148087e-003
5.573361e+002,5.148657e-003
5.578182e+002,5.143673e-003
5.583003e+002,5.132833e-003
5.587825e+002,5.116862e-003
5.592645e+002,5.097394e-003
5.597467e+002,5.077848e-003
5.602288e+002,5.061903e-003
5.607109e+002,5.052659e-003
5.611931e+002,5.050948e-003
5.616752e+002,5.055003e-003
5.621573e+002,5.061641e-003
5.626394e+002,5.066972e-003
5.631216e+002,5.068838e-003
5.636037e+002,5.067285e-003
5.640858e+002,5.064602e-003
5.645679e+002,5.063714e-003
5.650500e+002,5.066912e-003
5.655322e+002,5.074239e-003
5.660143e+002,5.084135e-003
5.664965e+002,5.093717e-003
5.669785e+002,5.100660e-003
5.674607e+002,5.104153e-003
5.679428e+002,5.104898e-003
5.684249e+002,5.104461e-003
5.689070e+002,5.103980e-003
5.693892e+002,5.103510e-003
5.698713e+002,5.102087e-003
5.703534e+002,5.098765e-003
5.708356e+002,5.093381e-003
5.713177e+002,5.087056e-003
5.717998e+002,5.081796e-003
5.722819e+002,5.079271e-003
5.727640e+002,5.079792e-003
5.732462e+002,5.081837e-003
5.737283e+002,5.083608e-003
5.742104e+002,5.084443e-003
5.746925e+002,5.085874e-003
5.751747e+002,5.092827e-003
5.756568e+002,5.111675e-003
5.761389e+002,5.147348e-003
5.766210e+002,5.200495e-003
5.771031e+002,5.265702e-003
5.775853e+002,5.333354e-003
5.780674e+002,5.392067e-003
5.785496e+002,5.432487e-003
5.790317e+002,5.449701e-003
5.795138e+002,5.444679e-003
5.799959e+002,5.423016e-003
5.804780e+002,5.393489e-003
5.809601e+002,5.364460e-003
5.814423e+002,5.342032e-003
5.819244e+002,5.328598e-003
5.824066e+002,5.323514e-003
5.828887e+002,5.324548e-003
5.833708e+002,5.329170e-003
5.838529e+002,5.334958e-003
5.843350e+002,5.339539e-003
5.848171e+002,5.340541e-003
5.852993e+002,5.336052e-003
5.857814e+002,5.325085e-003
5.862635e+002,5.308406e-003
5.867457e+002,5.289030e-003
5.872278e+002,5.271703e-003
5.877099e+002,5.261401e-003
5.881920e+002,5.261279e-003
5.886741e+002,5.271506e-003
5.891563e+002,5.289554e-003
5.896384e+002,5.310598e-003
5.901205e+002,5.329573e-003
5.906027e+002,5.342857e-003
5.910848e+002,5.348718e-003
5.915669e+002,5.347898e-003
5.920490e+002,5.342483e-003
5.925311e+002,5.334506e-003
5.930133e+002,5.325765e-003
5.934954e+002,5.317468e-003
5.939775e+002,5.311042e-003
5.944597e+002,5.308657e-003
5.949418e+002,5.313004e-003
5.954239e+002,5.326229e-003
5.959060e+002,5.349066e-003
5.963882e+002,5.379580e-003
5.968702e+002,5.413591e-003
5.973524e+002,5.445696e-003
5.978345e+002,5.470704e-003
5.983167e+002,5.485422e-003
5.987988e+002,5.489376e-003
5.992809e+002,5.484303e-003
5.997630e+002,5.473617e-003
6.002451e+002,5.460875e-003
6.007273e+002,5.449469e-003
6.012094e+002,5.441803e-003
6.016915e+002,5.439672e-003
6.021736e+002,5.444622e-003
6.026558e+002,5.457177e-003
6.031379e+002,5.476582e-003
6.036200e+002,5.500056e-003
6.041022e+002,5.522640e-003
6.045842e+002,5.538342e-003
6.050664e+002,5.541776e-003
6.055485e+002,5.530086e-003
6.060306e+002,5.504058e-003
6.065128e+002,5.468095e-003
6.069949e+002,5.428708e-003
6.074770e+002,5.391991e-003
6.079591e+002,5.361894e-003
6.084413e+002,5.339159e-003
6.089234e+002,5.321587e-003
6.094055e+002,5.305754e-003
6.098876e+002,5.288264e-003
6.103698e+002,5.267542e-003
6.108519e+002,5.243543e-003
6.113340e+002,5.217891e-003
6.118162e+002,5.192610e-003
6.122983e+002,5.169704e-003
6.127804e+002,5.150836e-003
6.132625e+002,5.137218e-003
6.137446e+002,5.129917e-003
6.142267e+002,5.129777e-003
6.147089e+002,5.136420e-003
6.151910e+002,5.148260e-003
6.156731e+002,5.162153e-003
6.161553e+002,5.174357e-003
6.166374e+002,5.181467e-003
6.171195e+002,5.182184e-003
6.176016e+002,5.177698e-003
6.180837e+002,5.172011e-003
6.185659e+002,5.169380e-003
6.190480e+002,5.173491e-003
6.195302e+002,5.185600e-003
6.200123e+002,5.204588e-003
6.204944e+002,5.227501e-003
6.209765e+002,5.251116e-003
6.214586e+002,5.273290e-003
6.219407e+002,5.293584e-003
6.224229e+002,5.312432e-003
6.229050e+002,5.331199e-003
6.233871e+002,5.349988e-003
6.238693e+002,5.368209e-003
6.243514e+002,5.384174e-003
6.248335e+002,5.396590e-003
6.253156e+002,5.404875e-003
6.257977e+002,5.409571e-003
6.262798e+002,5.412151e-003
6.267620e+002,5.413902e-003
6.272441e+002,5.415417e-003
6.277263e+002,5.416649e-003
6.282084e+002,5.417499e-003
6.286905e+002,5.418298e-003
6.291726e+002,5.420923e-003
6.296547e+002,5.428184e-003
6.301368e+002,5.442924e-003
6.306190e+002,5.466639e-003
6.311011e+002,5.498507e-003
6.315833e+002,5.535356e-003
6.320654e+002,5.572728e-003
6.325475e+002,5.606260e-003
6.330296e+002,5.633312e-003
6.335117e+002,5.653501e-003
6.339939e+002,5.667989e-003
6.344760e+002,5.679059e-003
6.349581e+002,5.688184e-003
6.354402e+002,5.695555e-003
6.359224e+002,5.700630e-003
6.364045e+002,5.702842e-003
6.368866e+002,5.702575e-003
6.373687e+002,5.701522e-003
6.378508e+002,5.701889e-003
6.383330e+002,5.705681e-003
6.388151e+002,5.713489e-003
6.392972e+002,5.724334e-003
6.397794e+002,5.736526e-003
6.402615e+002,5.748321e-003
6.407436e+002,5.759607e-003
6.412257e+002,5.771487e-003
6.417079e+002,5.785835e-003
6.421899e+002,5.803326e-003
6.426721e+002,5.822360e-003
6.431542e+002,5.839479e-003
6.436364e+002,5.849559e-003
6.441185e+002,5.848407e-003
6.446006e+002,5.835054e-003
6.450827e+002,5.812468e-003
6.455648e+002,5.787289e-003
6.460470e+002,5.767507e-003
6.465291e+002,5.759676e-003
6.470112e+002,5.767406e-003
6.474933e+002,5.790079e-003
6.479755e+002,5.823760e-003
6.484576e+002,5.862883e-003
6.489397e+002,5.902283e-003
6.494219e+002,5.938333e-003
6.499040e+002,5.969199e-003
6.503861e+002,5.994210e-003
6.508682e+002,6.013499e-003
6.513503e+002,6.027367e-003
6.518325e+002,6.036970e-003
6.523146e+002,6.044613e-003
6.527968e+002,6.054055e-003
6.532788e+002,6.069516e-003
6.537610e+002,6.094777e-003
6.542431e+002,6.130835e-003
6.547252e+002,6.175787e-003
6.552073e+002,6.224488e-003
6.556895e+002,6.270598e-003
6.561716e+002,6.308504e-003
6.566537e+002,6.335608e-003
6.571359e+002,6.352681e-003
6.576179e+002,6.363469e-003
6.581001e+002,6.372727e-003
6.585822e+002,6.384425e-003
6.590643e+002,6.400178e-003
6.595464e+002,6.419315e-003
6.600286e+002,6.439800e-003
6.605107e+002,6.459636e-003
6.609928e+002,6.477946e-003
6.614750e+002,6.494487e-003
6.619571e+002,6.509764e-003
6.624392e+002,6.524048e-003
6.629213e+002,6.536481e-003
6.634034e+002,6.545618e-003
6.638856e+002,6.549768e-003
6.643677e+002,6.548039e-003
6.648499e+002,6.540149e-003
6.653320e+002,6.526944e-003
6.658141e+002,6.510077e-003
6.662962e+002,6.492596e-003
6.667783e+002,6.480035e-003
6.672605e+002,6.481556e-003
6.677426e+002,6.508051e-003
6.682247e+002,6.566056e-003
6.687068e+002,6.650264e-003
6.691890e+002,6.745887e-003
6.696711e+002,6.837991e-003
6.701532e+002,6.918284e-003
6.706353e+002,6.984250e-003
6.711174e+002,7.036992e-003
6.715996e+002,7.079665e-003
6.720817e+002,7.116825e-003
6.725638e+002,7.154202e-003
6.730460e+002,7.197381e-003
6.735281e+002,7.250025e-003
6.740102e+002,7.312983e-003
6.744923e+002,7.383730e-003
6.749745e+002,7.457342e-003
6.754565e+002,7.528747e-003
6.759387e+002,7.594653e-003
6.764208e+002,7.654609e-003
6.769030e+002,7.710805e-003
6.773851e+002,7.767037e-003
6.778672e+002,7.826973e-003
6.783493e+002,7.892675e-003
6.788314e+002,7.964691e-003
6.793136e+002,8.042411e-003
6.797957e+002,8.125301e-003
6.802778e+002,8.213094e-003
6.807599e+002,8.305712e-003
6.812421e+002,8.402548e-003
6.817242e+002,8.501579e-003
6.822063e+002,8.599401e-003
6.826885e+002,8.691977e-003
6.831705e+002,8.776770e-003
6.836527e+002,8.853113e-003
6.841348e+002,8.923865e-003
6.846169e+002,8.994000e-003
6.850991e+002,9.068265e-003
6.855812e+002,9.149853e-003
6.860634e+002,9.238225e-003
6.865454e+002,9.330329e-003
6.870276e+002,9.422459e-003
6.875096e+002,9.512124e-003
6.879918e+002,9.599382e-003
6.884739e+002,9.687109e-003
6.889561e+002,9.778771e-003
6.894382e+002,9.876192e-003
6.899203e+002,9.978351e-003
6.904025e+002,1.008150e-002
6.908845e+002,1.018176e-002
6.913667e+002,1.027692e-002
6.918488e+002,1.036893e-002
6.923309e+002,1.046272e-002
6.928130e+002,1.056450e-002
6.932952e+002,1.067851e-002
6.937773e+002,1.080538e-002
6.942594e+002,1.094162e-002
6.947416e+002,1.108271e-002
6.952236e+002,1.122531e-002
6.957058e+002,1.137026e-002
6.961879e+002,1.152263e-002
6.966700e+002,1.168940e-002
6.971522e+002,1.187576e-002
6.976343e+002,1.208293e-002
6.981165e+002,1.230692e-002
6.985985e+002,1.254119e-002
6.990807e+002,1.278014e-002
6.995628e+002,1.302270e-002
7.000449e+002,1.327337e-002
7.005270e+002,1.354003e-002
7.010092e+002,1.383067e-002
7.014913e+002,1.414927e-002
7.019734e+002,1.449530e-002
7.024556e+002,1.486437e-002
7.029377e+002,1.525266e-002
7.034198e+002,1.566100e-002
7.039019e+002,1.609553e-002
7.043840e+002,1.656709e-002
7.048662e+002,1.708669e-002
7.053483e+002,1.766137e-002
7.058304e+002,1.829286e-002
7.063125e+002,1.897983e-002
7.067947e+002,1.972238e-002
7.072768e+002,2.052789e-002
7.077589e+002,2.141272e-002
7.082410e+002,2.240090e-002
7.087231e+002,2.351915e-002
7.092053e+002,2.479277e-002
7.096874e+002,2.624553e-002
7.101696e+002,2.790492e-002
7.106517e+002,2.981205e-002
7.111338e+002,3.203006e-002
7.116159e+002,3.464632e-002
7.120980e+002,3.776299e-002
7.125802e+002,4.147664e-002
7.130623e+002,4.585134e-002
7.135444e+002,5.089288e-002
7.140265e+002,5.653347e-002
7.145087e+002,6.263261e-002
7.149908e+002,6.899728e-002
7.154729e+002,7.541274e-002
7.159550e+002,8.166894e-002
7.164371e+002,8.756729e-002
7.169193e+002,9.290344e-002
7.174014e+002,9.743950e-002
7.178835e+002,1.008911e-001
7.183657e+002,1.029501e-001
7.188478e+002,1.033524e-001
7.193299e+002,1.019674e-001
7.198120e+002,9.886853e-002
7.202942e+002,9.434618e-002
7.207762e+002,8.885370e-002
7.212584e+002,8.291092e-002
7.217405e+002,7.700665e-002
7.222227e+002,7.152648e-002
7.227048e+002,6.672242e-002
7.231869e+002,6.271650e-002
7.236691e+002,5.953020e-002
7.241511e+002,5.712752e-002
7.246333e+002,5.545695e-002
7.251154e+002,5.448400e-002
7.255975e+002,5.420372e-002
7.260797e+002,5.463075e-002
7.265618e+002,5.576889e-002
7.270439e+002,5.756840e-002
7.275260e+002,5.988437e-002
7.280082e+002,6.245022e-002
7.284902e+002,6.487929e-002
7.289724e+002,6.670470e-002
7.294545e+002,6.746010e-002
7.299366e+002,6.678709e-002
7.304188e+002,6.453563e-002
7.309009e+002,6.081369e-002
7.313831e+002,5.596168e-002
7.318651e+002,5.046251e-002
7.323473e+002,4.482545e-002
7.328293e+002,3.948813e-002
7.333115e+002,3.475595e-002
7.337936e+002,3.078415e-002
7.342758e+002,2.759195e-002
7.347579e+002,2.509997e-002
7.352400e+002,2.317584e-002
7.357222e+002,2.167763e-002
7.362042e+002,2.048361e-002
7.366864e+002,1.950497e-002
7.371685e+002,1.868407e-002
7.376506e+002,1.798424e-002
7.381328e+002,1.737875e-002
7.386149e+002,1.684530e-002
7.390970e+002,1.636431e-002
7.395791e+002,1.592129e-002
7.400613e+002,1.550847e-002
7.405434e+002,1.512458e-002
7.410255e+002,1.477122e-002
7.415076e+002,1.444894e-002
7.419897e+002,1.415442e-002
7.424719e+002,1.388070e-002
7.429540e+002,1.362015e-002
7.434362e+002,1.336793e-002
7.439182e+002,1.312426e-002
7.444004e+002,1.289339e-002
7.448825e+002,1.268075e-002
7.453646e+002,1.248858e-002
7.458467e+002,1.231419e-002
7.463289e+002,1.215058e-002
7.468110e+002,1.198931e-002
7.472931e+002,1.182489e-002
7.477753e+002,1.165712e-002
7.482574e+002,1.149077e-002
7.487395e+002,1.133311e-002
7.492216e+002,1.118984e-002
7.497037e+002,1.106224e-002
7.501859e+002,1.094726e-002
7.506680e+002,1.083931e-002
7.511501e+002,1.073385e-002
7.516322e+002,1.062988e-002
7.521144e+002,1.053023e-002
7.525965e+002,1.043957e-002
7.530786e+002,1.036115e-002
7.535608e+002,1.029436e-002
7.540428e+002,1.023460e-002
7.545250e+002,1.017498e-002
7.550071e+002,1.011004e-002
7.554893e+002,1.003805e-002
7.559714e+002,9.961639e-003
7.564535e+002,9.886643e-003
7.569356e+002,9.818641e-003
7.574177e+002,9.760621e-003
7.578999e+002,9.712230e-003
7.583820e+002,9.670220e-003
7.588641e+002,9.631268e-003
7.593463e+002,9.593941e-003
7.598284e+002,9.558979e-003
7.603105e+002,9.528690e-003
7.607926e+002,9.504400e-003
7.612748e+002,9.484933e-003
7.617568e+002,9.467097e-003
7.622390e+002,9.446426e-003
7.627211e+002,9.420133e-003
7.632032e+002,9.388778e-003
7.636854e+002,9.355848e-003
7.641675e+002,9.326622e-003
7.646496e+002,9.304235e-003
7.651317e+002,9.288307e-003
7.656139e+002,9.274175e-003
7.660959e+002,9.255167e-003
7.665781e+002,9.225294e-003
7.670602e+002,9.182182e-003
7.675424e+002,9.128016e-003
7.680245e+002,9.068814e-003
7.685066e+002,9.010748e-003
7.689888e+002,8.958322e-003
7.694708e+002,8.912322e-003
7.699530e+002,8.870383e-003
7.704351e+002,8.829698e-003
7.709172e+002,8.788412e-003
7.713994e+002,8.747258e-003
7.718815e+002,8.709016e-003
7.723636e+002,8.676742e-003
7.728457e+002,8.651414e-003
7.733279e+002,8.630809e-003
7.738099e+002,8.610726e-003
7.742921e+002,8.586478e-003
7.747742e+002,8.555485e-003
7.752563e+002,8.518022e-003
7.757385e+002,8.476796e-003
7.762206e+002,8.434936e-003
7.767028e+002,8.394211e-003
7.771848e+002,8.353857e-003
7.776670e+002,8.310655e-003
7.781491e+002,8.261426e-003
7.786312e+002,8.204953e-003
7.791133e+002,8.142672e-003
7.795955e+002,8.078605e-003
7.800776e+002,8.017693e-003
7.805597e+002,7.963278e-003
7.810419e+002,7.916355e-003
7.815239e+002,7.875306e-003
7.820061e+002,7.837711e-003
7.824882e+002,7.801633e-003
7.829703e+002,7.767153e-003
7.834525e+002,7.735685e-003
7.839346e+002,7.708828e-003
7.844167e+002,7.686931e-003
7.848988e+002,7.668302e-003
7.853810e+002,7.649750e-003
7.858631e+002,7.628510e-003
7.863452e+002,7.603138e-003
7.868273e+002,7.574532e-003
7.873094e+002,7.545303e-003
7.877916e+002,7.517928e-003
7.882737e+002,7.493215e-003
7.887559e+002,7.469911e-003
7.892380e+002,7.445718e-003
7.897201e+002,7.418474e-003
7.902022e+002,7.388597e-003
7.906843e+002,7.358497e-003
7.911665e+002,7.332614e-003
7.916486e+002,7.314010e-003
7.921307e+002,7.303239e-003
7.926128e+002,7.297380e-003
7.930950e+002,7.291352e-003
7.935771e+002,7.280557e-003
7.940592e+002,7.262917e-003
7.945413e+002,7.240388e-003
7.950234e+002,7.217506e-003
7.955056e+002,7.199463e-003
7.959877e+002,7.188881e-003
7.964698e+002,7.184988e-003
7.969520e+002,7.183838e-003
7.974341e+002,7.180927e-003
7.979162e+002,7.173746e-003
7.983983e+002,7.162768e-003
7.988805e+002,7.151662e-003
7.993625e+002,7.144947e-003
7.998447e+002,7.144982e-003
8.003268e+002,7.150939e-003
8.008090e+002,7.158662e-003
8.012911e+002,7.162970e-003
8.017732e+002,7.160446e-003
8.022553e+002,7.150806e-003
8.027374e+002,7.137645e-003
8.032196e+002,7.126451e-003
8.037017e+002,7.122057e-003
8.041838e+002,7.126465e-003
8.046660e+002,7.138248e-003
8.051481e+002,7.153796e-003
8.056302e+002,7.169253e-003
8.061123e+002,7.181750e-003
8.065945e+002,7.190682e-003
8.070765e+002,7.195937e-003
8.075587e+002,7.198213e-003
8.080408e+002,7.196962e-003
8.085229e+002,7.190538e-003
8.090051e+002,7.177946e-003
8.094872e+002,7.159694e-003
8.099694e+002,7.138513e-003
8.104514e+002,7.118374e-003
8.109336e+002,7.103690e-003
8.114156e+002,7.096691e-003
8.118978e+002,7.096877e-003
8.123799e+002,7.101390e-003
8.128621e+002,7.106542e-003
8.133442e+002,7.109547e-003
8.138263e+002,7.109661e-003
8.143085e+002,7.108423e-003
8.147905e+002,7.107397e-003
8.152727e+002,7.107964e-003
8.157548e+002,7.109355e-003
8.162369e+002,7.109665e-003
8.167191e+002,7.106963e-003
8.172012e+002,7.101186e-003
8.176833e+002,7.093655e-003
8.181654e+002,7.087799e-003
8.186476e+002,7.086191e-003
8.191296e+002,7.089728e-003
8.196118e+002,7.096533e-003
8.200939e+002,7.103010e-003
8.205760e+002,7.105827e-003
8.210582e+002,7.103007e-003
8.215403e+002,7.095627e-003
8.220225e+002,7.086372e-003
8.225045e+002,7.078073e-003
8.229867e+002,7.071599e-003
8.234688e+002,7.065415e-003
8.239509e+002,7.056576e-003
8.244330e+002,7.042457e-003
8.249152e+002,7.022880e-003
8.253973e+002,7.000883e-003
8.258794e+002,6.981448e-003
8.263616e+002,6.969470e-003
8.268437e+002,6.967450e-003
8.273258e+002,6.974276e-003
8.278079e+002,6.986564e-003
8.282900e+002,7.000120e-003
8.287722e+002,7.013184e-003
8.292543e+002,7.026537e-003
8.297365e+002,7.043349e-003
8.302185e+002,7.066376e-003
8.307007e+002,7.096192e-003
8.311828e+002,7.129945e-003
8.316649e+002,7.162245e-003
8.321470e+002,7.187771e-003
8.326292e+002,7.203530e-003
8.331113e+002,7.210094e-003
8.335934e+002,7.211194e-003
8.340756e+002,7.211000e-003
8.345577e+002,7.212345e-003
8.350398e+002,7.214931e-003
8.355219e+002,7.216698e-003
8.360040e+002,7.215350e-003
8.364862e+002,7.211114e-003
8.369683e+002,7.207238e-003
8.374504e+002,7.209437e-003
8.379325e+002,7.222791e-003
8.384147e+002,7.248992e-003
8.388968e+002,7.285260e-003
8.393789e+002,7.324831e-003
8.398610e+002,7.360471e-003
8.403431e+002,7.386517e-003
8.408253e+002,7.402409e-003
8.413074e+002,7.410922e-003
8.417896e+002,7.417020e-003
8.422717e+002,7.424629e-003
8.427538e+002,7.434836e-003
8.432359e+002,7.446131e-003
8.437180e+002,7.456008e-003
8.442002e+002,7.463581e-003
8.446823e+002,7.470640e-003
8.451644e+002,7.480966e-003
8.456465e+002,7.498301e-003
8.461287e+002,7.523665e-003
8.466108e+002,7.553979e-003
8.470929e+002,7.582920e-003
8.475751e+002,7.603634e-003
8.480571e+002,7.612292e-003
8.485393e+002,7.609732e-003
8.490214e+002,7.601507e-003
8.495035e+002,7.594961e-003
8.499857e+002,7.596110e-003
8.504678e+002,7.606862e-003
8.509499e+002,7.624674e-003
8.514320e+002,7.644287e-003
8.519142e+002,7.661005e-003
8.523962e+002,7.672867e-003
8.528784e+002,7.681419e-003
8.533605e+002,7.689455e-003
8.538427e+002,7.699983e-003
8.543248e+002,7.712451e-003
8.548069e+002,7.723656e-003
8.552891e+002,7.729199e-003
8.557711e+002,7.725970e-003
8.562533e+002,7.714221e-003
8.567354e+002,7.698218e-003
8.572175e+002,7.683963e-003
8.576996e+002,7.676856e-003
8.581818e+002,7.678905e-003
8.586639e+002,7.688156e-003
8.591460e+002,7.700088e-003
8.596282e+002,7.710224e-003
8.601102e+002,7.715683e-003
8.605924e+002,7.717386e-003
8.610745e+002,7.717779e-003
8.615566e+002,7.719507e-003
8.620388e+002,7.723506e-003
8.625209e+002,7.728235e-003
8.630031e+002,7.731093e-003
8.634851e+002,7.730272e-003
8.639673e+002,7.726086e-003
8.644494e+002,7.721712e-003
8.649315e+002,7.721516e-003
8.654136e+002,7.729067e-003
8.658958e+002,7.745294e-003
8.663779e+002,7.767980e-003
8.668600e+002,7.793238e-003
8.673422e+002,7.817438e-003
8.678242e+002,7.838869e-003
8.683064e+002,7.858411e-003
8.687885e+002,7.877676e-003
8.692706e+002,7.898105e-003
8.697527e+002,7.919436e-003
8.702349e+002,7.938697e-003
8.707170e+002,7.953086e-003
8.711991e+002,7.960408e-003
8.716813e+002,7.961449e-003
8.721634e+002,7.959655e-003
8.726455e+002,7.959360e-003
8.731276e+002,7.964142e-003
8.736097e+002,7.974719e-003
8.740919e+002,7.988850e-003
8.745740e+002,8.002904e-003
8.750562e+002,8.013416e-003
8.755382e+002,8.018807e-003
8.760204e+002,8.020349e-003
8.765025e+002,8.020106e-003
8.769846e+002,8.020925e-003
8.774668e+002,8.024148e-003
8.779489e+002,8.029744e-003
8.784310e+002,8.037635e-003
8.789131e+002,8.048469e-003
8.793953e+002,8.064343e-003
8.798774e+002,8.088208e-003
8.803595e+002,8.122552e-003
8.808416e+002,8.167250e-003
8.813237e+002,8.219066e-003
8.818059e+002,8.273240e-003
8.822880e+002,8.324726e-003
8.827701e+002,8.371004e-003
8.832523e+002,8.412729e-003
8.837344e+002,8.453539e-003
8.842165e+002,8.497179e-003
8.846986e+002,8.545660e-003
8.851808e+002,8.597702e-003
8.856628e+002,8.648694e-003
8.861450e+002,8.693192e-003
8.866271e+002,8.726769e-003
8.871093e+002,8.748174e-003
8.875914e+002,8.759124e-003
8.880735e+002,8.762648e-003
8.885556e+002,8.761713e-003
8.890377e+002,8.757125e-003
8.895199e+002,8.748188e-003
8.900020e+002,8.733834e-003
8.904841e+002,8.714181e-003
8.909662e+002,8.691213e-003
8.914484e+002,8.668485e-003
8.919305e+002,8.649148e-003
8.924126e+002,8.633928e-003
8.928948e+002,8.620687e-003
8.933768e+002,8.605154e-003
8.938590e+002,8.583785e-003
8.943411e+002,8.555607e-003
8.948232e+002,8.523911e-003
8.953054e+002,8.495028e-003
8.957875e+002,8.475305e-003
8.962697e+002,8.468391e-003
8.967517e+002,8.472461e-003
8.972339e+002,8.481361e-003
8.977159e+002,8.486829e-003
8.981981e+002,8.482873e-003
8.986802e+002,8.467584e-003
8.991624e+002,8.444361e-003
8.996445e+002,8.419589e-003
9.001266e+002,8.399688e-003
9.006088e+002,8.388185e-003
9.010908e+002,8.384896e-003
9.015730e+002,8.386879e-003
9.020551e+002,8.391150e-003
9.025372e+002,8.396826e-003
9.030193e+002,8.405836e-003
9.035015e+002,8.421579e-003
9.039836e+002,8.447190e-003
9.044657e+002,8.482777e-003
9.049479e+002,8.525107e-003
9.054299e+002,8.568985e-003
9.059121e+002,8.609290e-003
9.063942e+002,8.642298e-003
9.068763e+002,8.667110e-003
9.073585e+002,8.684129e-003
9.078406e+002,8.694219e-003
9.083228e+002,8.696346e-003
9.088048e+002,8.688246e-003
9.092870e+002,8.667635e-003
9.097691e+002,8.633683e-003
9.102512e+002,8.588599e-003
9.107333e+002,8.537088e-003
9.112155e+002,8.485122e-003
9.116976e+002,8.437304e-003
9.121797e+002,8.395299e-003
9.126619e+002,8.357516e-003
9.131440e+002,8.320773e-003
9.136261e+002,8.282628e-003
9.141082e+002,8.243240e-003
9.145903e+002,8.205515e-003
9.150724e+002,8.173689e-003
9.155546e+002,8.151119e-003
9.160367e+002,8.138154e-003
9.165189e+002,8.131774e-003
9.170010e+002,8.127370e-003
9.174831e+002,8.120628e-003
9.179652e+002,8.109530e-003
9.184473e+002,8.094688e-003
9.189294e+002,8.078524e-003
9.194116e+002,8.063427e-003
9.198937e+002,8.049988e-003
9.203759e+002,8.037438e-003
9.208580e+002,8.024369e-003
9.213401e+002,8.010319e-003
9.218222e+002,7.996908e-003
9.223043e+002,7.987620e-003
9.227864e+002,7.985807e-003
9.232686e+002,7.992509e-003
9.237507e+002,8.005456e-003
9.242328e+002,8.019913e-003
9.247150e+002,8.030346e-003
9.251971e+002,8.033721e-003
9.256792e+002,8.030679e-003
9.261613e+002,8.025000e-003
9.266434e+002,8.022099e-003
9.271255e+002,8.025175e-003
9.276077e+002,8.033927e-003
9.280898e+002,8.044188e-003
9.285720e+002,8.050532e-003
9.290541e+002,8.049470e-003
9.295362e+002,8.041330e-003
9.300183e+002,8.031104e-003
9.305004e+002,8.026084e-003
9.309826e+002,8.032601e-003
9.314647e+002,8.053322e-003
9.319468e+002,8.085872e-003
9.324290e+002,8.124507e-003
9.329111e+002,8.163023e-003
9.333932e+002,8.197346e-003
9.338753e+002,8.227094e-003
9.343574e+002,8.254627e-003
9.348396e+002,8.283163e-003
9.353217e+002,8.314196e-003
9.358038e+002,8.346490e-003
9.362859e+002,8.376978e-003
9.367681e+002,8.402620e-003
9.372502e+002,8.422035e-003
9.377323e+002,8.437025e-003
9.382144e+002,8.451106e-003
9.386966e+002,8.468055e-003
9.391787e+002,8.489880e-003
9.396608e+002,8.516238e-003
9.401429e+002,8.544623e-003
9.406251e+002,8.572842e-003
9.411072e+002,8.599719e-003
9.415893e+002,8.626460e-003
9.420714e+002,8.655487e-003
9.425536e+002,8.688436e-003
9.430357e+002,8.725341e-003
9.435178e+002,8.763241e-003
9.439999e+002,8.798558e-003
9.444821e+002,8.827670e-003
9.449642e+002,8.849196e-003
9.454463e+002,8.864914e-003
9.459284e+002,8.878276e-003
9.464106e+002,8.893022e-003
9.468927e+002,8.911112e-003
9.473748e+002,8.932363e-003
9.478569e+002,8.954884e-003
9.483391e+002,8.976812e-003
9.488212e+002,8.997474e-003
9.493033e+002,9.017958e-003
9.497855e+002,9.040649e-003
9.502676e+002,9.067155e-003
9.507497e+002,9.097747e-003
9.512318e+002,9.130683e-003
9.517139e+002,9.163293e-003
9.521960e+002,9.193807e-003
9.526782e+002,9.221831e-003
9.531603e+002,9.249490e-003
9.536425e+002,9.279243e-003
9.541246e+002,9.313228e-003
9.546067e+002,9.351319e-003
9.550888e+002,9.391292e-003
9.555709e+002,9.430330e-003
9.560530e+002,9.465939e-003
9.565352e+002,9.498146e-003
9.570173e+002,9.528857e-003
9.574995e+002,9.561153e-003
9.579816e+002,9.597505e-003
9.584637e+002,9.637763e-003
9.589458e+002,9.679911e-003
9.594279e+002,9.720538e-003
9.599100e+002,9.757265e-003
9.603922e+002,9.789723e-003
9.608743e+002,9.819965e-003
9.613564e+002,9.850851e-003
9.618386e+002,9.884345e-003
9.623207e+002,9.920057e-003
9.628028e+002,9.954393e-003
9.632849e+002,9.983109e-003
9.637670e+002,1.000220e-002
9.642491e+002,1.001067e-002
9.647313e+002,1.001064e-002
9.652134e+002,1.000630e-002
9.656956e+002,1.000206e-002
9.661777e+002,1.000027e-002
9.666598e+002,1.000044e-002
9.671419e+002,1.000001e-002
9.676240e+002,9.995968e-003
9.681061e+002,9.986725e-003
9.685883e+002,9.973360e-003
9.690704e+002,9.958464e-003
9.695526e+002,9.945262e-003
9.700347e+002,9.935300e-003
9.705168e+002,9.928156e-003
9.709989e+002,9.921394e-003
9.714810e+002,9.911982e-003
9.719631e+002,9.897681e-003
9.724453e+002,9.878349e-003
9.729274e+002,9.855296e-003
9.734095e+002,9.830735e-003
9.738917e+002,9.806669e-003
9.743738e+002,9.784298e-003
9.748559e+002,9.764018e-003
9.753380e+002,9.746622e-003
9.758201e+002,9.733508e-003
9.763023e+002,9.726799e-003
9.767844e+002,9.728292e-003
9.772665e+002,9.738494e-003
9.777487e+002,9.755661e-003
9.782308e+002,9.776193e-003
9.787129e+002,9.795712e-003
9.791950e+002,9.811329e-003
9.796771e+002,9.822372e-003
9.801593e+002,9.830627e-003
9.806414e+002,9.839189e-003
9.811235e+002,9.851012e-003
9.816057e+002,9.867172e-003
9.820878e+002,9.886737e-003
9.825699e+002,9.907617e-003
9.830520e+002,9.927781e-003
9.835342e+002,9.946659e-003
9.840163e+002,9.965352e-003
9.844984e+002,9.985895e-003
9.849805e+002,1.000976e-002
9.854626e+002,1.003665e-002
9.859448e+002,1.006441e-002
9.864269e+002,1.008994e-002
9.869090e+002,1.011114e-002
9.873912e+002,1.012781e-002
9.878733e+002,1.014207e-002
9.883554e+002,1.015715e-002
9.888375e+002,1.017562e-002
9.893196e+002,1.019821e-002
9.898018e+002,1.022319e-002
9.902839e+002,1.024736e-002
9.907660e+002,1.026785e-002
9.912482e+002,1.028350e-002
9.917303e+002,1.029514e-002
9.922124e+002,1.030499e-002
9.926945e+002,1.031525e-002
9.931766e+002,1.032667e-002
9.936588e+002,1.033822e-002
9.941409e+002,1.034847e-002
9.946230e+002,1.035619e-002
9.951052e+002,1.036239e-002
9.955873e+002,1.036981e-002
9.960694e+002,1.038176e-002
9.965515e+002,1.040055e-002
9.970336e+002,1.042572e-002
9.975157e+002,1.045439e-002
9.979979e+002,1.048228e-002
9.984800e+002,1.050592e-002
9.989622e+002,1.052405e-002
9.994443e+002,1.053937e-002
9.999264e+002,1.055647e-002
1.000409e+003,1.057983e-002
1.000891e+003,1.061222e-002
1.001373e+003,1.065314e-002
1.001855e+003,1.069936e-002
1.002337e+003,1.074672e-002
1.002819e+003,1.079143e-002
1.003301e+003,1.083182e-002
1.003783e+003,1.086755e-002
1.004266e+003,1.089904e-002
1.004748e+003,1.092666e-002
1.005230e+003,1.094987e-002
1.005712e+003,1.096814e-002
1.006194e+003,1.098191e-002
1.006676e+003,1.099312e-002
1.007158e+003,1.100568e-002
1.007640e+003,1.102399e-002
1.008122e+003,1.105074e-002
1.008605e+003,1.108612e-002
1.009087e+003,1.112726e-002
1.009569e+003,1.116956e-002
1.010051e+003,1.120882e-002
1.010533e+003,1.124285e-002
1.011015e+003,1.127275e-002
1.011497e+003,1.130144e-002
1.011979e+003,1.133232e-002
1.012462e+003,1.136729e-002
1.012944e+003,1.140581e-002
1.013426e+003,1.144511e-002
1.013908e+003,1.148242e-002
1.014390e+003,1.151624e-002
1.014872e+003,1.154722e-002
1.015354e+003,1.157830e-002
1.015836e+003,1.161244e-002
1.016319e+003,1.165211e-002
1.016801e+003,1.169763e-002
1.017283e+003,1.174731e-002
1.017765e+003,1.179915e-002
1.018247e+003,1.185138e-002
1.018729e+003,1.190366e-002
1.019211e+003,1.195613e-002
1.019693e+003,1.200920e-002
1.020176e+003,1.206177e-002
1.020658e+003,1.211150e-002
1.021140e+003,1.215555e-002
1.021622e+003,1.219208e-002
1.022104e+003,1.222066e-002
1.022586e+003,1.224350e-002
1.023068e+003,1.226404e-002
1.023550e+003,1.228527e-002
1.024033e+003,1.230920e-002
1.024515e+003,1.233561e-002
1.024997e+003,1.236310e-002
1.025479e+003,1.239055e-002
1.025961e+003,1.241811e-002
1.026443e+003,1.244707e-002
1.026925e+003,1.247908e-002
1.027407e+003,1.251508e-002
1.027890e+003,1.255325e-002
1.028372e+003,1.258988e-002
1.028854e+003,1.262033e-002
1.029336e+003,1.264161e-002
1.029818e+003,1.265325e-002
1.030300e+003,1.265812e-002
1.030782e+003,1.266105e-002
1.031264e+003,1.266698e-002
1.031747e+003,1.267790e-002
1.032229e+003,1.269339e-002
1.032711e+003,1.270984e-002
1.033193e+003,1.272388e-002
1.033675e+003,1.273284e-002
1.034157e+003,1.273702e-002
1.034639e+003,1.273848e-002
1.035121e+003,1.273979e-002
1.035604e+003,1.274156e-002
1.036086e+003,1.274301e-002
1.036568e+003,1.274099e-002
1.037050e+003,1.273274e-002
1.037532e+003,1.271681e-002
1.038014e+003,1.269434e-002
1.038496e+003,1.266832e-002
1.038979e+003,1.264198e-002
1.039461e+003,1.261767e-002
1.039943e+003,1.259500e-002
1.040425e+003,1.257262e-002
1.040907e+003,1.254901e-002
1.041389e+003,1.252474e-002
1.041871e+003,1.250271e-002
1.042353e+003,1.248759e-002
1.042835e+003,1.248385e-002
1.043318e+003,1.249399e-002
1.043800e+003,1.251711e-002
1.044282e+003,1.254993e-002
1.044764e+003,1.258818e-002
1.045246e+003,1.262881e-002
1.045728e+003,1.267134e-002
1.046210e+003,1.271714e-002
1.046692e+003,1.276858e-002
1.047175e+003,1.282707e-002
1.047657e+003,1.289225e-002
1.048139e+003,1.296178e-002
1.048621e+003,1.303331e-002
1.049103e+003,1.310466e-002
1.049585e+003,1.317540e-002
1.050067e+003,1.324628e-002
1.050549e+003,1.331740e-002
1.051031e+003,1.338802e-002
1.051514e+003,1.345559e-002
1.051996e+003,1.351723e-002
1.052478e+003,1.357117e-002
1.052960e+003,1.361810e-002
1.053442e+003,1.366221e-002
1.053924e+003,1.370905e-002
1.054406e+003,1.376446e-002
1.054889e+003,1.383170e-002
1.055371e+003,1.391058e-002
1.055853e+003,1.399797e-002
1.056335e+003,1.408961e-002
1.056817e+003,1.418224e-002
1.057299e+003,1.427489e-002
1.057781e+003,1.436890e-002
1.058263e+003,1.446623e-002
1.058746e+003,1.456815e-002
1.059228e+003,1.467319e-002
1.059710e+003,1.477816e-002
1.060192e+003,1.487844e-002
1.060674e+003,1.496972e-002
1.061156e+003,1.505004e-002
1.061638e+003,1.511874e-002
1.062120e+003,1.517740e-002
1.062603e+003,1.522781e-002
1.063085e+003,1.527127e-002
1.063567e+003,1.530876e-002
1.064049e+003,1.534142e-002
1.064531e+003,1.537054e-002
1.065013e+003,1.539848e-002
1.065495e+003,1.542735e-002
1.065977e+003,1.545873e-002
1.066460e+003,1.549236e-002
1.066942e+003,1.552667e-002
1.067424e+003,1.555954e-002
1.067906e+003,1.559010e-002
1.068388e+003,1.561995e-002
1.068870e+003,1.565333e-002
1.069352e+003,1.569602e-002
1.069834e+003,1.575318e-002
1.070317e+003,1.582783e-002
1.070799e+003,1.591921e-002
1.071281e+003,1.602391e-002
1.071763e+003,1.613810e-002
1.072245e+003,1.625784e-002
1.072727e+003,1.638243e-002
1.073209e+003,1.651250e-002
1.073691e+003,1.664997e-002
1.074174e+003,1.679624e-002
1.074656e+003,1.695157e-002
1.075138e+003,1.711490e-002
1.075620e+003,1.728531e-002
1.076102e+003,1.746214e-002
1.076584e+003,1.764607e-002
1.077066e+003,1.783817e-002
1.077548e+003,1.803888e-002
1.078031e+003,1.824705e-002
1.078513e+003,1.845928e-002
1.078995e+003,1.867133e-002
1.079477e+003,1.887877e-002
1.079959e+003,1.907884e-002
1.080441e+003,1.927106e-002
1.080923e+003,1.945654e-002
1.081406e+003,1.963731e-002
1.081888e+003,1.981415e-002
1.082370e+003,1.998670e-002
1.082852e+003,2.015351e-002
1.083334e+003,2.031264e-002
1.083816e+003,2.046320e-002
1.084298e+003,2.060617e-002
1.084780e+003,2.074430e-002
1.085262e+003,2.088097e-002
1.085745e+003,2.101951e-002
1.086227e+003,2.116177e-002
1.086709e+003,2.130838e-002
1.087191e+003,2.145914e-002
1.087673e+003,2.161335e-002
1.088155e+003,2.177061e-002
1.088637e+003,2.193076e-002
1.089119e+003,2.209256e-002
1.089602e+003,2.225403e-002
1.090084e+003,2.241170e-002
1.090566e+003,2.256181e-002
1.091048e+003,2.270105e-002
1.091530e+003,2.282724e-002
1.092012e+003,2.294060e-002
1.092494e+003,2.304245e-002
1.092976e+003,2.313448e-002
1.093458e+003,2.321715e-002
1.093941e+003,2.328955e-002
1.094423e+003,2.334869e-002
1.094905e+003,2.339155e-002
1.095387e+003,2.341603e-002
1.095869e+003,2.342172e-002
1.096351e+003,2.341100e-002
1.096833e+003,2.338741e-002
1.097316e+003,2.335400e-002
1.097798e+003,2.331250e-002
1.098280e+003,2.326252e-002
1.098762e+003,2.320209e-002
1.099244e+003,2.312873e-002
1.099726e+003,2.304108e-002
1.100208e+003,2.293930e-002
1.100690e+003,2.282532e-002
1.101173e+003,2.270204e-002
1.101655e+003,2.257221e-002
1.102137e+003,2.243809e-002
1.102619e+003,2.230175e-002
1.103101e+003,2.216513e-002
1.103583e+003,2.203118e-002
1.104065e+003,2.190324e-002
1.104547e+003,2.178499e-002
1.105030e+003,2.167926e-002
1.105512e+003,2.158752e-002
1.105994e+003,2.151046e-002
1.106476e+003,2.144842e-002
1.106958e+003,2.140216e-002
1.107440e+003,2.137415e-002
1.107922e+003,2.136718e-002
1.108404e+003,2.138497e-002
1.108886e+003,2.142945e-002
1.109369e+003,2.150088e-002
1.109851e+003,2.159813e-002
1.110333e+003,2.171841e-002
1.110815e+003,2.185915e-002
1.111297e+003,2.201811e-002
1.111779e+003,2.219338e-002
1.112261e+003,2.238247e-002
1.112744e+003,2.258252e-002
1.113226e+003,2.278903e-002
1.113708e+003,2.299781e-002
1.114190e+003,2.320390e-002
1.114672e+003,2.340364e-002
1.115154e+003,2.359452e-002
1.115636e+003,2.377470e-002
1.116118e+003,2.394204e-002
1.116601e+003,2.409334e-002
1.117083e+003,2.422427e-002
1.117565e+003,2.432987e-002
1.118047e+003,2.440518e-002
1.118529e+003,2.444700e-002
1.119011e+003,2.445388e-002
1.119493e+003,2.442646e-002
1.119975e+003,2.436659e-002
1.120458e+003,2.427716e-002
1.120940e+003,2.415961e-002
1.121422e+003,2.401548e-002
1.121904e+003,2.384650e-002
1.122386e+003,2.365531e-002
1.122868e+003,2.344701e-002
1.123350e+003,2.322851e-002
1.123832e+003,2.300827e-002
1.124314e+003,2.279431e-002
1.124797e+003,2.259295e-002
1.125279e+003,2.240980e-002
1.125761e+003,2.224823e-002
1.126243e+003,2.211262e-002
1.126725e+003,2.200711e-002
1.127207e+003,2.193688e-002
1.127689e+003,2.190734e-002
1.128172e+003,2.192147e-002
1.128654e+003,2.198122e-002
1.129136e+003,2.208617e-002
1.129618e+003,2.223489e-002
1.130100e+003,2.242558e-002
1.130582e+003,2.265757e-002
1.131064e+003,2.292970e-002
1.131546e+003,2.324139e-002
1.132029e+003,2.359051e-002
1.132511e+003,2.397440e-002
1.132993e+003,2.438972e-002
1.133475e+003,2.483331e-002
1.133957e+003,2.530327e-002
1.134439e+003,2.579833e-002
1.134921e+003,2.631729e-002
1.135403e+003,2.685793e-002
1.135885e+003,2.741647e-002
1.136368e+003,2.798659e-002
1.136850e+003,2.856106e-002
1.137332e+003,2.913177e-002
1.137814e+003,2.969125e-002
1.138296e+003,3.023373e-002
1.138778e+003,3.075493e-002
1.139260e+003,3.125248e-002
1.139742e+003,3.172495e-002
1.140225e+003,3.217186e-002
1.140707e+003,3.259268e-002
1.141189e+003,3.298721e-002
1.141671e+003,3.335505e-002
1.142153e+003,3.369631e-002
1.142635e+003,3.401214e-002
1.143117e+003,3.430455e-002
1.143599e+003,3.457614e-002
1.144082e+003,3.483039e-002
1.144564e+003,3.507048e-002
1.145046e+003,3.529945e-002
1.145528e+003,3.552017e-002
1.146010e+003,3.573557e-002
1.146492e+003,3.594925e-002
1.146974e+003,3.616461e-002
1.147457e+003,3.638546e-002
1.147939e+003,3.661441e-002
1.148421e+003,3.685294e-002
1.148903e+003,3.710148e-002
1.149385e+003,3.735842e-002
1.149867e+003,3.762215e-002
1.150349e+003,3.789177e-002
1.150831e+003,3.816639e-002
1.151313e+003,3.844666e-002
1.151796e+003,3.873266e-002
1.152278e+003,3.902453e-002
1.152760e+003,3.932110e-002
1.153242e+003,3.962022e-002
1.153724e+003,3.991958e-002
1.154206e+003,4.021739e-002
1.154688e+003,4.051277e-002
1.155170e+003,4.080578e-002
1.155653e+003,4.109670e-002
1.156135e+003,4.138500e-002
1.156617e+003,4.166875e-002
1.157099e+003,4.194362e-002
1.157581e+003,4.220506e-002
1.158063e+003,4.244867e-002
1.158545e+003,4.267192e-002
1.159027e+003,4.287397e-002
1.159510e+003,4.305545e-002
1.159992e+003,4.321769e-002
1.160474e+003,4.336018e-002
1.160956e+003,4.348104e-002
1.161438e+003,4.357700e-002
1.161920e+003,4.364483e-002
1.162402e+003,4.368243e-002
1.162885e+003,4.368967e-002
1.163367e+003,4.366791e-002
1.163849e+003,4.361890e-002
1.164331e+003,4.354415e-002
1.164813e+003,4.344362e-002
1.165295e+003,4.331680e-002
1.165777e+003,4.316350e-002
1.166259e+003,4.298448e-002
1.166741e+003,4.278208e-002
1.167224e+003,4.255898e-002
1.167706e+003,4.231787e-002
1.168188e+003,4.206051e-002
1.168670e+003,4.178720e-002
1.169152e+003,4.149881e-002
1.169634e+003,4.119608e-002
1.170116e+003,4.088150e-002
1.170598e+003,4.055886e-002
1.171081e+003,4.023140e-002
1.171563e+003,3.990181e-002
1.172045e+003,3.957094e-002
1.172527e+003,3.923848e-002
1.173009e+003,3.890420e-002
1.173491e+003,3.856798e-002
1.173973e+003,3.823119e-002
1.174455e+003,3.789530e-002
1.174938e+003,3.756121e-002
1.175420e+003,3.722833e-002
1.175902e+003,3.689403e-002
1.176384e+003,3.655507e-002
1.176866e+003,3.620883e-002
1.177348e+003,3.585488e-002
1.177830e+003,3.549542e-002
1.178313e+003,3.513467e-002
1.178795e+003,3.477698e-002
1.179277e+003,3.442624e-002
1.179759e+003,3.408448e-002
1.180241e+003,3.375225e-002
1.180723e+003,3.342865e-002
1.181205e+003,3.311376e-002
1.181687e+003,3.280767e-002
1.182169e+003,3.251107e-002
1.182652e+003,3.222446e-002
1.183134e+003,3.194775e-002
1.183616e+003,3.167997e-002
1.184098e+003,3.141988e-002
1.184580e+003,3.116669e-002
1.185062e+003,3.091978e-002
1.185544e+003,3.067884e-002
1.186026e+003,3.044366e-002
1.186509e+003,3.021264e-002
1.186991e+003,2.998380e-002
1.187473e+003,2.975520e-002
1.187955e+003,2.952578e-002
1.188437e+003,2.929630e-002
1.188919e+003,2.906913e-002
1.189401e+003,2.884782e-002
1.189883e+003,2.863502e-002
1.190366e+003,2.843197e-002
1.190848e+003,2.823796e-002
1.191330e+003,2.805021e-002
1.191812e+003,2.786637e-002
1.192294e+003,2.768468e-002
1.192776e+003,2.750430e-002
1.193258e+003,2.732562e-002
1.193740e+003,2.714873e-002
1.194223e+003,2.697264e-002
1.194705e+003,2.679563e-002
1.195187e+003,2.661603e-002
1.195669e+003,2.643276e-002
1.196151e+003,2.624692e-002
1.196633e+003,2.606165e-002
1.197115e+003,2.588075e-002
1.197597e+003,2.570770e-002
1.198080e+003,2.554370e-002
1.198562e+003,2.538816e-002
1.199044e+003,2.523934e-002
1.199526e+003,2.509527e-002
1.200008e+003,2.495564e-002
1.200490e+003,2.482184e-002
1.200972e+003,2.469619e-002
1.201454e+003,2.458045e-002
1.201937e+003,2.447540e-002
1.202419e+003,2.437976e-002
1.202901e+003,2.429224e-002
1.203383e+003,2.421150e-002
1.203865e+003,2.413836e-002
1.204347e+003,2.407460e-002
1.204829e+003,2.402268e-002
1.205312e+003,2.398396e-002
1.205794e+003,2.395745e-002
1.206276e+003,2.394013e-002
1.206758e+003,2.392810e-002
1.207240e+003,2.391794e-002
1.207722e+003,2.390798e-002
1.208204e+003,2.389862e-002
1.208686e+003,2.389148e-002
1.209168e+003,2.388780e-002
1.209651e+003,2.388797e-002
1.210133e+003,2.389057e-002
1.210615e+003,2.389400e-002
1.211097e+003,2.389688e-002
1.211579e+003,2.389955e-002
1.212061e+003,2.390367e-002
1.212543e+003,2.391158e-002
1.213025e+003,2.392500e-002
1.213508e+003,2.394394e-002
1.213990e+003,2.396743e-002
1.214472e+003,2.399362e-002
1.214954e+003,2.402185e-002
1.215436e+003,2.405326e-002
1.215918e+003,2.408988e-002
1.216400e+003,2.413465e-002
1.216882e+003,2.418908e-002
1.217365e+003,2.425268e-002
1.217847e+003,2.432304e-002
1.218329e+003,2.439667e-002
1.218811e+003,2.447107e-002
1.219293e+003,2.454532e-002
1.219775e+003,2.462077e-002
1.220257e+003,2.469980e-002
1.220740e+003,2.478403e-002
1.221222e+003,2.487455e-002
1.221704e+003,2.497020e-002
1.222186e+003,2.506933e-002
1.222668e+003,2.517058e-002
1.223150e+003,2.527336e-002
1.223632e+003,2.537901e-002
1.224114e+003,2.548857e-002
1.224596e+003,2.560321e-002
1.225079e+003,2.572208e-002
1.225561e+003,2.584320e-002
1.226043e+003,2.596442e-002
1.226525e+003,2.608350e-002
1.227007e+003,2.619999e-002
1.227489e+003,2.631441e-002
1.227971e+003,2.642815e-002
1.228453e+003,2.654158e-002
1.228936e+003,2.665395e-002
1.229418e+003,2.676355e-002
1.229900e+003,2.686874e-002
1.230382e+003,2.696845e-002
1.230864e+003,2.706357e-002
1.231346e+003,2.715636e-002
1.231828e+003,2.724919e-002
1.232310e+003,2.734348e-002
1.232792e+003,2.743839e-002
1.233275e+003,2.753120e-002
1.233757e+003,2.761827e-002
1.234239e+003,2.769684e-002
1.234721e+003,2.776551e-002
1.235203e+003,2.782520e-002
1.235685e+003,2.787824e-002
1.236167e+003,2.792639e-002
1.236650e+003,2.797043e-002
1.237132e+003,2.800949e-002
1.237614e+003,2.804101e-002
1.238096e+003,2.806205e-002
1.238578e+003,2.807121e-002
1.239060e+003,2.806738e-002
1.239542e+003,2.805079e-002
1.240024e+003,2.802170e-002
1.240507e+003,2.797978e-002
1.240989e+003,2.792400e-002
1.241471e+003,2.785293e-002
1.241953e+003,2.776578e-002
1.242435e+003,2.766324e-002
1.242917e+003,2.754696e-002
1.243399e+003,2.741937e-002
1.243881e+003,2.728181e-002
1.244364e+003,2.713442e-002
1.244846e+003,2.697612e-002
1.245328e+003,2.680560e-002
1.245810e+003,2.662299e-002
1.246292e+003,2.643041e-002
1.246774e+003,2.623176e-002
1.247256e+003,2.603217e-002
1.247738e+003,2.583575e-002
1.248220e+003,2.564467e-002
1.248703e+003,2.545875e-002
1.249185e+003,2.527684e-002
1.249667e+003,2.509848e-002
1.250149e+003,2.492473e-002
1.250631e+003,2.475836e-002
1.251113e+003,2.460292e-002
1.251595e+003,2.446121e-002
1.252078e+003,2.433386e-002
1.252560e+003,2.421985e-002
1.253042e+003,2.411710e-002
1.253524e+003,2.402428e-002
1.254006e+003,2.394146e-002
1.254488e+003,2.387019e-002
1.254970e+003,2.381160e-002
1.255452e+003,2.376582e-002
1.255935e+003,2.372983e-002
1.256417e+003,2.369893e-002
1.256899e+003,2.366797e-002
1.257381e+003,2.363350e-002
1.257863e+003,2.359443e-002
1.258345e+003,2.355211e-002
1.258827e+003,2.350918e-002
1.259309e+003,2.346735e-002
1.259792e+003,2.342588e-002
1.260274e+003,2.338255e-002
1.260756e+003,2.333434e-002
1.261238e+003,2.327968e-002
1.261720e+003,2.321954e-002
1.262202e+003,2.315716e-002
1.262684e+003,2.309666e-002
1.263166e+003,2.304044e-002
1.263648e+003,2.298872e-002
1.264131e+003,2.293853e-002
1.264613e+003,2.288664e-002
1.265095e+003,2.283038e-002
1.265577e+003,2.276933e-002
1.266059e+003,2.270573e-002
1.266541e+003,2.264283e-002
1.267023e+003,2.258317e-002
1.267505e+003,2.252704e-002
1.267988e+003,2.247347e-002
1.268470e+003,2.242006e-002
1.268952e+003,2.236571e-002
1.269434e+003,2.231130e-002
1.269916e+003,2.225971e-002
1.270398e+003,2.221412e-002
1.270880e+003,2.217657e-002
1.271363e+003,2.214701e-002
1.271845e+003,2.212330e-002
1.272327e+003,2.210338e-002
1.272809e+003,2.208665e-002
1.273291e+003,2.207482e-002
1.273773e+003,2.207070e-002
1.274255e+003,2.207726e-002
1.274737e+003,2.209484e-002
1.275219e+003,2.212034e-002
1.275702e+003,2.214807e-002
1.276184e+003,2.217179e-002
1.276666e+003,2.218726e-002
1.277148e+003,2.219339e-002
1.277630e+003,2.219203e-002
1.278112e+003,2.218648e-002
1.278594e+003,2.217858e-002
1.279076e+003,2.216802e-002
1.279559e+003,2.215154e-002
1.280041e+003,2.212488e-002
1.280523e+003,2.208571e-002
1.281005e+003,2.203379e-002
1.281487e+003,2.197184e-002
1.281969e+003,2.190407e-002
1.282451e+003,2.183324e-002
1.282933e+003,2.176012e-002
1.283416e+003,2.168344e-002
1.283898e+003,2.160137e-002
1.284380e+003,2.151389e-002
1.284862e+003,2.142353e-002
1.285344e+003,2.133554e-002
1.285826e+003,2.125595e-002
1.286308e+003,2.118893e-002
1.286791e+003,2.113585e-002
1.287273e+003,2.109499e-002
1.287755e+003,2.106337e-002
1.288237e+003,2.103953e-002
1.288719e+003,2.102430e-002
1.289201e+003,2.102086e-002
1.289683e+003,2.103320e-002
1.290165e+003,2.106343e-002
1.290647e+003,2.111073e-002
1.291130e+003,2.117126e-002
1.291612e+003,2.124019e-002
1.292094e+003,2.131291e-002
1.292576e+003,2.138746e-002
1.293058e+003,2.146381e-002
1.293540e+003,2.154226e-002
1.294022e+003,2.162292e-002
1.294504e+003,2.170341e-002
1.294987e+003,2.178018e-002
1.295469e+003,2.184995e-002
1.295951e+003,2.191125e-002
1.296433e+003,2.196532e-002
1.296915e+003,2.201612e-002
1.297397e+003,2.206766e-002
1.297879e+003,2.212175e-002
1.298361e+003,2.217694e-002
1.298844e+003,2.222927e-002
1.299326e+003,2.227394e-002
1.299808e+003,2.230738e-002
1.300290e+003,2.232897e-002
1.300772e+003,2.234061e-002
1.301254e+003,2.234552e-002
1.301736e+003,2.234528e-002
1.302219e+003,2.233933e-002
1.302701e+003,2.232519e-002
1.303183e+003,2.230053e-002
1.303665e+003,2.226461e-002
1.304147e+003,2.222008e-002
1.304629e+003,2.217206e-002
1.305111e+003,2.212571e-002
1.305593e+003,2.208363e-002
1.306075e+003,2.204491e-002
1.306558e+003,2.200512e-002
1.307040e+003,2.195922e-002
1.307522e+003,2.190387e-002
1.308004e+003,2.183952e-002
1.308486e+003,2.177026e-002
1.308968e+003,2.170060e-002
1.309450e+003,2.163350e-002
1.309932e+003,2.156811e-002
1.310415e+003,2.150034e-002
1.310897e+003,2.142503e-002
1.311379e+003,2.133867e-002
1.311861e+003,2.124155e-002
1.312343e+003,2.113848e-002
1.312825e+003,2.103543e-002
1.313307e+003,2.093778e-002
1.313789e+003,2.084699e-002
1.314272e+003,2.076128e-002
1.314754e+003,2.067670e-002
1.315236e+003,2.059044e-002
1.315718e+003,2.050236e-002
1.316200e+003,2.041496e-002
1.316682e+003,2.033143e-002
1.317164e+003,2.025264e-002
1.317646e+003,2.017620e-002
1.318129e+003,2.009668e-002
1.318611e+003,2.000842e-002
1.319093e+003,1.990820e-002
1.319575e+003,1.979706e-002
1.320057e+003,1.968026e-002
1.320539e+003,1.956338e-002
1.321021e+003,1.945025e-002
1.321503e+003,1.934063e-002
1.321986e+003,1.923154e-002
1.322468e+003,1.911994e-002
1.322950e+003,1.900442e-002
1.323432e+003,1.888749e-002
1.323914e+003,1.877421e-002
1.324396e+003,1.866952e-002
1.324878e+003,1.857561e-002
1.325360e+003,1.849035e-002
1.325843e+003,1.840926e-002
1.326325e+003,1.832743e-002
1.326807e+003,1.824338e-002
1.327289e+003,1.816028e-002
1.327771e+003,1.808479e-002
1.328253e+003,1.802406e-002
1.328735e+003,1.798255e-002
1.329218e+003,1.796054e-002
1.329700e+003,1.795497e-002
1.330182e+003,1.796234e-002
1.330664e+003,1.798122e-002
1.331146e+003,1.801381e-002
1.331628e+003,1.806448e-002
1.332110e+003,1.813629e-002
1.332592e+003,1.822924e-002
1.333074e+003,1.833946e-002
1.333557e+003,1.846053e-002
1.334039e+003,1.858741e-002
1.334521e+003,1.871875e-002
1.335003e+003,1.885774e-002
1.335485e+003,1.901104e-002
1.335967e+003,1.918506e-002
1.336449e+003,1.938283e-002
1.336931e+003,1.960303e-002
1.337414e+003,1.983969e-002
1.337896e+003,2.008574e-002
1.338378e+003,2.033449e-002
1.338860e+003,2.058126e-002
1.339342e+003,2.082205e-002
1.339824e+003,2.105279e-002
1.340306e+003,2.126701e-002
1.340788e+003,2.145896e-002
1.341271e+003,2.162514e-002
1.341753e+003,2.176747e-002
1.342235e+003,2.189270e-002
1.342717e+003,2.201213e-002
1.343199e+003,2.213767e-002
1.343681e+003,2.227867e-002
1.344163e+003,2.243910e-002
1.344646e+003,2.261668e-002
1.345128e+003,2.280425e-002
1.345610e+003,2.299395e-002
1.346092e+003,2.318041e-002
1.346574e+003,2.336286e-002
1.347056e+003,2.354397e-002
1.347538e+003,2.372719e-002
1.348020e+003,2.391335e-002
1.348502e+003,2.409879e-002
1.348985e+003,2.427664e-002
1.349467e+003,2.443909e-002
1.349949e+003,2.458107e-002
1.350431e+003,2.470081e-002
1.350913e+003,2.480072e-002
1.351395e+003,2.488343e-002
1.351877e+003,2.495044e-002
1.352359e+003,2.500030e-002
1.352842e+003,2.503036e-002
1.353324e+003,2.503853e-002
1.353806e+003,2.502681e-002
1.354288e+003,2.500182e-002
1.354770e+003,2.497414e-002
1.355252e+003,2.495445e-002
1.355734e+003,2.495025e-002
1.356216e+003,2.496414e-002
1.356698e+003,2.499421e-002
1.357181e+003,2.503730e-002
1.357663e+003,2.509220e-002
1.358145e+003,2.516037e-002
1.358627e+003,2.524612e-002
1.359109e+003,2.535369e-002
1.359591e+003,2.548591e-002
1.360073e+003,2.564266e-002
1.360556e+003,2.582273e-002
1.361038e+003,2.602516e-002
1.361520e+003,2.625071e-002
1.362002e+003,2.650155e-002
1.362484e+003,2.677756e-002
1.362966e+003,2.707307e-002
1.363448e+003,2.737569e-002
1.363930e+003,2.767155e-002
1.364413e+003,2.795003e-002
1.364895e+003,2.820710e-002
1.365377e+003,2.844565e-002
1.365859e+003,2.867153e-002
1.366341e+003,2.889085e-002
1.366823e+003,2.910625e-002
1.367305e+003,2.931291e-002
1.367787e+003,2.950059e-002
1.368270e+003,2.965513e-002
1.368752e+003,2.976494e-002
1.369234e+003,2.982570e-002
1.369716e+003,2.984393e-002
1.370198e+003,2.983401e-002
1.370680e+003,2.981571e-002
1.371162e+003,2.981101e-002
1.371644e+003,2.984314e-002
1.372126e+003,2.993838e-002
1.372609e+003,3.012587e-002
1.373091e+003,3.043480e-002
1.373573e+003,3.088332e-002
1.374055e+003,3.146419e-002
1.374537e+003,3.213635e-002
1.375019e+003,3.283190e-002
1.375501e+003,3.347613e-002
1.375984e+003,3.400591e-002
1.376466e+003,3.437404e-002
1.376948e+003,3.454528e-002
1.377430e+003,3.449041e-002
1.377912e+003,3.418809e-002
1.378394e+003,3.363198e-002
1.378876e+003,3.283774e-002
1.379358e+003,3.184406e-002
1.379841e+003,3.070500e-002
1.380323e+003,2.947798e-002
1.380805e+003,2.821480e-002
1.381287e+003,2.696023e-002
1.381769e+003,2.575227e-002
1.382251e+003,2.462484e-002
1.382733e+003,2.360279e-002
1.383215e+003,2.269818e-002
1.383698e+003,2.190711e-002
1.384180e+003,2.121307e-002
1.384662e+003,2.059442e-002
1.385144e+003,2.003226e-002
1.385626e+003,1.951596e-002
1.386108e+003,1.904426e-002
1.386590e+003,1.862061e-002
1.387072e+003,1.824580e-002
1.387554e+003,1.791354e-002
1.388037e+003,1.761231e-002
1.388519e+003,1.733266e-002
1.389001e+003,1.707236e-002
1.389483e+003,1.683693e-002
1.389965e+003,1.663377e-002
1.390447e+003,1.646661e-002
1.390929e+003,1.633220e-002
1.391411e+003,1.622050e-002
1.391894e+003,1.611920e-002
1.392376e+003,1.602046e-002
1.392858e+003,1.592455e-002
1.393340e+003,1.584201e-002
1.393822e+003,1.578856e-002
1.394304e+003,1.577463e-002
1.394786e+003,1.579583e-002
1.395269e+003,1.583204e-002
1.395751e+003,1.585897e-002
1.396233e+003,1.586355e-002
1.396715e+003,1.585055e-002
1.397197e+003,1.583839e-002
1.397679e+003,1.584903e-002
1.398161e+003,1.589539e-002
1.398643e+003,1.597343e-002
1.399125e+003,1.606204e-002
1.399608e+003,1.613567e-002
1.400090e+003,1.617896e-002
1.400572e+003,1.619435e-002
1.401054e+003,1.619754e-002
1.401536e+003,1.620569e-002
1.402018e+003,1.622849e-002
1.402500e+003,1.626357e-002
1.402982e+003,1.629775e-002
1.403465e+003,1.631343e-002
1.403947e+003,1.629782e-002
1.404429e+003,1.625194e-002
1.404911e+003,1.619179e-002
1.405393e+003,1.613987e-002
1.405875e+003,1.611093e-002
1.406357e+003,1.610559e-002
1.406839e+003,1.611264e-002
1.407322e+003,1.611989e-002
1.407804e+003,1.612306e-002
1.408286e+003,1.613088e-002
1.408768e+003,1.616166e-002
1.409250e+003,1.623547e-002
1.409732e+003,1.636359e-002
1.410214e+003,1.654217e-002
1.410697e+003,1.675340e-002
1.411179e+003,1.697469e-002
1.411661e+003,1.718989e-002
1.412143e+003,1.739790e-002
1.412625e+003,1.760910e-002
1.413107e+003,1.783662e-002
1.413589e+003,1.808515e-002
1.414071e+003,1.834490e-002
1.414553e+003,1.859526e-002
1.415036e+003,1.881321e-002
1.415518e+003,1.898430e-002
1.416000e+003,1.911074e-002
1.416482e+003,1.921026e-002
1.416964e+003,1.930860e-002
1.417446e+003,1.942548e-002
1.417928e+003,1.955861e-002
1.418410e+003,1.967991e-002
1.418893e+003,1.975033e-002
1.419375e+003,1.975185e-002
1.419857e+003,1.970585e-002
1.420339e+003,1.965594e-002
1.420821e+003,1.964006e-002
1.421303e+003,1.967424e-002
1.421785e+003,1.975499e-002
1.422267e+003,1.986953e-002
1.422750e+003,2.000679e-002
1.423232e+003,2.016712e-002
1.423714e+003,2.036465e-002
1.424196e+003,2.062031e-002
1.424678e+003,2.094740e-002
1.425160e+003,2.134021e-002
1.425642e+003,2.177795e-002
1.426125e+003,2.223724e-002
1.426607e+003,2.270697e-002
1.427089e+003,2.319513e-002
1.427571e+003,2.372984e-002
1.428053e+003,2.435024e-002
1.428535e+003,2.509038e-002
1.429017e+003,2.595969e-002
1.429499e+003,2.693217e-002
1.429981e+003,2.795269e-002
1.430464e+003,2.896238e-002
1.430946e+003,2.992108e-002
1.431428e+003,3.081956e-002
1.431910e+003,3.166984e-002
1.432392e+003,3.249067e-002
1.432874e+003,3.329382e-002
1.433356e+003,3.408045e-002
1.433838e+003,3.484711e-002
1.434321e+003,3.559613e-002
1.434803e+003,3.634490e-002
1.435285e+003,3.713058e-002
1.435767e+003,3.799712e-002
1.436249e+003,3.896320e-002
1.436731e+003,3.998529e-002
1.437213e+003,4.096820e-002
1.437696e+003,4.182264e-002
1.438177e+003,4.251529e-002
1.438660e+003,4.307044e-002
1.439142e+003,4.354546e-002
1.439624e+003,4.400305e-002
1.440106e+003,4.449372e-002
1.440588e+003,4.504330e-002
1.441070e+003,4.564865e-002
1.441552e+003,4.628211e-002
1.442035e+003,4.690608e-002
1.442517e+003,4.749202e-002
1.442999e+003,4.803457e-002
1.443481e+003,4.855203e-002
1.443963e+003,4.907513e-002
1.444445e+003,4.963192e-002
1.444927e+003,5.023663e-002
1.445409e+003,5.089137e-002
1.445892e+003,5.159520e-002
1.446374e+003,5.235710e-002
1.446856e+003,5.320331e-002
1.447338e+003,5.416984e-002
1.447820e+003,5.528295e-002
1.448302e+003,5.653950e-002
1.448784e+003,5.790960e-002
1.449266e+003,5.936189e-002
1.449749e+003,6.089235e-002
1.450231e+003,6.253705e-002
1.450713e+003,6.436013e-002
1.451195e+003,6.642434e-002
1.451677e+003,6.875476e-002
1.452159e+003,7.131252e-002
1.452641e+003,7.399637e-002
1.453124e+003,7.667810e-002
1.453605e+003,7.925451e-002
1.454088e+003,8.168810e-002
1.454570e+003,8.402518e-002
1.455052e+003,8.639688e-002
1.455534e+003,8.901040e-002
1.456016e+003,9.211964e-002
1.456498e+003,9.594952e-002
1.456980e+003,1.005767e-001
1.457463e+003,1.058996e-001
1.457945e+003,1.117935e-001
1.458427e+003,1.182532e-001
1.458909e+003,1.253372e-001
1.459391e+003,1.330324e-001
1.459873e+003,1.411907e-001
1.460355e+003,1.495452e-001
1.460837e+003,1.577542e-001
1.461320e+003,1.654413e-001
1.461802e+003,1.722027e-001
1.462284e+003,1.775918e-001
1.462766e+003,1.811079e-001
1.463248e+003,1.822546e-001
1.463730e+003,1.807296e-001
1.464212e+003,1.767211e-001
1.464694e+003,1.710828e-001
1.465177e+003,1.650923e-001
1.465659e+003,1.598637e-001
1.466141e+003,1.559050e-001
1.466623e+003,1.531350e-001
1.467105e+003,1.511926e-001
1.467587e+003,1.497372e-001
1.468069e+003,1.486084e-001
1.468552e+003,1.478526e-001
1.469033e+003,1.476651e-001
1.469516e+003,1.482897e-001
1.469998e+003,1.498927e-001
1.470480e+003,1.523980e-001
1.470962e+003,1.552682e-001
1.471444e+003,1.572886e-001
1.471926e+003,1.566396e-001
1.472408e+003,1.516558e-001
1.472891e+003,1.420053e-001
1.473373e+003,1.290136e-001
1.473855e+003,1.146293e-001
1.474337e+003,1.002949e-001
1.474819e+003,8.670373e-002
1.475301e+003,7.414391e-002
1.475783e+003,6.284784e-002
1.476265e+003,5.310536e-002
1.476748e+003,4.516599e-002
1.477230e+003,3.908270e-002
1.477712e+003,3.464958e-002
1.478194e+003,3.147910e-002
1.478676e+003,2.914086e-002
1.479158e+003,2.727982e-002
1.479640e+003,2.567154e-002
1.480122e+003,2.422291e-002
1.480604e+003,2.293272e-002
1.481087e+003,2.183263e-002
1.481569e+003,2.093137e-002
1.482051e+003,2.018989e-002
1.482533e+003,1.954222e-002
1.483015e+003,1.893263e-002
1.483497e+003,1.834366e-002
1.483979e+003,1.779554e-002
1.484461e+003,1.732489e-002
1.484944e+003,1.695772e-002
1.485426e+003,1.668805e-002
1.485908e+003,1.647388e-002
1.486390e+003,1.625317e-002
1.486872e+003,1.597603e-002
1.487354e+003,1.563451e-002
1.487836e+003,1.527235e-002
1.488319e+003,1.496316e-002
1.488801e+003,1.476458e-002
1.489283e+003,1.467299e-002
1.489765e+003,1.461685e-002
1.490247e+003,1.450608e-002
1.490729e+003,1.430072e-002
1.491211e+003,1.403233e-002
1.491693e+003,1.376837e-002
1.492176e+003,1.356432e-002
1.492658e+003,1.343887e-002
1.493140e+003,1.337695e-002
1.493622e+003,1.334146e-002
1.494104e+003,1.329028e-002
1.494586e+003,1.319363e-002
1.495068e+003,1.304816e-002
1.495550e+003,1.288484e-002
1.496032e+003,1.275689e-002
1.496515e+003,1.270598e-002
1.496997e+003,1.272707e-002
1.497479e+003,1.276684e-002
1.497961e+003,1.276057e-002
1.498443e+003,1.267608e-002
1.498925e+003,1.253063e-002
1.499407e+003,1.237185e-002
1.499890e+003,1.224846e-002
1.500372e+003,1.218188e-002
1.500854e+003,1.216117e-002
1.501336e+003,1.215200e-002
1.501818e+003,1.211854e-002
1.502300e+003,1.204034e-002
1.502782e+003,1.192066e-002
1.503264e+003,1.178281e-002
1.503747e+003,1.166196e-002
1.504229e+003,1.159015e-002
1.504711e+003,1.158706e-002
1.505193e+003,1.164550e-002
1.505675e+003,1.172461e-002
1.506157e+003,1.175834e-002
1.506639e+003,1.170640e-002
1.507121e+003,1.161849e-002
1.507604e+003,1.159017e-002
1.508086e+003,1.164891e-002
1.508568e+003,1.174453e-002
1.509050e+003,1.181416e-002
1.509532e+003,1.182252e-002
1.510014e+003,1.176756e-002
1.510496e+003,1.167405e-002
1.510979e+003,1.157993e-002
1.511460e+003,1.152002e-002
1.511943e+003,1.150957e-002
1.512425e+003,1.153869e-002
1.512907e+003,1.157875e-002
1.513389e+003,1.159928e-002
1.513871e+003,1.158352e-002
1.514353e+003,1.153609e-002
1.514835e+003,1.148138e-002
1.515318e+003,1.145336e-002
1.515800e+003,1.147673e-002
1.516282e+003,1.154659e-002
1.516764e+003,1.162131e-002
1.517246e+003,1.164654e-002
1.517728e+003,1.159425e-002
1.518210e+003,1.147881e-002
1.518692e+003,1.134386e-002
1.519175e+003,1.123865e-002
1.519657e+003,1.120017e-002
1.520139e+003,1.124163e-002
1.520621e+003,1.134207e-002
1.521103e+003,1.144555e-002
1.521585e+003,1.149088e-002
1.522067e+003,1.146143e-002
1.522549e+003,1.139268e-002
1.523031e+003,1.133392e-002
1.523514e+003,1.131075e-002
1.523996e+003,1.131972e-002
1.524478e+003,1.134011e-002
1.524960e+003,1.134811e-002
1.525442e+003,1.133082e-002
1.525924e+003,1.129553e-002
1.526406e+003,1.126601e-002
1.526888e+003,1.126690e-002
1.527371e+003,1.130428e-002
1.527853e+003,1.136269e-002
1.528335e+003,1.141315e-002
1.528817e+003,1.143041e-002
1.529299e+003,1.140551e-002
1.529781e+003,1.134748e-002
1.530263e+003,1.127896e-002
1.530746e+003,1.122556e-002
1.531228e+003,1.120774e-002
1.531710e+003,1.123387e-002
1.532192e+003,1.129699e-002
1.532674e+003,1.137597e-002
1.533156e+003,1.144275e-002
1.533638e+003,1.148010e-002
1.534120e+003,1.149271e-002
1.534603e+003,1.149741e-002
1.535085e+003,1.150501e-002
1.535567e+003,1.151390e-002
1.536049e+003,1.151425e-002
1.536531e+003,1.149435e-002
1.537013e+003,1.144703e-002
1.537495e+003,1.137548e-002
1.537977e+003,1.129892e-002
1.538459e+003,1.125434e-002
1.538942e+003,1.128847e-002
1.539424e+003,1.142508e-002
1.539906e+003,1.162218e-002
1.540388e+003,1.177785e-002
1.540870e+003,1.181905e-002
1.541352e+003,1.176333e-002
1.541834e+003,1.167999e-002
1.542316e+003,1.162675e-002
1.542799e+003,1.162315e-002
1.543281e+003,1.165551e-002
1.543763e+003,1.169183e-002
1.544245e+003,1.170116e-002
1.544727e+003,1.167070e-002
1.545209e+003,1.161094e-002
1.545691e+003,1.154589e-002
1.546174e+003,1.149743e-002
1.546656e+003,1.147333e-002
1.547138e+003,1.146908e-002
1.547620e+003,1.147115e-002
1.548102e+003,1.146449e-002
1.548584e+003,1.143925e-002
1.549066e+003,1.139469e-002
1.549548e+003,1.134225e-002
1.550031e+003,1.129763e-002
1.550513e+003,1.127047e-002
1.550995e+003,1.125752e-002
1.551477e+003,1.124539e-002
1.551959e+003,1.121997e-002
1.552441e+003,1.117335e-002
1.552923e+003,1.110923e-002
1.553405e+003,1.104037e-002
1.553887e+003,1.098429e-002
1.554370e+003,1.095111e-002
1.554852e+003,1.093665e-002
1.555334e+003,1.092276e-002
1.555816e+003,1.088759e-002
1.556298e+003,1.081650e-002
1.556780e+003,1.071005e-002
1.557262e+003,1.058956e-002
1.557744e+003,1.050361e-002
1.558227e+003,1.051813e-002
1.558709e+003,1.065516e-002
1.559191e+003,1.081361e-002
1.559673e+003,1.086400e-002
1.560155e+003,1.079782e-002
1.560637e+003,1.068037e-002
1.561119e+003,1.056566e-002
1.561602e+003,1.047875e-002
1.562083e+003,1.042374e-002
1.562566e+003,1.039389e-002
1.563048e+003,1.037664e-002
1.563530e+003,1.035917e-002
1.564012e+003,1.033353e-002
1.564494e+003,1.030008e-002
1.564976e+003,1.026730e-002
1.565458e+003,1.024487e-002
1.565941e+003,1.023739e-002
1.566423e+003,1.024033e-002
1.566905e+003,1.024358e-002
1.567387e+003,1.023635e-002
1.567869e+003,1.021297e-002
1.568351e+003,1.017819e-002
1.568833e+003,1.014644e-002
1.569315e+003,1.013446e-002
1.569798e+003,1.014782e-002
1.570280e+003,1.017285e-002
1.570762e+003,1.018675e-002
1.571244e+003,1.017381e-002
1.571726e+003,1.013269e-002
1.572208e+003,1.007305e-002
1.572690e+003,1.000977e-002
1.573172e+003,9.957932e-003
1.573655e+003,9.927865e-003
1.574137e+003,9.923657e-003
1.574619e+003,9.940619e-003
1.575101e+003,9.966857e-003
1.575583e+003,9.987916e-003
1.576065e+003,9.995901e-003
1.576547e+003,9.994932e-003
1.577030e+003,9.994487e-003
1.577511e+003,9.997333e-003
1.577994e+003,9.998637e-003
1.578476e+003,9.989486e-003
1.578958e+003,9.964668e-003
1.579440e+003,9.925550e-003
1.579922e+003,9.880091e-003
1.580404e+003,9.840129e-003
1.580886e+003,9.817254e-003
1.581369e+003,9.815997e-003
1.581851e+003,9.832492e-003
1.582333e+003,9.855433e-003
1.582815e+003,9.872802e-003
1.583297e+003,9.877779e-003
1.583779e+003,9.872322e-003
1.584261e+003,9.864409e-003
1.584743e+003,9.863149e-003
1.585226e+003,9.872279e-003
1.585708e+003,9.887967e-003
1.586190e+003,9.900625e-003
1.586672e+003,9.900753e-003
1.587154e+003,9.884769e-003
1.587636e+003,9.856609e-003
1.588118e+003,9.826827e-003
1.588600e+003,9.806532e-003
1.589083e+003,9.801123e-003
1.589565e+003,9.807570e-003
1.590047e+003,9.816370e-003
1.590529e+003,9.817260e-003
1.591011e+003,9.805213e-003
1.591493e+003,9.783899e-003
1.591975e+003,9.762201e-003
1.592458e+003,9.750603e-003
1.592939e+003,9.753392e-003
1.593422e+003,9.766679e-003
1.593904e+003,9.779973e-003
1.594386e+003,9.782074e-003
1.594868e+003,9.767131e-003
1.595350e+003,9.738775e-003
1.595832e+003,9.706916e-003
1.596314e+003,9.682762e-003
1.596797e+003,9.672433e-003
1.597279e+003,9.673530e-003
1.597761e+003,9.678543e-003
1.598243e+003,9.679047e-003
1.598725e+003,9.672191e-003
1.599207e+003,9.661298e-003
1.599689e+003,9.654916e-003
1.600171e+003,9.661211e-003
1.600654e+003,9.682837e-003
1.601136e+003,9.714643e-003
1.601618e+003,9.745552e-003
1.602100e+003,9.764637e-003
1.602582e+003,9.766605e-003
1.603064e+003,9.755539e-003
1.603546e+003,9.741553e-003
1.604028e+003,9.735050e-003
1.604510e+003,9.740833e-003
1.604993e+003,9.756002e-003
1.605475e+003,9.772149e-003
1.605957e+003,9.781022e-003
1.606439e+003,9.778828e-003
1.606921e+003,9.769508e-003
1.607403e+003,9.762770e-003
1.607885e+003,9.767966e-003
1.608367e+003,9.788948e-003
1.608850e+003,9.820480e-003
1.609332e+003,9.851382e-003
1.609814e+003,9.871265e-003
1.610296e+003,9.876385e-003
1.610778e+003,9.870900e-003
1.611260e+003,9.864324e-003
1.611742e+003,9.865434e-003
1.612225e+003,9.877053e-003
1.612707e+003,9.895722e-003
1.613189e+003,9.913266e-003
1.613671e+003,9.923385e-003
1.614153e+003,9.925104e-003
1.614635e+003,9.925790e-003
1.615117e+003,9.941508e-003
1.615599e+003,9.990901e-003
1.616082e+003,1.008155e-002
1.616564e+003,1.019879e-002
1.617046e+003,1.030730e-002
1.617528e+003,1.037640e-002
1.618010e+003,1.039957e-002
1.618492e+003,1.039152e-002
1.618974e+003,1.037381e-002
1.619456e+003,1.036378e-002
1.619938e+003,1.036970e-002
1.620421e+003,1.039186e-002
1.620903e+003,1.042645e-002
1.621385e+003,1.046816e-002
1.621867e+003,1.051447e-002
1.622349e+003,1.056785e-002
1.622831e+003,1.063360e-002
1.623313e+003,1.071234e-002
1.623796e+003,1.079626e-002
1.624278e+003,1.087030e-002
1.624760e+003,1.092153e-002
1.625242e+003,1.094550e-002
1.625724e+003,1.094858e-002
1.626206e+003,1.094553e-002
1.626688e+003,1.095441e-002
1.627170e+003,1.099052e-002
1.627653e+003,1.105797e-002
1.628135e+003,1.114657e-002
1.628617e+003,1.123649e-002
1.629099e+003,1.130920e-002
1.629581e+003,1.135688e-002
1.630063e+003,1.138422e-002
1.630545e+003,1.140203e-002
1.631027e+003,1.142062e-002
1.631510e+003,1.144470e-002
1.631992e+003,1.147276e-002
1.632474e+003,1.149797e-002
1.632956e+003,1.151484e-002
1.633438e+003,1.152330e-002
1.633920e+003,1.153375e-002
1.634402e+003,1.156836e-002
1.634885e+003,1.165382e-002
1.635366e+003,1.179988e-002
1.635849e+003,1.197687e-002
1.636331e+003,1.212758e-002
1.636813e+003,1.221264e-002
1.637295e+003,1.223555e-002
1.637777e+003,1.222624e-002
1.638259e+003,1.221565e-002
1.638741e+003,1.222421e-002
1.639224e+003,1.225842e-002
1.639706e+003,1.231310e-002
1.640188e+003,1.237677e-002
1.640670e+003,1.243700e-002
1.641152e+003,1.248692e-002
1.641634e+003,1.252756e-002
1.642116e+003,1.256574e-002
1.642598e+003,1.260976e-002
1.643081e+003,1.266367e-002
1.643563e+003,1.272614e-002
1.644045e+003,1.279138e-002
1.644527e+003,1.285349e-002
1.645009e+003,1.291187e-002
1.645491e+003,1.297584e-002
1.645973e+003,1.306189e-002
1.646455e+003,1.318040e-002
1.646938e+003,1.331523e-002
1.647420e+003,1.342419e-002
1.647902e+003,1.346951e-002
1.648384e+003,1.344418e-002
1.648866e+003,1.336561e-002
1.649348e+003,1.326006e-002
1.649830e+003,1.315001e-002
1.650313e+003,1.305233e-002
1.650794e+003,1.297789e-002
1.651277e+003,1.293254e-002
1.651759e+003,1.291832e-002
1.652241e+003,1.293184e-002
1.652723e+003,1.296210e-002
1.653205e+003,1.298981e-002
1.653687e+003,1.299817e-002
1.654169e+003,1.298321e-002
1.654652e+003,1.294496e-002
1.655134e+003,1.288234e-002
1.655616e+003,1.279451e-002
1.656098e+003,1.268418e-002
1.656580e+003,1.255872e-002
1.657062e+003,1.242880e-002
1.657544e+003,1.230676e-002
1.658026e+003,1.220081e-002
1.658509e+003,1.211315e-002
1.658991e+003,1.203886e-002
1.659473e+003,1.196783e-002
1.659955e+003,1.189124e-002
1.660437e+003,1.180498e-002
1.660919e+003,1.171331e-002
1.661401e+003,1.162742e-002
1.661883e+003,1.155990e-002
1.662365e+003,1.151568e-002
1.662848e+003,1.148655e-002
1.663330e+003,1.145617e-002
1.663812e+003,1.141004e-002
1.664294e+003,1.134590e-002
1.664776e+003,1.127169e-002
1.665258e+003,1.119953e-002
1.665740e+003,1.113943e-002
1.666222e+003,1.109590e-002
1.666705e+003,1.106759e-002
1.667187e+003,1.104696e-002
1.667669e+003,1.102647e-002
1.668151e+003,1.100098e-002
1.668633e+003,1.097408e-002
1.669115e+003,1.095591e-002
1.669597e+003,1.095464e-002
1.670080e+003,1.096466e-002
1.670562e+003,1.096709e-002
1.671044e+003,1.094254e-002
1.671526e+003,1.088335e-002
1.672008e+003,1.079595e-002
1.672490e+003,1.069710e-002
1.672972e+003,1.060821e-002
1.673454e+003,1.054809e-002
1.673937e+003,1.052822e-002
1.674419e+003,1.054690e-002
1.674901e+003,1.058474e-002
1.675383e+003,1.061392e-002
1.675865e+003,1.061557e-002
1.676347e+003,1.058965e-002
1.676829e+003,1.055183e-002
1.677311e+003,1.051821e-002
1.677793e+003,1.049760e-002
1.678276e+003,1.048905e-002
1.678758e+003,1.048428e-002
1.679240e+003,1.047284e-002
1.679722e+003,1.044660e-002
1.680204e+003,1.040583e-002
1.680686e+003,1.035838e-002
1.681168e+003,1.031643e-002
1.681650e+003,1.029029e-002
1.682133e+003,1.028419e-002
1.682615e+003,1.029540e-002
1.683097e+003,1.031469e-002
1.683579e+003,1.032959e-002
1.684061e+003,1.033215e-002
1.684543e+003,1.032639e-002
1.685025e+003,1.032022e-002
1.685508e+003,1.031343e-002
1.685990e+003,1.029950e-002
1.686472e+003,1.027128e-002
1.686954e+003,1.022666e-002
1.687436e+003,1.016966e-002
1.687918e+003,1.011092e-002
1.688400e+003,1.006418e-002
1.688882e+003,1.004152e-002
1.689365e+003,1.004587e-002
1.689847e+003,1.006905e-002
1.690329e+003,1.009606e-002
1.690811e+003,1.011246e-002
1.691293e+003,1.011330e-002
1.691775e+003,1.010220e-002
1.692257e+003,1.008967e-002
1.692739e+003,1.008703e-002
1.693221e+003,1.010299e-002
1.693704e+003,1.014279e-002
1.694186e+003,1.020680e-002
1.694668e+003,1.029199e-002
1.695150e+003,1.039078e-002
1.695632e+003,1.049169e-002
1.696114e+003,1.058316e-002
1.696596e+003,1.065574e-002
1.697078e+003,1.070453e-002
1.697561e+003,1.072766e-002
1.698043e+003,1.072573e-002
1.698525e+003,1.070520e-002
1.699007e+003,1.068145e-002
1.699489e+003,1.068094e-002
1.699971e+003,1.073077e-002
1.700453e+003,1.083026e-002
1.700936e+003,1.094298e-002
1.701417e+003,1.102636e-002
1.701900e+003,1.106131e-002
1.702382e+003,1.105425e-002
1.702864e+003,1.102468e-002
1.703346e+003,1.099767e-002
1.703828e+003,1.099797e-002
1.704310e+003,1.104430e-002
1.704792e+003,1.114003e-002
1.705275e+003,1.126605e-002
1.705757e+003,1.138735e-002
1.706239e+003,1.147410e-002
1.706721e+003,1.151847e-002
1.707203e+003,1.153586e-002
1.707685e+003,1.154974e-002
1.708167e+003,1.157871e-002
1.708649e+003,1.162878e-002
1.709132e+003,1.169425e-002
1.709614e+003,1.176316e-002
1.710096e+003,1.182548e-002
1.710578e+003,1.187944e-002
1.711060e+003,1.193412e-002
1.711542e+003,1.200393e-002
1.712024e+003,1.210342e-002
1.712506e+003,1.223862e-002
1.712989e+003,1.240491e-002
1.713471e+003,1.258767e-002
1.713953e+003,1.276896e-002
1.714435e+003,1.293640e-002
1.714917e+003,1.309350e-002
1.715399e+003,1.326125e-002
1.715881e+003,1.347168e-002
1.716364e+003,1.375075e-002
1.716845e+003,1.410017e-002
1.717328e+003,1.448672e-002
1.717810e+003,1.485817e-002
1.718292e+003,1.517580e-002
1.718774e+003,1.543624e-002
1.719256e+003,1.566032e-002
1.719738e+003,1.587084e-002
1.720220e+003,1.608224e-002
1.720703e+003,1.630058e-002
1.721185e+003,1.652877e-002
1.721667e+003,1.677237e-002
1.722149e+003,1.704211e-002
1.722631e+003,1.735188e-002
1.723113e+003,1.771391e-002
1.723595e+003,1.812955e-002
1.724077e+003,1.858611e-002
1.724560e+003,1.906242e-002
1.725042e+003,1.953847e-002
1.725524e+003,2.000692e-002
1.726006e+003,2.047720e-002
1.726488e+003,2.097409e-002
1.726970e+003,2.153070e-002
1.727452e+003,2.217963e-002
1.727934e+003,2.294358e-002
1.728417e+003,2.382841e-002
1.728899e+003,2.481849e-002
1.729381e+003,2.587867e-002
1.729863e+003,2.696498e-002
1.730345e+003,2.804001e-002
1.730827e+003,2.909054e-002
1.731309e+003,3.014097e-002
1.731792e+003,3.126441e-002
1.732273e+003,3.259762e-002
1.732756e+003,3.434104e-002
1.733238e+003,3.670334e-002
1.733720e+003,3.973417e-002
1.734202e+003,4.314812e-002
1.734684e+003,4.642937e-002
1.735166e+003,4.920504e-002
1.735648e+003,5.143432e-002
1.736131e+003,5.329071e-002
1.736613e+003,5.499882e-002
1.737095e+003,5.676473e-002
1.737577e+003,5.876293e-002
1.738059e+003,6.112896e-002
1.738541e+003,6.392585e-002
1.739023e+003,6.709503e-002
1.739505e+003,7.044015e-002
1.739988e+003,7.370243e-002
1.740470e+003,7.668702e-002
1.740952e+003,7.934117e-002
1.741434e+003,8.172818e-002
1.741916e+003,8.395221e-002
1.742398e+003,8.609080e-002
1.742880e+003,8.816140e-002
1.743362e+003,9.012177e-002
1.743844e+003,9.189675e-002
1.744327e+003,9.341564e-002
1.744809e+003,9.463758e-002
1.745291e+003,9.555031e-002
1.745773e+003,9.615223e-002
1.746255e+003,9.643546e-002
1.746737e+003,9.637908e-002
1.747219e+003,9.595795e-002
1.747702e+003,9.515945e-002
1.748184e+003,9.398975e-002
1.748666e+003,9.246442e-002
1.749148e+003,9.058323e-002
1.749630e+003,8.831956e-002
1.750112e+003,8.564227e-002
1.750594e+003,8.256894e-002
1.751076e+003,7.921319e-002
1.751559e+003,7.577186e-002
1.752041e+003,7.244984e-002
1.752523e+003,6.937692e-002
1.753005e+003,6.657635e-002
1.753487e+003,6.398470e-002
1.753969e+003,6.149137e-002
1.754451e+003,5.897274e-002
1.754933e+003,5.631814e-002
1.755416e+003,5.345830e-002
1.755898e+003,5.039547e-002
1.756380e+003,4.722252e-002
1.756862e+003,4.410116e-002
1.757344e+003,4.119721e-002
1.757826e+003,3.861122e-002
1.758308e+003,3.635577e-002
1.758791e+003,3.437621e-002
1.759272e+003,3.258941e-002
1.759755e+003,3.090922e-002
1.760237e+003,2.926341e-002
1.760719e+003,2.760333e-002
1.761201e+003,2.591935e-002
1.761683e+003,2.425046e-002
1.762165e+003,2.267393e-002
1.762647e+003,2.126894e-002
1.763130e+003,2.008020e-002
1.763612e+003,1.910390e-002
1.764094e+003,1.830052e-002
1.764576e+003,1.761642e-002
1.765058e+003,1.700085e-002
1.765540e+003,1.641568e-002
1.766022e+003,1.583930e-002
1.766504e+003,1.526825e-002
1.766987e+003,1.471527e-002
1.767469e+003,1.420022e-002
1.767951e+003,1.373908e-002
1.768433e+003,1.333449e-002
1.768915e+003,1.297490e-002
1.769397e+003,1.264269e-002
1.769879e+003,1.232344e-002
1.770361e+003,1.201053e-002
1.770844e+003,1.170603e-002
1.771326e+003,1.141722e-002
1.771808e+003,1.115045e-002
1.772290e+003,1.090466e-002
1.772772e+003,1.067358e-002
1.773254e+003,1.045246e-002
1.773736e+003,1.024301e-002
1.774219e+003,1.005196e-002
1.774700e+003,9.886175e-003
1.775183e+003,9.748148e-003
1.775665e+003,9.633784e-003
1.776147e+003,9.533791e-003
1.776629e+003,9.436973e-003
1.777111e+003,9.336479e-003
1.777593e+003,9.232010e-003
1.778075e+003,9.129047e-003
1.778558e+003,9.036118e-003
1.779040e+003,8.959666e-003
1.779522e+003,8.900060e-003
1.780004e+003,8.849853e-003
1.780486e+003,8.797230e-003
1.780968e+003,8.733903e-003
1.781450e+003,8.658007e-003
1.781932e+003,8.575931e-003
1.782415e+003,8.496086e-003
1.782897e+003,8.424445e-003
1.783379e+003,8.361613e-003
1.783861e+003,8.302394e-003
1.784343e+003,8.239145e-003
1.784825e+003,8.167499e-003
1.785307e+003,8.087988e-003
1.785789e+003,8.006650e-003
1.786271e+003,7.931014e-003
1.786754e+003,7.865093e-003
1.787236e+003,7.808054e-003
1.787718e+003,7.755234e-003
1.788200e+003,7.700476e-003
1.788682e+003,7.640841e-003
1.789164e+003,7.577408e-003
1.789646e+003,7.515144e-003
1.790128e+003,7.461890e-003
1.790611e+003,7.422389e-003
1.791093e+003,7.396407e-003
1.791575e+003,7.376465e-003
1.792057e+003,7.351116e-003
1.792539e+003,7.313343e-003
1.793021e+003,7.265176e-003
1.793503e+003,7.214885e-003
1.793986e+003,7.170330e-003
1.794468e+003,7.134514e-003
1.794950e+003,7.104560e-003
1.795432e+003,7.074230e-003
1.795914e+003,7.036679e-003
1.796396e+003,6.989018e-003
1.796878e+003,6.933347e-003
1.797360e+003,6.874823e-003
1.797843e+003,6.820780e-003
1.798325e+003,6.775366e-003
1.798807e+003,6.740147e-003
1.799289e+003,6.712188e-003
1.799771e+003,6.687822e-003
1.800253e+003,6.663985e-003
1.800735e+003,6.640076e-003
1.801217e+003,6.617115e-003
1.801699e+003,6.594745e-003
1.802182e+003,6.570375e-003
1.802664e+003,6.539366e-003
1.803146e+003,6.497860e-003
1.803628e+003,6.445124e-003
1.804110e+003,6.384951e-003
1.804592e+003,6.324810e-003
1.805074e+003,6.272236e-003
1.805556e+003,6.232966e-003
1.806039e+003,6.207245e-003
1.806521e+003,6.191346e-003
1.807003e+003,6.178877e-003
1.807485e+003,6.164469e-003
1.807967e+003,6.146008e-003
1.808449e+003,6.125664e-003
1.808931e+003,6.106458e-003
1.809414e+003,6.089717e-003
1.809896e+003,6.072605e-003
1.810378e+003,6.048290e-003
1.810860e+003,6.008363e-003
1.811342e+003,5.948579e-003
1.811824e+003,5.871472e-003
1.812306e+003,5.785982e-003
1.812788e+003,5.701362e-003
1.813271e+003,5.624572e-003
1.813753e+003,5.556644e-003
1.814235e+003,5.495104e-003
1.814717e+003,5.436199e-003
1.815199e+003,5.379386e-003
1.815681e+003,5.329632e-003
1.816163e+003,5.296453e-003
1.816645e+003,5.288952e-003
1.817127e+003,5.311934e-003
1.817610e+003,5.361426e-003
1.818092e+003,5.427020e-003
1.818574e+003,5.495687e-003
1.819056e+003,5.555837e-003
1.819538e+003,5.603028e-003
1.820020e+003,5.638706e-003
1.820502e+003,5.666628e-003
1.820984e+003,5.690006e-003
1.821467e+003,5.708047e-003
1.821949e+003,5.717524e-003
1.822431e+003,5.713805e-003
1.822913e+003,5.694937e-003
1.823395e+003,5.664496e-003
1.823877e+003,5.630327e-003
1.824359e+003,5.601559e-003
1.824842e+003,5.582883e-003
1.825323e+003,5.571082e-003
1.825806e+003,5.556165e-003
1.826288e+003,5.528992e-003
1.826770e+003,5.485714e-003
1.827252e+003,5.431138e-003
1.827734e+003,5.376962e-003
1.828216e+003,5.336910e-003
1.828698e+003,5.321115e-003
1.829181e+003,5.329474e-003
1.829663e+003,5.350165e-003
1.830145e+003,5.363357e-003
1.830627e+003,5.354389e-003
1.831109e+003,5.321960e-003
1.831591e+003,5.276381e-003
1.832073e+003,5.231267e-003
1.832555e+003,5.196400e-003
1.833038e+003,5.174599e-003
1.833520e+003,5.162507e-003
1.834002e+003,5.153834e-003
1.834484e+003,5.141607e-003
1.834966e+003,5.123928e-003
1.835448e+003,5.103239e-003
1.835930e+003,5.084192e-003
1.836412e+003,5.069545e-003
1.836895e+003,5.058442e-003
1.837377e+003,5.046230e-003
1.837859e+003,5.026841e-003
1.838341e+003,4.997818e-003
1.838823e+003,4.962896e-003
1.839305e+003,4.930163e-003
1.839787e+003,4.907534e-003
1.840270e+003,4.900477e-003
1.840751e+003,4.907959e-003
1.841234e+003,4.924897e-003
1.841716e+003,4.943563e-003
1.842198e+003,4.957448e-003
1.842680e+003,4.964644e-003
1.843162e+003,4.968032e-003
1.843644e+003,4.972343e-003
1.844126e+003,4.978931e-003
1.844609e+003,4.983246e-003
1.845091e+003,4.977290e-003
1.845573e+003,4.954901e-003
1.846055e+003,4.917175e-003
1.846537e+003,4.872907e-003
1.847019e+003,4.833049e-003
1.847501e+003,4.806415e-003
1.847983e+003,4.796149e-003
1.848466e+003,4.797278e-003
1.848948e+003,4.800501e-003
1.849430e+003,4.796142e-003
1.849912e+003,4.780868e-003
1.850394e+003,4.759293e-003
1.850876e+003,4.741163e-003
1.851358e+003,4.736783e-003
1.851840e+003,4.750977e-003
1.852323e+003,4.780367e-003
1.852805e+003,4.815146e-003
1.853287e+003,4.842593e-003
1.853769e+003,4.853307e-003
1.854251e+003,4.845483e-003
1.854733e+003,4.824301e-003
1.855215e+003,4.797481e-003
1.855698e+003,4.771759e-003
1.856179e+003,4.747634e-003
1.856662e+003,4.722691e-003
1.857144e+003,4.693217e-003
1.857626e+003,4.658962e-003
1.858108e+003,4.625061e-003
1.858590e+003,4.599753e-003
1.859072e+003,4.589609e-003
1.859554e+003,4.595261e-003
1.860037e+003,4.608663e-003
1.860519e+003,4.618165e-003
1.861001e+003,4.611921e-003
1.861483e+003,4.585635e-003
1.861965e+003,4.543455e-003
1.862447e+003,4.497469e-003
1.862929e+003,4.460399e-003
1.863411e+003,4.439886e-003
1.863894e+003,4.435260e-003
1.864376e+003,4.440072e-003
1.864858e+003,4.444823e-003
1.865340e+003,4.443362e-003
1.865822e+003,4.436740e-003
1.866304e+003,4.430985e-003
1.866786e+003,4.433497e-003
1.867268e+003,4.446837e-003
1.867750e+003,4.463665e-003
1.868233e+003,4.469610e-003
1.868715e+003,4.450094e-003
1.869197e+003,4.402482e-003
1.869679e+003,4.339715e-003
1.870161e+003,4.282961e-003
1.870643e+003,4.248985e-003
1.871125e+003,4.243599e-003
1.871608e+003,4.260588e-003
1.872090e+003,4.286692e-003
1.872572e+003,4.307194e-003
1.873054e+003,4.312295e-003
1.873536e+003,4.299925e-003
1.874018e+003,4.275189e-003
1.874500e+003,4.246819e-003
1.874982e+003,4.222182e-003
1.875465e+003,4.203029e-003
1.875947e+003,4.187679e-003
1.876429e+003,4.171818e-003
1.876911e+003,4.154451e-003
1.877393e+003,4.138574e-003
1.877875e+003,4.130319e-003
1.878357e+003,4.133381e-003
1.878839e+003,4.146518e-003
1.879322e+003,4.161727e-003
1.879804e+003,4.169744e-003
1.880286e+003,4.162860e-003
1.880768e+003,4.141818e-003
1.881250e+003,4.116065e-003
1.881732e+003,4.099386e-003
1.882214e+003,4.103571e-003
1.882697e+003,4.131267e-003
1.883178e+003,4.175725e-003
1.883661e+003,4.222652e-003
1.884143e+003,4.257935e-003
1.884625e+003,4.273713e-003
1.885107e+003,4.272670e-003
1.885589e+003,4.266353e-003
1.886071e+003,4.266124e-003
1.886553e+003,4.280410e-003
1.887036e+003,4.309349e-003
1.887518e+003,4.349179e-003
1.888000e+003,4.394314e-003
1.888482e+003,4.442933e-003
1.888964e+003,4.499636e-003
1.889446e+003,4.571354e-003
1.889928e+003,4.658921e-003
1.890410e+003,4.754479e-003
1.890893e+003,4.841399e-003
1.891375e+003,4.902964e-003
1.891857e+003,4.928682e-003
1.892339e+003,4.920035e-003
1.892821e+003,4.889994e-003
1.893303e+003,4.859687e-003
1.893785e+003,4.848490e-003
1.894267e+003,4.867150e-003
1.894750e+003,4.911776e-003
1.895232e+003,4.967735e-003
1.895714e+003,5.014752e-003
1.896196e+003,5.040238e-003
1.896678e+003,5.042910e-003
1.897160e+003,5.031606e-003
1.897642e+003,5.017385e-003
1.898125e+003,5.008157e-003
1.898606e+003,5.004113e-003
1.899089e+003,5.000446e-003
1.899571e+003,4.990760e-003
1.900053e+003,4.973912e-003
1.900535e+003,4.955219e-003
1.901017e+003,4.944308e-003
1.901499e+003,4.946514e-003
1.901981e+003,4.959813e-003
1.902464e+003,4.972739e-003
1.902946e+003,4.970257e-003
1.903428e+003,4.940426e-003
1.903910e+003,4.882089e-003
1.904392e+003,4.806462e-003
1.904874e+003,4.730867e-003
1.905356e+003,4.670731e-003
1.905838e+003,4.629873e-003
1.906321e+003,4.598905e-003
1.906803e+003,4.561950e-003
1.907285e+003,4.502992e-003
1.907767e+003,4.418079e-003
1.908249e+003,4.320166e-003
1.908731e+003,4.234164e-003
1.909213e+003,4.182334e-003
1.909695e+003,4.176966e-003
1.910177e+003,4.208619e-003
1.910660e+003,4.256514e-003
1.911142e+003,4.295969e-003
1.911624e+003,4.312079e-003
1.912106e+003,4.304824e-003
1.912588e+003,4.285716e-003
1.913070e+003,4.267364e-003
1.913552e+003,4.257032e-003
1.914034e+003,4.249881e-003
1.914517e+003,4.234310e-003
1.914999e+003,4.195964e-003
1.915481e+003,4.129854e-003
1.915963e+003,4.041770e-003
1.916445e+003,3.951418e-003
1.916927e+003,3.878769e-003
1.917409e+003,3.839151e-003
1.917892e+003,3.829328e-003
1.918374e+003,3.835079e-003
1.918856e+003,3.836107e-003
1.919338e+003,3.820907e-003
1.919820e+003,3.791577e-003
1.920302e+003,3.758654e-003
1.920784e+003,3.730893e-003
1.921266e+003,3.709705e-003
1.921749e+003,3.684222e-003
1.922231e+003,3.637423e-003
1.922713e+003,3.554007e-003
1.923195e+003,3.433700e-003
1.923677e+003,3.293065e-003
1.924159e+003,3.159423e-003
1.924641e+003,3.052488e-003
1.925123e+003,2.977904e-003
1.925605e+003,2.923905e-003
1.926088e+003,2.871803e-003
1.926570e+003,2.803987e-003
1.927052e+003,2.717692e-003
1.927534e+003,2.628224e-003
1.928016e+003,2.562173e-003
1.928498e+003,2.542304e-003
1.928980e+003,2.577880e-003
1.929462e+003,2.656571e-003
1.929945e+003,2.752952e-003
1.930427e+003,2.837069e-003
1.930909e+003,2.892025e-003
1.931391e+003,2.919269e-003
1.931873e+003,2.937276e-003
1.932355e+003,2.965509e-003
1.932837e+003,3.015545e-003
1.933320e+003,3.079431e-003
1.933802e+003,3.137438e-003
1.934284e+003,3.163888e-003
1.934766e+003,3.145179e-003
1.935248e+003,3.085142e-003
1.935730e+003,3.006283e-003
1.936212e+003,2.933187e-003
1.936694e+003,2.882854e-003
1.937177e+003,2.854267e-003
1.937659e+003,2.832752e-003
1.938141e+003,2.797117e-003
1.938623e+003,2.734527e-003
1.939105e+003,2.647353e-003
1.939587e+003,2.552861e-003
1.940069e+003,2.471613e-003
1.940551e+003,2.419414e-003
1.941033e+003,2.396150e-003
1.941516e+003,2.393456e-003
1.941998e+003,2.394243e-003
1.942480e+003,2.389416e-003
1.942962e+003,2.385103e-003
1.943444e+003,2.395962e-003
1.943926e+003,2.431244e-003
1.944408e+003,2.490775e-003
1.944890e+003,2.556221e-003
1.945373e+003,2.609290e-003
1.945855e+003,2.633867e-003
1.946337e+003,2.631285e-003
1.946819e+003,2.619707e-003
1.947301e+003,2.626440e-003
1.947783e+003,2.664963e-003
1.948265e+003,2.728893e-003
1.948748e+003,2.785279e-003
1.949229e+003,2.792189e-003
1.949712e+003,2.712448e-003
1.950194e+003,2.538109e-003
1.950676e+003,2.293399e-003
1.951158e+003,2.033669e-003
1.951640e+003,1.813030e-003
1.952122e+003,1.667840e-003
1.952604e+003,1.598762e-003
1.953087e+003,1.578993e-003
1.953569e+003,1.566608e-003
1.954051e+003,1.527817e-003
1.954533e+003,1.451770e-003
1.955015e+003,1.350649e-003
1.955497e+003,1.245596e-003
1.955979e+003,1.155821e-003
1.956461e+003,1.086716e-003
1.956944e+003,1.034981e-003
1.957426e+003,9.928332e-004
1.957908e+003,9.666438e-004
1.958390e+003,9.737029e-004
1.958872e+003,1.034636e-003
1.959354e+003,1.152549e-003
1.959836e+003,1.307997e-003
1.960318e+003,1.452294e-003
1.960801e+003,1.535958e-003
1.961283e+003,1.520711e-003
1.961765e+003,1.405054e-003
1.962247e+003,1.227693e-003
1.962729e+003,1.049956e-003
1.963211e+003,9.236120e-004
1.963693e+003,8.711457e-004
1.964176e+003,8.734444e-004
1.964657e+003,8.937294e-004
1.965140e+003,8.920585e-004
1.965622e+003,8.583756e-004
1.966104e+003,8.150266e-004
1.966586e+003,8.080519e-004
1.967068e+003,8.729692e-004
1.967550e+003,1.010304e-003
1.968032e+003,1.175350e-003
1.968515e+003,1.308890e-003
1.968997e+003,1.356911e-003
1.969479e+003,1.306786e-003
1.969961e+003,1.188920e-003
1.970443e+003,1.065130e-003
1.970925e+003,9.892848e-004
1.971407e+003,9.925350e-004
1.971889e+003,1.055118e-003
1.972372e+003,1.141949e-003
1.972854e+003,1.203038e-003
1.973336e+003,1.223041e-003
1.973818e+003,1.221506e-003
1.974300e+003,1.248860e-003
1.974782e+003,1.352181e-003
1.975264e+003,1.564598e-003
1.975746e+003,1.881874e-003
1.976229e+003,2.289037e-003
1.976711e+003,2.763150e-003
1.977193e+003,3.298389e-003
1.977675e+003,3.895241e-003
1.978157e+003,4.545377e-003
1.978639e+003,5.200014e-003
1.979121e+003,5.785352e-003
1.979604e+003,6.205196e-003
1.980085e+003,6.389778e-003
1.980568e+003,6.303474e-003
1.981050e+003,5.971879e-003
1.981532e+003,5.477757e-003
1.982014e+003,4.935262e-003
1.982496e+003,4.445668e-003
1.982978e+003,4.074208e-003
1.983460e+003,3.829067e-003
1.983943e+003,3.684681e-003
1.984425e+003,3.596831e-003
1.984907e+003,3.537806e-003
1.985389e+003,3.498241e-003
1.985871e+003,3.486406e-003
1.986353e+003,3.500601e-003
1.986835e+003,3.528684e-003
1.987317e+003,3.535822e-003
1.987800e+003,3.492767e-003
1.988282e+003,3.381635e-003
1.988764e+003,3.219929e-003
1.989246e+003,3.055199e-003
1.989728e+003,2.944067e-003
1.990210e+003,2.918248e-003
1.990692e+003,2.973425e-003
1.991174e+003,3.060014e-003
1.991656e+003,3.118903e-003
1.992139e+003,3.100248e-003
1.992621e+003,3.004131e-003
1.993103e+003,2.879685e-003
1.993585e+003,2.798336e-003
1.994067e+003,2.811673e-003
1.994549e+003,2.929451e-003
1.995031e+003,3.109128e-003
1.995514e+003,3.285612e-003
1.995996e+003,3.390306e-003
1.996478e+003,3.387805e-003
1.996960e+003,3.284539e-003
1.997442e+003,3.129424e-003
1.997924e+003,2.978581e-003
1.998406e+003,2.875255e-003
1.998888e+003,2.824916e-003
1.999371e+003,2.808317e-003
1.999853e+003,2.789052e-003
2.000335e+003,2.741984e-003
2.000817e+003,2.666035e-003
2.001299e+003,2.577419e-003
2.001781e+003,2.492095e-003
2.002263e+003,2.413390e-003
2.002745e+003,2.323877e-003
2.003228e+003,2.204849e-003
2.003710e+003,2.042857e-003
2.004192e+003,1.861983e-003
2.004674e+003,1.715800e-003
2.005156e+003,1.674474e-003
2.005638e+003,1.780284e-003
2.006120e+003,2.031256e-003
2.006603e+003,2.363818e-003
2.007084e+003,2.691797e-003
2.007567e+003,2.929481e-003
2.008049e+003,3.038608e-003
2.008531e+003,3.043744e-003
2.009013e+003,3.017222e-003
2.009495e+003,3.029304e-003
2.009977e+003,3.124735e-003
2.010459e+003,3.293235e-003
2.010942e+003,3.487671e-003
2.011424e+003,3.645099e-003
2.011906e+003,3.725904e-003
2.012388e+003,3.726261e-003
2.012870e+003,3.683216e-003
2.013352e+003,3.642699e-003
2.013834e+003,3.639416e-003
2.014316e+003,3.678691e-003
2.014799e+003,3.745810e-003
2.015281e+003,3.810215e-003
2.015763e+003,3.859091e-003
2.016245e+003,3.893499e-003
2.016727e+003,3.932756e-003
2.017209e+003,3.979217e-003
2.017691e+003,4.019189e-003
2.018173e+003,4.012625e-003
2.018656e+003,3.923751e-003
2.019138e+003,3.733519e-003
2.019620e+003,3.468458e-003
2.020102e+003,3.194686e-003
2.020584e+003,2.993283e-003
2.021066e+003,2.918742e-003
2.021548e+003,2.978447e-003
2.022031e+003,3.120343e-003
2.022512e+003,3.274100e-003
2.022995e+003,3.368606e-003
2.023477e+003,3.380447e-003
2.023959e+003,3.333456e-003
2.024441e+003,3.288465e-003
2.024923e+003,3.297262e-003
2.025405e+003,3.382389e-003
2.025887e+003,3.508740e-003
2.026370e+003,3.623708e-003
2.026852e+003,3.667123e-003
2.027334e+003,3.616192e-003
2.027816e+003,3.494407e-003
2.028298e+003,3.360504e-003
2.028780e+003,3.272438e-003
2.029262e+003,3.259651e-003
2.029744e+003,3.309096e-003
2.030227e+003,3.387807e-003
2.030709e+003,3.458387e-003
2.031191e+003,3.518804e-003
2.031673e+003,3.602031e-003
2.032155e+003,3.761984e-003
2.032637e+003,4.033061e-003
2.033119e+003,4.409755e-003
2.033601e+003,4.835025e-003
2.034083e+003,5.229649e-003
2.034566e+003,5.514937e-003
2.035048e+003,5.655012e-003
2.035530e+003,5.661307e-003
2.036012e+003,5.585658e-003
2.036494e+003,5.483025e-003
2.036976e+003,5.389861e-003
2.037458e+003,5.303862e-003
2.037940e+003,5.206010e-003
2.038423e+003,5.072393e-003
2.038905e+003,4.904492e-003
2.039387e+003,4.732672e-003
2.039869e+003,4.610060e-003
2.040351e+003,4.568473e-003
2.040833e+003,4.619785e-003
2.041315e+003,4.729123e-003
2.041798e+003,4.850771e-003
2.042280e+003,4.939556e-003
2.042762e+003,4.980948e-003
2.043244e+003,4.994515e-003
2.043726e+003,5.021776e-003
2.044208e+003,5.090332e-003
2.044690e+003,5.205262e-003
2.045172e+003,5.335941e-003
2.045655e+003,5.443785e-003
2.046137e+003,5.500868e-003
2.046619e+003,5.519768e-003
2.047101e+003,5.553011e-003
2.047583e+003,5.676053e-003
2.048065e+003,5.942686e-003
2.048547e+003,6.356495e-003
2.049029e+003,6.850048e-003
2.049511e+003,7.316717e-003
2.049994e+003,7.636678e-003
2.050476e+003,7.728110e-003
2.050958e+003,7.573376e-003
2.051440e+003,7.217861e-003
2.051922e+003,6.748049e-003
2.052404e+003,6.263402e-003
2.052886e+003,5.842602e-003
2.053368e+003,5.532497e-003
2.053851e+003,5.342562e-003
2.054333e+003,5.254664e-003
2.054815e+003,5.238022e-003
2.055297e+003,5.260898e-003
2.055779e+003,5.292829e-003
2.056261e+003,5.315660e-003
2.056743e+003,5.315192e-003
2.057226e+003,5.289147e-003
2.057708e+003,5.236960e-003
2.058190e+003,5.168221e-003
2.058672e+003,5.094653e-003
2.059154e+003,5.031073e-003
2.059636e+003,4.984144e-003
2.060118e+003,4.952981e-003
2.060600e+003,4.928532e-003
2.061083e+003,4.901737e-003
2.061565e+003,4.864353e-003
2.062047e+003,4.817954e-003
2.062529e+003,4.771879e-003
2.063011e+003,4.737467e-003
2.063493e+003,4.718779e-003
2.063975e+003,4.714794e-003
2.064457e+003,4.713282e-003
2.064939e+003,4.707023e-003
2.065422e+003,4.693606e-003
2.065904e+003,4.681697e-003
2.066386e+003,4.687469e-003
2.066868e+003,4.726083e-003
2.067350e+003,4.798598e-003
2.067832e+003,4.890647e-003
2.068314e+003,4.977096e-003
2.068796e+003,5.035055e-003
2.069279e+003,5.051397e-003
2.069761e+003,5.032713e-003
2.070243e+003,5.002636e-003
2.070725e+003,4.990763e-003
2.071207e+003,5.014076e-003
2.071689e+003,5.072676e-003
2.072171e+003,5.144426e-003
2.072654e+003,5.199774e-003
2.073135e+003,5.213214e-003
2.073618e+003,5.175727e-003
2.074100e+003,5.100902e-003
2.074582e+003,5.018997e-003
2.075064e+003,4.960360e-003
2.075546e+003,4.946300e-003
2.076028e+003,4.979059e-003
2.076510e+003,5.049678e-003
2.076993e+003,5.139300e-003
2.077475e+003,5.233886e-003
2.077957e+003,5.327765e-003
2.078439e+003,5.423912e-003
2.078921e+003,5.524203e-003
2.079403e+003,5.629058e-003
2.079885e+003,5.729878e-003
2.080367e+003,5.816050e-003
2.080850e+003,5.875274e-003
2.081332e+003,5.901207e-003
2.081814e+003,5.894589e-003
2.082296e+003,5.861649e-003
2.082778e+003,5.806398e-003
2.083260e+003,5.731674e-003
2.083742e+003,5.635106e-003
2.084224e+003,5.519188e-003
2.084707e+003,5.389889e-003
2.085189e+003,5.262772e-003
2.085671e+003,5.158758e-003
2.086153e+003,5.098290e-003
2.086635e+003,5.088344e-003
2.087117e+003,5.122275e-003
2.087599e+003,5.176398e-003
2.088082e+003,5.223589e-003
2.088563e+003,5.238367e-003
2.089046e+003,5.208666e-003
2.089528e+003,5.137870e-003
2.090010e+003,5.038217e-003
2.090492e+003,4.922371e-003
2.090974e+003,4.798129e-003
2.091456e+003,4.664582e-003
2.091938e+003,4.520335e-003
2.092421e+003,4.367126e-003
2.092903e+003,4.219934e-003
2.093385e+003,4.105097e-003
2.093867e+003,4.051754e-003
2.094349e+003,4.078408e-003
2.094831e+003,4.186307e-003
2.095313e+003,4.352794e-003
2.095795e+003,4.543744e-003
2.096278e+003,4.723090e-003
2.096760e+003,4.869166e-003
2.097242e+003,4.980536e-003
2.097724e+003,5.071630e-003
2.098206e+003,5.163333e-003
2.098688e+003,5.270895e-003
2.099170e+003,5.394539e-003
2.099652e+003,5.524135e-003
2.100135e+003,5.638615e-003
2.100617e+003,5.719681e-003
2.101099e+003,5.758265e-003
2.101581e+003,5.755802e-003
2.102063e+003,5.718573e-003
2.102545e+003,5.658826e-003
2.103027e+003,5.584965e-003
2.103510e+003,5.505534e-003
2.103991e+003,5.426705e-003
2.104474e+003,5.356824e-003
2.104956e+003,5.305717e-003
2.105438e+003,5.281251e-003
2.105920e+003,5.284145e-003
2.106402e+003,5.307117e-003
2.106884e+003,5.334591e-003
2.107366e+003,5.351826e-003
2.107849e+003,5.348554e-003
2.108331e+003,5.326098e-003
2.108813e+003,5.294636e-003
2.109295e+003,5.270821e-003
2.109777e+003,5.264786e-003
2.110259e+003,5.277873e-003
2.110741e+003,5.298774e-003
2.111223e+003,5.311524e-003
2.111706e+003,5.300281e-003
2.112188e+003,5.257849e-003
2.112670e+003,5.188860e-003
2.113152e+003,5.105550e-003
2.113634e+003,5.019323e-003
2.114116e+003,4.938346e-003
2.114598e+003,4.862200e-003
2.115080e+003,4.785602e-003
2.115563e+003,4.701647e-003
2.116045e+003,4.608361e-003
2.116527e+003,4.509121e-003
2.117009e+003,4.409846e-003
2.117491e+003,4.312934e-003
2.117973e+003,4.215916e-003
2.118455e+003,4.110615e-003
2.118938e+003,3.990612e-003
2.119420e+003,3.854489e-003
2.119902e+003,3.711555e-003
2.120384e+003,3.580639e-003
2.120866e+003,3.482905e-003
2.121348e+003,3.429088e-003
2.121830e+003,3.414837e-003
2.122312e+003,3.419706e-003
2.122794e+003,3.413706e-003
2.123277e+003,3.367312e-003
2.123759e+003,3.264192e-003
2.124241e+003,3.105596e-003
2.124723e+003,2.908253e-003
2.125205e+003,2.694337e-003
2.125687e+003,2.484540e-003
2.126169e+003,2.288043e-003
2.126651e+003,2.109156e-003
2.127134e+003,1.942369e-003
2.127616e+003,1.783802e-003
2.128098e+003,1.632182e-003
2.128580e+003,1.487513e-003
2.129062e+003,1.344708e-003
2.129544e+003,1.195148e-003
2.130026e+003,1.026326e-003
2.130509e+003,8.306799e-004
2.130990e+003,6.103278e-004
2.131473e+003,3.859716e-004
2.131955e+003,1.926561e-004
2.132437e+003,7.094159e-005
2.132919e+003,4.600875e-005
2.133401e+003,1.205312e-004
2.133883e+003,2.683612e-004
2.134365e+003,4.475543e-004
2.134848e+003,6.106538e-004
2.135330e+003,7.276169e-004
2.135812e+003,7.913121e-004
2.136294e+003,8.164992e-004
2.136776e+003,8.221398e-004
2.137258e+003,8.229633e-004
2.137740e+003,8.162722e-004
2.138222e+003,7.914962e-004
2.138705e+003,7.321711e-004
2.139187e+003,6.347335e-004
2.139669e+003,5.117255e-004
2.140151e+003,3.879687e-004
2.140633e+003,2.866635e-004
2.141115e+003,2.195970e-004
2.141597e+003,1.781970e-004
2.142079e+003,1.429561e-004
2.142562e+003,8.888588e-005
2.143044e+003,5.041559e-006
2.143526e+003,-1.041149e-004
2.144008e+003,-2.167877e-004
2.144490e+003,-3.133736e-004
2.144972e+003,-3.789477e-004
2.145454e+003,-4.156273e-004
2.145937e+003,-4.319961e-004
2.146418e+003,-4.449597e-004
2.146901e+003,-4.595643e-004
2.147383e+003,-4.736062e-004
2.147865e+003,-4.794741e-004
2.148347e+003,-4.834949e-004
2.148829e+003,-5.029593e-004
2.149311e+003,-5.709014e-004
2.149793e+003,-7.159566e-004
2.150276e+003,-9.542262e-004
2.150758e+003,-1.270615e-003
2.151240e+003,-1.623613e-003
2.151722e+003,-1.958423e-003
2.152204e+003,-2.236636e-003
2.152686e+003,-2.446457e-003
2.153168e+003,-2.618761e-003
2.153650e+003,-2.801072e-003
2.154133e+003,-3.040416e-003
2.154615e+003,-3.354572e-003
2.155097e+003,-3.710373e-003
2.155579e+003,-4.033983e-003
2.156061e+003,-4.232113e-003
2.156543e+003,-4.206241e-003
2.157025e+003,-3.889298e-003
2.157507e+003,-3.229355e-003
2.157990e+003,-2.221891e-003
2.158472e+003,-8.911307e-004
2.158954e+003,6.866282e-004
2.159436e+003,2.379936e-003
2.159918e+003,4.011367e-003
2.160400e+003,5.409973e-003
2.160882e+003,6.450109e-003
2.161365e+003,7.085669e-003
2.161846e+003,7.335848e-003
2.162329e+003,7.284267e-003
2.162811e+003,7.048460e-003
2.163293e+003,6.752466e-003
2.163775e+003,6.487402e-003
2.164257e+003,6.304665e-003
2.164739e+003,6.207726e-003
2.165221e+003,6.178705e-003
2.165704e+003,6.188099e-003
2.166186e+003,6.212812e-003
2.166668e+003,6.238476e-003
2.167150e+003,6.248250e-003
2.167632e+003,6.210670e-003
2.168114e+003,6.084138e-003
2.168596e+003,5.824958e-003
2.169078e+003,5.411176e-003
2.169561e+003,4.855614e-003
2.170043e+003,4.214903e-003
2.170525e+003,3.579904e-003
2.171007e+003,3.045790e-003
2.171489e+003,2.676456e-003
2.171971e+003,2.493755e-003
2.172453e+003,2.467316e-003
2.172935e+003,2.546262e-003
2.173417e+003,2.677461e-003
2.173900e+003,2.832000e-003
2.174382e+003,3.013591e-003
2.174864e+003,3.241790e-003
2.175346e+003,3.524694e-003
2.175828e+003,3.852904e-003
2.176310e+003,4.189775e-003
2.176792e+003,4.490461e-003
2.177274e+003,4.714519e-003
2.177757e+003,4.853286e-003
2.178239e+003,4.925095e-003
2.178721e+003,4.969653e-003
2.179203e+003,5.020984e-003
2.179685e+003,5.098697e-003
2.180167e+003,5.196134e-003
2.180649e+003,5.295949e-003
2.181132e+003,5.377792e-003
2.181614e+003,5.441794e-003
2.182096e+003,5.506263e-003
2.182578e+003,5.604155e-003
2.183060e+003,5.753986e-003
2.183542e+003,5.953994e-003
2.184024e+003,6.171759e-003
2.184506e+003,6.359426e-003
2.184989e+003,6.463894e-003
2.185471e+003,6.455405e-003
2.185953e+003,6.330023e-003
2.186435e+003,6.115060e-003
2.186917e+003,5.849743e-003
2.187399e+003,5.580665e-003
2.187881e+003,5.342746e-003
2.188363e+003,5.164269e-003
2.188845e+003,5.058220e-003
2.189328e+003,5.033518e-003
2.189810e+003,5.090720e-003
2.190292e+003,5.219171e-003
2.190774e+003,5.393464e-003
2.191256e+003,5.579623e-003
2.191738e+003,5.741351e-003
2.192220e+003,5.860420e-003
2.192702e+003,5.934376e-003
2.193185e+003,5.982699e-003
2.193667e+003,6.036680e-003
2.194149e+003,6.123977e-003
2.194631e+003,6.248502e-003
2.195113e+003,6.390598e-003
2.195595e+003,6.510507e-003
2.196077e+003,6.568791e-003
2.196560e+003,6.538721e-003
2.197042e+003,6.420030e-003
2.197524e+003,6.236803e-003
2.198006e+003,6.024141e-003
2.198488e+003,5.809966e-003
2.198970e+003,5.606375e-003
2.199452e+003,5.404055e-003
2.199934e+003,5.190403e-003
2.200417e+003,4.953839e-003
2.200899e+003,4.704185e-003
2.201381e+003,4.469071e-003
2.201863e+003,4.286381e-003
2.202345e+003,4.184851e-003
2.202827e+003,4.175945e-003
2.203309e+003,4.250405e-003
2.203791e+003,4.384174e-003
2.204273e+003,4.548766e-003
2.204756e+003,4.724542e-003
2.205238e+003,4.899106e-003
2.205720e+003,5.066063e-003
2.206202e+003,5.212173e-003
2.206684e+003,5.323738e-003
2.207166e+003,5.381308e-003
2.207648e+003,5.376011e-003
2.208130e+003,5.311924e-003
2.208613e+003,5.212864e-003
2.209095e+003,5.116126e-003
2.209577e+003,5.059318e-003
2.210059e+003,5.060643e-003
2.210541e+003,5.118076e-003
2.211023e+003,5.205738e-003
2.211505e+003,5.293296e-003
2.211988e+003,5.351641e-003
2.212469e+003,5.374039e-003
2.212952e+003,5.366435e-003
2.213434e+003,5.348061e-003
2.213916e+003,5.330121e-003
2.214398e+003,5.315861e-003
2.214880e+003,5.293331e-003
2.215362e+003,5.249977e-003
2.215844e+003,5.178703e-003
2.216327e+003,5.089391e-003
2.216809e+003,5.004181e-003
2.217291e+003,4.952247e-003
2.217773e+003,4.948744e-003
2.218255e+003,4.997472e-003
2.218737e+003,5.079702e-003
2.219219e+003,5.174245e-003
2.219701e+003,5.261147e-003
2.220184e+003,5.337443e-003
2.220666e+003,5.413111e-003
2.221148e+003,5.504732e-003
2.221630e+003,5.618980e-003
2.222112e+003,5.749809e-003
2.222594e+003,5.873525e-003
2.223076e+003,5.963214e-003
2.223558e+003,5.994236e-003
2.224041e+003,5.959869e-003
2.224523e+003,5.872985e-003
2.225005e+003,5.760483e-003
2.225487e+003,5.649355e-003
2.225969e+003,5.563190e-003
2.226451e+003,5.512680e-003
2.226933e+003,5.503411e-003
2.227416e+003,5.533476e-003
2.227897e+003,5.605132e-003
2.228380e+003,5.719679e-003
2.228862e+003,5.871809e-003
2.229344e+003,6.041273e-003
2.229826e+003,6.198123e-003
2.230308e+003,6.301881e-003
2.230790e+003,6.321619e-003
2.231272e+003,6.244705e-003
2.231755e+003,6.085457e-003
2.232237e+003,5.881743e-003
2.232719e+003,5.684158e-003
2.233201e+003,5.534378e-003
2.233683e+003,5.458537e-003
2.234165e+003,5.454578e-003
2.234647e+003,5.506242e-003
2.235129e+003,5.586158e-003
2.235612e+003,5.674311e-003
2.236094e+003,5.759231e-003
2.236576e+003,5.838750e-003
2.237058e+003,5.910703e-003
2.237540e+003,5.971204e-003
2.238022e+003,6.010693e-003
2.238504e+003,6.021914e-003
2.238986e+003,6.001562e-003
2.239469e+003,5.960374e-003
2.239951e+003,5.918795e-003
2.240433e+003,5.903787e-003
2.240915e+003,5.933370e-003
2.241397e+003,6.013853e-003
2.241879e+003,6.135714e-003
2.242361e+003,6.280375e-003
2.242844e+003,6.424220e-003
2.243326e+003,6.551012e-003
2.243808e+003,6.653470e-003
2.244290e+003,6.732171e-003
2.244772e+003,6.788516e-003
2.245254e+003,6.823386e-003
2.245736e+003,6.834743e-003
2.246218e+003,6.821970e-003
2.246700e+003,6.788426e-003
2.247183e+003,6.743847e-003
2.247665e+003,6.703674e-003
2.248147e+003,6.681412e-003
2.248629e+003,6.679395e-003
2.249111e+003,6.690580e-003
2.249593e+003,6.695542e-003
2.250075e+003,6.676934e-003
2.250557e+003,6.623632e-003
2.251040e+003,6.541776e-003
2.251522e+003,6.452532e-003
2.252004e+003,6.384889e-003
2.252486e+003,6.364019e-003
2.252968e+003,6.403252e-003
2.253450e+003,6.499023e-003
2.253932e+003,6.635970e-003
2.254415e+003,6.792327e-003
2.254896e+003,6.949150e-003
2.255379e+003,7.095526e-003
2.255861e+003,7.227075e-003
2.256343e+003,7.338887e-003
2.256825e+003,7.425670e-003
2.257307e+003,7.478578e-003
2.257789e+003,7.490956e-003
2.258271e+003,7.459683e-003
2.258754e+003,7.391143e-003
2.259236e+003,7.301613e-003
2.259718e+003,7.211449e-003
2.260200e+003,7.137850e-003
2.260682e+003,7.091312e-003
2.261164e+003,7.071617e-003
2.261646e+003,7.075541e-003
2.262128e+003,7.096227e-003
2.262611e+003,7.132927e-003
2.263093e+003,7.188832e-003
2.263575e+003,7.269696e-003
2.264057e+003,7.374560e-003
2.264539e+003,7.496339e-003
2.265021e+003,7.619014e-003
2.265503e+003,7.724963e-003
2.265985e+003,7.799180e-003
2.266468e+003,7.837627e-003
2.266950e+003,7.847094e-003
2.267432e+003,7.842703e-003
2.267914e+003,7.839600e-003
2.268396e+003,7.848539e-003
2.268878e+003,7.871653e-003
2.269360e+003,7.906904e-003
2.269843e+003,7.946490e-003
2.270324e+003,7.987311e-003
2.270807e+003,8.029436e-003
2.271289e+003,8.077122e-003
2.271771e+003,8.132418e-003
2.272253e+003,8.196697e-003
2.272735e+003,8.265715e-003
2.273217e+003,8.335298e-003
2.273699e+003,8.400811e-003
2.274182e+003,8.461263e-003
2.274664e+003,8.520300e-003
2.275146e+003,8.582101e-003
2.275628e+003,8.648724e-003
2.276110e+003,8.718878e-003
2.276592e+003,8.785718e-003
2.277074e+003,8.844595e-003
2.277556e+003,8.890326e-003
2.278039e+003,8.924350e-003
2.278521e+003,8.953131e-003
2.279003e+003,8.984820e-003
2.279485e+003,9.025667e-003
2.279967e+003,9.078885e-003
2.280449e+003,9.142957e-003
2.280931e+003,9.218118e-003
2.281413e+003,9.302397e-003
2.281896e+003,9.398930e-003
2.282378e+003,9.511240e-003
2.282860e+003,9.642780e-003
2.283342e+003,9.789521e-003
2.283824e+003,9.942383e-003
2.284306e+003,1.008661e-002
2.284788e+003,1.020889e-002
2.285271e+003,1.029827e-002
2.285752e+003,1.035217e-002
2.286235e+003,1.037564e-002
2.286717e+003,1.037874e-002
2.287199e+003,1.037090e-002
2.287681e+003,1.035938e-002
2.288163e+003,1.034616e-002
2.288645e+003,1.033148e-002
2.289127e+003,1.031358e-002
2.289610e+003,1.029253e-002
2.290092e+003,1.026986e-002
2.290574e+003,1.024694e-002
2.291056e+003,1.022333e-002
2.291538e+003,1.019610e-002
2.292020e+003,1.015950e-002
2.292502e+003,1.010984e-002
2.292984e+003,1.004519e-002
2.293467e+003,9.969238e-003
2.293949e+003,9.888425e-003
2.294431e+003,9.810653e-003
2.294913e+003,9.740225e-003
2.295395e+003,9.679295e-003
2.295877e+003,9.625485e-003
2.296359e+003,9.577572e-003
2.296841e+003,9.534325e-003
2.297323e+003,9.499746e-003
2.297806e+003,9.479141e-003
2.298288e+003,9.476902e-003
2.298770e+003,9.491887e-003
2.299252e+003,9.518257e-003
2.299734e+003,9.545026e-003
2.300216e+003,9.561953e-003
2.300698e+003,9.563650e-003
2.301180e+003,9.551492e-003
2.301663e+003,9.533165e-003
2.302145e+003,9.519683e-003
2.302627e+003,9.517903e-003
2.303109e+003,9.528677e-003
2.303591e+003,9.546239e-003
2.304073e+003,9.562188e-003
2.304555e+003,9.568659e-003
2.305038e+003,9.564186e-003
2.305520e+003,9.553999e-003
2.306002e+003,9.547202e-003
2.306484e+003,9.551900e-003
2.306966e+003,9.571260e-003
2.307448e+003,9.601358e-003
2.307930e+003,9.634093e-003
2.308412e+003,9.660663e-003
2.308895e+003,9.677049e-003
2.309377e+003,9.685713e-003
2.309859e+003,9.694304e-003
2.310341e+003,9.712095e-003
2.310823e+003,9.745433e-003
2.311305e+003,9.794872e-003
2.311787e+003,9.856861e-003
2.312269e+003,9.924222e-003
2.312751e+003,9.991999e-003
2.313234e+003,1.005749e-002
2.313716e+003,1.012145e-002
2.314198e+003,1.018491e-002
2.314680e+003,1.024731e-002
2.315162e+003,1.030656e-002
2.315644e+003,1.036026e-002
2.316126e+003,1.040731e-002
2.316608e+003,1.045073e-002
2.317091e+003,1.049845e-002
2.317573e+003,1.056015e-002
2.318055e+003,1.064385e-002
2.318537e+003,1.075438e-002
2.319019e+003,1.089113e-002
2.319501e+003,1.105361e-002
2.319983e+003,1.124136e-002
2.320466e+003,1.145760e-002
2.320948e+003,1.170697e-002
2.321430e+003,1.198966e-002
2.321912e+003,1.229303e-002
2.322394e+003,1.258812e-002
2.322876e+003,1.283032e-002
2.323358e+003,1.297076e-002
2.323840e+003,1.296893e-002
2.324323e+003,1.280430e-002
2.324805e+003,1.248404e-002
2.325287e+003,1.204124e-002
2.325769e+003,1.152362e-002
2.326251e+003,1.098603e-002
2.326733e+003,1.047686e-002
2.327215e+003,1.003214e-002
2.327697e+003,9.671831e-003
2.328179e+003,9.400346e-003
2.328662e+003,9.210495e-003
2.329144e+003,9.088112e-003
2.329626e+003,9.016707e-003
2.330108e+003,8.979779e-003
2.330590e+003,8.963563e-003
2.331072e+003,8.958717e-003
2.331554e+003,8.957762e-003
2.332036e+003,8.956731e-003
2.332519e+003,8.954839e-003
2.333001e+003,8.952714e-003
2.333483e+003,8.950118e-003
2.333965e+003,8.947284e-003
2.334447e+003,8.941877e-003
2.334929e+003,8.933265e-003
2.335411e+003,8.919574e-003
2.335894e+003,8.902286e-003
2.336375e+003,8.884755e-003
2.336858e+003,8.871356e-003
2.337340e+003,8.863657e-003
2.337822e+003,8.860249e-003
2.338304e+003,8.855823e-003
2.338786e+003,8.843890e-003
2.339268e+003,8.818192e-003
2.339750e+003,8.778173e-003
2.340233e+003,8.728596e-003
2.340715e+003,8.678846e-003
2.341197e+003,8.638541e-003
2.341679e+003,8.615203e-003
2.342161e+003,8.609932e-003
2.342643e+003,8.619531e-003
2.343125e+003,8.638219e-003
2.343607e+003,8.660515e-003
2.344090e+003,8.683839e-003
2.344572e+003,8.708582e-003
2.345054e+003,8.735372e-003
2.345536e+003,8.763429e-003
2.346018e+003,8.788438e-003
2.346500e+003,8.804987e-003
2.346982e+003,8.807503e-003
2.347464e+003,8.792835e-003
2.347947e+003,8.760900e-003
2.348429e+003,8.714825e-003
2.348911e+003,8.657115e-003
2.349393e+003,8.592162e-003
2.349875e+003,8.522632e-003
2.350357e+003,8.450094e-003
2.350839e+003,8.374626e-003
2.351322e+003,8.295988e-003
2.351803e+003,8.214183e-003
2.352286e+003,8.128973e-003
2.352768e+003,8.040433e-003
2.353250e+003,7.948486e-003
2.353732e+003,7.852107e-003
2.354214e+003,7.752398e-003
2.354696e+003,7.650928e-003
2.355178e+003,7.550840e-003
2.355661e+003,7.457404e-003
2.356143e+003,7.374395e-003
2.356625e+003,7.302528e-003
2.357107e+003,7.238972e-003
2.357589e+003,7.176103e-003
2.358071e+003,7.107859e-003
2.358553e+003,7.027161e-003
2.359035e+003,6.934082e-003
2.359518e+003,6.832077e-003
2.360000e+003,6.727286e-003
2.360482e+003,6.625060e-003
2.360964e+003,6.528392e-003
2.361446e+003,6.437993e-003
2.361928e+003,6.353548e-003
2.362410e+003,6.276479e-003
2.362892e+003,6.209861e-003
2.363375e+003,6.158739e-003
2.363857e+003,6.126665e-003
2.364339e+003,6.112232e-003
2.364821e+003,6.109300e-003
2.365303e+003,6.108576e-003
2.365785e+003,6.102565e-003
2.366267e+003,6.088034e-003
2.366750e+003,6.068370e-003
2.367232e+003,6.051775e-003
2.367714e+003,6.047485e-003
2.368196e+003,6.061818e-003
2.368678e+003,6.095500e-003
2.369160e+003,6.143727e-003
2.369642e+003,6.200427e-003
2.370124e+003,6.259681e-003
2.370606e+003,6.319040e-003
2.371089e+003,6.379058e-003
2.371571e+003,6.440924e-003
2.372053e+003,6.504083e-003
2.372535e+003,6.565214e-003
2.373017e+003,6.617904e-003
2.373499e+003,6.658270e-003
2.373981e+003,6.683375e-003
2.374463e+003,6.696135e-003
2.374946e+003,6.702801e-003
2.375428e+003,6.710341e-003
2.375910e+003,6.723905e-003
2.376392e+003,6.744370e-003
2.376874e+003,6.768173e-003
2.377356e+003,6.790320e-003
2.377838e+003,6.805814e-003
2.378321e+003,6.812191e-003
2.378802e+003,6.810796e-003
2.379285e+003,6.806303e-003
2.379767e+003,6.802681e-003
2.380249e+003,6.803743e-003
2.380731e+003,6.811155e-003
2.381213e+003,6.824368e-003
2.381695e+003,6.842352e-003
2.382177e+003,6.864476e-003
2.382660e+003,6.890900e-003
2.383142e+003,6.921467e-003
2.383624e+003,6.955705e-003
2.384106e+003,6.992104e-003
2.384588e+003,7.026848e-003
2.385070e+003,7.057471e-003
2.385552e+003,7.081021e-003
2.386034e+003,7.096782e-003
2.386517e+003,7.105141e-003
2.386999e+003,7.108727e-003
2.387481e+003,7.108968e-003
2.387963e+003,7.106260e-003
2.388445e+003,7.100205e-003
2.388927e+003,7.090322e-003
2.389409e+003,7.076608e-003
2.389891e+003,7.061292e-003
2.390374e+003,7.047327e-003
2.390856e+003,7.039736e-003
2.391338e+003,7.040677e-003
2.391820e+003,7.051192e-003
2.392302e+003,7.069851e-003
2.392784e+003,7.093867e-003
2.393266e+003,7.119409e-003
2.393749e+003,7.144802e-003
2.394230e+003,7.168286e-003
2.394713e+003,7.189783e-003
2.395195e+003,7.207295e-003
2.395677e+003,7.219056e-003
2.396159e+003,7.222908e-003
2.396641e+003,7.217643e-003
2.397123e+003,7.203340e-003
2.397605e+003,7.183431e-003
2.398088e+003,7.163193e-003
2.398570e+003,7.146868e-003
2.399052e+003,7.136138e-003
2.399534e+003,7.129969e-003
2.400016e+003,7.124675e-003
2.400498e+003,7.115294e-003
2.400980e+003,7.099663e-003
2.401462e+003,7.078977e-003
2.401945e+003,7.058043e-003
2.402427e+003,7.044153e-003
2.402909e+003,7.042760e-003
2.403391e+003,7.057081e-003
2.403873e+003,7.087126e-003
2.404355e+003,7.130658e-003
2.404837e+003,7.184478e-003
2.405319e+003,7.247229e-003
2.405802e+003,7.318357e-003
2.406284e+003,7.397388e-003
2.406766e+003,7.481273e-003
2.407248e+003,7.563593e-003
2.407730e+003,7.636386e-003
2.408212e+003,7.691689e-003
2.408694e+003,7.724748e-003
2.409177e+003,7.736748e-003
2.409658e+003,7.734918e-003
2.410141e+003,7.730029e-003
2.410623e+003,7.731254e-003
2.411105e+003,7.744470e-003
2.411587e+003,7.768316e-003
2.412069e+003,7.797325e-003
2.412551e+003,7.822561e-003
2.413033e+003,7.836853e-003
2.413516e+003,7.836727e-003
2.413998e+003,7.823303e-003
2.414480e+003,7.799557e-003
2.414962e+003,7.771369e-003
2.415444e+003,7.741877e-003
2.415926e+003,7.713989e-003
2.416408e+003,7.690041e-003
2.416890e+003,7.671651e-003
2.417373e+003,7.661402e-003
2.417855e+003,7.661234e-003
2.418337e+003,7.670350e-003
2.418819e+003,7.686491e-003
2.419301e+003,7.704093e-003
2.419783e+003,7.718228e-003
2.420265e+003,7.725178e-003
2.420747e+003,7.724698e-003
2.421229e+003,7.720983e-003
2.421712e+003,7.719529e-003
2.422194e+003,7.725028e-003
2.422676e+003,7.738291e-003
2.423158e+003,7.755359e-003
2.423640e+003,7.769201e-003
2.424122e+003,7.771797e-003
2.424604e+003,7.758209e-003
2.425086e+003,7.728506e-003
2.425569e+003,7.687054e-003
2.426051e+003,7.640403e-003
2.426533e+003,7.596164e-003
2.427015e+003,7.559040e-003
2.427497e+003,7.531701e-003
2.427979e+003,7.514885e-003
2.428461e+003,7.509327e-003
2.428944e+003,7.515762e-003
2.429426e+003,7.536063e-003
2.429908e+003,7.570076e-003
2.430390e+003,7.615621e-003
2.430872e+003,7.667837e-003
2.431354e+003,7.719426e-003
2.431836e+003,7.763005e-003
2.432318e+003,7.793447e-003
2.432801e+003,7.809365e-003
2.433283e+003,7.812375e-003
2.433765e+003,7.806123e-003
2.434247e+003,7.794588e-003
2.434729e+003,7.780772e-003
2.435211e+003,7.767031e-003
2.435693e+003,7.754505e-003
2.436175e+003,7.745794e-003
2.436657e+003,7.743585e-003
2.437140e+003,7.751137e-003
2.437622e+003,7.769431e-003
2.438104e+003,7.797986e-003
2.438586e+003,7.832414e-003
2.439068e+003,7.868075e-003
2.439550e+003,7.899681e-003
2.440032e+003,7.924211e-003
2.440514e+003,7.941583e-003
2.440997e+003,7.953990e-003
2.441479e+003,7.964363e-003
2.441961e+003,7.973518e-003
2.442443e+003,7.981288e-003
2.442925e+003,7.986534e-003
2.443407e+003,7.987050e-003
2.443889e+003,7.983078e-003
2.444372e+003,7.976819e-003
2.444854e+003,7.972515e-003
2.445336e+003,7.973844e-003
2.445818e+003,7.983580e-003
2.446300e+003,8.000917e-003
2.446782e+003,8.023323e-003
2.447264e+003,8.047536e-003
2.447746e+003,8.069634e-003
2.448229e+003,8.087407e-003
2.448711e+003,8.099300e-003
2.449193e+003,8.104411e-003
2.449675e+003,8.102326e-003
2.450157e+003,8.092389e-003
2.450639e+003,8.076061e-003
2.451121e+003,8.056127e-003
2.451604e+003,8.038234e-003
2.452085e+003,8.028599e-003
2.452568e+003,8.032386e-003
2.453050e+003,8.049936e-003
2.453532e+003,8.077811e-003
2.454014e+003,8.106846e-003
2.454496e+003,8.127780e-003
2.454978e+003,8.131506e-003
2.455460e+003,8.116134e-003
2.455943e+003,8.084108e-003
2.456425e+003,8.044200e-003
2.456907e+003,8.005341e-003
2.457389e+003,7.975574e-003
2.457871e+003,7.958022e-003
2.458353e+003,7.951704e-003
2.458835e+003,7.951951e-003
2.459317e+003,7.954413e-003
2.459800e+003,7.955316e-003
2.460282e+003,7.953015e-003
2.460764e+003,7.947508e-003
2.461246e+003,7.939042e-003
2.461728e+003,7.926793e-003
2.462210e+003,7.910263e-003
2.462692e+003,7.888631e-003
2.463174e+003,7.863536e-003
2.463656e+003,7.837938e-003
2.464139e+003,7.817267e-003
2.464621e+003,7.805799e-003
2.465103e+003,7.807656e-003
2.465585e+003,7.821938e-003
2.466067e+003,7.846760e-003
2.466549e+003,7.876864e-003
2.467031e+003,7.907471e-003
2.467513e+003,7.935539e-003
2.467996e+003,7.960156e-003
2.468478e+003,7.981734e-003
2.468960e+003,8.002250e-003
2.469442e+003,8.023267e-003
2.469924e+003,8.047096e-003
2.470406e+003,8.074728e-003
2.470888e+003,8.106907e-003
2.471371e+003,8.143144e-003
2.471853e+003,8.182694e-003
2.472335e+003,8.222261e-003
2.472817e+003,8.257800e-003
2.473299e+003,8.284680e-003
2.473781e+003,8.299347e-003
2.474263e+003,8.300881e-003
2.474745e+003,8.291590e-003
2.475228e+003,8.275933e-003
2.475710e+003,8.260597e-003
2.476192e+003,8.249062e-003
2.476674e+003,8.244134e-003
2.477156e+003,8.244582e-003
2.477638e+003,8.247346e-003
2.478120e+003,8.248784e-003
2.478602e+003,8.246583e-003
2.479084e+003,8.239991e-003
2.479567e+003,8.230085e-003
2.480049e+003,8.218274e-003
2.480531e+003,8.206951e-003
2.481013e+003,8.197281e-003
2.481495e+003,8.192494e-003
2.481977e+003,8.193919e-003
2.482459e+003,8.204713e-003
2.482941e+003,8.226614e-003
2.483424e+003,8.260881e-003
2.483906e+003,8.304452e-003
2.484388e+003,8.352268e-003
2.484870e+003,8.397701e-003
2.485352e+003,8.435599e-003
2.485834e+003,8.462968e-003
2.486316e+003,8.481632e-003
2.486799e+003,8.495900e-003
2.487281e+003,8.511254e-003
2.487763e+003,8.531347e-003
2.488245e+003,8.555354e-003
2.488727e+003,8.579537e-003
2.489209e+003,8.598739e-003
2.489691e+003,8.608473e-003
2.490173e+003,8.607892e-003
2.490656e+003,8.600491e-003
2.491138e+003,8.592507e-003
2.491620e+003,8.589676e-003
2.492102e+003,8.595250e-003
2.492584e+003,8.608568e-003
2.493066e+003,8.625053e-003
2.493548e+003,8.639132e-003
2.494030e+003,8.645798e-003
2.494512e+003,8.643220e-003
2.494995e+003,8.632309e-003
2.495477e+003,8.615724e-003
2.495959e+003,8.597300e-003
2.496441e+003,8.579867e-003
2.496923e+003,8.565430e-003
2.497405e+003,8.555657e-003
2.497887e+003,8.551468e-003
2.498370e+003,8.555123e-003
2.498852e+003,8.567121e-003
2.499334e+003,8.587387e-003
2.499816e+003,8.613841e-003
2.500298e+003,8.644144e-003
2.500780e+003,8.674460e-003
2.501262e+003,8.702531e-003
2.501744e+003,8.727605e-003
2.502227e+003,8.750851e-003
2.502709e+003,8.773686e-003
2.503191e+003,8.796866e-003
2.503673e+003,8.818883e-003
2.504155e+003,8.838230e-003
2.504637e+003,8.852399e-003
2.505119e+003,8.860295e-003
2.505601e+003,8.863757e-003
2.506083e+003,8.865381e-003
2.506566e+003,8.870016e-003
2.507048e+003,8.879428e-003
2.507530e+003,8.894202e-003
2.508012e+003,8.910908e-003
2.508494e+003,8.926366e-003
2.508976e+003,8.936211e-003
2.509458e+003,8.939775e-003
2.509940e+003,8.937215e-003
2.510423e+003,8.932138e-003
2.510905e+003,8.926305e-003
2.511387e+003,8.921389e-003
2.511869e+003,8.917481e-003
2.512351e+003,8.914493e-003
2.512833e+003,8.911669e-003
2.513315e+003,8.910526e-003
2.513798e+003,8.912654e-003
2.514280e+003,8.919572e-003
2.514762e+003,8.931027e-003
2.515244e+003,8.944334e-003
2.515726e+003,8.955041e-003
2.516208e+003,8.960624e-003
2.516690e+003,8.959818e-003
2.517172e+003,8.956658e-003
2.517655e+003,8.957615e-003
2.518137e+003,8.971108e-003
2.518619e+003,9.002444e-003
2.519101e+003,9.053232e-003
2.519583e+003,9.119280e-003
2.520065e+003,9.193269e-003
2.520547e+003,9.266870e-003
2.521029e+003,9.332668e-003
2.521511e+003,9.386865e-003
2.521994e+003,9.427769e-003
2.522476e+003,9.455536e-003
2.522958e+003,9.470836e-003
2.523440e+003,9.473574e-003
2.523922e+003,9.465598e-003
2.524404e+003,9.449605e-003
2.524886e+003,9.432001e-003
2.525368e+003,9.420637e-003
2.525851e+003,9.424038e-003
2.526333e+003,9.446606e-003
2.526815e+003,9.489283e-003
2.527297e+003,9.546505e-003
2.527779e+003,9.610172e-003
2.528261e+003,9.670656e-003
2.528743e+003,9.721358e-003
2.529226e+003,9.759315e-003
2.529708e+003,9.784769e-003
2.530190e+003,9.799745e-003
2.530672e+003,9.805842e-003
2.531154e+003,9.802972e-003
2.531636e+003,9.789860e-003
2.532118e+003,9.765651e-003
2.532600e+003,9.732037e-003
2.533083e+003,9.694262e-003
2.533565e+003,9.660538e-003
2.534047e+003,9.639169e-003
2.534529e+003,9.635749e-003
2.535011e+003,9.651986e-003
2.535493e+003,9.684503e-003
2.535975e+003,9.725085e-003
2.536457e+003,9.765599e-003
2.536939e+003,9.798748e-003
2.537422e+003,9.820544e-003
2.537904e+003,9.831575e-003
2.538386e+003,9.836073e-003
2.538868e+003,9.840148e-003
2.539350e+003,9.850591e-003
2.539832e+003,9.873094e-003
2.540314e+003,9.910724e-003
2.540796e+003,9.962979e-003
2.541279e+003,1.002579e-002
2.541761e+003,1.009220e-002
2.542243e+003,1.015490e-002
2.542725e+003,1.020674e-002
2.543207e+003,1.024533e-002
2.543689e+003,1.027126e-002
2.544171e+003,1.028980e-002
2.544654e+003,1.030800e-002
2.545135e+003,1.033166e-002
2.545618e+003,1.036461e-002
2.546100e+003,1.040507e-002
2.546582e+003,1.044869e-002
2.547064e+003,1.049037e-002
2.547546e+003,1.052525e-002
2.548028e+003,1.055204e-002
2.548510e+003,1.057194e-002
2.548993e+003,1.058733e-002
2.549475e+003,1.059991e-002
2.549957e+003,1.061010e-002
2.550439e+003,1.061705e-002
2.550921e+003,1.061949e-002
2.551403e+003,1.061842e-002
2.551885e+003,1.061770e-002
2.552367e+003,1.062244e-002
2.552850e+003,1.063802e-002
2.553332e+003,1.066728e-002
2.553814e+003,1.070860e-002
2.554296e+003,1.075600e-002
2.554778e+003,1.080145e-002
2.555260e+003,1.083803e-002
2.555742e+003,1.086196e-002
2.556224e+003,1.087419e-002
2.556707e+003,1.087932e-002
2.557189e+003,1.088231e-002
2.557671e+003,1.088693e-002
2.558153e+003,1.089472e-002
2.558635e+003,1.090413e-002
2.559117e+003,1.091295e-002
2.559599e+003,1.092041e-002
2.560082e+003,1.092778e-002
2.560563e+003,1.093797e-002
2.561046e+003,1.095537e-002
2.561528e+003,1.098186e-002
2.562010e+003,1.101805e-002
2.562492e+003,1.106257e-002
2.562974e+003,1.111166e-002
2.563456e+003,1.116248e-002
2.563938e+003,1.121263e-002
2.564421e+003,1.126135e-002
2.564903e+003,1.130811e-002
2.565385e+003,1.135213e-002
2.565867e+003,1.139343e-002
2.566349e+003,1.143063e-002
2.566831e+003,1.146422e-002
2.567313e+003,1.149457e-002
2.567795e+003,1.152337e-002
2.568278e+003,1.155322e-002
2.568760e+003,1.158610e-002
2.569242e+003,1.162225e-002
2.569724e+003,1.166185e-002
2.570206e+003,1.170389e-002
2.570688e+003,1.174809e-002
2.571170e+003,1.179412e-002
2.571652e+003,1.184283e-002
2.572135e+003,1.189423e-002
2.572617e+003,1.194721e-002
2.573099e+003,1.199943e-002
2.573581e+003,1.204891e-002
2.574063e+003,1.209359e-002
2.574545e+003,1.213448e-002
2.575027e+003,1.217436e-002
2.575510e+003,1.221710e-002
2.575991e+003,1.226599e-002
2.576474e+003,1.232033e-002
2.576956e+003,1.237625e-002
2.577438e+003,1.242753e-002
2.577920e+003,1.246725e-002
2.578402e+003,1.249230e-002
2.578884e+003,1.250371e-002
2.579366e+003,1.250726e-002
2.579849e+003,1.251219e-002
2.580331e+003,1.252663e-002
2.580813e+003,1.255630e-002
2.581295e+003,1.260120e-002
2.581777e+003,1.265866e-002
2.582259e+003,1.272351e-002
2.582741e+003,1.278993e-002
2.583223e+003,1.285457e-002
2.583706e+003,1.291594e-002
2.584188e+003,1.297326e-002
2.584670e+003,1.302628e-002
2.585152e+003,1.307533e-002
2.585634e+003,1.311981e-002
2.586116e+003,1.316101e-002
2.586598e+003,1.320153e-002
2.587080e+003,1.324519e-002
2.587563e+003,1.329442e-002
2.588045e+003,1.335009e-002
2.588527e+003,1.340978e-002
2.589009e+003,1.346827e-002
2.589491e+003,1.352080e-002
2.589973e+003,1.356396e-002
2.590455e+003,1.359880e-002
2.590938e+003,1.363105e-002
2.591419e+003,1.366809e-002
2.591902e+003,1.371749e-002
2.592384e+003,1.378213e-002
2.592866e+003,1.385957e-002
2.593348e+003,1.394323e-002
2.593830e+003,1.402379e-002
2.594312e+003,1.409368e-002
2.594794e+003,1.414862e-002
2.595277e+003,1.419026e-002
2.595759e+003,1.422330e-002
2.596241e+003,1.425486e-002
2.596723e+003,1.429071e-002
2.597205e+003,1.433450e-002
2.597687e+003,1.438641e-002
2.598169e+003,1.444515e-002
2.598651e+003,1.450836e-002
2.599134e+003,1.457429e-002
2.599616e+003,1.464148e-002
2.600098e+003,1.470905e-002
2.600580e+003,1.477603e-002
2.601062e+003,1.484164e-002
2.601544e+003,1.490465e-002
2.602026e+003,1.496455e-002
2.602508e+003,1.502072e-002
2.602990e+003,1.507375e-002
2.603473e+003,1.512446e-002
2.603955e+003,1.517395e-002
2.604437e+003,1.522303e-002
2.604919e+003,1.527387e-002
2.605401e+003,1.532771e-002
2.605883e+003,1.538788e-002
2.606365e+003,1.545700e-002
2.606847e+003,1.553753e-002
2.607330e+003,1.563053e-002
2.607812e+003,1.573347e-002
2.608294e+003,1.584260e-002
2.608776e+003,1.595177e-002
2.609258e+003,1.605468e-002
2.609740e+003,1.614658e-002
2.610222e+003,1.622492e-002
2.610705e+003,1.628997e-002
2.611187e+003,1.634362e-002
2.611669e+003,1.638930e-002
2.612151e+003,1.643035e-002
2.612633e+003,1.647018e-002
2.613115e+003,1.651047e-002
2.613597e+003,1.655455e-002
2.614079e+003,1.660348e-002
2.614562e+003,1.665956e-002
2.615044e+003,1.672427e-002
2.615526e+003,1.679771e-002
2.616008e+003,1.687955e-002
2.616490e+003,1.696907e-002
2.616972e+003,1.706514e-002
2.617454e+003,1.716689e-002
2.617936e+003,1.727398e-002
2.618418e+003,1.738533e-002
2.618901e+003,1.750009e-002
2.619383e+003,1.761578e-002
2.619865e+003,1.772967e-002
2.620347e+003,1.783964e-002
2.620829e+003,1.794278e-002
2.621311e+003,1.803935e-002
2.621793e+003,1.813014e-002
2.622276e+003,1.821778e-002
2.622758e+003,1.830467e-002
2.623240e+003,1.839318e-002
2.623722e+003,1.848483e-002
2.624204e+003,1.857917e-002
2.624686e+003,1.867584e-002
2.625168e+003,1.877308e-002
2.625650e+003,1.886941e-002
2.626133e+003,1.896311e-002
2.626615e+003,1.905296e-002
2.627097e+003,1.913754e-002
2.627579e+003,1.921728e-002
2.628061e+003,1.929280e-002
2.628543e+003,1.936650e-002
2.629025e+003,1.944103e-002
2.629507e+003,1.952054e-002
2.629990e+003,1.960700e-002
2.630472e+003,1.970087e-002
2.630954e+003,1.980062e-002
2.631436e+003,1.990282e-002
2.631918e+003,2.000301e-002
2.632400e+003,2.009721e-002
2.632882e+003,2.018241e-002
2.633364e+003,2.025786e-002
2.633846e+003,2.032340e-002
2.634329e+003,2.038078e-002
2.634811e+003,2.043037e-002
2.635293e+003,2.047269e-002
2.635775e+003,2.050773e-002
2.636257e+003,2.053576e-002
2.636739e+003,2.055766e-002
2.637221e+003,2.057450e-002
2.637704e+003,2.058734e-002
2.638186e+003,2.059742e-002
2.638668e+003,2.060447e-002
2.639150e+003,2.060878e-002
2.639632e+003,2.060942e-002
2.640114e+003,2.060678e-002
2.640596e+003,2.060163e-002
2.641078e+003,2.059684e-002
2.641561e+003,2.059490e-002
2.642043e+003,2.059714e-002
2.642525e+003,2.060491e-002
2.643007e+003,2.061750e-002
2.643489e+003,2.063303e-002
2.643971e+003,2.064946e-002
2.644453e+003,2.066553e-002
2.644935e+003,2.068152e-002
2.645417e+003,2.069725e-002
2.645900e+003,2.071406e-002
2.646382e+003,2.073221e-002
2.646864e+003,2.075161e-002
2.647346e+003,2.077191e-002
2.647828e+003,2.079294e-002
2.648310e+003,2.081468e-002
2.648792e+003,2.083823e-002
2.649274e+003,2.086481e-002
2.649757e+003,2.089632e-002
2.650239e+003,2.093294e-002
2.650721e+003,2.097387e-002
2.651203e+003,2.101794e-002
2.651685e+003,2.106239e-002
2.652167e+003,2.110560e-002
2.652649e+003,2.114677e-002
2.653132e+003,2.118463e-002
2.653614e+003,2.121965e-002
2.654096e+003,2.125163e-002
2.654578e+003,2.128076e-002
2.655060e+003,2.130676e-002
2.655542e+003,2.132999e-002
2.656024e+003,2.135036e-002
2.656506e+003,2.136849e-002
2.656989e+003,2.138438e-002
2.657471e+003,2.139759e-002
2.657953e+003,2.140668e-002
2.658435e+003,2.140957e-002
2.658917e+003,2.140448e-002
2.659399e+003,2.138969e-002
2.659881e+003,2.136511e-002
2.660363e+003,2.133082e-002
2.660845e+003,2.128960e-002
2.661328e+003,2.124298e-002
2.661810e+003,2.119320e-002
2.662292e+003,2.114152e-002
2.662774e+003,2.108847e-002
2.663256e+003,2.103522e-002
2.663738e+003,2.098223e-002
2.664220e+003,2.093119e-002
2.664702e+003,2.088338e-002
2.665185e+003,2.083968e-002
2.665667e+003,2.080091e-002
2.666149e+003,2.076699e-002
2.666631e+003,2.073719e-002
2.667113e+003,2.071062e-002
2.667595e+003,2.068719e-002
2.668077e+003,2.066609e-002
2.668560e+003,2.064751e-002
2.669042e+003,2.063080e-002
2.669524e+003,2.061445e-002
2.670006e+003,2.059719e-002
2.670488e+003,2.057686e-002
2.670970e+003,2.055310e-002
2.671452e+003,2.052600e-002
2.671934e+003,2.049699e-002
2.672417e+003,2.046843e-002
2.672899e+003,2.044129e-002
2.673381e+003,2.041694e-002
2.673863e+003,2.039357e-002
2.674345e+003,2.037010e-002
2.674827e+003,2.034419e-002
2.675309e+003,2.031511e-002
2.675791e+003,2.028368e-002
2.676273e+003,2.025205e-002
2.676756e+003,2.022185e-002
2.677238e+003,2.019508e-002
2.677720e+003,2.017199e-002
2.678202e+003,2.015070e-002
2.678684e+003,2.012914e-002
2.679166e+003,2.010584e-002
2.679648e+003,2.007983e-002
2.680130e+003,2.005219e-002
2.680613e+003,2.002543e-002
2.681095e+003,2.000237e-002
2.681577e+003,1.998572e-002
2.682059e+003,1.997666e-002
2.682541e+003,1.997455e-002
2.683023e+003,1.997678e-002
2.683505e+003,1.998092e-002
2.683988e+003,1.998261e-002
2.684469e+003,1.997833e-002
2.684952e+003,1.996526e-002
2.685434e+003,1.994088e-002
2.685916e+003,1.990508e-002
2.686398e+003,1.985840e-002
2.686880e+003,1.980437e-002
2.687362e+003,1.974589e-002
2.687844e+003,1.968793e-002
2.688327e+003,1.963358e-002
2.688809e+003,1.958573e-002
2.689291e+003,1.954466e-002
2.689773e+003,1.951037e-002
2.690255e+003,1.948151e-002
2.690737e+003,1.945690e-002
2.691219e+003,1.943581e-002
2.691701e+003,1.941825e-002
2.692184e+003,1.940505e-002
2.692666e+003,1.939609e-002
2.693148e+003,1.939095e-002
2.693630e+003,1.938898e-002
2.694112e+003,1.938800e-002
2.694594e+003,1.938620e-002
2.695076e+003,1.938259e-002
2.695558e+003,1.937598e-002
2.696041e+003,1.936718e-002
2.696523e+003,1.935684e-002
2.697005e+003,1.934713e-002
2.697487e+003,1.933950e-002
2.697969e+003,1.933623e-002
2.698451e+003,1.933878e-002
2.698933e+003,1.934833e-002
2.699416e+003,1.936542e-002
2.699897e+003,1.938934e-002
2.700380e+003,1.941846e-002
2.700862e+003,1.945140e-002
2.701344e+003,1.948563e-002
2.701826e+003,1.952015e-002
2.702308e+003,1.955413e-002
2.702790e+003,1.958722e-002
2.703272e+003,1.962004e-002
2.703755e+003,1.965233e-002
2.704237e+003,1.968444e-002
2.704719e+003,1.971647e-002
2.705201e+003,1.974770e-002
2.705683e+003,1.977921e-002
2.706165e+003,1.981164e-002
2.706647e+003,1.984737e-002
2.707129e+003,1.988757e-002
2.707612e+003,1.993345e-002
2.708094e+003,1.998446e-002
2.708576e+003,2.003850e-002
2.709058e+003,2.009265e-002
2.709540e+003,2.014435e-002
2.710022e+003,2.019151e-002
2.710504e+003,2.023275e-002
2.710986e+003,2.026879e-002
2.711469e+003,2.030146e-002
2.711951e+003,2.033268e-002
2.712433e+003,2.036363e-002
2.712915e+003,2.039606e-002
2.713397e+003,2.042914e-002
2.713879e+003,2.046324e-002
2.714361e+003,2.049781e-002
2.714844e+003,2.053248e-002
2.715325e+003,2.056744e-002
2.715808e+003,2.060277e-002
2.716290e+003,2.063967e-002
2.716772e+003,2.067989e-002
2.717254e+003,2.072397e-002
2.717736e+003,2.077402e-002
2.718218e+003,2.083041e-002
2.718700e+003,2.089333e-002
2.719183e+003,2.096114e-002
2.719665e+003,2.103164e-002
2.720147e+003,2.110134e-002
2.720629e+003,2.116794e-002
2.721111e+003,2.122989e-002
2.721593e+003,2.128791e-002
2.722075e+003,2.134375e-002
2.722557e+003,2.140044e-002
2.723040e+003,2.146055e-002
2.723522e+003,2.152629e-002
2.724004e+003,2.159775e-002
2.724486e+003,2.167347e-002
2.724968e+003,2.175179e-002
2.725450e+003,2.182923e-002
2.725932e+003,2.190440e-002
2.726414e+003,2.197472e-002
2.726896e+003,2.203963e-002
2.727379e+003,2.209849e-002
2.727861e+003,2.215148e-002
2.728343e+003,2.219961e-002
2.728825e+003,2.224416e-002
2.729307e+003,2.228753e-002
2.729789e+003,2.233174e-002
2.730271e+003,2.237911e-002
2.730753e+003,2.243054e-002
2.731236e+003,2.248532e-002
2.731718e+003,2.254206e-002
2.732200e+003,2.259743e-002
2.732682e+003,2.264931e-002
2.733164e+003,2.269586e-002
2.733646e+003,2.273577e-002
2.734128e+003,2.277017e-002
2.734611e+003,2.279986e-002
2.735093e+003,2.282569e-002
2.735575e+003,2.284921e-002
2.736057e+003,2.287079e-002
2.736539e+003,2.289137e-002
2.737021e+003,2.291065e-002
2.737503e+003,2.292939e-002
2.737985e+003,2.294730e-002
2.738468e+003,2.296420e-002
2.738950e+003,2.297972e-002
2.739432e+003,2.299237e-002
2.739914e+003,2.300133e-002
2.740396e+003,2.300629e-002
2.740878e+003,2.300775e-002
2.741360e+003,2.300671e-002
2.741842e+003,2.300510e-002
2.742324e+003,2.300349e-002
2.742807e+003,2.300263e-002
2.743289e+003,2.300241e-002
2.743771e+003,2.300201e-002
2.744253e+003,2.300049e-002
2.744735e+003,2.299896e-002
2.745217e+003,2.299800e-002
2.745699e+003,2.299944e-002
2.746182e+003,2.300459e-002
2.746664e+003,2.301419e-002
2.747146e+003,2.302770e-002
2.747628e+003,2.304427e-002
2.748110e+003,2.306233e-002
2.748592e+003,2.308031e-002
2.749074e+003,2.309838e-002
2.749556e+003,2.311626e-002
2.750039e+003,2.313435e-002
2.750521e+003,2.315271e-002
2.751003e+003,2.317155e-002
2.751485e+003,2.319020e-002
2.751967e+003,2.320933e-002
2.752449e+003,2.323032e-002
2.752931e+003,2.325569e-002
2.753413e+003,2.328785e-002
2.753896e+003,2.332980e-002
2.754378e+003,2.338265e-002
2.754860e+003,2.344650e-002
2.755342e+003,2.351931e-002
2.755824e+003,2.359877e-002
2.756306e+003,2.368189e-002
2.756788e+003,2.376653e-002
2.757270e+003,2.385121e-002
2.757752e+003,2.393564e-002
2.758235e+003,2.401917e-002
2.758717e+003,2.410190e-002
2.759199e+003,2.418353e-002
2.759681e+003,2.426371e-002
2.760163e+003,2.434280e-002
2.760645e+003,2.442182e-002
2.761127e+003,2.450210e-002
2.761610e+003,2.458501e-002
2.762092e+003,2.467133e-002
2.762574e+003,2.476076e-002
2.763056e+003,2.485218e-002
2.763538e+003,2.494440e-002
2.764020e+003,2.503599e-002
2.764502e+003,2.512650e-002
2.764984e+003,2.521640e-002
2.765467e+003,2.530717e-002
2.765949e+003,2.540107e-002
2.766431e+003,2.550005e-002
2.766913e+003,2.560573e-002
2.767395e+003,2.571933e-002
2.767877e+003,2.584102e-002
2.768359e+003,2.596990e-002
2.768841e+003,2.610502e-002
2.769323e+003,2.624441e-002
2.769806e+003,2.638585e-002
2.770288e+003,2.652724e-002
2.770770e+003,2.666627e-002
2.771252e+003,2.680291e-002
2.771734e+003,2.693708e-002
2.772216e+003,2.707046e-002
2.772698e+003,2.720521e-002
2.773180e+003,2.734379e-002
2.773663e+003,2.748797e-002
2.774145e+003,2.763965e-002
2.774627e+003,2.779996e-002
2.775109e+003,2.796909e-002
2.775591e+003,2.814809e-002
2.776073e+003,2.833774e-002
2.776555e+003,2.853669e-002
2.777038e+003,2.874499e-002
2.777520e+003,2.895970e-002
2.778002e+003,2.917877e-002
2.778484e+003,2.940031e-002
2.778966e+003,2.962300e-002
2.779448e+003,2.984685e-002
2.779930e+003,3.007430e-002
2.780412e+003,3.030839e-002
2.780895e+003,3.055073e-002
2.781377e+003,3.080293e-002
2.781859e+003,3.106323e-002
2.782341e+003,3.132971e-002
2.782823e+003,3.159908e-002
2.783305e+003,3.186965e-002
2.783787e+003,3.214207e-002
2.784269e+003,3.241862e-002
2.784751e+003,3.270310e-002
2.785234e+003,3.299940e-002
2.785716e+003,3.330917e-002
2.786198e+003,3.363249e-002
2.786680e+003,3.396674e-002
2.787162e+003,3.430737e-002
2.787644e+003,3.465020e-002
2.788126e+003,3.499267e-002
2.788608e+003,3.533326e-002
2.789091e+003,3.567320e-002
2.789573e+003,3.601383e-002
2.790055e+003,3.635856e-002
2.790537e+003,3.671019e-002
2.791019e+003,3.707003e-002
2.791501e+003,3.743916e-002
2.791983e+003,3.781855e-002
2.792466e+003,3.820745e-002
2.792948e+003,3.860596e-002
2.793430e+003,3.901219e-002
2.793912e+003,3.942452e-002
2.794394e+003,3.984077e-002
2.794876e+003,4.025891e-002
2.795358e+003,4.067667e-002
2.795840e+003,4.109385e-002
2.796323e+003,4.151063e-002
2.796805e+003,4.192838e-002
2.797287e+003,4.234966e-002
2.797769e+003,4.277612e-002
2.798251e+003,4.321028e-002
2.798733e+003,4.365299e-002
2.799215e+003,4.410525e-002
2.799697e+003,4.456647e-002
2.800179e+003,4.503592e-002
2.800662e+003,4.551361e-002
2.801144e+003,4.599896e-002
2.801626e+003,4.649190e-002
2.802108e+003,4.699378e-002
2.802590e+003,4.750463e-002
2.803072e+003,4.802582e-002
2.803554e+003,4.855881e-002
2.804036e+003,4.910477e-002
2.804519e+003,4.966490e-002
2.805001e+003,5.023903e-002
2.805483e+003,5.082758e-002
2.805965e+003,5.142979e-002
2.806447e+003,5.204529e-002
2.806929e+003,5.267375e-002
2.807411e+003,5.331546e-002
2.807894e+003,5.397075e-002
2.808375e+003,5.464100e-002
2.808858e+003,5.532839e-002
2.809340e+003,5.603502e-002
2.809822e+003,5.676334e-002
2.810304e+003,5.751519e-002
2.810786e+003,5.829214e-002
2.811268e+003,5.909439e-002
2.811750e+003,5.992239e-002
2.812233e+003,6.077549e-002
2.812715e+003,6.165378e-002
2.813197e+003,6.255603e-002
2.813679e+003,6.348231e-002
2.814161e+003,6.443271e-002
2.814643e+003,6.540824e-002
2.815125e+003,6.641018e-002
2.815607e+003,6.744047e-002
2.816090e+003,6.850176e-002
2.816572e+003,6.959722e-002
2.817054e+003,7.073038e-002
2.817536e+003,7.190526e-002
2.818018e+003,7.312576e-002
2.818500e+003,7.439698e-002
2.818982e+003,7.572279e-002
2.819464e+003,7.710826e-002
2.819947e+003,7.855820e-002
2.820429e+003,8.007687e-002
2.820911e+003,8.167005e-002
2.821393e+003,8.334265e-002
2.821875e+003,8.510043e-002
2.822357e+003,8.695004e-002
2.822839e+003,8.889797e-002
2.823322e+003,9.095166e-002
2.823803e+003,9.311938e-002
2.824286e+003,9.540943e-002
2.824768e+003,9.783150e-002
2.825250e+003,1.003960e-001
2.825732e+003,1.031122e-001
2.826214e+003,1.059935e-001
2.826696e+003,1.090520e-001
2.827178e+003,1.123026e-001
2.827661e+003,1.157606e-001
2.828143e+003,1.194445e-001
2.828625e+003,1.233729e-001
2.829107e+003,1.275679e-001
2.829589e+003,1.320541e-001
2.830071e+003,1.368608e-001
2.830553e+003,1.420243e-001
2.831035e+003,1.475863e-001
2.831518e+003,1.535972e-001
2.832000e+003,1.601126e-001
2.832482e+003,1.671941e-001
2.832964e+003,1.749073e-001
2.833446e+003,1.833200e-001
2.833928e+003,1.925051e-001
2.834410e+003,2.025407e-001
2.834892e+003,2.135134e-001
2.835375e+003,2.255211e-001
2.835857e+003,2.386753e-001
2.836339e+003,2.531028e-001
2.836821e+003,2.689473e-001
2.837303e+003,2.863703e-001
2.837785e+003,3.055542e-001
2.838267e+003,3.267031e-001
2.838750e+003,3.500456e-001
2.839231e+003,3.758298e-001
2.839714e+003,4.043216e-001
2.840196e+003,4.357931e-001
2.840678e+003,4.705117e-001
2.841160e+003,5.087301e-001
2.841642e+003,5.506715e-001
2.842124e+003,5.965182e-001
2.842606e+003,6.463845e-001
2.843089e+003,7.002752e-001
2.843571e+003,7.580124e-001
2.844053e+003,8.191295e-001
2.844535e+003,8.827370e-001
2.845017e+003,9.473819e-001
2.845499e+003,1.010933e+000
2.845981e+003,1.070559e+000
2.846463e+003,1.122859e+000
2.846946e+003,1.164200e+000
2.847428e+003,1.191253e+000
2.847910e+003,1.201634e+000
2.848392e+003,1.194454e+000
2.848874e+003,1.170565e+000
2.849356e+003,1.132392e+000
2.849838e+003,1.083405e+000
2.850320e+003,1.027441e+000
2.850802e+003,9.681003e-001
2.851285e+003,9.083426e-001
2.851767e+003,8.503151e-001
2.852249e+003,7.953767e-001
2.852731e+003,7.442259e-001
2.853213e+003,6.970826e-001
2.853695e+003,6.538565e-001
2.854177e+003,6.142901e-001
2.854659e+003,5.780544e-001
2.855142e+003,5.448091e-001
2.855624e+003,5.142322e-001
2.856106e+003,4.860351e-001
2.856588e+003,4.599686e-001
2.857070e+003,4.358233e-001
2.857552e+003,4.134301e-001
2.858034e+003,3.926540e-001
2.858517e+003,3.733872e-001
2.858999e+003,3.555387e-001
2.859481e+003,3.390279e-001
2.859963e+003,3.237782e-001
2.860445e+003,3.097170e-001
2.860927e+003,2.967776e-001
2.861409e+003,2.849007e-001
2.861891e+003,2.740358e-001
2.862374e+003,2.641393e-001
2.862856e+003,2.551719e-001
2.863338e+003,2.470955e-001
2.863820e+003,2.398731e-001
2.864302e+003,2.334672e-001
2.864784e+003,2.278415e-001
2.865266e+003,2.229605e-001
2.865748e+003,2.187879e-001
2.866230e+003,2.152844e-001
2.866713e+003,2.124047e-001
2.867195e+003,2.100948e-001
2.867677e+003,2.082919e-001
2.868159e+003,2.069279e-001
2.868641e+003,2.059331e-001
2.869123e+003,2.052394e-001
2.869605e+003,2.047851e-001
2.870088e+003,2.045177e-001
2.870570e+003,2.043941e-001
2.871052e+003,2.043828e-001
2.871534e+003,2.044650e-001
2.872016e+003,2.046365e-001
2.872498e+003,2.049087e-001
2.872980e+003,2.053086e-001
2.873462e+003,2.058742e-001
2.873945e+003,2.066497e-001
2.874427e+003,2.076780e-001
2.874909e+003,2.089963e-001
2.875391e+003,2.106307e-001
2.875873e+003,2.125985e-001
2.876355e+003,2.149091e-001
2.876837e+003,2.175670e-001
2.877319e+003,2.205744e-001
2.877802e+003,2.239315e-001
2.878284e+003,2.276347e-001
2.878766e+003,2.316761e-001
2.879248e+003,2.360414e-001
2.879730e+003,2.407125e-001
2.880212e+003,2.456709e-001
2.880694e+003,2.509001e-001
2.881176e+003,2.563886e-001
2.881658e+003,2.621296e-001
2.882141e+003,2.681188e-001
2.882623e+003,2.743515e-001
2.883105e+003,2.808206e-001
2.883587e+003,2.875155e-001
2.884069e+003,2.944240e-001
2.884551e+003,3.015349e-001
2.885033e+003,3.088397e-001
2.885516e+003,3.163331e-001
2.885998e+003,3.240084e-001
2.886480e+003,3.318582e-001
2.886962e+003,3.398688e-001
2.887444e+003,3.480228e-001
2.887926e+003,3.563001e-001
2.888408e+003,3.646822e-001
2.888890e+003,3.731535e-001
2.889373e+003,3.817029e-001
2.889855e+003,3.903201e-001
2.890337e+003,3.989943e-001
2.890819e+003,4.077122e-001
2.891301e+003,4.164580e-001
2.891783e+003,4.252187e-001
2.892265e+003,4.339864e-001
2.892747e+003,4.427613e-001
2.893229e+003,4.515525e-001
2.893712e+003,4.603723e-001
2.894194e+003,4.692342e-001
2.894676e+003,4.781484e-001
2.895158e+003,4.871225e-001
2.895640e+003,4.961674e-001
2.896122e+003,5.052983e-001
2.896604e+003,5.145410e-001
2.897086e+003,5.239292e-001
2.897569e+003,5.335017e-001
2.898051e+003,5.432969e-001
2.898533e+003,5.533499e-001
2.899015e+003,5.636953e-001
2.899497e+003,5.743710e-001
2.899979e+003,5.854251e-001
2.900461e+003,5.969216e-001
2.900944e+003,6.089382e-001
2.901426e+003,6.215625e-001
2.901908e+003,6.348864e-001
2.902390e+003,6.490020e-001
2.902872e+003,6.640011e-001
2.903354e+003,6.799811e-001
2.903836e+003,6.970506e-001
2.904318e+003,7.153316e-001
2.904801e+003,7.349591e-001
2.905283e+003,7.560709e-001
2.905765e+003,7.787980e-001
2.906247e+003,8.032564e-001
2.906729e+003,8.295406e-001
2.907211e+003,8.577251e-001
2.907693e+003,8.878647e-001
2.908175e+003,9.199881e-001
2.908657e+003,9.540821e-001
2.909140e+003,9.900655e-001
2.909622e+003,1.027757e+000
2.910104e+003,1.066844e+000
2.910586e+003,1.106869e+000
2.911068e+003,1.147221e+000
2.911550e+003,1.187156e+000
2.912032e+003,1.225809e+000
2.912514e+003,1.262218e+000
2.912997e+003,1.295349e+000
2.913479e+003,1.324121e+000
2.913961e+003,1.347461e+000
2.914443e+003,1.364385e+000
2.914925e+003,1.374106e+000
2.915407e+003,1.376137e+000
2.915889e+003,1.370374e+000
2.916372e+003,1.357105e+000
2.916854e+003,1.336972e+000
2.917336e+003,1.310872e+000
2.917818e+003,1.279851e+000
2.918300e+003,1.245004e+000
2.918782e+003,1.207396e+000
2.919264e+003,1.168012e+000
2.919746e+003,1.127717e+000
2.920229e+003,1.087236e+000
2.920711e+003,1.047143e+000
2.921193e+003,1.007866e+000
2.921675e+003,9.696984e-001
2.922157e+003,9.328296e-001
2.922639e+003,8.973722e-001
2.923121e+003,8.633870e-001
2.923603e+003,8.308970e-001
2.924085e+003,7.998922e-001
2.924568e+003,7.703323e-001
2.925050e+003,7.421474e-001
2.925532e+003,7.152453e-001
2.926014e+003,6.895222e-001
2.926496e+003,6.648770e-001
2.926978e+003,6.412201e-001
2.927460e+003,6.184796e-001
2.927942e+003,5.965975e-001
2.928425e+003,5.755233e-001
2.928907e+003,5.552099e-001
2.929389e+003,5.356096e-001
2.929871e+003,5.166760e-001
2.930353e+003,4.983703e-001
2.930835e+003,4.806622e-001
2.931317e+003,4.635318e-001
2.931800e+003,4.469660e-001
2.932281e+003,4.309541e-001
2.932764e+003,4.154840e-001
2.933246e+003,4.005402e-001
2.933728e+003,3.861060e-001
2.934210e+003,3.721657e-001
2.934692e+003,3.587076e-001
2.935174e+003,3.457241e-001
2.935656e+003,3.332089e-001
2.936139e+003,3.211548e-001
2.936621e+003,3.095520e-001
2.937103e+003,2.983876e-001
2.937585e+003,2.876483e-001
2.938067e+003,2.773241e-001
2.938549e+003,2.674082e-001
2.939031e+003,2.578998e-001
2.939513e+003,2.487985e-001
2.939996e+003,2.401049e-001
2.940478e+003,2.318169e-001
2.940960e+003,2.239293e-001
2.941442e+003,2.164359e-001
2.941924e+003,2.093323e-001
2.942406e+003,2.026164e-001
2.942888e+003,1.962896e-001
2.943370e+003,1.903564e-001
2.943853e+003,1.848212e-001
2.944335e+003,1.796874e-001
2.944817e+003,1.749558e-001
2.945299e+003,1.706252e-001
2.945781e+003,1.666923e-001
2.946263e+003,1.631514e-001
2.946745e+003,1.599944e-001
2.947228e+003,1.572104e-001
2.947709e+003,1.547824e-001
2.948192e+003,1.526884e-001
2.948674e+003,1.509008e-001
2.949156e+003,1.493873e-001
2.949638e+003,1.481119e-001
2.950120e+003,1.470365e-001
2.950602e+003,1.461223e-001
2.951084e+003,1.453300e-001
2.951567e+003,1.446209e-001
2.952049e+003,1.439563e-001
2.952531e+003,1.432998e-001
2.953013e+003,1.426194e-001
2.953495e+003,1.418878e-001
2.953977e+003,1.410846e-001
2.954459e+003,1.401951e-001
2.954941e+003,1.392093e-001
2.955424e+003,1.381204e-001
2.955906e+003,1.369227e-001
2.956388e+003,1.356119e-001
2.956870e+003,1.341844e-001
2.957352e+003,1.326396e-001
2.957834e+003,1.309805e-001
2.958316e+003,1.292127e-001
2.958798e+003,1.273438e-001
2.959281e+003,1.253821e-001
2.959763e+003,1.233351e-001
2.960245e+003,1.212083e-001
2.960727e+003,1.190061e-001
2.961209e+003,1.167353e-001
2.961691e+003,1.144009e-001
2.962173e+003,1.120108e-001
2.962656e+003,1.095726e-001
2.963137e+003,1.070943e-001
2.963620e+003,1.045836e-001
2.964102e+003,1.020480e-001
2.964584e+003,9.949648e-002
2.965066e+003,9.693884e-002
2.965548e+003,9.438784e-002
2.966030e+003,9.185618e-002
2.966512e+003,8.935643e-002
2.966995e+003,8.689864e-002
2.967477e+003,8.449097e-002
2.967959e+003,8.213840e-002
2.968441e+003,7.984455e-002
2.968923e+003,7.761247e-002
2.969405e+003,7.544543e-002
2.969887e+003,7.334666e-002
2.970369e+003,7.131837e-002
2.970852e+003,6.936223e-002
2.971334e+003,6.747888e-002
2.971816e+003,6.566817e-002
2.972298e+003,6.393041e-002
2.972780e+003,6.226669e-002
2.973262e+003,6.067729e-002
2.973744e+003,5.916238e-002
2.974226e+003,5.772102e-002
2.974708e+003,5.634989e-002
2.975191e+003,5.504397e-002
2.975673e+003,5.379788e-002
2.976155e+003,5.260660e-002
2.976637e+003,5.146728e-002
2.977119e+003,5.037864e-002
2.977601e+003,4.934029e-002
2.978083e+003,4.835131e-002
2.978565e+003,4.741058e-002
2.979048e+003,4.651475e-002
2.979530e+003,4.566026e-002
2.980012e+003,4.484287e-002
2.980494e+003,4.406039e-002
2.980976e+003,4.331131e-002
2.981458e+003,4.259551e-002
2.981940e+003,4.191355e-002
2.982423e+003,4.126490e-002
2.982905e+003,4.064880e-002
2.983387e+003,4.006450e-002
2.983869e+003,3.951075e-002
2.984351e+003,3.898693e-002
2.984833e+003,3.849289e-002
2.985315e+003,3.802742e-002
2.985797e+003,3.758925e-002
2.986280e+003,3.717614e-002
2.986762e+003,3.678482e-002
2.987244e+003,3.641284e-002
2.987726e+003,3.605865e-002
2.988208e+003,3.572398e-002
2.988690e+003,3.541148e-002
2.989172e+003,3.512532e-002
2.989654e+003,3.486853e-002
2.990136e+003,3.464355e-002
2.990619e+003,3.445040e-002
2.991101e+003,3.428713e-002
2.991583e+003,3.415140e-002
2.992065e+003,3.404159e-002
2.992547e+003,3.395649e-002
2.993029e+003,3.389579e-002
2.993511e+003,3.385992e-002
2.993994e+003,3.384857e-002
2.994476e+003,3.386094e-002
2.994958e+003,3.389655e-002
2.995440e+003,3.395407e-002
2.995922e+003,3.403360e-002
2.996404e+003,3.413428e-002
2.996886e+003,3.425710e-002
2.997368e+003,3.440037e-002
2.997851e+003,3.456196e-002
2.998333e+003,3.473770e-002
2.998815e+003,3.492342e-002
2.999297e+003,3.511227e-002
2.999779e+003,3.529887e-002
3.000261e+003,3.547790e-002
3.000743e+003,3.564503e-002
3.001225e+003,3.579507e-002
3.001708e+003,3.592350e-002
3.002190e+003,3.602560e-002
3.002672e+003,3.609797e-002
3.003154e+003,3.613691e-002
3.003636e+003,3.614148e-002
3.004118e+003,3.611281e-002
3.004600e+003,3.605156e-002
3.005082e+003,3.596021e-002
3.005564e+003,3.584058e-002
3.006047e+003,3.569391e-002
3.006529e+003,3.552017e-002
3.007011e+003,3.532122e-002
3.007493e+003,3.509746e-002
3.007975e+003,3.485115e-002
3.008457e+003,3.458393e-002
3.008939e+003,3.429611e-002
3.009422e+003,3.398738e-002
3.009904e+003,3.365581e-002
3.010386e+003,3.329955e-002
3.010868e+003,3.291719e-002
3.011350e+003,3.250976e-002
3.011832e+003,3.208044e-002
3.012314e+003,3.163497e-002
3.012796e+003,3.118041e-002
3.013279e+003,3.072403e-002
3.013761e+003,3.027124e-002
3.014243e+003,2.982796e-002
3.014725e+003,2.939665e-002
3.015207e+003,2.897964e-002
3.015689e+003,2.857785e-002
3.016171e+003,2.819178e-002
3.016653e+003,2.781990e-002
3.017135e+003,2.746015e-002
3.017618e+003,2.711070e-002
3.018100e+003,2.676939e-002
3.018582e+003,2.643501e-002
3.019064e+003,2.610856e-002
3.019546e+003,2.579035e-002
3.020028e+003,2.548253e-002
3.020510e+003,2.518601e-002
3.020992e+003,2.490170e-002
3.021475e+003,2.462930e-002
3.021957e+003,2.436860e-002
3.022439e+003,2.412011e-002
3.022921e+003,2.388545e-002
3.023403e+003,2.366699e-002
3.023885e+003,2.346501e-002
3.024367e+003,2.328055e-002
3.024850e+003,2.311002e-002
3.025332e+003,2.294916e-002
3.025814e+003,2.279244e-002
3.026296e+003,2.263468e-002
3.026778e+003,2.247300e-002
3.027260e+003,2.230793e-002
3.027742e+003,2.214180e-002
3.028224e+003,2.197860e-002
3.028707e+003,2.182272e-002
3.029189e+003,2.167782e-002
3.029671e+003,2.154586e-002
3.030153e+003,2.142692e-002
3.030635e+003,2.132051e-002
3.031117e+003,2.122480e-002
3.031599e+003,2.113589e-002
3.032081e+003,2.105197e-002
3.032563e+003,2.096864e-002
3.033046e+003,2.088355e-002
3.033528e+003,2.079445e-002
3.034010e+003,2.070094e-002
3.034492e+003,2.060353e-002
3.034974e+003,2.050385e-002
3.035456e+003,2.040423e-002
3.035938e+003,2.030665e-002
3.036420e+003,2.021200e-002
3.036903e+003,2.012028e-002
3.037385e+003,2.003141e-002
3.037867e+003,1.994394e-002
3.038349e+003,1.985768e-002
3.038831e+003,1.977252e-002
3.039313e+003,1.968785e-002
3.039795e+003,1.960275e-002
3.040278e+003,1.951650e-002
3.040760e+003,1.942798e-002
3.041242e+003,1.933647e-002
3.041724e+003,1.924299e-002
3.042206e+003,1.914909e-002
3.042688e+003,1.905894e-002
3.043170e+003,1.897460e-002
3.043652e+003,1.889863e-002
3.044135e+003,1.883174e-002
3.044617e+003,1.877169e-002
3.045099e+003,1.871562e-002
3.045581e+003,1.866004e-002
3.046063e+003,1.860250e-002
3.046545e+003,1.854176e-002
3.047027e+003,1.847754e-002
3.047509e+003,1.841104e-002
3.047991e+003,1.834288e-002
3.048474e+003,1.827471e-002
3.048956e+003,1.820641e-002
3.049438e+003,1.813912e-002
3.049920e+003,1.807417e-002
3.050402e+003,1.801217e-002
3.050884e+003,1.795466e-002
3.051366e+003,1.790237e-002
3.051848e+003,1.785549e-002
3.052331e+003,1.781382e-002
3.052813e+003,1.777655e-002
3.053295e+003,1.774162e-002
3.053777e+003,1.770853e-002
3.054259e+003,1.767605e-002
3.054741e+003,1.764386e-002
3.055223e+003,1.761115e-002
3.055706e+003,1.757751e-002
3.056188e+003,1.754273e-002
3.056670e+003,1.750711e-002
3.057152e+003,1.747128e-002
3.057634e+003,1.743554e-002
3.058116e+003,1.740102e-002
3.058598e+003,1.736803e-002
3.059080e+003,1.733667e-002
3.059563e+003,1.730511e-002
3.060045e+003,1.727291e-002
3.060527e+003,1.723916e-002
3.061009e+003,1.720345e-002
3.061491e+003,1.716701e-002
3.061973e+003,1.713107e-002
3.062455e+003,1.709666e-002
3.062937e+003,1.706481e-002
3.063419e+003,1.703552e-002
3.063902e+003,1.700807e-002
3.064384e+003,1.698144e-002
3.064866e+003,1.695480e-002
3.065348e+003,1.692846e-002
3.065830e+003,1.690242e-002
3.066312e+003,1.687647e-002
3.066794e+003,1.685062e-002
3.067276e+003,1.682321e-002
3.067759e+003,1.679353e-002
3.068241e+003,1.676014e-002
3.068723e+003,1.672303e-002
3.069205e+003,1.668220e-002
3.069687e+003,1.663899e-002
3.070169e+003,1.659515e-002
3.070651e+003,1.655150e-002
3.071134e+003,1.650938e-002
3.071615e+003,1.646860e-002
3.072098e+003,1.642986e-002
3.072580e+003,1.639296e-002
3.073062e+003,1.635884e-002
3.073544e+003,1.632718e-002
3.074026e+003,1.629674e-002
3.074508e+003,1.626713e-002
3.074990e+003,1.623636e-002
3.075473e+003,1.620405e-002
3.075955e+003,1.616996e-002
3.076437e+003,1.613577e-002
3.076919e+003,1.610332e-002
3.077401e+003,1.607364e-002
3.077883e+003,1.604695e-002
3.078365e+003,1.602066e-002
3.078847e+003,1.599137e-002
3.079330e+003,1.595453e-002
3.079812e+003,1.590798e-002
3.080294e+003,1.585119e-002
3.080776e+003,1.578766e-002
3.081258e+003,1.572257e-002
3.081740e+003,1.566129e-002
3.082222e+003,1.560815e-002
3.082704e+003,1.556440e-002
3.083187e+003,1.552869e-002
3.083669e+003,1.549887e-002
3.084151e+003,1.547173e-002
3.084633e+003,1.544489e-002
3.085115e+003,1.541638e-002
3.085597e+003,1.538549e-002
3.086079e+003,1.535076e-002
3.086562e+003,1.531033e-002
3.087043e+003,1.526306e-002
3.087526e+003,1.520812e-002
3.088008e+003,1.514614e-002
3.088490e+003,1.507885e-002
3.088972e+003,1.501041e-002
3.089454e+003,1.494422e-002
3.089936e+003,1.488319e-002
3.090418e+003,1.482836e-002
3.090901e+003,1.477932e-002
3.091383e+003,1.473440e-002
3.091865e+003,1.469133e-002
3.092347e+003,1.464887e-002
3.092829e+003,1.460578e-002
3.093311e+003,1.456122e-002
3.093793e+003,1.451396e-002
3.094275e+003,1.446285e-002
3.094758e+003,1.440623e-002
3.095240e+003,1.434368e-002
3.095722e+003,1.427646e-002
3.096204e+003,1.420776e-002
3.096686e+003,1.414071e-002
3.097168e+003,1.407851e-002
3.097650e+003,1.402314e-002
3.098132e+003,1.397387e-002
3.098615e+003,1.392874e-002
3.099097e+003,1.388484e-002
3.099579e+003,1.384000e-002
3.100061e+003,1.379296e-002
3.100543e+003,1.374539e-002
3.101025e+003,1.369895e-002
3.101507e+003,1.365436e-002
3.101990e+003,1.361194e-002
3.102471e+003,1.357086e-002
3.102954e+003,1.352873e-002
3.103436e+003,1.348440e-002
3.103918e+003,1.343851e-002
3.104400e+003,1.339239e-002
3.104882e+003,1.334917e-002
3.105364e+003,1.331175e-002
3.105846e+003,1.328212e-002
3.106329e+003,1.326059e-002
3.106811e+003,1.324695e-002
3.107293e+003,1.323913e-002
3.107775e+003,1.323567e-002
3.108257e+003,1.323492e-002
3.108739e+003,1.323510e-002
3.109221e+003,1.323371e-002
3.109703e+003,1.322838e-002
3.110186e+003,1.321576e-002
3.110668e+003,1.319428e-002
3.111150e+003,1.316364e-002
3.111632e+003,1.312591e-002
3.112114e+003,1.308526e-002
3.112596e+003,1.304646e-002
3.113078e+003,1.301234e-002
3.113560e+003,1.298520e-002
3.114042e+003,1.296366e-002
3.114525e+003,1.294421e-002
3.115007e+003,1.292381e-002
3.115489e+003,1.290058e-002
3.115971e+003,1.287392e-002
3.116453e+003,1.284672e-002
3.116935e+003,1.282129e-002
3.117417e+003,1.280137e-002
3.117900e+003,1.278833e-002
3.118382e+003,1.278186e-002
3.118864e+003,1.277956e-002
3.119346e+003,1.277903e-002
3.119828e+003,1.277757e-002
3.120310e+003,1.277359e-002
3.120792e+003,1.276680e-002
3.121274e+003,1.275843e-002
3.121757e+003,1.274986e-002
3.122239e+003,1.274337e-002
3.122721e+003,1.274011e-002
3.123203e+003,1.274145e-002
3.123685e+003,1.274624e-002
3.124167e+003,1.275249e-002
3.124649e+003,1.275770e-002
3.125131e+003,1.275789e-002
3.125614e+003,1.275035e-002
3.126096e+003,1.273349e-002
3.126578e+003,1.270837e-002
3.127060e+003,1.267749e-002
3.127542e+003,1.264514e-002
3.128024e+003,1.261592e-002
3.128506e+003,1.259338e-002
3.128988e+003,1.257889e-002
3.129470e+003,1.257151e-002
3.129953e+003,1.256937e-002
3.130435e+003,1.256942e-002
3.130917e+003,1.256989e-002
3.131399e+003,1.256921e-002
3.131881e+003,1.256695e-002
3.132363e+003,1.256375e-002
3.132845e+003,1.256003e-002
3.133328e+003,1.255599e-002
3.133810e+003,1.255122e-002
3.134292e+003,1.254602e-002
3.134774e+003,1.254009e-002
3.135256e+003,1.253342e-002
3.135738e+003,1.252580e-002
3.136220e+003,1.251724e-002
3.136702e+003,1.250826e-002
3.137185e+003,1.249854e-002
3.137667e+003,1.248871e-002
3.138149e+003,1.247866e-002
3.138631e+003,1.246966e-002
3.139113e+003,1.246192e-002
3.139595e+003,1.245544e-002
3.140077e+003,1.245063e-002
3.140559e+003,1.244760e-002
3.141042e+003,1.244668e-002
3.141524e+003,1.244933e-002
3.142006e+003,1.245691e-002
3.142488e+003,1.247101e-002
3.142970e+003,1.249174e-002
3.143452e+003,1.251699e-002
3.143934e+003,1.254319e-002
3.144417e+003,1.256552e-002
3.144898e+003,1.258027e-002
3.145381e+003,1.258620e-002
3.145863e+003,1.258403e-002
3.146345e+003,1.257817e-002
3.146827e+003,1.257347e-002
3.147309e+003,1.257423e-002
3.147791e+003,1.258111e-002
3.148273e+003,1.259283e-002
3.148756e+003,1.260539e-002
3.149238e+003,1.261501e-002
3.149720e+003,1.261905e-002
3.150202e+003,1.261866e-002
3.150684e+003,1.261574e-002
3.151166e+003,1.261462e-002
3.151648e+003,1.261739e-002
3.152130e+003,1.262449e-002
3.152613e+003,1.263432e-002
3.153095e+003,1.264332e-002
3.153577e+003,1.264990e-002
3.154059e+003,1.265383e-002
3.154541e+003,1.265566e-002
3.155023e+003,1.265833e-002
3.155505e+003,1.266312e-002
3.155987e+003,1.267001e-002
3.156469e+003,1.267628e-002
3.156952e+003,1.267906e-002
3.157434e+003,1.267529e-002
3.157916e+003,1.266435e-002
3.158398e+003,1.264895e-002
3.158880e+003,1.263187e-002
3.159362e+003,1.261880e-002
3.159844e+003,1.261269e-002
3.160326e+003,1.261589e-002
3.160809e+003,1.262827e-002
3.161291e+003,1.264828e-002
3.161773e+003,1.267410e-002
3.162255e+003,1.270364e-002
3.162737e+003,1.273498e-002
3.163219e+003,1.276611e-002
3.163701e+003,1.279483e-002
3.164184e+003,1.281879e-002
3.164666e+003,1.283662e-002
3.165148e+003,1.284821e-002
3.165630e+003,1.285535e-002
3.166112e+003,1.286123e-002
3.166594e+003,1.286838e-002
3.167076e+003,1.287881e-002
3.167558e+003,1.289105e-002
3.168041e+003,1.290244e-002
3.168523e+003,1.290822e-002
3.169005e+003,1.290552e-002
3.169487e+003,1.289370e-002
3.169969e+003,1.287478e-002
3.170451e+003,1.285362e-002
3.170933e+003,1.283532e-002
3.171415e+003,1.282391e-002
3.171897e+003,1.282066e-002
3.172380e+003,1.282451e-002
3.172862e+003,1.283315e-002
3.173344e+003,1.284444e-002
3.173826e+003,1.285700e-002
3.174308e+003,1.287053e-002
3.174790e+003,1.288618e-002
3.175272e+003,1.290386e-002
3.175754e+003,1.292313e-002
3.176237e+003,1.294219e-002
3.176719e+003,1.295861e-002
3.177201e+003,1.297173e-002
3.177683e+003,1.298093e-002
3.178165e+003,1.298694e-002
3.178647e+003,1.299178e-002
3.179129e+003,1.299588e-002
3.179612e+003,1.299987e-002
3.180094e+003,1.300205e-002
3.180576e+003,1.300179e-002
3.181058e+003,1.299950e-002
3.181540e+003,1.299647e-002
3.182022e+003,1.299684e-002
3.182504e+003,1.300329e-002
3.182986e+003,1.301803e-002
3.183469e+003,1.304109e-002
3.183951e+003,1.306820e-002
3.184433e+003,1.309393e-002
3.184915e+003,1.311349e-002
3.185397e+003,1.312229e-002
3.185879e+003,1.311916e-002
3.186361e+003,1.310676e-002
3.186843e+003,1.308902e-002
3.187325e+003,1.307128e-002
3.187808e+003,1.305801e-002
3.188290e+003,1.305230e-002
3.188772e+003,1.305492e-002
3.189254e+003,1.306617e-002
3.189736e+003,1.308340e-002
3.190218e+003,1.310512e-002
3.190700e+003,1.312856e-002
3.191182e+003,1.315114e-002
3.191665e+003,1.317021e-002
3.192147e+003,1.318427e-002
3.192629e+003,1.319309e-002
3.193111e+003,1.319722e-002
3.193593e+003,1.319804e-002
3.194075e+003,1.319693e-002
3.194557e+003,1.319604e-002
3.195040e+003,1.319525e-002
3.195521e+003,1.319393e-002
3.196004e+003,1.319015e-002
3.196486e+003,1.318305e-002
3.196968e+003,1.317060e-002
3.197450e+003,1.315173e-002
3.197932e+003,1.312815e-002
3.198414e+003,1.310146e-002
3.198896e+003,1.307454e-002
3.199379e+003,1.305040e-002
3.199861e+003,1.303321e-002
3.200343e+003,1.302501e-002
3.200825e+003,1.302793e-002
3.201307e+003,1.304146e-002
3.201789e+003,1.306409e-002
3.202271e+003,1.309284e-002
3.202753e+003,1.312319e-002
3.203236e+003,1.315131e-002
3.203718e+003,1.317440e-002
3.204200e+003,1.319096e-002
3.204682e+003,1.320152e-002
3.205164e+003,1.320651e-002
3.205646e+003,1.320817e-002
3.206128e+003,1.320802e-002
3.206610e+003,1.320743e-002
3.207093e+003,1.320770e-002
3.207575e+003,1.320904e-002
3.208057e+003,1.321220e-002
3.208539e+003,1.321730e-002
3.209021e+003,1.322380e-002
3.209503e+003,1.322922e-002
3.209985e+003,1.323078e-002
3.210468e+003,1.322578e-002
3.210949e+003,1.321327e-002
3.211432e+003,1.319420e-002
3.211914e+003,1.317244e-002
3.212396e+003,1.315411e-002
3.212878e+003,1.314415e-002
3.213360e+003,1.314677e-002
3.213842e+003,1.316250e-002
3.214324e+003,1.318770e-002
3.214807e+003,1.321645e-002
3.215289e+003,1.324156e-002
3.215771e+003,1.325774e-002
3.216253e+003,1.326242e-002
3.216735e+003,1.325602e-002
3.217217e+003,1.324294e-002
3.217699e+003,1.322609e-002
3.218181e+003,1.320977e-002
3.218664e+003,1.319678e-002
3.219146e+003,1.318788e-002
3.219628e+003,1.318394e-002
3.220110e+003,1.318408e-002
3.220592e+003,1.318756e-002
3.221074e+003,1.319309e-002
3.221556e+003,1.319916e-002
3.222038e+003,1.320308e-002
3.222521e+003,1.320246e-002
3.223003e+003,1.319603e-002
3.223485e+003,1.318345e-002
3.223967e+003,1.316461e-002
3.224449e+003,1.314372e-002
3.224931e+003,1.312238e-002
3.225413e+003,1.310417e-002
3.225896e+003,1.309135e-002
3.226377e+003,1.308424e-002
3.226860e+003,1.308285e-002
3.227342e+003,1.308729e-002
3.227824e+003,1.309658e-002
3.228306e+003,1.311096e-002
3.228788e+003,1.313030e-002
3.229270e+003,1.315375e-002
3.229752e+003,1.318056e-002
3.230235e+003,1.320868e-002
3.230717e+003,1.323626e-002
3.231199e+003,1.326169e-002
3.231681e+003,1.328410e-002
3.232163e+003,1.330359e-002
3.232645e+003,1.332082e-002
3.233127e+003,1.333655e-002
3.233609e+003,1.335108e-002
3.234092e+003,1.336497e-002
3.234574e+003,1.337768e-002
3.235056e+003,1.338930e-002
3.235538e+003,1.339996e-002
3.236020e+003,1.340953e-002
3.236502e+003,1.341824e-002
3.236984e+003,1.342565e-002
3.237466e+003,1.343166e-002
3.237948e+003,1.343453e-002
3.238431e+003,1.343360e-002
3.238913e+003,1.342899e-002
3.239395e+003,1.342059e-002
3.239877e+003,1.340958e-002
3.240359e+003,1.339738e-002
3.240841e+003,1.338636e-002
3.241323e+003,1.337773e-002
3.241806e+003,1.337278e-002
3.242288e+003,1.337249e-002
3.242770e+003,1.337795e-002
3.243252e+003,1.339003e-002
3.243734e+003,1.340851e-002
3.244216e+003,1.343275e-002
3.244698e+003,1.346134e-002
3.245180e+003,1.349145e-002
3.245663e+003,1.352028e-002
3.246145e+003,1.354607e-002
3.246627e+003,1.356611e-002
3.247109e+003,1.358073e-002
3.247591e+003,1.359056e-002
3.248073e+003,1.359650e-002
3.248555e+003,1.359949e-002
3.249037e+003,1.360194e-002
3.249520e+003,1.360516e-002
3.250002e+003,1.361131e-002
3.250484e+003,1.362268e-002
3.250966e+003,1.364112e-002
3.251448e+003,1.366697e-002
3.251930e+003,1.369968e-002
3.252412e+003,1.373642e-002
3.252894e+003,1.377329e-002
3.253376e+003,1.380570e-002
3.253859e+003,1.383082e-002
3.254341e+003,1.384725e-002
3.254823e+003,1.385583e-002
3.255305e+003,1.385930e-002
3.255787e+003,1.385950e-002
3.256269e+003,1.385883e-002
3.256751e+003,1.385718e-002
3.257234e+003,1.385334e-002
3.257716e+003,1.384624e-002
3.258198e+003,1.383553e-002
3.258680e+003,1.382209e-002
3.259162e+003,1.380746e-002
3.259644e+003,1.379499e-002
3.260126e+003,1.378634e-002
3.260608e+003,1.378347e-002
3.261091e+003,1.378748e-002
3.261573e+003,1.379781e-002
3.262055e+003,1.381535e-002
3.262537e+003,1.383944e-002
3.263019e+003,1.386954e-002
3.263501e+003,1.390501e-002
3.263983e+003,1.394354e-002
3.264465e+003,1.398219e-002
3.264948e+003,1.401823e-002
3.265430e+003,1.405014e-002
3.265912e+003,1.407735e-002
3.266394e+003,1.410118e-002
3.266876e+003,1.412359e-002
3.267358e+003,1.414602e-002
3.267840e+003,1.416856e-002
3.268323e+003,1.418946e-002
3.268804e+003,1.420632e-002
3.269287e+003,1.421651e-002
3.269769e+003,1.421970e-002
3.270251e+003,1.421819e-002
3.270733e+003,1.421569e-002
3.271215e+003,1.421614e-002
3.271697e+003,1.422338e-002
3.272179e+003,1.423752e-002
3.272662e+003,1.425748e-002
3.273144e+003,1.427842e-002
3.273626e+003,1.429718e-002
3.274108e+003,1.431123e-002
3.274590e+003,1.432122e-002
3.275072e+003,1.432881e-002
3.275554e+003,1.433629e-002
3.276036e+003,1.434443e-002
3.276519e+003,1.435357e-002
3.277001e+003,1.436061e-002
3.277483e+003,1.436306e-002
3.277965e+003,1.435804e-002
3.278447e+003,1.434632e-002
3.278929e+003,1.432857e-002
3.279411e+003,1.430872e-002
3.279893e+003,1.428997e-002
3.280375e+003,1.427505e-002
3.280858e+003,1.426606e-002
3.281340e+003,1.426311e-002
3.281822e+003,1.426520e-002
3.282304e+003,1.427180e-002
3.282786e+003,1.428148e-002
3.283268e+003,1.429357e-002
3.283750e+003,1.430667e-002
3.284232e+003,1.431811e-002
3.284715e+003,1.432582e-002
3.285197e+003,1.432759e-002
3.285679e+003,1.432331e-002
3.286161e+003,1.431244e-002
3.286643e+003,1.429793e-002
3.287125e+003,1.428286e-002
3.287607e+003,1.426977e-002
3.288090e+003,1.426130e-002
3.288572e+003,1.425734e-002
3.289054e+003,1.425668e-002
3.289536e+003,1.425701e-002
3.290018e+003,1.425623e-002
3.290500e+003,1.425304e-002
3.290982e+003,1.424764e-002
3.291464e+003,1.424168e-002
3.291947e+003,1.423760e-002
3.292429e+003,1.423715e-002
3.292911e+003,1.424144e-002
3.293393e+003,1.425025e-002
3.293875e+003,1.426170e-002
3.294357e+003,1.427360e-002
3.294839e+003,1.428297e-002
3.295321e+003,1.428771e-002
3.295803e+003,1.428693e-002
3.296286e+003,1.428020e-002
3.296768e+003,1.427004e-002
3.297250e+003,1.425745e-002
3.297732e+003,1.424508e-002
3.298214e+003,1.423480e-002
3.298696e+003,1.422749e-002
3.299178e+003,1.422350e-002
3.299660e+003,1.422227e-002
3.300143e+003,1.422313e-002
3.300625e+003,1.422576e-002
3.301107e+003,1.422971e-002
3.301589e+003,1.423522e-002
3.302071e+003,1.424183e-002
3.302553e+003,1.424943e-002
3.303035e+003,1.425693e-002
3.303518e+003,1.426377e-002
3.304000e+003,1.426828e-002
3.304482e+003,1.426958e-002
3.304964e+003,1.426802e-002
3.305446e+003,1.426446e-002
3.305928e+003,1.425968e-002
3.306410e+003,1.425534e-002
3.306892e+003,1.425299e-002
3.307375e+003,1.425308e-002
3.307857e+003,1.425516e-002
3.308339e+003,1.425901e-002
3.308821e+003,1.426253e-002
3.309303e+003,1.426360e-002
3.309785e+003,1.426059e-002
3.310267e+003,1.425214e-002
3.310749e+003,1.423915e-002
3.311231e+003,1.422139e-002
3.311714e+003,1.420096e-002
3.312196e+003,1.418087e-002
3.312678e+003,1.416420e-002
3.313160e+003,1.415229e-002
3.313642e+003,1.414670e-002
3.314124e+003,1.414698e-002
3.314606e+003,1.415137e-002
3.315088e+003,1.415842e-002
3.315571e+003,1.416558e-002
3.316053e+003,1.417164e-002
3.316535e+003,1.417536e-002
3.317017e+003,1.417698e-002
3.317499e+003,1.417615e-002
3.317981e+003,1.417310e-002
3.318463e+003,1.416684e-002
3.318946e+003,1.415745e-002
3.319427e+003,1.414452e-002
3.319910e+003,1.412846e-002
3.320392e+003,1.411041e-002
3.320874e+003,1.409168e-002
3.321356e+003,1.407416e-002
3.321838e+003,1.406043e-002
3.322320e+003,1.405113e-002
3.322802e+003,1.404750e-002
3.323285e+003,1.404942e-002
3.323767e+003,1.405591e-002
3.324249e+003,1.406685e-002
3.324731e+003,1.408001e-002
3.325213e+003,1.409474e-002
3.325695e+003,1.410958e-002
3.326177e+003,1.412309e-002
3.326659e+003,1.413526e-002
3.327142e+003,1.414533e-002
3.327624e+003,1.415339e-002
3.328106e+003,1.415912e-002
3.328588e+003,1.416239e-002
3.329070e+003,1.416344e-002
3.329552e+003,1.416204e-002
3.330034e+003,1.415785e-002
3.330516e+003,1.415265e-002
3.330999e+003,1.414668e-002
3.331481e+003,1.414126e-002
3.331963e+003,1.413750e-002
3.332445e+003,1.413688e-002
3.332927e+003,1.413903e-002
3.333409e+003,1.414386e-002
3.333891e+003,1.415071e-002
3.334374e+003,1.415989e-002
3.334855e+003,1.417031e-002
3.335338e+003,1.418307e-002
3.335820e+003,1.419718e-002
3.336302e+003,1.421184e-002
3.336784e+003,1.422428e-002
3.337266e+003,1.423237e-002
3.337748e+003,1.423297e-002
3.338230e+003,1.422553e-002
3.338713e+003,1.421072e-002
3.339195e+003,1.419188e-002
3.339677e+003,1.417303e-002
3.340159e+003,1.415775e-002
3.340641e+003,1.414817e-002
3.341123e+003,1.414384e-002
3.341605e+003,1.414219e-002
3.342087e+003,1.413987e-002
3.342570e+003,1.413341e-002
3.343052e+003,1.412304e-002
3.343534e+003,1.410963e-002
3.344016e+003,1.409735e-002
3.344498e+003,1.409021e-002
3.344980e+003,1.409067e-002
3.345462e+003,1.409863e-002
3.345944e+003,1.411197e-002
3.346427e+003,1.412610e-002
3.346909e+003,1.413586e-002
3.347391e+003,1.413733e-002
3.347873e+003,1.412974e-002
3.348355e+003,1.411407e-002
3.348837e+003,1.409414e-002
3.349319e+003,1.407421e-002
3.349802e+003,1.405965e-002
3.350283e+003,1.405394e-002
3.350766e+003,1.405888e-002
3.351248e+003,1.407379e-002
3.351730e+003,1.409690e-002
3.352212e+003,1.412349e-002
3.352694e+003,1.414885e-002
3.353176e+003,1.416895e-002
3.353658e+003,1.418030e-002
3.354141e+003,1.418200e-002
3.354623e+003,1.417506e-002
3.355105e+003,1.416217e-002
3.355587e+003,1.414736e-002
3.356069e+003,1.413379e-002
3.356551e+003,1.412335e-002
3.357033e+003,1.411730e-002
3.357515e+003,1.411573e-002
3.357998e+003,1.411854e-002
3.358480e+003,1.412585e-002
3.358962e+003,1.413878e-002
3.359444e+003,1.415778e-002
3.359926e+003,1.418218e-002
3.360408e+003,1.420985e-002
3.360890e+003,1.423719e-002
3.361372e+003,1.425847e-002
3.361854e+003,1.426861e-002
3.362337e+003,1.426537e-002
3.362819e+003,1.424851e-002
3.363301e+003,1.422084e-002
3.363783e+003,1.418800e-002
3.364265e+003,1.415592e-002
3.364747e+003,1.412970e-002
3.365229e+003,1.411292e-002
3.365712e+003,1.410571e-002
3.366194e+003,1.410706e-002
3.366676e+003,1.411403e-002
3.367158e+003,1.412416e-002
3.367640e+003,1.413452e-002
3.368122e+003,1.414319e-002
3.368604e+003,1.414882e-002
3.369086e+003,1.415107e-002
3.369569e+003,1.414870e-002
3.370051e+003,1.414182e-002
3.370533e+003,1.413099e-002
3.371015e+003,1.411733e-002
3.371497e+003,1.410210e-002
3.371979e+003,1.408787e-002
3.372461e+003,1.407702e-002
3.372943e+003,1.407113e-002
3.373426e+003,1.407235e-002
3.373908e+003,1.408193e-002
3.374390e+003,1.409783e-002
3.374872e+003,1.411892e-002
3.375354e+003,1.414194e-002
3.375836e+003,1.416384e-002
3.376318e+003,1.418111e-002
3.376800e+003,1.419184e-002
3.377282e+003,1.419510e-002
3.377765e+003,1.419159e-002
3.378247e+003,1.418356e-002
3.378729e+003,1.417304e-002
3.379211e+003,1.416194e-002
3.379693e+003,1.415096e-002
3.380175e+003,1.414032e-002
3.380657e+003,1.412921e-002
3.381140e+003,1.411686e-002
3.381622e+003,1.410428e-002
3.382104e+003,1.409215e-002
3.382586e+003,1.408375e-002
3.383068e+003,1.408111e-002
3.383550e+003,1.408607e-002
3.384032e+003,1.409883e-002
3.384514e+003,1.411782e-002
3.384997e+003,1.413954e-002
3.385479e+003,1.416092e-002
3.385961e+003,1.417789e-002
3.386443e+003,1.418818e-002
3.386925e+003,1.419167e-002
3.387407e+003,1.418802e-002
3.387889e+003,1.417984e-002
3.388371e+003,1.417052e-002
3.388854e+003,1.416245e-002
3.389336e+003,1.415925e-002
3.389818e+003,1.416285e-002
3.390300e+003,1.417383e-002
3.390782e+003,1.419138e-002
3.391264e+003,1.421337e-002
3.391746e+003,1.423547e-002
3.392229e+003,1.425520e-002
3.392710e+003,1.427017e-002
3.393193e+003,1.428014e-002
3.393675e+003,1.428717e-002
3.394157e+003,1.429419e-002
3.394639e+003,1.430327e-002
3.395121e+003,1.431552e-002
3.395603e+003,1.432937e-002
3.396085e+003,1.434163e-002
3.396568e+003,1.434809e-002
3.397050e+003,1.434434e-002
3.397532e+003,1.432818e-002
3.398014e+003,1.430054e-002
3.398496e+003,1.426437e-002
3.398978e+003,1.422534e-002
3.399460e+003,1.418926e-002
3.399942e+003,1.416045e-002
3.400425e+003,1.414335e-002
3.400907e+003,1.413864e-002
3.401389e+003,1.414451e-002
3.401871e+003,1.415710e-002
3.402353e+003,1.417095e-002
3.402835e+003,1.418024e-002
3.403317e+003,1.417918e-002
3.403799e+003,1.416615e-002
3.404281e+003,1.414014e-002
3.404764e+003,1.410365e-002
3.405246e+003,1.406099e-002
3.405728e+003,1.401673e-002
3.406210e+003,1.397474e-002
3.406692e+003,1.393797e-002
3.407174e+003,1.390690e-002
3.407656e+003,1.388037e-002
3.408138e+003,1.385692e-002
3.408621e+003,1.383574e-002
3.409103e+003,1.381580e-002
3.409585e+003,1.379746e-002
3.410067e+003,1.378185e-002
3.410549e+003,1.377033e-002
3.411031e+003,1.376350e-002
3.411513e+003,1.376236e-002
3.411996e+003,1.376625e-002
3.412478e+003,1.377527e-002
3.412960e+003,1.378943e-002
3.413442e+003,1.380736e-002
3.413924e+003,1.382826e-002
3.414406e+003,1.385088e-002
3.414888e+003,1.387397e-002
3.415370e+003,1.389489e-002
3.415853e+003,1.391182e-002
3.416335e+003,1.392349e-002
3.416817e+003,1.392877e-002
3.417299e+003,1.392685e-002
3.417781e+003,1.391761e-002
3.418263e+003,1.390117e-002
3.418745e+003,1.387832e-002
3.419227e+003,1.385031e-002
3.419709e+003,1.381978e-002
3.420192e+003,1.378925e-002
3.420674e+003,1.376237e-002
3.421156e+003,1.374085e-002
3.421638e+003,1.372597e-002
3.422120e+003,1.371737e-002
3.422602e+003,1.371358e-002
3.423084e+003,1.371345e-002
3.423566e+003,1.371493e-002
3.424049e+003,1.371789e-002
3.424531e+003,1.372257e-002
3.425013e+003,1.372931e-002
3.425495e+003,1.373697e-002
3.425977e+003,1.374544e-002
3.426459e+003,1.375275e-002
3.426941e+003,1.375721e-002
3.427424e+003,1.375834e-002
3.427906e+003,1.375661e-002
3.428388e+003,1.375396e-002
3.428870e+003,1.375257e-002
3.429352e+003,1.375508e-002
3.429834e+003,1.376160e-002
3.430316e+003,1.377168e-002
3.430798e+003,1.378291e-002
3.431281e+003,1.379265e-002
3.431763e+003,1.379906e-002
3.432245e+003,1.380123e-002
3.432727e+003,1.379880e-002
3.433209e+003,1.379316e-002
3.433691e+003,1.378488e-002
3.434173e+003,1.377510e-002
3.434655e+003,1.376429e-002
3.435137e+003,1.375381e-002
3.435620e+003,1.374471e-002
3.436102e+003,1.373722e-002
3.436584e+003,1.373248e-002
3.437066e+003,1.373085e-002
3.437548e+003,1.373116e-002
3.438030e+003,1.373217e-002
3.438512e+003,1.373248e-002
3.438994e+003,1.373280e-002
3.439477e+003,1.373461e-002
3.439959e+003,1.374068e-002
3.440441e+003,1.375422e-002
3.440923e+003,1.377629e-002
3.441405e+003,1.380515e-002
3.441887e+003,1.383540e-002
3.442369e+003,1.386036e-002
3.442852e+003,1.387439e-002
3.443333e+003,1.387518e-002
3.443816e+003,1.386469e-002
3.444298e+003,1.384912e-002
3.444780e+003,1.383631e-002
3.445262e+003,1.383399e-002
3.445744e+003,1.384491e-002
3.446226e+003,1.386678e-002
3.446708e+003,1.389212e-002
3.447191e+003,1.391124e-002
3.447673e+003,1.391527e-002
3.448155e+003,1.389980e-002
3.448637e+003,1.386657e-002
3.449119e+003,1.382110e-002
3.449601e+003,1.377123e-002
3.450083e+003,1.372470e-002
3.450565e+003,1.368762e-002
3.451048e+003,1.366276e-002
3.451530e+003,1.365129e-002
3.452012e+003,1.365100e-002
3.452494e+003,1.365891e-002
3.452976e+003,1.367179e-002
3.453458e+003,1.368651e-002
3.453940e+003,1.370090e-002
3.454422e+003,1.371401e-002
3.454905e+003,1.372736e-002
3.455387e+003,1.374176e-002
3.455869e+003,1.375846e-002
3.456351e+003,1.377784e-002
3.456833e+003,1.379976e-002
3.457315e+003,1.382041e-002
3.457797e+003,1.383888e-002
3.458280e+003,1.385144e-002
3.458761e+003,1.385800e-002
3.459244e+003,1.386028e-002
3.459726e+003,1.386129e-002
3.460208e+003,1.386542e-002
3.460690e+003,1.387429e-002
3.461172e+003,1.388954e-002
3.461654e+003,1.390837e-002
3.462136e+003,1.392710e-002
3.462619e+003,1.394189e-002
3.463101e+003,1.395113e-002
3.463583e+003,1.395527e-002
3.464065e+003,1.395710e-002
3.464547e+003,1.396020e-002
3.465029e+003,1.396678e-002
3.465511e+003,1.397695e-002
3.465993e+003,1.398863e-002
3.466476e+003,1.399800e-002
3.466958e+003,1.400226e-002
3.467440e+003,1.399806e-002
3.467922e+003,1.398737e-002
3.468404e+003,1.397180e-002
3.468886e+003,1.395495e-002
3.469368e+003,1.393867e-002
3.469850e+003,1.392355e-002
3.470333e+003,1.390958e-002
3.470815e+003,1.389445e-002
3.471297e+003,1.387839e-002
3.471779e+003,1.386128e-002
3.472261e+003,1.384532e-002
3.472743e+003,1.383285e-002
3.473225e+003,1.382524e-002
3.473708e+003,1.382252e-002
3.474189e+003,1.382281e-002
3.474672e+003,1.382333e-002
3.475154e+003,1.382037e-002
3.475636e+003,1.381217e-002
3.476118e+003,1.379886e-002
3.476600e+003,1.378241e-002
3.477082e+003,1.376595e-002
3.477564e+003,1.375263e-002
3.478047e+003,1.374523e-002
3.478529e+003,1.374446e-002
3.479011e+003,1.375009e-002
3.479493e+003,1.375990e-002
3.479975e+003,1.377054e-002
3.480457e+003,1.377850e-002
3.480939e+003,1.377983e-002
3.481421e+003,1.377219e-002
3.481904e+003,1.375430e-002
3.482386e+003,1.372663e-002
3.482868e+003,1.369104e-002
3.483350e+003,1.365124e-002
3.483832e+003,1.360968e-002
3.484314e+003,1.356951e-002
3.484796e+003,1.353236e-002
3.485278e+003,1.349928e-002
3.485760e+003,1.347108e-002
3.486243e+003,1.344812e-002
3.486725e+003,1.343004e-002
3.487207e+003,1.341640e-002
3.487689e+003,1.340648e-002
3.488171e+003,1.339877e-002
3.488653e+003,1.339164e-002
3.489135e+003,1.338264e-002
3.489618e+003,1.337073e-002
3.490100e+003,1.335578e-002
3.490582e+003,1.333883e-002
3.491064e+003,1.332177e-002
3.491546e+003,1.330751e-002
3.492028e+003,1.329931e-002
3.492510e+003,1.329764e-002
3.492992e+003,1.330204e-002
3.493475e+003,1.331135e-002
3.493957e+003,1.332218e-002
3.494439e+003,1.333243e-002
3.494921e+003,1.333976e-002
3.495403e+003,1.334335e-002
3.495885e+003,1.334426e-002
3.496367e+003,1.334225e-002
3.496849e+003,1.333801e-002
3.497332e+003,1.333190e-002
3.497814e+003,1.332333e-002
3.498296e+003,1.331218e-002
3.498778e+003,1.329975e-002
3.499260e+003,1.328638e-002
3.499742e+003,1.327616e-002
3.500224e+003,1.327062e-002
3.500706e+003,1.327186e-002
3.501188e+003,1.328118e-002
3.501671e+003,1.329623e-002
3.502153e+003,1.331293e-002
3.502635e+003,1.332343e-002
3.503117e+003,1.332175e-002
3.503599e+003,1.330227e-002
3.504081e+003,1.326299e-002
3.504563e+003,1.320590e-002
3.505046e+003,1.313696e-002
3.505528e+003,1.306437e-002
3.506010e+003,1.299739e-002
3.506492e+003,1.294457e-002
3.506974e+003,1.291366e-002
3.507456e+003,1.290922e-002
3.507938e+003,1.293116e-002
3.508420e+003,1.297502e-002
3.508903e+003,1.303063e-002
3.509385e+003,1.308473e-002
3.509867e+003,1.312535e-002
3.510349e+003,1.314346e-002
3.510831e+003,1.313553e-002
3.511313e+003,1.310471e-002
3.511795e+003,1.305780e-002
3.512277e+003,1.300349e-002
3.512760e+003,1.295057e-002
3.513242e+003,1.290621e-002
3.513724e+003,1.287452e-002
3.514206e+003,1.285785e-002
3.514688e+003,1.285597e-002
3.515170e+003,1.286701e-002
3.515652e+003,1.288805e-002
3.516135e+003,1.291684e-002
3.516616e+003,1.294916e-002
3.517099e+003,1.298044e-002
3.517581e+003,1.300631e-002
3.518063e+003,1.302162e-002
3.518545e+003,1.302434e-002
3.519027e+003,1.301436e-002
3.519509e+003,1.299521e-002
3.519991e+003,1.297276e-002
3.520474e+003,1.295466e-002
3.520956e+003,1.294737e-002
3.521438e+003,1.295338e-002
3.521920e+003,1.297081e-002
3.522402e+003,1.299318e-002
3.522884e+003,1.301085e-002
3.523366e+003,1.301393e-002
3.523848e+003,1.299652e-002
3.524331e+003,1.296096e-002
3.524813e+003,1.291397e-002
3.525295e+003,1.286697e-002
3.525777e+003,1.283056e-002
3.526259e+003,1.281335e-002
3.526741e+003,1.281781e-002
3.527223e+003,1.284054e-002
3.527705e+003,1.287436e-002
3.528188e+003,1.290936e-002
3.528670e+003,1.293883e-002
3.529152e+003,1.295676e-002
3.529634e+003,1.296301e-002
3.530116e+003,1.295782e-002
3.530598e+003,1.294284e-002
3.531080e+003,1.292006e-002
3.531563e+003,1.289056e-002
3.532044e+003,1.285703e-002
3.532527e+003,1.282361e-002
3.533009e+003,1.279479e-002
3.533491e+003,1.277599e-002
3.533973e+003,1.277136e-002
3.534455e+003,1.278148e-002
3.534937e+003,1.280354e-002
3.535419e+003,1.283092e-002
3.535902e+003,1.285512e-002
3.536384e+003,1.286952e-002
3.536866e+003,1.286985e-002
3.537348e+003,1.285801e-002
3.537830e+003,1.283778e-002
3.538312e+003,1.281494e-002
3.538794e+003,1.279422e-002
3.539276e+003,1.277622e-002
3.539759e+003,1.276140e-002
3.540241e+003,1.274717e-002
3.540723e+003,1.273187e-002
3.541205e+003,1.271598e-002
3.541687e+003,1.270067e-002
3.542169e+003,1.268832e-002
3.542651e+003,1.268164e-002
3.543133e+003,1.268313e-002
3.543615e+003,1.269326e-002
3.544098e+003,1.271133e-002
3.544580e+003,1.273662e-002
3.545062e+003,1.276666e-002
3.545544e+003,1.279920e-002
3.546026e+003,1.282890e-002
3.546508e+003,1.285079e-002
3.546990e+003,1.285810e-002
3.547472e+003,1.284729e-002
3.547955e+003,1.281738e-002
3.548437e+003,1.277158e-002
3.548919e+003,1.271700e-002
3.549401e+003,1.266406e-002
3.549883e+003,1.262226e-002
3.550365e+003,1.259847e-002
3.550847e+003,1.259591e-002
3.551330e+003,1.261127e-002
3.551812e+003,1.263564e-002
3.552294e+003,1.265717e-002
3.552776e+003,1.266649e-002
3.553258e+003,1.266085e-002
3.553740e+003,1.264322e-002
3.554222e+003,1.262071e-002
3.554704e+003,1.260045e-002
3.555187e+003,1.258767e-002
3.555669e+003,1.258404e-002
3.556151e+003,1.258764e-002
3.556633e+003,1.259481e-002
3.557115e+003,1.260187e-002
3.557597e+003,1.260762e-002
3.558079e+003,1.261265e-002
3.558561e+003,1.261912e-002
3.559043e+003,1.262927e-002
3.559526e+003,1.264370e-002
3.560008e+003,1.266147e-002
3.560490e+003,1.267853e-002
3.560972e+003,1.269071e-002
3.561454e+003,1.269446e-002
3.561936e+003,1.268927e-002
3.562418e+003,1.267600e-002
3.562900e+003,1.266009e-002
3.563383e+003,1.264943e-002
3.563865e+003,1.265269e-002
3.564347e+003,1.267917e-002
3.564829e+003,1.273697e-002
3.565311e+003,1.282886e-002
3.565793e+003,1.294747e-002
3.566275e+003,1.307208e-002
3.566758e+003,1.317444e-002
3.567240e+003,1.322581e-002
3.567722e+003,1.321579e-002
3.568204e+003,1.315200e-002
3.568686e+003,1.305337e-002
3.569168e+003,1.294124e-002
3.569650e+003,1.283124e-002
3.570132e+003,1.273254e-002
3.570615e+003,1.265029e-002
3.571097e+003,1.258508e-002
3.571579e+003,1.253607e-002
3.572061e+003,1.250221e-002
3.572543e+003,1.248265e-002
3.573025e+003,1.247765e-002
3.573507e+003,1.248829e-002
3.573989e+003,1.251278e-002
3.574471e+003,1.254921e-002
3.574954e+003,1.259198e-002
3.575436e+003,1.263524e-002
3.575918e+003,1.267338e-002
3.576400e+003,1.270209e-002
3.576882e+003,1.272053e-002
3.577364e+003,1.272894e-002
3.577846e+003,1.273053e-002
3.578328e+003,1.272639e-002
3.578811e+003,1.271866e-002
3.579293e+003,1.270638e-002
3.579775e+003,1.269040e-002
3.580257e+003,1.267070e-002
3.580739e+003,1.264920e-002
3.581221e+003,1.262746e-002
3.581703e+003,1.260786e-002
3.582186e+003,1.259125e-002
3.582667e+003,1.257810e-002
3.583150e+003,1.256783e-002
3.583632e+003,1.255946e-002
3.584114e+003,1.255541e-002
3.584596e+003,1.255925e-002
3.585078e+003,1.257866e-002
3.585560e+003,1.262215e-002
3.586042e+003,1.269788e-002
3.586525e+003,1.280574e-002
3.587007e+003,1.293258e-002
3.587489e+003,1.305418e-002
3.587971e+003,1.314381e-002
3.588453e+003,1.318622e-002
3.588935e+003,1.318176e-002
3.589417e+003,1.314059e-002
3.589899e+003,1.307794e-002
3.590382e+003,1.300868e-002
3.590864e+003,1.294732e-002
3.591346e+003,1.290658e-002
3.591828e+003,1.289656e-002
3.592310e+003,1.292601e-002
3.592792e+003,1.299809e-002
3.593274e+003,1.310909e-002
3.593756e+003,1.324726e-002
3.594239e+003,1.339522e-002
3.594721e+003,1.353361e-002
3.595203e+003,1.364910e-002
3.595685e+003,1.373723e-002
3.596167e+003,1.380230e-002
3.596649e+003,1.385561e-002
3.597131e+003,1.390858e-002
3.597614e+003,1.397262e-002
3.598095e+003,1.405232e-002
3.598578e+003,1.414685e-002
3.599060e+003,1.424875e-002
3.599542e+003,1.434791e-002
3.600024e+003,1.443133e-002
3.600506e+003,1.448998e-002
3.600988e+003,1.451733e-002
3.601470e+003,1.451457e-002
3.601953e+003,1.448652e-002
3.602435e+003,1.444015e-002
3.602917e+003,1.438136e-002
3.603399e+003,1.431701e-002
3.603881e+003,1.425145e-002
3.604363e+003,1.419056e-002
3.604845e+003,1.413931e-002
3.605327e+003,1.410516e-002
3.605810e+003,1.409378e-002
3.606292e+003,1.411074e-002
3.606774e+003,1.415507e-002
3.607256e+003,1.421956e-002
3.607738e+003,1.428720e-002
3.608220e+003,1.433701e-002
3.608702e+003,1.435088e-002
3.609184e+003,1.432154e-002
3.609667e+003,1.425320e-002
3.610149e+003,1.415709e-002
3.610631e+003,1.404829e-002
3.611113e+003,1.394236e-002
3.611595e+003,1.385186e-002
3.612077e+003,1.378428e-002
3.612559e+003,1.373951e-002
3.613042e+003,1.370886e-002
3.613524e+003,1.367796e-002
3.614006e+003,1.363158e-002
3.614488e+003,1.356056e-002
3.614970e+003,1.346559e-002
3.615452e+003,1.335478e-002
3.615934e+003,1.324226e-002
3.616416e+003,1.314566e-002
3.616898e+003,1.308482e-002
3.617381e+003,1.307701e-002
3.617863e+003,1.313291e-002
3.618345e+003,1.324601e-002
3.618827e+003,1.339071e-002
3.619309e+003,1.353014e-002
3.619791e+003,1.362957e-002
3.620273e+003,1.367047e-002
3.620755e+003,1.365595e-002
3.621238e+003,1.360234e-002
3.621720e+003,1.352923e-002
3.622202e+003,1.345501e-002
3.622684e+003,1.339130e-002
3.623166e+003,1.334405e-002
3.623648e+003,1.330962e-002
3.624130e+003,1.328269e-002
3.624612e+003,1.325260e-002
3.625094e+003,1.321367e-002
3.625577e+003,1.316430e-002
3.626059e+003,1.311129e-002
3.626541e+003,1.307136e-002
3.627023e+003,1.306825e-002
3.627505e+003,1.312622e-002
3.627987e+003,1.325270e-002
3.628469e+003,1.341717e-002
3.628952e+003,1.355357e-002
3.629434e+003,1.360474e-002
3.629916e+003,1.356081e-002
3.630398e+003,1.345427e-002
3.630880e+003,1.332696e-002
3.631362e+003,1.321261e-002
3.631844e+003,1.313367e-002
3.632326e+003,1.310070e-002
3.632809e+003,1.311130e-002
3.633291e+003,1.315116e-002
3.633773e+003,1.319928e-002
3.634255e+003,1.323321e-002
3.634737e+003,1.324080e-002
3.635219e+003,1.322373e-002
3.635701e+003,1.319147e-002
3.636183e+003,1.316078e-002
3.636666e+003,1.314479e-002
3.637148e+003,1.315175e-002
3.637630e+003,1.318242e-002
3.638112e+003,1.323231e-002
3.638594e+003,1.329254e-002
3.639076e+003,1.335571e-002
3.639558e+003,1.341610e-002
3.640041e+003,1.347091e-002
3.640522e+003,1.351576e-002
3.641005e+003,1.354554e-002
3.641487e+003,1.355317e-002
3.641969e+003,1.353111e-002
3.642451e+003,1.347691e-002
3.642933e+003,1.339336e-002
3.643415e+003,1.329006e-002
3.643897e+003,1.318006e-002
3.644380e+003,1.307843e-002
3.644862e+003,1.299845e-002
3.645344e+003,1.295121e-002
3.645826e+003,1.294489e-002
3.646308e+003,1.298315e-002
3.646790e+003,1.306393e-002
3.647272e+003,1.318032e-002
3.647754e+003,1.332283e-002
3.648237e+003,1.348320e-002
3.648719e+003,1.365179e-002
3.649201e+003,1.381361e-002
3.649683e+003,1.394401e-002
3.650165e+003,1.401602e-002
3.650647e+003,1.401335e-002
3.651129e+003,1.393783e-002
3.651611e+003,1.380687e-002
3.652094e+003,1.364281e-002
3.652576e+003,1.346787e-002
3.653058e+003,1.329948e-002
3.653540e+003,1.315768e-002
3.654022e+003,1.305871e-002
3.654504e+003,1.302051e-002
3.654986e+003,1.305129e-002
3.655469e+003,1.314472e-002
3.655950e+003,1.327276e-002
3.656433e+003,1.339143e-002
3.656915e+003,1.346333e-002
3.657397e+003,1.347391e-002
3.657879e+003,1.342875e-002
3.658361e+003,1.334898e-002
3.658843e+003,1.325710e-002
3.659325e+003,1.317448e-002
3.659808e+003,1.311374e-002
3.660290e+003,1.308049e-002
3.660772e+003,1.307060e-002
3.661254e+003,1.307538e-002
3.661736e+003,1.308260e-002
3.662218e+003,1.308164e-002
3.662700e+003,1.306684e-002
3.663182e+003,1.303686e-002
3.663665e+003,1.299562e-002
3.664147e+003,1.294727e-002
3.664629e+003,1.289670e-002
3.665111e+003,1.284649e-002
3.665593e+003,1.279835e-002
3.666075e+003,1.275509e-002
3.666557e+003,1.272040e-002
3.667039e+003,1.270431e-002
3.667521e+003,1.272154e-002
3.668004e+003,1.279145e-002
3.668486e+003,1.292780e-002
3.668968e+003,1.312720e-002
3.669450e+003,1.334862e-002
3.669932e+003,1.352340e-002
3.670414e+003,1.358896e-002
3.670896e+003,1.352597e-002
3.671378e+003,1.335600e-002
3.671861e+003,1.312062e-002
3.672343e+003,1.285871e-002
3.672825e+003,1.260929e-002
3.673307e+003,1.241149e-002
3.673789e+003,1.231081e-002
3.674271e+003,1.235303e-002
3.674753e+003,1.255075e-002
3.675236e+003,1.284233e-002
3.675718e+003,1.310346e-002
3.676200e+003,1.323929e-002
3.676682e+003,1.324164e-002
3.677164e+003,1.315959e-002
3.677646e+003,1.304731e-002
3.678128e+003,1.294704e-002
3.678610e+003,1.287980e-002
3.679093e+003,1.285089e-002
3.679575e+003,1.285036e-002
3.680057e+003,1.286151e-002
3.680539e+003,1.286922e-002
3.681021e+003,1.286537e-002
3.681503e+003,1.285045e-002
3.681985e+003,1.282926e-002
3.682467e+003,1.280782e-002
3.682949e+003,1.278735e-002
3.683432e+003,1.276442e-002
3.683914e+003,1.273213e-002
3.684396e+003,1.268495e-002
3.684878e+003,1.262249e-002
3.685360e+003,1.255079e-002
3.685842e+003,1.248486e-002
3.686324e+003,1.244464e-002
3.686806e+003,1.245169e-002
3.687289e+003,1.252190e-002
3.687771e+003,1.265531e-002
3.688253e+003,1.283127e-002
3.688735e+003,1.300963e-002
3.689217e+003,1.315158e-002
3.689699e+003,1.323564e-002
3.690181e+003,1.326449e-002
3.690664e+003,1.325316e-002
3.691146e+003,1.321740e-002
3.691628e+003,1.316523e-002
3.692110e+003,1.310010e-002
3.692592e+003,1.302360e-002
3.693074e+003,1.293969e-002
3.693556e+003,1.285576e-002
3.694038e+003,1.278094e-002
3.694521e+003,1.272412e-002
3.695003e+003,1.269197e-002
3.695485e+003,1.268425e-002
3.695967e+003,1.269454e-002
3.696449e+003,1.270978e-002
3.696931e+003,1.271909e-002
3.697413e+003,1.271519e-002
3.697895e+003,1.269845e-002
3.698377e+003,1.267701e-002
3.698860e+003,1.266433e-002
3.699342e+003,1.267439e-002
3.699824e+003,1.271891e-002
3.700306e+003,1.280387e-002
3.700788e+003,1.292259e-002
3.701270e+003,1.305743e-002
3.701752e+003,1.318341e-002
3.702234e+003,1.327912e-002
3.702717e+003,1.333404e-002
3.703199e+003,1.334927e-002
3.703681e+003,1.333393e-002
3.704163e+003,1.330027e-002
3.704645e+003,1.325905e-002
3.705127e+003,1.321882e-002
3.705609e+003,1.318427e-002
3.706092e+003,1.315961e-002
3.706573e+003,1.314498e-002
3.707056e+003,1.313988e-002
3.707538e+003,1.314344e-002
3.708020e+003,1.315544e-002
3.708502e+003,1.317598e-002
3.708984e+003,1.320792e-002
3.709466e+003,1.325685e-002
3.709948e+003,1.332836e-002
3.710431e+003,1.342554e-002
3.710913e+003,1.354322e-002
3.711395e+003,1.366688e-002
3.711877e+003,1.377459e-002
3.712359e+003,1.384672e-002
3.712841e+003,1.387123e-002
3.713323e+003,1.384846e-002
3.713805e+003,1.378448e-002
3.714288e+003,1.369157e-002
3.714770e+003,1.358311e-002
3.715252e+003,1.347278e-002
3.715734e+003,1.337372e-002
3.716216e+003,1.329563e-002
3.716698e+003,1.324433e-002
3.717180e+003,1.322022e-002
3.717662e+003,1.321734e-002
3.718145e+003,1.322738e-002
3.718627e+003,1.324027e-002
3.719109e+003,1.325019e-002
3.719591e+003,1.325799e-002
3.720073e+003,1.326854e-002
3.720555e+003,1.328753e-002
3.721037e+003,1.331996e-002
3.721520e+003,1.336321e-002
3.722001e+003,1.341058e-002
3.722484e+003,1.345050e-002
3.722966e+003,1.347861e-002
3.723448e+003,1.349653e-002
3.723930e+003,1.351321e-002
3.724412e+003,1.354121e-002
3.724894e+003,1.358827e-002
3.725376e+003,1.365252e-002
3.725859e+003,1.371853e-002
3.726341e+003,1.376426e-002
3.726823e+003,1.376853e-002
3.727305e+003,1.372273e-002
3.727787e+003,1.363420e-002
3.728269e+003,1.351899e-002
3.728751e+003,1.339952e-002
3.729233e+003,1.329423e-002
3.729716e+003,1.321795e-002
3.730198e+003,1.317904e-002
3.730680e+003,1.317700e-002
3.731162e+003,1.320289e-002
3.731644e+003,1.324075e-002
3.732126e+003,1.327400e-002
3.732608e+003,1.329529e-002
3.733090e+003,1.331060e-002
3.733573e+003,1.333602e-002
3.734055e+003,1.339014e-002
3.734537e+003,1.348257e-002
3.735019e+003,1.360025e-002
3.735501e+003,1.371197e-002
3.735983e+003,1.378202e-002
3.736465e+003,1.379492e-002
3.736948e+003,1.375923e-002
3.737430e+003,1.369856e-002
3.737912e+003,1.363501e-002
3.738394e+003,1.358418e-002
3.738876e+003,1.355208e-002
3.739358e+003,1.353371e-002
3.739840e+003,1.351884e-002
3.740322e+003,1.349546e-002
3.740804e+003,1.345583e-002
3.741287e+003,1.340219e-002
3.741769e+003,1.334692e-002
3.742251e+003,1.331714e-002
3.742733e+003,1.335123e-002
3.743215e+003,1.348701e-002
3.743697e+003,1.373367e-002
3.744179e+003,1.404199e-002
3.744661e+003,1.430864e-002
3.745144e+003,1.444682e-002
3.745626e+003,1.443816e-002
3.746108e+003,1.431680e-002
3.746590e+003,1.413092e-002
3.747072e+003,1.392073e-002
3.747554e+003,1.371676e-002
3.748036e+003,1.354496e-002
3.748518e+003,1.342597e-002
3.749000e+003,1.337610e-002
3.749483e+003,1.340324e-002
3.749965e+003,1.350106e-002
3.750447e+003,1.365028e-002
3.750929e+003,1.382024e-002
3.751411e+003,1.397634e-002
3.751893e+003,1.409149e-002
3.752375e+003,1.414748e-002
3.752858e+003,1.414064e-002
3.753340e+003,1.407911e-002
3.753822e+003,1.397854e-002
3.754304e+003,1.385576e-002
3.754786e+003,1.372931e-002
3.755268e+003,1.361438e-002
3.755750e+003,1.352528e-002
3.756232e+003,1.347130e-002
3.756715e+003,1.345846e-002
3.757197e+003,1.348693e-002
3.757679e+003,1.355193e-002
3.758161e+003,1.364483e-002
3.758643e+003,1.375471e-002
3.759125e+003,1.386400e-002
3.759607e+003,1.395235e-002
3.760089e+003,1.399962e-002
3.760572e+003,1.399375e-002
3.761054e+003,1.393245e-002
3.761536e+003,1.382915e-002
3.762018e+003,1.370371e-002
3.762500e+003,1.358013e-002
3.762982e+003,1.348356e-002
3.763464e+003,1.343587e-002
3.763947e+003,1.345042e-002
3.764428e+003,1.352408e-002
3.764911e+003,1.363374e-002
3.765393e+003,1.374293e-002
3.765875e+003,1.381843e-002
3.766357e+003,1.384574e-002
3.766839e+003,1.383229e-002
3.767321e+003,1.379931e-002
3.767803e+003,1.377401e-002
3.768286e+003,1.377955e-002
3.768768e+003,1.382715e-002
3.769250e+003,1.391029e-002
3.769732e+003,1.400428e-002
3.770214e+003,1.408028e-002
3.770696e+003,1.411498e-002
3.771178e+003,1.410594e-002
3.771660e+003,1.406287e-002
3.772143e+003,1.400302e-002
3.772625e+003,1.394241e-002
3.773107e+003,1.389338e-002
3.773589e+003,1.386199e-002
3.774071e+003,1.384913e-002
3.774553e+003,1.384977e-002
3.775035e+003,1.385696e-002
3.775517e+003,1.386327e-002
3.776000e+003,1.386428e-002
3.776482e+003,1.385962e-002
3.776964e+003,1.385369e-002
3.777446e+003,1.385457e-002
3.777928e+003,1.387086e-002
3.778410e+003,1.390495e-002
3.778892e+003,1.395156e-002
3.779375e+003,1.399628e-002
3.779856e+003,1.402067e-002
3.780339e+003,1.401374e-002
3.780821e+003,1.397687e-002
3.781303e+003,1.392179e-002
3.781785e+003,1.386758e-002
3.782267e+003,1.383257e-002
3.782749e+003,1.383257e-002
3.783231e+003,1.387491e-002
3.783714e+003,1.395469e-002
3.784196e+003,1.405333e-002
3.784678e+003,1.414581e-002
3.785160e+003,1.420833e-002
3.785642e+003,1.423115e-002
3.786124e+003,1.421651e-002
3.786606e+003,1.417795e-002
3.787088e+003,1.413217e-002
3.787571e+003,1.409346e-002
3.788053e+003,1.407070e-002
3.788535e+003,1.406919e-002
3.789017e+003,1.408783e-002
3.789499e+003,1.412305e-002
3.789981e+003,1.416905e-002
3.790463e+003,1.421684e-002
3.790945e+003,1.425501e-002
3.791427e+003,1.427178e-002
3.791910e+003,1.425560e-002
3.792392e+003,1.420253e-002
3.792874e+003,1.411789e-002
3.793356e+003,1.401522e-002
3.793838e+003,1.391647e-002
3.794320e+003,1.384864e-002
3.794802e+003,1.383530e-002
3.795284e+003,1.388779e-002
3.795767e+003,1.399331e-002
3.796249e+003,1.411700e-002
3.796731e+003,1.421218e-002
3.797213e+003,1.424381e-002
3.797695e+003,1.420246e-002
3.798177e+003,1.410373e-002
3.798659e+003,1.398087e-002
3.799142e+003,1.387613e-002
3.799624e+003,1.383574e-002
3.800106e+003,1.389921e-002
3.800588e+003,1.408182e-002
3.801070e+003,1.434377e-002
3.801552e+003,1.459427e-002
3.802034e+003,1.474521e-002
3.802516e+003,1.476310e-002
3.802999e+003,1.467279e-002
3.803481e+003,1.452208e-002
3.803963e+003,1.435850e-002
3.804445e+003,1.422147e-002
3.804927e+003,1.414189e-002
3.805409e+003,1.414178e-002
3.805891e+003,1.422675e-002
3.806373e+003,1.437651e-002
3.806855e+003,1.454336e-002
3.807338e+003,1.467312e-002
3.807820e+003,1.473633e-002
3.808302e+003,1.473463e-002
3.808784e+003,1.469053e-002
3.809266e+003,1.462910e-002
3.809748e+003,1.456881e-002
3.810230e+003,1.451843e-002
3.810712e+003,1.447645e-002
3.811195e+003,1.443599e-002
3.811677e+003,1.438915e-002
3.812159e+003,1.433414e-002
3.812641e+003,1.427760e-002
3.813123e+003,1.423454e-002
3.813605e+003,1.422946e-002
3.814087e+003,1.428442e-002
3.814570e+003,1.441396e-002
3.815052e+003,1.460235e-002
3.815534e+003,1.480011e-002
3.816016e+003,1.493632e-002
3.816498e+003,1.496322e-002
3.816980e+003,1.487706e-002
3.817462e+003,1.471226e-002
3.817944e+003,1.451669e-002
3.818427e+003,1.433895e-002
3.818909e+003,1.422436e-002
3.819391e+003,1.421697e-002
3.819873e+003,1.434642e-002
3.820355e+003,1.460362e-002
3.820837e+003,1.491611e-002
3.821319e+003,1.517468e-002
3.821801e+003,1.529940e-002
3.822283e+003,1.528255e-002
3.822766e+003,1.516534e-002
3.823248e+003,1.499966e-002
3.823730e+003,1.482960e-002
3.824212e+003,1.468689e-002
3.824694e+003,1.459208e-002
3.825176e+003,1.455403e-002
3.825658e+003,1.456852e-002
3.826140e+003,1.461487e-002
3.826623e+003,1.466442e-002
3.827105e+003,1.469185e-002
3.827587e+003,1.468731e-002
3.828069e+003,1.465729e-002
3.828551e+003,1.462164e-002
3.829033e+003,1.460185e-002
3.829515e+003,1.461662e-002
3.829998e+003,1.467390e-002
3.830479e+003,1.476806e-002
3.830962e+003,1.488070e-002
3.831444e+003,1.498557e-002
3.831926e+003,1.505984e-002
3.832408e+003,1.509133e-002
3.832890e+003,1.508272e-002
3.833372e+003,1.504438e-002
3.833854e+003,1.498987e-002
3.834337e+003,1.492817e-002
3.834819e+003,1.486402e-002
3.835301e+003,1.480011e-002
3.835783e+003,1.474299e-002
3.836265e+003,1.470291e-002
3.836747e+003,1.469411e-002
3.837229e+003,1.472880e-002
3.837711e+003,1.480467e-002
3.838194e+003,1.489969e-002
3.838676e+003,1.497689e-002
3.839158e+003,1.500072e-002
3.839640e+003,1.495447e-002
3.840122e+003,1.484658e-002
3.840604e+003,1.470567e-002
3.841086e+003,1.456937e-002
3.841568e+003,1.447272e-002
3.842051e+003,1.443961e-002
3.842533e+003,1.447776e-002
3.843015e+003,1.457386e-002
3.843497e+003,1.469954e-002
3.843979e+003,1.481985e-002
3.844461e+003,1.490615e-002
3.844943e+003,1.494350e-002
3.845426e+003,1.493329e-002
3.845907e+003,1.488630e-002
3.846390e+003,1.481925e-002
3.846872e+003,1.474626e-002
3.847354e+003,1.467712e-002
3.847836e+003,1.461658e-002
3.848318e+003,1.456400e-002
3.848800e+003,1.451643e-002
3.849282e+003,1.447064e-002
3.849765e+003,1.442640e-002
3.850247e+003,1.438792e-002
3.850729e+003,1.436927e-002
3.851211e+003,1.439243e-002
3.851693e+003,1.448460e-002
3.852175e+003,1.466706e-002
3.852657e+003,1.492325e-002
3.853139e+003,1.518302e-002
3.853622e+003,1.535810e-002
3.854104e+003,1.541454e-002
3.854586e+003,1.537896e-002
3.855068e+003,1.529722e-002
3.855550e+003,1.520373e-002
3.856032e+003,1.511474e-002
3.856514e+003,1.503192e-002
3.856996e+003,1.495050e-002
3.857479e+003,1.486300e-002
3.857961e+003,1.476878e-002
3.858443e+003,1.466938e-002
3.858925e+003,1.457719e-002
3.859407e+003,1.450484e-002
3.859889e+003,1.446782e-002
3.860371e+003,1.447762e-002
3.860854e+003,1.453969e-002
3.861336e+003,1.464837e-002
3.861818e+003,1.479219e-002
3.862300e+003,1.495647e-002
3.862782e+003,1.512725e-002
3.863264e+003,1.528957e-002
3.863746e+003,1.542726e-002
3.864228e+003,1.551952e-002
3.864710e+003,1.554252e-002
3.865193e+003,1.548384e-002
3.865675e+003,1.534991e-002
3.866157e+003,1.516244e-002
3.866639e+003,1.495427e-002
3.867121e+003,1.476171e-002
3.867603e+003,1.462496e-002
3.868085e+003,1.458206e-002
3.868567e+003,1.466055e-002
3.869050e+003,1.485093e-002
3.869532e+003,1.509158e-002
3.870014e+003,1.528846e-002
3.870496e+003,1.537229e-002
3.870978e+003,1.533900e-002
3.871460e+003,1.523411e-002
3.871942e+003,1.511613e-002
3.872424e+003,1.503813e-002
3.872906e+003,1.503198e-002
3.873389e+003,1.510209e-002
3.873871e+003,1.521912e-002
3.874353e+003,1.533138e-002
3.874835e+003,1.538991e-002
3.875317e+003,1.537148e-002
3.875799e+003,1.528138e-002
3.876281e+003,1.514409e-002
3.876764e+003,1.498863e-002
3.877246e+003,1.484584e-002
3.877728e+003,1.474205e-002
3.878210e+003,1.470124e-002
3.878692e+003,1.474196e-002
3.879174e+003,1.486853e-002
3.879656e+003,1.506116e-002
3.880138e+003,1.527410e-002
3.880621e+003,1.544910e-002
3.881103e+003,1.554005e-002
3.881585e+003,1.553354e-002
3.882067e+003,1.544628e-002
3.882549e+003,1.531150e-002
3.883031e+003,1.517137e-002
3.883513e+003,1.506458e-002
3.883995e+003,1.502750e-002
3.884478e+003,1.507715e-002
3.884960e+003,1.520163e-002
3.885442e+003,1.535162e-002
3.885924e+003,1.546332e-002
3.886406e+003,1.549123e-002
3.886888e+003,1.542947e-002
3.887370e+003,1.530088e-002
3.887853e+003,1.514029e-002
3.888334e+003,1.498202e-002
3.888817e+003,1.485570e-002
3.889299e+003,1.478487e-002
3.889781e+003,1.478514e-002
3.890263e+003,1.485824e-002
3.890745e+003,1.498702e-002
3.891227e+003,1.513860e-002
3.891709e+003,1.527580e-002
3.892192e+003,1.537243e-002
3.892674e+003,1.541976e-002
3.893156e+003,1.542506e-002
3.893638e+003,1.540093e-002
3.894120e+003,1.536104e-002
3.894602e+003,1.531684e-002
3.895084e+003,1.527602e-002
3.895566e+003,1.524392e-002
3.896049e+003,1.522444e-002
3.896531e+003,1.521929e-002
3.897013e+003,1.522899e-002
3.897495e+003,1.525329e-002
3.897977e+003,1.528958e-002
3.898459e+003,1.533475e-002
3.898941e+003,1.538227e-002
3.899423e+003,1.542498e-002
3.899906e+003,1.545649e-002
3.900388e+003,1.547223e-002
3.900870e+003,1.547127e-002
3.901352e+003,1.545766e-002
3.901834e+003,1.543804e-002
3.902316e+003,1.542403e-002
3.902798e+003,1.542411e-002
3.903281e+003,1.544298e-002
3.903762e+003,1.547752e-002
3.904245e+003,1.551742e-002
3.904727e+003,1.554872e-002
3.905209e+003,1.556187e-002
3.905691e+003,1.555334e-002
3.906173e+003,1.552835e-002
3.906655e+003,1.549356e-002
3.907137e+003,1.545850e-002
3.907620e+003,1.542866e-002
3.908102e+003,1.540900e-002
3.908584e+003,1.540123e-002
3.909066e+003,1.540365e-002
3.909548e+003,1.541444e-002
3.910030e+003,1.543073e-002
3.910512e+003,1.544845e-002
3.910994e+003,1.546317e-002
3.911477e+003,1.546992e-002
3.911959e+003,1.546502e-002
3.912441e+003,1.544691e-002
3.912923e+003,1.541715e-002
3.913405e+003,1.538255e-002
3.913887e+003,1.535238e-002
3.914369e+003,1.533752e-002
3.914851e+003,1.534648e-002
3.915333e+003,1.538253e-002
3.915816e+003,1.544138e-002
3.916298e+003,1.550981e-002
3.916780e+003,1.557196e-002
3.917262e+003,1.561330e-002
3.917744e+003,1.562924e-002
3.918226e+003,1.562331e-002
3.918708e+003,1.560348e-002
3.919190e+003,1.557709e-002
3.919673e+003,1.554991e-002
3.920155e+003,1.552180e-002
3.920637e+003,1.549264e-002
3.921119e+003,1.546321e-002
3.921601e+003,1.543784e-002
3.922083e+003,1.542439e-002
3.922565e+003,1.543377e-002
3.923048e+003,1.547082e-002
3.923530e+003,1.553412e-002
3.924012e+003,1.561187e-002
3.924494e+003,1.568189e-002
3.924976e+003,1.572359e-002
3.925458e+003,1.572460e-002
3.925940e+003,1.568767e-002
3.926422e+003,1.562645e-002
3.926905e+003,1.556074e-002
3.927387e+003,1.550868e-002
3.927869e+003,1.548405e-002
3.928351e+003,1.549370e-002
3.928833e+003,1.553554e-002
3.929315e+003,1.560143e-002
3.929797e+003,1.567864e-002
3.930279e+003,1.575391e-002
3.930761e+003,1.581538e-002
3.931244e+003,1.585506e-002
3.931726e+003,1.586620e-002
3.932208e+003,1.584645e-002
3.932690e+003,1.579671e-002
3.933172e+003,1.572065e-002
3.933654e+003,1.562800e-002
3.934136e+003,1.552928e-002
3.934618e+003,1.543712e-002
3.935101e+003,1.536086e-002
3.935583e+003,1.530748e-002
3.936065e+003,1.527949e-002
3.936547e+003,1.527228e-002
3.937029e+003,1.527731e-002
3.937511e+003,1.528313e-002
3.937993e+003,1.528118e-002
3.938476e+003,1.526607e-002
3.938958e+003,1.523883e-002
3.939440e+003,1.520843e-002
3.939922e+003,1.518632e-002
3.940404e+003,1.518410e-002
3.940886e+003,1.521085e-002
3.941368e+003,1.526819e-002
3.941850e+003,1.534741e-002
3.942333e+003,1.543153e-002
3.942815e+003,1.550039e-002
3.943297e+003,1.553617e-002
3.943779e+003,1.553266e-002
3.944261e+003,1.549262e-002
3.944743e+003,1.542791e-002
3.945225e+003,1.535409e-002
3.945707e+003,1.528605e-002
3.946189e+003,1.523555e-002
3.946672e+003,1.521115e-002
3.947154e+003,1.521420e-002
3.947636e+003,1.523968e-002
3.948118e+003,1.527836e-002
3.948600e+003,1.531917e-002
3.949082e+003,1.535299e-002
3.949564e+003,1.537362e-002
3.950046e+003,1.537879e-002
3.950529e+003,1.537090e-002
3.951011e+003,1.535362e-002
3.951493e+003,1.533066e-002
3.951975e+003,1.530584e-002
3.952457e+003,1.528260e-002
3.952939e+003,1.526345e-002
3.953421e+003,1.524946e-002
3.953904e+003,1.524048e-002
3.954385e+003,1.523718e-002
3.954868e+003,1.523745e-002
3.955350e+003,1.523878e-002
3.955832e+003,1.523932e-002
3.956314e+003,1.523575e-002
3.956796e+003,1.522689e-002
3.957278e+003,1.521129e-002
3.957760e+003,1.518972e-002
3.958243e+003,1.516564e-002
3.958725e+003,1.514274e-002
3.959207e+003,1.512698e-002
3.959689e+003,1.512379e-002
3.960171e+003,1.513702e-002
3.960653e+003,1.516759e-002
3.961135e+003,1.521221e-002
3.961617e+003,1.526452e-002
3.962100e+003,1.531551e-002
3.962582e+003,1.535659e-002
3.963064e+003,1.538164e-002
3.963546e+003,1.538948e-002
3.964028e+003,1.538260e-002
3.964510e+003,1.536645e-002
3.964992e+003,1.534658e-002
3.965474e+003,1.532869e-002
3.965957e+003,1.531677e-002
3.966439e+003,1.531346e-002
3.966921e+003,1.531903e-002
3.967403e+003,1.533296e-002
3.967885e+003,1.535393e-002
3.968367e+003,1.537928e-002
3.968849e+003,1.540569e-002
3.969332e+003,1.542826e-002
3.969813e+003,1.544275e-002
3.970296e+003,1.544701e-002
3.970778e+003,1.544145e-002
3.971260e+003,1.543085e-002
3.971742e+003,1.542197e-002
3.972224e+003,1.542304e-002
3.972706e+003,1.544072e-002
3.973188e+003,1.547700e-002
3.973671e+003,1.552909e-002
3.974153e+003,1.559024e-002
3.974635e+003,1.565153e-002
3.975117e+003,1.570407e-002
3.975599e+003,1.574346e-002
3.976081e+003,1.576797e-002
3.976563e+003,1.577973e-002
3.977045e+003,1.578243e-002
3.977528e+003,1.578022e-002
3.978010e+003,1.577562e-002
3.978492e+003,1.577141e-002
3.978974e+003,1.576800e-002
3.979456e+003,1.576579e-002
3.979938e+003,1.576437e-002
3.980420e+003,1.576389e-002
3.980902e+003,1.576233e-002
3.981385e+003,1.575878e-002
3.981867e+003,1.575244e-002
3.982349e+003,1.574382e-002
3.982831e+003,1.573468e-002
3.983313e+003,1.572939e-002
3.983795e+003,1.573156e-002
3.984277e+003,1.574386e-002
3.984760e+003,1.576521e-002
3.985242e+003,1.579257e-002
3.985724e+003,1.581941e-002
3.986206e+003,1.583891e-002
3.986688e+003,1.584643e-002
3.987170e+003,1.584021e-002
3.987652e+003,1.582159e-002
3.988134e+003,1.579470e-002
3.988616e+003,1.576313e-002
3.989099e+003,1.573063e-002
3.989581e+003,1.569771e-002
3.990063e+003,1.566599e-002
3.990545e+003,1.563586e-002
3.991027e+003,1.560973e-002
3.991509e+003,1.559147e-002
3.991991e+003,1.558454e-002
3.992473e+003,1.559350e-002
3.992956e+003,1.561781e-002
3.993438e+003,1.565401e-002
3.993920e+003,1.569569e-002
3.994402e+003,1.573525e-002
3.994884e+003,1.576613e-002
3.995366e+003,1.578420e-002
3.995848e+003,1.578931e-002
3.996330e+003,1.578373e-002
3.996813e+003,1.577307e-002
3.997295e+003,1.576081e-002
3.997777e+003,1.575001e-002
3.998259e+003,1.574255e-002
3.998741e+003,1.573897e-002
3.999223e+003,1.573980e-002
3.999705e+003,1.574464e-002
4.000188e+003,1.575550e-002
