3.996813e+002,0.000000e+000
4.001635e+002,6.114485e-003
4.006456e+002,5.984207e-003
4.011277e+002,5.846150e-003
4.016098e+002,5.738929e-003
4.020919e+002,5.684202e-003
4.025741e+002,5.683753e-003
4.030562e+002,5.719617e-003
4.035383e+002,5.765753e-003
4.040204e+002,5.799664e-003
4.045026e+002,5.810697e-003
4.049847e+002,5.801384e-003
4.054668e+002,5.783175e-003
4.059489e+002,5.768036e-003
4.064311e+002,5.761877e-003
4.069132e+002,5.761229e-003
4.073953e+002,5.758070e-003
4.078774e+002,5.747308e-003
4.083596e+002,5.732761e-003
4.088417e+002,5.725665e-003
4.093238e+002,5.740776e-003
4.098059e+002,5.785394e-003
4.102881e+002,5.855451e-003
4.107702e+002,5.934853e-003
4.112523e+002,6.004860e-003
4.117344e+002,6.054522e-003
4.122166e+002,6.084915e-003
4.126987e+002,6.108189e-003
4.131808e+002,6.140342e-003
4.136629e+002,6.191493e-003
4.141451e+002,6.259325e-003
4.146272e+002,6.329768e-003
4.151093e+002,6.384518e-003
4.155914e+002,6.409180e-003
4.160736e+002,6.399290e-003
4.165557e+002,6.361009e-003
4.170378e+002,6.310386e-003
4.175200e+002,6.269801e-003
4.180021e+002,6.258902e-003
4.184842e+002,6.279987e-003
4.189663e+002,6.311815e-003
4.194484e+002,6.326028e-003
4.199306e+002,6.313651e-003
4.204127e+002,6.289002e-003
4.208948e+002,6.274939e-003
4.213770e+002,6.288240e-003
4.218591e+002,6.334745e-003
4.223412e+002,6.409199e-003
4.228233e+002,6.500214e-003
4.233055e+002,6.596040e-003
4.237876e+002,6.690452e-003
4.242697e+002,6.784620e-003
4.247518e+002,6.886079e-003
4.252339e+002,7.000576e-003
4.257161e+002,7.128424e-003
4.261982e+002,7.260488e-003
4.266803e+002,7.382709e-003
4.271624e+002,7.481277e-003
4.276446e+002,7.547236e-003
4.281267e+002,7.578676e-003
4.286088e+002,7.580318e-003
4.290909e+002,7.560989e-003
4.295731e+002,7.531735e-003
4.300552e+002,7.502300e-003
4.305373e+002,7.480790e-003
4.310194e+002,7.472283e-003
4.315016e+002,7.481026e-003
4.319837e+002,7.509049e-003
4.324658e+002,7.555525e-003
4.329479e+002,7.615673e-003
4.334301e+002,7.680218e-003
4.339122e+002,7.738140e-003
4.343943e+002,7.780709e-003
4.348764e+002,7.804767e-003
4.353586e+002,7.813960e-003
4.358407e+002,7.816591e-003
4.363228e+002,7.821804e-003
4.368049e+002,7.833297e-003
4.372870e+002,7.847547e-003
4.377692e+002,7.855667e-003
4.382513e+002,7.848914e-003
4.387334e+002,7.824359e-003
4.392155e+002,7.786686e-003
4.396977e+002,7.747482e-003
4.401798e+002,7.722014e-003
4.406619e+002,7.722993e-003
4.411440e+002,7.756241e-003
4.416262e+002,7.816820e-003
4.421083e+002,7.892198e-003
4.425904e+002,7.969298e-003
4.430725e+002,8.041387e-003
4.435547e+002,8.110311e-003
4.440368e+002,8.184187e-003
4.445189e+002,8.271123e-003
4.450010e+002,8.374271e-003
4.454832e+002,8.491044e-003
4.459653e+002,8.615139e-003
4.464474e+002,8.740216e-003
4.469295e+002,8.863839e-003
4.474117e+002,8.986634e-003
4.478938e+002,9.111153e-003
4.483759e+002,9.238329e-003
4.488580e+002,9.365630e-003
4.493401e+002,9.487587e-003
4.498223e+002,9.599327e-003
4.503044e+002,9.698433e-003
4.507865e+002,9.787563e-003
4.512687e+002,9.873555e-003
4.517508e+002,9.965459e-003
4.522329e+002,1.006948e-002
4.527150e+002,1.018641e-002
4.531971e+002,1.030967e-002
4.536793e+002,1.043000e-002
4.541614e+002,1.054046e-002
4.546435e+002,1.064019e-002
4.551257e+002,1.073516e-002
4.556078e+002,1.083780e-002
4.560899e+002,1.096249e-002
4.565720e+002,1.112064e-002
4.570542e+002,1.131270e-002
4.575363e+002,1.152248e-002
4.580184e+002,1.172099e-002
4.585005e+002,1.187736e-002
4.589827e+002,1.197004e-002
4.594648e+002,1.199292e-002
4.599469e+002,1.195122e-002
4.604290e+002,1.185690e-002
4.609112e+002,1.172265e-002
4.613933e+002,1.155803e-002
4.618754e+002,1.136773e-002
4.623575e+002,1.115248e-002
4.628397e+002,1.091069e-002
4.633218e+002,1.064236e-002
4.638039e+002,1.035165e-002
4.642860e+002,1.004774e-002
4.647682e+002,9.742671e-003
4.652503e+002,9.449460e-003
4.657324e+002,9.179954e-003
4.662145e+002,8.943370e-003
4.666967e+002,8.745772e-003
4.671788e+002,8.588676e-003
4.676609e+002,8.467693e-003
4.681430e+002,8.373855e-003
4.686252e+002,8.295881e-003
4.691073e+002,8.224533e-003
4.695894e+002,8.155515e-003
4.700715e+002,8.090843e-003
4.705536e+002,8.036958e-003
4.710358e+002,8.003555e-003
4.715179e+002,7.997938e-003
4.720000e+002,8.022689e-003
4.724821e+002,8.072484e-003
4.729643e+002,8.136279e-003
4.734464e+002,8.202550e-003
4.739285e+002,8.263370e-003
4.744106e+002,8.315061e-003
4.748928e+002,8.356248e-003
4.753749e+002,8.385022e-003
4.758570e+002,8.399156e-003
4.763391e+002,8.396144e-003
4.768213e+002,8.375654e-003
4.773034e+002,8.340806e-003
4.777855e+002,8.298405e-003
4.782676e+002,8.256415e-003
4.787498e+002,8.221298e-003
4.792319e+002,8.195072e-003
4.797140e+002,8.174763e-003
4.801961e+002,8.153808e-003
4.806783e+002,8.126358e-003
4.811604e+002,8.089378e-003
4.816425e+002,8.045319e-003
4.821246e+002,8.000402e-003
4.826068e+002,7.962455e-003
4.830889e+002,7.937194e-003
4.835710e+002,7.925265e-003
4.840531e+002,7.922473e-003
4.845352e+002,7.922243e-003
4.850174e+002,7.919351e-003
4.854995e+002,7.912090e-003
4.859816e+002,7.902395e-003
4.864637e+002,7.893670e-003
4.869459e+002,7.887890e-003
4.874280e+002,7.884419e-003
4.879101e+002,7.880758e-003
4.883922e+002,7.874505e-003
4.888744e+002,7.865884e-003
4.893565e+002,7.858803e-003
4.898386e+002,7.860129e-003
4.903207e+002,7.876800e-003
4.908029e+002,7.912236e-003
4.912850e+002,7.963887e-003
4.917671e+002,8.023449e-003
4.922492e+002,8.079673e-003
4.927314e+002,8.122687e-003
4.932135e+002,8.147385e-003
4.936956e+002,8.153805e-003
4.941777e+002,8.146035e-003
4.946599e+002,8.129214e-003
4.951420e+002,8.107834e-003
4.956241e+002,8.084879e-003
4.961062e+002,8.063099e-003
4.965884e+002,8.045402e-003
4.970705e+002,8.035707e-003
4.975526e+002,8.037735e-003
4.980347e+002,8.053657e-003
4.985169e+002,8.081771e-003
4.989990e+002,8.117533e-003
4.994811e+002,8.154295e-003
4.999633e+002,8.185953e-003
5.004454e+002,8.209206e-003
5.009275e+002,8.224443e-003
5.014096e+002,8.234738e-003
5.018917e+002,8.244174e-003
5.023739e+002,8.254860e-003
5.028560e+002,8.266486e-003
5.033381e+002,8.276820e-003
5.038203e+002,8.284419e-003
5.043024e+002,8.290122e-003
5.047845e+002,8.297128e-003
5.052666e+002,8.309068e-003
5.057487e+002,8.327389e-003
5.062309e+002,8.349305e-003
5.067130e+002,8.368152e-003
5.071951e+002,8.375993e-003
5.076772e+002,8.368108e-003
5.081594e+002,8.346047e-003
5.086415e+002,8.318087e-003
5.091236e+002,8.295562e-003
5.096057e+002,8.288763e-003
5.100879e+002,8.302641e-003
5.105700e+002,8.334991e-003
5.110521e+002,8.377779e-003
5.115342e+002,8.421469e-003
5.120164e+002,8.458783e-003
5.124985e+002,8.488005e-003
5.129806e+002,8.511826e-003
5.134627e+002,8.534958e-003
5.139448e+002,8.559591e-003
5.144270e+002,8.584058e-003
5.149091e+002,8.602192e-003
5.153912e+002,8.607031e-003
5.158734e+002,8.594124e-003
5.163555e+002,8.564808e-003
5.168376e+002,8.526998e-003
5.173197e+002,8.492794e-003
5.178019e+002,8.473091e-003
5.182840e+002,8.473865e-003
5.187661e+002,8.494295e-003
5.192482e+002,8.529242e-003
5.197303e+002,8.572878e-003
5.202125e+002,8.621779e-003
5.206946e+002,8.674889e-003
5.211767e+002,8.732150e-003
5.216588e+002,8.791557e-003
5.221410e+002,8.848539e-003
5.226231e+002,8.896411e-003
5.231052e+002,8.929244e-003
5.235873e+002,8.944024e-003
5.240695e+002,8.943461e-003
5.245516e+002,8.934697e-003
5.250337e+002,8.928165e-003
5.255159e+002,8.932978e-003
5.259980e+002,8.953354e-003
5.264801e+002,8.986122e-003
5.269622e+002,9.024174e-003
5.274443e+002,9.059883e-003
5.279265e+002,9.089203e-003
5.284086e+002,9.112864e-003
5.288907e+002,9.134306e-003
5.293728e+002,9.157234e-003
5.298550e+002,9.182986e-003
5.303371e+002,9.208716e-003
5.308192e+002,9.228858e-003
5.313013e+002,9.236523e-003
5.317834e+002,9.226732e-003
5.322656e+002,9.197326e-003
5.327477e+002,9.149820e-003
5.332299e+002,9.087863e-003
5.337120e+002,9.016364e-003
5.341941e+002,8.939984e-003
5.346762e+002,8.862805e-003
5.351583e+002,8.788296e-003
5.356404e+002,8.719771e-003
5.361226e+002,8.660023e-003
5.366047e+002,8.611000e-003
5.370868e+002,8.572523e-003
5.375690e+002,8.542578e-003
5.380511e+002,8.518027e-003
5.385332e+002,8.495886e-003
5.390153e+002,8.475064e-003
5.394974e+002,8.456793e-003
5.399796e+002,8.443777e-003
5.404617e+002,8.438322e-003
5.409438e+002,8.440535e-003
5.414260e+002,8.447370e-003
5.419081e+002,8.453442e-003
5.423902e+002,8.453360e-003
5.428723e+002,8.443986e-003
5.433544e+002,8.425941e-003
5.438365e+002,8.403070e-003
5.443187e+002,8.380755e-003
5.448008e+002,8.363320e-003
5.452830e+002,8.352697e-003
5.457651e+002,8.347683e-003
5.462472e+002,8.345755e-003
5.467293e+002,8.345147e-003
5.472114e+002,8.346140e-003
5.476936e+002,8.351127e-003
5.481757e+002,8.363124e-003
5.486578e+002,8.383338e-003
5.491400e+002,8.410552e-003
5.496221e+002,8.441216e-003
5.501042e+002,8.471004e-003
5.505863e+002,8.497234e-003
5.510684e+002,8.519922e-003
5.515505e+002,8.541201e-003
5.520327e+002,8.563095e-003
5.525148e+002,8.585653e-003
5.529969e+002,8.605968e-003
5.534791e+002,8.618942e-003
5.539612e+002,8.619754e-003
5.544433e+002,8.606426e-003
5.549254e+002,8.581610e-003
5.554076e+002,8.551482e-003
5.558896e+002,8.523929e-003
5.563718e+002,8.505045e-003
5.568539e+002,8.497088e-003
5.573361e+002,8.497691e-003
5.578182e+002,8.502462e-003
5.583003e+002,8.506611e-003
5.587825e+002,8.508243e-003
5.592645e+002,8.508137e-003
5.597467e+002,8.509093e-003
5.602288e+002,8.514134e-003
5.607109e+002,8.524675e-003
5.611931e+002,8.540209e-003
5.616752e+002,8.559208e-003
5.621573e+002,8.580327e-003
5.626394e+002,8.603057e-003
5.631216e+002,8.627709e-003
5.636037e+002,8.654051e-003
5.640858e+002,8.680205e-003
5.645679e+002,8.702678e-003
5.650500e+002,8.717504e-003
5.655322e+002,8.722497e-003
5.660143e+002,8.718621e-003
5.664965e+002,8.710801e-003
5.669785e+002,8.705798e-003
5.674607e+002,8.709733e-003
5.679428e+002,8.724718e-003
5.684249e+002,8.748220e-003
5.689070e+002,8.773960e-003
5.693892e+002,8.795433e-003
5.698713e+002,8.809454e-003
5.703534e+002,8.818025e-003
5.708356e+002,8.826984e-003
5.713177e+002,8.843523e-003
5.717998e+002,8.872133e-003
5.722819e+002,8.912910e-003
5.727640e+002,8.961002e-003
5.732462e+002,9.009976e-003
5.737283e+002,9.053903e-003
5.742104e+002,9.090516e-003
5.746925e+002,9.121292e-003
5.751747e+002,9.149746e-003
5.756568e+002,9.179275e-003
5.761389e+002,9.210690e-003
5.766210e+002,9.241750e-003
5.771031e+002,9.268899e-003
5.775853e+002,9.289373e-003
5.780674e+002,9.303547e-003
5.785496e+002,9.314032e-003
5.790317e+002,9.325262e-003
5.795138e+002,9.340433e-003
5.799959e+002,9.360295e-003
5.804780e+002,9.382408e-003
5.809601e+002,9.402711e-003
5.814423e+002,9.417512e-003
5.819244e+002,9.425438e-003
5.824066e+002,9.427179e-003
5.828887e+002,9.425101e-003
5.833708e+002,9.420839e-003
5.838529e+002,9.414853e-003
5.843350e+002,9.406448e-003
5.848171e+002,9.395308e-003
5.852993e+002,9.382770e-003
5.857814e+002,9.372593e-003
5.862635e+002,9.369593e-003
5.867457e+002,9.377135e-003
5.872278e+002,9.395416e-003
5.877099e+002,9.420205e-003
5.881920e+002,9.443562e-003
5.886741e+002,9.457658e-003
5.891563e+002,9.457665e-003
5.896384e+002,9.443757e-003
5.901205e+002,9.421251e-003
5.906027e+002,9.398414e-003
5.910848e+002,9.382886e-003
5.915669e+002,9.378607e-003
5.920490e+002,9.384520e-003
5.925311e+002,9.395768e-003
5.930133e+002,9.406915e-003
5.934954e+002,9.414869e-003
5.939775e+002,9.419420e-003
5.944597e+002,9.422837e-003
5.949418e+002,9.427371e-003
5.954239e+002,9.433617e-003
5.959060e+002,9.440089e-003
5.963882e+002,9.443914e-003
5.968702e+002,9.443034e-003
5.973524e+002,9.437365e-003
5.978345e+002,9.428957e-003
5.983167e+002,9.420896e-003
5.987988e+002,9.415219e-003
5.992809e+002,9.411885e-003
5.997630e+002,9.408743e-003
6.002451e+002,9.403481e-003
6.007273e+002,9.395166e-003
6.012094e+002,9.386438e-003
6.016915e+002,9.382308e-003
6.021736e+002,9.388234e-003
6.026558e+002,9.407238e-003
6.031379e+002,9.437946e-003
6.036200e+002,9.474583e-003
6.041022e+002,9.509065e-003
6.045842e+002,9.534040e-003
6.050664e+002,9.546032e-003
6.055485e+002,9.546003e-003
6.060306e+002,9.538861e-003
6.065128e+002,9.530465e-003
6.069949e+002,9.524926e-003
6.074770e+002,9.523058e-003
6.079591e+002,9.522636e-003
6.084413e+002,9.519578e-003
6.089234e+002,9.510302e-003
6.094055e+002,9.492778e-003
6.098876e+002,9.466903e-003
6.103698e+002,9.433621e-003
6.108519e+002,9.394432e-003
6.113340e+002,9.350624e-003
6.118162e+002,9.304270e-003
6.122983e+002,9.257925e-003
6.127804e+002,9.215770e-003
6.132625e+002,9.181942e-003
6.137446e+002,9.159587e-003
6.142267e+002,9.148985e-003
6.147089e+002,9.147357e-003
6.151910e+002,9.149339e-003
6.156731e+002,9.149607e-003
6.161553e+002,9.144735e-003
6.166374e+002,9.135653e-003
6.171195e+002,9.126125e-003
6.176016e+002,9.121502e-003
6.180837e+002,9.125805e-003
6.185659e+002,9.139392e-003
6.190480e+002,9.158460e-003
6.195302e+002,9.177936e-003
6.200123e+002,9.192984e-003
6.204944e+002,9.202112e-003
6.209765e+002,9.207239e-003
6.214586e+002,9.212893e-003
6.219407e+002,9.223623e-003
6.224229e+002,9.241850e-003
6.229050e+002,9.266739e-003
6.233871e+002,9.294860e-003
6.238693e+002,9.321772e-003
6.243514e+002,9.343943e-003
6.248335e+002,9.360116e-003
6.253156e+002,9.371157e-003
6.257977e+002,9.378984e-003
6.262798e+002,9.385497e-003
6.267620e+002,9.391863e-003
6.272441e+002,9.398636e-003
6.277263e+002,9.406418e-003
6.282084e+002,9.416554e-003
6.286905e+002,9.430485e-003
6.291726e+002,9.449393e-003
6.296547e+002,9.472486e-003
6.301368e+002,9.497310e-003
6.306190e+002,9.519489e-003
6.311011e+002,9.534991e-003
6.315833e+002,9.541172e-003
6.320654e+002,9.538459e-003
6.325475e+002,9.529174e-003
6.330296e+002,9.517048e-003
6.335117e+002,9.504740e-003
6.339939e+002,9.493230e-003
6.344760e+002,9.481716e-003
6.349581e+002,9.469450e-003
6.354402e+002,9.457030e-003
6.359224e+002,9.447766e-003
6.364045e+002,9.446966e-003
6.368866e+002,9.459362e-003
6.373687e+002,9.487130e-003
6.378508e+002,9.528344e-003
6.383330e+002,9.576770e-003
6.388151e+002,9.624647e-003
6.392972e+002,9.665096e-003
6.397794e+002,9.694794e-003
6.402615e+002,9.714666e-003
6.407436e+002,9.728753e-003
6.412257e+002,9.741858e-003
6.417079e+002,9.757287e-003
6.421899e+002,9.775284e-003
6.426721e+002,9.793739e-003
6.431542e+002,9.809319e-003
6.436364e+002,9.819717e-003
6.441185e+002,9.824133e-003
6.446006e+002,9.823481e-003
6.450827e+002,9.819452e-003
6.455648e+002,9.813035e-003
6.460470e+002,9.804443e-003
6.465291e+002,9.793881e-003
6.470112e+002,9.782118e-003
6.474933e+002,9.771770e-003
6.479755e+002,9.766465e-003
6.484576e+002,9.770259e-003
6.489397e+002,9.785092e-003
6.494219e+002,9.809985e-003
6.499040e+002,9.840811e-003
6.503861e+002,9.871881e-003
6.508682e+002,9.898090e-003
6.513503e+002,9.916732e-003
6.518325e+002,9.928323e-003
6.523146e+002,9.935193e-003
6.527968e+002,9.940593e-003
6.532788e+002,9.946745e-003
6.537610e+002,9.954154e-003
6.542431e+002,9.962237e-003
6.547252e+002,9.970182e-003
6.552073e+002,9.978760e-003
6.556895e+002,9.989502e-003
6.561716e+002,1.000459e-002
6.566537e+002,1.002517e-002
6.571359e+002,1.005057e-002
6.576179e+002,1.007813e-002
6.581001e+002,1.010397e-002
6.585822e+002,1.012489e-002
6.590643e+002,1.013953e-002
6.595464e+002,1.014854e-002
6.600286e+002,1.015454e-002
6.605107e+002,1.016039e-002
6.609928e+002,1.016812e-002
6.614750e+002,1.017893e-002
6.619571e+002,1.019284e-002
6.624392e+002,1.020975e-002
6.629213e+002,1.022979e-002
6.634034e+002,1.025315e-002
6.638856e+002,1.027954e-002
6.643677e+002,1.030788e-002
6.648499e+002,1.033635e-002
6.653320e+002,1.036290e-002
6.658141e+002,1.038609e-002
6.662962e+002,1.040618e-002
6.667783e+002,1.042590e-002
6.672605e+002,1.045019e-002
6.677426e+002,1.048396e-002
6.682247e+002,1.052741e-002
6.687068e+002,1.057333e-002
6.691890e+002,1.061230e-002
6.696711e+002,1.063919e-002
6.701532e+002,1.065511e-002
6.706353e+002,1.066503e-002
6.711174e+002,1.067453e-002
6.715996e+002,1.068863e-002
6.720817e+002,1.070984e-002
6.725638e+002,1.073854e-002
6.730460e+002,1.077252e-002
6.735281e+002,1.080865e-002
6.740102e+002,1.084439e-002
6.744923e+002,1.087930e-002
6.749745e+002,1.091484e-002
6.754565e+002,1.095335e-002
6.759387e+002,1.099630e-002
6.764208e+002,1.104367e-002
6.769030e+002,1.109363e-002
6.773851e+002,1.114456e-002
6.778672e+002,1.119577e-002
6.783493e+002,1.124903e-002
6.788314e+002,1.130710e-002
6.793136e+002,1.137267e-002
6.797957e+002,1.144576e-002
6.802778e+002,1.152350e-002
6.807599e+002,1.160016e-002
6.812421e+002,1.167013e-002
6.817242e+002,1.172954e-002
6.822063e+002,1.177846e-002
6.826885e+002,1.181983e-002
6.831705e+002,1.185870e-002
6.836527e+002,1.189912e-002
6.841348e+002,1.194363e-002
6.846169e+002,1.199232e-002
6.850991e+002,1.204369e-002
6.855812e+002,1.209644e-002
6.860634e+002,1.215029e-002
6.865454e+002,1.220596e-002
6.870276e+002,1.226455e-002
6.875096e+002,1.232626e-002
6.879918e+002,1.238974e-002
6.884739e+002,1.245276e-002
6.889561e+002,1.251308e-002
6.894382e+002,1.256989e-002
6.899203e+002,1.262486e-002
6.904025e+002,1.268071e-002
6.908845e+002,1.274051e-002
6.913667e+002,1.280648e-002
6.918488e+002,1.287845e-002
6.923309e+002,1.295508e-002
6.928130e+002,1.303397e-002
6.932952e+002,1.311346e-002
6.937773e+002,1.319238e-002
6.942594e+002,1.327005e-002
6.947416e+002,1.334545e-002
6.952236e+002,1.341681e-002
6.957058e+002,1.348141e-002
6.961879e+002,1.353692e-002
6.966700e+002,1.358248e-002
6.971522e+002,1.361962e-002
6.976343e+002,1.365179e-002
6.981165e+002,1.368320e-002
6.985985e+002,1.371699e-002
6.990807e+002,1.375377e-002
6.995628e+002,1.379233e-002
7.000449e+002,1.382990e-002
7.005270e+002,1.386481e-002
7.010092e+002,1.389759e-002
7.014913e+002,1.393060e-002
7.019734e+002,1.396784e-002
7.024556e+002,1.401206e-002
7.029377e+002,1.406367e-002
7.034198e+002,1.412058e-002
7.039019e+002,1.417867e-002
7.043840e+002,1.423449e-002
7.048662e+002,1.428669e-002
7.053483e+002,1.433753e-002
7.058304e+002,1.439125e-002
7.063125e+002,1.445247e-002
7.067947e+002,1.452408e-002
7.072768e+002,1.460587e-002
7.077589e+002,1.469529e-002
7.082410e+002,1.478868e-002
7.087231e+002,1.488333e-002
7.092053e+002,1.497897e-002
7.096874e+002,1.507742e-002
7.101696e+002,1.518130e-002
7.106517e+002,1.529307e-002
7.111338e+002,1.541330e-002
7.116159e+002,1.554093e-002
7.120980e+002,1.567448e-002
7.125802e+002,1.581280e-002
7.130623e+002,1.595634e-002
7.135444e+002,1.610678e-002
7.140265e+002,1.626580e-002
7.145087e+002,1.643476e-002
7.149908e+002,1.661378e-002
7.154729e+002,1.680209e-002
7.159550e+002,1.699897e-002
7.164371e+002,1.720416e-002
7.169193e+002,1.741823e-002
7.174014e+002,1.764155e-002
7.178835e+002,1.787332e-002
7.183657e+002,1.811040e-002
7.188478e+002,1.834723e-002
7.193299e+002,1.857689e-002
7.198120e+002,1.879239e-002
7.202942e+002,1.898749e-002
7.207762e+002,1.915749e-002
7.212584e+002,1.929843e-002
7.217405e+002,1.940611e-002
7.222227e+002,1.947570e-002
7.227048e+002,1.950279e-002
7.231869e+002,1.948434e-002
7.236691e+002,1.942049e-002
7.241511e+002,1.931459e-002
7.246333e+002,1.917354e-002
7.251154e+002,1.900591e-002
7.255975e+002,1.882027e-002
7.260797e+002,1.862368e-002
7.265618e+002,1.842116e-002
7.270439e+002,1.821541e-002
7.275260e+002,1.800792e-002
7.280082e+002,1.779945e-002
7.284902e+002,1.759101e-002
7.289724e+002,1.738362e-002
7.294545e+002,1.717802e-002
7.299366e+002,1.697463e-002
7.304188e+002,1.677328e-002
7.309009e+002,1.657373e-002
7.313831e+002,1.637643e-002
7.318651e+002,1.618235e-002
7.323473e+002,1.599311e-002
7.328293e+002,1.580998e-002
7.333115e+002,1.563391e-002
7.337936e+002,1.546374e-002
7.342758e+002,1.529791e-002
7.347579e+002,1.513406e-002
7.352400e+002,1.497107e-002
7.357222e+002,1.480938e-002
7.362042e+002,1.465095e-002
7.366864e+002,1.449838e-002
7.371685e+002,1.435361e-002
7.376506e+002,1.421679e-002
7.381328e+002,1.408585e-002
7.386149e+002,1.395780e-002
7.390970e+002,1.382972e-002
7.395791e+002,1.370018e-002
7.400613e+002,1.357019e-002
7.405434e+002,1.344197e-002
7.410255e+002,1.331819e-002
7.415076e+002,1.320076e-002
7.419897e+002,1.308949e-002
7.424719e+002,1.298288e-002
7.429540e+002,1.287918e-002
7.434362e+002,1.277750e-002
7.439182e+002,1.267843e-002
7.444004e+002,1.258362e-002
7.448825e+002,1.249451e-002
7.453646e+002,1.241143e-002
7.458467e+002,1.233280e-002
7.463289e+002,1.225619e-002
7.468110e+002,1.217909e-002
7.472931e+002,1.210063e-002
7.477753e+002,1.202183e-002
7.482574e+002,1.194495e-002
7.487395e+002,1.187251e-002
7.492216e+002,1.180521e-002
7.497037e+002,1.174205e-002
7.501859e+002,1.168068e-002
7.506680e+002,1.161905e-002
7.511501e+002,1.155688e-002
7.516322e+002,1.149624e-002
7.521144e+002,1.144053e-002
7.525965e+002,1.139281e-002
7.530786e+002,1.135389e-002
7.535608e+002,1.132205e-002
7.540428e+002,1.129342e-002
7.545250e+002,1.126436e-002
7.550071e+002,1.123324e-002
7.554893e+002,1.120172e-002
7.559714e+002,1.117357e-002
7.564535e+002,1.115297e-002
7.569356e+002,1.114202e-002
7.574177e+002,1.113967e-002
7.578999e+002,1.114201e-002
7.583820e+002,1.114446e-002
7.588641e+002,1.114393e-002
7.593463e+002,1.114026e-002
7.598284e+002,1.113590e-002
7.603105e+002,1.113372e-002
7.607926e+002,1.113501e-002
7.612748e+002,1.113834e-002
7.617568e+002,1.113908e-002
7.622390e+002,1.113237e-002
7.627211e+002,1.111497e-002
7.632032e+002,1.108724e-002
7.636854e+002,1.105273e-002
7.641675e+002,1.101677e-002
7.646496e+002,1.098387e-002
7.651317e+002,1.095591e-002
7.656139e+002,1.093177e-002
7.660959e+002,1.090868e-002
7.665781e+002,1.088426e-002
7.670602e+002,1.085799e-002
7.675424e+002,1.083132e-002
7.680245e+002,1.080647e-002
7.685066e+002,1.078443e-002
7.689888e+002,1.076391e-002
7.694708e+002,1.074161e-002
7.699530e+002,1.071384e-002
7.704351e+002,1.067858e-002
7.709172e+002,1.063780e-002
7.713994e+002,1.059593e-002
7.718815e+002,1.055892e-002
7.723636e+002,1.053164e-002
7.728457e+002,1.051535e-002
7.733279e+002,1.050737e-002
7.738099e+002,1.050273e-002
7.742921e+002,1.049607e-002
7.747742e+002,1.048449e-002
7.752563e+002,1.046772e-002
7.757385e+002,1.044751e-002
7.762206e+002,1.042615e-002
7.767028e+002,1.040488e-002
7.771848e+002,1.038356e-002
7.776670e+002,1.036147e-002
7.781491e+002,1.033888e-002
7.786312e+002,1.031819e-002
7.791133e+002,1.030320e-002
7.795955e+002,1.029805e-002
7.800776e+002,1.030471e-002
7.805597e+002,1.032198e-002
7.810419e+002,1.034597e-002
7.815239e+002,1.037141e-002
7.820061e+002,1.039480e-002
7.824882e+002,1.041552e-002
7.829703e+002,1.043608e-002
7.834525e+002,1.046079e-002
7.839346e+002,1.049265e-002
7.844167e+002,1.053245e-002
7.848988e+002,1.057790e-002
7.853810e+002,1.062614e-002
7.858631e+002,1.067487e-002
7.863452e+002,1.072473e-002
7.868273e+002,1.077885e-002
7.873094e+002,1.084132e-002
7.877916e+002,1.091435e-002
7.882737e+002,1.099689e-002
7.887559e+002,1.108430e-002
7.892380e+002,1.117060e-002
7.897201e+002,1.125069e-002
7.902022e+002,1.132301e-002
7.906843e+002,1.138969e-002
7.911665e+002,1.145520e-002
7.916486e+002,1.152434e-002
7.921307e+002,1.159971e-002
7.926128e+002,1.168142e-002
7.930950e+002,1.176778e-002
7.935771e+002,1.185695e-002
7.940592e+002,1.194861e-002
7.945413e+002,1.204396e-002
7.950234e+002,1.214498e-002
7.955056e+002,1.225223e-002
7.959877e+002,1.236475e-002
7.964698e+002,1.247952e-002
7.969520e+002,1.259405e-002
7.974341e+002,1.270748e-002
7.979162e+002,1.282256e-002
7.983983e+002,1.294422e-002
7.988805e+002,1.307876e-002
7.993625e+002,1.323088e-002
7.998447e+002,1.340291e-002
8.003268e+002,1.359528e-002
8.008090e+002,1.380877e-002
8.012911e+002,1.404730e-002
8.017732e+002,1.431948e-002
8.022553e+002,1.463748e-002
8.027374e+002,1.501540e-002
8.032196e+002,1.546509e-002
8.037017e+002,1.599342e-002
8.041838e+002,1.660009e-002
8.046660e+002,1.727819e-002
8.051481e+002,1.801426e-002
8.056302e+002,1.878857e-002
8.061123e+002,1.957481e-002
8.065945e+002,2.033880e-002
8.070765e+002,2.103960e-002
8.075587e+002,2.163349e-002
8.080408e+002,2.207952e-002
8.085229e+002,2.234636e-002
8.090051e+002,2.241717e-002
8.094872e+002,2.229104e-002
8.099694e+002,2.198074e-002
8.104514e+002,2.151022e-002
8.109336e+002,2.091033e-002
8.114156e+002,2.021552e-002
8.118978e+002,1.946183e-002
8.123799e+002,1.868455e-002
8.128621e+002,1.791683e-002
8.133442e+002,1.718854e-002
8.138263e+002,1.652353e-002
8.143085e+002,1.593832e-002
8.147905e+002,1.543993e-002
8.152727e+002,1.502605e-002
8.157548e+002,1.468649e-002
8.162369e+002,1.440769e-002
8.167191e+002,1.417624e-002
8.172012e+002,1.398266e-002
8.176833e+002,1.382141e-002
8.181654e+002,1.368956e-002
8.186476e+002,1.358412e-002
8.191296e+002,1.350007e-002
8.196118e+002,1.343084e-002
8.200939e+002,1.337047e-002
8.205760e+002,1.331603e-002
8.210582e+002,1.326984e-002
8.215403e+002,1.323745e-002
8.220225e+002,1.322555e-002
8.225045e+002,1.323760e-002
8.229867e+002,1.327191e-002
8.234688e+002,1.332179e-002
8.239509e+002,1.337944e-002
8.244330e+002,1.343906e-002
8.249152e+002,1.350010e-002
8.253973e+002,1.356664e-002
8.258794e+002,1.364502e-002
8.263616e+002,1.373887e-002
8.268437e+002,1.384730e-002
8.273258e+002,1.396487e-002
8.278079e+002,1.408495e-002
8.282900e+002,1.420386e-002
8.287722e+002,1.432347e-002
8.292543e+002,1.445131e-002
8.297365e+002,1.459650e-002
8.302185e+002,1.476620e-002
8.307007e+002,1.496173e-002
8.311828e+002,1.517984e-002
8.316649e+002,1.541584e-002
8.321470e+002,1.566849e-002
8.326292e+002,1.594411e-002
8.331113e+002,1.625589e-002
8.335934e+002,1.662298e-002
8.340756e+002,1.706759e-002
8.345577e+002,1.761621e-002
8.350398e+002,1.830356e-002
8.355219e+002,1.917907e-002
8.360040e+002,2.030981e-002
8.364862e+002,2.177407e-002
8.369683e+002,2.364319e-002
8.374504e+002,2.595226e-002
8.379325e+002,2.866689e-002
8.384147e+002,3.165906e-002
8.388968e+002,3.470395e-002
8.393789e+002,3.750376e-002
8.398610e+002,3.973687e-002
8.403431e+002,4.112051e-002
8.408253e+002,4.147035e-002
8.413074e+002,4.074382e-002
8.417896e+002,3.905040e-002
8.422717e+002,3.662668e-002
8.427538e+002,3.378026e-002
8.432359e+002,3.082208e-002
8.437180e+002,2.800838e-002
8.442002e+002,2.550827e-002
8.446823e+002,2.339941e-002
8.451644e+002,2.168532e-002
8.456465e+002,2.032145e-002
8.461287e+002,1.924311e-002
8.466108e+002,1.838505e-002
8.470929e+002,1.769357e-002
8.475751e+002,1.712915e-002
8.480571e+002,1.666460e-002
8.485393e+002,1.628036e-002
8.490214e+002,1.596120e-002
8.495035e+002,1.569398e-002
8.499857e+002,1.546740e-002
8.504678e+002,1.527214e-002
8.509499e+002,1.510151e-002
8.514320e+002,1.495055e-002
8.519142e+002,1.481605e-002
8.523962e+002,1.469511e-002
8.528784e+002,1.458488e-002
8.533605e+002,1.448244e-002
8.538427e+002,1.438476e-002
8.543248e+002,1.428946e-002
8.548069e+002,1.419528e-002
8.552891e+002,1.410193e-002
8.557711e+002,1.401034e-002
8.562533e+002,1.392177e-002
8.567354e+002,1.383743e-002
8.572175e+002,1.375788e-002
8.576996e+002,1.368309e-002
8.581818e+002,1.361232e-002
8.586639e+002,1.354552e-002
8.591460e+002,1.348273e-002
8.596282e+002,1.342533e-002
8.601102e+002,1.337494e-002
8.605924e+002,1.333266e-002
8.610745e+002,1.329874e-002
8.615566e+002,1.327143e-002
8.620388e+002,1.324779e-002
8.625209e+002,1.322432e-002
8.630031e+002,1.319838e-002
8.634851e+002,1.316901e-002
8.639673e+002,1.313687e-002
8.644494e+002,1.310401e-002
8.649315e+002,1.307275e-002
8.654136e+002,1.304476e-002
8.658958e+002,1.302078e-002
8.663779e+002,1.300114e-002
8.668600e+002,1.298571e-002
8.673422e+002,1.297479e-002
8.678242e+002,1.296834e-002
8.683064e+002,1.296599e-002
8.687885e+002,1.296592e-002
8.692706e+002,1.296503e-002
8.697527e+002,1.295988e-002
8.702349e+002,1.294770e-002
8.707170e+002,1.292780e-002
8.711991e+002,1.290210e-002
8.716813e+002,1.287424e-002
8.721634e+002,1.284860e-002
8.726455e+002,1.282803e-002
8.731276e+002,1.281310e-002
8.736097e+002,1.280170e-002
8.740919e+002,1.279091e-002
8.745740e+002,1.277764e-002
8.750562e+002,1.276082e-002
8.755382e+002,1.274088e-002
8.760204e+002,1.271950e-002
8.765025e+002,1.269818e-002
8.769846e+002,1.267753e-002
8.774668e+002,1.265703e-002
8.779489e+002,1.263616e-002
8.784310e+002,1.261474e-002
8.789131e+002,1.259427e-002
8.793953e+002,1.257655e-002
8.798774e+002,1.256410e-002
8.803595e+002,1.255790e-002
8.808416e+002,1.255745e-002
8.813237e+002,1.256133e-002
8.818059e+002,1.256848e-002
8.822880e+002,1.257937e-002
8.827701e+002,1.259624e-002
8.832523e+002,1.262272e-002
8.837344e+002,1.266139e-002
8.842165e+002,1.271208e-002
8.846986e+002,1.277153e-002
8.851808e+002,1.283395e-002
8.856628e+002,1.289374e-002
8.861450e+002,1.294749e-002
8.866271e+002,1.299588e-002
8.871093e+002,1.304287e-002
8.875914e+002,1.309453e-002
8.880735e+002,1.315583e-002
8.885556e+002,1.322948e-002
8.890377e+002,1.331581e-002
8.895199e+002,1.341417e-002
8.900020e+002,1.352544e-002
8.904841e+002,1.365336e-002
8.909662e+002,1.380446e-002
8.914484e+002,1.398763e-002
8.919305e+002,1.421161e-002
8.924126e+002,1.448444e-002
8.928948e+002,1.481273e-002
8.933768e+002,1.520288e-002
8.938590e+002,1.566161e-002
8.943411e+002,1.619554e-002
8.948232e+002,1.680773e-002
8.953054e+002,1.749461e-002
8.957875e+002,1.824066e-002
8.962697e+002,1.901791e-002
8.967517e+002,1.978653e-002
8.972339e+002,2.050018e-002
8.977159e+002,2.111151e-002
8.981981e+002,2.157835e-002
8.986802e+002,2.186772e-002
8.991624e+002,2.195881e-002
8.996445e+002,2.184470e-002
9.001266e+002,2.153343e-002
9.006088e+002,2.104701e-002
9.010908e+002,2.041917e-002
9.015730e+002,1.969099e-002
9.020551e+002,1.890642e-002
9.025372e+002,1.810735e-002
9.030193e+002,1.733011e-002
9.035015e+002,1.660313e-002
9.039836e+002,1.594499e-002
9.044657e+002,1.536499e-002
9.049479e+002,1.486526e-002
9.054299e+002,1.444252e-002
9.059121e+002,1.409130e-002
9.063942e+002,1.380503e-002
9.068763e+002,1.357634e-002
9.073585e+002,1.339635e-002
9.078406e+002,1.325465e-002
9.083228e+002,1.313936e-002
9.088048e+002,1.303993e-002
9.092870e+002,1.294840e-002
9.097691e+002,1.286139e-002
9.102512e+002,1.277910e-002
9.107333e+002,1.270463e-002
9.112155e+002,1.264065e-002
9.116976e+002,1.258793e-002
9.121797e+002,1.254488e-002
9.126619e+002,1.250838e-002
9.131440e+002,1.247565e-002
9.136261e+002,1.244609e-002
9.141082e+002,1.242068e-002
9.145903e+002,1.240116e-002
9.150724e+002,1.238868e-002
9.155546e+002,1.238169e-002
9.160367e+002,1.237653e-002
9.165189e+002,1.236907e-002
9.170010e+002,1.235624e-002
9.174831e+002,1.233822e-002
9.179652e+002,1.231737e-002
9.184473e+002,1.229795e-002
9.189294e+002,1.228286e-002
9.194116e+002,1.227285e-002
9.198937e+002,1.226573e-002
9.203759e+002,1.225833e-002
9.208580e+002,1.224766e-002
9.213401e+002,1.223349e-002
9.218222e+002,1.221735e-002
9.223043e+002,1.220184e-002
9.227864e+002,1.218886e-002
9.232686e+002,1.217808e-002
9.237507e+002,1.216718e-002
9.242328e+002,1.215415e-002
9.247150e+002,1.213813e-002
9.251971e+002,1.212221e-002
9.256792e+002,1.211149e-002
9.261613e+002,1.211268e-002
9.266434e+002,1.212977e-002
9.271255e+002,1.216318e-002
9.276077e+002,1.220886e-002
9.280898e+002,1.226075e-002
9.285720e+002,1.231296e-002
9.290541e+002,1.236315e-002
9.295362e+002,1.241209e-002
9.300183e+002,1.246391e-002
9.305004e+002,1.252249e-002
9.309826e+002,1.259017e-002
9.314647e+002,1.266646e-002
9.319468e+002,1.274945e-002
9.324290e+002,1.283730e-002
9.329111e+002,1.293080e-002
9.333932e+002,1.303338e-002
9.338753e+002,1.315100e-002
9.343574e+002,1.328931e-002
9.348396e+002,1.345268e-002
9.353217e+002,1.364239e-002
9.358038e+002,1.385758e-002
9.362859e+002,1.409500e-002
9.367681e+002,1.435031e-002
9.372502e+002,1.461707e-002
9.377323e+002,1.488568e-002
9.382144e+002,1.514294e-002
9.386966e+002,1.537277e-002
9.391787e+002,1.555838e-002
9.396608e+002,1.568667e-002
9.401429e+002,1.575102e-002
9.406251e+002,1.575362e-002
9.411072e+002,1.570414e-002
9.415893e+002,1.561740e-002
9.420714e+002,1.550928e-002
9.425536e+002,1.539381e-002
9.430357e+002,1.528088e-002
9.435178e+002,1.517682e-002
9.439999e+002,1.508511e-002
9.444821e+002,1.500879e-002
9.449642e+002,1.495017e-002
9.454463e+002,1.491099e-002
9.459284e+002,1.489119e-002
9.464106e+002,1.488821e-002
9.468927e+002,1.489746e-002
9.473748e+002,1.491403e-002
9.478569e+002,1.493435e-002
9.483391e+002,1.495814e-002
9.488212e+002,1.498781e-002
9.493033e+002,1.502723e-002
9.497855e+002,1.507913e-002
9.502676e+002,1.514416e-002
9.507497e+002,1.522000e-002
9.512318e+002,1.530316e-002
9.517139e+002,1.539061e-002
9.521960e+002,1.548212e-002
9.526782e+002,1.557956e-002
9.531603e+002,1.568587e-002
9.536425e+002,1.580327e-002
9.541246e+002,1.593191e-002
9.546067e+002,1.606939e-002
9.550888e+002,1.621263e-002
9.555709e+002,1.635968e-002
9.560530e+002,1.651149e-002
9.565352e+002,1.667099e-002
9.570173e+002,1.684275e-002
9.574995e+002,1.703028e-002
9.579816e+002,1.723493e-002
9.584637e+002,1.745554e-002
9.589458e+002,1.769003e-002
9.594279e+002,1.793694e-002
9.599100e+002,1.819699e-002
9.603922e+002,1.847321e-002
9.608743e+002,1.876962e-002
9.613564e+002,1.909035e-002
9.618386e+002,1.943868e-002
9.623207e+002,1.981814e-002
9.628028e+002,2.023412e-002
9.632849e+002,2.069554e-002
9.637670e+002,2.121635e-002
9.642491e+002,2.181458e-002
9.647313e+002,2.251184e-002
9.652134e+002,2.333170e-002
9.656956e+002,2.430052e-002
9.661777e+002,2.544854e-002
9.666598e+002,2.681155e-002
9.671419e+002,2.842948e-002
9.676240e+002,3.034076e-002
9.681061e+002,3.257121e-002
9.685883e+002,3.511930e-002
9.690704e+002,3.794140e-002
9.695526e+002,4.094410e-002
9.700347e+002,4.398449e-002
9.705168e+002,4.688369e-002
9.709989e+002,4.944630e-002
9.714810e+002,5.148653e-002
9.719631e+002,5.285292e-002
9.724453e+002,5.345065e-002
9.729274e+002,5.325678e-002
9.734095e+002,5.232302e-002
9.738917e+002,5.076464e-002
9.743738e+002,4.873731e-002
9.748559e+002,4.640668e-002
9.753380e+002,4.392426e-002
9.758201e+002,4.141170e-002
9.763023e+002,3.895642e-002
9.767844e+002,3.661629e-002
9.772665e+002,3.442744e-002
9.777487e+002,3.241134e-002
9.782308e+002,3.058001e-002
9.787129e+002,2.893821e-002
9.791950e+002,2.748545e-002
9.796771e+002,2.621526e-002
9.801593e+002,2.511740e-002
9.806414e+002,2.417821e-002
9.811235e+002,2.338270e-002
9.816057e+002,2.271579e-002
9.820878e+002,2.216396e-002
9.825699e+002,2.171553e-002
9.830520e+002,2.136044e-002
9.835342e+002,2.108987e-002
9.840163e+002,2.089518e-002
9.844984e+002,2.076831e-002
9.849805e+002,2.070185e-002
9.854626e+002,2.069018e-002
9.859448e+002,2.073165e-002
9.864269e+002,2.082742e-002
9.869090e+002,2.098232e-002
9.873912e+002,2.120248e-002
9.878733e+002,2.149408e-002
9.883554e+002,2.186252e-002
9.888375e+002,2.231294e-002
9.893196e+002,2.285219e-002
9.898018e+002,2.349121e-002
9.902839e+002,2.424671e-002
9.907660e+002,2.514141e-002
9.912482e+002,2.620238e-002
9.917303e+002,2.745788e-002
9.922124e+002,2.893337e-002
9.926945e+002,3.064715e-002
9.931766e+002,3.260528e-002
9.936588e+002,3.479647e-002
9.941409e+002,3.718423e-002
9.946230e+002,3.970028e-002
9.951052e+002,4.223861e-002
9.955873e+002,4.465701e-002
9.960694e+002,4.678733e-002
9.965515e+002,4.845754e-002
9.970336e+002,4.951877e-002
9.975157e+002,4.987253e-002
9.979979e+002,4.948677e-002
9.984800e+002,4.840029e-002
9.989622e+002,4.671257e-002
9.994443e+002,4.456788e-002
9.999264e+002,4.213233e-002
1.000409e+003,3.957243e-002
1.000891e+003,3.703558e-002
1.001373e+003,3.463663e-002
1.001855e+003,3.245093e-002
1.002337e+003,3.051708e-002
1.002819e+003,2.884287e-002
1.003301e+003,2.741536e-002
1.003783e+003,2.620916e-002
1.004266e+003,2.519373e-002
1.004748e+003,2.433764e-002
1.005230e+003,2.361266e-002
1.005712e+003,2.299431e-002
1.006194e+003,2.246263e-002
1.006676e+003,2.200209e-002
1.007158e+003,2.160058e-002
1.007640e+003,2.124875e-002
1.008122e+003,2.093921e-002
1.008605e+003,2.066637e-002
1.009087e+003,2.042645e-002
1.009569e+003,2.021708e-002
1.010051e+003,2.003693e-002
1.010533e+003,1.988520e-002
1.011015e+003,1.975972e-002
1.011497e+003,1.965725e-002
1.011979e+003,1.957280e-002
1.012462e+003,1.950139e-002
1.012944e+003,1.943893e-002
1.013426e+003,1.938312e-002
1.013908e+003,1.933456e-002
1.014390e+003,1.929501e-002
1.014872e+003,1.926627e-002
1.015354e+003,1.924868e-002
1.015836e+003,1.924049e-002
1.016319e+003,1.923843e-002
1.016801e+003,1.923926e-002
1.017283e+003,1.924084e-002
1.017765e+003,1.924299e-002
1.018247e+003,1.924689e-002
1.018729e+003,1.925399e-002
1.019211e+003,1.926420e-002
1.019693e+003,1.927663e-002
1.020176e+003,1.928863e-002
1.020658e+003,1.929803e-002
1.021140e+003,1.930401e-002
1.021622e+003,1.930799e-002
1.022104e+003,1.931243e-002
1.022586e+003,1.932034e-002
1.023068e+003,1.933359e-002
1.023550e+003,1.935206e-002
1.024033e+003,1.937422e-002
1.024515e+003,1.939865e-002
1.024997e+003,1.942407e-002
1.025479e+003,1.945116e-002
1.025961e+003,1.948045e-002
1.026443e+003,1.951323e-002
1.026925e+003,1.954852e-002
1.027407e+003,1.958477e-002
1.027890e+003,1.961951e-002
1.028372e+003,1.965146e-002
1.028854e+003,1.968098e-002
1.029336e+003,1.971087e-002
1.029818e+003,1.974507e-002
1.030300e+003,1.978635e-002
1.030782e+003,1.983606e-002
1.031264e+003,1.989281e-002
1.031747e+003,1.995358e-002
1.032229e+003,2.001540e-002
1.032711e+003,2.007664e-002
1.033193e+003,2.013735e-002
1.033675e+003,2.019844e-002
1.034157e+003,2.025973e-002
1.034639e+003,2.031881e-002
1.035121e+003,2.037145e-002
1.035604e+003,2.041214e-002
1.036086e+003,2.043727e-002
1.036568e+003,2.044646e-002
1.037050e+003,2.044377e-002
1.037532e+003,2.043652e-002
1.038014e+003,2.043388e-002
1.038496e+003,2.044403e-002
1.038979e+003,2.047369e-002
1.039461e+003,2.052738e-002
1.039943e+003,2.060816e-002
1.040425e+003,2.071825e-002
1.040907e+003,2.085836e-002
1.041389e+003,2.102665e-002
1.041871e+003,2.121648e-002
1.042353e+003,2.141513e-002
1.042835e+003,2.160570e-002
1.043318e+003,2.176869e-002
1.043800e+003,2.188723e-002
1.044282e+003,2.195035e-002
1.044764e+003,2.195518e-002
1.045246e+003,2.190658e-002
1.045728e+003,2.181470e-002
1.046210e+003,2.169177e-002
1.046692e+003,2.155028e-002
1.047175e+003,2.140081e-002
1.047657e+003,2.125278e-002
1.048139e+003,2.111393e-002
1.048621e+003,2.099148e-002
1.049103e+003,2.089092e-002
1.049585e+003,2.081544e-002
1.050067e+003,2.076466e-002
1.050549e+003,2.073488e-002
1.051031e+003,2.072046e-002
1.051514e+003,2.071618e-002
1.051996e+003,2.071890e-002
1.052478e+003,2.072872e-002
1.052960e+003,2.074789e-002
1.053442e+003,2.077876e-002
1.053924e+003,2.082167e-002
1.054406e+003,2.087383e-002
1.054889e+003,2.092991e-002
1.055371e+003,2.098476e-002
1.055853e+003,2.103456e-002
1.056335e+003,2.107916e-002
1.056817e+003,2.112108e-002
1.057299e+003,2.116424e-002
1.057781e+003,2.121129e-002
1.058263e+003,2.126279e-002
1.058746e+003,2.131675e-002
1.059228e+003,2.137054e-002
1.059710e+003,2.142176e-002
1.060192e+003,2.147044e-002
1.060674e+003,2.151766e-002
1.061156e+003,2.156550e-002
1.061638e+003,2.161448e-002
1.062120e+003,2.166398e-002
1.062603e+003,2.171216e-002
1.063085e+003,2.175709e-002
1.063567e+003,2.179846e-002
1.064049e+003,2.183795e-002
1.064531e+003,2.187843e-002
1.065013e+003,2.192197e-002
1.065495e+003,2.196928e-002
1.065977e+003,2.201882e-002
1.066460e+003,2.206806e-002
1.066942e+003,2.211500e-002
1.067424e+003,2.215973e-002
1.067906e+003,2.220514e-002
1.068388e+003,2.225539e-002
1.068870e+003,2.231437e-002
1.069352e+003,2.238373e-002
1.069834e+003,2.246276e-002
1.070317e+003,2.254878e-002
1.070799e+003,2.264003e-002
1.071281e+003,2.273650e-002
1.071763e+003,2.284168e-002
1.072245e+003,2.296011e-002
1.072727e+003,2.309654e-002
1.073209e+003,2.325287e-002
1.073691e+003,2.342765e-002
1.074174e+003,2.361722e-002
1.074656e+003,2.381769e-002
1.075138e+003,2.402669e-002
1.075620e+003,2.424493e-002
1.076102e+003,2.447484e-002
1.076584e+003,2.471873e-002
1.077066e+003,2.497718e-002
1.077548e+003,2.524821e-002
1.078031e+003,2.552774e-002
1.078513e+003,2.581190e-002
1.078995e+003,2.609801e-002
1.079477e+003,2.638535e-002
1.079959e+003,2.667405e-002
1.080441e+003,2.696362e-002
1.080923e+003,2.725158e-002
1.081406e+003,2.753357e-002
1.081888e+003,2.780524e-002
1.082370e+003,2.806391e-002
1.082852e+003,2.831055e-002
1.083334e+003,2.854936e-002
1.083816e+003,2.878610e-002
1.084298e+003,2.902556e-002
1.084780e+003,2.927022e-002
1.085262e+003,2.951973e-002
1.085745e+003,2.977205e-002
1.086227e+003,3.002623e-002
1.086709e+003,3.028303e-002
1.087191e+003,3.054589e-002
1.087673e+003,3.081837e-002
1.088155e+003,3.110351e-002
1.088637e+003,3.140092e-002
1.089119e+003,3.170770e-002
1.089602e+003,3.201945e-002
1.090084e+003,3.233223e-002
1.090566e+003,3.264384e-002
1.091048e+003,3.295378e-002
1.091530e+003,3.326175e-002
1.092012e+003,3.356603e-002
1.092494e+003,3.386273e-002
1.092976e+003,3.414652e-002
1.093458e+003,3.441264e-002
1.093941e+003,3.465979e-002
1.094423e+003,3.488981e-002
1.094905e+003,3.510831e-002
1.095387e+003,3.532134e-002
1.095869e+003,3.553373e-002
1.096351e+003,3.574719e-002
1.096833e+003,3.596103e-002
1.097316e+003,3.617355e-002
1.097798e+003,3.638401e-002
1.098280e+003,3.659280e-002
1.098762e+003,3.680014e-002
1.099244e+003,3.700379e-002
1.099726e+003,3.719649e-002
1.100208e+003,3.736537e-002
1.100690e+003,3.749340e-002
1.101173e+003,3.756290e-002
1.101655e+003,3.755997e-002
1.102137e+003,3.747655e-002
1.102619e+003,3.731199e-002
1.103101e+003,3.707150e-002
1.103583e+003,3.676534e-002
1.104065e+003,3.640639e-002
1.104547e+003,3.601053e-002
1.105030e+003,3.559509e-002
1.105512e+003,3.517939e-002
1.105994e+003,3.478200e-002
1.106476e+003,3.442035e-002
1.106958e+003,3.410732e-002
1.107440e+003,3.385057e-002
1.107922e+003,3.365168e-002
1.108404e+003,3.350837e-002
1.108886e+003,3.341605e-002
1.109369e+003,3.337109e-002
1.109851e+003,3.337149e-002
1.110333e+003,3.341753e-002
1.110815e+003,3.350865e-002
1.111297e+003,3.364248e-002
1.111779e+003,3.381249e-002
1.112261e+003,3.400981e-002
1.112744e+003,3.422353e-002
1.113226e+003,3.444543e-002
1.113708e+003,3.466958e-002
1.114190e+003,3.489353e-002
1.114672e+003,3.511560e-002
1.115154e+003,3.533278e-002
1.115636e+003,3.553951e-002
1.116118e+003,3.572801e-002
1.116601e+003,3.588988e-002
1.117083e+003,3.601901e-002
1.117565e+003,3.611198e-002
1.118047e+003,3.616815e-002
1.118529e+003,3.618798e-002
1.119011e+003,3.617050e-002
1.119493e+003,3.611301e-002
1.119975e+003,3.601170e-002
1.120458e+003,3.586320e-002
1.120940e+003,3.566765e-002
1.121422e+003,3.542962e-002
1.121904e+003,3.515740e-002
1.122386e+003,3.486171e-002
1.122868e+003,3.455273e-002
1.123350e+003,3.423918e-002
1.123832e+003,3.392740e-002
1.124314e+003,3.362317e-002
1.124797e+003,3.333241e-002
1.125279e+003,3.306264e-002
1.125761e+003,3.282288e-002
1.126243e+003,3.262272e-002
1.126725e+003,3.246998e-002
1.127207e+003,3.237086e-002
1.127689e+003,3.232862e-002
1.128172e+003,3.234499e-002
1.128654e+003,3.242198e-002
1.129136e+003,3.256243e-002
1.129618e+003,3.277053e-002
1.130100e+003,3.305004e-002
1.130582e+003,3.340260e-002
1.131064e+003,3.382659e-002
1.131546e+003,3.431721e-002
1.132029e+003,3.486807e-002
1.132511e+003,3.547342e-002
1.132993e+003,3.612990e-002
1.133475e+003,3.683583e-002
1.133957e+003,3.758977e-002
1.134439e+003,3.838808e-002
1.134921e+003,3.922400e-002
1.135403e+003,4.008875e-002
1.135885e+003,4.097242e-002
1.136368e+003,4.186826e-002
1.136850e+003,4.277191e-002
1.137332e+003,4.368221e-002
1.137814e+003,4.459750e-002
1.138296e+003,4.551358e-002
1.138778e+003,4.642293e-002
1.139260e+003,4.731590e-002
1.139742e+003,4.818419e-002
1.140225e+003,4.902345e-002
1.140707e+003,4.983351e-002
1.141189e+003,5.061800e-002
1.141671e+003,5.138036e-002
1.142153e+003,5.212193e-002
1.142635e+003,5.284177e-002
1.143117e+003,5.353792e-002
1.143599e+003,5.421121e-002
1.144082e+003,5.486731e-002
1.144564e+003,5.551628e-002
1.145046e+003,5.617094e-002
1.145528e+003,5.684169e-002
1.146010e+003,5.753494e-002
1.146492e+003,5.825176e-002
1.146974e+003,5.899063e-002
1.147457e+003,5.974953e-002
1.147939e+003,6.052881e-002
1.148421e+003,6.132932e-002
1.148903e+003,6.215038e-002
1.149385e+003,6.298556e-002
1.149867e+003,6.382066e-002
1.150349e+003,6.463627e-002
1.150831e+003,6.541233e-002
1.151313e+003,6.613440e-002
1.151796e+003,6.679853e-002
1.152278e+003,6.741044e-002
1.152760e+003,6.798242e-002
1.153242e+003,6.852765e-002
1.153724e+003,6.905567e-002
1.154206e+003,6.957177e-002
1.154688e+003,7.007971e-002
1.155170e+003,7.058508e-002
1.155653e+003,7.109795e-002
1.156135e+003,7.163165e-002
1.156617e+003,7.219923e-002
1.157099e+003,7.280911e-002
1.157581e+003,7.346171e-002
1.158063e+003,7.415204e-002
1.158545e+003,7.487281e-002
1.159027e+003,7.562161e-002
1.159510e+003,7.640290e-002
1.159992e+003,7.722835e-002
1.160474e+003,7.811211e-002
1.160956e+003,7.906473e-002
1.161438e+003,8.008922e-002
1.161920e+003,8.118057e-002
1.162402e+003,8.232884e-002
1.162885e+003,8.352162e-002
1.163367e+003,8.474685e-002
1.163849e+003,8.598761e-002
1.164331e+003,8.721594e-002
1.164813e+003,8.838475e-002
1.165295e+003,8.942556e-002
1.165777e+003,9.025283e-002
1.166259e+003,9.077707e-002
1.166741e+003,9.091847e-002
1.167224e+003,9.062200e-002
1.167706e+003,8.986259e-002
1.168188e+003,8.864627e-002
1.168670e+003,8.700520e-002
1.169152e+003,8.499403e-002
1.169634e+003,8.268583e-002
1.170116e+003,8.016788e-002
1.170598e+003,7.753541e-002
1.171081e+003,7.488222e-002
1.171563e+003,7.229061e-002
1.172045e+003,6.982318e-002
1.172527e+003,6.751883e-002
1.173009e+003,6.539442e-002
1.173491e+003,6.344949e-002
1.173973e+003,6.167396e-002
1.174455e+003,6.005431e-002
1.174938e+003,5.857804e-002
1.175420e+003,5.723463e-002
1.175902e+003,5.601431e-002
1.176384e+003,5.490618e-002
1.176866e+003,5.389637e-002
1.177348e+003,5.296904e-002
1.177830e+003,5.210793e-002
1.178313e+003,5.129994e-002
1.178795e+003,5.053658e-002
1.179277e+003,4.981465e-002
1.179759e+003,4.913409e-002
1.180241e+003,4.849562e-002
1.180723e+003,4.789809e-002
1.181205e+003,4.733735e-002
1.181687e+003,4.680740e-002
1.182169e+003,4.630227e-002
1.182652e+003,4.581845e-002
1.183134e+003,4.535510e-002
1.183616e+003,4.491375e-002
1.184098e+003,4.449620e-002
1.184580e+003,4.410209e-002
1.185062e+003,4.372849e-002
1.185544e+003,4.337034e-002
1.186026e+003,4.302194e-002
1.186509e+003,4.268033e-002
1.186991e+003,4.234458e-002
1.187473e+003,4.201677e-002
1.187955e+003,4.169957e-002
1.188437e+003,4.139465e-002
1.188919e+003,4.110101e-002
1.189401e+003,4.081585e-002
1.189883e+003,4.053546e-002
1.190366e+003,4.025745e-002
1.190848e+003,3.998187e-002
1.191330e+003,3.971029e-002
1.191812e+003,3.944531e-002
1.192294e+003,3.918814e-002
1.192776e+003,3.893822e-002
1.193258e+003,3.869283e-002
1.193740e+003,3.844906e-002
1.194223e+003,3.820550e-002
1.194705e+003,3.796255e-002
1.195187e+003,3.772284e-002
1.195669e+003,3.748914e-002
1.196151e+003,3.726286e-002
1.196633e+003,3.704368e-002
1.197115e+003,3.682945e-002
1.197597e+003,3.661807e-002
1.198080e+003,3.640942e-002
1.198562e+003,3.620605e-002
1.199044e+003,3.601265e-002
1.199526e+003,3.583413e-002
1.200008e+003,3.567381e-002
1.200490e+003,3.553154e-002
1.200972e+003,3.540423e-002
1.201454e+003,3.528775e-002
1.201937e+003,3.517839e-002
1.202419e+003,3.507519e-002
1.202901e+003,3.497959e-002
1.203383e+003,3.489406e-002
1.203865e+003,3.482071e-002
1.204347e+003,3.475870e-002
1.204829e+003,3.470581e-002
1.205312e+003,3.465897e-002
1.205794e+003,3.461653e-002
1.206276e+003,3.457948e-002
1.206758e+003,3.455106e-002
1.207240e+003,3.453508e-002
1.207722e+003,3.453409e-002
1.208204e+003,3.454727e-002
1.208686e+003,3.457163e-002
1.209168e+003,3.460249e-002
1.209651e+003,3.463722e-002
1.210133e+003,3.467548e-002
1.210615e+003,3.472028e-002
1.211097e+003,3.477573e-002
1.211579e+003,3.484508e-002
1.212061e+003,3.492919e-002
1.212543e+003,3.502664e-002
1.213025e+003,3.513499e-002
1.213508e+003,3.525298e-002
1.213990e+003,3.538141e-002
1.214472e+003,3.552319e-002
1.214954e+003,3.568023e-002
1.215436e+003,3.585200e-002
1.215918e+003,3.603354e-002
1.216400e+003,3.621658e-002
1.216882e+003,3.639163e-002
1.217365e+003,3.655087e-002
1.217847e+003,3.669102e-002
1.218329e+003,3.681148e-002
1.218811e+003,3.691390e-002
1.219293e+003,3.699894e-002
1.219775e+003,3.706510e-002
1.220257e+003,3.710937e-002
1.220740e+003,3.712903e-002
1.221222e+003,3.712529e-002
1.221704e+003,3.710343e-002
1.222186e+003,3.707296e-002
1.222668e+003,3.704431e-002
1.223150e+003,3.702584e-002
1.223632e+003,3.702175e-002
1.224114e+003,3.703208e-002
1.224596e+003,3.705410e-002
1.225079e+003,3.708584e-002
1.225561e+003,3.712729e-002
1.226043e+003,3.718114e-002
1.226525e+003,3.725033e-002
1.227007e+003,3.733583e-002
1.227489e+003,3.743523e-002
1.227971e+003,3.754255e-002
1.228453e+003,3.765094e-002
1.228936e+003,3.775578e-002
1.229418e+003,3.785586e-002
1.229900e+003,3.795445e-002
1.230382e+003,3.805555e-002
1.230864e+003,3.816248e-002
1.231346e+003,3.827476e-002
1.231828e+003,3.838854e-002
1.232310e+003,3.849873e-002
1.232792e+003,3.860114e-002
1.233275e+003,3.869538e-002
1.233757e+003,3.878350e-002
1.234239e+003,3.886970e-002
1.234721e+003,3.895580e-002
1.235203e+003,3.904114e-002
1.235685e+003,3.912199e-002
1.236167e+003,3.919334e-002
1.236650e+003,3.925165e-002
1.237132e+003,3.929690e-002
1.237614e+003,3.933162e-002
1.238096e+003,3.935891e-002
1.238578e+003,3.938024e-002
1.239060e+003,3.939379e-002
1.239542e+003,3.939520e-002
1.240024e+003,3.937950e-002
1.240507e+003,3.934382e-002
1.240989e+003,3.928909e-002
1.241471e+003,3.921923e-002
1.241953e+003,3.913870e-002
1.242435e+003,3.905016e-002
1.242917e+003,3.895304e-002
1.243399e+003,3.884400e-002
1.243881e+003,3.871948e-002
1.244364e+003,3.857851e-002
1.244846e+003,3.842426e-002
1.245328e+003,3.826328e-002
1.245810e+003,3.810348e-002
1.246292e+003,3.795085e-002
1.246774e+003,3.780754e-002
1.247256e+003,3.767378e-002
1.247738e+003,3.754928e-002
1.248220e+003,3.743720e-002
1.248703e+003,3.734572e-002
1.249185e+003,3.728862e-002
1.249667e+003,3.728209e-002
1.250149e+003,3.734154e-002
1.250631e+003,3.747701e-002
1.251113e+003,3.769203e-002
1.251595e+003,3.798172e-002
1.252078e+003,3.833489e-002
1.252560e+003,3.873232e-002
1.253042e+003,3.914782e-002
1.253524e+003,3.954753e-002
1.254006e+003,3.989088e-002
1.254488e+003,4.013482e-002
1.254970e+003,4.024106e-002
1.255452e+003,4.018523e-002
1.255935e+003,3.996226e-002
1.256417e+003,3.958878e-002
1.256899e+003,3.909828e-002
1.257381e+003,3.853226e-002
1.257863e+003,3.793174e-002
1.258345e+003,3.732939e-002
1.258827e+003,3.674711e-002
1.259309e+003,3.619676e-002
1.259792e+003,3.568479e-002
1.260274e+003,3.521470e-002
1.260756e+003,3.479024e-002
1.261238e+003,3.441358e-002
1.261720e+003,3.408478e-002
1.262202e+003,3.379841e-002
1.262684e+003,3.354537e-002
1.263166e+003,3.331463e-002
1.263648e+003,3.309706e-002
1.264131e+003,3.288844e-002
1.264613e+003,3.268882e-002
1.265095e+003,3.250138e-002
1.265577e+003,3.232873e-002
1.266059e+003,3.216974e-002
1.266541e+003,3.202001e-002
1.267023e+003,3.187256e-002
1.267505e+003,3.172312e-002
1.267988e+003,3.157184e-002
1.268470e+003,3.142367e-002
1.268952e+003,3.128656e-002
1.269434e+003,3.116695e-002
1.269916e+003,3.106744e-002
1.270398e+003,3.098506e-002
1.270880e+003,3.091420e-002
1.271363e+003,3.084949e-002
1.271845e+003,3.079002e-002
1.272327e+003,3.073956e-002
1.272809e+003,3.070408e-002
1.273291e+003,3.068869e-002
1.273773e+003,3.069402e-002
1.274255e+003,3.071523e-002
1.274737e+003,3.074426e-002
1.275219e+003,3.077452e-002
1.275702e+003,3.080210e-002
1.276184e+003,3.082827e-002
1.276666e+003,3.085682e-002
1.277148e+003,3.089004e-002
1.277630e+003,3.092650e-002
1.278112e+003,3.095913e-002
1.278594e+003,3.097900e-002
1.279076e+003,3.097849e-002
1.279559e+003,3.095467e-002
1.280041e+003,3.091078e-002
1.280523e+003,3.085424e-002
1.281005e+003,3.079196e-002
1.281487e+003,3.072732e-002
1.281969e+003,3.065939e-002
1.282451e+003,3.058328e-002
1.282933e+003,3.049559e-002
1.283416e+003,3.039682e-002
1.283898e+003,3.029231e-002
1.284380e+003,3.019096e-002
1.284862e+003,3.010082e-002
1.285344e+003,3.002659e-002
1.285826e+003,2.996790e-002
1.286308e+003,2.992198e-002
1.286791e+003,2.988691e-002
1.287273e+003,2.986517e-002
1.287755e+003,2.986434e-002
1.288237e+003,2.989507e-002
1.288719e+003,2.996590e-002
1.289201e+003,3.007951e-002
1.289683e+003,3.023208e-002
1.290165e+003,3.041423e-002
1.290647e+003,3.061693e-002
1.291130e+003,3.083381e-002
1.291612e+003,3.106353e-002
1.292094e+003,3.130666e-002
1.292576e+003,3.156213e-002
1.293058e+003,3.182359e-002
1.293540e+003,3.207900e-002
1.294022e+003,3.231308e-002
1.294504e+003,3.251201e-002
1.294987e+003,3.266779e-002
1.295469e+003,3.278027e-002
1.295951e+003,3.285547e-002
1.296433e+003,3.290217e-002
1.296915e+003,3.292948e-002
1.297397e+003,3.294468e-002
1.297879e+003,3.295556e-002
1.298361e+003,3.297332e-002
1.298844e+003,3.301513e-002
1.299326e+003,3.310398e-002
1.299808e+003,3.326394e-002
1.300290e+003,3.351406e-002
1.300772e+003,3.386154e-002
1.301254e+003,3.429629e-002
1.301736e+003,3.479098e-002
1.302219e+003,3.530305e-002
1.302701e+003,3.578058e-002
1.303183e+003,3.616814e-002
1.303665e+003,3.641171e-002
1.304147e+003,3.646642e-002
1.304629e+003,3.630234e-002
1.305111e+003,3.591133e-002
1.305593e+003,3.531111e-002
1.306075e+003,3.454500e-002
1.306558e+003,3.367564e-002
1.307040e+003,3.277452e-002
1.307522e+003,3.190926e-002
1.308004e+003,3.113157e-002
1.308486e+003,3.046995e-002
1.308968e+003,2.992829e-002
1.309450e+003,2.949286e-002
1.309932e+003,2.914278e-002
1.310415e+003,2.885996e-002
1.310897e+003,2.863383e-002
1.311379e+003,2.846099e-002
1.311861e+003,2.834055e-002
1.312343e+003,2.826720e-002
1.312825e+003,2.823032e-002
1.313307e+003,2.821532e-002
1.313789e+003,2.821003e-002
1.314272e+003,2.820921e-002
1.314754e+003,2.821704e-002
1.315236e+003,2.824200e-002
1.315718e+003,2.829120e-002
1.316200e+003,2.836462e-002
1.316682e+003,2.845374e-002
1.317164e+003,2.854439e-002
1.317646e+003,2.862414e-002
1.318129e+003,2.868788e-002
1.318611e+003,2.874086e-002
1.319093e+003,2.879452e-002
1.319575e+003,2.886063e-002
1.320057e+003,2.894520e-002
1.320539e+003,2.904556e-002
1.321021e+003,2.915572e-002
1.321503e+003,2.927155e-002
1.321986e+003,2.939549e-002
1.322468e+003,2.953639e-002
1.322950e+003,2.970430e-002
1.323432e+003,2.990394e-002
1.323914e+003,3.012928e-002
1.324396e+003,3.036375e-002
1.324878e+003,3.058624e-002
1.325360e+003,3.077935e-002
1.325843e+003,3.093660e-002
1.326325e+003,3.106314e-002
1.326807e+003,3.117002e-002
1.327289e+003,3.126594e-002
1.327771e+003,3.134994e-002
1.328253e+003,3.140998e-002
1.328735e+003,3.142779e-002
1.329218e+003,3.138767e-002
1.329700e+003,3.128445e-002
1.330182e+003,3.112575e-002
1.330664e+003,3.092903e-002
1.331146e+003,3.071414e-002
1.331628e+003,3.049592e-002
1.332110e+003,3.028134e-002
1.332592e+003,3.007148e-002
1.333074e+003,2.986777e-002
1.333557e+003,2.967693e-002
1.334039e+003,2.951279e-002
1.334521e+003,2.939156e-002
1.335003e+003,2.932572e-002
1.335485e+003,2.931751e-002
1.335967e+003,2.935683e-002
1.336449e+003,2.942671e-002
1.336931e+003,2.951185e-002
1.337414e+003,2.960778e-002
1.337896e+003,2.972305e-002
1.338378e+003,2.987487e-002
1.338860e+003,3.007723e-002
1.339342e+003,3.032814e-002
1.339824e+003,3.060664e-002
1.340306e+003,3.088321e-002
1.340788e+003,3.113671e-002
1.341271e+003,3.136562e-002
1.341753e+003,3.158703e-002
1.342235e+003,3.182632e-002
1.342717e+003,3.210380e-002
1.343199e+003,3.242704e-002
1.343681e+003,3.278906e-002
1.344163e+003,3.317477e-002
1.344646e+003,3.357096e-002
1.345128e+003,3.397546e-002
1.345610e+003,3.440009e-002
1.346092e+003,3.486474e-002
1.346574e+003,3.538684e-002
1.347056e+003,3.597227e-002
1.347538e+003,3.661322e-002
1.348020e+003,3.729505e-002
1.348502e+003,3.800745e-002
1.348985e+003,3.875413e-002
1.349467e+003,3.955425e-002
1.349949e+003,4.043485e-002
1.350431e+003,4.141858e-002
1.350913e+003,4.251533e-002
1.351395e+003,4.372376e-002
1.351877e+003,4.504170e-002
1.352359e+003,4.647867e-002
1.352842e+003,4.806276e-002
1.353324e+003,4.983421e-002
1.353806e+003,5.182657e-002
1.354288e+003,5.404230e-002
1.354770e+003,5.643489e-002
1.355252e+003,5.890922e-002
1.355734e+003,6.134143e-002
1.356216e+003,6.360836e-002
1.356698e+003,6.561099e-002
1.357181e+003,6.728064e-002
1.357663e+003,6.857166e-002
1.358145e+003,6.945028e-002
1.358627e+003,6.988836e-002
1.359109e+003,6.986846e-002
1.359591e+003,6.939473e-002
1.360073e+003,6.850463e-002
1.360556e+003,6.727350e-002
1.361038e+003,6.581151e-002
1.361520e+003,6.425297e-002
1.362002e+003,6.273682e-002
1.362484e+003,6.138244e-002
1.362966e+003,6.026950e-002
1.363448e+003,5.943652e-002
1.363930e+003,5.889775e-002
1.364413e+003,5.866810e-002
1.364895e+003,5.877741e-002
1.365377e+003,5.927260e-002
1.365859e+003,6.021430e-002
1.366341e+003,6.167450e-002
1.366823e+003,6.374069e-002
1.367305e+003,6.652144e-002
1.367787e+003,7.014713e-002
1.368270e+003,7.475532e-002
1.368752e+003,8.045880e-002
1.369234e+003,8.731086e-002
1.369716e+003,9.529207e-002
1.370198e+003,1.043338e-001
1.370680e+003,1.143747e-001
1.371162e+003,1.254232e-001
1.371644e+003,1.375915e-001
1.372126e+003,1.510579e-001
1.372609e+003,1.659229e-001
1.373091e+003,1.819501e-001
1.373573e+003,1.982761e-001
1.374055e+003,2.133226e-001
1.374537e+003,2.251558e-001
1.375019e+003,2.322139e-001
1.375501e+003,2.338847e-001
1.375984e+003,2.305116e-001
1.376466e+003,2.229648e-001
1.376948e+003,2.122126e-001
1.377430e+003,1.991341e-001
1.377912e+003,1.845341e-001
1.378394e+003,1.692097e-001
1.378876e+003,1.539491e-001
1.379358e+003,1.394371e-001
1.379841e+003,1.261312e-001
1.380323e+003,1.142044e-001
1.380805e+003,1.035952e-001
1.381287e+003,9.412416e-002
1.381769e+003,8.561733e-002
1.382251e+003,7.797638e-002
1.382733e+003,7.118164e-002
1.383215e+003,6.524239e-002
1.383698e+003,6.013978e-002
1.384180e+003,5.579526e-002
1.384662e+003,5.207909e-002
1.385144e+003,4.884356e-002
1.385626e+003,4.596158e-002
1.386108e+003,4.335674e-002
1.386590e+003,4.101274e-002
1.387072e+003,3.895351e-002
1.387554e+003,3.720386e-002
1.388037e+003,3.575726e-002
1.388519e+003,3.457208e-002
1.389001e+003,3.359336e-002
1.389483e+003,3.277522e-002
1.389965e+003,3.208820e-002
1.390447e+003,3.151415e-002
1.390929e+003,3.103549e-002
1.391411e+003,3.063002e-002
1.391894e+003,3.027046e-002
1.392376e+003,2.993211e-002
1.392858e+003,2.960002e-002
1.393340e+003,2.927602e-002
1.393822e+003,2.897752e-002
1.394304e+003,2.872695e-002
1.394786e+003,2.853600e-002
1.395269e+003,2.839518e-002
1.395751e+003,2.828029e-002
1.396233e+003,2.816846e-002
1.396715e+003,2.805390e-002
1.397197e+003,2.794781e-002
1.397679e+003,2.787075e-002
1.398161e+003,2.783894e-002
1.398643e+003,2.785257e-002
1.399125e+003,2.789284e-002
1.399608e+003,2.793149e-002
1.400090e+003,2.794748e-002
1.400572e+003,2.793727e-002
1.401054e+003,2.791146e-002
1.401536e+003,2.788446e-002
1.402018e+003,2.786327e-002
1.402500e+003,2.784318e-002
1.402982e+003,2.780891e-002
1.403465e+003,2.774166e-002
1.403947e+003,2.762949e-002
1.404429e+003,2.747734e-002
1.404911e+003,2.730712e-002
1.405393e+003,2.714782e-002
1.405875e+003,2.701918e-002
1.406357e+003,2.692393e-002
1.406839e+003,2.685225e-002
1.407322e+003,2.679261e-002
1.407804e+003,2.674150e-002
1.408286e+003,2.670825e-002
1.408768e+003,2.670998e-002
1.409250e+003,2.676512e-002
1.409732e+003,2.688242e-002
1.410214e+003,2.705740e-002
1.410697e+003,2.727363e-002
1.411179e+003,2.751247e-002
1.411661e+003,2.776265e-002
1.412143e+003,2.802442e-002
1.412625e+003,2.830582e-002
1.413107e+003,2.861249e-002
1.413589e+003,2.893999e-002
1.414071e+003,2.927229e-002
1.414553e+003,2.958668e-002
1.415036e+003,2.986432e-002
1.415518e+003,3.009821e-002
1.416000e+003,3.029667e-002
1.416482e+003,3.047824e-002
1.416964e+003,3.066042e-002
1.417446e+003,3.084583e-002
1.417928e+003,3.101357e-002
1.418410e+003,3.112525e-002
1.418893e+003,3.115071e-002
1.419375e+003,3.109743e-002
1.419857e+003,3.101068e-002
1.420339e+003,3.093975e-002
1.420821e+003,3.091194e-002
1.421303e+003,3.092545e-002
1.421785e+003,3.096339e-002
1.422267e+003,3.100907e-002
1.422750e+003,3.105978e-002
1.423232e+003,3.113299e-002
1.423714e+003,3.126211e-002
1.424196e+003,3.147906e-002
1.424678e+003,3.179319e-002
1.425160e+003,3.218530e-002
1.425642e+003,3.262242e-002
1.426125e+003,3.308170e-002
1.426607e+003,3.356796e-002
1.427089e+003,3.411810e-002
1.427571e+003,3.479449e-002
1.428053e+003,3.566893e-002
1.428535e+003,3.680296e-002
1.429017e+003,3.822760e-002
1.429499e+003,3.993968e-002
1.429981e+003,4.191624e-002
1.430464e+003,4.413423e-002
1.430946e+003,4.657926e-002
1.431428e+003,4.923083e-002
1.431910e+003,5.204294e-002
1.432392e+003,5.493493e-002
1.432874e+003,5.780260e-002
1.433356e+003,6.053908e-002
1.433838e+003,6.305389e-002
1.434321e+003,6.527763e-002
1.434803e+003,6.715548e-002
1.435285e+003,6.863712e-002
1.435767e+003,6.968144e-002
1.436249e+003,7.028838e-002
1.436731e+003,7.054178e-002
1.437213e+003,7.060668e-002
1.437696e+003,7.066412e-002
1.438177e+003,7.084841e-002
1.438660e+003,7.123572e-002
1.439142e+003,7.186638e-002
1.439624e+003,7.276788e-002
1.440106e+003,7.396592e-002
1.440588e+003,7.548565e-002
1.441070e+003,7.735166e-002
1.441552e+003,7.958692e-002
1.442035e+003,8.221097e-002
1.442517e+003,8.523585e-002
1.442999e+003,8.865578e-002
1.443481e+003,9.244050e-002
1.443963e+003,9.653886e-002
1.444445e+003,1.008956e-001
1.444927e+003,1.054777e-001
1.445409e+003,1.102956e-001
1.445892e+003,1.154003e-001
1.446374e+003,1.208452e-001
1.446856e+003,1.266119e-001
1.447338e+003,1.325340e-001
1.447820e+003,1.382860e-001
1.448302e+003,1.434819e-001
1.448784e+003,1.478433e-001
1.449266e+003,1.513067e-001
1.449749e+003,1.540027e-001
1.450231e+003,1.561503e-001
1.450713e+003,1.579511e-001
1.451195e+003,1.595292e-001
1.451677e+003,1.609240e-001
1.452159e+003,1.621206e-001
1.452641e+003,1.630981e-001
1.453124e+003,1.638696e-001
1.453605e+003,1.644906e-001
1.454088e+003,1.650387e-001
1.454570e+003,1.655754e-001
1.455052e+003,1.661098e-001
1.455534e+003,1.665660e-001
1.456016e+003,1.667757e-001
1.456498e+003,1.665436e-001
1.456980e+003,1.658064e-001
1.457463e+003,1.647491e-001
1.457945e+003,1.636586e-001
1.458427e+003,1.626691e-001
1.458909e+003,1.617226e-001
1.459391e+003,1.606999e-001
1.459873e+003,1.595255e-001
1.460355e+003,1.581934e-001
1.460837e+003,1.567401e-001
1.461320e+003,1.552016e-001
1.461802e+003,1.535676e-001
1.462284e+003,1.517523e-001
1.462766e+003,1.495807e-001
1.463248e+003,1.468156e-001
1.463730e+003,1.432378e-001
1.464212e+003,1.387796e-001
1.464694e+003,1.336301e-001
1.465177e+003,1.281833e-001
1.465659e+003,1.228268e-001
1.466141e+003,1.177518e-001
1.466623e+003,1.129371e-001
1.467105e+003,1.082618e-001
1.467587e+003,1.036249e-001
1.468069e+003,9.899984e-002
1.468552e+003,9.442804e-002
1.469033e+003,8.997034e-002
1.469516e+003,8.565214e-002
1.469998e+003,8.141654e-002
1.470480e+003,7.710984e-002
1.470962e+003,7.250878e-002
1.471444e+003,6.742679e-002
1.471926e+003,6.189189e-002
1.472408e+003,5.628484e-002
1.472891e+003,5.120949e-002
1.473373e+003,4.710962e-002
1.473855e+003,4.401917e-002
1.474337e+003,4.166663e-002
1.474819e+003,3.972289e-002
1.475301e+003,3.795939e-002
1.475783e+003,3.628707e-002
1.476265e+003,3.472208e-002
1.476748e+003,3.332002e-002
1.477230e+003,3.211608e-002
1.477712e+003,3.109669e-002
1.478194e+003,3.021128e-002
1.478676e+003,2.940095e-002
1.479158e+003,2.862459e-002
1.479640e+003,2.786767e-002
1.480122e+003,2.713946e-002
1.480604e+003,2.645915e-002
1.481087e+003,2.583987e-002
1.481569e+003,2.527874e-002
1.482051e+003,2.476122e-002
1.482533e+003,2.427256e-002
1.483015e+003,2.381006e-002
1.483497e+003,2.338425e-002
1.483979e+003,2.301098e-002
1.484461e+003,2.269979e-002
1.484944e+003,2.244582e-002
1.485426e+003,2.222795e-002
1.485908e+003,2.201627e-002
1.486390e+003,2.178635e-002
1.486872e+003,2.153267e-002
1.487354e+003,2.127444e-002
1.487836e+003,2.104605e-002
1.488319e+003,2.087636e-002
1.488801e+003,2.076687e-002
1.489283e+003,2.068550e-002
1.489765e+003,2.058548e-002
1.490247e+003,2.044117e-002
1.490729e+003,2.026719e-002
1.491211e+003,2.010416e-002
1.491693e+003,1.998581e-002
1.492176e+003,1.992221e-002
1.492658e+003,1.990009e-002
1.493140e+003,1.989401e-002
1.493622e+003,1.987814e-002
1.494104e+003,1.983499e-002
1.494586e+003,1.976226e-002
1.495068e+003,1.967539e-002
1.495550e+003,1.960154e-002
1.496032e+003,1.956658e-002
1.496515e+003,1.957478e-002
1.496997e+003,1.960256e-002
1.497479e+003,1.961286e-002
1.497961e+003,1.958331e-002
1.498443e+003,1.952024e-002
1.498925e+003,1.945068e-002
1.499407e+003,1.940355e-002
1.499890e+003,1.939274e-002
1.500372e+003,1.941090e-002
1.500854e+003,1.943707e-002
1.501336e+003,1.944936e-002
1.501818e+003,1.943633e-002
1.502300e+003,1.940073e-002
1.502782e+003,1.935760e-002
1.503264e+003,1.932611e-002
1.503747e+003,1.932178e-002
1.504229e+003,1.935067e-002
1.504711e+003,1.940515e-002
1.505193e+003,1.946465e-002
1.505675e+003,1.950260e-002
1.506157e+003,1.950581e-002
1.506639e+003,1.950248e-002
1.507121e+003,1.954880e-002
1.507604e+003,1.966001e-002
1.508086e+003,1.978912e-002
1.508568e+003,1.988267e-002
1.509050e+003,1.991871e-002
1.509532e+003,1.990569e-002
1.510014e+003,1.986893e-002
1.510496e+003,1.983906e-002
1.510979e+003,1.984002e-002
1.511460e+003,1.988063e-002
1.511943e+003,1.995157e-002
1.512425e+003,2.003021e-002
1.512907e+003,2.009267e-002
1.513389e+003,2.012514e-002
1.513871e+003,2.012922e-002
1.514353e+003,2.011876e-002
1.514835e+003,2.011389e-002
1.515318e+003,2.012971e-002
1.515800e+003,2.016765e-002
1.516282e+003,2.021038e-002
1.516764e+003,2.023070e-002
1.517246e+003,2.021147e-002
1.517728e+003,2.015986e-002
1.518210e+003,2.010123e-002
1.518692e+003,2.006201e-002
1.519175e+003,2.005791e-002
1.519657e+003,2.008913e-002
1.520139e+003,2.013975e-002
1.520621e+003,2.018281e-002
1.521103e+003,2.019347e-002
1.521585e+003,2.016956e-002
1.522067e+003,2.013691e-002
1.522549e+003,2.012529e-002
1.523031e+003,2.014524e-002
1.523514e+003,2.018633e-002
1.523996e+003,2.022953e-002
1.524478e+003,2.025890e-002
1.524960e+003,2.026916e-002
1.525442e+003,2.026780e-002
1.525924e+003,2.027264e-002
1.526406e+003,2.029954e-002
1.526888e+003,2.035233e-002
1.527371e+003,2.041768e-002
1.527853e+003,2.047471e-002
1.528335e+003,2.050682e-002
1.528817e+003,2.051015e-002
1.529299e+003,2.049362e-002
1.529781e+003,2.047395e-002
1.530263e+003,2.046623e-002
1.530746e+003,2.047969e-002
1.531228e+003,2.051423e-002
1.531710e+003,2.056163e-002
1.532192e+003,2.060852e-002
1.532674e+003,2.064502e-002
1.533156e+003,2.067007e-002
1.533638e+003,2.069423e-002
1.534120e+003,2.072958e-002
1.534603e+003,2.077738e-002
1.535085e+003,2.082751e-002
1.535567e+003,2.086697e-002
1.536049e+003,2.088575e-002
1.536531e+003,2.088054e-002
1.537013e+003,2.085609e-002
1.537495e+003,2.082558e-002
1.537977e+003,2.080951e-002
1.538459e+003,2.083128e-002
1.538942e+003,2.090409e-002
1.539424e+003,2.100975e-002
1.539906e+003,2.109210e-002
1.540388e+003,2.109565e-002
1.540870e+003,2.102201e-002
1.541352e+003,2.092445e-002
1.541834e+003,2.085221e-002
1.542316e+003,2.082014e-002
1.542799e+003,2.081431e-002
1.543281e+003,2.080757e-002
1.543763e+003,2.077576e-002
1.544245e+003,2.071022e-002
1.544727e+003,2.062077e-002
1.545209e+003,2.052880e-002
1.545691e+003,2.045315e-002
1.546174e+003,2.040000e-002
1.546656e+003,2.036327e-002
1.547138e+003,2.032988e-002
1.547620e+003,2.028706e-002
1.548102e+003,2.022624e-002
1.548584e+003,2.014646e-002
1.549066e+003,2.005543e-002
1.549548e+003,1.996535e-002
1.550031e+003,1.988592e-002
1.550513e+003,1.981617e-002
1.550995e+003,1.974660e-002
1.551477e+003,1.966498e-002
1.551959e+003,1.956335e-002
1.552441e+003,1.944362e-002
1.552923e+003,1.931510e-002
1.553405e+003,1.919257e-002
1.553887e+003,1.908845e-002
1.554370e+003,1.900659e-002
1.554852e+003,1.893846e-002
1.555334e+003,1.886850e-002
1.555816e+003,1.878344e-002
1.556298e+003,1.867830e-002
1.556780e+003,1.855774e-002
1.557262e+003,1.843287e-002
1.557744e+003,1.831665e-002
1.558227e+003,1.821400e-002
1.558709e+003,1.811004e-002
1.559191e+003,1.798389e-002
1.559673e+003,1.784448e-002
1.560155e+003,1.772083e-002
1.560637e+003,1.762918e-002
1.561119e+003,1.756826e-002
1.561602e+003,1.752781e-002
1.562083e+003,1.749482e-002
1.562566e+003,1.745629e-002
1.563048e+003,1.740254e-002
1.563530e+003,1.732988e-002
1.564012e+003,1.724273e-002
1.564494e+003,1.715351e-002
1.564976e+003,1.707574e-002
1.565458e+003,1.701616e-002
1.565941e+003,1.697209e-002
1.566423e+003,1.693272e-002
1.566905e+003,1.688577e-002
1.567387e+003,1.682480e-002
1.567869e+003,1.675117e-002
1.568351e+003,1.667563e-002
1.568833e+003,1.661338e-002
1.569315e+003,1.657479e-002
1.569798e+003,1.655532e-002
1.570280e+003,1.653711e-002
1.570762e+003,1.650352e-002
1.571244e+003,1.644971e-002
1.571726e+003,1.638312e-002
1.572208e+003,1.631611e-002
1.572690e+003,1.625964e-002
1.573172e+003,1.621951e-002
1.573655e+003,1.619458e-002
1.574137e+003,1.617765e-002
1.574619e+003,1.615766e-002
1.575101e+003,1.612445e-002
1.575583e+003,1.607695e-002
1.576065e+003,1.602632e-002
1.576547e+003,1.598807e-002
1.577030e+003,1.596707e-002
1.577511e+003,1.595425e-002
1.577994e+003,1.593520e-002
1.578476e+003,1.590025e-002
1.578958e+003,1.584953e-002
1.579440e+003,1.579026e-002
1.579922e+003,1.573385e-002
1.580404e+003,1.569033e-002
1.580886e+003,1.566467e-002
1.581369e+003,1.565391e-002
1.581851e+003,1.564881e-002
1.582333e+003,1.563899e-002
1.582815e+003,1.561827e-002
1.583297e+003,1.558922e-002
1.583779e+003,1.555913e-002
1.584261e+003,1.553664e-002
1.584743e+003,1.552585e-002
1.585226e+003,1.552327e-002
1.585708e+003,1.552047e-002
1.586190e+003,1.550895e-002
1.586672e+003,1.548587e-002
1.587154e+003,1.545578e-002
1.587636e+003,1.542836e-002
1.588118e+003,1.541394e-002
1.588600e+003,1.541636e-002
1.589083e+003,1.543186e-002
1.589565e+003,1.544963e-002
1.590047e+003,1.545906e-002
1.590529e+003,1.545474e-002
1.591011e+003,1.544024e-002
1.591493e+003,1.542512e-002
1.591975e+003,1.541949e-002
1.592458e+003,1.542875e-002
1.592939e+003,1.544999e-002
1.593422e+003,1.547453e-002
1.593904e+003,1.549304e-002
1.594386e+003,1.550151e-002
1.594868e+003,1.550393e-002
1.595350e+003,1.550948e-002
1.595832e+003,1.552752e-002
1.596314e+003,1.556050e-002
1.596797e+003,1.560227e-002
1.597279e+003,1.564206e-002
1.597761e+003,1.566995e-002
1.598243e+003,1.568297e-002
1.598725e+003,1.568694e-002
1.599207e+003,1.569292e-002
1.599689e+003,1.571283e-002
1.600171e+003,1.575249e-002
1.600654e+003,1.580927e-002
1.601136e+003,1.587368e-002
1.601618e+003,1.593498e-002
1.602100e+003,1.598758e-002
1.602582e+003,1.603352e-002
1.603064e+003,1.608074e-002
1.603546e+003,1.613669e-002
1.604028e+003,1.620366e-002
1.604510e+003,1.627617e-002
1.604993e+003,1.634416e-002
1.605475e+003,1.639988e-002
1.605957e+003,1.644191e-002
1.606439e+003,1.647747e-002
1.606921e+003,1.651921e-002
1.607403e+003,1.657936e-002
1.607885e+003,1.666252e-002
1.608367e+003,1.676222e-002
1.608850e+003,1.686586e-002
1.609332e+003,1.696100e-002
1.609814e+003,1.704303e-002
1.610296e+003,1.711757e-002
1.610778e+003,1.719572e-002
1.611260e+003,1.728606e-002
1.611742e+003,1.738966e-002
1.612225e+003,1.749876e-002
1.612707e+003,1.760020e-002
1.613189e+003,1.768308e-002
1.613671e+003,1.774348e-002
1.614153e+003,1.778795e-002
1.614635e+003,1.783283e-002
1.615117e+003,1.790079e-002
1.615599e+003,1.801191e-002
1.616082e+003,1.817129e-002
1.616564e+003,1.835972e-002
1.617046e+003,1.854216e-002
1.617528e+003,1.869209e-002
1.618010e+003,1.880685e-002
1.618492e+003,1.889999e-002
1.618974e+003,1.898619e-002
1.619456e+003,1.907266e-002
1.619938e+003,1.915931e-002
1.620421e+003,1.924192e-002
1.620903e+003,1.931698e-002
1.621385e+003,1.938794e-002
1.621867e+003,1.946646e-002
1.622349e+003,1.957018e-002
1.622831e+003,1.971212e-002
1.623313e+003,1.988775e-002
1.623796e+003,2.007287e-002
1.624278e+003,2.023750e-002
1.624760e+003,2.036324e-002
1.625242e+003,2.045126e-002
1.625724e+003,2.051810e-002
1.626206e+003,2.058615e-002
1.626688e+003,2.067511e-002
1.627170e+003,2.079433e-002
1.627653e+003,2.093775e-002
1.628135e+003,2.108672e-002
1.628617e+003,2.122040e-002
1.629099e+003,2.132810e-002
1.629581e+003,2.141326e-002
1.630063e+003,2.148835e-002
1.630545e+003,2.156505e-002
1.631027e+003,2.164904e-002
1.631510e+003,2.173732e-002
1.631992e+003,2.182131e-002
1.632474e+003,2.189258e-002
1.632956e+003,2.194793e-002
1.633438e+003,2.199483e-002
1.633920e+003,2.205203e-002
1.634402e+003,2.214602e-002
1.634885e+003,2.229905e-002
1.635366e+003,2.250606e-002
1.635849e+003,2.272308e-002
1.636331e+003,2.289427e-002
1.636813e+003,2.299826e-002
1.637295e+003,2.305619e-002
1.637777e+003,2.310289e-002
1.638259e+003,2.316319e-002
1.638741e+003,2.324551e-002
1.639224e+003,2.334523e-002
1.639706e+003,2.345041e-002
1.640188e+003,2.355015e-002
1.640670e+003,2.363911e-002
1.641152e+003,2.372116e-002
1.641634e+003,2.380484e-002
1.642116e+003,2.389898e-002
1.642598e+003,2.400596e-002
1.643081e+003,2.412067e-002
1.643563e+003,2.423275e-002
1.644045e+003,2.433196e-002
1.644527e+003,2.441509e-002
1.645009e+003,2.449253e-002
1.645491e+003,2.458813e-002
1.645973e+003,2.473104e-002
1.646455e+003,2.493162e-002
1.646938e+003,2.515769e-002
1.647420e+003,2.534731e-002
1.647902e+003,2.545735e-002
1.648384e+003,2.549083e-002
1.648866e+003,2.547915e-002
1.649348e+003,2.545676e-002
1.649830e+003,2.544675e-002
1.650313e+003,2.545935e-002
1.650794e+003,2.549376e-002
1.651277e+003,2.553868e-002
1.651759e+003,2.557376e-002
1.652241e+003,2.557516e-002
1.652723e+003,2.553274e-002
1.653205e+003,2.547321e-002
1.653687e+003,2.543846e-002
1.654169e+003,2.543049e-002
1.654652e+003,2.541700e-002
1.655134e+003,2.537055e-002
1.655616e+003,2.528275e-002
1.656098e+003,2.516065e-002
1.656580e+003,2.501776e-002
1.657062e+003,2.486963e-002
1.657544e+003,2.472804e-002
1.658026e+003,2.459652e-002
1.658509e+003,2.446977e-002
1.658991e+003,2.433644e-002
1.659473e+003,2.418507e-002
1.659955e+003,2.401040e-002
1.660437e+003,2.381587e-002
1.660919e+003,2.361321e-002
1.661401e+003,2.341675e-002
1.661883e+003,2.323637e-002
1.662365e+003,2.307157e-002
1.662848e+003,2.291217e-002
1.663330e+003,2.274822e-002
1.663812e+003,2.257830e-002
1.664294e+003,2.241173e-002
1.664776e+003,2.226098e-002
1.665258e+003,2.213486e-002
1.665740e+003,2.203343e-002
1.666222e+003,2.194943e-002
1.666705e+003,2.186864e-002
1.667187e+003,2.177459e-002
1.667669e+003,2.165449e-002
1.668151e+003,2.150620e-002
1.668633e+003,2.134220e-002
1.669115e+003,2.118497e-002
1.669597e+003,2.105286e-002
1.670080e+003,2.094610e-002
1.670562e+003,2.084823e-002
1.671044e+003,2.074097e-002
1.671526e+003,2.061766e-002
1.672008e+003,2.048454e-002
1.672490e+003,2.035418e-002
1.672972e+003,2.023800e-002
1.673454e+003,2.014127e-002
1.673937e+003,2.006035e-002
1.674419e+003,1.998452e-002
1.674901e+003,1.990107e-002
1.675383e+003,1.980656e-002
1.675865e+003,1.970996e-002
1.676347e+003,1.962615e-002
1.676829e+003,1.956421e-002
1.677311e+003,1.952183e-002
1.677793e+003,1.948747e-002
1.678276e+003,1.944578e-002
1.678758e+003,1.938299e-002
1.679240e+003,1.929325e-002
1.679722e+003,1.918273e-002
1.680204e+003,1.906777e-002
1.680686e+003,1.896669e-002
1.681168e+003,1.889153e-002
1.681650e+003,1.884114e-002
1.682133e+003,1.880205e-002
1.682615e+003,1.875184e-002
1.683097e+003,1.866818e-002
1.683579e+003,1.854570e-002
1.684061e+003,1.841160e-002
1.684543e+003,1.830996e-002
1.685025e+003,1.825669e-002
1.685508e+003,1.823037e-002
1.685990e+003,1.820111e-002
1.686472e+003,1.815258e-002
1.686954e+003,1.808392e-002
1.687436e+003,1.800496e-002
1.687918e+003,1.793044e-002
1.688400e+003,1.787273e-002
1.688882e+003,1.783534e-002
1.689365e+003,1.780947e-002
1.689847e+003,1.777864e-002
1.690329e+003,1.772851e-002
1.690811e+003,1.765638e-002
1.691293e+003,1.757181e-002
1.691775e+003,1.749088e-002
1.692257e+003,1.742851e-002
1.692739e+003,1.739195e-002
1.693221e+003,1.737950e-002
1.693704e+003,1.738232e-002
1.694186e+003,1.738750e-002
1.694668e+003,1.738509e-002
1.695150e+003,1.737485e-002
1.695632e+003,1.736852e-002
1.696114e+003,1.738198e-002
1.696596e+003,1.741782e-002
1.697078e+003,1.746118e-002
1.697561e+003,1.749102e-002
1.698043e+003,1.749172e-002
1.698525e+003,1.746321e-002
1.699007e+003,1.742355e-002
1.699489e+003,1.740734e-002
1.699971e+003,1.744884e-002
1.700453e+003,1.754540e-002
1.700936e+003,1.765231e-002
1.701417e+003,1.771944e-002
1.701900e+003,1.772891e-002
1.702382e+003,1.769233e-002
1.702864e+003,1.763459e-002
1.703346e+003,1.758271e-002
1.703828e+003,1.755872e-002
1.704310e+003,1.757375e-002
1.704792e+003,1.762147e-002
1.705275e+003,1.767871e-002
1.705757e+003,1.771676e-002
1.706239e+003,1.772223e-002
1.706721e+003,1.770413e-002
1.707203e+003,1.768561e-002
1.707685e+003,1.768724e-002
1.708167e+003,1.771635e-002
1.708649e+003,1.776634e-002
1.709132e+003,1.782159e-002
1.709614e+003,1.786677e-002
1.710096e+003,1.789502e-002
1.710578e+003,1.791261e-002
1.711060e+003,1.793549e-002
1.711542e+003,1.798034e-002
1.712024e+003,1.805800e-002
1.712506e+003,1.816715e-002
1.712989e+003,1.829651e-002
1.713471e+003,1.842951e-002
1.713953e+003,1.855556e-002
1.714435e+003,1.867762e-002
1.714917e+003,1.881660e-002
1.715399e+003,1.900308e-002
1.715881e+003,1.926480e-002
1.716364e+003,1.960912e-002
1.716845e+003,2.001287e-002
1.717328e+003,2.042851e-002
1.717810e+003,2.081142e-002
1.718292e+003,2.114700e-002
1.718774e+003,2.145143e-002
1.719256e+003,2.174842e-002
1.719738e+003,2.205330e-002
1.720220e+003,2.236993e-002
1.720703e+003,2.269943e-002
1.721185e+003,2.304708e-002
1.721667e+003,2.342751e-002
1.722149e+003,2.386388e-002
1.722631e+003,2.438200e-002
1.723113e+003,2.499744e-002
1.723595e+003,2.570456e-002
1.724077e+003,2.647640e-002
1.724560e+003,2.727559e-002
1.725042e+003,2.807356e-002
1.725524e+003,2.886277e-002
1.726006e+003,2.966097e-002
1.726488e+003,3.050351e-002
1.726970e+003,3.143302e-002
1.727452e+003,3.248908e-002
1.727934e+003,3.369922e-002
1.728417e+003,3.507132e-002
1.728899e+003,3.658926e-002
1.729381e+003,3.821392e-002
1.729863e+003,3.989191e-002
1.730345e+003,4.157244e-002
1.730827e+003,4.323081e-002
1.731309e+003,4.489117e-002
1.731792e+003,4.665240e-002
1.732273e+003,4.870955e-002
1.732756e+003,5.135886e-002
1.733238e+003,5.490948e-002
1.733720e+003,5.942976e-002
1.734202e+003,6.448016e-002
1.734684e+003,6.927749e-002
1.735166e+003,7.326581e-002
1.735648e+003,7.639833e-002
1.736131e+003,7.895050e-002
1.736613e+003,8.126943e-002
1.737095e+003,8.366472e-002
1.737577e+003,8.639291e-002
1.738059e+003,8.964449e-002
1.738541e+003,9.349923e-002
1.739023e+003,9.785736e-002
1.739505e+003,1.024252e-001
1.739988e+003,1.068268e-001
1.740470e+003,1.107866e-001
1.740952e+003,1.142304e-001
1.741434e+003,1.172431e-001
1.741916e+003,1.199573e-001
1.742398e+003,1.224642e-001
1.742880e+003,1.247778e-001
1.743362e+003,1.268466e-001
1.743844e+003,1.285964e-001
1.744327e+003,1.299727e-001
1.744809e+003,1.309601e-001
1.745291e+003,1.315646e-001
1.745773e+003,1.317875e-001
1.746255e+003,1.316049e-001
1.746737e+003,1.309720e-001
1.747219e+003,1.298483e-001
1.747702e+003,1.282256e-001
1.748184e+003,1.261399e-001
1.748666e+003,1.236442e-001
1.749148e+003,1.207649e-001
1.749630e+003,1.174733e-001
1.750112e+003,1.137168e-001
1.750594e+003,1.094984e-001
1.751076e+003,1.049512e-001
1.751559e+003,1.003288e-001
1.752041e+003,9.590230e-002
1.752523e+003,9.184500e-002
1.753005e+003,8.818571e-002
1.753487e+003,8.483390e-002
1.753969e+003,8.163291e-002
1.754451e+003,7.840656e-002
1.754933e+003,7.499762e-002
1.755416e+003,7.130498e-002
1.755898e+003,6.732792e-002
1.756380e+003,6.319190e-002
1.756862e+003,5.911881e-002
1.757344e+003,5.533527e-002
1.757826e+003,5.197811e-002
1.758308e+003,4.906087e-002
1.758791e+003,4.650730e-002
1.759272e+003,4.420237e-002
1.759755e+003,4.203114e-002
1.760237e+003,3.989737e-002
1.760719e+003,3.773931e-002
1.761201e+003,3.554635e-002
1.761683e+003,3.337028e-002
1.762165e+003,3.131163e-002
1.762647e+003,2.947579e-002
1.763130e+003,2.792402e-002
1.763612e+003,2.665564e-002
1.764094e+003,2.562314e-002
1.764576e+003,2.475832e-002
1.765058e+003,2.399212e-002
1.765540e+003,2.326789e-002
1.766022e+003,2.254733e-002
1.766504e+003,2.181616e-002
1.766987e+003,2.108590e-002
1.767469e+003,2.038674e-002
1.767951e+003,1.975202e-002
1.768433e+003,1.920106e-002
1.768915e+003,1.873031e-002
1.769397e+003,1.831861e-002
1.769879e+003,1.793879e-002
1.770361e+003,1.756939e-002
1.770844e+003,1.719889e-002
1.771326e+003,1.682783e-002
1.771808e+003,1.646544e-002
1.772290e+003,1.612228e-002
1.772772e+003,1.580241e-002
1.773254e+003,1.550414e-002
1.773736e+003,1.522393e-002
1.774219e+003,1.496207e-002
1.774700e+003,1.472257e-002
1.775183e+003,1.450945e-002
1.775665e+003,1.432378e-002
1.776147e+003,1.416270e-002
1.776629e+003,1.401924e-002
1.777111e+003,1.388562e-002
1.777593e+003,1.375711e-002
1.778075e+003,1.363293e-002
1.778558e+003,1.351541e-002
1.779040e+003,1.340787e-002
1.779522e+003,1.331072e-002
1.780004e+003,1.321976e-002
1.780486e+003,1.312769e-002
1.780968e+003,1.302838e-002
1.781450e+003,1.292062e-002
1.781932e+003,1.280939e-002
1.782415e+003,1.270184e-002
1.782897e+003,1.260368e-002
1.783379e+003,1.251580e-002
1.783861e+003,1.243413e-002
1.784343e+003,1.235128e-002
1.784825e+003,1.226179e-002
1.785307e+003,1.216450e-002
1.785789e+003,1.206610e-002
1.786271e+003,1.197570e-002
1.786754e+003,1.190120e-002
1.787236e+003,1.184566e-002
1.787718e+003,1.180615e-002
1.788200e+003,1.177583e-002
1.788682e+003,1.174693e-002
1.789164e+003,1.171339e-002
1.789646e+003,1.167320e-002
1.790128e+003,1.162770e-002
1.790611e+003,1.157964e-002
1.791093e+003,1.153030e-002
1.791575e+003,1.147713e-002
1.792057e+003,1.141472e-002
1.792539e+003,1.133956e-002
1.793021e+003,1.125297e-002
1.793503e+003,1.116267e-002
1.793986e+003,1.107710e-002
1.794468e+003,1.100162e-002
1.794950e+003,1.093696e-002
1.795432e+003,1.088047e-002
1.795914e+003,1.082764e-002
1.796396e+003,1.077418e-002
1.796878e+003,1.071967e-002
1.797360e+003,1.066603e-002
1.797843e+003,1.061811e-002
1.798325e+003,1.057976e-002
1.798807e+003,1.055166e-002
1.799289e+003,1.053002e-002
1.799771e+003,1.050715e-002
1.800253e+003,1.047490e-002
1.800735e+003,1.042916e-002
1.801217e+003,1.037104e-002
1.801699e+003,1.030782e-002
1.802182e+003,1.024772e-002
1.802664e+003,1.019587e-002
1.803146e+003,1.015327e-002
1.803628e+003,1.011663e-002
1.804110e+003,1.008040e-002
1.804592e+003,1.003985e-002
1.805074e+003,9.992493e-003
1.805556e+003,9.938511e-003
1.806039e+003,9.880017e-003
1.806521e+003,9.820344e-003
1.807003e+003,9.762521e-003
1.807485e+003,9.709158e-003
1.807967e+003,9.661591e-003
1.808449e+003,9.620248e-003
1.808931e+003,9.584952e-003
1.809414e+003,9.554311e-003
1.809896e+003,9.526263e-003
1.810378e+003,9.496499e-003
1.810860e+003,9.461559e-003
1.811342e+003,9.417185e-003
1.811824e+003,9.361126e-003
1.812306e+003,9.293069e-003
1.812788e+003,9.213556e-003
1.813271e+003,9.124099e-003
1.813753e+003,9.025850e-003
1.814235e+003,8.920937e-003
1.814717e+003,8.812816e-003
1.815199e+003,8.708971e-003
1.815681e+003,8.619863e-003
1.816163e+003,8.558395e-003
1.816645e+003,8.536329e-003
1.817127e+003,8.559470e-003
1.817610e+003,8.624816e-003
1.818092e+003,8.721936e-003
1.818574e+003,8.834471e-003
1.819056e+003,8.945679e-003
1.819538e+003,9.041775e-003
1.820020e+003,9.114688e-003
1.820502e+003,9.162198e-003
1.820984e+003,9.187697e-003
1.821467e+003,9.198128e-003
1.821949e+003,9.199159e-003
1.822431e+003,9.196093e-003
1.822913e+003,9.191745e-003
1.823395e+003,9.187085e-003
1.823877e+003,9.180528e-003
1.824359e+003,9.170357e-003
1.824842e+003,9.155102e-003
1.825323e+003,9.133907e-003
1.825806e+003,9.106699e-003
1.826288e+003,9.075562e-003
1.826770e+003,9.043549e-003
1.827252e+003,9.015194e-003
1.827734e+003,8.994299e-003
1.828216e+003,8.984663e-003
1.828698e+003,8.987706e-003
1.829181e+003,8.999454e-003
1.829663e+003,9.010838e-003
1.830145e+003,9.011005e-003
1.830627e+003,8.991173e-003
1.831109e+003,8.950956e-003
1.831591e+003,8.895623e-003
1.832073e+003,8.834061e-003
1.832555e+003,8.774807e-003
1.833038e+003,8.724062e-003
1.833520e+003,8.684896e-003
1.834002e+003,8.659352e-003
1.834484e+003,8.644852e-003
1.834966e+003,8.638582e-003
1.835448e+003,8.635565e-003
1.835930e+003,8.631129e-003
1.836412e+003,8.621525e-003
1.836895e+003,8.604592e-003
1.837377e+003,8.580020e-003
1.837859e+003,8.550510e-003
1.838341e+003,8.519506e-003
1.838823e+003,8.491875e-003
1.839305e+003,8.470756e-003
1.839787e+003,8.458069e-003
1.840270e+003,8.454062e-003
1.840751e+003,8.455412e-003
1.841234e+003,8.459230e-003
1.841716e+003,8.462556e-003
1.842198e+003,8.462735e-003
1.842680e+003,8.459643e-003
1.843162e+003,8.453894e-003
1.843644e+003,8.447277e-003
1.844126e+003,8.440347e-003
1.844609e+003,8.431682e-003
1.845091e+003,8.418133e-003
1.845573e+003,8.396293e-003
1.846055e+003,8.364986e-003
1.846537e+003,8.324636e-003
1.847019e+003,8.278329e-003
1.847501e+003,8.230519e-003
1.847983e+003,8.186333e-003
1.848466e+003,8.150415e-003
1.848948e+003,8.125126e-003
1.849430e+003,8.111768e-003
1.849912e+003,8.108621e-003
1.850394e+003,8.112715e-003
1.850876e+003,8.119414e-003
1.851358e+003,8.124813e-003
1.851840e+003,8.124512e-003
1.852323e+003,8.116893e-003
1.852805e+003,8.100835e-003
1.853287e+003,8.079126e-003
1.853769e+003,8.055108e-003
1.854251e+003,8.033745e-003
1.854733e+003,8.018517e-003
1.855215e+003,8.011227e-003
1.855698e+003,8.010762e-003
1.856179e+003,8.014522e-003
1.856662e+003,8.018466e-003
1.857144e+003,8.020984e-003
1.857626e+003,8.021697e-003
1.858108e+003,8.022660e-003
1.858590e+003,8.027169e-003
1.859072e+003,8.037960e-003
1.859554e+003,8.055354e-003
1.860037e+003,8.077175e-003
1.860519e+003,8.098509e-003
1.861001e+003,8.113937e-003
1.861483e+003,8.118530e-003
1.861965e+003,8.110290e-003
1.862447e+003,8.089950e-003
1.862929e+003,8.061371e-003
1.863411e+003,8.029845e-003
1.863894e+003,8.001609e-003
1.864376e+003,7.981594e-003
1.864858e+003,7.973736e-003
1.865340e+003,7.979729e-003
1.865822e+003,8.000148e-003
1.866304e+003,8.032130e-003
1.866786e+003,8.071500e-003
1.867268e+003,8.112080e-003
1.867750e+003,8.146740e-003
1.868233e+003,8.168602e-003
1.868715e+003,8.173275e-003
1.869197e+003,8.159117e-003
1.869679e+003,8.127997e-003
1.870161e+003,8.081712e-003
1.870643e+003,8.023825e-003
1.871125e+003,7.957334e-003
1.871608e+003,7.886117e-003
1.872090e+003,7.815684e-003
1.872572e+003,7.753551e-003
1.873054e+003,7.708243e-003
1.873536e+003,7.686475e-003
1.874018e+003,7.690960e-003
1.874500e+003,7.719211e-003
1.874982e+003,7.763218e-003
1.875465e+003,7.812205e-003
1.875947e+003,7.855573e-003
1.876429e+003,7.885965e-003
1.876911e+003,7.900175e-003
1.877393e+003,7.898750e-003
1.877875e+003,7.884819e-003
1.878357e+003,7.862713e-003
1.878839e+003,7.836635e-003
1.879322e+003,7.809412e-003
1.879804e+003,7.783369e-003
1.880286e+003,7.761841e-003
1.880768e+003,7.746469e-003
1.881250e+003,7.739078e-003
1.881732e+003,7.739487e-003
1.882214e+003,7.746004e-003
1.882697e+003,7.755607e-003
1.883178e+003,7.766350e-003
1.883661e+003,7.777789e-003
1.884143e+003,7.790684e-003
1.884625e+003,7.806610e-003
1.885107e+003,7.826137e-003
1.885589e+003,7.846117e-003
1.886071e+003,7.863328e-003
1.886553e+003,7.872217e-003
1.887036e+003,7.869937e-003
1.887518e+003,7.856477e-003
1.888000e+003,7.838526e-003
1.888482e+003,7.824102e-003
1.888964e+003,7.822876e-003
1.889446e+003,7.838589e-003
1.889928e+003,7.867269e-003
1.890410e+003,7.898620e-003
1.890893e+003,7.920562e-003
1.891375e+003,7.925934e-003
1.891857e+003,7.914222e-003
1.892339e+003,7.890219e-003
1.892821e+003,7.861329e-003
1.893303e+003,7.833500e-003
1.893785e+003,7.809522e-003
1.894267e+003,7.786673e-003
1.894750e+003,7.759755e-003
1.895232e+003,7.723315e-003
1.895714e+003,7.678552e-003
1.896196e+003,7.631293e-003
1.896678e+003,7.590927e-003
1.897160e+003,7.566021e-003
1.897642e+003,7.561090e-003
1.898125e+003,7.573041e-003
1.898606e+003,7.594074e-003
1.899089e+003,7.614420e-003
1.899571e+003,7.628106e-003
1.900053e+003,7.631883e-003
1.900535e+003,7.630198e-003
1.901017e+003,7.628509e-003
1.901499e+003,7.632480e-003
1.901981e+003,7.644400e-003
1.902464e+003,7.660780e-003
1.902946e+003,7.675450e-003
1.903428e+003,7.682423e-003
1.903910e+003,7.677556e-003
1.904392e+003,7.661095e-003
1.904874e+003,7.636342e-003
1.905356e+003,7.609348e-003
1.905838e+003,7.584316e-003
1.906321e+003,7.564626e-003
1.906803e+003,7.550152e-003
1.907285e+003,7.541474e-003
1.907767e+003,7.536364e-003
1.908249e+003,7.533739e-003
1.908731e+003,7.532195e-003
1.909213e+003,7.530971e-003
1.909695e+003,7.529870e-003
1.910177e+003,7.528642e-003
1.910660e+003,7.528882e-003
1.911142e+003,7.532762e-003
1.911624e+003,7.542716e-003
1.912106e+003,7.560026e-003
1.912588e+003,7.583100e-003
1.913070e+003,7.608554e-003
1.913552e+003,7.632099e-003
1.914034e+003,7.650344e-003
1.914517e+003,7.661937e-003
1.914999e+003,7.670783e-003
1.915481e+003,7.682516e-003
1.915963e+003,7.703927e-003
1.916445e+003,7.738488e-003
1.916927e+003,7.785504e-003
1.917409e+003,7.837420e-003
1.917892e+003,7.882244e-003
1.918374e+003,7.907324e-003
1.918856e+003,7.905654e-003
1.919338e+003,7.875347e-003
1.919820e+003,7.819341e-003
1.920302e+003,7.739999e-003
1.920784e+003,7.640775e-003
1.921266e+003,7.524554e-003
1.921749e+003,7.395764e-003
1.922231e+003,7.262560e-003
1.922713e+003,7.136828e-003
1.923195e+003,7.028721e-003
1.923677e+003,6.945513e-003
1.924159e+003,6.883869e-003
1.924641e+003,6.834413e-003
1.925123e+003,6.784936e-003
1.925605e+003,6.726301e-003
1.926088e+003,6.654776e-003
1.926570e+003,6.577431e-003
1.927052e+003,6.505715e-003
1.927534e+003,6.453020e-003
1.928016e+003,6.427854e-003
1.928498e+003,6.431973e-003
1.928980e+003,6.458185e-003
1.929462e+003,6.494653e-003
1.929945e+003,6.530110e-003
1.930427e+003,6.557720e-003
1.930909e+003,6.575801e-003
1.931391e+003,6.585764e-003
1.931873e+003,6.588053e-003
1.932355e+003,6.584082e-003
1.932837e+003,6.571848e-003
1.933320e+003,6.551600e-003
1.933802e+003,6.525984e-003
1.934284e+003,6.503648e-003
1.934766e+003,6.495127e-003
1.935248e+003,6.509734e-003
1.935730e+003,6.548587e-003
1.936212e+003,6.605243e-003
1.936694e+003,6.664904e-003
1.937177e+003,6.712305e-003
1.937659e+003,6.734944e-003
1.938141e+003,6.730923e-003
1.938623e+003,6.706115e-003
1.939105e+003,6.672941e-003
1.939587e+003,6.642212e-003
1.940069e+003,6.621445e-003
1.940551e+003,6.609222e-003
1.941033e+003,6.598808e-003
1.941516e+003,6.579959e-003
1.941998e+003,6.547871e-003
1.942480e+003,6.500981e-003
1.942962e+003,6.445440e-003
1.943444e+003,6.388902e-003
1.943926e+003,6.337336e-003
1.944408e+003,6.292626e-003
1.944890e+003,6.255689e-003
1.945373e+003,6.227108e-003
1.945855e+003,6.210076e-003
1.946337e+003,6.210120e-003
1.946819e+003,6.234272e-003
1.947301e+003,6.282553e-003
1.947783e+003,6.356607e-003
1.948265e+003,6.450999e-003
1.948748e+003,6.561064e-003
1.949229e+003,6.681937e-003
1.949712e+003,6.809009e-003
1.950194e+003,6.932838e-003
1.950676e+003,7.039539e-003
1.951158e+003,7.107905e-003
1.951640e+003,7.117291e-003
1.952122e+003,7.052912e-003
1.952604e+003,6.912055e-003
1.953087e+003,6.705726e-003
1.953569e+003,6.458710e-003
1.954051e+003,6.197035e-003
1.954533e+003,5.946072e-003
1.955015e+003,5.715081e-003
1.955497e+003,5.504385e-003
1.955979e+003,5.303615e-003
1.956461e+003,5.102795e-003
1.956944e+003,4.904727e-003
1.957426e+003,4.730541e-003
1.957908e+003,4.611813e-003
1.958390e+003,4.581306e-003
1.958872e+003,4.658265e-003
1.959354e+003,4.839467e-003
1.959836e+003,5.098531e-003
1.960318e+003,5.399504e-003
1.960801e+003,5.705438e-003
1.961283e+003,5.991802e-003
1.961765e+003,6.242190e-003
1.962247e+003,6.446719e-003
1.962729e+003,6.592998e-003
1.963211e+003,6.675450e-003
1.963693e+003,6.692041e-003
1.964176e+003,6.657018e-003
1.964657e+003,6.594753e-003
1.965140e+003,6.544599e-003
1.965622e+003,6.542662e-003
1.966104e+003,6.611163e-003
1.966586e+003,6.735393e-003
1.967068e+003,6.873105e-003
1.967550e+003,6.963779e-003
1.968032e+003,6.958780e-003
1.968515e+003,6.840090e-003
1.968997e+003,6.631869e-003
1.969479e+003,6.380073e-003
1.969961e+003,6.146767e-003
1.970443e+003,5.979023e-003
1.970925e+003,5.899668e-003
1.971407e+003,5.900980e-003
1.971889e+003,5.956108e-003
1.972372e+003,6.024560e-003
1.972854e+003,6.077250e-003
1.973336e+003,6.089534e-003
1.973818e+003,6.055653e-003
1.974300e+003,5.981438e-003
1.974782e+003,5.898498e-003
1.975264e+003,5.860465e-003
1.975746e+003,5.950157e-003
1.976229e+003,6.257079e-003
1.976711e+003,6.863815e-003
1.977193e+003,7.793433e-003
1.977675e+003,8.989601e-003
1.978157e+003,1.029149e-002
1.978639e+003,1.149512e-002
1.979121e+003,1.240896e-002
1.979604e+003,1.292614e-002
1.980085e+003,1.303712e-002
1.980568e+003,1.282392e-002
1.981050e+003,1.241140e-002
1.981532e+003,1.193509e-002
1.982014e+003,1.149788e-002
1.982496e+003,1.115525e-002
1.982978e+003,1.090533e-002
1.983460e+003,1.071598e-002
1.983943e+003,1.054562e-002
1.984425e+003,1.036848e-002
1.984907e+003,1.018198e-002
1.985389e+003,1.000561e-002
1.985871e+003,9.860075e-003
1.986353e+003,9.760219e-003
1.986835e+003,9.701203e-003
1.987317e+003,9.666733e-003
1.987800e+003,9.632645e-003
1.988282e+003,9.585084e-003
1.988764e+003,9.520446e-003
1.989246e+003,9.445720e-003
1.989728e+003,9.367829e-003
1.990210e+003,9.294574e-003
1.990692e+003,9.224489e-003
1.991174e+003,9.152442e-003
1.991656e+003,9.071027e-003
1.992139e+003,8.979709e-003
1.992621e+003,8.881753e-003
1.993103e+003,8.783894e-003
1.993585e+003,8.687132e-003
1.994067e+003,8.592601e-003
1.994549e+003,8.497168e-003
1.995031e+003,8.399962e-003
1.995514e+003,8.302053e-003
1.995996e+003,8.213121e-003
1.996478e+003,8.135037e-003
1.996960e+003,8.068143e-003
1.997442e+003,7.997013e-003
1.997924e+003,7.903073e-003
1.998406e+003,7.768274e-003
1.998888e+003,7.592207e-003
1.999371e+003,7.390701e-003
1.999853e+003,7.200170e-003
2.000335e+003,7.057629e-003
2.000817e+003,6.989490e-003
2.001299e+003,6.994181e-003
2.001781e+003,7.042739e-003
2.002263e+003,7.088043e-003
2.002745e+003,7.094100e-003
2.003228e+003,7.045218e-003
2.003710e+003,6.967471e-003
2.004192e+003,6.907028e-003
2.004674e+003,6.918666e-003
2.005156e+003,7.038805e-003
2.005638e+003,7.265360e-003
2.006120e+003,7.564693e-003
2.006603e+003,7.887953e-003
2.007084e+003,8.195309e-003
2.007567e+003,8.471145e-003
2.008049e+003,8.723277e-003
2.008531e+003,8.969680e-003
2.009013e+003,9.212303e-003
2.009495e+003,9.435521e-003
2.009977e+003,9.607253e-003
2.010459e+003,9.693278e-003
2.010942e+003,9.674919e-003
2.011424e+003,9.565179e-003
2.011906e+003,9.395424e-003
2.012388e+003,9.210124e-003
2.012870e+003,9.039328e-003
2.013352e+003,8.891332e-003
2.013834e+003,8.749015e-003
2.014316e+003,8.584817e-003
2.014799e+003,8.379187e-003
2.015281e+003,8.142365e-003
2.015763e+003,7.906911e-003
2.016245e+003,7.728898e-003
2.016727e+003,7.651132e-003
2.017209e+003,7.694967e-003
2.017691e+003,7.838383e-003
2.018173e+003,8.039588e-003
2.018656e+003,8.252209e-003
2.019138e+003,8.451540e-003
2.019620e+003,8.629924e-003
2.020102e+003,8.794567e-003
2.020584e+003,8.949984e-003
2.021066e+003,9.092307e-003
2.021548e+003,9.203784e-003
2.022031e+003,9.263328e-003
2.022512e+003,9.259644e-003
2.022995e+003,9.200345e-003
2.023477e+003,9.110604e-003
2.023959e+003,9.022995e-003
2.024441e+003,8.960291e-003
2.024923e+003,8.933551e-003
2.025405e+003,8.933848e-003
2.025887e+003,8.946011e-003
2.026370e+003,8.960349e-003
2.026852e+003,8.989484e-003
2.027334e+003,9.054737e-003
2.027816e+003,9.179362e-003
2.028298e+003,9.362203e-003
2.028780e+003,9.575339e-003
2.029262e+003,9.762654e-003
2.029744e+003,9.867257e-003
2.030227e+003,9.848173e-003
2.030709e+003,9.706412e-003
2.031191e+003,9.478273e-003
2.031673e+003,9.237500e-003
2.032155e+003,9.063617e-003
2.032637e+003,9.018204e-003
2.033119e+003,9.126248e-003
2.033601e+003,9.375786e-003
2.034083e+003,9.727789e-003
2.034566e+003,1.013826e-002
2.035048e+003,1.056222e-002
2.035530e+003,1.096165e-002
2.036012e+003,1.130146e-002
2.036494e+003,1.155753e-002
2.036976e+003,1.171598e-002
2.037458e+003,1.177724e-002
2.037940e+003,1.175587e-002
2.038423e+003,1.168091e-002
2.038905e+003,1.158325e-002
2.039387e+003,1.149090e-002
2.039869e+003,1.141084e-002
2.040351e+003,1.133568e-002
2.040833e+003,1.124014e-002
2.041315e+003,1.109855e-002
2.041798e+003,1.089629e-002
2.042280e+003,1.064564e-002
2.042762e+003,1.037809e-002
2.043244e+003,1.013679e-002
2.043726e+003,9.958715e-003
2.044208e+003,9.861543e-003
2.044690e+003,9.842153e-003
2.045172e+003,9.884833e-003
2.045655e+003,9.979217e-003
2.046137e+003,1.013310e-002
2.046619e+003,1.037545e-002
2.047101e+003,1.074670e-002
2.047583e+003,1.127148e-002
2.048065e+003,1.193896e-002
2.048547e+003,1.268609e-002
2.049029e+003,1.340676e-002
2.049511e+003,1.397346e-002
2.049994e+003,1.427674e-002
2.050476e+003,1.424876e-002
2.050958e+003,1.388772e-002
2.051440e+003,1.325135e-002
2.051922e+003,1.245151e-002
2.052404e+003,1.161799e-002
2.052886e+003,1.087367e-002
2.053368e+003,1.030870e-002
2.053851e+003,9.968961e-003
2.054333e+003,9.851333e-003
2.054815e+003,9.909064e-003
2.055297e+003,1.006482e-002
2.055779e+003,1.024046e-002
2.056261e+003,1.037333e-002
2.056743e+003,1.043126e-002
2.057226e+003,1.041219e-002
2.057708e+003,1.033738e-002
2.058190e+003,1.023349e-002
2.058672e+003,1.012536e-002
2.059154e+003,1.002471e-002
2.059636e+003,9.931554e-003
2.060118e+003,9.839599e-003
2.060600e+003,9.743952e-003
2.061083e+003,9.644404e-003
2.061565e+003,9.548686e-003
2.062047e+003,9.467228e-003
2.062529e+003,9.409631e-003
2.063011e+003,9.376809e-003
2.063493e+003,9.365113e-003
2.063975e+003,9.365711e-003
2.064457e+003,9.371148e-003
2.064939e+003,9.378798e-003
2.065422e+003,9.394819e-003
2.065904e+003,9.426135e-003
2.066386e+003,9.476008e-003
2.066868e+003,9.540165e-003
2.067350e+003,9.610240e-003
2.067832e+003,9.671626e-003
2.068314e+003,9.716277e-003
2.068796e+003,9.741062e-003
2.069279e+003,9.752204e-003
2.069761e+003,9.761131e-003
2.070243e+003,9.779284e-003
2.070725e+003,9.808475e-003
2.071207e+003,9.847600e-003
2.071689e+003,9.888549e-003
2.072171e+003,9.922644e-003
2.072654e+003,9.947033e-003
2.073135e+003,9.965741e-003
2.073618e+003,9.986606e-003
2.074100e+003,1.002013e-002
2.074582e+003,1.007000e-002
2.075064e+003,1.013735e-002
2.075546e+003,1.021684e-002
2.076028e+003,1.030333e-002
2.076510e+003,1.039105e-002
2.076993e+003,1.047903e-002
2.077475e+003,1.056210e-002
2.077957e+003,1.063492e-002
2.078439e+003,1.068637e-002
2.078921e+003,1.070454e-002
2.079403e+003,1.067899e-002
2.079885e+003,1.060741e-002
2.080367e+003,1.049661e-002
2.080850e+003,1.036485e-002
2.081332e+003,1.023346e-002
2.081814e+003,1.012206e-002
2.082296e+003,1.004047e-002
2.082778e+003,9.988228e-003
2.083260e+003,9.954109e-003
2.083742e+003,9.924301e-003
2.084224e+003,9.886941e-003
2.084707e+003,9.837064e-003
2.085189e+003,9.777667e-003
2.085671e+003,9.714684e-003
2.086153e+003,9.652512e-003
2.086635e+003,9.593882e-003
2.087117e+003,9.534876e-003
2.087599e+003,9.469765e-003
2.088082e+003,9.392676e-003
2.088563e+003,9.300523e-003
2.089046e+003,9.192813e-003
2.089528e+003,9.069892e-003
2.090010e+003,8.931543e-003
2.090492e+003,8.777415e-003
2.090974e+003,8.607855e-003
2.091456e+003,8.428945e-003
2.091938e+003,8.255235e-003
2.092421e+003,8.108687e-003
2.092903e+003,8.015894e-003
2.093385e+003,8.002275e-003
2.093867e+003,8.081323e-003
2.094349e+003,8.251372e-003
2.094831e+003,8.492078e-003
2.095313e+003,8.771721e-003
2.095795e+003,9.054593e-003
2.096278e+003,9.311786e-003
2.096760e+003,9.524027e-003
2.097242e+003,9.685279e-003
2.097724e+003,9.799069e-003
2.098206e+003,9.875392e-003
2.098688e+003,9.926378e-003
2.099170e+003,9.963536e-003
2.099652e+003,9.994169e-003
2.100135e+003,1.002390e-002
2.100617e+003,1.005287e-002
2.101099e+003,1.007904e-002
2.101581e+003,1.009403e-002
2.102063e+003,1.009141e-002
2.102545e+003,1.006513e-002
2.103027e+003,1.001411e-002
2.103510e+003,9.942628e-003
2.103991e+003,9.860973e-003
2.104474e+003,9.779993e-003
2.104956e+003,9.712022e-003
2.105438e+003,9.663273e-003
2.105920e+003,9.636854e-003
2.106402e+003,9.632359e-003
2.106884e+003,9.648602e-003
2.107366e+003,9.683836e-003
2.107849e+003,9.737580e-003
2.108331e+003,9.807096e-003
2.108813e+003,9.885124e-003
2.109295e+003,9.961637e-003
2.109777e+003,1.002420e-002
2.110259e+003,1.006226e-002
2.110741e+003,1.007241e-002
2.111223e+003,1.005823e-002
2.111706e+003,1.003074e-002
2.112188e+003,1.000197e-002
2.112670e+003,9.979629e-003
2.113152e+003,9.960954e-003
2.113634e+003,9.937597e-003
2.114116e+003,9.894546e-003
2.114598e+003,9.821095e-003
2.115080e+003,9.712697e-003
2.115563e+003,9.577063e-003
2.116045e+003,9.427785e-003
2.116527e+003,9.281934e-003
2.117009e+003,9.150351e-003
2.117491e+003,9.038284e-003
2.117973e+003,8.939427e-003
2.118455e+003,8.845427e-003
2.118938e+003,8.745653e-003
2.119420e+003,8.636130e-003
2.119902e+003,8.515582e-003
2.120384e+003,8.388543e-003
2.120866e+003,8.257989e-003
2.121348e+003,8.125196e-003
2.121830e+003,7.989027e-003
2.122312e+003,7.848207e-003
2.122794e+003,7.702095e-003
2.123277e+003,7.553954e-003
2.123759e+003,7.408679e-003
2.124241e+003,7.271091e-003
2.124723e+003,7.140912e-003
2.125205e+003,7.015161e-003
2.125687e+003,6.885751e-003
2.126169e+003,6.745727e-003
2.126651e+003,6.591323e-003
2.127134e+003,6.428360e-003
2.127616e+003,6.263008e-003
2.128098e+003,6.101159e-003
2.128580e+003,5.942603e-003
2.129062e+003,5.776761e-003
2.129544e+003,5.586169e-003
2.130026e+003,5.353221e-003
2.130509e+003,5.068622e-003
2.130990e+003,4.739981e-003
2.131473e+003,4.390088e-003
2.131955e+003,4.057199e-003
2.132437e+003,3.778977e-003
2.132919e+003,3.590526e-003
2.133401e+003,3.508954e-003
2.133883e+003,3.536007e-003
2.134365e+003,3.658491e-003
2.134848e+003,3.858468e-003
2.135330e+003,4.113793e-003
2.135812e+003,4.400235e-003
2.136294e+003,4.691446e-003
2.136776e+003,4.960313e-003
2.137258e+003,5.182237e-003
2.137740e+003,5.340050e-003
2.138222e+003,5.428975e-003
2.138705e+003,5.459283e-003
2.139187e+003,5.448748e-003
2.139669e+003,5.421524e-003
2.140151e+003,5.394857e-003
2.140633e+003,5.375099e-003
2.141115e+003,5.355046e-003
2.141597e+003,5.318569e-003
2.142079e+003,5.246744e-003
2.142562e+003,5.132061e-003
2.143044e+003,4.975221e-003
2.143526e+003,4.791349e-003
2.144008e+003,4.603576e-003
2.144490e+003,4.439817e-003
2.144972e+003,4.323994e-003
2.145454e+003,4.273403e-003
2.145937e+003,4.296222e-003
2.146418e+003,4.393219e-003
2.146901e+003,4.553243e-003
2.147383e+003,4.754057e-003
2.147865e+003,4.959797e-003
2.148347e+003,5.133394e-003
2.148829e+003,5.241582e-003
2.149311e+003,5.264029e-003
2.149793e+003,5.195512e-003
2.150276e+003,5.051177e-003
2.150758e+003,4.845838e-003
2.151240e+003,4.594392e-003
2.151722e+003,4.299568e-003
2.152204e+003,3.950205e-003
2.152686e+003,3.529432e-003
2.153168e+003,3.022338e-003
2.153650e+003,2.422924e-003
2.154133e+003,1.747824e-003
2.154615e+003,1.030526e-003
2.155097e+003,3.291730e-004
2.155579e+003,-2.810789e-004
2.156061e+003,-7.016254e-004
2.156543e+003,-8.197299e-004
2.157025e+003,-5.075207e-004
2.157507e+003,3.587901e-004
2.157990e+003,1.861638e-003
2.158472e+003,3.984261e-003
2.158954e+003,6.561981e-003
2.159436e+003,9.279824e-003
2.159918e+003,1.176136e-002
2.160400e+003,1.369090e-002
2.160882e+003,1.491682e-002
2.161365e+003,1.546660e-002
2.161846e+003,1.550916e-002
2.162329e+003,1.526703e-002
2.162811e+003,1.495656e-002
2.163293e+003,1.472447e-002
2.163775e+003,1.463271e-002
2.164257e+003,1.466066e-002
2.164739e+003,1.474058e-002
2.165221e+003,1.479079e-002
2.165704e+003,1.475487e-002
2.166186e+003,1.460622e-002
2.166668e+003,1.435300e-002
2.167150e+003,1.401598e-002
2.167632e+003,1.362312e-002
2.168114e+003,1.320059e-002
2.168596e+003,1.276736e-002
2.169078e+003,1.233742e-002
2.169561e+003,1.192707e-002
2.170043e+003,1.154735e-002
2.170525e+003,1.121027e-002
2.171007e+003,1.091086e-002
2.171489e+003,1.063869e-002
2.171971e+003,1.037958e-002
2.172453e+003,1.012756e-002
2.172935e+003,9.889825e-003
2.173417e+003,9.699699e-003
2.173900e+003,9.599245e-003
2.174382e+003,9.626340e-003
2.174864e+003,9.794109e-003
2.175346e+003,1.008159e-002
2.175828e+003,1.043483e-002
2.176310e+003,1.078010e-002
2.176792e+003,1.104647e-002
2.177274e+003,1.118797e-002
2.177757e+003,1.118819e-002
2.178239e+003,1.105921e-002
2.178721e+003,1.083498e-002
2.179203e+003,1.056484e-002
2.179685e+003,1.030064e-002
2.180167e+003,1.009248e-002
2.180649e+003,9.985247e-003
2.181132e+003,1.001922e-002
2.181614e+003,1.021527e-002
2.182096e+003,1.057155e-002
2.182578e+003,1.105088e-002
2.183060e+003,1.159129e-002
2.183542e+003,1.211040e-002
2.184024e+003,1.253799e-002
2.184506e+003,1.282273e-002
2.184989e+003,1.295084e-002
2.185471e+003,1.293975e-002
2.185953e+003,1.283446e-002
2.186435e+003,1.268662e-002
2.186917e+003,1.254336e-002
2.187399e+003,1.243340e-002
2.187881e+003,1.236248e-002
2.188363e+003,1.231863e-002
2.188845e+003,1.228277e-002
2.189328e+003,1.223205e-002
2.189810e+003,1.215464e-002
2.190292e+003,1.204824e-002
2.190774e+003,1.192475e-002
2.191256e+003,1.180335e-002
2.191738e+003,1.170897e-002
2.192220e+003,1.166242e-002
2.192702e+003,1.167639e-002
2.193185e+003,1.174759e-002
2.193667e+003,1.186027e-002
2.194149e+003,1.198177e-002
2.194631e+003,1.208116e-002
2.195113e+003,1.213259e-002
2.195595e+003,1.212501e-002
2.196077e+003,1.206451e-002
2.196560e+003,1.197216e-002
2.197042e+003,1.186989e-002
2.197524e+003,1.177688e-002
2.198006e+003,1.169571e-002
2.198488e+003,1.161871e-002
2.198970e+003,1.153158e-002
2.199452e+003,1.142148e-002
2.199934e+003,1.128656e-002
2.200417e+003,1.114090e-002
2.200899e+003,1.100214e-002
2.201381e+003,1.089241e-002
2.201863e+003,1.082358e-002
2.202345e+003,1.079702e-002
2.202827e+003,1.080182e-002
2.203309e+003,1.082095e-002
2.203791e+003,1.083875e-002
2.204273e+003,1.085095e-002
2.204756e+003,1.085967e-002
2.205238e+003,1.087210e-002
2.205720e+003,1.089613e-002
2.206202e+003,1.093415e-002
2.206684e+003,1.098040e-002
2.207166e+003,1.102445e-002
2.207648e+003,1.105231e-002
2.208130e+003,1.105332e-002
2.208613e+003,1.102220e-002
2.209095e+003,1.095745e-002
2.209577e+003,1.086432e-002
2.210059e+003,1.075619e-002
2.210541e+003,1.064848e-002
2.211023e+003,1.055932e-002
2.211505e+003,1.050398e-002
2.211988e+003,1.049220e-002
2.212469e+003,1.052250e-002
2.212952e+003,1.058358e-002
2.213434e+003,1.065196e-002
2.213916e+003,1.070390e-002
2.214398e+003,1.072240e-002
2.214880e+003,1.070314e-002
2.215362e+003,1.065738e-002
2.215844e+003,1.060795e-002
2.216327e+003,1.057819e-002
2.216809e+003,1.058606e-002
2.217291e+003,1.063486e-002
2.217773e+003,1.071616e-002
2.218255e+003,1.081169e-002
2.218737e+003,1.090519e-002
2.219219e+003,1.098379e-002
2.219701e+003,1.104859e-002
2.220184e+003,1.110338e-002
2.220666e+003,1.115603e-002
2.221148e+003,1.120819e-002
2.221630e+003,1.125955e-002
2.222112e+003,1.130602e-002
2.222594e+003,1.134402e-002
2.223076e+003,1.137495e-002
2.223558e+003,1.140582e-002
2.224041e+003,1.144424e-002
2.224523e+003,1.149580e-002
2.225005e+003,1.155797e-002
2.225487e+003,1.162309e-002
2.225969e+003,1.167869e-002
2.226451e+003,1.171108e-002
2.226933e+003,1.171041e-002
2.227416e+003,1.167544e-002
2.227897e+003,1.160826e-002
2.228380e+003,1.151625e-002
2.228862e+003,1.140747e-002
2.229344e+003,1.129477e-002
2.229826e+003,1.119294e-002
2.230308e+003,1.111911e-002
2.230790e+003,1.109228e-002
2.231272e+003,1.112511e-002
2.231755e+003,1.122079e-002
2.232237e+003,1.136704e-002
2.232719e+003,1.153740e-002
2.233201e+003,1.169708e-002
2.233683e+003,1.181385e-002
2.234165e+003,1.186856e-002
2.234647e+003,1.185808e-002
2.235129e+003,1.179849e-002
2.235612e+003,1.171458e-002
2.236094e+003,1.163267e-002
2.236576e+003,1.156851e-002
2.237058e+003,1.152870e-002
2.237540e+003,1.150927e-002
2.238022e+003,1.150410e-002
2.238504e+003,1.150711e-002
2.238986e+003,1.151776e-002
2.239469e+003,1.153984e-002
2.239951e+003,1.157590e-002
2.240433e+003,1.162167e-002
2.240915e+003,1.166955e-002
2.241397e+003,1.170889e-002
2.241879e+003,1.172976e-002
2.242361e+003,1.172829e-002
2.242844e+003,1.170945e-002
2.243326e+003,1.168105e-002
2.243808e+003,1.165474e-002
2.244290e+003,1.163580e-002
2.244772e+003,1.162679e-002
2.245254e+003,1.162657e-002
2.245736e+003,1.163396e-002
2.246218e+003,1.164753e-002
2.246700e+003,1.166751e-002
2.247183e+003,1.169232e-002
2.247665e+003,1.171473e-002
2.248147e+003,1.172154e-002
2.248629e+003,1.169675e-002
2.249111e+003,1.162641e-002
2.249593e+003,1.150716e-002
2.250075e+003,1.134745e-002
2.250557e+003,1.117163e-002
2.251040e+003,1.100822e-002
2.251522e+003,1.088526e-002
2.252004e+003,1.082127e-002
2.252486e+003,1.082200e-002
2.252968e+003,1.088207e-002
2.253450e+003,1.099244e-002
2.253932e+003,1.114480e-002
2.254415e+003,1.133639e-002
2.254896e+003,1.156786e-002
2.255379e+003,1.183579e-002
2.255861e+003,1.212857e-002
2.256343e+003,1.242300e-002
2.256825e+003,1.268886e-002
2.257307e+003,1.289647e-002
2.257789e+003,1.302263e-002
2.258271e+003,1.306045e-002
2.258754e+003,1.301614e-002
2.259236e+003,1.290900e-002
2.259718e+003,1.276087e-002
2.260200e+003,1.259253e-002
2.260682e+003,1.242027e-002
2.261164e+003,1.225539e-002
2.261646e+003,1.210626e-002
2.262128e+003,1.198167e-002
2.262611e+003,1.189043e-002
2.263093e+003,1.184052e-002
2.263575e+003,1.183560e-002
2.264057e+003,1.187563e-002
2.264539e+003,1.195221e-002
2.265021e+003,1.205587e-002
2.265503e+003,1.217532e-002
2.265985e+003,1.230334e-002
2.266468e+003,1.243425e-002
2.266950e+003,1.256409e-002
2.267432e+003,1.268875e-002
2.267914e+003,1.280290e-002
2.268396e+003,1.289905e-002
2.268878e+003,1.297271e-002
2.269360e+003,1.302301e-002
2.269843e+003,1.305443e-002
2.270324e+003,1.307580e-002
2.270807e+003,1.309489e-002
2.271289e+003,1.311606e-002
2.271771e+003,1.313959e-002
2.272253e+003,1.315947e-002
2.272735e+003,1.316806e-002
2.273217e+003,1.316108e-002
2.273699e+003,1.314066e-002
2.274182e+003,1.311558e-002
2.274664e+003,1.309827e-002
2.275146e+003,1.310242e-002
2.275628e+003,1.313584e-002
2.276110e+003,1.319931e-002
2.276592e+003,1.328750e-002
2.277074e+003,1.338927e-002
2.277556e+003,1.349331e-002
2.278039e+003,1.358952e-002
2.278521e+003,1.367315e-002
2.279003e+003,1.374289e-002
2.279485e+003,1.380162e-002
2.279967e+003,1.385579e-002
2.280449e+003,1.391366e-002
2.280931e+003,1.398367e-002
2.281413e+003,1.407419e-002
2.281896e+003,1.418983e-002
2.282378e+003,1.433176e-002
2.282860e+003,1.449343e-002
2.283342e+003,1.466363e-002
2.283824e+003,1.482764e-002
2.284306e+003,1.497030e-002
2.284788e+003,1.507960e-002
2.285271e+003,1.514921e-002
2.285752e+003,1.517901e-002
2.286235e+003,1.517352e-002
2.286717e+003,1.514041e-002
2.287199e+003,1.508735e-002
2.287681e+003,1.502051e-002
2.288163e+003,1.494447e-002
2.288645e+003,1.485971e-002
2.289127e+003,1.476768e-002
2.289610e+003,1.466778e-002
2.290092e+003,1.456052e-002
2.290574e+003,1.444730e-002
2.291056e+003,1.433050e-002
2.291538e+003,1.421536e-002
2.292020e+003,1.410665e-002
2.292502e+003,1.401093e-002
2.292984e+003,1.393313e-002
2.293467e+003,1.387526e-002
2.293949e+003,1.383548e-002
2.294431e+003,1.380786e-002
2.294913e+003,1.378324e-002
2.295395e+003,1.375220e-002
2.295877e+003,1.370812e-002
2.296359e+003,1.364914e-002
2.296841e+003,1.357917e-002
2.297323e+003,1.350625e-002
2.297806e+003,1.344017e-002
2.298288e+003,1.338858e-002
2.298770e+003,1.335433e-002
2.299252e+003,1.333698e-002
2.299734e+003,1.333136e-002
2.300216e+003,1.333122e-002
2.300698e+003,1.333216e-002
2.301180e+003,1.333248e-002
2.301663e+003,1.333311e-002
2.302145e+003,1.333513e-002
2.302627e+003,1.334125e-002
2.303109e+003,1.335131e-002
2.303591e+003,1.336432e-002
2.304073e+003,1.337717e-002
2.304555e+003,1.338748e-002
2.305038e+003,1.339307e-002
2.305520e+003,1.339378e-002
2.306002e+003,1.338969e-002
2.306484e+003,1.338319e-002
2.306966e+003,1.337731e-002
2.307448e+003,1.337631e-002
2.307930e+003,1.338422e-002
2.308412e+003,1.340539e-002
2.308895e+003,1.344145e-002
2.309377e+003,1.349195e-002
2.309859e+003,1.355249e-002
2.310341e+003,1.361615e-002
2.310823e+003,1.367417e-002
2.311305e+003,1.371949e-002
2.311787e+003,1.374806e-002
2.312269e+003,1.376157e-002
2.312751e+003,1.376544e-002
2.313234e+003,1.376746e-002
2.313716e+003,1.377631e-002
2.314198e+003,1.379698e-002
2.314680e+003,1.383221e-002
2.315162e+003,1.388206e-002
2.315644e+003,1.394579e-002
2.316126e+003,1.402278e-002
2.316608e+003,1.411412e-002
2.317091e+003,1.422093e-002
2.317573e+003,1.434313e-002
2.318055e+003,1.448083e-002
2.318537e+003,1.463279e-002
2.319019e+003,1.479894e-002
2.319501e+003,1.498345e-002
2.319983e+003,1.519553e-002
2.320466e+003,1.544591e-002
2.320948e+003,1.574404e-002
2.321430e+003,1.608707e-002
2.321912e+003,1.645483e-002
2.322394e+003,1.680708e-002
2.322876e+003,1.708710e-002
2.323358e+003,1.723378e-002
2.323840e+003,1.719780e-002
2.324323e+003,1.695276e-002
2.324805e+003,1.650485e-002
2.325287e+003,1.589032e-002
2.325769e+003,1.516849e-002
2.326251e+003,1.441021e-002
2.326733e+003,1.368549e-002
2.327215e+003,1.305018e-002
2.327697e+003,1.254056e-002
2.328179e+003,1.216755e-002
2.328662e+003,1.191833e-002
2.329144e+003,1.176424e-002
2.329626e+003,1.166969e-002
2.330108e+003,1.160181e-002
2.330590e+003,1.153806e-002
2.331072e+003,1.146850e-002
2.331554e+003,1.139320e-002
2.332036e+003,1.131851e-002
2.332519e+003,1.125145e-002
2.333001e+003,1.119727e-002
2.333483e+003,1.115854e-002
2.333965e+003,1.113606e-002
2.334447e+003,1.112929e-002
2.334929e+003,1.113706e-002
2.335411e+003,1.115877e-002
2.335894e+003,1.119065e-002
2.336375e+003,1.122787e-002
2.336858e+003,1.126424e-002
2.337340e+003,1.129405e-002
2.337822e+003,1.131503e-002
2.338304e+003,1.132888e-002
2.338786e+003,1.134163e-002
2.339268e+003,1.135996e-002
2.339750e+003,1.138966e-002
2.340233e+003,1.143271e-002
2.340715e+003,1.148479e-002
2.341197e+003,1.153855e-002
2.341679e+003,1.158511e-002
2.342161e+003,1.161842e-002
2.342643e+003,1.163612e-002
2.343125e+003,1.164126e-002
2.343607e+003,1.163895e-002
2.344090e+003,1.163490e-002
2.344572e+003,1.163297e-002
2.345054e+003,1.163348e-002
2.345536e+003,1.163477e-002
2.346018e+003,1.163614e-002
2.346500e+003,1.163617e-002
2.346982e+003,1.163667e-002
2.347464e+003,1.163764e-002
2.347947e+003,1.164130e-002
2.348429e+003,1.164668e-002
2.348911e+003,1.165222e-002
2.349393e+003,1.165618e-002
2.349875e+003,1.165542e-002
2.350357e+003,1.164797e-002
2.350839e+003,1.163350e-002
2.351322e+003,1.161264e-002
2.351803e+003,1.158807e-002
2.352286e+003,1.156246e-002
2.352768e+003,1.153881e-002
2.353250e+003,1.151815e-002
2.353732e+003,1.150166e-002
2.354214e+003,1.148855e-002
2.354696e+003,1.147749e-002
2.355178e+003,1.146634e-002
2.355661e+003,1.145085e-002
2.356143e+003,1.142754e-002
2.356625e+003,1.139182e-002
2.357107e+003,1.134116e-002
2.357589e+003,1.127634e-002
2.358071e+003,1.120092e-002
2.358553e+003,1.112254e-002
2.359035e+003,1.104841e-002
2.359518e+003,1.098318e-002
2.360000e+003,1.092852e-002
2.360482e+003,1.088135e-002
2.360964e+003,1.083605e-002
2.361446e+003,1.078758e-002
2.361928e+003,1.073221e-002
2.362410e+003,1.066977e-002
2.362892e+003,1.060194e-002
2.363375e+003,1.053092e-002
2.363857e+003,1.045758e-002
2.364339e+003,1.038366e-002
2.364821e+003,1.031003e-002
2.365303e+003,1.023954e-002
2.365785e+003,1.017726e-002
2.366267e+003,1.012882e-002
2.366750e+003,1.009778e-002
2.367232e+003,1.008471e-002
2.367714e+003,1.008502e-002
2.368196e+003,1.009088e-002
2.368678e+003,1.009460e-002
2.369160e+003,1.009197e-002
2.369642e+003,1.008316e-002
2.370124e+003,1.007308e-002
2.370606e+003,1.006934e-002
2.371089e+003,1.007805e-002
2.371571e+003,1.010256e-002
2.372053e+003,1.014160e-002
2.372535e+003,1.019098e-002
2.373017e+003,1.024491e-002
2.373499e+003,1.029893e-002
2.373981e+003,1.035156e-002
2.374463e+003,1.040142e-002
2.374946e+003,1.044884e-002
2.375428e+003,1.049366e-002
2.375910e+003,1.053587e-002
2.376392e+003,1.057381e-002
2.376874e+003,1.060754e-002
2.377356e+003,1.063739e-002
2.377838e+003,1.066375e-002
2.378321e+003,1.068661e-002
2.378802e+003,1.070582e-002
2.379285e+003,1.071835e-002
2.379767e+003,1.072211e-002
2.380249e+003,1.071496e-002
2.380731e+003,1.069665e-002
2.381213e+003,1.067099e-002
2.381695e+003,1.064341e-002
2.382177e+003,1.062124e-002
2.382660e+003,1.060976e-002
2.383142e+003,1.061182e-002
2.383624e+003,1.062641e-002
2.384106e+003,1.064924e-002
2.384588e+003,1.067478e-002
2.385070e+003,1.069802e-002
2.385552e+003,1.071575e-002
2.386034e+003,1.072751e-002
2.386517e+003,1.073463e-002
2.386999e+003,1.073983e-002
2.387481e+003,1.074496e-002
2.387963e+003,1.075136e-002
2.388445e+003,1.075945e-002
2.388927e+003,1.076962e-002
2.389409e+003,1.078228e-002
2.389891e+003,1.079789e-002
2.390374e+003,1.081776e-002
2.390856e+003,1.084091e-002
2.391338e+003,1.086664e-002
2.391820e+003,1.089318e-002
2.392302e+003,1.091764e-002
2.392784e+003,1.093995e-002
2.393266e+003,1.095955e-002
2.393749e+003,1.097779e-002
2.394230e+003,1.099603e-002
2.394713e+003,1.101557e-002
2.395195e+003,1.103655e-002
2.395677e+003,1.105771e-002
2.396159e+003,1.107791e-002
2.396641e+003,1.109571e-002
2.397123e+003,1.111086e-002
2.397605e+003,1.112402e-002
2.398088e+003,1.113557e-002
2.398570e+003,1.114641e-002
2.399052e+003,1.115499e-002
2.399534e+003,1.116029e-002
2.400016e+003,1.116020e-002
2.400498e+003,1.115303e-002
2.400980e+003,1.113911e-002
2.401462e+003,1.111956e-002
2.401945e+003,1.109653e-002
2.402427e+003,1.107213e-002
2.402909e+003,1.104924e-002
2.403391e+003,1.102893e-002
2.403873e+003,1.101448e-002
2.404355e+003,1.100896e-002
2.404837e+003,1.101745e-002
2.405319e+003,1.104462e-002
2.405802e+003,1.109413e-002
2.406284e+003,1.116597e-002
2.406766e+003,1.125631e-002
2.407248e+003,1.135597e-002
2.407730e+003,1.145446e-002
2.408212e+003,1.154074e-002
2.408694e+003,1.160696e-002
2.409177e+003,1.164973e-002
2.409658e+003,1.167055e-002
2.410141e+003,1.167482e-002
2.410623e+003,1.166835e-002
2.411105e+003,1.165703e-002
2.411587e+003,1.164336e-002
2.412069e+003,1.162799e-002
2.412551e+003,1.160995e-002
2.413033e+003,1.158818e-002
2.413516e+003,1.156300e-002
2.413998e+003,1.153644e-002
2.414480e+003,1.151335e-002
2.414962e+003,1.149777e-002
2.415444e+003,1.149310e-002
2.415926e+003,1.150106e-002
2.416408e+003,1.151955e-002
2.416890e+003,1.154387e-002
2.417373e+003,1.156966e-002
2.417855e+003,1.159140e-002
2.418337e+003,1.160619e-002
2.418819e+003,1.161385e-002
2.419301e+003,1.161706e-002
2.419783e+003,1.162059e-002
2.420265e+003,1.162972e-002
2.420747e+003,1.164891e-002
2.421229e+003,1.167994e-002
2.421712e+003,1.172284e-002
2.422194e+003,1.177468e-002
2.422676e+003,1.183190e-002
2.423158e+003,1.189125e-002
2.423640e+003,1.194966e-002
2.424122e+003,1.200533e-002
2.424604e+003,1.205810e-002
2.425086e+003,1.210691e-002
2.425569e+003,1.215094e-002
2.426051e+003,1.219003e-002
2.426533e+003,1.222328e-002
2.427015e+003,1.225020e-002
2.427497e+003,1.227118e-002
2.427979e+003,1.228827e-002
2.428461e+003,1.230195e-002
2.428944e+003,1.231359e-002
2.429426e+003,1.232369e-002
2.429908e+003,1.233110e-002
2.430390e+003,1.233445e-002
2.430872e+003,1.233241e-002
2.431354e+003,1.232312e-002
2.431836e+003,1.230592e-002
2.432318e+003,1.228121e-002
2.432801e+003,1.225045e-002
2.433283e+003,1.221650e-002
2.433765e+003,1.218237e-002
2.434247e+003,1.215158e-002
2.434729e+003,1.212730e-002
2.435211e+003,1.211126e-002
2.435693e+003,1.210329e-002
2.436175e+003,1.210111e-002
2.436657e+003,1.210138e-002
2.437140e+003,1.210027e-002
2.437622e+003,1.209498e-002
2.438104e+003,1.208446e-002
2.438586e+003,1.207092e-002
2.439068e+003,1.205728e-002
2.439550e+003,1.204773e-002
2.440032e+003,1.204536e-002
2.440514e+003,1.205028e-002
2.440997e+003,1.206215e-002
2.441479e+003,1.207877e-002
2.441961e+003,1.209818e-002
2.442443e+003,1.211931e-002
2.442925e+003,1.214275e-002
2.443407e+003,1.216946e-002
2.443889e+003,1.220021e-002
2.444372e+003,1.223448e-002
2.444854e+003,1.226984e-002
2.445336e+003,1.230382e-002
2.445818e+003,1.233395e-002
2.446300e+003,1.236017e-002
2.446782e+003,1.238352e-002
2.447264e+003,1.240680e-002
2.447746e+003,1.243107e-002
2.448229e+003,1.245691e-002
2.448711e+003,1.248169e-002
2.449193e+003,1.250196e-002
2.449675e+003,1.251444e-002
2.450157e+003,1.251806e-002
2.450639e+003,1.251526e-002
2.451121e+003,1.251115e-002
2.451604e+003,1.251222e-002
2.452085e+003,1.252347e-002
2.452568e+003,1.254715e-002
2.453050e+003,1.258078e-002
2.453532e+003,1.261847e-002
2.454014e+003,1.265205e-002
2.454496e+003,1.267379e-002
2.454978e+003,1.267785e-002
2.455460e+003,1.266206e-002
2.455943e+003,1.262749e-002
2.456425e+003,1.257841e-002
2.456907e+003,1.252034e-002
2.457389e+003,1.246018e-002
2.457871e+003,1.240298e-002
2.458353e+003,1.235275e-002
2.458835e+003,1.231050e-002
2.459317e+003,1.227426e-002
2.459800e+003,1.224088e-002
2.460282e+003,1.220576e-002
2.460764e+003,1.216643e-002
2.461246e+003,1.212221e-002
2.461728e+003,1.207591e-002
2.462210e+003,1.203256e-002
2.462692e+003,1.199762e-002
2.463174e+003,1.197455e-002
2.463656e+003,1.196336e-002
2.464139e+003,1.196066e-002
2.464621e+003,1.195937e-002
2.465103e+003,1.195337e-002
2.465585e+003,1.193869e-002
2.466067e+003,1.191400e-002
2.466549e+003,1.188303e-002
2.467031e+003,1.185039e-002
2.467513e+003,1.182096e-002
2.467996e+003,1.179896e-002
2.468478e+003,1.178497e-002
2.468960e+003,1.177892e-002
2.469442e+003,1.177907e-002
2.469924e+003,1.178418e-002
2.470406e+003,1.179418e-002
2.470888e+003,1.180857e-002
2.471371e+003,1.182669e-002
2.471853e+003,1.184663e-002
2.472335e+003,1.186567e-002
2.472817e+003,1.188199e-002
2.473299e+003,1.189516e-002
2.473781e+003,1.190701e-002
2.474263e+003,1.192151e-002
2.474745e+003,1.194299e-002
2.475228e+003,1.197393e-002
2.475710e+003,1.201284e-002
2.476192e+003,1.205526e-002
2.476674e+003,1.209362e-002
2.477156e+003,1.212154e-002
2.477638e+003,1.213420e-002
2.478120e+003,1.213050e-002
2.478602e+003,1.211392e-002
2.479084e+003,1.209060e-002
2.479567e+003,1.206695e-002
2.480049e+003,1.204911e-002
2.480531e+003,1.203990e-002
2.481013e+003,1.204107e-002
2.481495e+003,1.205131e-002
2.481977e+003,1.206862e-002
2.482459e+003,1.209043e-002
2.482941e+003,1.211374e-002
2.483424e+003,1.213682e-002
2.483906e+003,1.215657e-002
2.484388e+003,1.217358e-002
2.484870e+003,1.218835e-002
2.485352e+003,1.220321e-002
2.485834e+003,1.222123e-002
2.486316e+003,1.224485e-002
2.486799e+003,1.227465e-002
2.487281e+003,1.230845e-002
2.487763e+003,1.234285e-002
2.488245e+003,1.237335e-002
2.488727e+003,1.239693e-002
2.489209e+003,1.241226e-002
2.489691e+003,1.242093e-002
2.490173e+003,1.242575e-002
2.490656e+003,1.242999e-002
2.491138e+003,1.243574e-002
2.491620e+003,1.244358e-002
2.492102e+003,1.245309e-002
2.492584e+003,1.246418e-002
2.493066e+003,1.247654e-002
2.493548e+003,1.249141e-002
2.494030e+003,1.250962e-002
2.494512e+003,1.253143e-002
2.494995e+003,1.255468e-002
2.495477e+003,1.257476e-002
2.495959e+003,1.258556e-002
2.496441e+003,1.258137e-002
2.496923e+003,1.255886e-002
2.497405e+003,1.251901e-002
2.497887e+003,1.246659e-002
2.498370e+003,1.240996e-002
2.498852e+003,1.235959e-002
2.499334e+003,1.232429e-002
2.499816e+003,1.231075e-002
2.500298e+003,1.232175e-002
2.500780e+003,1.235573e-002
2.501262e+003,1.240673e-002
2.501744e+003,1.246722e-002
2.502227e+003,1.252792e-002
2.502709e+003,1.258091e-002
2.503191e+003,1.261992e-002
2.503673e+003,1.264342e-002
2.504155e+003,1.265340e-002
2.504637e+003,1.265458e-002
2.505119e+003,1.265391e-002
2.505601e+003,1.265643e-002
2.506083e+003,1.266567e-002
2.506566e+003,1.268105e-002
2.507048e+003,1.269912e-002
2.507530e+003,1.271526e-002
2.508012e+003,1.272519e-002
2.508494e+003,1.272747e-002
2.508976e+003,1.272142e-002
2.509458e+003,1.271015e-002
2.509940e+003,1.269703e-002
2.510423e+003,1.268516e-002
2.510905e+003,1.267649e-002
2.511387e+003,1.267219e-002
2.511869e+003,1.267285e-002
2.512351e+003,1.267857e-002
2.512833e+003,1.268993e-002
2.513315e+003,1.270711e-002
2.513798e+003,1.272918e-002
2.514280e+003,1.275480e-002
2.514762e+003,1.278186e-002
2.515244e+003,1.280835e-002
2.515726e+003,1.283205e-002
2.516208e+003,1.285341e-002
2.516690e+003,1.287308e-002
2.517172e+003,1.289369e-002
2.517655e+003,1.291684e-002
2.518137e+003,1.294439e-002
2.518619e+003,1.297702e-002
2.519101e+003,1.301473e-002
2.519583e+003,1.305743e-002
2.520065e+003,1.310396e-002
2.520547e+003,1.315321e-002
2.521029e+003,1.320324e-002
2.521511e+003,1.325134e-002
2.521994e+003,1.329346e-002
2.522476e+003,1.332603e-002
2.522958e+003,1.334838e-002
2.523440e+003,1.336117e-002
2.523922e+003,1.336881e-002
2.524404e+003,1.337763e-002
2.524886e+003,1.339271e-002
2.525368e+003,1.341890e-002
2.525851e+003,1.345578e-002
2.526333e+003,1.350072e-002
2.526815e+003,1.354830e-002
2.527297e+003,1.359184e-002
2.527779e+003,1.362674e-002
2.528261e+003,1.365080e-002
2.528743e+003,1.366426e-002
2.529226e+003,1.366949e-002
2.529708e+003,1.367066e-002
2.530190e+003,1.367233e-002
2.530672e+003,1.367909e-002
2.531154e+003,1.369571e-002
2.531636e+003,1.372533e-002
2.532118e+003,1.376949e-002
2.532600e+003,1.382743e-002
2.533083e+003,1.389500e-002
2.533565e+003,1.396667e-002
2.534047e+003,1.403507e-002
2.534529e+003,1.409405e-002
2.535011e+003,1.413961e-002
2.535493e+003,1.417089e-002
2.535975e+003,1.418908e-002
2.536457e+003,1.419663e-002
2.536939e+003,1.419541e-002
2.537422e+003,1.418644e-002
2.537904e+003,1.416954e-002
2.538386e+003,1.414565e-002
2.538868e+003,1.411707e-002
2.539350e+003,1.408881e-002
2.539832e+003,1.406711e-002
2.540314e+003,1.405913e-002
2.540796e+003,1.406947e-002
2.541279e+003,1.409917e-002
2.541761e+003,1.414561e-002
2.542243e+003,1.420350e-002
2.542725e+003,1.426653e-002
2.543207e+003,1.432899e-002
2.543689e+003,1.438823e-002
2.544171e+003,1.444331e-002
2.544654e+003,1.449354e-002
2.545135e+003,1.453910e-002
2.545618e+003,1.458022e-002
2.546100e+003,1.461581e-002
2.546582e+003,1.464620e-002
2.547064e+003,1.467283e-002
2.547546e+003,1.469836e-002
2.548028e+003,1.472587e-002
2.548510e+003,1.475835e-002
2.548993e+003,1.479589e-002
2.549475e+003,1.483747e-002
2.549957e+003,1.488010e-002
2.550439e+003,1.492000e-002
2.550921e+003,1.495469e-002
2.551403e+003,1.498331e-002
2.551885e+003,1.500654e-002
2.552367e+003,1.502609e-002
2.552850e+003,1.504479e-002
2.553332e+003,1.506358e-002
2.553814e+003,1.508418e-002
2.554296e+003,1.510762e-002
2.554778e+003,1.513450e-002
2.555260e+003,1.516516e-002
2.555742e+003,1.519884e-002
2.556224e+003,1.523408e-002
2.556707e+003,1.526899e-002
2.557189e+003,1.530082e-002
2.557671e+003,1.532759e-002
2.558153e+003,1.534999e-002
2.558635e+003,1.536955e-002
2.559117e+003,1.538948e-002
2.559599e+003,1.541353e-002
2.560082e+003,1.544258e-002
2.560563e+003,1.547741e-002
2.561046e+003,1.551543e-002
2.561528e+003,1.555407e-002
2.562010e+003,1.559324e-002
2.562492e+003,1.563320e-002
2.562974e+003,1.567644e-002
2.563456e+003,1.572643e-002
2.563938e+003,1.578453e-002
2.564421e+003,1.584947e-002
2.564903e+003,1.591702e-002
2.565385e+003,1.598235e-002
2.565867e+003,1.604150e-002
2.566349e+003,1.609308e-002
2.566831e+003,1.613916e-002
2.567313e+003,1.618414e-002
2.567795e+003,1.623362e-002
2.568278e+003,1.628960e-002
2.568760e+003,1.635234e-002
2.569242e+003,1.641856e-002
2.569724e+003,1.648463e-002
2.570206e+003,1.654771e-002
2.570688e+003,1.660882e-002
2.571170e+003,1.667186e-002
2.571652e+003,1.674392e-002
2.572135e+003,1.683220e-002
2.572617e+003,1.694119e-002
2.573099e+003,1.707239e-002
2.573581e+003,1.722289e-002
2.574063e+003,1.738601e-002
2.574545e+003,1.755347e-002
2.575027e+003,1.771728e-002
2.575510e+003,1.786973e-002
2.575991e+003,1.800578e-002
2.576474e+003,1.812219e-002
2.576956e+003,1.821861e-002
2.577438e+003,1.829590e-002
2.577920e+003,1.835714e-002
2.578402e+003,1.840574e-002
2.578884e+003,1.844532e-002
2.579366e+003,1.847917e-002
2.579849e+003,1.850800e-002
2.580331e+003,1.853224e-002
2.580813e+003,1.855056e-002
2.581295e+003,1.856186e-002
2.581777e+003,1.856497e-002
2.582259e+003,1.855983e-002
2.582741e+003,1.854685e-002
2.583223e+003,1.852691e-002
2.583706e+003,1.849991e-002
2.584188e+003,1.846636e-002
2.584670e+003,1.842523e-002
2.585152e+003,1.837677e-002
2.585634e+003,1.832211e-002
2.586116e+003,1.826361e-002
2.586598e+003,1.820429e-002
2.587080e+003,1.814740e-002
2.587563e+003,1.809537e-002
2.588045e+003,1.804985e-002
2.588527e+003,1.800990e-002
2.589009e+003,1.797429e-002
2.589491e+003,1.794181e-002
2.589973e+003,1.791053e-002
2.590455e+003,1.787994e-002
2.590938e+003,1.784951e-002
2.591419e+003,1.781925e-002
2.591902e+003,1.778923e-002
2.592384e+003,1.775834e-002
2.592866e+003,1.772681e-002
2.593348e+003,1.769415e-002
2.593830e+003,1.766033e-002
2.594312e+003,1.762712e-002
2.594794e+003,1.759607e-002
2.595277e+003,1.756973e-002
2.595759e+003,1.754941e-002
2.596241e+003,1.753729e-002
2.596723e+003,1.753312e-002
2.597205e+003,1.753743e-002
2.597687e+003,1.754846e-002
2.598169e+003,1.756553e-002
2.598651e+003,1.758716e-002
2.599134e+003,1.761281e-002
2.599616e+003,1.764180e-002
2.600098e+003,1.767553e-002
2.600580e+003,1.771495e-002
2.601062e+003,1.776166e-002
2.601544e+003,1.781732e-002
2.602026e+003,1.788150e-002
2.602508e+003,1.795262e-002
2.602990e+003,1.802868e-002
2.603473e+003,1.810661e-002
2.603955e+003,1.818475e-002
2.604437e+003,1.826354e-002
2.604919e+003,1.834472e-002
2.605401e+003,1.843147e-002
2.605883e+003,1.852608e-002
2.606365e+003,1.862984e-002
2.606847e+003,1.874113e-002
2.607330e+003,1.885641e-002
2.607812e+003,1.896955e-002
2.608294e+003,1.907597e-002
2.608776e+003,1.917127e-002
2.609258e+003,1.925449e-002
2.609740e+003,1.932647e-002
2.610222e+003,1.938925e-002
2.610705e+003,1.944581e-002
2.611187e+003,1.949913e-002
2.611669e+003,1.955010e-002
2.612151e+003,1.959985e-002
2.612633e+003,1.964776e-002
2.613115e+003,1.969412e-002
2.613597e+003,1.973837e-002
2.614079e+003,1.978062e-002
2.614562e+003,1.982059e-002
2.615044e+003,1.985766e-002
2.615526e+003,1.989104e-002
2.616008e+003,1.992029e-002
2.616490e+003,1.994522e-002
2.616972e+003,1.996522e-002
2.617454e+003,1.998170e-002
2.617936e+003,1.999571e-002
2.618418e+003,2.000910e-002
2.618901e+003,2.002356e-002
2.619383e+003,2.003988e-002
2.619865e+003,2.005841e-002
2.620347e+003,2.007872e-002
2.620829e+003,2.009982e-002
2.621311e+003,2.012040e-002
2.621793e+003,2.013949e-002
2.622276e+003,2.015646e-002
2.622758e+003,2.017114e-002
2.623240e+003,2.018440e-002
2.623722e+003,2.019802e-002
2.624204e+003,2.021262e-002
2.624686e+003,2.022899e-002
2.625168e+003,2.024598e-002
2.625650e+003,2.026228e-002
2.626133e+003,2.027575e-002
2.626615e+003,2.028443e-002
2.627097e+003,2.028806e-002
2.627579e+003,2.028744e-002
2.628061e+003,2.028549e-002
2.628543e+003,2.028469e-002
2.629025e+003,2.028797e-002
2.629507e+003,2.029630e-002
2.629990e+003,2.030942e-002
2.630472e+003,2.032504e-002
2.630954e+003,2.034021e-002
2.631436e+003,2.035272e-002
2.631918e+003,2.036098e-002
2.632400e+003,2.036453e-002
2.632882e+003,2.036453e-002
2.633364e+003,2.036276e-002
2.633846e+003,2.036151e-002
2.634329e+003,2.036301e-002
2.634811e+003,2.036896e-002
2.635293e+003,2.038185e-002
2.635775e+003,2.040273e-002
2.636257e+003,2.043349e-002
2.636739e+003,2.047468e-002
2.637221e+003,2.052575e-002
2.637704e+003,2.058592e-002
2.638186e+003,2.065260e-002
2.638668e+003,2.072332e-002
2.639150e+003,2.079487e-002
2.639632e+003,2.086546e-002
2.640114e+003,2.093316e-002
2.640596e+003,2.099748e-002
2.641078e+003,2.105728e-002
2.641561e+003,2.111248e-002
2.642043e+003,2.116341e-002
2.642525e+003,2.121089e-002
2.643007e+003,2.125535e-002
2.643489e+003,2.129840e-002
2.643971e+003,2.134066e-002
2.644453e+003,2.138294e-002
2.644935e+003,2.142478e-002
2.645417e+003,2.146646e-002
2.645900e+003,2.150691e-002
2.646382e+003,2.154665e-002
2.646864e+003,2.158650e-002
2.647346e+003,2.162851e-002
2.647828e+003,2.167483e-002
2.648310e+003,2.172741e-002
2.648792e+003,2.178656e-002
2.649274e+003,2.185145e-002
2.649757e+003,2.191985e-002
2.650239e+003,2.198837e-002
2.650721e+003,2.205504e-002
2.651203e+003,2.211833e-002
2.651685e+003,2.217762e-002
2.652167e+003,2.223388e-002
2.652649e+003,2.228873e-002
2.653132e+003,2.234324e-002
2.653614e+003,2.239769e-002
2.654096e+003,2.245170e-002
2.654578e+003,2.250492e-002
2.655060e+003,2.255656e-002
2.655542e+003,2.260552e-002
2.656024e+003,2.265163e-002
2.656506e+003,2.269362e-002
2.656989e+003,2.273024e-002
2.657471e+003,2.275996e-002
2.657953e+003,2.278107e-002
2.658435e+003,2.279122e-002
2.658917e+003,2.278996e-002
2.659399e+003,2.277549e-002
2.659881e+003,2.274816e-002
2.660363e+003,2.270805e-002
2.660845e+003,2.265426e-002
2.661328e+003,2.258706e-002
2.661810e+003,2.250733e-002
2.662292e+003,2.241571e-002
2.662774e+003,2.231497e-002
2.663256e+003,2.220908e-002
2.663738e+003,2.210271e-002
2.664220e+003,2.200144e-002
2.664702e+003,2.190986e-002
2.665185e+003,2.183130e-002
2.665667e+003,2.176739e-002
2.666149e+003,2.171831e-002
2.666631e+003,2.168298e-002
2.667113e+003,2.165989e-002
2.667595e+003,2.164814e-002
2.668077e+003,2.164520e-002
2.668560e+003,2.164966e-002
2.669042e+003,2.165996e-002
2.669524e+003,2.167469e-002
2.670006e+003,2.169222e-002
2.670488e+003,2.171164e-002
2.670970e+003,2.173288e-002
2.671452e+003,2.175664e-002
2.671934e+003,2.178375e-002
2.672417e+003,2.181484e-002
2.672899e+003,2.184991e-002
2.673381e+003,2.188806e-002
2.673863e+003,2.192676e-002
2.674345e+003,2.196323e-002
2.674827e+003,2.199501e-002
2.675309e+003,2.201921e-002
2.675791e+003,2.203555e-002
2.676273e+003,2.204458e-002
2.676756e+003,2.204792e-002
2.677238e+003,2.204773e-002
2.677720e+003,2.204673e-002
2.678202e+003,2.204609e-002
2.678684e+003,2.204544e-002
2.679166e+003,2.204425e-002
2.679648e+003,2.204072e-002
2.680130e+003,2.203373e-002
2.680613e+003,2.202203e-002
2.681095e+003,2.200608e-002
2.681577e+003,2.198749e-002
2.682059e+003,2.196799e-002
2.682541e+003,2.194938e-002
2.683023e+003,2.193394e-002
2.683505e+003,2.192112e-002
2.683988e+003,2.191210e-002
2.684469e+003,2.190561e-002
2.684952e+003,2.190175e-002
2.685434e+003,2.190042e-002
2.685916e+003,2.190191e-002
2.686398e+003,2.190647e-002
2.686880e+003,2.191422e-002
2.687362e+003,2.192432e-002
2.687844e+003,2.193469e-002
2.688327e+003,2.194217e-002
2.688809e+003,2.194411e-002
2.689291e+003,2.193724e-002
2.689773e+003,2.192165e-002
2.690255e+003,2.189705e-002
2.690737e+003,2.186555e-002
2.691219e+003,2.182967e-002
2.691701e+003,2.179251e-002
2.692184e+003,2.175661e-002
2.692666e+003,2.172351e-002
2.693148e+003,2.169477e-002
2.693630e+003,2.167092e-002
2.694112e+003,2.165243e-002
2.694594e+003,2.164012e-002
2.695076e+003,2.163353e-002
2.695558e+003,2.163376e-002
2.696041e+003,2.164063e-002
2.696523e+003,2.165451e-002
2.697005e+003,2.167495e-002
2.697487e+003,2.170195e-002
2.697969e+003,2.173552e-002
2.698451e+003,2.177493e-002
2.698933e+003,2.181927e-002
2.699416e+003,2.186846e-002
2.699897e+003,2.192194e-002
2.700380e+003,2.198001e-002
2.700862e+003,2.204302e-002
2.701344e+003,2.211190e-002
2.701826e+003,2.218791e-002
2.702308e+003,2.227236e-002
2.702790e+003,2.236459e-002
2.703272e+003,2.246435e-002
2.703755e+003,2.256991e-002
2.704237e+003,2.267880e-002
2.704719e+003,2.278883e-002
2.705201e+003,2.289854e-002
2.705683e+003,2.300730e-002
2.706165e+003,2.311546e-002
2.706647e+003,2.322477e-002
2.707129e+003,2.333696e-002
2.707612e+003,2.345331e-002
2.708094e+003,2.357548e-002
2.708576e+003,2.370431e-002
2.709058e+003,2.383996e-002
2.709540e+003,2.398310e-002
2.710022e+003,2.413355e-002
2.710504e+003,2.429214e-002
2.710986e+003,2.445960e-002
2.711469e+003,2.463724e-002
2.711951e+003,2.482570e-002
2.712433e+003,2.502545e-002
2.712915e+003,2.523707e-002
2.713397e+003,2.545945e-002
2.713879e+003,2.569260e-002
2.714361e+003,2.593545e-002
2.714844e+003,2.618753e-002
2.715325e+003,2.644905e-002
2.715808e+003,2.672065e-002
2.716290e+003,2.700355e-002
2.716772e+003,2.729859e-002
2.717254e+003,2.760524e-002
2.717736e+003,2.792101e-002
2.718218e+003,2.824122e-002
2.718700e+003,2.855820e-002
2.719183e+003,2.886367e-002
2.719665e+003,2.914723e-002
2.720147e+003,2.939899e-002
2.720629e+003,2.960948e-002
2.721111e+003,2.977143e-002
2.721593e+003,2.987909e-002
2.722075e+003,2.992961e-002
2.722557e+003,2.992242e-002
2.723040e+003,2.986063e-002
2.723522e+003,2.975024e-002
2.724004e+003,2.959882e-002
2.724486e+003,2.941581e-002
2.724968e+003,2.921054e-002
2.725450e+003,2.899035e-002
2.725932e+003,2.876178e-002
2.726414e+003,2.852847e-002
2.726896e+003,2.829325e-002
2.727379e+003,2.805801e-002
2.727861e+003,2.782440e-002
2.728343e+003,2.759537e-002
2.728825e+003,2.737353e-002
2.729307e+003,2.716211e-002
2.729789e+003,2.696323e-002
2.730271e+003,2.677838e-002
2.730753e+003,2.660719e-002
2.731236e+003,2.644808e-002
2.731718e+003,2.629931e-002
2.732200e+003,2.615809e-002
2.732682e+003,2.602248e-002
2.733164e+003,2.589109e-002
2.733646e+003,2.576301e-002
2.734128e+003,2.563712e-002
2.734611e+003,2.551350e-002
2.735093e+003,2.539125e-002
2.735575e+003,2.527026e-002
2.736057e+003,2.514970e-002
2.736539e+003,2.502847e-002
2.737021e+003,2.490581e-002
2.737503e+003,2.478090e-002
2.737985e+003,2.465355e-002
2.738468e+003,2.452330e-002
2.738950e+003,2.439172e-002
2.739432e+003,2.426047e-002
2.739914e+003,2.413225e-002
2.740396e+003,2.400956e-002
2.740878e+003,2.389379e-002
2.741360e+003,2.378605e-002
2.741842e+003,2.368522e-002
2.742324e+003,2.359058e-002
2.742807e+003,2.350046e-002
2.743289e+003,2.341439e-002
2.743771e+003,2.333321e-002
2.744253e+003,2.325822e-002
2.744735e+003,2.319173e-002
2.745217e+003,2.313580e-002
2.745699e+003,2.309135e-002
2.746182e+003,2.305839e-002
2.746664e+003,2.303544e-002
2.747146e+003,2.301990e-002
2.747628e+003,2.300984e-002
2.748110e+003,2.300329e-002
2.748592e+003,2.299888e-002
2.749074e+003,2.299548e-002
2.749556e+003,2.299227e-002
2.750039e+003,2.298924e-002
2.750521e+003,2.298575e-002
2.751003e+003,2.298216e-002
2.751485e+003,2.298042e-002
2.751967e+003,2.298194e-002
2.752449e+003,2.299043e-002
2.752931e+003,2.300747e-002
2.753413e+003,2.303512e-002
2.753896e+003,2.307470e-002
2.754378e+003,2.312461e-002
2.754860e+003,2.318384e-002
2.755342e+003,2.324998e-002
2.755824e+003,2.332090e-002
2.756306e+003,2.339464e-002
2.756788e+003,2.346971e-002
2.757270e+003,2.354547e-002
2.757752e+003,2.362060e-002
2.758235e+003,2.369454e-002
2.758717e+003,2.376684e-002
2.759199e+003,2.383758e-002
2.759681e+003,2.390704e-002
2.760163e+003,2.397569e-002
2.760645e+003,2.404343e-002
2.761127e+003,2.411092e-002
2.761610e+003,2.417749e-002
2.762092e+003,2.424242e-002
2.762574e+003,2.430484e-002
2.763056e+003,2.436439e-002
2.763538e+003,2.442125e-002
2.764020e+003,2.447747e-002
2.764502e+003,2.453466e-002
2.764984e+003,2.459542e-002
2.765467e+003,2.466153e-002
2.765949e+003,2.473328e-002
2.766431e+003,2.480983e-002
2.766913e+003,2.488847e-002
2.767395e+003,2.496592e-002
2.767877e+003,2.503816e-002
2.768359e+003,2.510284e-002
2.768841e+003,2.515892e-002
2.769323e+003,2.520724e-002
2.769806e+003,2.525175e-002
2.770288e+003,2.529767e-002
2.770770e+003,2.534989e-002
2.771252e+003,2.541338e-002
2.771734e+003,2.549069e-002
2.772216e+003,2.558153e-002
2.772698e+003,2.568377e-002
2.773180e+003,2.579431e-002
2.773663e+003,2.590988e-002
2.774145e+003,2.602934e-002
2.774627e+003,2.615233e-002
2.775109e+003,2.628139e-002
2.775591e+003,2.641840e-002
2.776073e+003,2.656581e-002
2.776555e+003,2.672505e-002
2.777038e+003,2.689453e-002
2.777520e+003,2.707274e-002
2.778002e+003,2.725762e-002
2.778484e+003,2.744731e-002
2.778966e+003,2.764180e-002
2.779448e+003,2.784157e-002
2.779930e+003,2.804842e-002
2.780412e+003,2.826338e-002
2.780895e+003,2.848676e-002
2.781377e+003,2.871836e-002
2.781859e+003,2.895765e-002
2.782341e+003,2.920348e-002
2.782823e+003,2.945614e-002
2.783305e+003,2.971651e-002
2.783787e+003,2.998667e-002
2.784269e+003,3.026861e-002
2.784751e+003,3.056348e-002
2.785234e+003,3.087263e-002
2.785716e+003,3.119580e-002
2.786198e+003,3.153203e-002
2.786680e+003,3.188023e-002
2.787162e+003,3.223899e-002
2.787644e+003,3.260764e-002
2.788126e+003,3.298422e-002
2.788608e+003,3.336617e-002
2.789091e+003,3.375084e-002
2.789573e+003,3.413443e-002
2.790055e+003,3.451303e-002
2.790537e+003,3.488332e-002
2.791019e+003,3.524336e-002
2.791501e+003,3.559116e-002
2.791983e+003,3.592687e-002
2.792466e+003,3.625049e-002
2.792948e+003,3.656239e-002
2.793430e+003,3.686244e-002
2.793912e+003,3.714978e-002
2.794394e+003,3.742353e-002
2.794876e+003,3.768358e-002
2.795358e+003,3.793125e-002
2.795840e+003,3.816912e-002
2.796323e+003,3.840213e-002
2.796805e+003,3.863680e-002
2.797287e+003,3.887981e-002
2.797769e+003,3.913922e-002
2.798251e+003,3.942101e-002
2.798733e+003,3.973091e-002
2.799215e+003,4.007351e-002
2.799697e+003,4.045159e-002
2.800179e+003,4.086695e-002
2.800662e+003,4.132100e-002
2.801144e+003,4.181340e-002
2.801626e+003,4.234337e-002
2.802108e+003,4.290835e-002
2.802590e+003,4.350545e-002
2.803072e+003,4.413029e-002
2.803554e+003,4.477734e-002
2.804036e+003,4.544028e-002
2.804519e+003,4.611238e-002
2.805001e+003,4.678701e-002
2.805483e+003,4.745683e-002
2.805965e+003,4.811716e-002
2.806447e+003,4.876336e-002
2.806929e+003,4.939346e-002
2.807411e+003,5.000703e-002
2.807894e+003,5.060570e-002
2.808375e+003,5.119115e-002
2.808858e+003,5.176582e-002
2.809340e+003,5.233250e-002
2.809822e+003,5.289330e-002
2.810304e+003,5.345008e-002
2.810786e+003,5.400629e-002
2.811268e+003,5.456694e-002
2.811750e+003,5.513750e-002
2.812233e+003,5.572439e-002
2.812715e+003,5.633469e-002
2.813197e+003,5.697381e-002
2.813679e+003,5.764543e-002
2.814161e+003,5.835177e-002
2.814643e+003,5.909408e-002
2.815125e+003,5.987363e-002
2.815607e+003,6.069282e-002
2.816090e+003,6.155523e-002
2.816572e+003,6.246549e-002
2.817054e+003,6.342781e-002
2.817536e+003,6.444660e-002
2.818018e+003,6.552430e-002
2.818500e+003,6.666275e-002
2.818982e+003,6.786434e-002
2.819464e+003,6.913242e-002
2.819947e+003,7.047151e-002
2.820429e+003,7.188929e-002
2.820911e+003,7.339481e-002
2.821393e+003,7.499798e-002
2.821875e+003,7.670895e-002
2.822357e+003,7.853841e-002
2.822839e+003,8.049864e-002
2.823322e+003,8.260291e-002
2.823803e+003,8.486819e-002
2.824286e+003,8.731388e-002
2.824768e+003,8.996415e-002
2.825250e+003,9.284646e-002
2.825732e+003,9.599063e-002
2.826214e+003,9.943175e-002
2.826696e+003,1.032080e-001
2.827178e+003,1.073617e-001
2.827661e+003,1.119403e-001
2.828143e+003,1.169940e-001
2.828625e+003,1.225760e-001
2.829107e+003,1.287379e-001
2.829589e+003,1.355295e-001
2.830071e+003,1.429920e-001
2.830553e+003,1.511542e-001
2.831035e+003,1.600258e-001
2.831518e+003,1.695900e-001
2.832000e+003,1.797944e-001
2.832482e+003,1.905432e-001
2.832964e+003,2.016934e-001
2.833446e+003,2.130531e-001
2.833928e+003,2.243908e-001
2.834410e+003,2.354468e-001
2.834892e+003,2.459524e-001
2.835375e+003,2.556484e-001
2.835857e+003,2.643035e-001
2.836339e+003,2.717259e-001
2.836821e+003,2.777731e-001
2.837303e+003,2.823569e-001
2.837785e+003,2.854460e-001
2.838267e+003,2.870644e-001
2.838750e+003,2.872860e-001
2.839231e+003,2.862287e-001
2.839714e+003,2.840436e-001
2.840196e+003,2.809054e-001
2.840678e+003,2.770029e-001
2.841160e+003,2.725345e-001
2.841642e+003,2.677009e-001
2.842124e+003,2.627011e-001
2.842606e+003,2.577262e-001
2.843089e+003,2.529522e-001
2.843571e+003,2.485294e-001
2.844053e+003,2.445788e-001
2.844535e+003,2.411860e-001
2.845017e+003,2.384036e-001
2.845499e+003,2.362531e-001
2.845981e+003,2.347323e-001
2.846463e+003,2.338182e-001
2.846946e+003,2.334727e-001
2.847428e+003,2.336435e-001
2.847910e+003,2.342655e-001
2.848392e+003,2.352602e-001
2.848874e+003,2.365399e-001
2.849356e+003,2.380103e-001
2.849838e+003,2.395758e-001
2.850320e+003,2.411445e-001
2.850802e+003,2.426320e-001
2.851285e+003,2.439642e-001
2.851767e+003,2.450791e-001
2.852249e+003,2.459276e-001
2.852731e+003,2.464762e-001
2.853213e+003,2.467116e-001
2.853695e+003,2.466417e-001
2.854177e+003,2.462990e-001
2.854659e+003,2.457388e-001
2.855142e+003,2.450378e-001
2.855624e+003,2.442867e-001
2.856106e+003,2.435884e-001
2.856588e+003,2.430525e-001
2.857070e+003,2.427937e-001
2.857552e+003,2.429296e-001
2.858034e+003,2.435781e-001
2.858517e+003,2.448503e-001
2.858999e+003,2.468425e-001
2.859481e+003,2.496263e-001
2.859963e+003,2.532342e-001
2.860445e+003,2.576511e-001
2.860927e+003,2.628061e-001
2.861409e+003,2.685694e-001
2.861891e+003,2.747525e-001
2.862374e+003,2.811189e-001
2.862856e+003,2.873964e-001
2.863338e+003,2.932973e-001
2.863820e+003,2.985429e-001
2.864302e+003,3.028914e-001
2.864784e+003,3.061618e-001
2.865266e+003,3.082558e-001
2.865748e+003,3.091647e-001
2.866230e+003,3.089649e-001
2.866713e+003,3.078008e-001
2.867195e+003,3.058604e-001
2.867677e+003,3.033490e-001
2.868159e+003,3.004648e-001
2.868641e+003,2.973850e-001
2.869123e+003,2.942558e-001
2.869605e+003,2.911913e-001
2.870088e+003,2.882774e-001
2.870570e+003,2.855780e-001
2.871052e+003,2.831402e-001
2.871534e+003,2.810025e-001
2.872016e+003,2.791972e-001
2.872498e+003,2.777495e-001
2.872980e+003,2.766773e-001
2.873462e+003,2.759822e-001
2.873945e+003,2.756428e-001
2.874427e+003,2.756083e-001
2.874909e+003,2.757980e-001
2.875391e+003,2.761053e-001
2.875873e+003,2.764107e-001
2.876355e+003,2.765968e-001
2.876837e+003,2.765647e-001
2.877319e+003,2.762470e-001
2.877802e+003,2.756142e-001
2.878284e+003,2.746701e-001
2.878766e+003,2.734496e-001
2.879248e+003,2.720054e-001
2.879730e+003,2.704014e-001
2.880212e+003,2.687056e-001
2.880694e+003,2.669859e-001
2.881176e+003,2.653063e-001
2.881658e+003,2.637231e-001
2.882141e+003,2.622830e-001
2.882623e+003,2.610179e-001
2.883105e+003,2.599453e-001
2.883587e+003,2.590686e-001
2.884069e+003,2.583820e-001
2.884551e+003,2.578743e-001
2.885033e+003,2.575339e-001
2.885516e+003,2.573514e-001
2.885998e+003,2.573214e-001
2.886480e+003,2.574408e-001
2.886962e+003,2.577100e-001
2.887444e+003,2.581329e-001
2.887926e+003,2.587184e-001
2.888408e+003,2.594816e-001
2.888890e+003,2.604442e-001
2.889373e+003,2.616339e-001
2.889855e+003,2.630779e-001
2.890337e+003,2.648044e-001
2.890819e+003,2.668333e-001
2.891301e+003,2.691818e-001
2.891783e+003,2.718613e-001
2.892265e+003,2.748837e-001
2.892747e+003,2.782614e-001
2.893229e+003,2.820096e-001
2.893712e+003,2.861431e-001
2.894194e+003,2.906739e-001
2.894676e+003,2.956070e-001
2.895158e+003,3.009403e-001
2.895640e+003,3.066649e-001
2.896122e+003,3.127667e-001
2.896604e+003,3.192294e-001
2.897086e+003,3.260367e-001
2.897569e+003,3.331701e-001
2.898051e+003,3.406083e-001
2.898533e+003,3.483257e-001
2.899015e+003,3.562927e-001
2.899497e+003,3.644781e-001
2.899979e+003,3.728522e-001
2.900461e+003,3.813902e-001
2.900944e+003,3.900707e-001
2.901426e+003,3.988732e-001
2.901908e+003,4.077725e-001
2.902390e+003,4.167352e-001
2.902872e+003,4.257186e-001
2.903354e+003,4.346730e-001
2.903836e+003,4.435484e-001
2.904318e+003,4.523026e-001
2.904801e+003,4.609059e-001
2.905283e+003,4.693441e-001
2.905765e+003,4.776235e-001
2.906247e+003,4.857690e-001
2.906729e+003,4.938325e-001
2.907211e+003,5.018930e-001
2.907693e+003,5.100619e-001
2.908175e+003,5.184805e-001
2.908657e+003,5.273128e-001
2.909140e+003,5.367295e-001
2.909622e+003,5.468912e-001
2.910104e+003,5.579278e-001
2.910586e+003,5.699250e-001
2.911068e+003,5.829124e-001
2.911550e+003,5.968576e-001
2.912032e+003,6.116587e-001
2.912514e+003,6.271398e-001
2.912997e+003,6.430464e-001
2.913479e+003,6.590409e-001
2.913961e+003,6.747125e-001
2.914443e+003,6.895955e-001
2.914925e+003,7.032052e-001
2.915407e+003,7.150809e-001
2.915889e+003,7.248331e-001
2.916372e+003,7.321793e-001
2.916854e+003,7.369688e-001
2.917336e+003,7.391838e-001
2.917818e+003,7.389338e-001
2.918300e+003,7.364312e-001
2.918782e+003,7.319683e-001
2.919264e+003,7.258835e-001
2.919746e+003,7.185282e-001
2.920229e+003,7.102330e-001
2.920711e+003,7.012768e-001
2.921193e+003,6.918684e-001
2.921675e+003,6.821375e-001
2.922157e+003,6.721449e-001
2.922639e+003,6.618974e-001
2.923121e+003,6.513669e-001
2.923603e+003,6.405108e-001
2.924085e+003,6.292821e-001
2.924568e+003,6.176367e-001
2.925050e+003,6.055384e-001
2.925532e+003,5.929613e-001
2.926014e+003,5.798995e-001
2.926496e+003,5.663725e-001
2.926978e+003,5.524306e-001
2.927460e+003,5.381554e-001
2.927942e+003,5.236496e-001
2.928425e+003,5.090290e-001
2.928907e+003,4.944113e-001
2.929389e+003,4.799052e-001
2.929871e+003,4.656116e-001
2.930353e+003,4.516216e-001
2.930835e+003,4.380200e-001
2.931317e+003,4.248839e-001
2.931800e+003,4.122840e-001
2.932281e+003,4.002793e-001
2.932764e+003,3.889166e-001
2.933246e+003,3.782292e-001
2.933728e+003,3.682413e-001
2.934210e+003,3.589714e-001
2.934692e+003,3.504398e-001
2.935174e+003,3.426681e-001
2.935656e+003,3.356853e-001
2.936139e+003,3.295227e-001
2.936621e+003,3.242155e-001
2.937103e+003,3.198013e-001
2.937585e+003,3.163197e-001
2.938067e+003,3.138166e-001
2.938549e+003,3.123448e-001
2.939031e+003,3.119635e-001
2.939513e+003,3.127358e-001
2.939996e+003,3.147261e-001
2.940478e+003,3.179903e-001
2.940960e+003,3.225688e-001
2.941442e+003,3.284817e-001
2.941924e+003,3.357219e-001
2.942406e+003,3.442535e-001
2.942888e+003,3.540046e-001
2.943370e+003,3.648671e-001
2.943853e+003,3.766892e-001
2.944335e+003,3.892721e-001
2.944817e+003,4.023666e-001
2.945299e+003,4.156747e-001
2.945781e+003,4.288554e-001
2.946263e+003,4.415364e-001
2.946745e+003,4.533288e-001
2.947228e+003,4.638441e-001
2.947709e+003,4.727138e-001
2.948192e+003,4.796101e-001
2.948674e+003,4.842730e-001
2.949156e+003,4.865374e-001
2.949638e+003,4.863563e-001
2.950120e+003,4.838173e-001
2.950602e+003,4.791385e-001
2.951084e+003,4.726518e-001
2.951567e+003,4.647664e-001
2.952049e+003,4.559328e-001
2.952531e+003,4.466035e-001
2.953013e+003,4.372049e-001
2.953495e+003,4.281158e-001
2.953977e+003,4.196503e-001
2.954459e+003,4.120489e-001
2.954941e+003,4.054725e-001
2.955424e+003,3.999967e-001
2.955906e+003,3.956137e-001
2.956388e+003,3.922363e-001
2.956870e+003,3.897078e-001
2.957352e+003,3.878136e-001
2.957834e+003,3.862936e-001
2.958316e+003,3.848553e-001
2.958798e+003,3.831912e-001
2.959281e+003,3.809922e-001
2.959763e+003,3.779725e-001
2.960245e+003,3.738921e-001
2.960727e+003,3.685837e-001
2.961209e+003,3.619736e-001
2.961691e+003,3.540898e-001
2.962173e+003,3.450551e-001
2.962656e+003,3.350666e-001
2.963137e+003,3.243606e-001
2.963620e+003,3.131808e-001
2.964102e+003,3.017492e-001
2.964584e+003,2.902519e-001
2.965066e+003,2.788287e-001
2.965548e+003,2.675787e-001
2.966030e+003,2.565663e-001
2.966512e+003,2.458279e-001
2.966995e+003,2.353816e-001
2.967477e+003,2.252333e-001
2.967959e+003,2.153857e-001
2.968441e+003,2.058434e-001
2.968923e+003,1.966152e-001
2.969405e+003,1.877176e-001
2.969887e+003,1.791684e-001
2.970369e+003,1.709858e-001
2.970852e+003,1.631818e-001
2.971334e+003,1.557602e-001
2.971816e+003,1.487167e-001
2.972298e+003,1.420416e-001
2.972780e+003,1.357221e-001
2.973262e+003,1.297476e-001
2.973744e+003,1.241072e-001
2.974226e+003,1.187915e-001
2.974708e+003,1.137904e-001
2.975191e+003,1.090912e-001
2.975673e+003,1.046778e-001
2.976155e+003,1.005334e-001
2.976637e+003,9.664091e-002
2.977119e+003,9.298556e-002
2.977601e+003,8.955405e-002
2.978083e+003,8.633448e-002
2.978565e+003,8.331507e-002
2.979048e+003,8.048337e-002
2.979530e+003,7.782485e-002
2.980012e+003,7.532563e-002
2.980494e+003,7.297227e-002
2.980976e+003,7.075407e-002
2.981458e+003,6.866296e-002
2.981940e+003,6.669346e-002
2.982423e+003,6.484157e-002
2.982905e+003,6.310351e-002
2.983387e+003,6.147398e-002
2.983869e+003,5.994696e-002
2.984351e+003,5.851665e-002
2.984833e+003,5.717646e-002
2.985315e+003,5.592110e-002
2.985797e+003,5.474662e-002
2.986280e+003,5.364865e-002
2.986762e+003,5.262403e-002
2.987244e+003,5.166952e-002
2.987726e+003,5.078079e-002
2.988208e+003,4.995339e-002
2.988690e+003,4.918396e-002
2.989172e+003,4.846874e-002
2.989654e+003,4.780535e-002
2.990136e+003,4.719276e-002
2.990619e+003,4.662989e-002
2.991101e+003,4.611749e-002
2.991583e+003,4.565688e-002
2.992065e+003,4.524976e-002
2.992547e+003,4.489930e-002
2.993029e+003,4.460784e-002
2.993511e+003,4.437628e-002
2.993994e+003,4.420473e-002
2.994476e+003,4.409124e-002
2.994958e+003,4.403171e-002
2.995440e+003,4.402125e-002
2.995922e+003,4.405421e-002
2.996404e+003,4.412580e-002
2.996886e+003,4.423059e-002
2.997368e+003,4.436460e-002
2.997851e+003,4.452303e-002
2.998333e+003,4.470055e-002
2.998815e+003,4.488976e-002
2.999297e+003,4.508369e-002
2.999779e+003,4.527472e-002
3.000261e+003,4.545606e-002
3.000743e+003,4.562244e-002
3.001225e+003,4.577004e-002
3.001708e+003,4.589721e-002
3.002190e+003,4.600165e-002
3.002672e+003,4.608098e-002
3.003154e+003,4.613218e-002
3.003636e+003,4.614989e-002
3.004118e+003,4.612968e-002
3.004600e+003,4.606612e-002
3.005082e+003,4.595542e-002
3.005564e+003,4.579517e-002
3.006047e+003,4.558425e-002
3.006529e+003,4.532214e-002
3.007011e+003,4.501008e-002
3.007493e+003,4.464943e-002
3.007975e+003,4.424144e-002
3.008457e+003,4.378913e-002
3.008939e+003,4.329469e-002
3.009422e+003,4.276183e-002
3.009904e+003,4.219453e-002
3.010386e+003,4.159619e-002
3.010868e+003,4.097262e-002
3.011350e+003,4.032796e-002
3.011832e+003,3.966776e-002
3.012314e+003,3.899711e-002
3.012796e+003,3.832114e-002
3.013279e+003,3.764439e-002
3.013761e+003,3.697024e-002
3.014243e+003,3.630166e-002
3.014725e+003,3.564153e-002
3.015207e+003,3.499210e-002
3.015689e+003,3.435571e-002
3.016171e+003,3.373542e-002
3.016653e+003,3.313318e-002
3.017135e+003,3.255213e-002
3.017618e+003,3.199411e-002
3.018100e+003,3.146175e-002
3.018582e+003,3.095608e-002
3.019064e+003,3.047757e-002
3.019546e+003,3.002590e-002
3.020028e+003,2.960004e-002
3.020510e+003,2.919751e-002
3.020992e+003,2.881647e-002
3.021475e+003,2.845383e-002
3.021957e+003,2.810826e-002
3.022439e+003,2.777925e-002
3.022921e+003,2.746740e-002
3.023403e+003,2.717352e-002
3.023885e+003,2.689843e-002
3.024367e+003,2.664233e-002
3.024850e+003,2.640399e-002
3.025332e+003,2.618096e-002
3.025814e+003,2.596975e-002
3.026296e+003,2.576742e-002
3.026778e+003,2.557118e-002
3.027260e+003,2.537972e-002
3.027742e+003,2.519283e-002
3.028224e+003,2.501132e-002
3.028707e+003,2.483601e-002
3.029189e+003,2.466824e-002
3.029671e+003,2.450894e-002
3.030153e+003,2.435900e-002
3.030635e+003,2.421885e-002
3.031117e+003,2.408891e-002
3.031599e+003,2.396937e-002
3.032081e+003,2.385931e-002
3.032563e+003,2.375772e-002
3.033046e+003,2.366348e-002
3.033528e+003,2.357422e-002
3.034010e+003,2.348965e-002
3.034492e+003,2.340873e-002
3.034974e+003,2.333272e-002
3.035456e+003,2.326210e-002
3.035938e+003,2.319679e-002
3.036420e+003,2.313761e-002
3.036903e+003,2.308311e-002
3.037385e+003,2.303117e-002
3.037867e+003,2.297961e-002
3.038349e+003,2.292723e-002
3.038831e+003,2.287329e-002
3.039313e+003,2.281820e-002
3.039795e+003,2.276393e-002
3.040278e+003,2.271291e-002
3.040760e+003,2.266650e-002
3.041242e+003,2.262519e-002
3.041724e+003,2.258817e-002
3.042206e+003,2.255371e-002
3.042688e+003,2.251914e-002
3.043170e+003,2.248260e-002
3.043652e+003,2.244319e-002
3.044135e+003,2.240139e-002
3.044617e+003,2.235816e-002
3.045099e+003,2.231542e-002
3.045581e+003,2.227482e-002
3.046063e+003,2.223709e-002
3.046545e+003,2.220324e-002
3.047027e+003,2.217267e-002
3.047509e+003,2.214476e-002
3.047991e+003,2.211981e-002
3.048474e+003,2.209692e-002
3.048956e+003,2.207658e-002
3.049438e+003,2.205767e-002
3.049920e+003,2.204092e-002
3.050402e+003,2.202560e-002
3.050884e+003,2.201099e-002
3.051366e+003,2.199658e-002
3.051848e+003,2.198248e-002
3.052331e+003,2.196806e-002
3.052813e+003,2.195363e-002
3.053295e+003,2.193899e-002
3.053777e+003,2.192425e-002
3.054259e+003,2.190909e-002
3.054741e+003,2.189300e-002
3.055223e+003,2.187566e-002
3.055706e+003,2.185678e-002
3.056188e+003,2.183758e-002
3.056670e+003,2.181878e-002
3.057152e+003,2.180266e-002
3.057634e+003,2.179147e-002
3.058116e+003,2.178564e-002
3.058598e+003,2.178701e-002
3.059080e+003,2.179467e-002
3.059563e+003,2.180728e-002
3.060045e+003,2.182195e-002
3.060527e+003,2.183529e-002
3.061009e+003,2.184481e-002
3.061491e+003,2.184763e-002
3.061973e+003,2.184189e-002
3.062455e+003,2.182780e-002
3.062937e+003,2.180637e-002
3.063419e+003,2.177978e-002
3.063902e+003,2.175101e-002
3.064384e+003,2.172234e-002
3.064866e+003,2.169582e-002
3.065348e+003,2.167208e-002
3.065830e+003,2.165071e-002
3.066312e+003,2.163088e-002
3.066794e+003,2.161094e-002
3.067276e+003,2.158996e-002
3.067759e+003,2.156618e-002
3.068241e+003,2.153961e-002
3.068723e+003,2.150920e-002
3.069205e+003,2.147476e-002
3.069687e+003,2.143678e-002
3.070169e+003,2.139580e-002
3.070651e+003,2.135212e-002
3.071134e+003,2.130843e-002
3.071615e+003,2.126617e-002
3.072098e+003,2.122731e-002
3.072580e+003,2.119237e-002
3.073062e+003,2.116135e-002
3.073544e+003,2.113218e-002
3.074026e+003,2.110197e-002
3.074508e+003,2.106823e-002
3.074990e+003,2.102909e-002
3.075473e+003,2.098395e-002
3.075955e+003,2.093443e-002
3.076437e+003,2.088387e-002
3.076919e+003,2.083516e-002
3.077401e+003,2.079172e-002
3.077883e+003,2.075551e-002
3.078365e+003,2.072727e-002
3.078847e+003,2.070544e-002
3.079330e+003,2.068952e-002
3.079812e+003,2.067679e-002
3.080294e+003,2.066604e-002
3.080776e+003,2.065580e-002
3.081258e+003,2.064534e-002
3.081740e+003,2.063343e-002
3.082222e+003,2.061965e-002
3.082704e+003,2.060390e-002
3.083187e+003,2.058616e-002
3.083669e+003,2.056635e-002
3.084151e+003,2.054538e-002
3.084633e+003,2.052317e-002
3.085115e+003,2.050063e-002
3.085597e+003,2.047830e-002
3.086079e+003,2.045668e-002
3.086562e+003,2.043703e-002
3.087043e+003,2.042153e-002
3.087526e+003,2.041132e-002
3.088008e+003,2.040890e-002
3.088490e+003,2.041468e-002
3.088972e+003,2.042681e-002
3.089454e+003,2.044299e-002
3.089936e+003,2.045771e-002
3.090418e+003,2.046611e-002
3.090901e+003,2.046410e-002
3.091383e+003,2.044795e-002
3.091865e+003,2.041879e-002
3.092347e+003,2.037942e-002
3.092829e+003,2.033547e-002
3.093311e+003,2.029275e-002
3.093793e+003,2.025762e-002
3.094275e+003,2.023454e-002
3.094758e+003,2.022635e-002
3.095240e+003,2.023179e-002
3.095722e+003,2.024879e-002
3.096204e+003,2.027205e-002
3.096686e+003,2.029687e-002
3.097168e+003,2.031836e-002
3.097650e+003,2.033362e-002
3.098132e+003,2.034178e-002
3.098615e+003,2.034390e-002
3.099097e+003,2.034113e-002
3.099579e+003,2.033605e-002
3.100061e+003,2.033025e-002
3.100543e+003,2.032476e-002
3.101025e+003,2.031905e-002
3.101507e+003,2.031251e-002
3.101990e+003,2.030481e-002
3.102471e+003,2.029628e-002
3.102954e+003,2.028691e-002
3.103436e+003,2.027837e-002
3.103918e+003,2.027108e-002
3.104400e+003,2.026483e-002
3.104882e+003,2.025869e-002
3.105364e+003,2.025107e-002
3.105846e+003,2.024147e-002
3.106329e+003,2.023114e-002
3.106811e+003,2.022059e-002
3.107293e+003,2.021422e-002
3.107775e+003,2.021390e-002
3.108257e+003,2.022153e-002
3.108739e+003,2.023565e-002
3.109221e+003,2.025322e-002
3.109703e+003,2.027027e-002
3.110186e+003,2.028356e-002
3.110668e+003,2.029037e-002
3.111150e+003,2.029184e-002
3.111632e+003,2.029027e-002
3.112114e+003,2.029048e-002
3.112596e+003,2.029719e-002
3.113078e+003,2.031279e-002
3.113560e+003,2.033824e-002
3.114042e+003,2.037313e-002
3.114525e+003,2.041442e-002
3.115007e+003,2.045866e-002
3.115489e+003,2.050144e-002
3.115971e+003,2.053973e-002
3.116453e+003,2.057048e-002
3.116935e+003,2.059295e-002
3.117417e+003,2.060589e-002
3.117900e+003,2.061065e-002
3.118382e+003,2.060891e-002
3.118864e+003,2.060402e-002
3.119346e+003,2.059870e-002
3.119828e+003,2.059643e-002
3.120310e+003,2.059971e-002
3.120792e+003,2.061077e-002
3.121274e+003,2.063002e-002
3.121757e+003,2.065789e-002
3.122239e+003,2.069343e-002
3.122721e+003,2.073445e-002
3.123203e+003,2.077832e-002
3.123685e+003,2.082146e-002
3.124167e+003,2.085968e-002
3.124649e+003,2.088971e-002
3.125131e+003,2.090965e-002
3.125614e+003,2.092003e-002
3.126096e+003,2.092252e-002
3.126578e+003,2.092080e-002
3.127060e+003,2.091835e-002
3.127542e+003,2.091905e-002
3.128024e+003,2.092427e-002
3.128506e+003,2.093413e-002
3.128988e+003,2.094862e-002
3.129470e+003,2.096743e-002
3.129953e+003,2.099152e-002
3.130435e+003,2.102224e-002
3.130917e+003,2.106099e-002
3.131399e+003,2.110891e-002
3.131881e+003,2.116433e-002
3.132363e+003,2.122336e-002
3.132845e+003,2.128050e-002
3.133328e+003,2.133187e-002
3.133810e+003,2.137365e-002
3.134292e+003,2.140594e-002
3.134774e+003,2.143118e-002
3.135256e+003,2.145358e-002
3.135738e+003,2.147651e-002
3.136220e+003,2.150135e-002
3.136702e+003,2.152883e-002
3.137185e+003,2.155686e-002
3.137667e+003,2.158351e-002
3.138149e+003,2.160764e-002
3.138631e+003,2.162861e-002
3.139113e+003,2.164693e-002
3.139595e+003,2.166347e-002
3.140077e+003,2.167768e-002
3.140559e+003,2.168915e-002
3.141042e+003,2.169618e-002
3.141524e+003,2.169825e-002
3.142006e+003,2.169544e-002
3.142488e+003,2.168935e-002
3.142970e+003,2.168432e-002
3.143452e+003,2.168289e-002
3.143934e+003,2.168769e-002
3.144417e+003,2.169917e-002
3.144898e+003,2.171573e-002
3.145381e+003,2.173463e-002
3.145863e+003,2.175342e-002
3.146345e+003,2.176968e-002
3.146827e+003,2.178234e-002
3.147309e+003,2.179108e-002
3.147791e+003,2.179643e-002
3.148273e+003,2.179881e-002
3.148756e+003,2.179897e-002
3.149238e+003,2.179849e-002
3.149720e+003,2.179918e-002
3.150202e+003,2.180336e-002
3.150684e+003,2.181275e-002
3.151166e+003,2.182924e-002
3.151648e+003,2.185231e-002
3.152130e+003,2.187933e-002
3.152613e+003,2.190740e-002
3.153095e+003,2.193305e-002
3.153577e+003,2.195445e-002
3.154059e+003,2.197140e-002
3.154541e+003,2.198496e-002
3.155023e+003,2.199713e-002
3.155505e+003,2.200942e-002
3.155987e+003,2.202309e-002
3.156469e+003,2.203708e-002
3.156952e+003,2.204991e-002
3.157434e+003,2.206019e-002
3.157916e+003,2.206834e-002
3.158398e+003,2.207575e-002
3.158880e+003,2.208412e-002
3.159362e+003,2.209504e-002
3.159844e+003,2.211001e-002
3.160326e+003,2.212722e-002
3.160809e+003,2.214507e-002
3.161291e+003,2.216016e-002
3.161773e+003,2.217056e-002
3.162255e+003,2.217533e-002
3.162737e+003,2.217498e-002
3.163219e+003,2.217144e-002
3.163701e+003,2.216746e-002
3.164184e+003,2.216541e-002
3.164666e+003,2.216836e-002
3.165148e+003,2.217856e-002
3.165630e+003,2.219772e-002
3.166112e+003,2.222540e-002
3.166594e+003,2.226035e-002
3.167076e+003,2.229957e-002
3.167558e+003,2.233700e-002
3.168041e+003,2.236824e-002
3.168523e+003,2.238936e-002
3.169005e+003,2.239992e-002
3.169487e+003,2.240215e-002
3.169969e+003,2.240225e-002
3.170451e+003,2.240705e-002
3.170933e+003,2.242156e-002
3.171415e+003,2.244900e-002
3.171897e+003,2.248831e-002
3.172380e+003,2.253553e-002
3.172862e+003,2.258587e-002
3.173344e+003,2.263558e-002
3.173826e+003,2.268264e-002
3.174308e+003,2.272757e-002
3.174790e+003,2.277198e-002
3.175272e+003,2.281705e-002
3.175754e+003,2.286234e-002
3.176237e+003,2.290530e-002
3.176719e+003,2.294163e-002
3.177201e+003,2.296791e-002
3.177683e+003,2.298285e-002
3.178165e+003,2.298805e-002
3.178647e+003,2.298801e-002
3.179129e+003,2.298850e-002
3.179612e+003,2.299551e-002
3.180094e+003,2.301293e-002
3.180576e+003,2.304171e-002
3.181058e+003,2.308046e-002
3.181540e+003,2.312652e-002
3.182022e+003,2.317612e-002
3.182504e+003,2.322585e-002
3.182986e+003,2.327217e-002
3.183469e+003,2.331270e-002
3.183951e+003,2.334445e-002
3.184433e+003,2.336708e-002
3.184915e+003,2.338092e-002
3.185397e+003,2.338758e-002
3.185879e+003,2.339058e-002
3.186361e+003,2.339294e-002
3.186843e+003,2.339830e-002
3.187325e+003,2.340872e-002
3.187808e+003,2.342483e-002
3.188290e+003,2.344631e-002
3.188772e+003,2.347157e-002
3.189254e+003,2.349973e-002
3.189736e+003,2.353080e-002
3.190218e+003,2.356274e-002
3.190700e+003,2.359555e-002
3.191182e+003,2.362665e-002
3.191665e+003,2.365421e-002
3.192147e+003,2.367511e-002
3.192629e+003,2.368686e-002
3.193111e+003,2.368958e-002
3.193593e+003,2.368465e-002
3.194075e+003,2.367595e-002
3.194557e+003,2.366790e-002
3.195040e+003,2.366479e-002
3.195521e+003,2.366933e-002
3.196004e+003,2.368174e-002
3.196486e+003,2.370061e-002
3.196968e+003,2.372379e-002
3.197450e+003,2.374839e-002
3.197932e+003,2.377266e-002
3.198414e+003,2.379511e-002
3.198896e+003,2.381638e-002
3.199379e+003,2.383550e-002
3.199861e+003,2.385225e-002
3.200343e+003,2.386523e-002
3.200825e+003,2.387174e-002
3.201307e+003,2.387048e-002
3.201789e+003,2.386026e-002
3.202271e+003,2.384129e-002
3.202753e+003,2.381660e-002
3.203236e+003,2.378855e-002
3.203718e+003,2.376168e-002
3.204200e+003,2.373890e-002
3.204682e+003,2.372325e-002
3.205164e+003,2.371526e-002
3.205646e+003,2.371375e-002
3.206128e+003,2.371624e-002
3.206610e+003,2.371959e-002
3.207093e+003,2.372023e-002
3.207575e+003,2.371645e-002
3.208057e+003,2.370661e-002
3.208539e+003,2.369157e-002
3.209021e+003,2.367393e-002
3.209503e+003,2.365694e-002
3.209985e+003,2.364383e-002
3.210468e+003,2.363721e-002
3.210949e+003,2.363806e-002
3.211432e+003,2.364561e-002
3.211914e+003,2.365750e-002
3.212396e+003,2.367068e-002
3.212878e+003,2.368236e-002
3.213360e+003,2.369035e-002
3.213842e+003,2.369304e-002
3.214324e+003,2.369031e-002
3.214807e+003,2.368379e-002
3.215289e+003,2.367520e-002
3.215771e+003,2.366607e-002
3.216253e+003,2.365770e-002
3.216735e+003,2.364986e-002
3.217217e+003,2.364170e-002
3.217699e+003,2.363169e-002
3.218181e+003,2.361831e-002
3.218664e+003,2.360081e-002
3.219146e+003,2.357917e-002
3.219628e+003,2.355330e-002
3.220110e+003,2.352591e-002
3.220592e+003,2.349741e-002
3.221074e+003,2.346881e-002
3.221556e+003,2.344116e-002
3.222038e+003,2.341482e-002
3.222521e+003,2.339031e-002
3.223003e+003,2.336894e-002
3.223485e+003,2.335213e-002
3.223967e+003,2.334183e-002
3.224449e+003,2.333837e-002
3.224931e+003,2.334153e-002
3.225413e+003,2.334926e-002
3.225896e+003,2.335927e-002
3.226377e+003,2.336798e-002
3.226860e+003,2.337343e-002
3.227342e+003,2.337463e-002
3.227824e+003,2.337138e-002
3.228306e+003,2.336530e-002
3.228788e+003,2.335802e-002
3.229270e+003,2.335009e-002
3.229752e+003,2.334171e-002
3.230235e+003,2.333225e-002
3.230717e+003,2.332234e-002
3.231199e+003,2.331211e-002
3.231681e+003,2.330328e-002
3.232163e+003,2.329805e-002
3.232645e+003,2.329771e-002
3.233127e+003,2.330304e-002
3.233609e+003,2.331185e-002
3.234092e+003,2.332088e-002
3.234574e+003,2.332621e-002
3.235056e+003,2.332489e-002
3.235538e+003,2.331551e-002
3.236020e+003,2.329947e-002
3.236502e+003,2.328026e-002
3.236984e+003,2.326323e-002
3.237466e+003,2.325295e-002
3.237948e+003,2.325347e-002
3.238431e+003,2.326610e-002
3.238913e+003,2.329084e-002
3.239395e+003,2.332497e-002
3.239877e+003,2.336511e-002
3.240359e+003,2.340625e-002
3.240841e+003,2.344457e-002
3.241323e+003,2.347655e-002
3.241806e+003,2.350014e-002
3.242288e+003,2.351489e-002
3.242770e+003,2.352265e-002
3.243252e+003,2.352669e-002
3.243734e+003,2.353084e-002
3.244216e+003,2.353959e-002
3.244698e+003,2.355511e-002
3.245180e+003,2.357774e-002
3.245663e+003,2.360673e-002
3.246145e+003,2.363878e-002
3.246627e+003,2.367128e-002
3.247109e+003,2.370248e-002
3.247591e+003,2.373160e-002
3.248073e+003,2.375910e-002
3.248555e+003,2.378638e-002
3.249037e+003,2.381465e-002
3.249520e+003,2.384348e-002
3.250002e+003,2.387210e-002
3.250484e+003,2.389744e-002
3.250966e+003,2.391797e-002
3.251448e+003,2.393291e-002
3.251930e+003,2.394260e-002
3.252412e+003,2.394976e-002
3.252894e+003,2.395792e-002
3.253376e+003,2.397123e-002
3.253859e+003,2.399331e-002
3.254341e+003,2.402439e-002
3.254823e+003,2.406470e-002
3.255305e+003,2.411127e-002
3.255787e+003,2.415995e-002
3.256269e+003,2.420775e-002
3.256751e+003,2.425207e-002
3.257234e+003,2.429189e-002
3.257716e+003,2.432766e-002
3.258198e+003,2.436146e-002
3.258680e+003,2.439538e-002
3.259162e+003,2.443075e-002
3.259644e+003,2.446787e-002
3.260126e+003,2.450578e-002
3.260608e+003,2.454359e-002
3.261091e+003,2.457933e-002
3.261573e+003,2.461353e-002
3.262055e+003,2.464708e-002
3.262537e+003,2.468196e-002
3.263019e+003,2.472082e-002
3.263501e+003,2.476442e-002
3.263983e+003,2.481265e-002
3.264465e+003,2.486309e-002
3.264948e+003,2.491157e-002
3.265430e+003,2.495479e-002
3.265912e+003,2.498964e-002
3.266394e+003,2.501591e-002
3.266876e+003,2.503536e-002
3.267358e+003,2.505139e-002
3.267840e+003,2.506854e-002
3.268323e+003,2.509119e-002
3.268804e+003,2.512257e-002
3.269287e+003,2.516453e-002
3.269769e+003,2.521610e-002
3.270251e+003,2.527619e-002
3.270733e+003,2.534003e-002
3.271215e+003,2.540302e-002
3.271697e+003,2.545996e-002
3.272179e+003,2.550599e-002
3.272662e+003,2.553790e-002
3.273144e+003,2.555491e-002
3.273626e+003,2.555890e-002
3.274108e+003,2.555460e-002
3.274590e+003,2.554698e-002
3.275072e+003,2.554191e-002
3.275554e+003,2.554301e-002
3.276036e+003,2.555208e-002
3.276519e+003,2.556855e-002
3.277001e+003,2.558978e-002
3.277483e+003,2.561256e-002
3.277965e+003,2.563480e-002
3.278447e+003,2.565427e-002
3.278929e+003,2.567000e-002
3.279411e+003,2.568162e-002
3.279893e+003,2.568983e-002
3.280375e+003,2.569471e-002
3.280858e+003,2.569859e-002
3.281340e+003,2.570370e-002
3.281822e+003,2.571290e-002
3.282304e+003,2.572875e-002
3.282786e+003,2.575246e-002
3.283268e+003,2.578372e-002
3.283750e+003,2.582008e-002
3.284232e+003,2.585678e-002
3.284715e+003,2.589072e-002
3.285197e+003,2.591835e-002
3.285679e+003,2.593911e-002
3.286161e+003,2.595512e-002
3.286643e+003,2.596957e-002
3.287125e+003,2.598558e-002
3.287607e+003,2.600537e-002
3.288090e+003,2.602804e-002
3.288572e+003,2.605062e-002
3.289054e+003,2.606909e-002
3.289536e+003,2.607890e-002
3.290018e+003,2.607839e-002
3.290500e+003,2.606778e-002
3.290982e+003,2.605050e-002
3.291464e+003,2.603188e-002
3.291947e+003,2.601681e-002
3.292429e+003,2.601051e-002
3.292911e+003,2.601432e-002
3.293393e+003,2.602846e-002
3.293875e+003,2.604917e-002
3.294357e+003,2.607188e-002
3.294839e+003,2.609148e-002
3.295321e+003,2.610375e-002
3.295803e+003,2.610579e-002
3.296286e+003,2.609660e-002
3.296768e+003,2.607727e-002
3.297250e+003,2.605005e-002
3.297732e+003,2.601792e-002
3.298214e+003,2.598333e-002
3.298696e+003,2.594862e-002
3.299178e+003,2.591523e-002
3.299660e+003,2.588462e-002
3.300143e+003,2.585912e-002
3.300625e+003,2.584018e-002
3.301107e+003,2.583126e-002
3.301589e+003,2.583257e-002
3.302071e+003,2.584459e-002
3.302553e+003,2.586486e-002
3.303035e+003,2.588969e-002
3.303518e+003,2.591298e-002
3.304000e+003,2.592991e-002
3.304482e+003,2.593637e-002
3.304964e+003,2.593068e-002
3.305446e+003,2.591338e-002
3.305928e+003,2.588728e-002
3.306410e+003,2.585435e-002
3.306892e+003,2.581807e-002
3.307375e+003,2.578000e-002
3.307857e+003,2.574191e-002
3.308339e+003,2.570437e-002
3.308821e+003,2.566793e-002
3.309303e+003,2.563227e-002
3.309785e+003,2.559816e-002
3.310267e+003,2.556493e-002
3.310749e+003,2.553248e-002
3.311231e+003,2.550046e-002
3.311714e+003,2.546932e-002
3.312196e+003,2.543896e-002
3.312678e+003,2.541149e-002
3.313160e+003,2.538826e-002
3.313642e+003,2.536894e-002
3.314124e+003,2.535385e-002
3.314606e+003,2.533965e-002
3.315088e+003,2.532389e-002
3.315571e+003,2.530476e-002
3.316053e+003,2.528038e-002
3.316535e+003,2.525285e-002
3.317017e+003,2.522442e-002
3.317499e+003,2.519855e-002
3.317981e+003,2.517771e-002
3.318463e+003,2.516302e-002
3.318946e+003,2.515314e-002
3.319427e+003,2.514627e-002
3.319910e+003,2.514030e-002
3.320392e+003,2.513443e-002
3.320874e+003,2.512913e-002
3.321356e+003,2.512493e-002
3.321838e+003,2.512321e-002
3.322320e+003,2.512304e-002
3.322802e+003,2.512288e-002
3.323285e+003,2.511902e-002
3.323767e+003,2.510989e-002
3.324249e+003,2.509380e-002
3.324731e+003,2.507301e-002
3.325213e+003,2.505097e-002
3.325695e+003,2.503330e-002
3.326177e+003,2.502392e-002
3.326659e+003,2.502542e-002
3.327142e+003,2.503667e-002
3.327624e+003,2.505320e-002
3.328106e+003,2.507119e-002
3.328588e+003,2.508425e-002
3.329070e+003,2.508934e-002
3.329552e+003,2.508478e-002
3.330034e+003,2.507191e-002
3.330516e+003,2.505241e-002
3.330999e+003,2.502965e-002
3.331481e+003,2.500676e-002
3.331963e+003,2.498702e-002
3.332445e+003,2.497187e-002
3.332927e+003,2.496246e-002
3.333409e+003,2.495977e-002
3.333891e+003,2.496304e-002
3.334374e+003,2.497115e-002
3.334855e+003,2.498308e-002
3.335338e+003,2.499647e-002
3.335820e+003,2.501055e-002
3.336302e+003,2.502406e-002
3.336784e+003,2.503611e-002
3.337266e+003,2.504524e-002
3.337748e+003,2.505021e-002
3.338230e+003,2.504944e-002
3.338713e+003,2.504057e-002
3.339195e+003,2.502336e-002
3.339677e+003,2.499725e-002
3.340159e+003,2.496482e-002
3.340641e+003,2.493003e-002
3.341123e+003,2.489793e-002
3.341605e+003,2.487291e-002
3.342087e+003,2.485836e-002
3.342570e+003,2.485473e-002
3.343052e+003,2.485979e-002
3.343534e+003,2.487058e-002
3.344016e+003,2.488060e-002
3.344498e+003,2.488678e-002
3.344980e+003,2.488619e-002
3.345462e+003,2.487783e-002
3.345944e+003,2.486325e-002
3.346427e+003,2.484484e-002
3.346909e+003,2.482473e-002
3.347391e+003,2.480506e-002
3.347873e+003,2.478573e-002
3.348355e+003,2.476628e-002
3.348837e+003,2.474614e-002
3.349319e+003,2.472408e-002
3.349802e+003,2.470032e-002
3.350283e+003,2.467543e-002
3.350766e+003,2.465108e-002
3.351248e+003,2.462899e-002
3.351730e+003,2.461096e-002
3.352212e+003,2.459756e-002
3.352694e+003,2.458731e-002
3.353176e+003,2.457898e-002
3.353658e+003,2.456884e-002
3.354141e+003,2.455429e-002
3.354623e+003,2.453363e-002
3.355105e+003,2.450652e-002
3.355587e+003,2.447420e-002
3.356069e+003,2.443972e-002
3.356551e+003,2.440726e-002
3.357033e+003,2.437978e-002
3.357515e+003,2.436065e-002
3.357998e+003,2.435001e-002
3.358480e+003,2.434672e-002
3.358962e+003,2.434795e-002
3.359444e+003,2.434861e-002
3.359926e+003,2.434486e-002
3.360408e+003,2.433251e-002
3.360890e+003,2.431018e-002
3.361372e+003,2.427868e-002
3.361854e+003,2.424127e-002
3.362337e+003,2.420250e-002
3.362819e+003,2.416711e-002
3.363301e+003,2.413908e-002
3.363783e+003,2.411965e-002
3.364265e+003,2.410872e-002
3.364747e+003,2.410424e-002
3.365229e+003,2.410293e-002
3.365712e+003,2.410241e-002
3.366194e+003,2.410065e-002
3.366676e+003,2.409616e-002
3.367158e+003,2.408907e-002
3.367640e+003,2.407936e-002
3.368122e+003,2.406715e-002
3.368604e+003,2.405187e-002
3.369086e+003,2.403364e-002
3.369569e+003,2.401267e-002
3.370051e+003,2.399001e-002
3.370533e+003,2.396619e-002
3.371015e+003,2.394180e-002
3.371497e+003,2.391707e-002
3.371979e+003,2.389062e-002
3.372461e+003,2.386235e-002
3.372943e+003,2.383054e-002
3.373426e+003,2.379612e-002
3.373908e+003,2.376123e-002
3.374390e+003,2.372974e-002
3.374872e+003,2.370404e-002
3.375354e+003,2.368674e-002
3.375836e+003,2.367670e-002
3.376318e+003,2.367099e-002
3.376800e+003,2.366482e-002
3.377282e+003,2.365353e-002
3.377765e+003,2.363461e-002
3.378247e+003,2.360784e-002
3.378729e+003,2.357594e-002
3.379211e+003,2.354290e-002
3.379693e+003,2.351280e-002
3.380175e+003,2.348839e-002
3.380657e+003,2.346943e-002
3.381140e+003,2.345536e-002
3.381622e+003,2.344538e-002
3.382104e+003,2.343882e-002
3.382586e+003,2.343669e-002
3.383068e+003,2.344049e-002
3.383550e+003,2.345055e-002
3.384032e+003,2.346688e-002
3.384514e+003,2.348606e-002
3.384997e+003,2.350286e-002
3.385479e+003,2.351111e-002
3.385961e+003,2.350705e-002
3.386443e+003,2.348850e-002
3.386925e+003,2.345604e-002
3.387407e+003,2.341411e-002
3.387889e+003,2.336862e-002
3.388371e+003,2.332484e-002
3.388854e+003,2.328777e-002
3.389336e+003,2.325971e-002
3.389818e+003,2.324237e-002
3.390300e+003,2.323403e-002
3.390782e+003,2.323106e-002
3.391264e+003,2.322911e-002
3.391746e+003,2.322385e-002
3.392229e+003,2.321082e-002
3.392710e+003,2.318717e-002
3.393193e+003,2.315323e-002
3.393675e+003,2.311140e-002
3.394157e+003,2.306762e-002
3.394639e+003,2.302703e-002
3.395121e+003,2.299636e-002
3.395603e+003,2.297905e-002
3.396085e+003,2.297683e-002
3.396568e+003,2.298787e-002
3.397050e+003,2.300897e-002
3.397532e+003,2.303567e-002
3.398014e+003,2.306376e-002
3.398496e+003,2.309025e-002
3.398978e+003,2.311343e-002
3.399460e+003,2.313250e-002
3.399942e+003,2.314676e-002
3.400425e+003,2.315588e-002
3.400907e+003,2.315974e-002
3.401389e+003,2.315672e-002
3.401871e+003,2.314798e-002
3.402353e+003,2.313375e-002
3.402835e+003,2.311572e-002
3.403317e+003,2.309563e-002
3.403799e+003,2.307439e-002
3.404281e+003,2.305245e-002
3.404764e+003,2.303027e-002
3.405246e+003,2.300775e-002
3.405728e+003,2.298499e-002
3.406210e+003,2.296303e-002
3.406692e+003,2.294323e-002
3.407174e+003,2.292722e-002
3.407656e+003,2.291670e-002
3.408138e+003,2.291100e-002
3.408621e+003,2.290954e-002
3.409103e+003,2.291071e-002
3.409585e+003,2.291177e-002
3.410067e+003,2.291031e-002
3.410549e+003,2.290540e-002
3.411031e+003,2.289612e-002
3.411513e+003,2.288352e-002
3.411996e+003,2.286815e-002
3.412478e+003,2.285255e-002
3.412960e+003,2.283764e-002
3.413442e+003,2.282478e-002
3.413924e+003,2.281342e-002
3.414406e+003,2.280286e-002
3.414888e+003,2.279160e-002
3.415370e+003,2.277838e-002
3.415853e+003,2.276298e-002
3.416335e+003,2.274516e-002
3.416817e+003,2.272652e-002
3.417299e+003,2.270846e-002
3.417781e+003,2.269177e-002
3.418263e+003,2.267749e-002
3.418745e+003,2.266493e-002
3.419227e+003,2.265191e-002
3.419709e+003,2.263554e-002
3.420192e+003,2.261422e-002
3.420674e+003,2.258772e-002
3.421156e+003,2.255684e-002
3.421638e+003,2.252514e-002
3.422120e+003,2.249585e-002
3.422602e+003,2.247277e-002
3.423084e+003,2.245705e-002
3.423566e+003,2.244893e-002
3.424049e+003,2.244668e-002
3.424531e+003,2.244753e-002
3.425013e+003,2.244931e-002
3.425495e+003,2.244902e-002
3.425977e+003,2.244584e-002
3.426459e+003,2.244000e-002
3.426941e+003,2.243071e-002
3.427424e+003,2.241796e-002
3.427906e+003,2.240290e-002
3.428388e+003,2.238356e-002
3.428870e+003,2.236098e-002
3.429352e+003,2.233541e-002
3.429834e+003,2.230798e-002
3.430316e+003,2.228100e-002
3.430798e+003,2.225644e-002
3.431281e+003,2.223533e-002
3.431763e+003,2.221907e-002
3.432245e+003,2.220511e-002
3.432727e+003,2.219183e-002
3.433209e+003,2.217566e-002
3.433691e+003,2.215488e-002
3.434173e+003,2.212831e-002
3.434655e+003,2.209734e-002
3.435137e+003,2.206486e-002
3.435620e+003,2.203457e-002
3.436102e+003,2.201074e-002
3.436584e+003,2.199557e-002
3.437066e+003,2.198895e-002
3.437548e+003,2.199030e-002
3.438030e+003,2.199674e-002
3.438512e+003,2.200560e-002
3.438994e+003,2.201539e-002
3.439477e+003,2.202519e-002
3.439959e+003,2.203464e-002
3.440441e+003,2.204328e-002
3.440923e+003,2.204984e-002
3.441405e+003,2.205166e-002
3.441887e+003,2.204618e-002
3.442369e+003,2.203005e-002
3.442852e+003,2.200292e-002
3.443333e+003,2.196733e-002
3.443816e+003,2.192768e-002
3.444298e+003,2.189057e-002
3.444780e+003,2.186340e-002
3.445262e+003,2.185210e-002
3.445744e+003,2.185921e-002
3.446226e+003,2.188417e-002
3.446708e+003,2.192165e-002
3.447191e+003,2.196412e-002
3.447673e+003,2.200232e-002
3.448155e+003,2.203032e-002
3.448637e+003,2.204268e-002
3.449119e+003,2.203950e-002
3.449601e+003,2.202182e-002
3.450083e+003,2.199415e-002
3.450565e+003,2.196138e-002
3.451048e+003,2.192963e-002
3.451530e+003,2.190473e-002
3.452012e+003,2.189038e-002
3.452494e+003,2.188810e-002
3.452976e+003,2.189778e-002
3.453458e+003,2.191534e-002
3.453940e+003,2.193582e-002
3.454422e+003,2.195410e-002
3.454905e+003,2.196553e-002
3.455387e+003,2.196836e-002
3.455869e+003,2.196283e-002
3.456351e+003,2.195055e-002
3.456833e+003,2.193571e-002
3.457315e+003,2.192192e-002
3.457797e+003,2.191242e-002
3.458280e+003,2.191024e-002
3.458761e+003,2.191609e-002
3.459244e+003,2.192961e-002
3.459726e+003,2.194872e-002
3.460208e+003,2.196981e-002
3.460690e+003,2.198951e-002
3.461172e+003,2.200282e-002
3.461654e+003,2.200658e-002
3.462136e+003,2.200068e-002
3.462619e+003,2.198663e-002
3.463101e+003,2.196908e-002
3.463583e+003,2.195316e-002
3.464065e+003,2.194317e-002
3.464547e+003,2.194250e-002
3.465029e+003,2.194951e-002
3.465511e+003,2.196154e-002
3.465993e+003,2.197368e-002
3.466476e+003,2.198012e-002
3.466958e+003,2.197677e-002
3.467440e+003,2.196187e-002
3.467922e+003,2.193472e-002
3.468404e+003,2.189824e-002
3.468886e+003,2.185429e-002
3.469368e+003,2.180683e-002
3.469850e+003,2.175993e-002
3.470333e+003,2.171793e-002
3.470815e+003,2.168489e-002
3.471297e+003,2.166457e-002
3.471779e+003,2.165801e-002
3.472261e+003,2.166452e-002
3.472743e+003,2.168025e-002
3.473225e+003,2.169844e-002
3.473708e+003,2.171079e-002
3.474189e+003,2.171077e-002
3.474672e+003,2.169229e-002
3.475154e+003,2.165500e-002
3.475636e+003,2.160006e-002
3.476118e+003,2.153424e-002
3.476600e+003,2.146338e-002
3.477082e+003,2.139472e-002
3.477564e+003,2.133481e-002
3.478047e+003,2.128693e-002
3.478529e+003,2.125341e-002
3.479011e+003,2.123368e-002
3.479493e+003,2.122422e-002
3.479975e+003,2.122038e-002
3.480457e+003,2.121607e-002
3.480939e+003,2.120556e-002
3.481421e+003,2.118534e-002
3.481904e+003,2.115516e-002
3.482386e+003,2.111842e-002
3.482868e+003,2.108109e-002
3.483350e+003,2.104866e-002
3.483832e+003,2.102664e-002
3.484314e+003,2.101644e-002
3.484796e+003,2.101748e-002
3.485278e+003,2.102519e-002
3.485760e+003,2.103372e-002
3.486243e+003,2.103745e-002
3.486725e+003,2.103063e-002
3.487207e+003,2.100905e-002
3.487689e+003,2.097329e-002
3.488171e+003,2.092451e-002
3.488653e+003,2.086705e-002
3.489135e+003,2.080617e-002
3.489618e+003,2.074692e-002
3.490100e+003,2.069375e-002
3.490582e+003,2.064818e-002
3.491064e+003,2.060988e-002
3.491546e+003,2.057648e-002
3.492028e+003,2.054367e-002
3.492510e+003,2.050721e-002
3.492992e+003,2.046582e-002
3.493475e+003,2.041937e-002
3.493957e+003,2.037243e-002
3.494439e+003,2.032972e-002
3.494921e+003,2.029614e-002
3.495403e+003,2.027347e-002
3.495885e+003,2.026089e-002
3.496367e+003,2.025358e-002
3.496849e+003,2.024534e-002
3.497332e+003,2.023016e-002
3.497814e+003,2.020605e-002
3.498296e+003,2.017372e-002
3.498778e+003,2.013750e-002
3.499260e+003,2.010244e-002
3.499742e+003,2.007278e-002
3.500224e+003,2.005051e-002
3.500706e+003,2.003577e-002
3.501188e+003,2.002688e-002
3.501671e+003,2.002118e-002
3.502153e+003,2.001594e-002
3.502635e+003,2.001046e-002
3.503117e+003,2.000393e-002
3.503599e+003,1.999504e-002
3.504081e+003,1.998308e-002
3.504563e+003,1.996548e-002
3.505046e+003,1.994139e-002
3.505528e+003,1.990931e-002
3.506010e+003,1.987155e-002
3.506492e+003,1.983003e-002
3.506974e+003,1.978861e-002
3.507456e+003,1.975154e-002
3.507938e+003,1.972246e-002
3.508420e+003,1.970268e-002
3.508903e+003,1.969231e-002
3.509385e+003,1.968984e-002
3.509867e+003,1.969325e-002
3.510349e+003,1.970019e-002
3.510831e+003,1.970903e-002
3.511313e+003,1.971810e-002
3.511795e+003,1.972552e-002
3.512277e+003,1.972858e-002
3.512760e+003,1.972433e-002
3.513242e+003,1.970994e-002
3.513724e+003,1.968375e-002
3.514206e+003,1.964647e-002
3.514688e+003,1.960021e-002
3.515170e+003,1.954945e-002
3.515652e+003,1.949975e-002
3.516135e+003,1.945487e-002
3.516616e+003,1.941800e-002
3.517099e+003,1.939033e-002
3.517581e+003,1.937021e-002
3.518063e+003,1.935527e-002
3.518545e+003,1.934305e-002
3.519027e+003,1.933046e-002
3.519509e+003,1.931717e-002
3.519991e+003,1.930293e-002
3.520474e+003,1.928856e-002
3.520956e+003,1.927395e-002
3.521438e+003,1.925981e-002
3.521920e+003,1.924366e-002
3.522402e+003,1.922372e-002
3.522884e+003,1.919716e-002
3.523366e+003,1.916302e-002
3.523848e+003,1.912308e-002
3.524331e+003,1.908076e-002
3.524813e+003,1.904187e-002
3.525295e+003,1.901077e-002
3.525777e+003,1.899077e-002
3.526259e+003,1.898142e-002
3.526741e+003,1.897940e-002
3.527223e+003,1.897928e-002
3.527705e+003,1.897572e-002
3.528188e+003,1.896399e-002
3.528670e+003,1.894373e-002
3.529152e+003,1.891625e-002
3.529634e+003,1.888473e-002
3.530116e+003,1.885226e-002
3.530598e+003,1.881955e-002
3.531080e+003,1.878623e-002
3.531563e+003,1.875148e-002
3.532044e+003,1.871423e-002
3.532527e+003,1.867496e-002
3.533009e+003,1.863687e-002
3.533491e+003,1.860303e-002
3.533973e+003,1.857653e-002
3.534455e+003,1.855785e-002
3.534937e+003,1.854639e-002
3.535419e+003,1.853730e-002
3.535902e+003,1.852441e-002
3.536384e+003,1.850310e-002
3.536866e+003,1.846992e-002
3.537348e+003,1.842499e-002
3.537830e+003,1.837103e-002
3.538312e+003,1.831160e-002
3.538794e+003,1.825038e-002
3.539276e+003,1.819092e-002
3.539759e+003,1.813500e-002
3.540241e+003,1.808478e-002
3.540723e+003,1.804094e-002
3.541205e+003,1.800541e-002
3.541687e+003,1.797889e-002
3.542169e+003,1.796163e-002
3.542651e+003,1.795255e-002
3.543133e+003,1.795048e-002
3.543615e+003,1.795328e-002
3.544098e+003,1.795941e-002
3.544580e+003,1.796827e-002
3.545062e+003,1.797951e-002
3.545544e+003,1.799431e-002
3.546026e+003,1.801126e-002
3.546508e+003,1.802833e-002
3.546990e+003,1.804256e-002
3.547472e+003,1.805024e-002
3.547955e+003,1.804949e-002
3.548437e+003,1.804123e-002
3.548919e+003,1.802631e-002
3.549401e+003,1.800889e-002
3.549883e+003,1.799039e-002
3.550365e+003,1.797212e-002
3.550847e+003,1.795278e-002
3.551330e+003,1.792974e-002
3.551812e+003,1.789991e-002
3.552294e+003,1.786257e-002
3.552776e+003,1.781843e-002
3.553258e+003,1.777190e-002
3.553740e+003,1.772715e-002
3.554222e+003,1.768631e-002
3.554704e+003,1.764891e-002
3.555187e+003,1.761258e-002
3.555669e+003,1.757255e-002
3.556151e+003,1.752512e-002
3.556633e+003,1.746790e-002
3.557115e+003,1.740328e-002
3.557597e+003,1.733411e-002
3.558079e+003,1.726755e-002
3.558561e+003,1.720873e-002
3.559043e+003,1.716109e-002
3.559526e+003,1.712525e-002
3.560008e+003,1.709835e-002
3.560490e+003,1.707478e-002
3.560972e+003,1.704966e-002
3.561454e+003,1.701975e-002
3.561936e+003,1.698423e-002
3.562418e+003,1.694559e-002
3.562900e+003,1.690850e-002
3.563383e+003,1.687796e-002
3.563865e+003,1.685936e-002
3.564347e+003,1.685674e-002
3.564829e+003,1.687264e-002
3.565311e+003,1.690561e-002
3.565793e+003,1.694958e-002
3.566275e+003,1.699285e-002
3.566758e+003,1.702036e-002
3.567240e+003,1.702003e-002
3.567722e+003,1.698911e-002
3.568204e+003,1.693343e-002
3.568686e+003,1.686495e-002
3.569168e+003,1.679430e-002
3.569650e+003,1.673033e-002
3.570132e+003,1.667759e-002
3.570615e+003,1.663822e-002
3.571097e+003,1.661153e-002
3.571579e+003,1.659511e-002
3.572061e+003,1.658491e-002
3.572543e+003,1.657614e-002
3.573025e+003,1.656629e-002
3.573507e+003,1.655297e-002
3.573989e+003,1.653569e-002
3.574471e+003,1.651506e-002
3.574954e+003,1.649382e-002
3.575436e+003,1.647366e-002
3.575918e+003,1.645516e-002
3.576400e+003,1.643966e-002
3.576882e+003,1.642678e-002
3.577364e+003,1.641510e-002
3.577846e+003,1.640209e-002
3.578328e+003,1.638466e-002
3.578811e+003,1.635906e-002
3.579293e+003,1.632171e-002
3.579775e+003,1.627045e-002
3.580257e+003,1.620599e-002
3.580739e+003,1.613025e-002
3.581221e+003,1.604946e-002
3.581703e+003,1.597008e-002
3.582186e+003,1.589897e-002
3.582667e+003,1.584150e-002
3.583150e+003,1.579973e-002
3.583632e+003,1.577487e-002
3.584114e+003,1.576332e-002
3.584596e+003,1.576268e-002
3.585078e+003,1.577008e-002
3.585560e+003,1.578384e-002
3.586042e+003,1.580337e-002
3.586525e+003,1.582614e-002
3.587007e+003,1.584832e-002
3.587489e+003,1.586294e-002
3.587971e+003,1.586387e-002
3.588453e+003,1.584774e-002
3.588935e+003,1.581672e-002
3.589417e+003,1.577619e-002
3.589899e+003,1.573349e-002
3.590382e+003,1.569511e-002
3.590864e+003,1.566609e-002
3.591346e+003,1.564944e-002
3.591828e+003,1.564517e-002
3.592310e+003,1.564992e-002
3.592792e+003,1.565851e-002
3.593274e+003,1.566542e-002
3.593756e+003,1.566608e-002
3.594239e+003,1.565904e-002
3.594721e+003,1.564694e-002
3.595203e+003,1.563364e-002
3.595685e+003,1.562431e-002
3.596167e+003,1.562099e-002
3.596649e+003,1.562332e-002
3.597131e+003,1.562867e-002
3.597614e+003,1.563642e-002
3.598095e+003,1.564261e-002
3.598578e+003,1.564844e-002
3.599060e+003,1.565210e-002
3.599542e+003,1.565492e-002
3.600024e+003,1.565461e-002
3.600506e+003,1.564947e-002
3.600988e+003,1.563759e-002
3.601470e+003,1.561774e-002
3.601953e+003,1.559006e-002
3.602435e+003,1.555827e-002
3.602917e+003,1.552587e-002
3.603399e+003,1.549696e-002
3.603881e+003,1.547503e-002
3.604363e+003,1.546251e-002
3.604845e+003,1.545927e-002
3.605327e+003,1.546592e-002
3.605810e+003,1.548114e-002
3.606292e+003,1.550445e-002
3.606774e+003,1.553489e-002
3.607256e+003,1.557016e-002
3.607738e+003,1.560677e-002
3.608220e+003,1.564062e-002
3.608702e+003,1.566553e-002
3.609184e+003,1.567850e-002
3.609667e+003,1.567793e-002
3.610149e+003,1.566613e-002
3.610631e+003,1.564599e-002
3.611113e+003,1.562343e-002
3.611595e+003,1.560243e-002
3.612077e+003,1.558626e-002
3.612559e+003,1.557540e-002
3.613042e+003,1.556636e-002
3.613524e+003,1.555344e-002
3.614006e+003,1.553097e-002
3.614488e+003,1.549409e-002
3.614970e+003,1.544317e-002
3.615452e+003,1.538039e-002
3.615934e+003,1.531106e-002
3.616416e+003,1.524232e-002
3.616898e+003,1.518239e-002
3.617381e+003,1.513940e-002
3.617863e+003,1.512060e-002
3.618345e+003,1.512503e-002
3.618827e+003,1.514835e-002
3.619309e+003,1.517689e-002
3.619791e+003,1.519853e-002
3.620273e+003,1.520455e-002
3.620755e+003,1.519434e-002
3.621238e+003,1.517286e-002
3.621720e+003,1.514496e-002
3.622202e+003,1.511680e-002
3.622684e+003,1.509106e-002
3.623166e+003,1.506810e-002
3.623648e+003,1.504756e-002
3.624130e+003,1.502713e-002
3.624612e+003,1.500706e-002
3.625094e+003,1.498783e-002
3.625577e+003,1.497297e-002
3.626059e+003,1.496914e-002
3.626541e+003,1.498472e-002
3.627023e+003,1.502857e-002
3.627505e+003,1.510422e-002
3.627987e+003,1.520345e-002
3.628469e+003,1.530125e-002
3.628952e+003,1.536424e-002
3.629434e+003,1.537575e-002
3.629916e+003,1.534427e-002
3.630398e+003,1.529226e-002
3.630880e+003,1.523914e-002
3.631362e+003,1.519658e-002
3.631844e+003,1.516955e-002
3.632326e+003,1.515808e-002
3.632809e+003,1.515815e-002
3.633291e+003,1.516429e-002
3.633773e+003,1.516910e-002
3.634255e+003,1.516710e-002
3.634737e+003,1.515574e-002
3.635219e+003,1.513671e-002
3.635701e+003,1.511208e-002
3.636183e+003,1.508489e-002
3.636666e+003,1.505721e-002
3.637148e+003,1.503073e-002
3.637630e+003,1.500535e-002
3.638112e+003,1.498008e-002
3.638594e+003,1.495419e-002
3.639076e+003,1.492647e-002
3.639558e+003,1.489716e-002
3.640041e+003,1.486529e-002
3.640522e+003,1.483158e-002
3.641005e+003,1.479470e-002
3.641487e+003,1.475476e-002
3.641969e+003,1.471129e-002
3.642451e+003,1.466365e-002
3.642933e+003,1.461297e-002
3.643415e+003,1.456129e-002
3.643897e+003,1.451131e-002
3.644380e+003,1.446802e-002
3.644862e+003,1.443727e-002
3.645344e+003,1.442528e-002
3.645826e+003,1.443767e-002
3.646308e+003,1.447750e-002
3.646790e+003,1.454063e-002
3.647272e+003,1.461683e-002
3.647754e+003,1.468976e-002
3.648237e+003,1.474465e-002
3.648719e+003,1.477772e-002
3.649201e+003,1.479395e-002
3.649683e+003,1.480469e-002
3.650165e+003,1.481447e-002
3.650647e+003,1.481984e-002
3.651129e+003,1.481325e-002
3.651611e+003,1.479090e-002
3.652094e+003,1.475230e-002
3.652576e+003,1.470173e-002
3.653058e+003,1.464649e-002
3.653540e+003,1.459552e-002
3.654022e+003,1.455798e-002
3.654504e+003,1.454438e-002
3.654986e+003,1.456024e-002
3.655469e+003,1.460372e-002
3.655950e+003,1.466372e-002
3.656433e+003,1.472092e-002
3.656915e+003,1.476089e-002
3.657397e+003,1.477666e-002
3.657879e+003,1.477200e-002
3.658361e+003,1.475548e-002
3.658843e+003,1.473527e-002
3.659325e+003,1.471935e-002
3.659808e+003,1.470942e-002
3.660290e+003,1.470621e-002
3.660772e+003,1.470680e-002
3.661254e+003,1.470605e-002
3.661736e+003,1.469941e-002
3.662218e+003,1.468077e-002
3.662700e+003,1.464816e-002
3.663182e+003,1.460048e-002
3.663665e+003,1.453870e-002
3.664147e+003,1.446759e-002
3.664629e+003,1.439230e-002
3.665111e+003,1.431981e-002
3.665593e+003,1.425723e-002
3.666075e+003,1.421057e-002
3.666557e+003,1.418486e-002
3.667039e+003,1.418624e-002
3.667521e+003,1.422059e-002
3.668004e+003,1.429383e-002
3.668486e+003,1.440818e-002
3.668968e+003,1.455569e-002
3.669450e+003,1.471099e-002
3.669932e+003,1.483909e-002
3.670414e+003,1.491089e-002
3.670896e+003,1.492107e-002
3.671378e+003,1.488423e-002
3.671861e+003,1.482208e-002
3.672343e+003,1.475623e-002
3.672825e+003,1.470536e-002
3.673307e+003,1.468616e-002
3.673789e+003,1.471548e-002
3.674271e+003,1.480097e-002
3.674753e+003,1.492938e-002
3.675236e+003,1.505573e-002
3.675718e+003,1.512877e-002
3.676200e+003,1.512768e-002
3.676682e+003,1.507285e-002
3.677164e+003,1.499648e-002
3.677646e+003,1.492268e-002
3.678128e+003,1.486436e-002
3.678610e+003,1.482362e-002
3.679093e+003,1.479665e-002
3.679575e+003,1.477742e-002
3.680057e+003,1.475979e-002
3.680539e+003,1.474264e-002
3.681021e+003,1.472623e-002
3.681503e+003,1.471486e-002
3.681985e+003,1.471187e-002
3.682467e+003,1.471613e-002
3.682949e+003,1.472496e-002
3.683432e+003,1.473169e-002
3.683914e+003,1.472746e-002
3.684396e+003,1.470795e-002
3.684878e+003,1.467143e-002
3.685360e+003,1.462282e-002
3.685842e+003,1.456989e-002
3.686324e+003,1.452496e-002
3.686806e+003,1.450183e-002
3.687289e+003,1.451298e-002
3.687771e+003,1.456592e-002
3.688253e+003,1.465810e-002
3.688735e+003,1.477177e-002
3.689217e+003,1.488314e-002
3.689699e+003,1.496838e-002
3.690181e+003,1.501488e-002
3.690664e+003,1.502352e-002
3.691146e+003,1.500165e-002
3.691628e+003,1.496089e-002
3.692110e+003,1.491456e-002
3.692592e+003,1.487329e-002
3.693074e+003,1.484510e-002
3.693556e+003,1.483419e-002
3.694038e+003,1.484218e-002
3.694521e+003,1.486499e-002
3.695003e+003,1.489733e-002
3.695485e+003,1.493079e-002
3.695967e+003,1.495672e-002
3.696449e+003,1.497054e-002
3.696931e+003,1.497101e-002
3.697413e+003,1.496158e-002
3.697895e+003,1.494907e-002
3.698377e+003,1.494050e-002
3.698860e+003,1.494158e-002
3.699342e+003,1.495405e-002
3.699824e+003,1.497765e-002
3.700306e+003,1.500547e-002
3.700788e+003,1.502945e-002
3.701270e+003,1.503884e-002
3.701752e+003,1.502693e-002
3.702234e+003,1.499286e-002
3.702717e+003,1.494143e-002
3.703199e+003,1.488146e-002
3.703681e+003,1.482295e-002
3.704163e+003,1.477261e-002
3.704645e+003,1.473588e-002
3.705127e+003,1.471451e-002
3.705609e+003,1.470825e-002
3.706092e+003,1.471264e-002
3.706573e+003,1.472348e-002
3.707056e+003,1.473283e-002
3.707538e+003,1.473537e-002
3.708020e+003,1.472587e-002
3.708502e+003,1.470398e-002
3.708984e+003,1.467464e-002
3.709466e+003,1.464765e-002
3.709948e+003,1.463764e-002
3.710431e+003,1.465902e-002
3.710913e+003,1.471664e-002
3.711395e+003,1.480629e-002
3.711877e+003,1.490727e-002
3.712359e+003,1.499847e-002
3.712841e+003,1.506375e-002
3.713323e+003,1.509700e-002
3.713805e+003,1.510008e-002
3.714288e+003,1.508043e-002
3.714770e+003,1.504610e-002
3.715252e+003,1.500519e-002
3.715734e+003,1.496526e-002
3.716216e+003,1.493166e-002
3.716698e+003,1.490774e-002
3.717180e+003,1.489526e-002
3.717662e+003,1.489346e-002
3.718145e+003,1.490086e-002
3.718627e+003,1.491336e-002
3.719109e+003,1.492898e-002
3.719591e+003,1.494435e-002
3.720073e+003,1.495935e-002
3.720555e+003,1.497136e-002
3.721037e+003,1.498002e-002
3.721520e+003,1.498284e-002
3.722001e+003,1.497980e-002
3.722484e+003,1.497215e-002
3.722966e+003,1.496289e-002
3.723448e+003,1.495586e-002
3.723930e+003,1.495668e-002
3.724412e+003,1.496833e-002
3.724894e+003,1.499169e-002
3.725376e+003,1.502328e-002
3.725859e+003,1.505700e-002
3.726341e+003,1.508387e-002
3.726823e+003,1.509904e-002
3.727305e+003,1.509887e-002
3.727787e+003,1.508624e-002
3.728269e+003,1.506612e-002
3.728751e+003,1.504487e-002
3.729233e+003,1.502898e-002
3.729716e+003,1.502569e-002
3.730198e+003,1.503961e-002
3.730680e+003,1.507586e-002
3.731162e+003,1.513396e-002
3.731644e+003,1.521180e-002
3.732126e+003,1.530102e-002
3.732608e+003,1.539190e-002
3.733090e+003,1.547630e-002
3.733573e+003,1.554874e-002
3.734055e+003,1.560521e-002
3.734537e+003,1.564521e-002
3.735019e+003,1.566435e-002
3.735501e+003,1.566225e-002
3.735983e+003,1.564264e-002
3.736465e+003,1.561379e-002
3.736948e+003,1.558567e-002
3.737430e+003,1.556705e-002
3.737912e+003,1.556256e-002
3.738394e+003,1.557094e-002
3.738876e+003,1.558859e-002
3.739358e+003,1.560736e-002
3.739840e+003,1.561876e-002
3.740322e+003,1.561401e-002
3.740804e+003,1.559000e-002
3.741287e+003,1.554845e-002
3.741769e+003,1.549801e-002
3.742251e+003,1.545469e-002
3.742733e+003,1.543790e-002
3.743215e+003,1.546994e-002
3.743697e+003,1.555747e-002
3.744179e+003,1.567934e-002
3.744661e+003,1.579036e-002
3.745144e+003,1.584965e-002
3.745626e+003,1.584743e-002
3.746108e+003,1.580009e-002
3.746590e+003,1.573068e-002
3.747072e+003,1.566137e-002
3.747554e+003,1.560998e-002
3.748036e+003,1.559205e-002
3.748518e+003,1.562277e-002
3.749000e+003,1.571095e-002
3.749483e+003,1.585509e-002
3.749965e+003,1.603732e-002
3.750447e+003,1.622437e-002
3.750929e+003,1.637660e-002
3.751411e+003,1.646169e-002
3.751893e+003,1.646745e-002
3.752375e+003,1.640351e-002
3.752858e+003,1.629282e-002
3.753340e+003,1.616202e-002
3.753822e+003,1.603371e-002
3.754304e+003,1.592409e-002
3.754786e+003,1.584172e-002
3.755268e+003,1.579023e-002
3.755750e+003,1.576612e-002
3.756232e+003,1.576287e-002
3.756715e+003,1.577117e-002
3.757197e+003,1.578137e-002
3.757679e+003,1.578692e-002
3.758161e+003,1.578844e-002
3.758643e+003,1.578945e-002
3.759125e+003,1.579324e-002
3.759607e+003,1.580256e-002
3.760089e+003,1.581440e-002
3.760572e+003,1.582259e-002
3.761054e+003,1.582374e-002
3.761536e+003,1.581784e-002
3.762018e+003,1.580741e-002
3.762500e+003,1.579873e-002
3.762982e+003,1.579660e-002
3.763464e+003,1.580354e-002
3.763947e+003,1.581728e-002
3.764428e+003,1.583139e-002
3.764911e+003,1.583531e-002
3.765393e+003,1.582335e-002
3.765875e+003,1.579363e-002
3.766357e+003,1.575584e-002
3.766839e+003,1.572206e-002
3.767321e+003,1.570618e-002
3.767803e+003,1.571852e-002
3.768286e+003,1.576390e-002
3.768768e+003,1.583678e-002
3.769250e+003,1.592279e-002
3.769732e+003,1.599950e-002
3.770214e+003,1.604721e-002
3.770696e+003,1.605557e-002
3.771178e+003,1.602835e-002
3.771660e+003,1.597550e-002
3.772143e+003,1.591040e-002
3.772625e+003,1.584339e-002
3.773107e+003,1.578268e-002
3.773589e+003,1.573143e-002
3.774071e+003,1.569101e-002
3.774553e+003,1.565930e-002
3.775035e+003,1.563415e-002
3.775517e+003,1.561329e-002
3.776000e+003,1.559545e-002
3.776482e+003,1.558178e-002
3.776964e+003,1.557505e-002
3.777446e+003,1.557830e-002
3.777928e+003,1.559331e-002
3.778410e+003,1.561780e-002
3.778892e+003,1.564495e-002
3.779375e+003,1.566489e-002
3.779856e+003,1.567132e-002
3.780339e+003,1.566396e-002
3.780821e+003,1.564926e-002
3.781303e+003,1.563772e-002
3.781785e+003,1.563870e-002
3.782267e+003,1.565752e-002
3.782749e+003,1.569432e-002
3.783231e+003,1.574353e-002
3.783714e+003,1.579237e-002
3.784196e+003,1.582691e-002
3.784678e+003,1.583589e-002
3.785160e+003,1.581600e-002
3.785642e+003,1.577458e-002
3.786124e+003,1.572213e-002
3.786606e+003,1.567194e-002
3.787088e+003,1.563264e-002
3.787571e+003,1.560967e-002
3.788053e+003,1.560279e-002
3.788535e+003,1.561047e-002
3.789017e+003,1.562894e-002
3.789499e+003,1.565438e-002
3.789981e+003,1.568084e-002
3.790463e+003,1.570413e-002
3.790945e+003,1.571742e-002
3.791427e+003,1.571536e-002
3.791910e+003,1.569364e-002
3.792392e+003,1.565364e-002
3.792874e+003,1.559867e-002
3.793356e+003,1.553772e-002
3.793838e+003,1.548259e-002
3.794320e+003,1.544534e-002
3.794802e+003,1.543601e-002
3.795284e+003,1.545993e-002
3.795767e+003,1.551179e-002
3.796249e+003,1.557877e-002
3.796731e+003,1.564031e-002
3.797213e+003,1.568408e-002
3.797695e+003,1.570399e-002
3.798177e+003,1.570560e-002
3.798659e+003,1.570035e-002
3.799142e+003,1.570374e-002
3.799624e+003,1.573128e-002
3.800106e+003,1.579633e-002
3.800588e+003,1.589852e-002
3.801070e+003,1.601665e-002
3.801552e+003,1.611026e-002
3.802034e+003,1.614550e-002
3.802516e+003,1.611421e-002
3.802999e+003,1.603088e-002
3.803481e+003,1.591966e-002
3.803963e+003,1.580307e-002
3.804445e+003,1.569894e-002
3.804927e+003,1.562418e-002
3.805409e+003,1.559103e-002
3.805891e+003,1.560574e-002
3.806373e+003,1.565915e-002
3.806855e+003,1.572684e-002
3.807338e+003,1.577876e-002
3.807820e+003,1.579783e-002
3.808302e+003,1.578365e-002
3.808784e+003,1.574946e-002
3.809266e+003,1.571004e-002
3.809748e+003,1.567839e-002
3.810230e+003,1.565858e-002
3.810712e+003,1.564960e-002
3.811195e+003,1.564380e-002
3.811677e+003,1.563099e-002
3.812159e+003,1.560389e-002
3.812641e+003,1.555958e-002
3.813123e+003,1.550186e-002
3.813605e+003,1.544145e-002
3.814087e+003,1.539327e-002
3.814570e+003,1.537455e-002
3.815052e+003,1.539576e-002
3.815534e+003,1.545283e-002
3.816016e+003,1.552459e-002
3.816498e+003,1.558438e-002
3.816980e+003,1.561520e-002
3.817462e+003,1.561794e-002
3.817944e+003,1.560357e-002
3.818427e+003,1.559047e-002
3.818909e+003,1.559614e-002
3.819391e+003,1.563797e-002
3.819873e+003,1.572312e-002
3.820355e+003,1.584025e-002
3.820837e+003,1.595166e-002
3.821319e+003,1.601504e-002
3.821801e+003,1.600925e-002
3.822283e+003,1.594529e-002
3.822766e+003,1.585037e-002
3.823248e+003,1.574954e-002
3.823730e+003,1.566187e-002
3.824212e+003,1.559810e-002
3.824694e+003,1.556438e-002
3.825176e+003,1.555956e-002
3.825658e+003,1.557700e-002
3.826140e+003,1.560328e-002
3.826623e+003,1.562304e-002
3.827105e+003,1.562577e-002
3.827587e+003,1.560803e-002
3.828069e+003,1.557529e-002
3.828551e+003,1.553603e-002
3.829033e+003,1.550046e-002
3.829515e+003,1.547692e-002
3.829998e+003,1.547080e-002
3.830479e+003,1.548274e-002
3.830962e+003,1.551121e-002
3.831444e+003,1.554981e-002
3.831926e+003,1.559240e-002
3.832408e+003,1.563230e-002
3.832890e+003,1.566734e-002
3.833372e+003,1.569765e-002
3.833854e+003,1.572245e-002
3.834337e+003,1.574328e-002
3.834819e+003,1.576040e-002
3.835301e+003,1.577213e-002
3.835783e+003,1.577603e-002
3.836265e+003,1.576891e-002
3.836747e+003,1.574804e-002
3.837229e+003,1.571190e-002
3.837711e+003,1.566099e-002
3.838194e+003,1.560019e-002
3.838676e+003,1.553924e-002
3.839158e+003,1.548752e-002
3.839640e+003,1.545492e-002
3.840122e+003,1.544364e-002
3.840604e+003,1.545508e-002
3.841086e+003,1.548438e-002
3.841568e+003,1.552525e-002
3.842051e+003,1.557076e-002
3.842533e+003,1.561127e-002
3.843015e+003,1.563906e-002
3.843497e+003,1.564758e-002
3.843979e+003,1.563463e-002
3.844461e+003,1.560174e-002
3.844943e+003,1.555394e-002
3.845426e+003,1.549956e-002
3.845907e+003,1.544710e-002
3.846390e+003,1.540478e-002
3.846872e+003,1.537893e-002
3.847354e+003,1.537455e-002
3.847836e+003,1.539166e-002
3.848318e+003,1.542731e-002
3.848800e+003,1.547313e-002
3.849282e+003,1.552077e-002
3.849765e+003,1.555889e-002
3.850247e+003,1.558080e-002
3.850729e+003,1.558301e-002
3.851211e+003,1.556680e-002
3.851693e+003,1.553925e-002
3.852175e+003,1.551388e-002
3.852657e+003,1.550345e-002
3.853139e+003,1.551390e-002
3.853622e+003,1.553672e-002
3.854104e+003,1.555903e-002
3.854586e+003,1.557232e-002
3.855068e+003,1.557826e-002
3.855550e+003,1.557944e-002
3.856032e+003,1.557661e-002
3.856514e+003,1.557031e-002
3.856996e+003,1.555858e-002
3.857479e+003,1.554156e-002
3.857961e+003,1.551989e-002
3.858443e+003,1.549860e-002
3.858925e+003,1.548299e-002
3.859407e+003,1.547976e-002
3.859889e+003,1.549383e-002
3.860371e+003,1.552623e-002
3.860854e+003,1.557465e-002
3.861336e+003,1.563200e-002
3.861818e+003,1.569143e-002
3.862300e+003,1.574725e-002
3.862782e+003,1.579922e-002
3.863264e+003,1.584797e-002
3.863746e+003,1.589350e-002
3.864228e+003,1.592973e-002
3.864710e+003,1.594594e-002
3.865193e+003,1.593190e-002
3.865675e+003,1.588540e-002
3.866157e+003,1.581199e-002
3.866639e+003,1.572408e-002
3.867121e+003,1.563744e-002
3.867603e+003,1.556916e-002
3.868085e+003,1.553695e-002
3.868567e+003,1.555286e-002
3.869050e+003,1.561742e-002
3.869532e+003,1.570983e-002
3.870014e+003,1.579333e-002
3.870496e+003,1.584035e-002
3.870978e+003,1.584569e-002
3.871460e+003,1.582176e-002
3.871942e+003,1.578942e-002
3.872424e+003,1.576561e-002
3.872906e+003,1.576070e-002
3.873389e+003,1.577472e-002
3.873871e+003,1.579961e-002
3.874353e+003,1.581946e-002
3.874835e+003,1.582221e-002
3.875317e+003,1.580110e-002
3.875799e+003,1.575990e-002
3.876281e+003,1.570676e-002
3.876764e+003,1.565037e-002
3.877246e+003,1.560136e-002
3.877728e+003,1.556984e-002
3.878210e+003,1.556620e-002
3.878692e+003,1.559862e-002
3.879174e+003,1.566932e-002
3.879656e+003,1.576923e-002
3.880138e+003,1.587631e-002
3.880621e+003,1.596135e-002
3.881103e+003,1.600410e-002
3.881585e+003,1.599908e-002
3.882067e+003,1.595614e-002
3.882549e+003,1.589254e-002
3.883031e+003,1.582645e-002
3.883513e+003,1.577555e-002
3.883995e+003,1.575153e-002
3.884478e+003,1.575855e-002
3.884960e+003,1.579000e-002
3.885442e+003,1.582562e-002
3.885924e+003,1.584435e-002
3.886406e+003,1.583384e-002
3.886888e+003,1.579511e-002
3.887370e+003,1.573869e-002
3.887853e+003,1.567733e-002
3.888334e+003,1.562205e-002
3.888817e+003,1.558264e-002
3.889299e+003,1.556584e-002
3.889781e+003,1.557661e-002
3.890263e+003,1.561380e-002
3.890745e+003,1.567104e-002
3.891227e+003,1.573505e-002
3.891709e+003,1.579049e-002
3.892192e+003,1.582617e-002
3.892674e+003,1.583828e-002
3.893156e+003,1.583035e-002
3.893638e+003,1.580926e-002
3.894120e+003,1.578269e-002
3.894602e+003,1.575873e-002
3.895084e+003,1.574231e-002
3.895566e+003,1.573696e-002
3.896049e+003,1.574360e-002
3.896531e+003,1.576171e-002
3.897013e+003,1.578803e-002
3.897495e+003,1.581866e-002
3.897977e+003,1.584735e-002
3.898459e+003,1.586978e-002
3.898941e+003,1.588100e-002
3.899423e+003,1.587761e-002
3.899906e+003,1.585975e-002
3.900388e+003,1.582975e-002
3.900870e+003,1.579152e-002
3.901352e+003,1.575264e-002
3.901834e+003,1.572235e-002
3.902316e+003,1.571020e-002
3.902798e+003,1.572259e-002
3.903281e+003,1.576108e-002
3.903762e+003,1.581825e-002
3.904245e+003,1.587883e-002
3.904727e+003,1.592533e-002
3.905209e+003,1.594584e-002
3.905691e+003,1.593710e-002
3.906173e+003,1.590405e-002
3.906655e+003,1.585558e-002
3.907137e+003,1.580213e-002
3.907620e+003,1.575351e-002
3.908102e+003,1.571703e-002
3.908584e+003,1.569674e-002
3.909066e+003,1.569410e-002
3.909548e+003,1.570859e-002
3.910030e+003,1.573786e-002
3.910512e+003,1.577838e-002
3.910994e+003,1.582506e-002
3.911477e+003,1.587266e-002
3.911959e+003,1.591622e-002
3.912441e+003,1.595142e-002
3.912923e+003,1.597603e-002
3.913405e+003,1.598939e-002
3.913887e+003,1.599384e-002
3.914369e+003,1.599110e-002
3.914851e+003,1.598626e-002
3.915333e+003,1.598299e-002
3.915816e+003,1.598417e-002
3.916298e+003,1.599125e-002
3.916780e+003,1.600422e-002
3.917262e+003,1.602139e-002
3.917744e+003,1.604092e-002
3.918226e+003,1.606098e-002
3.918708e+003,1.607790e-002
3.919190e+003,1.608919e-002
3.919673e+003,1.609195e-002
3.920155e+003,1.608305e-002
3.920637e+003,1.606313e-002
3.921119e+003,1.603468e-002
3.921601e+003,1.600254e-002
3.922083e+003,1.597290e-002
3.922565e+003,1.595295e-002
3.923048e+003,1.594678e-002
3.923530e+003,1.595425e-002
3.924012e+003,1.597078e-002
3.924494e+003,1.598875e-002
3.924976e+003,1.599846e-002
3.925458e+003,1.599531e-002
3.925940e+003,1.597955e-002
3.926422e+003,1.595564e-002
3.926905e+003,1.593120e-002
3.927387e+003,1.591240e-002
3.927869e+003,1.590437e-002
3.928351e+003,1.590882e-002
3.928833e+003,1.592391e-002
3.929315e+003,1.594610e-002
3.929797e+003,1.597080e-002
3.930279e+003,1.599510e-002
3.930761e+003,1.601573e-002
3.931244e+003,1.603308e-002
3.931726e+003,1.604570e-002
3.932208e+003,1.605411e-002
3.932690e+003,1.605739e-002
3.933172e+003,1.605608e-002
3.933654e+003,1.605015e-002
3.934136e+003,1.604277e-002
3.934618e+003,1.603540e-002
3.935101e+003,1.603223e-002
3.935583e+003,1.603353e-002
3.936065e+003,1.603932e-002
3.936547e+003,1.604734e-002
3.937029e+003,1.605457e-002
3.937511e+003,1.605667e-002
3.937993e+003,1.605231e-002
3.938476e+003,1.604216e-002
3.938958e+003,1.602937e-002
3.939440e+003,1.601736e-002
3.939922e+003,1.601142e-002
3.940404e+003,1.601324e-002
3.940886e+003,1.602259e-002
3.941368e+003,1.603549e-002
3.941850e+003,1.604654e-002
3.942333e+003,1.604917e-002
3.942815e+003,1.604018e-002
3.943297e+003,1.601986e-002
3.943779e+003,1.599306e-002
3.944261e+003,1.596533e-002
3.944743e+003,1.594433e-002
3.945225e+003,1.593295e-002
3.945707e+003,1.593437e-002
3.946189e+003,1.594675e-002
3.946672e+003,1.596651e-002
3.947154e+003,1.598681e-002
3.947636e+003,1.600157e-002
3.948118e+003,1.600472e-002
3.948600e+003,1.599426e-002
3.949082e+003,1.597164e-002
3.949564e+003,1.594163e-002
3.950046e+003,1.591134e-002
3.950529e+003,1.588752e-002
3.951011e+003,1.587413e-002
3.951493e+003,1.587369e-002
3.951975e+003,1.588435e-002
3.952457e+003,1.590360e-002
3.952939e+003,1.592563e-002
3.953421e+003,1.594675e-002
3.953904e+003,1.596245e-002
3.954385e+003,1.597206e-002
3.954868e+003,1.597467e-002
3.955350e+003,1.597278e-002
3.955832e+003,1.596878e-002
3.956314e+003,1.596715e-002
3.956796e+003,1.597055e-002
3.957278e+003,1.598176e-002
3.957760e+003,1.600144e-002
3.958243e+003,1.603054e-002
3.958725e+003,1.606625e-002
3.959207e+003,1.610647e-002
3.959689e+003,1.614605e-002
3.960171e+003,1.618086e-002
3.960653e+003,1.620588e-002
3.961135e+003,1.621845e-002
3.961617e+003,1.621831e-002
3.962100e+003,1.620743e-002
3.962582e+003,1.619084e-002
3.963064e+003,1.617373e-002
3.963546e+003,1.616164e-002
3.964028e+003,1.615817e-002
3.964510e+003,1.616425e-002
3.964992e+003,1.617961e-002
3.965474e+003,1.620014e-002
3.965957e+003,1.622228e-002
3.966439e+003,1.624083e-002
3.966921e+003,1.625156e-002
3.967403e+003,1.625142e-002
3.967885e+003,1.624012e-002
3.968367e+003,1.621780e-002
3.968849e+003,1.618937e-002
3.969332e+003,1.615895e-002
3.969813e+003,1.613329e-002
3.970296e+003,1.611732e-002
3.970778e+003,1.611516e-002
3.971260e+003,1.612748e-002
3.971742e+003,1.615189e-002
3.972224e+003,1.618308e-002
3.972706e+003,1.621507e-002
3.973188e+003,1.624096e-002
3.973671e+003,1.625808e-002
3.974153e+003,1.626431e-002
3.974635e+003,1.626362e-002
3.975117e+003,1.625974e-002
3.975599e+003,1.625933e-002
3.976081e+003,1.626515e-002
3.976563e+003,1.628136e-002
3.977045e+003,1.630621e-002
3.977528e+003,1.633692e-002
3.978010e+003,1.636898e-002
3.978492e+003,1.639890e-002
3.978974e+003,1.642285e-002
3.979456e+003,1.644002e-002
3.979938e+003,1.645000e-002
3.980420e+003,1.645466e-002
3.980902e+003,1.645731e-002
3.981385e+003,1.645997e-002
3.981867e+003,1.646543e-002
3.982349e+003,1.647368e-002
3.982831e+003,1.648447e-002
3.983313e+003,1.649579e-002
3.983795e+003,1.650512e-002
3.984277e+003,1.650912e-002
3.984760e+003,1.650698e-002
3.985242e+003,1.649992e-002
3.985724e+003,1.648991e-002
3.986206e+003,1.648177e-002
3.986688e+003,1.647963e-002
3.987170e+003,1.648802e-002
3.987652e+003,1.650776e-002
3.988134e+003,1.653711e-002
3.988616e+003,1.657193e-002
3.989099e+003,1.660756e-002
3.989581e+003,1.663679e-002
3.990063e+003,1.665549e-002
3.990545e+003,1.665991e-002
3.991027e+003,1.665231e-002
3.991509e+003,1.663456e-002
3.991991e+003,1.661279e-002
3.992473e+003,1.659209e-002
3.992956e+003,1.657807e-002
3.993438e+003,1.657406e-002
3.993920e+003,1.658314e-002
3.994402e+003,1.660278e-002
3.994884e+003,1.662964e-002
3.995366e+003,1.665798e-002
3.995848e+003,1.668111e-002
3.996330e+003,1.669355e-002
3.996813e+003,1.669329e-002
3.997295e+003,1.668193e-002
3.997777e+003,1.666348e-002
3.998259e+003,1.664570e-002
3.998741e+003,1.663526e-002
3.999223e+003,1.663580e-002
3.999705e+003,1.665038e-002
4.000188e+003,1.667433e-002
