3.996813e+002,0.000000e+000
4.001635e+002,6.543840e-002
4.006456e+002,6.572343e-002
4.011277e+002,6.612378e-002
4.016098e+002,6.646774e-002
4.020919e+002,6.662893e-002
4.025741e+002,6.659051e-002
4.030562e+002,6.644804e-002
4.035383e+002,6.635136e-002
4.040204e+002,6.642589e-002
4.045026e+002,6.671719e-002
4.049847e+002,6.717358e-002
4.054668e+002,6.767233e-002
4.059489e+002,6.808283e-002
4.064311e+002,6.834084e-002
4.069132e+002,6.848335e-002
4.073953e+002,6.861888e-002
4.078774e+002,6.885301e-002
4.083596e+002,6.922713e-002
4.088417e+002,6.969595e-002
4.093238e+002,7.015002e-002
4.098059e+002,7.047524e-002
4.102881e+002,7.062063e-002
4.107702e+002,7.062721e-002
4.112523e+002,7.059968e-002
4.117344e+002,7.064030e-002
4.122166e+002,7.079554e-002
4.126987e+002,7.103646e-002
4.131808e+002,7.128211e-002
4.136629e+002,7.145020e-002
4.141451e+002,7.151181e-002
4.146272e+002,7.150866e-002
4.151093e+002,7.152650e-002
4.155914e+002,7.164456e-002
4.160736e+002,7.189512e-002
4.165557e+002,7.224522e-002
4.170378e+002,7.259747e-002
4.175200e+002,7.281423e-002
4.180021e+002,7.279280e-002
4.184842e+002,7.257448e-002
4.189663e+002,7.237425e-002
4.194484e+002,7.241340e-002
4.199306e+002,7.272771e-002
4.204127e+002,7.316916e-002
4.208948e+002,7.354923e-002
4.213770e+002,7.375304e-002
4.218591e+002,7.377479e-002
4.223412e+002,7.369760e-002
4.228233e+002,7.364459e-002
4.233055e+002,7.371717e-002
4.237876e+002,7.394752e-002
4.242697e+002,7.427821e-002
4.247518e+002,7.459451e-002
4.252339e+002,7.478831e-002
4.257161e+002,7.482515e-002
4.261982e+002,7.475795e-002
4.266803e+002,7.468738e-002
4.271624e+002,7.469467e-002
4.276446e+002,7.479819e-002
4.281267e+002,7.494543e-002
4.286088e+002,7.504310e-002
4.290909e+002,7.500815e-002
4.295731e+002,7.481838e-002
4.300552e+002,7.452936e-002
4.305373e+002,7.424850e-002
4.310194e+002,7.407703e-002
4.315016e+002,7.405964e-002
4.319837e+002,7.416706e-002
4.324658e+002,7.431859e-002
4.329479e+002,7.443099e-002
4.334301e+002,7.446565e-002
4.339122e+002,7.444603e-002
4.343943e+002,7.444008e-002
4.348764e+002,7.451377e-002
4.353586e+002,7.469165e-002
4.358407e+002,7.493750e-002
4.363228e+002,7.517243e-002
4.368049e+002,7.532214e-002
4.372870e+002,7.536517e-002
4.377692e+002,7.534522e-002
4.382513e+002,7.534326e-002
4.387334e+002,7.542923e-002
4.392155e+002,7.563099e-002
4.396977e+002,7.592454e-002
4.401798e+002,7.625125e-002
4.406619e+002,7.654902e-002
4.411440e+002,7.678992e-002
4.416262e+002,7.699949e-002
4.421083e+002,7.724369e-002
4.425904e+002,7.758436e-002
4.430725e+002,7.803468e-002
4.435547e+002,7.854374e-002
4.440368e+002,7.902201e-002
4.445189e+002,7.939076e-002
4.450010e+002,7.962634e-002
4.454832e+002,7.977200e-002
4.459653e+002,7.991407e-002
4.464474e+002,8.013476e-002
4.469295e+002,8.047213e-002
4.474117e+002,8.090119e-002
4.478938e+002,8.135151e-002
4.483759e+002,8.174744e-002
4.488580e+002,8.205334e-002
4.493401e+002,8.229010e-002
4.498223e+002,8.251890e-002
4.503044e+002,8.280284e-002
4.507865e+002,8.317299e-002
4.512687e+002,8.361116e-002
4.517508e+002,8.405717e-002
4.522329e+002,8.444213e-002
4.527150e+002,8.473183e-002
4.531971e+002,8.495075e-002
4.536793e+002,8.516465e-002
4.541614e+002,8.543634e-002
4.546435e+002,8.578969e-002
4.551257e+002,8.619703e-002
4.556078e+002,8.659295e-002
4.560899e+002,8.690455e-002
4.565720e+002,8.709274e-002
4.570542e+002,8.718328e-002
4.575363e+002,8.726268e-002
4.580184e+002,8.742244e-002
4.585005e+002,8.769725e-002
4.589827e+002,8.804289e-002
4.594648e+002,8.837596e-002
4.599469e+002,8.863130e-002
4.604290e+002,8.879874e-002
4.609112e+002,8.892331e-002
4.613933e+002,8.907778e-002
4.618754e+002,8.932015e-002
4.623575e+002,8.966177e-002
4.628397e+002,9.005790e-002
4.633218e+002,9.043053e-002
4.638039e+002,9.071274e-002
4.642860e+002,9.088784e-002
4.647682e+002,9.099747e-002
4.652503e+002,9.111618e-002
4.657324e+002,9.130649e-002
4.662145e+002,9.158335e-002
4.666967e+002,9.190117e-002
4.671788e+002,9.217495e-002
4.676609e+002,9.232908e-002
4.681430e+002,9.234622e-002
4.686252e+002,9.228252e-002
4.691073e+002,9.223777e-002
4.695894e+002,9.230029e-002
4.700715e+002,9.250567e-002
4.705536e+002,9.282167e-002
4.710358e+002,9.316443e-002
4.715179e+002,9.343979e-002
4.720000e+002,9.359924e-002
4.724821e+002,9.367371e-002
4.729643e+002,9.375584e-002
4.734464e+002,9.393282e-002
4.739285e+002,9.422895e-002
4.744106e+002,9.459498e-002
4.748928e+002,9.494369e-002
4.753749e+002,9.520081e-002
4.758570e+002,9.534395e-002
4.763391e+002,9.541290e-002
4.768213e+002,9.548689e-002
4.773034e+002,9.564081e-002
4.777855e+002,9.590399e-002
4.782676e+002,9.624350e-002
4.787498e+002,9.658313e-002
4.792319e+002,9.684642e-002
4.797140e+002,9.700113e-002
4.801961e+002,9.707505e-002
4.806783e+002,9.713848e-002
4.811604e+002,9.726167e-002
4.816425e+002,9.747547e-002
4.821246e+002,9.775393e-002
4.826068e+002,9.802862e-002
4.830889e+002,9.822875e-002
4.835710e+002,9.832705e-002
4.840531e+002,9.836102e-002
4.845352e+002,9.841396e-002
4.850174e+002,9.856541e-002
4.854995e+002,9.884343e-002
4.859816e+002,9.920786e-002
4.864637e+002,9.957390e-002
4.869459e+002,9.985704e-002
4.874280e+002,1.000183e-001
4.879101e+002,1.000789e-001
4.883922e+002,1.001048e-001
4.888744e+002,1.001665e-001
4.893565e+002,1.003030e-001
4.898386e+002,1.005039e-001
4.903207e+002,1.007203e-001
4.908029e+002,1.008983e-001
4.912850e+002,1.010153e-001
4.917671e+002,1.010977e-001
4.922492e+002,1.012059e-001
4.927314e+002,1.013933e-001
4.932135e+002,1.016690e-001
4.936956e+002,1.019867e-001
4.941777e+002,1.022669e-001
4.946599e+002,1.024385e-001
4.951420e+002,1.024774e-001
4.956241e+002,1.024190e-001
4.961062e+002,1.023393e-001
4.965884e+002,1.023158e-001
4.970705e+002,1.023910e-001
4.975526e+002,1.025555e-001
4.980347e+002,1.027588e-001
4.985169e+002,1.029441e-001
4.989990e+002,1.030824e-001
4.994811e+002,1.031873e-001
4.999633e+002,1.033064e-001
5.004454e+002,1.034899e-001
5.009275e+002,1.037591e-001
5.014096e+002,1.040869e-001
5.018917e+002,1.044078e-001
5.023739e+002,1.046541e-001
5.028560e+002,1.048005e-001
5.033381e+002,1.048809e-001
5.038203e+002,1.049664e-001
5.043024e+002,1.051234e-001
5.047845e+002,1.053803e-001
5.052666e+002,1.057166e-001
5.057487e+002,1.060762e-001
5.062309e+002,1.063975e-001
5.067130e+002,1.066467e-001
5.071951e+002,1.068366e-001
5.076772e+002,1.070159e-001
5.081594e+002,1.072367e-001
5.086415e+002,1.075227e-001
5.091236e+002,1.078558e-001
5.096057e+002,1.081918e-001
5.100879e+002,1.084874e-001
5.105700e+002,1.087287e-001
5.110521e+002,1.089397e-001
5.115342e+002,1.091681e-001
5.120164e+002,1.094545e-001
5.124985e+002,1.098056e-001
5.129806e+002,1.101870e-001
5.134627e+002,1.105401e-001
5.139448e+002,1.108129e-001
5.144270e+002,1.109903e-001
5.149091e+002,1.111034e-001
5.153912e+002,1.112162e-001
5.158734e+002,1.113912e-001
5.163555e+002,1.116562e-001
5.168376e+002,1.119857e-001
5.173197e+002,1.123153e-001
5.178019e+002,1.125780e-001
5.182840e+002,1.127478e-001
5.187661e+002,1.128542e-001
5.192482e+002,1.129632e-001
5.197303e+002,1.131338e-001
5.202125e+002,1.133843e-001
5.206946e+002,1.136822e-001
5.211767e+002,1.139635e-001
5.216588e+002,1.141686e-001
5.221410e+002,1.142728e-001
5.226231e+002,1.142963e-001
5.231052e+002,1.142909e-001
5.235873e+002,1.143102e-001
5.240695e+002,1.143825e-001
5.245516e+002,1.144969e-001
5.250337e+002,1.146119e-001
5.255159e+002,1.146821e-001
5.259980e+002,1.146914e-001
5.264801e+002,1.146661e-001
5.269622e+002,1.146605e-001
5.274443e+002,1.147212e-001
5.279265e+002,1.148594e-001
5.284086e+002,1.150458e-001
5.288907e+002,1.152277e-001
5.293728e+002,1.153576e-001
5.298550e+002,1.154176e-001
5.303371e+002,1.154271e-001
5.308192e+002,1.154301e-001
5.313013e+002,1.154680e-001
5.317834e+002,1.155555e-001
5.322656e+002,1.156719e-001
5.327477e+002,1.157751e-001
5.332299e+002,1.158284e-001
5.337120e+002,1.158255e-001
5.341941e+002,1.157969e-001
5.346762e+002,1.157953e-001
5.351583e+002,1.158652e-001
5.356404e+002,1.160176e-001
5.361226e+002,1.162215e-001
5.366047e+002,1.164195e-001
5.370868e+002,1.165587e-001
5.375690e+002,1.166192e-001
5.380511e+002,1.166248e-001
5.385332e+002,1.166279e-001
5.390153e+002,1.166797e-001
5.394974e+002,1.168035e-001
5.399796e+002,1.169830e-001
5.404617e+002,1.171756e-001
5.409438e+002,1.173368e-001
5.414260e+002,1.174491e-001
5.419081e+002,1.175307e-001
5.423902e+002,1.176250e-001
5.428723e+002,1.177732e-001
5.433544e+002,1.179889e-001
5.438365e+002,1.182481e-001
5.443187e+002,1.184998e-001
5.448008e+002,1.186911e-001
5.452830e+002,1.187963e-001
5.457651e+002,1.188297e-001
5.462472e+002,1.188372e-001
5.467293e+002,1.188680e-001
5.472114e+002,1.189481e-001
5.476936e+002,1.190665e-001
5.481757e+002,1.191869e-001
5.486578e+002,1.192703e-001
5.491400e+002,1.193006e-001
5.496221e+002,1.192939e-001
5.501042e+002,1.192880e-001
5.505863e+002,1.193183e-001
5.510684e+002,1.193963e-001
5.515505e+002,1.195020e-001
5.520327e+002,1.195968e-001
5.525148e+002,1.196476e-001
5.529969e+002,1.196487e-001
5.534791e+002,1.196264e-001
5.539612e+002,1.196265e-001
5.544433e+002,1.196882e-001
5.549254e+002,1.198210e-001
5.554076e+002,1.199979e-001
5.558896e+002,1.201689e-001
5.563718e+002,1.202880e-001
5.568539e+002,1.203376e-001
5.573361e+002,1.203374e-001
5.578182e+002,1.203318e-001
5.583003e+002,1.203635e-001
5.587825e+002,1.204505e-001
5.592645e+002,1.205765e-001
5.597467e+002,1.207024e-001
5.602288e+002,1.207899e-001
5.607109e+002,1.208250e-001
5.611931e+002,1.208259e-001
5.616752e+002,1.208322e-001
5.621573e+002,1.208805e-001
5.626394e+002,1.209832e-001
5.631216e+002,1.211201e-001
5.636037e+002,1.212500e-001
5.640858e+002,1.213338e-001
5.645679e+002,1.213576e-001
5.650500e+002,1.213405e-001
5.655322e+002,1.213233e-001
5.660143e+002,1.213448e-001
5.664965e+002,1.214212e-001
5.669785e+002,1.215367e-001
5.674607e+002,1.216550e-001
5.679428e+002,1.217416e-001
5.684249e+002,1.217868e-001
5.689070e+002,1.218129e-001
5.693892e+002,1.218617e-001
5.698713e+002,1.219686e-001
5.703534e+002,1.221410e-001
5.708356e+002,1.223518e-001
5.713177e+002,1.225535e-001
5.717998e+002,1.227023e-001
5.722819e+002,1.227826e-001
5.727640e+002,1.228139e-001
5.732462e+002,1.228392e-001
5.737283e+002,1.229017e-001
5.742104e+002,1.230229e-001
5.746925e+002,1.231920e-001
5.751747e+002,1.233742e-001
5.756568e+002,1.235314e-001
5.761389e+002,1.236461e-001
5.766210e+002,1.237313e-001
5.771031e+002,1.238209e-001
5.775853e+002,1.239459e-001
5.780674e+002,1.241133e-001
5.785496e+002,1.243006e-001
5.790317e+002,1.244665e-001
5.795138e+002,1.245733e-001
5.799959e+002,1.246090e-001
5.804780e+002,1.245954e-001
5.809601e+002,1.245774e-001
5.814423e+002,1.245977e-001
5.819244e+002,1.246739e-001
5.824066e+002,1.247894e-001
5.828887e+002,1.249058e-001
5.833708e+002,1.249860e-001
5.838529e+002,1.250168e-001
5.843350e+002,1.250165e-001
5.848171e+002,1.250256e-001
5.852993e+002,1.250834e-001
5.857814e+002,1.252053e-001
5.862635e+002,1.253746e-001
5.867457e+002,1.255513e-001
5.872278e+002,1.256966e-001
5.877099e+002,1.257930e-001
5.881920e+002,1.258527e-001
5.886741e+002,1.259092e-001
5.891563e+002,1.259962e-001
5.896384e+002,1.261279e-001
5.901205e+002,1.262901e-001
5.906027e+002,1.264482e-001
5.910848e+002,1.265679e-001
5.915669e+002,1.266368e-001
5.920490e+002,1.266736e-001
5.925311e+002,1.267181e-001
5.930133e+002,1.268071e-001
5.934954e+002,1.269535e-001
5.939775e+002,1.271381e-001
5.944597e+002,1.273225e-001
5.949418e+002,1.274697e-001
5.954239e+002,1.275649e-001
5.959060e+002,1.276221e-001
5.963882e+002,1.276750e-001
5.968702e+002,1.277561e-001
5.973524e+002,1.278783e-001
5.978345e+002,1.280270e-001
5.983167e+002,1.281701e-001
5.987988e+002,1.282765e-001
5.992809e+002,1.283366e-001
5.997630e+002,1.283681e-001
6.002451e+002,1.284076e-001
6.007273e+002,1.284878e-001
6.012094e+002,1.286190e-001
6.016915e+002,1.287822e-001
6.021736e+002,1.289411e-001
6.026558e+002,1.290620e-001
6.031379e+002,1.291343e-001
6.036200e+002,1.291751e-001
6.041022e+002,1.292196e-001
6.045842e+002,1.293001e-001
6.050664e+002,1.294273e-001
6.055485e+002,1.295833e-001
6.060306e+002,1.297316e-001
6.065128e+002,1.298386e-001
6.069949e+002,1.298917e-001
6.074770e+002,1.299068e-001
6.079591e+002,1.299184e-001
6.084413e+002,1.299595e-001
6.089234e+002,1.300422e-001
6.094055e+002,1.301519e-001
6.098876e+002,1.302552e-001
6.103698e+002,1.303205e-001
6.108519e+002,1.303362e-001
6.113340e+002,1.303168e-001
6.118162e+002,1.302942e-001
6.122983e+002,1.302979e-001
6.127804e+002,1.303376e-001
6.132625e+002,1.303979e-001
6.137446e+002,1.304470e-001
6.142267e+002,1.304569e-001
6.147089e+002,1.304211e-001
6.151910e+002,1.303605e-001
6.156731e+002,1.303140e-001
6.161553e+002,1.303179e-001
6.166374e+002,1.303858e-001
6.171195e+002,1.305016e-001
6.176016e+002,1.306279e-001
6.180837e+002,1.307274e-001
6.185659e+002,1.307824e-001
6.190480e+002,1.308024e-001
6.195302e+002,1.308162e-001
6.200123e+002,1.308522e-001
6.204944e+002,1.309212e-001
6.209765e+002,1.310095e-001
6.214586e+002,1.310865e-001
6.219407e+002,1.311225e-001
6.224229e+002,1.311055e-001
6.229050e+002,1.310481e-001
6.233871e+002,1.309796e-001
6.238693e+002,1.309290e-001
6.243514e+002,1.309075e-001
6.248335e+002,1.309025e-001
6.253156e+002,1.308839e-001
6.257977e+002,1.308227e-001
6.262798e+002,1.307075e-001
6.267620e+002,1.305510e-001
6.272441e+002,1.303815e-001
6.277263e+002,1.302252e-001
6.282084e+002,1.300915e-001
6.286905e+002,1.299675e-001
6.291726e+002,1.298265e-001
6.296547e+002,1.296443e-001
6.301368e+002,1.294143e-001
6.306190e+002,1.291529e-001
6.311011e+002,1.288903e-001
6.315833e+002,1.286543e-001
6.320654e+002,1.284552e-001
6.325475e+002,1.282797e-001
6.330296e+002,1.281006e-001
6.335117e+002,1.278921e-001
6.339939e+002,1.276463e-001
6.344760e+002,1.273792e-001
6.349581e+002,1.271222e-001
6.354402e+002,1.269048e-001
6.359224e+002,1.267383e-001
6.364045e+002,1.266098e-001
6.368866e+002,1.264911e-001
6.373687e+002,1.263544e-001
6.378508e+002,1.261884e-001
6.383330e+002,1.260040e-001
6.388151e+002,1.258273e-001
6.392972e+002,1.256839e-001
6.397794e+002,1.255837e-001
6.402615e+002,1.255156e-001
6.407436e+002,1.254538e-001
6.412257e+002,1.253731e-001
6.417079e+002,1.252630e-001
6.421899e+002,1.251331e-001
6.426721e+002,1.250065e-001
6.431542e+002,1.249048e-001
6.436364e+002,1.248346e-001
6.441185e+002,1.247833e-001
6.446006e+002,1.247264e-001
6.450827e+002,1.246424e-001
6.455648e+002,1.245270e-001
6.460470e+002,1.243971e-001
6.465291e+002,1.242833e-001
6.470112e+002,1.242137e-001
6.474933e+002,1.241992e-001
6.479755e+002,1.242281e-001
6.484576e+002,1.242736e-001
6.489397e+002,1.243085e-001
6.494219e+002,1.243209e-001
6.499040e+002,1.243194e-001
6.503861e+002,1.243263e-001
6.508682e+002,1.243615e-001
6.513503e+002,1.244300e-001
6.518325e+002,1.245164e-001
6.523146e+002,1.245935e-001
6.527968e+002,1.246376e-001
6.532788e+002,1.246426e-001
6.537610e+002,1.246242e-001
6.542431e+002,1.246111e-001
6.547252e+002,1.246286e-001
6.552073e+002,1.246850e-001
6.556895e+002,1.247664e-001
6.561716e+002,1.248450e-001
6.566537e+002,1.248949e-001
6.571359e+002,1.249071e-001
6.576179e+002,1.248930e-001
6.581001e+002,1.248768e-001
6.585822e+002,1.248797e-001
6.590643e+002,1.249060e-001
6.595464e+002,1.249390e-001
6.600286e+002,1.249504e-001
6.605107e+002,1.249155e-001
6.609928e+002,1.248289e-001
6.614750e+002,1.247068e-001
6.619571e+002,1.245779e-001
6.624392e+002,1.244691e-001
6.629213e+002,1.243896e-001
6.634034e+002,1.243285e-001
6.638856e+002,1.242618e-001
6.643677e+002,1.241662e-001
6.648499e+002,1.240310e-001
6.653320e+002,1.238595e-001
6.658141e+002,1.236642e-001
6.662962e+002,1.234556e-001
6.667783e+002,1.232319e-001
6.672605e+002,1.229722e-001
6.677426e+002,1.226481e-001
6.682247e+002,1.222540e-001
6.687068e+002,1.218316e-001
6.691890e+002,1.214469e-001
6.696711e+002,1.211434e-001
6.701532e+002,1.209224e-001
6.706353e+002,1.207553e-001
6.711174e+002,1.206021e-001
6.715996e+002,1.204264e-001
6.720817e+002,1.202055e-001
6.725638e+002,1.199384e-001
6.730460e+002,1.196446e-001
6.735281e+002,1.193562e-001
6.740102e+002,1.191001e-001
6.744923e+002,1.188860e-001
6.749745e+002,1.187018e-001
6.754565e+002,1.185222e-001
6.759387e+002,1.183237e-001
6.764208e+002,1.180972e-001
6.769030e+002,1.178520e-001
6.773851e+002,1.176087e-001
6.778672e+002,1.173852e-001
6.783493e+002,1.171853e-001
6.788314e+002,1.169964e-001
6.793136e+002,1.167976e-001
6.797957e+002,1.165731e-001
6.802778e+002,1.163230e-001
6.807599e+002,1.160649e-001
6.812421e+002,1.158253e-001
6.817242e+002,1.156251e-001
6.822063e+002,1.154688e-001
6.826885e+002,1.153426e-001
6.831705e+002,1.152224e-001
6.836527e+002,1.150869e-001
6.841348e+002,1.149289e-001
6.846169e+002,1.147571e-001
6.850991e+002,1.145905e-001
6.855812e+002,1.144447e-001
6.860634e+002,1.143247e-001
6.865454e+002,1.142225e-001
6.870276e+002,1.141256e-001
6.875096e+002,1.140273e-001
6.879918e+002,1.139352e-001
6.884739e+002,1.138708e-001
6.889561e+002,1.138597e-001
6.894382e+002,1.139181e-001
6.899203e+002,1.140440e-001
6.904025e+002,1.142179e-001
6.908845e+002,1.144124e-001
6.913667e+002,1.146061e-001
6.918488e+002,1.147937e-001
6.923309e+002,1.149874e-001
6.928130e+002,1.152079e-001
6.932952e+002,1.154718e-001
6.937773e+002,1.157799e-001
6.942594e+002,1.161157e-001
6.947416e+002,1.164529e-001
6.952236e+002,1.167670e-001
6.957058e+002,1.170474e-001
6.961879e+002,1.173002e-001
6.966700e+002,1.175408e-001
6.971522e+002,1.177819e-001
6.976343e+002,1.180224e-001
6.981165e+002,1.182444e-001
6.985985e+002,1.184208e-001
6.990807e+002,1.185278e-001
6.995628e+002,1.185563e-001
7.000449e+002,1.185150e-001
7.005270e+002,1.184237e-001
7.010092e+002,1.183004e-001
7.014913e+002,1.181509e-001
7.019734e+002,1.179656e-001
7.024556e+002,1.177267e-001
7.029377e+002,1.174213e-001
7.034198e+002,1.170515e-001
7.039019e+002,1.166371e-001
7.043840e+002,1.162080e-001
7.048662e+002,1.157904e-001
7.053483e+002,1.153965e-001
7.058304e+002,1.150215e-001
7.063125e+002,1.146517e-001
7.067947e+002,1.142769e-001
7.072768e+002,1.139003e-001
7.077589e+002,1.135410e-001
7.082410e+002,1.132262e-001
7.087231e+002,1.129795e-001
7.092053e+002,1.128111e-001
7.096874e+002,1.127172e-001
7.101696e+002,1.126870e-001
7.106517e+002,1.127156e-001
7.111338e+002,1.128132e-001
7.116159e+002,1.130070e-001
7.120980e+002,1.133348e-001
7.125802e+002,1.138319e-001
7.130623e+002,1.145212e-001
7.135444e+002,1.154095e-001
7.140265e+002,1.164913e-001
7.145087e+002,1.177565e-001
7.149908e+002,1.191942e-001
7.154729e+002,1.207898e-001
7.159550e+002,1.225123e-001
7.164371e+002,1.242963e-001
7.169193e+002,1.260297e-001
7.174014e+002,1.275514e-001
7.178835e+002,1.286709e-001
7.183657e+002,1.292030e-001
7.188478e+002,1.290156e-001
7.193299e+002,1.280687e-001
7.198120e+002,1.264306e-001
7.202942e+002,1.242623e-001
7.207762e+002,1.217770e-001
7.212584e+002,1.191937e-001
7.217405e+002,1.167001e-001
7.222227e+002,1.144330e-001
7.227048e+002,1.124741e-001
7.231869e+002,1.108574e-001
7.236691e+002,1.095796e-001
7.241511e+002,1.086134e-001
7.246333e+002,1.079215e-001
7.251154e+002,1.074673e-001
7.255975e+002,1.072245e-001
7.260797e+002,1.071787e-001
7.265618e+002,1.073220e-001
7.270439e+002,1.076390e-001
7.275260e+002,1.080899e-001
7.280082e+002,1.085983e-001
7.284902e+002,1.090493e-001
7.289724e+002,1.093038e-001
7.294545e+002,1.092267e-001
7.299366e+002,1.087224e-001
7.304188e+002,1.077638e-001
7.309009e+002,1.064028e-001
7.313831e+002,1.047564e-001
7.318651e+002,1.029760e-001
7.323473e+002,1.012108e-001
7.328293e+002,9.958098e-002
7.333115e+002,9.816320e-002
7.337936e+002,9.699151e-002
7.342758e+002,9.606481e-002
7.347579e+002,9.535856e-002
7.352400e+002,9.483596e-002
7.357222e+002,9.445550e-002
7.362042e+002,9.417663e-002
7.366864e+002,9.396368e-002
7.371685e+002,9.378875e-002
7.376506e+002,9.363399e-002
7.381328e+002,9.349196e-002
7.386149e+002,9.336309e-002
7.390970e+002,9.325104e-002
7.395791e+002,9.315665e-002
7.400613e+002,9.307572e-002
7.405434e+002,9.299827e-002
7.410255e+002,9.291310e-002
7.415076e+002,9.281357e-002
7.419897e+002,9.270013e-002
7.424719e+002,9.258061e-002
7.429540e+002,9.246512e-002
7.434362e+002,9.236015e-002
7.439182e+002,9.226442e-002
7.444004e+002,9.216794e-002
7.448825e+002,9.205671e-002
7.453646e+002,9.191810e-002
7.458467e+002,9.174614e-002
7.463289e+002,9.154252e-002
7.468110e+002,9.131411e-002
7.472931e+002,9.106719e-002
7.477753e+002,9.080443e-002
7.482574e+002,9.052361e-002
7.487395e+002,9.022089e-002
7.492216e+002,8.989477e-002
7.497037e+002,8.954894e-002
7.501859e+002,8.919203e-002
7.506680e+002,8.883344e-002
7.511501e+002,8.847914e-002
7.516322e+002,8.812854e-002
7.521144e+002,8.777597e-002
7.525965e+002,8.741430e-002
7.530786e+002,8.704009e-002
7.535608e+002,8.665616e-002
7.540428e+002,8.627086e-002
7.545250e+002,8.589392e-002
7.550071e+002,8.553225e-002
7.554893e+002,8.518697e-002
7.559714e+002,8.485381e-002
7.564535e+002,8.452770e-002
7.569356e+002,8.420561e-002
7.574177e+002,8.389012e-002
7.578999e+002,8.358691e-002
7.583820e+002,8.330208e-002
7.588641e+002,8.303809e-002
7.593463e+002,8.279234e-002
7.598284e+002,8.255859e-002
7.603105e+002,8.233032e-002
7.607926e+002,8.210503e-002
7.612748e+002,8.188473e-002
7.617568e+002,8.167442e-002
7.622390e+002,8.147828e-002
7.627211e+002,8.129616e-002
7.632032e+002,8.112258e-002
7.636854e+002,8.094905e-002
7.641675e+002,8.076825e-002
7.646496e+002,8.057754e-002
7.651317e+002,8.038021e-002
7.656139e+002,8.018304e-002
7.660959e+002,7.999226e-002
7.665781e+002,7.980963e-002
7.670602e+002,7.963158e-002
7.675424e+002,7.945176e-002
7.680245e+002,7.926490e-002
7.685066e+002,7.907106e-002
7.689888e+002,7.887539e-002
7.694708e+002,7.868547e-002
7.699530e+002,7.850684e-002
7.704351e+002,7.833876e-002
7.709172e+002,7.817447e-002
7.713994e+002,7.800372e-002
7.718815e+002,7.781831e-002
7.723636e+002,7.761657e-002
7.728457e+002,7.740408e-002
7.733279e+002,7.719077e-002
7.738099e+002,7.698546e-002
7.742921e+002,7.679154e-002
7.747742e+002,7.660557e-002
7.752563e+002,7.641955e-002
7.757385e+002,7.622626e-002
7.762206e+002,7.602286e-002
7.767028e+002,7.581336e-002
7.771848e+002,7.560524e-002
7.776670e+002,7.540575e-002
7.781491e+002,7.521742e-002
7.786312e+002,7.503748e-002
7.791133e+002,7.485978e-002
7.795955e+002,7.467892e-002
7.800776e+002,7.449364e-002
7.805597e+002,7.430757e-002
7.810419e+002,7.412569e-002
7.815239e+002,7.395156e-002
7.820061e+002,7.378327e-002
7.824882e+002,7.361417e-002
7.829703e+002,7.343617e-002
7.834525e+002,7.324449e-002
7.839346e+002,7.304098e-002
7.844167e+002,7.283354e-002
7.848988e+002,7.263286e-002
7.853810e+002,7.244632e-002
7.858631e+002,7.227448e-002
7.863452e+002,7.211065e-002
7.868273e+002,7.194446e-002
7.873094e+002,7.176740e-002
7.877916e+002,7.157657e-002
7.882737e+002,7.137621e-002
7.887559e+002,7.117452e-002
7.892380e+002,7.097911e-002
7.897201e+002,7.079333e-002
7.902022e+002,7.061533e-002
7.906843e+002,7.044137e-002
7.911665e+002,7.026863e-002
7.916486e+002,7.009874e-002
7.921307e+002,6.993664e-002
7.926128e+002,6.978744e-002
7.930950e+002,6.965215e-002
7.935771e+002,6.952542e-002
7.940592e+002,6.939733e-002
7.945413e+002,6.925723e-002
7.950234e+002,6.910018e-002
7.955056e+002,6.892896e-002
7.959877e+002,6.875411e-002
7.964698e+002,6.858833e-002
7.969520e+002,6.844080e-002
7.974341e+002,6.831269e-002
7.979162e+002,6.819770e-002
7.983983e+002,6.808618e-002
7.988805e+002,6.797076e-002
7.993625e+002,6.785098e-002
7.998447e+002,6.773271e-002
8.003268e+002,6.762479e-002
8.008090e+002,6.753374e-002
8.012911e+002,6.745960e-002
8.017732e+002,6.739627e-002
8.022553e+002,6.733445e-002
8.027374e+002,6.726708e-002
8.032196e+002,6.719277e-002
8.037017e+002,6.711549e-002
8.041838e+002,6.704176e-002
8.046660e+002,6.697534e-002
8.051481e+002,6.691423e-002
8.056302e+002,6.685138e-002
8.061123e+002,6.677799e-002
8.065945e+002,6.668836e-002
8.070765e+002,6.658301e-002
8.075587e+002,6.646820e-002
8.080408e+002,6.635214e-002
8.085229e+002,6.624010e-002
8.090051e+002,6.613144e-002
8.094872e+002,6.602069e-002
8.099694e+002,6.590084e-002
8.104514e+002,6.576934e-002
8.109336e+002,6.563015e-002
8.114156e+002,6.549246e-002
8.118978e+002,6.536710e-002
8.123799e+002,6.526060e-002
8.128621e+002,6.517238e-002
8.133442e+002,6.509528e-002
8.138263e+002,6.502087e-002
8.143085e+002,6.494359e-002
8.147905e+002,6.486493e-002
8.152727e+002,6.479198e-002
8.157548e+002,6.473346e-002
8.162369e+002,6.469457e-002
8.167191e+002,6.467371e-002
8.172012e+002,6.466368e-002
8.176833e+002,6.465515e-002
8.181654e+002,6.464215e-002
8.186476e+002,6.462485e-002
8.191296e+002,6.460872e-002
8.196118e+002,6.460051e-002
8.200939e+002,6.460400e-002
8.205760e+002,6.461705e-002
8.210582e+002,6.463295e-002
8.215403e+002,6.464438e-002
8.220225e+002,6.464775e-002
8.225045e+002,6.464560e-002
8.229867e+002,6.464490e-002
8.234688e+002,6.465241e-002
8.239509e+002,6.467035e-002
8.244330e+002,6.469409e-002
8.249152e+002,6.471445e-002
8.253973e+002,6.472294e-002
8.258794e+002,6.471625e-002
8.263616e+002,6.469936e-002
8.268437e+002,6.468284e-002
8.273258e+002,6.467716e-002
8.278079e+002,6.468683e-002
8.282900e+002,6.470697e-002
8.287722e+002,6.472547e-002
8.292543e+002,6.472845e-002
8.297365e+002,6.470709e-002
8.302185e+002,6.466098e-002
8.307007e+002,6.459767e-002
8.311828e+002,6.452777e-002
8.316649e+002,6.445865e-002
8.321470e+002,6.439095e-002
8.326292e+002,6.431928e-002
8.331113e+002,6.423644e-002
8.335934e+002,6.413901e-002
8.340756e+002,6.403074e-002
8.345577e+002,6.392056e-002
8.350398e+002,6.381856e-002
8.355219e+002,6.372990e-002
8.360040e+002,6.365200e-002
8.364862e+002,6.357545e-002
8.369683e+002,6.348925e-002
8.374504e+002,6.338634e-002
8.379325e+002,6.326753e-002
8.384147e+002,6.313987e-002
8.388968e+002,6.301218e-002
8.393789e+002,6.288963e-002
8.398610e+002,6.276997e-002
8.403431e+002,6.264547e-002
8.408253e+002,6.250722e-002
8.413074e+002,6.235053e-002
8.417896e+002,6.217805e-002
8.422717e+002,6.199877e-002
8.427538e+002,6.182273e-002
8.432359e+002,6.165664e-002
8.437180e+002,6.149997e-002
8.442002e+002,6.134692e-002
8.446823e+002,6.119082e-002
8.451644e+002,6.102908e-002
8.456465e+002,6.086541e-002
8.461287e+002,6.070808e-002
8.466108e+002,6.056450e-002
8.470929e+002,6.043632e-002
8.475751e+002,6.031720e-002
8.480571e+002,6.019481e-002
8.485393e+002,6.005649e-002
8.490214e+002,5.989469e-002
8.495035e+002,5.970973e-002
8.499857e+002,5.950781e-002
8.504678e+002,5.929644e-002
8.509499e+002,5.907870e-002
8.514320e+002,5.885150e-002
8.519142e+002,5.860733e-002
8.523962e+002,5.833982e-002
8.528784e+002,5.804818e-002
8.533605e+002,5.773954e-002
8.538427e+002,5.742531e-002
8.543248e+002,5.711639e-002
8.548069e+002,5.681721e-002
8.552891e+002,5.652482e-002
8.557711e+002,5.623174e-002
8.562533e+002,5.593222e-002
8.567354e+002,5.562797e-002
8.572175e+002,5.532880e-002
8.576996e+002,5.504931e-002
8.581818e+002,5.480144e-002
8.586639e+002,5.458872e-002
8.591460e+002,5.440438e-002
8.596282e+002,5.423559e-002
8.601102e+002,5.407021e-002
8.605924e+002,5.390325e-002
8.610745e+002,5.373912e-002
8.615566e+002,5.358782e-002
8.620388e+002,5.345844e-002
8.625209e+002,5.335278e-002
8.630031e+002,5.326352e-002
8.634851e+002,5.317773e-002
8.639673e+002,5.308362e-002
8.644494e+002,5.297709e-002
8.649315e+002,5.286394e-002
8.654136e+002,5.275634e-002
8.658958e+002,5.266657e-002
8.663779e+002,5.260034e-002
8.668600e+002,5.255423e-002
8.673422e+002,5.251865e-002
8.678242e+002,5.248351e-002
8.683064e+002,5.244429e-002
8.687885e+002,5.240431e-002
8.692706e+002,5.237173e-002
8.697527e+002,5.235450e-002
8.702349e+002,5.235431e-002
8.707170e+002,5.236550e-002
8.711991e+002,5.237805e-002
8.716813e+002,5.238278e-002
8.721634e+002,5.237685e-002
8.726455e+002,5.236467e-002
8.731276e+002,5.235510e-002
8.736097e+002,5.235507e-002
8.740919e+002,5.236524e-002
8.745740e+002,5.237889e-002
8.750562e+002,5.238530e-002
8.755382e+002,5.237692e-002
8.760204e+002,5.235332e-002
8.765025e+002,5.232274e-002
8.769846e+002,5.229781e-002
8.774668e+002,5.228891e-002
8.779489e+002,5.229831e-002
8.784310e+002,5.231938e-002
8.789131e+002,5.233993e-002
8.793953e+002,5.234977e-002
8.798774e+002,5.234590e-002
8.803595e+002,5.233493e-002
8.808416e+002,5.232856e-002
8.813237e+002,5.233758e-002
8.818059e+002,5.236524e-002
8.822880e+002,5.240504e-002
8.827701e+002,5.244419e-002
8.832523e+002,5.246975e-002
8.837344e+002,5.247486e-002
8.842165e+002,5.246130e-002
8.846986e+002,5.243742e-002
8.851808e+002,5.241251e-002
8.856628e+002,5.239149e-002
8.861450e+002,5.237255e-002
8.866271e+002,5.234937e-002
8.871093e+002,5.231629e-002
8.875914e+002,5.227250e-002
8.880735e+002,5.222319e-002
8.885556e+002,5.217739e-002
8.890377e+002,5.214220e-002
8.895199e+002,5.211870e-002
8.900020e+002,5.210101e-002
8.904841e+002,5.207982e-002
8.909662e+002,5.204749e-002
8.914484e+002,5.200246e-002
8.919305e+002,5.195082e-002
8.924126e+002,5.190138e-002
8.928948e+002,5.186101e-002
8.933768e+002,5.182931e-002
8.938590e+002,5.179806e-002
8.943411e+002,5.175581e-002
8.948232e+002,5.169250e-002
8.953054e+002,5.160614e-002
8.957875e+002,5.150275e-002
8.962697e+002,5.139278e-002
8.967517e+002,5.128564e-002
8.972339e+002,5.118362e-002
8.977159e+002,5.108190e-002
8.981981e+002,5.097189e-002
8.986802e+002,5.084695e-002
8.991624e+002,5.070756e-002
8.996445e+002,5.056224e-002
9.001266e+002,5.042294e-002
9.006088e+002,5.029982e-002
9.010908e+002,5.019498e-002
9.015730e+002,5.010238e-002
9.020551e+002,5.001156e-002
9.025372e+002,4.991425e-002
9.030193e+002,4.980942e-002
9.035015e+002,4.970405e-002
9.039836e+002,4.960963e-002
9.044657e+002,4.953609e-002
9.049479e+002,4.948573e-002
9.054299e+002,4.945269e-002
9.059121e+002,4.942671e-002
9.063942e+002,4.939908e-002
9.068763e+002,4.936743e-002
9.073585e+002,4.933688e-002
9.078406e+002,4.931643e-002
9.083228e+002,4.931323e-002
9.088048e+002,4.932756e-002
9.092870e+002,4.935258e-002
9.097691e+002,4.937819e-002
9.102512e+002,4.939646e-002
9.107333e+002,4.940693e-002
9.112155e+002,4.941624e-002
9.116976e+002,4.943512e-002
9.121797e+002,4.947142e-002
9.126619e+002,4.952608e-002
9.131440e+002,4.959253e-002
9.136261e+002,4.966028e-002
9.141082e+002,4.972188e-002
9.145903e+002,4.977693e-002
9.150724e+002,4.983332e-002
9.155546e+002,4.990295e-002
9.160367e+002,4.999529e-002
9.165189e+002,5.011282e-002
9.170010e+002,5.024934e-002
9.174831e+002,5.039442e-002
9.179652e+002,5.053800e-002
9.184473e+002,5.067623e-002
9.189294e+002,5.081137e-002
9.194116e+002,5.094939e-002
9.198937e+002,5.109385e-002
9.203759e+002,5.124220e-002
9.208580e+002,5.138511e-002
9.213401e+002,5.151048e-002
9.218222e+002,5.160929e-002
9.223043e+002,5.167983e-002
9.227864e+002,5.172908e-002
9.232686e+002,5.176871e-002
9.237507e+002,5.180915e-002
9.242328e+002,5.185491e-002
9.247150e+002,5.190332e-002
9.251971e+002,5.194807e-002
9.256792e+002,5.198383e-002
9.261613e+002,5.201150e-002
9.266434e+002,5.203865e-002
9.271255e+002,5.207606e-002
9.276077e+002,5.213204e-002
9.280898e+002,5.220821e-002
9.285720e+002,5.229824e-002
9.290541e+002,5.239137e-002
9.295362e+002,5.247754e-002
9.300183e+002,5.255168e-002
9.305004e+002,5.261516e-002
9.309826e+002,5.267260e-002
9.314647e+002,5.272749e-002
9.319468e+002,5.277834e-002
9.324290e+002,5.281902e-002
9.329111e+002,5.284091e-002
9.333932e+002,5.283882e-002
9.338753e+002,5.281321e-002
9.343574e+002,5.277066e-002
9.348396e+002,5.271955e-002
9.353217e+002,5.266478e-002
9.358038e+002,5.260434e-002
9.362859e+002,5.252980e-002
9.367681e+002,5.243090e-002
9.372502e+002,5.230202e-002
9.377323e+002,5.214610e-002
9.382144e+002,5.197458e-002
9.386966e+002,5.180283e-002
9.391787e+002,5.164256e-002
9.396608e+002,5.149723e-002
9.401429e+002,5.136076e-002
9.406251e+002,5.122260e-002
9.411072e+002,5.107385e-002
9.415893e+002,5.091263e-002
9.420714e+002,5.074545e-002
9.425536e+002,5.058299e-002
9.430357e+002,5.043414e-002
9.435178e+002,5.030091e-002
9.439999e+002,5.017756e-002
9.444821e+002,5.005373e-002
9.449642e+002,4.992165e-002
9.454463e+002,4.978028e-002
9.459284e+002,4.963626e-002
9.464106e+002,4.950030e-002
9.468927e+002,4.938107e-002
9.473748e+002,4.928062e-002
9.478569e+002,4.919267e-002
9.483391e+002,4.910759e-002
9.488212e+002,4.901689e-002
9.493033e+002,4.891926e-002
9.497855e+002,4.882070e-002
9.502676e+002,4.873088e-002
9.507497e+002,4.865744e-002
9.512318e+002,4.860162e-002
9.517139e+002,4.855726e-002
9.521960e+002,4.851484e-002
9.526782e+002,4.846697e-002
9.531603e+002,4.841281e-002
9.536425e+002,4.835952e-002
9.541246e+002,4.831708e-002
9.546067e+002,4.829337e-002
9.550888e+002,4.828846e-002
9.555709e+002,4.829466e-002
9.560530e+002,4.830037e-002
9.565352e+002,4.829597e-002
9.570173e+002,4.827861e-002
9.574995e+002,4.825436e-002
9.579816e+002,4.823392e-002
9.584637e+002,4.822696e-002
9.589458e+002,4.823728e-002
9.594279e+002,4.826053e-002
9.599100e+002,4.828817e-002
9.603922e+002,4.831174e-002
9.608743e+002,4.832810e-002
9.613564e+002,4.834043e-002
9.618386e+002,4.835581e-002
9.623207e+002,4.838019e-002
9.628028e+002,4.841427e-002
9.632849e+002,4.845238e-002
9.637670e+002,4.848556e-002
9.642491e+002,4.850626e-002
9.647313e+002,4.851271e-002
9.652134e+002,4.850992e-002
9.656956e+002,4.850675e-002
9.661777e+002,4.851164e-002
9.666598e+002,4.852775e-002
9.671419e+002,4.855245e-002
9.676240e+002,4.857957e-002
9.681061e+002,4.860367e-002
9.685883e+002,4.862366e-002
9.690704e+002,4.864350e-002
9.695526e+002,4.866950e-002
9.700347e+002,4.870598e-002
9.705168e+002,4.875199e-002
9.709989e+002,4.880150e-002
9.714810e+002,4.884624e-002
9.719631e+002,4.888036e-002
9.724453e+002,4.890406e-002
9.729274e+002,4.892365e-002
9.734095e+002,4.894840e-002
9.738917e+002,4.898532e-002
9.743738e+002,4.903610e-002
9.748559e+002,4.909595e-002
9.753380e+002,4.915688e-002
9.758201e+002,4.921259e-002
9.763023e+002,4.926198e-002
9.767844e+002,4.930943e-002
9.772665e+002,4.936217e-002
9.777487e+002,4.942582e-002
9.782308e+002,4.950063e-002
9.787129e+002,4.958154e-002
9.791950e+002,4.966136e-002
9.796771e+002,4.973453e-002
9.801593e+002,4.980122e-002
9.806414e+002,4.986693e-002
9.811235e+002,4.993903e-002
9.816057e+002,5.002256e-002
9.820878e+002,5.011601e-002
9.825699e+002,5.021201e-002
9.830520e+002,5.030033e-002
9.835342e+002,5.037358e-002
9.840163e+002,5.043063e-002
9.844984e+002,5.047741e-002
9.849805e+002,5.052324e-002
9.854626e+002,5.057604e-002
9.859448e+002,5.063774e-002
9.864269e+002,5.070377e-002
9.869090e+002,5.076577e-002
9.873912e+002,5.081628e-002
9.878733e+002,5.085300e-002
9.883554e+002,5.087937e-002
9.888375e+002,5.090216e-002
9.893196e+002,5.092665e-002
9.898018e+002,5.095353e-002
9.902839e+002,5.097783e-002
9.907660e+002,5.099242e-002
9.912482e+002,5.099215e-002
9.917303e+002,5.097738e-002
9.922124e+002,5.095454e-002
9.926945e+002,5.093284e-002
9.931766e+002,5.091929e-002
9.936588e+002,5.091491e-002
9.941409e+002,5.091467e-002
9.946230e+002,5.091012e-002
9.951052e+002,5.089483e-002
9.955873e+002,5.086781e-002
9.960694e+002,5.083457e-002
9.965515e+002,5.080366e-002
9.970336e+002,5.078243e-002
9.975157e+002,5.077291e-002
9.979979e+002,5.077183e-002
9.984800e+002,5.077326e-002
9.989622e+002,5.077359e-002
9.994443e+002,5.077438e-002
9.999264e+002,5.078281e-002
1.000409e+003,5.080757e-002
1.000891e+003,5.085420e-002
1.001373e+003,5.092140e-002
1.001855e+003,5.100086e-002
1.002337e+003,5.108209e-002
1.002819e+003,5.115681e-002
1.003301e+003,5.122414e-002
1.003783e+003,5.129036e-002
1.004266e+003,5.136571e-002
1.004748e+003,5.145917e-002
1.005230e+003,5.157363e-002
1.005712e+003,5.170552e-002
1.006194e+003,5.184736e-002
1.006676e+003,5.199287e-002
1.007158e+003,5.214058e-002
1.007640e+003,5.229491e-002
1.008122e+003,5.246247e-002
1.008605e+003,5.264819e-002
1.009087e+003,5.285129e-002
1.009569e+003,5.306558e-002
1.010051e+003,5.328210e-002
1.010533e+003,5.349423e-002
1.011015e+003,5.370115e-002
1.011497e+003,5.390792e-002
1.011979e+003,5.412123e-002
1.012462e+003,5.434565e-002
1.012944e+003,5.457842e-002
1.013426e+003,5.481055e-002
1.013908e+003,5.502988e-002
1.014390e+003,5.522629e-002
1.014872e+003,5.539615e-002
1.015354e+003,5.554323e-002
1.015836e+003,5.567550e-002
1.016319e+003,5.580035e-002
1.016801e+003,5.592048e-002
1.017283e+003,5.603383e-002
1.017765e+003,5.613583e-002
1.018247e+003,5.622413e-002
1.018729e+003,5.630235e-002
1.019211e+003,5.637951e-002
1.019693e+003,5.646658e-002
1.020176e+003,5.657120e-002
1.020658e+003,5.669373e-002
1.021140e+003,5.682727e-002
1.021622e+003,5.696155e-002
1.022104e+003,5.708873e-002
1.022586e+003,5.720789e-002
1.023068e+003,5.732568e-002
1.023550e+003,5.745334e-002
1.024033e+003,5.760086e-002
1.024515e+003,5.777285e-002
1.024997e+003,5.796720e-002
1.025479e+003,5.817789e-002
1.025961e+003,5.839914e-002
1.026443e+003,5.862949e-002
1.026925e+003,5.887160e-002
1.027407e+003,5.912919e-002
1.027890e+003,5.940229e-002
1.028372e+003,5.968388e-002
1.028854e+003,5.996045e-002
1.029336e+003,6.021596e-002
1.029818e+003,6.043793e-002
1.030300e+003,6.062229e-002
1.030782e+003,6.077347e-002
1.031264e+003,6.090187e-002
1.031747e+003,6.101798e-002
1.032229e+003,6.112794e-002
1.032711e+003,6.123226e-002
1.033193e+003,6.132901e-002
1.033675e+003,6.141810e-002
1.034157e+003,6.150541e-002
1.034639e+003,6.160324e-002
1.035121e+003,6.172614e-002
1.035604e+003,6.188504e-002
1.036086e+003,6.208299e-002
1.036568e+003,6.231419e-002
1.037050e+003,6.256746e-002
1.037532e+003,6.283280e-002
1.038014e+003,6.310557e-002
1.038496e+003,6.338867e-002
1.038979e+003,6.368899e-002
1.039461e+003,6.401265e-002
1.039943e+003,6.436047e-002
1.040425e+003,6.472607e-002
1.040907e+003,6.509928e-002
1.041389e+003,6.547084e-002
1.041871e+003,6.583724e-002
1.042353e+003,6.620131e-002
1.042835e+003,6.657021e-002
1.043318e+003,6.694978e-002
1.043800e+003,6.734062e-002
1.044282e+003,6.773648e-002
1.044764e+003,6.812742e-002
1.045246e+003,6.850417e-002
1.045728e+003,6.886312e-002
1.046210e+003,6.920786e-002
1.046692e+003,6.954630e-002
1.047175e+003,6.988565e-002
1.047657e+003,7.022793e-002
1.048139e+003,7.056794e-002
1.048621e+003,7.089566e-002
1.049103e+003,7.120118e-002
1.049585e+003,7.147960e-002
1.050067e+003,7.173275e-002
1.050549e+003,7.196762e-002
1.051031e+003,7.219180e-002
1.051514e+003,7.240881e-002
1.051996e+003,7.261613e-002
1.052478e+003,7.280724e-002
1.052960e+003,7.297544e-002
1.053442e+003,7.311870e-002
1.053924e+003,7.324088e-002
1.054406e+003,7.334971e-002
1.054889e+003,7.345279e-002
1.055371e+003,7.355299e-002
1.055853e+003,7.364709e-002
1.056335e+003,7.372820e-002
1.056817e+003,7.379104e-002
1.057299e+003,7.383565e-002
1.057781e+003,7.386952e-002
1.058263e+003,7.390451e-002
1.058746e+003,7.395186e-002
1.059228e+003,7.401723e-002
1.059710e+003,7.409915e-002
1.060192e+003,7.419111e-002
1.060674e+003,7.428709e-002
1.061156e+003,7.438614e-002
1.061638e+003,7.449400e-002
1.062120e+003,7.462092e-002
1.062603e+003,7.477633e-002
1.063085e+003,7.496429e-002
1.063567e+003,7.518121e-002
1.064049e+003,7.541875e-002
1.064531e+003,7.566844e-002
1.065013e+003,7.592646e-002
1.065495e+003,7.619578e-002
1.065977e+003,7.648335e-002
1.066460e+003,7.679588e-002
1.066942e+003,7.713501e-002
1.067424e+003,7.749601e-002
1.067906e+003,7.787023e-002
1.068388e+003,7.824987e-002
1.068870e+003,7.863276e-002
1.069352e+003,7.902378e-002
1.069834e+003,7.943214e-002
1.070317e+003,7.986601e-002
1.070799e+003,8.032801e-002
1.071281e+003,8.081251e-002
1.071763e+003,8.130877e-002
1.072245e+003,8.180547e-002
1.072727e+003,8.229586e-002
1.073209e+003,8.278028e-002
1.073691e+003,8.326370e-002
1.074174e+003,8.375192e-002
1.074656e+003,8.424572e-002
1.075138e+003,8.473925e-002
1.075620e+003,8.522211e-002
1.076102e+003,8.568367e-002
1.076584e+003,8.611786e-002
1.077066e+003,8.652654e-002
1.077548e+003,8.691619e-002
1.078031e+003,8.729389e-002
1.078513e+003,8.766122e-002
1.078995e+003,8.801160e-002
1.079477e+003,8.833179e-002
1.079959e+003,8.860721e-002
1.080441e+003,8.882805e-002
1.080923e+003,8.899300e-002
1.081406e+003,8.910894e-002
1.081888e+003,8.918685e-002
1.082370e+003,8.923569e-002
1.082852e+003,8.925922e-002
1.083334e+003,8.925548e-002
1.083816e+003,8.922130e-002
1.084298e+003,8.915635e-002
1.084780e+003,8.906715e-002
1.085262e+003,8.896539e-002
1.085745e+003,8.886424e-002
1.086227e+003,8.877304e-002
1.086709e+003,8.869459e-002
1.087191e+003,8.862571e-002
1.087673e+003,8.856168e-002
1.088155e+003,8.850148e-002
1.088637e+003,8.844990e-002
1.089119e+003,8.841690e-002
1.089602e+003,8.841254e-002
1.090084e+003,8.844170e-002
1.090566e+003,8.850190e-002
1.091048e+003,8.858371e-002
1.091530e+003,8.867566e-002
1.092012e+003,8.877029e-002
1.092494e+003,8.886664e-002
1.092976e+003,8.897031e-002
1.093458e+003,8.908855e-002
1.093941e+003,8.922632e-002
1.094423e+003,8.938288e-002
1.094905e+003,8.955257e-002
1.095387e+003,8.972912e-002
1.095869e+003,8.990952e-002
1.096351e+003,9.009636e-002
1.096833e+003,9.029736e-002
1.097316e+003,9.052026e-002
1.097798e+003,9.076864e-002
1.098280e+003,9.103923e-002
1.098762e+003,9.132315e-002
1.099244e+003,9.160975e-002
1.099726e+003,9.189189e-002
1.100208e+003,9.216807e-002
1.100690e+003,9.244149e-002
1.101173e+003,9.271631e-002
1.101655e+003,9.299316e-002
1.102137e+003,9.326643e-002
1.102619e+003,9.352588e-002
1.103101e+003,9.376108e-002
1.103583e+003,9.396563e-002
1.104065e+003,9.414089e-002
1.104547e+003,9.429418e-002
1.105030e+003,9.443515e-002
1.105512e+003,9.457023e-002
1.105994e+003,9.470004e-002
1.106476e+003,9.481987e-002
1.106958e+003,9.492366e-002
1.107440e+003,9.500954e-002
1.107922e+003,9.508184e-002
1.108404e+003,9.515104e-002
1.108886e+003,9.522898e-002
1.109369e+003,9.532391e-002
1.109851e+003,9.543719e-002
1.110333e+003,9.556355e-002
1.110815e+003,9.569520e-002
1.111297e+003,9.582631e-002
1.111779e+003,9.595629e-002
1.112261e+003,9.608886e-002
1.112744e+003,9.622944e-002
1.113226e+003,9.638042e-002
1.113708e+003,9.653830e-002
1.114190e+003,9.669523e-002
1.114672e+003,9.684219e-002
1.115154e+003,9.697391e-002
1.115636e+003,9.709100e-002
1.116118e+003,9.719884e-002
1.116601e+003,9.730440e-002
1.117083e+003,9.741065e-002
1.117565e+003,9.751493e-002
1.118047e+003,9.760994e-002
1.118529e+003,9.768790e-002
1.119011e+003,9.774606e-002
1.119493e+003,9.778874e-002
1.119975e+003,9.782688e-002
1.120458e+003,9.787302e-002
1.120940e+003,9.793559e-002
1.121422e+003,9.801547e-002
1.121904e+003,9.810637e-002
1.122386e+003,9.819889e-002
1.122868e+003,9.828568e-002
1.123350e+003,9.836362e-002
1.123832e+003,9.843482e-002
1.124314e+003,9.850137e-002
1.124797e+003,9.856194e-002
1.125279e+003,9.860834e-002
1.125761e+003,9.862670e-002
1.126243e+003,9.860135e-002
1.126725e+003,9.852063e-002
1.127207e+003,9.838075e-002
1.127689e+003,9.818479e-002
1.128172e+003,9.794012e-002
1.128654e+003,9.765302e-002
1.129136e+003,9.732521e-002
1.129618e+003,9.695462e-002
1.130100e+003,9.653853e-002
1.130582e+003,9.607895e-002
1.131064e+003,9.558433e-002
1.131546e+003,9.506900e-002
1.132029e+003,9.454836e-002
1.132511e+003,9.403389e-002
1.132993e+003,9.352953e-002
1.133475e+003,9.303337e-002
1.133957e+003,9.254169e-002
1.134439e+003,9.205474e-002
1.134921e+003,9.157938e-002
1.135403e+003,9.112766e-002
1.135885e+003,9.071313e-002
1.136368e+003,9.034483e-002
1.136850e+003,9.002414e-002
1.137332e+003,8.974603e-002
1.137814e+003,8.950301e-002
1.138296e+003,8.929034e-002
1.138778e+003,8.910876e-002
1.139260e+003,8.896366e-002
1.139742e+003,8.886211e-002
1.140225e+003,8.880825e-002
1.140707e+003,8.880173e-002
1.141189e+003,8.883894e-002
1.141671e+003,8.891571e-002
1.142153e+003,8.903132e-002
1.142635e+003,8.918974e-002
1.143117e+003,8.939682e-002
1.143599e+003,8.965639e-002
1.144082e+003,8.996706e-002
1.144564e+003,9.032127e-002
1.145046e+003,9.070757e-002
1.145528e+003,9.111540e-002
1.146010e+003,9.153922e-002
1.146492e+003,9.198035e-002
1.146974e+003,9.244390e-002
1.147457e+003,9.293450e-002
1.147939e+003,9.345206e-002
1.148421e+003,9.398946e-002
1.148903e+003,9.453472e-002
1.149385e+003,9.507506e-002
1.149867e+003,9.560174e-002
1.150349e+003,9.611220e-002
1.150831e+003,9.660922e-002
1.151313e+003,9.709740e-002
1.151796e+003,9.757917e-002
1.152278e+003,9.805227e-002
1.152760e+003,9.851161e-002
1.153242e+003,9.895223e-002
1.153724e+003,9.937317e-002
1.154206e+003,9.977935e-002
1.154688e+003,1.001799e-001
1.155170e+003,1.005847e-001
1.155653e+003,1.009994e-001
1.156135e+003,1.014238e-001
1.156617e+003,1.018530e-001
1.157099e+003,1.022808e-001
1.157581e+003,1.027045e-001
1.158063e+003,1.031272e-001
1.158545e+003,1.035558e-001
1.159027e+003,1.039983e-001
1.159510e+003,1.044588e-001
1.159992e+003,1.049349e-001
1.160474e+003,1.054193e-001
1.160956e+003,1.059024e-001
1.161438e+003,1.063775e-001
1.161920e+003,1.068440e-001
1.162402e+003,1.073061e-001
1.162885e+003,1.077705e-001
1.163367e+003,1.082419e-001
1.163849e+003,1.087205e-001
1.164331e+003,1.092022e-001
1.164813e+003,1.096818e-001
1.165295e+003,1.101565e-001
1.165777e+003,1.106284e-001
1.166259e+003,1.111030e-001
1.166741e+003,1.115865e-001
1.167224e+003,1.120802e-001
1.167706e+003,1.125776e-001
1.168188e+003,1.130647e-001
1.168670e+003,1.135231e-001
1.169152e+003,1.139351e-001
1.169634e+003,1.142874e-001
1.170116e+003,1.145717e-001
1.170598e+003,1.147836e-001
1.171081e+003,1.149180e-001
1.171563e+003,1.149670e-001
1.172045e+003,1.149208e-001
1.172527e+003,1.147690e-001
1.173009e+003,1.145075e-001
1.173491e+003,1.141404e-001
1.173973e+003,1.136816e-001
1.174455e+003,1.131506e-001
1.174938e+003,1.125670e-001
1.175420e+003,1.119468e-001
1.175902e+003,1.112999e-001
1.176384e+003,1.106334e-001
1.176866e+003,1.099549e-001
1.177348e+003,1.092755e-001
1.177830e+003,1.086098e-001
1.178313e+003,1.079723e-001
1.178795e+003,1.073734e-001
1.179277e+003,1.068167e-001
1.179759e+003,1.063007e-001
1.180241e+003,1.058217e-001
1.180723e+003,1.053785e-001
1.181205e+003,1.049747e-001
1.181687e+003,1.046175e-001
1.182169e+003,1.043133e-001
1.182652e+003,1.040642e-001
1.183134e+003,1.038657e-001
1.183616e+003,1.037081e-001
1.184098e+003,1.035819e-001
1.184580e+003,1.034812e-001
1.185062e+003,1.034057e-001
1.185544e+003,1.033597e-001
1.186026e+003,1.033469e-001
1.186509e+003,1.033669e-001
1.186991e+003,1.034124e-001
1.187473e+003,1.034718e-001
1.187955e+003,1.035336e-001
1.188437e+003,1.035917e-001
1.188919e+003,1.036464e-001
1.189401e+003,1.037033e-001
1.189883e+003,1.037691e-001
1.190366e+003,1.038470e-001
1.190848e+003,1.039342e-001
1.191330e+003,1.040241e-001
1.191812e+003,1.041102e-001
1.192294e+003,1.041910e-001
1.192776e+003,1.042709e-001
1.193258e+003,1.043594e-001
1.193740e+003,1.044658e-001
1.194223e+003,1.045945e-001
1.194705e+003,1.047435e-001
1.195187e+003,1.049059e-001
1.195669e+003,1.050747e-001
1.196151e+003,1.052480e-001
1.196633e+003,1.054300e-001
1.197115e+003,1.056306e-001
1.197597e+003,1.058595e-001
1.198080e+003,1.061213e-001
1.198562e+003,1.064138e-001
1.199044e+003,1.067287e-001
1.199526e+003,1.070565e-001
1.200008e+003,1.073918e-001
1.200490e+003,1.077341e-001
1.200972e+003,1.080888e-001
1.201454e+003,1.084611e-001
1.201937e+003,1.088520e-001
1.202419e+003,1.092564e-001
1.202901e+003,1.096635e-001
1.203383e+003,1.100618e-001
1.203865e+003,1.104442e-001
1.204347e+003,1.108100e-001
1.204829e+003,1.111645e-001
1.205312e+003,1.115149e-001
1.205794e+003,1.118652e-001
1.206276e+003,1.122149e-001
1.206758e+003,1.125589e-001
1.207240e+003,1.128920e-001
1.207722e+003,1.132130e-001
1.208204e+003,1.135279e-001
1.208686e+003,1.138473e-001
1.209168e+003,1.141832e-001
1.209651e+003,1.145439e-001
1.210133e+003,1.149307e-001
1.210615e+003,1.153398e-001
1.211097e+003,1.157648e-001
1.211579e+003,1.162027e-001
1.212061e+003,1.166557e-001
1.212543e+003,1.171312e-001
1.213025e+003,1.176374e-001
1.213508e+003,1.181791e-001
1.213990e+003,1.187553e-001
1.214472e+003,1.193590e-001
1.214954e+003,1.199820e-001
1.215436e+003,1.206189e-001
1.215918e+003,1.212701e-001
1.216400e+003,1.219411e-001
1.216882e+003,1.226390e-001
1.217365e+003,1.233679e-001
1.217847e+003,1.241261e-001
1.218329e+003,1.249068e-001
1.218811e+003,1.257008e-001
1.219293e+003,1.265010e-001
1.219775e+003,1.273068e-001
1.220257e+003,1.281224e-001
1.220740e+003,1.289549e-001
1.221222e+003,1.298093e-001
1.221704e+003,1.306860e-001
1.222186e+003,1.315802e-001
1.222668e+003,1.324850e-001
1.223150e+003,1.333953e-001
1.223632e+003,1.343111e-001
1.224114e+003,1.352372e-001
1.224596e+003,1.361805e-001
1.225079e+003,1.371452e-001
1.225561e+003,1.381288e-001
1.226043e+003,1.391231e-001
1.226525e+003,1.401163e-001
1.227007e+003,1.410994e-001
1.227489e+003,1.420692e-001
1.227971e+003,1.430303e-001
1.228453e+003,1.439924e-001
1.228936e+003,1.449649e-001
1.229418e+003,1.459520e-001
1.229900e+003,1.469507e-001
1.230382e+003,1.479527e-001
1.230864e+003,1.489487e-001
1.231346e+003,1.499333e-001
1.231828e+003,1.509070e-001
1.232310e+003,1.518749e-001
1.232792e+003,1.528428e-001
1.233275e+003,1.538121e-001
1.233757e+003,1.547773e-001
1.234239e+003,1.557275e-001
1.234721e+003,1.566510e-001
1.235203e+003,1.575394e-001
1.235685e+003,1.583909e-001
1.236167e+003,1.592096e-001
1.236650e+003,1.600012e-001
1.237132e+003,1.607673e-001
1.237614e+003,1.615030e-001
1.238096e+003,1.621982e-001
1.238578e+003,1.628416e-001
1.239060e+003,1.634258e-001
1.239542e+003,1.639515e-001
1.240024e+003,1.644251e-001
1.240507e+003,1.648559e-001
1.240989e+003,1.652488e-001
1.241471e+003,1.656017e-001
1.241953e+003,1.659063e-001
1.242435e+003,1.661530e-001
1.242917e+003,1.663367e-001
1.243399e+003,1.664605e-001
1.243881e+003,1.665342e-001
1.244364e+003,1.665708e-001
1.244846e+003,1.665791e-001
1.245328e+003,1.665609e-001
1.245810e+003,1.665115e-001
1.246292e+003,1.664250e-001
1.246774e+003,1.662998e-001
1.247256e+003,1.661423e-001
1.247738e+003,1.659649e-001
1.248220e+003,1.657815e-001
1.248703e+003,1.656005e-001
1.249185e+003,1.654225e-001
1.249667e+003,1.652415e-001
1.250149e+003,1.650496e-001
1.250631e+003,1.648453e-001
1.251113e+003,1.646341e-001
1.251595e+003,1.644285e-001
1.252078e+003,1.642418e-001
1.252560e+003,1.640816e-001
1.253042e+003,1.639471e-001
1.253524e+003,1.638297e-001
1.254006e+003,1.637196e-001
1.254488e+003,1.636112e-001
1.254970e+003,1.635072e-001
1.255452e+003,1.634168e-001
1.255935e+003,1.633505e-001
1.256417e+003,1.633139e-001
1.256899e+003,1.633045e-001
1.257381e+003,1.633133e-001
1.257863e+003,1.633292e-001
1.258345e+003,1.633460e-001
1.258827e+003,1.633645e-001
1.259309e+003,1.633927e-001
1.259792e+003,1.634381e-001
1.260274e+003,1.635045e-001
1.260756e+003,1.635866e-001
1.261238e+003,1.636730e-001
1.261720e+003,1.637516e-001
1.262202e+003,1.638157e-001
1.262684e+003,1.638675e-001
1.263166e+003,1.639160e-001
1.263648e+003,1.639719e-001
1.264131e+003,1.640417e-001
1.264613e+003,1.641239e-001
1.265095e+003,1.642102e-001
1.265577e+003,1.642909e-001
1.266059e+003,1.643607e-001
1.266541e+003,1.644212e-001
1.267023e+003,1.644807e-001
1.267505e+003,1.645491e-001
1.267988e+003,1.646319e-001
1.268470e+003,1.647281e-001
1.268952e+003,1.648315e-001
1.269434e+003,1.649353e-001
1.269916e+003,1.650380e-001
1.270398e+003,1.651446e-001
1.270880e+003,1.652658e-001
1.271363e+003,1.654105e-001
1.271845e+003,1.655812e-001
1.272327e+003,1.657707e-001
1.272809e+003,1.659662e-001
1.273291e+003,1.661543e-001
1.273773e+003,1.663291e-001
1.274255e+003,1.664935e-001
1.274737e+003,1.666586e-001
1.275219e+003,1.668358e-001
1.275702e+003,1.670322e-001
1.276184e+003,1.672455e-001
1.276666e+003,1.674661e-001
1.277148e+003,1.676829e-001
1.277630e+003,1.678893e-001
1.278112e+003,1.680869e-001
1.278594e+003,1.682848e-001
1.279076e+003,1.684932e-001
1.279559e+003,1.687185e-001
1.280041e+003,1.689581e-001
1.280523e+003,1.692036e-001
1.281005e+003,1.694446e-001
1.281487e+003,1.696752e-001
1.281969e+003,1.698977e-001
1.282451e+003,1.701217e-001
1.282933e+003,1.703570e-001
1.283416e+003,1.706098e-001
1.283898e+003,1.708779e-001
1.284380e+003,1.711527e-001
1.284862e+003,1.714239e-001
1.285344e+003,1.716865e-001
1.285826e+003,1.719428e-001
1.286308e+003,1.722019e-001
1.286791e+003,1.724734e-001
1.287273e+003,1.727622e-001
1.287755e+003,1.730637e-001
1.288237e+003,1.733669e-001
1.288719e+003,1.736590e-001
1.289201e+003,1.739328e-001
1.289683e+003,1.741901e-001
1.290165e+003,1.744394e-001
1.290647e+003,1.746899e-001
1.291130e+003,1.749460e-001
1.291612e+003,1.752032e-001
1.292094e+003,1.754501e-001
1.292576e+003,1.756754e-001
1.293058e+003,1.758737e-001
1.293540e+003,1.760488e-001
1.294022e+003,1.762124e-001
1.294504e+003,1.763768e-001
1.294987e+003,1.765489e-001
1.295469e+003,1.767258e-001
1.295951e+003,1.768966e-001
1.296433e+003,1.770493e-001
1.296915e+003,1.771778e-001
1.297397e+003,1.772842e-001
1.297879e+003,1.773793e-001
1.298361e+003,1.774732e-001
1.298844e+003,1.775704e-001
1.299326e+003,1.776656e-001
1.299808e+003,1.777458e-001
1.300290e+003,1.777975e-001
1.300772e+003,1.778136e-001
1.301254e+003,1.777985e-001
1.301736e+003,1.777645e-001
1.302219e+003,1.777254e-001
1.302701e+003,1.776896e-001
1.303183e+003,1.776551e-001
1.303665e+003,1.776122e-001
1.304147e+003,1.775499e-001
1.304629e+003,1.774628e-001
1.305111e+003,1.773558e-001
1.305593e+003,1.772407e-001
1.306075e+003,1.771302e-001
1.306558e+003,1.770300e-001
1.307040e+003,1.769350e-001
1.307522e+003,1.768319e-001
1.308004e+003,1.767060e-001
1.308486e+003,1.765486e-001
1.308968e+003,1.763609e-001
1.309450e+003,1.761515e-001
1.309932e+003,1.759294e-001
1.310415e+003,1.756974e-001
1.310897e+003,1.754474e-001
1.311379e+003,1.751642e-001
1.311861e+003,1.748323e-001
1.312343e+003,1.744434e-001
1.312825e+003,1.740012e-001
1.313307e+003,1.735182e-001
1.313789e+003,1.730083e-001
1.314272e+003,1.724786e-001
1.314754e+003,1.719249e-001
1.315236e+003,1.713361e-001
1.315718e+003,1.707005e-001
1.316200e+003,1.700139e-001
1.316682e+003,1.692822e-001
1.317164e+003,1.685187e-001
1.317646e+003,1.677369e-001
1.318129e+003,1.669446e-001
1.318611e+003,1.661409e-001
1.319093e+003,1.653202e-001
1.319575e+003,1.644797e-001
1.320057e+003,1.636249e-001
1.320539e+003,1.627692e-001
1.321021e+003,1.619282e-001
1.321503e+003,1.611111e-001
1.321986e+003,1.603171e-001
1.322468e+003,1.595365e-001
1.322950e+003,1.587565e-001
1.323432e+003,1.579694e-001
1.323914e+003,1.571782e-001
1.324396e+003,1.563947e-001
1.324878e+003,1.556344e-001
1.325360e+003,1.549073e-001
1.325843e+003,1.542143e-001
1.326325e+003,1.535466e-001
1.326807e+003,1.528928e-001
1.327289e+003,1.522469e-001
1.327771e+003,1.516118e-001
1.328253e+003,1.509993e-001
1.328735e+003,1.504222e-001
1.329218e+003,1.498889e-001
1.329700e+003,1.493977e-001
1.330182e+003,1.489388e-001
1.330664e+003,1.485019e-001
1.331146e+003,1.480814e-001
1.331628e+003,1.476821e-001
1.332110e+003,1.473146e-001
1.332592e+003,1.469897e-001
1.333074e+003,1.467119e-001
1.333557e+003,1.464751e-001
1.334039e+003,1.462667e-001
1.334521e+003,1.460737e-001
1.335003e+003,1.458898e-001
1.335485e+003,1.457176e-001
1.335967e+003,1.455667e-001
1.336449e+003,1.454471e-001
1.336931e+003,1.453621e-001
1.337414e+003,1.453045e-001
1.337896e+003,1.452583e-001
1.338378e+003,1.452067e-001
1.338860e+003,1.451399e-001
1.339342e+003,1.450595e-001
1.339824e+003,1.449765e-001
1.340306e+003,1.449004e-001
1.340788e+003,1.448323e-001
1.341271e+003,1.447634e-001
1.341753e+003,1.446814e-001
1.342235e+003,1.445786e-001
1.342717e+003,1.444574e-001
1.343199e+003,1.443297e-001
1.343681e+003,1.442111e-001
1.344163e+003,1.441135e-001
1.344646e+003,1.440384e-001
1.345128e+003,1.439759e-001
1.345610e+003,1.439093e-001
1.346092e+003,1.438244e-001
1.346574e+003,1.437176e-001
1.347056e+003,1.435972e-001
1.347538e+003,1.434791e-001
1.348020e+003,1.433782e-001
1.348502e+003,1.432987e-001
1.348985e+003,1.432340e-001
1.349467e+003,1.431700e-001
1.349949e+003,1.430954e-001
1.350431e+003,1.430096e-001
1.350913e+003,1.429237e-001
1.351395e+003,1.428561e-001
1.351877e+003,1.428220e-001
1.352359e+003,1.428265e-001
1.352842e+003,1.428623e-001
1.353324e+003,1.429164e-001
1.353806e+003,1.429779e-001
1.354288e+003,1.430463e-001
1.354770e+003,1.431329e-001
1.355252e+003,1.432541e-001
1.355734e+003,1.434222e-001
1.356216e+003,1.436373e-001
1.356698e+003,1.438866e-001
1.357181e+003,1.441519e-001
1.357663e+003,1.444192e-001
1.358145e+003,1.446853e-001
1.358627e+003,1.449601e-001
1.359109e+003,1.452615e-001
1.359591e+003,1.456080e-001
1.360073e+003,1.460133e-001
1.360556e+003,1.464862e-001
1.361038e+003,1.470348e-001
1.361520e+003,1.476718e-001
1.362002e+003,1.484153e-001
1.362484e+003,1.492789e-001
1.362966e+003,1.502568e-001
1.363448e+003,1.513166e-001
1.363930e+003,1.524082e-001
1.364413e+003,1.534836e-001
1.364895e+003,1.545121e-001
1.365377e+003,1.554849e-001
1.365859e+003,1.564101e-001
1.366341e+003,1.573017e-001
1.366823e+003,1.581672e-001
1.367305e+003,1.589990e-001
1.367787e+003,1.597696e-001
1.368270e+003,1.604405e-001
1.368752e+003,1.609782e-001
1.369234e+003,1.613736e-001
1.369716e+003,1.616496e-001
1.370198e+003,1.618563e-001
1.370680e+003,1.620558e-001
1.371162e+003,1.623073e-001
1.371644e+003,1.626594e-001
1.372126e+003,1.631507e-001
1.372609e+003,1.638147e-001
1.373091e+003,1.646814e-001
1.373573e+003,1.657715e-001
1.374055e+003,1.670808e-001
1.374537e+003,1.685681e-001
1.375019e+003,1.701633e-001
1.375501e+003,1.717943e-001
1.375984e+003,1.734161e-001
1.376466e+003,1.750211e-001
1.376948e+003,1.766348e-001
1.377430e+003,1.782978e-001
1.377912e+003,1.800495e-001
1.378394e+003,1.819097e-001
1.378876e+003,1.838719e-001
1.379358e+003,1.859073e-001
1.379841e+003,1.879807e-001
1.380323e+003,1.900691e-001
1.380805e+003,1.921702e-001
1.381287e+003,1.942969e-001
1.381769e+003,1.964610e-001
1.382251e+003,1.986597e-001
1.382733e+003,2.008683e-001
1.383215e+003,2.030480e-001
1.383698e+003,2.051646e-001
1.384180e+003,2.072035e-001
1.384662e+003,2.091790e-001
1.385144e+003,2.111286e-001
1.385626e+003,2.130988e-001
1.386108e+003,2.151213e-001
1.386590e+003,2.171893e-001
1.387072e+003,2.192478e-001
1.387554e+003,2.212123e-001
1.388037e+003,2.230073e-001
1.388519e+003,2.245982e-001
1.389001e+003,2.259955e-001
1.389483e+003,2.272359e-001
1.389965e+003,2.283614e-001
1.390447e+003,2.294067e-001
1.390929e+003,2.303959e-001
1.391411e+003,2.313443e-001
1.391894e+003,2.322624e-001
1.392376e+003,2.331578e-001
1.392858e+003,2.340351e-001
1.393340e+003,2.348920e-001
1.393822e+003,2.357133e-001
1.394304e+003,2.364691e-001
1.394786e+003,2.371197e-001
1.395269e+003,2.376299e-001
1.395751e+003,2.379804e-001
1.396233e+003,2.381702e-001
1.396715e+003,2.382060e-001
1.397197e+003,2.380932e-001
1.397679e+003,2.378326e-001
1.398161e+003,2.374246e-001
1.398643e+003,2.368772e-001
1.399125e+003,2.362106e-001
1.399608e+003,2.354535e-001
1.400090e+003,2.346317e-001
1.400572e+003,2.337574e-001
1.401054e+003,2.328282e-001
1.401536e+003,2.318305e-001
1.402018e+003,2.307455e-001
1.402500e+003,2.295528e-001
1.402982e+003,2.282316e-001
1.403465e+003,2.267648e-001
1.403947e+003,2.251454e-001
1.404429e+003,2.233863e-001
1.404911e+003,2.215263e-001
1.405393e+003,2.196249e-001
1.405875e+003,2.177455e-001
1.406357e+003,2.159361e-001
1.406839e+003,2.142182e-001
1.407322e+003,2.125861e-001
1.407804e+003,2.110147e-001
1.408286e+003,2.094717e-001
1.408768e+003,2.079293e-001
1.409250e+003,2.063751e-001
1.409732e+003,2.048169e-001
1.410214e+003,2.032818e-001
1.410697e+003,2.018045e-001
1.411179e+003,2.004147e-001
1.411661e+003,1.991246e-001
1.412143e+003,1.979291e-001
1.412625e+003,1.968115e-001
1.413107e+003,1.957565e-001
1.413589e+003,1.947554e-001
1.414071e+003,1.938101e-001
1.414553e+003,1.929264e-001
1.415036e+003,1.921072e-001
1.415518e+003,1.913466e-001
1.416000e+003,1.906263e-001
1.416482e+003,1.899163e-001
1.416964e+003,1.891787e-001
1.417446e+003,1.883742e-001
1.417928e+003,1.874733e-001
1.418410e+003,1.864759e-001
1.418893e+003,1.854213e-001
1.419375e+003,1.843785e-001
1.419857e+003,1.834082e-001
1.420339e+003,1.825356e-001
1.420821e+003,1.817508e-001
1.421303e+003,1.810260e-001
1.421785e+003,1.803314e-001
1.422267e+003,1.796422e-001
1.422750e+003,1.789427e-001
1.423232e+003,1.782324e-001
1.423714e+003,1.775281e-001
1.424196e+003,1.768625e-001
1.424678e+003,1.762717e-001
1.425160e+003,1.757802e-001
1.425642e+003,1.753964e-001
1.426125e+003,1.751189e-001
1.426607e+003,1.749453e-001
1.427089e+003,1.748828e-001
1.427571e+003,1.749485e-001
1.428053e+003,1.751668e-001
1.428535e+003,1.755614e-001
1.429017e+003,1.761463e-001
1.429499e+003,1.769179e-001
1.429981e+003,1.778595e-001
1.430464e+003,1.789448e-001
1.430946e+003,1.801461e-001
1.431428e+003,1.814335e-001
1.431910e+003,1.827746e-001
1.432392e+003,1.841367e-001
1.432874e+003,1.854942e-001
1.433356e+003,1.868410e-001
1.433838e+003,1.881984e-001
1.434321e+003,1.896234e-001
1.434803e+003,1.912041e-001
1.435285e+003,1.930403e-001
1.435767e+003,1.951892e-001
1.436249e+003,1.975887e-001
1.436731e+003,2.000291e-001
1.437213e+003,2.022451e-001
1.437696e+003,2.040721e-001
1.438177e+003,2.055015e-001
1.438660e+003,2.066240e-001
1.439142e+003,2.075501e-001
1.439624e+003,2.083666e-001
1.440106e+003,2.091295e-001
1.440588e+003,2.098707e-001
1.441070e+003,2.106050e-001
1.441552e+003,2.113368e-001
1.442035e+003,2.120631e-001
1.442517e+003,2.127753e-001
1.442999e+003,2.134602e-001
1.443481e+003,2.141054e-001
1.443963e+003,2.147037e-001
1.444445e+003,2.152583e-001
1.444927e+003,2.157858e-001
1.445409e+003,2.163130e-001
1.445892e+003,2.168700e-001
1.446374e+003,2.174802e-001
1.446856e+003,2.181485e-001
1.447338e+003,2.188550e-001
1.447820e+003,2.195607e-001
1.448302e+003,2.202269e-001
1.448784e+003,2.208366e-001
1.449266e+003,2.214027e-001
1.449749e+003,2.219579e-001
1.450231e+003,2.225367e-001
1.450713e+003,2.231602e-001
1.451195e+003,2.238286e-001
1.451677e+003,2.245206e-001
1.452159e+003,2.252011e-001
1.452641e+003,2.258337e-001
1.453124e+003,2.263921e-001
1.453605e+003,2.268639e-001
1.454088e+003,2.272440e-001
1.454570e+003,2.275196e-001
1.455052e+003,2.276547e-001
1.455534e+003,2.275782e-001
1.456016e+003,2.271985e-001
1.456498e+003,2.264757e-001
1.456980e+003,2.255397e-001
1.457463e+003,2.247053e-001
1.457945e+003,2.242669e-001
1.458427e+003,2.243063e-001
1.458909e+003,2.247283e-001
1.459391e+003,2.253904e-001
1.459873e+003,2.261707e-001
1.460355e+003,2.269756e-001
1.460837e+003,2.277262e-001
1.461320e+003,2.283473e-001
1.461802e+003,2.287539e-001
1.462284e+003,2.288492e-001
1.462766e+003,2.285280e-001
1.463248e+003,2.277022e-001
1.463730e+003,2.263541e-001
1.464212e+003,2.245990e-001
1.464694e+003,2.226978e-001
1.465177e+003,2.209619e-001
1.465659e+003,2.196008e-001
1.466141e+003,2.186421e-001
1.466623e+003,2.179796e-001
1.467105e+003,2.174713e-001
1.467587e+003,2.170138e-001
1.468069e+003,2.165654e-001
1.468552e+003,2.161366e-001
1.469033e+003,2.157615e-001
1.469516e+003,2.154652e-001
1.469998e+003,2.152267e-001
1.470480e+003,2.149415e-001
1.470962e+003,2.143855e-001
1.471444e+003,2.132105e-001
1.471926e+003,2.110400e-001
1.472408e+003,2.077028e-001
1.472891e+003,2.034380e-001
1.473373e+003,1.987864e-001
1.473855e+003,1.942387e-001
1.474337e+003,1.900257e-001
1.474819e+003,1.861778e-001
1.475301e+003,1.826753e-001
1.475783e+003,1.795449e-001
1.476265e+003,1.768648e-001
1.476748e+003,1.747151e-001
1.477230e+003,1.731185e-001
1.477712e+003,1.720219e-001
1.478194e+003,1.713259e-001
1.478676e+003,1.709323e-001
1.479158e+003,1.707797e-001
1.479640e+003,1.708553e-001
1.480122e+003,1.711798e-001
1.480604e+003,1.717800e-001
1.481087e+003,1.726547e-001
1.481569e+003,1.737570e-001
1.482051e+003,1.750062e-001
1.482533e+003,1.763244e-001
1.483015e+003,1.776688e-001
1.483497e+003,1.790440e-001
1.483979e+003,1.804914e-001
1.484461e+003,1.820659e-001
1.484944e+003,1.838171e-001
1.485426e+003,1.857718e-001
1.485908e+003,1.879288e-001
1.486390e+003,1.902654e-001
1.486872e+003,1.927588e-001
1.487354e+003,1.954180e-001
1.487836e+003,1.983108e-001
1.488319e+003,2.015689e-001
1.488801e+003,2.053446e-001
1.489283e+003,2.097124e-001
1.489765e+003,2.145559e-001
1.490247e+003,2.195546e-001
1.490729e+003,2.243240e-001
1.491211e+003,2.286075e-001
1.491693e+003,2.323524e-001
1.492176e+003,2.356581e-001
1.492658e+003,2.386915e-001
1.493140e+003,2.416309e-001
1.493622e+003,2.446474e-001
1.494104e+003,2.479046e-001
1.494586e+003,2.515561e-001
1.495068e+003,2.557291e-001
1.495550e+003,2.604798e-001
1.496032e+003,2.657377e-001
1.496515e+003,2.712812e-001
1.496997e+003,2.767992e-001
1.497479e+003,2.820219e-001
1.497961e+003,2.868249e-001
1.498443e+003,2.912371e-001
1.498925e+003,2.953717e-001
1.499407e+003,2.993543e-001
1.499890e+003,3.032776e-001
1.500372e+003,3.071831e-001
1.500854e+003,3.110656e-001
1.501336e+003,3.148851e-001
1.501818e+003,3.185852e-001
1.502300e+003,3.221122e-001
1.502782e+003,3.254293e-001
1.503264e+003,3.285341e-001
1.503747e+003,3.314764e-001
1.504229e+003,3.343897e-001
1.504711e+003,3.375519e-001
1.505193e+003,3.414820e-001
1.505675e+003,3.470267e-001
1.506157e+003,3.551662e-001
1.506639e+003,3.660465e-001
1.507121e+003,3.778278e-001
1.507604e+003,3.878021e-001
1.508086e+003,3.949515e-001
1.508568e+003,4.000354e-001
1.509050e+003,4.041544e-001
1.509532e+003,4.080516e-001
1.510014e+003,4.121074e-001
1.510496e+003,4.164728e-001
1.510979e+003,4.211612e-001
1.511460e+003,4.260911e-001
1.511943e+003,4.311164e-001
1.512425e+003,4.360622e-001
1.512907e+003,4.407698e-001
1.513389e+003,4.451343e-001
1.513871e+003,4.491249e-001
1.514353e+003,4.527856e-001
1.514835e+003,4.562206e-001
1.515318e+003,4.595634e-001
1.515800e+003,4.629171e-001
1.516282e+003,4.662696e-001
1.516764e+003,4.694465e-001
1.517246e+003,4.721824e-001
1.517728e+003,4.742870e-001
1.518210e+003,4.757576e-001
1.518692e+003,4.767617e-001
1.519175e+003,4.775696e-001
1.519657e+003,4.785127e-001
1.520139e+003,4.799600e-001
1.520621e+003,4.822330e-001
1.521103e+003,4.854001e-001
1.521585e+003,4.890871e-001
1.522067e+003,4.926528e-001
1.522549e+003,4.956762e-001
1.523031e+003,4.981866e-001
1.523514e+003,5.004851e-001
1.523996e+003,5.028983e-001
1.524478e+003,5.056548e-001
1.524960e+003,5.088475e-001
1.525442e+003,5.124361e-001
1.525924e+003,5.162839e-001
1.526406e+003,5.202321e-001
1.526888e+003,5.241742e-001
1.527371e+003,5.280690e-001
1.527853e+003,5.318925e-001
1.528335e+003,5.355814e-001
1.528817e+003,5.390214e-001
1.529299e+003,5.420954e-001
1.529781e+003,5.447472e-001
1.530263e+003,5.470288e-001
1.530746e+003,5.491053e-001
1.531228e+003,5.512267e-001
1.531710e+003,5.536702e-001
1.532192e+003,5.566434e-001
1.532674e+003,5.601380e-001
1.533156e+003,5.638115e-001
1.533638e+003,5.670956e-001
1.534120e+003,5.695779e-001
1.534603e+003,5.712649e-001
1.535085e+003,5.724477e-001
1.535567e+003,5.734175e-001
1.536049e+003,5.743170e-001
1.536531e+003,5.751373e-001
1.537013e+003,5.757666e-001
1.537495e+003,5.760515e-001
1.537977e+003,5.758671e-001
1.538459e+003,5.751961e-001
1.538942e+003,5.741920e-001
1.539424e+003,5.731164e-001
1.539906e+003,5.720667e-001
1.540388e+003,5.707232e-001
1.540870e+003,5.686124e-001
1.541352e+003,5.656385e-001
1.541834e+003,5.621384e-001
1.542316e+003,5.585271e-001
1.542799e+003,5.550149e-001
1.543281e+003,5.515240e-001
1.543763e+003,5.477647e-001
1.544245e+003,5.434332e-001
1.544727e+003,5.384427e-001
1.545209e+003,5.330244e-001
1.545691e+003,5.275944e-001
1.546174e+003,5.225056e-001
1.546656e+003,5.178777e-001
1.547138e+003,5.135614e-001
1.547620e+003,5.091912e-001
1.548102e+003,5.042781e-001
1.548584e+003,4.983587e-001
1.549066e+003,4.912207e-001
1.549548e+003,4.831105e-001
1.550031e+003,4.747168e-001
1.550513e+003,4.668211e-001
1.550995e+003,4.598686e-001
1.551477e+003,4.537983e-001
1.551959e+003,4.481807e-001
1.552441e+003,4.424653e-001
1.552923e+003,4.362101e-001
1.553405e+003,4.292580e-001
1.553887e+003,4.218344e-001
1.554370e+003,4.144787e-001
1.554852e+003,4.077871e-001
1.555334e+003,4.021240e-001
1.555816e+003,3.974964e-001
1.556298e+003,3.936185e-001
1.556780e+003,3.900144e-001
1.557262e+003,3.860121e-001
1.557744e+003,3.806084e-001
1.558227e+003,3.725528e-001
1.558709e+003,3.615997e-001
1.559191e+003,3.502363e-001
1.559673e+003,3.415996e-001
1.560155e+003,3.361463e-001
1.560637e+003,3.326935e-001
1.561119e+003,3.302182e-001
1.561602e+003,3.281718e-001
1.562083e+003,3.262689e-001
1.562566e+003,3.243181e-001
1.563048e+003,3.221568e-001
1.563530e+003,3.196611e-001
1.564012e+003,3.168012e-001
1.564494e+003,3.136906e-001
1.564976e+003,3.105727e-001
1.565458e+003,3.077144e-001
1.565941e+003,3.052773e-001
1.566423e+003,3.032557e-001
1.566905e+003,3.015026e-001
1.567387e+003,2.998013e-001
1.567869e+003,2.979386e-001
1.568351e+003,2.957731e-001
1.568833e+003,2.933058e-001
1.569315e+003,2.907124e-001
1.569798e+003,2.882644e-001
1.570280e+003,2.861530e-001
1.570762e+003,2.843888e-001
1.571244e+003,2.828631e-001
1.571726e+003,2.814668e-001
1.572208e+003,2.801472e-001
1.572690e+003,2.789031e-001
1.573172e+003,2.777483e-001
1.573655e+003,2.766739e-001
1.574137e+003,2.756172e-001
1.574619e+003,2.744496e-001
1.575101e+003,2.730104e-001
1.575583e+003,2.712065e-001
1.576065e+003,2.691434e-001
1.576547e+003,2.671239e-001
1.577030e+003,2.654411e-001
1.577511e+003,2.641748e-001
1.577994e+003,2.632025e-001
1.578476e+003,2.623411e-001
1.578958e+003,2.614533e-001
1.579440e+003,2.604840e-001
1.579922e+003,2.594531e-001
1.580404e+003,2.584239e-001
1.580886e+003,2.574631e-001
1.581369e+003,2.566015e-001
1.581851e+003,2.558168e-001
1.582333e+003,2.550482e-001
1.582815e+003,2.542380e-001
1.583297e+003,2.533706e-001
1.583779e+003,2.524858e-001
1.584261e+003,2.516567e-001
1.584743e+003,2.509463e-001
1.585226e+003,2.503701e-001
1.585708e+003,2.498851e-001
1.586190e+003,2.494166e-001
1.586672e+003,2.489043e-001
1.587154e+003,2.483410e-001
1.587636e+003,2.477793e-001
1.588118e+003,2.473048e-001
1.588600e+003,2.469891e-001
1.589083e+003,2.468468e-001
1.589565e+003,2.468285e-001
1.590047e+003,2.468490e-001
1.590529e+003,2.468413e-001
1.591011e+003,2.467963e-001
1.591493e+003,2.467696e-001
1.591975e+003,2.468471e-001
1.592458e+003,2.470942e-001
1.592939e+003,2.475146e-001
1.593422e+003,2.480463e-001
1.593904e+003,2.485951e-001
1.594386e+003,2.490907e-001
1.594868e+003,2.495291e-001
1.595350e+003,2.499754e-001
1.595832e+003,2.505218e-001
1.596314e+003,2.512282e-001
1.596797e+003,2.520849e-001
1.597279e+003,2.530211e-001
1.597761e+003,2.539516e-001
1.598243e+003,2.548328e-001
1.598725e+003,2.556951e-001
1.599207e+003,2.566340e-001
1.599689e+003,2.577655e-001
1.600171e+003,2.591679e-001
1.600654e+003,2.608420e-001
1.601136e+003,2.627107e-001
1.601618e+003,2.646679e-001
1.602100e+003,2.666409e-001
1.602582e+003,2.686347e-001
1.603064e+003,2.707238e-001
1.603546e+003,2.729996e-001
1.604028e+003,2.755070e-001
1.604510e+003,2.782123e-001
1.604993e+003,2.810259e-001
1.605475e+003,2.838605e-001
1.605957e+003,2.866950e-001
1.606439e+003,2.896006e-001
1.606921e+003,2.927198e-001
1.607403e+003,2.961954e-001
1.607885e+003,3.000891e-001
1.608367e+003,3.043363e-001
1.608850e+003,3.087719e-001
1.609332e+003,3.132235e-001
1.609814e+003,3.176015e-001
1.610296e+003,3.219334e-001
1.610778e+003,3.263167e-001
1.611260e+003,3.308281e-001
1.611742e+003,3.354504e-001
1.612225e+003,3.400611e-001
1.612707e+003,3.444907e-001
1.613189e+003,3.486136e-001
1.613671e+003,3.524327e-001
1.614153e+003,3.561285e-001
1.614635e+003,3.600646e-001
1.615117e+003,3.647360e-001
1.615599e+003,3.706031e-001
1.616082e+003,3.777896e-001
1.616564e+003,3.858026e-001
1.617046e+003,3.936723e-001
1.617528e+003,4.005684e-001
1.618010e+003,4.062799e-001
1.618492e+003,4.111077e-001
1.618974e+003,4.154897e-001
1.619456e+003,4.197532e-001
1.619938e+003,4.240712e-001
1.620421e+003,4.285254e-001
1.620903e+003,4.332045e-001
1.621385e+003,4.382879e-001
1.621867e+003,4.440711e-001
1.622349e+003,4.508596e-001
1.622831e+003,4.587276e-001
1.623313e+003,4.672837e-001
1.623796e+003,4.757445e-001
1.624278e+003,4.833486e-001
1.624760e+003,4.897577e-001
1.625242e+003,4.951421e-001
1.625724e+003,5.000103e-001
1.626206e+003,5.049793e-001
1.626688e+003,5.105667e-001
1.627170e+003,5.170113e-001
1.627653e+003,5.241556e-001
1.628135e+003,5.314944e-001
1.628617e+003,5.384308e-001
1.629099e+003,5.446030e-001
1.629581e+003,5.500261e-001
1.630063e+003,5.549798e-001
1.630545e+003,5.597783e-001
1.631027e+003,5.645931e-001
1.631510e+003,5.693954e-001
1.631992e+003,5.740100e-001
1.632474e+003,5.782403e-001
1.632956e+003,5.820141e-001
1.633438e+003,5.855081e-001
1.633920e+003,5.892136e-001
1.634402e+003,5.938808e-001
1.634885e+003,6.002207e-001
1.635366e+003,6.082836e-001
1.635849e+003,6.169472e-001
1.636331e+003,6.244882e-001
1.636813e+003,6.299929e-001
1.637295e+003,6.338455e-001
1.637777e+003,6.369947e-001
1.638259e+003,6.402013e-001
1.638741e+003,6.437893e-001
1.639224e+003,6.477049e-001
1.639706e+003,6.516786e-001
1.640188e+003,6.554137e-001
1.640670e+003,6.587548e-001
1.641152e+003,6.617646e-001
1.641634e+003,6.646728e-001
1.642116e+003,6.677218e-001
1.642598e+003,6.710137e-001
1.643081e+003,6.744337e-001
1.643563e+003,6.776930e-001
1.644045e+003,6.804554e-001
1.644527e+003,6.825117e-001
1.645009e+003,6.839421e-001
1.645491e+003,6.851850e-001
1.645973e+003,6.868926e-001
1.646455e+003,6.894530e-001
1.646938e+003,6.924294e-001
1.647420e+003,6.946832e-001
1.647902e+003,6.953568e-001
1.648384e+003,6.945245e-001
1.648866e+003,6.928917e-001
1.649348e+003,6.912220e-001
1.649830e+003,6.900294e-001
1.650313e+003,6.894978e-001
1.650794e+003,6.894311e-001
1.651277e+003,6.891249e-001
1.651759e+003,6.871167e-001
1.652241e+003,6.811298e-001
1.652723e+003,6.693284e-001
1.653205e+003,6.534441e-001
1.653687e+003,6.388953e-001
1.654169e+003,6.289717e-001
1.654652e+003,6.226050e-001
1.655134e+003,6.174601e-001
1.655616e+003,6.119882e-001
1.656098e+003,6.055825e-001
1.656580e+003,5.982317e-001
1.657062e+003,5.902150e-001
1.657544e+003,5.818869e-001
1.658026e+003,5.735255e-001
1.658509e+003,5.652456e-001
1.658991e+003,5.569870e-001
1.659473e+003,5.485722e-001
1.659955e+003,5.397956e-001
1.660437e+003,5.304972e-001
1.660919e+003,5.205929e-001
1.661401e+003,5.100792e-001
1.661883e+003,4.990425e-001
1.662365e+003,4.876944e-001
1.662848e+003,4.763941e-001
1.663330e+003,4.655859e-001
1.663812e+003,4.556539e-001
1.664294e+003,4.468068e-001
1.664776e+003,4.390657e-001
1.665258e+003,4.323105e-001
1.665740e+003,4.263232e-001
1.666222e+003,4.208027e-001
1.666705e+003,4.153675e-001
1.667187e+003,4.095774e-001
1.667669e+003,4.029991e-001
1.668151e+003,3.953438e-001
1.668633e+003,3.866428e-001
1.669115e+003,3.773525e-001
1.669597e+003,3.682298e-001
1.670080e+003,3.599695e-001
1.670562e+003,3.528725e-001
1.671044e+003,3.468237e-001
1.671526e+003,3.415195e-001
1.672008e+003,3.366764e-001
1.672490e+003,3.320964e-001
1.672972e+003,3.276240e-001
1.673454e+003,3.230744e-001
1.673937e+003,3.181979e-001
1.674419e+003,3.127387e-001
1.674901e+003,3.066118e-001
1.675383e+003,3.000857e-001
1.675865e+003,2.937175e-001
1.676347e+003,2.880248e-001
1.676829e+003,2.832157e-001
1.677311e+003,2.791769e-001
1.677793e+003,2.756026e-001
1.678276e+003,2.721257e-001
1.678758e+003,2.684177e-001
1.679240e+003,2.642874e-001
1.679722e+003,2.597640e-001
1.680204e+003,2.551009e-001
1.680686e+003,2.506598e-001
1.681168e+003,2.467263e-001
1.681650e+003,2.433533e-001
1.682133e+003,2.402696e-001
1.682615e+003,2.368297e-001
1.683097e+003,2.320664e-001
1.683579e+003,2.251474e-001
1.684061e+003,2.163951e-001
1.684543e+003,2.076615e-001
1.685025e+003,2.007611e-001
1.685508e+003,1.960113e-001
1.685990e+003,1.926665e-001
1.686472e+003,1.898560e-001
1.686954e+003,1.869727e-001
1.687436e+003,1.836924e-001
1.687918e+003,1.799136e-001
1.688400e+003,1.756987e-001
1.688882e+003,1.712160e-001
1.689365e+003,1.666649e-001
1.689847e+003,1.622060e-001
1.690329e+003,1.579291e-001
1.690811e+003,1.538720e-001
1.691293e+003,1.500607e-001
1.691775e+003,1.465300e-001
1.692257e+003,1.433125e-001
1.692739e+003,1.404048e-001
1.693221e+003,1.377316e-001
1.693704e+003,1.351127e-001
1.694186e+003,1.322568e-001
1.694668e+003,1.288130e-001
1.695150e+003,1.245510e-001
1.695632e+003,1.196306e-001
1.696114e+003,1.146903e-001
1.696596e+003,1.104817e-001
1.697078e+003,1.073628e-001
1.697561e+003,1.051736e-001
1.698043e+003,1.034494e-001
1.698525e+003,1.016368e-001
1.699007e+003,9.922419e-002
1.699489e+003,9.591056e-002
1.699971e+003,9.187555e-002
1.700453e+003,8.784479e-002
1.700936e+003,8.457785e-002
1.701417e+003,8.228596e-002
1.701900e+003,8.068669e-002
1.702382e+003,7.938988e-002
1.702864e+003,7.811822e-002
1.703346e+003,7.673504e-002
1.703828e+003,7.520633e-002
1.704310e+003,7.356386e-002
1.704792e+003,7.187164e-002
1.705275e+003,7.019351e-002
1.705757e+003,6.856713e-002
1.706239e+003,6.700236e-002
1.706721e+003,6.550568e-002
1.707203e+003,6.410091e-002
1.707685e+003,6.282577e-002
1.708167e+003,6.171091e-002
1.708649e+003,6.075716e-002
1.709132e+003,5.992520e-002
1.709614e+003,5.914606e-002
1.710096e+003,5.834990e-002
1.710578e+003,5.749950e-002
1.711060e+003,5.660836e-002
1.711542e+003,5.573244e-002
1.712024e+003,5.494113e-002
1.712506e+003,5.428200e-002
1.712989e+003,5.375372e-002
1.713471e+003,5.329877e-002
1.713953e+003,5.282258e-002
1.714435e+003,5.223693e-002
1.714917e+003,5.151143e-002
1.715399e+003,5.069984e-002
1.715881e+003,4.991898e-002
1.716364e+003,4.928255e-002
1.716845e+003,4.881791e-002
1.717328e+003,4.842881e-002
1.717810e+003,4.796480e-002
1.718292e+003,4.735439e-002
1.718774e+003,4.665919e-002
1.719256e+003,4.600257e-002
1.719738e+003,4.547568e-002
1.720220e+003,4.510006e-002
1.720703e+003,4.483696e-002
1.721185e+003,4.461435e-002
1.721667e+003,4.435446e-002
1.722149e+003,4.400325e-002
1.722631e+003,4.355110e-002
1.723113e+003,4.304008e-002
1.723595e+003,4.254241e-002
1.724077e+003,4.211993e-002
1.724560e+003,4.178820e-002
1.725042e+003,4.151274e-002
1.725524e+003,4.123481e-002
1.726006e+003,4.090779e-002
1.726488e+003,4.052240e-002
1.726970e+003,4.010845e-002
1.727452e+003,3.971719e-002
1.727934e+003,3.939301e-002
1.728417e+003,3.914705e-002
1.728899e+003,3.894550e-002
1.729381e+003,3.872495e-002
1.729863e+003,3.842844e-002
1.730345e+003,3.804233e-002
1.730827e+003,3.760754e-002
1.731309e+003,3.719827e-002
1.731792e+003,3.688355e-002
1.732273e+003,3.668870e-002
1.732756e+003,3.657004e-002
1.733238e+003,3.641173e-002
1.733720e+003,3.608418e-002
1.734202e+003,3.555861e-002
1.734684e+003,3.496227e-002
1.735166e+003,3.446290e-002
1.735648e+003,3.413351e-002
1.736131e+003,3.394372e-002
1.736613e+003,3.381539e-002
1.737095e+003,3.367050e-002
1.737577e+003,3.345245e-002
1.738059e+003,3.314286e-002
1.738541e+003,3.277024e-002
1.739023e+003,3.240447e-002
1.739505e+003,3.212003e-002
1.739988e+003,3.194740e-002
1.740470e+003,3.184827e-002
1.740952e+003,3.174585e-002
1.741434e+003,3.157631e-002
1.741916e+003,3.132338e-002
1.742398e+003,3.102210e-002
1.742880e+003,3.073762e-002
1.743362e+003,3.052916e-002
1.743844e+003,3.041639e-002
1.744327e+003,3.036729e-002
1.744809e+003,3.031881e-002
1.745291e+003,3.021555e-002
1.745773e+003,3.003912e-002
1.746255e+003,2.981755e-002
1.746737e+003,2.961103e-002
1.747219e+003,2.948022e-002
1.747702e+003,2.945115e-002
1.748184e+003,2.949263e-002
1.748666e+003,2.953004e-002
1.749148e+003,2.948895e-002
1.749630e+003,2.934438e-002
1.750112e+003,2.914016e-002
1.750594e+003,2.896005e-002
1.751076e+003,2.887195e-002
1.751559e+003,2.888044e-002
1.752041e+003,2.892951e-002
1.752523e+003,2.894665e-002
1.753005e+003,2.888831e-002
1.753487e+003,2.875668e-002
1.753969e+003,2.859067e-002
1.754451e+003,2.844524e-002
1.754933e+003,2.836771e-002
1.755416e+003,2.837853e-002
1.755898e+003,2.845607e-002
1.756380e+003,2.854242e-002
1.756862e+003,2.857485e-002
1.757344e+003,2.852508e-002
1.757826e+003,2.841653e-002
1.758308e+003,2.830351e-002
1.758791e+003,2.823502e-002
1.759272e+003,2.822884e-002
1.759755e+003,2.826556e-002
1.760237e+003,2.829945e-002
1.760719e+003,2.828142e-002
1.761201e+003,2.818944e-002
1.761683e+003,2.804679e-002
1.762165e+003,2.791178e-002
1.762647e+003,2.783765e-002
1.763130e+003,2.783429e-002
1.763612e+003,2.786827e-002
1.764094e+003,2.788928e-002
1.764576e+003,2.786010e-002
1.765058e+003,2.777347e-002
1.765540e+003,2.765235e-002
1.766022e+003,2.753955e-002
1.766504e+003,2.747742e-002
1.766987e+003,2.748298e-002
1.767469e+003,2.753376e-002
1.767951e+003,2.757564e-002
1.768433e+003,2.755467e-002
1.768915e+003,2.745241e-002
1.769397e+003,2.729695e-002
1.769879e+003,2.714879e-002
1.770361e+003,2.707233e-002
1.770844e+003,2.710177e-002
1.771326e+003,2.721463e-002
1.771808e+003,2.732860e-002
1.772290e+003,2.734827e-002
1.772772e+003,2.723764e-002
1.773254e+003,2.704634e-002
1.773736e+003,2.686428e-002
1.774219e+003,2.675593e-002
1.774700e+003,2.673307e-002
1.775183e+003,2.676158e-002
1.775665e+003,2.678816e-002
1.776147e+003,2.676942e-002
1.776629e+003,2.669289e-002
1.777111e+003,2.658127e-002
1.777593e+003,2.647998e-002
1.778075e+003,2.643095e-002
1.778558e+003,2.645068e-002
1.779040e+003,2.651952e-002
1.779522e+003,2.658944e-002
1.780004e+003,2.660910e-002
1.780486e+003,2.655500e-002
1.780968e+003,2.644812e-002
1.781450e+003,2.633985e-002
1.781932e+003,2.627777e-002
1.782415e+003,2.627853e-002
1.782897e+003,2.632047e-002
1.783379e+003,2.635962e-002
1.783861e+003,2.635335e-002
1.784343e+003,2.628518e-002
1.784825e+003,2.617538e-002
1.785307e+003,2.607030e-002
1.785789e+003,2.601291e-002
1.786271e+003,2.601479e-002
1.786754e+003,2.605169e-002
1.787236e+003,2.607826e-002
1.787718e+003,2.605595e-002
1.788200e+003,2.597211e-002
1.788682e+003,2.584663e-002
1.789164e+003,2.572429e-002
1.789646e+003,2.565462e-002
1.790128e+003,2.566845e-002
1.790611e+003,2.575681e-002
1.791093e+003,2.586957e-002
1.791575e+003,2.593563e-002
1.792057e+003,2.591186e-002
1.792539e+003,2.581383e-002
1.793021e+003,2.570619e-002
1.793503e+003,2.564861e-002
1.793986e+003,2.565790e-002
1.794468e+003,2.570541e-002
1.794950e+003,2.574324e-002
1.795432e+003,2.573214e-002
1.795914e+003,2.566273e-002
1.796396e+003,2.555964e-002
1.796878e+003,2.546857e-002
1.797360e+003,2.543122e-002
1.797843e+003,2.546223e-002
1.798325e+003,2.553819e-002
1.798807e+003,2.561007e-002
1.799289e+003,2.562834e-002
1.799771e+003,2.557056e-002
1.800253e+003,2.545884e-002
1.800735e+003,2.534800e-002
1.801217e+003,2.529209e-002
1.801699e+003,2.530792e-002
1.802182e+003,2.536620e-002
1.802664e+003,2.541370e-002
1.803146e+003,2.540582e-002
1.803628e+003,2.533205e-002
1.804110e+003,2.521868e-002
1.804592e+003,2.511372e-002
1.805074e+003,2.505966e-002
1.805556e+003,2.507130e-002
1.806039e+003,2.512749e-002
1.806521e+003,2.518265e-002
1.807003e+003,2.519178e-002
1.807485e+003,2.513419e-002
1.807967e+003,2.502647e-002
1.808449e+003,2.491351e-002
1.808931e+003,2.484381e-002
1.809414e+003,2.484115e-002
1.809896e+003,2.488961e-002
1.810378e+003,2.494169e-002
1.810860e+003,2.494722e-002
1.811342e+003,2.488491e-002
1.811824e+003,2.477568e-002
1.812306e+003,2.466800e-002
1.812788e+003,2.460534e-002
1.813271e+003,2.459986e-002
1.813753e+003,2.462735e-002
1.814235e+003,2.464246e-002
1.814717e+003,2.460620e-002
1.815199e+003,2.450745e-002
1.815681e+003,2.437204e-002
1.816163e+003,2.425345e-002
1.816645e+003,2.420484e-002
1.817127e+003,2.424795e-002
1.817610e+003,2.435885e-002
1.818092e+003,2.448008e-002
1.818574e+003,2.455394e-002
1.819056e+003,2.455231e-002
1.819538e+003,2.449203e-002
1.820020e+003,2.442002e-002
1.820502e+003,2.438530e-002
1.820984e+003,2.440999e-002
1.821467e+003,2.447584e-002
1.821949e+003,2.453817e-002
1.822431e+003,2.455145e-002
1.822913e+003,2.449677e-002
1.823395e+003,2.439601e-002
1.823877e+003,2.430593e-002
1.824359e+003,2.428505e-002
1.824842e+003,2.435550e-002
1.825323e+003,2.448126e-002
1.825806e+003,2.458893e-002
1.826288e+003,2.461372e-002
1.826770e+003,2.453637e-002
1.827252e+003,2.438943e-002
1.827734e+003,2.423919e-002
1.828216e+003,2.415572e-002
1.828698e+003,2.417839e-002
1.829181e+003,2.428774e-002
1.829663e+003,2.440966e-002
1.830145e+003,2.445949e-002
1.830627e+003,2.440182e-002
1.831109e+003,2.427287e-002
1.831591e+003,2.414769e-002
1.832073e+003,2.408785e-002
1.832555e+003,2.411215e-002
1.833038e+003,2.419337e-002
1.833520e+003,2.427708e-002
1.834002e+003,2.431129e-002
1.834484e+003,2.427255e-002
1.834966e+003,2.417947e-002
1.835448e+003,2.408408e-002
1.835930e+003,2.404157e-002
1.836412e+003,2.407666e-002
1.836895e+003,2.416767e-002
1.837377e+003,2.425867e-002
1.837859e+003,2.429210e-002
1.838341e+003,2.424484e-002
1.838823e+003,2.414111e-002
1.839305e+003,2.403828e-002
1.839787e+003,2.399162e-002
1.840270e+003,2.402468e-002
1.840751e+003,2.411803e-002
1.841234e+003,2.422017e-002
1.841716e+003,2.427243e-002
1.842198e+003,2.424009e-002
1.842680e+003,2.413392e-002
1.843162e+003,2.401310e-002
1.843644e+003,2.395430e-002
1.844126e+003,2.399777e-002
1.844609e+003,2.410847e-002
1.845091e+003,2.420317e-002
1.845573e+003,2.420924e-002
1.846055e+003,2.411357e-002
1.846537e+003,2.396295e-002
1.847019e+003,2.383301e-002
1.847501e+003,2.378646e-002
1.847983e+003,2.384230e-002
1.848466e+003,2.396545e-002
1.848948e+003,2.408772e-002
1.849430e+003,2.414439e-002
1.849912e+003,2.411051e-002
1.850394e+003,2.401388e-002
1.850876e+003,2.391576e-002
1.851358e+003,2.387706e-002
1.851840e+003,2.392304e-002
1.852323e+003,2.402987e-002
1.852805e+003,2.413841e-002
1.853287e+003,2.418734e-002
1.853769e+003,2.415034e-002
1.854251e+003,2.405001e-002
1.854733e+003,2.394591e-002
1.855215e+003,2.389907e-002
1.855698e+003,2.393549e-002
1.856179e+003,2.403251e-002
1.856662e+003,2.413174e-002
1.857144e+003,2.417319e-002
1.857626e+003,2.413228e-002
1.858108e+003,2.403445e-002
1.858590e+003,2.394249e-002
1.859072e+003,2.391830e-002
1.859554e+003,2.398613e-002
1.860037e+003,2.411508e-002
1.860519e+003,2.423814e-002
1.861001e+003,2.428840e-002
1.861483e+003,2.423914e-002
1.861965e+003,2.411968e-002
1.862447e+003,2.399866e-002
1.862929e+003,2.394542e-002
1.863411e+003,2.399047e-002
1.863894e+003,2.411018e-002
1.864376e+003,2.423951e-002
1.864858e+003,2.430735e-002
1.865340e+003,2.427554e-002
1.865822e+003,2.415984e-002
1.866304e+003,2.402663e-002
1.866786e+003,2.395957e-002
1.867268e+003,2.401426e-002
1.867750e+003,2.417798e-002
1.868233e+003,2.436964e-002
1.868715e+003,2.448511e-002
1.869197e+003,2.446876e-002
1.869679e+003,2.435219e-002
1.870161e+003,2.422317e-002
1.870643e+003,2.416173e-002
1.871125e+003,2.419408e-002
1.871608e+003,2.428810e-002
1.872090e+003,2.438020e-002
1.872572e+003,2.441237e-002
1.873054e+003,2.436398e-002
1.873536e+003,2.426234e-002
1.874018e+003,2.416956e-002
1.874500e+003,2.414552e-002
1.874982e+003,2.421317e-002
1.875465e+003,2.434186e-002
1.875947e+003,2.446521e-002
1.876429e+003,2.451660e-002
1.876911e+003,2.447067e-002
1.877393e+003,2.435837e-002
1.877875e+003,2.425110e-002
1.878357e+003,2.422021e-002
1.878839e+003,2.429498e-002
1.879322e+003,2.444627e-002
1.879804e+003,2.460133e-002
1.880286e+003,2.468590e-002
1.880768e+003,2.466642e-002
1.881250e+003,2.456796e-002
1.881732e+003,2.445900e-002
1.882214e+003,2.441225e-002
1.882697e+003,2.446163e-002
1.883178e+003,2.458274e-002
1.883661e+003,2.470776e-002
1.884143e+003,2.476396e-002
1.884625e+003,2.471771e-002
1.885107e+003,2.459445e-002
1.885589e+003,2.446324e-002
1.886071e+003,2.439661e-002
1.886553e+003,2.442699e-002
1.887036e+003,2.453071e-002
1.887518e+003,2.464144e-002
1.888000e+003,2.468731e-002
1.888482e+003,2.463307e-002
1.888964e+003,2.450792e-002
1.889446e+003,2.439273e-002
1.889928e+003,2.436934e-002
1.890410e+003,2.446344e-002
1.890893e+003,2.462713e-002
1.891375e+003,2.477206e-002
1.891857e+003,2.482264e-002
1.892339e+003,2.475588e-002
1.892821e+003,2.461270e-002
1.893303e+003,2.447600e-002
1.893785e+003,2.442890e-002
1.894267e+003,2.450598e-002
1.894750e+003,2.467096e-002
1.895232e+003,2.483365e-002
1.895714e+003,2.490270e-002
1.896196e+003,2.484169e-002
1.896678e+003,2.468907e-002
1.897160e+003,2.453428e-002
1.897642e+003,2.446330e-002
1.898125e+003,2.451008e-002
1.898606e+003,2.463756e-002
1.899089e+003,2.476066e-002
1.899571e+003,2.479295e-002
1.900053e+003,2.469830e-002
1.900535e+003,2.451221e-002
1.901017e+003,2.432567e-002
1.901499e+003,2.423497e-002
1.901981e+003,2.428816e-002
1.902464e+003,2.445766e-002
1.902946e+003,2.465821e-002
1.903428e+003,2.479403e-002
1.903910e+003,2.481299e-002
1.904392e+003,2.473149e-002
1.904874e+003,2.462252e-002
1.905356e+003,2.456769e-002
1.905838e+003,2.460780e-002
1.906321e+003,2.471704e-002
1.906803e+003,2.481963e-002
1.907285e+003,2.483366e-002
1.907767e+003,2.472426e-002
1.908249e+003,2.452820e-002
1.908731e+003,2.434107e-002
1.909213e+003,2.426208e-002
1.909695e+003,2.433402e-002
1.910177e+003,2.451531e-002
1.910660e+003,2.470579e-002
1.911142e+003,2.480740e-002
1.911624e+003,2.477986e-002
1.912106e+003,2.466092e-002
1.912588e+003,2.453900e-002
1.913070e+003,2.450105e-002
1.913552e+003,2.457952e-002
1.914034e+003,2.473257e-002
1.914517e+003,2.486827e-002
1.914999e+003,2.489533e-002
1.915481e+003,2.477761e-002
1.915963e+003,2.455987e-002
1.916445e+003,2.435627e-002
1.916927e+003,2.429353e-002
1.917409e+003,2.443748e-002
1.917892e+003,2.474313e-002
1.918374e+003,2.507648e-002
1.918856e+003,2.529229e-002
1.919338e+003,2.532369e-002
1.919820e+003,2.520868e-002
1.920302e+003,2.505488e-002
1.920784e+003,2.497401e-002
1.921266e+003,2.502167e-002
1.921749e+003,2.516549e-002
1.922231e+003,2.530093e-002
1.922713e+003,2.530938e-002
1.923195e+003,2.513563e-002
1.923677e+003,2.483123e-002
1.924159e+003,2.452718e-002
1.924641e+003,2.435360e-002
1.925123e+003,2.436621e-002
1.925605e+003,2.452367e-002
1.926088e+003,2.471713e-002
1.926570e+003,2.483017e-002
1.927052e+003,2.480389e-002
1.927534e+003,2.466544e-002
1.928016e+003,2.451543e-002
1.928498e+003,2.446623e-002
1.928980e+003,2.457442e-002
1.929462e+003,2.480509e-002
1.929945e+003,2.505154e-002
1.930427e+003,2.519667e-002
1.930909e+003,2.518041e-002
1.931391e+003,2.503656e-002
1.931873e+003,2.487188e-002
1.932355e+003,2.480317e-002
1.932837e+003,2.488205e-002
1.933320e+003,2.506175e-002
1.933802e+003,2.522164e-002
1.934284e+003,2.523664e-002
1.934766e+003,2.505362e-002
1.935248e+003,2.472849e-002
1.935730e+003,2.440108e-002
1.936212e+003,2.421929e-002
1.936694e+003,2.425695e-002
1.937177e+003,2.447244e-002
1.937659e+003,2.473470e-002
1.938141e+003,2.489774e-002
1.938623e+003,2.487998e-002
1.939105e+003,2.471062e-002
1.939587e+003,2.450819e-002
1.940069e+003,2.441197e-002
1.940551e+003,2.450011e-002
1.941033e+003,2.474075e-002
1.941516e+003,2.500219e-002
1.941998e+003,2.512751e-002
1.942480e+003,2.503847e-002
1.942962e+003,2.479862e-002
1.943444e+003,2.458178e-002
1.943926e+003,2.456050e-002
1.944408e+003,2.479644e-002
1.944890e+003,2.520763e-002
1.945373e+003,2.561908e-002
1.945855e+003,2.585375e-002
1.946337e+003,2.582910e-002
1.946819e+003,2.559544e-002
1.947301e+003,2.531320e-002
1.947783e+003,2.515603e-002
1.948265e+003,2.521027e-002
1.948748e+003,2.542642e-002
1.949229e+003,2.565416e-002
1.949712e+003,2.573017e-002
1.950194e+003,2.557941e-002
1.950676e+003,2.526157e-002
1.951158e+003,2.494324e-002
1.951640e+003,2.480203e-002
1.952122e+003,2.491580e-002
1.952604e+003,2.521243e-002
1.953087e+003,2.551171e-002
1.953569e+003,2.562194e-002
1.954051e+003,2.545104e-002
1.954533e+003,2.506476e-002
1.955015e+003,2.465918e-002
1.955497e+003,2.444790e-002
1.955979e+003,2.453591e-002
1.956461e+003,2.485630e-002
1.956944e+003,2.520968e-002
1.957426e+003,2.537631e-002
1.957908e+003,2.523647e-002
1.958390e+003,2.484532e-002
1.958872e+003,2.441135e-002
1.959354e+003,2.417480e-002
1.959836e+003,2.427081e-002
1.960318e+003,2.464484e-002
1.960801e+003,2.509280e-002
1.961283e+003,2.538046e-002
1.961765e+003,2.538335e-002
1.962247e+003,2.516107e-002
1.962729e+003,2.491925e-002
1.963211e+003,2.488063e-002
1.963693e+003,2.514034e-002
1.964176e+003,2.560464e-002
1.964657e+003,2.603908e-002
1.965140e+003,2.619109e-002
1.965622e+003,2.593966e-002
1.966104e+003,2.537278e-002
1.966586e+003,2.476475e-002
1.967068e+003,2.440798e-002
1.967550e+003,2.443999e-002
1.968032e+003,2.474363e-002
1.968515e+003,2.504241e-002
1.968997e+003,2.506742e-002
1.969479e+003,2.472970e-002
1.969961e+003,2.416714e-002
1.970443e+003,2.368293e-002
1.970925e+003,2.356487e-002
1.971407e+003,2.391414e-002
1.971889e+003,2.457868e-002
1.972372e+003,2.522971e-002
1.972854e+003,2.553369e-002
1.973336e+003,2.533861e-002
1.973818e+003,2.476446e-002
1.974300e+003,2.414911e-002
1.974782e+003,2.386405e-002
1.975264e+003,2.410934e-002
1.975746e+003,2.480584e-002
1.976229e+003,2.567101e-002
1.976711e+003,2.638947e-002
1.977193e+003,2.681176e-002
1.977675e+003,2.702317e-002
1.978157e+003,2.728602e-002
1.978639e+003,2.783756e-002
1.979121e+003,2.870786e-002
1.979604e+003,2.968937e-002
1.980085e+003,3.044574e-002
1.980568e+003,3.070108e-002
1.981050e+003,3.038740e-002
1.981532e+003,2.967840e-002
1.982014e+003,2.891158e-002
1.982496e+003,2.840106e-002
1.982978e+003,2.828594e-002
1.983460e+003,2.846555e-002
1.983943e+003,2.868699e-002
1.984425e+003,2.869084e-002
1.984907e+003,2.836525e-002
1.985389e+003,2.780309e-002
1.985871e+003,2.725237e-002
1.986353e+003,2.696952e-002
1.986835e+003,2.707049e-002
1.987317e+003,2.746743e-002
1.987800e+003,2.792405e-002
1.988282e+003,2.819509e-002
1.988764e+003,2.816509e-002
1.989246e+003,2.790707e-002
1.989728e+003,2.763851e-002
1.990210e+003,2.758277e-002
1.990692e+003,2.782736e-002
1.991174e+003,2.826004e-002
1.991656e+003,2.862655e-002
1.992139e+003,2.867722e-002
1.992621e+003,2.832565e-002
1.993103e+003,2.771103e-002
1.993585e+003,2.712196e-002
1.994067e+003,2.682677e-002
1.994549e+003,2.692945e-002
1.995031e+003,2.732077e-002
1.995514e+003,2.775594e-002
1.995996e+003,2.798359e-002
1.996478e+003,2.787708e-002
1.996960e+003,2.749941e-002
1.997442e+003,2.706511e-002
1.997924e+003,2.681059e-002
1.998406e+003,2.685905e-002
1.998888e+003,2.714170e-002
1.999371e+003,2.744959e-002
1.999853e+003,2.755539e-002
2.000335e+003,2.734477e-002
2.000817e+003,2.688345e-002
2.001299e+003,2.638116e-002
2.001781e+003,2.606185e-002
2.002263e+003,2.602848e-002
2.002745e+003,2.619798e-002
2.003228e+003,2.635554e-002
2.003710e+003,2.628661e-002
2.004192e+003,2.591391e-002
2.004674e+003,2.536809e-002
2.005156e+003,2.493781e-002
2.005638e+003,2.491030e-002
2.006120e+003,2.540042e-002
2.006603e+003,2.626631e-002
2.007084e+003,2.717848e-002
2.007567e+003,2.779090e-002
2.008049e+003,2.792927e-002
2.008531e+003,2.767660e-002
2.009013e+003,2.732286e-002
2.009495e+003,2.718131e-002
2.009977e+003,2.739892e-002
2.010459e+003,2.787304e-002
2.010942e+003,2.833256e-002
2.011424e+003,2.849007e-002
2.011906e+003,2.822290e-002
2.012388e+003,2.764648e-002
2.012870e+003,2.706253e-002
2.013352e+003,2.678571e-002
2.013834e+003,2.696325e-002
2.014316e+003,2.748803e-002
2.014799e+003,2.807030e-002
2.015281e+003,2.839066e-002
2.015763e+003,2.828045e-002
2.016245e+003,2.781711e-002
2.016727e+003,2.728927e-002
2.017209e+003,2.702105e-002
2.017691e+003,2.717204e-002
2.018173e+003,2.763707e-002
2.018656e+003,2.812942e-002
2.019138e+003,2.835371e-002
2.019620e+003,2.818439e-002
2.020102e+003,2.773145e-002
2.020584e+003,2.728896e-002
2.021066e+003,2.715104e-002
2.021548e+003,2.744641e-002
2.022031e+003,2.805110e-002
2.022512e+003,2.867600e-002
2.022995e+003,2.902336e-002
2.023477e+003,2.896805e-002
2.023959e+003,2.862709e-002
2.024441e+003,2.830251e-002
2.024923e+003,2.829415e-002
2.025405e+003,2.871633e-002
2.025887e+003,2.942044e-002
2.026370e+003,3.007639e-002
2.026852e+003,3.035210e-002
2.027334e+003,3.010293e-002
2.027816e+003,2.945254e-002
2.028298e+003,2.874164e-002
2.028780e+003,2.833103e-002
2.029262e+003,2.840533e-002
2.029744e+003,2.886540e-002
2.030227e+003,2.941821e-002
2.030709e+003,2.973845e-002
2.031191e+003,2.966310e-002
2.031673e+003,2.927256e-002
2.032155e+003,2.885425e-002
2.032637e+003,2.871497e-002
2.033119e+003,2.899672e-002
2.033601e+003,2.958423e-002
2.034083e+003,3.018293e-002
2.034566e+003,3.048527e-002
2.035048e+003,3.035166e-002
2.035530e+003,2.989040e-002
2.036012e+003,2.939421e-002
2.036494e+003,2.916842e-002
2.036976e+003,2.935992e-002
2.037458e+003,2.988135e-002
2.037940e+003,3.048663e-002
2.038423e+003,3.091543e-002
2.038905e+003,3.104167e-002
2.039387e+003,3.092452e-002
2.039869e+003,3.077199e-002
2.040351e+003,3.079592e-002
2.040833e+003,3.107446e-002
2.041315e+003,3.150116e-002
2.041798e+003,3.184823e-002
2.042280e+003,3.189924e-002
2.042762e+003,3.159158e-002
2.043244e+003,3.105269e-002
2.043726e+003,3.054543e-002
2.044208e+003,3.031838e-002
2.044690e+003,3.047521e-002
2.045172e+003,3.091766e-002
2.045655e+003,3.142156e-002
2.046137e+003,3.176209e-002
2.046619e+003,3.184892e-002
2.047101e+003,3.177629e-002
2.047583e+003,3.176893e-002
2.048065e+003,3.204447e-002
2.048547e+003,3.267491e-002
2.049029e+003,3.353193e-002
2.049511e+003,3.434752e-002
2.049994e+003,3.485190e-002
2.050476e+003,3.490566e-002
2.050958e+003,3.455182e-002
2.051440e+003,3.398523e-002
2.051922e+003,3.344027e-002
2.052404e+003,3.308783e-002
2.052886e+003,3.296833e-002
2.053368e+003,3.300912e-002
2.053851e+003,3.308566e-002
2.054333e+003,3.310402e-002
2.054815e+003,3.304587e-002
2.055297e+003,3.296988e-002
2.055779e+003,3.295485e-002
2.056261e+003,3.303695e-002
2.056743e+003,3.317872e-002
2.057226e+003,3.328937e-002
2.057708e+003,3.327905e-002
2.058190e+003,3.312030e-002
2.058672e+003,3.286910e-002
2.059154e+003,3.263998e-002
2.059636e+003,3.253899e-002
2.060118e+003,3.260465e-002
2.060600e+003,3.277962e-002
2.061083e+003,3.294797e-002
2.061565e+003,3.300145e-002
2.062047e+003,3.290271e-002
2.062529e+003,3.270999e-002
2.063011e+003,3.254906e-002
2.063493e+003,3.254036e-002
2.063975e+003,3.273194e-002
2.064457e+003,3.306892e-002
2.064939e+003,3.342356e-002
2.065422e+003,3.366460e-002
2.065904e+003,3.373088e-002
2.066386e+003,3.365971e-002
2.066868e+003,3.356013e-002
2.067350e+003,3.354535e-002
2.067832e+003,3.366712e-002
2.068314e+003,3.388844e-002
2.068796e+003,3.411156e-002
2.069279e+003,3.423631e-002
2.069761e+003,3.422177e-002
2.070243e+003,3.410498e-002
2.070725e+003,3.398409e-002
2.071207e+003,3.395137e-002
2.071689e+003,3.403962e-002
2.072171e+003,3.419944e-002
2.072654e+003,3.432945e-002
2.073135e+003,3.433510e-002
2.073618e+003,3.419084e-002
2.074100e+003,3.395812e-002
2.074582e+003,3.375768e-002
2.075064e+003,3.370492e-002
2.075546e+003,3.384820e-002
2.076028e+003,3.413942e-002
2.076510e+003,3.446725e-002
2.076993e+003,3.471174e-002
2.077475e+003,3.480950e-002
2.077957e+003,3.477944e-002
2.078439e+003,3.470628e-002
2.078921e+003,3.468441e-002
2.079403e+003,3.476484e-002
2.079885e+003,3.492489e-002
2.080367e+003,3.508970e-002
2.080850e+003,3.517668e-002
2.081332e+003,3.515048e-002
2.081814e+003,3.504081e-002
2.082296e+003,3.492701e-002
2.082778e+003,3.488746e-002
2.083260e+003,3.495380e-002
2.083742e+003,3.508575e-002
2.084224e+003,3.519798e-002
2.084707e+003,3.520461e-002
2.085189e+003,3.507004e-002
2.085671e+003,3.482984e-002
2.086153e+003,3.457344e-002
2.086635e+003,3.439391e-002
2.087117e+003,3.433994e-002
2.087599e+003,3.439084e-002
2.088082e+003,3.447352e-002
2.088563e+003,3.450707e-002
2.089046e+003,3.445061e-002
2.089528e+003,3.432395e-002
2.090010e+003,3.419537e-002
2.090492e+003,3.413307e-002
2.090974e+003,3.416533e-002
2.091456e+003,3.425437e-002
2.091938e+003,3.432245e-002
2.092421e+003,3.429392e-002
2.092903e+003,3.414536e-002
2.093385e+003,3.392092e-002
2.093867e+003,3.371926e-002
2.094349e+003,3.363831e-002
2.094831e+003,3.372384e-002
2.095313e+003,3.394266e-002
2.095795e+003,3.419933e-002
2.096278e+003,3.438960e-002
2.096760e+003,3.445674e-002
2.097242e+003,3.441769e-002
2.097724e+003,3.435010e-002
2.098206e+003,3.434175e-002
2.098688e+003,3.443940e-002
2.099170e+003,3.461837e-002
2.099652e+003,3.480057e-002
2.100135e+003,3.490153e-002
2.100617e+003,3.488083e-002
2.101099e+003,3.476386e-002
2.101581e+003,3.463202e-002
2.102063e+003,3.457398e-002
2.102545e+003,3.463705e-002
2.103027e+003,3.479888e-002
2.103510e+003,3.498506e-002
2.103991e+003,3.510863e-002
2.104474e+003,3.512261e-002
2.104956e+003,3.504245e-002
2.105438e+003,3.493871e-002
2.105920e+003,3.489089e-002
2.106402e+003,3.494587e-002
2.106884e+003,3.508660e-002
2.107366e+003,3.524868e-002
2.107849e+003,3.535713e-002
2.108331e+003,3.537153e-002
2.108813e+003,3.530787e-002
2.109295e+003,3.522696e-002
2.109777e+003,3.519652e-002
2.110259e+003,3.524874e-002
2.110741e+003,3.535920e-002
2.111223e+003,3.546093e-002
2.111706e+003,3.548205e-002
2.112188e+003,3.538853e-002
2.112670e+003,3.520281e-002
2.113152e+003,3.499230e-002
2.113634e+003,3.483006e-002
2.114116e+003,3.475492e-002
2.114598e+003,3.474902e-002
2.115080e+003,3.475636e-002
2.115563e+003,3.471536e-002
2.116045e+003,3.460044e-002
2.116527e+003,3.443903e-002
2.117009e+003,3.429702e-002
2.117491e+003,3.423901e-002
2.117973e+003,3.429007e-002
2.118455e+003,3.441839e-002
2.118938e+003,3.455225e-002
2.119420e+003,3.461808e-002
2.119902e+003,3.458453e-002
2.120384e+003,3.447590e-002
2.120866e+003,3.436206e-002
2.121348e+003,3.430983e-002
2.121830e+003,3.434572e-002
2.122312e+003,3.442885e-002
2.122794e+003,3.447581e-002
2.123277e+003,3.440170e-002
2.123759e+003,3.417158e-002
2.124241e+003,3.382266e-002
2.124723e+003,3.345235e-002
2.125205e+003,3.316865e-002
2.125687e+003,3.303651e-002
2.126169e+003,3.304817e-002
2.126651e+003,3.312950e-002
2.127134e+003,3.318523e-002
2.127616e+003,3.314854e-002
2.128098e+003,3.301442e-002
2.128580e+003,3.283356e-002
2.129062e+003,3.267471e-002
2.129544e+003,3.257613e-002
2.130026e+003,3.251362e-002
2.130509e+003,3.241650e-002
2.130990e+003,3.220763e-002
2.131473e+003,3.185820e-002
2.131955e+003,3.141345e-002
2.132437e+003,3.098685e-002
2.132919e+003,3.070159e-002
2.133401e+003,3.063123e-002
2.133883e+003,3.075676e-002
2.134365e+003,3.098094e-002
2.134848e+003,3.118017e-002
2.135330e+003,3.127590e-002
2.135812e+003,3.127454e-002
2.136294e+003,3.125781e-002
2.136776e+003,3.132337e-002
2.137258e+003,3.151490e-002
2.137740e+003,3.177961e-002
2.138222e+003,3.199773e-002
2.138705e+003,3.204338e-002
2.139187e+003,3.186023e-002
2.139669e+003,3.150358e-002
2.140151e+003,3.111500e-002
2.140633e+003,3.085141e-002
2.141115e+003,3.079727e-002
2.141597e+003,3.091482e-002
2.142079e+003,3.107009e-002
2.142562e+003,3.110563e-002
2.143044e+003,3.093695e-002
2.143526e+003,3.060035e-002
2.144008e+003,3.024427e-002
2.144490e+003,3.004557e-002
2.144972e+003,3.011685e-002
2.145454e+003,3.043792e-002
2.145937e+003,3.087691e-002
2.146418e+003,3.126054e-002
2.146901e+003,3.147194e-002
2.147383e+003,3.150433e-002
2.147865e+003,3.145707e-002
2.148347e+003,3.145302e-002
2.148829e+003,3.155213e-002
2.149311e+003,3.169778e-002
2.149793e+003,3.174793e-002
2.150276e+003,3.155524e-002
2.150758e+003,3.107542e-002
2.151240e+003,3.040527e-002
2.151722e+003,2.975753e-002
2.152204e+003,2.934518e-002
2.152686e+003,2.926609e-002
2.153168e+003,2.942554e-002
2.153650e+003,2.958915e-002
2.154133e+003,2.948616e-002
2.154615e+003,2.896281e-002
2.155097e+003,2.806660e-002
2.155579e+003,2.705044e-002
2.156061e+003,2.625407e-002
2.156543e+003,2.594987e-002
2.157025e+003,2.621826e-002
2.157507e+003,2.693992e-002
2.157990e+003,2.788614e-002
2.158472e+003,2.887030e-002
2.158954e+003,2.983421e-002
2.159436e+003,3.085055e-002
2.159918e+003,3.199704e-002
2.160400e+003,3.323768e-002
2.160882e+003,3.437607e-002
2.161365e+003,3.515977e-002
2.161846e+003,3.540814e-002
2.162329e+003,3.513454e-002
2.162811e+003,3.454131e-002
2.163293e+003,3.395058e-002
2.163775e+003,3.363083e-002
2.164257e+003,3.367497e-002
2.164739e+003,3.396048e-002
2.165221e+003,3.424464e-002
2.165704e+003,3.429484e-002
2.166186e+003,3.403519e-002
2.166668e+003,3.357699e-002
2.167150e+003,3.315965e-002
2.167632e+003,3.300775e-002
2.168114e+003,3.320998e-002
2.168596e+003,3.365804e-002
2.169078e+003,3.412513e-002
2.169561e+003,3.437425e-002
2.170043e+003,3.428502e-002
2.170525e+003,3.390653e-002
2.171007e+003,3.342166e-002
2.171489e+003,3.303705e-002
2.171971e+003,3.286821e-002
2.172453e+003,3.289011e-002
2.172935e+003,3.296026e-002
2.173417e+003,3.292477e-002
2.173900e+003,3.272281e-002
2.174382e+003,3.242632e-002
2.174864e+003,3.221412e-002
2.175346e+003,3.225661e-002
2.175828e+003,3.261437e-002
2.176310e+003,3.317680e-002
2.176792e+003,3.372343e-002
2.177274e+003,3.402797e-002
2.177757e+003,3.397754e-002
2.178239e+003,3.362482e-002
2.178721e+003,3.315926e-002
2.179203e+003,3.279875e-002
2.179685e+003,3.267756e-002
2.180167e+003,3.278619e-002
2.180649e+003,3.299423e-002
2.181132e+003,3.314049e-002
2.181614e+003,3.314535e-002
2.182096e+003,3.305025e-002
2.182578e+003,3.300274e-002
2.183060e+003,3.315107e-002
2.183542e+003,3.354830e-002
2.184024e+003,3.410316e-002
2.184506e+003,3.462208e-002
2.184989e+003,3.490895e-002
2.185471e+003,3.486436e-002
2.185953e+003,3.453481e-002
2.186435e+003,3.408913e-002
2.186917e+003,3.372132e-002
2.187399e+003,3.356018e-002
2.187881e+003,3.360701e-002
2.188363e+003,3.376383e-002
2.188845e+003,3.390429e-002
2.189328e+003,3.395943e-002
2.189810e+003,3.395336e-002
2.190292e+003,3.398364e-002
2.190774e+003,3.415099e-002
2.191256e+003,3.448587e-002
2.191738e+003,3.491365e-002
2.192220e+003,3.529371e-002
2.192702e+003,3.548870e-002
2.193185e+003,3.544378e-002
2.193667e+003,3.521087e-002
2.194149e+003,3.492754e-002
2.194631e+003,3.473571e-002
2.195113e+003,3.470963e-002
2.195595e+003,3.481858e-002
2.196077e+003,3.496020e-002
2.196560e+003,3.502623e-002
2.197042e+003,3.497713e-002
2.197524e+003,3.486404e-002
2.198006e+003,3.480235e-002
2.198488e+003,3.489453e-002
2.198970e+003,3.516408e-002
2.199452e+003,3.552230e-002
2.199934e+003,3.581512e-002
2.200417e+003,3.589572e-002
2.200899e+003,3.570696e-002
2.201381e+003,3.531175e-002
2.201863e+003,3.486818e-002
2.202345e+003,3.454832e-002
2.202827e+003,3.445813e-002
2.203309e+003,3.458745e-002
2.203791e+003,3.483481e-002
2.204273e+003,3.506954e-002
2.204756e+003,3.520642e-002
2.205238e+003,3.523997e-002
2.205720e+003,3.524138e-002
2.206202e+003,3.529262e-002
2.206684e+003,3.543225e-002
2.207166e+003,3.561865e-002
2.207648e+003,3.575611e-002
2.208130e+003,3.575025e-002
2.208613e+003,3.556992e-002
2.209095e+003,3.527001e-002
2.209577e+003,3.497333e-002
2.210059e+003,3.480061e-002
2.210541e+003,3.481306e-002
2.211023e+003,3.497450e-002
2.211505e+003,3.518292e-002
2.211988e+003,3.532220e-002
2.212469e+003,3.533059e-002
2.212952e+003,3.522502e-002
2.213434e+003,3.508732e-002
2.213916e+003,3.500527e-002
2.214398e+003,3.502141e-002
2.214880e+003,3.509915e-002
2.215362e+003,3.515489e-002
2.215844e+003,3.510711e-002
2.216327e+003,3.493799e-002
2.216809e+003,3.470318e-002
2.217291e+003,3.451874e-002
2.217773e+003,3.448785e-002
2.218255e+003,3.464590e-002
2.218737e+003,3.493536e-002
2.219219e+003,3.523273e-002
2.219701e+003,3.541066e-002
2.220184e+003,3.540424e-002
2.220666e+003,3.523768e-002
2.221148e+003,3.500758e-002
2.221630e+003,3.482521e-002
2.222112e+003,3.475758e-002
2.222594e+003,3.478932e-002
2.223076e+003,3.484665e-002
2.223558e+003,3.484459e-002
2.224041e+003,3.474488e-002
2.224523e+003,3.457868e-002
2.225005e+003,3.443536e-002
2.225487e+003,3.440499e-002
2.225969e+003,3.452572e-002
2.226451e+003,3.475929e-002
2.226933e+003,3.500826e-002
2.227416e+003,3.516698e-002
2.227897e+003,3.518178e-002
2.228380e+003,3.507248e-002
2.228862e+003,3.492570e-002
2.229344e+003,3.483716e-002
2.229826e+003,3.486621e-002
2.230308e+003,3.499702e-002
2.230790e+003,3.515917e-002
2.231272e+003,3.526583e-002
2.231755e+003,3.526915e-002
2.232237e+003,3.518381e-002
2.232719e+003,3.508102e-002
2.233201e+003,3.504387e-002
2.233683e+003,3.512096e-002
2.234165e+003,3.530002e-002
2.234647e+003,3.551807e-002
2.235129e+003,3.569851e-002
2.235612e+003,3.579597e-002
2.236094e+003,3.581769e-002
2.236576e+003,3.581857e-002
2.237058e+003,3.585874e-002
2.237540e+003,3.596986e-002
2.238022e+003,3.612822e-002
2.238504e+003,3.627265e-002
2.238986e+003,3.633575e-002
2.239469e+003,3.628774e-002
2.239951e+003,3.615180e-002
2.240433e+003,3.599557e-002
2.240915e+003,3.589191e-002
2.241397e+003,3.588098e-002
2.241879e+003,3.594943e-002
2.242361e+003,3.604143e-002
2.242844e+003,3.609136e-002
2.243326e+003,3.606403e-002
2.243808e+003,3.596948e-002
2.244290e+003,3.585762e-002
2.244772e+003,3.578114e-002
2.245254e+003,3.576899e-002
2.245736e+003,3.580354e-002
2.246218e+003,3.583662e-002
2.246700e+003,3.582022e-002
2.247183e+003,3.573955e-002
2.247665e+003,3.562392e-002
2.248147e+003,3.553369e-002
2.248629e+003,3.552524e-002
2.249111e+003,3.561794e-002
2.249593e+003,3.577905e-002
2.250075e+003,3.594016e-002
2.250557e+003,3.603126e-002
2.251040e+003,3.601948e-002
2.251522e+003,3.592240e-002
2.252004e+003,3.580113e-002
2.252486e+003,3.572472e-002
2.252968e+003,3.573539e-002
2.253450e+003,3.582931e-002
2.253932e+003,3.596589e-002
2.254415e+003,3.609224e-002
2.254896e+003,3.617840e-002
2.255379e+003,3.622732e-002
2.255861e+003,3.627004e-002
2.256343e+003,3.633691e-002
2.256825e+003,3.643299e-002
2.257307e+003,3.652826e-002
2.257789e+003,3.657381e-002
2.258271e+003,3.652865e-002
2.258754e+003,3.639080e-002
2.259236e+003,3.620010e-002
2.259718e+003,3.602481e-002
2.260200e+003,3.592731e-002
2.260682e+003,3.593311e-002
2.261164e+003,3.601716e-002
2.261646e+003,3.612366e-002
2.262128e+003,3.619288e-002
2.262611e+003,3.619989e-002
2.263093e+003,3.616302e-002
2.263575e+003,3.613672e-002
2.264057e+003,3.617842e-002
2.264539e+003,3.631840e-002
2.265021e+003,3.654163e-002
2.265503e+003,3.679827e-002
2.265985e+003,3.702966e-002
2.266468e+003,3.719835e-002
2.266950e+003,3.730112e-002
2.267432e+003,3.736523e-002
2.267914e+003,3.742228e-002
2.268396e+003,3.748832e-002
2.268878e+003,3.754814e-002
2.269360e+003,3.757010e-002
2.269843e+003,3.752612e-002
2.270324e+003,3.741681e-002
2.270807e+003,3.727659e-002
2.271289e+003,3.716244e-002
2.271771e+003,3.712453e-002
2.272253e+003,3.718275e-002
2.272735e+003,3.731560e-002
2.273217e+003,3.747325e-002
2.273699e+003,3.760414e-002
2.274182e+003,3.768186e-002
2.274664e+003,3.771608e-002
2.275146e+003,3.774412e-002
2.275628e+003,3.780680e-002
2.276110e+003,3.792397e-002
2.276592e+003,3.808032e-002
2.277074e+003,3.823870e-002
2.277556e+003,3.835795e-002
2.278039e+003,3.841889e-002
2.278521e+003,3.843243e-002
2.279003e+003,3.843547e-002
2.279485e+003,3.846738e-002
2.279967e+003,3.854997e-002
2.280449e+003,3.867605e-002
2.280931e+003,3.881752e-002
2.281413e+003,3.894216e-002
2.281896e+003,3.903477e-002
2.282378e+003,3.910327e-002
2.282860e+003,3.917378e-002
2.283342e+003,3.927099e-002
2.283824e+003,3.940219e-002
2.284306e+003,3.954818e-002
2.284788e+003,3.967446e-002
2.285271e+003,3.974692e-002
2.285752e+003,3.975160e-002
2.286235e+003,3.969959e-002
2.286717e+003,3.962343e-002
2.287199e+003,3.955670e-002
2.287681e+003,3.951843e-002
2.288163e+003,3.950506e-002
2.288645e+003,3.949539e-002
2.289127e+003,3.946590e-002
2.289610e+003,3.940823e-002
2.290092e+003,3.933270e-002
2.290574e+003,3.926644e-002
2.291056e+003,3.923443e-002
2.291538e+003,3.924766e-002
2.292020e+003,3.929360e-002
2.292502e+003,3.934383e-002
2.292984e+003,3.936862e-002
2.293467e+003,3.935104e-002
2.293949e+003,3.929702e-002
2.294431e+003,3.922833e-002
2.294913e+003,3.917108e-002
2.295395e+003,3.914063e-002
2.295877e+003,3.913461e-002
2.296359e+003,3.913682e-002
2.296841e+003,3.912825e-002
2.297323e+003,3.910147e-002
2.297806e+003,3.906581e-002
2.298288e+003,3.904265e-002
2.298770e+003,3.905235e-002
2.299252e+003,3.910276e-002
2.299734e+003,3.918063e-002
2.300216e+003,3.926089e-002
2.300698e+003,3.931542e-002
2.301180e+003,3.933065e-002
2.301663e+003,3.931128e-002
2.302145e+003,3.927865e-002
2.302627e+003,3.925673e-002
2.303109e+003,3.926026e-002
2.303591e+003,3.928809e-002
2.304073e+003,3.932561e-002
2.304555e+003,3.935536e-002
2.305038e+003,3.937091e-002
2.305520e+003,3.937938e-002
2.306002e+003,3.939953e-002
2.306484e+003,3.944839e-002
2.306966e+003,3.953170e-002
2.307448e+003,3.963644e-002
2.307930e+003,3.973796e-002
2.308412e+003,3.981280e-002
2.308895e+003,3.985120e-002
2.309377e+003,3.986287e-002
2.309859e+003,3.987231e-002
2.310341e+003,3.990532e-002
2.310823e+003,3.997476e-002
2.311305e+003,4.007436e-002
2.311787e+003,4.018212e-002
2.312269e+003,4.027280e-002
2.312751e+003,4.033313e-002
2.313234e+003,4.036636e-002
2.313716e+003,4.038961e-002
2.314198e+003,4.042221e-002
2.314680e+003,4.047104e-002
2.315162e+003,4.052849e-002
2.315644e+003,4.057593e-002
2.316126e+003,4.059716e-002
2.316608e+003,4.059186e-002
2.317091e+003,4.057713e-002
2.317573e+003,4.058477e-002
2.318055e+003,4.064336e-002
2.318537e+003,4.076588e-002
2.319019e+003,4.094143e-002
2.319501e+003,4.114263e-002
2.319983e+003,4.134090e-002
2.320466e+003,4.152309e-002
2.320948e+003,4.169610e-002
2.321430e+003,4.188170e-002
2.321912e+003,4.209605e-002
2.322394e+003,4.233364e-002
2.322876e+003,4.255795e-002
2.323358e+003,4.271407e-002
2.323840e+003,4.274912e-002
2.324323e+003,4.263507e-002
2.324805e+003,4.237998e-002
2.325287e+003,4.202333e-002
2.325769e+003,4.162040e-002
2.326251e+003,4.122293e-002
2.326733e+003,4.086544e-002
2.327215e+003,4.056266e-002
2.327697e+003,4.031385e-002
2.328179e+003,4.011511e-002
2.328662e+003,3.996576e-002
2.329144e+003,3.987046e-002
2.329626e+003,3.983175e-002
2.330108e+003,3.984224e-002
2.330590e+003,3.987996e-002
2.331072e+003,3.991369e-002
2.331554e+003,3.991623e-002
2.332036e+003,3.987892e-002
2.332519e+003,3.981593e-002
2.333001e+003,3.975920e-002
2.333483e+003,3.974129e-002
2.333965e+003,3.978094e-002
2.334447e+003,3.987267e-002
2.334929e+003,3.998987e-002
2.335411e+003,4.009867e-002
2.335894e+003,4.017314e-002
2.336375e+003,4.020727e-002
2.336858e+003,4.021484e-002
2.337340e+003,4.021775e-002
2.337822e+003,4.023306e-002
2.338304e+003,4.026175e-002
2.338786e+003,4.029117e-002
2.339268e+003,4.030335e-002
2.339750e+003,4.028947e-002
2.340233e+003,4.025574e-002
2.340715e+003,4.022184e-002
2.341197e+003,4.020825e-002
2.341679e+003,4.022444e-002
2.342161e+003,4.026122e-002
2.342643e+003,4.029721e-002
2.343125e+003,4.031099e-002
2.343607e+003,4.029683e-002
2.344090e+003,4.026730e-002
2.344572e+003,4.024876e-002
2.345054e+003,4.026309e-002
2.345536e+003,4.031447e-002
2.346018e+003,4.038373e-002
2.346500e+003,4.044016e-002
2.346982e+003,4.045761e-002
2.347464e+003,4.042732e-002
2.347947e+003,4.035922e-002
2.348429e+003,4.027627e-002
2.348911e+003,4.020358e-002
2.349393e+003,4.015937e-002
2.349875e+003,4.014857e-002
2.350357e+003,4.016256e-002
2.350839e+003,4.018417e-002
2.351322e+003,4.019670e-002
2.351803e+003,4.019255e-002
2.352286e+003,4.017873e-002
2.352768e+003,4.017010e-002
2.353250e+003,4.018052e-002
2.353732e+003,4.021017e-002
2.354214e+003,4.024526e-002
2.354696e+003,4.026576e-002
2.355178e+003,4.025915e-002
2.355661e+003,4.023005e-002
2.356143e+003,4.020003e-002
2.356625e+003,4.019389e-002
2.357107e+003,4.022477e-002
2.357589e+003,4.028126e-002
2.358071e+003,4.033541e-002
2.358553e+003,4.035578e-002
2.359035e+003,4.032931e-002
2.359518e+003,4.026860e-002
2.360000e+003,4.020900e-002
2.360482e+003,4.018597e-002
2.360964e+003,4.021452e-002
2.361446e+003,4.027766e-002
2.361928e+003,4.033545e-002
2.362410e+003,4.034678e-002
2.362892e+003,4.029216e-002
2.363375e+003,4.018726e-002
2.363857e+003,4.007516e-002
2.364339e+003,4.000440e-002
2.364821e+003,4.000571e-002
2.365303e+003,4.007694e-002
2.365785e+003,4.018953e-002
2.366267e+003,4.030354e-002
2.366750e+003,4.039283e-002
2.367232e+003,4.045278e-002
2.367714e+003,4.049996e-002
2.368196e+003,4.055505e-002
2.368678e+003,4.062894e-002
2.369160e+003,4.071112e-002
2.369642e+003,4.077813e-002
2.370124e+003,4.080678e-002
2.370606e+003,4.078917e-002
2.371089e+003,4.073804e-002
2.371571e+003,4.068224e-002
2.372053e+003,4.064897e-002
2.372535e+003,4.065168e-002
2.373017e+003,4.068357e-002
2.373499e+003,4.072374e-002
2.373981e+003,4.075044e-002
2.374463e+003,4.075339e-002
2.374946e+003,4.074078e-002
2.375428e+003,4.073202e-002
2.375910e+003,4.074750e-002
2.376392e+003,4.079624e-002
2.376874e+003,4.087137e-002
2.377356e+003,4.095350e-002
2.377838e+003,4.102272e-002
2.378321e+003,4.106859e-002
2.378802e+003,4.109488e-002
2.379285e+003,4.111633e-002
2.379767e+003,4.114969e-002
2.380249e+003,4.120407e-002
2.380731e+003,4.127546e-002
2.381213e+003,4.134959e-002
2.381695e+003,4.141020e-002
2.382177e+003,4.144693e-002
2.382660e+003,4.146091e-002
2.383142e+003,4.146264e-002
2.383624e+003,4.146585e-002
2.384106e+003,4.147941e-002
2.384588e+003,4.150318e-002
2.385070e+003,4.152811e-002
2.385552e+003,4.154399e-002
2.386034e+003,4.154605e-002
2.386517e+003,4.153872e-002
2.386999e+003,4.153312e-002
2.387481e+003,4.154225e-002
2.387963e+003,4.157172e-002
2.388445e+003,4.161661e-002
2.388927e+003,4.166439e-002
2.389409e+003,4.170058e-002
2.389891e+003,4.171814e-002
2.390374e+003,4.172144e-002
2.390856e+003,4.172458e-002
2.391338e+003,4.174348e-002
2.391820e+003,4.178720e-002
2.392302e+003,4.185281e-002
2.392784e+003,4.192695e-002
2.393266e+003,4.199336e-002
2.393749e+003,4.204138e-002
2.394230e+003,4.207149e-002
2.394713e+003,4.209541e-002
2.395195e+003,4.212720e-002
2.395677e+003,4.217626e-002
2.396159e+003,4.224056e-002
2.396641e+003,4.230761e-002
2.397123e+003,4.236120e-002
2.397605e+003,4.239149e-002
2.398088e+003,4.239852e-002
2.398570e+003,4.239529e-002
2.399052e+003,4.239735e-002
2.399534e+003,4.241772e-002
2.400016e+003,4.245788e-002
2.400498e+003,4.250981e-002
2.400980e+003,4.255937e-002
2.401462e+003,4.259726e-002
2.401945e+003,4.262165e-002
2.402427e+003,4.264015e-002
2.402909e+003,4.266380e-002
2.403391e+003,4.270148e-002
2.403873e+003,4.275486e-002
2.404355e+003,4.281855e-002
2.404837e+003,4.288641e-002
2.405319e+003,4.295645e-002
2.405802e+003,4.303417e-002
2.406284e+003,4.312912e-002
2.406766e+003,4.324780e-002
2.407248e+003,4.338841e-002
2.407730e+003,4.353548e-002
2.408212e+003,4.366856e-002
2.408694e+003,4.376902e-002
2.409177e+003,4.382988e-002
2.409658e+003,4.385964e-002
2.410141e+003,4.387815e-002
2.410623e+003,4.390601e-002
2.411105e+003,4.395461e-002
2.411587e+003,4.401948e-002
2.412069e+003,4.408455e-002
2.412551e+003,4.412879e-002
2.413033e+003,4.413995e-002
2.413516e+003,4.411908e-002
2.413998e+003,4.408067e-002
2.414480e+003,4.404408e-002
2.414962e+003,4.402509e-002
2.415444e+003,4.402712e-002
2.415926e+003,4.404334e-002
2.416408e+003,4.406339e-002
2.416890e+003,4.408163e-002
2.417373e+003,4.410170e-002
2.417855e+003,4.413581e-002
2.418337e+003,4.419609e-002
2.418819e+003,4.428741e-002
2.419301e+003,4.440159e-002
2.419783e+003,4.452060e-002
2.420265e+003,4.462510e-002
2.420747e+003,4.470421e-002
2.421229e+003,4.475890e-002
2.421712e+003,4.480248e-002
2.422194e+003,4.485093e-002
2.422676e+003,4.491347e-002
2.423158e+003,4.498751e-002
2.423640e+003,4.506067e-002
2.424122e+003,4.511892e-002
2.424604e+003,4.515524e-002
2.425086e+003,4.517579e-002
2.425569e+003,4.519677e-002
2.426051e+003,4.523537e-002
2.426533e+003,4.530076e-002
2.427015e+003,4.538952e-002
2.427497e+003,4.548603e-002
2.427979e+003,4.557252e-002
2.428461e+003,4.563896e-002
2.428944e+003,4.568793e-002
2.429426e+003,4.573331e-002
2.429908e+003,4.579015e-002
2.430390e+003,4.586686e-002
2.430872e+003,4.595755e-002
2.431354e+003,4.604543e-002
2.431836e+003,4.611222e-002
2.432318e+003,4.614713e-002
2.432801e+003,4.615518e-002
2.433283e+003,4.615287e-002
2.433765e+003,4.616041e-002
2.434247e+003,4.619171e-002
2.434729e+003,4.624663e-002
2.435211e+003,4.631370e-002
2.435693e+003,4.637726e-002
2.436175e+003,4.642827e-002
2.436657e+003,4.646884e-002
2.437140e+003,4.651162e-002
2.437622e+003,4.657162e-002
2.438104e+003,4.665445e-002
2.438586e+003,4.675411e-002
2.439068e+003,4.685221e-002
2.439550e+003,4.693008e-002
2.440032e+003,4.697730e-002
2.440514e+003,4.699825e-002
2.440997e+003,4.701194e-002
2.441479e+003,4.703983e-002
2.441961e+003,4.709690e-002
2.442443e+003,4.718310e-002
2.442925e+003,4.728492e-002
2.443407e+003,4.738330e-002
2.443889e+003,4.746413e-002
2.444372e+003,4.752591e-002
2.444854e+003,4.757934e-002
2.445336e+003,4.763974e-002
2.445818e+003,4.771770e-002
2.446300e+003,4.781190e-002
2.446782e+003,4.791062e-002
2.447264e+003,4.799819e-002
2.447746e+003,4.806407e-002
2.448229e+003,4.810927e-002
2.448711e+003,4.814557e-002
2.449193e+003,4.818791e-002
2.449675e+003,4.824691e-002
2.450157e+003,4.832183e-002
2.450639e+003,4.840144e-002
2.451121e+003,4.847343e-002
2.451604e+003,4.852930e-002
2.452085e+003,4.857175e-002
2.452568e+003,4.861285e-002
2.453050e+003,4.866495e-002
2.453532e+003,4.873510e-002
2.454014e+003,4.881806e-002
2.454496e+003,4.889968e-002
2.454978e+003,4.896481e-002
2.455460e+003,4.900662e-002
2.455943e+003,4.903073e-002
2.456425e+003,4.905306e-002
2.456907e+003,4.909097e-002
2.457389e+003,4.915432e-002
2.457871e+003,4.924029e-002
2.458353e+003,4.933406e-002
2.458835e+003,4.941806e-002
2.459317e+003,4.948092e-002
2.459800e+003,4.952374e-002
2.460282e+003,4.955839e-002
2.460764e+003,4.959850e-002
2.461246e+003,4.965306e-002
2.461728e+003,4.971851e-002
2.462210e+003,4.978209e-002
2.462692e+003,4.982903e-002
2.463174e+003,4.985271e-002
2.463656e+003,4.985759e-002
2.464139e+003,4.986069e-002
2.464621e+003,4.987976e-002
2.465103e+003,4.992513e-002
2.465585e+003,4.999344e-002
2.466067e+003,5.006965e-002
2.466549e+003,5.013468e-002
2.467031e+003,5.017771e-002
2.467513e+003,5.020081e-002
2.467996e+003,5.022004e-002
2.468478e+003,5.025531e-002
2.468960e+003,5.032188e-002
2.469442e+003,5.042115e-002
2.469924e+003,5.054088e-002
2.470406e+003,5.066212e-002
2.470888e+003,5.076771e-002
2.471371e+003,5.084966e-002
2.471853e+003,5.091170e-002
2.472335e+003,5.096346e-002
2.472817e+003,5.101327e-002
2.473299e+003,5.106438e-002
2.473781e+003,5.111285e-002
2.474263e+003,5.115367e-002
2.474745e+003,5.118633e-002
2.475228e+003,5.121644e-002
2.475710e+003,5.125532e-002
2.476192e+003,5.131221e-002
2.476674e+003,5.138916e-002
2.477156e+003,5.147665e-002
2.477638e+003,5.155988e-002
2.478120e+003,5.162556e-002
2.478602e+003,5.167042e-002
2.479084e+003,5.170511e-002
2.479567e+003,5.174852e-002
2.480049e+003,5.181826e-002
2.480531e+003,5.192104e-002
2.481013e+003,5.204795e-002
2.481495e+003,5.217818e-002
2.481977e+003,5.228923e-002
2.482459e+003,5.236924e-002
2.482941e+003,5.242173e-002
2.483424e+003,5.246421e-002
2.483906e+003,5.251864e-002
2.484388e+003,5.259910e-002
2.484870e+003,5.270535e-002
2.485352e+003,5.282341e-002
2.485834e+003,5.293339e-002
2.486316e+003,5.302032e-002
2.486799e+003,5.308158e-002
2.487281e+003,5.312607e-002
2.487763e+003,5.316900e-002
2.488245e+003,5.321958e-002
2.488727e+003,5.327754e-002
2.489209e+003,5.333265e-002
2.489691e+003,5.337272e-002
2.490173e+003,5.339136e-002
2.490656e+003,5.339503e-002
2.491138e+003,5.340103e-002
2.491620e+003,5.342724e-002
2.492102e+003,5.348634e-002
2.492584e+003,5.357426e-002
2.493066e+003,5.367541e-002
2.493548e+003,5.376950e-002
2.494030e+003,5.384207e-002
2.494512e+003,5.389069e-002
2.494995e+003,5.392745e-002
2.495477e+003,5.396932e-002
2.495959e+003,5.402948e-002
2.496441e+003,5.410921e-002
2.496923e+003,5.419958e-002
2.497405e+003,5.428443e-002
2.497887e+003,5.435286e-002
2.498370e+003,5.440252e-002
2.498852e+003,5.444182e-002
2.499334e+003,5.448359e-002
2.499816e+003,5.453651e-002
2.500298e+003,5.460079e-002
2.500780e+003,5.466674e-002
2.501262e+003,5.472416e-002
2.501744e+003,5.476679e-002
2.502227e+003,5.479958e-002
2.502709e+003,5.483647e-002
2.503191e+003,5.489214e-002
2.503673e+003,5.497470e-002
2.504155e+003,5.507998e-002
2.504637e+003,5.519309e-002
2.505119e+003,5.529558e-002
2.505601e+003,5.537531e-002
2.506083e+003,5.543220e-002
2.506566e+003,5.547816e-002
2.507048e+003,5.552905e-002
2.507530e+003,5.559691e-002
2.508012e+003,5.568315e-002
2.508494e+003,5.577907e-002
2.508976e+003,5.587054e-002
2.509458e+003,5.594913e-002
2.509940e+003,5.601451e-002
2.510423e+003,5.607465e-002
2.510905e+003,5.613999e-002
2.511387e+003,5.621560e-002
2.511869e+003,5.629667e-002
2.512351e+003,5.637042e-002
2.512833e+003,5.642340e-002
2.513315e+003,5.644984e-002
2.513798e+003,5.645593e-002
2.514280e+003,5.645870e-002
2.514762e+003,5.647592e-002
2.515244e+003,5.652027e-002
2.515726e+003,5.658975e-002
2.516208e+003,5.667216e-002
2.516690e+003,5.675151e-002
2.517172e+003,5.681677e-002
2.517655e+003,5.686842e-002
2.518137e+003,5.691754e-002
2.518619e+003,5.697750e-002
2.519101e+003,5.705699e-002
2.519583e+003,5.715280e-002
2.520065e+003,5.725171e-002
2.520547e+003,5.733730e-002
2.521029e+003,5.739994e-002
2.521511e+003,5.744101e-002
2.521994e+003,5.747305e-002
2.522476e+003,5.751143e-002
2.522958e+003,5.756842e-002
2.523440e+003,5.764358e-002
2.523922e+003,5.772660e-002
2.524404e+003,5.780517e-002
2.524886e+003,5.787071e-002
2.525368e+003,5.792481e-002
2.525851e+003,5.797716e-002
2.526333e+003,5.804020e-002
2.526815e+003,5.811828e-002
2.527297e+003,5.820522e-002
2.527779e+003,5.828539e-002
2.528261e+003,5.834200e-002
2.528743e+003,5.836753e-002
2.529226e+003,5.836717e-002
2.529708e+003,5.835956e-002
2.530190e+003,5.836634e-002
2.530672e+003,5.840266e-002
2.531154e+003,5.846898e-002
2.531636e+003,5.855311e-002
2.532118e+003,5.863549e-002
2.532600e+003,5.870224e-002
2.533083e+003,5.874883e-002
2.533565e+003,5.878454e-002
2.534047e+003,5.882310e-002
2.534529e+003,5.887717e-002
2.535011e+003,5.894845e-002
2.535493e+003,5.902950e-002
2.535975e+003,5.910695e-002
2.536457e+003,5.917167e-002
2.536939e+003,5.922292e-002
2.537422e+003,5.927019e-002
2.537904e+003,5.932601e-002
2.538386e+003,5.940012e-002
2.538868e+003,5.949130e-002
2.539350e+003,5.958999e-002
2.539832e+003,5.968240e-002
2.540314e+003,5.975833e-002
2.540796e+003,5.981623e-002
2.541279e+003,5.986403e-002
2.541761e+003,5.991229e-002
2.542243e+003,5.996795e-002
2.542725e+003,6.003065e-002
2.543207e+003,6.009275e-002
2.543689e+003,6.014427e-002
2.544171e+003,6.018265e-002
2.544654e+003,6.021354e-002
2.545135e+003,6.025052e-002
2.545618e+003,6.030753e-002
2.546100e+003,6.039085e-002
2.546582e+003,6.049427e-002
2.547064e+003,6.060181e-002
2.547546e+003,6.069504e-002
2.548028e+003,6.076094e-002
2.548510e+003,6.079964e-002
2.548993e+003,6.082302e-002
2.549475e+003,6.084755e-002
2.549957e+003,6.088601e-002
2.550439e+003,6.094172e-002
2.550921e+003,6.100772e-002
2.551403e+003,6.107294e-002
2.551885e+003,6.112915e-002
2.552367e+003,6.117733e-002
2.552850e+003,6.122626e-002
2.553332e+003,6.128691e-002
2.553814e+003,6.136645e-002
2.554296e+003,6.146185e-002
2.554778e+003,6.156184e-002
2.555260e+003,6.165259e-002
2.555742e+003,6.172590e-002
2.556224e+003,6.178304e-002
2.556707e+003,6.183490e-002
2.557189e+003,6.189485e-002
2.557671e+003,6.197157e-002
2.558153e+003,6.206302e-002
2.558635e+003,6.215880e-002
2.559117e+003,6.224423e-002
2.559599e+003,6.230932e-002
2.560082e+003,6.235490e-002
2.560563e+003,6.238979e-002
2.561046e+003,6.242782e-002
2.561528e+003,6.247819e-002
2.562010e+003,6.254113e-002
2.562492e+003,6.260958e-002
2.562974e+003,6.267318e-002
2.563456e+003,6.272729e-002
2.563938e+003,6.277496e-002
2.564421e+003,6.282821e-002
2.564903e+003,6.290010e-002
2.565385e+003,6.299754e-002
2.565867e+003,6.311635e-002
2.566349e+003,6.324241e-002
2.566831e+003,6.335745e-002
2.567313e+003,6.344842e-002
2.567795e+003,6.351238e-002
2.568278e+003,6.355746e-002
2.568760e+003,6.359778e-002
2.569242e+003,6.364514e-002
2.569724e+003,6.370421e-002
2.570206e+003,6.377118e-002
2.570688e+003,6.383770e-002
2.571170e+003,6.389757e-002
2.571652e+003,6.395033e-002
2.572135e+003,6.400185e-002
2.572617e+003,6.405980e-002
2.573099e+003,6.412859e-002
2.573581e+003,6.420591e-002
2.574063e+003,6.428352e-002
2.574545e+003,6.435312e-002
2.575027e+003,6.441145e-002
2.575510e+003,6.446300e-002
2.575991e+003,6.451902e-002
2.576474e+003,6.459077e-002
2.576956e+003,6.468338e-002
2.577438e+003,6.479213e-002
2.577920e+003,6.490542e-002
2.578402e+003,6.501083e-002
2.578884e+003,6.510132e-002
2.579366e+003,6.517961e-002
2.579849e+003,6.525703e-002
2.580331e+003,6.534498e-002
2.580813e+003,6.545011e-002
2.581295e+003,6.556690e-002
2.581777e+003,6.568217e-002
2.582259e+003,6.578109e-002
2.582741e+003,6.585417e-002
2.583223e+003,6.590349e-002
2.583706e+003,6.594168e-002
2.584188e+003,6.598503e-002
2.584670e+003,6.604585e-002
2.585152e+003,6.612629e-002
2.585634e+003,6.621969e-002
2.586116e+003,6.631267e-002
2.586598e+003,6.639630e-002
2.587080e+003,6.646870e-002
2.587563e+003,6.653649e-002
2.588045e+003,6.661003e-002
2.588527e+003,6.669679e-002
2.589009e+003,6.679642e-002
2.589491e+003,6.690210e-002
2.589973e+003,6.700300e-002
2.590455e+003,6.709308e-002
2.590938e+003,6.717228e-002
2.591419e+003,6.724894e-002
2.591902e+003,6.733330e-002
2.592384e+003,6.743301e-002
2.592866e+003,6.754562e-002
2.593348e+003,6.766229e-002
2.593830e+003,6.776989e-002
2.594312e+003,6.785943e-002
2.594794e+003,6.792939e-002
2.595277e+003,6.798676e-002
2.595759e+003,6.804344e-002
2.596241e+003,6.810743e-002
2.596723e+003,6.818268e-002
2.597205e+003,6.826492e-002
2.597687e+003,6.834800e-002
2.598169e+003,6.842773e-002
2.598651e+003,6.850603e-002
2.599134e+003,6.859020e-002
2.599616e+003,6.868916e-002
2.600098e+003,6.880819e-002
2.600580e+003,6.894451e-002
2.601062e+003,6.908830e-002
2.601544e+003,6.922747e-002
2.602026e+003,6.935233e-002
2.602508e+003,6.946017e-002
2.602990e+003,6.955548e-002
2.603473e+003,6.964479e-002
2.603955e+003,6.973375e-002
2.604437e+003,6.982267e-002
2.604919e+003,6.990693e-002
2.605401e+003,6.998184e-002
2.605883e+003,7.004661e-002
2.606365e+003,7.010642e-002
2.606847e+003,7.017206e-002
2.607330e+003,7.025518e-002
2.607812e+003,7.036202e-002
2.608294e+003,7.049064e-002
2.608776e+003,7.063043e-002
2.609258e+003,7.076892e-002
2.609740e+003,7.089522e-002
2.610222e+003,7.100637e-002
2.610705e+003,7.110671e-002
2.611187e+003,7.120312e-002
2.611669e+003,7.130206e-002
2.612151e+003,7.140435e-002
2.612633e+003,7.150649e-002
2.613115e+003,7.160324e-002
2.613597e+003,7.169199e-002
2.614079e+003,7.177551e-002
2.614562e+003,7.186250e-002
2.615044e+003,7.196095e-002
2.615526e+003,7.207542e-002
2.616008e+003,7.220332e-002
2.616490e+003,7.233655e-002
2.616972e+003,7.246355e-002
2.617454e+003,7.257719e-002
2.617936e+003,7.267647e-002
2.618418e+003,7.276708e-002
2.618901e+003,7.285670e-002
2.619383e+003,7.295109e-002
2.619865e+003,7.305004e-002
2.620347e+003,7.314821e-002
2.620829e+003,7.323740e-002
2.621311e+003,7.331339e-002
2.621793e+003,7.337748e-002
2.622276e+003,7.343694e-002
2.622758e+003,7.350124e-002
2.623240e+003,7.357816e-002
2.623722e+003,7.366874e-002
2.624204e+003,7.376958e-002
2.624686e+003,7.387444e-002
2.625168e+003,7.397858e-002
2.625650e+003,7.408120e-002
2.626133e+003,7.418655e-002
2.626615e+003,7.429900e-002
2.627097e+003,7.442013e-002
2.627579e+003,7.454604e-002
2.628061e+003,7.466868e-002
2.628543e+003,7.477983e-002
2.629025e+003,7.487457e-002
2.629507e+003,7.495528e-002
2.629990e+003,7.503080e-002
2.630472e+003,7.511176e-002
2.630954e+003,7.520504e-002
2.631436e+003,7.531288e-002
2.631918e+003,7.542895e-002
2.632400e+003,7.554479e-002
2.632882e+003,7.565323e-002
2.633364e+003,7.575285e-002
2.633846e+003,7.584757e-002
2.634329e+003,7.594428e-002
2.634811e+003,7.604924e-002
2.635293e+003,7.616339e-002
2.635775e+003,7.628307e-002
2.636257e+003,7.640094e-002
2.636739e+003,7.651076e-002
2.637221e+003,7.661013e-002
2.637704e+003,7.670125e-002
2.638186e+003,7.678854e-002
2.638668e+003,7.687539e-002
2.639150e+003,7.696164e-002
2.639632e+003,7.704370e-002
2.640114e+003,7.711664e-002
2.640596e+003,7.717787e-002
2.641078e+003,7.722884e-002
2.641561e+003,7.727684e-002
2.642043e+003,7.733017e-002
2.642525e+003,7.739693e-002
2.643007e+003,7.748009e-002
2.643489e+003,7.757678e-002
2.643971e+003,7.768233e-002
2.644453e+003,7.779062e-002
2.644935e+003,7.789829e-002
2.645417e+003,7.800509e-002
2.645900e+003,7.811201e-002
2.646382e+003,7.821935e-002
2.646864e+003,7.832532e-002
2.647346e+003,7.842532e-002
2.647828e+003,7.851504e-002
2.648310e+003,7.859228e-002
2.648792e+003,7.865959e-002
2.649274e+003,7.872344e-002
2.649757e+003,7.879144e-002
2.650239e+003,7.886964e-002
2.650721e+003,7.895970e-002
2.651203e+003,7.905828e-002
2.651685e+003,7.915980e-002
2.652167e+003,7.925938e-002
2.652649e+003,7.935430e-002
2.653132e+003,7.944594e-002
2.653614e+003,7.953651e-002
2.654096e+003,7.962812e-002
2.654578e+003,7.971901e-002
2.655060e+003,7.980422e-002
2.655542e+003,7.987886e-002
2.656024e+003,7.993892e-002
2.656506e+003,7.998514e-002
2.656989e+003,8.002182e-002
2.657471e+003,8.005617e-002
2.657953e+003,8.009484e-002
2.658435e+003,8.014034e-002
2.658917e+003,8.019161e-002
2.659399e+003,8.024421e-002
2.659881e+003,8.029334e-002
2.660363e+003,8.033501e-002
2.660845e+003,8.036876e-002
2.661328e+003,8.039505e-002
2.661810e+003,8.041594e-002
2.662292e+003,8.043212e-002
2.662774e+003,8.044366e-002
2.663256e+003,8.045018e-002
2.663738e+003,8.045264e-002
2.664220e+003,8.045498e-002
2.664702e+003,8.046160e-002
2.665185e+003,8.047710e-002
2.665667e+003,8.050377e-002
2.666149e+003,8.054022e-002
2.666631e+003,8.058206e-002
2.667113e+003,8.062458e-002
2.667595e+003,8.066379e-002
2.668077e+003,8.069959e-002
2.668560e+003,8.073486e-002
2.669042e+003,8.077361e-002
2.669524e+003,8.081939e-002
2.670006e+003,8.087262e-002
2.670488e+003,8.093048e-002
2.670970e+003,8.099008e-002
2.671452e+003,8.104806e-002
2.671934e+003,8.110446e-002
2.672417e+003,8.116146e-002
2.672899e+003,8.122168e-002
2.673381e+003,8.128697e-002
2.673863e+003,8.135656e-002
2.674345e+003,8.142664e-002
2.674827e+003,8.149379e-002
2.675309e+003,8.155612e-002
2.675791e+003,8.161381e-002
2.676273e+003,8.167094e-002
2.676756e+003,8.173122e-002
2.677238e+003,8.179696e-002
2.677720e+003,8.186699e-002
2.678202e+003,8.193733e-002
2.678684e+003,8.200323e-002
2.679166e+003,8.206047e-002
2.679648e+003,8.210879e-002
2.680130e+003,8.215119e-002
2.680613e+003,8.219150e-002
2.681095e+003,8.223223e-002
2.681577e+003,8.227409e-002
2.682059e+003,8.231530e-002
2.682541e+003,8.235357e-002
2.683023e+003,8.238916e-002
2.683505e+003,8.242546e-002
2.683988e+003,8.246747e-002
2.684469e+003,8.252104e-002
2.684952e+003,8.258819e-002
2.685434e+003,8.266681e-002
2.685916e+003,8.275036e-002
2.686398e+003,8.283094e-002
2.686880e+003,8.290221e-002
2.687362e+003,8.296239e-002
2.687844e+003,8.301351e-002
2.688327e+003,8.306074e-002
2.688809e+003,8.310816e-002
2.689291e+003,8.315826e-002
2.689773e+003,8.321060e-002
2.690255e+003,8.326341e-002
2.690737e+003,8.331663e-002
2.691219e+003,8.337245e-002
2.691701e+003,8.343565e-002
2.692184e+003,8.351097e-002
2.692666e+003,8.359960e-002
2.693148e+003,8.369874e-002
2.693630e+003,8.380174e-002
2.694112e+003,8.390083e-002
2.694594e+003,8.399048e-002
2.695076e+003,8.407008e-002
2.695558e+003,8.414386e-002
2.696041e+003,8.421784e-002
2.696523e+003,8.429722e-002
2.697005e+003,8.438241e-002
2.697487e+003,8.446983e-002
2.697969e+003,8.455373e-002
2.698451e+003,8.462996e-002
2.698933e+003,8.469822e-002
2.699416e+003,8.476345e-002
2.699897e+003,8.483264e-002
2.700380e+003,8.491290e-002
2.700862e+003,8.500677e-002
2.701344e+003,8.511249e-002
2.701826e+003,8.522473e-002
2.702308e+003,8.533718e-002
2.702790e+003,8.544593e-002
2.703272e+003,8.555116e-002
2.703755e+003,8.565535e-002
2.704237e+003,8.576211e-002
2.704719e+003,8.587263e-002
2.705201e+003,8.598668e-002
2.705683e+003,8.610186e-002
2.706165e+003,8.621610e-002
2.706647e+003,8.632962e-002
2.707129e+003,8.644616e-002
2.707612e+003,8.656931e-002
2.708094e+003,8.670209e-002
2.708576e+003,8.684419e-002
2.709058e+003,8.699146e-002
2.709540e+003,8.713853e-002
2.710022e+003,8.728071e-002
2.710504e+003,8.741551e-002
2.710986e+003,8.754591e-002
2.711469e+003,8.767557e-002
2.711951e+003,8.780840e-002
2.712433e+003,8.794728e-002
2.712915e+003,8.809089e-002
2.713397e+003,8.823647e-002
2.713879e+003,8.838288e-002
2.714361e+003,8.853014e-002
2.714844e+003,8.868153e-002
2.715325e+003,8.884133e-002
2.715808e+003,8.901305e-002
2.716290e+003,8.919559e-002
2.716772e+003,8.938455e-002
2.717254e+003,8.957427e-002
2.717736e+003,8.975942e-002
2.718218e+003,8.993714e-002
2.718700e+003,9.010991e-002
2.719183e+003,9.028111e-002
2.719665e+003,9.045461e-002
2.720147e+003,9.063198e-002
2.720629e+003,9.081148e-002
2.721111e+003,9.098931e-002
2.721593e+003,9.116312e-002
2.722075e+003,9.133185e-002
2.722557e+003,9.149908e-002
2.723040e+003,9.166943e-002
2.723522e+003,9.184734e-002
2.724004e+003,9.203365e-002
2.724486e+003,9.222578e-002
2.724968e+003,9.241838e-002
2.725450e+003,9.260689e-002
2.725932e+003,9.278825e-002
2.726414e+003,9.296376e-002
2.726896e+003,9.313665e-002
2.727379e+003,9.331092e-002
2.727861e+003,9.348831e-002
2.728343e+003,9.366791e-002
2.728825e+003,9.384701e-002
2.729307e+003,9.402267e-002
2.729789e+003,9.419448e-002
2.730271e+003,9.436471e-002
2.730753e+003,9.453765e-002
2.731236e+003,9.471683e-002
2.731718e+003,9.490445e-002
2.732200e+003,9.509842e-002
2.732682e+003,9.529515e-002
2.733164e+003,9.549016e-002
2.733646e+003,9.568086e-002
2.734128e+003,9.586754e-002
2.734611e+003,9.605105e-002
2.735093e+003,9.623416e-002
2.735575e+003,9.641704e-002
2.736057e+003,9.659911e-002
2.736539e+003,9.677912e-002
2.737021e+003,9.695506e-002
2.737503e+003,9.712806e-002
2.737985e+003,9.730109e-002
2.738468e+003,9.747708e-002
2.738950e+003,9.765808e-002
2.739432e+003,9.784327e-002
2.739914e+003,9.802946e-002
2.740396e+003,9.821264e-002
2.740878e+003,9.839031e-002
2.741360e+003,9.856184e-002
2.741842e+003,9.873105e-002
2.742324e+003,9.890182e-002
2.742807e+003,9.907753e-002
2.743289e+003,9.925874e-002
2.743771e+003,9.944240e-002
2.744253e+003,9.962445e-002
2.744735e+003,9.980104e-002
2.745217e+003,9.997121e-002
2.745699e+003,1.001375e-001
2.746182e+003,1.003050e-001
2.746664e+003,1.004780e-001
2.747146e+003,1.006593e-001
2.747628e+003,1.008471e-001
2.748110e+003,1.010384e-001
2.748592e+003,1.012289e-001
2.749074e+003,1.014144e-001
2.749556e+003,1.015945e-001
2.750039e+003,1.017687e-001
2.750521e+003,1.019381e-001
2.751003e+003,1.021026e-001
2.751485e+003,1.022624e-001
2.751967e+003,1.024189e-001
2.752449e+003,1.025747e-001
2.752931e+003,1.027348e-001
2.753413e+003,1.029056e-001
2.753896e+003,1.030917e-001
2.754378e+003,1.032939e-001
2.754860e+003,1.035089e-001
2.755342e+003,1.037285e-001
2.755824e+003,1.039459e-001
2.756306e+003,1.041551e-001
2.756788e+003,1.043555e-001
2.757270e+003,1.045511e-001
2.757752e+003,1.047478e-001
2.758235e+003,1.049504e-001
2.758717e+003,1.051594e-001
2.759199e+003,1.053719e-001
2.759681e+003,1.055821e-001
2.760163e+003,1.057847e-001
2.760645e+003,1.059787e-001
2.761127e+003,1.061666e-001
2.761610e+003,1.063540e-001
2.762092e+003,1.065460e-001
2.762574e+003,1.067450e-001
2.763056e+003,1.069499e-001
2.763538e+003,1.071575e-001
2.764020e+003,1.073636e-001
2.764502e+003,1.075676e-001
2.764984e+003,1.077706e-001
2.765467e+003,1.079764e-001
2.765949e+003,1.081875e-001
2.766431e+003,1.084040e-001
2.766913e+003,1.086232e-001
2.767395e+003,1.088404e-001
2.767877e+003,1.090510e-001
2.768359e+003,1.092546e-001
2.768841e+003,1.094533e-001
2.769323e+003,1.096519e-001
2.769806e+003,1.098555e-001
2.770288e+003,1.100664e-001
2.770770e+003,1.102850e-001
2.771252e+003,1.105083e-001
2.771734e+003,1.107346e-001
2.772216e+003,1.109629e-001
2.772698e+003,1.111946e-001
2.773180e+003,1.114310e-001
2.773663e+003,1.116726e-001
2.774145e+003,1.119160e-001
2.774627e+003,1.121556e-001
2.775109e+003,1.123852e-001
2.775591e+003,1.126002e-001
2.776073e+003,1.128009e-001
2.776555e+003,1.129925e-001
2.777038e+003,1.131825e-001
2.777520e+003,1.133787e-001
2.778002e+003,1.135850e-001
2.778484e+003,1.138020e-001
2.778966e+003,1.140267e-001
2.779448e+003,1.142552e-001
2.779930e+003,1.144857e-001
2.780412e+003,1.147194e-001
2.780895e+003,1.149592e-001
2.781377e+003,1.152069e-001
2.781859e+003,1.154626e-001
2.782341e+003,1.157234e-001
2.782823e+003,1.159841e-001
2.783305e+003,1.162413e-001
2.783787e+003,1.164934e-001
2.784269e+003,1.167435e-001
2.784751e+003,1.169964e-001
2.785234e+003,1.172566e-001
2.785716e+003,1.175258e-001
2.786198e+003,1.178023e-001
2.786680e+003,1.180815e-001
2.787162e+003,1.183582e-001
2.787644e+003,1.186300e-001
2.788126e+003,1.188964e-001
2.788608e+003,1.191595e-001
2.789091e+003,1.194210e-001
2.789573e+003,1.196808e-001
2.790055e+003,1.199365e-001
2.790537e+003,1.201855e-001
2.791019e+003,1.204263e-001
2.791501e+003,1.206618e-001
2.791983e+003,1.208985e-001
2.792466e+003,1.211450e-001
2.792948e+003,1.214088e-001
2.793430e+003,1.216929e-001
2.793912e+003,1.219948e-001
2.794394e+003,1.223084e-001
2.794876e+003,1.226251e-001
2.795358e+003,1.229382e-001
2.795840e+003,1.232454e-001
2.796323e+003,1.235469e-001
2.796805e+003,1.238440e-001
2.797287e+003,1.241380e-001
2.797769e+003,1.244279e-001
2.798251e+003,1.247121e-001
2.798733e+003,1.249882e-001
2.799215e+003,1.252577e-001
2.799697e+003,1.255241e-001
2.800179e+003,1.257927e-001
2.800662e+003,1.260697e-001
2.801144e+003,1.263581e-001
2.801626e+003,1.266564e-001
2.802108e+003,1.269614e-001
2.802590e+003,1.272685e-001
2.803072e+003,1.275749e-001
2.803554e+003,1.278796e-001
2.804036e+003,1.281846e-001
2.804519e+003,1.284920e-001
2.805001e+003,1.288027e-001
2.805483e+003,1.291159e-001
2.805965e+003,1.294300e-001
2.806447e+003,1.297431e-001
2.806929e+003,1.300561e-001
2.807411e+003,1.303716e-001
2.807894e+003,1.306922e-001
2.808375e+003,1.310199e-001
2.808858e+003,1.313524e-001
2.809340e+003,1.316854e-001
2.809822e+003,1.320128e-001
2.810304e+003,1.323309e-001
2.810786e+003,1.326391e-001
2.811268e+003,1.329427e-001
2.811750e+003,1.332491e-001
2.812233e+003,1.335664e-001
2.812715e+003,1.338987e-001
2.813197e+003,1.342462e-001
2.813679e+003,1.346048e-001
2.814161e+003,1.349690e-001
2.814643e+003,1.353352e-001
2.815125e+003,1.357027e-001
2.815607e+003,1.360730e-001
2.816090e+003,1.364490e-001
2.816572e+003,1.368320e-001
2.817054e+003,1.372217e-001
2.817536e+003,1.376147e-001
2.818018e+003,1.380093e-001
2.818500e+003,1.384050e-001
2.818982e+003,1.388040e-001
2.819464e+003,1.392106e-001
2.819947e+003,1.396291e-001
2.820429e+003,1.400619e-001
2.820911e+003,1.405075e-001
2.821393e+003,1.409635e-001
2.821875e+003,1.414271e-001
2.822357e+003,1.418978e-001
2.822839e+003,1.423775e-001
2.823322e+003,1.428718e-001
2.823803e+003,1.433836e-001
2.824286e+003,1.439165e-001
2.824768e+003,1.444705e-001
2.825250e+003,1.450446e-001
2.825732e+003,1.456383e-001
2.826214e+003,1.462536e-001
2.826696e+003,1.468952e-001
2.827178e+003,1.475697e-001
2.827661e+003,1.482831e-001
2.828143e+003,1.490395e-001
2.828625e+003,1.498399e-001
2.829107e+003,1.506842e-001
2.829589e+003,1.515730e-001
2.830071e+003,1.525111e-001
2.830553e+003,1.535066e-001
2.831035e+003,1.545703e-001
2.831518e+003,1.557132e-001
2.832000e+003,1.569427e-001
2.832482e+003,1.582641e-001
2.832964e+003,1.596798e-001
2.833446e+003,1.611937e-001
2.833928e+003,1.628117e-001
2.834410e+003,1.645449e-001
2.834892e+003,1.664063e-001
2.835375e+003,1.684090e-001
2.835857e+003,1.705633e-001
2.836339e+003,1.728751e-001
2.836821e+003,1.753484e-001
2.837303e+003,1.779874e-001
2.837785e+003,1.808003e-001
2.838267e+003,1.838005e-001
2.838750e+003,1.870059e-001
2.839231e+003,1.904352e-001
2.839714e+003,1.941026e-001
2.840196e+003,1.980152e-001
2.840678e+003,2.021702e-001
2.841160e+003,2.065555e-001
2.841642e+003,2.111523e-001
2.842124e+003,2.159352e-001
2.842606e+003,2.208713e-001
2.843089e+003,2.259171e-001
2.843571e+003,2.310120e-001
2.844053e+003,2.360739e-001
2.844535e+003,2.409944e-001
2.845017e+003,2.456403e-001
2.845499e+003,2.498578e-001
2.845981e+003,2.534829e-001
2.846463e+003,2.563535e-001
2.846946e+003,2.583256e-001
2.847428e+003,2.592895e-001
2.847910e+003,2.591841e-001
2.848392e+003,2.580070e-001
2.848874e+003,2.558210e-001
2.849356e+003,2.527492e-001
2.849838e+003,2.489620e-001
2.850320e+003,2.446577e-001
2.850802e+003,2.400391e-001
2.851285e+003,2.352920e-001
2.851767e+003,2.305713e-001
2.852249e+003,2.259955e-001
2.852731e+003,2.216481e-001
2.853213e+003,2.175840e-001
2.853695e+003,2.138361e-001
2.854177e+003,2.104210e-001
2.854659e+003,2.073403e-001
2.855142e+003,2.045851e-001
2.855624e+003,2.021370e-001
2.856106e+003,1.999722e-001
2.856588e+003,1.980674e-001
2.857070e+003,1.964035e-001
2.857552e+003,1.949677e-001
2.858034e+003,1.937507e-001
2.858517e+003,1.927448e-001
2.858999e+003,1.919400e-001
2.859481e+003,1.913231e-001
2.859963e+003,1.908780e-001
2.860445e+003,1.905891e-001
2.860927e+003,1.904454e-001
2.861409e+003,1.904405e-001
2.861891e+003,1.905714e-001
2.862374e+003,1.908370e-001
2.862856e+003,1.912327e-001
2.863338e+003,1.917492e-001
2.863820e+003,1.923729e-001
2.864302e+003,1.930886e-001
2.864784e+003,1.938823e-001
2.865266e+003,1.947420e-001
2.865748e+003,1.956571e-001
2.866230e+003,1.966142e-001
2.866713e+003,1.975971e-001
2.867195e+003,1.985842e-001
2.867677e+003,1.995507e-001
2.868159e+003,2.004748e-001
2.868641e+003,2.013394e-001
2.869123e+003,2.021354e-001
2.869605e+003,2.028615e-001
2.870088e+003,2.035194e-001
2.870570e+003,2.041102e-001
2.871052e+003,2.046321e-001
2.871534e+003,2.050805e-001
2.872016e+003,2.054497e-001
2.872498e+003,2.057377e-001
2.872980e+003,2.059478e-001
2.873462e+003,2.060897e-001
2.873945e+003,2.061754e-001
2.874427e+003,2.062185e-001
2.874909e+003,2.062288e-001
2.875391e+003,2.062154e-001
2.875873e+003,2.061858e-001
2.876355e+003,2.061497e-001
2.876837e+003,2.061189e-001
2.877319e+003,2.061055e-001
2.877802e+003,2.061196e-001
2.878284e+003,2.061665e-001
2.878766e+003,2.062458e-001
2.879248e+003,2.063535e-001
2.879730e+003,2.064866e-001
2.880212e+003,2.066451e-001
2.880694e+003,2.068358e-001
2.881176e+003,2.070692e-001
2.881658e+003,2.073563e-001
2.882141e+003,2.077051e-001
2.882623e+003,2.081169e-001
2.883105e+003,2.085877e-001
2.883587e+003,2.091120e-001
2.884069e+003,2.096860e-001
2.884551e+003,2.103104e-001
2.885033e+003,2.109899e-001
2.885516e+003,2.117308e-001
2.885998e+003,2.125362e-001
2.886480e+003,2.134045e-001
2.886962e+003,2.143292e-001
2.887444e+003,2.153025e-001
2.887926e+003,2.163171e-001
2.888408e+003,2.173708e-001
2.888890e+003,2.184651e-001
2.889373e+003,2.196031e-001
2.889855e+003,2.207858e-001
2.890337e+003,2.220091e-001
2.890819e+003,2.232665e-001
2.891301e+003,2.245492e-001
2.891783e+003,2.258515e-001
2.892265e+003,2.271726e-001
2.892747e+003,2.285152e-001
2.893229e+003,2.298836e-001
2.893712e+003,2.312795e-001
2.894194e+003,2.327002e-001
2.894676e+003,2.341374e-001
2.895158e+003,2.355826e-001
2.895640e+003,2.370297e-001
2.896122e+003,2.384784e-001
2.896604e+003,2.399351e-001
2.897086e+003,2.414087e-001
2.897569e+003,2.429079e-001
2.898051e+003,2.444383e-001
2.898533e+003,2.460014e-001
2.899015e+003,2.475963e-001
2.899497e+003,2.492242e-001
2.899979e+003,2.508909e-001
2.900461e+003,2.526063e-001
2.900944e+003,2.543829e-001
2.901426e+003,2.562317e-001
2.901908e+003,2.581593e-001
2.902390e+003,2.601684e-001
2.902872e+003,2.622609e-001
2.903354e+003,2.644394e-001
2.903836e+003,2.667117e-001
2.904318e+003,2.690904e-001
2.904801e+003,2.715895e-001
2.905283e+003,2.742221e-001
2.905765e+003,2.769963e-001
2.906247e+003,2.799150e-001
2.906729e+003,2.829786e-001
2.907211e+003,2.861858e-001
2.907693e+003,2.895379e-001
2.908175e+003,2.930357e-001
2.908657e+003,2.966769e-001
2.909140e+003,3.004511e-001
2.909622e+003,3.043358e-001
2.910104e+003,3.082948e-001
2.910586e+003,3.122808e-001
2.911068e+003,3.162384e-001
2.911550e+003,3.201065e-001
2.912032e+003,3.238188e-001
2.912514e+003,3.273032e-001
2.912997e+003,3.304790e-001
2.913479e+003,3.332597e-001
2.913961e+003,3.355585e-001
2.914443e+003,3.372991e-001
2.914925e+003,3.384266e-001
2.915407e+003,3.389173e-001
2.915889e+003,3.387807e-001
2.916372e+003,3.380554e-001
2.916854e+003,3.368004e-001
2.917336e+003,3.350852e-001
2.917818e+003,3.329822e-001
2.918300e+003,3.305635e-001
2.918782e+003,3.279013e-001
2.919264e+003,3.250666e-001
2.919746e+003,3.221294e-001
2.920229e+003,3.191531e-001
2.920711e+003,3.161897e-001
2.921193e+003,3.132775e-001
2.921675e+003,3.104395e-001
2.922157e+003,3.076898e-001
2.922639e+003,3.050378e-001
2.923121e+003,3.024943e-001
2.923603e+003,3.000723e-001
2.924085e+003,2.977849e-001
2.924568e+003,2.956401e-001
2.925050e+003,2.936389e-001
2.925532e+003,2.917720e-001
2.926014e+003,2.900250e-001
2.926496e+003,2.883809e-001
2.926978e+003,2.868269e-001
2.927460e+003,2.853533e-001
2.927942e+003,2.839540e-001
2.928425e+003,2.826229e-001
2.928907e+003,2.813511e-001
2.929389e+003,2.801265e-001
2.929871e+003,2.789355e-001
2.930353e+003,2.777675e-001
2.930835e+003,2.766165e-001
2.931317e+003,2.754829e-001
2.931800e+003,2.743691e-001
2.932281e+003,2.732775e-001
2.932764e+003,2.722062e-001
2.933246e+003,2.711493e-001
2.933728e+003,2.700983e-001
2.934210e+003,2.690464e-001
2.934692e+003,2.679903e-001
2.935174e+003,2.669315e-001
2.935656e+003,2.658728e-001
2.936139e+003,2.648157e-001
2.936621e+003,2.637576e-001
2.937103e+003,2.626929e-001
2.937585e+003,2.616145e-001
2.938067e+003,2.605208e-001
2.938549e+003,2.594161e-001
2.939031e+003,2.583128e-001
2.939513e+003,2.572283e-001
2.939996e+003,2.561792e-001
2.940478e+003,2.551794e-001
2.940960e+003,2.542378e-001
2.941442e+003,2.533585e-001
2.941924e+003,2.525447e-001
2.942406e+003,2.518029e-001
2.942888e+003,2.511409e-001
2.943370e+003,2.505687e-001
2.943853e+003,2.500953e-001
2.944335e+003,2.497266e-001
2.944817e+003,2.494648e-001
2.945299e+003,2.493092e-001
2.945781e+003,2.492580e-001
2.946263e+003,2.493115e-001
2.946745e+003,2.494696e-001
2.947228e+003,2.497323e-001
2.947709e+003,2.500954e-001
2.948192e+003,2.505510e-001
2.948674e+003,2.510881e-001
2.949156e+003,2.516934e-001
2.949638e+003,2.523572e-001
2.950120e+003,2.530714e-001
2.950602e+003,2.538320e-001
2.951084e+003,2.546328e-001
2.951567e+003,2.554662e-001
2.952049e+003,2.563185e-001
2.952531e+003,2.571715e-001
2.953013e+003,2.580073e-001
2.953495e+003,2.588104e-001
2.953977e+003,2.595705e-001
2.954459e+003,2.602821e-001
2.954941e+003,2.609420e-001
2.955424e+003,2.615440e-001
2.955906e+003,2.620778e-001
2.956388e+003,2.625282e-001
2.956870e+003,2.628797e-001
2.957352e+003,2.631210e-001
2.957834e+003,2.632487e-001
2.958316e+003,2.632677e-001
2.958798e+003,2.631871e-001
2.959281e+003,2.630170e-001
2.959763e+003,2.627631e-001
2.960245e+003,2.624255e-001
2.960727e+003,2.620009e-001
2.961209e+003,2.614861e-001
2.961691e+003,2.608799e-001
2.962173e+003,2.601864e-001
2.962656e+003,2.594126e-001
2.963137e+003,2.585657e-001
2.963620e+003,2.576512e-001
2.964102e+003,2.566733e-001
2.964584e+003,2.556356e-001
2.965066e+003,2.545443e-001
2.965548e+003,2.534088e-001
2.966030e+003,2.522410e-001
2.966512e+003,2.510514e-001
2.966995e+003,2.498486e-001
2.967477e+003,2.486330e-001
2.967959e+003,2.474018e-001
2.968441e+003,2.461516e-001
2.968923e+003,2.448820e-001
2.969405e+003,2.435988e-001
2.969887e+003,2.423129e-001
2.970369e+003,2.410379e-001
2.970852e+003,2.397853e-001
2.971334e+003,2.385607e-001
2.971816e+003,2.373646e-001
2.972298e+003,2.361931e-001
2.972780e+003,2.350416e-001
2.973262e+003,2.339086e-001
2.973744e+003,2.327939e-001
2.974226e+003,2.316991e-001
2.974708e+003,2.306248e-001
2.975191e+003,2.295684e-001
2.975673e+003,2.285269e-001
2.976155e+003,2.274974e-001
2.976637e+003,2.264805e-001
2.977119e+003,2.254802e-001
2.977601e+003,2.245044e-001
2.978083e+003,2.235591e-001
2.978565e+003,2.226455e-001
2.979048e+003,2.217591e-001
2.979530e+003,2.208895e-001
2.980012e+003,2.200254e-001
2.980494e+003,2.191587e-001
2.980976e+003,2.182873e-001
2.981458e+003,2.174163e-001
2.981940e+003,2.165532e-001
2.982423e+003,2.157065e-001
2.982905e+003,2.148815e-001
2.983387e+003,2.140793e-001
2.983869e+003,2.132998e-001
2.984351e+003,2.125439e-001
2.984833e+003,2.118125e-001
2.985315e+003,2.111091e-001
2.985797e+003,2.104361e-001
2.986280e+003,2.097931e-001
2.986762e+003,2.091766e-001
2.987244e+003,2.085796e-001
2.987726e+003,2.079972e-001
2.988208e+003,2.074277e-001
2.988690e+003,2.068745e-001
2.989172e+003,2.063447e-001
2.989654e+003,2.058458e-001
2.990136e+003,2.053813e-001
2.990619e+003,2.049500e-001
2.991101e+003,2.045452e-001
2.991583e+003,2.041599e-001
2.992065e+003,2.037889e-001
2.992547e+003,2.034327e-001
2.993029e+003,2.030960e-001
2.993511e+003,2.027856e-001
2.993994e+003,2.025073e-001
2.994476e+003,2.022633e-001
2.994958e+003,2.020513e-001
2.995440e+003,2.018689e-001
2.995922e+003,2.017139e-001
2.996404e+003,2.015864e-001
2.996886e+003,2.014884e-001
2.997368e+003,2.014206e-001
2.997851e+003,2.013816e-001
2.998333e+003,2.013661e-001
2.998815e+003,2.013675e-001
2.999297e+003,2.013812e-001
2.999779e+003,2.014078e-001
3.000261e+003,2.014539e-001
3.000743e+003,2.015289e-001
3.001225e+003,2.016421e-001
3.001708e+003,2.017961e-001
3.002190e+003,2.019859e-001
3.002672e+003,2.022010e-001
3.003154e+003,2.024277e-001
3.003636e+003,2.026568e-001
3.004118e+003,2.028859e-001
3.004600e+003,2.031195e-001
3.005082e+003,2.033668e-001
3.005564e+003,2.036362e-001
3.006047e+003,2.039321e-001
3.006529e+003,2.042539e-001
3.007011e+003,2.045987e-001
3.007493e+003,2.049629e-001
3.007975e+003,2.053459e-001
3.008457e+003,2.057485e-001
3.008939e+003,2.061733e-001
3.009422e+003,2.066184e-001
3.009904e+003,2.070788e-001
3.010386e+003,2.075465e-001
3.010868e+003,2.080134e-001
3.011350e+003,2.084747e-001
3.011832e+003,2.089318e-001
3.012314e+003,2.093912e-001
3.012796e+003,2.098602e-001
3.013279e+003,2.103440e-001
3.013761e+003,2.108408e-001
3.014243e+003,2.113443e-001
3.014725e+003,2.118469e-001
3.015207e+003,2.123430e-001
3.015689e+003,2.128330e-001
3.016171e+003,2.133238e-001
3.016653e+003,2.138236e-001
3.017135e+003,2.143399e-001
3.017618e+003,2.148748e-001
3.018100e+003,2.154251e-001
3.018582e+003,2.159842e-001
3.019064e+003,2.165458e-001
3.019546e+003,2.171087e-001
3.020028e+003,2.176768e-001
3.020510e+003,2.182557e-001
3.020992e+003,2.188518e-001
3.021475e+003,2.194660e-001
3.021957e+003,2.200953e-001
3.022439e+003,2.207315e-001
3.022921e+003,2.213666e-001
3.023403e+003,2.219942e-001
3.023885e+003,2.226117e-001
3.024367e+003,2.232179e-001
3.024850e+003,2.238120e-001
3.025332e+003,2.243916e-001
3.025814e+003,2.249531e-001
3.026296e+003,2.254923e-001
3.026778e+003,2.260091e-001
3.027260e+003,2.265074e-001
3.027742e+003,2.269943e-001
3.028224e+003,2.274778e-001
3.028707e+003,2.279635e-001
3.029189e+003,2.284523e-001
3.029671e+003,2.289394e-001
3.030153e+003,2.294180e-001
3.030635e+003,2.298825e-001
3.031117e+003,2.303295e-001
3.031599e+003,2.307613e-001
3.032081e+003,2.311786e-001
3.032563e+003,2.315831e-001
3.033046e+003,2.319712e-001
3.033528e+003,2.323374e-001
3.034010e+003,2.326761e-001
3.034492e+003,2.329853e-001
3.034974e+003,2.332703e-001
3.035456e+003,2.335417e-001
3.035938e+003,2.338141e-001
3.036420e+003,2.340998e-001
3.036903e+003,2.344069e-001
3.037385e+003,2.347365e-001
3.037867e+003,2.350855e-001
3.038349e+003,2.354473e-001
3.038831e+003,2.358167e-001
3.039313e+003,2.361896e-001
3.039795e+003,2.365626e-001
3.040278e+003,2.369326e-001
3.040760e+003,2.372958e-001
3.041242e+003,2.376489e-001
3.041724e+003,2.379900e-001
3.042206e+003,2.383207e-001
3.042688e+003,2.386462e-001
3.043170e+003,2.389724e-001
3.043652e+003,2.393024e-001
3.044135e+003,2.396352e-001
3.044617e+003,2.399642e-001
3.045099e+003,2.402797e-001
3.045581e+003,2.405742e-001
3.046063e+003,2.408468e-001
3.046545e+003,2.411033e-001
3.047027e+003,2.413558e-001
3.047509e+003,2.416172e-001
3.047991e+003,2.418946e-001
3.048474e+003,2.421881e-001
3.048956e+003,2.424896e-001
3.049438e+003,2.427878e-001
3.049920e+003,2.430740e-001
3.050402e+003,2.433458e-001
3.050884e+003,2.436070e-001
3.051366e+003,2.438650e-001
3.051848e+003,2.441253e-001
3.052331e+003,2.443893e-001
3.052813e+003,2.446528e-001
3.053295e+003,2.449086e-001
3.053777e+003,2.451514e-001
3.054259e+003,2.453794e-001
3.054741e+003,2.455950e-001
3.055223e+003,2.458036e-001
3.055706e+003,2.460084e-001
3.056188e+003,2.462092e-001
3.056670e+003,2.464020e-001
3.057152e+003,2.465807e-001
3.057634e+003,2.467424e-001
3.058116e+003,2.468883e-001
3.058598e+003,2.470244e-001
3.059080e+003,2.471562e-001
3.059563e+003,2.472884e-001
3.060045e+003,2.474180e-001
3.060527e+003,2.475382e-001
3.061009e+003,2.476387e-001
3.061491e+003,2.477127e-001
3.061973e+003,2.477581e-001
3.062455e+003,2.477798e-001
3.062937e+003,2.477862e-001
3.063419e+003,2.477865e-001
3.063902e+003,2.477851e-001
3.064384e+003,2.477825e-001
3.064866e+003,2.477743e-001
3.065348e+003,2.477552e-001
3.065830e+003,2.477204e-001
3.066312e+003,2.476681e-001
3.066794e+003,2.475967e-001
3.067276e+003,2.475045e-001
3.067759e+003,2.473892e-001
3.068241e+003,2.472480e-001
3.068723e+003,2.470805e-001
3.069205e+003,2.468898e-001
3.069687e+003,2.466838e-001
3.070169e+003,2.464729e-001
3.070651e+003,2.462670e-001
3.071134e+003,2.460723e-001
3.071615e+003,2.458892e-001
3.072098e+003,2.457147e-001
3.072580e+003,2.455451e-001
3.073062e+003,2.453797e-001
3.073544e+003,2.452215e-001
3.074026e+003,2.450765e-001
3.074508e+003,2.449488e-001
3.074990e+003,2.448396e-001
3.075473e+003,2.447422e-001
3.075955e+003,2.446468e-001
3.076437e+003,2.445437e-001
3.076919e+003,2.444263e-001
3.077401e+003,2.442956e-001
3.077883e+003,2.441566e-001
3.078365e+003,2.440177e-001
3.078847e+003,2.438828e-001
3.079330e+003,2.437521e-001
3.079812e+003,2.436207e-001
3.080294e+003,2.434830e-001
3.080776e+003,2.433375e-001
3.081258e+003,2.431874e-001
3.081740e+003,2.430395e-001
3.082222e+003,2.429011e-001
3.082704e+003,2.427749e-001
3.083187e+003,2.426563e-001
3.083669e+003,2.425369e-001
3.084151e+003,2.424074e-001
3.084633e+003,2.422632e-001
3.085115e+003,2.421070e-001
3.085597e+003,2.419483e-001
3.086079e+003,2.417976e-001
3.086562e+003,2.416630e-001
3.087043e+003,2.415453e-001
3.087526e+003,2.414387e-001
3.088008e+003,2.413339e-001
3.088490e+003,2.412237e-001
3.088972e+003,2.411048e-001
3.089454e+003,2.409799e-001
3.089936e+003,2.408520e-001
3.090418e+003,2.407236e-001
3.090901e+003,2.405928e-001
3.091383e+003,2.404544e-001
3.091865e+003,2.403054e-001
3.092347e+003,2.401467e-001
3.092829e+003,2.399865e-001
3.093311e+003,2.398382e-001
3.093793e+003,2.397147e-001
3.094275e+003,2.396248e-001
3.094758e+003,2.395673e-001
3.095240e+003,2.395341e-001
3.095722e+003,2.395142e-001
3.096204e+003,2.394992e-001
3.096686e+003,2.394884e-001
3.097168e+003,2.394873e-001
3.097650e+003,2.395043e-001
3.098132e+003,2.395429e-001
3.098615e+003,2.396007e-001
3.099097e+003,2.396683e-001
3.099579e+003,2.397332e-001
3.100061e+003,2.397872e-001
3.100543e+003,2.398299e-001
3.101025e+003,2.398692e-001
3.101507e+003,2.399182e-001
3.101990e+003,2.399877e-001
3.102471e+003,2.400811e-001
3.102954e+003,2.401945e-001
3.103436e+003,2.403194e-001
3.103918e+003,2.404497e-001
3.104400e+003,2.405843e-001
3.104882e+003,2.407293e-001
3.105364e+003,2.408940e-001
3.105846e+003,2.410860e-001
3.106329e+003,2.413052e-001
3.106811e+003,2.415438e-001
3.107293e+003,2.417890e-001
3.107775e+003,2.420274e-001
3.108257e+003,2.422535e-001
3.108739e+003,2.424677e-001
3.109221e+003,2.426776e-001
3.109703e+003,2.428912e-001
3.110186e+003,2.431130e-001
3.110668e+003,2.433428e-001
3.111150e+003,2.435769e-001
3.111632e+003,2.438119e-001
3.112114e+003,2.440496e-001
3.112596e+003,2.442955e-001
3.113078e+003,2.445584e-001
3.113560e+003,2.448444e-001
3.114042e+003,2.451539e-001
3.114525e+003,2.454807e-001
3.115007e+003,2.458153e-001
3.115489e+003,2.461478e-001
3.115971e+003,2.464748e-001
3.116453e+003,2.467983e-001
3.116935e+003,2.471250e-001
3.117417e+003,2.474604e-001
3.117900e+003,2.478058e-001
3.118382e+003,2.481571e-001
3.118864e+003,2.485071e-001
3.119346e+003,2.488494e-001
3.119828e+003,2.491836e-001
3.120310e+003,2.495149e-001
3.120792e+003,2.498512e-001
3.121274e+003,2.502007e-001
3.121757e+003,2.505661e-001
3.122239e+003,2.509446e-001
3.122721e+003,2.513301e-001
3.123203e+003,2.517169e-001
3.123685e+003,2.521052e-001
3.124167e+003,2.524997e-001
3.124649e+003,2.529089e-001
3.125131e+003,2.533399e-001
3.125614e+003,2.537946e-001
3.126096e+003,2.542685e-001
3.126578e+003,2.547530e-001
3.127060e+003,2.552391e-001
3.127542e+003,2.557220e-001
3.128024e+003,2.562009e-001
3.128506e+003,2.566794e-001
3.128988e+003,2.571601e-001
3.129470e+003,2.576437e-001
3.129953e+003,2.581283e-001
3.130435e+003,2.586111e-001
3.130917e+003,2.590918e-001
3.131399e+003,2.595751e-001
3.131881e+003,2.600704e-001
3.132363e+003,2.605858e-001
3.132845e+003,2.611255e-001
3.133328e+003,2.616868e-001
3.133810e+003,2.622612e-001
3.134292e+003,2.628375e-001
3.134774e+003,2.634089e-001
3.135256e+003,2.639741e-001
3.135738e+003,2.645393e-001
3.136220e+003,2.651116e-001
3.136702e+003,2.656967e-001
3.137185e+003,2.662932e-001
3.137667e+003,2.668946e-001
3.138149e+003,2.674910e-001
3.138631e+003,2.680757e-001
3.139113e+003,2.686490e-001
3.139595e+003,2.692169e-001
3.140077e+003,2.697871e-001
3.140559e+003,2.703655e-001
3.141042e+003,2.709502e-001
3.141524e+003,2.715335e-001
3.142006e+003,2.721066e-001
3.142488e+003,2.726648e-001
3.142970e+003,2.732112e-001
3.143452e+003,2.737573e-001
3.143934e+003,2.743170e-001
3.144417e+003,2.749007e-001
3.144898e+003,2.755111e-001
3.145381e+003,2.761408e-001
3.145863e+003,2.767791e-001
3.146345e+003,2.774163e-001
3.146827e+003,2.780501e-001
3.147309e+003,2.786869e-001
3.147791e+003,2.793353e-001
3.148273e+003,2.800038e-001
3.148756e+003,2.806925e-001
3.149238e+003,2.813937e-001
3.149720e+003,2.820951e-001
3.150202e+003,2.827863e-001
3.150684e+003,2.834632e-001
3.151166e+003,2.841288e-001
3.151648e+003,2.847914e-001
3.152130e+003,2.854577e-001
3.152613e+003,2.861282e-001
3.153095e+003,2.867966e-001
3.153577e+003,2.874533e-001
3.154059e+003,2.880926e-001
3.154541e+003,2.887155e-001
3.155023e+003,2.893304e-001
3.155505e+003,2.899508e-001
3.155987e+003,2.905866e-001
3.156469e+003,2.912408e-001
3.156952e+003,2.919065e-001
3.157434e+003,2.925720e-001
3.157916e+003,2.932286e-001
3.158398e+003,2.938729e-001
3.158880e+003,2.945123e-001
3.159362e+003,2.951586e-001
3.159844e+003,2.958227e-001
3.160326e+003,2.965094e-001
3.160809e+003,2.972153e-001
3.161291e+003,2.979304e-001
3.161773e+003,2.986466e-001
3.162255e+003,2.993590e-001
3.162737e+003,3.000712e-001
3.163219e+003,3.007903e-001
3.163701e+003,3.015212e-001
3.164184e+003,3.022641e-001
3.164666e+003,3.030107e-001
3.165148e+003,3.037496e-001
3.165630e+003,3.044722e-001
3.166112e+003,3.051750e-001
3.166594e+003,3.058631e-001
3.167076e+003,3.065467e-001
3.167558e+003,3.072352e-001
3.168041e+003,3.079305e-001
3.168523e+003,3.086299e-001
3.169005e+003,3.093259e-001
3.169487e+003,3.100146e-001
3.169969e+003,3.106982e-001
3.170451e+003,3.113864e-001
3.170933e+003,3.120899e-001
3.171415e+003,3.128157e-001
3.171897e+003,3.135599e-001
3.172380e+003,3.143101e-001
3.172862e+003,3.150469e-001
3.173344e+003,3.157557e-001
3.173826e+003,3.164327e-001
3.174308e+003,3.170841e-001
3.174790e+003,3.177265e-001
3.175272e+003,3.183765e-001
3.175754e+003,3.190444e-001
3.176237e+003,3.197306e-001
3.176719e+003,3.204293e-001
3.177201e+003,3.211310e-001
3.177683e+003,3.218306e-001
3.178165e+003,3.225286e-001
3.178647e+003,3.232293e-001
3.179129e+003,3.239355e-001
3.179612e+003,3.246451e-001
3.180094e+003,3.253486e-001
3.180576e+003,3.260344e-001
3.181058e+003,3.266944e-001
3.181540e+003,3.273286e-001
3.182022e+003,3.279457e-001
3.182504e+003,3.285587e-001
3.182986e+003,3.291793e-001
3.183469e+003,3.298116e-001
3.183951e+003,3.304507e-001
3.184433e+003,3.310864e-001
3.184915e+003,3.317086e-001
3.185397e+003,3.323150e-001
3.185879e+003,3.329107e-001
3.186361e+003,3.335055e-001
3.186843e+003,3.341078e-001
3.187325e+003,3.347190e-001
3.187808e+003,3.353323e-001
3.188290e+003,3.359375e-001
3.188772e+003,3.365263e-001
3.189254e+003,3.370982e-001
3.189736e+003,3.376593e-001
3.190218e+003,3.382230e-001
3.190700e+003,3.387978e-001
3.191182e+003,3.393857e-001
3.191665e+003,3.399783e-001
3.192147e+003,3.405629e-001
3.192629e+003,3.411277e-001
3.193111e+003,3.416694e-001
3.193593e+003,3.421931e-001
3.194075e+003,3.427112e-001
3.194557e+003,3.432343e-001
3.195040e+003,3.437682e-001
3.195521e+003,3.443100e-001
3.196004e+003,3.448519e-001
3.196486e+003,3.453865e-001
3.196968e+003,3.459113e-001
3.197450e+003,3.464314e-001
3.197932e+003,3.469546e-001
3.198414e+003,3.474861e-001
3.198896e+003,3.480250e-001
3.199379e+003,3.485624e-001
3.199861e+003,3.490876e-001
3.200343e+003,3.495928e-001
3.200825e+003,3.500787e-001
3.201307e+003,3.505541e-001
3.201789e+003,3.510326e-001
3.202271e+003,3.515241e-001
3.202753e+003,3.520311e-001
3.203236e+003,3.525467e-001
3.203718e+003,3.530606e-001
3.204200e+003,3.535642e-001
3.204682e+003,3.540564e-001
3.205164e+003,3.545426e-001
3.205646e+003,3.550323e-001
3.206128e+003,3.555309e-001
3.206610e+003,3.560374e-001
3.207093e+003,3.565429e-001
3.207575e+003,3.570361e-001
3.208057e+003,3.575099e-001
3.208539e+003,3.579660e-001
3.209021e+003,3.584143e-001
3.209503e+003,3.588689e-001
3.209985e+003,3.593393e-001
3.210468e+003,3.598269e-001
3.210949e+003,3.603250e-001
3.211432e+003,3.608251e-001
3.211914e+003,3.613219e-001
3.212396e+003,3.618195e-001
3.212878e+003,3.623279e-001
3.213360e+003,3.628578e-001
3.213842e+003,3.634121e-001
3.214324e+003,3.639814e-001
3.214807e+003,3.645462e-001
3.215289e+003,3.650860e-001
3.215771e+003,3.655904e-001
3.216253e+003,3.660636e-001
3.216735e+003,3.665245e-001
3.217217e+003,3.669991e-001
3.217699e+003,3.675067e-001
3.218181e+003,3.680552e-001
3.218664e+003,3.686355e-001
3.219146e+003,3.692302e-001
3.219628e+003,3.698222e-001
3.220110e+003,3.704042e-001
3.220592e+003,3.709808e-001
3.221074e+003,3.715643e-001
3.221556e+003,3.721662e-001
3.222038e+003,3.727902e-001
3.222521e+003,3.734293e-001
3.223003e+003,3.740723e-001
3.223485e+003,3.747098e-001
3.223967e+003,3.753419e-001
3.224449e+003,3.759775e-001
3.224931e+003,3.766311e-001
3.225413e+003,3.773135e-001
3.225896e+003,3.780258e-001
3.226377e+003,3.787582e-001
3.226860e+003,3.794958e-001
3.227342e+003,3.802291e-001
3.227824e+003,3.809577e-001
3.228306e+003,3.816926e-001
3.228788e+003,3.824521e-001
3.229270e+003,3.832487e-001
3.229752e+003,3.840863e-001
3.230235e+003,3.849552e-001
3.230717e+003,3.858417e-001
3.231199e+003,3.867312e-001
3.231681e+003,3.876207e-001
3.232163e+003,3.885148e-001
3.232645e+003,3.894245e-001
3.233127e+003,3.903576e-001
3.233609e+003,3.913119e-001
3.234092e+003,3.922772e-001
3.234574e+003,3.932409e-001
3.235056e+003,3.941951e-001
3.235538e+003,3.951439e-001
3.236020e+003,3.961035e-001
3.236502e+003,3.970934e-001
3.236984e+003,3.981273e-001
3.237466e+003,3.992061e-001
3.237948e+003,4.003176e-001
3.238431e+003,4.014433e-001
3.238913e+003,4.025679e-001
3.239395e+003,4.036885e-001
3.239877e+003,4.048125e-001
3.240359e+003,4.059545e-001
3.240841e+003,4.071268e-001
3.241323e+003,4.083315e-001
3.241806e+003,4.095611e-001
3.242288e+003,4.108042e-001
3.242770e+003,4.120555e-001
3.243252e+003,4.133191e-001
3.243734e+003,4.146094e-001
3.244216e+003,4.159420e-001
3.244698e+003,4.173220e-001
3.245180e+003,4.187398e-001
3.245663e+003,4.201711e-001
3.246145e+003,4.215879e-001
3.246627e+003,4.229716e-001
3.247109e+003,4.243224e-001
3.247591e+003,4.256576e-001
3.248073e+003,4.270042e-001
3.248555e+003,4.283837e-001
3.249037e+003,4.298038e-001
3.249520e+003,4.312537e-001
3.250002e+003,4.327151e-001
3.250484e+003,4.341712e-001
3.250966e+003,4.356180e-001
3.251448e+003,4.370671e-001
3.251930e+003,4.385394e-001
3.252412e+003,4.400519e-001
3.252894e+003,4.416095e-001
3.253376e+003,4.432003e-001
3.253859e+003,4.448014e-001
3.254341e+003,4.463905e-001
3.254823e+003,4.479550e-001
3.255305e+003,4.494976e-001
3.255787e+003,4.510306e-001
3.256269e+003,4.525658e-001
3.256751e+003,4.541081e-001
3.257234e+003,4.556516e-001
3.257716e+003,4.571859e-001
3.258198e+003,4.587035e-001
3.258680e+003,4.602073e-001
3.259162e+003,4.617106e-001
3.259644e+003,4.632292e-001
3.260126e+003,4.647733e-001
3.260608e+003,4.663396e-001
3.261091e+003,4.679094e-001
3.261573e+003,4.694621e-001
3.262055e+003,4.709804e-001
3.262537e+003,4.724629e-001
3.263019e+003,4.739223e-001
3.263501e+003,4.753777e-001
3.263983e+003,4.768448e-001
3.264465e+003,4.783258e-001
3.264948e+003,4.798087e-001
3.265430e+003,4.812767e-001
3.265912e+003,4.827175e-001
3.266394e+003,4.841322e-001
3.266876e+003,4.855343e-001
3.267358e+003,4.869412e-001
3.267840e+003,4.883627e-001
3.268323e+003,4.897913e-001
3.268804e+003,4.912049e-001
3.269287e+003,4.925745e-001
3.269769e+003,4.938779e-001
3.270251e+003,4.951118e-001
3.270733e+003,4.962897e-001
3.271215e+003,4.974368e-001
3.271697e+003,4.985749e-001
3.272179e+003,4.997110e-001
3.272662e+003,5.008379e-001
3.273144e+003,5.019365e-001
3.273626e+003,5.029907e-001
3.274108e+003,5.039973e-001
3.274590e+003,5.049654e-001
3.275072e+003,5.059121e-001
3.275554e+003,5.068504e-001
3.276036e+003,5.077794e-001
3.276519e+003,5.086839e-001
3.277001e+003,5.095417e-001
3.277483e+003,5.103371e-001
3.277965e+003,5.110679e-001
3.278447e+003,5.117463e-001
3.278929e+003,5.123934e-001
3.279411e+003,5.130241e-001
3.279893e+003,5.136415e-001
3.280375e+003,5.142351e-001
3.280858e+003,5.147869e-001
3.281340e+003,5.152834e-001
3.281822e+003,5.157232e-001
3.282304e+003,5.161181e-001
3.282786e+003,5.164838e-001
3.283268e+003,5.168308e-001
3.283750e+003,5.171574e-001
3.284232e+003,5.174477e-001
3.284715e+003,5.176838e-001
3.285197e+003,5.178550e-001
3.285679e+003,5.179669e-001
3.286161e+003,5.180386e-001
3.286643e+003,5.180947e-001
3.287125e+003,5.181525e-001
3.287607e+003,5.182130e-001
3.288090e+003,5.182604e-001
3.288572e+003,5.182706e-001
3.289054e+003,5.182252e-001
3.289536e+003,5.181187e-001
3.290018e+003,5.179608e-001
3.290500e+003,5.177674e-001
3.290982e+003,5.175508e-001
3.291464e+003,5.173107e-001
3.291947e+003,5.170329e-001
3.292429e+003,5.166999e-001
3.292911e+003,5.163000e-001
3.293393e+003,5.158357e-001
3.293875e+003,5.153230e-001
3.294357e+003,5.147828e-001
3.294839e+003,5.142296e-001
3.295321e+003,5.136634e-001
3.295803e+003,5.130721e-001
3.296286e+003,5.124382e-001
3.296768e+003,5.117505e-001
3.297250e+003,5.110118e-001
3.297732e+003,5.102379e-001
3.298214e+003,5.094479e-001
3.298696e+003,5.086548e-001
3.299178e+003,5.078570e-001
3.299660e+003,5.070407e-001
3.300143e+003,5.061883e-001
3.300625e+003,5.052912e-001
3.301107e+003,5.043541e-001
3.301589e+003,5.033950e-001
3.302071e+003,5.024351e-001
3.302553e+003,5.014867e-001
3.303035e+003,5.005460e-001
3.303518e+003,4.995944e-001
3.304000e+003,4.986102e-001
3.304482e+003,4.975796e-001
3.304964e+003,4.965048e-001
3.305446e+003,4.954044e-001
3.305928e+003,4.943011e-001
3.306410e+003,4.932095e-001
3.306892e+003,4.921283e-001
3.307375e+003,4.910386e-001
3.307857e+003,4.899158e-001
3.308339e+003,4.887412e-001
3.308821e+003,4.875123e-001
3.309303e+003,4.862456e-001
3.309785e+003,4.849678e-001
3.310267e+003,4.837008e-001
3.310749e+003,4.824547e-001
3.311231e+003,4.812238e-001
3.311714e+003,4.799934e-001
3.312196e+003,4.787508e-001
3.312678e+003,4.774930e-001
3.313160e+003,4.762274e-001
3.313642e+003,4.749674e-001
3.314124e+003,4.737213e-001
3.314606e+003,4.724884e-001
3.315088e+003,4.712566e-001
3.315571e+003,4.700111e-001
3.316053e+003,4.687426e-001
3.316535e+003,4.674540e-001
3.317017e+003,4.661602e-001
3.317499e+003,4.648792e-001
3.317981e+003,4.636240e-001
3.318463e+003,4.623956e-001
3.318946e+003,4.611827e-001
3.319427e+003,4.599694e-001
3.319910e+003,4.587452e-001
3.320392e+003,4.575107e-001
3.320874e+003,4.562771e-001
3.321356e+003,4.550594e-001
3.321838e+003,4.538665e-001
3.322320e+003,4.526975e-001
3.322802e+003,4.515389e-001
3.323285e+003,4.503748e-001
3.323767e+003,4.491948e-001
3.324249e+003,4.479998e-001
3.324731e+003,4.468009e-001
3.325213e+003,4.456129e-001
3.325695e+003,4.444436e-001
3.326177e+003,4.432904e-001
3.326659e+003,4.421389e-001
3.327142e+003,4.409748e-001
3.327624e+003,4.397910e-001
3.328106e+003,4.385936e-001
3.328588e+003,4.373992e-001
3.329070e+003,4.362276e-001
3.329552e+003,4.350911e-001
3.330034e+003,4.339864e-001
3.330516e+003,4.328997e-001
3.330999e+003,4.318121e-001
3.331481e+003,4.307124e-001
3.331963e+003,4.296017e-001
3.332445e+003,4.284954e-001
3.332927e+003,4.274123e-001
3.333409e+003,4.263674e-001
3.333891e+003,4.253618e-001
3.334374e+003,4.243831e-001
3.334855e+003,4.234141e-001
3.335338e+003,4.224398e-001
3.335820e+003,4.214566e-001
3.336302e+003,4.204708e-001
3.336784e+003,4.194944e-001
3.337266e+003,4.185330e-001
3.337748e+003,4.175848e-001
3.338230e+003,4.166365e-001
3.338713e+003,4.156737e-001
3.339195e+003,4.146891e-001
3.339677e+003,4.136882e-001
3.340159e+003,4.126872e-001
3.340641e+003,4.117059e-001
3.341123e+003,4.107577e-001
3.341605e+003,4.098419e-001
3.342087e+003,4.089459e-001
3.342570e+003,4.080500e-001
3.343052e+003,4.071383e-001
3.343534e+003,4.062065e-001
3.344016e+003,4.052634e-001
3.344498e+003,4.043219e-001
3.344980e+003,4.033952e-001
3.345462e+003,4.024874e-001
3.345944e+003,4.015934e-001
3.346427e+003,4.007044e-001
3.346909e+003,3.998139e-001
3.347391e+003,3.989224e-001
3.347873e+003,3.980356e-001
3.348355e+003,3.971619e-001
3.348837e+003,3.963014e-001
3.349319e+003,3.954479e-001
3.349802e+003,3.945865e-001
3.350283e+003,3.937048e-001
3.350766e+003,3.927982e-001
3.351248e+003,3.918764e-001
3.351730e+003,3.909581e-001
3.352212e+003,3.900630e-001
3.352694e+003,3.892013e-001
3.353176e+003,3.883706e-001
3.353658e+003,3.875540e-001
3.354141e+003,3.867321e-001
3.354623e+003,3.858902e-001
3.355105e+003,3.850275e-001
3.355587e+003,3.841550e-001
3.356069e+003,3.832907e-001
3.356551e+003,3.824462e-001
3.357033e+003,3.816245e-001
3.357515e+003,3.808164e-001
3.357998e+003,3.800088e-001
3.358480e+003,3.791918e-001
3.358962e+003,3.783644e-001
3.359444e+003,3.775347e-001
3.359926e+003,3.767137e-001
3.360408e+003,3.759064e-001
3.360890e+003,3.751100e-001
3.361372e+003,3.743119e-001
3.361854e+003,3.734996e-001
3.362337e+003,3.726676e-001
3.362819e+003,3.718207e-001
3.363301e+003,3.709727e-001
3.363783e+003,3.701392e-001
3.364265e+003,3.693281e-001
3.364747e+003,3.685339e-001
3.365229e+003,3.677428e-001
3.365712e+003,3.669373e-001
3.366194e+003,3.661086e-001
3.366676e+003,3.652610e-001
3.367158e+003,3.644092e-001
3.367640e+003,3.635719e-001
3.368122e+003,3.627601e-001
3.368604e+003,3.619722e-001
3.369086e+003,3.611948e-001
3.369569e+003,3.604092e-001
3.370051e+003,3.596039e-001
3.370533e+003,3.587783e-001
3.371015e+003,3.579435e-001
3.371497e+003,3.571163e-001
3.371979e+003,3.563085e-001
3.372461e+003,3.555224e-001
3.372943e+003,3.547495e-001
3.373426e+003,3.539773e-001
3.373908e+003,3.531990e-001
3.374390e+003,3.524153e-001
3.374872e+003,3.516373e-001
3.375354e+003,3.508792e-001
3.375836e+003,3.501487e-001
3.376318e+003,3.494440e-001
3.376800e+003,3.487522e-001
3.377282e+003,3.480586e-001
3.377765e+003,3.473536e-001
3.378247e+003,3.466383e-001
3.378729e+003,3.459247e-001
3.379211e+003,3.452275e-001
3.379693e+003,3.445573e-001
3.380175e+003,3.439129e-001
3.380657e+003,3.432835e-001
3.381140e+003,3.426538e-001
3.381622e+003,3.420117e-001
3.382104e+003,3.413571e-001
3.382586e+003,3.406975e-001
3.383068e+003,3.400455e-001
3.383550e+003,3.394086e-001
3.384032e+003,3.387847e-001
3.384514e+003,3.381634e-001
3.384997e+003,3.375329e-001
3.385479e+003,3.368865e-001
3.385961e+003,3.362296e-001
3.386443e+003,3.355762e-001
3.386925e+003,3.349439e-001
3.387407e+003,3.343431e-001
3.387889e+003,3.337741e-001
3.388371e+003,3.332246e-001
3.388854e+003,3.326792e-001
3.389336e+003,3.321273e-001
3.389818e+003,3.315669e-001
3.390300e+003,3.310065e-001
3.390782e+003,3.304575e-001
3.391264e+003,3.299278e-001
3.391746e+003,3.294154e-001
3.392229e+003,3.289096e-001
3.392710e+003,3.283973e-001
3.393193e+003,3.278726e-001
3.393675e+003,3.273391e-001
3.394157e+003,3.268105e-001
3.394639e+003,3.263023e-001
3.395121e+003,3.258228e-001
3.395603e+003,3.253680e-001
3.396085e+003,3.249234e-001
3.396568e+003,3.244711e-001
3.397050e+003,3.239979e-001
3.397532e+003,3.235035e-001
3.398014e+003,3.229991e-001
3.398496e+003,3.225005e-001
3.398978e+003,3.220198e-001
3.399460e+003,3.215600e-001
3.399942e+003,3.211136e-001
3.400425e+003,3.206702e-001
3.400907e+003,3.202229e-001
3.401389e+003,3.197744e-001
3.401871e+003,3.193342e-001
3.402353e+003,3.189140e-001
3.402835e+003,3.185185e-001
3.403317e+003,3.181413e-001
3.403799e+003,3.177671e-001
3.404281e+003,3.173775e-001
3.404764e+003,3.169619e-001
3.405246e+003,3.165205e-001
3.405728e+003,3.160653e-001
3.406210e+003,3.156121e-001
3.406692e+003,3.151713e-001
3.407174e+003,3.147449e-001
3.407656e+003,3.143246e-001
3.408138e+003,3.139001e-001
3.408621e+003,3.134659e-001
3.409103e+003,3.130279e-001
3.409585e+003,3.125961e-001
3.410067e+003,3.121852e-001
3.410549e+003,3.117992e-001
3.411031e+003,3.114322e-001
3.411513e+003,3.110683e-001
3.411996e+003,3.106909e-001
3.412478e+003,3.102920e-001
3.412960e+003,3.098778e-001
3.413442e+003,3.094654e-001
3.413924e+003,3.090740e-001
3.414406e+003,3.087147e-001
3.414888e+003,3.083827e-001
3.415370e+003,3.080605e-001
3.415853e+003,3.077258e-001
3.416335e+003,3.073621e-001
3.416817e+003,3.069682e-001
3.417299e+003,3.065565e-001
3.417781e+003,3.061463e-001
3.418263e+003,3.057540e-001
3.418745e+003,3.053847e-001
3.419227e+003,3.050296e-001
3.419709e+003,3.046746e-001
3.420192e+003,3.043064e-001
3.420674e+003,3.039235e-001
3.421156e+003,3.035340e-001
3.421638e+003,3.031518e-001
3.422120e+003,3.027862e-001
3.422602e+003,3.024355e-001
3.423084e+003,3.020873e-001
3.423566e+003,3.017259e-001
3.424049e+003,3.013394e-001
3.424531e+003,3.009283e-001
3.425013e+003,3.005039e-001
3.425495e+003,3.000813e-001
3.425977e+003,2.996729e-001
3.426459e+003,2.992807e-001
3.426941e+003,2.988974e-001
3.427424e+003,2.985120e-001
3.427906e+003,2.981177e-001
3.428388e+003,2.977167e-001
3.428870e+003,2.973207e-001
3.429352e+003,2.969423e-001
3.429834e+003,2.965888e-001
3.430316e+003,2.962554e-001
3.430798e+003,2.959259e-001
3.431281e+003,2.955833e-001
3.431763e+003,2.952149e-001
3.432245e+003,2.948215e-001
3.432727e+003,2.944145e-001
3.433209e+003,2.940116e-001
3.433691e+003,2.936241e-001
3.434173e+003,2.932542e-001
3.434655e+003,2.928925e-001
3.435137e+003,2.925258e-001
3.435620e+003,2.921468e-001
3.436102e+003,2.917575e-001
3.436584e+003,2.913685e-001
3.437066e+003,2.909944e-001
3.437548e+003,2.906443e-001
3.438030e+003,2.903151e-001
3.438512e+003,2.899947e-001
3.438994e+003,2.896690e-001
3.439477e+003,2.893279e-001
3.439959e+003,2.889747e-001
3.440441e+003,2.886195e-001
3.440923e+003,2.882760e-001
3.441405e+003,2.879509e-001
3.441887e+003,2.876385e-001
3.442369e+003,2.873226e-001
3.442852e+003,2.869861e-001
3.443333e+003,2.866198e-001
3.443816e+003,2.862294e-001
3.444298e+003,2.858330e-001
3.444780e+003,2.854504e-001
3.445262e+003,2.850950e-001
3.445744e+003,2.847647e-001
3.446226e+003,2.844433e-001
3.446708e+003,2.841075e-001
3.447191e+003,2.837419e-001
3.447673e+003,2.833463e-001
3.448155e+003,2.829359e-001
3.448637e+003,2.825327e-001
3.449119e+003,2.821513e-001
3.449601e+003,2.817931e-001
3.450083e+003,2.814471e-001
3.450565e+003,2.810978e-001
3.451048e+003,2.807333e-001
3.451530e+003,2.803538e-001
3.452012e+003,2.799694e-001
3.452494e+003,2.795964e-001
3.452976e+003,2.792448e-001
3.453458e+003,2.789135e-001
3.453940e+003,2.785882e-001
3.454422e+003,2.782519e-001
3.454905e+003,2.778912e-001
3.455387e+003,2.775036e-001
3.455869e+003,2.771001e-001
3.456351e+003,2.766962e-001
3.456833e+003,2.763029e-001
3.457315e+003,2.759216e-001
3.457797e+003,2.755426e-001
3.458280e+003,2.751524e-001
3.458761e+003,2.747434e-001
3.459244e+003,2.743194e-001
3.459726e+003,2.738951e-001
3.460208e+003,2.734876e-001
3.460690e+003,2.731071e-001
3.461172e+003,2.727499e-001
3.461654e+003,2.723981e-001
3.462136e+003,2.720295e-001
3.462619e+003,2.716278e-001
3.463101e+003,2.711921e-001
3.463583e+003,2.707364e-001
3.464065e+003,2.702823e-001
3.464547e+003,2.698482e-001
3.465029e+003,2.694390e-001
3.465511e+003,2.690461e-001
3.465993e+003,2.686526e-001
3.466476e+003,2.682420e-001
3.466958e+003,2.678077e-001
3.467440e+003,2.673538e-001
3.467922e+003,2.668906e-001
3.468404e+003,2.664295e-001
3.468886e+003,2.659727e-001
3.469368e+003,2.655167e-001
3.469850e+003,2.650552e-001
3.470333e+003,2.645865e-001
3.470815e+003,2.641158e-001
3.471297e+003,2.636572e-001
3.471779e+003,2.632240e-001
3.472261e+003,2.628223e-001
3.472743e+003,2.624457e-001
3.473225e+003,2.620755e-001
3.473708e+003,2.616908e-001
3.474189e+003,2.612764e-001
3.474672e+003,2.608292e-001
3.475154e+003,2.603585e-001
3.475636e+003,2.598795e-001
3.476118e+003,2.594029e-001
3.476600e+003,2.589301e-001
3.477082e+003,2.584527e-001
3.477564e+003,2.579608e-001
3.478047e+003,2.574480e-001
3.478529e+003,2.569213e-001
3.479011e+003,2.563943e-001
3.479493e+003,2.558867e-001
3.479975e+003,2.554097e-001
3.480457e+003,2.549628e-001
3.480939e+003,2.545328e-001
3.481421e+003,2.540991e-001
3.481904e+003,2.536471e-001
3.482386e+003,2.531738e-001
3.482868e+003,2.526866e-001
3.483350e+003,2.521993e-001
3.483832e+003,2.517214e-001
3.484314e+003,2.512518e-001
3.484796e+003,2.507827e-001
3.485278e+003,2.503041e-001
3.485760e+003,2.498099e-001
3.486243e+003,2.493043e-001
3.486725e+003,2.487996e-001
3.487207e+003,2.483075e-001
3.487689e+003,2.478332e-001
3.488171e+003,2.473704e-001
3.488653e+003,2.469025e-001
3.489135e+003,2.464131e-001
3.489618e+003,2.458963e-001
3.490100e+003,2.453572e-001
3.490582e+003,2.448137e-001
3.491064e+003,2.442836e-001
3.491546e+003,2.437783e-001
3.492028e+003,2.432957e-001
3.492510e+003,2.428214e-001
3.492992e+003,2.423382e-001
3.493475e+003,2.418340e-001
3.493957e+003,2.413078e-001
3.494439e+003,2.407697e-001
3.494921e+003,2.402337e-001
3.495403e+003,2.397084e-001
3.495885e+003,2.391936e-001
3.496367e+003,2.386784e-001
3.496849e+003,2.381503e-001
3.497332e+003,2.376039e-001
3.497814e+003,2.370432e-001
3.498296e+003,2.364815e-001
3.498778e+003,2.359320e-001
3.499260e+003,2.354011e-001
3.499742e+003,2.348835e-001
3.500224e+003,2.343656e-001
3.500706e+003,2.338324e-001
3.501188e+003,2.332777e-001
3.501671e+003,2.327066e-001
3.502153e+003,2.321349e-001
3.502635e+003,2.315813e-001
3.503117e+003,2.310514e-001
3.503599e+003,2.305362e-001
3.504081e+003,2.300147e-001
3.504563e+003,2.294668e-001
3.505046e+003,2.288861e-001
3.505528e+003,2.282802e-001
3.506010e+003,2.276697e-001
3.506492e+003,2.270760e-001
3.506974e+003,2.265125e-001
3.507456e+003,2.259786e-001
3.507938e+003,2.254597e-001
3.508420e+003,2.249358e-001
3.508903e+003,2.243920e-001
3.509385e+003,2.238249e-001
3.509867e+003,2.232437e-001
3.510349e+003,2.226630e-001
3.510831e+003,2.220902e-001
3.511313e+003,2.215230e-001
3.511795e+003,2.209489e-001
3.512277e+003,2.203562e-001
3.512760e+003,2.197402e-001
3.513242e+003,2.191085e-001
3.513724e+003,2.184766e-001
3.514206e+003,2.178622e-001
3.514688e+003,2.172727e-001
3.515170e+003,2.167029e-001
3.515652e+003,2.161373e-001
3.516135e+003,2.155582e-001
3.516616e+003,2.149545e-001
3.517099e+003,2.143290e-001
3.517581e+003,2.136948e-001
3.518063e+003,2.130691e-001
3.518545e+003,2.124613e-001
3.519027e+003,2.118696e-001
3.519509e+003,2.112821e-001
3.519991e+003,2.106841e-001
3.520474e+003,2.100681e-001
3.520956e+003,2.094368e-001
3.521438e+003,2.088024e-001
3.521920e+003,2.081801e-001
3.522402e+003,2.075751e-001
3.522884e+003,2.069821e-001
3.523366e+003,2.063850e-001
3.523848e+003,2.057672e-001
3.524331e+003,2.051234e-001
3.524813e+003,2.044632e-001
3.525295e+003,2.038065e-001
3.525777e+003,2.031735e-001
3.526259e+003,2.025713e-001
3.526741e+003,2.019909e-001
3.527223e+003,2.014089e-001
3.527705e+003,2.007996e-001
3.528188e+003,2.001475e-001
3.528670e+003,1.994565e-001
3.529152e+003,1.987457e-001
3.529634e+003,1.980375e-001
3.530116e+003,1.973464e-001
3.530598e+003,1.966735e-001
3.531080e+003,1.960078e-001
3.531563e+003,1.953359e-001
3.532044e+003,1.946519e-001
3.532527e+003,1.939598e-001
3.533009e+003,1.932719e-001
3.533491e+003,1.926019e-001
3.533973e+003,1.919549e-001
3.534455e+003,1.913252e-001
3.534937e+003,1.906960e-001
3.535419e+003,1.900492e-001
3.535902e+003,1.893749e-001
3.536384e+003,1.886788e-001
3.536866e+003,1.879786e-001
3.537348e+003,1.872945e-001
3.537830e+003,1.866386e-001
3.538312e+003,1.860082e-001
3.538794e+003,1.853905e-001
3.539276e+003,1.847679e-001
3.539759e+003,1.841300e-001
3.540241e+003,1.834760e-001
3.540723e+003,1.828132e-001
3.541205e+003,1.821543e-001
3.541687e+003,1.815052e-001
3.542169e+003,1.808654e-001
3.542651e+003,1.802251e-001
3.543133e+003,1.795752e-001
3.543615e+003,1.789107e-001
3.544098e+003,1.782398e-001
3.544580e+003,1.775754e-001
3.545062e+003,1.769329e-001
3.545544e+003,1.763119e-001
3.546026e+003,1.756983e-001
3.546508e+003,1.750676e-001
3.546990e+003,1.743992e-001
3.547472e+003,1.736894e-001
3.547955e+003,1.729509e-001
3.548437e+003,1.722092e-001
3.548919e+003,1.714866e-001
3.549401e+003,1.707957e-001
3.549883e+003,1.701344e-001
3.550365e+003,1.694889e-001
3.550847e+003,1.688409e-001
3.551330e+003,1.681763e-001
3.551812e+003,1.674924e-001
3.552294e+003,1.667977e-001
3.552776e+003,1.661052e-001
3.553258e+003,1.654234e-001
3.553740e+003,1.647532e-001
3.554222e+003,1.640868e-001
3.554704e+003,1.634196e-001
3.555187e+003,1.627508e-001
3.555669e+003,1.620878e-001
3.556151e+003,1.614413e-001
3.556633e+003,1.608192e-001
3.557115e+003,1.602195e-001
3.557597e+003,1.596311e-001
3.558079e+003,1.590366e-001
3.558561e+003,1.584225e-001
3.559043e+003,1.577837e-001
3.559526e+003,1.571300e-001
3.560008e+003,1.564761e-001
3.560490e+003,1.558370e-001
3.560972e+003,1.552152e-001
3.561454e+003,1.546022e-001
3.561936e+003,1.539814e-001
3.562418e+003,1.533406e-001
3.562900e+003,1.526804e-001
3.563383e+003,1.520149e-001
3.563865e+003,1.513693e-001
3.564347e+003,1.507684e-001
3.564829e+003,1.502211e-001
3.565311e+003,1.497147e-001
3.565793e+003,1.492098e-001
3.566275e+003,1.486524e-001
3.566758e+003,1.480071e-001
3.567240e+003,1.472781e-001
3.567722e+003,1.465078e-001
3.568204e+003,1.457467e-001
3.568686e+003,1.450245e-001
3.569168e+003,1.443431e-001
3.569650e+003,1.436890e-001
3.570132e+003,1.430461e-001
3.570615e+003,1.424052e-001
3.571097e+003,1.417671e-001
3.571579e+003,1.411364e-001
3.572061e+003,1.405192e-001
3.572543e+003,1.399124e-001
3.573025e+003,1.393072e-001
3.573507e+003,1.386886e-001
3.573989e+003,1.380473e-001
3.574471e+003,1.373838e-001
3.574954e+003,1.367139e-001
3.575436e+003,1.360587e-001
3.575918e+003,1.354362e-001
3.576400e+003,1.348518e-001
3.576882e+003,1.342956e-001
3.577364e+003,1.337486e-001
3.577846e+003,1.331913e-001
3.578328e+003,1.326157e-001
3.578811e+003,1.320261e-001
3.579293e+003,1.314360e-001
3.579775e+003,1.308593e-001
3.580257e+003,1.303004e-001
3.580739e+003,1.297512e-001
3.581221e+003,1.291953e-001
3.581703e+003,1.286186e-001
3.582186e+003,1.280171e-001
3.582667e+003,1.273980e-001
3.583150e+003,1.267788e-001
3.583632e+003,1.261763e-001
3.584114e+003,1.255996e-001
3.584596e+003,1.250478e-001
3.585078e+003,1.245098e-001
3.585560e+003,1.239703e-001
3.586042e+003,1.234193e-001
3.586525e+003,1.228589e-001
3.587007e+003,1.222986e-001
3.587489e+003,1.217489e-001
3.587971e+003,1.212054e-001
3.588453e+003,1.206529e-001
3.588935e+003,1.200750e-001
3.589417e+003,1.194675e-001
3.589899e+003,1.188415e-001
3.590382e+003,1.182161e-001
3.590864e+003,1.176130e-001
3.591346e+003,1.170469e-001
3.591828e+003,1.165187e-001
3.592310e+003,1.160157e-001
3.592792e+003,1.155141e-001
3.593274e+003,1.149898e-001
3.593756e+003,1.144308e-001
3.594239e+003,1.138462e-001
3.594721e+003,1.132577e-001
3.595203e+003,1.126920e-001
3.595685e+003,1.121607e-001
3.596167e+003,1.116583e-001
3.596649e+003,1.111665e-001
3.597131e+003,1.106651e-001
3.597614e+003,1.101444e-001
3.598095e+003,1.096065e-001
3.598578e+003,1.090631e-001
3.599060e+003,1.085260e-001
3.599542e+003,1.080002e-001
3.600024e+003,1.074812e-001
3.600506e+003,1.069568e-001
3.600988e+003,1.064194e-001
3.601470e+003,1.058702e-001
3.601953e+003,1.053218e-001
3.602435e+003,1.047881e-001
3.602917e+003,1.042801e-001
3.603399e+003,1.037962e-001
3.603881e+003,1.033259e-001
3.604363e+003,1.028542e-001
3.604845e+003,1.023698e-001
3.605327e+003,1.018712e-001
3.605810e+003,1.013683e-001
3.606292e+003,1.008757e-001
3.606774e+003,1.004056e-001
3.607256e+003,9.995366e-002
3.607738e+003,9.949654e-002
3.608220e+003,9.900264e-002
3.608702e+003,9.845224e-002
3.609184e+003,9.785212e-002
3.609667e+003,9.723196e-002
3.610149e+003,9.663059e-002
3.610631e+003,9.607916e-002
3.611113e+003,9.558997e-002
3.611595e+003,9.515473e-002
3.612077e+003,9.474731e-002
3.612559e+003,9.433292e-002
3.613042e+003,9.388294e-002
3.613524e+003,9.338824e-002
3.614006e+003,9.285685e-002
3.614488e+003,9.230709e-002
3.614970e+003,9.175155e-002
3.615452e+003,9.119542e-002
3.615934e+003,9.063819e-002
3.616416e+003,9.008139e-002
3.616898e+003,8.953647e-002
3.617381e+003,8.902508e-002
3.617863e+003,8.857068e-002
3.618345e+003,8.818487e-002
3.618827e+003,8.784877e-002
3.619309e+003,8.751773e-002
3.619791e+003,8.714382e-002
3.620273e+003,8.670348e-002
3.620755e+003,8.620839e-002
3.621238e+003,8.569180e-002
3.621720e+003,8.519185e-002
3.622202e+003,8.473232e-002
3.622684e+003,8.431752e-002
3.623166e+003,8.393614e-002
3.623648e+003,8.356717e-002
3.624130e+003,8.318958e-002
3.624612e+003,8.279324e-002
3.625094e+003,8.238286e-002
3.625577e+003,8.197501e-002
3.626059e+003,8.159296e-002
3.626541e+003,8.125420e-002
3.627023e+003,8.096057e-002
3.627505e+003,8.068653e-002
3.627987e+003,8.037642e-002
3.628469e+003,7.996484e-002
3.628952e+003,7.942326e-002
3.629434e+003,7.879019e-002
3.629916e+003,7.813257e-002
3.630398e+003,7.749414e-002
3.630880e+003,7.688484e-002
3.631362e+003,7.629482e-002
3.631844e+003,7.571486e-002
3.632326e+003,7.514101e-002
3.632809e+003,7.458111e-002
3.633291e+003,7.404737e-002
3.633773e+003,7.355140e-002
3.634255e+003,7.309102e-002
3.634737e+003,7.265461e-002
3.635219e+003,7.222401e-002
3.635701e+003,7.178611e-002
3.636183e+003,7.133725e-002
3.636666e+003,7.088538e-002
3.637148e+003,7.044373e-002
3.637630e+003,7.002388e-002
3.638112e+003,6.963073e-002
3.638594e+003,6.925774e-002
3.639076e+003,6.889319e-002
3.639558e+003,6.852596e-002
3.640041e+003,6.814955e-002
3.640522e+003,6.776381e-002
3.641005e+003,6.737114e-002
3.641487e+003,6.697217e-002
3.641969e+003,6.656375e-002
3.642451e+003,6.614213e-002
3.642933e+003,6.570642e-002
3.643415e+003,6.526428e-002
3.643897e+003,6.483185e-002
3.644380e+003,6.443036e-002
3.644862e+003,6.407968e-002
3.645344e+003,6.379162e-002
3.645826e+003,6.356174e-002
3.646308e+003,6.336579e-002
3.646790e+003,6.316063e-002
3.647272e+003,6.290425e-002
3.647754e+003,6.257822e-002
3.648237e+003,6.220802e-002
3.648719e+003,6.184109e-002
3.649201e+003,6.151197e-002
3.649683e+003,6.119692e-002
3.650165e+003,6.083924e-002
3.650647e+003,6.039221e-002
3.651129e+003,5.985598e-002
3.651611e+003,5.926944e-002
3.652094e+003,5.868119e-002
3.652576e+003,5.812805e-002
3.653058e+003,5.763030e-002
3.653540e+003,5.719145e-002
3.654022e+003,5.680392e-002
3.654504e+003,5.645327e-002
3.654986e+003,5.612106e-002
3.655469e+003,5.579221e-002
3.655950e+003,5.545896e-002
3.656433e+003,5.512268e-002
3.656915e+003,5.478901e-002
3.657397e+003,5.446060e-002
3.657879e+003,5.413606e-002
3.658361e+003,5.381174e-002
3.658843e+003,5.348691e-002
3.659325e+003,5.316570e-002
3.659808e+003,5.285375e-002
3.660290e+003,5.255518e-002
3.660772e+003,5.226838e-002
3.661254e+003,5.198407e-002
3.661736e+003,5.169020e-002
3.662218e+003,5.137564e-002
3.662700e+003,5.104025e-002
3.663182e+003,5.069218e-002
3.663665e+003,5.034687e-002
3.664147e+003,5.001857e-002
3.664629e+003,4.971256e-002
3.665111e+003,4.942256e-002
3.665593e+003,4.913278e-002
3.666075e+003,4.882783e-002
3.666557e+003,4.849881e-002
3.667039e+003,4.815212e-002
3.667521e+003,4.780841e-002
3.668004e+003,4.750137e-002
3.668486e+003,4.726456e-002
3.668968e+003,4.710761e-002
3.669450e+003,4.700009e-002
3.669932e+003,4.687328e-002
3.670414e+003,4.666678e-002
3.670896e+003,4.636734e-002
3.671378e+003,4.600728e-002
3.671861e+003,4.563143e-002
3.672343e+003,4.527823e-002
3.672825e+003,4.497333e-002
3.673307e+003,4.473488e-002
3.673789e+003,4.457639e-002
3.674271e+003,4.450274e-002
3.674753e+003,4.449406e-002
3.675236e+003,4.448862e-002
3.675718e+003,4.440993e-002
3.676200e+003,4.421901e-002
3.676682e+003,4.393063e-002
3.677164e+003,4.358714e-002
3.677646e+003,4.322774e-002
3.678128e+003,4.288598e-002
3.678610e+003,4.258888e-002
3.679093e+003,4.235448e-002
3.679575e+003,4.218389e-002
3.680057e+003,4.206084e-002
3.680539e+003,4.195405e-002
3.681021e+003,4.183272e-002
3.681503e+003,4.167617e-002
3.681985e+003,4.147929e-002
3.682467e+003,4.125332e-002
3.682949e+003,4.101769e-002
3.683432e+003,4.079218e-002
3.683914e+003,4.058705e-002
3.684396e+003,4.039967e-002
3.684878e+003,4.021789e-002
3.685360e+003,4.002832e-002
3.685842e+003,3.982208e-002
3.686324e+003,3.960353e-002
3.686806e+003,3.938885e-002
3.687289e+003,3.920393e-002
3.687771e+003,3.907169e-002
3.688253e+003,3.899653e-002
3.688735e+003,3.895755e-002
3.689217e+003,3.891868e-002
3.689699e+003,3.885324e-002
3.690181e+003,3.876124e-002
3.690664e+003,3.865982e-002
3.691146e+003,3.856615e-002
3.691628e+003,3.848360e-002
3.692110e+003,3.840192e-002
3.692592e+003,3.830556e-002
3.693074e+003,3.818323e-002
3.693556e+003,3.803595e-002
3.694038e+003,3.787360e-002
3.694521e+003,3.771411e-002
3.695003e+003,3.757238e-002
3.695485e+003,3.745821e-002
3.695967e+003,3.736633e-002
3.696449e+003,3.728445e-002
3.696931e+003,3.719705e-002
3.697413e+003,3.709745e-002
3.697895e+003,3.699020e-002
3.698377e+003,3.689207e-002
3.698860e+003,3.682264e-002
3.699342e+003,3.679722e-002
3.699824e+003,3.682246e-002
3.700306e+003,3.688785e-002
3.700788e+003,3.697120e-002
3.701270e+003,3.704216e-002
3.701752e+003,3.707811e-002
3.702234e+003,3.706938e-002
3.702717e+003,3.702072e-002
3.703199e+003,3.694380e-002
3.703681e+003,3.684741e-002
3.704163e+003,3.673831e-002
3.704645e+003,3.662203e-002
3.705127e+003,3.650611e-002
3.705609e+003,3.640160e-002
3.706092e+003,3.632004e-002
3.706573e+003,3.627013e-002
3.707056e+003,3.625273e-002
3.707538e+003,3.625845e-002
3.708020e+003,3.627184e-002
3.708502e+003,3.627718e-002
3.708984e+003,3.627034e-002
3.709466e+003,3.626147e-002
3.709948e+003,3.627838e-002
3.710431e+003,3.634911e-002
3.710913e+003,3.648224e-002
3.711395e+003,3.664699e-002
3.711877e+003,3.678978e-002
3.712359e+003,3.686138e-002
3.712841e+003,3.684402e-002
3.713323e+003,3.675213e-002
3.713805e+003,3.661729e-002
3.714288e+003,3.647048e-002
3.714770e+003,3.633358e-002
3.715252e+003,3.621782e-002
3.715734e+003,3.612304e-002
3.716216e+003,3.604626e-002
3.716698e+003,3.598420e-002
3.717180e+003,3.593483e-002
3.717662e+003,3.589881e-002
3.718145e+003,3.587714e-002
3.718627e+003,3.586907e-002
3.719109e+003,3.587107e-002
3.719591e+003,3.587925e-002
3.720073e+003,3.589185e-002
3.720555e+003,3.591200e-002
3.721037e+003,3.594565e-002
3.721520e+003,3.599608e-002
3.722001e+003,3.606164e-002
3.722484e+003,3.613064e-002
3.722966e+003,3.618691e-002
3.723448e+003,3.621936e-002
3.723930e+003,3.622771e-002
3.724412e+003,3.622735e-002
3.724894e+003,3.623822e-002
3.725376e+003,3.627952e-002
3.725859e+003,3.635012e-002
3.726341e+003,3.643046e-002
3.726823e+003,3.648279e-002
3.727305e+003,3.647652e-002
3.727787e+003,3.639951e-002
3.728269e+003,3.626474e-002
3.728751e+003,3.610013e-002
3.729233e+003,3.594283e-002
3.729716e+003,3.582555e-002
3.730198e+003,3.577446e-002
3.730680e+003,3.579513e-002
3.731162e+003,3.587496e-002
3.731644e+003,3.597732e-002
3.732126e+003,3.606326e-002
3.732608e+003,3.610712e-002
3.733090e+003,3.611368e-002
3.733573e+003,3.611215e-002
3.734055e+003,3.614376e-002
3.734537e+003,3.623320e-002
3.735019e+003,3.637419e-002
3.735501e+003,3.652103e-002
3.735983e+003,3.662222e-002
3.736465e+003,3.664974e-002
3.736948e+003,3.660812e-002
3.737430e+003,3.651950e-002
3.737912e+003,3.640451e-002
3.738394e+003,3.627367e-002
3.738876e+003,3.612886e-002
3.739358e+003,3.596820e-002
3.739840e+003,3.579282e-002
3.740322e+003,3.561020e-002
3.740804e+003,3.543501e-002
3.741287e+003,3.528578e-002
3.741769e+003,3.518529e-002
3.742251e+003,3.515688e-002
3.742733e+003,3.522718e-002
3.743215e+003,3.541082e-002
3.743697e+003,3.569469e-002
3.744179e+003,3.600925e-002
3.744661e+003,3.625213e-002
3.745144e+003,3.635324e-002
3.745626e+003,3.630957e-002
3.746108e+003,3.616499e-002
3.746590e+003,3.596898e-002
3.747072e+003,3.576659e-002
3.747554e+003,3.559706e-002
3.748036e+003,3.550047e-002
3.748518e+003,3.551748e-002
3.749000e+003,3.567225e-002
3.749483e+003,3.595674e-002
3.749965e+003,3.631162e-002
3.750447e+003,3.664428e-002
3.750929e+003,3.687119e-002
3.751411e+003,3.695718e-002
3.751893e+003,3.692340e-002
3.752375e+003,3.681636e-002
3.752858e+003,3.668118e-002
3.753340e+003,3.653912e-002
3.753822e+003,3.639818e-002
3.754304e+003,3.625683e-002
3.754786e+003,3.611317e-002
3.755268e+003,3.597355e-002
3.755750e+003,3.584956e-002
3.756232e+003,3.575836e-002
3.756715e+003,3.571575e-002
3.757197e+003,3.573230e-002
3.757679e+003,3.580306e-002
3.758161e+003,3.591215e-002
3.758643e+003,3.603236e-002
3.759125e+003,3.613325e-002
3.759607e+003,3.618718e-002
3.760089e+003,3.617946e-002
3.760572e+003,3.610626e-002
3.761054e+003,3.597802e-002
3.761536e+003,3.581152e-002
3.762018e+003,3.562857e-002
3.762500e+003,3.545273e-002
3.762982e+003,3.530973e-002
3.763464e+003,3.522430e-002
3.763947e+003,3.521352e-002
3.764428e+003,3.527462e-002
3.764911e+003,3.538034e-002
3.765393e+003,3.548253e-002
3.765875e+003,3.553630e-002
3.766357e+003,3.552197e-002
3.766839e+003,3.545216e-002
3.767321e+003,3.536486e-002
3.767803e+003,3.530662e-002
3.768286e+003,3.531816e-002
3.768768e+003,3.541825e-002
3.769250e+003,3.558946e-002
3.769732e+003,3.578295e-002
3.770214e+003,3.593884e-002
3.770696e+003,3.601904e-002
3.771178e+003,3.602262e-002
3.771660e+003,3.597689e-002
3.772143e+003,3.591672e-002
3.772625e+003,3.587084e-002
3.773107e+003,3.585268e-002
3.773589e+003,3.586148e-002
3.774071e+003,3.588817e-002
3.774553e+003,3.591922e-002
3.775035e+003,3.594312e-002
3.775517e+003,3.595525e-002
3.776000e+003,3.595818e-002
3.776482e+003,3.595893e-002
3.776964e+003,3.596864e-002
3.777446e+003,3.599639e-002
3.777928e+003,3.604934e-002
3.778410e+003,3.612844e-002
3.778892e+003,3.622200e-002
3.779375e+003,3.631010e-002
3.779856e+003,3.636684e-002
3.780339e+003,3.637379e-002
3.780821e+003,3.632528e-002
3.781303e+003,3.622897e-002
3.781785e+003,3.610332e-002
3.782267e+003,3.597175e-002
3.782749e+003,3.586129e-002
3.783231e+003,3.579540e-002
3.783714e+003,3.578664e-002
3.784196e+003,3.583131e-002
3.784678e+003,3.590751e-002
3.785160e+003,3.598490e-002
3.785642e+003,3.603718e-002
3.786124e+003,3.605395e-002
3.786606e+003,3.604072e-002
3.787088e+003,3.601106e-002
3.787571e+003,3.597922e-002
3.788053e+003,3.595583e-002
3.788535e+003,3.594398e-002
3.789017e+003,3.594265e-002
3.789499e+003,3.594966e-002
3.789981e+003,3.596476e-002
3.790463e+003,3.598859e-002
3.790945e+003,3.602142e-002
3.791427e+003,3.605784e-002
3.791910e+003,3.608952e-002
3.792392e+003,3.610490e-002
3.792874e+003,3.609896e-002
3.793356e+003,3.607374e-002
3.793838e+003,3.604492e-002
3.794320e+003,3.603704e-002
3.794802e+003,3.607631e-002
3.795284e+003,3.617654e-002
3.795767e+003,3.632487e-002
3.796249e+003,3.647800e-002
3.796731e+003,3.657794e-002
3.797213e+003,3.658208e-002
3.797695e+003,3.648238e-002
3.798177e+003,3.630484e-002
3.798659e+003,3.609741e-002
3.799142e+003,3.591866e-002
3.799624e+003,3.582826e-002
3.800106e+003,3.587887e-002
3.800588e+003,3.608717e-002
3.801070e+003,3.640278e-002
3.801552e+003,3.671030e-002
3.802034e+003,3.689400e-002
3.802516e+003,3.691337e-002
3.802999e+003,3.680118e-002
3.803481e+003,3.661836e-002
3.803963e+003,3.642108e-002
3.804445e+003,3.625328e-002
3.804927e+003,3.615053e-002
3.805409e+003,3.614055e-002
3.805891e+003,3.623522e-002
3.806373e+003,3.641580e-002
3.806855e+003,3.662673e-002
3.807338e+003,3.679712e-002
3.807820e+003,3.688125e-002
3.808302e+003,3.687560e-002
3.808784e+003,3.680968e-002
3.809266e+003,3.672194e-002
3.809748e+003,3.664527e-002
3.810230e+003,3.659751e-002
3.810712e+003,3.657968e-002
3.811195e+003,3.657721e-002
3.811677e+003,3.656673e-002
3.812159e+003,3.652899e-002
3.812641e+003,3.645704e-002
3.813123e+003,3.636504e-002
3.813605e+003,3.628606e-002
3.814087e+003,3.626805e-002
3.814570e+003,3.635622e-002
3.815052e+003,3.656654e-002
3.815534e+003,3.685475e-002
3.816016e+003,3.712019e-002
3.816498e+003,3.726339e-002
3.816980e+003,3.724054e-002
3.817462e+003,3.707424e-002
3.817944e+003,3.682151e-002
3.818427e+003,3.654676e-002
3.818909e+003,3.631338e-002
3.819391e+003,3.618072e-002
3.819873e+003,3.619991e-002
3.820355e+003,3.638639e-002
3.820837e+003,3.668657e-002
3.821319e+003,3.698922e-002
3.821801e+003,3.719161e-002
3.822283e+003,3.725899e-002
3.822766e+003,3.721642e-002
3.823248e+003,3.710775e-002
3.823730e+003,3.697731e-002
3.824212e+003,3.686123e-002
3.824694e+003,3.678774e-002
3.825176e+003,3.677838e-002
3.825658e+003,3.683927e-002
3.826140e+003,3.695435e-002
3.826623e+003,3.708645e-002
3.827105e+003,3.719200e-002
3.827587e+003,3.723961e-002
3.828069e+003,3.722252e-002
3.828551e+003,3.715793e-002
3.829033e+003,3.707737e-002
3.829515e+003,3.701600e-002
3.829998e+003,3.700341e-002
3.830479e+003,3.705193e-002
3.830962e+003,3.715225e-002
3.831444e+003,3.727351e-002
3.831926e+003,3.737701e-002
3.832408e+003,3.743146e-002
3.832890e+003,3.742447e-002
3.833372e+003,3.736397e-002
3.833854e+003,3.726669e-002
3.834337e+003,3.715276e-002
3.834819e+003,3.703725e-002
3.835301e+003,3.693199e-002
3.835783e+003,3.684606e-002
3.836265e+003,3.679196e-002
3.836747e+003,3.678436e-002
3.837229e+003,3.683617e-002
3.837711e+003,3.694584e-002
3.838194e+003,3.709260e-002
3.838676e+003,3.723617e-002
3.839158e+003,3.733775e-002
3.839640e+003,3.737536e-002
3.840122e+003,3.735689e-002
3.840604e+003,3.731018e-002
3.841086e+003,3.727087e-002
3.841568e+003,3.726735e-002
3.842051e+003,3.731420e-002
3.842533e+003,3.740522e-002
3.843015e+003,3.751825e-002
3.843497e+003,3.762208e-002
3.843979e+003,3.768815e-002
3.844461e+003,3.770161e-002
3.844943e+003,3.766399e-002
3.845426e+003,3.758700e-002
3.845907e+003,3.748772e-002
3.846390e+003,3.737967e-002
3.846872e+003,3.727357e-002
3.847354e+003,3.717436e-002
3.847836e+003,3.708568e-002
3.848318e+003,3.700754e-002
3.848800e+003,3.694008e-002
3.849282e+003,3.688068e-002
3.849765e+003,3.682949e-002
3.850247e+003,3.678624e-002
3.850729e+003,3.676163e-002
3.851211e+003,3.677784e-002
3.851693e+003,3.687546e-002
3.852175e+003,3.710375e-002
3.852657e+003,3.747636e-002
3.853139e+003,3.791966e-002
3.853622e+003,3.829251e-002
3.854104e+003,3.849134e-002
3.854586e+003,3.851628e-002
3.855068e+003,3.842581e-002
3.855550e+003,3.828357e-002
3.856032e+003,3.813555e-002
3.856514e+003,3.800594e-002
3.856996e+003,3.790233e-002
3.857479e+003,3.782064e-002
3.857961e+003,3.774927e-002
3.858443e+003,3.767959e-002
3.858925e+003,3.760636e-002
3.859407e+003,3.753338e-002
3.859889e+003,3.747137e-002
3.860371e+003,3.743446e-002
3.860854e+003,3.743495e-002
3.861336e+003,3.748044e-002
3.861818e+003,3.757096e-002
3.862300e+003,3.770116e-002
3.862782e+003,3.786295e-002
3.863264e+003,3.804392e-002
3.863746e+003,3.822468e-002
3.864228e+003,3.837302e-002
3.864710e+003,3.845091e-002
3.865193e+003,3.842990e-002
3.865675e+003,3.830666e-002
3.866157e+003,3.810503e-002
3.866639e+003,3.786760e-002
3.867121e+003,3.764745e-002
3.867603e+003,3.750327e-002
3.868085e+003,3.749498e-002
3.868567e+003,3.766468e-002
3.869050e+003,3.800096e-002
3.869532e+003,3.840522e-002
3.870014e+003,3.872595e-002
3.870496e+003,3.885243e-002
3.870978e+003,3.877917e-002
3.871460e+003,3.858002e-002
3.871942e+003,3.835144e-002
3.872424e+003,3.817586e-002
3.872906e+003,3.810736e-002
3.873389e+003,3.816016e-002
3.873871e+003,3.830370e-002
3.874353e+003,3.847133e-002
3.874835e+003,3.859382e-002
3.875317e+003,3.863343e-002
3.875799e+003,3.858831e-002
3.876281e+003,3.848181e-002
3.876764e+003,3.834492e-002
3.877246e+003,3.820657e-002
3.877728e+003,3.809448e-002
3.878210e+003,3.803521e-002
3.878692e+003,3.805387e-002
3.879174e+003,3.816878e-002
3.879656e+003,3.837577e-002
3.880138e+003,3.863440e-002
3.880621e+003,3.887801e-002
3.881103e+003,3.903813e-002
3.881585e+003,3.907997e-002
3.882067e+003,3.900847e-002
3.882549e+003,3.885823e-002
3.883031e+003,3.867966e-002
3.883513e+003,3.852635e-002
3.883995e+003,3.844581e-002
3.884478e+003,3.846704e-002
3.884960e+003,3.858034e-002
3.885442e+003,3.873187e-002
3.885924e+003,3.884563e-002
3.886406e+003,3.886955e-002
3.886888e+003,3.879820e-002
3.887370e+003,3.866147e-002
3.887853e+003,3.850086e-002
3.888334e+003,3.835643e-002
3.888817e+003,3.825904e-002
3.889299e+003,3.823320e-002
3.889781e+003,3.829383e-002
3.890263e+003,3.844205e-002
3.890745e+003,3.865955e-002
3.891227e+003,3.890788e-002
3.891709e+003,3.913862e-002
3.892192e+003,3.931254e-002
3.892674e+003,3.940944e-002
3.893156e+003,3.943121e-002
3.893638e+003,3.939344e-002
3.894120e+003,3.931803e-002
3.894602e+003,3.922740e-002
3.895084e+003,3.914138e-002
3.895566e+003,3.907397e-002
3.896049e+003,3.903217e-002
3.896531e+003,3.901494e-002
3.897013e+003,3.901779e-002
3.897495e+003,3.903187e-002
3.897977e+003,3.905163e-002
3.898459e+003,3.907562e-002
3.898941e+003,3.910730e-002
3.899423e+003,3.915140e-002
3.899906e+003,3.920954e-002
3.900388e+003,3.927932e-002
3.900870e+003,3.935614e-002
3.901352e+003,3.943894e-002
3.901834e+003,3.953221e-002
3.902316e+003,3.964549e-002
3.902798e+003,3.978463e-002
3.903281e+003,3.994274e-002
3.903762e+003,4.009720e-002
3.904245e+003,4.021408e-002
3.904727e+003,4.026462e-002
3.905209e+003,4.024124e-002
3.905691e+003,4.015768e-002
3.906173e+003,4.004389e-002
3.906655e+003,3.992917e-002
3.907137e+003,3.983589e-002
3.907620e+003,3.977506e-002
3.908102e+003,3.974497e-002
3.908584e+003,3.973780e-002
3.909066e+003,3.974111e-002
3.909548e+003,3.974601e-002
3.910030e+003,3.974694e-002
3.910512e+003,3.974322e-002
3.910994e+003,3.973512e-002
3.911477e+003,3.972211e-002
3.911959e+003,3.970179e-002
3.912441e+003,3.967232e-002
3.912923e+003,3.963488e-002
3.913405e+003,3.959649e-002
3.913887e+003,3.956964e-002
3.914369e+003,3.956788e-002
3.914851e+003,3.960196e-002
3.915333e+003,3.967177e-002
3.915816e+003,3.976511e-002
3.916298e+003,3.986060e-002
3.916780e+003,3.993605e-002
3.917262e+003,3.998097e-002
3.917744e+003,3.999918e-002
3.918226e+003,4.000596e-002
3.918708e+003,4.001527e-002
3.919190e+003,4.003176e-002
3.919673e+003,4.004905e-002
3.920155e+003,4.005305e-002
3.920637e+003,4.003204e-002
3.921119e+003,3.998469e-002
3.921601e+003,3.992322e-002
3.922083e+003,3.986866e-002
3.922565e+003,3.984483e-002
3.923048e+003,3.986676e-002
3.923530e+003,3.993514e-002
3.924012e+003,4.003135e-002
3.924494e+003,4.012400e-002
3.924976e+003,4.018287e-002
3.925458e+003,4.019259e-002
3.925940e+003,4.015825e-002
3.926422e+003,4.009698e-002
3.926905e+003,4.002996e-002
3.927387e+003,3.997226e-002
3.927869e+003,3.993401e-002
3.928351e+003,3.991785e-002
3.928833e+003,3.992569e-002
3.929315e+003,3.995844e-002
3.929797e+003,4.001866e-002
3.930279e+003,4.010770e-002
3.930761e+003,4.022248e-002
3.931244e+003,4.035039e-002
3.931726e+003,4.047259e-002
3.932208e+003,4.056735e-002
3.932690e+003,4.061956e-002
3.933172e+003,4.062587e-002
3.933654e+003,4.059468e-002
3.934136e+003,4.054092e-002
3.934618e+003,4.048155e-002
3.935101e+003,4.042669e-002
3.935583e+003,4.038250e-002
3.936065e+003,4.034980e-002
3.936547e+003,4.032657e-002
3.937029e+003,4.031147e-002
3.937511e+003,4.030131e-002
3.937993e+003,4.029288e-002
3.938476e+003,4.028232e-002
3.938958e+003,4.026587e-002
3.939440e+003,4.024180e-002
3.939922e+003,4.021185e-002
3.940404e+003,4.018388e-002
3.940886e+003,4.016928e-002
3.941368e+003,4.018048e-002
3.941850e+003,4.022283e-002
3.942333e+003,4.029047e-002
3.942815e+003,4.036495e-002
3.943297e+003,4.042234e-002
3.943779e+003,4.044453e-002
3.944261e+003,4.042713e-002
3.944743e+003,4.037881e-002
3.945225e+003,4.031897e-002
3.945707e+003,4.026728e-002
3.946189e+003,4.024007e-002
3.946672e+003,4.024391e-002
3.947154e+003,4.027575e-002
3.947636e+003,4.032258e-002
3.948118e+003,4.037010e-002
3.948600e+003,4.040610e-002
3.949082e+003,4.042617e-002
3.949564e+003,4.043245e-002
3.950046e+003,4.043015e-002
3.950529e+003,4.042315e-002
3.951011e+003,4.041348e-002
3.951493e+003,4.040058e-002
3.951975e+003,4.038540e-002
3.952457e+003,4.036848e-002
3.952939e+003,4.035328e-002
3.953421e+003,4.034117e-002
3.953904e+003,4.033389e-002
3.954385e+003,4.032955e-002
3.954868e+003,4.032601e-002
3.955350e+003,4.032100e-002
3.955832e+003,4.031612e-002
3.956314e+003,4.031527e-002
3.956796e+003,4.032367e-002
3.957278e+003,4.034321e-002
3.957760e+003,4.037216e-002
3.958243e+003,4.040460e-002
3.958725e+003,4.043249e-002
3.959207e+003,4.045017e-002
3.959689e+003,4.045765e-002
3.960171e+003,4.045975e-002
3.960653e+003,4.046428e-002
3.961135e+003,4.047632e-002
3.961617e+003,4.049469e-002
3.962100e+003,4.051252e-002
3.962582e+003,4.051839e-002
3.963064e+003,4.050369e-002
3.963546e+003,4.046869e-002
3.964028e+003,4.042063e-002
3.964510e+003,4.037310e-002
3.964992e+003,4.033914e-002
3.965474e+003,4.032696e-002
3.965957e+003,4.033590e-002
3.966439e+003,4.035843e-002
3.966921e+003,4.038325e-002
3.967403e+003,4.040188e-002
3.967885e+003,4.041245e-002
3.968367e+003,4.041575e-002
3.968849e+003,4.041890e-002
3.969332e+003,4.042557e-002
3.969813e+003,4.043518e-002
3.970296e+003,4.044494e-002
3.970778e+003,4.044918e-002
3.971260e+003,4.044642e-002
3.971742e+003,4.044028e-002
3.972224e+003,4.043899e-002
3.972706e+003,4.044996e-002
3.973188e+003,4.047954e-002
3.973671e+003,4.052488e-002
3.974153e+003,4.057752e-002
3.974635e+003,4.062680e-002
3.975117e+003,4.066194e-002
3.975599e+003,4.067834e-002
3.976081e+003,4.067679e-002
3.976563e+003,4.066217e-002
3.977045e+003,4.064038e-002
3.977528e+003,4.061589e-002
3.978010e+003,4.059167e-002
3.978492e+003,4.056865e-002
3.978974e+003,4.054860e-002
3.979456e+003,4.053529e-002
3.979938e+003,4.053183e-002
3.980420e+003,4.053836e-002
3.980902e+003,4.055286e-002
3.981385e+003,4.056857e-002
3.981867e+003,4.057835e-002
3.982349e+003,4.057799e-002
3.982831e+003,4.056954e-002
3.983313e+003,4.055998e-002
3.983795e+003,4.055868e-002
3.984277e+003,4.057292e-002
3.984760e+003,4.060378e-002
3.985242e+003,4.064478e-002
3.985724e+003,4.068471e-002
3.986206e+003,4.071316e-002
3.986688e+003,4.072445e-002
3.987170e+003,4.072233e-002
3.987652e+003,4.071523e-002
3.988134e+003,4.071324e-002
3.988616e+003,4.072412e-002
3.989099e+003,4.074609e-002
3.989581e+003,4.077294e-002
3.990063e+003,4.079561e-002
3.990545e+003,4.080622e-002
3.991027e+003,4.080343e-002
3.991509e+003,4.079157e-002
3.991991e+003,4.077726e-002
3.992473e+003,4.076729e-002
3.992956e+003,4.076341e-002
3.993438e+003,4.076373e-002
3.993920e+003,4.076418e-002
3.994402e+003,4.076205e-002
3.994884e+003,4.075681e-002
3.995366e+003,4.075183e-002
3.995848e+003,4.074970e-002
3.996330e+003,4.075097e-002
3.996813e+003,4.075249e-002
3.997295e+003,4.075008e-002
3.997777e+003,4.073886e-002
3.998259e+003,4.071923e-002
3.998741e+003,4.069606e-002
3.999223e+003,4.067845e-002
3.999705e+003,4.067358e-002
4.000188e+003,4.068514e-002
