3.996813e+002,0.000000e+000
4.001635e+002,1.111812e-001
4.006456e+002,1.123249e-001
4.011277e+002,1.137983e-001
4.016098e+002,1.151781e-001
4.020919e+002,1.161178e-001
4.025741e+002,1.165045e-001
4.030562e+002,1.165060e-001
4.035383e+002,1.164451e-001
4.040204e+002,1.166194e-001
4.045026e+002,1.171535e-001
4.049847e+002,1.179536e-001
4.054668e+002,1.187609e-001
4.059489e+002,1.193052e-001
4.064311e+002,1.194759e-001
4.069132e+002,1.194034e-001
4.073953e+002,1.193709e-001
4.078774e+002,1.196434e-001
4.083596e+002,1.203192e-001
4.088417e+002,1.212853e-001
4.093238e+002,1.222693e-001
4.098059e+002,1.229859e-001
4.102881e+002,1.233020e-001
4.107702e+002,1.233182e-001
4.112523e+002,1.232938e-001
4.117344e+002,1.234844e-001
4.122166e+002,1.239990e-001
4.126987e+002,1.247493e-001
4.131808e+002,1.254992e-001
4.136629e+002,1.259995e-001
4.141451e+002,1.261329e-001
4.146272e+002,1.259844e-001
4.151093e+002,1.257780e-001
4.155914e+002,1.257479e-001
4.160736e+002,1.260235e-001
4.165557e+002,1.265765e-001
4.170378e+002,1.272131e-001
4.175200e+002,1.276313e-001
4.180021e+002,1.275780e-001
4.184842e+002,1.270930e-001
4.189663e+002,1.265833e-001
4.194484e+002,1.265095e-001
4.199306e+002,1.269787e-001
4.204127e+002,1.277173e-001
4.208948e+002,1.283395e-001
4.213770e+002,1.285896e-001
4.218591e+002,1.284371e-001
4.223412e+002,1.280544e-001
4.228233e+002,1.277130e-001
4.233055e+002,1.276560e-001
4.237876e+002,1.279772e-001
4.242697e+002,1.285724e-001
4.247518e+002,1.291865e-001
4.252339e+002,1.295614e-001
4.257161e+002,1.295874e-001
4.261982e+002,1.293647e-001
4.266803e+002,1.291202e-001
4.271624e+002,1.290688e-001
4.276446e+002,1.292963e-001
4.281267e+002,1.297279e-001
4.286088e+002,1.301736e-001
4.290909e+002,1.304352e-001
4.295731e+002,1.304206e-001
4.300552e+002,1.302037e-001
4.305373e+002,1.299785e-001
4.310194e+002,1.299458e-001
4.315016e+002,1.301923e-001
4.319837e+002,1.306447e-001
4.324658e+002,1.311087e-001
4.329479e+002,1.313862e-001
4.334301e+002,1.313889e-001
4.339122e+002,1.311939e-001
4.343943e+002,1.309973e-001
4.348764e+002,1.310053e-001
4.353586e+002,1.313185e-001
4.358407e+002,1.318736e-001
4.363228e+002,1.324725e-001
4.368049e+002,1.329006e-001
4.372870e+002,1.330593e-001
4.377692e+002,1.330247e-001
4.382513e+002,1.329852e-001
4.387334e+002,1.331242e-001
4.392155e+002,1.335220e-001
4.396977e+002,1.341252e-001
4.401798e+002,1.347776e-001
4.406619e+002,1.353062e-001
4.411440e+002,1.356221e-001
4.416262e+002,1.357890e-001
4.421083e+002,1.359933e-001
4.425904e+002,1.364319e-001
4.430725e+002,1.371822e-001
4.435547e+002,1.381501e-001
4.440368e+002,1.391191e-001
4.445189e+002,1.398763e-001
4.450010e+002,1.403320e-001
4.454832e+002,1.405674e-001
4.459653e+002,1.407799e-001
4.464474e+002,1.411721e-001
4.469295e+002,1.418410e-001
4.474117e+002,1.427302e-001
4.478938e+002,1.436630e-001
4.483759e+002,1.444480e-001
4.488580e+002,1.449906e-001
4.493401e+002,1.453454e-001
4.498223e+002,1.456728e-001
4.503044e+002,1.461434e-001
4.507865e+002,1.468446e-001
4.512687e+002,1.477313e-001
4.517508e+002,1.486414e-001
4.522329e+002,1.493819e-001
4.527150e+002,1.498456e-001
4.531971e+002,1.500847e-001
4.536793e+002,1.502708e-001
4.541614e+002,1.505841e-001
4.546435e+002,1.511095e-001
4.551257e+002,1.517993e-001
4.556078e+002,1.524999e-001
4.560899e+002,1.530298e-001
4.565720e+002,1.532860e-001
4.570542e+002,1.533313e-001
4.575363e+002,1.533801e-001
4.580184e+002,1.536622e-001
4.585005e+002,1.542538e-001
4.589827e+002,1.550251e-001
4.594648e+002,1.557304e-001
4.599469e+002,1.561633e-001
4.604290e+002,1.562645e-001
4.609112e+002,1.561402e-001
4.613933e+002,1.559941e-001
4.618754e+002,1.560230e-001
4.623575e+002,1.563159e-001
4.628397e+002,1.568148e-001
4.633218e+002,1.573464e-001
4.638039e+002,1.577291e-001
4.642860e+002,1.578773e-001
4.647682e+002,1.578511e-001
4.652503e+002,1.578113e-001
4.657324e+002,1.579264e-001
4.662145e+002,1.582747e-001
4.666967e+002,1.587984e-001
4.671788e+002,1.593274e-001
4.676609e+002,1.596773e-001
4.681430e+002,1.597620e-001
4.686252e+002,1.596558e-001
4.691073e+002,1.595452e-001
4.695894e+002,1.596234e-001
4.700715e+002,1.599873e-001
4.705536e+002,1.605917e-001
4.710358e+002,1.612657e-001
4.715179e+002,1.617960e-001
4.720000e+002,1.620470e-001
4.724821e+002,1.620554e-001
4.729643e+002,1.620067e-001
4.734464e+002,1.621053e-001
4.739285e+002,1.624369e-001
4.744106e+002,1.629311e-001
4.748928e+002,1.634212e-001
4.753749e+002,1.637521e-001
4.758570e+002,1.638670e-001
4.763391e+002,1.638399e-001
4.768213e+002,1.638304e-001
4.773034e+002,1.639957e-001
4.777855e+002,1.643980e-001
4.782676e+002,1.649681e-001
4.787498e+002,1.655397e-001
4.792319e+002,1.659449e-001
4.797140e+002,1.661084e-001
4.801961e+002,1.660909e-001
4.806783e+002,1.660494e-001
4.811604e+002,1.661477e-001
4.816425e+002,1.664650e-001
4.821246e+002,1.669541e-001
4.826068e+002,1.674673e-001
4.830889e+002,1.678432e-001
4.835710e+002,1.680049e-001
4.840531e+002,1.680150e-001
4.845352e+002,1.680376e-001
4.850174e+002,1.682382e-001
4.854995e+002,1.686793e-001
4.859816e+002,1.692855e-001
4.864637e+002,1.698872e-001
4.869459e+002,1.703209e-001
4.874280e+002,1.705198e-001
4.879101e+002,1.705492e-001
4.883922e+002,1.705632e-001
4.888744e+002,1.707173e-001
4.893565e+002,1.710819e-001
4.898386e+002,1.716041e-001
4.903207e+002,1.721338e-001
4.908029e+002,1.725072e-001
4.912850e+002,1.726409e-001
4.917671e+002,1.725854e-001
4.922492e+002,1.724927e-001
4.927314e+002,1.725249e-001
4.932135e+002,1.727548e-001
4.936956e+002,1.731302e-001
4.941777e+002,1.735077e-001
4.946599e+002,1.737435e-001
4.951420e+002,1.737768e-001
4.956241e+002,1.736654e-001
4.961062e+002,1.735491e-001
4.965884e+002,1.735702e-001
4.970705e+002,1.737932e-001
4.975526e+002,1.741715e-001
4.980347e+002,1.745748e-001
4.985169e+002,1.748685e-001
4.989990e+002,1.749906e-001
4.994811e+002,1.749895e-001
4.999633e+002,1.749949e-001
5.004454e+002,1.751483e-001
5.009275e+002,1.755214e-001
5.014096e+002,1.760700e-001
5.018917e+002,1.766485e-001
5.023739e+002,1.770927e-001
5.028560e+002,1.773211e-001
5.033381e+002,1.773863e-001
5.038203e+002,1.774326e-001
5.043024e+002,1.776063e-001
5.047845e+002,1.779760e-001
5.052666e+002,1.785054e-001
5.057487e+002,1.790784e-001
5.062309e+002,1.795681e-001
5.067130e+002,1.799095e-001
5.071951e+002,1.801428e-001
5.076772e+002,1.803837e-001
5.081594e+002,1.807496e-001
5.086415e+002,1.812815e-001
5.091236e+002,1.819187e-001
5.096057e+002,1.825316e-001
5.100879e+002,1.829958e-001
5.105700e+002,1.832628e-001
5.110521e+002,1.833914e-001
5.115342e+002,1.835145e-001
5.120164e+002,1.837647e-001
5.124985e+002,1.842004e-001
5.129806e+002,1.847753e-001
5.134627e+002,1.853668e-001
5.139448e+002,1.858459e-001
5.144270e+002,1.861474e-001
5.149091e+002,1.863076e-001
5.153912e+002,1.864418e-001
5.158734e+002,1.866780e-001
5.163555e+002,1.870792e-001
5.168376e+002,1.876012e-001
5.173197e+002,1.881113e-001
5.178019e+002,1.884665e-001
5.182840e+002,1.886020e-001
5.187661e+002,1.885740e-001
5.192482e+002,1.885193e-001
5.197303e+002,1.885709e-001
5.202125e+002,1.887794e-001
5.206946e+002,1.890924e-001
5.211767e+002,1.893900e-001
5.216588e+002,1.895593e-001
5.221410e+002,1.895596e-001
5.226231e+002,1.894445e-001
5.231052e+002,1.893299e-001
5.235873e+002,1.893309e-001
5.240695e+002,1.894979e-001
5.245516e+002,1.897874e-001
5.250337e+002,1.900799e-001
5.255159e+002,1.902459e-001
5.259980e+002,1.902238e-001
5.264801e+002,1.900634e-001
5.269622e+002,1.898913e-001
5.274443e+002,1.898305e-001
5.279265e+002,1.899272e-001
5.284086e+002,1.901310e-001
5.288907e+002,1.903290e-001
5.293728e+002,1.904133e-001
5.298550e+002,1.903384e-001
5.303371e+002,1.901487e-001
5.308192e+002,1.899500e-001
5.313013e+002,1.898507e-001
5.317834e+002,1.898987e-001
5.322656e+002,1.900580e-001
5.327477e+002,1.902310e-001
5.332299e+002,1.903194e-001
5.337120e+002,1.902820e-001
5.341941e+002,1.901626e-001
5.346762e+002,1.900633e-001
5.351583e+002,1.900844e-001
5.356404e+002,1.902642e-001
5.361226e+002,1.905550e-001
5.366047e+002,1.908473e-001
5.370868e+002,1.910325e-001
5.375690e+002,1.910647e-001
5.380511e+002,1.909883e-001
5.385332e+002,1.909107e-001
5.390153e+002,1.909414e-001
5.394974e+002,1.911311e-001
5.399796e+002,1.914460e-001
5.404617e+002,1.917890e-001
5.409438e+002,1.920562e-001
5.414260e+002,1.921966e-001
5.419081e+002,1.922406e-001
5.423902e+002,1.922777e-001
5.428723e+002,1.924019e-001
5.433544e+002,1.926538e-001
5.438365e+002,1.929959e-001
5.443187e+002,1.933319e-001
5.448008e+002,1.935596e-001
5.452830e+002,1.936316e-001
5.457651e+002,1.935843e-001
5.462472e+002,1.935171e-001
5.467293e+002,1.935349e-001
5.472114e+002,1.936850e-001
5.476936e+002,1.939322e-001
5.481757e+002,1.941805e-001
5.486578e+002,1.943312e-001
5.491400e+002,1.943395e-001
5.496221e+002,1.942421e-001
5.501042e+002,1.941333e-001
5.505863e+002,1.941088e-001
5.510684e+002,1.942092e-001
5.515505e+002,1.943973e-001
5.520327e+002,1.945805e-001
5.525148e+002,1.946658e-001
5.529969e+002,1.946146e-001
5.534791e+002,1.944655e-001
5.539612e+002,1.943128e-001
5.544433e+002,1.942526e-001
5.549254e+002,1.943284e-001
5.554076e+002,1.945077e-001
5.558896e+002,1.947010e-001
5.563718e+002,1.948165e-001
5.568539e+002,1.948122e-001
5.573361e+002,1.947210e-001
5.578182e+002,1.946295e-001
5.583003e+002,1.946265e-001
5.587825e+002,1.947511e-001
5.592645e+002,1.949709e-001
5.597467e+002,1.952006e-001
5.602288e+002,1.953522e-001
5.607109e+002,1.953841e-001
5.611931e+002,1.953261e-001
5.616752e+002,1.952575e-001
5.621573e+002,1.952609e-001
5.626394e+002,1.953723e-001
5.631216e+002,1.955614e-001
5.636037e+002,1.957505e-001
5.640858e+002,1.958629e-001
5.645679e+002,1.958684e-001
5.650500e+002,1.958050e-001
5.655322e+002,1.957553e-001
5.660143e+002,1.957991e-001
5.664965e+002,1.959666e-001
5.669785e+002,1.962183e-001
5.674607e+002,1.964652e-001
5.679428e+002,1.966194e-001
5.684249e+002,1.966447e-001
5.689070e+002,1.965805e-001
5.693892e+002,1.965167e-001
5.698713e+002,1.965427e-001
5.703534e+002,1.966956e-001
5.708356e+002,1.969417e-001
5.713177e+002,1.971975e-001
5.717998e+002,1.973789e-001
5.722819e+002,1.974486e-001
5.727640e+002,1.974368e-001
5.732462e+002,1.974202e-001
5.737283e+002,1.974781e-001
5.742104e+002,1.976461e-001
5.746925e+002,1.978952e-001
5.751747e+002,1.981468e-001
5.756568e+002,1.983184e-001
5.761389e+002,1.983734e-001
5.766210e+002,1.983455e-001
5.771031e+002,1.983177e-001
5.775853e+002,1.983720e-001
5.780674e+002,1.985402e-001
5.785496e+002,1.987876e-001
5.790317e+002,1.990311e-001
5.795138e+002,1.991856e-001
5.799959e+002,1.992107e-001
5.804780e+002,1.991346e-001
5.809601e+002,1.990377e-001
5.814423e+002,1.990061e-001
5.819244e+002,1.990813e-001
5.824066e+002,1.992396e-001
5.828887e+002,1.994084e-001
5.833708e+002,1.995112e-001
5.838529e+002,1.995129e-001
5.843350e+002,1.994407e-001
5.848171e+002,1.993680e-001
5.852993e+002,1.993717e-001
5.857814e+002,1.994873e-001
5.862635e+002,1.996902e-001
5.867457e+002,1.999090e-001
5.872278e+002,2.000720e-001
5.877099e+002,2.001452e-001
5.881920e+002,2.001526e-001
5.886741e+002,2.001584e-001
5.891563e+002,2.002278e-001
5.896384e+002,2.003871e-001
5.901205e+002,2.006052e-001
5.906027e+002,2.008097e-001
5.910848e+002,2.009287e-001
5.915669e+002,2.009342e-001
5.920490e+002,2.008635e-001
5.925311e+002,2.007975e-001
5.930133e+002,2.008135e-001
5.934954e+002,2.009388e-001
5.939775e+002,2.011366e-001
5.944597e+002,2.013278e-001
5.949418e+002,2.014374e-001
5.954239e+002,2.014368e-001
5.959060e+002,2.013607e-001
5.963882e+002,2.012865e-001
5.968702e+002,2.012923e-001
5.973524e+002,2.014123e-001
5.978345e+002,2.016186e-001
5.983167e+002,2.018377e-001
5.987988e+002,2.019914e-001
5.992809e+002,2.020396e-001
5.997630e+002,2.020033e-001
6.002451e+002,2.019483e-001
6.007273e+002,2.019458e-001
6.012094e+002,2.020288e-001
6.016915e+002,2.021740e-001
6.021736e+002,2.023177e-001
6.026558e+002,2.023957e-001
6.031379e+002,2.023814e-001
6.036200e+002,2.023028e-001
6.041022e+002,2.022251e-001
6.045842e+002,2.022138e-001
6.050664e+002,2.022957e-001
6.055485e+002,2.024428e-001
6.060306e+002,2.025882e-001
6.065128e+002,2.026650e-001
6.069949e+002,2.026438e-001
6.074770e+002,2.025492e-001
6.079591e+002,2.024438e-001
6.084413e+002,2.023910e-001
6.089234e+002,2.024167e-001
6.094055e+002,2.024954e-001
6.098876e+002,2.025642e-001
6.103698e+002,2.025608e-001
6.108519e+002,2.024601e-001
6.113340e+002,2.022890e-001
6.118162e+002,2.021105e-001
6.122983e+002,2.019877e-001
6.127804e+002,2.019465e-001
6.132625e+002,2.019627e-001
6.137446e+002,2.019761e-001
6.142267e+002,2.019273e-001
6.147089e+002,2.017924e-001
6.151910e+002,2.015981e-001
6.156731e+002,2.014070e-001
6.161553e+002,2.012825e-001
6.166374e+002,2.012513e-001
6.171195e+002,2.012889e-001
6.176016e+002,2.013327e-001
6.180837e+002,2.013207e-001
6.185659e+002,2.012252e-001
6.190480e+002,2.010682e-001
6.195302e+002,2.009056e-001
6.200123e+002,2.007923e-001
6.204944e+002,2.007491e-001
6.209765e+002,2.007494e-001
6.214586e+002,2.007336e-001
6.219407e+002,2.006432e-001
6.224229e+002,2.004523e-001
6.229050e+002,2.001835e-001
6.233871e+002,1.998919e-001
6.238693e+002,1.996353e-001
6.243514e+002,1.994400e-001
6.248335e+002,1.992872e-001
6.253156e+002,1.991255e-001
6.257977e+002,1.989029e-001
6.262798e+002,1.985988e-001
6.267620e+002,1.982371e-001
6.272441e+002,1.978705e-001
6.277263e+002,1.975489e-001
6.282084e+002,1.972893e-001
6.286905e+002,1.970659e-001
6.291726e+002,1.968238e-001
6.296547e+002,1.965113e-001
6.301368e+002,1.961084e-001
6.306190e+002,1.956402e-001
6.311011e+002,1.951602e-001
6.315833e+002,1.947229e-001
6.320654e+002,1.943510e-001
6.325475e+002,1.940250e-001
6.330296e+002,1.936960e-001
6.335117e+002,1.933158e-001
6.339939e+002,1.928669e-001
6.344760e+002,1.923757e-001
6.349581e+002,1.918984e-001
6.354402e+002,1.914912e-001
6.359224e+002,1.911786e-001
6.364045e+002,1.909416e-001
6.368866e+002,1.907294e-001
6.373687e+002,1.904909e-001
6.378508e+002,1.902021e-001
6.383330e+002,1.898794e-001
6.388151e+002,1.895674e-001
6.392972e+002,1.893113e-001
6.397794e+002,1.891289e-001
6.402615e+002,1.889994e-001
6.407436e+002,1.888739e-001
6.412257e+002,1.887043e-001
6.417079e+002,1.884705e-001
6.421899e+002,1.881923e-001
6.426721e+002,1.879175e-001
6.431542e+002,1.876950e-001
6.436364e+002,1.875469e-001
6.441185e+002,1.874578e-001
6.446006e+002,1.873837e-001
6.450827e+002,1.872801e-001
6.455648e+002,1.871283e-001
6.460470e+002,1.869469e-001
6.465291e+002,1.867805e-001
6.470112e+002,1.866735e-001
6.474933e+002,1.866426e-001
6.479755e+002,1.866670e-001
6.484576e+002,1.866980e-001
6.489397e+002,1.866881e-001
6.494219e+002,1.866179e-001
6.499040e+002,1.865081e-001
6.503861e+002,1.864064e-001
6.508682e+002,1.863599e-001
6.513503e+002,1.863870e-001
6.518325e+002,1.864663e-001
6.523146e+002,1.865483e-001
6.527968e+002,1.865848e-001
6.532788e+002,1.865545e-001
6.537610e+002,1.864768e-001
6.542431e+002,1.863981e-001
6.547252e+002,1.863652e-001
6.552073e+002,1.863974e-001
6.556895e+002,1.864741e-001
6.561716e+002,1.865463e-001
6.566537e+002,1.865640e-001
6.571359e+002,1.865034e-001
6.576179e+002,1.863799e-001
6.581001e+002,1.862374e-001
6.585822e+002,1.861227e-001
6.590643e+002,1.860583e-001
6.595464e+002,1.860290e-001
6.600286e+002,1.859921e-001
6.605107e+002,1.859014e-001
6.609928e+002,1.857331e-001
6.614750e+002,1.854972e-001
6.619571e+002,1.852284e-001
6.624392e+002,1.849664e-001
6.629213e+002,1.847319e-001
6.634034e+002,1.845185e-001
6.638856e+002,1.843004e-001
6.643677e+002,1.840499e-001
6.648499e+002,1.837538e-001
6.653320e+002,1.834168e-001
6.658141e+002,1.830540e-001
6.662962e+002,1.826756e-001
6.667783e+002,1.822693e-001
6.672605e+002,1.817929e-001
6.677426e+002,1.811958e-001
6.682247e+002,1.804757e-001
6.687068e+002,1.797155e-001
6.691890e+002,1.790381e-001
6.696711e+002,1.785218e-001
6.701532e+002,1.781705e-001
6.706353e+002,1.779337e-001
6.711174e+002,1.777397e-001
6.715996e+002,1.775183e-001
6.720817e+002,1.772209e-001
6.725638e+002,1.768325e-001
6.730460e+002,1.763755e-001
6.735281e+002,1.758982e-001
6.740102e+002,1.754498e-001
6.744923e+002,1.750551e-001
6.749745e+002,1.747062e-001
6.754565e+002,1.743704e-001
6.759387e+002,1.740134e-001
6.764208e+002,1.736201e-001
6.769030e+002,1.732035e-001
6.773851e+002,1.727949e-001
6.778672e+002,1.724240e-001
6.783493e+002,1.720993e-001
6.788314e+002,1.718029e-001
6.793136e+002,1.715010e-001
6.797957e+002,1.711647e-001
6.802778e+002,1.707875e-001
6.807599e+002,1.703907e-001
6.812421e+002,1.700108e-001
6.817242e+002,1.696787e-001
6.822063e+002,1.694019e-001
6.826885e+002,1.691605e-001
6.831705e+002,1.689190e-001
6.836527e+002,1.686482e-001
6.841348e+002,1.683417e-001
6.846169e+002,1.680221e-001
6.850991e+002,1.677277e-001
6.855812e+002,1.674921e-001
6.860634e+002,1.673256e-001
6.865454e+002,1.672117e-001
6.870276e+002,1.671172e-001
6.875096e+002,1.670132e-001
6.879918e+002,1.668919e-001
6.884739e+002,1.667738e-001
6.889561e+002,1.666957e-001
6.894382e+002,1.666905e-001
6.899203e+002,1.667693e-001
6.904025e+002,1.669152e-001
6.908845e+002,1.670943e-001
6.913667e+002,1.672739e-001
6.918488e+002,1.674404e-001
6.923309e+002,1.676045e-001
6.928130e+002,1.677923e-001
6.932952e+002,1.680284e-001
6.937773e+002,1.683175e-001
6.942594e+002,1.686392e-001
6.947416e+002,1.689563e-001
6.952236e+002,1.692318e-001
6.957058e+002,1.694463e-001
6.961879e+002,1.696047e-001
6.966700e+002,1.697281e-001
6.971522e+002,1.698367e-001
6.976343e+002,1.699330e-001
6.981165e+002,1.699954e-001
6.985985e+002,1.699873e-001
6.990807e+002,1.698749e-001
6.995628e+002,1.696444e-001
7.000449e+002,1.693077e-001
7.005270e+002,1.688948e-001
7.010092e+002,1.684352e-001
7.014913e+002,1.679421e-001
7.019734e+002,1.674062e-001
7.024556e+002,1.668045e-001
7.029377e+002,1.661167e-001
7.034198e+002,1.653407e-001
7.039019e+002,1.644973e-001
7.043840e+002,1.636224e-001
7.048662e+002,1.627489e-001
7.053483e+002,1.618925e-001
7.058304e+002,1.610478e-001
7.063125e+002,1.601959e-001
7.067947e+002,1.593212e-001
7.072768e+002,1.584243e-001
7.077589e+002,1.575251e-001
7.082410e+002,1.566539e-001
7.087231e+002,1.558360e-001
7.092053e+002,1.550788e-001
7.096874e+002,1.543706e-001
7.101696e+002,1.536880e-001
7.106517e+002,1.530118e-001
7.111338e+002,1.523376e-001
7.116159e+002,1.516786e-001
7.120980e+002,1.510568e-001
7.125802e+002,1.504893e-001
7.130623e+002,1.499773e-001
7.135444e+002,1.495037e-001
7.140265e+002,1.490427e-001
7.145087e+002,1.485741e-001
7.149908e+002,1.480930e-001
7.154729e+002,1.476131e-001
7.159550e+002,1.471569e-001
7.164371e+002,1.467422e-001
7.169193e+002,1.463707e-001
7.174014e+002,1.460260e-001
7.178835e+002,1.456823e-001
7.183657e+002,1.453173e-001
7.188478e+002,1.449239e-001
7.193299e+002,1.445132e-001
7.198120e+002,1.441066e-001
7.202942e+002,1.437235e-001
7.207762e+002,1.433688e-001
7.212584e+002,1.430317e-001
7.217405e+002,1.426924e-001
7.222227e+002,1.423356e-001
7.227048e+002,1.419596e-001
7.231869e+002,1.415783e-001
7.236691e+002,1.412132e-001
7.241511e+002,1.408815e-001
7.246333e+002,1.405864e-001
7.251154e+002,1.403154e-001
7.255975e+002,1.400483e-001
7.260797e+002,1.397686e-001
7.265618e+002,1.394733e-001
7.270439e+002,1.391742e-001
7.275260e+002,1.388910e-001
7.280082e+002,1.386396e-001
7.284902e+002,1.384223e-001
7.289724e+002,1.382266e-001
7.294545e+002,1.380329e-001
7.299366e+002,1.378255e-001
7.304188e+002,1.376015e-001
7.309009e+002,1.373727e-001
7.313831e+002,1.371576e-001
7.318651e+002,1.369707e-001
7.323473e+002,1.368129e-001
7.328293e+002,1.366714e-001
7.333115e+002,1.365263e-001
7.337936e+002,1.363635e-001
7.342758e+002,1.361817e-001
7.347579e+002,1.359950e-001
7.352400e+002,1.358236e-001
7.357222e+002,1.356835e-001
7.362042e+002,1.355760e-001
7.366864e+002,1.354872e-001
7.371685e+002,1.353956e-001
7.376506e+002,1.352833e-001
7.381328e+002,1.351464e-001
7.386149e+002,1.349957e-001
7.390970e+002,1.348505e-001
7.395791e+002,1.347264e-001
7.400613e+002,1.346271e-001
7.405434e+002,1.345411e-001
7.410255e+002,1.344484e-001
7.415076e+002,1.343329e-001
7.419897e+002,1.341896e-001
7.424719e+002,1.340266e-001
7.429540e+002,1.338592e-001
7.434362e+002,1.336985e-001
7.439182e+002,1.335436e-001
7.444004e+002,1.333797e-001
7.448825e+002,1.331858e-001
7.453646e+002,1.329453e-001
7.458467e+002,1.326546e-001
7.463289e+002,1.323249e-001
7.468110e+002,1.319747e-001
7.472931e+002,1.316191e-001
7.477753e+002,1.312612e-001
7.482574e+002,1.308907e-001
7.487395e+002,1.304909e-001
7.492216e+002,1.300491e-001
7.497037e+002,1.295646e-001
7.501859e+002,1.290504e-001
7.506680e+002,1.285261e-001
7.511501e+002,1.280077e-001
7.516322e+002,1.275006e-001
7.521144e+002,1.269976e-001
7.525965e+002,1.264864e-001
7.530786e+002,1.259584e-001
7.535608e+002,1.254158e-001
7.540428e+002,1.248729e-001
7.545250e+002,1.243481e-001
7.550071e+002,1.238557e-001
7.554893e+002,1.233981e-001
7.559714e+002,1.229661e-001
7.564535e+002,1.225452e-001
7.569356e+002,1.221240e-001
7.574177e+002,1.217021e-001
7.578999e+002,1.212883e-001
7.583820e+002,1.208961e-001
7.588641e+002,1.205347e-001
7.593463e+002,1.202026e-001
7.598284e+002,1.198886e-001
7.603105e+002,1.195774e-001
7.607926e+002,1.192583e-001
7.612748e+002,1.189313e-001
7.617568e+002,1.186060e-001
7.622390e+002,1.182953e-001
7.627211e+002,1.180078e-001
7.632032e+002,1.177409e-001
7.636854e+002,1.174826e-001
7.641675e+002,1.172168e-001
7.646496e+002,1.169326e-001
7.651317e+002,1.166297e-001
7.656139e+002,1.163182e-001
7.660959e+002,1.160126e-001
7.665781e+002,1.157236e-001
7.670602e+002,1.154519e-001
7.675424e+002,1.151891e-001
7.680245e+002,1.149225e-001
7.685066e+002,1.146435e-001
7.689888e+002,1.143528e-001
7.694708e+002,1.140592e-001
7.699530e+002,1.137747e-001
7.704351e+002,1.135065e-001
7.709172e+002,1.132524e-001
7.713994e+002,1.130013e-001
7.718815e+002,1.127391e-001
7.723636e+002,1.124570e-001
7.728457e+002,1.121557e-001
7.733279e+002,1.118450e-001
7.738099e+002,1.115380e-001
7.742921e+002,1.112438e-001
7.747742e+002,1.109632e-001
7.752563e+002,1.106889e-001
7.757385e+002,1.104111e-001
7.762206e+002,1.101249e-001
7.767028e+002,1.098332e-001
7.771848e+002,1.095460e-001
7.776670e+002,1.092736e-001
7.781491e+002,1.090207e-001
7.786312e+002,1.087812e-001
7.791133e+002,1.085417e-001
7.795955e+002,1.082872e-001
7.800776e+002,1.080088e-001
7.805597e+002,1.077089e-001
7.810419e+002,1.073989e-001
7.815239e+002,1.070932e-001
7.820061e+002,1.068022e-001
7.824882e+002,1.065271e-001
7.829703e+002,1.062607e-001
7.834525e+002,1.059937e-001
7.839346e+002,1.057207e-001
7.844167e+002,1.054439e-001
7.848988e+002,1.051726e-001
7.853810e+002,1.049163e-001
7.858631e+002,1.046796e-001
7.863452e+002,1.044578e-001
7.868273e+002,1.042393e-001
7.873094e+002,1.040116e-001
7.877916e+002,1.037678e-001
7.882737e+002,1.035109e-001
7.887559e+002,1.032510e-001
7.892380e+002,1.029998e-001
7.897201e+002,1.027636e-001
7.902022e+002,1.025393e-001
7.906843e+002,1.023168e-001
7.911665e+002,1.020843e-001
7.916486e+002,1.018358e-001
7.921307e+002,1.015745e-001
7.926128e+002,1.013112e-001
7.930950e+002,1.010582e-001
7.935771e+002,1.008232e-001
7.940592e+002,1.006043e-001
7.945413e+002,1.003926e-001
7.950234e+002,1.001765e-001
7.955056e+002,9.994891e-002
7.959877e+002,9.971072e-002
7.964698e+002,9.946976e-002
7.969520e+002,9.923607e-002
7.974341e+002,9.901603e-002
7.979162e+002,9.880958e-002
7.983983e+002,9.861159e-002
7.988805e+002,9.841597e-002
7.993625e+002,9.822175e-002
7.998447e+002,9.803402e-002
8.003268e+002,9.786186e-002
8.008090e+002,9.771299e-002
8.012911e+002,9.758864e-002
8.017732e+002,9.748178e-002
8.022553e+002,9.738031e-002
8.027374e+002,9.727272e-002
8.032196e+002,9.715480e-002
8.037017e+002,9.703039e-002
8.041838e+002,9.690959e-002
8.046660e+002,9.680130e-002
8.051481e+002,9.670773e-002
8.056302e+002,9.662174e-002
8.061123e+002,9.652953e-002
8.065945e+002,9.641670e-002
8.070765e+002,9.627547e-002
8.075587e+002,9.610649e-002
8.080408e+002,9.591798e-002
8.085229e+002,9.571908e-002
8.090051e+002,9.551438e-002
8.094872e+002,9.530130e-002
8.099694e+002,9.507287e-002
8.104514e+002,9.482358e-002
8.109336e+002,9.455475e-002
8.114156e+002,9.427700e-002
8.118978e+002,9.400655e-002
8.123799e+002,9.375848e-002
8.128621e+002,9.354065e-002
8.133442e+002,9.335062e-002
8.138263e+002,9.317853e-002
8.143085e+002,9.301320e-002
8.147905e+002,9.284850e-002
8.152727e+002,9.268659e-002
8.157548e+002,9.253547e-002
8.162369e+002,9.240357e-002
8.167191e+002,9.229442e-002
8.172012e+002,9.220381e-002
8.176833e+002,9.212185e-002
8.181654e+002,9.203856e-002
8.186476e+002,9.194907e-002
8.191296e+002,9.185611e-002
8.196118e+002,9.176795e-002
8.200939e+002,9.169290e-002
8.205760e+002,9.163477e-002
8.210582e+002,9.159058e-002
8.215403e+002,9.155253e-002
8.220225e+002,9.151284e-002
8.225045e+002,9.146839e-002
8.229867e+002,9.142254e-002
8.234688e+002,9.138239e-002
8.239509e+002,9.135374e-002
8.244330e+002,9.133714e-002
8.249152e+002,9.132584e-002
8.253973e+002,9.130920e-002
8.258794e+002,9.127741e-002
8.263616e+002,9.122709e-002
8.268437e+002,9.116196e-002
8.273258e+002,9.109075e-002
8.278079e+002,9.102172e-002
8.282900e+002,9.095810e-002
8.287722e+002,9.089641e-002
8.292543e+002,9.082918e-002
8.297365e+002,9.074936e-002
8.302185e+002,9.065551e-002
8.307007e+002,9.055155e-002
8.311828e+002,9.044517e-002
8.316649e+002,9.034165e-002
8.321470e+002,9.024118e-002
8.326292e+002,9.013771e-002
8.331113e+002,9.002313e-002
8.335934e+002,8.989194e-002
8.340756e+002,8.974700e-002
8.345577e+002,8.959825e-002
8.350398e+002,8.946021e-002
8.355219e+002,8.934542e-002
8.360040e+002,8.925950e-002
8.364862e+002,8.920045e-002
8.369683e+002,8.916014e-002
8.374504e+002,8.912942e-002
8.379325e+002,8.910074e-002
8.384147e+002,8.906786e-002
8.388968e+002,8.902311e-002
8.393789e+002,8.895359e-002
8.398610e+002,8.884060e-002
8.403431e+002,8.866244e-002
8.408253e+002,8.840232e-002
8.413074e+002,8.805569e-002
8.417896e+002,8.763498e-002
8.422717e+002,8.716705e-002
8.427538e+002,8.668548e-002
8.432359e+002,8.621977e-002
8.437180e+002,8.578782e-002
8.442002e+002,8.539357e-002
8.446823e+002,8.503146e-002
8.451644e+002,8.469424e-002
8.456465e+002,8.437872e-002
8.461287e+002,8.408666e-002
8.466108e+002,8.382238e-002
8.470929e+002,8.358556e-002
8.475751e+002,8.336898e-002
8.480571e+002,8.315761e-002
8.485393e+002,8.293490e-002
8.490214e+002,8.268797e-002
8.495035e+002,8.241395e-002
8.499857e+002,8.211813e-002
8.504678e+002,8.181009e-002
8.509499e+002,8.149604e-002
8.514320e+002,8.117474e-002
8.519142e+002,8.083740e-002
8.523962e+002,8.047304e-002
8.528784e+002,8.007510e-002
8.533605e+002,7.964643e-002
8.538427e+002,7.919896e-002
8.543248e+002,7.874811e-002
8.548069e+002,7.830581e-002
8.552891e+002,7.787576e-002
8.557711e+002,7.745360e-002
8.562533e+002,7.703220e-002
8.567354e+002,7.660816e-002
8.572175e+002,7.618621e-002
8.576996e+002,7.577833e-002
8.581818e+002,7.539869e-002
8.586639e+002,7.505631e-002
8.591460e+002,7.475107e-002
8.596282e+002,7.447441e-002
8.601102e+002,7.421458e-002
8.605924e+002,7.396278e-002
8.610745e+002,7.371869e-002
8.615566e+002,7.348843e-002
8.620388e+002,7.328054e-002
8.625209e+002,7.309984e-002
8.630031e+002,7.294338e-002
8.634851e+002,7.280170e-002
8.639673e+002,7.266340e-002
8.644494e+002,7.252091e-002
8.649315e+002,7.237457e-002
8.654136e+002,7.223074e-002
8.658958e+002,7.209853e-002
8.663779e+002,7.198268e-002
8.668600e+002,7.188197e-002
8.673422e+002,7.178991e-002
8.678242e+002,7.169925e-002
8.683064e+002,7.160708e-002
8.687885e+002,7.151686e-002
8.692706e+002,7.143662e-002
8.697527e+002,7.137336e-002
8.702349e+002,7.132768e-002
8.707170e+002,7.129248e-002
8.711991e+002,7.125493e-002
8.716813e+002,7.120336e-002
8.721634e+002,7.113314e-002
8.726455e+002,7.104947e-002
8.731276e+002,7.096458e-002
8.736097e+002,7.089151e-002
8.740919e+002,7.083710e-002
8.745740e+002,7.079917e-002
8.750562e+002,7.076803e-002
8.755382e+002,7.073285e-002
8.760204e+002,7.068779e-002
8.765025e+002,7.063565e-002
8.769846e+002,7.058594e-002
8.774668e+002,7.054952e-002
8.779489e+002,7.053195e-002
8.784310e+002,7.053104e-002
8.789131e+002,7.053740e-002
8.793953e+002,7.054050e-002
8.798774e+002,7.053449e-002
8.803595e+002,7.052103e-002
8.808416e+002,7.050803e-002
8.813237e+002,7.050470e-002
8.818059e+002,7.051528e-002
8.822880e+002,7.053711e-002
8.827701e+002,7.056153e-002
8.832523e+002,7.057925e-002
8.837344e+002,7.058483e-002
8.842165e+002,7.057966e-002
8.846986e+002,7.056980e-002
8.851808e+002,7.056195e-002
8.856628e+002,7.055752e-002
8.861450e+002,7.055191e-002
8.866271e+002,7.053701e-002
8.871093e+002,7.050616e-002
8.875914e+002,7.045946e-002
8.880735e+002,7.040533e-002
8.885556e+002,7.035724e-002
8.890377e+002,7.032733e-002
8.895199e+002,7.032008e-002
8.900020e+002,7.033084e-002
8.904841e+002,7.034795e-002
8.909662e+002,7.035966e-002
8.914484e+002,7.035971e-002
8.919305e+002,7.035045e-002
8.924126e+002,7.034004e-002
8.928948e+002,7.033732e-002
8.933768e+002,7.034513e-002
8.938590e+002,7.035851e-002
8.943411e+002,7.036641e-002
8.948232e+002,7.035766e-002
8.953054e+002,7.032610e-002
8.957875e+002,7.027344e-002
8.962697e+002,7.020641e-002
8.967517e+002,7.013196e-002
8.972339e+002,7.005094e-002
8.977159e+002,6.995672e-002
8.981981e+002,6.983805e-002
8.986802e+002,6.968453e-002
8.991624e+002,6.949318e-002
8.996445e+002,6.927077e-002
9.001266e+002,6.903062e-002
9.006088e+002,6.878717e-002
9.010908e+002,6.854941e-002
9.015730e+002,6.831861e-002
9.020551e+002,6.809057e-002
9.025372e+002,6.786125e-002
9.030193e+002,6.763195e-002
9.035015e+002,6.741121e-002
9.039836e+002,6.721169e-002
9.044657e+002,6.704338e-002
9.049479e+002,6.690854e-002
9.054299e+002,6.679980e-002
9.059121e+002,6.670417e-002
9.063942e+002,6.660961e-002
9.068763e+002,6.651115e-002
9.073585e+002,6.641352e-002
9.078406e+002,6.632780e-002
9.083228e+002,6.626473e-002
9.088048e+002,6.622869e-002
9.092870e+002,6.621573e-002
9.097691e+002,6.621601e-002
9.102512e+002,6.622007e-002
9.107333e+002,6.622458e-002
9.112155e+002,6.623428e-002
9.116976e+002,6.625998e-002
9.121797e+002,6.631087e-002
9.126619e+002,6.639036e-002
9.131440e+002,6.649274e-002
9.136261e+002,6.660691e-002
9.141082e+002,6.672163e-002
9.145903e+002,6.683171e-002
9.150724e+002,6.693970e-002
9.155546e+002,6.705400e-002
9.160367e+002,6.718211e-002
9.165189e+002,6.732625e-002
9.170010e+002,6.748068e-002
9.174831e+002,6.763441e-002
9.179652e+002,6.777665e-002
9.184473e+002,6.790232e-002
9.189294e+002,6.801388e-002
9.194116e+002,6.811929e-002
9.198937e+002,6.822611e-002
9.203759e+002,6.833678e-002
9.208580e+002,6.844650e-002
9.213401e+002,6.854624e-002
9.218222e+002,6.862792e-002
9.223043e+002,6.868944e-002
9.227864e+002,6.873671e-002
9.232686e+002,6.878047e-002
9.237507e+002,6.883085e-002
9.242328e+002,6.889183e-002
9.247150e+002,6.895955e-002
9.251971e+002,6.902517e-002
9.256792e+002,6.908030e-002
9.261613e+002,6.912287e-002
9.266434e+002,6.915849e-002
9.271255e+002,6.919851e-002
9.276077e+002,6.925338e-002
9.280898e+002,6.932765e-002
9.285720e+002,6.941781e-002
9.290541e+002,6.951465e-002
9.295362e+002,6.960824e-002
9.300183e+002,6.969360e-002
9.305004e+002,6.977201e-002
9.309826e+002,6.984957e-002
9.314647e+002,6.993114e-002
9.319468e+002,7.001564e-002
9.324290e+002,7.009506e-002
9.329111e+002,7.015681e-002
9.333932e+002,7.018916e-002
9.338753e+002,7.018704e-002
9.343574e+002,7.015339e-002
9.348396e+002,7.009648e-002
9.353217e+002,7.002528e-002
9.358038e+002,6.994320e-002
9.362859e+002,6.984711e-002
9.367681e+002,6.972941e-002
9.372502e+002,6.958361e-002
9.377323e+002,6.940912e-002
9.382144e+002,6.921328e-002
9.386966e+002,6.900758e-002
9.391787e+002,6.880264e-002
9.396608e+002,6.860226e-002
9.401429e+002,6.840260e-002
9.406251e+002,6.819484e-002
9.411072e+002,6.797159e-002
9.415893e+002,6.773238e-002
9.420714e+002,6.748500e-002
9.425536e+002,6.724241e-002
9.430357e+002,6.701647e-002
9.435178e+002,6.681210e-002
9.439999e+002,6.662560e-002
9.444821e+002,6.644799e-002
9.449642e+002,6.627046e-002
9.454463e+002,6.609064e-002
9.459284e+002,6.591348e-002
9.464106e+002,6.574881e-002
9.468927e+002,6.560539e-002
9.473748e+002,6.548561e-002
9.478569e+002,6.538437e-002
9.483391e+002,6.529220e-002
9.488212e+002,6.520086e-002
9.493033e+002,6.510857e-002
9.497855e+002,6.502096e-002
9.502676e+002,6.494723e-002
9.507497e+002,6.489515e-002
9.512318e+002,6.486469e-002
9.517139e+002,6.484868e-002
9.521960e+002,6.483547e-002
9.526782e+002,6.481569e-002
9.531603e+002,6.478705e-002
9.536425e+002,6.475569e-002
9.541246e+002,6.473243e-002
9.546067e+002,6.472635e-002
9.550888e+002,6.473936e-002
9.555709e+002,6.476574e-002
9.560530e+002,6.479453e-002
9.565352e+002,6.481683e-002
9.570173e+002,6.483009e-002
9.574995e+002,6.484024e-002
9.579816e+002,6.485733e-002
9.584637e+002,6.489018e-002
9.589458e+002,6.494046e-002
9.594279e+002,6.500224e-002
9.599100e+002,6.506494e-002
9.603922e+002,6.511945e-002
9.608743e+002,6.516320e-002
9.613564e+002,6.520185e-002
9.618386e+002,6.524573e-002
9.623207e+002,6.530427e-002
9.628028e+002,6.538039e-002
9.632849e+002,6.546960e-002
9.637670e+002,6.556335e-002
9.642491e+002,6.565407e-002
9.647313e+002,6.574104e-002
9.652134e+002,6.583121e-002
9.656956e+002,6.593641e-002
9.661777e+002,6.606787e-002
9.666598e+002,6.623088e-002
9.671419e+002,6.642321e-002
9.676240e+002,6.663799e-002
9.681061e+002,6.686681e-002
9.685883e+002,6.710488e-002
9.690704e+002,6.735067e-002
9.695526e+002,6.760343e-002
9.700347e+002,6.785867e-002
9.705168e+002,6.810510e-002
9.709989e+002,6.832594e-002
9.714810e+002,6.850333e-002
9.719631e+002,6.862469e-002
9.724453e+002,6.868793e-002
9.729274e+002,6.870183e-002
9.734095e+002,6.868225e-002
9.738917e+002,6.864546e-002
9.743738e+002,6.860233e-002
9.748559e+002,6.855664e-002
9.753380e+002,6.850785e-002
9.758201e+002,6.845601e-002
9.763023e+002,6.840692e-002
9.767844e+002,6.837211e-002
9.772665e+002,6.836569e-002
9.777487e+002,6.839826e-002
9.782308e+002,6.847208e-002
9.787129e+002,6.858047e-002
9.791950e+002,6.871092e-002
9.796771e+002,6.885207e-002
9.801593e+002,6.899881e-002
9.806414e+002,6.915356e-002
9.811235e+002,6.932421e-002
9.816057e+002,6.951798e-002
9.820878e+002,6.973641e-002
9.825699e+002,6.997427e-002
9.830520e+002,7.022160e-002
9.835342e+002,7.046957e-002
9.840163e+002,7.071434e-002
9.844984e+002,7.095963e-002
9.849805e+002,7.121315e-002
9.854626e+002,7.148267e-002
9.859448e+002,7.177075e-002
9.864269e+002,7.207290e-002
9.869090e+002,7.238057e-002
9.873912e+002,7.268542e-002
9.878733e+002,7.298396e-002
9.883554e+002,7.327887e-002
9.888375e+002,7.357787e-002
9.893196e+002,7.388827e-002
9.898018e+002,7.421339e-002
9.902839e+002,7.455073e-002
9.907660e+002,7.489381e-002
9.912482e+002,7.523645e-002
9.917303e+002,7.557661e-002
9.922124e+002,7.591775e-002
9.926945e+002,7.626666e-002
9.931766e+002,7.662860e-002
9.936588e+002,7.700273e-002
9.941409e+002,7.738109e-002
9.946230e+002,7.774923e-002
9.951052e+002,7.809099e-002
9.955873e+002,7.839376e-002
9.960694e+002,7.864973e-002
9.965515e+002,7.885678e-002
9.970336e+002,7.901529e-002
9.975157e+002,7.912557e-002
9.979979e+002,7.918755e-002
9.984800e+002,7.920194e-002
9.989622e+002,7.917377e-002
9.994443e+002,7.911509e-002
9.999264e+002,7.904436e-002
1.000409e+003,7.898267e-002
1.000891e+003,7.894772e-002
1.001373e+003,7.894855e-002
1.001855e+003,7.898443e-002
1.002337e+003,7.904771e-002
1.002819e+003,7.912946e-002
1.003301e+003,7.922491e-002
1.003783e+003,7.933675e-002
1.004266e+003,7.947282e-002
1.004748e+003,7.964280e-002
1.005230e+003,7.985283e-002
1.005712e+003,8.010349e-002
1.006194e+003,8.039085e-002
1.006676e+003,8.070969e-002
1.007158e+003,8.105766e-002
1.007640e+003,8.143596e-002
1.008122e+003,8.184874e-002
1.008605e+003,8.229901e-002
1.009087e+003,8.278579e-002
1.009569e+003,8.330269e-002
1.010051e+003,8.384058e-002
1.010533e+003,8.439136e-002
1.011015e+003,8.495104e-002
1.011497e+003,8.552168e-002
1.011979e+003,8.610837e-002
1.012462e+003,8.671553e-002
1.012944e+003,8.734200e-002
1.013426e+003,8.798073e-002
1.013908e+003,8.861922e-002
1.014390e+003,8.924535e-002
1.014872e+003,8.985082e-002
1.015354e+003,9.043388e-002
1.015836e+003,9.099891e-002
1.016319e+003,9.155165e-002
1.016801e+003,9.209535e-002
1.017283e+003,9.262842e-002
1.017765e+003,9.314454e-002
1.018247e+003,9.363656e-002
1.018729e+003,9.410001e-002
1.019211e+003,9.453622e-002
1.019693e+003,9.495098e-002
1.020176e+003,9.535172e-002
1.020658e+003,9.574312e-002
1.021140e+003,9.612542e-002
1.021622e+003,9.649493e-002
1.022104e+003,9.684770e-002
1.022586e+003,9.718318e-002
1.023068e+003,9.750688e-002
1.023550e+003,9.782895e-002
1.024033e+003,9.816083e-002
1.024515e+003,9.850995e-002
1.024997e+003,9.887784e-002
1.025479e+003,9.925972e-002
1.025961e+003,9.964854e-002
1.026443e+003,1.000389e-001
1.026925e+003,1.004297e-001
1.027407e+003,1.008231e-001
1.027890e+003,1.012213e-001
1.028372e+003,1.016224e-001
1.028854e+003,1.020185e-001
1.029336e+003,1.023967e-001
1.029818e+003,1.027442e-001
1.030300e+003,1.030528e-001
1.030782e+003,1.033235e-001
1.031264e+003,1.035656e-001
1.031747e+003,1.037926e-001
1.032229e+003,1.040170e-001
1.032711e+003,1.042459e-001
1.033193e+003,1.044802e-001
1.033675e+003,1.047177e-001
1.034157e+003,1.049583e-001
1.034639e+003,1.052062e-001
1.035121e+003,1.054713e-001
1.035604e+003,1.057641e-001
1.036086e+003,1.060930e-001
1.036568e+003,1.064590e-001
1.037050e+003,1.068569e-001
1.037532e+003,1.072785e-001
1.038014e+003,1.077171e-001
1.038496e+003,1.081719e-001
1.038979e+003,1.086478e-001
1.039461e+003,1.091519e-001
1.039943e+003,1.096897e-001
1.040425e+003,1.102607e-001
1.040907e+003,1.108576e-001
1.041389e+003,1.114700e-001
1.041871e+003,1.120885e-001
1.042353e+003,1.127086e-001
1.042835e+003,1.133323e-001
1.043318e+003,1.139647e-001
1.043800e+003,1.146100e-001
1.044282e+003,1.152675e-001
1.044764e+003,1.159312e-001
1.045246e+003,1.165919e-001
1.045728e+003,1.172419e-001
1.046210e+003,1.178792e-001
1.046692e+003,1.185076e-001
1.047175e+003,1.191354e-001
1.047657e+003,1.197685e-001
1.048139e+003,1.204071e-001
1.048621e+003,1.210437e-001
1.049103e+003,1.216658e-001
1.049585e+003,1.222610e-001
1.050067e+003,1.228218e-001
1.050549e+003,1.233487e-001
1.051031e+003,1.238477e-001
1.051514e+003,1.243257e-001
1.051996e+003,1.247859e-001
1.052478e+003,1.252252e-001
1.052960e+003,1.256360e-001
1.053442e+003,1.260108e-001
1.053924e+003,1.263460e-001
1.054406e+003,1.266451e-001
1.054889e+003,1.269156e-001
1.055371e+003,1.271646e-001
1.055853e+003,1.273943e-001
1.056335e+003,1.276003e-001
1.056817e+003,1.277732e-001
1.057299e+003,1.279048e-001
1.057781e+003,1.279930e-001
1.058263e+003,1.280443e-001
1.058746e+003,1.280715e-001
1.059228e+003,1.280887e-001
1.059710e+003,1.281054e-001
1.060192e+003,1.281243e-001
1.060674e+003,1.281432e-001
1.061156e+003,1.281592e-001
1.061638e+003,1.281739e-001
1.062120e+003,1.281948e-001
1.062603e+003,1.282333e-001
1.063085e+003,1.282996e-001
1.063567e+003,1.283975e-001
1.064049e+003,1.285231e-001
1.064531e+003,1.286677e-001
1.065013e+003,1.288223e-001
1.065495e+003,1.289831e-001
1.065977e+003,1.291537e-001
1.066460e+003,1.293422e-001
1.066942e+003,1.295563e-001
1.067424e+003,1.297984e-001
1.067906e+003,1.300635e-001
1.068388e+003,1.303418e-001
1.068870e+003,1.306236e-001
1.069352e+003,1.309045e-001
1.069834e+003,1.311871e-001
1.070317e+003,1.314787e-001
1.070799e+003,1.317859e-001
1.071281e+003,1.321102e-001
1.071763e+003,1.324455e-001
1.072245e+003,1.327812e-001
1.072727e+003,1.331067e-001
1.073209e+003,1.334174e-001
1.073691e+003,1.337155e-001
1.074174e+003,1.340086e-001
1.074656e+003,1.343034e-001
1.075138e+003,1.346006e-001
1.075620e+003,1.348939e-001
1.076102e+003,1.351709e-001
1.076584e+003,1.354197e-001
1.077066e+003,1.356343e-001
1.077548e+003,1.358163e-001
1.078031e+003,1.359730e-001
1.078513e+003,1.361105e-001
1.078995e+003,1.362288e-001
1.079477e+003,1.363197e-001
1.079959e+003,1.363693e-001
1.080441e+003,1.363649e-001
1.080923e+003,1.363015e-001
1.081406e+003,1.361842e-001
1.081888e+003,1.360262e-001
1.082370e+003,1.358428e-001
1.082852e+003,1.356444e-001
1.083334e+003,1.354338e-001
1.083816e+003,1.352080e-001
1.084298e+003,1.349641e-001
1.084780e+003,1.347040e-001
1.085262e+003,1.344374e-001
1.085745e+003,1.341788e-001
1.086227e+003,1.339419e-001
1.086709e+003,1.337346e-001
1.087191e+003,1.335566e-001
1.087673e+003,1.334029e-001
1.088155e+003,1.332692e-001
1.088637e+003,1.331566e-001
1.089119e+003,1.330739e-001
1.089602e+003,1.330328e-001
1.090084e+003,1.330428e-001
1.090566e+003,1.331051e-001
1.091048e+003,1.332116e-001
1.091530e+003,1.333481e-001
1.092012e+003,1.335009e-001
1.092494e+003,1.336633e-001
1.092976e+003,1.338370e-001
1.093458e+003,1.340302e-001
1.093941e+003,1.342516e-001
1.094423e+003,1.345037e-001
1.094905e+003,1.347820e-001
1.095387e+003,1.350759e-001
1.095869e+003,1.353751e-001
1.096351e+003,1.356764e-001
1.096833e+003,1.359836e-001
1.097316e+003,1.363076e-001
1.097798e+003,1.366584e-001
1.098280e+003,1.370397e-001
1.098762e+003,1.374460e-001
1.099244e+003,1.378636e-001
1.099726e+003,1.382771e-001
1.100208e+003,1.386747e-001
1.100690e+003,1.390517e-001
1.101173e+003,1.394097e-001
1.101655e+003,1.397519e-001
1.102137e+003,1.400785e-001
1.102619e+003,1.403835e-001
1.103101e+003,1.406575e-001
1.103583e+003,1.408916e-001
1.104065e+003,1.410838e-001
1.104547e+003,1.412403e-001
1.105030e+003,1.413738e-001
1.105512e+003,1.414981e-001
1.105994e+003,1.416209e-001
1.106476e+003,1.417425e-001
1.106958e+003,1.418564e-001
1.107440e+003,1.419556e-001
1.107922e+003,1.420376e-001
1.108404e+003,1.421086e-001
1.108886e+003,1.421801e-001
1.109369e+003,1.422646e-001
1.109851e+003,1.423690e-001
1.110333e+003,1.424918e-001
1.110815e+003,1.426242e-001
1.111297e+003,1.427551e-001
1.111779e+003,1.428760e-001
1.112261e+003,1.429843e-001
1.112744e+003,1.430826e-001
1.113226e+003,1.431739e-001
1.113708e+003,1.432576e-001
1.114190e+003,1.433275e-001
1.114672e+003,1.433739e-001
1.115154e+003,1.433882e-001
1.115636e+003,1.433682e-001
1.116118e+003,1.433189e-001
1.116601e+003,1.432509e-001
1.117083e+003,1.431735e-001
1.117565e+003,1.430912e-001
1.118047e+003,1.430005e-001
1.118529e+003,1.428931e-001
1.119011e+003,1.427614e-001
1.119493e+003,1.426041e-001
1.119975e+003,1.424280e-001
1.120458e+003,1.422454e-001
1.120940e+003,1.420683e-001
1.121422e+003,1.419020e-001
1.121904e+003,1.417437e-001
1.122386e+003,1.415841e-001
1.122868e+003,1.414129e-001
1.123350e+003,1.412236e-001
1.123832e+003,1.410159e-001
1.124314e+003,1.407926e-001
1.124797e+003,1.405550e-001
1.125279e+003,1.402975e-001
1.125761e+003,1.400069e-001
1.126243e+003,1.396659e-001
1.126725e+003,1.392595e-001
1.127207e+003,1.387807e-001
1.127689e+003,1.382330e-001
1.128172e+003,1.376272e-001
1.128654e+003,1.369755e-001
1.129136e+003,1.362851e-001
1.129618e+003,1.355568e-001
1.130100e+003,1.347870e-001
1.130582e+003,1.339734e-001
1.131064e+003,1.331199e-001
1.131546e+003,1.322383e-001
1.132029e+003,1.313453e-001
1.132511e+003,1.304561e-001
1.132993e+003,1.295805e-001
1.133475e+003,1.287220e-001
1.133957e+003,1.278799e-001
1.134439e+003,1.270560e-001
1.134921e+003,1.262578e-001
1.135403e+003,1.254980e-001
1.135885e+003,1.247913e-001
1.136368e+003,1.241479e-001
1.136850e+003,1.235702e-001
1.137332e+003,1.230527e-001
1.137814e+003,1.225862e-001
1.138296e+003,1.221644e-001
1.138778e+003,1.217875e-001
1.139260e+003,1.214618e-001
1.139742e+003,1.211969e-001
1.140225e+003,1.209994e-001
1.140707e+003,1.208701e-001
1.141189e+003,1.208034e-001
1.141671e+003,1.207931e-001
1.142153e+003,1.208349e-001
1.142635e+003,1.209317e-001
1.143117e+003,1.210917e-001
1.143599e+003,1.213245e-001
1.144082e+003,1.216351e-001
1.144564e+003,1.220212e-001
1.145046e+003,1.224719e-001
1.145528e+003,1.229735e-001
1.146010e+003,1.235124e-001
1.146492e+003,1.240812e-001
1.146974e+003,1.246773e-001
1.147457e+003,1.253010e-001
1.147939e+003,1.259504e-001
1.148421e+003,1.266185e-001
1.148903e+003,1.272933e-001
1.149385e+003,1.279608e-001
1.149867e+003,1.286091e-001
1.150349e+003,1.292327e-001
1.150831e+003,1.298325e-001
1.151313e+003,1.304128e-001
1.151796e+003,1.309768e-001
1.152278e+003,1.315234e-001
1.152760e+003,1.320465e-001
1.153242e+003,1.325381e-001
1.153724e+003,1.329927e-001
1.154206e+003,1.334113e-001
1.154688e+003,1.338014e-001
1.155170e+003,1.341738e-001
1.155653e+003,1.345383e-001
1.156135e+003,1.348988e-001
1.156617e+003,1.352534e-001
1.157099e+003,1.355977e-001
1.157581e+003,1.359286e-001
1.158063e+003,1.362488e-001
1.158545e+003,1.365670e-001
1.159027e+003,1.368944e-001
1.159510e+003,1.372399e-001
1.159992e+003,1.376051e-001
1.160474e+003,1.379846e-001
1.160956e+003,1.383682e-001
1.161438e+003,1.387467e-001
1.161920e+003,1.391167e-001
1.162402e+003,1.394816e-001
1.162885e+003,1.398485e-001
1.163367e+003,1.402241e-001
1.163849e+003,1.406094e-001
1.164331e+003,1.409989e-001
1.164813e+003,1.413827e-001
1.165295e+003,1.417516e-001
1.165777e+003,1.421017e-001
1.166259e+003,1.424350e-001
1.166741e+003,1.427569e-001
1.167224e+003,1.430709e-001
1.167706e+003,1.433736e-001
1.168188e+003,1.436535e-001
1.168670e+003,1.438931e-001
1.169152e+003,1.440745e-001
1.169634e+003,1.441845e-001
1.170116e+003,1.442166e-001
1.170598e+003,1.441691e-001
1.171081e+003,1.440407e-001
1.171563e+003,1.438259e-001
1.172045e+003,1.435148e-001
1.172527e+003,1.430953e-001
1.173009e+003,1.425596e-001
1.173491e+003,1.419093e-001
1.173973e+003,1.411580e-001
1.174455e+003,1.403265e-001
1.174938e+003,1.394375e-001
1.175420e+003,1.385096e-001
1.175902e+003,1.375541e-001
1.176384e+003,1.365776e-001
1.176866e+003,1.355874e-001
1.177348e+003,1.345951e-001
1.177830e+003,1.336185e-001
1.178313e+003,1.326770e-001
1.178795e+003,1.317867e-001
1.179277e+003,1.309565e-001
1.179759e+003,1.301866e-001
1.180241e+003,1.294730e-001
1.180723e+003,1.288120e-001
1.181205e+003,1.282048e-001
1.181687e+003,1.276566e-001
1.182169e+003,1.271744e-001
1.182652e+003,1.267609e-001
1.183134e+003,1.264128e-001
1.183616e+003,1.261205e-001
1.184098e+003,1.258731e-001
1.184580e+003,1.256626e-001
1.185062e+003,1.254880e-001
1.185544e+003,1.253531e-001
1.186026e+003,1.252630e-001
1.186509e+003,1.252181e-001
1.186991e+003,1.252123e-001
1.187473e+003,1.252326e-001
1.187955e+003,1.252649e-001
1.188437e+003,1.252992e-001
1.188919e+003,1.253333e-001
1.189401e+003,1.253723e-001
1.189883e+003,1.254242e-001
1.190366e+003,1.254948e-001
1.190848e+003,1.255839e-001
1.191330e+003,1.256854e-001
1.191812e+003,1.257908e-001
1.192294e+003,1.258949e-001
1.192776e+003,1.259985e-001
1.193258e+003,1.261083e-001
1.193740e+003,1.262337e-001
1.194223e+003,1.263817e-001
1.194705e+003,1.265542e-001
1.195187e+003,1.267479e-001
1.195669e+003,1.269584e-001
1.196151e+003,1.271842e-001
1.196633e+003,1.274291e-001
1.197115e+003,1.277016e-001
1.197597e+003,1.280107e-001
1.198080e+003,1.283608e-001
1.198562e+003,1.287491e-001
1.199044e+003,1.291659e-001
1.199526e+003,1.295990e-001
1.200008e+003,1.300392e-001
1.200490e+003,1.304827e-001
1.200972e+003,1.309317e-001
1.201454e+003,1.313911e-001
1.201937e+003,1.318631e-001
1.202419e+003,1.323448e-001
1.202901e+003,1.328276e-001
1.203383e+003,1.333010e-001
1.203865e+003,1.337574e-001
1.204347e+003,1.341944e-001
1.204829e+003,1.346157e-001
1.205312e+003,1.350264e-001
1.205794e+003,1.354304e-001
1.206276e+003,1.358270e-001
1.206758e+003,1.362106e-001
1.207240e+003,1.365756e-001
1.207722e+003,1.369200e-001
1.208204e+003,1.372493e-001
1.208686e+003,1.375753e-001
1.209168e+003,1.379129e-001
1.209651e+003,1.382739e-001
1.210133e+003,1.386647e-001
1.210615e+003,1.390850e-001
1.211097e+003,1.395312e-001
1.211579e+003,1.400005e-001
1.212061e+003,1.404956e-001
1.212543e+003,1.410229e-001
1.213025e+003,1.415903e-001
1.213508e+003,1.422025e-001
1.213990e+003,1.428584e-001
1.214472e+003,1.435513e-001
1.214954e+003,1.442722e-001
1.215436e+003,1.450146e-001
1.215918e+003,1.457781e-001
1.216400e+003,1.465681e-001
1.216882e+003,1.473924e-001
1.217365e+003,1.482567e-001
1.217847e+003,1.491611e-001
1.218329e+003,1.500992e-001
1.218811e+003,1.510614e-001
1.219293e+003,1.520397e-001
1.219775e+003,1.530310e-001
1.220257e+003,1.540386e-001
1.220740e+003,1.550688e-001
1.221222e+003,1.561272e-001
1.221704e+003,1.572143e-001
1.222186e+003,1.583253e-001
1.222668e+003,1.594520e-001
1.223150e+003,1.605874e-001
1.223632e+003,1.617301e-001
1.224114e+003,1.628846e-001
1.224596e+003,1.640595e-001
1.225079e+003,1.652623e-001
1.225561e+003,1.664946e-001
1.226043e+003,1.677503e-001
1.226525e+003,1.690187e-001
1.227007e+003,1.702882e-001
1.227489e+003,1.715527e-001
1.227971e+003,1.728131e-001
1.228453e+003,1.740769e-001
1.228936e+003,1.753522e-001
1.229418e+003,1.766431e-001
1.229900e+003,1.779474e-001
1.230382e+003,1.792563e-001
1.230864e+003,1.805601e-001
1.231346e+003,1.818531e-001
1.231828e+003,1.831368e-001
1.232310e+003,1.844191e-001
1.232792e+003,1.857080e-001
1.233275e+003,1.870071e-001
1.233757e+003,1.883109e-001
1.234239e+003,1.896044e-001
1.234721e+003,1.908703e-001
1.235203e+003,1.920941e-001
1.235685e+003,1.932694e-001
1.236167e+003,1.943979e-001
1.236650e+003,1.954862e-001
1.237132e+003,1.965365e-001
1.237614e+003,1.975434e-001
1.238096e+003,1.984935e-001
1.238578e+003,1.993696e-001
1.239060e+003,2.001593e-001
1.239542e+003,2.008594e-001
1.240024e+003,2.014782e-001
1.240507e+003,2.020288e-001
1.240989e+003,2.025226e-001
1.241471e+003,2.029627e-001
1.241953e+003,2.033425e-001
1.242435e+003,2.036516e-001
1.242917e+003,2.038824e-001
1.243399e+003,2.040372e-001
1.243881e+003,2.041282e-001
1.244364e+003,2.041725e-001
1.244846e+003,2.041844e-001
1.245328e+003,2.041683e-001
1.245810e+003,2.041188e-001
1.246292e+003,2.040257e-001
1.246774e+003,2.038823e-001
1.247256e+003,2.036912e-001
1.247738e+003,2.034655e-001
1.248220e+003,2.032231e-001
1.248703e+003,2.029793e-001
1.249185e+003,2.027405e-001
1.249667e+003,2.025038e-001
1.250149e+003,2.022616e-001
1.250631e+003,2.020095e-001
1.251113e+003,2.017505e-001
1.251595e+003,2.014962e-001
1.252078e+003,2.012618e-001
1.252560e+003,2.010581e-001
1.253042e+003,2.008868e-001
1.253524e+003,2.007408e-001
1.254006e+003,2.006091e-001
1.254488e+003,2.004850e-001
1.254970e+003,2.003698e-001
1.255452e+003,2.002738e-001
1.255935e+003,2.002100e-001
1.256417e+003,2.001870e-001
1.256899e+003,2.002044e-001
1.257381e+003,2.002528e-001
1.257863e+003,2.003184e-001
1.258345e+003,2.003914e-001
1.258827e+003,2.004697e-001
1.259309e+003,2.005598e-001
1.259792e+003,2.006703e-001
1.260274e+003,2.008064e-001
1.260756e+003,2.009637e-001
1.261238e+003,2.011293e-001
1.261720e+003,2.012883e-001
1.262202e+003,2.014303e-001
1.262684e+003,2.015549e-001
1.263166e+003,2.016708e-001
1.263648e+003,2.017901e-001
1.264131e+003,2.019209e-001
1.264613e+003,2.020624e-001
1.265095e+003,2.022049e-001
1.265577e+003,2.023359e-001
1.266059e+003,2.024473e-001
1.266541e+003,2.025397e-001
1.267023e+003,2.026235e-001
1.267505e+003,2.027122e-001
1.267988e+003,2.028160e-001
1.268470e+003,2.029353e-001
1.268952e+003,2.030632e-001
1.269434e+003,2.031892e-001
1.269916e+003,2.033072e-001
1.270398e+003,2.034209e-001
1.270880e+003,2.035425e-001
1.271363e+003,2.036867e-001
1.271845e+003,2.038636e-001
1.272327e+003,2.040731e-001
1.272809e+003,2.043050e-001
1.273291e+003,2.045459e-001
1.273773e+003,2.047855e-001
1.274255e+003,2.050231e-001
1.274737e+003,2.052651e-001
1.275219e+003,2.055217e-001
1.275702e+003,2.057983e-001
1.276184e+003,2.060919e-001
1.276666e+003,2.063916e-001
1.277148e+003,2.066842e-001
1.277630e+003,2.069614e-001
1.278112e+003,2.072249e-001
1.278594e+003,2.074856e-001
1.279076e+003,2.077572e-001
1.279559e+003,2.080486e-001
1.280041e+003,2.083592e-001
1.280523e+003,2.086787e-001
1.281005e+003,2.089938e-001
1.281487e+003,2.092958e-001
1.281969e+003,2.095857e-001
1.282451e+003,2.098742e-001
1.282933e+003,2.101751e-001
1.283416e+003,2.104982e-001
1.283898e+003,2.108442e-001
1.284380e+003,2.112042e-001
1.284862e+003,2.115665e-001
1.285344e+003,2.119237e-001
1.285826e+003,2.122773e-001
1.286308e+003,2.126379e-001
1.286791e+003,2.130169e-001
1.287273e+003,2.134202e-001
1.287755e+003,2.138424e-001
1.288237e+003,2.142671e-001
1.288719e+003,2.146754e-001
1.289201e+003,2.150546e-001
1.289683e+003,2.154044e-001
1.290165e+003,2.157364e-001
1.290647e+003,2.160660e-001
1.291130e+003,2.164035e-001
1.291612e+003,2.167476e-001
1.292094e+003,2.170863e-001
1.292576e+003,2.174034e-001
1.293058e+003,2.176871e-001
1.293540e+003,2.179380e-001
1.294022e+003,2.181675e-001
1.294504e+003,2.183920e-001
1.294987e+003,2.186235e-001
1.295469e+003,2.188626e-001
1.295951e+003,2.190994e-001
1.296433e+003,2.193185e-001
1.296915e+003,2.195099e-001
1.297397e+003,2.196735e-001
1.297879e+003,2.198200e-001
1.298361e+003,2.199635e-001
1.298844e+003,2.201126e-001
1.299326e+003,2.202645e-001
1.299808e+003,2.204047e-001
1.300290e+003,2.205157e-001
1.300772e+003,2.205850e-001
1.301254e+003,2.206127e-001
1.301736e+003,2.206107e-001
1.302219e+003,2.205955e-001
1.302701e+003,2.205790e-001
1.303183e+003,2.205622e-001
1.303665e+003,2.205355e-001
1.304147e+003,2.204850e-001
1.304629e+003,2.204037e-001
1.305111e+003,2.202952e-001
1.305593e+003,2.201754e-001
1.306075e+003,2.200634e-001
1.306558e+003,2.199721e-001
1.307040e+003,2.199031e-001
1.307522e+003,2.198448e-001
1.308004e+003,2.197798e-001
1.308486e+003,2.196952e-001
1.308968e+003,2.195867e-001
1.309450e+003,2.194593e-001
1.309932e+003,2.193200e-001
1.310415e+003,2.191697e-001
1.310897e+003,2.189978e-001
1.311379e+003,2.187842e-001
1.311861e+003,2.185074e-001
1.312343e+003,2.181552e-001
1.312825e+003,2.177306e-001
1.313307e+003,2.172500e-001
1.313789e+003,2.167346e-001
1.314272e+003,2.161975e-001
1.314754e+003,2.156379e-001
1.315236e+003,2.150416e-001
1.315718e+003,2.143909e-001
1.316200e+003,2.136748e-001
1.316682e+003,2.128946e-001
1.317164e+003,2.120639e-001
1.317646e+003,2.112012e-001
1.318129e+003,2.103205e-001
1.318611e+003,2.094261e-001
1.319093e+003,2.085141e-001
1.319575e+003,2.075797e-001
1.320057e+003,2.066250e-001
1.320539e+003,2.056606e-001
1.321021e+003,2.047014e-001
1.321503e+003,2.037577e-001
1.321986e+003,2.028289e-001
1.322468e+003,2.019027e-001
1.322950e+003,2.009612e-001
1.323432e+003,1.999909e-001
1.323914e+003,1.989899e-001
1.324396e+003,1.979703e-001
1.324878e+003,1.969519e-001
1.325360e+003,1.959519e-001
1.325843e+003,1.949782e-001
1.326325e+003,1.940254e-001
1.326807e+003,1.930819e-001
1.327289e+003,1.921375e-001
1.327771e+003,1.911925e-001
1.328253e+003,1.902577e-001
1.328735e+003,1.893498e-001
1.329218e+003,1.884827e-001
1.329700e+003,1.876607e-001
1.330182e+003,1.868777e-001
1.330664e+003,1.861236e-001
1.331146e+003,1.853909e-001
1.331628e+003,1.846814e-001
1.332110e+003,1.840057e-001
1.332592e+003,1.833763e-001
1.333074e+003,1.828015e-001
1.333557e+003,1.822789e-001
1.334039e+003,1.817983e-001
1.334521e+003,1.813465e-001
1.335003e+003,1.809147e-001
1.335485e+003,1.805029e-001
1.335967e+003,1.801188e-001
1.336449e+003,1.797708e-001
1.336931e+003,1.794622e-001
1.337414e+003,1.791845e-001
1.337896e+003,1.789211e-001
1.338378e+003,1.786544e-001
1.338860e+003,1.783749e-001
1.339342e+003,1.780890e-001
1.339824e+003,1.778146e-001
1.340306e+003,1.775691e-001
1.340788e+003,1.773585e-001
1.341271e+003,1.771735e-001
1.341753e+003,1.769959e-001
1.342235e+003,1.768102e-001
1.342717e+003,1.766099e-001
1.343199e+003,1.764008e-001
1.343681e+003,1.761959e-001
1.344163e+003,1.760091e-001
1.344646e+003,1.758460e-001
1.345128e+003,1.757012e-001
1.345610e+003,1.755610e-001
1.346092e+003,1.754109e-001
1.346574e+003,1.752444e-001
1.347056e+003,1.750668e-001
1.347538e+003,1.748914e-001
1.348020e+003,1.747332e-001
1.348502e+003,1.746000e-001
1.348985e+003,1.744893e-001
1.349467e+003,1.743915e-001
1.349949e+003,1.742980e-001
1.350431e+003,1.742085e-001
1.350913e+003,1.741336e-001
1.351395e+003,1.740899e-001
1.351877e+003,1.740924e-001
1.352359e+003,1.741475e-001
1.352842e+003,1.742508e-001
1.353324e+003,1.743911e-001
1.353806e+003,1.745585e-001
1.354288e+003,1.747503e-001
1.354770e+003,1.749735e-001
1.355252e+003,1.752388e-001
1.355734e+003,1.755521e-001
1.356216e+003,1.759088e-001
1.356698e+003,1.762930e-001
1.357181e+003,1.766848e-001
1.357663e+003,1.770691e-001
1.358145e+003,1.774423e-001
1.358627e+003,1.778146e-001
1.359109e+003,1.782048e-001
1.359591e+003,1.786336e-001
1.360073e+003,1.791182e-001
1.360556e+003,1.796714e-001
1.361038e+003,1.803059e-001
1.361520e+003,1.810387e-001
1.362002e+003,1.818917e-001
1.362484e+003,1.828817e-001
1.362966e+003,1.840073e-001
1.363448e+003,1.852397e-001
1.363930e+003,1.865311e-001
1.364413e+003,1.878342e-001
1.364895e+003,1.891160e-001
1.365377e+003,1.903640e-001
1.365859e+003,1.915807e-001
1.366341e+003,1.927753e-001
1.366823e+003,1.939517e-001
1.367305e+003,1.951017e-001
1.367787e+003,1.962017e-001
1.368270e+003,1.972199e-001
1.368752e+003,1.981323e-001
1.369234e+003,1.989353e-001
1.369716e+003,1.996529e-001
1.370198e+003,2.003313e-001
1.370680e+003,2.010250e-001
1.371162e+003,2.017843e-001
1.371644e+003,2.026487e-001
1.372126e+003,2.036443e-001
1.372609e+003,2.047856e-001
1.373091e+003,2.060736e-001
1.373573e+003,2.074916e-001
1.374055e+003,2.090015e-001
1.374537e+003,2.105476e-001
1.375019e+003,2.120749e-001
1.375501e+003,2.135507e-001
1.375984e+003,2.149779e-001
1.376466e+003,2.163935e-001
1.376948e+003,2.178579e-001
1.377430e+003,2.194415e-001
1.377912e+003,2.212067e-001
1.378394e+003,2.231926e-001
1.378876e+003,2.254018e-001
1.379358e+003,2.278040e-001
1.379841e+003,2.303507e-001
1.380323e+003,2.329981e-001
1.380805e+003,2.357193e-001
1.381287e+003,2.385039e-001
1.381769e+003,2.413436e-001
1.382251e+003,2.442185e-001
1.382733e+003,2.470905e-001
1.383215e+003,2.499141e-001
1.383698e+003,2.526520e-001
1.384180e+003,2.552901e-001
1.384662e+003,2.578439e-001
1.385144e+003,2.603504e-001
1.385626e+003,2.628515e-001
1.386108e+003,2.653728e-001
1.386590e+003,2.679032e-001
1.387072e+003,2.703898e-001
1.387554e+003,2.727580e-001
1.388037e+003,2.749453e-001
1.388519e+003,2.769261e-001
1.389001e+003,2.787120e-001
1.389483e+003,2.803358e-001
1.389965e+003,2.818342e-001
1.390447e+003,2.832387e-001
1.390929e+003,2.845731e-001
1.391411e+003,2.858549e-001
1.391894e+003,2.870944e-001
1.392376e+003,2.882955e-001
1.392858e+003,2.894513e-001
1.393340e+003,2.905437e-001
1.393822e+003,2.915432e-001
1.394304e+003,2.924163e-001
1.394786e+003,2.931381e-001
1.395269e+003,2.937006e-001
1.395751e+003,2.941087e-001
1.396233e+003,2.943684e-001
1.396715e+003,2.944727e-001
1.397197e+003,2.944005e-001
1.397679e+003,2.941256e-001
1.398161e+003,2.936336e-001
1.398643e+003,2.929384e-001
1.399125e+003,2.920869e-001
1.399608e+003,2.911426e-001
1.400090e+003,2.901556e-001
1.400572e+003,2.891419e-001
1.401054e+003,2.880851e-001
1.401536e+003,2.869506e-001
1.402018e+003,2.857005e-001
1.402500e+003,2.843022e-001
1.402982e+003,2.827309e-001
1.403465e+003,2.809721e-001
1.403947e+003,2.790256e-001
1.404429e+003,2.769133e-001
1.404911e+003,2.746850e-001
1.405393e+003,2.724126e-001
1.405875e+003,2.701747e-001
1.406357e+003,2.680337e-001
1.406839e+003,2.660213e-001
1.407322e+003,2.641338e-001
1.407804e+003,2.623382e-001
1.408286e+003,2.605867e-001
1.408768e+003,2.588333e-001
1.409250e+003,2.570523e-001
1.409732e+003,2.552490e-001
1.410214e+003,2.534600e-001
1.410697e+003,2.517390e-001
1.411179e+003,2.501331e-001
1.411661e+003,2.486645e-001
1.412143e+003,2.473241e-001
1.412625e+003,2.460837e-001
1.413107e+003,2.449138e-001
1.413589e+003,2.437989e-001
1.414071e+003,2.427417e-001
1.414553e+003,2.417555e-001
1.415036e+003,2.408501e-001
1.415518e+003,2.400179e-001
1.416000e+003,2.392281e-001
1.416482e+003,2.384254e-001
1.416964e+003,2.375393e-001
1.417446e+003,2.365000e-001
1.417928e+003,2.352654e-001
1.418410e+003,2.338540e-001
1.418893e+003,2.323580e-001
1.419375e+003,2.309068e-001
1.419857e+003,2.295962e-001
1.420339e+003,2.284471e-001
1.420821e+003,2.274217e-001
1.421303e+003,2.264604e-001
1.421785e+003,2.255084e-001
1.422267e+003,2.245232e-001
1.422750e+003,2.234803e-001
1.423232e+003,2.223767e-001
1.423714e+003,2.212372e-001
1.424196e+003,2.201132e-001
1.424678e+003,2.190669e-001
1.425160e+003,2.181460e-001
1.425642e+003,2.173729e-001
1.426125e+003,2.167466e-001
1.426607e+003,2.162558e-001
1.427089e+003,2.158904e-001
1.427571e+003,2.156482e-001
1.428053e+003,2.155367e-001
1.428535e+003,2.155712e-001
1.429017e+003,2.157722e-001
1.429499e+003,2.161599e-001
1.429981e+003,2.167493e-001
1.430464e+003,2.175444e-001
1.430946e+003,2.185322e-001
1.431428e+003,2.196813e-001
1.431910e+003,2.209448e-001
1.432392e+003,2.222711e-001
1.432874e+003,2.236175e-001
1.433356e+003,2.249668e-001
1.433838e+003,2.263329e-001
1.434321e+003,2.277647e-001
1.434803e+003,2.293367e-001
1.435285e+003,2.311270e-001
1.435767e+003,2.331692e-001
1.436249e+003,2.353950e-001
1.436731e+003,2.376235e-001
1.437213e+003,2.396472e-001
1.437696e+003,2.413507e-001
1.438177e+003,2.427414e-001
1.438660e+003,2.438946e-001
1.439142e+003,2.448904e-001
1.439624e+003,2.457856e-001
1.440106e+003,2.466137e-001
1.440588e+003,2.473950e-001
1.441070e+003,2.481471e-001
1.441552e+003,2.488875e-001
1.442035e+003,2.496306e-001
1.442517e+003,2.503797e-001
1.442999e+003,2.511248e-001
1.443481e+003,2.518440e-001
1.443963e+003,2.525162e-001
1.444445e+003,2.531323e-001
1.444927e+003,2.537020e-001
1.445409e+003,2.542512e-001
1.445892e+003,2.548101e-001
1.446374e+003,2.553964e-001
1.446856e+003,2.560011e-001
1.447338e+003,2.565855e-001
1.447820e+003,2.570981e-001
1.448302e+003,2.575037e-001
1.448784e+003,2.578053e-001
1.449266e+003,2.580395e-001
1.449749e+003,2.582522e-001
1.450231e+003,2.584735e-001
1.450713e+003,2.587056e-001
1.451195e+003,2.589254e-001
1.451677e+003,2.590985e-001
1.452159e+003,2.591968e-001
1.452641e+003,2.592111e-001
1.453124e+003,2.591525e-001
1.453605e+003,2.590365e-001
1.454088e+003,2.588621e-001
1.454570e+003,2.585849e-001
1.455052e+003,2.580964e-001
1.455534e+003,2.572123e-001
1.456016e+003,2.557024e-001
1.456498e+003,2.534204e-001
1.456980e+003,2.505164e-001
1.457463e+003,2.474737e-001
1.457945e+003,2.447791e-001
1.458427e+003,2.426014e-001
1.458909e+003,2.408419e-001
1.459391e+003,2.393439e-001
1.459873e+003,2.380062e-001
1.460355e+003,2.367908e-001
1.460837e+003,2.356908e-001
1.461320e+003,2.347013e-001
1.461802e+003,2.338036e-001
1.462284e+003,2.329650e-001
1.462766e+003,2.321469e-001
1.463248e+003,2.313246e-001
1.463730e+003,2.305060e-001
1.464212e+003,2.297419e-001
1.464694e+003,2.291079e-001
1.465177e+003,2.286556e-001
1.465659e+003,2.283744e-001
1.466141e+003,2.281968e-001
1.466623e+003,2.280396e-001
1.467105e+003,2.278395e-001
1.467587e+003,2.275677e-001
1.468069e+003,2.272234e-001
1.468552e+003,2.268176e-001
1.469033e+003,2.263548e-001
1.469516e+003,2.258152e-001
1.469998e+003,2.251418e-001
1.470480e+003,2.242335e-001
1.470962e+003,2.229557e-001
1.471444e+003,2.211856e-001
1.471926e+003,2.189050e-001
1.472408e+003,2.162940e-001
1.472891e+003,2.136918e-001
1.473373e+003,2.113983e-001
1.473855e+003,2.095111e-001
1.474337e+003,2.079490e-001
1.474819e+003,2.065784e-001
1.475301e+003,2.053106e-001
1.475783e+003,2.041317e-001
1.476265e+003,2.030865e-001
1.476748e+003,2.022371e-001
1.477230e+003,2.016229e-001
1.477712e+003,2.012455e-001
1.478194e+003,2.010805e-001
1.478676e+003,2.011036e-001
1.479158e+003,2.013096e-001
1.479640e+003,2.017183e-001
1.480122e+003,2.023660e-001
1.480604e+003,2.032838e-001
1.481087e+003,2.044743e-001
1.481569e+003,2.058988e-001
1.482051e+003,2.074915e-001
1.482533e+003,2.091867e-001
1.483015e+003,2.109478e-001
1.483497e+003,2.127768e-001
1.483979e+003,2.147067e-001
1.484461e+003,2.167858e-001
1.484944e+003,2.190609e-001
1.485426e+003,2.215640e-001
1.485908e+003,2.243048e-001
1.486390e+003,2.272732e-001
1.486872e+003,2.304546e-001
1.487354e+003,2.338583e-001
1.487836e+003,2.375474e-001
1.488319e+003,2.416495e-001
1.488801e+003,2.463220e-001
1.489283e+003,2.516545e-001
1.489765e+003,2.575480e-001
1.490247e+003,2.636798e-001
1.490729e+003,2.696339e-001
1.491211e+003,2.751040e-001
1.491693e+003,2.799935e-001
1.492176e+003,2.843854e-001
1.492658e+003,2.884547e-001
1.493140e+003,2.924054e-001
1.493622e+003,2.964411e-001
1.494104e+003,3.007559e-001
1.494586e+003,3.055259e-001
1.495068e+003,3.108832e-001
1.495550e+003,3.168678e-001
1.496032e+003,3.233736e-001
1.496515e+003,3.301414e-001
1.496997e+003,3.368407e-001
1.497479e+003,3.432094e-001
1.497961e+003,3.491454e-001
1.498443e+003,3.546961e-001
1.498925e+003,3.599825e-001
1.499407e+003,3.651289e-001
1.499890e+003,3.702252e-001
1.500372e+003,3.753144e-001
1.500854e+003,3.803949e-001
1.501336e+003,3.854299e-001
1.501818e+003,3.903602e-001
1.502300e+003,3.951214e-001
1.502782e+003,3.996627e-001
1.503264e+003,4.039686e-001
1.503747e+003,4.080851e-001
1.504229e+003,4.121628e-001
1.504711e+003,4.165249e-001
1.505193e+003,4.217728e-001
1.505675e+003,4.288555e-001
1.506157e+003,4.387932e-001
1.506639e+003,4.515928e-001
1.507121e+003,4.651611e-001
1.507604e+003,4.766760e-001
1.508086e+003,4.851674e-001
1.508568e+003,4.914783e-001
1.509050e+003,4.967791e-001
1.509532e+003,5.018544e-001
1.510014e+003,5.070958e-001
1.510496e+003,5.126413e-001
1.510979e+003,5.184798e-001
1.511460e+003,5.245050e-001
1.511943e+003,5.305549e-001
1.512425e+003,5.364497e-001
1.512907e+003,5.420331e-001
1.513389e+003,5.471994e-001
1.513871e+003,5.519053e-001
1.514353e+003,5.561659e-001
1.514835e+003,5.600408e-001
1.515318e+003,5.636147e-001
1.515800e+003,5.669609e-001
1.516282e+003,5.700927e-001
1.516764e+003,5.729361e-001
1.517246e+003,5.753626e-001
1.517728e+003,5.772833e-001
1.518210e+003,5.787163e-001
1.518692e+003,5.797902e-001
1.519175e+003,5.807189e-001
1.519657e+003,5.817900e-001
1.520139e+003,5.833533e-001
1.520621e+003,5.857406e-001
1.521103e+003,5.890635e-001
1.521585e+003,5.930115e-001
1.522067e+003,5.969885e-001
1.522549e+003,6.005642e-001
1.523031e+003,6.037228e-001
1.523514e+003,6.067241e-001
1.523996e+003,6.098745e-001
1.524478e+003,6.133908e-001
1.524960e+003,6.173472e-001
1.525442e+003,6.216761e-001
1.525924e+003,6.262119e-001
1.526406e+003,6.307827e-001
1.526888e+003,6.352921e-001
1.527371e+003,6.397252e-001
1.527853e+003,6.440825e-001
1.528335e+003,6.483063e-001
1.528817e+003,6.522702e-001
1.529299e+003,6.558351e-001
1.529781e+003,6.589270e-001
1.530263e+003,6.615912e-001
1.530746e+003,6.639974e-001
1.531228e+003,6.663981e-001
1.531710e+003,6.690570e-001
1.532192e+003,6.721390e-001
1.532674e+003,6.755739e-001
1.533156e+003,6.789874e-001
1.533638e+003,6.818706e-001
1.534120e+003,6.839493e-001
1.534603e+003,6.853535e-001
1.535085e+003,6.864176e-001
1.535567e+003,6.874042e-001
1.536049e+003,6.883932e-001
1.536531e+003,6.892983e-001
1.537013e+003,6.899225e-001
1.537495e+003,6.900213e-001
1.537977e+003,6.893740e-001
1.538459e+003,6.878737e-001
1.538942e+003,6.856134e-001
1.539424e+003,6.828736e-001
1.539906e+003,6.799064e-001
1.540388e+003,6.766641e-001
1.540870e+003,6.729030e-001
1.541352e+003,6.685765e-001
1.541834e+003,6.639336e-001
1.542316e+003,6.592707e-001
1.542799e+003,6.546918e-001
1.543281e+003,6.500301e-001
1.543763e+003,6.449372e-001
1.544245e+003,6.391077e-001
1.544727e+003,6.325245e-001
1.545209e+003,6.255332e-001
1.545691e+003,6.186538e-001
1.546174e+003,6.122853e-001
1.546656e+003,6.065233e-001
1.547138e+003,6.011388e-001
1.547620e+003,5.956571e-001
1.548102e+003,5.894777e-001
1.548584e+003,5.820664e-001
1.549066e+003,5.732197e-001
1.549548e+003,5.632921e-001
1.550031e+003,5.531359e-001
1.550513e+003,5.436644e-001
1.550995e+003,5.353603e-001
1.551477e+003,5.281114e-001
1.551959e+003,5.213876e-001
1.552441e+003,5.145378e-001
1.552923e+003,5.070564e-001
1.553405e+003,4.987854e-001
1.553887e+003,4.900146e-001
1.554370e+003,4.813820e-001
1.554852e+003,4.735691e-001
1.555334e+003,4.669737e-001
1.555816e+003,4.615811e-001
1.556298e+003,4.570426e-001
1.556780e+003,4.527868e-001
1.557262e+003,4.480012e-001
1.557744e+003,4.414944e-001
1.558227e+003,4.318720e-001
1.558709e+003,4.190588e-001
1.559191e+003,4.060702e-001
1.559673e+003,3.963985e-001
1.560155e+003,3.904458e-001
1.560637e+003,3.868160e-001
1.561119e+003,3.843115e-001
1.561602e+003,3.822805e-001
1.562083e+003,3.803795e-001
1.562566e+003,3.783817e-001
1.563048e+003,3.761045e-001
1.563530e+003,3.734219e-001
1.564012e+003,3.703242e-001
1.564494e+003,3.669657e-001
1.564976e+003,3.636351e-001
1.565458e+003,3.606285e-001
1.565941e+003,3.581087e-001
1.566423e+003,3.560462e-001
1.566905e+003,3.542594e-001
1.567387e+003,3.525001e-001
1.567869e+003,3.505348e-001
1.568351e+003,3.482236e-001
1.568833e+003,3.455923e-001
1.569315e+003,3.428562e-001
1.569798e+003,3.403186e-001
1.570280e+003,3.381808e-001
1.570762e+003,3.364419e-001
1.571244e+003,3.349785e-001
1.571726e+003,3.336721e-001
1.572208e+003,3.324665e-001
1.572690e+003,3.313579e-001
1.573172e+003,3.303530e-001
1.573655e+003,3.294277e-001
1.574137e+003,3.284950e-001
1.574619e+003,3.274016e-001
1.575101e+003,3.259760e-001
1.575583e+003,3.241486e-001
1.576065e+003,3.220827e-001
1.576547e+003,3.201389e-001
1.577030e+003,3.186249e-001
1.577511e+003,3.175899e-001
1.577994e+003,3.168684e-001
1.578476e+003,3.162464e-001
1.578958e+003,3.155759e-001
1.579440e+003,3.148071e-001
1.579922e+003,3.139734e-001
1.580404e+003,3.131525e-001
1.580886e+003,3.124179e-001
1.581369e+003,3.117969e-001
1.581851e+003,3.112546e-001
1.582333e+003,3.107183e-001
1.582815e+003,3.101255e-001
1.583297e+003,3.094677e-001
1.583779e+003,3.087981e-001
1.584261e+003,3.082022e-001
1.584743e+003,3.077478e-001
1.585226e+003,3.074429e-001
1.585708e+003,3.072310e-001
1.586190e+003,3.070259e-001
1.586672e+003,3.067658e-001
1.587154e+003,3.064533e-001
1.587636e+003,3.061578e-001
1.588118e+003,3.059787e-001
1.588600e+003,3.059904e-001
1.589083e+003,3.061983e-001
1.589565e+003,3.065355e-001
1.590047e+003,3.069034e-001
1.590529e+003,3.072326e-001
1.591011e+003,3.075257e-001
1.591493e+003,3.078561e-001
1.591975e+003,3.083234e-001
1.592458e+003,3.089928e-001
1.592939e+003,3.098525e-001
1.593422e+003,3.108165e-001
1.593904e+003,3.117709e-001
1.594386e+003,3.126402e-001
1.594868e+003,3.134349e-001
1.595350e+003,3.142441e-001
1.595832e+003,3.151816e-001
1.596314e+003,3.163143e-001
1.596797e+003,3.176219e-001
1.597279e+003,3.190130e-001
1.597761e+003,3.203846e-001
1.598243e+003,3.216884e-001
1.598725e+003,3.229653e-001
1.599207e+003,3.243314e-001
1.599689e+003,3.259219e-001
1.600171e+003,3.278220e-001
1.600654e+003,3.300232e-001
1.601136e+003,3.324309e-001
1.601618e+003,3.349231e-001
1.602100e+003,3.374254e-001
1.602582e+003,3.399567e-001
1.603064e+003,3.426138e-001
1.603546e+003,3.455045e-001
1.604028e+003,3.486735e-001
1.604510e+003,3.520695e-001
1.604993e+003,3.555763e-001
1.605475e+003,3.590885e-001
1.605957e+003,3.625839e-001
1.606439e+003,3.661542e-001
1.606921e+003,3.699734e-001
1.607403e+003,3.742108e-001
1.607885e+003,3.789345e-001
1.608367e+003,3.840593e-001
1.608850e+003,3.893849e-001
1.609332e+003,3.947069e-001
1.609814e+003,3.999256e-001
1.610296e+003,4.050819e-001
1.610778e+003,4.102987e-001
1.611260e+003,4.156734e-001
1.611742e+003,4.211887e-001
1.612225e+003,4.267004e-001
1.612707e+003,4.320064e-001
1.613189e+003,4.369560e-001
1.613671e+003,4.415467e-001
1.614153e+003,4.459805e-001
1.614635e+003,4.506638e-001
1.615117e+003,4.561398e-001
1.615599e+003,4.628963e-001
1.616082e+003,4.710368e-001
1.616564e+003,4.800047e-001
1.617046e+003,4.887704e-001
1.617528e+003,4.964935e-001
1.618010e+003,5.029975e-001
1.618492e+003,5.086282e-001
1.618974e+003,5.138520e-001
1.619456e+003,5.189987e-001
1.619938e+003,5.242208e-001
1.620421e+003,5.295661e-001
1.620903e+003,5.350894e-001
1.621385e+003,5.409489e-001
1.621867e+003,5.474380e-001
1.622349e+003,5.548826e-001
1.622831e+003,5.633849e-001
1.623313e+003,5.725728e-001
1.623796e+003,5.816559e-001
1.624278e+003,5.898411e-001
1.624760e+003,5.967524e-001
1.625242e+003,6.025403e-001
1.625724e+003,6.077178e-001
1.626206e+003,6.129171e-001
1.626688e+003,6.186676e-001
1.627170e+003,6.251997e-001
1.627653e+003,6.323329e-001
1.628135e+003,6.395397e-001
1.628617e+003,6.462291e-001
1.629099e+003,6.520765e-001
1.629581e+003,6.571512e-001
1.630063e+003,6.617820e-001
1.630545e+003,6.663099e-001
1.631027e+003,6.709040e-001
1.631510e+003,6.755098e-001
1.631992e+003,6.799137e-001
1.632474e+003,6.838797e-001
1.632956e+003,6.873072e-001
1.633438e+003,6.903533e-001
1.633920e+003,6.934885e-001
1.634402e+003,6.974182e-001
1.634885e+003,7.027708e-001
1.635366e+003,7.095240e-001
1.635849e+003,7.166173e-001
1.636331e+003,7.225790e-001
1.636813e+003,7.267553e-001
1.637295e+003,7.296223e-001
1.637777e+003,7.320743e-001
1.638259e+003,7.347707e-001
1.638741e+003,7.379345e-001
1.639224e+003,7.414237e-001
1.639706e+003,7.448984e-001
1.640188e+003,7.480248e-001
1.640670e+003,7.506515e-001
1.641152e+003,7.528881e-001
1.641634e+003,7.550309e-001
1.642116e+003,7.573795e-001
1.642598e+003,7.600611e-001
1.643081e+003,7.629457e-001
1.643563e+003,7.656900e-001
1.644045e+003,7.678801e-001
1.644527e+003,7.692167e-001
1.645009e+003,7.696887e-001
1.645491e+003,7.696488e-001
1.645973e+003,7.696872e-001
1.646455e+003,7.702160e-001
1.646938e+003,7.709832e-001
1.647420e+003,7.711621e-001
1.647902e+003,7.701333e-001
1.648384e+003,7.680096e-001
1.648866e+003,7.654109e-001
1.649348e+003,7.629982e-001
1.649830e+003,7.612072e-001
1.650313e+003,7.601457e-001
1.650794e+003,7.595032e-001
1.651277e+003,7.583513e-001
1.651759e+003,7.548214e-001
1.652241e+003,7.460822e-001
1.652723e+003,7.300612e-001
1.653205e+003,7.092811e-001
1.653687e+003,6.905341e-001
1.654169e+003,6.777174e-001
1.654652e+003,6.694840e-001
1.655134e+003,6.630038e-001
1.655616e+003,6.563666e-001
1.656098e+003,6.487705e-001
1.656580e+003,6.401258e-001
1.657062e+003,6.307036e-001
1.657544e+003,6.208927e-001
1.658026e+003,6.110231e-001
1.658509e+003,6.012610e-001
1.658991e+003,5.915809e-001
1.659473e+003,5.818125e-001
1.659955e+003,5.717297e-001
1.660437e+003,5.611309e-001
1.660919e+003,5.498873e-001
1.661401e+003,5.379694e-001
1.661883e+003,5.254781e-001
1.662365e+003,5.126912e-001
1.662848e+003,5.000635e-001
1.663330e+003,4.881158e-001
1.663812e+003,4.772519e-001
1.664294e+003,4.676507e-001
1.664776e+003,4.592805e-001
1.665258e+003,4.519745e-001
1.665740e+003,4.454792e-001
1.666222e+003,4.394687e-001
1.666705e+003,4.335414e-001
1.667187e+003,4.272369e-001
1.667669e+003,4.201035e-001
1.668151e+003,4.118416e-001
1.668633e+003,4.024898e-001
1.669115e+003,3.925364e-001
1.669597e+003,3.827892e-001
1.670080e+003,3.739940e-001
1.670562e+003,3.664805e-001
1.671044e+003,3.601294e-001
1.671526e+003,3.546036e-001
1.672008e+003,3.495743e-001
1.672490e+003,3.448004e-001
1.672972e+003,3.400928e-001
1.673454e+003,3.352464e-001
1.673937e+003,3.300059e-001
1.674419e+003,3.241311e-001
1.674901e+003,3.175779e-001
1.675383e+003,3.106626e-001
1.675865e+003,3.039699e-001
1.676347e+003,2.980156e-001
1.676829e+003,2.929891e-001
1.677311e+003,2.887571e-001
1.677793e+003,2.849973e-001
1.678276e+003,2.813307e-001
1.678758e+003,2.774221e-001
1.679240e+003,2.730805e-001
1.679722e+003,2.683418e-001
1.680204e+003,2.634681e-001
1.680686e+003,2.588280e-001
1.681168e+003,2.547071e-001
1.681650e+003,2.511476e-001
1.682133e+003,2.478525e-001
1.682615e+003,2.441337e-001
1.683097e+003,2.389783e-001
1.683579e+003,2.315545e-001
1.684061e+003,2.222622e-001
1.684543e+003,2.130520e-001
1.685025e+003,2.057863e-001
1.685508e+003,2.007848e-001
1.685990e+003,1.972811e-001
1.686472e+003,1.943688e-001
1.686954e+003,1.914036e-001
1.687436e+003,1.880330e-001
1.687918e+003,1.841379e-001
1.688400e+003,1.797782e-001
1.688882e+003,1.751314e-001
1.689365e+003,1.704140e-001
1.689847e+003,1.658045e-001
1.690329e+003,1.614047e-001
1.690811e+003,1.572540e-001
1.691293e+003,1.533723e-001
1.691775e+003,1.497856e-001
1.692257e+003,1.465185e-001
1.692739e+003,1.435623e-001
1.693221e+003,1.408371e-001
1.693704e+003,1.381585e-001
1.694186e+003,1.352309e-001
1.694668e+003,1.317064e-001
1.695150e+003,1.273691e-001
1.695632e+003,1.224060e-001
1.696114e+003,1.174723e-001
1.696596e+003,1.133108e-001
1.697078e+003,1.102596e-001
1.697561e+003,1.081443e-001
1.698043e+003,1.064936e-001
1.698525e+003,1.047460e-001
1.699007e+003,1.023788e-001
1.699489e+003,9.908458e-002
1.699971e+003,9.505171e-002
1.700453e+003,9.102545e-002
1.700936e+003,8.778166e-002
1.701417e+003,8.553727e-002
1.701900e+003,8.400588e-002
1.702382e+003,8.278672e-002
1.702864e+003,8.159027e-002
1.703346e+003,8.026972e-002
1.703828e+003,7.878715e-002
1.704310e+003,7.717548e-002
1.704792e+003,7.550669e-002
1.705275e+003,7.385352e-002
1.705757e+003,7.225971e-002
1.706239e+003,7.073192e-002
1.706721e+003,6.926809e-002
1.707203e+003,6.788325e-002
1.707685e+003,6.661204e-002
1.708167e+003,6.548763e-002
1.708649e+003,6.451678e-002
1.709132e+003,6.366738e-002
1.709614e+003,6.287571e-002
1.710096e+003,6.207288e-002
1.710578e+003,6.121973e-002
1.711060e+003,6.032552e-002
1.711542e+003,5.944317e-002
1.712024e+003,5.864156e-002
1.712506e+003,5.796949e-002
1.712989e+003,5.742851e-002
1.713471e+003,5.696412e-002
1.713953e+003,5.648396e-002
1.714435e+003,5.589957e-002
1.714917e+003,5.517836e-002
1.715399e+003,5.436763e-002
1.715881e+003,5.357717e-002
1.716364e+003,5.291262e-002
1.716845e+003,5.239893e-002
1.717328e+003,5.194863e-002
1.717810e+003,5.142670e-002
1.718292e+003,5.077602e-002
1.718774e+003,5.006245e-002
1.719256e+003,4.940743e-002
1.719738e+003,4.889766e-002
1.720220e+003,4.855010e-002
1.720703e+003,4.832160e-002
1.721185e+003,4.813464e-002
1.721667e+003,4.790680e-002
1.722149e+003,4.757973e-002
1.722631e+003,4.714373e-002
1.723113e+003,4.664421e-002
1.723595e+003,4.615881e-002
1.724077e+003,4.575389e-002
1.724560e+003,4.544755e-002
1.725042e+003,4.520254e-002
1.725524e+003,4.495409e-002
1.726006e+003,4.464955e-002
1.726488e+003,4.427559e-002
1.726970e+003,4.386159e-002
1.727452e+003,4.346244e-002
1.727934e+003,4.312854e-002
1.728417e+003,4.287652e-002
1.728899e+003,4.267823e-002
1.729381e+003,4.247253e-002
1.729863e+003,4.220343e-002
1.730345e+003,4.185480e-002
1.730827e+003,4.146505e-002
1.731309e+003,4.110480e-002
1.731792e+003,4.083793e-002
1.732273e+003,4.068230e-002
1.732756e+003,4.058382e-002
1.733238e+003,4.041742e-002
1.733720e+003,4.005435e-002
1.734202e+003,3.948570e-002
1.734684e+003,3.886464e-002
1.735166e+003,3.837376e-002
1.735648e+003,3.808627e-002
1.736131e+003,3.796247e-002
1.736613e+003,3.791251e-002
1.737095e+003,3.784708e-002
1.737577e+003,3.769991e-002
1.738059e+003,3.744447e-002
1.738541e+003,3.710450e-002
1.739023e+003,3.674963e-002
1.739505e+003,3.645998e-002
1.739988e+003,3.627287e-002
1.740470e+003,3.615757e-002
1.740952e+003,3.603888e-002
1.741434e+003,3.585227e-002
1.741916e+003,3.557824e-002
1.742398e+003,3.525092e-002
1.742880e+003,3.493675e-002
1.743362e+003,3.469771e-002
1.743844e+003,3.455513e-002
1.744327e+003,3.447703e-002
1.744809e+003,3.439822e-002
1.745291e+003,3.425876e-002
1.745773e+003,3.403671e-002
1.746255e+003,3.375835e-002
1.746737e+003,3.348484e-002
1.747219e+003,3.327967e-002
1.747702e+003,3.317064e-002
1.748184e+003,3.312757e-002
1.748666e+003,3.307401e-002
1.749148e+003,3.293234e-002
1.749630e+003,3.267539e-002
1.750112e+003,3.234831e-002
1.750594e+003,3.204207e-002
1.751076e+003,3.183524e-002
1.751559e+003,3.174107e-002
1.752041e+003,3.170804e-002
1.752523e+003,3.166054e-002
1.753005e+003,3.154809e-002
1.753487e+003,3.136525e-002
1.753969e+003,3.114456e-002
1.754451e+003,3.093599e-002
1.754933e+003,3.078337e-002
1.755416e+003,3.070184e-002
1.755898e+003,3.066744e-002
1.756380e+003,3.062480e-002
1.756862e+003,3.052026e-002
1.757344e+003,3.034054e-002
1.757826e+003,3.012266e-002
1.758308e+003,2.992907e-002
1.758791e+003,2.980965e-002
1.759272e+003,2.977552e-002
1.759755e+003,2.979629e-002
1.760237e+003,2.981270e-002
1.760719e+003,2.976342e-002
1.761201e+003,2.961955e-002
1.761683e+003,2.940767e-002
1.762165e+003,2.919708e-002
1.762647e+003,2.905437e-002
1.763130e+003,2.899684e-002
1.763612e+003,2.899094e-002
1.764094e+003,2.897937e-002
1.764576e+003,2.891722e-002
1.765058e+003,2.879171e-002
1.765540e+003,2.862551e-002
1.766022e+003,2.846515e-002
1.766504e+003,2.835947e-002
1.766987e+003,2.833240e-002
1.767469e+003,2.836443e-002
1.767951e+003,2.839952e-002
1.768433e+003,2.837766e-002
1.768915e+003,2.827277e-002
1.769397e+003,2.810781e-002
1.769879e+003,2.794201e-002
1.770361e+003,2.783970e-002
1.770844e+003,2.783627e-002
1.771326e+003,2.791062e-002
1.771808e+003,2.798268e-002
1.772290e+003,2.796113e-002
1.772772e+003,2.781403e-002
1.773254e+003,2.759545e-002
1.773736e+003,2.739532e-002
1.774219e+003,2.727765e-002
1.774700e+003,2.725108e-002
1.775183e+003,2.727864e-002
1.775665e+003,2.730294e-002
1.776147e+003,2.727792e-002
1.776629e+003,2.718994e-002
1.777111e+003,2.706461e-002
1.777593e+003,2.694971e-002
1.778075e+003,2.688955e-002
1.778558e+003,2.689965e-002
1.779040e+003,2.695687e-002
1.779522e+003,2.700862e-002
1.780004e+003,2.700135e-002
1.780486e+003,2.691372e-002
1.780968e+003,2.677396e-002
1.781450e+003,2.664153e-002
1.781932e+003,2.656961e-002
1.782415e+003,2.657472e-002
1.782897e+003,2.663015e-002
1.783379e+003,2.668396e-002
1.783861e+003,2.668536e-002
1.784343e+003,2.661381e-002
1.784825e+003,2.649145e-002
1.785307e+003,2.637111e-002
1.785789e+003,2.630404e-002
1.786271e+003,2.630753e-002
1.786754e+003,2.635726e-002
1.787236e+003,2.640444e-002
1.787718e+003,2.640408e-002
1.788200e+003,2.633857e-002
1.788682e+003,2.622520e-002
1.789164e+003,2.610817e-002
1.789646e+003,2.603690e-002
1.790128e+003,2.604165e-002
1.790611e+003,2.611130e-002
1.791093e+003,2.619235e-002
1.791575e+003,2.621438e-002
1.792057e+003,2.613927e-002
1.792539e+003,2.599509e-002
1.793021e+003,2.585584e-002
1.793503e+003,2.578644e-002
1.793986e+003,2.580006e-002
1.794468e+003,2.586041e-002
1.794950e+003,2.590941e-002
1.795432e+003,2.590019e-002
1.795914e+003,2.581925e-002
1.796396e+003,2.569287e-002
1.796878e+003,2.557179e-002
1.797360e+003,2.550500e-002
1.797843e+003,2.551208e-002
1.798325e+003,2.557193e-002
1.798807e+003,2.563409e-002
1.799289e+003,2.564552e-002
1.799771e+003,2.558240e-002
1.800253e+003,2.546728e-002
1.800735e+003,2.535823e-002
1.801217e+003,2.531151e-002
1.801699e+003,2.534399e-002
1.802182e+003,2.542356e-002
1.802664e+003,2.549083e-002
1.803146e+003,2.549568e-002
1.803628e+003,2.542365e-002
1.804110e+003,2.530060e-002
1.804592e+003,2.517658e-002
1.805074e+003,2.509752e-002
1.805556e+003,2.508026e-002
1.806039e+003,2.510500e-002
1.806521e+003,2.512715e-002
1.807003e+003,2.510233e-002
1.807485e+003,2.501380e-002
1.807967e+003,2.488257e-002
1.808449e+003,2.475846e-002
1.808931e+003,2.469097e-002
1.809414e+003,2.470021e-002
1.809896e+003,2.476137e-002
1.810378e+003,2.481638e-002
1.810860e+003,2.480763e-002
1.811342e+003,2.471135e-002
1.811824e+003,2.455571e-002
1.812306e+003,2.439908e-002
1.812788e+003,2.429405e-002
1.813271e+003,2.425646e-002
1.813753e+003,2.425900e-002
1.814235e+003,2.425064e-002
1.814717e+003,2.418609e-002
1.815199e+003,2.405174e-002
1.815681e+003,2.387902e-002
1.816163e+003,2.373099e-002
1.816645e+003,2.367285e-002
1.817127e+003,2.373348e-002
1.817610e+003,2.388862e-002
1.818092e+003,2.407287e-002
1.818574e+003,2.421699e-002
1.819056e+003,2.428214e-002
1.819538e+003,2.427894e-002
1.820020e+003,2.425416e-002
1.820502e+003,2.425953e-002
1.820984e+003,2.431908e-002
1.821467e+003,2.441502e-002
1.821949e+003,2.449751e-002
1.822431e+003,2.451433e-002
1.822913e+003,2.443989e-002
1.823395e+003,2.429383e-002
1.823877e+003,2.413620e-002
1.824359e+003,2.403845e-002
1.824842e+003,2.403820e-002
1.825323e+003,2.411438e-002
1.825806e+003,2.420126e-002
1.826288e+003,2.423392e-002
1.826770e+003,2.418609e-002
1.827252e+003,2.408250e-002
1.827734e+003,2.398224e-002
1.828216e+003,2.394773e-002
1.828698e+003,2.400850e-002
1.829181e+003,2.413697e-002
1.829663e+003,2.425414e-002
1.830145e+003,2.427760e-002
1.830627e+003,2.418119e-002
1.831109e+003,2.401314e-002
1.831591e+003,2.385660e-002
1.832073e+003,2.377650e-002
1.832555e+003,2.378826e-002
1.833038e+003,2.385829e-002
1.833520e+003,2.392529e-002
1.834002e+003,2.393152e-002
1.834484e+003,2.385244e-002
1.834966e+003,2.371150e-002
1.835448e+003,2.356807e-002
1.835930e+003,2.348454e-002
1.836412e+003,2.348908e-002
1.836895e+003,2.355893e-002
1.837377e+003,2.363434e-002
1.837859e+003,2.365346e-002
1.838341e+003,2.359247e-002
1.838823e+003,2.347918e-002
1.839305e+003,2.337526e-002
1.839787e+003,2.334047e-002
1.840270e+003,2.339732e-002
1.840751e+003,2.352115e-002
1.841234e+003,2.365184e-002
1.841716e+003,2.372240e-002
1.842198e+003,2.369064e-002
1.842680e+003,2.356767e-002
1.843162e+003,2.341843e-002
1.843644e+003,2.332977e-002
1.844126e+003,2.334997e-002
1.844609e+003,2.344971e-002
1.845091e+003,2.354196e-002
1.845573e+003,2.354944e-002
1.846055e+003,2.345424e-002
1.846537e+003,2.330320e-002
1.847019e+003,2.317472e-002
1.847501e+003,2.313370e-002
1.847983e+003,2.319936e-002
1.848466e+003,2.333321e-002
1.848948e+003,2.346084e-002
1.849430e+003,2.351220e-002
1.849912e+003,2.346052e-002
1.850394e+003,2.333748e-002
1.850876e+003,2.321238e-002
1.851358e+003,2.315428e-002
1.851840e+003,2.319328e-002
1.852323e+003,2.330627e-002
1.852805e+003,2.342900e-002
1.853287e+003,2.349327e-002
1.853769e+003,2.346542e-002
1.854251e+003,2.336709e-002
1.854733e+003,2.325930e-002
1.855215e+003,2.320613e-002
1.855698e+003,2.323766e-002
1.856179e+003,2.333226e-002
1.856662e+003,2.343021e-002
1.857144e+003,2.346949e-002
1.857626e+003,2.342337e-002
1.858108e+003,2.331860e-002
1.858590e+003,2.322077e-002
1.859072e+003,2.319478e-002
1.859554e+003,2.326516e-002
1.860037e+003,2.340193e-002
1.860519e+003,2.353435e-002
1.861001e+003,2.359258e-002
1.861483e+003,2.354763e-002
1.861965e+003,2.342912e-002
1.862447e+003,2.330656e-002
1.862929e+003,2.325033e-002
1.863411e+003,2.329117e-002
1.863894e+003,2.340380e-002
1.864376e+003,2.352196e-002
1.864858e+003,2.357499e-002
1.865340e+003,2.352598e-002
1.865822e+003,2.339651e-002
1.866304e+003,2.325599e-002
1.866786e+003,2.318905e-002
1.867268e+003,2.324502e-002
1.867750e+003,2.340362e-002
1.868233e+003,2.357540e-002
1.868715e+003,2.365614e-002
1.869197e+003,2.359936e-002
1.869679e+003,2.344960e-002
1.870161e+003,2.330539e-002
1.870643e+003,2.324966e-002
1.871125e+003,2.330152e-002
1.871608e+003,2.341819e-002
1.872090e+003,2.352402e-002
1.872572e+003,2.355319e-002
1.873054e+003,2.348394e-002
1.873536e+003,2.335205e-002
1.874018e+003,2.323173e-002
1.874500e+003,2.319572e-002
1.874982e+003,2.327219e-002
1.875465e+003,2.342999e-002
1.875947e+003,2.359277e-002
1.876429e+003,2.368395e-002
1.876911e+003,2.366911e-002
1.877393e+003,2.357587e-002
1.877875e+003,2.347746e-002
1.878357e+003,2.344897e-002
1.878839e+003,2.352245e-002
1.879322e+003,2.366880e-002
1.879804e+003,2.381196e-002
1.880286e+003,2.387619e-002
1.880768e+003,2.382752e-002
1.881250e+003,2.369565e-002
1.881732e+003,2.355610e-002
1.882214e+003,2.348736e-002
1.882697e+003,2.352400e-002
1.883178e+003,2.363959e-002
1.883661e+003,2.376020e-002
1.884143e+003,2.380895e-002
1.884625e+003,2.375237e-002
1.885107e+003,2.362271e-002
1.885589e+003,2.349913e-002
1.886071e+003,2.346141e-002
1.886553e+003,2.354402e-002
1.887036e+003,2.371749e-002
1.887518e+003,2.390208e-002
1.888000e+003,2.400983e-002
1.888482e+003,2.399128e-002
1.888964e+003,2.386769e-002
1.889446e+003,2.372278e-002
1.889928e+003,2.364820e-002
1.890410e+003,2.368279e-002
1.890893e+003,2.378841e-002
1.891375e+003,2.388092e-002
1.891857e+003,2.388352e-002
1.892339e+003,2.377052e-002
1.892821e+003,2.358183e-002
1.893303e+003,2.340374e-002
1.893785e+003,2.332280e-002
1.894267e+003,2.337769e-002
1.894750e+003,2.353524e-002
1.895232e+003,2.370532e-002
1.895714e+003,2.379578e-002
1.896196e+003,2.376807e-002
1.896678e+003,2.366035e-002
1.897160e+003,2.355911e-002
1.897642e+003,2.354678e-002
1.898125e+003,2.364952e-002
1.898606e+003,2.382348e-002
1.899089e+003,2.397657e-002
1.899571e+003,2.401882e-002
1.900053e+003,2.391479e-002
1.900535e+003,2.370581e-002
1.901017e+003,2.348996e-002
1.901499e+003,2.336673e-002
1.901981e+003,2.338076e-002
1.902464e+003,2.349875e-002
1.902946e+003,2.362868e-002
1.903428e+003,2.367374e-002
1.903910e+003,2.358834e-002
1.904392e+003,2.340715e-002
1.904874e+003,2.322435e-002
1.905356e+003,2.313952e-002
1.905838e+003,2.320084e-002
1.906321e+003,2.337816e-002
1.906803e+003,2.357841e-002
1.907285e+003,2.369992e-002
1.907767e+003,2.368685e-002
1.908249e+003,2.356455e-002
1.908731e+003,2.342489e-002
1.909213e+003,2.337088e-002
1.909695e+003,2.345189e-002
1.910177e+003,2.363284e-002
1.910660e+003,2.381756e-002
1.911142e+003,2.390907e-002
1.911624e+003,2.386843e-002
1.912106e+003,2.373603e-002
1.912588e+003,2.360555e-002
1.913070e+003,2.356827e-002
1.913552e+003,2.365626e-002
1.914034e+003,2.382406e-002
1.914517e+003,2.397003e-002
1.914999e+003,2.399090e-002
1.915481e+003,2.383893e-002
1.915963e+003,2.355427e-002
1.916445e+003,2.325284e-002
1.916927e+003,2.307230e-002
1.917409e+003,2.309639e-002
1.917892e+003,2.330300e-002
1.918374e+003,2.357481e-002
1.918856e+003,2.377645e-002
1.919338e+003,2.383588e-002
1.919820e+003,2.377832e-002
1.920302e+003,2.369362e-002
1.920784e+003,2.367646e-002
1.921266e+003,2.376630e-002
1.921749e+003,2.392381e-002
1.922231e+003,2.404603e-002
1.922713e+003,2.402649e-002
1.923195e+003,2.382720e-002
1.923677e+003,2.351594e-002
1.924159e+003,2.322883e-002
1.924641e+003,2.308818e-002
1.925123e+003,2.313423e-002
1.925605e+003,2.330940e-002
1.926088e+003,2.349427e-002
1.926570e+003,2.357422e-002
1.927052e+003,2.350085e-002
1.927534e+003,2.332250e-002
1.928016e+003,2.315835e-002
1.928498e+003,2.312808e-002
1.928980e+003,2.327967e-002
1.929462e+003,2.356201e-002
1.929945e+003,2.384773e-002
1.930427e+003,2.400677e-002
1.930909e+003,2.397780e-002
1.931391e+003,2.380786e-002
1.931873e+003,2.362239e-002
1.932355e+003,2.355097e-002
1.932837e+003,2.364729e-002
1.933320e+003,2.385667e-002
1.933802e+003,2.404472e-002
1.934284e+003,2.407623e-002
1.934766e+003,2.389840e-002
1.935248e+003,2.357931e-002
1.935730e+003,2.327613e-002
1.936212e+003,2.314917e-002
1.936694e+003,2.327097e-002
1.937177e+003,2.358676e-002
1.937659e+003,2.394192e-002
1.938141e+003,2.416694e-002
1.938623e+003,2.416654e-002
1.939105e+003,2.397024e-002
1.939587e+003,2.370971e-002
1.940069e+003,2.354193e-002
1.940551e+003,2.355842e-002
1.941033e+003,2.373512e-002
1.941516e+003,2.393849e-002
1.941998e+003,2.400904e-002
1.942480e+003,2.386417e-002
1.942962e+003,2.357127e-002
1.943444e+003,2.330626e-002
1.943926e+003,2.324517e-002
1.944408e+003,2.344532e-002
1.944890e+003,2.382180e-002
1.945373e+003,2.419529e-002
1.945855e+003,2.439073e-002
1.946337e+003,2.433192e-002
1.946819e+003,2.408776e-002
1.947301e+003,2.383161e-002
1.947783e+003,2.374298e-002
1.948265e+003,2.389726e-002
1.948748e+003,2.422377e-002
1.949229e+003,2.454731e-002
1.949712e+003,2.468673e-002
1.950194e+003,2.455979e-002
1.950676e+003,2.423724e-002
1.951158e+003,2.390834e-002
1.951640e+003,2.376972e-002
1.952122e+003,2.391044e-002
1.952604e+003,2.425994e-002
1.953087e+003,2.462327e-002
1.953569e+003,2.479255e-002
1.954051e+003,2.465835e-002
1.954533e+003,2.427810e-002
1.955015e+003,2.384187e-002
1.955497e+003,2.355852e-002
1.955979e+003,2.352675e-002
1.956461e+003,2.367731e-002
1.956944e+003,2.381751e-002
1.957426e+003,2.374787e-002
1.957908e+003,2.338755e-002
1.958390e+003,2.284523e-002
1.958872e+003,2.237488e-002
1.959354e+003,2.223763e-002
1.959836e+003,2.254204e-002
1.960318e+003,2.317984e-002
1.960801e+003,2.387300e-002
1.961283e+003,2.432135e-002
1.961765e+003,2.436291e-002
1.962247e+003,2.406327e-002
1.962729e+003,2.367038e-002
1.963211e+003,2.346287e-002
1.963693e+003,2.358160e-002
1.964176e+003,2.395686e-002
1.964657e+003,2.435108e-002
1.965140e+003,2.450125e-002
1.965622e+003,2.427089e-002
1.966104e+003,2.375743e-002
1.966586e+003,2.324846e-002
1.967068e+003,2.305754e-002
1.967550e+003,2.331848e-002
1.968032e+003,2.390284e-002
1.968515e+003,2.449385e-002
1.968997e+003,2.477939e-002
1.969479e+003,2.462533e-002
1.969961e+003,2.415331e-002
1.970443e+003,2.367300e-002
1.970925e+003,2.350204e-002
1.971407e+003,2.378384e-002
1.971889e+003,2.440676e-002
1.972372e+003,2.506685e-002
1.972854e+003,2.543847e-002
1.973336e+003,2.535740e-002
1.973818e+003,2.492793e-002
1.974300e+003,2.446615e-002
1.974782e+003,2.432577e-002
1.975264e+003,2.469356e-002
1.975746e+003,2.549816e-002
1.976229e+003,2.646927e-002
1.976711e+003,2.731332e-002
1.977193e+003,2.788224e-002
1.977675e+003,2.826352e-002
1.978157e+003,2.869571e-002
1.978639e+003,2.937222e-002
1.979121e+003,3.028397e-002
1.979604e+003,3.119433e-002
1.980085e+003,3.176780e-002
1.980568e+003,3.175654e-002
1.981050e+003,3.114015e-002
1.981532e+003,3.016269e-002
1.982014e+003,2.921318e-002
1.982496e+003,2.864367e-002
1.982978e+003,2.858767e-002
1.983460e+003,2.892541e-002
1.983943e+003,2.936715e-002
1.984425e+003,2.962536e-002
1.984907e+003,2.956517e-002
1.985389e+003,2.927408e-002
1.985871e+003,2.898901e-002
1.986353e+003,2.894479e-002
1.986835e+003,2.921859e-002
1.987317e+003,2.967700e-002
1.987800e+003,3.004338e-002
1.988282e+003,3.005694e-002
1.988764e+003,2.961928e-002
1.989246e+003,2.886897e-002
1.989728e+003,2.811125e-002
1.990210e+003,2.766196e-002
1.990692e+003,2.767254e-002
1.991174e+003,2.806292e-002
1.991656e+003,2.855841e-002
1.992139e+003,2.885334e-002
1.992621e+003,2.878367e-002
1.993103e+003,2.842122e-002
1.993585e+003,2.800744e-002
1.994067e+003,2.779286e-002
1.994549e+003,2.788667e-002
1.995031e+003,2.820516e-002
1.995514e+003,2.852919e-002
1.995996e+003,2.863820e-002
1.996478e+003,2.843182e-002
1.996960e+003,2.799813e-002
1.997442e+003,2.756275e-002
1.997924e+003,2.735834e-002
1.998406e+003,2.747414e-002
1.998888e+003,2.780603e-002
1.999371e+003,2.810528e-002
1.999853e+003,2.812089e-002
2.000335e+003,2.773924e-002
2.000817e+003,2.706119e-002
2.001299e+003,2.634753e-002
2.001781e+003,2.587857e-002
2.002263e+003,2.579335e-002
2.002745e+003,2.601704e-002
2.003228e+003,2.631463e-002
2.003710e+003,2.643073e-002
2.004192e+003,2.624064e-002
2.004674e+003,2.584268e-002
2.005156e+003,2.550847e-002
2.005638e+003,2.553068e-002
2.006120e+003,2.603780e-002
2.006603e+003,2.691360e-002
2.007084e+003,2.784047e-002
2.007567e+003,2.847859e-002
2.008049e+003,2.864583e-002
2.008531e+003,2.842441e-002
2.009013e+003,2.809817e-002
2.009495e+003,2.797833e-002
2.009977e+003,2.820176e-002
2.010459e+003,2.866617e-002
2.010942e+003,2.908531e-002
2.011424e+003,2.917008e-002
2.011906e+003,2.879206e-002
2.012388e+003,2.808278e-002
2.012870e+003,2.736313e-002
2.013352e+003,2.697420e-002
2.013834e+003,2.707687e-002
2.014316e+003,2.757702e-002
2.014799e+003,2.817757e-002
2.015281e+003,2.854401e-002
2.015763e+003,2.848466e-002
2.016245e+003,2.806238e-002
2.016727e+003,2.755685e-002
2.017209e+003,2.728530e-002
2.017691e+003,2.740667e-002
2.018173e+003,2.782404e-002
2.018656e+003,2.825334e-002
2.019138e+003,2.840050e-002
2.019620e+003,2.813574e-002
2.020102e+003,2.758148e-002
2.020584e+003,2.703919e-002
2.021066e+003,2.681943e-002
2.021548e+003,2.705762e-002
2.022031e+003,2.764356e-002
2.022512e+003,2.828635e-002
2.022995e+003,2.867764e-002
2.023477e+003,2.867416e-002
2.023959e+003,2.838408e-002
2.024441e+003,2.809950e-002
2.024923e+003,2.812150e-002
2.025405e+003,2.857094e-002
2.025887e+003,2.931404e-002
2.026370e+003,3.003442e-002
2.026852e+003,3.040438e-002
2.027334e+003,3.026275e-002
2.027816e+003,2.971624e-002
2.028298e+003,2.906916e-002
2.028780e+003,2.865396e-002
2.029262e+003,2.863076e-002
2.029744e+003,2.891634e-002
2.030227e+003,2.923670e-002
2.030709e+003,2.930826e-002
2.031191e+003,2.900942e-002
2.031673e+003,2.846807e-002
2.032155e+003,2.799783e-002
2.032637e+003,2.791632e-002
2.033119e+003,2.835504e-002
2.033601e+003,2.918897e-002
2.034083e+003,3.010329e-002
2.034566e+003,3.077365e-002
2.035048e+003,3.103442e-002
2.035530e+003,3.096221e-002
2.036012e+003,3.080747e-002
2.036494e+003,3.083531e-002
2.036976e+003,3.115765e-002
2.037458e+003,3.168440e-002
2.037940e+003,3.218937e-002
2.038423e+003,3.245316e-002
2.038905e+003,3.239259e-002
2.039387e+003,3.211937e-002
2.039869e+003,3.186768e-002
2.040351e+003,3.185321e-002
2.040833e+003,3.213373e-002
2.041315e+003,3.257619e-002
2.041798e+003,3.292786e-002
2.042280e+003,3.297285e-002
2.042762e+003,3.265201e-002
2.043244e+003,3.211967e-002
2.043726e+003,3.165323e-002
2.044208e+003,3.150222e-002
2.044690e+003,3.174518e-002
2.045172e+003,3.225749e-002
2.045655e+003,3.277715e-002
2.046137e+003,3.305764e-002
2.046619e+003,3.300504e-002
2.047101e+003,3.273713e-002
2.047583e+003,3.251835e-002
2.048065e+003,3.260823e-002
2.048547e+003,3.310814e-002
2.049029e+003,3.390417e-002
2.049511e+003,3.472210e-002
2.049994e+003,3.527144e-002
2.050476e+003,3.538534e-002
2.050958e+003,3.508747e-002
2.051440e+003,3.455443e-002
2.051922e+003,3.400819e-002
2.052404e+003,3.360813e-002
2.052886e+003,3.339829e-002
2.053368e+003,3.331248e-002
2.053851e+003,3.324471e-002
2.054333e+003,3.312380e-002
2.054815e+003,3.296228e-002
2.055297e+003,3.284248e-002
2.055779e+003,3.285421e-002
2.056261e+003,3.302579e-002
2.056743e+003,3.330002e-002
2.057226e+003,3.355770e-002
2.057708e+003,3.368336e-002
2.058190e+003,3.362964e-002
2.058672e+003,3.344809e-002
2.059154e+003,3.325825e-002
2.059636e+003,3.318042e-002
2.060118e+003,3.326278e-002
2.060600e+003,3.346056e-002
2.061083e+003,3.366039e-002
2.061565e+003,3.375054e-002
2.062047e+003,3.368707e-002
2.062529e+003,3.352259e-002
2.063011e+003,3.337475e-002
2.063493e+003,3.335778e-002
2.063975e+003,3.351316e-002
2.064457e+003,3.378135e-002
2.064939e+003,3.403524e-002
2.065422e+003,3.415053e-002
2.065904e+003,3.407773e-002
2.066386e+003,3.387619e-002
2.066868e+003,3.367566e-002
2.067350e+003,3.360700e-002
2.067832e+003,3.372602e-002
2.068314e+003,3.399299e-002
2.068796e+003,3.429363e-002
2.069279e+003,3.450822e-002
2.069761e+003,3.457391e-002
2.070243e+003,3.452151e-002
2.070725e+003,3.444800e-002
2.071207e+003,3.445801e-002
2.071689e+003,3.459757e-002
2.072171e+003,3.483090e-002
2.072654e+003,3.505825e-002
2.073135e+003,3.517984e-002
2.073618e+003,3.515058e-002
2.074100e+003,3.501442e-002
2.074582e+003,3.487607e-002
2.075064e+003,3.484529e-002
2.075546e+003,3.497313e-002
2.076028e+003,3.522685e-002
2.076510e+003,3.551216e-002
2.076993e+003,3.572366e-002
2.077475e+003,3.580507e-002
2.077957e+003,3.577491e-002
2.078439e+003,3.571077e-002
2.078921e+003,3.569663e-002
2.079403e+003,3.577042e-002
2.079885e+003,3.590412e-002
2.080367e+003,3.601947e-002
2.080850e+003,3.603737e-002
2.081332e+003,3.592515e-002
2.081814e+003,3.572161e-002
2.082296e+003,3.551351e-002
2.082778e+003,3.538731e-002
2.083260e+003,3.538049e-002
2.083742e+003,3.546228e-002
2.084224e+003,3.555265e-002
2.084707e+003,3.556842e-002
2.085189e+003,3.547202e-002
2.085671e+003,3.529331e-002
2.086153e+003,3.511060e-002
2.086635e+003,3.500575e-002
2.087117e+003,3.501362e-002
2.087599e+003,3.510655e-002
2.088082e+003,3.520931e-002
2.088563e+003,3.524391e-002
2.089046e+003,3.517181e-002
2.089528e+003,3.501989e-002
2.090010e+003,3.485956e-002
2.090492e+003,3.476252e-002
2.090974e+003,3.475592e-002
2.091456e+003,3.480750e-002
2.091938e+003,3.484260e-002
2.092421e+003,3.479105e-002
2.092903e+003,3.463387e-002
2.093385e+003,3.442051e-002
2.093867e+003,3.424984e-002
2.094349e+003,3.421766e-002
2.094831e+003,3.436363e-002
2.095313e+003,3.464852e-002
2.095795e+003,3.497178e-002
2.096278e+003,3.522484e-002
2.096760e+003,3.534517e-002
2.097242e+003,3.534766e-002
2.097724e+003,3.530709e-002
2.098206e+003,3.531050e-002
2.098688e+003,3.540385e-002
2.099170e+003,3.556948e-002
2.099652e+003,3.573927e-002
2.100135e+003,3.583692e-002
2.100617e+003,3.582756e-002
2.101099e+003,3.573978e-002
2.101581e+003,3.564965e-002
2.102063e+003,3.563566e-002
2.102545e+003,3.573316e-002
2.103027e+003,3.591448e-002
2.103510e+003,3.610374e-002
2.103991e+003,3.622190e-002
2.104474e+003,3.622948e-002
2.104956e+003,3.615157e-002
2.105438e+003,3.605847e-002
2.105920e+003,3.602397e-002
2.106402e+003,3.607949e-002
2.106884e+003,3.619849e-002
2.107366e+003,3.631030e-002
2.107849e+003,3.634433e-002
2.108331e+003,3.627305e-002
2.108813e+003,3.613226e-002
2.109295e+003,3.600080e-002
2.109777e+003,3.595668e-002
2.110259e+003,3.603100e-002
2.110741e+003,3.619011e-002
2.111223e+003,3.635412e-002
2.111706e+003,3.643857e-002
2.112188e+003,3.640226e-002
2.112670e+003,3.626899e-002
2.113152e+003,3.611127e-002
2.113634e+003,3.600610e-002
2.114116e+003,3.598918e-002
2.114598e+003,3.603906e-002
2.115080e+003,3.608679e-002
2.115563e+003,3.605776e-002
2.116045e+003,3.591519e-002
2.116527e+003,3.568356e-002
2.117009e+003,3.543088e-002
2.117491e+003,3.523102e-002
2.117973e+003,3.511917e-002
2.118455e+003,3.507495e-002
2.118938e+003,3.503385e-002
2.119420e+003,3.492802e-002
2.119902e+003,3.472807e-002
2.120384e+003,3.446431e-002
2.120866e+003,3.421145e-002
2.121348e+003,3.404607e-002
2.121830e+003,3.399836e-002
2.122312e+003,3.403760e-002
2.122794e+003,3.408065e-002
2.123277e+003,3.403956e-002
2.123759e+003,3.386704e-002
2.124241e+003,3.358540e-002
2.124723e+003,3.327154e-002
2.125205e+003,3.301406e-002
2.125687e+003,3.286177e-002
2.126169e+003,3.279718e-002
2.126651e+003,3.274533e-002
2.127134e+003,3.261920e-002
2.127616e+003,3.236504e-002
2.128098e+003,3.199920e-002
2.128580e+003,3.159366e-002
2.129062e+003,3.123773e-002
2.129544e+003,3.098005e-002
2.130026e+003,3.080850e-002
2.130509e+003,3.065113e-002
2.130990e+003,3.042440e-002
2.131473e+003,3.008619e-002
2.131955e+003,2.967116e-002
2.132437e+003,2.927699e-002
2.132919e+003,2.901988e-002
2.133401e+003,2.896591e-002
2.133883e+003,2.910034e-002
2.134365e+003,2.933171e-002
2.134848e+003,2.954607e-002
2.135330e+003,2.966802e-002
2.135812e+003,2.970621e-002
2.136294e+003,2.973915e-002
2.136776e+003,2.985677e-002
2.137258e+003,3.009405e-002
2.137740e+003,3.040021e-002
2.138222e+003,3.065607e-002
2.138705e+003,3.073880e-002
2.139187e+003,3.059554e-002
2.139669e+003,3.027989e-002
2.140151e+003,2.993147e-002
2.140633e+003,2.969967e-002
2.141115e+003,2.966329e-002
2.141597e+003,2.978961e-002
2.142079e+003,2.995096e-002
2.142562e+003,3.000147e-002
2.143044e+003,2.985768e-002
2.143526e+003,2.955385e-002
2.144008e+003,2.921965e-002
2.144490e+003,2.900965e-002
2.144972e+003,2.900672e-002
2.145454e+003,2.918317e-002
2.145937e+003,2.941147e-002
2.146418e+003,2.954103e-002
2.146901e+003,2.949201e-002
2.147383e+003,2.930214e-002
2.147865e+003,2.910193e-002
2.148347e+003,2.902695e-002
2.148829e+003,2.912447e-002
2.149311e+003,2.930839e-002
2.149793e+003,2.939354e-002
2.150276e+003,2.919244e-002
2.150758e+003,2.862103e-002
2.151240e+003,2.776220e-002
2.151722e+003,2.682967e-002
2.152204e+003,2.606388e-002
2.152686e+003,2.559721e-002
2.153168e+003,2.539817e-002
2.153650e+003,2.527790e-002
2.154133e+003,2.500678e-002
2.154615e+003,2.444230e-002
2.155097e+003,2.362266e-002
2.155579e+003,2.275494e-002
2.156061e+003,2.212562e-002
2.156543e+003,2.195075e-002
2.157025e+003,2.229543e-002
2.157507e+003,2.306224e-002
2.157990e+003,2.408587e-002
2.158472e+003,2.525183e-002
2.158954e+003,2.657066e-002
2.159436e+003,2.812938e-002
2.159918e+003,2.996036e-002
2.160400e+003,3.193264e-002
2.160882e+003,3.375560e-002
2.161365e+003,3.509739e-002
2.161846e+003,3.573601e-002
2.162329e+003,3.566806e-002
2.162811e+003,3.513025e-002
2.163293e+003,3.449220e-002
2.163775e+003,3.408243e-002
2.164257e+003,3.405448e-002
2.164739e+003,3.433863e-002
2.165221e+003,3.470962e-002
2.165704e+003,3.492690e-002
2.166186e+003,3.486488e-002
2.166668e+003,3.457095e-002
2.167150e+003,3.421542e-002
2.167632e+003,3.397853e-002
2.168114e+003,3.393262e-002
2.168596e+003,3.401347e-002
2.169078e+003,3.406060e-002
2.169561e+003,3.391680e-002
2.170043e+003,3.352870e-002
2.170525e+003,3.297956e-002
2.171007e+003,3.244501e-002
2.171489e+003,3.208880e-002
2.171971e+003,3.197077e-002
2.172453e+003,3.201874e-002
2.172935e+003,3.207449e-002
2.173417e+003,3.199891e-002
2.173900e+003,3.175977e-002
2.174382e+003,3.147337e-002
2.174864e+003,3.133909e-002
2.175346e+003,3.152637e-002
2.175828e+003,3.205909e-002
2.176310e+003,3.279590e-002
2.176792e+003,3.348196e-002
2.177274e+003,3.387340e-002
2.177757e+003,3.385622e-002
2.178239e+003,3.350031e-002
2.178721e+003,3.301162e-002
2.179203e+003,3.262191e-002
2.179685e+003,3.247073e-002
2.180167e+003,3.255409e-002
2.180649e+003,3.274737e-002
2.181132e+003,3.289818e-002
2.181614e+003,3.293472e-002
2.182096e+003,3.290689e-002
2.182578e+003,3.296290e-002
2.183060e+003,3.324831e-002
2.183542e+003,3.380641e-002
2.184024e+003,3.455095e-002
2.184506e+003,3.529669e-002
2.184989e+003,3.585829e-002
2.185471e+003,3.614179e-002
2.185953e+003,3.618196e-002
2.186435e+003,3.610912e-002
2.186917e+003,3.606093e-002
2.187399e+003,3.609771e-002
2.187881e+003,3.617359e-002
2.188363e+003,3.616875e-002
2.188845e+003,3.597695e-002
2.189328e+003,3.558016e-002
2.189810e+003,3.508278e-002
2.190292e+003,3.466086e-002
2.190774e+003,3.447835e-002
2.191256e+003,3.459330e-002
2.191738e+003,3.493444e-002
2.192220e+003,3.533811e-002
2.192702e+003,3.563418e-002
2.193185e+003,3.573254e-002
2.193667e+003,3.566215e-002
2.194149e+003,3.553882e-002
2.194631e+003,3.548700e-002
2.195113e+003,3.556026e-002
2.195595e+003,3.571283e-002
2.196077e+003,3.582788e-002
2.196560e+003,3.579289e-002
2.197042e+003,3.556905e-002
2.197524e+003,3.522851e-002
2.198006e+003,3.491490e-002
2.198488e+003,3.476639e-002
2.198970e+003,3.483961e-002
2.199452e+003,3.508227e-002
2.199934e+003,3.536192e-002
2.200417e+003,3.554242e-002
2.200899e+003,3.555603e-002
2.201381e+003,3.543687e-002
2.201863e+003,3.529314e-002
2.202345e+003,3.523258e-002
2.202827e+003,3.529649e-002
2.203309e+003,3.542898e-002
2.203791e+003,3.551183e-002
2.204273e+003,3.543364e-002
2.204756e+003,3.515996e-002
2.205238e+003,3.476356e-002
2.205720e+003,3.439041e-002
2.206202e+003,3.418238e-002
2.206684e+003,3.419887e-002
2.207166e+003,3.439273e-002
2.207648e+003,3.463365e-002
2.208130e+003,3.478026e-002
2.208613e+003,3.475742e-002
2.209095e+003,3.459410e-002
2.209577e+003,3.439895e-002
2.210059e+003,3.429496e-002
2.210541e+003,3.434692e-002
2.211023e+003,3.453005e-002
2.211505e+003,3.474520e-002
2.211988e+003,3.488403e-002
2.212469e+003,3.488965e-002
2.212952e+003,3.479294e-002
2.213434e+003,3.469193e-002
2.213916e+003,3.468892e-002
2.214398e+003,3.482861e-002
2.214880e+003,3.507258e-002
2.215362e+003,3.531540e-002
2.215844e+003,3.544648e-002
2.216327e+003,3.541466e-002
2.216809e+003,3.525594e-002
2.217291e+003,3.507913e-002
2.217773e+003,3.499973e-002
2.218255e+003,3.508082e-002
2.218737e+003,3.529691e-002
2.219219e+003,3.555479e-002
2.219701e+003,3.574239e-002
2.220184e+003,3.579169e-002
2.220666e+003,3.571165e-002
2.221148e+003,3.557393e-002
2.221630e+003,3.546472e-002
2.222112e+003,3.543209e-002
2.222594e+003,3.545988e-002
2.223076e+003,3.548239e-002
2.223558e+003,3.542986e-002
2.224041e+003,3.527739e-002
2.224523e+003,3.506964e-002
2.225005e+003,3.489836e-002
2.225487e+003,3.484874e-002
2.225969e+003,3.495425e-002
2.226451e+003,3.517218e-002
2.226933e+003,3.540748e-002
2.227416e+003,3.556259e-002
2.227897e+003,3.559150e-002
2.228380e+003,3.552337e-002
2.228862e+003,3.544342e-002
2.229344e+003,3.544358e-002
2.229826e+003,3.556644e-002
2.230308e+003,3.578551e-002
2.230790e+003,3.602076e-002
2.231272e+003,3.618325e-002
2.231755e+003,3.622745e-002
2.232237e+003,3.617762e-002
2.232719e+003,3.610902e-002
2.233201e+003,3.610361e-002
2.233683e+003,3.620021e-002
2.234165e+003,3.637555e-002
2.234647e+003,3.655592e-002
2.235129e+003,3.666078e-002
2.235612e+003,3.665146e-002
2.236094e+003,3.655535e-002
2.236576e+003,3.644919e-002
2.237058e+003,3.641473e-002
2.237540e+003,3.649208e-002
2.238022e+003,3.665918e-002
2.238504e+003,3.684270e-002
2.238986e+003,3.695712e-002
2.239469e+003,3.695383e-002
2.239951e+003,3.684423e-002
2.240433e+003,3.669096e-002
2.240915e+003,3.656832e-002
2.241397e+003,3.652121e-002
2.241879e+003,3.654403e-002
2.242361e+003,3.658776e-002
2.242844e+003,3.659516e-002
2.243326e+003,3.653913e-002
2.243808e+003,3.644263e-002
2.244290e+003,3.636547e-002
2.244772e+003,3.636912e-002
2.245254e+003,3.647940e-002
2.245736e+003,3.666778e-002
2.246218e+003,3.686415e-002
2.246700e+003,3.699113e-002
2.247183e+003,3.700456e-002
2.247665e+003,3.691364e-002
2.248147e+003,3.676995e-002
2.248629e+003,3.663782e-002
2.249111e+003,3.655437e-002
2.249593e+003,3.651369e-002
2.250075e+003,3.647462e-002
2.250557e+003,3.639032e-002
2.251040e+003,3.624330e-002
2.251522e+003,3.606272e-002
2.252004e+003,3.591197e-002
2.252486e+003,3.585787e-002
2.252968e+003,3.593238e-002
2.253450e+003,3.612018e-002
2.253932e+003,3.636397e-002
2.254415e+003,3.659660e-002
2.254896e+003,3.677468e-002
2.255379e+003,3.689754e-002
2.255861e+003,3.699834e-002
2.256343e+003,3.711602e-002
2.256825e+003,3.726494e-002
2.257307e+003,3.742347e-002
2.257789e+003,3.754449e-002
2.258271e+003,3.758197e-002
2.258754e+003,3.752326e-002
2.259236e+003,3.740008e-002
2.259718e+003,3.727552e-002
2.260200e+003,3.721339e-002
2.260682e+003,3.724304e-002
2.261164e+003,3.734872e-002
2.261646e+003,3.747805e-002
2.262128e+003,3.757046e-002
2.262611e+003,3.759209e-002
2.263093e+003,3.755149e-002
2.263575e+003,3.749435e-002
2.264057e+003,3.747350e-002
2.264539e+003,3.752170e-002
2.265021e+003,3.763315e-002
2.265503e+003,3.777049e-002
2.265985e+003,3.788636e-002
2.266468e+003,3.795248e-002
2.266950e+003,3.797531e-002
2.267432e+003,3.798861e-002
2.267914e+003,3.803137e-002
2.268396e+003,3.812242e-002
2.268878e+003,3.824970e-002
2.269360e+003,3.837775e-002
2.269843e+003,3.846652e-002
2.270324e+003,3.849824e-002
2.270807e+003,3.848857e-002
2.271289e+003,3.847609e-002
2.271771e+003,3.850187e-002
2.272253e+003,3.858496e-002
2.272735e+003,3.871328e-002
2.273217e+003,3.885130e-002
2.273699e+003,3.896000e-002
2.274182e+003,3.902015e-002
2.274664e+003,3.904191e-002
2.275146e+003,3.905803e-002
2.275628e+003,3.910145e-002
2.276110e+003,3.918632e-002
2.276592e+003,3.930034e-002
2.277074e+003,3.941254e-002
2.277556e+003,3.949171e-002
2.278039e+003,3.953008e-002
2.278521e+003,3.954552e-002
2.279003e+003,3.957747e-002
2.279485e+003,3.966084e-002
2.279967e+003,3.980928e-002
2.280449e+003,4.000650e-002
2.280931e+003,4.021620e-002
2.281413e+003,4.039972e-002
2.281896e+003,4.053900e-002
2.282378e+003,4.064171e-002
2.282860e+003,4.073588e-002
2.283342e+003,4.084902e-002
2.283824e+003,4.099045e-002
2.284306e+003,4.114424e-002
2.284788e+003,4.127738e-002
2.285271e+003,4.135698e-002
2.285752e+003,4.136728e-002
2.286235e+003,4.132160e-002
2.286717e+003,4.125236e-002
2.287199e+003,4.119335e-002
2.287681e+003,4.116451e-002
2.288163e+003,4.116188e-002
2.288645e+003,4.116296e-002
2.289127e+003,4.114144e-002
2.289610e+003,4.108258e-002
2.290092e+003,4.099311e-002
2.290574e+003,4.089481e-002
2.291056e+003,4.081301e-002
2.291538e+003,4.075958e-002
2.292020e+003,4.072923e-002
2.292502e+003,4.070235e-002
2.292984e+003,4.065827e-002
2.293467e+003,4.058869e-002
2.293949e+003,4.050374e-002
2.294431e+003,4.042777e-002
2.294913e+003,4.038329e-002
2.295395e+003,4.038029e-002
2.295877e+003,4.040929e-002
2.296359e+003,4.044662e-002
2.296841e+003,4.046676e-002
2.297323e+003,4.045701e-002
2.297806e+003,4.042412e-002
2.298288e+003,4.038970e-002
2.298770e+003,4.037605e-002
2.299252e+003,4.039348e-002
2.299734e+003,4.043544e-002
2.300216e+003,4.048137e-002
2.300698e+003,4.050811e-002
2.301180e+003,4.050494e-002
2.301663e+003,4.047824e-002
2.302145e+003,4.044787e-002
2.302627e+003,4.043529e-002
2.303109e+003,4.044979e-002
2.303591e+003,4.048449e-002
2.304073e+003,4.052007e-002
2.304555e+003,4.053571e-002
2.305038e+003,4.052344e-002
2.305520e+003,4.049253e-002
2.306002e+003,4.046583e-002
2.306484e+003,4.046642e-002
2.306966e+003,4.050433e-002
2.307448e+003,4.057091e-002
2.307930e+003,4.064325e-002
2.308412e+003,4.069555e-002
2.308895e+003,4.071489e-002
2.309377e+003,4.070745e-002
2.309859e+003,4.069507e-002
2.310341e+003,4.070276e-002
2.310823e+003,4.074435e-002
2.311305e+003,4.081570e-002
2.311787e+003,4.089760e-002
2.312269e+003,4.096758e-002
2.312751e+003,4.101412e-002
2.313234e+003,4.104336e-002
2.313716e+003,4.107523e-002
2.314198e+003,4.113131e-002
2.314680e+003,4.122034e-002
2.315162e+003,4.133474e-002
2.315644e+003,4.145258e-002
2.316126e+003,4.155014e-002
2.316608e+003,4.161702e-002
2.317091e+003,4.166137e-002
2.317573e+003,4.170694e-002
2.318055e+003,4.178111e-002
2.318537e+003,4.190063e-002
2.319019e+003,4.206547e-002
2.319501e+003,4.226262e-002
2.319983e+003,4.247770e-002
2.320466e+003,4.270797e-002
2.320948e+003,4.296552e-002
2.321430e+003,4.326866e-002
2.321912e+003,4.362239e-002
2.322394e+003,4.400203e-002
2.322876e+003,4.434985e-002
2.323358e+003,4.458835e-002
2.323840e+003,4.464660e-002
2.324323e+003,4.448603e-002
2.324805e+003,4.411465e-002
2.325287e+003,4.358242e-002
2.325769e+003,4.296196e-002
2.326251e+003,4.232742e-002
2.326733e+003,4.173592e-002
2.327215e+003,4.122018e-002
2.327697e+003,4.079154e-002
2.328179e+003,4.044826e-002
2.328662e+003,4.018724e-002
2.329144e+003,4.000646e-002
2.329626e+003,3.990345e-002
2.330108e+003,3.986681e-002
2.330590e+003,3.987498e-002
2.331072e+003,3.989842e-002
2.331554e+003,3.990699e-002
2.332036e+003,3.988599e-002
2.332519e+003,3.983884e-002
2.333001e+003,3.978646e-002
2.333483e+003,3.975295e-002
2.333965e+003,3.975319e-002
2.334447e+003,3.978547e-002
2.334929e+003,3.983190e-002
2.335411e+003,3.986854e-002
2.335894e+003,3.987814e-002
2.336375e+003,3.985956e-002
2.336858e+003,3.982783e-002
2.337340e+003,3.980295e-002
2.337822e+003,3.979908e-002
2.338304e+003,3.981591e-002
2.338786e+003,3.983894e-002
2.339268e+003,3.984877e-002
2.339750e+003,3.983424e-002
2.340233e+003,3.979979e-002
2.340715e+003,3.976444e-002
2.341197e+003,3.974956e-002
2.341679e+003,3.976880e-002
2.342161e+003,3.981920e-002
2.342643e+003,3.988430e-002
2.343125e+003,3.994353e-002
2.343607e+003,3.998511e-002
2.344090e+003,4.001119e-002
2.344572e+003,4.003631e-002
2.345054e+003,4.007460e-002
2.345536e+003,4.013013e-002
2.346018e+003,4.019296e-002
2.346500e+003,4.024458e-002
2.346982e+003,4.026959e-002
2.347464e+003,4.026394e-002
2.347947e+003,4.023547e-002
2.348429e+003,4.020019e-002
2.348911e+003,4.017346e-002
2.349393e+003,4.016366e-002
2.349875e+003,4.016906e-002
2.350357e+003,4.017908e-002
2.350839e+003,4.018004e-002
2.351322e+003,4.016170e-002
2.351803e+003,4.012706e-002
2.352286e+003,4.008989e-002
2.352768e+003,4.006786e-002
2.353250e+003,4.006983e-002
2.353732e+003,4.008825e-002
2.354214e+003,4.010069e-002
2.354696e+003,4.008131e-002
2.355178e+003,4.001803e-002
2.355661e+003,3.992354e-002
2.356143e+003,3.982976e-002
2.356625e+003,3.977370e-002
2.357107e+003,3.977356e-002
2.357589e+003,3.982067e-002
2.358071e+003,3.987885e-002
2.358553e+003,3.990350e-002
2.359035e+003,3.986502e-002
2.359518e+003,3.976392e-002
2.360000e+003,3.963134e-002
2.360482e+003,3.950718e-002
2.360964e+003,3.942013e-002
2.361446e+003,3.937427e-002
2.361928e+003,3.934856e-002
2.362410e+003,3.931153e-002
2.362892e+003,3.924342e-002
2.363375e+003,3.914680e-002
2.363857e+003,3.904722e-002
2.364339e+003,3.897512e-002
2.364821e+003,3.895018e-002
2.365303e+003,3.897066e-002
2.365785e+003,3.901695e-002
2.366267e+003,3.906472e-002
2.366750e+003,3.910152e-002
2.367232e+003,3.913189e-002
2.367714e+003,3.917597e-002
2.368196e+003,3.925267e-002
2.368678e+003,3.936682e-002
2.369160e+003,3.950518e-002
2.369642e+003,3.964157e-002
2.370124e+003,3.974986e-002
2.370606e+003,3.981901e-002
2.371089e+003,3.985659e-002
2.371571e+003,3.988446e-002
2.372053e+003,3.992353e-002
2.372535e+003,3.998371e-002
2.373017e+003,4.005894e-002
2.373499e+003,4.013200e-002
2.373981e+003,4.018661e-002
2.374463e+003,4.021710e-002
2.374946e+003,4.023328e-002
2.375428e+003,4.025447e-002
2.375910e+003,4.029742e-002
2.376392e+003,4.036824e-002
2.376874e+003,4.045857e-002
2.377356e+003,4.055018e-002
2.377838e+003,4.062486e-002
2.378321e+003,4.067457e-002
2.378802e+003,4.070340e-002
2.379285e+003,4.072641e-002
2.379767e+003,4.075885e-002
2.380249e+003,4.080814e-002
2.380731e+003,4.087113e-002
2.381213e+003,4.093605e-002
2.381695e+003,4.098991e-002
2.382177e+003,4.102686e-002
2.382660e+003,4.105053e-002
2.383142e+003,4.107239e-002
2.383624e+003,4.110371e-002
2.384106e+003,4.114966e-002
2.384588e+003,4.120567e-002
2.385070e+003,4.125998e-002
2.385552e+003,4.130031e-002
2.386034e+003,4.132150e-002
2.386517e+003,4.132836e-002
2.386999e+003,4.133408e-002
2.387481e+003,4.135215e-002
2.387963e+003,4.138947e-002
2.388445e+003,4.144157e-002
2.388927e+003,4.149698e-002
2.389409e+003,4.154160e-002
2.389891e+003,4.156804e-002
2.390374e+003,4.158005e-002
2.390856e+003,4.159058e-002
2.391338e+003,4.161349e-002
2.391820e+003,4.165652e-002
2.392302e+003,4.171740e-002
2.392784e+003,4.178465e-002
2.393266e+003,4.184508e-002
2.393749e+003,4.189067e-002
2.394230e+003,4.192413e-002
2.394713e+003,4.195653e-002
2.395195e+003,4.199878e-002
2.395677e+003,4.205525e-002
2.396159e+003,4.212034e-002
2.396641e+003,4.218000e-002
2.397123e+003,4.222025e-002
2.397605e+003,4.223511e-002
2.398088e+003,4.223111e-002
2.398570e+003,4.222429e-002
2.399052e+003,4.223211e-002
2.399534e+003,4.226362e-002
2.400016e+003,4.231459e-002
2.400498e+003,4.237064e-002
2.400980e+003,4.241445e-002
2.401462e+003,4.243614e-002
2.401945e+003,4.243886e-002
2.402427e+003,4.243743e-002
2.402909e+003,4.244917e-002
2.403391e+003,4.248506e-002
2.403873e+003,4.254486e-002
2.404355e+003,4.261721e-002
2.404837e+003,4.268776e-002
2.405319e+003,4.274945e-002
2.405802e+003,4.280643e-002
2.406284e+003,4.287424e-002
2.406766e+003,4.296891e-002
2.407248e+003,4.309862e-002
2.407730e+003,4.325673e-002
2.408212e+003,4.342432e-002
2.408694e+003,4.357747e-002
2.409177e+003,4.369804e-002
2.409658e+003,4.378179e-002
2.410141e+003,4.383776e-002
2.410623e+003,4.388052e-002
2.411105e+003,4.392220e-002
2.411587e+003,4.396556e-002
2.412069e+003,4.400394e-002
2.412551e+003,4.402691e-002
2.413033e+003,4.402887e-002
2.413516e+003,4.401499e-002
2.413998e+003,4.399850e-002
2.414480e+003,4.399594e-002
2.414962e+003,4.401558e-002
2.415444e+003,4.405549e-002
2.415926e+003,4.410353e-002
2.416408e+003,4.414472e-002
2.416890e+003,4.416999e-002
2.417373e+003,4.418289e-002
2.417855e+003,4.419647e-002
2.418337e+003,4.422593e-002
2.418819e+003,4.428038e-002
2.419301e+003,4.435619e-002
2.419783e+003,4.444030e-002
2.420265e+003,4.451625e-002
2.420747e+003,4.457349e-002
2.421229e+003,4.461492e-002
2.421712e+003,4.465302e-002
2.422194e+003,4.470345e-002
2.422676e+003,4.477483e-002
2.423158e+003,4.486450e-002
2.423640e+003,4.495959e-002
2.424122e+003,4.504389e-002
2.424604e+003,4.510811e-002
2.425086e+003,4.515625e-002
2.425569e+003,4.520248e-002
2.426051e+003,4.526432e-002
2.426533e+003,4.535204e-002
2.427015e+003,4.546332e-002
2.427497e+003,4.558371e-002
2.427979e+003,4.569408e-002
2.428461e+003,4.578088e-002
2.428944e+003,4.584249e-002
2.429426e+003,4.588842e-002
2.429908e+003,4.593235e-002
2.430390e+003,4.598301e-002
2.430872e+003,4.604008e-002
2.431354e+003,4.609356e-002
2.431836e+003,4.613150e-002
2.432318e+003,4.614898e-002
2.432801e+003,4.615223e-002
2.433283e+003,4.615750e-002
2.433765e+003,4.618315e-002
2.434247e+003,4.623890e-002
2.434729e+003,4.632257e-002
2.435211e+003,4.641959e-002
2.435693e+003,4.651193e-002
2.436175e+003,4.658777e-002
2.436657e+003,4.664761e-002
2.437140e+003,4.670284e-002
2.437622e+003,4.676804e-002
2.438104e+003,4.685244e-002
2.438586e+003,4.695351e-002
2.439068e+003,4.705843e-002
2.439550e+003,4.715148e-002
2.440032e+003,4.722343e-002
2.440514e+003,4.727707e-002
2.440997e+003,4.732616e-002
2.441479e+003,4.738694e-002
2.441961e+003,4.746974e-002
2.442443e+003,4.757271e-002
2.442925e+003,4.768294e-002
2.443407e+003,4.778313e-002
2.443889e+003,4.786236e-002
2.444372e+003,4.791976e-002
2.444854e+003,4.796607e-002
2.445336e+003,4.801581e-002
2.445818e+003,4.807818e-002
2.446300e+003,4.815305e-002
2.446782e+003,4.823142e-002
2.447264e+003,4.830118e-002
2.447746e+003,4.835669e-002
2.448229e+003,4.840145e-002
2.448711e+003,4.844816e-002
2.449193e+003,4.850977e-002
2.449675e+003,4.859213e-002
2.450157e+003,4.868915e-002
2.450639e+003,4.878620e-002
2.451121e+003,4.886662e-002
2.451604e+003,4.892200e-002
2.452085e+003,4.895620e-002
2.452568e+003,4.898402e-002
2.453050e+003,4.902225e-002
2.453532e+003,4.908041e-002
2.454014e+003,4.915528e-002
2.454496e+003,4.923418e-002
2.454978e+003,4.930007e-002
2.455460e+003,4.934299e-002
2.455943e+003,4.936520e-002
2.456425e+003,4.937959e-002
2.456907e+003,4.940189e-002
2.457389e+003,4.944211e-002
2.457871e+003,4.950010e-002
2.458353e+003,4.956535e-002
2.458835e+003,4.962458e-002
2.459317e+003,4.967025e-002
2.459800e+003,4.970483e-002
2.460282e+003,4.974036e-002
2.460764e+003,4.978940e-002
2.461246e+003,4.985742e-002
2.461728e+003,4.993839e-002
2.462210e+003,5.001682e-002
2.462692e+003,5.007492e-002
2.463174e+003,5.010388e-002
2.463656e+003,5.010710e-002
2.464139e+003,5.010160e-002
2.464621e+003,5.010669e-002
2.465103e+003,5.013525e-002
2.465585e+003,5.018888e-002
2.466067e+003,5.025658e-002
2.466549e+003,5.032320e-002
2.467031e+003,5.037758e-002
2.467513e+003,5.041940e-002
2.467996e+003,5.045924e-002
2.468478e+003,5.050940e-002
2.468960e+003,5.057930e-002
2.469442e+003,5.066697e-002
2.469924e+003,5.076172e-002
2.470406e+003,5.084956e-002
2.470888e+003,5.092300e-002
2.471371e+003,5.098421e-002
2.471853e+003,5.104619e-002
2.472335e+003,5.112118e-002
2.472817e+003,5.121718e-002
2.473299e+003,5.132851e-002
2.473781e+003,5.144032e-002
2.474263e+003,5.153411e-002
2.474745e+003,5.159843e-002
2.475228e+003,5.163542e-002
2.475710e+003,5.165838e-002
2.476192e+003,5.168653e-002
2.476674e+003,5.173353e-002
2.477156e+003,5.180328e-002
2.477638e+003,5.188823e-002
2.478120e+003,5.197545e-002
2.478602e+003,5.205521e-002
2.479084e+003,5.212637e-002
2.479567e+003,5.219661e-002
2.480049e+003,5.227526e-002
2.480531e+003,5.236686e-002
2.481013e+003,5.246741e-002
2.481495e+003,5.256427e-002
2.481977e+003,5.264495e-002
2.482459e+003,5.270277e-002
2.482941e+003,5.274410e-002
2.483424e+003,5.278398e-002
2.483906e+003,5.283961e-002
2.484388e+003,5.292023e-002
2.484870e+003,5.302407e-002
2.485352e+003,5.313807e-002
2.485834e+003,5.324459e-002
2.486316e+003,5.333247e-002
2.486799e+003,5.340116e-002
2.487281e+003,5.346088e-002
2.487763e+003,5.352606e-002
2.488245e+003,5.360540e-002
2.488727e+003,5.369838e-002
2.489209e+003,5.379502e-002
2.489691e+003,5.388123e-002
2.490173e+003,5.394907e-002
2.490656e+003,5.399942e-002
2.491138e+003,5.404373e-002
2.491620e+003,5.409505e-002
2.492102e+003,5.416204e-002
2.492584e+003,5.424319e-002
2.493066e+003,5.432916e-002
2.493548e+003,5.440743e-002
2.494030e+003,5.447112e-002
2.494512e+003,5.452381e-002
2.494995e+003,5.457678e-002
2.495477e+003,5.464271e-002
2.495959e+003,5.472730e-002
2.496441e+003,5.482531e-002
2.496923e+003,5.492327e-002
2.497405e+003,5.500569e-002
2.497887e+003,5.506385e-002
2.498370e+003,5.510113e-002
2.498852e+003,5.513066e-002
2.499334e+003,5.516813e-002
2.499816e+003,5.522323e-002
2.500298e+003,5.529411e-002
2.500780e+003,5.537017e-002
2.501262e+003,5.543806e-002
2.501744e+003,5.549035e-002
2.502227e+003,5.553106e-002
2.502709e+003,5.557361e-002
2.503191e+003,5.563259e-002
2.503673e+003,5.571578e-002
2.504155e+003,5.581890e-002
2.504637e+003,5.592742e-002
2.505119e+003,5.602365e-002
2.505601e+003,5.609631e-002
2.506083e+003,5.614646e-002
2.506566e+003,5.618603e-002
2.507048e+003,5.623113e-002
2.507530e+003,5.629268e-002
2.508012e+003,5.637150e-002
2.508494e+003,5.645937e-002
2.508976e+003,5.654306e-002
2.509458e+003,5.661568e-002
2.509940e+003,5.667842e-002
2.510423e+003,5.674214e-002
2.510905e+003,5.681807e-002
2.511387e+003,5.691139e-002
2.511869e+003,5.701649e-002
2.512351e+003,5.711866e-002
2.512833e+003,5.720173e-002
2.513315e+003,5.725572e-002
2.513798e+003,5.728407e-002
2.514280e+003,5.730034e-002
2.514762e+003,5.732134e-002
2.515244e+003,5.735885e-002
2.515726e+003,5.741465e-002
2.516208e+003,5.748180e-002
2.516690e+003,5.754765e-002
2.517172e+003,5.760774e-002
2.517655e+003,5.766528e-002
2.518137e+003,5.773148e-002
2.518619e+003,5.781758e-002
2.519101e+003,5.792651e-002
2.519583e+003,5.804922e-002
2.520065e+003,5.816766e-002
2.520547e+003,5.826211e-002
2.521029e+003,5.832242e-002
2.521511e+003,5.835207e-002
2.521994e+003,5.836914e-002
2.522476e+003,5.839360e-002
2.522958e+003,5.844093e-002
2.523440e+003,5.851242e-002
2.523922e+003,5.859813e-002
2.524404e+003,5.868134e-002
2.524886e+003,5.874974e-002
2.525368e+003,5.880130e-002
2.525851e+003,5.884608e-002
2.526333e+003,5.889758e-002
2.526815e+003,5.896501e-002
2.527297e+003,5.904748e-002
2.527779e+003,5.913485e-002
2.528261e+003,5.921200e-002
2.528743e+003,5.926953e-002
2.529226e+003,5.930834e-002
2.529708e+003,5.934017e-002
2.530190e+003,5.938050e-002
2.530672e+003,5.944068e-002
2.531154e+003,5.952150e-002
2.531636e+003,5.961422e-002
2.532118e+003,5.970449e-002
2.532600e+003,5.978195e-002
2.533083e+003,5.984500e-002
2.533565e+003,5.990151e-002
2.534047e+003,5.996186e-002
2.534529e+003,6.003277e-002
2.535011e+003,6.011249e-002
2.535493e+003,6.019127e-002
2.535975e+003,6.025632e-002
2.536457e+003,6.030000e-002
2.536939e+003,6.032451e-002
2.537422e+003,6.034086e-002
2.537904e+003,6.036361e-002
2.538386e+003,6.040209e-002
2.538868e+003,6.045736e-002
2.539350e+003,6.052236e-002
2.539832e+003,6.058683e-002
2.540314e+003,6.064618e-002
2.540796e+003,6.070278e-002
2.541279e+003,6.076696e-002
2.541761e+003,6.084818e-002
2.542243e+003,6.095024e-002
2.542725e+003,6.106518e-002
2.543207e+003,6.117864e-002
2.543689e+003,6.127397e-002
2.544171e+003,6.134253e-002
2.544654e+003,6.138847e-002
2.545135e+003,6.142693e-002
2.545618e+003,6.147530e-002
2.546100e+003,6.154536e-002
2.546582e+003,6.163874e-002
2.547064e+003,6.174554e-002
2.547546e+003,6.185138e-002
2.548028e+003,6.194541e-002
2.548510e+003,6.202528e-002
2.548993e+003,6.209723e-002
2.549475e+003,6.216954e-002
2.549957e+003,6.224708e-002
2.550439e+003,6.232652e-002
2.550921e+003,6.239929e-002
2.551403e+003,6.245634e-002
2.551885e+003,6.249569e-002
2.552367e+003,6.252574e-002
2.552850e+003,6.256226e-002
2.553332e+003,6.262000e-002
2.553814e+003,6.270462e-002
2.554296e+003,6.280924e-002
2.554778e+003,6.291614e-002
2.555260e+003,6.300680e-002
2.555742e+003,6.307120e-002
2.556224e+003,6.311287e-002
2.556707e+003,6.314808e-002
2.557189e+003,6.319739e-002
2.557671e+003,6.327479e-002
2.558153e+003,6.338067e-002
2.558635e+003,6.350382e-002
2.559117e+003,6.362487e-002
2.559599e+003,6.372865e-002
2.560082e+003,6.381001e-002
2.560563e+003,6.387558e-002
2.561046e+003,6.393739e-002
2.561528e+003,6.400599e-002
2.562010e+003,6.408384e-002
2.562492e+003,6.416562e-002
2.562974e+003,6.424165e-002
2.563456e+003,6.430628e-002
2.563938e+003,6.436303e-002
2.564421e+003,6.442203e-002
2.564903e+003,6.449538e-002
2.565385e+003,6.458947e-002
2.565867e+003,6.469990e-002
2.566349e+003,6.481308e-002
2.566831e+003,6.491198e-002
2.567313e+003,6.498604e-002
2.567795e+003,6.503566e-002
2.568278e+003,6.507485e-002
2.568760e+003,6.512153e-002
2.569242e+003,6.519124e-002
2.569724e+003,6.528895e-002
2.570206e+003,6.540794e-002
2.570688e+003,6.553401e-002
2.571170e+003,6.565337e-002
2.571652e+003,6.575867e-002
2.572135e+003,6.585172e-002
2.572617e+003,6.593930e-002
2.573099e+003,6.602699e-002
2.573581e+003,6.611600e-002
2.574063e+003,6.620085e-002
2.574545e+003,6.627408e-002
2.575027e+003,6.633167e-002
2.575510e+003,6.637659e-002
2.575991e+003,6.641927e-002
2.576474e+003,6.647083e-002
2.576956e+003,6.653972e-002
2.577438e+003,6.662542e-002
2.577920e+003,6.672055e-002
2.578402e+003,6.681402e-002
2.578884e+003,6.689880e-002
2.579366e+003,6.697609e-002
2.579849e+003,6.705368e-002
2.580331e+003,6.714163e-002
2.580813e+003,6.724588e-002
2.581295e+003,6.736508e-002
2.581777e+003,6.748902e-002
2.582259e+003,6.760515e-002
2.582741e+003,6.770448e-002
2.583223e+003,6.778622e-002
2.583706e+003,6.785790e-002
2.584188e+003,6.793004e-002
2.584670e+003,6.801051e-002
2.585152e+003,6.810009e-002
2.585634e+003,6.819371e-002
2.586116e+003,6.828247e-002
2.586598e+003,6.836186e-002
2.587080e+003,6.843355e-002
2.587563e+003,6.850591e-002
2.588045e+003,6.858903e-002
2.588527e+003,6.868769e-002
2.589009e+003,6.879924e-002
2.589491e+003,6.891450e-002
2.589973e+003,6.902039e-002
2.590455e+003,6.911054e-002
2.590938e+003,6.918576e-002
2.591419e+003,6.925523e-002
2.591902e+003,6.933150e-002
2.592384e+003,6.942353e-002
2.592866e+003,6.953146e-002
2.593348e+003,6.964815e-002
2.593830e+003,6.976195e-002
2.594312e+003,6.986417e-002
2.594794e+003,6.995363e-002
2.595277e+003,7.003617e-002
2.595759e+003,7.012267e-002
2.596241e+003,7.022048e-002
2.596723e+003,7.033177e-002
2.597205e+003,7.045090e-002
2.597687e+003,7.056980e-002
2.598169e+003,7.068142e-002
2.598651e+003,7.078438e-002
2.599134e+003,7.088499e-002
2.599616e+003,7.099078e-002
2.600098e+003,7.110899e-002
2.600580e+003,7.124057e-002
2.601062e+003,7.138093e-002
2.601544e+003,7.152197e-002
2.602026e+003,7.165648e-002
2.602508e+003,7.178259e-002
2.602990e+003,7.190175e-002
2.603473e+003,7.201739e-002
2.603955e+003,7.213087e-002
2.604437e+003,7.224017e-002
2.604919e+003,7.234048e-002
2.605401e+003,7.242730e-002
2.605883e+003,7.250083e-002
2.606365e+003,7.256681e-002
2.606847e+003,7.263550e-002
2.607330e+003,7.271628e-002
2.607812e+003,7.281246e-002
2.608294e+003,7.292160e-002
2.608776e+003,7.303490e-002
2.609258e+003,7.314275e-002
2.609740e+003,7.324167e-002
2.610222e+003,7.333373e-002
2.610705e+003,7.342858e-002
2.611187e+003,7.353482e-002
2.611669e+003,7.365718e-002
2.612151e+003,7.379287e-002
2.612633e+003,7.393204e-002
2.613115e+003,7.406408e-002
2.613597e+003,7.418220e-002
2.614079e+003,7.428687e-002
2.614562e+003,7.438558e-002
2.615044e+003,7.448839e-002
2.615526e+003,7.460179e-002
2.616008e+003,7.472542e-002
2.616490e+003,7.485326e-002
2.616972e+003,7.497653e-002
2.617454e+003,7.509031e-002
2.617936e+003,7.519653e-002
2.618418e+003,7.530168e-002
2.618901e+003,7.541475e-002
2.619383e+003,7.554161e-002
2.619865e+003,7.568011e-002
2.620347e+003,7.582312e-002
2.620829e+003,7.595987e-002
2.621311e+003,7.608443e-002
2.621793e+003,7.619651e-002
2.622276e+003,7.630259e-002
2.622758e+003,7.641178e-002
2.623240e+003,7.653049e-002
2.623722e+003,7.665853e-002
2.624204e+003,7.678992e-002
2.624686e+003,7.691548e-002
2.625168e+003,7.702935e-002
2.625650e+003,7.713092e-002
2.626133e+003,7.722721e-002
2.626615e+003,7.732753e-002
2.627097e+003,7.743916e-002
2.627579e+003,7.756387e-002
2.628061e+003,7.769630e-002
2.628543e+003,7.782813e-002
2.629025e+003,7.795162e-002
2.629507e+003,7.806395e-002
2.629990e+003,7.816839e-002
2.630472e+003,7.827158e-002
2.630954e+003,7.837882e-002
2.631436e+003,7.849190e-002
2.631918e+003,7.860753e-002
2.632400e+003,7.871928e-002
2.632882e+003,7.882212e-002
2.633364e+003,7.891499e-002
2.633846e+003,7.900245e-002
2.634329e+003,7.909147e-002
2.634811e+003,7.918798e-002
2.635293e+003,7.929438e-002
2.635775e+003,7.940838e-002
2.636257e+003,7.952429e-002
2.636739e+003,7.963747e-002
2.637221e+003,7.974599e-002
2.637704e+003,7.985251e-002
2.638186e+003,7.996110e-002
2.638668e+003,8.007499e-002
2.639150e+003,8.019485e-002
2.639632e+003,8.031662e-002
2.640114e+003,8.043423e-002
2.640596e+003,8.054277e-002
2.641078e+003,8.063999e-002
2.641561e+003,8.072815e-002
2.642043e+003,8.081163e-002
2.642525e+003,8.089498e-002
2.643007e+003,8.098152e-002
2.643489e+003,8.107121e-002
2.643971e+003,8.116319e-002
2.644453e+003,8.125707e-002
2.644935e+003,8.135390e-002
2.645417e+003,8.145624e-002
2.645900e+003,8.156651e-002
2.646382e+003,8.168418e-002
2.646864e+003,8.180528e-002
2.647346e+003,8.192350e-002
2.647828e+003,8.203312e-002
2.648310e+003,8.213080e-002
2.648792e+003,8.221796e-002
2.649274e+003,8.229996e-002
2.649757e+003,8.238377e-002
2.650239e+003,8.247387e-002
2.650721e+003,8.257038e-002
2.651203e+003,8.267055e-002
2.651685e+003,8.276818e-002
2.652167e+003,8.285914e-002
2.652649e+003,8.294212e-002
2.653132e+003,8.301973e-002
2.653614e+003,8.309635e-002
2.654096e+003,8.317542e-002
2.654578e+003,8.325822e-002
2.655060e+003,8.334390e-002
2.655542e+003,8.342826e-002
2.656024e+003,8.350926e-002
2.656506e+003,8.358613e-002
2.656989e+003,8.366036e-002
2.657471e+003,8.373311e-002
2.657953e+003,8.380473e-002
2.658435e+003,8.387183e-002
2.658917e+003,8.393025e-002
2.659399e+003,8.397447e-002
2.659881e+003,8.400211e-002
2.660363e+003,8.401430e-002
2.660845e+003,8.401483e-002
2.661328e+003,8.400939e-002
2.661810e+003,8.400259e-002
2.662292e+003,8.399504e-002
2.662774e+003,8.398644e-002
2.663256e+003,8.397459e-002
2.663738e+003,8.395943e-002
2.664220e+003,8.394339e-002
2.664702e+003,8.393192e-002
2.665185e+003,8.393048e-002
2.665667e+003,8.394291e-002
2.666149e+003,8.396941e-002
2.666631e+003,8.400729e-002
2.667113e+003,8.405279e-002
2.667595e+003,8.410315e-002
2.668077e+003,8.415874e-002
2.668560e+003,8.422218e-002
2.669042e+003,8.429624e-002
2.669524e+003,8.438130e-002
2.670006e+003,8.447333e-002
2.670488e+003,8.456691e-002
2.670970e+003,8.465359e-002
2.671452e+003,8.472884e-002
2.671934e+003,8.479232e-002
2.672417e+003,8.484726e-002
2.672899e+003,8.490019e-002
2.673381e+003,8.495668e-002
2.673863e+003,8.501862e-002
2.674345e+003,8.508506e-002
2.674827e+003,8.515332e-002
2.675309e+003,8.522075e-002
2.675791e+003,8.528706e-002
2.676273e+003,8.535406e-002
2.676756e+003,8.542488e-002
2.677238e+003,8.550138e-002
2.677720e+003,8.558284e-002
2.678202e+003,8.566608e-002
2.678684e+003,8.574675e-002
2.679166e+003,8.582297e-002
2.679648e+003,8.589482e-002
2.680130e+003,8.596601e-002
2.680613e+003,8.604103e-002
2.681095e+003,8.612099e-002
2.681577e+003,8.620536e-002
2.682059e+003,8.628958e-002
2.682541e+003,8.636836e-002
2.683023e+003,8.643940e-002
2.683505e+003,8.650255e-002
2.683988e+003,8.656291e-002
2.684469e+003,8.662579e-002
2.684952e+003,8.669511e-002
2.685434e+003,8.677125e-002
2.685916e+003,8.685030e-002
2.686398e+003,8.692726e-002
2.686880e+003,8.699811e-002
2.687362e+003,8.706225e-002
2.687844e+003,8.712355e-002
2.688327e+003,8.718699e-002
2.688809e+003,8.725724e-002
2.689291e+003,8.733511e-002
2.689773e+003,8.741868e-002
2.690255e+003,8.750341e-002
2.690737e+003,8.758587e-002
2.691219e+003,8.766520e-002
2.691701e+003,8.774348e-002
2.692184e+003,8.782478e-002
2.692666e+003,8.791169e-002
2.693148e+003,8.800448e-002
2.693630e+003,8.810059e-002
2.694112e+003,8.819518e-002
2.694594e+003,8.828588e-002
2.695076e+003,8.837197e-002
2.695558e+003,8.845724e-002
2.696041e+003,8.854521e-002
2.696523e+003,8.863900e-002
2.697005e+003,8.873881e-002
2.697487e+003,8.884155e-002
2.697969e+003,8.894203e-002
2.698451e+003,8.903711e-002
2.698933e+003,8.912644e-002
2.699416e+003,8.921368e-002
2.699897e+003,8.930404e-002
2.700380e+003,8.940119e-002
2.700862e+003,8.950727e-002
2.701344e+003,8.961995e-002
2.701826e+003,8.973539e-002
2.702308e+003,8.984970e-002
2.702790e+003,8.996125e-002
2.703272e+003,9.007140e-002
2.703755e+003,9.018256e-002
2.704237e+003,9.029656e-002
2.704719e+003,9.041378e-002
2.705201e+003,9.053338e-002
2.705683e+003,9.065256e-002
2.706165e+003,9.077100e-002
2.706647e+003,9.089056e-002
2.707129e+003,9.101489e-002
2.707612e+003,9.114762e-002
2.708094e+003,9.128933e-002
2.708576e+003,9.143770e-002
2.709058e+003,9.158785e-002
2.709540e+003,9.173353e-002
2.710022e+003,9.187216e-002
2.710504e+003,9.200543e-002
2.710986e+003,9.213933e-002
2.711469e+003,9.228086e-002
2.711951e+003,9.243586e-002
2.712433e+003,9.260502e-002
2.712915e+003,9.278594e-002
2.713397e+003,9.297198e-002
2.713879e+003,9.315801e-002
2.714361e+003,9.334122e-002
2.714844e+003,9.352235e-002
2.715325e+003,9.370387e-002
2.715808e+003,9.388761e-002
2.716290e+003,9.407336e-002
2.716772e+003,9.425826e-002
2.717254e+003,9.443853e-002
2.717736e+003,9.461226e-002
2.718218e+003,9.478099e-002
2.718700e+003,9.494939e-002
2.719183e+003,9.512267e-002
2.719665e+003,9.530471e-002
2.720147e+003,9.549504e-002
2.720629e+003,9.569016e-002
2.721111e+003,9.588457e-002
2.721593e+003,9.607439e-002
2.722075e+003,9.625939e-002
2.722557e+003,9.644290e-002
2.723040e+003,9.662974e-002
2.723522e+003,9.682401e-002
2.724004e+003,9.702504e-002
2.724486e+003,9.722811e-002
2.724968e+003,9.742637e-002
2.725450e+003,9.761424e-002
2.725932e+003,9.778944e-002
2.726414e+003,9.795462e-002
2.726896e+003,9.811523e-002
2.727379e+003,9.827699e-002
2.727861e+003,9.844327e-002
2.728343e+003,9.861431e-002
2.728825e+003,9.878661e-002
2.729307e+003,9.895899e-002
2.729789e+003,9.913026e-002
2.730271e+003,9.930386e-002
2.730753e+003,9.948394e-002
2.731236e+003,9.967471e-002
2.731718e+003,9.987653e-002
2.732200e+003,1.000877e-001
2.732682e+003,1.003038e-001
2.733164e+003,1.005205e-001
2.733646e+003,1.007363e-001
2.734128e+003,1.009519e-001
2.734611e+003,1.011696e-001
2.735093e+003,1.013908e-001
2.735575e+003,1.016146e-001
2.736057e+003,1.018369e-001
2.736539e+003,1.020531e-001
2.737021e+003,1.022590e-001
2.737503e+003,1.024540e-001
2.737985e+003,1.026407e-001
2.738468e+003,1.028230e-001
2.738950e+003,1.030049e-001
2.739432e+003,1.031871e-001
2.739914e+003,1.033685e-001
2.740396e+003,1.035456e-001
2.740878e+003,1.037174e-001
2.741360e+003,1.038851e-001
2.741842e+003,1.040538e-001
2.742324e+003,1.042293e-001
2.742807e+003,1.044163e-001
2.743289e+003,1.046158e-001
2.743771e+003,1.048257e-001
2.744253e+003,1.050399e-001
2.744735e+003,1.052551e-001
2.745217e+003,1.054680e-001
2.745699e+003,1.056793e-001
2.746182e+003,1.058909e-001
2.746664e+003,1.061033e-001
2.747146e+003,1.063149e-001
2.747628e+003,1.065212e-001
2.748110e+003,1.067178e-001
2.748592e+003,1.069029e-001
2.749074e+003,1.070790e-001
2.749556e+003,1.072525e-001
2.750039e+003,1.074308e-001
2.750521e+003,1.076197e-001
2.751003e+003,1.078198e-001
2.751485e+003,1.080281e-001
2.751967e+003,1.082380e-001
2.752449e+003,1.084443e-001
2.752931e+003,1.086449e-001
2.753413e+003,1.088424e-001
2.753896e+003,1.090421e-001
2.754378e+003,1.092479e-001
2.754860e+003,1.094610e-001
2.755342e+003,1.096788e-001
2.755824e+003,1.098957e-001
2.756306e+003,1.101072e-001
2.756788e+003,1.103115e-001
2.757270e+003,1.105119e-001
2.757752e+003,1.107132e-001
2.758235e+003,1.109204e-001
2.758717e+003,1.111354e-001
2.759199e+003,1.113554e-001
2.759681e+003,1.115754e-001
2.760163e+003,1.117910e-001
2.760645e+003,1.119993e-001
2.761127e+003,1.122033e-001
2.761610e+003,1.124080e-001
2.762092e+003,1.126186e-001
2.762574e+003,1.128384e-001
2.763056e+003,1.130669e-001
2.763538e+003,1.132995e-001
2.764020e+003,1.135326e-001
2.764502e+003,1.137623e-001
2.764984e+003,1.139887e-001
2.765467e+003,1.142128e-001
2.765949e+003,1.144369e-001
2.766431e+003,1.146609e-001
2.766913e+003,1.148836e-001
2.767395e+003,1.151025e-001
2.767877e+003,1.153169e-001
2.768359e+003,1.155281e-001
2.768841e+003,1.157401e-001
2.769323e+003,1.159585e-001
2.769806e+003,1.161866e-001
2.770288e+003,1.164237e-001
2.770770e+003,1.166668e-001
2.771252e+003,1.169105e-001
2.771734e+003,1.171503e-001
2.772216e+003,1.173849e-001
2.772698e+003,1.176172e-001
2.773180e+003,1.178511e-001
2.773663e+003,1.180884e-001
2.774145e+003,1.183281e-001
2.774627e+003,1.185646e-001
2.775109e+003,1.187913e-001
2.775591e+003,1.190032e-001
2.776073e+003,1.192004e-001
2.776555e+003,1.193882e-001
2.777038e+003,1.195754e-001
2.777520e+003,1.197708e-001
2.778002e+003,1.199799e-001
2.778484e+003,1.202042e-001
2.778966e+003,1.204388e-001
2.779448e+003,1.206800e-001
2.779930e+003,1.209230e-001
2.780412e+003,1.211677e-001
2.780895e+003,1.214139e-001
2.781377e+003,1.216623e-001
2.781859e+003,1.219119e-001
2.782341e+003,1.221583e-001
2.782823e+003,1.223975e-001
2.783305e+003,1.226267e-001
2.783787e+003,1.228493e-001
2.784269e+003,1.230715e-001
2.784751e+003,1.233022e-001
2.785234e+003,1.235499e-001
2.785716e+003,1.238170e-001
2.786198e+003,1.241008e-001
2.786680e+003,1.243931e-001
2.787162e+003,1.246850e-001
2.787644e+003,1.249699e-001
2.788126e+003,1.252448e-001
2.788608e+003,1.255112e-001
2.789091e+003,1.257713e-001
2.789573e+003,1.260277e-001
2.790055e+003,1.262792e-001
2.790537e+003,1.265238e-001
2.791019e+003,1.267594e-001
2.791501e+003,1.269866e-001
2.791983e+003,1.272093e-001
2.792466e+003,1.274343e-001
2.792948e+003,1.276671e-001
2.793430e+003,1.279110e-001
2.793912e+003,1.281664e-001
2.794394e+003,1.284293e-001
2.794876e+003,1.286962e-001
2.795358e+003,1.289642e-001
2.795840e+003,1.292343e-001
2.796323e+003,1.295075e-001
2.796805e+003,1.297844e-001
2.797287e+003,1.300640e-001
2.797769e+003,1.303408e-001
2.798251e+003,1.306087e-001
2.798733e+003,1.308631e-001
2.799215e+003,1.311037e-001
2.799697e+003,1.313346e-001
2.800179e+003,1.315630e-001
2.800662e+003,1.317967e-001
2.801144e+003,1.320404e-001
2.801626e+003,1.322936e-001
2.802108e+003,1.325527e-001
2.802590e+003,1.328133e-001
2.803072e+003,1.330722e-001
2.803554e+003,1.333293e-001
2.804036e+003,1.335875e-001
2.804519e+003,1.338492e-001
2.805001e+003,1.341157e-001
2.805483e+003,1.343853e-001
2.805965e+003,1.346550e-001
2.806447e+003,1.349223e-001
2.806929e+003,1.351869e-001
2.807411e+003,1.354518e-001
2.807894e+003,1.357210e-001
2.808375e+003,1.359974e-001
2.808858e+003,1.362795e-001
2.809340e+003,1.365631e-001
2.809822e+003,1.368406e-001
2.810304e+003,1.371060e-001
2.810786e+003,1.373580e-001
2.811268e+003,1.376005e-001
2.811750e+003,1.378398e-001
2.812233e+003,1.380833e-001
2.812715e+003,1.383345e-001
2.813197e+003,1.385925e-001
2.813679e+003,1.388520e-001
2.814161e+003,1.391080e-001
2.814643e+003,1.393572e-001
2.815125e+003,1.396011e-001
2.815607e+003,1.398438e-001
2.816090e+003,1.400903e-001
2.816572e+003,1.403427e-001
2.817054e+003,1.405997e-001
2.817536e+003,1.408567e-001
2.818018e+003,1.411096e-001
2.818500e+003,1.413567e-001
2.818982e+003,1.416007e-001
2.819464e+003,1.418468e-001
2.819947e+003,1.421007e-001
2.820429e+003,1.423650e-001
2.820911e+003,1.426371e-001
2.821393e+003,1.429111e-001
2.821875e+003,1.431807e-001
2.822357e+003,1.434419e-001
2.822839e+003,1.436950e-001
2.823322e+003,1.439449e-001
2.823803e+003,1.441973e-001
2.824286e+003,1.444569e-001
2.824768e+003,1.447234e-001
2.825250e+003,1.449933e-001
2.825732e+003,1.452631e-001
2.826214e+003,1.455295e-001
2.826696e+003,1.457939e-001
2.827178e+003,1.460612e-001
2.827661e+003,1.463371e-001
2.828143e+003,1.466264e-001
2.828625e+003,1.469310e-001
2.829107e+003,1.472496e-001
2.829589e+003,1.475793e-001
2.830071e+003,1.479187e-001
2.830553e+003,1.482684e-001
2.831035e+003,1.486308e-001
2.831518e+003,1.490063e-001
2.832000e+003,1.493930e-001
2.832482e+003,1.497860e-001
2.832964e+003,1.501774e-001
2.833446e+003,1.505606e-001
2.833928e+003,1.509323e-001
2.834410e+003,1.512951e-001
2.834892e+003,1.516554e-001
2.835375e+003,1.520214e-001
2.835857e+003,1.523984e-001
2.836339e+003,1.527886e-001
2.836821e+003,1.531879e-001
2.837303e+003,1.535911e-001
2.837785e+003,1.539931e-001
2.838267e+003,1.543922e-001
2.838750e+003,1.547910e-001
2.839231e+003,1.551920e-001
2.839714e+003,1.555996e-001
2.840196e+003,1.560167e-001
2.840678e+003,1.564433e-001
2.841160e+003,1.568810e-001
2.841642e+003,1.573326e-001
2.842124e+003,1.578041e-001
2.842606e+003,1.583034e-001
2.843089e+003,1.588374e-001
2.843571e+003,1.594103e-001
2.844053e+003,1.600220e-001
2.844535e+003,1.606677e-001
2.845017e+003,1.613422e-001
2.845499e+003,1.620389e-001
2.845981e+003,1.627549e-001
2.846463e+003,1.634875e-001
2.846946e+003,1.642356e-001
2.847428e+003,1.649958e-001
2.847910e+003,1.657632e-001
2.848392e+003,1.665320e-001
2.848874e+003,1.672981e-001
2.849356e+003,1.680609e-001
2.849838e+003,1.688237e-001
2.850320e+003,1.695927e-001
2.850802e+003,1.703719e-001
2.851285e+003,1.711628e-001
2.851767e+003,1.719616e-001
2.852249e+003,1.727610e-001
2.852731e+003,1.735535e-001
2.853213e+003,1.743347e-001
2.853695e+003,1.751064e-001
2.854177e+003,1.758744e-001
2.854659e+003,1.766461e-001
2.855142e+003,1.774290e-001
2.855624e+003,1.782262e-001
2.856106e+003,1.790372e-001
2.856588e+003,1.798611e-001
2.857070e+003,1.806975e-001
2.857552e+003,1.815493e-001
2.858034e+003,1.824211e-001
2.858517e+003,1.833177e-001
2.858999e+003,1.842424e-001
2.859481e+003,1.851958e-001
2.859963e+003,1.861768e-001
2.860445e+003,1.871852e-001
2.860927e+003,1.882235e-001
2.861409e+003,1.892984e-001
2.861891e+003,1.904173e-001
2.862374e+003,1.915859e-001
2.862856e+003,1.928032e-001
2.863338e+003,1.940615e-001
2.863820e+003,1.953456e-001
2.864302e+003,1.966379e-001
2.864784e+003,1.979230e-001
2.865266e+003,1.991886e-001
2.865748e+003,2.004279e-001
2.866230e+003,2.016353e-001
2.866713e+003,2.028041e-001
2.867195e+003,2.039241e-001
2.867677e+003,2.049820e-001
2.868159e+003,2.059644e-001
2.868641e+003,2.068614e-001
2.869123e+003,2.076680e-001
2.869605e+003,2.083847e-001
2.870088e+003,2.090122e-001
2.870570e+003,2.095506e-001
2.871052e+003,2.099958e-001
2.871534e+003,2.103391e-001
2.872016e+003,2.105712e-001
2.872498e+003,2.106870e-001
2.872980e+003,2.106872e-001
2.873462e+003,2.105791e-001
2.873945e+003,2.103745e-001
2.874427e+003,2.100872e-001
2.874909e+003,2.097286e-001
2.875391e+003,2.093081e-001
2.875873e+003,2.088348e-001
2.876355e+003,2.083193e-001
2.876837e+003,2.077739e-001
2.877319e+003,2.072122e-001
2.877802e+003,2.066467e-001
2.878284e+003,2.060846e-001
2.878766e+003,2.055286e-001
2.879248e+003,2.049771e-001
2.879730e+003,2.044281e-001
2.880212e+003,2.038843e-001
2.880694e+003,2.033539e-001
2.881176e+003,2.028493e-001
2.881658e+003,2.023842e-001
2.882141e+003,2.019689e-001
2.882623e+003,2.016075e-001
2.883105e+003,2.012969e-001
2.883587e+003,2.010329e-001
2.884069e+003,2.008113e-001
2.884551e+003,2.006319e-001
2.885033e+003,2.004986e-001
2.885516e+003,2.004163e-001
2.885998e+003,2.003890e-001
2.886480e+003,2.004164e-001
2.886962e+003,2.004944e-001
2.887444e+003,2.006177e-001
2.887926e+003,2.007827e-001
2.888408e+003,2.009903e-001
2.888890e+003,2.012435e-001
2.889373e+003,2.015479e-001
2.889855e+003,2.019042e-001
2.890337e+003,2.023099e-001
2.890819e+003,2.027584e-001
2.891301e+003,2.032411e-001
2.891783e+003,2.037529e-001
2.892265e+003,2.042942e-001
2.892747e+003,2.048690e-001
2.893229e+003,2.054835e-001
2.893712e+003,2.061396e-001
2.894194e+003,2.068329e-001
2.894676e+003,2.075524e-001
2.895158e+003,2.082842e-001
2.895640e+003,2.090155e-001
2.896122e+003,2.097397e-001
2.896604e+003,2.104579e-001
2.897086e+003,2.111757e-001
2.897569e+003,2.119015e-001
2.898051e+003,2.126419e-001
2.898533e+003,2.133981e-001
2.899015e+003,2.141702e-001
2.899497e+003,2.149564e-001
2.899979e+003,2.157583e-001
2.900461e+003,2.165787e-001
2.900944e+003,2.174224e-001
2.901426e+003,2.182918e-001
2.901908e+003,2.191852e-001
2.902390e+003,2.200962e-001
2.902872e+003,2.210167e-001
2.903354e+003,2.219384e-001
2.903836e+003,2.228592e-001
2.904318e+003,2.237811e-001
2.904801e+003,2.247118e-001
2.905283e+003,2.256591e-001
2.905765e+003,2.266300e-001
2.906247e+003,2.276276e-001
2.906729e+003,2.286528e-001
2.907211e+003,2.297039e-001
2.907693e+003,2.307804e-001
2.908175e+003,2.318822e-001
2.908657e+003,2.330092e-001
2.909140e+003,2.341600e-001
2.909622e+003,2.353309e-001
2.910104e+003,2.365153e-001
2.910586e+003,2.377064e-001
2.911068e+003,2.389002e-001
2.911550e+003,2.400943e-001
2.912032e+003,2.412888e-001
2.912514e+003,2.424847e-001
2.912997e+003,2.436792e-001
2.913479e+003,2.448664e-001
2.913961e+003,2.460373e-001
2.914443e+003,2.471836e-001
2.914925e+003,2.482990e-001
2.915407e+003,2.493838e-001
2.915889e+003,2.504419e-001
2.916372e+003,2.514802e-001
2.916854e+003,2.525027e-001
2.917336e+003,2.535112e-001
2.917818e+003,2.545021e-001
2.918300e+003,2.554709e-001
2.918782e+003,2.564163e-001
2.919264e+003,2.573403e-001
2.919746e+003,2.582491e-001
2.920229e+003,2.591506e-001
2.920711e+003,2.600499e-001
2.921193e+003,2.609486e-001
2.921675e+003,2.618429e-001
2.922157e+003,2.627273e-001
2.922639e+003,2.635981e-001
2.923121e+003,2.644540e-001
2.923603e+003,2.652991e-001
2.924085e+003,2.661362e-001
2.924568e+003,2.669665e-001
2.925050e+003,2.677861e-001
2.925532e+003,2.685872e-001
2.926014e+003,2.693602e-001
2.926496e+003,2.700974e-001
2.926978e+003,2.707959e-001
2.927460e+003,2.714561e-001
2.927942e+003,2.720810e-001
2.928425e+003,2.726702e-001
2.928907e+003,2.732202e-001
2.929389e+003,2.737232e-001
2.929871e+003,2.741729e-001
2.930353e+003,2.745657e-001
2.930835e+003,2.749051e-001
2.931317e+003,2.751990e-001
2.931800e+003,2.754564e-001
2.932281e+003,2.756828e-001
2.932764e+003,2.758775e-001
2.933246e+003,2.760324e-001
2.933728e+003,2.761390e-001
2.934210e+003,2.761898e-001
2.934692e+003,2.761834e-001
2.935174e+003,2.761244e-001
2.935656e+003,2.760203e-001
2.936139e+003,2.758775e-001
2.936621e+003,2.756968e-001
2.937103e+003,2.754745e-001
2.937585e+003,2.752070e-001
2.938067e+003,2.748924e-001
2.938549e+003,2.745366e-001
2.939031e+003,2.741528e-001
2.939513e+003,2.737577e-001
2.939996e+003,2.733696e-001
2.940478e+003,2.730014e-001
2.940960e+003,2.726613e-001
2.941442e+003,2.723551e-001
2.941924e+003,2.720888e-001
2.942406e+003,2.718709e-001
2.942888e+003,2.717137e-001
2.943370e+003,2.716291e-001
2.943853e+003,2.716277e-001
2.944335e+003,2.717135e-001
2.944817e+003,2.718846e-001
2.945299e+003,2.721345e-001
2.945781e+003,2.724574e-001
2.946263e+003,2.728495e-001
2.946745e+003,2.733095e-001
2.947228e+003,2.738377e-001
2.947709e+003,2.744319e-001
2.948192e+003,2.750869e-001
2.948674e+003,2.757919e-001
2.949156e+003,2.765367e-001
2.949638e+003,2.773101e-001
2.950120e+003,2.781067e-001
2.950602e+003,2.789230e-001
2.951084e+003,2.797576e-001
2.951567e+003,2.806058e-001
2.952049e+003,2.814583e-001
2.952531e+003,2.823028e-001
2.953013e+003,2.831261e-001
2.953495e+003,2.839174e-001
2.953977e+003,2.846718e-001
2.954459e+003,2.853867e-001
2.954941e+003,2.860613e-001
2.955424e+003,2.866907e-001
2.955906e+003,2.872639e-001
2.956388e+003,2.877640e-001
2.956870e+003,2.881742e-001
2.957352e+003,2.884797e-001
2.957834e+003,2.886745e-001
2.958316e+003,2.887589e-001
2.958798e+003,2.887376e-001
2.959281e+003,2.886141e-001
2.959763e+003,2.883890e-001
2.960245e+003,2.880585e-001
2.960727e+003,2.876193e-001
2.961209e+003,2.870709e-001
2.961691e+003,2.864211e-001
2.962173e+003,2.856821e-001
2.962656e+003,2.848685e-001
2.963137e+003,2.839925e-001
2.963620e+003,2.830591e-001
2.964102e+003,2.820670e-001
2.964584e+003,2.810131e-001
2.965066e+003,2.798961e-001
2.965548e+003,2.787209e-001
2.966030e+003,2.774985e-001
2.966512e+003,2.762423e-001
2.966995e+003,2.749652e-001
2.967477e+003,2.736738e-001
2.967959e+003,2.723691e-001
2.968441e+003,2.710509e-001
2.968923e+003,2.697200e-001
2.969405e+003,2.683833e-001
2.969887e+003,2.670514e-001
2.970369e+003,2.657381e-001
2.970852e+003,2.644534e-001
2.971334e+003,2.631997e-001
2.971816e+003,2.619744e-001
2.972298e+003,2.607698e-001
2.972780e+003,2.595783e-001
2.973262e+003,2.583975e-001
2.973744e+003,2.572286e-001
2.974226e+003,2.560766e-001
2.974708e+003,2.549461e-001
2.975191e+003,2.538381e-001
2.975673e+003,2.527505e-001
2.976155e+003,2.516809e-001
2.976637e+003,2.506272e-001
2.977119e+003,2.495918e-001
2.977601e+003,2.485803e-001
2.978083e+003,2.475969e-001
2.978565e+003,2.466426e-001
2.979048e+003,2.457140e-001
2.979530e+003,2.448017e-001
2.980012e+003,2.438959e-001
2.980494e+003,2.429909e-001
2.980976e+003,2.420875e-001
2.981458e+003,2.411921e-001
2.981940e+003,2.403135e-001
2.982423e+003,2.394596e-001
2.982905e+003,2.386326e-001
2.983387e+003,2.378298e-001
2.983869e+003,2.370466e-001
2.984351e+003,2.362795e-001
2.984833e+003,2.355297e-001
2.985315e+003,2.348021e-001
2.985797e+003,2.341037e-001
2.986280e+003,2.334383e-001
2.986762e+003,2.328076e-001
2.987244e+003,2.322072e-001
2.987726e+003,2.316336e-001
2.988208e+003,2.310847e-001
2.988690e+003,2.305636e-001
2.989172e+003,2.300765e-001
2.989654e+003,2.296291e-001
2.990136e+003,2.292228e-001
2.990619e+003,2.288526e-001
2.991101e+003,2.285068e-001
2.991583e+003,2.281736e-001
2.992065e+003,2.278433e-001
2.992547e+003,2.275160e-001
2.993029e+003,2.271992e-001
2.993511e+003,2.269056e-001
2.993994e+003,2.266484e-001
2.994476e+003,2.264360e-001
2.994958e+003,2.262692e-001
2.995440e+003,2.261444e-001
2.995922e+003,2.260538e-001
2.996404e+003,2.259921e-001
2.996886e+003,2.259543e-001
2.997368e+003,2.259390e-001
2.997851e+003,2.259444e-001
2.998333e+003,2.259686e-001
2.998815e+003,2.260094e-001
2.999297e+003,2.260666e-001
2.999779e+003,2.261431e-001
3.000261e+003,2.262457e-001
3.000743e+003,2.263834e-001
3.001225e+003,2.265631e-001
3.001708e+003,2.267862e-001
3.002190e+003,2.270473e-001
3.002672e+003,2.273351e-001
3.003154e+003,2.276366e-001
3.003636e+003,2.279427e-001
3.004118e+003,2.282524e-001
3.004600e+003,2.285696e-001
3.005082e+003,2.289045e-001
3.005564e+003,2.292637e-001
3.006047e+003,2.296520e-001
3.006529e+003,2.300678e-001
3.007011e+003,2.305068e-001
3.007493e+003,2.309652e-001
3.007975e+003,2.314422e-001
3.008457e+003,2.319391e-001
3.008939e+003,2.324573e-001
3.009422e+003,2.329963e-001
3.009904e+003,2.335499e-001
3.010386e+003,2.341076e-001
3.010868e+003,2.346596e-001
3.011350e+003,2.352004e-001
3.011832e+003,2.357305e-001
3.012314e+003,2.362587e-001
3.012796e+003,2.367965e-001
3.013279e+003,2.373535e-001
3.013761e+003,2.379334e-001
3.014243e+003,2.385335e-001
3.014725e+003,2.391466e-001
3.015207e+003,2.397662e-001
3.015689e+003,2.403889e-001
3.016171e+003,2.410162e-001
3.016653e+003,2.416518e-001
3.017135e+003,2.422983e-001
3.017618e+003,2.429542e-001
3.018100e+003,2.436123e-001
3.018582e+003,2.442652e-001
3.019064e+003,2.449060e-001
3.019546e+003,2.455365e-001
3.020028e+003,2.461632e-001
3.020510e+003,2.467982e-001
3.020992e+003,2.474540e-001
3.021475e+003,2.481378e-001
3.021957e+003,2.488498e-001
3.022439e+003,2.495842e-001
3.022921e+003,2.503305e-001
3.023403e+003,2.510788e-001
3.023885e+003,2.518211e-001
3.024367e+003,2.525513e-001
3.024850e+003,2.532654e-001
3.025332e+003,2.539601e-001
3.025814e+003,2.546324e-001
3.026296e+003,2.552817e-001
3.026778e+003,2.559095e-001
3.027260e+003,2.565210e-001
3.027742e+003,2.571228e-001
3.028224e+003,2.577204e-001
3.028707e+003,2.583149e-001
3.029189e+003,2.589030e-001
3.029671e+003,2.594788e-001
3.030153e+003,2.600364e-001
3.030635e+003,2.605740e-001
3.031117e+003,2.610958e-001
3.031599e+003,2.616098e-001
3.032081e+003,2.621231e-001
3.032563e+003,2.626380e-001
3.033046e+003,2.631487e-001
3.033528e+003,2.636432e-001
3.034010e+003,2.641082e-001
3.034492e+003,2.645349e-001
3.034974e+003,2.649235e-001
3.035456e+003,2.652825e-001
3.035938e+003,2.656288e-001
3.036420e+003,2.659796e-001
3.036903e+003,2.663490e-001
3.037385e+003,2.667454e-001
3.037867e+003,2.671716e-001
3.038349e+003,2.676279e-001
3.038831e+003,2.681122e-001
3.039313e+003,2.686209e-001
3.039795e+003,2.691485e-001
3.040278e+003,2.696849e-001
3.040760e+003,2.702172e-001
3.041242e+003,2.707302e-001
3.041724e+003,2.712129e-001
3.042206e+003,2.716612e-001
3.042688e+003,2.720790e-001
3.043170e+003,2.724768e-001
3.043652e+003,2.728661e-001
3.044135e+003,2.732538e-001
3.044617e+003,2.736416e-001
3.045099e+003,2.740248e-001
3.045581e+003,2.743978e-001
3.046063e+003,2.747599e-001
3.046545e+003,2.751171e-001
3.047027e+003,2.754816e-001
3.047509e+003,2.758663e-001
3.047991e+003,2.762782e-001
3.048474e+003,2.767145e-001
3.048956e+003,2.771616e-001
3.049438e+003,2.776015e-001
3.049920e+003,2.780173e-001
3.050402e+003,2.784019e-001
3.050884e+003,2.787569e-001
3.051366e+003,2.790931e-001
3.051848e+003,2.794221e-001
3.052331e+003,2.797549e-001
3.052813e+003,2.800943e-001
3.053295e+003,2.804394e-001
3.053777e+003,2.807862e-001
3.054259e+003,2.811314e-001
3.054741e+003,2.814730e-001
3.055223e+003,2.818096e-001
3.055706e+003,2.821374e-001
3.056188e+003,2.824498e-001
3.056670e+003,2.827378e-001
3.057152e+003,2.829936e-001
3.057634e+003,2.832157e-001
3.058116e+003,2.834104e-001
3.058598e+003,2.835910e-001
3.059080e+003,2.837728e-001
3.059563e+003,2.839671e-001
3.060045e+003,2.841781e-001
3.060527e+003,2.844000e-001
3.061009e+003,2.846217e-001
3.061491e+003,2.848300e-001
3.061973e+003,2.850173e-001
3.062455e+003,2.851803e-001
3.062937e+003,2.853227e-001
3.063419e+003,2.854482e-001
3.063902e+003,2.855605e-001
3.064384e+003,2.856590e-001
3.064866e+003,2.857402e-001
3.065348e+003,2.858010e-001
3.065830e+003,2.858389e-001
3.066312e+003,2.858539e-001
3.066794e+003,2.858457e-001
3.067276e+003,2.858133e-001
3.067759e+003,2.857534e-001
3.068241e+003,2.856627e-001
3.068723e+003,2.855399e-001
3.069205e+003,2.853893e-001
3.069687e+003,2.852220e-001
3.070169e+003,2.850514e-001
3.070651e+003,2.848915e-001
3.071134e+003,2.847513e-001
3.071615e+003,2.846331e-001
3.072098e+003,2.845325e-001
3.072580e+003,2.844458e-001
3.073062e+003,2.843702e-001
3.073544e+003,2.843097e-001
3.074026e+003,2.842712e-001
3.074508e+003,2.842619e-001
3.074990e+003,2.842823e-001
3.075473e+003,2.843254e-001
3.075955e+003,2.843758e-001
3.076437e+003,2.844153e-001
3.076919e+003,2.844306e-001
3.077401e+003,2.844156e-001
3.077883e+003,2.843733e-001
3.078365e+003,2.843125e-001
3.078847e+003,2.842424e-001
3.079330e+003,2.841695e-001
3.079812e+003,2.840942e-001
3.080294e+003,2.840162e-001
3.080776e+003,2.839350e-001
3.081258e+003,2.838560e-001
3.081740e+003,2.837866e-001
3.082222e+003,2.837337e-001
3.082704e+003,2.836996e-001
3.083187e+003,2.836776e-001
3.083669e+003,2.836556e-001
3.084151e+003,2.836185e-001
3.084633e+003,2.835559e-001
3.085115e+003,2.834679e-001
3.085597e+003,2.833630e-001
3.086079e+003,2.832556e-001
3.086562e+003,2.831612e-001
3.087043e+003,2.830883e-001
3.087526e+003,2.830369e-001
3.088008e+003,2.830007e-001
3.088490e+003,2.829693e-001
3.088972e+003,2.829352e-001
3.089454e+003,2.828924e-001
3.089936e+003,2.828404e-001
3.090418e+003,2.827786e-001
3.090901e+003,2.827074e-001
3.091383e+003,2.826268e-001
3.091865e+003,2.825383e-001
3.092347e+003,2.824479e-001
3.092829e+003,2.823661e-001
3.093311e+003,2.823052e-001
3.093793e+003,2.822757e-001
3.094275e+003,2.822823e-001
3.094758e+003,2.823228e-001
3.095240e+003,2.823886e-001
3.095722e+003,2.824718e-001
3.096204e+003,2.825677e-001
3.096686e+003,2.826798e-001
3.097168e+003,2.828152e-001
3.097650e+003,2.829801e-001
3.098132e+003,2.831732e-001
3.098615e+003,2.833842e-001
3.099097e+003,2.835935e-001
3.099579e+003,2.837812e-001
3.100061e+003,2.839353e-001
3.100543e+003,2.840557e-001
3.101025e+003,2.841564e-001
3.101507e+003,2.842582e-001
3.101990e+003,2.843811e-001
3.102471e+003,2.845380e-001
3.102954e+003,2.847294e-001
3.103436e+003,2.849500e-001
3.103918e+003,2.851927e-001
3.104400e+003,2.854551e-001
3.104882e+003,2.857407e-001
3.105364e+003,2.860551e-001
3.105846e+003,2.864009e-001
3.106329e+003,2.867738e-001
3.106811e+003,2.871588e-001
3.107293e+003,2.875369e-001
3.107775e+003,2.878909e-001
3.108257e+003,2.882128e-001
3.108739e+003,2.885068e-001
3.109221e+003,2.887843e-001
3.109703e+003,2.890630e-001
3.110186e+003,2.893564e-001
3.110668e+003,2.896718e-001
3.111150e+003,2.900107e-001
3.111632e+003,2.903713e-001
3.112114e+003,2.907537e-001
3.112596e+003,2.911584e-001
3.113078e+003,2.915889e-001
3.113560e+003,2.920442e-001
3.114042e+003,2.925195e-001
3.114525e+003,2.930033e-001
3.115007e+003,2.934836e-001
3.115489e+003,2.939509e-001
3.115971e+003,2.944034e-001
3.116453e+003,2.948484e-001
3.116935e+003,2.952953e-001
3.117417e+003,2.957542e-001
3.117900e+003,2.962280e-001
3.118382e+003,2.967115e-001
3.118864e+003,2.971952e-001
3.119346e+003,2.976703e-001
3.119828e+003,2.981327e-001
3.120310e+003,2.985880e-001
3.120792e+003,2.990456e-001
3.121274e+003,2.995166e-001
3.121757e+003,3.000086e-001
3.122239e+003,3.005214e-001
3.122721e+003,3.010501e-001
3.123203e+003,3.015885e-001
3.123685e+003,3.021333e-001
3.124167e+003,3.026834e-001
3.124649e+003,3.032421e-001
3.125131e+003,3.038122e-001
3.125614e+003,3.043934e-001
3.126096e+003,3.049829e-001
3.126578e+003,3.055771e-001
3.127060e+003,3.061756e-001
3.127542e+003,3.067813e-001
3.128024e+003,3.074017e-001
3.128506e+003,3.080422e-001
3.128988e+003,3.087028e-001
3.129470e+003,3.093765e-001
3.129953e+003,3.100496e-001
3.130435e+003,3.107087e-001
3.130917e+003,3.113464e-001
3.131399e+003,3.119647e-001
3.131881e+003,3.125758e-001
3.132363e+003,3.131966e-001
3.132845e+003,3.138413e-001
3.133328e+003,3.145170e-001
3.133810e+003,3.152199e-001
3.134292e+003,3.159413e-001
3.134774e+003,3.166735e-001
3.135256e+003,3.174132e-001
3.135738e+003,3.181634e-001
3.136220e+003,3.189292e-001
3.136702e+003,3.197123e-001
3.137185e+003,3.205067e-001
3.137667e+003,3.212988e-001
3.138149e+003,3.220722e-001
3.138631e+003,3.228127e-001
3.139113e+003,3.235174e-001
3.139595e+003,3.241927e-001
3.140077e+003,3.248527e-001
3.140559e+003,3.255114e-001
3.141042e+003,3.261775e-001
3.141524e+003,3.268538e-001
3.142006e+003,3.275366e-001
3.142488e+003,3.282240e-001
3.142970e+003,3.289178e-001
3.143452e+003,3.296257e-001
3.143934e+003,3.303567e-001
3.144417e+003,3.311175e-001
3.144898e+003,3.319067e-001
3.145381e+003,3.327160e-001
3.145863e+003,3.335334e-001
3.146345e+003,3.343486e-001
3.146827e+003,3.351593e-001
3.147309e+003,3.359691e-001
3.147791e+003,3.367863e-001
3.148273e+003,3.376153e-001
3.148756e+003,3.384550e-001
3.149238e+003,3.392951e-001
3.149720e+003,3.401234e-001
3.150202e+003,3.409299e-001
3.150684e+003,3.417143e-001
3.151166e+003,3.424841e-001
3.151648e+003,3.432522e-001
3.152130e+003,3.440295e-001
3.152613e+003,3.448202e-001
3.153095e+003,3.456181e-001
3.153577e+003,3.464138e-001
3.154059e+003,3.471997e-001
3.154541e+003,3.479751e-001
3.155023e+003,3.487458e-001
3.155505e+003,3.495229e-001
3.155987e+003,3.503149e-001
3.156469e+003,3.511229e-001
3.156952e+003,3.519404e-001
3.157434e+003,3.527563e-001
3.157916e+003,3.535625e-001
3.158398e+003,3.543599e-001
3.158880e+003,3.551564e-001
3.159362e+003,3.559643e-001
3.159844e+003,3.567934e-001
3.160326e+003,3.576444e-001
3.160809e+003,3.585094e-001
3.161291e+003,3.593750e-001
3.161773e+003,3.602292e-001
3.162255e+003,3.610693e-001
3.162737e+003,3.619012e-001
3.163219e+003,3.627362e-001
3.163701e+003,3.635849e-001
3.164184e+003,3.644499e-001
3.164666e+003,3.653254e-001
3.165148e+003,3.661989e-001
3.165630e+003,3.670611e-001
3.166112e+003,3.679079e-001
3.166594e+003,3.687440e-001
3.167076e+003,3.695792e-001
3.167558e+003,3.704235e-001
3.168041e+003,3.712793e-001
3.168523e+003,3.721413e-001
3.169005e+003,3.730007e-001
3.169487e+003,3.738497e-001
3.169969e+003,3.746871e-001
3.170451e+003,3.755189e-001
3.170933e+003,3.763541e-001
3.171415e+003,3.772000e-001
3.171897e+003,3.780563e-001
3.172380e+003,3.789152e-001
3.172862e+003,3.797668e-001
3.173344e+003,3.806038e-001
3.173826e+003,3.814273e-001
3.174308e+003,3.822459e-001
3.174790e+003,3.830707e-001
3.175272e+003,3.839103e-001
3.175754e+003,3.847632e-001
3.176237e+003,3.856199e-001
3.176719e+003,3.864674e-001
3.177201e+003,3.872963e-001
3.177683e+003,3.881061e-001
3.178165e+003,3.889056e-001
3.178647e+003,3.897057e-001
3.179129e+003,3.905141e-001
3.179612e+003,3.913293e-001
3.180094e+003,3.921405e-001
3.180576e+003,3.929342e-001
3.181058e+003,3.937032e-001
3.181540e+003,3.944506e-001
3.182022e+003,3.951894e-001
3.182504e+003,3.959367e-001
3.182986e+003,3.967040e-001
3.183469e+003,3.974917e-001
3.183951e+003,3.982874e-001
3.184433e+003,3.990736e-001
3.184915e+003,3.998353e-001
3.185397e+003,4.005700e-001
3.185879e+003,4.012863e-001
3.186361e+003,4.020000e-001
3.186843e+003,4.027239e-001
3.187325e+003,4.034623e-001
3.187808e+003,4.042074e-001
3.188290e+003,4.049466e-001
3.188772e+003,4.056699e-001
3.189254e+003,4.063776e-001
3.189736e+003,4.070783e-001
3.190218e+003,4.077870e-001
3.190700e+003,4.085132e-001
3.191182e+003,4.092558e-001
3.191665e+003,4.100018e-001
3.192147e+003,4.107319e-001
3.192629e+003,4.114293e-001
3.193111e+003,4.120901e-001
3.193593e+003,4.127232e-001
3.194075e+003,4.133462e-001
3.194557e+003,4.139763e-001
3.195040e+003,4.146230e-001
3.195521e+003,4.152831e-001
3.196004e+003,4.159486e-001
3.196486e+003,4.166103e-001
3.196968e+003,4.172668e-001
3.197450e+003,4.179236e-001
3.197932e+003,4.185914e-001
3.198414e+003,4.192751e-001
3.198896e+003,4.199715e-001
3.199379e+003,4.206651e-001
3.199861e+003,4.213373e-001
3.200343e+003,4.219750e-001
3.200825e+003,4.225774e-001
3.201307e+003,4.231575e-001
3.201789e+003,4.237363e-001
3.202271e+003,4.243328e-001
3.202753e+003,4.249553e-001
3.203236e+003,4.255982e-001
3.203718e+003,4.262481e-001
3.204200e+003,4.268888e-001
3.204682e+003,4.275134e-001
3.205164e+003,4.281243e-001
3.205646e+003,4.287310e-001
3.206128e+003,4.293443e-001
3.206610e+003,4.299686e-001
3.207093e+003,4.305996e-001
3.207575e+003,4.312281e-001
3.208057e+003,4.318461e-001
3.208539e+003,4.324525e-001
3.209021e+003,4.330527e-001
3.209503e+003,4.336554e-001
3.209985e+003,4.342663e-001
3.210468e+003,4.348833e-001
3.210949e+003,4.354979e-001
3.211432e+003,4.360987e-001
3.211914e+003,4.366830e-001
3.212396e+003,4.372574e-001
3.212878e+003,4.378375e-001
3.213360e+003,4.384422e-001
3.213842e+003,4.390813e-001
3.214324e+003,4.397520e-001
3.214807e+003,4.404391e-001
3.215289e+003,4.411236e-001
3.215771e+003,4.417914e-001
3.216253e+003,4.424416e-001
3.216735e+003,4.430864e-001
3.217217e+003,4.437409e-001
3.217699e+003,4.444177e-001
3.218181e+003,4.451174e-001
3.218664e+003,4.458278e-001
3.219146e+003,4.465334e-001
3.219628e+003,4.472242e-001
3.220110e+003,4.479023e-001
3.220592e+003,4.485827e-001
3.221074e+003,4.492862e-001
3.221556e+003,4.500254e-001
3.222038e+003,4.508016e-001
3.222521e+003,4.515989e-001
3.223003e+003,4.523966e-001
3.223485e+003,4.531780e-001
3.223967e+003,4.539390e-001
3.224449e+003,4.546916e-001
3.224931e+003,4.554537e-001
3.225413e+003,4.562424e-001
3.225896e+003,4.570656e-001
3.226377e+003,4.579175e-001
3.226860e+003,4.587854e-001
3.227342e+003,4.596608e-001
3.227824e+003,4.605434e-001
3.228306e+003,4.614445e-001
3.228788e+003,4.623800e-001
3.229270e+003,4.633611e-001
3.229752e+003,4.643869e-001
3.230235e+003,4.654444e-001
3.230717e+003,4.665159e-001
3.231199e+003,4.675872e-001
3.231681e+003,4.686557e-001
3.232163e+003,4.697292e-001
3.232645e+003,4.708195e-001
3.233127e+003,4.719322e-001
3.233609e+003,4.730607e-001
3.234092e+003,4.741872e-001
3.234574e+003,4.752910e-001
3.235056e+003,4.763615e-001
3.235538e+003,4.774054e-001
3.236020e+003,4.784472e-001
3.236502e+003,4.795180e-001
3.236984e+003,4.806453e-001
3.237466e+003,4.818381e-001
3.237948e+003,4.830880e-001
3.238431e+003,4.843756e-001
3.238913e+003,4.856789e-001
3.239395e+003,4.869872e-001
3.239877e+003,4.883018e-001
3.240359e+003,4.896322e-001
3.240841e+003,4.909874e-001
3.241323e+003,4.923689e-001
3.241806e+003,4.937701e-001
3.242288e+003,4.951823e-001
3.242770e+003,4.966030e-001
3.243252e+003,4.980415e-001
3.243734e+003,4.995162e-001
3.244216e+003,5.010442e-001
3.244698e+003,5.026296e-001
3.245180e+003,5.042589e-001
3.245663e+003,5.059010e-001
3.246145e+003,5.075216e-001
3.246627e+003,5.090970e-001
3.247109e+003,5.106257e-001
3.247591e+003,5.121256e-001
3.248073e+003,5.136253e-001
3.248555e+003,5.151477e-001
3.249037e+003,5.167012e-001
3.249520e+003,5.182763e-001
3.250002e+003,5.198557e-001
3.250484e+003,5.214254e-001
3.250966e+003,5.229889e-001
3.251448e+003,5.245650e-001
3.251930e+003,5.261807e-001
3.252412e+003,5.278562e-001
3.252894e+003,5.295952e-001
3.253376e+003,5.313786e-001
3.253859e+003,5.331737e-001
3.254341e+003,5.349496e-001
3.254823e+003,5.366877e-001
3.255305e+003,5.383882e-001
3.255787e+003,5.400631e-001
3.256269e+003,5.417271e-001
3.256751e+003,5.433877e-001
3.257234e+003,5.450395e-001
3.257716e+003,5.466735e-001
3.258198e+003,5.482839e-001
3.258680e+003,5.498764e-001
3.259162e+003,5.514681e-001
3.259644e+003,5.530789e-001
3.260126e+003,5.547201e-001
3.260608e+003,5.563889e-001
3.261091e+003,5.580646e-001
3.261573e+003,5.597232e-001
3.262055e+003,5.613464e-001
3.262537e+003,5.629326e-001
3.263019e+003,5.644960e-001
3.263501e+003,5.660572e-001
3.263983e+003,5.676311e-001
3.264465e+003,5.692167e-001
3.264948e+003,5.707977e-001
3.265430e+003,5.723524e-001
3.265912e+003,5.738655e-001
3.266394e+003,5.753399e-001
3.266876e+003,5.767941e-001
3.267358e+003,5.782543e-001
3.267840e+003,5.797370e-001
3.268323e+003,5.812401e-001
3.268804e+003,5.827396e-001
3.269287e+003,5.842030e-001
3.269769e+003,5.856009e-001
3.270251e+003,5.869218e-001
3.270733e+003,5.881743e-001
3.271215e+003,5.893784e-001
3.271697e+003,5.905538e-001
3.272179e+003,5.917075e-001
3.272662e+003,5.928292e-001
3.273144e+003,5.938993e-001
3.273626e+003,5.949020e-001
3.274108e+003,5.958335e-001
3.274590e+003,5.967054e-001
3.275072e+003,5.975401e-001
3.275554e+003,5.983551e-001
3.276036e+003,5.991583e-001
3.276519e+003,5.999430e-001
3.277001e+003,6.006961e-001
3.277483e+003,6.014078e-001
3.277965e+003,6.020791e-001
3.278447e+003,6.027203e-001
3.278929e+003,6.033446e-001
3.279411e+003,6.039563e-001
3.279893e+003,6.045468e-001
3.280375e+003,6.050935e-001
3.280858e+003,6.055743e-001
3.281340e+003,6.059756e-001
3.281822e+003,6.063012e-001
3.282304e+003,6.065719e-001
3.282786e+003,6.068107e-001
3.283268e+003,6.070335e-001
3.283750e+003,6.072379e-001
3.284232e+003,6.074067e-001
3.284715e+003,6.075177e-001
3.285197e+003,6.075577e-001
3.285679e+003,6.075317e-001
3.286161e+003,6.074602e-001
3.286643e+003,6.073693e-001
3.287125e+003,6.072773e-001
3.287607e+003,6.071860e-001
3.288090e+003,6.070785e-001
3.288572e+003,6.069325e-001
3.289054e+003,6.067308e-001
3.289536e+003,6.064715e-001
3.290018e+003,6.061670e-001
3.290500e+003,6.058342e-001
3.290982e+003,6.054829e-001
3.291464e+003,6.051076e-001
3.291947e+003,6.046866e-001
3.292429e+003,6.041960e-001
3.292911e+003,6.036197e-001
3.293393e+003,6.029605e-001
3.293875e+003,6.022370e-001
3.294357e+003,6.014748e-001
3.294839e+003,6.006906e-001
3.295321e+003,5.998885e-001
3.295803e+003,5.990556e-001
3.296286e+003,5.981759e-001
3.296768e+003,5.972390e-001
3.297250e+003,5.962514e-001
3.297732e+003,5.952317e-001
3.298214e+003,5.942045e-001
3.298696e+003,5.931846e-001
3.299178e+003,5.921727e-001
3.299660e+003,5.911556e-001
3.300143e+003,5.901139e-001
3.300625e+003,5.890387e-001
3.301107e+003,5.879342e-001
3.301589e+003,5.868173e-001
3.302071e+003,5.857081e-001
3.302553e+003,5.846173e-001
3.303035e+003,5.835391e-001
3.303518e+003,5.824534e-001
3.304000e+003,5.813352e-001
3.304482e+003,5.801677e-001
3.304964e+003,5.789500e-001
3.305446e+003,5.776935e-001
3.305928e+003,5.764149e-001
3.306410e+003,5.751228e-001
3.306892e+003,5.738137e-001
3.307375e+003,5.724732e-001
3.307857e+003,5.710858e-001
3.308339e+003,5.696484e-001
3.308821e+003,5.681753e-001
3.309303e+003,5.666953e-001
3.309785e+003,5.652377e-001
3.310267e+003,5.638187e-001
3.310749e+003,5.624369e-001
3.311231e+003,5.610712e-001
3.311714e+003,5.596964e-001
3.312196e+003,5.582958e-001
3.312678e+003,5.568707e-001
3.313160e+003,5.554369e-001
3.313642e+003,5.540168e-001
3.314124e+003,5.526243e-001
3.314606e+003,5.512591e-001
3.315088e+003,5.499037e-001
3.315571e+003,5.485380e-001
3.316053e+003,5.471501e-001
3.316535e+003,5.457429e-001
3.317017e+003,5.443357e-001
3.317499e+003,5.429510e-001
3.317981e+003,5.416045e-001
3.318463e+003,5.402957e-001
3.318946e+003,5.390086e-001
3.319427e+003,5.377207e-001
3.319910e+003,5.364164e-001
3.320392e+003,5.350954e-001
3.320874e+003,5.337719e-001
3.321356e+003,5.324669e-001
3.321838e+003,5.311954e-001
3.322320e+003,5.299605e-001
3.322802e+003,5.287490e-001
3.323285e+003,5.275430e-001
3.323767e+003,5.263264e-001
3.324249e+003,5.250960e-001
3.324731e+003,5.238599e-001
3.325213e+003,5.226315e-001
3.325695e+003,5.214194e-001
3.326177e+003,5.202222e-001
3.326659e+003,5.190286e-001
3.327142e+003,5.178255e-001
3.327624e+003,5.166060e-001
3.328106e+003,5.153772e-001
3.328588e+003,5.141541e-001
3.329070e+003,5.129551e-001
3.329552e+003,5.117896e-001
3.330034e+003,5.106544e-001
3.330516e+003,5.095351e-001
3.330999e+003,5.084156e-001
3.331481e+003,5.072879e-001
3.331963e+003,5.061580e-001
3.332445e+003,5.050421e-001
3.332927e+003,5.039580e-001
3.333409e+003,5.029144e-001
3.333891e+003,5.019065e-001
3.334374e+003,5.009164e-001
3.334855e+003,4.999245e-001
3.335338e+003,4.989185e-001
3.335820e+003,4.979027e-001
3.336302e+003,4.968913e-001
3.336784e+003,4.959024e-001
3.337266e+003,4.949442e-001
3.337748e+003,4.940094e-001
3.338230e+003,4.930805e-001
3.338713e+003,4.921364e-001
3.339195e+003,4.911662e-001
3.339677e+003,4.901753e-001
3.340159e+003,4.891816e-001
3.340641e+003,4.882070e-001
3.341123e+003,4.872629e-001
3.341605e+003,4.863476e-001
3.342087e+003,4.854428e-001
3.342570e+003,4.845289e-001
3.343052e+003,4.835927e-001
3.343534e+003,4.826379e-001
3.344016e+003,4.816809e-001
3.344498e+003,4.807424e-001
3.344980e+003,4.798358e-001
3.345462e+003,4.789591e-001
3.345944e+003,4.780948e-001
3.346427e+003,4.772222e-001
3.346909e+003,4.763266e-001
3.347391e+003,4.754087e-001
3.347873e+003,4.744833e-001
3.348355e+003,4.735698e-001
3.348837e+003,4.726832e-001
3.349319e+003,4.718243e-001
3.349802e+003,4.709788e-001
3.350283e+003,4.701287e-001
3.350766e+003,4.692592e-001
3.351248e+003,4.683698e-001
3.351730e+003,4.674723e-001
3.352212e+003,4.665820e-001
3.352694e+003,4.657103e-001
3.353176e+003,4.648546e-001
3.353658e+003,4.640026e-001
3.354141e+003,4.631375e-001
3.354623e+003,4.622496e-001
3.355105e+003,4.613440e-001
3.355587e+003,4.604375e-001
3.356069e+003,4.595519e-001
3.356551e+003,4.587017e-001
3.357033e+003,4.578862e-001
3.357515e+003,4.570900e-001
3.357998e+003,4.562942e-001
3.358480e+003,4.554817e-001
3.358962e+003,4.546499e-001
3.359444e+003,4.538079e-001
3.359926e+003,4.529696e-001
3.360408e+003,4.521448e-001
3.360890e+003,4.513310e-001
3.361372e+003,4.505154e-001
3.361854e+003,4.496819e-001
3.362337e+003,4.488227e-001
3.362819e+003,4.479432e-001
3.363301e+003,4.470598e-001
3.363783e+003,4.461938e-001
3.364265e+003,4.453586e-001
3.364747e+003,4.445539e-001
3.365229e+003,4.437654e-001
3.365712e+003,4.429730e-001
3.366194e+003,4.421631e-001
3.366676e+003,4.413353e-001
3.367158e+003,4.405014e-001
3.367640e+003,4.396780e-001
3.368122e+003,4.388777e-001
3.368604e+003,4.380987e-001
3.369086e+003,4.373276e-001
3.369569e+003,4.365466e-001
3.370051e+003,4.357440e-001
3.370533e+003,4.349211e-001
3.371015e+003,4.340921e-001
3.371497e+003,4.332771e-001
3.371979e+003,4.324909e-001
3.372461e+003,4.317367e-001
3.372943e+003,4.310035e-001
3.373426e+003,4.302739e-001
3.373908e+003,4.295337e-001
3.374390e+003,4.287791e-001
3.374872e+003,4.280168e-001
3.375354e+003,4.272583e-001
3.375836e+003,4.265125e-001
3.376318e+003,4.257800e-001
3.376800e+003,4.250512e-001
3.377282e+003,4.243142e-001
3.377765e+003,4.235649e-001
3.378247e+003,4.228084e-001
3.378729e+003,4.220607e-001
3.379211e+003,4.213372e-001
3.379693e+003,4.206480e-001
3.380175e+003,4.199885e-001
3.380657e+003,4.193421e-001
3.381140e+003,4.186898e-001
3.381622e+003,4.180167e-001
3.382104e+003,4.173242e-001
3.382586e+003,4.166247e-001
3.383068e+003,4.159373e-001
3.383550e+003,4.152760e-001
3.384032e+003,4.146449e-001
3.384514e+003,4.140337e-001
3.384997e+003,4.134286e-001
3.385479e+003,4.128177e-001
3.385961e+003,4.122009e-001
3.386443e+003,4.115880e-001
3.386925e+003,4.109916e-001
3.387407e+003,4.104198e-001
3.387889e+003,4.098695e-001
3.388371e+003,4.093267e-001
3.388854e+003,4.087744e-001
3.389336e+003,4.082016e-001
3.389818e+003,4.076086e-001
3.390300e+003,4.070082e-001
3.390782e+003,4.064170e-001
3.391264e+003,4.058493e-001
3.391746e+003,4.053079e-001
3.392229e+003,4.047848e-001
3.392710e+003,4.042676e-001
3.393193e+003,4.037471e-001
3.393675e+003,4.032242e-001
3.394157e+003,4.027074e-001
3.394639e+003,4.022082e-001
3.395121e+003,4.017303e-001
3.395603e+003,4.012688e-001
3.396085e+003,4.008076e-001
3.396568e+003,4.003308e-001
3.397050e+003,3.998303e-001
3.397532e+003,3.993105e-001
3.398014e+003,3.987876e-001
3.398496e+003,3.982806e-001
3.398978e+003,3.978004e-001
3.399460e+003,3.973451e-001
3.399942e+003,3.969013e-001
3.400425e+003,3.964513e-001
3.400907e+003,3.959851e-001
3.401389e+003,3.955052e-001
3.401871e+003,3.950257e-001
3.402353e+003,3.945645e-001
3.402835e+003,3.941326e-001
3.403317e+003,3.937292e-001
3.403799e+003,3.933383e-001
3.404281e+003,3.929401e-001
3.404764e+003,3.925205e-001
3.405246e+003,3.920781e-001
3.405728e+003,3.916230e-001
3.406210e+003,3.911719e-001
3.406692e+003,3.907363e-001
3.407174e+003,3.903192e-001
3.407656e+003,3.899103e-001
3.408138e+003,3.894955e-001
3.408621e+003,3.890659e-001
3.409103e+003,3.886232e-001
3.409585e+003,3.881780e-001
3.410067e+003,3.877439e-001
3.410549e+003,3.873295e-001
3.411031e+003,3.869333e-001
3.411513e+003,3.865419e-001
3.411996e+003,3.861398e-001
3.412478e+003,3.857169e-001
3.412960e+003,3.852750e-001
3.413442e+003,3.848262e-001
3.413924e+003,3.843867e-001
3.414406e+003,3.839666e-001
3.414888e+003,3.835653e-001
3.415370e+003,3.831714e-001
3.415853e+003,3.827710e-001
3.416335e+003,3.823547e-001
3.416817e+003,3.819231e-001
3.417299e+003,3.814875e-001
3.417781e+003,3.810602e-001
3.418263e+003,3.806488e-001
3.418745e+003,3.802496e-001
3.419227e+003,3.798496e-001
3.419709e+003,3.794349e-001
3.420192e+003,3.789976e-001
3.420674e+003,3.785434e-001
3.421156e+003,3.780883e-001
3.421638e+003,3.776497e-001
3.422120e+003,3.772369e-001
3.422602e+003,3.768455e-001
3.423084e+003,3.764597e-001
3.423566e+003,3.760631e-001
3.424049e+003,3.756464e-001
3.424531e+003,3.752130e-001
3.425013e+003,3.747763e-001
3.425495e+003,3.743523e-001
3.425977e+003,3.739470e-001
3.426459e+003,3.735568e-001
3.426941e+003,3.731650e-001
3.427424e+003,3.727543e-001
3.427906e+003,3.723143e-001
3.428388e+003,3.718497e-001
3.428870e+003,3.713753e-001
3.429352e+003,3.709097e-001
3.429834e+003,3.704625e-001
3.430316e+003,3.700312e-001
3.430798e+003,3.696010e-001
3.431281e+003,3.691558e-001
3.431763e+003,3.686872e-001
3.432245e+003,3.682008e-001
3.432727e+003,3.677155e-001
3.433209e+003,3.672510e-001
3.433691e+003,3.668197e-001
3.434173e+003,3.664186e-001
3.434655e+003,3.660305e-001
3.435137e+003,3.656357e-001
3.435620e+003,3.652180e-001
3.436102e+003,3.647788e-001
3.436584e+003,3.643288e-001
3.437066e+003,3.638861e-001
3.437548e+003,3.634630e-001
3.438030e+003,3.630602e-001
3.438512e+003,3.626654e-001
3.438994e+003,3.622622e-001
3.439477e+003,3.618386e-001
3.439959e+003,3.613932e-001
3.440441e+003,3.609357e-001
3.440923e+003,3.604812e-001
3.441405e+003,3.600386e-001
3.441887e+003,3.596095e-001
3.442369e+003,3.591835e-001
3.442852e+003,3.587493e-001
3.443333e+003,3.582988e-001
3.443816e+003,3.578349e-001
3.444298e+003,3.573673e-001
3.444780e+003,3.569046e-001
3.445262e+003,3.564501e-001
3.445744e+003,3.559964e-001
3.446226e+003,3.555284e-001
3.446708e+003,3.550358e-001
3.447191e+003,3.545188e-001
3.447673e+003,3.539944e-001
3.448155e+003,3.534842e-001
3.448637e+003,3.530084e-001
3.449119e+003,3.525697e-001
3.449601e+003,3.521542e-001
3.450083e+003,3.517369e-001
3.450565e+003,3.512935e-001
3.451048e+003,3.508124e-001
3.451530e+003,3.503008e-001
3.452012e+003,3.497794e-001
3.452494e+003,3.492728e-001
3.452976e+003,3.487971e-001
3.453458e+003,3.483505e-001
3.453940e+003,3.479146e-001
3.454422e+003,3.474670e-001
3.454905e+003,3.469898e-001
3.455387e+003,3.464809e-001
3.455869e+003,3.459500e-001
3.456351e+003,3.454151e-001
3.456833e+003,3.448867e-001
3.457315e+003,3.443682e-001
3.457797e+003,3.438508e-001
3.458280e+003,3.433230e-001
3.458761e+003,3.427804e-001
3.459244e+003,3.422293e-001
3.459726e+003,3.416841e-001
3.460208e+003,3.411583e-001
3.460690e+003,3.406553e-001
3.461172e+003,3.401657e-001
3.461654e+003,3.396671e-001
3.462136e+003,3.391393e-001
3.462619e+003,3.385722e-001
3.463101e+003,3.379739e-001
3.463583e+003,3.373643e-001
3.464065e+003,3.367653e-001
3.464547e+003,3.361887e-001
3.465029e+003,3.356331e-001
3.465511e+003,3.350825e-001
3.465993e+003,3.345197e-001
3.466476e+003,3.339364e-001
3.466958e+003,3.333384e-001
3.467440e+003,3.327428e-001
3.467922e+003,3.321679e-001
3.468404e+003,3.316225e-001
3.468886e+003,3.311005e-001
3.469368e+003,3.305832e-001
3.469850e+003,3.300517e-001
3.470333e+003,3.294946e-001
3.470815e+003,3.289174e-001
3.471297e+003,3.283364e-001
3.471779e+003,3.277692e-001
3.472261e+003,3.272242e-001
3.472743e+003,3.266937e-001
3.473225e+003,3.261576e-001
3.473708e+003,3.255939e-001
3.474189e+003,3.249899e-001
3.474672e+003,3.243515e-001
3.475154e+003,3.236976e-001
3.475636e+003,3.230509e-001
3.476118e+003,3.224267e-001
3.476600e+003,3.218238e-001
3.477082e+003,3.212282e-001
3.477564e+003,3.206219e-001
3.478047e+003,3.199947e-001
3.478529e+003,3.193498e-001
3.479011e+003,3.186998e-001
3.479493e+003,3.180612e-001
3.479975e+003,3.174420e-001
3.480457e+003,3.168360e-001
3.480939e+003,3.162265e-001
3.481421e+003,3.155943e-001
3.481904e+003,3.149331e-001
3.482386e+003,3.142525e-001
3.482868e+003,3.135769e-001
3.483350e+003,3.129288e-001
3.483832e+003,3.123192e-001
3.484314e+003,3.117421e-001
3.484796e+003,3.111754e-001
3.485278e+003,3.105954e-001
3.485760e+003,3.099852e-001
3.486243e+003,3.093456e-001
3.486725e+003,3.086913e-001
3.487207e+003,3.080415e-001
3.487689e+003,3.074102e-001
3.488171e+003,3.067968e-001
3.488653e+003,3.061868e-001
3.489135e+003,3.055640e-001
3.489618e+003,3.049189e-001
3.490100e+003,3.042531e-001
3.490582e+003,3.035829e-001
3.491064e+003,3.029241e-001
3.491546e+003,3.022850e-001
3.492028e+003,3.016605e-001
3.492510e+003,3.010338e-001
3.492992e+003,3.003868e-001
3.493475e+003,2.997082e-001
3.493957e+003,2.990011e-001
3.494439e+003,2.982805e-001
3.494921e+003,2.975645e-001
3.495403e+003,2.968654e-001
3.495885e+003,2.961831e-001
3.496367e+003,2.955069e-001
3.496849e+003,2.948249e-001
3.497332e+003,2.941329e-001
3.497814e+003,2.934400e-001
3.498296e+003,2.927624e-001
3.498778e+003,2.921142e-001
3.499260e+003,2.914965e-001
3.499742e+003,2.908958e-001
3.500224e+003,2.902837e-001
3.500706e+003,2.896323e-001
3.501188e+003,2.889228e-001
3.501671e+003,2.881572e-001
3.502153e+003,2.873573e-001
3.502635e+003,2.865541e-001
3.503117e+003,2.857750e-001
3.503599e+003,2.850313e-001
3.504081e+003,2.843178e-001
3.504563e+003,2.836218e-001
3.505046e+003,2.829331e-001
3.505528e+003,2.822509e-001
3.506010e+003,2.815795e-001
3.506492e+003,2.809228e-001
3.506974e+003,2.802756e-001
3.507456e+003,2.796240e-001
3.507938e+003,2.789465e-001
3.508420e+003,2.782261e-001
3.508903e+003,2.774599e-001
3.509385e+003,2.766660e-001
3.509867e+003,2.758724e-001
3.510349e+003,2.751057e-001
3.510831e+003,2.743768e-001
3.511313e+003,2.736762e-001
3.511795e+003,2.729817e-001
3.512277e+003,2.722703e-001
3.512760e+003,2.715298e-001
3.513242e+003,2.707673e-001
3.513724e+003,2.699985e-001
3.514206e+003,2.692429e-001
3.514688e+003,2.685088e-001
3.515170e+003,2.677889e-001
3.515652e+003,2.670641e-001
3.516135e+003,2.663149e-001
3.516616e+003,2.655326e-001
3.517099e+003,2.647254e-001
3.517581e+003,2.639153e-001
3.518063e+003,2.631272e-001
3.518545e+003,2.623748e-001
3.519027e+003,2.616555e-001
3.519509e+003,2.609496e-001
3.519991e+003,2.602330e-001
3.520474e+003,2.594875e-001
3.520956e+003,2.587101e-001
3.521438e+003,2.579113e-001
3.521920e+003,2.571102e-001
3.522402e+003,2.563221e-001
3.522884e+003,2.555525e-001
3.523366e+003,2.547948e-001
3.523848e+003,2.540374e-001
3.524331e+003,2.532717e-001
3.524813e+003,2.524988e-001
3.525295e+003,2.517260e-001
3.525777e+003,2.509598e-001
3.526259e+003,2.501996e-001
3.526741e+003,2.494342e-001
3.527223e+003,2.486459e-001
3.527705e+003,2.478238e-001
3.528188e+003,2.469671e-001
3.528670e+003,2.460934e-001
3.529152e+003,2.452261e-001
3.529634e+003,2.443847e-001
3.530116e+003,2.435769e-001
3.530598e+003,2.427945e-001
3.531080e+003,2.420205e-001
3.531563e+003,2.412412e-001
3.532044e+003,2.404506e-001
3.532527e+003,2.396547e-001
3.533009e+003,2.388645e-001
3.533491e+003,2.380868e-001
3.533973e+003,2.373179e-001
3.534455e+003,2.365440e-001
3.534937e+003,2.357456e-001
3.535419e+003,2.349096e-001
3.535902e+003,2.340409e-001
3.536384e+003,2.331626e-001
3.536866e+003,2.323045e-001
3.537348e+003,2.314911e-001
3.537830e+003,2.307268e-001
3.538312e+003,2.299958e-001
3.538794e+003,2.292722e-001
3.539276e+003,2.285300e-001
3.539759e+003,2.277587e-001
3.540241e+003,2.269643e-001
3.540723e+003,2.261630e-001
3.541205e+003,2.253735e-001
3.541687e+003,2.246019e-001
3.542169e+003,2.238399e-001
3.542651e+003,2.230658e-001
3.543133e+003,2.222587e-001
3.543615e+003,2.214077e-001
3.544098e+003,2.205216e-001
3.544580e+003,2.196253e-001
3.545062e+003,2.187468e-001
3.545544e+003,2.179035e-001
3.546026e+003,2.170945e-001
3.546508e+003,2.163032e-001
3.546990e+003,2.155142e-001
3.547472e+003,2.147211e-001
3.547955e+003,2.139323e-001
3.548437e+003,2.131612e-001
3.548919e+003,2.124161e-001
3.549401e+003,2.116900e-001
3.549883e+003,2.109632e-001
3.550365e+003,2.102056e-001
3.550847e+003,2.093931e-001
3.551330e+003,2.085204e-001
3.551812e+003,2.076074e-001
3.552294e+003,2.066925e-001
3.552776e+003,2.058165e-001
3.553258e+003,2.049989e-001
3.553740e+003,2.042340e-001
3.554222e+003,2.034956e-001
3.554704e+003,2.027553e-001
3.555187e+003,2.019937e-001
3.555669e+003,2.012097e-001
3.556151e+003,2.004149e-001
3.556633e+003,1.996260e-001
3.557115e+003,1.988533e-001
3.557597e+003,1.980955e-001
3.558079e+003,1.973401e-001
3.558561e+003,1.965714e-001
3.559043e+003,1.957827e-001
3.559526e+003,1.949793e-001
3.560008e+003,1.941779e-001
3.560490e+003,1.933957e-001
3.560972e+003,1.926446e-001
3.561454e+003,1.919219e-001
3.561936e+003,1.912156e-001
3.562418e+003,1.905120e-001
3.562900e+003,1.898030e-001
3.563383e+003,1.890885e-001
3.563865e+003,1.883736e-001
3.564347e+003,1.876583e-001
3.564829e+003,1.869297e-001
3.565311e+003,1.861599e-001
3.565793e+003,1.853109e-001
3.566275e+003,1.843626e-001
3.566758e+003,1.833357e-001
3.567240e+003,1.822943e-001
3.567722e+003,1.813143e-001
3.568204e+003,1.804396e-001
3.568686e+003,1.796683e-001
3.569168e+003,1.789661e-001
3.569650e+003,1.782901e-001
3.570132e+003,1.776082e-001
3.570615e+003,1.769051e-001
3.571097e+003,1.761845e-001
3.571579e+003,1.754590e-001
3.572061e+003,1.747400e-001
3.572543e+003,1.740302e-001
3.573025e+003,1.733200e-001
3.573507e+003,1.725943e-001
3.573989e+003,1.718414e-001
3.574471e+003,1.710629e-001
3.574954e+003,1.702767e-001
3.575436e+003,1.695073e-001
3.575918e+003,1.687739e-001
3.576400e+003,1.680806e-001
3.576882e+003,1.674123e-001
3.577364e+003,1.667417e-001
3.577846e+003,1.660440e-001
3.578328e+003,1.653076e-001
3.578811e+003,1.645406e-001
3.579293e+003,1.637640e-001
3.579775e+003,1.630021e-001
3.580257e+003,1.622677e-001
3.580739e+003,1.615602e-001
3.581221e+003,1.608687e-001
3.581703e+003,1.601799e-001
3.582186e+003,1.594892e-001
3.582667e+003,1.588036e-001
3.583150e+003,1.581371e-001
3.583632e+003,1.574988e-001
3.584114e+003,1.568875e-001
3.584596e+003,1.562844e-001
3.585078e+003,1.556575e-001
3.585560e+003,1.549680e-001
3.586042e+003,1.541904e-001
3.586525e+003,1.533267e-001
3.587007e+003,1.524157e-001
3.587489e+003,1.515182e-001
3.587971e+003,1.506860e-001
3.588453e+003,1.499364e-001
3.588935e+003,1.492542e-001
3.589417e+003,1.486161e-001
3.589899e+003,1.480035e-001
3.590382e+003,1.474113e-001
3.590864e+003,1.468382e-001
3.591346e+003,1.462821e-001
3.591828e+003,1.457311e-001
3.592310e+003,1.451665e-001
3.592792e+003,1.445628e-001
3.593274e+003,1.439030e-001
3.593756e+003,1.431898e-001
3.594239e+003,1.424470e-001
3.594721e+003,1.417109e-001
3.595203e+003,1.410121e-001
3.595685e+003,1.403614e-001
3.596167e+003,1.397473e-001
3.596649e+003,1.391453e-001
3.597131e+003,1.385325e-001
3.597614e+003,1.378988e-001
3.598095e+003,1.372489e-001
3.598578e+003,1.365965e-001
3.599060e+003,1.359538e-001
3.599542e+003,1.353225e-001
3.600024e+003,1.346942e-001
3.600506e+003,1.340541e-001
3.600988e+003,1.333944e-001
3.601470e+003,1.327216e-001
3.601953e+003,1.320555e-001
3.602435e+003,1.314178e-001
3.602917e+003,1.308215e-001
3.603399e+003,1.302658e-001
3.603881e+003,1.297345e-001
3.604363e+003,1.292031e-001
3.604845e+003,1.286506e-001
3.605327e+003,1.280638e-001
3.605810e+003,1.274431e-001
3.606292e+003,1.267971e-001
3.606774e+003,1.261378e-001
3.607256e+003,1.254735e-001
3.607738e+003,1.248049e-001
3.608220e+003,1.241292e-001
3.608702e+003,1.234503e-001
3.609184e+003,1.227833e-001
3.609667e+003,1.221490e-001
3.610149e+003,1.215616e-001
3.610631e+003,1.210219e-001
3.611113e+003,1.205116e-001
3.611595e+003,1.199986e-001
3.612077e+003,1.194448e-001
3.612559e+003,1.188257e-001
3.613042e+003,1.181456e-001
3.613524e+003,1.174391e-001
3.614006e+003,1.167519e-001
3.614488e+003,1.161165e-001
3.614970e+003,1.155367e-001
3.615452e+003,1.149934e-001
3.615934e+003,1.144551e-001
3.616416e+003,1.138939e-001
3.616898e+003,1.132944e-001
3.617381e+003,1.126617e-001
3.617863e+003,1.120152e-001
3.618345e+003,1.113777e-001
3.618827e+003,1.107614e-001
3.619309e+003,1.101623e-001
3.619791e+003,1.095635e-001
3.620273e+003,1.089564e-001
3.620755e+003,1.083464e-001
3.621238e+003,1.077502e-001
3.621720e+003,1.071833e-001
3.622202e+003,1.066513e-001
3.622684e+003,1.061467e-001
3.623166e+003,1.056542e-001
3.623648e+003,1.051558e-001
3.624130e+003,1.046418e-001
3.624612e+003,1.041153e-001
3.625094e+003,1.035920e-001
3.625577e+003,1.030883e-001
3.626059e+003,1.026137e-001
3.626541e+003,1.021562e-001
3.627023e+003,1.016765e-001
3.627505e+003,1.011079e-001
3.627987e+003,1.003915e-001
3.628469e+003,9.953046e-002
3.628952e+003,9.862523e-002
3.629434e+003,9.781189e-002
3.629916e+003,9.716301e-002
3.630398e+003,9.666055e-002
3.630880e+003,9.624199e-002
3.631362e+003,9.584481e-002
3.631844e+003,9.542369e-002
3.632326e+003,9.495760e-002
3.632809e+003,9.444731e-002
3.633291e+003,9.390664e-002
3.633773e+003,9.335618e-002
3.634255e+003,9.281217e-002
3.634737e+003,9.227687e-002
3.635219e+003,9.174470e-002
3.635701e+003,9.120885e-002
3.636183e+003,9.066796e-002
3.636666e+003,9.012876e-002
3.637148e+003,8.960173e-002
3.637630e+003,8.909336e-002
3.638112e+003,8.860019e-002
3.638594e+003,8.811139e-002
3.639076e+003,8.761051e-002
3.639558e+003,8.708735e-002
3.640041e+003,8.654412e-002
3.640522e+003,8.599237e-002
3.641005e+003,8.545063e-002
3.641487e+003,8.493300e-002
3.641969e+003,8.444174e-002
3.642451e+003,8.397064e-002
3.642933e+003,8.350590e-002
3.643415e+003,8.303659e-002
3.643897e+003,8.256401e-002
3.644380e+003,8.209614e-002
3.644862e+003,8.164752e-002
3.645344e+003,8.122966e-002
3.645826e+003,8.084344e-002
3.646308e+003,8.047657e-002
3.646790e+003,8.010063e-002
3.647272e+003,7.968543e-002
3.647754e+003,7.921561e-002
3.648237e+003,7.870298e-002
3.648719e+003,7.817476e-002
3.649201e+003,7.765281e-002
3.649683e+003,7.713457e-002
3.650165e+003,7.660560e-002
3.650647e+003,7.605621e-002
3.651129e+003,7.550029e-002
3.651611e+003,7.496320e-002
3.652094e+003,7.446786e-002
3.652576e+003,7.402265e-002
3.653058e+003,7.362232e-002
3.653540e+003,7.324964e-002
3.654022e+003,7.287745e-002
3.654504e+003,7.247674e-002
3.654986e+003,7.202724e-002
3.655469e+003,7.153074e-002
3.655950e+003,7.101539e-002
3.656433e+003,7.052211e-002
3.656915e+003,7.007924e-002
3.657397e+003,6.968769e-002
3.657879e+003,6.932727e-002
3.658361e+003,6.897215e-002
3.658843e+003,6.860499e-002
3.659325e+003,6.822429e-002
3.659808e+003,6.784029e-002
3.660290e+003,6.746741e-002
3.660772e+003,6.711590e-002
3.661254e+003,6.678553e-002
3.661736e+003,6.646372e-002
3.662218e+003,6.613597e-002
3.662700e+003,6.579174e-002
3.663182e+003,6.543218e-002
3.663665e+003,6.506784e-002
3.664147e+003,6.471370e-002
3.664629e+003,6.437980e-002
3.665111e+003,6.406546e-002
3.665593e+003,6.376033e-002
3.666075e+003,6.345052e-002
3.666557e+003,6.312386e-002
3.667039e+003,6.277785e-002
3.667521e+003,6.241982e-002
3.668004e+003,6.206380e-002
3.668486e+003,6.172142e-002
3.668968e+003,6.139254e-002
3.669450e+003,6.106389e-002
3.669932e+003,6.071667e-002
3.670414e+003,6.034984e-002
3.670896e+003,5.998326e-002
3.671378e+003,5.964420e-002
3.671861e+003,5.935171e-002
3.672343e+003,5.911161e-002
3.672825e+003,5.891467e-002
3.673307e+003,5.874359e-002
3.673789e+003,5.856919e-002
3.674271e+003,5.835638e-002
3.674753e+003,5.807902e-002
3.675236e+003,5.774519e-002
3.675718e+003,5.739595e-002
3.676200e+003,5.707458e-002
3.676682e+003,5.678930e-002
3.677164e+003,5.652546e-002
3.677646e+003,5.626450e-002
3.678128e+003,5.599909e-002
3.678610e+003,5.573328e-002
3.679093e+003,5.547905e-002
3.679575e+003,5.524689e-002
3.680057e+003,5.503817e-002
3.680539e+003,5.484495e-002
3.681021e+003,5.465271e-002
3.681503e+003,5.444833e-002
3.681985e+003,5.422967e-002
3.682467e+003,5.400238e-002
3.682949e+003,5.377999e-002
3.683432e+003,5.357550e-002
3.683914e+003,5.339282e-002
3.684396e+003,5.322437e-002
3.684878e+003,5.305652e-002
3.685360e+003,5.287388e-002
3.685842e+003,5.266875e-002
3.686324e+003,5.244617e-002
3.686806e+003,5.222748e-002
3.687289e+003,5.204056e-002
3.687771e+003,5.190940e-002
3.688253e+003,5.183604e-002
3.688735e+003,5.179282e-002
3.689217e+003,5.173533e-002
3.689699e+003,5.163174e-002
3.690181e+003,5.148203e-002
3.690664e+003,5.130845e-002
3.691146e+003,5.113736e-002
3.691628e+003,5.098076e-002
3.692110e+003,5.083563e-002
3.692592e+003,5.069262e-002
3.693074e+003,5.054163e-002
3.693556e+003,5.038404e-002
3.694038e+003,5.022857e-002
3.694521e+003,5.009090e-002
3.695003e+003,4.998540e-002
3.695485e+003,4.991436e-002
3.695967e+003,4.986883e-002
3.696449e+003,4.982909e-002
3.696931e+003,4.977557e-002
3.697413e+003,4.969892e-002
3.697895e+003,4.960241e-002
3.698377e+003,4.950258e-002
3.698860e+003,4.941765e-002
3.699342e+003,4.936090e-002
3.699824e+003,4.933408e-002
3.700306e+003,4.932699e-002
3.700788e+003,4.931761e-002
3.701270e+003,4.928786e-002
3.701752e+003,4.923156e-002
3.702234e+003,4.915790e-002
3.702717e+003,4.908258e-002
3.703199e+003,4.901624e-002
3.703681e+003,4.896038e-002
3.704163e+003,4.890944e-002
3.704645e+003,4.885544e-002
3.705127e+003,4.879511e-002
3.705609e+003,4.873211e-002
3.706092e+003,4.867567e-002
3.706573e+003,4.863530e-002
3.707056e+003,4.861579e-002
3.707538e+003,4.861477e-002
3.708020e+003,4.862211e-002
3.708502e+003,4.862412e-002
3.708984e+003,4.861309e-002
3.709466e+003,4.859116e-002
3.709948e+003,4.857353e-002
3.710431e+003,4.857693e-002
3.710913e+003,4.860656e-002
3.711395e+003,4.864988e-002
3.711877e+003,4.867990e-002
3.712359e+003,4.867736e-002
3.712841e+003,4.863981e-002
3.713323e+003,4.858246e-002
3.713805e+003,4.852587e-002
3.714288e+003,4.848310e-002
3.714770e+003,4.845920e-002
3.715252e+003,4.844735e-002
3.715734e+003,4.843714e-002
3.716216e+003,4.841767e-002
3.716698e+003,4.838347e-002
3.717180e+003,4.833606e-002
3.717662e+003,4.828776e-002
3.718145e+003,4.824946e-002
3.718627e+003,4.822893e-002
3.719109e+003,4.822579e-002
3.719591e+003,4.823484e-002
3.720073e+003,4.824554e-002
3.720555e+003,4.825204e-002
3.721037e+003,4.825499e-002
3.721520e+003,4.825794e-002
3.722001e+003,4.826292e-002
3.722484e+003,4.826764e-002
3.722966e+003,4.826348e-002
3.723448e+003,4.824392e-002
3.723930e+003,4.820708e-002
3.724412e+003,4.816360e-002
3.724894e+003,4.813144e-002
3.725376e+003,4.813055e-002
3.725859e+003,4.816984e-002
3.726341e+003,4.823854e-002
3.726823e+003,4.831195e-002
3.727305e+003,4.836388e-002
3.727787e+003,4.837651e-002
3.728269e+003,4.835234e-002
3.728751e+003,4.830692e-002
3.729233e+003,4.826211e-002
3.729716e+003,4.823677e-002
3.730198e+003,4.824225e-002
3.730680e+003,4.827484e-002
3.731162e+003,4.831942e-002
3.731644e+003,4.835203e-002
3.732126e+003,4.835636e-002
3.732608e+003,4.833560e-002
3.733090e+003,4.831381e-002
3.733573e+003,4.832145e-002
3.734055e+003,4.837842e-002
3.734537e+003,4.847595e-002
3.735019e+003,4.857721e-002
3.735501e+003,4.863309e-002
3.735983e+003,4.861781e-002
3.736465e+003,4.854538e-002
3.736948e+003,4.845354e-002
3.737430e+003,4.837724e-002
3.737912e+003,4.833283e-002
3.738394e+003,4.831723e-002
3.738876e+003,4.831785e-002
3.739358e+003,4.831668e-002
3.739840e+003,4.830401e-002
3.740322e+003,4.827743e-002
3.740804e+003,4.824623e-002
3.741287e+003,4.822602e-002
3.741769e+003,4.823351e-002
3.742251e+003,4.828342e-002
3.742733e+003,4.838533e-002
3.743215e+003,4.853429e-002
3.743697e+003,4.870670e-002
3.744179e+003,4.885640e-002
3.744661e+003,4.894145e-002
3.745144e+003,4.894533e-002
3.745626e+003,4.888204e-002
3.746108e+003,4.877361e-002
3.746590e+003,4.863931e-002
3.747072e+003,4.849092e-002
3.747554e+003,4.834442e-002
3.748036e+003,4.822028e-002
3.748518e+003,4.814794e-002
3.749000e+003,4.815502e-002
3.749483e+003,4.825156e-002
3.749965e+003,4.841392e-002
3.750447e+003,4.859079e-002
3.750929e+003,4.872395e-002
3.751411e+003,4.878503e-002
3.751893e+003,4.878271e-002
3.752375e+003,4.874748e-002
3.752858e+003,4.870735e-002
3.753340e+003,4.867723e-002
3.753822e+003,4.865695e-002
3.754304e+003,4.864064e-002
3.754786e+003,4.862189e-002
3.755268e+003,4.859865e-002
3.755750e+003,4.857361e-002
3.756232e+003,4.855459e-002
3.756715e+003,4.854850e-002
3.757197e+003,4.855936e-002
3.757679e+003,4.858624e-002
3.758161e+003,4.862454e-002
3.758643e+003,4.866671e-002
3.759125e+003,4.870901e-002
3.759607e+003,4.874837e-002
3.760089e+003,4.878248e-002
3.760572e+003,4.880760e-002
3.761054e+003,4.881720e-002
3.761536e+003,4.880792e-002
3.762018e+003,4.878104e-002
3.762500e+003,4.874362e-002
3.762982e+003,4.870889e-002
3.763464e+003,4.869445e-002
3.763947e+003,4.871546e-002
3.764428e+003,4.877555e-002
3.764911e+003,4.886148e-002
3.765393e+003,4.894203e-002
3.765875e+003,4.898610e-002
3.766357e+003,4.897720e-002
3.766839e+003,4.891827e-002
3.767321e+003,4.883168e-002
3.767803e+003,4.874814e-002
3.768286e+003,4.869714e-002
3.768768e+003,4.869784e-002
3.769250e+003,4.874910e-002
3.769732e+003,4.882830e-002
3.770214e+003,4.890482e-002
3.770696e+003,4.895549e-002
3.771178e+003,4.897629e-002
3.771660e+003,4.897714e-002
3.772143e+003,4.897143e-002
3.772625e+003,4.897035e-002
3.773107e+003,4.897571e-002
3.773589e+003,4.898390e-002
3.774071e+003,4.898951e-002
3.774553e+003,4.898675e-002
3.775035e+003,4.897586e-002
3.775517e+003,4.896189e-002
3.776000e+003,4.895073e-002
3.776482e+003,4.895015e-002
3.776964e+003,4.896221e-002
3.777446e+003,4.898908e-002
3.777928e+003,4.902912e-002
3.778410e+003,4.908066e-002
3.778892e+003,4.913931e-002
3.779375e+003,4.920016e-002
3.779856e+003,4.925353e-002
3.780339e+003,4.929002e-002
3.780821e+003,4.930263e-002
3.781303e+003,4.929188e-002
3.781785e+003,4.926382e-002
3.782267e+003,4.923110e-002
3.782749e+003,4.920935e-002
3.783231e+003,4.921407e-002
3.783714e+003,4.925160e-002
3.784196e+003,4.931577e-002
3.784678e+003,4.938730e-002
3.785160e+003,4.944271e-002
3.785642e+003,4.946478e-002
3.786124e+003,4.945142e-002
3.786606e+003,4.941221e-002
3.787088e+003,4.936536e-002
3.787571e+003,4.932664e-002
3.788053e+003,4.930550e-002
3.788535e+003,4.930104e-002
3.789017e+003,4.930938e-002
3.789499e+003,4.932200e-002
3.789981e+003,4.933461e-002
3.790463e+003,4.934684e-002
3.790945e+003,4.936088e-002
3.791427e+003,4.937777e-002
3.791910e+003,4.939415e-002
3.792392e+003,4.940406e-002
3.792874e+003,4.940193e-002
3.793356e+003,4.938463e-002
3.793838e+003,4.935723e-002
3.794320e+003,4.933254e-002
3.794802e+003,4.932676e-002
3.795284e+003,4.935272e-002
3.795767e+003,4.940927e-002
3.796249e+003,4.948010e-002
3.796731e+003,4.953992e-002
3.797213e+003,4.956774e-002
3.797695e+003,4.955937e-002
3.798177e+003,4.952702e-002
3.798659e+003,4.949453e-002
3.799142e+003,4.948784e-002
3.799624e+003,4.952979e-002
3.800106e+003,4.962936e-002
3.800588e+003,4.977298e-002
3.801070e+003,4.991974e-002
3.801552e+003,5.001955e-002
3.802034e+003,5.004849e-002
3.802516e+003,5.001951e-002
3.802999e+003,4.996234e-002
3.803481e+003,4.990489e-002
3.803963e+003,4.986199e-002
3.804445e+003,4.984362e-002
3.804927e+003,4.985202e-002
3.805409e+003,4.989004e-002
3.805891e+003,4.995511e-002
3.806373e+003,5.003736e-002
3.806855e+003,5.011546e-002
3.807338e+003,5.016576e-002
3.807820e+003,5.017393e-002
3.808302e+003,5.014218e-002
3.808784e+003,5.008387e-002
3.809266e+003,5.001801e-002
3.809748e+003,4.996254e-002
3.810230e+003,4.993100e-002
3.810712e+003,4.992678e-002
3.811195e+003,4.994363e-002
3.811677e+003,4.996779e-002
3.812159e+003,4.998374e-002
3.812641e+003,4.998173e-002
3.813123e+003,4.996396e-002
3.813605e+003,4.994397e-002
3.814087e+003,4.994742e-002
3.814570e+003,4.999984e-002
3.815052e+003,5.011236e-002
3.815534e+003,5.026594e-002
3.816016e+003,5.041371e-002
3.816498e+003,5.050781e-002
3.816980e+003,5.052997e-002
3.817462e+003,5.049397e-002
3.817944e+003,5.043332e-002
3.818427e+003,5.038308e-002
3.818909e+003,5.037457e-002
3.819391e+003,5.042933e-002
3.819873e+003,5.055430e-002
3.820355e+003,5.072590e-002
3.820837e+003,5.089365e-002
3.821319e+003,5.100491e-002
3.821801e+003,5.103942e-002
3.822283e+003,5.101190e-002
3.822766e+003,5.095251e-002
3.823248e+003,5.088461e-002
3.823730e+003,5.082297e-002
3.824212e+003,5.077647e-002
3.824694e+003,5.074994e-002
3.825176e+003,5.074758e-002
3.825658e+003,5.076874e-002
3.826140e+003,5.080495e-002
3.826623e+003,5.084115e-002
3.827105e+003,5.086115e-002
3.827587e+003,5.085527e-002
3.828069e+003,5.082440e-002
3.828551e+003,5.078006e-002
3.829033e+003,5.073936e-002
3.829515e+003,5.072155e-002
3.829998e+003,5.073710e-002
3.830479e+003,5.078653e-002
3.830962e+003,5.085535e-002
3.831444e+003,5.091987e-002
3.831926e+003,5.095835e-002
3.832408e+003,5.095913e-002
3.832890e+003,5.092862e-002
3.833372e+003,5.088381e-002
3.833854e+003,5.084464e-002
3.834337e+003,5.082549e-002
3.834819e+003,5.083214e-002
3.835301e+003,5.086159e-002
3.835783e+003,5.090545e-002
3.836265e+003,5.095865e-002
3.836747e+003,5.102154e-002
3.837229e+003,5.109836e-002
3.837711e+003,5.119119e-002
3.838194e+003,5.129086e-002
3.838676e+003,5.137811e-002
3.839158e+003,5.143349e-002
3.839640e+003,5.144468e-002
3.840122e+003,5.141886e-002
3.840604e+003,5.137465e-002
3.841086e+003,5.133529e-002
3.841568e+003,5.131837e-002
3.842051e+003,5.133059e-002
3.842533e+003,5.136644e-002
3.843015e+003,5.141228e-002
3.843497e+003,5.145156e-002
3.843979e+003,5.147352e-002
3.844461e+003,5.147629e-002
3.844943e+003,5.146620e-002
3.845426e+003,5.145149e-002
3.845907e+003,5.143784e-002
3.846390e+003,5.142602e-002
3.846872e+003,5.141419e-002
3.847354e+003,5.139881e-002
3.847836e+003,5.137804e-002
3.848318e+003,5.135398e-002
3.848800e+003,5.133148e-002
3.849282e+003,5.131646e-002
3.849765e+003,5.131369e-002
3.850247e+003,5.132616e-002
3.850729e+003,5.135746e-002
3.851211e+003,5.141336e-002
3.851693e+003,5.150706e-002
3.852175e+003,5.165567e-002
3.852657e+003,5.186135e-002
3.853139e+003,5.208908e-002
3.853622e+003,5.227621e-002
3.854104e+003,5.237656e-002
3.854586e+003,5.238983e-002
3.855068e+003,5.234367e-002
3.855550e+003,5.227033e-002
3.856032e+003,5.219726e-002
3.856514e+003,5.214091e-002
3.856996e+003,5.210708e-002
3.857479e+003,5.209316e-002
3.857961e+003,5.208872e-002
3.858443e+003,5.208442e-002
3.858925e+003,5.207325e-002
3.859407e+003,5.205430e-002
3.859889e+003,5.203428e-002
3.860371e+003,5.202376e-002
3.860854e+003,5.203277e-002
3.861336e+003,5.206646e-002
3.861818e+003,5.212299e-002
3.862300e+003,5.219431e-002
3.862782e+003,5.226961e-002
3.863264e+003,5.234270e-002
3.863746e+003,5.240787e-002
3.864228e+003,5.246236e-002
3.864710e+003,5.249798e-002
3.865193e+003,5.250730e-002
3.865675e+003,5.248412e-002
3.866157e+003,5.243119e-002
3.866639e+003,5.235868e-002
3.867121e+003,5.228537e-002
3.867603e+003,5.223597e-002
3.868085e+003,5.223957e-002
3.868567e+003,5.231735e-002
3.869050e+003,5.246710e-002
3.869532e+003,5.264628e-002
3.870014e+003,5.279019e-002
3.870496e+003,5.284864e-002
3.870978e+003,5.282120e-002
3.871460e+003,5.274082e-002
3.871942e+003,5.265314e-002
3.872424e+003,5.259601e-002
3.872906e+003,5.259395e-002
3.873389e+003,5.264778e-002
3.873871e+003,5.273776e-002
3.874353e+003,5.282805e-002
3.874835e+003,5.288669e-002
3.875317e+003,5.290056e-002
3.875799e+003,5.287480e-002
3.876281e+003,5.282492e-002
3.876764e+003,5.276814e-002
3.877246e+003,5.271902e-002
3.877728e+003,5.268938e-002
3.878210e+003,5.269024e-002
3.878692e+003,5.273245e-002
3.879174e+003,5.282244e-002
3.879656e+003,5.295554e-002
3.880138e+003,5.311152e-002
3.880621e+003,5.325374e-002
3.881103e+003,5.334929e-002
3.881585e+003,5.338127e-002
3.882067e+003,5.335391e-002
3.882549e+003,5.328764e-002
3.883031e+003,5.321193e-002
3.883513e+003,5.315705e-002
3.883995e+003,5.314983e-002
3.884478e+003,5.320252e-002
3.884960e+003,5.330598e-002
3.885442e+003,5.342780e-002
3.885924e+003,5.352759e-002
3.886406e+003,5.358234e-002
3.886888e+003,5.359445e-002
3.887370e+003,5.358195e-002
3.887853e+003,5.356573e-002
3.888334e+003,5.356080e-002
3.888817e+003,5.357302e-002
3.889299e+003,5.360281e-002
3.889781e+003,5.364338e-002
3.890263e+003,5.368796e-002
3.890745e+003,5.372960e-002
3.891227e+003,5.376608e-002
3.891709e+003,5.379617e-002
3.892192e+003,5.381707e-002
3.892674e+003,5.382615e-002
3.893156e+003,5.381976e-002
3.893638e+003,5.379685e-002
3.894120e+003,5.376383e-002
3.894602e+003,5.372958e-002
3.895084e+003,5.370519e-002
3.895566e+003,5.370066e-002
3.896049e+003,5.372076e-002
3.896531e+003,5.376393e-002
3.897013e+003,5.382416e-002
3.897495e+003,5.389054e-002
3.897977e+003,5.395575e-002
3.898459e+003,5.401589e-002
3.898941e+003,5.407286e-002
3.899423e+003,5.412916e-002
3.899906e+003,5.418536e-002
3.900388e+003,5.423636e-002
3.900870e+003,5.427562e-002
3.901352e+003,5.430062e-002
3.901834e+003,5.431627e-002
3.902316e+003,5.433660e-002
3.902798e+003,5.437911e-002
3.903281e+003,5.445220e-002
3.903762e+003,5.454922e-002
3.904245e+003,5.464814e-002
3.904727e+003,5.472316e-002
3.905209e+003,5.475625e-002
3.905691e+003,5.474737e-002
3.906173e+003,5.470961e-002
3.906655e+003,5.466290e-002
3.907137e+003,5.462432e-002
3.907620e+003,5.460191e-002
3.908102e+003,5.459674e-002
3.908584e+003,5.460415e-002
3.909066e+003,5.461557e-002
3.909548e+003,5.462752e-002
3.910030e+003,5.463921e-002
3.910512e+003,5.465384e-002
3.910994e+003,5.467490e-002
3.911477e+003,5.470211e-002
3.911959e+003,5.473188e-002
3.912441e+003,5.475804e-002
3.912923e+003,5.477657e-002
3.913405e+003,5.478868e-002
3.913887e+003,5.480212e-002
3.914369e+003,5.482883e-002
3.914851e+003,5.487778e-002
3.915333e+003,5.495220e-002
3.915816e+003,5.504300e-002
3.916298e+003,5.513489e-002
3.916780e+003,5.520817e-002
3.917262e+003,5.525478e-002
3.917744e+003,5.527714e-002
3.918226e+003,5.528944e-002
3.918708e+003,5.530483e-002
3.919190e+003,5.533015e-002
3.919673e+003,5.536029e-002
3.920155e+003,5.538429e-002
3.920637e+003,5.538948e-002
3.921119e+003,5.537174e-002
3.921601e+003,5.533613e-002
3.922083e+003,5.529768e-002
3.922565e+003,5.527360e-002
3.923048e+003,5.527784e-002
3.923530e+003,5.531419e-002
3.924012e+003,5.537538e-002
3.924494e+003,5.544383e-002
3.924976e+003,5.550292e-002
3.925458e+003,5.554319e-002
3.925940e+003,5.556642e-002
3.926422e+003,5.558076e-002
3.926905e+003,5.559578e-002
3.927387e+003,5.561511e-002
3.927869e+003,5.563848e-002
3.928351e+003,5.566010e-002
3.928833e+003,5.567554e-002
3.929315e+003,5.568318e-002
3.929797e+003,5.568611e-002
3.930279e+003,5.568944e-002
3.930761e+003,5.569842e-002
3.931244e+003,5.571441e-002
3.931726e+003,5.573470e-002
3.932208e+003,5.575338e-002
3.932690e+003,5.576601e-002
3.933172e+003,5.577204e-002
3.933654e+003,5.577564e-002
3.934136e+003,5.578019e-002
3.934618e+003,5.578743e-002
3.935101e+003,5.579561e-002
3.935583e+003,5.580231e-002
3.936065e+003,5.580322e-002
3.936547e+003,5.579752e-002
3.937029e+003,5.578859e-002
3.937511e+003,5.578099e-002
3.937993e+003,5.577919e-002
3.938476e+003,5.578388e-002
3.938958e+003,5.579326e-002
3.939440e+003,5.580305e-002
3.939922e+003,5.581083e-002
3.940404e+003,5.581968e-002
3.940886e+003,5.583799e-002
3.941368e+003,5.587665e-002
3.941850e+003,5.594394e-002
3.942333e+003,5.603689e-002
3.942815e+003,5.614054e-002
3.943297e+003,5.623368e-002
3.943779e+003,5.629659e-002
3.944261e+003,5.631995e-002
3.944743e+003,5.630657e-002
3.945225e+003,5.626942e-002
3.945707e+003,5.622402e-002
3.946189e+003,5.618373e-002
3.946672e+003,5.615667e-002
3.947154e+003,5.614407e-002
3.947636e+003,5.614148e-002
3.948118e+003,5.614442e-002
3.948600e+003,5.615100e-002
3.949082e+003,5.616420e-002
3.949564e+003,5.618702e-002
3.950046e+003,5.622146e-002
3.950529e+003,5.626403e-002
3.951011e+003,5.630865e-002
3.951493e+003,5.634704e-002
3.951975e+003,5.637367e-002
3.952457e+003,5.638826e-002
3.952939e+003,5.639568e-002
3.953421e+003,5.640216e-002
3.953904e+003,5.641377e-002
3.954385e+003,5.643257e-002
3.954868e+003,5.645624e-002
3.955350e+003,5.648100e-002
3.955832e+003,5.650265e-002
3.956314e+003,5.651996e-002
3.956796e+003,5.653350e-002
3.957278e+003,5.654607e-002
3.957760e+003,5.655878e-002
3.958243e+003,5.657178e-002
3.958725e+003,5.658314e-002
3.959207e+003,5.659274e-002
3.959689e+003,5.660059e-002
3.960171e+003,5.661113e-002
3.960653e+003,5.662902e-002
3.961135e+003,5.665707e-002
3.961617e+003,5.669313e-002
3.962100e+003,5.673015e-002
3.962582e+003,5.675904e-002
3.963064e+003,5.677273e-002
3.963546e+003,5.676851e-002
3.964028e+003,5.675070e-002
3.964510e+003,5.672869e-002
3.964992e+003,5.671183e-002
3.965474e+003,5.670623e-002
3.965957e+003,5.671380e-002
3.966439e+003,5.673075e-002
3.966921e+003,5.675123e-002
3.967403e+003,5.677022e-002
3.967885e+003,5.678446e-002
3.968367e+003,5.679557e-002
3.968849e+003,5.680424e-002
3.969332e+003,5.681195e-002
3.969813e+003,5.681749e-002
3.970296e+003,5.681909e-002
3.970778e+003,5.681470e-002
3.971260e+003,5.680596e-002
3.971742e+003,5.679682e-002
3.972224e+003,5.679323e-002
3.972706e+003,5.679849e-002
3.973188e+003,5.681301e-002
3.973671e+003,5.683310e-002
3.974153e+003,5.685265e-002
3.974635e+003,5.686662e-002
3.975117e+003,5.687420e-002
3.975599e+003,5.687879e-002
3.976081e+003,5.688623e-002
3.976563e+003,5.689967e-002
3.977045e+003,5.691909e-002
3.977528e+003,5.694016e-002
3.978010e+003,5.695646e-002
3.978492e+003,5.696281e-002
3.978974e+003,5.695936e-002
3.979456e+003,5.695045e-002
3.979938e+003,5.694495e-002
3.980420e+003,5.694845e-002
3.980902e+003,5.696216e-002
3.981385e+003,5.698064e-002
3.981867e+003,5.699750e-002
3.982349e+003,5.700535e-002
3.982831e+003,5.700312e-002
3.983313e+003,5.699638e-002
3.983795e+003,5.699523e-002
3.984277e+003,5.700718e-002
3.984760e+003,5.703700e-002
3.985242e+003,5.707829e-002
3.985724e+003,5.712314e-002
3.986206e+003,5.715899e-002
3.986688e+003,5.718024e-002
3.987170e+003,5.718620e-002
3.987652e+003,5.718479e-002
3.988134e+003,5.718527e-002
3.988616e+003,5.719601e-002
3.989099e+003,5.721974e-002
3.989581e+003,5.725384e-002
3.990063e+003,5.729109e-002
3.990545e+003,5.732562e-002
3.991027e+003,5.735319e-002
3.991509e+003,5.737434e-002
3.991991e+003,5.738946e-002
3.992473e+003,5.739995e-002
3.992956e+003,5.740511e-002
3.993438e+003,5.740465e-002
3.993920e+003,5.739914e-002
3.994402e+003,5.739293e-002
3.994884e+003,5.739384e-002
3.995366e+003,5.740980e-002
3.995848e+003,5.744464e-002
3.996330e+003,5.749551e-002
3.996813e+003,5.755241e-002
3.997295e+003,5.760316e-002
3.997777e+003,5.763572e-002
3.998259e+003,5.764541e-002
3.998741e+003,5.763689e-002
3.999223e+003,5.762165e-002
3.999705e+003,5.761105e-002
4.000188e+003,5.761375e-002
