3.996813e+002,0.000000e+000
4.001635e+002,2.189058e-002
4.006456e+002,2.167065e-002
4.011277e+002,2.162588e-002
4.016098e+002,2.167118e-002
4.020919e+002,2.172543e-002
4.025741e+002,2.174167e-002
4.030562e+002,2.171403e-002
4.035383e+002,2.166948e-002
4.040204e+002,2.164341e-002
4.045026e+002,2.166037e-002
4.049847e+002,2.172233e-002
4.054668e+002,2.181153e-002
4.059489e+002,2.190225e-002
4.064311e+002,2.197846e-002
4.069132e+002,2.204375e-002
4.073953e+002,2.211878e-002
4.078774e+002,2.222618e-002
4.083596e+002,2.237661e-002
4.088417e+002,2.256055e-002
4.093238e+002,2.275269e-002
4.098059e+002,2.292169e-002
4.102881e+002,2.304814e-002
4.107702e+002,2.313035e-002
4.112523e+002,2.318246e-002
4.117344e+002,2.321833e-002
4.122166e+002,2.324153e-002
4.126987e+002,2.324124e-002
4.131808e+002,2.320234e-002
4.136629e+002,2.311886e-002
4.141451e+002,2.300613e-002
4.146272e+002,2.289763e-002
4.151093e+002,2.283252e-002
4.155914e+002,2.284026e-002
4.160736e+002,2.293071e-002
4.165557e+002,2.309275e-002
4.170378e+002,2.329328e-002
4.175200e+002,2.348378e-002
4.180021e+002,2.361640e-002
4.184842e+002,2.367444e-002
4.189663e+002,2.369602e-002
4.194484e+002,2.374356e-002
4.199306e+002,2.384771e-002
4.204127e+002,2.398806e-002
4.208948e+002,2.411904e-002
4.213770e+002,2.420123e-002
4.218591e+002,2.421930e-002
4.223412e+002,2.418178e-002
4.228233e+002,2.411480e-002
4.233055e+002,2.404780e-002
4.237876e+002,2.400064e-002
4.242697e+002,2.397555e-002
4.247518e+002,2.396068e-002
4.252339e+002,2.394038e-002
4.257161e+002,2.391093e-002
4.261982e+002,2.388344e-002
4.266803e+002,2.387938e-002
4.271624e+002,2.391701e-002
4.276446e+002,2.400211e-002
4.281267e+002,2.412291e-002
4.286088e+002,2.425546e-002
4.290909e+002,2.437328e-002
4.295731e+002,2.445969e-002
4.300552e+002,2.451343e-002
4.305373e+002,2.454716e-002
4.310194e+002,2.457605e-002
4.315016e+002,2.460691e-002
4.319837e+002,2.463369e-002
4.324658e+002,2.464240e-002
4.329479e+002,2.462268e-002
4.334301e+002,2.457844e-002
4.339122e+002,2.452961e-002
4.343943e+002,2.450621e-002
4.348764e+002,2.453458e-002
4.353586e+002,2.462399e-002
4.358407e+002,2.475986e-002
4.363228e+002,2.490721e-002
4.368049e+002,2.502573e-002
4.372870e+002,2.508879e-002
4.377692e+002,2.509335e-002
4.382513e+002,2.505721e-002
4.387334e+002,2.500506e-002
4.392155e+002,2.495740e-002
4.396977e+002,2.492413e-002
4.401798e+002,2.490670e-002
4.406619e+002,2.490325e-002
4.411440e+002,2.491643e-002
4.416262e+002,2.495439e-002
4.421083e+002,2.502834e-002
4.425904e+002,2.514317e-002
4.430725e+002,2.529050e-002
4.435547e+002,2.544778e-002
4.440368e+002,2.558670e-002
4.445189e+002,2.568527e-002
4.450010e+002,2.573855e-002
4.454832e+002,2.575939e-002
4.459653e+002,2.577289e-002
4.464474e+002,2.580334e-002
4.469295e+002,2.586357e-002
4.474117e+002,2.595044e-002
4.478938e+002,2.604774e-002
4.483759e+002,2.613699e-002
4.488580e+002,2.620800e-002
4.493401e+002,2.626425e-002
4.498223e+002,2.632052e-002
4.503044e+002,2.639415e-002
4.507865e+002,2.649697e-002
4.512687e+002,2.662995e-002
4.517508e+002,2.678315e-002
4.522329e+002,2.694147e-002
4.527150e+002,2.709389e-002
4.531971e+002,2.723942e-002
4.536793e+002,2.738712e-002
4.541614e+002,2.754738e-002
4.546435e+002,2.772388e-002
4.551257e+002,2.790890e-002
4.556078e+002,2.808299e-002
4.560899e+002,2.821975e-002
4.565720e+002,2.829559e-002
4.570542e+002,2.829995e-002
4.575363e+002,2.824269e-002
4.580184e+002,2.814833e-002
4.585005e+002,2.804235e-002
4.589827e+002,2.793907e-002
4.594648e+002,2.784199e-002
4.599469e+002,2.775133e-002
4.604290e+002,2.767239e-002
4.609112e+002,2.761594e-002
4.613933e+002,2.759653e-002
4.618754e+002,2.762384e-002
4.623575e+002,2.769697e-002
4.628397e+002,2.780248e-002
4.633218e+002,2.791787e-002
4.638039e+002,2.802178e-002
4.642860e+002,2.810157e-002
4.647682e+002,2.815627e-002
4.652503e+002,2.819314e-002
4.657324e+002,2.822013e-002
4.662145e+002,2.824001e-002
4.666967e+002,2.824954e-002
4.671788e+002,2.824463e-002
4.676609e+002,2.822777e-002
4.681430e+002,2.821370e-002
4.686252e+002,2.822570e-002
4.691073e+002,2.828724e-002
4.695894e+002,2.841037e-002
4.700715e+002,2.858996e-002
4.705536e+002,2.880220e-002
4.710358e+002,2.900875e-002
4.715179e+002,2.916804e-002
4.720000e+002,2.925214e-002
4.724821e+002,2.926013e-002
4.729643e+002,2.921840e-002
4.734464e+002,2.916377e-002
4.739285e+002,2.912376e-002
4.744106e+002,2.910651e-002
4.748928e+002,2.910483e-002
4.753749e+002,2.910627e-002
4.758570e+002,2.910283e-002
4.763391e+002,2.909448e-002
4.768213e+002,2.908872e-002
4.773034e+002,2.909415e-002
4.777855e+002,2.911459e-002
4.782676e+002,2.914744e-002
4.787498e+002,2.918524e-002
4.792319e+002,2.922213e-002
4.797140e+002,2.925830e-002
4.801961e+002,2.929986e-002
4.806783e+002,2.935521e-002
4.811604e+002,2.942802e-002
4.816425e+002,2.951351e-002
4.821246e+002,2.959794e-002
4.826068e+002,2.966397e-002
4.830889e+002,2.969900e-002
4.835710e+002,2.970263e-002
4.840531e+002,2.968654e-002
4.845352e+002,2.966892e-002
4.850174e+002,2.966395e-002
4.854995e+002,2.967487e-002
4.859816e+002,2.969485e-002
4.864637e+002,2.971349e-002
4.869459e+002,2.972547e-002
4.874280e+002,2.973650e-002
4.879101e+002,2.976013e-002
4.883922e+002,2.981142e-002
4.888744e+002,2.989745e-002
4.893565e+002,3.001175e-002
4.898386e+002,3.013413e-002
4.903207e+002,3.023840e-002
4.908029e+002,3.030314e-002
4.912850e+002,3.032195e-002
4.917671e+002,3.030524e-002
4.922492e+002,3.027466e-002
4.927314e+002,3.025043e-002
4.932135e+002,3.024166e-002
4.936956e+002,3.024338e-002
4.941777e+002,3.024234e-002
4.946599e+002,3.022690e-002
4.951420e+002,3.019494e-002
4.956241e+002,3.015452e-002
4.961062e+002,3.012041e-002
4.965884e+002,3.010506e-002
4.970705e+002,3.011287e-002
4.975526e+002,3.013884e-002
4.980347e+002,3.017281e-002
4.985169e+002,3.020724e-002
4.989990e+002,3.024286e-002
4.994811e+002,3.028852e-002
4.999633e+002,3.035617e-002
5.004454e+002,3.045245e-002
5.009275e+002,3.057192e-002
5.014096e+002,3.069568e-002
5.018917e+002,3.079891e-002
5.023739e+002,3.086391e-002
5.028560e+002,3.089202e-002
5.033381e+002,3.090370e-002
5.038203e+002,3.092861e-002
5.043024e+002,3.099028e-002
5.047845e+002,3.109682e-002
5.052666e+002,3.123801e-002
5.057487e+002,3.139004e-002
5.062309e+002,3.152498e-002
5.067130e+002,3.162246e-002
5.071951e+002,3.167697e-002
5.076772e+002,3.169851e-002
5.081594e+002,3.170425e-002
5.086415e+002,3.170888e-002
5.091236e+002,3.171903e-002
5.096057e+002,3.173396e-002
5.100879e+002,3.175107e-002
5.105700e+002,3.177051e-002
5.110521e+002,3.179727e-002
5.115342e+002,3.183844e-002
5.120164e+002,3.189743e-002
5.124985e+002,3.197020e-002
5.129806e+002,3.204485e-002
5.134627e+002,3.210650e-002
5.139448e+002,3.214469e-002
5.144270e+002,3.215931e-002
5.149091e+002,3.216148e-002
5.153912e+002,3.216922e-002
5.158734e+002,3.219945e-002
5.163555e+002,3.225964e-002
5.168376e+002,3.234440e-002
5.173197e+002,3.243851e-002
5.178019e+002,3.252495e-002
5.182840e+002,3.259557e-002
5.187661e+002,3.265357e-002
5.192482e+002,3.271097e-002
5.197303e+002,3.277945e-002
5.202125e+002,3.286339e-002
5.206946e+002,3.295748e-002
5.211767e+002,3.305060e-002
5.216588e+002,3.313280e-002
5.221410e+002,3.320118e-002
5.226231e+002,3.326066e-002
5.231052e+002,3.332117e-002
5.235873e+002,3.339088e-002
5.240695e+002,3.346999e-002
5.245516e+002,3.354886e-002
5.250337e+002,3.361062e-002
5.255159e+002,3.363929e-002
5.259980e+002,3.362894e-002
5.264801e+002,3.358706e-002
5.269622e+002,3.353158e-002
5.274443e+002,3.348114e-002
5.279265e+002,3.344665e-002
5.284086e+002,3.342920e-002
5.288907e+002,3.342282e-002
5.293728e+002,3.342014e-002
5.298550e+002,3.341755e-002
5.303371e+002,3.341657e-002
5.308192e+002,3.342171e-002
5.313013e+002,3.343637e-002
5.317834e+002,3.345902e-002
5.322656e+002,3.348332e-002
5.327477e+002,3.350111e-002
5.332299e+002,3.350769e-002
5.337120e+002,3.350585e-002
5.341941e+002,3.350497e-002
5.346762e+002,3.351737e-002
5.351583e+002,3.355150e-002
5.356404e+002,3.360754e-002
5.361226e+002,3.367699e-002
5.366047e+002,3.374724e-002
5.370868e+002,3.380770e-002
5.375690e+002,3.385556e-002
5.380511e+002,3.389604e-002
5.385332e+002,3.393935e-002
5.390153e+002,3.399377e-002
5.394974e+002,3.406100e-002
5.399796e+002,3.413542e-002
5.404617e+002,3.420700e-002
5.409438e+002,3.426789e-002
5.414260e+002,3.431625e-002
5.419081e+002,3.435697e-002
5.423902e+002,3.439799e-002
5.428723e+002,3.444465e-002
5.433544e+002,3.449481e-002
5.438365e+002,3.454008e-002
5.443187e+002,3.456953e-002
5.448008e+002,3.457666e-002
5.452830e+002,3.456489e-002
5.457651e+002,3.454709e-002
5.462472e+002,3.454078e-002
5.467293e+002,3.455899e-002
5.472114e+002,3.460415e-002
5.476936e+002,3.466739e-002
5.481757e+002,3.473330e-002
5.486578e+002,3.478807e-002
5.491400e+002,3.482645e-002
5.496221e+002,3.485303e-002
5.501042e+002,3.487872e-002
5.505863e+002,3.491309e-002
5.510684e+002,3.495849e-002
5.515505e+002,3.500827e-002
5.520327e+002,3.505046e-002
5.525148e+002,3.507460e-002
5.529969e+002,3.507797e-002
5.534791e+002,3.506667e-002
5.539612e+002,3.505345e-002
5.544433e+002,3.505041e-002
5.549254e+002,3.506331e-002
5.554076e+002,3.509001e-002
5.558896e+002,3.512286e-002
5.563718e+002,3.515501e-002
5.568539e+002,3.518496e-002
5.573361e+002,3.521746e-002
5.578182e+002,3.526068e-002
5.583003e+002,3.531917e-002
5.587825e+002,3.539018e-002
5.592645e+002,3.546235e-002
5.597467e+002,3.552060e-002
5.602288e+002,3.555356e-002
5.607109e+002,3.555962e-002
5.611931e+002,3.554853e-002
5.616752e+002,3.553694e-002
5.621573e+002,3.554081e-002
5.626394e+002,3.556817e-002
5.631216e+002,3.561603e-002
5.636037e+002,3.567308e-002
5.640858e+002,3.572650e-002
5.645679e+002,3.576933e-002
5.650500e+002,3.580334e-002
5.655322e+002,3.583838e-002
5.660143e+002,3.588611e-002
5.664965e+002,3.595397e-002
5.669785e+002,3.604113e-002
5.674607e+002,3.613952e-002
5.679428e+002,3.623790e-002
5.684249e+002,3.632850e-002
5.689070e+002,3.640969e-002
5.693892e+002,3.648686e-002
5.698713e+002,3.656709e-002
5.703534e+002,3.665519e-002
5.708356e+002,3.675065e-002
5.713177e+002,3.684851e-002
5.717998e+002,3.694334e-002
5.722819e+002,3.703222e-002
5.727640e+002,3.711651e-002
5.732462e+002,3.719997e-002
5.737283e+002,3.728510e-002
5.742104e+002,3.737000e-002
5.746925e+002,3.744760e-002
5.751747e+002,3.750855e-002
5.756568e+002,3.754618e-002
5.761389e+002,3.756169e-002
5.766210e+002,3.756433e-002
5.771031e+002,3.756811e-002
5.775853e+002,3.758442e-002
5.780674e+002,3.761785e-002
5.785496e+002,3.766447e-002
5.790317e+002,3.771541e-002
5.795138e+002,3.776171e-002
5.799959e+002,3.779982e-002
5.804780e+002,3.783260e-002
5.809601e+002,3.786767e-002
5.814423e+002,3.791182e-002
5.819244e+002,3.796647e-002
5.824066e+002,3.802610e-002
5.828887e+002,3.808090e-002
5.833708e+002,3.812166e-002
5.838529e+002,3.814440e-002
5.843350e+002,3.815140e-002
5.848171e+002,3.814973e-002
5.852993e+002,3.814640e-002
5.857814e+002,3.814458e-002
5.862635e+002,3.814290e-002
5.867457e+002,3.813732e-002
5.872278e+002,3.812651e-002
5.877099e+002,3.811407e-002
5.881920e+002,3.810831e-002
5.886741e+002,3.811885e-002
5.891563e+002,3.815129e-002
5.896384e+002,3.820350e-002
5.901205e+002,3.826528e-002
5.906027e+002,3.832223e-002
5.910848e+002,3.836221e-002
5.915669e+002,3.838138e-002
5.920490e+002,3.838573e-002
5.925311e+002,3.838778e-002
5.930133e+002,3.839931e-002
5.934954e+002,3.842528e-002
5.939775e+002,3.846156e-002
5.944597e+002,3.849813e-002
5.949418e+002,3.852421e-002
5.954239e+002,3.853432e-002
5.959060e+002,3.852999e-002
5.963882e+002,3.851848e-002
5.968702e+002,3.850884e-002
5.973524e+002,3.850745e-002
5.978345e+002,3.851612e-002
5.983167e+002,3.853368e-002
5.987988e+002,3.855875e-002
5.992809e+002,3.859264e-002
5.997630e+002,3.863895e-002
6.002451e+002,3.870106e-002
6.007273e+002,3.877806e-002
6.012094e+002,3.886231e-002
6.016915e+002,3.894020e-002
6.021736e+002,3.899735e-002
6.026558e+002,3.902403e-002
6.031379e+002,3.901958e-002
6.036200e+002,3.899244e-002
6.041022e+002,3.895706e-002
6.045842e+002,3.892758e-002
6.050664e+002,3.891289e-002
6.055485e+002,3.891461e-002
6.060306e+002,3.892876e-002
6.065128e+002,3.895003e-002
6.069949e+002,3.897558e-002
6.074770e+002,3.900572e-002
6.079591e+002,3.904234e-002
6.084413e+002,3.908530e-002
6.089234e+002,3.912959e-002
6.094055e+002,3.916626e-002
6.098876e+002,3.918573e-002
6.103698e+002,3.918220e-002
6.108519e+002,3.915790e-002
6.113340e+002,3.912139e-002
6.118162e+002,3.908465e-002
6.122983e+002,3.905672e-002
6.127804e+002,3.904006e-002
6.132625e+002,3.902989e-002
6.137446e+002,3.901774e-002
6.142267e+002,3.899713e-002
6.147089e+002,3.896764e-002
6.151910e+002,3.893576e-002
6.156731e+002,3.891212e-002
6.161553e+002,3.890575e-002
6.166374e+002,3.891956e-002
6.171195e+002,3.894900e-002
6.176016e+002,3.898476e-002
6.180837e+002,3.901844e-002
6.185659e+002,3.904661e-002
6.190480e+002,3.907198e-002
6.195302e+002,3.910076e-002
6.200123e+002,3.913809e-002
6.204944e+002,3.918398e-002
6.209765e+002,3.923254e-002
6.214586e+002,3.927456e-002
6.219407e+002,3.930243e-002
6.224229e+002,3.931425e-002
6.229050e+002,3.931419e-002
6.233871e+002,3.931047e-002
6.238693e+002,3.931015e-002
6.243514e+002,3.931539e-002
6.248335e+002,3.932199e-002
6.253156e+002,3.932215e-002
6.257977e+002,3.930905e-002
6.262798e+002,3.928171e-002
6.267620e+002,3.924528e-002
6.272441e+002,3.920938e-002
6.277263e+002,3.918298e-002
6.282084e+002,3.917012e-002
6.286905e+002,3.916889e-002
6.291726e+002,3.917340e-002
6.296547e+002,3.917700e-002
6.301368e+002,3.917661e-002
6.306190e+002,3.917288e-002
6.311011e+002,3.916945e-002
6.315833e+002,3.916875e-002
6.320654e+002,3.916942e-002
6.325475e+002,3.916612e-002
6.330296e+002,3.915186e-002
6.335117e+002,3.912241e-002
6.339939e+002,3.907955e-002
6.344760e+002,3.903100e-002
6.349581e+002,3.898813e-002
6.354402e+002,3.896036e-002
6.359224e+002,3.895093e-002
6.364045e+002,3.895591e-002
6.368866e+002,3.896635e-002
6.373687e+002,3.897282e-002
6.378508e+002,3.896947e-002
6.383330e+002,3.895562e-002
6.388151e+002,3.893478e-002
6.392972e+002,3.891098e-002
6.397794e+002,3.888625e-002
6.402615e+002,3.885997e-002
6.407436e+002,3.882999e-002
6.412257e+002,3.879584e-002
6.417079e+002,3.876108e-002
6.421899e+002,3.873255e-002
6.426721e+002,3.871799e-002
6.431542e+002,3.872248e-002
6.436364e+002,3.874576e-002
6.441185e+002,3.878212e-002
6.446006e+002,3.882329e-002
6.450827e+002,3.886236e-002
6.455648e+002,3.889662e-002
6.460470e+002,3.892750e-002
6.465291e+002,3.895884e-002
6.470112e+002,3.899231e-002
6.474933e+002,3.902558e-002
6.479755e+002,3.905279e-002
6.484576e+002,3.906789e-002
6.489397e+002,3.906928e-002
6.494219e+002,3.906197e-002
6.499040e+002,3.905670e-002
6.503861e+002,3.906528e-002
6.508682e+002,3.909489e-002
6.513503e+002,3.914512e-002
6.518325e+002,3.920736e-002
6.523146e+002,3.926941e-002
6.527968e+002,3.932144e-002
6.532788e+002,3.935998e-002
6.537610e+002,3.938868e-002
6.542431e+002,3.941569e-002
6.547252e+002,3.944796e-002
6.552073e+002,3.948774e-002
6.556895e+002,3.953120e-002
6.561716e+002,3.957198e-002
6.566537e+002,3.960529e-002
6.571359e+002,3.963173e-002
6.576179e+002,3.965735e-002
6.581001e+002,3.969051e-002
6.585822e+002,3.973674e-002
6.590643e+002,3.979580e-002
6.595464e+002,3.986086e-002
6.600286e+002,3.992261e-002
6.605107e+002,3.997409e-002
6.609928e+002,4.001431e-002
6.614750e+002,4.004820e-002
6.619571e+002,4.008292e-002
6.624392e+002,4.012307e-002
6.629213e+002,4.016743e-002
6.634034e+002,4.020889e-002
6.638856e+002,4.023917e-002
6.643677e+002,4.025346e-002
6.648499e+002,4.025322e-002
6.653320e+002,4.024615e-002
6.658141e+002,4.024338e-002
6.662962e+002,4.025542e-002
6.667783e+002,4.028726e-002
6.672605e+002,4.033382e-002
6.677426e+002,4.037825e-002
6.682247e+002,4.040108e-002
6.687068e+002,4.039708e-002
6.691890e+002,4.037952e-002
6.696711e+002,4.036785e-002
6.701532e+002,4.037294e-002
6.706353e+002,4.039390e-002
6.711174e+002,4.042244e-002
6.715996e+002,4.044818e-002
6.720817e+002,4.046296e-002
6.725638e+002,4.046469e-002
6.730460e+002,4.045762e-002
6.735281e+002,4.045046e-002
6.740102e+002,4.045149e-002
6.744923e+002,4.046393e-002
6.749745e+002,4.048534e-002
6.754565e+002,4.050958e-002
6.759387e+002,4.053194e-002
6.764208e+002,4.055275e-002
6.769030e+002,4.057780e-002
6.773851e+002,4.061565e-002
6.778672e+002,4.067233e-002
6.783493e+002,4.074728e-002
6.788314e+002,4.083340e-002
6.793136e+002,4.092062e-002
6.797957e+002,4.100124e-002
6.802778e+002,4.107419e-002
6.807599e+002,4.114526e-002
6.812421e+002,4.122336e-002
6.817242e+002,4.131500e-002
6.822063e+002,4.141966e-002
6.826885e+002,4.152903e-002
6.831705e+002,4.163143e-002
6.836527e+002,4.171745e-002
6.841348e+002,4.178526e-002
6.846169e+002,4.184137e-002
6.850991e+002,4.189743e-002
6.855812e+002,4.196366e-002
6.860634e+002,4.204353e-002
6.865454e+002,4.213239e-002
6.870276e+002,4.222079e-002
6.875096e+002,4.229989e-002
6.879918e+002,4.236740e-002
6.884739e+002,4.242898e-002
6.889561e+002,4.249519e-002
6.894382e+002,4.257633e-002
6.899203e+002,4.267680e-002
6.904025e+002,4.279409e-002
6.908845e+002,4.292171e-002
6.913667e+002,4.305392e-002
6.918488e+002,4.319070e-002
6.923309e+002,4.333791e-002
6.928130e+002,4.350397e-002
6.932952e+002,4.369492e-002
6.937773e+002,4.390939e-002
6.942594e+002,4.413875e-002
6.947416e+002,4.437070e-002
6.952236e+002,4.459560e-002
6.957058e+002,4.481165e-002
6.961879e+002,4.502531e-002
6.966700e+002,4.524766e-002
6.971522e+002,4.548758e-002
6.976343e+002,4.574550e-002
6.981165e+002,4.601230e-002
6.985985e+002,4.627319e-002
6.990807e+002,4.651511e-002
6.995628e+002,4.673337e-002
7.000449e+002,4.693349e-002
7.005270e+002,4.712824e-002
7.010092e+002,4.733032e-002
7.014913e+002,4.754584e-002
7.019734e+002,4.777184e-002
7.024556e+002,4.799939e-002
7.029377e+002,4.822050e-002
7.034198e+002,4.843493e-002
7.039019e+002,4.865169e-002
7.043840e+002,4.888750e-002
7.048662e+002,4.915822e-002
7.053483e+002,4.947308e-002
7.058304e+002,4.983195e-002
7.063125e+002,5.022878e-002
7.067947e+002,5.065923e-002
7.072768e+002,5.112711e-002
7.077589e+002,5.164624e-002
7.082410e+002,5.223752e-002
7.087231e+002,5.292069e-002
7.092053e+002,5.370829e-002
7.096874e+002,5.460515e-002
7.101696e+002,5.561425e-002
7.106517e+002,5.674819e-002
7.111338e+002,5.803844e-002
7.116159e+002,5.953817e-002
7.120980e+002,6.131536e-002
7.125802e+002,6.343724e-002
7.130623e+002,6.595329e-002
7.135444e+002,6.888201e-002
7.140265e+002,7.220761e-002
7.145087e+002,7.588591e-002
7.149908e+002,7.985591e-002
7.154729e+002,8.404845e-002
7.159550e+002,8.838443e-002
7.164371e+002,9.275843e-002
7.169193e+002,9.701418e-002
7.174014e+002,1.009241e-001
7.178835e+002,1.041921e-001
7.183657e+002,1.064907e-001
7.188478e+002,1.075328e-001
7.193299e+002,1.071553e-001
7.198120e+002,1.053807e-001
7.202942e+002,1.024229e-001
7.207762e+002,9.863644e-002
7.212584e+002,9.443271e-002
7.217405e+002,9.019636e-002
7.222227e+002,8.622880e-002
7.227048e+002,8.272605e-002
7.231869e+002,7.978368e-002
7.236691e+002,7.742246e-002
7.241511e+002,7.561974e-002
7.246333e+002,7.434051e-002
7.251154e+002,7.356004e-002
7.255975e+002,7.327297e-002
7.260797e+002,7.348650e-002
7.265618e+002,7.419973e-002
7.270439e+002,7.537267e-002
7.275260e+002,7.689627e-002
7.280082e+002,7.857329e-002
7.284902e+002,8.012080e-002
7.289724e+002,8.120122e-002
7.294545e+002,8.148310e-002
7.299366e+002,8.071896e-002
7.304188e+002,7.881608e-002
7.309009e+002,7.586794e-002
7.313831e+002,7.213231e-002
7.318651e+002,6.796320e-002
7.323473e+002,6.372733e-002
7.328293e+002,5.973357e-002
7.333115e+002,5.619152e-002
7.337936e+002,5.320166e-002
7.342758e+002,5.077031e-002
7.347579e+002,4.883752e-002
7.352400e+002,4.731179e-002
7.357222e+002,4.609763e-002
7.362042e+002,4.511355e-002
7.366864e+002,4.429802e-002
7.371685e+002,4.360726e-002
7.376506e+002,4.300915e-002
7.381328e+002,4.247905e-002
7.386149e+002,4.199721e-002
7.390970e+002,4.154956e-002
7.395791e+002,4.112773e-002
7.400613e+002,4.072922e-002
7.405434e+002,4.035440e-002
7.410255e+002,4.000374e-002
7.415076e+002,3.967692e-002
7.419897e+002,3.937096e-002
7.424719e+002,3.908191e-002
7.429540e+002,3.880662e-002
7.434362e+002,3.854377e-002
7.439182e+002,3.829428e-002
7.444004e+002,3.805931e-002
7.448825e+002,3.783887e-002
7.453646e+002,3.763061e-002
7.458467e+002,3.742992e-002
7.463289e+002,3.723091e-002
7.468110e+002,3.702820e-002
7.472931e+002,3.681866e-002
7.477753e+002,3.660182e-002
7.482574e+002,3.637919e-002
7.487395e+002,3.615369e-002
7.492216e+002,3.592859e-002
7.497037e+002,3.570696e-002
7.501859e+002,3.549143e-002
7.506680e+002,3.528421e-002
7.511501e+002,3.508691e-002
7.516322e+002,3.489984e-002
7.521144e+002,3.472218e-002
7.525965e+002,3.455164e-002
7.530786e+002,3.438490e-002
7.535608e+002,3.421864e-002
7.540428e+002,3.405035e-002
7.545250e+002,3.388034e-002
7.550071e+002,3.371130e-002
7.554893e+002,3.354770e-002
7.559714e+002,3.339439e-002
7.564535e+002,3.325506e-002
7.569356e+002,3.313062e-002
7.574177e+002,3.301915e-002
7.578999e+002,3.291628e-002
7.583820e+002,3.281704e-002
7.588641e+002,3.271729e-002
7.593463e+002,3.261528e-002
7.598284e+002,3.251205e-002
7.603105e+002,3.241066e-002
7.607926e+002,3.231499e-002
7.612748e+002,3.222820e-002
7.617568e+002,3.215183e-002
7.622390e+002,3.208508e-002
7.627211e+002,3.202550e-002
7.632032e+002,3.196972e-002
7.636854e+002,3.191405e-002
7.641675e+002,3.185537e-002
7.646496e+002,3.179120e-002
7.651317e+002,3.171962e-002
7.656139e+002,3.163942e-002
7.660959e+002,3.154992e-002
7.665781e+002,3.145111e-002
7.670602e+002,3.134401e-002
7.675424e+002,3.123041e-002
7.680245e+002,3.111283e-002
7.685066e+002,3.099402e-002
7.689888e+002,3.087609e-002
7.694708e+002,3.075994e-002
7.699530e+002,3.064530e-002
7.704351e+002,3.053130e-002
7.709172e+002,3.041704e-002
7.713994e+002,3.030215e-002
7.718815e+002,3.018698e-002
7.723636e+002,3.007291e-002
7.728457e+002,2.996057e-002
7.733279e+002,2.984954e-002
7.738099e+002,2.973821e-002
7.742921e+002,2.962429e-002
7.747742e+002,2.950595e-002
7.752563e+002,2.938287e-002
7.757385e+002,2.925680e-002
7.762206e+002,2.913091e-002
7.767028e+002,2.900913e-002
7.771848e+002,2.889425e-002
7.776670e+002,2.878709e-002
7.781491e+002,2.868655e-002
7.786312e+002,2.859049e-002
7.791133e+002,2.849696e-002
7.795955e+002,2.840508e-002
7.800776e+002,2.831514e-002
7.805597e+002,2.822853e-002
7.810419e+002,2.814606e-002
7.815239e+002,2.806767e-002
7.820061e+002,2.799192e-002
7.824882e+002,2.791685e-002
7.829703e+002,2.784024e-002
7.834525e+002,2.776099e-002
7.839346e+002,2.767821e-002
7.844167e+002,2.759170e-002
7.848988e+002,2.750107e-002
7.853810e+002,2.740589e-002
7.858631e+002,2.730581e-002
7.863452e+002,2.720195e-002
7.868273e+002,2.709699e-002
7.873094e+002,2.699544e-002
7.877916e+002,2.690233e-002
7.882737e+002,2.682186e-002
7.887559e+002,2.675521e-002
7.892380e+002,2.670034e-002
7.897201e+002,2.665262e-002
7.902022e+002,2.660641e-002
7.906843e+002,2.655726e-002
7.911665e+002,2.650311e-002
7.916486e+002,2.644392e-002
7.921307e+002,2.638147e-002
7.926128e+002,2.631689e-002
7.930950e+002,2.625082e-002
7.935771e+002,2.618253e-002
7.940592e+002,2.611153e-002
7.945413e+002,2.603845e-002
7.950234e+002,2.596538e-002
7.955056e+002,2.589543e-002
7.959877e+002,2.583140e-002
7.964698e+002,2.577402e-002
7.969520e+002,2.572197e-002
7.974341e+002,2.567231e-002
7.979162e+002,2.562264e-002
7.983983e+002,2.557256e-002
7.988805e+002,2.552457e-002
7.993625e+002,2.548308e-002
7.998447e+002,2.545239e-002
8.003268e+002,2.543383e-002
8.008090e+002,2.542530e-002
8.012911e+002,2.542112e-002
8.017732e+002,2.541481e-002
8.022553e+002,2.540167e-002
8.027374e+002,2.538014e-002
8.032196e+002,2.535318e-002
8.037017e+002,2.532512e-002
8.041838e+002,2.529988e-002
8.046660e+002,2.527888e-002
8.051481e+002,2.526021e-002
8.056302e+002,2.523988e-002
8.061123e+002,2.521405e-002
8.065945e+002,2.518057e-002
8.070765e+002,2.514022e-002
8.075587e+002,2.509582e-002
8.080408e+002,2.505036e-002
8.085229e+002,2.500587e-002
8.090051e+002,2.496281e-002
8.094872e+002,2.492111e-002
8.099694e+002,2.488061e-002
8.104514e+002,2.484279e-002
8.109336e+002,2.480977e-002
8.114156e+002,2.478404e-002
8.118978e+002,2.476557e-002
8.123799e+002,2.475199e-002
8.128621e+002,2.473838e-002
8.133442e+002,2.471972e-002
8.138263e+002,2.469267e-002
8.143085e+002,2.465761e-002
8.147905e+002,2.461787e-002
8.152727e+002,2.457881e-002
8.157548e+002,2.454493e-002
8.162369e+002,2.451863e-002
8.167191e+002,2.449915e-002
8.172012e+002,2.448449e-002
8.176833e+002,2.447275e-002
8.181654e+002,2.446380e-002
8.186476e+002,2.445956e-002
8.191296e+002,2.446277e-002
8.196118e+002,2.447426e-002
8.200939e+002,2.449259e-002
8.205760e+002,2.451349e-002
8.210582e+002,2.453167e-002
8.215403e+002,2.454296e-002
8.220225e+002,2.454625e-002
8.225045e+002,2.454353e-002
8.229867e+002,2.453862e-002
8.234688e+002,2.453467e-002
8.239509e+002,2.453319e-002
8.244330e+002,2.453262e-002
8.249152e+002,2.453040e-002
8.253973e+002,2.452406e-002
8.258794e+002,2.451368e-002
8.263616e+002,2.450158e-002
8.268437e+002,2.449209e-002
8.273258e+002,2.448837e-002
8.278079e+002,2.449229e-002
8.282900e+002,2.450218e-002
8.287722e+002,2.451497e-002
8.292543e+002,2.452761e-002
8.297365e+002,2.453801e-002
8.302185e+002,2.454606e-002
8.307007e+002,2.455271e-002
8.311828e+002,2.455806e-002
8.316649e+002,2.456151e-002
8.321470e+002,2.456057e-002
8.326292e+002,2.455349e-002
8.331113e+002,2.453949e-002
8.335934e+002,2.452073e-002
8.340756e+002,2.450175e-002
8.345577e+002,2.448735e-002
8.350398e+002,2.448102e-002
8.355219e+002,2.448289e-002
8.360040e+002,2.449011e-002
8.364862e+002,2.449860e-002
8.369683e+002,2.450427e-002
8.374504e+002,2.450556e-002
8.379325e+002,2.450333e-002
8.384147e+002,2.449987e-002
8.388968e+002,2.449695e-002
8.393789e+002,2.449473e-002
8.398610e+002,2.449187e-002
8.403431e+002,2.448639e-002
8.408253e+002,2.447788e-002
8.413074e+002,2.446762e-002
8.417896e+002,2.445863e-002
8.422717e+002,2.445369e-002
8.427538e+002,2.445330e-002
8.432359e+002,2.445516e-002
8.437180e+002,2.445441e-002
8.442002e+002,2.444668e-002
8.446823e+002,2.443003e-002
8.451644e+002,2.440731e-002
8.456465e+002,2.438470e-002
8.461287e+002,2.436978e-002
8.466108e+002,2.436724e-002
8.470929e+002,2.437709e-002
8.475751e+002,2.439370e-002
8.480571e+002,2.440833e-002
8.485393e+002,2.441205e-002
8.490214e+002,2.439945e-002
8.495035e+002,2.436997e-002
8.499857e+002,2.432748e-002
8.504678e+002,2.427750e-002
8.509499e+002,2.422509e-002
8.514320e+002,2.417294e-002
8.519142e+002,2.412121e-002
8.523962e+002,2.406894e-002
8.528784e+002,2.401495e-002
8.533605e+002,2.395920e-002
8.538427e+002,2.390221e-002
8.543248e+002,2.384380e-002
8.548069e+002,2.378275e-002
8.552891e+002,2.371761e-002
8.557711e+002,2.364715e-002
8.562533e+002,2.357208e-002
8.567354e+002,2.349563e-002
8.572175e+002,2.342224e-002
8.576996e+002,2.335613e-002
8.581818e+002,2.329830e-002
8.586639e+002,2.324609e-002
8.591460e+002,2.319450e-002
8.596282e+002,2.313811e-002
8.601102e+002,2.307484e-002
8.605924e+002,2.300697e-002
8.610745e+002,2.294047e-002
8.615566e+002,2.288284e-002
8.620388e+002,2.283881e-002
8.625209e+002,2.280891e-002
8.630031e+002,2.278947e-002
8.634851e+002,2.277450e-002
8.639673e+002,2.275964e-002
8.644494e+002,2.274342e-002
8.649315e+002,2.272877e-002
8.654136e+002,2.271959e-002
8.658958e+002,2.271835e-002
8.663779e+002,2.272399e-002
8.668600e+002,2.273154e-002
8.673422e+002,2.273457e-002
8.678242e+002,2.272772e-002
8.683064e+002,2.270957e-002
8.687885e+002,2.268265e-002
8.692706e+002,2.265245e-002
8.697527e+002,2.262358e-002
8.702349e+002,2.259798e-002
8.707170e+002,2.257434e-002
8.711991e+002,2.254936e-002
8.716813e+002,2.252039e-002
8.721634e+002,2.248758e-002
8.726455e+002,2.245375e-002
8.731276e+002,2.242379e-002
8.736097e+002,2.240083e-002
8.740919e+002,2.238536e-002
8.745740e+002,2.237425e-002
8.750562e+002,2.236315e-002
8.755382e+002,2.234879e-002
8.760204e+002,2.233097e-002
8.765025e+002,2.231286e-002
8.769846e+002,2.229944e-002
8.774668e+002,2.229416e-002
8.779489e+002,2.229801e-002
8.784310e+002,2.230842e-002
8.789131e+002,2.232134e-002
8.793953e+002,2.233349e-002
8.798774e+002,2.234428e-002
8.803595e+002,2.235612e-002
8.808416e+002,2.237297e-002
8.813237e+002,2.239717e-002
8.818059e+002,2.242838e-002
8.822880e+002,2.246297e-002
8.827701e+002,2.249552e-002
8.832523e+002,2.252221e-002
8.837344e+002,2.254174e-002
8.842165e+002,2.255578e-002
8.846986e+002,2.256851e-002
8.851808e+002,2.258286e-002
8.856628e+002,2.259993e-002
8.861450e+002,2.261768e-002
8.866271e+002,2.263303e-002
8.871093e+002,2.264310e-002
8.875914e+002,2.264736e-002
8.880735e+002,2.264714e-002
8.885556e+002,2.264511e-002
8.890377e+002,2.264177e-002
8.895199e+002,2.263628e-002
8.900020e+002,2.262518e-002
8.904841e+002,2.260578e-002
8.909662e+002,2.257687e-002
8.914484e+002,2.254111e-002
8.919305e+002,2.250338e-002
8.924126e+002,2.246916e-002
8.928948e+002,2.244065e-002
8.933768e+002,2.241604e-002
8.938590e+002,2.238960e-002
8.943411e+002,2.235462e-002
8.948232e+002,2.230648e-002
8.953054e+002,2.224524e-002
8.957875e+002,2.217626e-002
8.962697e+002,2.210766e-002
8.967517e+002,2.204672e-002
8.972339e+002,2.199754e-002
8.977159e+002,2.195929e-002
8.981981e+002,2.192874e-002
8.986802e+002,2.190174e-002
8.991624e+002,2.187628e-002
8.996445e+002,2.185280e-002
9.001266e+002,2.183346e-002
9.006088e+002,2.181964e-002
9.010908e+002,2.181061e-002
9.015730e+002,2.180333e-002
9.020551e+002,2.179388e-002
9.025372e+002,2.177970e-002
9.030193e+002,2.176157e-002
9.035015e+002,2.174300e-002
9.039836e+002,2.172950e-002
9.044657e+002,2.172506e-002
9.049479e+002,2.173112e-002
9.054299e+002,2.174575e-002
9.059121e+002,2.176500e-002
9.063942e+002,2.178516e-002
9.068763e+002,2.180386e-002
9.073585e+002,2.182050e-002
9.078406e+002,2.183480e-002
9.083228e+002,2.184538e-002
9.088048e+002,2.184895e-002
9.092870e+002,2.184138e-002
9.097691e+002,2.181931e-002
9.102512e+002,2.178310e-002
9.107333e+002,2.173741e-002
9.112155e+002,2.169013e-002
9.116976e+002,2.165014e-002
9.121797e+002,2.162341e-002
9.126619e+002,2.161108e-002
9.131440e+002,2.160965e-002
9.136261e+002,2.161335e-002
9.141082e+002,2.161693e-002
9.145903e+002,2.161806e-002
9.150724e+002,2.161800e-002
9.155546e+002,2.162036e-002
9.160367e+002,2.162757e-002
9.165189e+002,2.164100e-002
9.170010e+002,2.165877e-002
9.174831e+002,2.167841e-002
9.179652e+002,2.169819e-002
9.184473e+002,2.171832e-002
9.189294e+002,2.174075e-002
9.194116e+002,2.176728e-002
9.198937e+002,2.179748e-002
9.203759e+002,2.182788e-002
9.208580e+002,2.185262e-002
9.213401e+002,2.186629e-002
9.218222e+002,2.186632e-002
9.223043e+002,2.185483e-002
9.227864e+002,2.183804e-002
9.232686e+002,2.182380e-002
9.237507e+002,2.181829e-002
9.242328e+002,2.182354e-002
9.247150e+002,2.183812e-002
9.251971e+002,2.185773e-002
9.256792e+002,2.187881e-002
9.261613e+002,2.190012e-002
9.266434e+002,2.192319e-002
9.271255e+002,2.195091e-002
9.276077e+002,2.198472e-002
9.280898e+002,2.202421e-002
9.285720e+002,2.206636e-002
9.290541e+002,2.210783e-002
9.295362e+002,2.214712e-002
9.300183e+002,2.218566e-002
9.305004e+002,2.222736e-002
9.309826e+002,2.227638e-002
9.314647e+002,2.233460e-002
9.319468e+002,2.239993e-002
9.324290e+002,2.246704e-002
9.329111e+002,2.252953e-002
9.333932e+002,2.258273e-002
9.338753e+002,2.262593e-002
9.343574e+002,2.266184e-002
9.348396e+002,2.269531e-002
9.353217e+002,2.272950e-002
9.358038e+002,2.276486e-002
9.362859e+002,2.279798e-002
9.367681e+002,2.282427e-002
9.372502e+002,2.284026e-002
9.377323e+002,2.284602e-002
9.382144e+002,2.284465e-002
9.386966e+002,2.284162e-002
9.391787e+002,2.284064e-002
9.396608e+002,2.284299e-002
9.401429e+002,2.284601e-002
9.406251e+002,2.284516e-002
9.411072e+002,2.283660e-002
9.415893e+002,2.281916e-002
9.420714e+002,2.279566e-002
9.425536e+002,2.277074e-002
9.430357e+002,2.274943e-002
9.435178e+002,2.273505e-002
9.439999e+002,2.272806e-002
9.444821e+002,2.272759e-002
9.449642e+002,2.273227e-002
9.454463e+002,2.274188e-002
9.459284e+002,2.275706e-002
9.464106e+002,2.277814e-002
9.468927e+002,2.280377e-002
9.473748e+002,2.283064e-002
9.478569e+002,2.285395e-002
9.483391e+002,2.287009e-002
9.488212e+002,2.287863e-002
9.493033e+002,2.288337e-002
9.497855e+002,2.289080e-002
9.502676e+002,2.290804e-002
9.507497e+002,2.293855e-002
9.512318e+002,2.298130e-002
9.517139e+002,2.303019e-002
9.521960e+002,2.307769e-002
9.526782e+002,2.311734e-002
9.531603e+002,2.314737e-002
9.536425e+002,2.317038e-002
9.541246e+002,2.319226e-002
9.546067e+002,2.321836e-002
9.550888e+002,2.325201e-002
9.555709e+002,2.329281e-002
9.560530e+002,2.333827e-002
9.565352e+002,2.338578e-002
9.570173e+002,2.343451e-002
9.574995e+002,2.348609e-002
9.579816e+002,2.354295e-002
9.584637e+002,2.360646e-002
9.589458e+002,2.367528e-002
9.594279e+002,2.374499e-002
9.599100e+002,2.381063e-002
9.603922e+002,2.386814e-002
9.608743e+002,2.391705e-002
9.613564e+002,2.395991e-002
9.618386e+002,2.400183e-002
9.623207e+002,2.404680e-002
9.628028e+002,2.409597e-002
9.632849e+002,2.414709e-002
9.637670e+002,2.419562e-002
9.642491e+002,2.423690e-002
9.647313e+002,2.426842e-002
9.652134e+002,2.429045e-002
9.656956e+002,2.430547e-002
9.661777e+002,2.431598e-002
9.666598e+002,2.432309e-002
9.671419e+002,2.432564e-002
9.676240e+002,2.432194e-002
9.681061e+002,2.431047e-002
9.685883e+002,2.429242e-002
9.690704e+002,2.427134e-002
9.695526e+002,2.425248e-002
9.700347e+002,2.424003e-002
9.705168e+002,2.423617e-002
9.709989e+002,2.423980e-002
9.714810e+002,2.424838e-002
9.719631e+002,2.425881e-002
9.724453e+002,2.426993e-002
9.729274e+002,2.428237e-002
9.734095e+002,2.429786e-002
9.738917e+002,2.431764e-002
9.743738e+002,2.434124e-002
9.748559e+002,2.436663e-002
9.753380e+002,2.439158e-002
9.758201e+002,2.441529e-002
9.763023e+002,2.443989e-002
9.767844e+002,2.447048e-002
9.772665e+002,2.451302e-002
9.777487e+002,2.457169e-002
9.782308e+002,2.464775e-002
9.787129e+002,2.473823e-002
9.791950e+002,2.483771e-002
9.796771e+002,2.494025e-002
9.801593e+002,2.504189e-002
9.806414e+002,2.514155e-002
9.811235e+002,2.524037e-002
9.816057e+002,2.533992e-002
9.820878e+002,2.544130e-002
9.825699e+002,2.554365e-002
9.830520e+002,2.564524e-002
9.835342e+002,2.574482e-002
9.840163e+002,2.584230e-002
9.844984e+002,2.593987e-002
9.849805e+002,2.604066e-002
9.854626e+002,2.614735e-002
9.859448e+002,2.626073e-002
9.864269e+002,2.637936e-002
9.869090e+002,2.650032e-002
9.873912e+002,2.662026e-002
9.878733e+002,2.673766e-002
9.883554e+002,2.685246e-002
9.888375e+002,2.696658e-002
9.893196e+002,2.708149e-002
9.898018e+002,2.719823e-002
9.902839e+002,2.731699e-002
9.907660e+002,2.743689e-002
9.912482e+002,2.755814e-002
9.917303e+002,2.768159e-002
9.922124e+002,2.780925e-002
9.926945e+002,2.794277e-002
9.931766e+002,2.808192e-002
9.936588e+002,2.822361e-002
9.941409e+002,2.836273e-002
9.946230e+002,2.849370e-002
9.951052e+002,2.861247e-002
9.955873e+002,2.871877e-002
9.960694e+002,2.881549e-002
9.965515e+002,2.890844e-002
9.970336e+002,2.900303e-002
9.975157e+002,2.910308e-002
9.979979e+002,2.920882e-002
9.984800e+002,2.931828e-002
9.989622e+002,2.942860e-002
9.994443e+002,2.953794e-002
9.999264e+002,2.964656e-002
1.000409e+003,2.975655e-002
1.000891e+003,2.986981e-002
1.001373e+003,2.998756e-002
1.001855e+003,3.010907e-002
1.002337e+003,3.023151e-002
1.002819e+003,3.035224e-002
1.003301e+003,3.046922e-002
1.003783e+003,3.058292e-002
1.004266e+003,3.069553e-002
1.004748e+003,3.080964e-002
1.005230e+003,3.092774e-002
1.005712e+003,3.105022e-002
1.006194e+003,3.117708e-002
1.006676e+003,3.130721e-002
1.007158e+003,3.144019e-002
1.007640e+003,3.157656e-002
1.008122e+003,3.171777e-002
1.008605e+003,3.186456e-002
1.009087e+003,3.201707e-002
1.009569e+003,3.217447e-002
1.010051e+003,3.233526e-002
1.010533e+003,3.249904e-002
1.011015e+003,3.266658e-002
1.011497e+003,3.284014e-002
1.011979e+003,3.302247e-002
1.012462e+003,3.321495e-002
1.012944e+003,3.341678e-002
1.013426e+003,3.362481e-002
1.013908e+003,3.383434e-002
1.014390e+003,3.404102e-002
1.014872e+003,3.424251e-002
1.015354e+003,3.443862e-002
1.015836e+003,3.463104e-002
1.016319e+003,3.482173e-002
1.016801e+003,3.501099e-002
1.017283e+003,3.519717e-002
1.017765e+003,3.537676e-002
1.018247e+003,3.554632e-002
1.018729e+003,3.570368e-002
1.019211e+003,3.584924e-002
1.019693e+003,3.598594e-002
1.020176e+003,3.611721e-002
1.020658e+003,3.624583e-002
1.021140e+003,3.637239e-002
1.021622e+003,3.649584e-002
1.022104e+003,3.661352e-002
1.022586e+003,3.672405e-002
1.023068e+003,3.682694e-002
1.023550e+003,3.692404e-002
1.024033e+003,3.701754e-002
1.024515e+003,3.710901e-002
1.024997e+003,3.719895e-002
1.025479e+003,3.728631e-002
1.025961e+003,3.736912e-002
1.026443e+003,3.744601e-002
1.026925e+003,3.751693e-002
1.027407e+003,3.758239e-002
1.027890e+003,3.764293e-002
1.028372e+003,3.769769e-002
1.028854e+003,3.774448e-002
1.029336e+003,3.778009e-002
1.029818e+003,3.780132e-002
1.030300e+003,3.780746e-002
1.030782e+003,3.779999e-002
1.031264e+003,3.778298e-002
1.031747e+003,3.776082e-002
1.032229e+003,3.773646e-002
1.032711e+003,3.771091e-002
1.033193e+003,3.768275e-002
1.033675e+003,3.764975e-002
1.034157e+003,3.761075e-002
1.034639e+003,3.756689e-002
1.035121e+003,3.752116e-002
1.035604e+003,3.747777e-002
1.036086e+003,3.744029e-002
1.036568e+003,3.741061e-002
1.037050e+003,3.738885e-002
1.037532e+003,3.737434e-002
1.038014e+003,3.736665e-002
1.038496e+003,3.736623e-002
1.038979e+003,3.737400e-002
1.039461e+003,3.739074e-002
1.039943e+003,3.741535e-002
1.040425e+003,3.744554e-002
1.040907e+003,3.747848e-002
1.041389e+003,3.751237e-002
1.041871e+003,3.754785e-002
1.042353e+003,3.758853e-002
1.042835e+003,3.763982e-002
1.043318e+003,3.770621e-002
1.043800e+003,3.779047e-002
1.044282e+003,3.789142e-002
1.044764e+003,3.800575e-002
1.045246e+003,3.812947e-002
1.045728e+003,3.825969e-002
1.046210e+003,3.839617e-002
1.046692e+003,3.854109e-002
1.047175e+003,3.869657e-002
1.047657e+003,3.886348e-002
1.048139e+003,3.904000e-002
1.048621e+003,3.922156e-002
1.049103e+003,3.940272e-002
1.049585e+003,3.957906e-002
1.050067e+003,3.974841e-002
1.050549e+003,3.991157e-002
1.051031e+003,4.007065e-002
1.051514e+003,4.022785e-002
1.051996e+003,4.038374e-002
1.052478e+003,4.053767e-002
1.052960e+003,4.068774e-002
1.053442e+003,4.083294e-002
1.053924e+003,4.097330e-002
1.054406e+003,4.111066e-002
1.054889e+003,4.124670e-002
1.055371e+003,4.138188e-002
1.055853e+003,4.151448e-002
1.056335e+003,4.164113e-002
1.056817e+003,4.175730e-002
1.057299e+003,4.186016e-002
1.057781e+003,4.194932e-002
1.058263e+003,4.202718e-002
1.058746e+003,4.209723e-002
1.059228e+003,4.216333e-002
1.059710e+003,4.222686e-002
1.060192e+003,4.228779e-002
1.060674e+003,4.234452e-002
1.061156e+003,4.239623e-002
1.061638e+003,4.244279e-002
1.062120e+003,4.248645e-002
1.062603e+003,4.252968e-002
1.063085e+003,4.257439e-002
1.063567e+003,4.262106e-002
1.064049e+003,4.266906e-002
1.064531e+003,4.271721e-002
1.065013e+003,4.276563e-002
1.065495e+003,4.281674e-002
1.065977e+003,4.287437e-002
1.066460e+003,4.294298e-002
1.066942e+003,4.302616e-002
1.067424e+003,4.312531e-002
1.067906e+003,4.324082e-002
1.068388e+003,4.337267e-002
1.068870e+003,4.352256e-002
1.069352e+003,4.369390e-002
1.069834e+003,4.389162e-002
1.070317e+003,4.411990e-002
1.070799e+003,4.438051e-002
1.071281e+003,4.467145e-002
1.071763e+003,4.498811e-002
1.072245e+003,4.532446e-002
1.072727e+003,4.567611e-002
1.073209e+003,4.604115e-002
1.073691e+003,4.642105e-002
1.074174e+003,4.681812e-002
1.074656e+003,4.723400e-002
1.075138e+003,4.766703e-002
1.075620e+003,4.811232e-002
1.076102e+003,4.856245e-002
1.076584e+003,4.900973e-002
1.077066e+003,4.944868e-002
1.077548e+003,4.987691e-002
1.078031e+003,5.029517e-002
1.078513e+003,5.070525e-002
1.078995e+003,5.110826e-002
1.079477e+003,5.150293e-002
1.079959e+003,5.188579e-002
1.080441e+003,5.225277e-002
1.080923e+003,5.260004e-002
1.081406e+003,5.292618e-002
1.081888e+003,5.323184e-002
1.082370e+003,5.351846e-002
1.082852e+003,5.378743e-002
1.083334e+003,5.403918e-002
1.083816e+003,5.427353e-002
1.084298e+003,5.449116e-002
1.084780e+003,5.469548e-002
1.085262e+003,5.489247e-002
1.085745e+003,5.509025e-002
1.086227e+003,5.529584e-002
1.086709e+003,5.551438e-002
1.087191e+003,5.574644e-002
1.087673e+003,5.598937e-002
1.088155e+003,5.623907e-002
1.088637e+003,5.649258e-002
1.089119e+003,5.674914e-002
1.089602e+003,5.700985e-002
1.090084e+003,5.727597e-002
1.090566e+003,5.754635e-002
1.091048e+003,5.781672e-002
1.091530e+003,5.807936e-002
1.092012e+003,5.832567e-002
1.092494e+003,5.854881e-002
1.092976e+003,5.874591e-002
1.093458e+003,5.891806e-002
1.093941e+003,5.906897e-002
1.094423e+003,5.920141e-002
1.094905e+003,5.931645e-002
1.095387e+003,5.941202e-002
1.095869e+003,5.948454e-002
1.096351e+003,5.953084e-002
1.096833e+003,5.955065e-002
1.097316e+003,5.954604e-002
1.097798e+003,5.952105e-002
1.098280e+003,5.947897e-002
1.098762e+003,5.942104e-002
1.099244e+003,5.934664e-002
1.099726e+003,5.925412e-002
1.100208e+003,5.914290e-002
1.100690e+003,5.901460e-002
1.101173e+003,5.887259e-002
1.101655e+003,5.872063e-002
1.102137e+003,5.856069e-002
1.102619e+003,5.839307e-002
1.103101e+003,5.821662e-002
1.103583e+003,5.803110e-002
1.104065e+003,5.783985e-002
1.104547e+003,5.764996e-002
1.105030e+003,5.747158e-002
1.105512e+003,5.731576e-002
1.105994e+003,5.719115e-002
1.106476e+003,5.710340e-002
1.106958e+003,5.705448e-002
1.107440e+003,5.704541e-002
1.107922e+003,5.707702e-002
1.108404e+003,5.715222e-002
1.108886e+003,5.727432e-002
1.109369e+003,5.744613e-002
1.109851e+003,5.766768e-002
1.110333e+003,5.793558e-002
1.110815e+003,5.824354e-002
1.111297e+003,5.858377e-002
1.111779e+003,5.894891e-002
1.112261e+003,5.933316e-002
1.112744e+003,5.973135e-002
1.113226e+003,6.013869e-002
1.113708e+003,6.054869e-002
1.114190e+003,6.095224e-002
1.114672e+003,6.133888e-002
1.115154e+003,6.169791e-002
1.115636e+003,6.202141e-002
1.116118e+003,6.230446e-002
1.116601e+003,6.254569e-002
1.117083e+003,6.274436e-002
1.117565e+003,6.289894e-002
1.118047e+003,6.300545e-002
1.118529e+003,6.305714e-002
1.119011e+003,6.304789e-002
1.119493e+003,6.297366e-002
1.119975e+003,6.283498e-002
1.120458e+003,6.263628e-002
1.120940e+003,6.238421e-002
1.121422e+003,6.208534e-002
1.121904e+003,6.174444e-002
1.122386e+003,6.136547e-002
1.122868e+003,6.095425e-002
1.123350e+003,6.051977e-002
1.123832e+003,6.007552e-002
1.124314e+003,5.963737e-002
1.124797e+003,5.922090e-002
1.125279e+003,5.883797e-002
1.125761e+003,5.849592e-002
1.126243e+003,5.819781e-002
1.126725e+003,5.794633e-002
1.127207e+003,5.774545e-002
1.127689e+003,5.760318e-002
1.128172e+003,5.752917e-002
1.128654e+003,5.753323e-002
1.129136e+003,5.762151e-002
1.129618e+003,5.779596e-002
1.130100e+003,5.805381e-002
1.130582e+003,5.839022e-002
1.131064e+003,5.880089e-002
1.131546e+003,5.928335e-002
1.132029e+003,5.983740e-002
1.132511e+003,6.046367e-002
1.132993e+003,6.116182e-002
1.133475e+003,6.192852e-002
1.133957e+003,6.275675e-002
1.134439e+003,6.363773e-002
1.134921e+003,6.456075e-002
1.135403e+003,6.551687e-002
1.135885e+003,6.649750e-002
1.136368e+003,6.749559e-002
1.136850e+003,6.850290e-002
1.137332e+003,6.950966e-002
1.137814e+003,7.050413e-002
1.138296e+003,7.147434e-002
1.138778e+003,7.241009e-002
1.139260e+003,7.330518e-002
1.139742e+003,7.415831e-002
1.140225e+003,7.497104e-002
1.140707e+003,7.574499e-002
1.141189e+003,7.647966e-002
1.141671e+003,7.717075e-002
1.142153e+003,7.781263e-002
1.142635e+003,7.840154e-002
1.143117e+003,7.893893e-002
1.143599e+003,7.943285e-002
1.144082e+003,7.989580e-002
1.144564e+003,8.034191e-002
1.145046e+003,8.078209e-002
1.145528e+003,8.122241e-002
1.146010e+003,8.166472e-002
1.146492e+003,8.210866e-002
1.146974e+003,8.255599e-002
1.147457e+003,8.300996e-002
1.147939e+003,8.347632e-002
1.148421e+003,8.395941e-002
1.148903e+003,8.445958e-002
1.149385e+003,8.497282e-002
1.149867e+003,8.549206e-002
1.150349e+003,8.601122e-002
1.150831e+003,8.652759e-002
1.151313e+003,8.704364e-002
1.151796e+003,8.756505e-002
1.152278e+003,8.809623e-002
1.152760e+003,8.863754e-002
1.153242e+003,8.918290e-002
1.153724e+003,8.972241e-002
1.154206e+003,9.024620e-002
1.154688e+003,9.074870e-002
1.155170e+003,9.123039e-002
1.155653e+003,9.169663e-002
1.156135e+003,9.215284e-002
1.156617e+003,9.260067e-002
1.157099e+003,9.303484e-002
1.157581e+003,9.344547e-002
1.158063e+003,9.382184e-002
1.158545e+003,9.415691e-002
1.159027e+003,9.444953e-002
1.159510e+003,9.470351e-002
1.159992e+003,9.492337e-002
1.160474e+003,9.511007e-002
1.160956e+003,9.525908e-002
1.161438e+003,9.536228e-002
1.161920e+003,9.541237e-002
1.162402e+003,9.540755e-002
1.162885e+003,9.535283e-002
1.163367e+003,9.525876e-002
1.163849e+003,9.513529e-002
1.164331e+003,9.498803e-002
1.164813e+003,9.481468e-002
1.165295e+003,9.460828e-002
1.165777e+003,9.436046e-002
1.166259e+003,9.406780e-002
1.166741e+003,9.373327e-002
1.167224e+003,9.336538e-002
1.167706e+003,9.297235e-002
1.168188e+003,9.255991e-002
1.168670e+003,9.212657e-002
1.169152e+003,9.166712e-002
1.169634e+003,9.117549e-002
1.170116e+003,9.064918e-002
1.170598e+003,9.009045e-002
1.171081e+003,8.950564e-002
1.171563e+003,8.890033e-002
1.172045e+003,8.827672e-002
1.172527e+003,8.763220e-002
1.173009e+003,8.696189e-002
1.173491e+003,8.626226e-002
1.173973e+003,8.553509e-002
1.174455e+003,8.478692e-002
1.174938e+003,8.402792e-002
1.175420e+003,8.326665e-002
1.175902e+003,8.250750e-002
1.176384e+003,8.174938e-002
1.176866e+003,8.098892e-002
1.177348e+003,8.022405e-002
1.177830e+003,7.945741e-002
1.178313e+003,7.869601e-002
1.178795e+003,7.794946e-002
1.179277e+003,7.722501e-002
1.179759e+003,7.652567e-002
1.180241e+003,7.584852e-002
1.180723e+003,7.518848e-002
1.181205e+003,7.454079e-002
1.181687e+003,7.390484e-002
1.182169e+003,7.328377e-002
1.182652e+003,7.268362e-002
1.183134e+003,7.210872e-002
1.183616e+003,7.156021e-002
1.184098e+003,7.103505e-002
1.184580e+003,7.052872e-002
1.185062e+003,7.003627e-002
1.185544e+003,6.955639e-002
1.186026e+003,6.908978e-002
1.186509e+003,6.863876e-002
1.186991e+003,6.820422e-002
1.187473e+003,6.778382e-002
1.187955e+003,6.737339e-002
1.188437e+003,6.696763e-002
1.188919e+003,6.656346e-002
1.189401e+003,6.616114e-002
1.189883e+003,6.576353e-002
1.190366e+003,6.537447e-002
1.190848e+003,6.499588e-002
1.191330e+003,6.462704e-002
1.191812e+003,6.426421e-002
1.192294e+003,6.390353e-002
1.192776e+003,6.354257e-002
1.193258e+003,6.318182e-002
1.193740e+003,6.282461e-002
1.194223e+003,6.247442e-002
1.194705e+003,6.213375e-002
1.195187e+003,6.180268e-002
1.195669e+003,6.147929e-002
1.196151e+003,6.116208e-002
1.196633e+003,6.085107e-002
1.197115e+003,6.054944e-002
1.197597e+003,6.026157e-002
1.198080e+003,5.999182e-002
1.198562e+003,5.974236e-002
1.199044e+003,5.951225e-002
1.199526e+003,5.929882e-002
1.200008e+003,5.909957e-002
1.200490e+003,5.891400e-002
1.200972e+003,5.874392e-002
1.201454e+003,5.859270e-002
1.201937e+003,5.846309e-002
1.202419e+003,5.835524e-002
1.202901e+003,5.826629e-002
1.203383e+003,5.819179e-002
1.203865e+003,5.812719e-002
1.204347e+003,5.806958e-002
1.204829e+003,5.801906e-002
1.205312e+003,5.797753e-002
1.205794e+003,5.794653e-002
1.206276e+003,5.792650e-002
1.206758e+003,5.791585e-002
1.207240e+003,5.791187e-002
1.207722e+003,5.791252e-002
1.208204e+003,5.791766e-002
1.208686e+003,5.792950e-002
1.209168e+003,5.795065e-002
1.209651e+003,5.798347e-002
1.210133e+003,5.802739e-002
1.210615e+003,5.807958e-002
1.211097e+003,5.813619e-002
1.211579e+003,5.819431e-002
1.212061e+003,5.825334e-002
1.212543e+003,5.831632e-002
1.213025e+003,5.838810e-002
1.213508e+003,5.847291e-002
1.213990e+003,5.857385e-002
1.214472e+003,5.869083e-002
1.214954e+003,5.882231e-002
1.215436e+003,5.896695e-002
1.215918e+003,5.912466e-002
1.216400e+003,5.929716e-002
1.216882e+003,5.948672e-002
1.217365e+003,5.969518e-002
1.217847e+003,5.992161e-002
1.218329e+003,6.016311e-002
1.218811e+003,6.041538e-002
1.219293e+003,6.067535e-002
1.219775e+003,6.094183e-002
1.220257e+003,6.121687e-002
1.220740e+003,6.150387e-002
1.221222e+003,6.180607e-002
1.221704e+003,6.212477e-002
1.222186e+003,6.245864e-002
1.222668e+003,6.280442e-002
1.223150e+003,6.315876e-002
1.223632e+003,6.352003e-002
1.224114e+003,6.388785e-002
1.224596e+003,6.426377e-002
1.225079e+003,6.464849e-002
1.225561e+003,6.503997e-002
1.226043e+003,6.543452e-002
1.226525e+003,6.582630e-002
1.227007e+003,6.621067e-002
1.227489e+003,6.658567e-002
1.227971e+003,6.695254e-002
1.228453e+003,6.731546e-002
1.228936e+003,6.767879e-002
1.229418e+003,6.804451e-002
1.229900e+003,6.841187e-002
1.230382e+003,6.877691e-002
1.230864e+003,6.913511e-002
1.231346e+003,6.948332e-002
1.231828e+003,6.982161e-002
1.232310e+003,7.015260e-002
1.232792e+003,7.047941e-002
1.233275e+003,7.080398e-002
1.233757e+003,7.112475e-002
1.234239e+003,7.143696e-002
1.234721e+003,7.173456e-002
1.235203e+003,7.201271e-002
1.235685e+003,7.226971e-002
1.236167e+003,7.250630e-002
1.236650e+003,7.272464e-002
1.237132e+003,7.292603e-002
1.237614e+003,7.310872e-002
1.238096e+003,7.326825e-002
1.238578e+003,7.339965e-002
1.239060e+003,7.349893e-002
1.239542e+003,7.356535e-002
1.240024e+003,7.360093e-002
1.240507e+003,7.360863e-002
1.240989e+003,7.358977e-002
1.241471e+003,7.354273e-002
1.241953e+003,7.346339e-002
1.242435e+003,7.334731e-002
1.242917e+003,7.319216e-002
1.243399e+003,7.299986e-002
1.243881e+003,7.277551e-002
1.244364e+003,7.252526e-002
1.244846e+003,7.225306e-002
1.245328e+003,7.195994e-002
1.245810e+003,7.164399e-002
1.246292e+003,7.130333e-002
1.246774e+003,7.093919e-002
1.247256e+003,7.055776e-002
1.247738e+003,7.016915e-002
1.248220e+003,6.978474e-002
1.248703e+003,6.941316e-002
1.249185e+003,6.905910e-002
1.249667e+003,6.872261e-002
1.250149e+003,6.840150e-002
1.250631e+003,6.809498e-002
1.251113e+003,6.780417e-002
1.251595e+003,6.753276e-002
1.252078e+003,6.728451e-002
1.252560e+003,6.706176e-002
1.253042e+003,6.686313e-002
1.253524e+003,6.668535e-002
1.254006e+003,6.652415e-002
1.254488e+003,6.637660e-002
1.254970e+003,6.624233e-002
1.255452e+003,6.612241e-002
1.255935e+003,6.601811e-002
1.256417e+003,6.592797e-002
1.256899e+003,6.584838e-002
1.257381e+003,6.577373e-002
1.257863e+003,6.569902e-002
1.258345e+003,6.562184e-002
1.258827e+003,6.554295e-002
1.259309e+003,6.546509e-002
1.259792e+003,6.539118e-002
1.260274e+003,6.532153e-002
1.260756e+003,6.525385e-002
1.261238e+003,6.518346e-002
1.261720e+003,6.510734e-002
1.262202e+003,6.502428e-002
1.262684e+003,6.493767e-002
1.263166e+003,6.485195e-002
1.263648e+003,6.477148e-002
1.264131e+003,6.469769e-002
1.264613e+003,6.462787e-002
1.265095e+003,6.455683e-002
1.265577e+003,6.447930e-002
1.266059e+003,6.439236e-002
1.266541e+003,6.429715e-002
1.267023e+003,6.419712e-002
1.267505e+003,6.409733e-002
1.267988e+003,6.400089e-002
1.268470e+003,6.390877e-002
1.268952e+003,6.382047e-002
1.269434e+003,6.373525e-002
1.269916e+003,6.365455e-002
1.270398e+003,6.358245e-002
1.270880e+003,6.352366e-002
1.271363e+003,6.348246e-002
1.271845e+003,6.345982e-002
1.272327e+003,6.345394e-002
1.272809e+003,6.346081e-002
1.273291e+003,6.347709e-002
1.273773e+003,6.350169e-002
1.274255e+003,6.353591e-002
1.274737e+003,6.358198e-002
1.275219e+003,6.364086e-002
1.275702e+003,6.371026e-002
1.276184e+003,6.378438e-002
1.276666e+003,6.385545e-002
1.277148e+003,6.391604e-002
1.277630e+003,6.396165e-002
1.278112e+003,6.399059e-002
1.278594e+003,6.400340e-002
1.279076e+003,6.400047e-002
1.279559e+003,6.397984e-002
1.280041e+003,6.393752e-002
1.280523e+003,6.386884e-002
1.281005e+003,6.377111e-002
1.281487e+003,6.364575e-002
1.281969e+003,6.349900e-002
1.282451e+003,6.333893e-002
1.282933e+003,6.317407e-002
1.283416e+003,6.300955e-002
1.283898e+003,6.284763e-002
1.284380e+003,6.268758e-002
1.284862e+003,6.253012e-002
1.285344e+003,6.237774e-002
1.285826e+003,6.223593e-002
1.286308e+003,6.211179e-002
1.286791e+003,6.201115e-002
1.287273e+003,6.193630e-002
1.287755e+003,6.188547e-002
1.288237e+003,6.185434e-002
1.288719e+003,6.183891e-002
1.289201e+003,6.183714e-002
1.289683e+003,6.185014e-002
1.290165e+003,6.188000e-002
1.290647e+003,6.192815e-002
1.291130e+003,6.199342e-002
1.291612e+003,6.207112e-002
1.292094e+003,6.215520e-002
1.292576e+003,6.224079e-002
1.293058e+003,6.232538e-002
1.293540e+003,6.241008e-002
1.294022e+003,6.249779e-002
1.294504e+003,6.259053e-002
1.294987e+003,6.268843e-002
1.295469e+003,6.278798e-002
1.295951e+003,6.288432e-002
1.296433e+003,6.297334e-002
1.296915e+003,6.305413e-002
1.297397e+003,6.312902e-002
1.297879e+003,6.320169e-002
1.298361e+003,6.327517e-002
1.298844e+003,6.334898e-002
1.299326e+003,6.341932e-002
1.299808e+003,6.347933e-002
1.300290e+003,6.352352e-002
1.300772e+003,6.354894e-002
1.301254e+003,6.355678e-002
1.301736e+003,6.355041e-002
1.302219e+003,6.353378e-002
1.302701e+003,6.350910e-002
1.303183e+003,6.347598e-002
1.303665e+003,6.343298e-002
1.304147e+003,6.337979e-002
1.304629e+003,6.331906e-002
1.305111e+003,6.325547e-002
1.305593e+003,6.319491e-002
1.306075e+003,6.314105e-002
1.306558e+003,6.309362e-002
1.307040e+003,6.304847e-002
1.307522e+003,6.299984e-002
1.308004e+003,6.294340e-002
1.308486e+003,6.287809e-002
1.308968e+003,6.280766e-002
1.309450e+003,6.273723e-002
1.309932e+003,6.267086e-002
1.310415e+003,6.260944e-002
1.310897e+003,6.254987e-002
1.311379e+003,6.248621e-002
1.311861e+003,6.241377e-002
1.312343e+003,6.233028e-002
1.312825e+003,6.223716e-002
1.313307e+003,6.213827e-002
1.313789e+003,6.203619e-002
1.314272e+003,6.193088e-002
1.314754e+003,6.181937e-002
1.315236e+003,6.169682e-002
1.315718e+003,6.156020e-002
1.316200e+003,6.140915e-002
1.316682e+003,6.124664e-002
1.317164e+003,6.107610e-002
1.317646e+003,6.089986e-002
1.318129e+003,6.071591e-002
1.318611e+003,6.051926e-002
1.319093e+003,6.030422e-002
1.319575e+003,6.006785e-002
1.320057e+003,5.981170e-002
1.320539e+003,5.954177e-002
1.321021e+003,5.926470e-002
1.321503e+003,5.898529e-002
1.321986e+003,5.870428e-002
1.322468e+003,5.841922e-002
1.322950e+003,5.812690e-002
1.323432e+003,5.782679e-002
1.323914e+003,5.752080e-002
1.324396e+003,5.721433e-002
1.324878e+003,5.691216e-002
1.325360e+003,5.661662e-002
1.325843e+003,5.632620e-002
1.326325e+003,5.603777e-002
1.326807e+003,5.574881e-002
1.327289e+003,5.546117e-002
1.327771e+003,5.518156e-002
1.328253e+003,5.492048e-002
1.328735e+003,5.468692e-002
1.329218e+003,5.448611e-002
1.329700e+003,5.431776e-002
1.330182e+003,5.417705e-002
1.330664e+003,5.405849e-002
1.331146e+003,5.395891e-002
1.331628e+003,5.387867e-002
1.332110e+003,5.382120e-002
1.332592e+003,5.378960e-002
1.333074e+003,5.378507e-002
1.333557e+003,5.380559e-002
1.334039e+003,5.384779e-002
1.334521e+003,5.390884e-002
1.335003e+003,5.398871e-002
1.335485e+003,5.408961e-002
1.335967e+003,5.421596e-002
1.336449e+003,5.436992e-002
1.336931e+003,5.455073e-002
1.337414e+003,5.475308e-002
1.337896e+003,5.496935e-002
1.338378e+003,5.519033e-002
1.338860e+003,5.540828e-002
1.339342e+003,5.561718e-002
1.339824e+003,5.581333e-002
1.340306e+003,5.599258e-002
1.340788e+003,5.615181e-002
1.341271e+003,5.628789e-002
1.341753e+003,5.640073e-002
1.342235e+003,5.649361e-002
1.342717e+003,5.657385e-002
1.343199e+003,5.665169e-002
1.343681e+003,5.673713e-002
1.344163e+003,5.683736e-002
1.344646e+003,5.695397e-002
1.345128e+003,5.708333e-002
1.345610e+003,5.721860e-002
1.346092e+003,5.735352e-002
1.346574e+003,5.748491e-002
1.347056e+003,5.761384e-002
1.347538e+003,5.774355e-002
1.348020e+003,5.787593e-002
1.348502e+003,5.800944e-002
1.348985e+003,5.813813e-002
1.349467e+003,5.825362e-002
1.349949e+003,5.834948e-002
1.350431e+003,5.842350e-002
1.350913e+003,5.847868e-002
1.351395e+003,5.852101e-002
1.351877e+003,5.855654e-002
1.352359e+003,5.858788e-002
1.352842e+003,5.861402e-002
1.353324e+003,5.863164e-002
1.353806e+003,5.863869e-002
1.354288e+003,5.863687e-002
1.354770e+003,5.863241e-002
1.355252e+003,5.863496e-002
1.355734e+003,5.865275e-002
1.356216e+003,5.869022e-002
1.356698e+003,5.874681e-002
1.357181e+003,5.881935e-002
1.357663e+003,5.890512e-002
1.358145e+003,5.900427e-002
1.358627e+003,5.912114e-002
1.359109e+003,5.926221e-002
1.359591e+003,5.943367e-002
1.360073e+003,5.963977e-002
1.360556e+003,5.988147e-002
1.361038e+003,6.015732e-002
1.361520e+003,6.046458e-002
1.362002e+003,6.079960e-002
1.362484e+003,6.115757e-002
1.362966e+003,6.153096e-002
1.363448e+003,6.190964e-002
1.363930e+003,6.228375e-002
1.364413e+003,6.264611e-002
1.364895e+003,6.299432e-002
1.365377e+003,6.333005e-002
1.365859e+003,6.365736e-002
1.366341e+003,6.397995e-002
1.366823e+003,6.429851e-002
1.367305e+003,6.460746e-002
1.367787e+003,6.489493e-002
1.368270e+003,6.514561e-002
1.368752e+003,6.534678e-002
1.369234e+003,6.549317e-002
1.369716e+003,6.559229e-002
1.370198e+003,6.566166e-002
1.370680e+003,6.572676e-002
1.371162e+003,6.581609e-002
1.371644e+003,6.596056e-002
1.372126e+003,6.619211e-002
1.372609e+003,6.654473e-002
1.373091e+003,6.704806e-002
1.373573e+003,6.771822e-002
1.374055e+003,6.854192e-002
1.374537e+003,6.947105e-002
1.375019e+003,7.043292e-002
1.375501e+003,7.135221e-002
1.375984e+003,7.216929e-002
1.376466e+003,7.284372e-002
1.376948e+003,7.334623e-002
1.377430e+003,7.365272e-002
1.377912e+003,7.374362e-002
1.378394e+003,7.361072e-002
1.378876e+003,7.326434e-002
1.379358e+003,7.273635e-002
1.379841e+003,7.207426e-002
1.380323e+003,7.133137e-002
1.380805e+003,7.055645e-002
1.381287e+003,6.979199e-002
1.381769e+003,6.907254e-002
1.382251e+003,6.842668e-002
1.382733e+003,6.787374e-002
1.383215e+003,6.742147e-002
1.383698e+003,6.706511e-002
1.384180e+003,6.679002e-002
1.384662e+003,6.657717e-002
1.385144e+003,6.640992e-002
1.385626e+003,6.627698e-002
1.386108e+003,6.617305e-002
1.386590e+003,6.609546e-002
1.387072e+003,6.604104e-002
1.387554e+003,6.600316e-002
1.388037e+003,6.597468e-002
1.388519e+003,6.595208e-002
1.389001e+003,6.593847e-002
1.389483e+003,6.594210e-002
1.389965e+003,6.597197e-002
1.390447e+003,6.603283e-002
1.390929e+003,6.612365e-002
1.391411e+003,6.623732e-002
1.391894e+003,6.636514e-002
1.392376e+003,6.650018e-002
1.392858e+003,6.664190e-002
1.393340e+003,6.679628e-002
1.393822e+003,6.697207e-002
1.394304e+003,6.717199e-002
1.394786e+003,6.738672e-002
1.395269e+003,6.759447e-002
1.395751e+003,6.777284e-002
1.396233e+003,6.791045e-002
1.396715e+003,6.801165e-002
1.397197e+003,6.809241e-002
1.397679e+003,6.817192e-002
1.398161e+003,6.826281e-002
1.398643e+003,6.836399e-002
1.399125e+003,6.845931e-002
1.399608e+003,6.852722e-002
1.400090e+003,6.855115e-002
1.400572e+003,6.852830e-002
1.401054e+003,6.846607e-002
1.401536e+003,6.837416e-002
1.402018e+003,6.825669e-002
1.402500e+003,6.810782e-002
1.402982e+003,6.791204e-002
1.403465e+003,6.765009e-002
1.403947e+003,6.730787e-002
1.404429e+003,6.688825e-002
1.404911e+003,6.641436e-002
1.405393e+003,6.592390e-002
1.405875e+003,6.545257e-002
1.406357e+003,6.502225e-002
1.406839e+003,6.463785e-002
1.407322e+003,6.429396e-002
1.407804e+003,6.398437e-002
1.408286e+003,6.370850e-002
1.408768e+003,6.347378e-002
1.409250e+003,6.329171e-002
1.409732e+003,6.317248e-002
1.410214e+003,6.311878e-002
1.410697e+003,6.312316e-002
1.411179e+003,6.317215e-002
1.411661e+003,6.325165e-002
1.412143e+003,6.335377e-002
1.412625e+003,6.347738e-002
1.413107e+003,6.362509e-002
1.413589e+003,6.379614e-002
1.414071e+003,6.398296e-002
1.414553e+003,6.417037e-002
1.415036e+003,6.433956e-002
1.415518e+003,6.447438e-002
1.416000e+003,6.456572e-002
1.416482e+003,6.461047e-002
1.416964e+003,6.460722e-002
1.417446e+003,6.454821e-002
1.417928e+003,6.441454e-002
1.418410e+003,6.418332e-002
1.418893e+003,6.384929e-002
1.419375e+003,6.344281e-002
1.419857e+003,6.302228e-002
1.420339e+003,6.264160e-002
1.420821e+003,6.232789e-002
1.421303e+003,6.207917e-002
1.421785e+003,6.187633e-002
1.422267e+003,6.169580e-002
1.422750e+003,6.152092e-002
1.423232e+003,6.135014e-002
1.423714e+003,6.120216e-002
1.424196e+003,6.110821e-002
1.424678e+003,6.109650e-002
1.425160e+003,6.117671e-002
1.425642e+003,6.133914e-002
1.426125e+003,6.156685e-002
1.426607e+003,6.184949e-002
1.427089e+003,6.219276e-002
1.427571e+003,6.261844e-002
1.428053e+003,6.315835e-002
1.428535e+003,6.384025e-002
1.429017e+003,6.467099e-002
1.429499e+003,6.562822e-002
1.429981e+003,6.666617e-002
1.430464e+003,6.773423e-002
1.430946e+003,6.879565e-002
1.431428e+003,6.983259e-002
1.431910e+003,7.084206e-002
1.432392e+003,7.182649e-002
1.432874e+003,7.278667e-002
1.433356e+003,7.372387e-002
1.433838e+003,7.464411e-002
1.434321e+003,7.556744e-002
1.434803e+003,7.653256e-002
1.435285e+003,7.759218e-002
1.435767e+003,7.879058e-002
1.436249e+003,8.012163e-002
1.436731e+003,8.149945e-002
1.437213e+003,8.279192e-002
1.437696e+003,8.389825e-002
1.438177e+003,8.479616e-002
1.438660e+003,8.552576e-002
1.439142e+003,8.615287e-002
1.439624e+003,8.673918e-002
1.440106e+003,8.733023e-002
1.440588e+003,8.794867e-002
1.441070e+003,8.859578e-002
1.441552e+003,8.925565e-002
1.442035e+003,8.990619e-002
1.442517e+003,9.053021e-002
1.442999e+003,9.112423e-002
1.443481e+003,9.169854e-002
1.443963e+003,9.227164e-002
1.444445e+003,9.286198e-002
1.444927e+003,9.348398e-002
1.445409e+003,9.414700e-002
1.445892e+003,9.486100e-002
1.446374e+003,9.564042e-002
1.446856e+003,9.650439e-002
1.447338e+003,9.746885e-002
1.447820e+003,9.853707e-002
1.448302e+003,9.969410e-002
1.448784e+003,1.009178e-001
1.449266e+003,1.021987e-001
1.449749e+003,1.035532e-001
1.450231e+003,1.050239e-001
1.450713e+003,1.066632e-001
1.451195e+003,1.085096e-001
1.451677e+003,1.105644e-001
1.452159e+003,1.127770e-001
1.452641e+003,1.150565e-001
1.453124e+003,1.173030e-001
1.453605e+003,1.194464e-001
1.454088e+003,1.214679e-001
1.454570e+003,1.234038e-001
1.455052e+003,1.253345e-001
1.455534e+003,1.273668e-001
1.456016e+003,1.296093e-001
1.456498e+003,1.321412e-001
1.456980e+003,1.349856e-001
1.457463e+003,1.381379e-001
1.457945e+003,1.416210e-001
1.458427e+003,1.454902e-001
1.458909e+003,1.497698e-001
1.459391e+003,1.544067e-001
1.459873e+003,1.592663e-001
1.460355e+003,1.641587e-001
1.460837e+003,1.688654e-001
1.461320e+003,1.731575e-001
1.461802e+003,1.767915e-001
1.462284e+003,1.794954e-001
1.462766e+003,1.809609e-001
1.463248e+003,1.808846e-001
1.463730e+003,1.790932e-001
1.464212e+003,1.757298e-001
1.464694e+003,1.713535e-001
1.465177e+003,1.667699e-001
1.465659e+003,1.626482e-001
1.466141e+003,1.592495e-001
1.466623e+003,1.564586e-001
1.467105e+003,1.540033e-001
1.467587e+003,1.516559e-001
1.468069e+003,1.493323e-001
1.468552e+003,1.470970e-001
1.469033e+003,1.451065e-001
1.469516e+003,1.435291e-001
1.469998e+003,1.424579e-001
1.470480e+003,1.418144e-001
1.470962e+003,1.412481e-001
1.471444e+003,1.400685e-001
1.471926e+003,1.373577e-001
1.472408e+003,1.324041e-001
1.472891e+003,1.252425e-001
1.473373e+003,1.166786e-001
1.473855e+003,1.076969e-001
1.474337e+003,9.893997e-002
1.474819e+003,9.066813e-002
1.475301e+003,8.298089e-002
1.475783e+003,7.600587e-002
1.476265e+003,6.993804e-002
1.476748e+003,6.495579e-002
1.477230e+003,6.111044e-002
1.477712e+003,5.828280e-002
1.478194e+003,5.623424e-002
1.478676e+003,5.470093e-002
1.479158e+003,5.346967e-002
1.479640e+003,5.241308e-002
1.480122e+003,5.148564e-002
1.480604e+003,5.069445e-002
1.481087e+003,5.005843e-002
1.481569e+003,4.957448e-002
1.482051e+003,4.920831e-002
1.482533e+003,4.891347e-002
1.483015e+003,4.865851e-002
1.483497e+003,4.844186e-002
1.483979e+003,4.828630e-002
1.484461e+003,4.822161e-002
1.484944e+003,4.826411e-002
1.485426e+003,4.840450e-002
1.485908e+003,4.860816e-002
1.486390e+003,4.883054e-002
1.486872e+003,4.904110e-002
1.487354e+003,4.924658e-002
1.487836e+003,4.949364e-002
1.488319e+003,4.985194e-002
1.488801e+003,5.037237e-002
1.489283e+003,5.104963e-002
1.489765e+003,5.180890e-002
1.490247e+003,5.254429e-002
1.490729e+003,5.318311e-002
1.491211e+003,5.371939e-002
1.491693e+003,5.419397e-002
1.492176e+003,5.465517e-002
1.492658e+003,5.513582e-002
1.493140e+003,5.564915e-002
1.493622e+003,5.619640e-002
1.494104e+003,5.677839e-002
1.494586e+003,5.740441e-002
1.495068e+003,5.809711e-002
1.495550e+003,5.888413e-002
1.496032e+003,5.977915e-002
1.496515e+003,6.075810e-002
1.496997e+003,6.175530e-002
1.497479e+003,6.269030e-002
1.497961e+003,6.351233e-002
1.498443e+003,6.422217e-002
1.498925e+003,6.486294e-002
1.499407e+003,6.549185e-002
1.499890e+003,6.615087e-002
1.500372e+003,6.685146e-002
1.500854e+003,6.757604e-002
1.501336e+003,6.829063e-002
1.501818e+003,6.896334e-002
1.502300e+003,6.957689e-002
1.502782e+003,7.013439e-002
1.503264e+003,7.065612e-002
1.503747e+003,7.117660e-002
1.504229e+003,7.174104e-002
1.504711e+003,7.241136e-002
1.505193e+003,7.327592e-002
1.505675e+003,7.446177e-002
1.506157e+003,7.609446e-002
1.506639e+003,7.815075e-002
1.507121e+003,8.031619e-002
1.507604e+003,8.218374e-002
1.508086e+003,8.360190e-002
1.508568e+003,8.466917e-002
1.509050e+003,8.553921e-002
1.509532e+003,8.633042e-002
1.510014e+003,8.712063e-002
1.510496e+003,8.796278e-002
1.510979e+003,8.888690e-002
1.511460e+003,8.989637e-002
1.511943e+003,9.096490e-002
1.512425e+003,9.204423e-002
1.512907e+003,9.308107e-002
1.513389e+003,9.403859e-002
1.513871e+003,9.490857e-002
1.514353e+003,9.571448e-002
1.514835e+003,9.650371e-002
1.515318e+003,9.733155e-002
1.515800e+003,9.823149e-002
1.516282e+003,9.918375e-002
1.516764e+003,1.001060e-001
1.517246e+003,1.008930e-001
1.517728e+003,1.014814e-001
1.518210e+003,1.018828e-001
1.518692e+003,1.021638e-001
1.519175e+003,1.024118e-001
1.519657e+003,1.027142e-001
1.520139e+003,1.031469e-001
1.520621e+003,1.037544e-001
1.521103e+003,1.045179e-001
1.521585e+003,1.053401e-001
1.522067e+003,1.061046e-001
1.522549e+003,1.067582e-001
1.523031e+003,1.073287e-001
1.523514e+003,1.078772e-001
1.523996e+003,1.084589e-001
1.524478e+003,1.091076e-001
1.524960e+003,1.098369e-001
1.525442e+003,1.106437e-001
1.525924e+003,1.115144e-001
1.526406e+003,1.124301e-001
1.526888e+003,1.133717e-001
1.527371e+003,1.143187e-001
1.527853e+003,1.152474e-001
1.528335e+003,1.161296e-001
1.528817e+003,1.169394e-001
1.529299e+003,1.176623e-001
1.529781e+003,1.183033e-001
1.530263e+003,1.188884e-001
1.530746e+003,1.194633e-001
1.531228e+003,1.200851e-001
1.531710e+003,1.208140e-001
1.532192e+003,1.216957e-001
1.532674e+003,1.227318e-001
1.533156e+003,1.238505e-001
1.533638e+003,1.249206e-001
1.534120e+003,1.258278e-001
1.534603e+003,1.265409e-001
1.535085e+003,1.270989e-001
1.535567e+003,1.275577e-001
1.536049e+003,1.279548e-001
1.536531e+003,1.283051e-001
1.537013e+003,1.286102e-001
1.537495e+003,1.288751e-001
1.537977e+003,1.291245e-001
1.538459e+003,1.294190e-001
1.538942e+003,1.298511e-001
1.539424e+003,1.304891e-001
1.539906e+003,1.312663e-001
1.540388e+003,1.319518e-001
1.540870e+003,1.323214e-001
1.541352e+003,1.323449e-001
1.541834e+003,1.321524e-001
1.542316e+003,1.318926e-001
1.542799e+003,1.316488e-001
1.543281e+003,1.314217e-001
1.543763e+003,1.311524e-001
1.544245e+003,1.307679e-001
1.544727e+003,1.302314e-001
1.545209e+003,1.295720e-001
1.545691e+003,1.288650e-001
1.546174e+003,1.281854e-001
1.546656e+003,1.275683e-001
1.547138e+003,1.269962e-001
1.547620e+003,1.264073e-001
1.548102e+003,1.257122e-001
1.548584e+003,1.248234e-001
1.549066e+003,1.236968e-001
1.549548e+003,1.223696e-001
1.550031e+003,1.209600e-001
1.550513e+003,1.196050e-001
1.550995e+003,1.183822e-001
1.551477e+003,1.172774e-001
1.551959e+003,1.162076e-001
1.552441e+003,1.150698e-001
1.552923e+003,1.137867e-001
1.553405e+003,1.123438e-001
1.553887e+003,1.108063e-001
1.554370e+003,1.092993e-001
1.554852e+003,1.079476e-001
1.555334e+003,1.068157e-001
1.555816e+003,1.058894e-001
1.556298e+003,1.050947e-001
1.556780e+003,1.043270e-001
1.557262e+003,1.034493e-001
1.557744e+003,1.022667e-001
1.558227e+003,1.005361e-001
1.558709e+003,9.819641e-002
1.559191e+003,9.570079e-002
1.559673e+003,9.367020e-002
1.560155e+003,9.225408e-002
1.560637e+003,9.126675e-002
1.561119e+003,9.051940e-002
1.561602e+003,8.990093e-002
1.562083e+003,8.934376e-002
1.562566e+003,8.879486e-002
1.563048e+003,8.820285e-002
1.563530e+003,8.752570e-002
1.564012e+003,8.674622e-002
1.564494e+003,8.589096e-002
1.564976e+003,8.502564e-002
1.565458e+003,8.422808e-002
1.565941e+003,8.354741e-002
1.566423e+003,8.298507e-002
1.566905e+003,8.249886e-002
1.567387e+003,8.202516e-002
1.567869e+003,8.149981e-002
1.568351e+003,8.088180e-002
1.568833e+003,8.017337e-002
1.569315e+003,7.943069e-002
1.569798e+003,7.873522e-002
1.570280e+003,7.814148e-002
1.570762e+003,7.764772e-002
1.571244e+003,7.721849e-002
1.571726e+003,7.681970e-002
1.572208e+003,7.643837e-002
1.572690e+003,7.607808e-002
1.573172e+003,7.574943e-002
1.573655e+003,7.545587e-002
1.574137e+003,7.518369e-002
1.574619e+003,7.489532e-002
1.575101e+003,7.453830e-002
1.575583e+003,7.407302e-002
1.576065e+003,7.351437e-002
1.576547e+003,7.294220e-002
1.577030e+003,7.244650e-002
1.577511e+003,7.206259e-002
1.577994e+003,7.176516e-002
1.578476e+003,7.150432e-002
1.578958e+003,7.123809e-002
1.579440e+003,7.094735e-002
1.579922e+003,7.063592e-002
1.580404e+003,7.032288e-002
1.580886e+003,7.003050e-002
1.581369e+003,6.977028e-002
1.581851e+003,6.953666e-002
1.582333e+003,6.930972e-002
1.582815e+003,6.906838e-002
1.583297e+003,6.880450e-002
1.583779e+003,6.852832e-002
1.584261e+003,6.826299e-002
1.584743e+003,6.803215e-002
1.585226e+003,6.784490e-002
1.585708e+003,6.769144e-002
1.586190e+003,6.754883e-002
1.586672e+003,6.739523e-002
1.587154e+003,6.722371e-002
1.587636e+003,6.704699e-002
1.588118e+003,6.688955e-002
1.588600e+003,6.677492e-002
1.589083e+003,6.671090e-002
1.589565e+003,6.668428e-002
1.590047e+003,6.666911e-002
1.590529e+003,6.664202e-002
1.591011e+003,6.659628e-002
1.591493e+003,6.654578e-002
1.591975e+003,6.651635e-002
1.592458e+003,6.653052e-002
1.592939e+003,6.659313e-002
1.593422e+003,6.668846e-002
1.593904e+003,6.678791e-002
1.594386e+003,6.686757e-002
1.594868e+003,6.692202e-002
1.595350e+003,6.696798e-002
1.595832e+003,6.703335e-002
1.596314e+003,6.713984e-002
1.596797e+003,6.728935e-002
1.597279e+003,6.746406e-002
1.597761e+003,6.763730e-002
1.598243e+003,6.779165e-002
1.598725e+003,6.792968e-002
1.599207e+003,6.807446e-002
1.599689e+003,6.825843e-002
1.600171e+003,6.850738e-002
1.600654e+003,6.882596e-002
1.601136e+003,6.919675e-002
1.601618e+003,6.959010e-002
1.602100e+003,6.998342e-002
1.602582e+003,7.037432e-002
1.603064e+003,7.078117e-002
1.603546e+003,7.123049e-002
1.604028e+003,7.173888e-002
1.604510e+003,7.230181e-002
1.604993e+003,7.289720e-002
1.605475e+003,7.349996e-002
1.605957e+003,7.409949e-002
1.606439e+003,7.470888e-002
1.606921e+003,7.536209e-002
1.607403e+003,7.609706e-002
1.607885e+003,7.693344e-002
1.608367e+003,7.785936e-002
1.608850e+003,7.883516e-002
1.609332e+003,7.981662e-002
1.609814e+003,8.077792e-002
1.610296e+003,8.172359e-002
1.610778e+003,8.267891e-002
1.611260e+003,8.366755e-002
1.611742e+003,8.469269e-002
1.612225e+003,8.572987e-002
1.612707e+003,8.673986e-002
1.613189e+003,8.768986e-002
1.613671e+003,8.857585e-002
1.614153e+003,8.943498e-002
1.614635e+003,9.034964e-002
1.615117e+003,9.143321e-002
1.615599e+003,9.279080e-002
1.616082e+003,9.444521e-002
1.616564e+003,9.627678e-002
1.617046e+003,9.806094e-002
1.617528e+003,9.961214e-002
1.618010e+003,1.008878e-001
1.618492e+003,1.019611e-001
1.618974e+003,1.029355e-001
1.619456e+003,1.038886e-001
1.619938e+003,1.048603e-001
1.620421e+003,1.058652e-001
1.620903e+003,1.069132e-001
1.621385e+003,1.080289e-001
1.621867e+003,1.092567e-001
1.622349e+003,1.106453e-001
1.622831e+003,1.122051e-001
1.623313e+003,1.138673e-001
1.623796e+003,1.154961e-001
1.624278e+003,1.169597e-001
1.624760e+003,1.181992e-001
1.625242e+003,1.192442e-001
1.625724e+003,1.201856e-001
1.626206e+003,1.211354e-001
1.626688e+003,1.221887e-001
1.627170e+003,1.233899e-001
1.627653e+003,1.247101e-001
1.628135e+003,1.260573e-001
1.628617e+003,1.273248e-001
1.629099e+003,1.284502e-001
1.629581e+003,1.294398e-001
1.630063e+003,1.303484e-001
1.630545e+003,1.312367e-001
1.631027e+003,1.321394e-001
1.631510e+003,1.330530e-001
1.631992e+003,1.339474e-001
1.632474e+003,1.347874e-001
1.632956e+003,1.355627e-001
1.633438e+003,1.363112e-001
1.633920e+003,1.371349e-001
1.634402e+003,1.381885e-001
1.634885e+003,1.396160e-001
1.635366e+003,1.414186e-001
1.635849e+003,1.433552e-001
1.636331e+003,1.450644e-001
1.636813e+003,1.463499e-001
1.637295e+003,1.472770e-001
1.637777e+003,1.480336e-001
1.638259e+003,1.487823e-001
1.638741e+003,1.496073e-001
1.639224e+003,1.505189e-001
1.639706e+003,1.514818e-001
1.640188e+003,1.524474e-001
1.640670e+003,1.533837e-001
1.641152e+003,1.542905e-001
1.641634e+003,1.551949e-001
1.642116e+003,1.561272e-001
1.642598e+003,1.570971e-001
1.643081e+003,1.580815e-001
1.643563e+003,1.590324e-001
1.644045e+003,1.599006e-001
1.644527e+003,1.606688e-001
1.645009e+003,1.613850e-001
1.645491e+003,1.621745e-001
1.645973e+003,1.632022e-001
1.646455e+003,1.645518e-001
1.646938e+003,1.660867e-001
1.647420e+003,1.674848e-001
1.647902e+003,1.684845e-001
1.648384e+003,1.690555e-001
1.648866e+003,1.693378e-001
1.649348e+003,1.695080e-001
1.649830e+003,1.696978e-001
1.650313e+003,1.699751e-001
1.650794e+003,1.703404e-001
1.651277e+003,1.707213e-001
1.651759e+003,1.709512e-001
1.652241e+003,1.707748e-001
1.652723e+003,1.699824e-001
1.653205e+003,1.687285e-001
1.653687e+003,1.675360e-001
1.654169e+003,1.667152e-001
1.654652e+003,1.661348e-001
1.655134e+003,1.655393e-001
1.655616e+003,1.647678e-001
1.656098e+003,1.637750e-001
1.656580e+003,1.625916e-001
1.657062e+003,1.612864e-001
1.657544e+003,1.599306e-001
1.658026e+003,1.585711e-001
1.658509e+003,1.572135e-001
1.658991e+003,1.558238e-001
1.659473e+003,1.543470e-001
1.659955e+003,1.527319e-001
1.660437e+003,1.509485e-001
1.660919e+003,1.489943e-001
1.661401e+003,1.468876e-001
1.661883e+003,1.446581e-001
1.662365e+003,1.423445e-001
1.662848e+003,1.400010e-001
1.663330e+003,1.376995e-001
1.663812e+003,1.355174e-001
1.664294e+003,1.335173e-001
1.664776e+003,1.317328e-001
1.665258e+003,1.301628e-001
1.665740e+003,1.287747e-001
1.666222e+003,1.275041e-001
1.666705e+003,1.262580e-001
1.667187e+003,1.249234e-001
1.667669e+003,1.233890e-001
1.668151e+003,1.215821e-001
1.668633e+003,1.195125e-001
1.669115e+003,1.172937e-001
1.669597e+003,1.151048e-001
1.670080e+003,1.131010e-001
1.670562e+003,1.113414e-001
1.671044e+003,1.097948e-001
1.671526e+003,1.083977e-001
1.672008e+003,1.071001e-001
1.672490e+003,1.058740e-001
1.672972e+003,1.046952e-001
1.673454e+003,1.035227e-001
1.673937e+003,1.022834e-001
1.674419e+003,1.008896e-001
1.674901e+003,9.928975e-002
1.675383e+003,9.753413e-002
1.675865e+003,9.577186e-002
1.676347e+003,9.416419e-002
1.676829e+003,9.279417e-002
1.677311e+003,9.164888e-002
1.677793e+003,9.064955e-002
1.678276e+003,8.969173e-002
1.678758e+003,8.867805e-002
1.679240e+003,8.755044e-002
1.679722e+003,8.631603e-002
1.680204e+003,8.504825e-002
1.680686e+003,8.385146e-002
1.681168e+003,8.280787e-002
1.681650e+003,8.193094e-002
1.682133e+003,8.113962e-002
1.682615e+003,8.024757e-002
1.683097e+003,7.898094e-002
1.683579e+003,7.710943e-002
1.684061e+003,7.472270e-002
1.684543e+003,7.232163e-002
1.685025e+003,7.039922e-002
1.685508e+003,6.904609e-002
1.685990e+003,6.806208e-002
1.686472e+003,6.721029e-002
1.686954e+003,6.632759e-002
1.687436e+003,6.533296e-002
1.687918e+003,6.421049e-002
1.688400e+003,6.298850e-002
1.688882e+003,6.171663e-002
1.689365e+003,6.044204e-002
1.689847e+003,5.919380e-002
1.690329e+003,5.798157e-002
1.690811e+003,5.681070e-002
1.691293e+003,5.569500e-002
1.691775e+003,5.465744e-002
1.692257e+003,5.372068e-002
1.692739e+003,5.289073e-002
1.693221e+003,5.214524e-002
1.693704e+003,5.142560e-002
1.694186e+003,5.063893e-002
1.694668e+003,4.968206e-002
1.695150e+003,4.849729e-002
1.695632e+003,4.714991e-002
1.696114e+003,4.583583e-002
1.696596e+003,4.476026e-002
1.697078e+003,4.399787e-002
1.697561e+003,4.347600e-002
1.698043e+003,4.304660e-002
1.698525e+003,4.255175e-002
1.699007e+003,4.186437e-002
1.699489e+003,4.093454e-002
1.699971e+003,3.984984e-002
1.700453e+003,3.882007e-002
1.700936e+003,3.801969e-002
1.701417e+003,3.746203e-002
1.701900e+003,3.704831e-002
1.702382e+003,3.667875e-002
1.702864e+003,3.629874e-002
1.703346e+003,3.589834e-002
1.703828e+003,3.549188e-002
1.704310e+003,3.510166e-002
1.704792e+003,3.473734e-002
1.705275e+003,3.438580e-002
1.705757e+003,3.401783e-002
1.706239e+003,3.361364e-002
1.706721e+003,3.318324e-002
1.707203e+003,3.276291e-002
1.707685e+003,3.239382e-002
1.708167e+003,3.210156e-002
1.708649e+003,3.188541e-002
1.709132e+003,3.172075e-002
1.709614e+003,3.157103e-002
1.710096e+003,3.140684e-002
1.710578e+003,3.122167e-002
1.711060e+003,3.103531e-002
1.711542e+003,3.088431e-002
1.712024e+003,3.080360e-002
1.712506e+003,3.080902e-002
1.712989e+003,3.088940e-002
1.713471e+003,3.100842e-002
1.713953e+003,3.112106e-002
1.714435e+003,3.119840e-002
1.714917e+003,3.124895e-002
1.715399e+003,3.132258e-002
1.715881e+003,3.148990e-002
1.716364e+003,3.180012e-002
1.716845e+003,3.223869e-002
1.717328e+003,3.271609e-002
1.717810e+003,3.312020e-002
1.718292e+003,3.339672e-002
1.718774e+003,3.357906e-002
1.719256e+003,3.374170e-002
1.719738e+003,3.394499e-002
1.720220e+003,3.421313e-002
1.720703e+003,3.454330e-002
1.721185e+003,3.492111e-002
1.721667e+003,3.533693e-002
1.722149e+003,3.579402e-002
1.722631e+003,3.631124e-002
1.723113e+003,3.691324e-002
1.723595e+003,3.761451e-002
1.724077e+003,3.840635e-002
1.724560e+003,3.925772e-002
1.725042e+003,4.013101e-002
1.725524e+003,4.100421e-002
1.726006e+003,4.188360e-002
1.726488e+003,4.280651e-002
1.726970e+003,4.383156e-002
1.727452e+003,4.502298e-002
1.727934e+003,4.643044e-002
1.728417e+003,4.807319e-002
1.728899e+003,4.992700e-002
1.729381e+003,5.192825e-002
1.729863e+003,5.399187e-002
1.730345e+003,5.604551e-002
1.730827e+003,5.806305e-002
1.731309e+003,6.009154e-002
1.731792e+003,6.226910e-002
1.732273e+003,6.484526e-002
1.732756e+003,6.817494e-002
1.733238e+003,7.261150e-002
1.733720e+003,7.821037e-002
1.734202e+003,8.443081e-002
1.734684e+003,9.034782e-002
1.735166e+003,9.531928e-002
1.735648e+003,9.929959e-002
1.736131e+003,1.026118e-001
1.736613e+003,1.056545e-001
1.737095e+003,1.087817e-001
1.737577e+003,1.122867e-001
1.738059e+003,1.163939e-001
1.738541e+003,1.212078e-001
1.739023e+003,1.266306e-001
1.739505e+003,1.323337e-001
1.739988e+003,1.378735e-001
1.740470e+003,1.429022e-001
1.740952e+003,1.472977e-001
1.741434e+003,1.511284e-001
1.741916e+003,1.545344e-001
1.742398e+003,1.576245e-001
1.742880e+003,1.604287e-001
1.743362e+003,1.629056e-001
1.743844e+003,1.649793e-001
1.744327e+003,1.665842e-001
1.744809e+003,1.676865e-001
1.745291e+003,1.682742e-001
1.745773e+003,1.683332e-001
1.746255e+003,1.678323e-001
1.746737e+003,1.667303e-001
1.747219e+003,1.649990e-001
1.747702e+003,1.626490e-001
1.748184e+003,1.597295e-001
1.748666e+003,1.562951e-001
1.749148e+003,1.523554e-001
1.749630e+003,1.478629e-001
1.750112e+003,1.427620e-001
1.750594e+003,1.370916e-001
1.751076e+003,1.310566e-001
1.751559e+003,1.249954e-001
1.752041e+003,1.192406e-001
1.752523e+003,1.139861e-001
1.753005e+003,1.092438e-001
1.753487e+003,1.048896e-001
1.753969e+003,1.007309e-001
1.754451e+003,9.656124e-002
1.754933e+003,9.219868e-002
1.755416e+003,8.752669e-002
1.755898e+003,8.254007e-002
1.756380e+003,7.737702e-002
1.756862e+003,7.229055e-002
1.757344e+003,6.755055e-002
1.757826e+003,6.333252e-002
1.758308e+003,5.967215e-002
1.758791e+003,5.649393e-002
1.759272e+003,5.366436e-002
1.759755e+003,5.103396e-002
1.760237e+003,4.846373e-002
1.760719e+003,4.585025e-002
1.761201e+003,4.315819e-002
1.761683e+003,4.044772e-002
1.762165e+003,3.785988e-002
1.762647e+003,3.554856e-002
1.763130e+003,3.360615e-002
1.763612e+003,3.203115e-002
1.764094e+003,3.075291e-002
1.764576e+003,2.967351e-002
1.765058e+003,2.870251e-002
1.765540e+003,2.777511e-002
1.766022e+003,2.685979e-002
1.766504e+003,2.595804e-002
1.766987e+003,2.509655e-002
1.767469e+003,2.430894e-002
1.767951e+003,2.361650e-002
1.768433e+003,2.301566e-002
1.768915e+003,2.248420e-002
1.769397e+003,2.199371e-002
1.769879e+003,2.152553e-002
1.770361e+003,2.107276e-002
1.770844e+003,2.063622e-002
1.771326e+003,2.021464e-002
1.771808e+003,1.979746e-002
1.772290e+003,1.936903e-002
1.772772e+003,1.892470e-002
1.773254e+003,1.847860e-002
1.773736e+003,1.805886e-002
1.774219e+003,1.768989e-002
1.774700e+003,1.738285e-002
1.775183e+003,1.713181e-002
1.775665e+003,1.691861e-002
1.776147e+003,1.672014e-002
1.776629e+003,1.651915e-002
1.777111e+003,1.631142e-002
1.777593e+003,1.610629e-002
1.778075e+003,1.591993e-002
1.778558e+003,1.576448e-002
1.779040e+003,1.563893e-002
1.779522e+003,1.552693e-002
1.780004e+003,1.540190e-002
1.780486e+003,1.524317e-002
1.780968e+003,1.504944e-002
1.781450e+003,1.484126e-002
1.781932e+003,1.464801e-002
1.782415e+003,1.449250e-002
1.782897e+003,1.437941e-002
1.783379e+003,1.429470e-002
1.783861e+003,1.421313e-002
1.784343e+003,1.411178e-002
1.784825e+003,1.398136e-002
1.785307e+003,1.383241e-002
1.785789e+003,1.368798e-002
1.786271e+003,1.356921e-002
1.786754e+003,1.348462e-002
1.787236e+003,1.342734e-002
1.787718e+003,1.338172e-002
1.788200e+003,1.333434e-002
1.788682e+003,1.328174e-002
1.789164e+003,1.323232e-002
1.789646e+003,1.320265e-002
1.790128e+003,1.320826e-002
1.790611e+003,1.324965e-002
1.791093e+003,1.330616e-002
1.791575e+003,1.333710e-002
1.792057e+003,1.330385e-002
1.792539e+003,1.319566e-002
1.793021e+003,1.303734e-002
1.793503e+003,1.287154e-002
1.793986e+003,1.273028e-002
1.794468e+003,1.262251e-002
1.794950e+003,1.253687e-002
1.795432e+003,1.245403e-002
1.795914e+003,1.235858e-002
1.796396e+003,1.224846e-002
1.796878e+003,1.213576e-002
1.797360e+003,1.203946e-002
1.797843e+003,1.197639e-002
1.798325e+003,1.194971e-002
1.798807e+003,1.194856e-002
1.799289e+003,1.195067e-002
1.799771e+003,1.193540e-002
1.800253e+003,1.189342e-002
1.800735e+003,1.183191e-002
1.801217e+003,1.176794e-002
1.801699e+003,1.171594e-002
1.802182e+003,1.167738e-002
1.802664e+003,1.164049e-002
1.803146e+003,1.158958e-002
1.803628e+003,1.151516e-002
1.804110e+003,1.141991e-002
1.804592e+003,1.131789e-002
1.805074e+003,1.122668e-002
1.805556e+003,1.115941e-002
1.806039e+003,1.111656e-002
1.806521e+003,1.108735e-002
1.807003e+003,1.105540e-002
1.807485e+003,1.100878e-002
1.807967e+003,1.094678e-002
1.808449e+003,1.088086e-002
1.808931e+003,1.082767e-002
1.809414e+003,1.079852e-002
1.809896e+003,1.079088e-002
1.810378e+003,1.078761e-002
1.810860e+003,1.076439e-002
1.811342e+003,1.070544e-002
1.811824e+003,1.060941e-002
1.812306e+003,1.049246e-002
1.812788e+003,1.037516e-002
1.813271e+003,1.027255e-002
1.813753e+003,1.018566e-002
1.814235e+003,1.010622e-002
1.814717e+003,1.002261e-002
1.815199e+003,9.931530e-003
1.815681e+003,9.841264e-003
1.816163e+003,9.772893e-003
1.816645e+003,9.747335e-003
1.817127e+003,9.775096e-003
1.817610e+003,9.846778e-003
1.818092e+003,9.936560e-003
1.818574e+003,1.001303e-002
1.819056e+003,1.005543e-002
1.819538e+003,1.006035e-002
1.820020e+003,1.004256e-002
1.820502e+003,1.002377e-002
1.820984e+003,1.001995e-002
1.821467e+003,1.003348e-002
1.821949e+003,1.005338e-002
1.822431e+003,1.006215e-002
1.822913e+003,1.004738e-002
1.823395e+003,1.000996e-002
1.823877e+003,9.964996e-003
1.824359e+003,9.933841e-003
1.824842e+003,9.930465e-003
1.825323e+003,9.950056e-003
1.825806e+003,9.973512e-003
1.826288e+003,9.979639e-003
1.826770e+003,9.960330e-003
1.827252e+003,9.925376e-003
1.827734e+003,9.897642e-003
1.828216e+003,9.902216e-003
1.828698e+003,9.951333e-003
1.829181e+003,1.003184e-002
1.829663e+003,1.010472e-002
1.830145e+003,1.012557e-002
1.830627e+003,1.007344e-002
1.831109e+003,9.963898e-003
1.831591e+003,9.835331e-003
1.832073e+003,9.725578e-003
1.832555e+003,9.653397e-003
1.833038e+003,9.615980e-003
1.833520e+003,9.594404e-003
1.834002e+003,9.564209e-003
1.834484e+003,9.510127e-003
1.834966e+003,9.432334e-003
1.835448e+003,9.348108e-003
1.835930e+003,9.280092e-003
1.836412e+003,9.243133e-003
1.836895e+003,9.233798e-003
1.837377e+003,9.233019e-003
1.837859e+003,9.216036e-003
1.838341e+003,9.169467e-003
1.838823e+003,9.099090e-003
1.839305e+003,9.027692e-003
1.839787e+003,8.981663e-003
1.840270e+003,8.978222e-003
1.840751e+003,9.016533e-003
1.841234e+003,9.081276e-003
1.841716e+003,9.148463e-003
1.842198e+003,9.198278e-003
1.842680e+003,9.224031e-003
1.843162e+003,9.237688e-003
1.843644e+003,9.259384e-003
1.844126e+003,9.301492e-003
1.844609e+003,9.353762e-003
1.845091e+003,9.388063e-003
1.845573e+003,9.378203e-003
1.846055e+003,9.317778e-003
1.846537e+003,9.222543e-003
1.847019e+003,9.121571e-003
1.847501e+003,9.042044e-003
1.847983e+003,8.997031e-003
1.848466e+003,8.978878e-003
1.848948e+003,8.965546e-003
1.849430e+003,8.932440e-003
1.849912e+003,8.868576e-003
1.850394e+003,8.782925e-003
1.850876e+003,8.700154e-003
1.851358e+003,8.646240e-003
1.851840e+003,8.635901e-003
1.852323e+003,8.662716e-003
1.852805e+003,8.704005e-003
1.853287e+003,8.731287e-003
1.853769e+003,8.728528e-003
1.854251e+003,8.698067e-003
1.854733e+003,8.661131e-003
1.855215e+003,8.642009e-003
1.855698e+003,8.654758e-003
1.856179e+003,8.692630e-003
1.856662e+003,8.732759e-003
1.857144e+003,8.746535e-003
1.857626e+003,8.718441e-003
1.858108e+003,8.652994e-003
1.858590e+003,8.576316e-003
1.859072e+003,8.518714e-003
1.859554e+003,8.500188e-003
1.860037e+003,8.518584e-003
1.860519e+003,8.553439e-003
1.861001e+003,8.576782e-003
1.861483e+003,8.571336e-003
1.861965e+003,8.539264e-003
1.862447e+003,8.500627e-003
1.862929e+003,8.480621e-003
1.863411e+003,8.494545e-003
1.863894e+003,8.538309e-003
1.864376e+003,8.593210e-003
1.864858e+003,8.633840e-003
1.865340e+003,8.647440e-003
1.865822e+003,8.639303e-003
1.866304e+003,8.635660e-003
1.866786e+003,8.669336e-003
1.867268e+003,8.761258e-003
1.867750e+003,8.901284e-003
1.868233e+003,9.045788e-003
1.868715e+003,9.136661e-003
1.869197e+003,9.136073e-003
1.869679e+003,9.047719e-003
1.870161e+003,8.911333e-003
1.870643e+003,8.772206e-003
1.871125e+003,8.658909e-003
1.871608e+003,8.572079e-003
1.872090e+003,8.497187e-003
1.872572e+003,8.415050e-003
1.873054e+003,8.319274e-003
1.873536e+003,8.220448e-003
1.874018e+003,8.143597e-003
1.874500e+003,8.112694e-003
1.874982e+003,8.136931e-003
1.875465e+003,8.200662e-003
1.875947e+003,8.272217e-003
1.876429e+003,8.316047e-003
1.876911e+003,8.313284e-003
1.877393e+003,8.270300e-003
1.877875e+003,8.215728e-003
1.878357e+003,8.183514e-003
1.878839e+003,8.194731e-003
1.879322e+003,8.245645e-003
1.879804e+003,8.312694e-003
1.880286e+003,8.363541e-003
1.880768e+003,8.379160e-003
1.881250e+003,8.362792e-003
1.881732e+003,8.338291e-003
1.882214e+003,8.334569e-003
1.882697e+003,8.370734e-003
1.883178e+003,8.441533e-003
1.883661e+003,8.522333e-003
1.884143e+003,8.580156e-003
1.884625e+003,8.594278e-003
1.885107e+003,8.566178e-003
1.885589e+003,8.520138e-003
1.886071e+003,8.486071e-003
1.886553e+003,8.486470e-003
1.887036e+003,8.521997e-003
1.887518e+003,8.576501e-003
1.888000e+003,8.625472e-003
1.888482e+003,8.653664e-003
1.888964e+003,8.663211e-003
1.889446e+003,8.675799e-003
1.889928e+003,8.712757e-003
1.890410e+003,8.781200e-003
1.890893e+003,8.860703e-003
1.891375e+003,8.920166e-003
1.891857e+003,8.929856e-003
1.892339e+003,8.882375e-003
1.892821e+003,8.793984e-003
1.893303e+003,8.701562e-003
1.893785e+003,8.643280e-003
1.894267e+003,8.641928e-003
1.894750e+003,8.689554e-003
1.895232e+003,8.753010e-003
1.895714e+003,8.790980e-003
1.896196e+003,8.779498e-003
1.896678e+003,8.722470e-003
1.897160e+003,8.649981e-003
1.897642e+003,8.596899e-003
1.898125e+003,8.584786e-003
1.898606e+003,8.611312e-003
1.899089e+003,8.654704e-003
1.899571e+003,8.686987e-003
1.900053e+003,8.695107e-003
1.900535e+003,8.685733e-003
1.901017e+003,8.684562e-003
1.901499e+003,8.716818e-003
1.901981e+003,8.791126e-003
1.902464e+003,8.888416e-003
1.902946e+003,8.971807e-003
1.903428e+003,9.002005e-003
1.903910e+003,8.962961e-003
1.904392e+003,8.866684e-003
1.904874e+003,8.752827e-003
1.905356e+003,8.663360e-003
1.905838e+003,8.625162e-003
1.906321e+003,8.633918e-003
1.906803e+003,8.661895e-003
1.907285e+003,8.672897e-003
1.907767e+003,8.649155e-003
1.908249e+003,8.599719e-003
1.908731e+003,8.559587e-003
1.909213e+003,8.566289e-003
1.909695e+003,8.635903e-003
1.910177e+003,8.748284e-003
1.910660e+003,8.859008e-003
1.911142e+003,8.919168e-003
1.911624e+003,8.905925e-003
1.912106e+003,8.830430e-003
1.912588e+003,8.733259e-003
1.913070e+003,8.659173e-003
1.913552e+003,8.637201e-003
1.914034e+003,8.663024e-003
1.914517e+003,8.707256e-003
1.914999e+003,8.729840e-003
1.915481e+003,8.704907e-003
1.915963e+003,8.633392e-003
1.916445e+003,8.545614e-003
1.916927e+003,8.481670e-003
1.917409e+003,8.469491e-003
1.917892e+003,8.501987e-003
1.918374e+003,8.544323e-003
1.918856e+003,8.553537e-003
1.919338e+003,8.511610e-003
1.919820e+003,8.432715e-003
1.920302e+003,8.357195e-003
1.920784e+003,8.323294e-003
1.921266e+003,8.350009e-003
1.921749e+003,8.420282e-003
1.922231e+003,8.489951e-003
1.922713e+003,8.505919e-003
1.923195e+003,8.442390e-003
1.923677e+003,8.315807e-003
1.924159e+003,8.178557e-003
1.924641e+003,8.087491e-003
1.925123e+003,8.072062e-003
1.925605e+003,8.122144e-003
1.926088e+003,8.198998e-003
1.926570e+003,8.253913e-003
1.927052e+003,8.259975e-003
1.927534e+003,8.220634e-003
1.928016e+003,8.171275e-003
1.928498e+003,8.154155e-003
1.928980e+003,8.193112e-003
1.929462e+003,8.278251e-003
1.929945e+003,8.372030e-003
1.930427e+003,8.429554e-003
1.930909e+003,8.428751e-003
1.931391e+003,8.381795e-003
1.931873e+003,8.333265e-003
1.932355e+003,8.329784e-003
1.932837e+003,8.396417e-003
1.933320e+003,8.514983e-003
1.933802e+003,8.639257e-003
1.934284e+003,8.713808e-003
1.934766e+003,8.712094e-003
1.935248e+003,8.644878e-003
1.935730e+003,8.562793e-003
1.936212e+003,8.518523e-003
1.936694e+003,8.544434e-003
1.937177e+003,8.626839e-003
1.937659e+003,8.722784e-003
1.938141e+003,8.777970e-003
1.938623e+003,8.768469e-003
1.939105e+003,8.707353e-003
1.939587e+003,8.645950e-003
1.940069e+003,8.638293e-003
1.940551e+003,8.712808e-003
1.941033e+003,8.848847e-003
1.941516e+003,8.985820e-003
1.941998e+003,9.047559e-003
1.942480e+003,8.996529e-003
1.942962e+003,8.853802e-003
1.943444e+003,8.695997e-003
1.943926e+003,8.601652e-003
1.944408e+003,8.610488e-003
1.944890e+003,8.699996e-003
1.945373e+003,8.809551e-003
1.945855e+003,8.871544e-003
1.946337e+003,8.855429e-003
1.946819e+003,8.779794e-003
1.947301e+003,8.708432e-003
1.947783e+003,8.703480e-003
1.948265e+003,8.791080e-003
1.948748e+003,8.936805e-003
1.949229e+003,9.070025e-003
1.949712e+003,9.114518e-003
1.950194e+003,9.040942e-003
1.950676e+003,8.880984e-003
1.951158e+003,8.721631e-003
1.951640e+003,8.651333e-003
1.952122e+003,8.717445e-003
1.952604e+003,8.891334e-003
1.953087e+003,9.090459e-003
1.953569e+003,9.212116e-003
1.954051e+003,9.197698e-003
1.954533e+003,9.054708e-003
1.955015e+003,8.857929e-003
1.955497e+003,8.700178e-003
1.955979e+003,8.641170e-003
1.956461e+003,8.668971e-003
1.956944e+003,8.715655e-003
1.957426e+003,8.695128e-003
1.957908e+003,8.566855e-003
1.958390e+003,8.359767e-003
1.958872e+003,8.173597e-003
1.959354e+003,8.119893e-003
1.959836e+003,8.256693e-003
1.960318e+003,8.550242e-003
1.960801e+003,8.885390e-003
1.961283e+003,9.120461e-003
1.961765e+003,9.162388e-003
1.962247e+003,9.007715e-003
1.962729e+003,8.754562e-003
1.963211e+003,8.533948e-003
1.963693e+003,8.454621e-003
1.964176e+003,8.538797e-003
1.964657e+003,8.738171e-003
1.965140e+003,8.958875e-003
1.965622e+003,9.133465e-003
1.966104e+003,9.245805e-003
1.966586e+003,9.349584e-003
1.967068e+003,9.510235e-003
1.967550e+003,9.754800e-003
1.968032e+003,1.003419e-002
1.968515e+003,1.025149e-002
1.968997e+003,1.031085e-002
1.969479e+003,1.018842e-002
1.969961e+003,9.946879e-003
1.970443e+003,9.723511e-003
1.970925e+003,9.652048e-003
1.971407e+003,9.799097e-003
1.971889e+003,1.011600e-002
1.972372e+003,1.047849e-002
1.972854e+003,1.073169e-002
1.973336e+003,1.079337e-002
1.973818e+003,1.068256e-002
1.974300e+003,1.052893e-002
1.974782e+003,1.049309e-002
1.975264e+003,1.068741e-002
1.975746e+003,1.111740e-002
1.976229e+003,1.169409e-002
1.976711e+003,1.227803e-002
1.977193e+003,1.277161e-002
1.977675e+003,1.314367e-002
1.978157e+003,1.344516e-002
1.978639e+003,1.373011e-002
1.979121e+003,1.401689e-002
1.979604e+003,1.424228e-002
1.980085e+003,1.431146e-002
1.980568e+003,1.413580e-002
1.981050e+003,1.370702e-002
1.981532e+003,1.309991e-002
1.982014e+003,1.246374e-002
1.982496e+003,1.193803e-002
1.982978e+003,1.160383e-002
1.983460e+003,1.144707e-002
1.983943e+003,1.139003e-002
1.984425e+003,1.133830e-002
1.984907e+003,1.124983e-002
1.985389e+003,1.114440e-002
1.985871e+003,1.109485e-002
1.986353e+003,1.116775e-002
1.986835e+003,1.137595e-002
1.987317e+003,1.165272e-002
1.987800e+003,1.189063e-002
1.988282e+003,1.198376e-002
1.988764e+003,1.190409e-002
1.989246e+003,1.170438e-002
1.989728e+003,1.150375e-002
1.990210e+003,1.142020e-002
1.990692e+003,1.150485e-002
1.991174e+003,1.170723e-002
1.991656e+003,1.190340e-002
1.992139e+003,1.195842e-002
1.992621e+003,1.180850e-002
1.993103e+003,1.149315e-002
1.993585e+003,1.114069e-002
1.994067e+003,1.088615e-002
1.994549e+003,1.080621e-002
1.995031e+003,1.087796e-002
1.995514e+003,1.101284e-002
1.995996e+003,1.109514e-002
1.996478e+003,1.105662e-002
1.996960e+003,1.089525e-002
1.997442e+003,1.068913e-002
1.997924e+003,1.053021e-002
1.998406e+003,1.048222e-002
1.998888e+003,1.052772e-002
1.999371e+003,1.059356e-002
1.999853e+003,1.058109e-002
2.000335e+003,1.043786e-002
2.000817e+003,1.017579e-002
2.001299e+003,9.879934e-003
2.001781e+003,9.643254e-003
2.002263e+003,9.524233e-003
2.002745e+003,9.501569e-003
2.003228e+003,9.499293e-003
2.003710e+003,9.424797e-003
2.004192e+003,9.242477e-003
2.004674e+003,8.996952e-003
2.005156e+003,8.806610e-003
2.005638e+003,8.799733e-003
2.006120e+003,9.042398e-003
2.006603e+003,9.492779e-003
2.007084e+003,1.002433e-002
2.007567e+003,1.048038e-002
2.008049e+003,1.076314e-002
2.008531e+003,1.086450e-002
2.009013e+003,1.087614e-002
2.009495e+003,1.090134e-002
2.009977e+003,1.100019e-002
2.010459e+003,1.113364e-002
2.010942e+003,1.120117e-002
2.011424e+003,1.108229e-002
2.011906e+003,1.073833e-002
2.012388e+003,1.022499e-002
2.012870e+003,9.704227e-003
2.013352e+003,9.352282e-003
2.013834e+003,9.287213e-003
2.014316e+003,9.506603e-003
2.014799e+003,9.913022e-003
2.015281e+003,1.035306e-002
2.015763e+003,1.071280e-002
2.016245e+003,1.094878e-002
2.016727e+003,1.111462e-002
2.017209e+003,1.129803e-002
2.017691e+003,1.156373e-002
2.018173e+003,1.189553e-002
2.018656e+003,1.221898e-002
2.019138e+003,1.242993e-002
2.019620e+003,1.248007e-002
2.020102e+003,1.238753e-002
2.020584e+003,1.224403e-002
2.021066e+003,1.215033e-002
2.021548e+003,1.216144e-002
2.022031e+003,1.225348e-002
2.022512e+003,1.234808e-002
2.022995e+003,1.235489e-002
2.023477e+003,1.224858e-002
2.023959e+003,1.208028e-002
2.024441e+003,1.197374e-002
2.024923e+003,1.203890e-002
2.025405e+003,1.232089e-002
2.025887e+003,1.274992e-002
2.026370e+003,1.319089e-002
2.026852e+003,1.349233e-002
2.027334e+003,1.357432e-002
2.027816e+003,1.345719e-002
2.028298e+003,1.325440e-002
2.028780e+003,1.309563e-002
2.029262e+003,1.306462e-002
2.029744e+003,1.314015e-002
2.030227e+003,1.323334e-002
2.030709e+003,1.323218e-002
2.031191e+003,1.308906e-002
2.031673e+003,1.284733e-002
2.032155e+003,1.263266e-002
2.032637e+003,1.257609e-002
2.033119e+003,1.274445e-002
2.033601e+003,1.309242e-002
2.034083e+003,1.349817e-002
2.034566e+003,1.381048e-002
2.035048e+003,1.394397e-002
2.035530e+003,1.390376e-002
2.036012e+003,1.378083e-002
2.036494e+003,1.368383e-002
2.036976e+003,1.368131e-002
2.037458e+003,1.375216e-002
2.037940e+003,1.381892e-002
2.038423e+003,1.378178e-002
2.038905e+003,1.359040e-002
2.039387e+003,1.326437e-002
2.039869e+003,1.289271e-002
2.040351e+003,1.257081e-002
2.040833e+003,1.236029e-002
2.041315e+003,1.224717e-002
2.041798e+003,1.217290e-002
2.042280e+003,1.206251e-002
2.042762e+003,1.189172e-002
2.043244e+003,1.168933e-002
2.043726e+003,1.153559e-002
2.044208e+003,1.149769e-002
2.044690e+003,1.160095e-002
2.045172e+003,1.180185e-002
2.045655e+003,1.202755e-002
2.046137e+003,1.220969e-002
2.046619e+003,1.234321e-002
2.047101e+003,1.248506e-002
2.047583e+003,1.273463e-002
2.048065e+003,1.315992e-002
2.048547e+003,1.375469e-002
2.049029e+003,1.441161e-002
2.049511e+003,1.497111e-002
2.049994e+003,1.527309e-002
2.050476e+003,1.523742e-002
2.050958e+003,1.487587e-002
2.051440e+003,1.429345e-002
2.051922e+003,1.362780e-002
2.052404e+003,1.300223e-002
2.052886e+003,1.248578e-002
2.053368e+003,1.209173e-002
2.053851e+003,1.179455e-002
2.054333e+003,1.156567e-002
2.054815e+003,1.139086e-002
2.055297e+003,1.127891e-002
2.055779e+003,1.123837e-002
2.056261e+003,1.126667e-002
2.056743e+003,1.133094e-002
2.057226e+003,1.138745e-002
2.057708e+003,1.139246e-002
2.058190e+003,1.133532e-002
2.058672e+003,1.123664e-002
2.059154e+003,1.114918e-002
2.059636e+003,1.111890e-002
2.060118e+003,1.117002e-002
2.060600e+003,1.128257e-002
2.061083e+003,1.141267e-002
2.061565e+003,1.150736e-002
2.062047e+003,1.154037e-002
2.062529e+003,1.151586e-002
2.063011e+003,1.146960e-002
2.063493e+003,1.143765e-002
2.063975e+003,1.144033e-002
2.064457e+003,1.146545e-002
2.064939e+003,1.148261e-002
2.065422e+003,1.145950e-002
2.065904e+003,1.139084e-002
2.066386e+003,1.130162e-002
2.066868e+003,1.123810e-002
2.067350e+003,1.123649e-002
2.067832e+003,1.130620e-002
2.068314e+003,1.142017e-002
2.068796e+003,1.153280e-002
2.069279e+003,1.160091e-002
2.069761e+003,1.161035e-002
2.070243e+003,1.158116e-002
2.070725e+003,1.155926e-002
2.071207e+003,1.158169e-002
2.071689e+003,1.165914e-002
2.072171e+003,1.176550e-002
2.072654e+003,1.185458e-002
2.073135e+003,1.188059e-002
2.073618e+003,1.183184e-002
2.074100e+003,1.173251e-002
2.074582e+003,1.163642e-002
2.075064e+003,1.159044e-002
2.075546e+003,1.161655e-002
2.076028e+003,1.169255e-002
2.076510e+003,1.177110e-002
2.076993e+003,1.179970e-002
2.077475e+003,1.175453e-002
2.077957e+003,1.164831e-002
2.078439e+003,1.152880e-002
2.078921e+003,1.144726e-002
2.079403e+003,1.143764e-002
2.079885e+003,1.149620e-002
2.080367e+003,1.159158e-002
2.080850e+003,1.167926e-002
2.081332e+003,1.172940e-002
2.081814e+003,1.173583e-002
2.082296e+003,1.171736e-002
2.082778e+003,1.169645e-002
2.083260e+003,1.168440e-002
2.083742e+003,1.167151e-002
2.084224e+003,1.163336e-002
2.084707e+003,1.154705e-002
2.085189e+003,1.141363e-002
2.085671e+003,1.125973e-002
2.086153e+003,1.113363e-002
2.086635e+003,1.107811e-002
2.087117e+003,1.111238e-002
2.087599e+003,1.121551e-002
2.088082e+003,1.134175e-002
2.088563e+003,1.143336e-002
2.089046e+003,1.145037e-002
2.089528e+003,1.138339e-002
2.090010e+003,1.125616e-002
2.090492e+003,1.110441e-002
2.090974e+003,1.096250e-002
2.091456e+003,1.084257e-002
2.091938e+003,1.074183e-002
2.092421e+003,1.064728e-002
2.092903e+003,1.055986e-002
2.093385e+003,1.049345e-002
2.093867e+003,1.047826e-002
2.094349e+003,1.053641e-002
2.094831e+003,1.067205e-002
2.095313e+003,1.085737e-002
2.095795e+003,1.104795e-002
2.096278e+003,1.119519e-002
2.096760e+003,1.127556e-002
2.097242e+003,1.129440e-002
2.097724e+003,1.128588e-002
2.098206e+003,1.128636e-002
2.098688e+003,1.131937e-002
2.099170e+003,1.137817e-002
2.099652e+003,1.143679e-002
2.100135e+003,1.146133e-002
2.100617e+003,1.143711e-002
2.101099e+003,1.137333e-002
2.101581e+003,1.130374e-002
2.102063e+003,1.126452e-002
2.102545e+003,1.127846e-002
2.103027e+003,1.134031e-002
2.103510e+003,1.142307e-002
2.103991e+003,1.149078e-002
2.104474e+003,1.152088e-002
2.104956e+003,1.151130e-002
2.105438e+003,1.148307e-002
2.105920e+003,1.146047e-002
2.106402e+003,1.146055e-002
2.106884e+003,1.147887e-002
2.107366e+003,1.149705e-002
2.107849e+003,1.149239e-002
2.108331e+003,1.145633e-002
2.108813e+003,1.139945e-002
2.109295e+003,1.134806e-002
2.109777e+003,1.132659e-002
2.110259e+003,1.134674e-002
2.110741e+003,1.139578e-002
2.111223e+003,1.144924e-002
2.111706e+003,1.147814e-002
2.112188e+003,1.147417e-002
2.112670e+003,1.144737e-002
2.113152e+003,1.142588e-002
2.113634e+003,1.143288e-002
2.114116e+003,1.147379e-002
2.114598e+003,1.152834e-002
2.115080e+003,1.155986e-002
2.115563e+003,1.152956e-002
2.116045e+003,1.142051e-002
2.116527e+003,1.124320e-002
2.117009e+003,1.103468e-002
2.117491e+003,1.083761e-002
2.117973e+003,1.068493e-002
2.118455e+003,1.058277e-002
2.118938e+003,1.051764e-002
2.119420e+003,1.046243e-002
2.119902e+003,1.039867e-002
2.120384e+003,1.032039e-002
2.120866e+003,1.023910e-002
2.121348e+003,1.016531e-002
2.121830e+003,1.010450e-002
2.122312e+003,1.004451e-002
2.122794e+003,9.965664e-003
2.123277e+003,9.850165e-003
2.123759e+003,9.699285e-003
2.124241e+003,9.533920e-003
2.124723e+003,9.389424e-003
2.125205e+003,9.290759e-003
2.125687e+003,9.241500e-003
2.126169e+003,9.213499e-003
2.126651e+003,9.161713e-003
2.127134e+003,9.039725e-003
2.127616e+003,8.829724e-003
2.128098e+003,8.548149e-003
2.128580e+003,8.242054e-003
2.129062e+003,7.963955e-003
2.129544e+003,7.749212e-003
2.130026e+003,7.600169e-003
2.130509e+003,7.492002e-003
2.130990e+003,7.388141e-003
2.131473e+003,7.272639e-003
2.131955e+003,7.156816e-003
2.132437e+003,7.087163e-003
2.132919e+003,7.108918e-003
2.133401e+003,7.252504e-003
2.133883e+003,7.503657e-003
2.134365e+003,7.813682e-003
2.134848e+003,8.112748e-003
2.135330e+003,8.348431e-003
2.135812e+003,8.498570e-003
2.136294e+003,8.583644e-003
2.136776e+003,8.635173e-003
2.137258e+003,8.681869e-003
2.137740e+003,8.720148e-003
2.138222e+003,8.726979e-003
2.138705e+003,8.666286e-003
2.139187e+003,8.529524e-003
2.139669e+003,8.334922e-003
2.140151e+003,8.137479e-003
2.140633e+003,7.990570e-003
2.141115e+003,7.930332e-003
2.141597e+003,7.950725e-003
2.142079e+003,8.019594e-003
2.142562e+003,8.097089e-003
2.143044e+003,8.170828e-003
2.143526e+003,8.261804e-003
2.144008e+003,8.419706e-003
2.144490e+003,8.684780e-003
2.144972e+003,9.058191e-003
2.145454e+003,9.485848e-003
2.145937e+003,9.878034e-003
2.146418e+003,1.013596e-002
2.146901e+003,1.020670e-002
2.147383e+003,1.008915e-002
2.147865e+003,9.843756e-003
2.148347e+003,9.544449e-003
2.148829e+003,9.245317e-003
2.149311e+003,8.946222e-003
2.149793e+003,8.612867e-003
2.150276e+003,8.196460e-003
2.150758e+003,7.689374e-003
2.151240e+003,7.132487e-003
2.151722e+003,6.620559e-003
2.152204e+003,6.237176e-003
2.152686e+003,6.028065e-003
2.153168e+003,5.958403e-003
2.153650e+003,5.941784e-003
2.154133e+003,5.871862e-003
2.154615e+003,5.693520e-003
2.155097e+003,5.427217e-003
2.155579e+003,5.179616e-003
2.156061e+003,5.087322e-003
2.156543e+003,5.270027e-003
2.157025e+003,5.779207e-003
2.157507e+003,6.603155e-003
2.157990e+003,7.674930e-003
2.158472e+003,8.939727e-003
2.158954e+003,1.035643e-002
2.159436e+003,1.189409e-002
2.159918e+003,1.348410e-002
2.160400e+003,1.501560e-002
2.160882e+003,1.633097e-002
2.161365e+003,1.729344e-002
2.161846e+003,1.782088e-002
2.162329e+003,1.794060e-002
2.162811e+003,1.777135e-002
2.163293e+003,1.749339e-002
2.163775e+003,1.725438e-002
2.164257e+003,1.712750e-002
2.164739e+003,1.707426e-002
2.165221e+003,1.699091e-002
2.165704e+003,1.675120e-002
2.166186e+003,1.629743e-002
2.166668e+003,1.564972e-002
2.167150e+003,1.492025e-002
2.167632e+003,1.423600e-002
2.168114e+003,1.369882e-002
2.168596e+003,1.333587e-002
2.169078e+003,1.311631e-002
2.169561e+003,1.297316e-002
2.170043e+003,1.285620e-002
2.170525e+003,1.274672e-002
2.171007e+003,1.266213e-002
2.171489e+003,1.262140e-002
2.171971e+003,1.262472e-002
2.172453e+003,1.263678e-002
2.172935e+003,1.261011e-002
2.173417e+003,1.250760e-002
2.173900e+003,1.234755e-002
2.174382e+003,1.219066e-002
2.174864e+003,1.213431e-002
2.175346e+003,1.224696e-002
2.175828e+003,1.253418e-002
2.176310e+003,1.292404e-002
2.176792e+003,1.329498e-002
2.177274e+003,1.352132e-002
2.177757e+003,1.353566e-002
2.178239e+003,1.334202e-002
2.178721e+003,1.302186e-002
2.179203e+003,1.267634e-002
2.179685e+003,1.239475e-002
2.180167e+003,1.221058e-002
2.180649e+003,1.212048e-002
2.181132e+003,1.208949e-002
2.181614e+003,1.210461e-002
2.182096e+003,1.217100e-002
2.182578e+003,1.231983e-002
2.183060e+003,1.256199e-002
2.183542e+003,1.287919e-002
2.184024e+003,1.320808e-002
2.184506e+003,1.347357e-002
2.184989e+003,1.361417e-002
2.185471e+003,1.362643e-002
2.185953e+003,1.355640e-002
2.186435e+003,1.348855e-002
2.186917e+003,1.348947e-002
2.187399e+003,1.357956e-002
2.187881e+003,1.371861e-002
2.188363e+003,1.383375e-002
2.188845e+003,1.384769e-002
2.189328e+003,1.373533e-002
2.189810e+003,1.352277e-002
2.190292e+003,1.328757e-002
2.190774e+003,1.310354e-002
2.191256e+003,1.301242e-002
2.191738e+003,1.299865e-002
2.192220e+003,1.300762e-002
2.192702e+003,1.297255e-002
2.193185e+003,1.286049e-002
2.193667e+003,1.267930e-002
2.194149e+003,1.248783e-002
2.194631e+003,1.234477e-002
2.195113e+003,1.229053e-002
2.195595e+003,1.231910e-002
2.196077e+003,1.239367e-002
2.196560e+003,1.246349e-002
2.197042e+003,1.249979e-002
2.197524e+003,1.249958e-002
2.198006e+003,1.249030e-002
2.198488e+003,1.249289e-002
2.198970e+003,1.251054e-002
2.199452e+003,1.251254e-002
2.199934e+003,1.245746e-002
2.200417e+003,1.230745e-002
2.200899e+003,1.206545e-002
2.201381e+003,1.177163e-002
2.201863e+003,1.149262e-002
2.202345e+003,1.128423e-002
2.202827e+003,1.116995e-002
2.203309e+003,1.112512e-002
2.203791e+003,1.110222e-002
2.204273e+003,1.105263e-002
2.204756e+003,1.096748e-002
2.205238e+003,1.087528e-002
2.205720e+003,1.083515e-002
2.206202e+003,1.089408e-002
2.206684e+003,1.106065e-002
2.207166e+003,1.129295e-002
2.207648e+003,1.151497e-002
2.208130e+003,1.164738e-002
2.208613e+003,1.164992e-002
2.209095e+003,1.152941e-002
2.209577e+003,1.134433e-002
2.210059e+003,1.116328e-002
2.210541e+003,1.104382e-002
2.211023e+003,1.100147e-002
2.211505e+003,1.102396e-002
2.211988e+003,1.108033e-002
2.212469e+003,1.115365e-002
2.212952e+003,1.124658e-002
2.213434e+003,1.138075e-002
2.213916e+003,1.156905e-002
2.214398e+003,1.180158e-002
2.214880e+003,1.203441e-002
2.215362e+003,1.221224e-002
2.215844e+003,1.228286e-002
2.216327e+003,1.223563e-002
2.216809e+003,1.210000e-002
2.217291e+003,1.194218e-002
2.217773e+003,1.182566e-002
2.218255e+003,1.178843e-002
2.218737e+003,1.182180e-002
2.219219e+003,1.188586e-002
2.219701e+003,1.192224e-002
2.220184e+003,1.189869e-002
2.220666e+003,1.181159e-002
2.221148e+003,1.169518e-002
2.221630e+003,1.158820e-002
2.222112e+003,1.152201e-002
2.222594e+003,1.149604e-002
2.223076e+003,1.149138e-002
2.223558e+003,1.147762e-002
2.224041e+003,1.144282e-002
2.224523e+003,1.139481e-002
2.225005e+003,1.136483e-002
2.225487e+003,1.137535e-002
2.225969e+003,1.143535e-002
2.226451e+003,1.151927e-002
2.226933e+003,1.159084e-002
2.227416e+003,1.161031e-002
2.227897e+003,1.156747e-002
2.228380e+003,1.148136e-002
2.228862e+003,1.139865e-002
2.229344e+003,1.136375e-002
2.229826e+003,1.140119e-002
2.230308e+003,1.150064e-002
2.230790e+003,1.162827e-002
2.231272e+003,1.173936e-002
2.231755e+003,1.181039e-002
2.232237e+003,1.183937e-002
2.232719e+003,1.185129e-002
2.233201e+003,1.187205e-002
2.233683e+003,1.191342e-002
2.234165e+003,1.196231e-002
2.234647e+003,1.199083e-002
2.235129e+003,1.196650e-002
2.235612e+003,1.188404e-002
2.236094e+003,1.176300e-002
2.236576e+003,1.164943e-002
2.237058e+003,1.158976e-002
2.237540e+003,1.161071e-002
2.238022e+003,1.170785e-002
2.238504e+003,1.184949e-002
2.238986e+003,1.199030e-002
2.239469e+003,1.209904e-002
2.239951e+003,1.216274e-002
2.240433e+003,1.219776e-002
2.240915e+003,1.222662e-002
2.241397e+003,1.226866e-002
2.241879e+003,1.232433e-002
2.242361e+003,1.238176e-002
2.242844e+003,1.241897e-002
2.243326e+003,1.242578e-002
2.243808e+003,1.240315e-002
2.244290e+003,1.236922e-002
2.244772e+003,1.233828e-002
2.245254e+003,1.231885e-002
2.245736e+003,1.230153e-002
2.246218e+003,1.226905e-002
2.246700e+003,1.220519e-002
2.247183e+003,1.211003e-002
2.247665e+003,1.200104e-002
2.248147e+003,1.191026e-002
2.248629e+003,1.186326e-002
2.249111e+003,1.187176e-002
2.249593e+003,1.192350e-002
2.250075e+003,1.199187e-002
2.250557e+003,1.204607e-002
2.251040e+003,1.207267e-002
2.251522e+003,1.207654e-002
2.252004e+003,1.208048e-002
2.252486e+003,1.210649e-002
2.252968e+003,1.216630e-002
2.253450e+003,1.225298e-002
2.253932e+003,1.234824e-002
2.254415e+003,1.242903e-002
2.254896e+003,1.248775e-002
2.255379e+003,1.252910e-002
2.255861e+003,1.257418e-002
2.256343e+003,1.263601e-002
2.256825e+003,1.271598e-002
2.257307e+003,1.279530e-002
2.257789e+003,1.284639e-002
2.258271e+003,1.284284e-002
2.258754e+003,1.277977e-002
2.259236e+003,1.267216e-002
2.259718e+003,1.255579e-002
2.260200e+003,1.246327e-002
2.260682e+003,1.241458e-002
2.261164e+003,1.240607e-002
2.261646e+003,1.241691e-002
2.262128e+003,1.242017e-002
2.262611e+003,1.240064e-002
2.263093e+003,1.236122e-002
2.263575e+003,1.232314e-002
2.264057e+003,1.231088e-002
2.264539e+003,1.234146e-002
2.265021e+003,1.241514e-002
2.265503e+003,1.251624e-002
2.265985e+003,1.262270e-002
2.266468e+003,1.271979e-002
2.266950e+003,1.280400e-002
2.267432e+003,1.288458e-002
2.267914e+003,1.297321e-002
2.268396e+003,1.307353e-002
2.268878e+003,1.317809e-002
2.269360e+003,1.327120e-002
2.269843e+003,1.333454e-002
2.270324e+003,1.336231e-002
2.270807e+003,1.335928e-002
2.271289e+003,1.334457e-002
2.271771e+003,1.333458e-002
2.272253e+003,1.334070e-002
2.272735e+003,1.335864e-002
2.273217e+003,1.337644e-002
2.273699e+003,1.337897e-002
2.274182e+003,1.336080e-002
2.274664e+003,1.332658e-002
2.275146e+003,1.329250e-002
2.275628e+003,1.327209e-002
2.276110e+003,1.327444e-002
2.276592e+003,1.329637e-002
2.277074e+003,1.332771e-002
2.277556e+003,1.335852e-002
2.278039e+003,1.338683e-002
2.278521e+003,1.342027e-002
2.279003e+003,1.347256e-002
2.279485e+003,1.355251e-002
2.279967e+003,1.366146e-002
2.280449e+003,1.378555e-002
2.280931e+003,1.390787e-002
2.281413e+003,1.401101e-002
2.281896e+003,1.409112e-002
2.282378e+003,1.415646e-002
2.282860e+003,1.422467e-002
2.283342e+003,1.430973e-002
2.283824e+003,1.441563e-002
2.284306e+003,1.453180e-002
2.284788e+003,1.463735e-002
2.285271e+003,1.470983e-002
2.285752e+003,1.473607e-002
2.286235e+003,1.471642e-002
2.286717e+003,1.466370e-002
2.287199e+003,1.459411e-002
2.287681e+003,1.452142e-002
2.288163e+003,1.444932e-002
2.288645e+003,1.437535e-002
2.289127e+003,1.429320e-002
2.289610e+003,1.420216e-002
2.290092e+003,1.410725e-002
2.290574e+003,1.402054e-002
2.291056e+003,1.395197e-002
2.291538e+003,1.390686e-002
2.292020e+003,1.387999e-002
2.292502e+003,1.386026e-002
2.292984e+003,1.383428e-002
2.293467e+003,1.379551e-002
2.293949e+003,1.374454e-002
2.294431e+003,1.369078e-002
2.294913e+003,1.364347e-002
2.295395e+003,1.360863e-002
2.295877e+003,1.358342e-002
2.296359e+003,1.355997e-002
2.296841e+003,1.352802e-002
2.297323e+003,1.348403e-002
2.297806e+003,1.343076e-002
2.298288e+003,1.338001e-002
2.298770e+003,1.334384e-002
2.299252e+003,1.333019e-002
2.299734e+003,1.333962e-002
2.300216e+003,1.336505e-002
2.300698e+003,1.339574e-002
2.301180e+003,1.342336e-002
2.301663e+003,1.344387e-002
2.302145e+003,1.345944e-002
2.302627e+003,1.347239e-002
2.303109e+003,1.348349e-002
2.303591e+003,1.348979e-002
2.304073e+003,1.348573e-002
2.304555e+003,1.346735e-002
2.305038e+003,1.343665e-002
2.305520e+003,1.340152e-002
2.306002e+003,1.337528e-002
2.306484e+003,1.336948e-002
2.306966e+003,1.339009e-002
2.307448e+003,1.343396e-002
2.307930e+003,1.349358e-002
2.308412e+003,1.355780e-002
2.308895e+003,1.362011e-002
2.309377e+003,1.367841e-002
2.309859e+003,1.373682e-002
2.310341e+003,1.379704e-002
2.310823e+003,1.385861e-002
2.311305e+003,1.391485e-002
2.311787e+003,1.395837e-002
2.312269e+003,1.398210e-002
2.312751e+003,1.398843e-002
2.313234e+003,1.398615e-002
2.313716e+003,1.398914e-002
2.314198e+003,1.400830e-002
2.314680e+003,1.404684e-002
2.315162e+003,1.409932e-002
2.315644e+003,1.415517e-002
2.316126e+003,1.420427e-002
2.316608e+003,1.424382e-002
2.317091e+003,1.427933e-002
2.317573e+003,1.432397e-002
2.318055e+003,1.438905e-002
2.318537e+003,1.448112e-002
2.319019e+003,1.459833e-002
2.319501e+003,1.473581e-002
2.319983e+003,1.488795e-002
2.320466e+003,1.505710e-002
2.320948e+003,1.524978e-002
2.321430e+003,1.547248e-002
2.321912e+003,1.571815e-002
2.322394e+003,1.596147e-002
2.322876e+003,1.615762e-002
2.323358e+003,1.625564e-002
2.323840e+003,1.621182e-002
2.324323e+003,1.600923e-002
2.324805e+003,1.566019e-002
2.325287e+003,1.520586e-002
2.325769e+003,1.470095e-002
2.326251e+003,1.420140e-002
2.326733e+003,1.375105e-002
2.327215e+003,1.337619e-002
2.327697e+003,1.308366e-002
2.328179e+003,1.286805e-002
2.328662e+003,1.271537e-002
2.329144e+003,1.261173e-002
2.329626e+003,1.254189e-002
2.330108e+003,1.249336e-002
2.330590e+003,1.245537e-002
2.331072e+003,1.241893e-002
2.331554e+003,1.237919e-002
2.332036e+003,1.233826e-002
2.332519e+003,1.230334e-002
2.333001e+003,1.228452e-002
2.333483e+003,1.228730e-002
2.333965e+003,1.231042e-002
2.334447e+003,1.234154e-002
2.334929e+003,1.236625e-002
2.335411e+003,1.236873e-002
2.335894e+003,1.234386e-002
2.336375e+003,1.229736e-002
2.336858e+003,1.224762e-002
2.337340e+003,1.221315e-002
2.337822e+003,1.220924e-002
2.338304e+003,1.223779e-002
2.338786e+003,1.229130e-002
2.339268e+003,1.235416e-002
2.339750e+003,1.241423e-002
2.340233e+003,1.246420e-002
2.340715e+003,1.250673e-002
2.341197e+003,1.254543e-002
2.341679e+003,1.258392e-002
2.342161e+003,1.261794e-002
2.342643e+003,1.263940e-002
2.343125e+003,1.263681e-002
2.343607e+003,1.260670e-002
2.344090e+003,1.255355e-002
2.344572e+003,1.249125e-002
2.345054e+003,1.243490e-002
2.345536e+003,1.239568e-002
2.346018e+003,1.237470e-002
2.346500e+003,1.236591e-002
2.346982e+003,1.235901e-002
2.347464e+003,1.234604e-002
2.347947e+003,1.232385e-002
2.348429e+003,1.229409e-002
2.348911e+003,1.225841e-002
2.349393e+003,1.221909e-002
2.349875e+003,1.217479e-002
2.350357e+003,1.212275e-002
2.350839e+003,1.205848e-002
2.351322e+003,1.198236e-002
2.351803e+003,1.189785e-002
2.352286e+003,1.181553e-002
2.352768e+003,1.174484e-002
2.353250e+003,1.169212e-002
2.353732e+003,1.165547e-002
2.354214e+003,1.162645e-002
2.354696e+003,1.159514e-002
2.355178e+003,1.155781e-002
2.355661e+003,1.152031e-002
2.356143e+003,1.149859e-002
2.356625e+003,1.150679e-002
2.357107e+003,1.155266e-002
2.357589e+003,1.162921e-002
2.358071e+003,1.171813e-002
2.358553e+003,1.179333e-002
2.359035e+003,1.183741e-002
2.359518e+003,1.184189e-002
2.360000e+003,1.181425e-002
2.360482e+003,1.176547e-002
2.360964e+003,1.170600e-002
2.361446e+003,1.163771e-002
2.361928e+003,1.155690e-002
2.362410e+003,1.145588e-002
2.362892e+003,1.133519e-002
2.363375e+003,1.120283e-002
2.363857e+003,1.107669e-002
2.364339e+003,1.097102e-002
2.364821e+003,1.089406e-002
2.365303e+003,1.084052e-002
2.365785e+003,1.079869e-002
2.366267e+003,1.075477e-002
2.366750e+003,1.070372e-002
2.367232e+003,1.064859e-002
2.367714e+003,1.060360e-002
2.368196e+003,1.058031e-002
2.368678e+003,1.058556e-002
2.369160e+003,1.061484e-002
2.369642e+003,1.065865e-002
2.370124e+003,1.070454e-002
2.370606e+003,1.074783e-002
2.371089e+003,1.078939e-002
2.371571e+003,1.083772e-002
2.372053e+003,1.089831e-002
2.372535e+003,1.097171e-002
2.373017e+003,1.105023e-002
2.373499e+003,1.112338e-002
2.373981e+003,1.117940e-002
2.374463e+003,1.121523e-002
2.374946e+003,1.123501e-002
2.375428e+003,1.124978e-002
2.375910e+003,1.126934e-002
2.376392e+003,1.129901e-002
2.376874e+003,1.133586e-002
2.377356e+003,1.137240e-002
2.377838e+003,1.139877e-002
2.378321e+003,1.141024e-002
2.378802e+003,1.140785e-002
2.379285e+003,1.140068e-002
2.379767e+003,1.139621e-002
2.380249e+003,1.140259e-002
2.380731e+003,1.141997e-002
2.381213e+003,1.144462e-002
2.381695e+003,1.146896e-002
2.382177e+003,1.148732e-002
2.382660e+003,1.149683e-002
2.383142e+003,1.149956e-002
2.383624e+003,1.149885e-002
2.384106e+003,1.149830e-002
2.384588e+003,1.149951e-002
2.385070e+003,1.150143e-002
2.385552e+003,1.150208e-002
2.386034e+003,1.150161e-002
2.386517e+003,1.150073e-002
2.386999e+003,1.150314e-002
2.387481e+003,1.151146e-002
2.387963e+003,1.152674e-002
2.388445e+003,1.154572e-002
2.388927e+003,1.156438e-002
2.389409e+003,1.157832e-002
2.389891e+003,1.158682e-002
2.390374e+003,1.159204e-002
2.390856e+003,1.160007e-002
2.391338e+003,1.161443e-002
2.391820e+003,1.163688e-002
2.392302e+003,1.166328e-002
2.392784e+003,1.168736e-002
2.393266e+003,1.170206e-002
2.393749e+003,1.170434e-002
2.394230e+003,1.169562e-002
2.394713e+003,1.168265e-002
2.395195e+003,1.167200e-002
2.395677e+003,1.166865e-002
2.396159e+003,1.167237e-002
2.396641e+003,1.168001e-002
2.397123e+003,1.168638e-002
2.397605e+003,1.168937e-002
2.398088e+003,1.168947e-002
2.398570e+003,1.169271e-002
2.399052e+003,1.170277e-002
2.399534e+003,1.172274e-002
2.400016e+003,1.174954e-002
2.400498e+003,1.177756e-002
2.400980e+003,1.179932e-002
2.401462e+003,1.181062e-002
2.401945e+003,1.181106e-002
2.402427e+003,1.180393e-002
2.402909e+003,1.179349e-002
2.403391e+003,1.178313e-002
2.403873e+003,1.177326e-002
2.404355e+003,1.176329e-002
2.404837e+003,1.175308e-002
2.405319e+003,1.174681e-002
2.405802e+003,1.175190e-002
2.406284e+003,1.177805e-002
2.406766e+003,1.183000e-002
2.407248e+003,1.190660e-002
2.407730e+003,1.199920e-002
2.408212e+003,1.209394e-002
2.408694e+003,1.217791e-002
2.409177e+003,1.224448e-002
2.409658e+003,1.229443e-002
2.410141e+003,1.233583e-002
2.410623e+003,1.237718e-002
2.411105e+003,1.242339e-002
2.411587e+003,1.247228e-002
2.412069e+003,1.251594e-002
2.412551e+003,1.254401e-002
2.413033e+003,1.255121e-002
2.413516e+003,1.253867e-002
2.413998e+003,1.251551e-002
2.414480e+003,1.249340e-002
2.414962e+003,1.248383e-002
2.415444e+003,1.249029e-002
2.415926e+003,1.251158e-002
2.416408e+003,1.253992e-002
2.416890e+003,1.256892e-002
2.417373e+003,1.259348e-002
2.417855e+003,1.261277e-002
2.418337e+003,1.262835e-002
2.418819e+003,1.264084e-002
2.419301e+003,1.264872e-002
2.419783e+003,1.264937e-002
2.420265e+003,1.263963e-002
2.420747e+003,1.262040e-002
2.421229e+003,1.259612e-002
2.421712e+003,1.257548e-002
2.422194e+003,1.256458e-002
2.422676e+003,1.256668e-002
2.423158e+003,1.257812e-002
2.423640e+003,1.259151e-002
2.424122e+003,1.259897e-002
2.424604e+003,1.259619e-002
2.425086e+003,1.258512e-002
2.425569e+003,1.257371e-002
2.426051e+003,1.257052e-002
2.426533e+003,1.258205e-002
2.427015e+003,1.260823e-002
2.427497e+003,1.264411e-002
2.427979e+003,1.268212e-002
2.428461e+003,1.271624e-002
2.428944e+003,1.274466e-002
2.429426e+003,1.276968e-002
2.429908e+003,1.279495e-002
2.430390e+003,1.282227e-002
2.430872e+003,1.284887e-002
2.431354e+003,1.287017e-002
2.431836e+003,1.288055e-002
2.432318e+003,1.287887e-002
2.432801e+003,1.286901e-002
2.433283e+003,1.286030e-002
2.433765e+003,1.286130e-002
2.434247e+003,1.287805e-002
2.434729e+003,1.291074e-002
2.435211e+003,1.295487e-002
2.435693e+003,1.300253e-002
2.436175e+003,1.304826e-002
2.436657e+003,1.309105e-002
2.437140e+003,1.313313e-002
2.437622e+003,1.317670e-002
2.438104e+003,1.322217e-002
2.438586e+003,1.326537e-002
2.439068e+003,1.329966e-002
2.439550e+003,1.331833e-002
2.440032e+003,1.331916e-002
2.440514e+003,1.330574e-002
2.440997e+003,1.328749e-002
2.441479e+003,1.327398e-002
2.441961e+003,1.327201e-002
2.442443e+003,1.328208e-002
2.442925e+003,1.330036e-002
2.443407e+003,1.331938e-002
2.443889e+003,1.333448e-002
2.444372e+003,1.334424e-002
2.444854e+003,1.335171e-002
2.445336e+003,1.336075e-002
2.445818e+003,1.337454e-002
2.446300e+003,1.339212e-002
2.446782e+003,1.341126e-002
2.447264e+003,1.342918e-002
2.447746e+003,1.344669e-002
2.448229e+003,1.346757e-002
2.448711e+003,1.349759e-002
2.449193e+003,1.354003e-002
2.449675e+003,1.359325e-002
2.450157e+003,1.364987e-002
2.450639e+003,1.369977e-002
2.451121e+003,1.373381e-002
2.451604e+003,1.374992e-002
2.452085e+003,1.375197e-002
2.452568e+003,1.375072e-002
2.453050e+003,1.375589e-002
2.453532e+003,1.377350e-002
2.454014e+003,1.380174e-002
2.454496e+003,1.383345e-002
2.454978e+003,1.385949e-002
2.455460e+003,1.387491e-002
2.455943e+003,1.388035e-002
2.456425e+003,1.388382e-002
2.456907e+003,1.389240e-002
2.457389e+003,1.391154e-002
2.457871e+003,1.393836e-002
2.458353e+003,1.396520e-002
2.458835e+003,1.398098e-002
2.459317e+003,1.397777e-002
2.459800e+003,1.395359e-002
2.460282e+003,1.391462e-002
2.460764e+003,1.387018e-002
2.461246e+003,1.383035e-002
2.461728e+003,1.380092e-002
2.462210e+003,1.378346e-002
2.462692e+003,1.377467e-002
2.463174e+003,1.377174e-002
2.463656e+003,1.377221e-002
2.464139e+003,1.377713e-002
2.464621e+003,1.378587e-002
2.465103e+003,1.379825e-002
2.465585e+003,1.381013e-002
2.466067e+003,1.381780e-002
2.466549e+003,1.381570e-002
2.467031e+003,1.380490e-002
2.467513e+003,1.378805e-002
2.467996e+003,1.377319e-002
2.468478e+003,1.376569e-002
2.468960e+003,1.376888e-002
2.469442e+003,1.378101e-002
2.469924e+003,1.379796e-002
2.470406e+003,1.381483e-002
2.470888e+003,1.383080e-002
2.471371e+003,1.384867e-002
2.471853e+003,1.387452e-002
2.472335e+003,1.391208e-002
2.472817e+003,1.395995e-002
2.473299e+003,1.401066e-002
2.473781e+003,1.405317e-002
2.474263e+003,1.407609e-002
2.474745e+003,1.407593e-002
2.475228e+003,1.405665e-002
2.475710e+003,1.403155e-002
2.476192e+003,1.401458e-002
2.476674e+003,1.401905e-002
2.477156e+003,1.405030e-002
2.477638e+003,1.410594e-002
2.478120e+003,1.417815e-002
2.478602e+003,1.425739e-002
2.479084e+003,1.433549e-002
2.479567e+003,1.440864e-002
2.480049e+003,1.447241e-002
2.480531e+003,1.452520e-002
2.481013e+003,1.456277e-002
2.481495e+003,1.458210e-002
2.481977e+003,1.458127e-002
2.482459e+003,1.456442e-002
2.482941e+003,1.453857e-002
2.483424e+003,1.451511e-002
2.483906e+003,1.450250e-002
2.484388e+003,1.450432e-002
2.484870e+003,1.451756e-002
2.485352e+003,1.453540e-002
2.485834e+003,1.454999e-002
2.486316e+003,1.455807e-002
2.486799e+003,1.456249e-002
2.487281e+003,1.457308e-002
2.487763e+003,1.459829e-002
2.488245e+003,1.464500e-002
2.488727e+003,1.471103e-002
2.489209e+003,1.478846e-002
2.489691e+003,1.486517e-002
2.490173e+003,1.493087e-002
2.490656e+003,1.497769e-002
2.491138e+003,1.500545e-002
2.491620e+003,1.501605e-002
2.492102e+003,1.501327e-002
2.492584e+003,1.499909e-002
2.493066e+003,1.497627e-002
2.493548e+003,1.494700e-002
2.494030e+003,1.491738e-002
2.494512e+003,1.489521e-002
2.494995e+003,1.489114e-002
2.495477e+003,1.491061e-002
2.495959e+003,1.495408e-002
2.496441e+003,1.501458e-002
2.496923e+003,1.507956e-002
2.497405e+003,1.513609e-002
2.497887e+003,1.517502e-002
2.498370e+003,1.519440e-002
2.498852e+003,1.519859e-002
2.499334e+003,1.519388e-002
2.499816e+003,1.518564e-002
2.500298e+003,1.517630e-002
2.500780e+003,1.516461e-002
2.501262e+003,1.514846e-002
2.501744e+003,1.512952e-002
2.502227e+003,1.511150e-002
2.502709e+003,1.510382e-002
2.503191e+003,1.511194e-002
2.503673e+003,1.514009e-002
2.504155e+003,1.518389e-002
2.504637e+003,1.523673e-002
2.505119e+003,1.528890e-002
2.505601e+003,1.533461e-002
2.506083e+003,1.537319e-002
2.506566e+003,1.540765e-002
2.507048e+003,1.544221e-002
2.507530e+003,1.547847e-002
2.508012e+003,1.551364e-002
2.508494e+003,1.554268e-002
2.508976e+003,1.556034e-002
2.509458e+003,1.556679e-002
2.509940e+003,1.556598e-002
2.510423e+003,1.556813e-002
2.510905e+003,1.558057e-002
2.511387e+003,1.560770e-002
2.511869e+003,1.564548e-002
2.512351e+003,1.568505e-002
2.512833e+003,1.571543e-002
2.513315e+003,1.573086e-002
2.513798e+003,1.573118e-002
2.514280e+003,1.572439e-002
2.514762e+003,1.572090e-002
2.515244e+003,1.572848e-002
2.515726e+003,1.575094e-002
2.516208e+003,1.578644e-002
2.516690e+003,1.582787e-002
2.517172e+003,1.587068e-002
2.517655e+003,1.591206e-002
2.518137e+003,1.595346e-002
2.518619e+003,1.599708e-002
2.519101e+003,1.604350e-002
2.519583e+003,1.608995e-002
2.520065e+003,1.613142e-002
2.520547e+003,1.616324e-002
2.521029e+003,1.618371e-002
2.521511e+003,1.619663e-002
2.521994e+003,1.621016e-002
2.522476e+003,1.623065e-002
2.522958e+003,1.626226e-002
2.523440e+003,1.630263e-002
2.523922e+003,1.634394e-002
2.524404e+003,1.637712e-002
2.524886e+003,1.639570e-002
2.525368e+003,1.639943e-002
2.525851e+003,1.639245e-002
2.526333e+003,1.638113e-002
2.526815e+003,1.637108e-002
2.527297e+003,1.636307e-002
2.527779e+003,1.635625e-002
2.528261e+003,1.634746e-002
2.528743e+003,1.633833e-002
2.529226e+003,1.633405e-002
2.529708e+003,1.634405e-002
2.530190e+003,1.637584e-002
2.530672e+003,1.643335e-002
2.531154e+003,1.651276e-002
2.531636e+003,1.660379e-002
2.532118e+003,1.669281e-002
2.532600e+003,1.676909e-002
2.533083e+003,1.682700e-002
2.533565e+003,1.686873e-002
2.534047e+003,1.689880e-002
2.534529e+003,1.692299e-002
2.535011e+003,1.694481e-002
2.535493e+003,1.696484e-002
2.535975e+003,1.698154e-002
2.536457e+003,1.699621e-002
2.536939e+003,1.701122e-002
2.537422e+003,1.703324e-002
2.537904e+003,1.706722e-002
2.538386e+003,1.711522e-002
2.538868e+003,1.717478e-002
2.539350e+003,1.723881e-002
2.539832e+003,1.729833e-002
2.540314e+003,1.734838e-002
2.540796e+003,1.738699e-002
2.541279e+003,1.741835e-002
2.541761e+003,1.744578e-002
2.542243e+003,1.747288e-002
2.542725e+003,1.749794e-002
2.543207e+003,1.751752e-002
2.543689e+003,1.752555e-002
2.544171e+003,1.752133e-002
2.544654e+003,1.750701e-002
2.545135e+003,1.749131e-002
2.545618e+003,1.748176e-002
2.546100e+003,1.748516e-002
2.546582e+003,1.750279e-002
2.547064e+003,1.753097e-002
2.547546e+003,1.756421e-002
2.548028e+003,1.759739e-002
2.548510e+003,1.762818e-002
2.548993e+003,1.765872e-002
2.549475e+003,1.769115e-002
2.549957e+003,1.772703e-002
2.550439e+003,1.776499e-002
2.550921e+003,1.780125e-002
2.551403e+003,1.783253e-002
2.551885e+003,1.785859e-002
2.552367e+003,1.788181e-002
2.552850e+003,1.790772e-002
2.553332e+003,1.794050e-002
2.553814e+003,1.798113e-002
2.554296e+003,1.802555e-002
2.554778e+003,1.806836e-002
2.555260e+003,1.810275e-002
2.555742e+003,1.812786e-002
2.556224e+003,1.814686e-002
2.556707e+003,1.816699e-002
2.557189e+003,1.819401e-002
2.557671e+003,1.822906e-002
2.558153e+003,1.826705e-002
2.558635e+003,1.829988e-002
2.559117e+003,1.831798e-002
2.559599e+003,1.831781e-002
2.560082e+003,1.830333e-002
2.560563e+003,1.828581e-002
2.561046e+003,1.827666e-002
2.561528e+003,1.828476e-002
2.562010e+003,1.831107e-002
2.562492e+003,1.835129e-002
2.562974e+003,1.839549e-002
2.563456e+003,1.843695e-002
2.563938e+003,1.847220e-002
2.564421e+003,1.850661e-002
2.564903e+003,1.854646e-002
2.565385e+003,1.859800e-002
2.565867e+003,1.866253e-002
2.566349e+003,1.873513e-002
2.566831e+003,1.880620e-002
2.567313e+003,1.886710e-002
2.567795e+003,1.891157e-002
2.568278e+003,1.893996e-002
2.568760e+003,1.895538e-002
2.569242e+003,1.896344e-002
2.569724e+003,1.896873e-002
2.570206e+003,1.897445e-002
2.570688e+003,1.898234e-002
2.571170e+003,1.899552e-002
2.571652e+003,1.901607e-002
2.572135e+003,1.904980e-002
2.572617e+003,1.909846e-002
2.573099e+003,1.916058e-002
2.573581e+003,1.922985e-002
2.574063e+003,1.929618e-002
2.574545e+003,1.934944e-002
2.575027e+003,1.938310e-002
2.575510e+003,1.939750e-002
2.575991e+003,1.940000e-002
2.576474e+003,1.939946e-002
2.576956e+003,1.940552e-002
2.577438e+003,1.942402e-002
2.577920e+003,1.945563e-002
2.578402e+003,1.949787e-002
2.578884e+003,1.954882e-002
2.579366e+003,1.960570e-002
2.579849e+003,1.967078e-002
2.580331e+003,1.974372e-002
2.580813e+003,1.982469e-002
2.581295e+003,1.990823e-002
2.581777e+003,1.998780e-002
2.582259e+003,2.005538e-002
2.582741e+003,2.010556e-002
2.583223e+003,2.013859e-002
2.583706e+003,2.015943e-002
2.584188e+003,2.017505e-002
2.584670e+003,2.019216e-002
2.585152e+003,2.021362e-002
2.585634e+003,2.023859e-002
2.586116e+003,2.026322e-002
2.586598e+003,2.028515e-002
2.587080e+003,2.030385e-002
2.587563e+003,2.032257e-002
2.588045e+003,2.034626e-002
2.588527e+003,2.037870e-002
2.589009e+003,2.042093e-002
2.589491e+003,2.047139e-002
2.589973e+003,2.052536e-002
2.590455e+003,2.057997e-002
2.590938e+003,2.063452e-002
2.591419e+003,2.069223e-002
2.591902e+003,2.075556e-002
2.592384e+003,2.082706e-002
2.592866e+003,2.090637e-002
2.593348e+003,2.098914e-002
2.593830e+003,2.106931e-002
2.594312e+003,2.114268e-002
2.594794e+003,2.120697e-002
2.595277e+003,2.126366e-002
2.595759e+003,2.131661e-002
2.596241e+003,2.136887e-002
2.596723e+003,2.142203e-002
2.597205e+003,2.147504e-002
2.597687e+003,2.152508e-002
2.598169e+003,2.157155e-002
2.598651e+003,2.161636e-002
2.599134e+003,2.166391e-002
2.599616e+003,2.171983e-002
2.600098e+003,2.178928e-002
2.600580e+003,2.187309e-002
2.601062e+003,2.196880e-002
2.601544e+003,2.206938e-002
2.602026e+003,2.216790e-002
2.602508e+003,2.225854e-002
2.602990e+003,2.233823e-002
2.603473e+003,2.240624e-002
2.603955e+003,2.246407e-002
2.604437e+003,2.251296e-002
2.604919e+003,2.255481e-002
2.605401e+003,2.258972e-002
2.605883e+003,2.262068e-002
2.606365e+003,2.264917e-002
2.606847e+003,2.268068e-002
2.607330e+003,2.271758e-002
2.607812e+003,2.276330e-002
2.608294e+003,2.281848e-002
2.608776e+003,2.288241e-002
2.609258e+003,2.295378e-002
2.609740e+003,2.303258e-002
2.610222e+003,2.311839e-002
2.610705e+003,2.321255e-002
2.611187e+003,2.331442e-002
2.611669e+003,2.342120e-002
2.612151e+003,2.352740e-002
2.612633e+003,2.362737e-002
2.613115e+003,2.371457e-002
2.613597e+003,2.378765e-002
2.614079e+003,2.384768e-002
2.614562e+003,2.389967e-002
2.615044e+003,2.394974e-002
2.615526e+003,2.400328e-002
2.616008e+003,2.406171e-002
2.616490e+003,2.412556e-002
2.616972e+003,2.419210e-002
2.617454e+003,2.425955e-002
2.617936e+003,2.432800e-002
2.618418e+003,2.439860e-002
2.618901e+003,2.447313e-002
2.619383e+003,2.455187e-002
2.619865e+003,2.463312e-002
2.620347e+003,2.471413e-002
2.620829e+003,2.479163e-002
2.621311e+003,2.486427e-002
2.621793e+003,2.493447e-002
2.622276e+003,2.500664e-002
2.622758e+003,2.508515e-002
2.623240e+003,2.517275e-002
2.623722e+003,2.526919e-002
2.624204e+003,2.537145e-002
2.624686e+003,2.547455e-002
2.625168e+003,2.557352e-002
2.625650e+003,2.566613e-002
2.626133e+003,2.575272e-002
2.626615e+003,2.583516e-002
2.627097e+003,2.591541e-002
2.627579e+003,2.599445e-002
2.628061e+003,2.607236e-002
2.628543e+003,2.614692e-002
2.629025e+003,2.621758e-002
2.629507e+003,2.628462e-002
2.629990e+003,2.635078e-002
2.630472e+003,2.641698e-002
2.630954e+003,2.648588e-002
2.631436e+003,2.655659e-002
2.631918e+003,2.662715e-002
2.632400e+003,2.669461e-002
2.632882e+003,2.675594e-002
2.633364e+003,2.681050e-002
2.633846e+003,2.685928e-002
2.634329e+003,2.690414e-002
2.634811e+003,2.694705e-002
2.635293e+003,2.698918e-002
2.635775e+003,2.703095e-002
2.636257e+003,2.707211e-002
2.636739e+003,2.711339e-002
2.637221e+003,2.715637e-002
2.637704e+003,2.720358e-002
2.638186e+003,2.725635e-002
2.638668e+003,2.731425e-002
2.639150e+003,2.737548e-002
2.639632e+003,2.743611e-002
2.640114e+003,2.749103e-002
2.640596e+003,2.753808e-002
2.641078e+003,2.757627e-002
2.641561e+003,2.760776e-002
2.642043e+003,2.763530e-002
2.642525e+003,2.766260e-002
2.643007e+003,2.769097e-002
2.643489e+003,2.772105e-002
2.643971e+003,2.775213e-002
2.644453e+003,2.778385e-002
2.644935e+003,2.781639e-002
2.645417e+003,2.785065e-002
2.645900e+003,2.788725e-002
2.646382e+003,2.792701e-002
2.646864e+003,2.796832e-002
2.647346e+003,2.800972e-002
2.647828e+003,2.804997e-002
2.648310e+003,2.808790e-002
2.648792e+003,2.812404e-002
2.649274e+003,2.816010e-002
2.649757e+003,2.819617e-002
2.650239e+003,2.823209e-002
2.650721e+003,2.826557e-002
2.651203e+003,2.829485e-002
2.651685e+003,2.831827e-002
2.652167e+003,2.833657e-002
2.652649e+003,2.835307e-002
2.653132e+003,2.837390e-002
2.653614e+003,2.840375e-002
2.654096e+003,2.844478e-002
2.654578e+003,2.849674e-002
2.655060e+003,2.855531e-002
2.655542e+003,2.861506e-002
2.656024e+003,2.867041e-002
2.656506e+003,2.871884e-002
2.656989e+003,2.876016e-002
2.657471e+003,2.879616e-002
2.657953e+003,2.882865e-002
2.658435e+003,2.885790e-002
2.658917e+003,2.888346e-002
2.659399e+003,2.890261e-002
2.659881e+003,2.891364e-002
2.660363e+003,2.891436e-002
2.660845e+003,2.890640e-002
2.661328e+003,2.889094e-002
2.661810e+003,2.887021e-002
2.662292e+003,2.884515e-002
2.662774e+003,2.881672e-002
2.663256e+003,2.878412e-002
2.663738e+003,2.874825e-002
2.664220e+003,2.871101e-002
2.664702e+003,2.867557e-002
2.665185e+003,2.864609e-002
2.665667e+003,2.862538e-002
2.666149e+003,2.861498e-002
2.666631e+003,2.861372e-002
2.667113e+003,2.861844e-002
2.667595e+003,2.862606e-002
2.668077e+003,2.863450e-002
2.668560e+003,2.864348e-002
2.669042e+003,2.865382e-002
2.669524e+003,2.866634e-002
2.670006e+003,2.868250e-002
2.670488e+003,2.870164e-002
2.670970e+003,2.872152e-002
2.671452e+003,2.874058e-002
2.671934e+003,2.875648e-002
2.672417e+003,2.876893e-002
2.672899e+003,2.877748e-002
2.673381e+003,2.878249e-002
2.673863e+003,2.878450e-002
2.674345e+003,2.878379e-002
2.674827e+003,2.878035e-002
2.675309e+003,2.877535e-002
2.675791e+003,2.877009e-002
2.676273e+003,2.876755e-002
2.676756e+003,2.876964e-002
2.677238e+003,2.877746e-002
2.677720e+003,2.878991e-002
2.678202e+003,2.880510e-002
2.678684e+003,2.881884e-002
2.679166e+003,2.882876e-002
2.679648e+003,2.883313e-002
2.680130e+003,2.883258e-002
2.680613e+003,2.882821e-002
2.681095e+003,2.882238e-002
2.681577e+003,2.881635e-002
2.682059e+003,2.881042e-002
2.682541e+003,2.880321e-002
2.683023e+003,2.879435e-002
2.683505e+003,2.878395e-002
2.683988e+003,2.877280e-002
2.684469e+003,2.876229e-002
2.684952e+003,2.875360e-002
2.685434e+003,2.874626e-002
2.685916e+003,2.873875e-002
2.686398e+003,2.872876e-002
2.686880e+003,2.871430e-002
2.687362e+003,2.869453e-002
2.687844e+003,2.867084e-002
2.688327e+003,2.864486e-002
2.688809e+003,2.861958e-002
2.689291e+003,2.859595e-002
2.689773e+003,2.857487e-002
2.690255e+003,2.855423e-002
2.690737e+003,2.853294e-002
2.691219e+003,2.851019e-002
2.691701e+003,2.848641e-002
2.692184e+003,2.846309e-002
2.692666e+003,2.844323e-002
2.693148e+003,2.842922e-002
2.693630e+003,2.842278e-002
2.694112e+003,2.842394e-002
2.694594e+003,2.843214e-002
2.695076e+003,2.844546e-002
2.695558e+003,2.846290e-002
2.696041e+003,2.848190e-002
2.696523e+003,2.850146e-002
2.697005e+003,2.852029e-002
2.697487e+003,2.853748e-002
2.697969e+003,2.855266e-002
2.698451e+003,2.856628e-002
2.698933e+003,2.858000e-002
2.699416e+003,2.859629e-002
2.699897e+003,2.861670e-002
2.700380e+003,2.864253e-002
2.700862e+003,2.867424e-002
2.701344e+003,2.870999e-002
2.701826e+003,2.874833e-002
2.702308e+003,2.878704e-002
2.702790e+003,2.882402e-002
2.703272e+003,2.885974e-002
2.703755e+003,2.889408e-002
2.704237e+003,2.892743e-002
2.704719e+003,2.896115e-002
2.705201e+003,2.899598e-002
2.705683e+003,2.903313e-002
2.706165e+003,2.907424e-002
2.706647e+003,2.912070e-002
2.707129e+003,2.917352e-002
2.707612e+003,2.923242e-002
2.708094e+003,2.929567e-002
2.708576e+003,2.936060e-002
2.709058e+003,2.942482e-002
2.709540e+003,2.948557e-002
2.710022e+003,2.954274e-002
2.710504e+003,2.959792e-002
2.710986e+003,2.965357e-002
2.711469e+003,2.971164e-002
2.711951e+003,2.977267e-002
2.712433e+003,2.983484e-002
2.712915e+003,2.989565e-002
2.713397e+003,2.995140e-002
2.713879e+003,3.000081e-002
2.714361e+003,3.004378e-002
2.714844e+003,3.008363e-002
2.715325e+003,3.012396e-002
2.715808e+003,3.016808e-002
2.716290e+003,3.021840e-002
2.716772e+003,3.027475e-002
2.717254e+003,3.033610e-002
2.717736e+003,3.040071e-002
2.718218e+003,3.046829e-002
2.718700e+003,3.053914e-002
2.719183e+003,3.061437e-002
2.719665e+003,3.069462e-002
2.720147e+003,3.077859e-002
2.720629e+003,3.086603e-002
2.721111e+003,3.095350e-002
2.721593e+003,3.103934e-002
2.722075e+003,3.112252e-002
2.722557e+003,3.120398e-002
2.723040e+003,3.128557e-002
2.723522e+003,3.136922e-002
2.724004e+003,3.145643e-002
2.724486e+003,3.154757e-002
2.724968e+003,3.164180e-002
2.725450e+003,3.173849e-002
2.725932e+003,3.183679e-002
2.726414e+003,3.193597e-002
2.726896e+003,3.203630e-002
2.727379e+003,3.213621e-002
2.727861e+003,3.223412e-002
2.728343e+003,3.232778e-002
2.728825e+003,3.241406e-002
2.729307e+003,3.249154e-002
2.729789e+003,3.256003e-002
2.730271e+003,3.262185e-002
2.730753e+003,3.267951e-002
2.731236e+003,3.273588e-002
2.731718e+003,3.279237e-002
2.732200e+003,3.284944e-002
2.732682e+003,3.290579e-002
2.733164e+003,3.295935e-002
2.733646e+003,3.300959e-002
2.734128e+003,3.305547e-002
2.734611e+003,3.309847e-002
2.735093e+003,3.313963e-002
2.735575e+003,3.317930e-002
2.736057e+003,3.321824e-002
2.736539e+003,3.325571e-002
2.737021e+003,3.329131e-002
2.737503e+003,3.332489e-002
2.737985e+003,3.335743e-002
2.738468e+003,3.338934e-002
2.738950e+003,3.342202e-002
2.739432e+003,3.345618e-002
2.739914e+003,3.349167e-002
2.740396e+003,3.352885e-002
2.740878e+003,3.356856e-002
2.741360e+003,3.361101e-002
2.741842e+003,3.365794e-002
2.742324e+003,3.370984e-002
2.742807e+003,3.376700e-002
2.743289e+003,3.382821e-002
2.743771e+003,3.389074e-002
2.744253e+003,3.395227e-002
2.744735e+003,3.401054e-002
2.745217e+003,3.406565e-002
2.745699e+003,3.411891e-002
2.746182e+003,3.417237e-002
2.746664e+003,3.422791e-002
2.747146e+003,3.428685e-002
2.747628e+003,3.434778e-002
2.748110e+003,3.440890e-002
2.748592e+003,3.446762e-002
2.749074e+003,3.452251e-002
2.749556e+003,3.457368e-002
2.750039e+003,3.462223e-002
2.750521e+003,3.467042e-002
2.751003e+003,3.472004e-002
2.751485e+003,3.477211e-002
2.751967e+003,3.482674e-002
2.752449e+003,3.488337e-002
2.752931e+003,3.494104e-002
2.753413e+003,3.499985e-002
2.753896e+003,3.506058e-002
2.754378e+003,3.512366e-002
2.754860e+003,3.519054e-002
2.755342e+003,3.526204e-002
2.755824e+003,3.533837e-002
2.756306e+003,3.541981e-002
2.756788e+003,3.550588e-002
2.757270e+003,3.559661e-002
2.757752e+003,3.569094e-002
2.758235e+003,3.578833e-002
2.758717e+003,3.588774e-002
2.759199e+003,3.598783e-002
2.759681e+003,3.608751e-002
2.760163e+003,3.618646e-002
2.760645e+003,3.628489e-002
2.761127e+003,3.638421e-002
2.761610e+003,3.648499e-002
2.762092e+003,3.658844e-002
2.762574e+003,3.669439e-002
2.763056e+003,3.680322e-002
2.763538e+003,3.691455e-002
2.764020e+003,3.702837e-002
2.764502e+003,3.714508e-002
2.764984e+003,3.726533e-002
2.765467e+003,3.738960e-002
2.765949e+003,3.751782e-002
2.766431e+003,3.764815e-002
2.766913e+003,3.777921e-002
2.767395e+003,3.790900e-002
2.767877e+003,3.803629e-002
2.768359e+003,3.816013e-002
2.768841e+003,3.828146e-002
2.769323e+003,3.840019e-002
2.769806e+003,3.851803e-002
2.770288e+003,3.863496e-002
2.770770e+003,3.875281e-002
2.771252e+003,3.887241e-002
2.771734e+003,3.899622e-002
2.772216e+003,3.912607e-002
2.772698e+003,3.926375e-002
2.773180e+003,3.941014e-002
2.773663e+003,3.956428e-002
2.774145e+003,3.972428e-002
2.774627e+003,3.988779e-002
2.775109e+003,4.005288e-002
2.775591e+003,4.021929e-002
2.776073e+003,4.038816e-002
2.776555e+003,4.056214e-002
2.777038e+003,4.074315e-002
2.777520e+003,4.093206e-002
2.778002e+003,4.112867e-002
2.778484e+003,4.133119e-002
2.778966e+003,4.153743e-002
2.779448e+003,4.174673e-002
2.779930e+003,4.195843e-002
2.780412e+003,4.217490e-002
2.780895e+003,4.239701e-002
2.781377e+003,4.262564e-002
2.781859e+003,4.286069e-002
2.782341e+003,4.310054e-002
2.782823e+003,4.334376e-002
2.783305e+003,4.359027e-002
2.783787e+003,4.384092e-002
2.784269e+003,4.409861e-002
2.784751e+003,4.436541e-002
2.785234e+003,4.464280e-002
2.785716e+003,4.492946e-002
2.786198e+003,4.522182e-002
2.786680e+003,4.551483e-002
2.787162e+003,4.580456e-002
2.787644e+003,4.608811e-002
2.788126e+003,4.636588e-002
2.788608e+003,4.663928e-002
2.789091e+003,4.691187e-002
2.789573e+003,4.718587e-002
2.790055e+003,4.746279e-002
2.790537e+003,4.774267e-002
2.791019e+003,4.802558e-002
2.791501e+003,4.831143e-002
2.791983e+003,4.860188e-002
2.792466e+003,4.889886e-002
2.792948e+003,4.920487e-002
2.793430e+003,4.952059e-002
2.793912e+003,4.984682e-002
2.794394e+003,5.018096e-002
2.794876e+003,5.052023e-002
2.795358e+003,5.086260e-002
2.795840e+003,5.120642e-002
2.796323e+003,5.155066e-002
2.796805e+003,5.189597e-002
2.797287e+003,5.224353e-002
2.797769e+003,5.259438e-002
2.798251e+003,5.295012e-002
2.798733e+003,5.331158e-002
2.799215e+003,5.367977e-002
2.799697e+003,5.405603e-002
2.800179e+003,5.444078e-002
2.800662e+003,5.483433e-002
2.801144e+003,5.523541e-002
2.801626e+003,5.564307e-002
2.802108e+003,5.605536e-002
2.802590e+003,5.647143e-002
2.803072e+003,5.689129e-002
2.803554e+003,5.731639e-002
2.804036e+003,5.774840e-002
2.804519e+003,5.818985e-002
2.805001e+003,5.864223e-002
2.805483e+003,5.910714e-002
2.805965e+003,5.958496e-002
2.806447e+003,6.007601e-002
2.806929e+003,6.058014e-002
2.807411e+003,6.109862e-002
2.807894e+003,6.163099e-002
2.808375e+003,6.217677e-002
2.808858e+003,6.273492e-002
2.809340e+003,6.330431e-002
2.809822e+003,6.388267e-002
2.810304e+003,6.447015e-002
2.810786e+003,6.506720e-002
2.811268e+003,6.567654e-002
2.811750e+003,6.630164e-002
2.812233e+003,6.694616e-002
2.812715e+003,6.761278e-002
2.813197e+003,6.830294e-002
2.813679e+003,6.901631e-002
2.814161e+003,6.975155e-002
2.814643e+003,7.050683e-002
2.815125e+003,7.128180e-002
2.815607e+003,7.207590e-002
2.816090e+003,7.289019e-002
2.816572e+003,7.372731e-002
2.817054e+003,7.459132e-002
2.817536e+003,7.548662e-002
2.818018e+003,7.641873e-002
2.818500e+003,7.739334e-002
2.818982e+003,7.841493e-002
2.819464e+003,7.948655e-002
2.819947e+003,8.060893e-002
2.820429e+003,8.178075e-002
2.820911e+003,8.300039e-002
2.821393e+003,8.426619e-002
2.821875e+003,8.557849e-002
2.822357e+003,8.694191e-002
2.822839e+003,8.836389e-002
2.823322e+003,8.985407e-002
2.823803e+003,9.142316e-002
2.824286e+003,9.308166e-002
2.824768e+003,9.483757e-002
2.825250e+003,9.669705e-002
2.825732e+003,9.866603e-002
2.826214e+003,1.007498e-001
2.826696e+003,1.029556e-001
2.827178e+003,1.052907e-001
2.827661e+003,1.077648e-001
2.828143e+003,1.103891e-001
2.828625e+003,1.131749e-001
2.829107e+003,1.161342e-001
2.829589e+003,1.192804e-001
2.830071e+003,1.226291e-001
2.830553e+003,1.261984e-001
2.831035e+003,1.300101e-001
2.831518e+003,1.340897e-001
2.832000e+003,1.384654e-001
2.832482e+003,1.431697e-001
2.832964e+003,1.482372e-001
2.833446e+003,1.537068e-001
2.833928e+003,1.596203e-001
2.834410e+003,1.660245e-001
2.834892e+003,1.729691e-001
2.835375e+003,1.805101e-001
2.835857e+003,1.887068e-001
2.836339e+003,1.976248e-001
2.836821e+003,2.073361e-001
2.837303e+003,2.179207e-001
2.837785e+003,2.294670e-001
2.838267e+003,2.420738e-001
2.838750e+003,2.558466e-001
2.839231e+003,2.708953e-001
2.839714e+003,2.873274e-001
2.840196e+003,3.052413e-001
2.840678e+003,3.247178e-001
2.841160e+003,3.458150e-001
2.841642e+003,3.685599e-001
2.842124e+003,3.929442e-001
2.842606e+003,4.189098e-001
2.843089e+003,4.463325e-001
2.843571e+003,4.749923e-001
2.844053e+003,5.045412e-001
2.844535e+003,5.344670e-001
2.845017e+003,5.640701e-001
2.845499e+003,5.924630e-001
2.845981e+003,6.186087e-001
2.846463e+003,6.413950e-001
2.846946e+003,6.597498e-001
2.847428e+003,6.727750e-001
2.847910e+003,6.798784e-001
2.848392e+003,6.808692e-001
2.848874e+003,6.759948e-001
2.849356e+003,6.659057e-001
2.849838e+003,6.515518e-001
2.850320e+003,6.340342e-001
2.850802e+003,6.144508e-001
2.851285e+003,5.937689e-001
2.851767e+003,5.727441e-001
2.852249e+003,5.518956e-001
2.852731e+003,5.315303e-001
2.853213e+003,5.117910e-001
2.853695e+003,4.927175e-001
2.854177e+003,4.742952e-001
2.854659e+003,4.564912e-001
2.855142e+003,4.392726e-001
2.855624e+003,4.226135e-001
2.856106e+003,4.064956e-001
2.856588e+003,3.909103e-001
2.857070e+003,3.758591e-001
2.857552e+003,3.613560e-001
2.858034e+003,3.474241e-001
2.858517e+003,3.340932e-001
2.858999e+003,3.213926e-001
2.859481e+003,3.093469e-001
2.859963e+003,2.979720e-001
2.860445e+003,2.872772e-001
2.860927e+003,2.772662e-001
2.861409e+003,2.679418e-001
2.861891e+003,2.593045e-001
2.862374e+003,2.513537e-001
2.862856e+003,2.440841e-001
2.863338e+003,2.374870e-001
2.863820e+003,2.315477e-001
2.864302e+003,2.262477e-001
2.864784e+003,2.215692e-001
2.865266e+003,2.174933e-001
2.865748e+003,2.140000e-001
2.866230e+003,2.110661e-001
2.866713e+003,2.086591e-001
2.867195e+003,2.067361e-001
2.867677e+003,2.052418e-001
2.868159e+003,2.041103e-001
2.868641e+003,2.032696e-001
2.869123e+003,2.026463e-001
2.869605e+003,2.021703e-001
2.870088e+003,2.017772e-001
2.870570e+003,2.014124e-001
2.871052e+003,2.010319e-001
2.871534e+003,2.006049e-001
2.872016e+003,2.001177e-001
2.872498e+003,1.995721e-001
2.872980e+003,1.989908e-001
2.873462e+003,1.984087e-001
2.873945e+003,1.978720e-001
2.874427e+003,1.974289e-001
2.874909e+003,1.971257e-001
2.875391e+003,1.970006e-001
2.875873e+003,1.970851e-001
2.876355e+003,1.974027e-001
2.876837e+003,1.979720e-001
2.877319e+003,1.988058e-001
2.877802e+003,1.999125e-001
2.878284e+003,2.012945e-001
2.878766e+003,2.029474e-001
2.879248e+003,2.048609e-001
2.879730e+003,2.070212e-001
2.880212e+003,2.094139e-001
2.880694e+003,2.120274e-001
2.881176e+003,2.148533e-001
2.881658e+003,2.178858e-001
2.882141e+003,2.211205e-001
2.882623e+003,2.245530e-001
2.883105e+003,2.281739e-001
2.883587e+003,2.319738e-001
2.884069e+003,2.359423e-001
2.884551e+003,2.400716e-001
2.885033e+003,2.443554e-001
2.885516e+003,2.487893e-001
2.885998e+003,2.533690e-001
2.886480e+003,2.580867e-001
2.886962e+003,2.629310e-001
2.887444e+003,2.678865e-001
2.887926e+003,2.729384e-001
2.888408e+003,2.780736e-001
2.888890e+003,2.832837e-001
2.889373e+003,2.885626e-001
2.889855e+003,2.939061e-001
2.890337e+003,2.993085e-001
2.890819e+003,3.047602e-001
2.891301e+003,3.102494e-001
2.891783e+003,3.157648e-001
2.892265e+003,3.212984e-001
2.892747e+003,3.268482e-001
2.893229e+003,3.324175e-001
2.893712e+003,3.380124e-001
2.894194e+003,3.436395e-001
2.894676e+003,3.493021e-001
2.895158e+003,3.550029e-001
2.895640e+003,3.607442e-001
2.896122e+003,3.665334e-001
2.896604e+003,3.723822e-001
2.897086e+003,3.783084e-001
2.897569e+003,3.843338e-001
2.898051e+003,3.904799e-001
2.898533e+003,3.967657e-001
2.899015e+003,4.032106e-001
2.899497e+003,4.098340e-001
2.899979e+003,4.166607e-001
2.900461e+003,4.237202e-001
2.900944e+003,4.310485e-001
2.901426e+003,4.386826e-001
2.901908e+003,4.466603e-001
2.902390e+003,4.550163e-001
2.902872e+003,4.637856e-001
2.903354e+003,4.730064e-001
2.903836e+003,4.827236e-001
2.904318e+003,4.929900e-001
2.904801e+003,5.038630e-001
2.905283e+003,5.153998e-001
2.905765e+003,5.276504e-001
2.906247e+003,5.406549e-001
2.906729e+003,5.544424e-001
2.907211e+003,5.690325e-001
2.907693e+003,5.844412e-001
2.908175e+003,6.006745e-001
2.908657e+003,6.177268e-001
2.909140e+003,6.355659e-001
2.909622e+003,6.541201e-001
2.910104e+003,6.732676e-001
2.910586e+003,6.928308e-001
2.911068e+003,7.125791e-001
2.911550e+003,7.322358e-001
2.912032e+003,7.514854e-001
2.912514e+003,7.699804e-001
2.912997e+003,7.873428e-001
2.913479e+003,8.031759e-001
2.913961e+003,8.170773e-001
2.914443e+003,8.286681e-001
2.914925e+003,8.376315e-001
2.915407e+003,8.437489e-001
2.915889e+003,8.469265e-001
2.916372e+003,8.472040e-001
2.916854e+003,8.447371e-001
2.917336e+003,8.397705e-001
2.917818e+003,8.326040e-001
2.918300e+003,8.235599e-001
2.918782e+003,8.129649e-001
2.919264e+003,8.011324e-001
2.919746e+003,7.883507e-001
2.920229e+003,7.748740e-001
2.920711e+003,7.609118e-001
2.921193e+003,7.466261e-001
2.921675e+003,7.321339e-001
2.922157e+003,7.175154e-001
2.922639e+003,7.028299e-001
2.923121e+003,6.881239e-001
2.923603e+003,6.734405e-001
2.924085e+003,6.588178e-001
2.924568e+003,6.442866e-001
2.925050e+003,6.298656e-001
2.925532e+003,6.155619e-001
2.926014e+003,6.013750e-001
2.926496e+003,5.873024e-001
2.926978e+003,5.733479e-001
2.927460e+003,5.595194e-001
2.927942e+003,5.458310e-001
2.928425e+003,5.322962e-001
2.928907e+003,5.189250e-001
2.929389e+003,5.057210e-001
2.929871e+003,4.926872e-001
2.930353e+003,4.798270e-001
2.930835e+003,4.671491e-001
2.931317e+003,4.546669e-001
2.931800e+003,4.423966e-001
2.932281e+003,4.303536e-001
2.932764e+003,4.185511e-001
2.933246e+003,4.069972e-001
2.933728e+003,3.956992e-001
2.934210e+003,3.846646e-001
2.934692e+003,3.739046e-001
2.935174e+003,3.634292e-001
2.935656e+003,3.532493e-001
2.936139e+003,3.433697e-001
2.936621e+003,3.337908e-001
2.937103e+003,3.245099e-001
2.937585e+003,3.155257e-001
2.938067e+003,3.068390e-001
2.938549e+003,2.984590e-001
2.939031e+003,2.903969e-001
2.939513e+003,2.826653e-001
2.939996e+003,2.752725e-001
2.940478e+003,2.682208e-001
2.940960e+003,2.615071e-001
2.941442e+003,2.551258e-001
2.941924e+003,2.490733e-001
2.942406e+003,2.433512e-001
2.942888e+003,2.379649e-001
2.943370e+003,2.329239e-001
2.943853e+003,2.282384e-001
2.944335e+003,2.239154e-001
2.944817e+003,2.199586e-001
2.945299e+003,2.163696e-001
2.945781e+003,2.131468e-001
2.946263e+003,2.102893e-001
2.946745e+003,2.077919e-001
2.947228e+003,2.056469e-001
2.947709e+003,2.038395e-001
2.948192e+003,2.023485e-001
2.948674e+003,2.011436e-001
2.949156e+003,2.001909e-001
2.949638e+003,1.994532e-001
2.950120e+003,1.988924e-001
2.950602e+003,1.984713e-001
2.951084e+003,1.981530e-001
2.951567e+003,1.978984e-001
2.952049e+003,1.976691e-001
2.952531e+003,1.974259e-001
2.953013e+003,1.971312e-001
2.953495e+003,1.967530e-001
2.953977e+003,1.962653e-001
2.954459e+003,1.956497e-001
2.954941e+003,1.948933e-001
2.955424e+003,1.939867e-001
2.955906e+003,1.929232e-001
2.956388e+003,1.916959e-001
2.956870e+003,1.903027e-001
2.957352e+003,1.887434e-001
2.957834e+003,1.870230e-001
2.958316e+003,1.851502e-001
2.958798e+003,1.831351e-001
2.959281e+003,1.809871e-001
2.959763e+003,1.787148e-001
2.960245e+003,1.763231e-001
2.960727e+003,1.738185e-001
2.961209e+003,1.712082e-001
2.961691e+003,1.685036e-001
2.962173e+003,1.657172e-001
2.962656e+003,1.628631e-001
2.963137e+003,1.599534e-001
2.963620e+003,1.569985e-001
2.964102e+003,1.540071e-001
2.964584e+003,1.509886e-001
2.965066e+003,1.479544e-001
2.965548e+003,1.449203e-001
2.966030e+003,1.419035e-001
2.966512e+003,1.389220e-001
2.966995e+003,1.359902e-001
2.967477e+003,1.331193e-001
2.967959e+003,1.303155e-001
2.968441e+003,1.275835e-001
2.968923e+003,1.249267e-001
2.969405e+003,1.223508e-001
2.969887e+003,1.198609e-001
2.970369e+003,1.174628e-001
2.970852e+003,1.151585e-001
2.971334e+003,1.129480e-001
2.971816e+003,1.108267e-001
2.972298e+003,1.087909e-001
2.972780e+003,1.068352e-001
2.973262e+003,1.049583e-001
2.973744e+003,1.031591e-001
2.974226e+003,1.014382e-001
2.974708e+003,9.979453e-002
2.975191e+003,9.822540e-002
2.975673e+003,9.672593e-002
2.976155e+003,9.529079e-002
2.976637e+003,9.391463e-002
2.977119e+003,9.259459e-002
2.977601e+003,9.132811e-002
2.978083e+003,9.011520e-002
2.978565e+003,8.895399e-002
2.979048e+003,8.784163e-002
2.979530e+003,8.677436e-002
2.980012e+003,8.574802e-002
2.980494e+003,8.475974e-002
2.980976e+003,8.380793e-002
2.981458e+003,8.289287e-002
2.981940e+003,8.201587e-002
2.982423e+003,8.117727e-002
2.982905e+003,8.037882e-002
2.983387e+003,7.962002e-002
2.983869e+003,7.890104e-002
2.984351e+003,7.822184e-002
2.984833e+003,7.758364e-002
2.985315e+003,7.698712e-002
2.985797e+003,7.643286e-002
2.986280e+003,7.591979e-002
2.986762e+003,7.544696e-002
2.987244e+003,7.501252e-002
2.987726e+003,7.461552e-002
2.988208e+003,7.425605e-002
2.988690e+003,7.393619e-002
2.989172e+003,7.365763e-002
2.989654e+003,7.342220e-002
2.990136e+003,7.323077e-002
2.990619e+003,7.308418e-002
2.991101e+003,7.298210e-002
2.991583e+003,7.292594e-002
2.992065e+003,7.291839e-002
2.992547e+003,7.296201e-002
2.993029e+003,7.305937e-002
2.993511e+003,7.321132e-002
2.993994e+003,7.341634e-002
2.994476e+003,7.367164e-002
2.994958e+003,7.397328e-002
2.995440e+003,7.431786e-002
2.995922e+003,7.470403e-002
2.996404e+003,7.513178e-002
2.996886e+003,7.559967e-002
2.997368e+003,7.610367e-002
2.997851e+003,7.663763e-002
2.998333e+003,7.718935e-002
2.998815e+003,7.774580e-002
2.999297e+003,7.829483e-002
2.999779e+003,7.882515e-002
3.000261e+003,7.933176e-002
3.000743e+003,7.981069e-002
3.001225e+003,8.026074e-002
3.001708e+003,8.068020e-002
3.002190e+003,8.106519e-002
3.002672e+003,8.140995e-002
3.003154e+003,8.170658e-002
3.003636e+003,8.194753e-002
3.004118e+003,8.212680e-002
3.004600e+003,8.224038e-002
3.005082e+003,8.228688e-002
3.005564e+003,8.226539e-002
3.006047e+003,8.217750e-002
3.006529e+003,8.202540e-002
3.007011e+003,8.181196e-002
3.007493e+003,8.154109e-002
3.007975e+003,8.121695e-002
3.008457e+003,8.084285e-002
3.008939e+003,8.041976e-002
3.009422e+003,7.994599e-002
3.009904e+003,7.941990e-002
3.010386e+003,7.883993e-002
3.010868e+003,7.820951e-002
3.011350e+003,7.753612e-002
3.011832e+003,7.683387e-002
3.012314e+003,7.611834e-002
3.012796e+003,7.540490e-002
3.013279e+003,7.470356e-002
3.013761e+003,7.401940e-002
3.014243e+003,7.335132e-002
3.014725e+003,7.269702e-002
3.015207e+003,7.205277e-002
3.015689e+003,7.141875e-002
3.016171e+003,7.079762e-002
3.016653e+003,7.019451e-002
3.017135e+003,6.961416e-002
3.017618e+003,6.906109e-002
3.018100e+003,6.853694e-002
3.018582e+003,6.804288e-002
3.019064e+003,6.757937e-002
3.019546e+003,6.714707e-002
3.020028e+003,6.674752e-002
3.020510e+003,6.638165e-002
3.020992e+003,6.604830e-002
3.021475e+003,6.574577e-002
3.021957e+003,6.546994e-002
3.022439e+003,6.521714e-002
3.022921e+003,6.498461e-002
3.023403e+003,6.477185e-002
3.023885e+003,6.457926e-002
3.024367e+003,6.440745e-002
3.024850e+003,6.425637e-002
3.025332e+003,6.412450e-002
3.025814e+003,6.400808e-002
3.026296e+003,6.390417e-002
3.026778e+003,6.380980e-002
3.027260e+003,6.372468e-002
3.027742e+003,6.364849e-002
3.028224e+003,6.358206e-002
3.028707e+003,6.352478e-002
3.029189e+003,6.347495e-002
3.029671e+003,6.342986e-002
3.030153e+003,6.338654e-002
3.030635e+003,6.334288e-002
3.031117e+003,6.329827e-002
3.031599e+003,6.325374e-002
3.032081e+003,6.321057e-002
3.032563e+003,6.316939e-002
3.033046e+003,6.313039e-002
3.033528e+003,6.309183e-002
3.034010e+003,6.305387e-002
3.034492e+003,6.301632e-002
3.034974e+003,6.298140e-002
3.035456e+003,6.295173e-002
3.035938e+003,6.293061e-002
3.036420e+003,6.291866e-002
3.036903e+003,6.291661e-002
3.037385e+003,6.292290e-002
3.037867e+003,6.293658e-002
3.038349e+003,6.295598e-002
3.038831e+003,6.298117e-002
3.039313e+003,6.301165e-002
3.039795e+003,6.304637e-002
3.040278e+003,6.308320e-002
3.040760e+003,6.311953e-002
3.041242e+003,6.315279e-002
3.041724e+003,6.318172e-002
3.042206e+003,6.320707e-002
3.042688e+003,6.323136e-002
3.043170e+003,6.325703e-002
3.043652e+003,6.328568e-002
3.044135e+003,6.331612e-002
3.044617e+003,6.334573e-002
3.045099e+003,6.337047e-002
3.045581e+003,6.338898e-002
3.046063e+003,6.340198e-002
3.046545e+003,6.341445e-002
3.047027e+003,6.343254e-002
3.047509e+003,6.346313e-002
3.047991e+003,6.350781e-002
3.048474e+003,6.356587e-002
3.048956e+003,6.363145e-002
3.049438e+003,6.369750e-002
3.049920e+003,6.375783e-002
3.050402e+003,6.381044e-002
3.050884e+003,6.385490e-002
3.051366e+003,6.389511e-002
3.051848e+003,6.393567e-002
3.052331e+003,6.398004e-002
3.052813e+003,6.402975e-002
3.053295e+003,6.408552e-002
3.053777e+003,6.414640e-002
3.054259e+003,6.421144e-002
3.054741e+003,6.427810e-002
3.055223e+003,6.434371e-002
3.055706e+003,6.440435e-002
3.056188e+003,6.445576e-002
3.056670e+003,6.449366e-002
3.057152e+003,6.451681e-002
3.057634e+003,6.452655e-002
3.058116e+003,6.452876e-002
3.058598e+003,6.453169e-002
3.059080e+003,6.454378e-002
3.059563e+003,6.457131e-002
3.060045e+003,6.461650e-002
3.060527e+003,6.467800e-002
3.061009e+003,6.474930e-002
3.061491e+003,6.482329e-002
3.061973e+003,6.489360e-002
3.062455e+003,6.495367e-002
3.062937e+003,6.500046e-002
3.063419e+003,6.503296e-002
3.063902e+003,6.505215e-002
3.064384e+003,6.505962e-002
3.064866e+003,6.505845e-002
3.065348e+003,6.505139e-002
3.065830e+003,6.504126e-002
3.066312e+003,6.502843e-002
3.066794e+003,6.501253e-002
3.067276e+003,6.499030e-002
3.067759e+003,6.495856e-002
3.068241e+003,6.491423e-002
3.068723e+003,6.485622e-002
3.069205e+003,6.478613e-002
3.069687e+003,6.470917e-002
3.070169e+003,6.462963e-002
3.070651e+003,6.455339e-002
3.071134e+003,6.448343e-002
3.071615e+003,6.442081e-002
3.072098e+003,6.436415e-002
3.072580e+003,6.431250e-002
3.073062e+003,6.426436e-002
3.073544e+003,6.422058e-002
3.074026e+003,6.418193e-002
3.074508e+003,6.414935e-002
3.074990e+003,6.412198e-002
3.075473e+003,6.409773e-002
3.075955e+003,6.407420e-002
3.076437e+003,6.404863e-002
3.076919e+003,6.401931e-002
3.077401e+003,6.398795e-002
3.077883e+003,6.395454e-002
3.078365e+003,6.392197e-002
3.078847e+003,6.388960e-002
3.079330e+003,6.385733e-002
3.079812e+003,6.382333e-002
3.080294e+003,6.378709e-002
3.080776e+003,6.374910e-002
3.081258e+003,6.371272e-002
3.081740e+003,6.368071e-002
3.082222e+003,6.365587e-002
3.082704e+003,6.363701e-002
3.083187e+003,6.362200e-002
3.083669e+003,6.360483e-002
3.084151e+003,6.357975e-002
3.084633e+003,6.354187e-002
3.085115e+003,6.349008e-002
3.085597e+003,6.342463e-002
3.086079e+003,6.334877e-002
3.086562e+003,6.326605e-002
3.087043e+003,6.318039e-002
3.087526e+003,6.309427e-002
3.088008e+003,6.301062e-002
3.088490e+003,6.293101e-002
3.088972e+003,6.285685e-002
3.089454e+003,6.278866e-002
3.089936e+003,6.272539e-002
3.090418e+003,6.266437e-002
3.090901e+003,6.260365e-002
3.091383e+003,6.253980e-002
3.091865e+003,6.247346e-002
3.092347e+003,6.240655e-002
3.092829e+003,6.234426e-002
3.093311e+003,6.229128e-002
3.093793e+003,6.225127e-002
3.094275e+003,6.222478e-002
3.094758e+003,6.220934e-002
3.095240e+003,6.220035e-002
3.095722e+003,6.219392e-002
3.096204e+003,6.218674e-002
3.096686e+003,6.218084e-002
3.097168e+003,6.217805e-002
3.097650e+003,6.218075e-002
3.098132e+003,6.219031e-002
3.098615e+003,6.220525e-002
3.099097e+003,6.222032e-002
3.099579e+003,6.223182e-002
3.100061e+003,6.223537e-002
3.100543e+003,6.223063e-002
3.101025e+003,6.221889e-002
3.101507e+003,6.220339e-002
3.101990e+003,6.218657e-002
3.102471e+003,6.217019e-002
3.102954e+003,6.215476e-002
3.103436e+003,6.213933e-002
3.103918e+003,6.212508e-002
3.104400e+003,6.211501e-002
3.104882e+003,6.211206e-002
3.105364e+003,6.212148e-002
3.105846e+003,6.214514e-002
3.106329e+003,6.218324e-002
3.106811e+003,6.223267e-002
3.107293e+003,6.228794e-002
3.107775e+003,6.234408e-002
3.108257e+003,6.239711e-002
3.108739e+003,6.244487e-002
3.109221e+003,6.248800e-002
3.109703e+003,6.252899e-002
3.110186e+003,6.256956e-002
3.110668e+003,6.261315e-002
3.111150e+003,6.266119e-002
3.111632e+003,6.271528e-002
3.112114e+003,6.277717e-002
3.112596e+003,6.284492e-002
3.113078e+003,6.291764e-002
3.113560e+003,6.299116e-002
3.114042e+003,6.306167e-002
3.114525e+003,6.312571e-002
3.115007e+003,6.318285e-002
3.115489e+003,6.323437e-002
3.115971e+003,6.328572e-002
3.116453e+003,6.334182e-002
3.116935e+003,6.340746e-002
3.117417e+003,6.348374e-002
3.117900e+003,6.356987e-002
3.118382e+003,6.366190e-002
3.118864e+003,6.375581e-002
3.119346e+003,6.384843e-002
3.119828e+003,6.394000e-002
3.120310e+003,6.403052e-002
3.120792e+003,6.412216e-002
3.121274e+003,6.421556e-002
3.121757e+003,6.430986e-002
3.122239e+003,6.440246e-002
3.122721e+003,6.449205e-002
3.123203e+003,6.457743e-002
3.123685e+003,6.466121e-002
3.124167e+003,6.474622e-002
3.124649e+003,6.483635e-002
3.125131e+003,6.493390e-002
3.125614e+003,6.503963e-002
3.126096e+003,6.515083e-002
3.126578e+003,6.526468e-002
3.127060e+003,6.537846e-002
3.127542e+003,6.549022e-002
3.128024e+003,6.559929e-002
3.128506e+003,6.570591e-002
3.128988e+003,6.580961e-002
3.129470e+003,6.590965e-002
3.129953e+003,6.600614e-002
3.130435e+003,6.609862e-002
3.130917e+003,6.619017e-002
3.131399e+003,6.628434e-002
3.131881e+003,6.638542e-002
3.132363e+003,6.649601e-002
3.132845e+003,6.661765e-002
3.133328e+003,6.674730e-002
3.133810e+003,6.688136e-002
3.134292e+003,6.701643e-002
3.134774e+003,6.715026e-002
3.135256e+003,6.728490e-002
3.135738e+003,6.742232e-002
3.136220e+003,6.756537e-002
3.136702e+003,6.771380e-002
3.137185e+003,6.786504e-002
3.137667e+003,6.801295e-002
3.138149e+003,6.815216e-002
3.138631e+003,6.827798e-002
3.139113e+003,6.839169e-002
3.139595e+003,6.849714e-002
3.140077e+003,6.860219e-002
3.140559e+003,6.871339e-002
3.141042e+003,6.883515e-002
3.141524e+003,6.896736e-002
3.142006e+003,6.910782e-002
3.142488e+003,6.925119e-002
3.142970e+003,6.939427e-002
3.143452e+003,6.953413e-002
3.143934e+003,6.967129e-002
3.144417e+003,6.980731e-002
3.144898e+003,6.994566e-002
3.145381e+003,7.008769e-002
3.145863e+003,7.023627e-002
3.146345e+003,7.039169e-002
3.146827e+003,7.055530e-002
3.147309e+003,7.072698e-002
3.147791e+003,7.090533e-002
3.148273e+003,7.108902e-002
3.148756e+003,7.127466e-002
3.149238e+003,7.145961e-002
3.149720e+003,7.164055e-002
3.150202e+003,7.181596e-002
3.150684e+003,7.198585e-002
3.151166e+003,7.215028e-002
3.151648e+003,7.231113e-002
3.152130e+003,7.246855e-002
3.152613e+003,7.262403e-002
3.153095e+003,7.277770e-002
3.153577e+003,7.293131e-002
3.154059e+003,7.308675e-002
3.154541e+003,7.324599e-002
3.155023e+003,7.341038e-002
3.155505e+003,7.357980e-002
3.155987e+003,7.375181e-002
3.156469e+003,7.392222e-002
3.156952e+003,7.408699e-002
3.157434e+003,7.424606e-002
3.157916e+003,7.439901e-002
3.158398e+003,7.455090e-002
3.158880e+003,7.470628e-002
3.159362e+003,7.486837e-002
3.159844e+003,7.503803e-002
3.160326e+003,7.521197e-002
3.160809e+003,7.538530e-002
3.161291e+003,7.555471e-002
3.161773e+003,7.571878e-002
3.162255e+003,7.588002e-002
3.162737e+003,7.604199e-002
3.163219e+003,7.620879e-002
3.163701e+003,7.638174e-002
3.164184e+003,7.655833e-002
3.164666e+003,7.673441e-002
3.165148e+003,7.690613e-002
3.165630e+003,7.707150e-002
3.166112e+003,7.723414e-002
3.166594e+003,7.739929e-002
3.167076e+003,7.757394e-002
3.167558e+003,7.776164e-002
3.168041e+003,7.796277e-002
3.168523e+003,7.817208e-002
3.169005e+003,7.838239e-002
3.169487e+003,7.858586e-002
3.169969e+003,7.877820e-002
3.170451e+003,7.895850e-002
3.170933e+003,7.912907e-002
3.171415e+003,7.929336e-002
3.171897e+003,7.945493e-002
3.172380e+003,7.961501e-002
3.172862e+003,7.977537e-002
3.173344e+003,7.993668e-002
3.173826e+003,8.010050e-002
3.174308e+003,8.026875e-002
3.174790e+003,8.044373e-002
3.175272e+003,8.062561e-002
3.175754e+003,8.081256e-002
3.176237e+003,8.100114e-002
3.176719e+003,8.118793e-002
3.177201e+003,8.136985e-002
3.177683e+003,8.154673e-002
3.178165e+003,8.171953e-002
3.178647e+003,8.188995e-002
3.179129e+003,8.205954e-002
3.179612e+003,8.222795e-002
3.180094e+003,8.239309e-002
3.180576e+003,8.255325e-002
3.181058e+003,8.270720e-002
3.181540e+003,8.285674e-002
3.182022e+003,8.300542e-002
3.182504e+003,8.315708e-002
3.182986e+003,8.331373e-002
3.183469e+003,8.347727e-002
3.183951e+003,8.364502e-002
3.184433e+003,8.381496e-002
3.184915e+003,8.398372e-002
3.185397e+003,8.415145e-002
3.185879e+003,8.431742e-002
3.186361e+003,8.448303e-002
3.186843e+003,8.464857e-002
3.187325e+003,8.481430e-002
3.187808e+003,8.497863e-002
3.188290e+003,8.514145e-002
3.188772e+003,8.530310e-002
3.189254e+003,8.546592e-002
3.189736e+003,8.563173e-002
3.190218e+003,8.580178e-002
3.190700e+003,8.597367e-002
3.191182e+003,8.614431e-002
3.191665e+003,8.630744e-002
3.192147e+003,8.645985e-002
3.192629e+003,8.660104e-002
3.193111e+003,8.673439e-002
3.193593e+003,8.686657e-002
3.194075e+003,8.700386e-002
3.194557e+003,8.715076e-002
3.195040e+003,8.730754e-002
3.195521e+003,8.747069e-002
3.196004e+003,8.763468e-002
3.196486e+003,8.779503e-002
3.196968e+003,8.794956e-002
3.197450e+003,8.809884e-002
3.197932e+003,8.824524e-002
3.198414e+003,8.839135e-002
3.198896e+003,8.853639e-002
3.199379e+003,8.867956e-002
3.199861e+003,8.881803e-002
3.200343e+003,8.895011e-002
3.200825e+003,8.907725e-002
3.201307e+003,8.920151e-002
3.201789e+003,8.932648e-002
3.202271e+003,8.945569e-002
3.202753e+003,8.958980e-002
3.203236e+003,8.972792e-002
3.203718e+003,8.986779e-002
3.204200e+003,9.000804e-002
3.204682e+003,9.014825e-002
3.205164e+003,9.029019e-002
3.205646e+003,9.043468e-002
3.206128e+003,9.058206e-002
3.206610e+003,9.073129e-002
3.207093e+003,9.087968e-002
3.207575e+003,9.102404e-002
3.208057e+003,9.116345e-002
3.208539e+003,9.129827e-002
3.209021e+003,9.143107e-002
3.209503e+003,9.156370e-002
3.209985e+003,9.169707e-002
3.210468e+003,9.183082e-002
3.210949e+003,9.196326e-002
3.211432e+003,9.209403e-002
3.211914e+003,9.222358e-002
3.212396e+003,9.235593e-002
3.212878e+003,9.249502e-002
3.213360e+003,9.264350e-002
3.213842e+003,9.280068e-002
3.214324e+003,9.296212e-002
3.214807e+003,9.312067e-002
3.215289e+003,9.327050e-002
3.215771e+003,9.340854e-002
3.216253e+003,9.353683e-002
3.216735e+003,9.366071e-002
3.217217e+003,9.378682e-002
3.217699e+003,9.392002e-002
3.218181e+003,9.406079e-002
3.218664e+003,9.420655e-002
3.219146e+003,9.435301e-002
3.219628e+003,9.449647e-002
3.220110e+003,9.463699e-002
3.220592e+003,9.477698e-002
3.221074e+003,9.492058e-002
3.221556e+003,9.507097e-002
3.222038e+003,9.522872e-002
3.222521e+003,9.539076e-002
3.223003e+003,9.555388e-002
3.223485e+003,9.571525e-002
3.223967e+003,9.587449e-002
3.224449e+003,9.603233e-002
3.224931e+003,9.619305e-002
3.225413e+003,9.635854e-002
3.225896e+003,9.653004e-002
3.226377e+003,9.670676e-002
3.226860e+003,9.688847e-002
3.227342e+003,9.707473e-002
3.227824e+003,9.726793e-002
3.228306e+003,9.746971e-002
3.228788e+003,9.768177e-002
3.229270e+003,9.790216e-002
3.229752e+003,9.812623e-002
3.230235e+003,9.834739e-002
3.230717e+003,9.856015e-002
3.231199e+003,9.876116e-002
3.231681e+003,9.895386e-002
3.232163e+003,9.914354e-002
3.232645e+003,9.933777e-002
3.233127e+003,9.954223e-002
3.233609e+003,9.975801e-002
3.234092e+003,9.998239e-002
3.234574e+003,1.002102e-001
3.235056e+003,1.004377e-001
3.235538e+003,1.006626e-001
3.236020e+003,1.008864e-001
3.236502e+003,1.011123e-001
3.236984e+003,1.013430e-001
3.237466e+003,1.015803e-001
3.237948e+003,1.018239e-001
3.238431e+003,1.020734e-001
3.238913e+003,1.023290e-001
3.239395e+003,1.025931e-001
3.239877e+003,1.028685e-001
3.240359e+003,1.031571e-001
3.240841e+003,1.034587e-001
3.241323e+003,1.037690e-001
3.241806e+003,1.040824e-001
3.242288e+003,1.043939e-001
3.242770e+003,1.047001e-001
3.243252e+003,1.050041e-001
3.243734e+003,1.053097e-001
3.244216e+003,1.056229e-001
3.244698e+003,1.059473e-001
3.245180e+003,1.062828e-001
3.245663e+003,1.066254e-001
3.246145e+003,1.069709e-001
3.246627e+003,1.073155e-001
3.247109e+003,1.076595e-001
3.247591e+003,1.080042e-001
3.248073e+003,1.083520e-001
3.248555e+003,1.087025e-001
3.249037e+003,1.090529e-001
3.249520e+003,1.093979e-001
3.250002e+003,1.097342e-001
3.250484e+003,1.100621e-001
3.250966e+003,1.103865e-001
3.251448e+003,1.107163e-001
3.251930e+003,1.110610e-001
3.252412e+003,1.114260e-001
3.252894e+003,1.118104e-001
3.253376e+003,1.122077e-001
3.253859e+003,1.126078e-001
3.254341e+003,1.130020e-001
3.254823e+003,1.133862e-001
3.255305e+003,1.137609e-001
3.255787e+003,1.141304e-001
3.256269e+003,1.145000e-001
3.256751e+003,1.148725e-001
3.257234e+003,1.152482e-001
3.257716e+003,1.156244e-001
3.258198e+003,1.159991e-001
3.258680e+003,1.163720e-001
3.259162e+003,1.167442e-001
3.259644e+003,1.171185e-001
3.260126e+003,1.174953e-001
3.260608e+003,1.178736e-001
3.261091e+003,1.182500e-001
3.261573e+003,1.186205e-001
3.262055e+003,1.189835e-001
3.262537e+003,1.193411e-001
3.263019e+003,1.196977e-001
3.263501e+003,1.200590e-001
3.263983e+003,1.204292e-001
3.264465e+003,1.208093e-001
3.264948e+003,1.211965e-001
3.265430e+003,1.215874e-001
3.265912e+003,1.219784e-001
3.266394e+003,1.223691e-001
3.266876e+003,1.227599e-001
3.267358e+003,1.231520e-001
3.267840e+003,1.235425e-001
3.268323e+003,1.239268e-001
3.268804e+003,1.242975e-001
3.269287e+003,1.246477e-001
3.269769e+003,1.249754e-001
3.270251e+003,1.252839e-001
3.270733e+003,1.255805e-001
3.271215e+003,1.258742e-001
3.271697e+003,1.261724e-001
3.272179e+003,1.264765e-001
3.272662e+003,1.267836e-001
3.273144e+003,1.270869e-001
3.273626e+003,1.273785e-001
3.274108e+003,1.276556e-001
3.274590e+003,1.279166e-001
3.275072e+003,1.281646e-001
3.275554e+003,1.284016e-001
3.276036e+003,1.286302e-001
3.276519e+003,1.288507e-001
3.277001e+003,1.290645e-001
3.277483e+003,1.292723e-001
3.277965e+003,1.294782e-001
3.278447e+003,1.296851e-001
3.278929e+003,1.298952e-001
3.279411e+003,1.301063e-001
3.279893e+003,1.303132e-001
3.280375e+003,1.305082e-001
3.280858e+003,1.306852e-001
3.281340e+003,1.308410e-001
3.281822e+003,1.309786e-001
3.282304e+003,1.311030e-001
3.282786e+003,1.312207e-001
3.283268e+003,1.313354e-001
3.283750e+003,1.314470e-001
3.284232e+003,1.315524e-001
3.284715e+003,1.316499e-001
3.285197e+003,1.317400e-001
3.285679e+003,1.318271e-001
3.286161e+003,1.319174e-001
3.286643e+003,1.320168e-001
3.287125e+003,1.321247e-001
3.287607e+003,1.322356e-001
3.288090e+003,1.323392e-001
3.288572e+003,1.324241e-001
3.289054e+003,1.324833e-001
3.289536e+003,1.325168e-001
3.290018e+003,1.325295e-001
3.290500e+003,1.325300e-001
3.290982e+003,1.325239e-001
3.291464e+003,1.325140e-001
3.291947e+003,1.324971e-001
3.292429e+003,1.324698e-001
3.292911e+003,1.324278e-001
3.293393e+003,1.323729e-001
3.293875e+003,1.323090e-001
3.294357e+003,1.322412e-001
3.294839e+003,1.321722e-001
3.295321e+003,1.321009e-001
3.295803e+003,1.320222e-001
3.296286e+003,1.319301e-001
3.296768e+003,1.318211e-001
3.297250e+003,1.316960e-001
3.297732e+003,1.315604e-001
3.298214e+003,1.314211e-001
3.298696e+003,1.312834e-001
3.299178e+003,1.311484e-001
3.299660e+003,1.310134e-001
3.300143e+003,1.308737e-001
3.300625e+003,1.307274e-001
3.301107e+003,1.305766e-001
3.301589e+003,1.304255e-001
3.302071e+003,1.302806e-001
3.302553e+003,1.301447e-001
3.303035e+003,1.300161e-001
3.303518e+003,1.298874e-001
3.304000e+003,1.297497e-001
3.304482e+003,1.295944e-001
3.304964e+003,1.294187e-001
3.305446e+003,1.292243e-001
3.305928e+003,1.290171e-001
3.306410e+003,1.288024e-001
3.306892e+003,1.285853e-001
3.307375e+003,1.283668e-001
3.307857e+003,1.281466e-001
3.308339e+003,1.279248e-001
3.308821e+003,1.277034e-001
3.309303e+003,1.274832e-001
3.309785e+003,1.272676e-001
3.310267e+003,1.270558e-001
3.310749e+003,1.268450e-001
3.311231e+003,1.266280e-001
3.311714e+003,1.263996e-001
3.312196e+003,1.261562e-001
3.312678e+003,1.259006e-001
3.313160e+003,1.256366e-001
3.313642e+003,1.253729e-001
3.314124e+003,1.251137e-001
3.314606e+003,1.248612e-001
3.315088e+003,1.246128e-001
3.315571e+003,1.243647e-001
3.316053e+003,1.241129e-001
3.316535e+003,1.238580e-001
3.317017e+003,1.236010e-001
3.317499e+003,1.233469e-001
3.317981e+003,1.230973e-001
3.318463e+003,1.228527e-001
3.318946e+003,1.226108e-001
3.319427e+003,1.223691e-001
3.319910e+003,1.221243e-001
3.320392e+003,1.218789e-001
3.320874e+003,1.216354e-001
3.321356e+003,1.213975e-001
3.321838e+003,1.211669e-001
3.322320e+003,1.209429e-001
3.322802e+003,1.207229e-001
3.323285e+003,1.205039e-001
3.323767e+003,1.202854e-001
3.324249e+003,1.200700e-001
3.324731e+003,1.198619e-001
3.325213e+003,1.196636e-001
3.325695e+003,1.194748e-001
3.326177e+003,1.192905e-001
3.326659e+003,1.191017e-001
3.327142e+003,1.189002e-001
3.327624e+003,1.186814e-001
3.328106e+003,1.184472e-001
3.328588e+003,1.182044e-001
3.329070e+003,1.179639e-001
3.329552e+003,1.177338e-001
3.330034e+003,1.175183e-001
3.330516e+003,1.173165e-001
3.330999e+003,1.171226e-001
3.331481e+003,1.169319e-001
3.331963e+003,1.167413e-001
3.332445e+003,1.165498e-001
3.332927e+003,1.163585e-001
3.333409e+003,1.161685e-001
3.333891e+003,1.159797e-001
3.334374e+003,1.157897e-001
3.334855e+003,1.155952e-001
3.335338e+003,1.153951e-001
3.335820e+003,1.151917e-001
3.336302e+003,1.149884e-001
3.336784e+003,1.147912e-001
3.337266e+003,1.146033e-001
3.337748e+003,1.144241e-001
3.338230e+003,1.142494e-001
3.338713e+003,1.140743e-001
3.339195e+003,1.138935e-001
3.339677e+003,1.137066e-001
3.340159e+003,1.135149e-001
3.340641e+003,1.133229e-001
3.341123e+003,1.131345e-001
3.341605e+003,1.129508e-001
3.342087e+003,1.127699e-001
3.342570e+003,1.125891e-001
3.343052e+003,1.124056e-001
3.343534e+003,1.122182e-001
3.344016e+003,1.120279e-001
3.344498e+003,1.118380e-001
3.344980e+003,1.116504e-001
3.345462e+003,1.114662e-001
3.345944e+003,1.112834e-001
3.346427e+003,1.111008e-001
3.346909e+003,1.109161e-001
3.347391e+003,1.107306e-001
3.347873e+003,1.105460e-001
3.348355e+003,1.103649e-001
3.348837e+003,1.101874e-001
3.349319e+003,1.100137e-001
3.349802e+003,1.098405e-001
3.350283e+003,1.096655e-001
3.350766e+003,1.094880e-001
3.351248e+003,1.093100e-001
3.351730e+003,1.091352e-001
3.352212e+003,1.089672e-001
3.352694e+003,1.088079e-001
3.353176e+003,1.086555e-001
3.353658e+003,1.085061e-001
3.354141e+003,1.083543e-001
3.354623e+003,1.081968e-001
3.355105e+003,1.080328e-001
3.355587e+003,1.078636e-001
3.356069e+003,1.076927e-001
3.356551e+003,1.075222e-001
3.357033e+003,1.073525e-001
3.357515e+003,1.071826e-001
3.357998e+003,1.070107e-001
3.358480e+003,1.068365e-001
3.358962e+003,1.066618e-001
3.359444e+003,1.064905e-001
3.359926e+003,1.063250e-001
3.360408e+003,1.061659e-001
3.360890e+003,1.060111e-001
3.361372e+003,1.058548e-001
3.361854e+003,1.056919e-001
3.362337e+003,1.055188e-001
3.362819e+003,1.053367e-001
3.363301e+003,1.051484e-001
3.363783e+003,1.049605e-001
3.364265e+003,1.047773e-001
3.364747e+003,1.046020e-001
3.365229e+003,1.044340e-001
3.365712e+003,1.042719e-001
3.366194e+003,1.041126e-001
3.366676e+003,1.039560e-001
3.367158e+003,1.038009e-001
3.367640e+003,1.036466e-001
3.368122e+003,1.034923e-001
3.368604e+003,1.033351e-001
3.369086e+003,1.031715e-001
3.369569e+003,1.029996e-001
3.370051e+003,1.028194e-001
3.370533e+003,1.026342e-001
3.371015e+003,1.024485e-001
3.371497e+003,1.022663e-001
3.371979e+003,1.020903e-001
3.372461e+003,1.019204e-001
3.372943e+003,1.017544e-001
3.373426e+003,1.015913e-001
3.373908e+003,1.014302e-001
3.374390e+003,1.012723e-001
3.374872e+003,1.011194e-001
3.375354e+003,1.009721e-001
3.375836e+003,1.008281e-001
3.376318e+003,1.006833e-001
3.376800e+003,1.005320e-001
3.377282e+003,1.003716e-001
3.377765e+003,1.002026e-001
3.378247e+003,1.000291e-001
3.378729e+003,9.985762e-002
3.379211e+003,9.969341e-002
3.379693e+003,9.953842e-002
3.380175e+003,9.939022e-002
3.380657e+003,9.924319e-002
3.381140e+003,9.909242e-002
3.381622e+003,9.893502e-002
3.382104e+003,9.877293e-002
3.382586e+003,9.861128e-002
3.383068e+003,9.845547e-002
3.383550e+003,9.830925e-002
3.384032e+003,9.817245e-002
3.384514e+003,9.804316e-002
3.384997e+003,9.791783e-002
3.385479e+003,9.779449e-002
3.385961e+003,9.767450e-002
3.386443e+003,9.755915e-002
3.386925e+003,9.744987e-002
3.387407e+003,9.734467e-002
3.387889e+003,9.723859e-002
3.388371e+003,9.712469e-002
3.388854e+003,9.699807e-002
3.389336e+003,9.685905e-002
3.389818e+003,9.671306e-002
3.390300e+003,9.656883e-002
3.390782e+003,9.643645e-002
3.391264e+003,9.632131e-002
3.391746e+003,9.622211e-002
3.392229e+003,9.613141e-002
3.392710e+003,9.604080e-002
3.393193e+003,9.594152e-002
3.393675e+003,9.583204e-002
3.394157e+003,9.571520e-002
3.394639e+003,9.559810e-002
3.395121e+003,9.548552e-002
3.395603e+003,9.538025e-002
3.396085e+003,9.528060e-002
3.396568e+003,9.518068e-002
3.397050e+003,9.507486e-002
3.397532e+003,9.496072e-002
3.398014e+003,9.483996e-002
3.398496e+003,9.471618e-002
3.398978e+003,9.459428e-002
3.399460e+003,9.447763e-002
3.399942e+003,9.436651e-002
3.400425e+003,9.425906e-002
3.400907e+003,9.415305e-002
3.401389e+003,9.404700e-002
3.401871e+003,9.394044e-002
3.402353e+003,9.383254e-002
3.402835e+003,9.372547e-002
3.403317e+003,9.361777e-002
3.403799e+003,9.350847e-002
3.404281e+003,9.339747e-002
3.404764e+003,9.328524e-002
3.405246e+003,9.317467e-002
3.405728e+003,9.306841e-002
3.406210e+003,9.296933e-002
3.406692e+003,9.287767e-002
3.407174e+003,9.279202e-002
3.407656e+003,9.270862e-002
3.408138e+003,9.262617e-002
3.408621e+003,9.254453e-002
3.409103e+003,9.246538e-002
3.409585e+003,9.239188e-002
3.410067e+003,9.232581e-002
3.410549e+003,9.226561e-002
3.411031e+003,9.220601e-002
3.411513e+003,9.213988e-002
3.411996e+003,9.206101e-002
3.412478e+003,9.196693e-002
3.412960e+003,9.185948e-002
3.413442e+003,9.174504e-002
3.413924e+003,9.162959e-002
3.414406e+003,9.151836e-002
3.414888e+003,9.141261e-002
3.415370e+003,9.131069e-002
3.415853e+003,9.121104e-002
3.416335e+003,9.111138e-002
3.416817e+003,9.101446e-002
3.417299e+003,9.092231e-002
3.417781e+003,9.083918e-002
3.418263e+003,9.076603e-002
3.418745e+003,9.070068e-002
3.419227e+003,9.063893e-002
3.419709e+003,9.057546e-002
3.420192e+003,9.050632e-002
3.420674e+003,9.043115e-002
3.421156e+003,9.035030e-002
3.421638e+003,9.026472e-002
3.422120e+003,9.017407e-002
3.422602e+003,9.007531e-002
3.423084e+003,8.996534e-002
3.423566e+003,8.984327e-002
3.424049e+003,8.971130e-002
3.424531e+003,8.957667e-002
3.425013e+003,8.944657e-002
3.425495e+003,8.932865e-002
3.425977e+003,8.922537e-002
3.426459e+003,8.913474e-002
3.426941e+003,8.905169e-002
3.427424e+003,8.897053e-002
3.427906e+003,8.888721e-002
3.428388e+003,8.880336e-002
3.428870e+003,8.872130e-002
3.429352e+003,8.864465e-002
3.429834e+003,8.857305e-002
3.430316e+003,8.850457e-002
3.430798e+003,8.843256e-002
3.431281e+003,8.835366e-002
3.431763e+003,8.826606e-002
3.432245e+003,8.817337e-002
3.432727e+003,8.808064e-002
3.433209e+003,8.799213e-002
3.433691e+003,8.790890e-002
3.434173e+003,8.782675e-002
3.434655e+003,8.773889e-002
3.435137e+003,8.763967e-002
3.435620e+003,8.752704e-002
3.436102e+003,8.740652e-002
3.436584e+003,8.728599e-002
3.437066e+003,8.717507e-002
3.437548e+003,8.707874e-002
3.438030e+003,8.699690e-002
3.438512e+003,8.692383e-002
3.438994e+003,8.685318e-002
3.439477e+003,8.678020e-002
3.439959e+003,8.670587e-002
3.440441e+003,8.663347e-002
3.440923e+003,8.656780e-002
3.441405e+003,8.651082e-002
3.441887e+003,8.645900e-002
3.442369e+003,8.640574e-002
3.442852e+003,8.634243e-002
3.443333e+003,8.626374e-002
3.443816e+003,8.617198e-002
3.444298e+003,8.607272e-002
3.444780e+003,8.597463e-002
3.445262e+003,8.588365e-002
3.445744e+003,8.580112e-002
3.446226e+003,8.572327e-002
3.446708e+003,8.564433e-002
3.447191e+003,8.555786e-002
3.447673e+003,8.546545e-002
3.448155e+003,8.536950e-002
3.448637e+003,8.527620e-002
3.449119e+003,8.518747e-002
3.449601e+003,8.510235e-002
3.450083e+003,8.501539e-002
3.450565e+003,8.491945e-002
3.451048e+003,8.481104e-002
3.451530e+003,8.469087e-002
3.452012e+003,8.456545e-002
3.452494e+003,8.444329e-002
3.452976e+003,8.433151e-002
3.453458e+003,8.423325e-002
3.453940e+003,8.414539e-002
3.454422e+003,8.406283e-002
3.454905e+003,8.397903e-002
3.455387e+003,8.389243e-002
3.455869e+003,8.380242e-002
3.456351e+003,8.371289e-002
3.456833e+003,8.362646e-002
3.457315e+003,8.354451e-002
3.457797e+003,8.346593e-002
3.458280e+003,8.338805e-002
3.458761e+003,8.331028e-002
3.459244e+003,8.323514e-002
3.459726e+003,8.316508e-002
3.460208e+003,8.310336e-002
3.460690e+003,8.304865e-002
3.461172e+003,8.299538e-002
3.461654e+003,8.293445e-002
3.462136e+003,8.285619e-002
3.462619e+003,8.275548e-002
3.463101e+003,8.263508e-002
3.463583e+003,8.250280e-002
3.464065e+003,8.237001e-002
3.464547e+003,8.224542e-002
3.465029e+003,8.213283e-002
3.465511e+003,8.202881e-002
3.465993e+003,8.192769e-002
3.466476e+003,8.182121e-002
3.466958e+003,8.170754e-002
3.467440e+003,8.158658e-002
3.467922e+003,8.146388e-002
3.468404e+003,8.134335e-002
3.468886e+003,8.122826e-002
3.469368e+003,8.111604e-002
3.469850e+003,8.100296e-002
3.470333e+003,8.088390e-002
3.470815e+003,8.075693e-002
3.471297e+003,8.062279e-002
3.471779e+003,8.048424e-002
3.472261e+003,8.034555e-002
3.472743e+003,8.020805e-002
3.473225e+003,8.007196e-002
3.473708e+003,7.993478e-002
3.474189e+003,7.979488e-002
3.474672e+003,7.965241e-002
3.475154e+003,7.950930e-002
3.475636e+003,7.937006e-002
3.476118e+003,7.923590e-002
3.476600e+003,7.910886e-002
3.477082e+003,7.898700e-002
3.477564e+003,7.886744e-002
3.478047e+003,7.874749e-002
3.478529e+003,7.862497e-002
3.479011e+003,7.849720e-002
3.479493e+003,7.836320e-002
3.479975e+003,7.822057e-002
3.480457e+003,7.806613e-002
3.480939e+003,7.789770e-002
3.481421e+003,7.771599e-002
3.481904e+003,7.752454e-002
3.482386e+003,7.733186e-002
3.482868e+003,7.714484e-002
3.483350e+003,7.696946e-002
3.483832e+003,7.680656e-002
3.484314e+003,7.665237e-002
3.484796e+003,7.650156e-002
3.485278e+003,7.634927e-002
3.485760e+003,7.619353e-002
3.486243e+003,7.603621e-002
3.486725e+003,7.588115e-002
3.487207e+003,7.573155e-002
3.487689e+003,7.558700e-002
3.488171e+003,7.544426e-002
3.488653e+003,7.529663e-002
3.489135e+003,7.514168e-002
3.489618e+003,7.497846e-002
3.490100e+003,7.481264e-002
3.490582e+003,7.465153e-002
3.491064e+003,7.449988e-002
3.491546e+003,7.435913e-002
3.492028e+003,7.422479e-002
3.492510e+003,7.408825e-002
3.492992e+003,7.394194e-002
3.493475e+003,7.378286e-002
3.493957e+003,7.361294e-002
3.494439e+003,7.343947e-002
3.494921e+003,7.326961e-002
3.495403e+003,7.310773e-002
3.495885e+003,7.295240e-002
3.496367e+003,7.279667e-002
3.496849e+003,7.263362e-002
3.497332e+003,7.245900e-002
3.497814e+003,7.227512e-002
3.498296e+003,7.208914e-002
3.498778e+003,7.191018e-002
3.499260e+003,7.174553e-002
3.499742e+003,7.159702e-002
3.500224e+003,7.146198e-002
3.500706e+003,7.133324e-002
3.501188e+003,7.120544e-002
3.501671e+003,7.107445e-002
3.502153e+003,7.094052e-002
3.502635e+003,7.080584e-002
3.503117e+003,7.067003e-002
3.503599e+003,7.053141e-002
3.504081e+003,7.038448e-002
3.504563e+003,7.022452e-002
3.505046e+003,7.005042e-002
3.505528e+003,6.986620e-002
3.506010e+003,6.967879e-002
3.506492e+003,6.949694e-002
3.506974e+003,6.932735e-002
3.507456e+003,6.917258e-002
3.507938e+003,6.903005e-002
3.508420e+003,6.889407e-002
3.508903e+003,6.875867e-002
3.509385e+003,6.861936e-002
3.509867e+003,6.847271e-002
3.510349e+003,6.832055e-002
3.510831e+003,6.816231e-002
3.511313e+003,6.799734e-002
3.511795e+003,6.782212e-002
3.512277e+003,6.763482e-002
3.512760e+003,6.743594e-002
3.513242e+003,6.722901e-002
3.513724e+003,6.702022e-002
3.514206e+003,6.681591e-002
3.514688e+003,6.662118e-002
3.515170e+003,6.643541e-002
3.515652e+003,6.625729e-002
3.516135e+003,6.608120e-002
3.516616e+003,6.590473e-002
3.517099e+003,6.572700e-002
3.517581e+003,6.554876e-002
3.518063e+003,6.537342e-002
3.518545e+003,6.520351e-002
3.519027e+003,6.503917e-002
3.519509e+003,6.488006e-002
3.519991e+003,6.472564e-002
3.520474e+003,6.457596e-002
3.520956e+003,6.443341e-002
3.521438e+003,6.429972e-002
3.521920e+003,6.417479e-002
3.522402e+003,6.405432e-002
3.522884e+003,6.393152e-002
3.523366e+003,6.379749e-002
3.523848e+003,6.364834e-002
3.524331e+003,6.348371e-002
3.524813e+003,6.331041e-002
3.525295e+003,6.313622e-002
3.525777e+003,6.296700e-002
3.526259e+003,6.280275e-002
3.526741e+003,6.263676e-002
3.527223e+003,6.245906e-002
3.527705e+003,6.226246e-002
3.528188e+003,6.204525e-002
3.528670e+003,6.181548e-002
3.529152e+003,6.158472e-002
3.529634e+003,6.136645e-002
3.530116e+003,6.116605e-002
3.530598e+003,6.098389e-002
3.531080e+003,6.081156e-002
3.531563e+003,6.064103e-002
3.532044e+003,6.046377e-002
3.532527e+003,6.027771e-002
3.533009e+003,6.008336e-002
3.533491e+003,5.988568e-002
3.533973e+003,5.968616e-002
3.534455e+003,5.948477e-002
3.534937e+003,5.928019e-002
3.535419e+003,5.906951e-002
3.535902e+003,5.885428e-002
3.536384e+003,5.863964e-002
3.536866e+003,5.843360e-002
3.537348e+003,5.824276e-002
3.537830e+003,5.806869e-002
3.538312e+003,5.790689e-002
3.538794e+003,5.774701e-002
3.539276e+003,5.757821e-002
3.539759e+003,5.739173e-002
3.540241e+003,5.718587e-002
3.540723e+003,5.696427e-002
3.541205e+003,5.673753e-002
3.541687e+003,5.651527e-002
3.542169e+003,5.630795e-002
3.542651e+003,5.612106e-002
3.543133e+003,5.595592e-002
3.543615e+003,5.581060e-002
3.544098e+003,5.568025e-002
3.544580e+003,5.555668e-002
3.545062e+003,5.542980e-002
3.545544e+003,5.528852e-002
3.546026e+003,5.512262e-002
3.546508e+003,5.492613e-002
3.546990e+003,5.470221e-002
3.547472e+003,5.445963e-002
3.547955e+003,5.421409e-002
3.548437e+003,5.397924e-002
3.548919e+003,5.376520e-002
3.549401e+003,5.357682e-002
3.549883e+003,5.341068e-002
3.550365e+003,5.325890e-002
3.550847e+003,5.311207e-002
3.551330e+003,5.296035e-002
3.551812e+003,5.279947e-002
3.552294e+003,5.262845e-002
3.552776e+003,5.244962e-002
3.553258e+003,5.226575e-002
3.553740e+003,5.207663e-002
3.554222e+003,5.188066e-002
3.554704e+003,5.167454e-002
3.555187e+003,5.145708e-002
3.555669e+003,5.123045e-002
3.556151e+003,5.099685e-002
3.556633e+003,5.075982e-002
3.557115e+003,5.052043e-002
3.557597e+003,5.027872e-002
3.558079e+003,5.003124e-002
3.558561e+003,4.977585e-002
3.559043e+003,4.951286e-002
3.559526e+003,4.924704e-002
3.560008e+003,4.898583e-002
3.560490e+003,4.873762e-002
3.560972e+003,4.851019e-002
3.561454e+003,4.830624e-002
3.561936e+003,4.812746e-002
3.562418e+003,4.797374e-002
3.562900e+003,4.784605e-002
3.563383e+003,4.774597e-002
3.563865e+003,4.767693e-002
3.564347e+003,4.763990e-002
3.564829e+003,4.762929e-002
3.565311e+003,4.763232e-002
3.565793e+003,4.762450e-002
3.566275e+003,4.757538e-002
3.566758e+003,4.746068e-002
3.567240e+003,4.727540e-002
3.567722e+003,4.703294e-002
3.568204e+003,4.675803e-002
3.568686e+003,4.647117e-002
3.569168e+003,4.618379e-002
3.569650e+003,4.589968e-002
3.570132e+003,4.561968e-002
3.570615e+003,4.534538e-002
3.571097e+003,4.508082e-002
3.571579e+003,4.482900e-002
3.572061e+003,4.459447e-002
3.572543e+003,4.437574e-002
3.573025e+003,4.416928e-002
3.573507e+003,4.396755e-002
3.573989e+003,4.376310e-002
3.574471e+003,4.355095e-002
3.574954e+003,4.333026e-002
3.575436e+003,4.310319e-002
3.575918e+003,4.287379e-002
3.576400e+003,4.264545e-002
3.576882e+003,4.241904e-002
3.577364e+003,4.219455e-002
3.577846e+003,4.197185e-002
3.578328e+003,4.175157e-002
3.578811e+003,4.153722e-002
3.579293e+003,4.133198e-002
3.579775e+003,4.113706e-002
3.580257e+003,4.095223e-002
3.580739e+003,4.077382e-002
3.581221e+003,4.060001e-002
3.581703e+003,4.042934e-002
3.582186e+003,4.026535e-002
3.582667e+003,4.011289e-002
3.583150e+003,3.997881e-002
3.583632e+003,3.986711e-002
3.584114e+003,3.978037e-002
3.584596e+003,3.971688e-002
3.585078e+003,3.967348e-002
3.585560e+003,3.964505e-002
3.586042e+003,3.962430e-002
3.586525e+003,3.960037e-002
3.587007e+003,3.955535e-002
3.587489e+003,3.947056e-002
3.587971e+003,3.933138e-002
3.588453e+003,3.913695e-002
3.588935e+003,3.889835e-002
3.589417e+003,3.863436e-002
3.589899e+003,3.836558e-002
3.590382e+003,3.811081e-002
3.590864e+003,3.788259e-002
3.591346e+003,3.768761e-002
3.591828e+003,3.752431e-002
3.592310e+003,3.738352e-002
3.592792e+003,3.725198e-002
3.593274e+003,3.711700e-002
3.593756e+003,3.697127e-002
3.594239e+003,3.681539e-002
3.594721e+003,3.665583e-002
3.595203e+003,3.650014e-002
3.595685e+003,3.634991e-002
3.596167e+003,3.620283e-002
3.596649e+003,3.605267e-002
3.597131e+003,3.589761e-002
3.597614e+003,3.573947e-002
3.598095e+003,3.558790e-002
3.598578e+003,3.545398e-002
3.599060e+003,3.534686e-002
3.599542e+003,3.526609e-002
3.600024e+003,3.520090e-002
3.600506e+003,3.513192e-002
3.600988e+003,3.503925e-002
3.601470e+003,3.491019e-002
3.601953e+003,3.474293e-002
3.602435e+003,3.454414e-002
3.602917e+003,3.432788e-002
3.603399e+003,3.410451e-002
3.603881e+003,3.388466e-002
3.604363e+003,3.367527e-002
3.604845e+003,3.348342e-002
3.605327e+003,3.331680e-002
3.605810e+003,3.318519e-002
3.606292e+003,3.309394e-002
3.606774e+003,3.304137e-002
3.607256e+003,3.300891e-002
3.607738e+003,3.296510e-002
3.608220e+003,3.287452e-002
3.608702e+003,3.271603e-002
3.609184e+003,3.249244e-002
3.609667e+003,3.222976e-002
3.610149e+003,3.196521e-002
3.610631e+003,3.173568e-002
3.611113e+003,3.156886e-002
3.611595e+003,3.147760e-002
3.612077e+003,3.145567e-002
3.612559e+003,3.147831e-002
3.613042e+003,3.150719e-002
3.613524e+003,3.150614e-002
3.614006e+003,3.145170e-002
3.614488e+003,3.134239e-002
3.614970e+003,3.118956e-002
3.615452e+003,3.101116e-002
3.615934e+003,3.082419e-002
3.616416e+003,3.064036e-002
3.616898e+003,3.046860e-002
3.617381e+003,3.031454e-002
3.617863e+003,3.017646e-002
3.618345e+003,3.004739e-002
3.618827e+003,2.990963e-002
3.619309e+003,2.974373e-002
3.619791e+003,2.953307e-002
3.620273e+003,2.927277e-002
3.620755e+003,2.897003e-002
3.621238e+003,2.863954e-002
3.621720e+003,2.829693e-002
3.622202e+003,2.795773e-002
3.622684e+003,2.763219e-002
3.623166e+003,2.732899e-002
3.623648e+003,2.705300e-002
3.624130e+003,2.680716e-002
3.624612e+003,2.659281e-002
3.625094e+003,2.641006e-002
3.625577e+003,2.625709e-002
3.626059e+003,2.613451e-002
3.626541e+003,2.604270e-002
3.627023e+003,2.598556e-002
3.627505e+003,2.596604e-002
3.627987e+003,2.597866e-002
3.628469e+003,2.600240e-002
3.628952e+003,2.600243e-002
3.629434e+003,2.595001e-002
3.629916e+003,2.584073e-002
3.630398e+003,2.568766e-002
3.630880e+003,2.551059e-002
3.631362e+003,2.532653e-002
3.631844e+003,2.514929e-002
3.632326e+003,2.498925e-002
3.632809e+003,2.485439e-002
3.633291e+003,2.474212e-002
3.633773e+003,2.464500e-002
3.634255e+003,2.454761e-002
3.634737e+003,2.443686e-002
3.635219e+003,2.430530e-002
3.635701e+003,2.415415e-002
3.636183e+003,2.399123e-002
3.636666e+003,2.382779e-002
3.637148e+003,2.367141e-002
3.637630e+003,2.352285e-002
3.638112e+003,2.337682e-002
3.638594e+003,2.322355e-002
3.639076e+003,2.305484e-002
3.639558e+003,2.286775e-002
3.640041e+003,2.266889e-002
3.640522e+003,2.246951e-002
3.641005e+003,2.228087e-002
3.641487e+003,2.211178e-002
3.641969e+003,2.196334e-002
3.642451e+003,2.183066e-002
3.642933e+003,2.170738e-002
3.643415e+003,2.159239e-002
3.643897e+003,2.149097e-002
3.644380e+003,2.141805e-002
3.644862e+003,2.139175e-002
3.645344e+003,2.143192e-002
3.645826e+003,2.155292e-002
3.646308e+003,2.175431e-002
3.646790e+003,2.201593e-002
3.647272e+003,2.229716e-002
3.647754e+003,2.254492e-002
3.648237e+003,2.271086e-002
3.648719e+003,2.275973e-002
3.649201e+003,2.267393e-002
3.649683e+003,2.245123e-002
3.650165e+003,2.210757e-002
3.650647e+003,2.168050e-002
3.651129e+003,2.121825e-002
3.651611e+003,2.076496e-002
3.652094e+003,2.035348e-002
3.652576e+003,2.000193e-002
3.653058e+003,1.971911e-002
3.653540e+003,1.950686e-002
3.654022e+003,1.936089e-002
3.654504e+003,1.927164e-002
3.654986e+003,1.922037e-002
3.655469e+003,1.917914e-002
3.655950e+003,1.911853e-002
3.656433e+003,1.901682e-002
3.656915e+003,1.887046e-002
3.657397e+003,1.869012e-002
3.657879e+003,1.849160e-002
3.658361e+003,1.828924e-002
3.658843e+003,1.809336e-002
3.659325e+003,1.791082e-002
3.659808e+003,1.774690e-002
3.660290e+003,1.760317e-002
3.660772e+003,1.747868e-002
3.661254e+003,1.736901e-002
3.661736e+003,1.726654e-002
3.662218e+003,1.716283e-002
3.662700e+003,1.705088e-002
3.663182e+003,1.692738e-002
3.663665e+003,1.679355e-002
3.664147e+003,1.665221e-002
3.664629e+003,1.650999e-002
3.665111e+003,1.637241e-002
3.665593e+003,1.624510e-002
3.666075e+003,1.613386e-002
3.666557e+003,1.604578e-002
3.667039e+003,1.598898e-002
3.667521e+003,1.597684e-002
3.668004e+003,1.601933e-002
3.668486e+003,1.612113e-002
3.668968e+003,1.626584e-002
3.669450e+003,1.641206e-002
3.669932e+003,1.650501e-002
3.670414e+003,1.651074e-002
3.670896e+003,1.643377e-002
3.671378e+003,1.630872e-002
3.671861e+003,1.617542e-002
3.672343e+003,1.606851e-002
3.672825e+003,1.601678e-002
3.673307e+003,1.604544e-002
3.673789e+003,1.617248e-002
3.674271e+003,1.639500e-002
3.674753e+003,1.666117e-002
3.675236e+003,1.686776e-002
3.675718e+003,1.691724e-002
3.676200e+003,1.679611e-002
3.676682e+003,1.656159e-002
3.677164e+003,1.628162e-002
3.677646e+003,1.600051e-002
3.678128e+003,1.573539e-002
3.678610e+003,1.549005e-002
3.679093e+003,1.525872e-002
3.679575e+003,1.503240e-002
3.680057e+003,1.480495e-002
3.680539e+003,1.457379e-002
3.681021e+003,1.434197e-002
3.681503e+003,1.411826e-002
3.681985e+003,1.391236e-002
3.682467e+003,1.373474e-002
3.682949e+003,1.359106e-002
3.683432e+003,1.347849e-002
3.683914e+003,1.338917e-002
3.684396e+003,1.330881e-002
3.684878e+003,1.322499e-002
3.685360e+003,1.313204e-002
3.685842e+003,1.303390e-002
3.686324e+003,1.294510e-002
3.686806e+003,1.289052e-002
3.687289e+003,1.289565e-002
3.687771e+003,1.297950e-002
3.688253e+003,1.313804e-002
3.688735e+003,1.334125e-002
3.689217e+003,1.354318e-002
3.689699e+003,1.370401e-002
3.690181e+003,1.380408e-002
3.690664e+003,1.384437e-002
3.691146e+003,1.383089e-002
3.691628e+003,1.377211e-002
3.692110e+003,1.367545e-002
3.692592e+003,1.354817e-002
3.693074e+003,1.340099e-002
3.693556e+003,1.324713e-002
3.694038e+003,1.310213e-002
3.694521e+003,1.297783e-002
3.695003e+003,1.288042e-002
3.695485e+003,1.280767e-002
3.695967e+003,1.274701e-002
3.696449e+003,1.268336e-002
3.696931e+003,1.260291e-002
3.697413e+003,1.250133e-002
3.697895e+003,1.238689e-002
3.698377e+003,1.227293e-002
3.698860e+003,1.217684e-002
3.699342e+003,1.211273e-002
3.699824e+003,1.208503e-002
3.700306e+003,1.208834e-002
3.700788e+003,1.210572e-002
3.701270e+003,1.211644e-002
3.701752e+003,1.210258e-002
3.702234e+003,1.206077e-002
3.702717e+003,1.199559e-002
3.703199e+003,1.191964e-002
3.703681e+003,1.184343e-002
3.704163e+003,1.177463e-002
3.704645e+003,1.171829e-002
3.705127e+003,1.167715e-002
3.705609e+003,1.165715e-002
3.706092e+003,1.166510e-002
3.706573e+003,1.170831e-002
3.707056e+003,1.179397e-002
3.707538e+003,1.192520e-002
3.708020e+003,1.210277e-002
3.708502e+003,1.232138e-002
3.708984e+003,1.256969e-002
3.709466e+003,1.282751e-002
3.709948e+003,1.306735e-002
3.710431e+003,1.325038e-002
3.710913e+003,1.334149e-002
3.711395e+003,1.332115e-002
3.711877e+003,1.319776e-002
3.712359e+003,1.300416e-002
3.712841e+003,1.278226e-002
3.713323e+003,1.256790e-002
3.713805e+003,1.238290e-002
3.714288e+003,1.223557e-002
3.714770e+003,1.212504e-002
3.715252e+003,1.204476e-002
3.715734e+003,1.198790e-002
3.716216e+003,1.194691e-002
3.716698e+003,1.191670e-002
3.717180e+003,1.189467e-002
3.717662e+003,1.187785e-002
3.718145e+003,1.186486e-002
3.718627e+003,1.185374e-002
3.719109e+003,1.184237e-002
3.719591e+003,1.183286e-002
3.720073e+003,1.182930e-002
3.720555e+003,1.183890e-002
3.721037e+003,1.187062e-002
3.721520e+003,1.192806e-002
3.722001e+003,1.200613e-002
3.722484e+003,1.209070e-002
3.722966e+003,1.216236e-002
3.723448e+003,1.220682e-002
3.723930e+003,1.221773e-002
3.724412e+003,1.220003e-002
3.724894e+003,1.216704e-002
3.725376e+003,1.213218e-002
3.725859e+003,1.210153e-002
3.726341e+003,1.207238e-002
3.726823e+003,1.203238e-002
3.727305e+003,1.197061e-002
3.727787e+003,1.188369e-002
3.728269e+003,1.177883e-002
3.728751e+003,1.167321e-002
3.729233e+003,1.159021e-002
3.729716e+003,1.155362e-002
3.730198e+003,1.158425e-002
3.730680e+003,1.169120e-002
3.731162e+003,1.186805e-002
3.731644e+003,1.208881e-002
3.732126e+003,1.232012e-002
3.732608e+003,1.253371e-002
3.733090e+003,1.272045e-002
3.733573e+003,1.289179e-002
3.734055e+003,1.306682e-002
3.734537e+003,1.325188e-002
3.735019e+003,1.342916e-002
3.735501e+003,1.355919e-002
3.735983e+003,1.360825e-002
3.736465e+003,1.357230e-002
3.736948e+003,1.347879e-002
3.737430e+003,1.336303e-002
3.737912e+003,1.325374e-002
3.738394e+003,1.316454e-002
3.738876e+003,1.309518e-002
3.739358e+003,1.303404e-002
3.739840e+003,1.296677e-002
3.740322e+003,1.288274e-002
3.740804e+003,1.277821e-002
3.741287e+003,1.265867e-002
3.741769e+003,1.254060e-002
3.742251e+003,1.244651e-002
3.742733e+003,1.240325e-002
3.743215e+003,1.243484e-002
3.743697e+003,1.254357e-002
3.744179e+003,1.269496e-002
3.744661e+003,1.282690e-002
3.745144e+003,1.289297e-002
3.745626e+003,1.289125e-002
3.746108e+003,1.284875e-002
3.746590e+003,1.279998e-002
3.747072e+003,1.277347e-002
3.747554e+003,1.279026e-002
3.748036e+003,1.286425e-002
3.748518e+003,1.300212e-002
3.749000e+003,1.319576e-002
3.749483e+003,1.342316e-002
3.749965e+003,1.364878e-002
3.750447e+003,1.383438e-002
3.750929e+003,1.395198e-002
3.751411e+003,1.398700e-002
3.751893e+003,1.393851e-002
3.752375e+003,1.381817e-002
3.752858e+003,1.364163e-002
3.753340e+003,1.342932e-002
3.753822e+003,1.320019e-002
3.754304e+003,1.297278e-002
3.754786e+003,1.276390e-002
3.755268e+003,1.258735e-002
3.755750e+003,1.245554e-002
3.756232e+003,1.237424e-002
3.756715e+003,1.234021e-002
3.757197e+003,1.234217e-002
3.757679e+003,1.236119e-002
3.758161e+003,1.237758e-002
3.758643e+003,1.237691e-002
3.759125e+003,1.235290e-002
3.759607e+003,1.230754e-002
3.760089e+003,1.224799e-002
3.760572e+003,1.218013e-002
3.761054e+003,1.210988e-002
3.761536e+003,1.204075e-002
3.762018e+003,1.198013e-002
3.762500e+003,1.193570e-002
3.762982e+003,1.191965e-002
3.763464e+003,1.194178e-002
3.763947e+003,1.200863e-002
3.764428e+003,1.211070e-002
3.764911e+003,1.222511e-002
3.765393e+003,1.232183e-002
3.765875e+003,1.237584e-002
3.766357e+003,1.238283e-002
3.766839e+003,1.235725e-002
3.767321e+003,1.232412e-002
3.767803e+003,1.230934e-002
3.768286e+003,1.232953e-002
3.768768e+003,1.238496e-002
3.769250e+003,1.245526e-002
3.769732e+003,1.250732e-002
3.770214e+003,1.251383e-002
3.770696e+003,1.246470e-002
3.771178e+003,1.237375e-002
3.771660e+003,1.226503e-002
3.772143e+003,1.216045e-002
3.772625e+003,1.207297e-002
3.773107e+003,1.200562e-002
3.773589e+003,1.195123e-002
3.774071e+003,1.189822e-002
3.774553e+003,1.183839e-002
3.775035e+003,1.176746e-002
3.775517e+003,1.168933e-002
3.776000e+003,1.161346e-002
3.776482e+003,1.155457e-002
3.776964e+003,1.152454e-002
3.777446e+003,1.153370e-002
3.777928e+003,1.158459e-002
3.778410e+003,1.167156e-002
3.778892e+003,1.177721e-002
3.779375e+003,1.187924e-002
3.779856e+003,1.195468e-002
3.780339e+003,1.199267e-002
3.780821e+003,1.199180e-002
3.781303e+003,1.196140e-002
3.781785e+003,1.191547e-002
3.782267e+003,1.186877e-002
3.782749e+003,1.183543e-002
3.783231e+003,1.182659e-002
3.783714e+003,1.184590e-002
3.784196e+003,1.188808e-002
3.784678e+003,1.193974e-002
3.785160e+003,1.198371e-002
3.785642e+003,1.200709e-002
3.786124e+003,1.200647e-002
3.786606e+003,1.198702e-002
3.787088e+003,1.195973e-002
3.787571e+003,1.193585e-002
3.788053e+003,1.192182e-002
3.788535e+003,1.191878e-002
3.789017e+003,1.192118e-002
3.789499e+003,1.191954e-002
3.789981e+003,1.190499e-002
3.790463e+003,1.186994e-002
3.790945e+003,1.181541e-002
3.791427e+003,1.174517e-002
3.791910e+003,1.167074e-002
3.792392e+003,1.160503e-002
3.792874e+003,1.156157e-002
3.793356e+003,1.155190e-002
3.793838e+003,1.158553e-002
3.794320e+003,1.166600e-002
3.794802e+003,1.178931e-002
3.795284e+003,1.193786e-002
3.795767e+003,1.208406e-002
3.796249e+003,1.219355e-002
3.796731e+003,1.224491e-002
3.797213e+003,1.223620e-002
3.797695e+003,1.218806e-002
3.798177e+003,1.213255e-002
3.798659e+003,1.210341e-002
3.799142e+003,1.213132e-002
3.799624e+003,1.223673e-002
3.800106e+003,1.242197e-002
3.800588e+003,1.265728e-002
3.801070e+003,1.287580e-002
3.801552e+003,1.300451e-002
3.802034e+003,1.301162e-002
3.802516e+003,1.292400e-002
3.802999e+003,1.279471e-002
3.803481e+003,1.267136e-002
3.803963e+003,1.258406e-002
3.804445e+003,1.254755e-002
3.804927e+003,1.256553e-002
3.805409e+003,1.262989e-002
3.805891e+003,1.271980e-002
3.806373e+003,1.279831e-002
3.806855e+003,1.282599e-002
3.807338e+003,1.278172e-002
3.807820e+003,1.267094e-002
3.808302e+003,1.251857e-002
3.808784e+003,1.235384e-002
3.809266e+003,1.219773e-002
3.809748e+003,1.206257e-002
3.810230e+003,1.195334e-002
3.810712e+003,1.186595e-002
3.811195e+003,1.179343e-002
3.811677e+003,1.172535e-002
3.812159e+003,1.165381e-002
3.812641e+003,1.157628e-002
3.813123e+003,1.149708e-002
3.813605e+003,1.142741e-002
3.814087e+003,1.138559e-002
3.814570e+003,1.138919e-002
3.815052e+003,1.144715e-002
3.815534e+003,1.154866e-002
3.816016e+003,1.166420e-002
3.816498e+003,1.176374e-002
3.816980e+003,1.183439e-002
3.817462e+003,1.188748e-002
3.817944e+003,1.194976e-002
3.818427e+003,1.205080e-002
3.818909e+003,1.222185e-002
3.819391e+003,1.248310e-002
3.819873e+003,1.282967e-002
3.820355e+003,1.321237e-002
3.820837e+003,1.353897e-002
3.821319e+003,1.372515e-002
3.821801e+003,1.375127e-002
3.822283e+003,1.365902e-002
3.822766e+003,1.350928e-002
3.823248e+003,1.334777e-002
3.823730e+003,1.319901e-002
3.824212e+003,1.307207e-002
3.824694e+003,1.296744e-002
3.825176e+003,1.287967e-002
3.825658e+003,1.280337e-002
3.826140e+003,1.272705e-002
3.826623e+003,1.264267e-002
3.827105e+003,1.254319e-002
3.827587e+003,1.242658e-002
3.828069e+003,1.229652e-002
3.828551e+003,1.215916e-002
3.829033e+003,1.202395e-002
3.829515e+003,1.190175e-002
3.829998e+003,1.180139e-002
3.830479e+003,1.173001e-002
3.830962e+003,1.168790e-002
3.831444e+003,1.166930e-002
3.831926e+003,1.166437e-002
3.832408e+003,1.166367e-002
3.832890e+003,1.166450e-002
3.833372e+003,1.167172e-002
3.833854e+003,1.169557e-002
3.834337e+003,1.174899e-002
3.834819e+003,1.184324e-002
3.835301e+003,1.198591e-002
3.835783e+003,1.217727e-002
3.836265e+003,1.240942e-002
3.836747e+003,1.266651e-002
3.837229e+003,1.292435e-002
3.837711e+003,1.315397e-002
3.838194e+003,1.332688e-002
3.838676e+003,1.342638e-002
3.839158e+003,1.345307e-002
3.839640e+003,1.342360e-002
3.840122e+003,1.336539e-002
3.840604e+003,1.330575e-002
3.841086e+003,1.326521e-002
3.841568e+003,1.325186e-002
3.842051e+003,1.326084e-002
3.842533e+003,1.327380e-002
3.843015e+003,1.326340e-002
3.843497e+003,1.320435e-002
3.843979e+003,1.307879e-002
3.844461e+003,1.288850e-002
3.844943e+003,1.265083e-002
3.845426e+003,1.239220e-002
3.845907e+003,1.214138e-002
3.846390e+003,1.191992e-002
3.846872e+003,1.174235e-002
3.847354e+003,1.161211e-002
3.847836e+003,1.152395e-002
3.848318e+003,1.146659e-002
3.848800e+003,1.142591e-002
3.849282e+003,1.139049e-002
3.849765e+003,1.135711e-002
3.850247e+003,1.133696e-002
3.850729e+003,1.136060e-002
3.851211e+003,1.147778e-002
3.851693e+003,1.175192e-002
3.852175e+003,1.222699e-002
3.852657e+003,1.286131e-002
3.853139e+003,1.348688e-002
3.853622e+003,1.390284e-002
3.854104e+003,1.403065e-002
3.854586e+003,1.393787e-002
3.855068e+003,1.373599e-002
3.855550e+003,1.351374e-002
3.856032e+003,1.331760e-002
3.856514e+003,1.316458e-002
3.856996e+003,1.305030e-002
3.857479e+003,1.296216e-002
3.857961e+003,1.288506e-002
3.858443e+003,1.280964e-002
3.858925e+003,1.273200e-002
3.859407e+003,1.265448e-002
3.859889e+003,1.258222e-002
3.860371e+003,1.252116e-002
3.860854e+003,1.247311e-002
3.861336e+003,1.243715e-002
3.861818e+003,1.241086e-002
3.862300e+003,1.239591e-002
3.862782e+003,1.239759e-002
3.863264e+003,1.242583e-002
3.863746e+003,1.248619e-002
3.864228e+003,1.256966e-002
3.864710e+003,1.265290e-002
3.865193e+003,1.270700e-002
3.865675e+003,1.271323e-002
3.866157e+003,1.267364e-002
3.866639e+003,1.260719e-002
3.867121e+003,1.254654e-002
3.867603e+003,1.252990e-002
3.868085e+003,1.259370e-002
3.868567e+003,1.275736e-002
3.869050e+003,1.300310e-002
3.869532e+003,1.326148e-002
3.870014e+003,1.344344e-002
3.870496e+003,1.349773e-002
3.870978e+003,1.343761e-002
3.871460e+003,1.331645e-002
3.871942e+003,1.319229e-002
3.872424e+003,1.310432e-002
3.872906e+003,1.306818e-002
3.873389e+003,1.307007e-002
3.873871e+003,1.307402e-002
3.874353e+003,1.303736e-002
3.874835e+003,1.293599e-002
3.875317e+003,1.277133e-002
3.875799e+003,1.256693e-002
3.876281e+003,1.235164e-002
3.876764e+003,1.215029e-002
3.877246e+003,1.198022e-002
3.877728e+003,1.185206e-002
3.878210e+003,1.177291e-002
3.878692e+003,1.174707e-002
3.879174e+003,1.177636e-002
3.879656e+003,1.185459e-002
3.880138e+003,1.196378e-002
3.880621e+003,1.207833e-002
3.881103e+003,1.217140e-002
3.881585e+003,1.222667e-002
3.882067e+003,1.224206e-002
3.882549e+003,1.222867e-002
3.883031e+003,1.220622e-002
3.883513e+003,1.219905e-002
3.883995e+003,1.223025e-002
3.884478e+003,1.231370e-002
3.884960e+003,1.244270e-002
3.885442e+003,1.258510e-002
3.885924e+003,1.269679e-002
3.886406e+003,1.274949e-002
3.886888e+003,1.274056e-002
3.887370e+003,1.269127e-002
3.887853e+003,1.262821e-002
3.888334e+003,1.258019e-002
3.888817e+003,1.256877e-002
3.889299e+003,1.260785e-002
3.889781e+003,1.270057e-002
3.890263e+003,1.283202e-002
3.890745e+003,1.297014e-002
3.891227e+003,1.307374e-002
3.891709e+003,1.310759e-002
3.892192e+003,1.305982e-002
3.892674e+003,1.294083e-002
3.893156e+003,1.277475e-002
3.893638e+003,1.258721e-002
3.894120e+003,1.240146e-002
3.894602e+003,1.223479e-002
3.895084e+003,1.209851e-002
3.895566e+003,1.200108e-002
3.896049e+003,1.194745e-002
3.896531e+003,1.193865e-002
3.897013e+003,1.197394e-002
3.897495e+003,1.204904e-002
3.897977e+003,1.215693e-002
3.898459e+003,1.228529e-002
3.898941e+003,1.242085e-002
3.899423e+003,1.254942e-002
3.899906e+003,1.266150e-002
3.900388e+003,1.275343e-002
3.900870e+003,1.283184e-002
3.901352e+003,1.290728e-002
3.901834e+003,1.299447e-002
3.902316e+003,1.310409e-002
3.902798e+003,1.323955e-002
3.903281e+003,1.338757e-002
3.903762e+003,1.352560e-002
3.904245e+003,1.362351e-002
3.904727e+003,1.366132e-002
3.905209e+003,1.363470e-002
3.905691e+003,1.355224e-002
3.906173e+003,1.343337e-002
3.906655e+003,1.329556e-002
3.907137e+003,1.315198e-002
3.907620e+003,1.301087e-002
3.908102e+003,1.287442e-002
3.908584e+003,1.274382e-002
3.909066e+003,1.261999e-002
3.909548e+003,1.250579e-002
3.910030e+003,1.240749e-002
3.910512e+003,1.233058e-002
3.910994e+003,1.227911e-002
3.911477e+003,1.225217e-002
3.911959e+003,1.224467e-002
3.912441e+003,1.224853e-002
3.912923e+003,1.225696e-002
3.913405e+003,1.226761e-002
3.913887e+003,1.228323e-002
3.914369e+003,1.231074e-002
3.914851e+003,1.235746e-002
3.915333e+003,1.242707e-002
3.915816e+003,1.251499e-002
3.916298e+003,1.261248e-002
3.916780e+003,1.270425e-002
3.917262e+003,1.278049e-002
3.917744e+003,1.283765e-002
3.918226e+003,1.288083e-002
3.918708e+003,1.291603e-002
3.919190e+003,1.294903e-002
3.919673e+003,1.298085e-002
3.920155e+003,1.300745e-002
3.920637e+003,1.302515e-002
3.921119e+003,1.303251e-002
3.921601e+003,1.303241e-002
3.922083e+003,1.303061e-002
3.922565e+003,1.303260e-002
3.923048e+003,1.303905e-002
3.923530e+003,1.304511e-002
3.924012e+003,1.303911e-002
3.924494e+003,1.300769e-002
3.924976e+003,1.294560e-002
3.925458e+003,1.285598e-002
3.925940e+003,1.275376e-002
3.926422e+003,1.265492e-002
3.926905e+003,1.257560e-002
3.927387e+003,1.252549e-002
3.927869e+003,1.250658e-002
3.928351e+003,1.251559e-002
3.928833e+003,1.254689e-002
3.929315e+003,1.259289e-002
3.929797e+003,1.264914e-002
3.930279e+003,1.271144e-002
3.930761e+003,1.277768e-002
3.931244e+003,1.284304e-002
3.931726e+003,1.290000e-002
3.932208e+003,1.293808e-002
3.932690e+003,1.294951e-002
3.933172e+003,1.293009e-002
3.933654e+003,1.288571e-002
3.934136e+003,1.282569e-002
3.934618e+003,1.276225e-002
3.935101e+003,1.270575e-002
3.935583e+003,1.266185e-002
3.936065e+003,1.263187e-002
3.936547e+003,1.261160e-002
3.937029e+003,1.259357e-002
3.937511e+003,1.257158e-002
3.937993e+003,1.253908e-002
3.938476e+003,1.249487e-002
3.938958e+003,1.244184e-002
3.939440e+003,1.238656e-002
3.939922e+003,1.233850e-002
3.940404e+003,1.230701e-002
3.940886e+003,1.230207e-002
3.941368e+003,1.232843e-002
3.941850e+003,1.238375e-002
3.942333e+003,1.245723e-002
3.942815e+003,1.253245e-002
3.943297e+003,1.259242e-002
3.943779e+003,1.262582e-002
3.944261e+003,1.263118e-002
3.944743e+003,1.261719e-002
3.945225e+003,1.259621e-002
3.945707e+003,1.258313e-002
3.946189e+003,1.258902e-002
3.946672e+003,1.261835e-002
3.947154e+003,1.266825e-002
3.947636e+003,1.272764e-002
3.948118e+003,1.278086e-002
3.948600e+003,1.281419e-002
3.949082e+003,1.282102e-002
3.949564e+003,1.280123e-002
3.950046e+003,1.276244e-002
3.950529e+003,1.271376e-002
3.951011e+003,1.266427e-002
3.951493e+003,1.262071e-002
3.951975e+003,1.258426e-002
3.952457e+003,1.255519e-002
3.952939e+003,1.253218e-002
3.953421e+003,1.251246e-002
3.953904e+003,1.249380e-002
3.954385e+003,1.247447e-002
3.954868e+003,1.245302e-002
3.955350e+003,1.242814e-002
3.955832e+003,1.239889e-002
3.956314e+003,1.236607e-002
3.956796e+003,1.233166e-002
3.957278e+003,1.229790e-002
3.957760e+003,1.226889e-002
3.958243e+003,1.224846e-002
3.958725e+003,1.224057e-002
3.959207e+003,1.224787e-002
3.959689e+003,1.227157e-002
3.960171e+003,1.231006e-002
3.960653e+003,1.236047e-002
3.961135e+003,1.241578e-002
3.961617e+003,1.246806e-002
3.962100e+003,1.250898e-002
3.962582e+003,1.253272e-002
3.963064e+003,1.253676e-002
3.963546e+003,1.252347e-002
3.964028e+003,1.249906e-002
3.964510e+003,1.247147e-002
3.964992e+003,1.244785e-002
3.965474e+003,1.243375e-002
3.965957e+003,1.243049e-002
3.966439e+003,1.243664e-002
3.966921e+003,1.244927e-002
3.967403e+003,1.246416e-002
3.967885e+003,1.247799e-002
3.968367e+003,1.248970e-002
3.968849e+003,1.249890e-002
3.969332e+003,1.250691e-002
3.969813e+003,1.251280e-002
3.970296e+003,1.251843e-002
3.970778e+003,1.252326e-002
3.971260e+003,1.252823e-002
3.971742e+003,1.253532e-002
3.972224e+003,1.254811e-002
3.972706e+003,1.256660e-002
3.973188e+003,1.259399e-002
3.973671e+003,1.262814e-002
3.974153e+003,1.266748e-002
3.974635e+003,1.270616e-002
3.975117e+003,1.273955e-002
3.975599e+003,1.276326e-002
3.976081e+003,1.277489e-002
3.976563e+003,1.277418e-002
3.977045e+003,1.276312e-002
3.977528e+003,1.274674e-002
3.978010e+003,1.273023e-002
3.978492e+003,1.271916e-002
3.978974e+003,1.271738e-002
3.979456e+003,1.272583e-002
3.979938e+003,1.274225e-002
3.980420e+003,1.276027e-002
3.980902e+003,1.277244e-002
3.981385e+003,1.277133e-002
3.981867e+003,1.275427e-002
3.982349e+003,1.272138e-002
3.982831e+003,1.267866e-002
3.983313e+003,1.263499e-002
3.983795e+003,1.259849e-002
3.984277e+003,1.257342e-002
3.984760e+003,1.256044e-002
3.985242e+003,1.255571e-002
3.985724e+003,1.255444e-002
3.986206e+003,1.255316e-002
3.986688e+003,1.255122e-002
3.987170e+003,1.255154e-002
3.987652e+003,1.255998e-002
3.988134e+003,1.257880e-002
3.988616e+003,1.261067e-002
3.989099e+003,1.265041e-002
3.989581e+003,1.269189e-002
3.990063e+003,1.272685e-002
3.990545e+003,1.274943e-002
3.991027e+003,1.275883e-002
3.991509e+003,1.275718e-002
3.991991e+003,1.274926e-002
3.992473e+003,1.274187e-002
3.992956e+003,1.273754e-002
3.993438e+003,1.273788e-002
3.993920e+003,1.274129e-002
3.994402e+003,1.274456e-002
3.994884e+003,1.274543e-002
3.995366e+003,1.274136e-002
3.995848e+003,1.273103e-002
3.996330e+003,1.271469e-002
3.996813e+003,1.269195e-002
3.997295e+003,1.266466e-002
3.997777e+003,1.263577e-002
3.998259e+003,1.260860e-002
3.998741e+003,1.258676e-002
3.999223e+003,1.257587e-002
3.999705e+003,1.257738e-002
4.000188e+003,1.259132e-002
