3.996813e+002,0.000000e+000
4.001635e+002,9.222934e-003
4.006456e+002,9.080153e-003
4.011277e+002,8.907151e-003
4.016098e+002,8.726290e-003
4.020919e+002,8.553965e-003
4.025741e+002,8.401194e-003
4.030562e+002,8.270797e-003
4.035383e+002,8.160795e-003
4.040204e+002,8.068488e-003
4.045026e+002,7.994466e-003
4.049847e+002,7.943130e-003
4.054668e+002,7.920726e-003
4.059489e+002,7.928204e-003
4.064311e+002,7.958103e-003
4.069132e+002,7.995257e-003
4.073953e+002,8.022880e-003
4.078774e+002,8.029687e-003
4.083596e+002,8.013613e-003
4.088417e+002,7.981765e-003
4.093238e+002,7.947558e-003
4.098059e+002,7.925045e-003
4.102881e+002,7.923894e-003
4.107702e+002,7.946098e-003
4.112523e+002,7.988257e-003
4.117344e+002,8.046298e-003
4.122166e+002,8.117785e-003
4.126987e+002,8.202388e-003
4.131808e+002,8.299600e-003
4.136629e+002,8.404582e-003
4.141451e+002,8.509350e-003
4.146272e+002,8.604591e-003
4.151093e+002,8.685551e-003
4.155914e+002,8.754817e-003
4.160736e+002,8.822898e-003
4.165557e+002,8.906499e-003
4.170378e+002,9.025534e-003
4.175200e+002,9.193806e-003
4.180021e+002,9.404099e-003
4.184842e+002,9.614201e-003
4.189663e+002,9.760645e-003
4.194484e+002,9.805022e-003
4.199306e+002,9.759344e-003
4.204127e+002,9.665207e-003
4.208948e+002,9.562370e-003
4.213770e+002,9.472577e-003
4.218591e+002,9.401957e-003
4.223412e+002,9.345615e-003
4.228233e+002,9.294595e-003
4.233055e+002,9.242130e-003
4.237876e+002,9.187700e-003
4.242697e+002,9.138685e-003
4.247518e+002,9.108443e-003
4.252339e+002,9.110094e-003
4.257161e+002,9.150953e-003
4.261982e+002,9.228610e-003
4.266803e+002,9.334990e-003
4.271624e+002,9.459878e-003
4.276446e+002,9.594865e-003
4.281267e+002,9.734132e-003
4.286088e+002,9.874182e-003
4.290909e+002,1.001059e-002
4.295731e+002,1.013813e-002
4.300552e+002,1.024927e-002
4.305373e+002,1.033687e-002
4.310194e+002,1.039510e-002
4.315016e+002,1.042124e-002
4.319837e+002,1.041636e-002
4.324658e+002,1.038559e-002
4.329479e+002,1.033710e-002
4.334301e+002,1.028100e-002
4.339122e+002,1.022747e-002
4.343943e+002,1.018447e-002
4.348764e+002,1.015752e-002
4.353586e+002,1.014862e-002
4.358407e+002,1.015676e-002
4.363228e+002,1.017807e-002
4.368049e+002,1.020668e-002
4.372870e+002,1.023787e-002
4.377692e+002,1.026958e-002
4.382513e+002,1.030305e-002
4.387334e+002,1.034229e-002
4.392155e+002,1.039139e-002
4.396977e+002,1.045256e-002
4.401798e+002,1.052358e-002
4.406619e+002,1.059689e-002
4.411440e+002,1.066195e-002
4.416262e+002,1.070836e-002
4.421083e+002,1.073261e-002
4.425904e+002,1.074039e-002
4.430725e+002,1.074580e-002
4.435547e+002,1.076663e-002
4.440368e+002,1.081748e-002
4.445189e+002,1.090491e-002
4.450010e+002,1.102646e-002
4.454832e+002,1.117171e-002
4.459653e+002,1.132716e-002
4.464474e+002,1.148024e-002
4.469295e+002,1.162171e-002
4.474117e+002,1.174725e-002
4.478938e+002,1.185693e-002
4.483759e+002,1.195473e-002
4.488580e+002,1.204757e-002
4.493401e+002,1.214361e-002
4.498223e+002,1.225075e-002
4.503044e+002,1.237553e-002
4.507865e+002,1.252161e-002
4.512687e+002,1.268855e-002
4.517508e+002,1.287057e-002
4.522329e+002,1.305658e-002
4.527150e+002,1.323454e-002
4.531971e+002,1.339601e-002
4.536793e+002,1.353944e-002
4.541614e+002,1.366982e-002
4.546435e+002,1.379477e-002
4.551257e+002,1.392094e-002
4.556078e+002,1.405229e-002
4.560899e+002,1.418895e-002
4.565720e+002,1.432796e-002
4.570542e+002,1.446389e-002
4.575363e+002,1.459025e-002
4.580184e+002,1.470028e-002
4.585005e+002,1.478706e-002
4.589827e+002,1.484332e-002
4.594648e+002,1.486251e-002
4.599469e+002,1.483949e-002
4.604290e+002,1.477301e-002
4.609112e+002,1.466574e-002
4.613933e+002,1.452380e-002
4.618754e+002,1.435499e-002
4.623575e+002,1.416772e-002
4.628397e+002,1.396921e-002
4.633218e+002,1.376633e-002
4.638039e+002,1.356542e-002
4.642860e+002,1.337305e-002
4.647682e+002,1.319587e-002
4.652503e+002,1.303938e-002
4.657324e+002,1.290701e-002
4.662145e+002,1.279903e-002
4.666967e+002,1.271169e-002
4.671788e+002,1.263888e-002
4.676609e+002,1.257300e-002
4.681430e+002,1.250998e-002
4.686252e+002,1.245014e-002
4.691073e+002,1.239864e-002
4.695894e+002,1.236222e-002
4.700715e+002,1.234568e-002
4.705536e+002,1.234790e-002
4.710358e+002,1.236030e-002
4.715179e+002,1.236681e-002
4.720000e+002,1.234929e-002
4.724821e+002,1.229566e-002
4.729643e+002,1.220860e-002
4.734464e+002,1.210342e-002
4.739285e+002,1.200167e-002
4.744106e+002,1.192116e-002
4.748928e+002,1.187119e-002
4.753749e+002,1.185103e-002
4.758570e+002,1.185289e-002
4.763391e+002,1.186489e-002
4.768213e+002,1.187519e-002
4.773034e+002,1.187575e-002
4.777855e+002,1.186291e-002
4.782676e+002,1.183740e-002
4.787498e+002,1.180246e-002
4.792319e+002,1.176136e-002
4.797140e+002,1.171694e-002
4.801961e+002,1.167092e-002
4.806783e+002,1.162523e-002
4.811604e+002,1.158245e-002
4.816425e+002,1.154617e-002
4.821246e+002,1.151988e-002
4.826068e+002,1.150616e-002
4.830889e+002,1.150395e-002
4.835710e+002,1.150952e-002
4.840531e+002,1.151664e-002
4.845352e+002,1.151929e-002
4.850174e+002,1.151344e-002
4.854995e+002,1.149873e-002
4.859816e+002,1.147685e-002
4.864637e+002,1.145106e-002
4.869459e+002,1.142384e-002
4.874280e+002,1.139738e-002
4.879101e+002,1.137281e-002
4.883922e+002,1.135166e-002
4.888744e+002,1.133626e-002
4.893565e+002,1.132960e-002
4.898386e+002,1.133388e-002
4.903207e+002,1.134991e-002
4.908029e+002,1.137451e-002
4.912850e+002,1.140167e-002
4.917671e+002,1.142310e-002
4.922492e+002,1.143226e-002
4.927314e+002,1.142636e-002
4.932135e+002,1.140814e-002
4.936956e+002,1.138467e-002
4.941777e+002,1.136575e-002
4.946599e+002,1.136037e-002
4.951420e+002,1.137457e-002
4.956241e+002,1.141013e-002
4.961062e+002,1.146425e-002
4.965884e+002,1.153041e-002
4.970705e+002,1.159992e-002
4.975526e+002,1.166363e-002
4.980347e+002,1.171355e-002
4.985169e+002,1.174456e-002
4.989990e+002,1.175588e-002
4.994811e+002,1.175087e-002
4.999633e+002,1.173647e-002
5.004454e+002,1.172155e-002
5.009275e+002,1.171533e-002
5.014096e+002,1.172429e-002
5.018917e+002,1.174999e-002
5.023739e+002,1.178787e-002
5.028560e+002,1.182889e-002
5.033381e+002,1.186274e-002
5.038203e+002,1.188200e-002
5.043024e+002,1.188361e-002
5.047845e+002,1.186806e-002
5.052666e+002,1.183857e-002
5.057487e+002,1.179972e-002
5.062309e+002,1.175638e-002
5.067130e+002,1.171391e-002
5.071951e+002,1.167659e-002
5.076772e+002,1.164780e-002
5.081594e+002,1.162904e-002
5.086415e+002,1.162036e-002
5.091236e+002,1.161953e-002
5.096057e+002,1.162348e-002
5.100879e+002,1.162826e-002
5.105700e+002,1.163079e-002
5.110521e+002,1.162997e-002
5.115342e+002,1.162692e-002
5.120164e+002,1.162505e-002
5.124985e+002,1.162821e-002
5.129806e+002,1.163920e-002
5.134627e+002,1.165851e-002
5.139448e+002,1.168373e-002
5.144270e+002,1.171141e-002
5.149091e+002,1.173859e-002
5.153912e+002,1.176502e-002
5.158734e+002,1.179397e-002
5.163555e+002,1.183168e-002
5.168376e+002,1.188442e-002
5.173197e+002,1.195515e-002
5.178019e+002,1.204127e-002
5.182840e+002,1.213441e-002
5.187661e+002,1.222342e-002
5.192482e+002,1.229882e-002
5.197303e+002,1.235526e-002
5.202125e+002,1.239250e-002
5.206946e+002,1.241410e-002
5.211767e+002,1.242572e-002
5.216588e+002,1.243270e-002
5.221410e+002,1.243976e-002
5.226231e+002,1.245033e-002
5.231052e+002,1.246775e-002
5.235873e+002,1.249478e-002
5.240695e+002,1.253408e-002
5.245516e+002,1.258671e-002
5.250337e+002,1.265118e-002
5.255159e+002,1.272216e-002
5.259980e+002,1.279178e-002
5.264801e+002,1.285182e-002
5.269622e+002,1.289729e-002
5.274443e+002,1.292734e-002
5.279265e+002,1.294509e-002
5.284086e+002,1.295487e-002
5.288907e+002,1.296073e-002
5.293728e+002,1.296414e-002
5.298550e+002,1.296454e-002
5.303371e+002,1.295948e-002
5.308192e+002,1.294644e-002
5.313013e+002,1.292343e-002
5.317834e+002,1.289014e-002
5.322656e+002,1.284748e-002
5.327477e+002,1.279755e-002
5.332299e+002,1.274284e-002
5.337120e+002,1.268636e-002
5.341941e+002,1.263159e-002
5.346762e+002,1.258239e-002
5.351583e+002,1.254260e-002
5.356404e+002,1.251567e-002
5.361226e+002,1.250300e-002
5.366047e+002,1.250357e-002
5.370868e+002,1.251343e-002
5.375690e+002,1.252675e-002
5.380511e+002,1.253731e-002
5.385332e+002,1.254069e-002
5.390153e+002,1.253500e-002
5.394974e+002,1.252126e-002
5.399796e+002,1.250229e-002
5.404617e+002,1.248114e-002
5.409438e+002,1.245989e-002
5.414260e+002,1.243930e-002
5.419081e+002,1.241872e-002
5.423902e+002,1.239737e-002
5.428723e+002,1.237517e-002
5.433544e+002,1.235290e-002
5.438365e+002,1.233192e-002
5.443187e+002,1.231402e-002
5.448008e+002,1.229989e-002
5.452830e+002,1.229009e-002
5.457651e+002,1.228468e-002
5.462472e+002,1.228412e-002
5.467293e+002,1.228984e-002
5.472114e+002,1.230373e-002
5.476936e+002,1.232684e-002
5.481757e+002,1.235858e-002
5.486578e+002,1.239576e-002
5.491400e+002,1.243329e-002
5.496221e+002,1.246532e-002
5.501042e+002,1.248778e-002
5.505863e+002,1.249972e-002
5.510684e+002,1.250353e-002
5.515505e+002,1.250361e-002
5.520327e+002,1.250467e-002
5.525148e+002,1.250942e-002
5.529969e+002,1.251798e-002
5.534791e+002,1.252787e-002
5.539612e+002,1.253594e-002
5.544433e+002,1.253988e-002
5.549254e+002,1.253924e-002
5.554076e+002,1.253571e-002
5.558896e+002,1.253220e-002
5.563718e+002,1.253144e-002
5.568539e+002,1.253480e-002
5.573361e+002,1.254184e-002
5.578182e+002,1.255086e-002
5.583003e+002,1.255978e-002
5.587825e+002,1.256657e-002
5.592645e+002,1.257000e-002
5.597467e+002,1.256954e-002
5.602288e+002,1.256508e-002
5.607109e+002,1.255729e-002
5.611931e+002,1.254789e-002
5.616752e+002,1.253945e-002
5.621573e+002,1.253609e-002
5.626394e+002,1.254215e-002
5.631216e+002,1.256128e-002
5.636037e+002,1.259510e-002
5.640858e+002,1.264236e-002
5.645679e+002,1.269890e-002
5.650500e+002,1.275921e-002
5.655322e+002,1.281777e-002
5.660143e+002,1.287104e-002
5.664965e+002,1.291775e-002
5.669785e+002,1.295870e-002
5.674607e+002,1.299602e-002
5.679428e+002,1.303136e-002
5.684249e+002,1.306589e-002
5.689070e+002,1.309975e-002
5.693892e+002,1.313304e-002
5.698713e+002,1.316604e-002
5.703534e+002,1.319959e-002
5.708356e+002,1.323484e-002
5.713177e+002,1.327296e-002
5.717998e+002,1.331422e-002
5.722819e+002,1.335835e-002
5.727640e+002,1.340483e-002
5.732462e+002,1.345344e-002
5.737283e+002,1.350414e-002
5.742104e+002,1.355689e-002
5.746925e+002,1.361128e-002
5.751747e+002,1.366556e-002
5.756568e+002,1.371650e-002
5.761389e+002,1.376104e-002
5.766210e+002,1.379698e-002
5.771031e+002,1.382454e-002
5.775853e+002,1.384632e-002
5.780674e+002,1.386624e-002
5.785496e+002,1.388797e-002
5.790317e+002,1.391356e-002
5.795138e+002,1.394261e-002
5.799959e+002,1.397299e-002
5.804780e+002,1.400150e-002
5.809601e+002,1.402581e-002
5.814423e+002,1.404519e-002
5.819244e+002,1.406040e-002
5.824066e+002,1.407276e-002
5.828887e+002,1.408298e-002
5.833708e+002,1.408993e-002
5.838529e+002,1.409180e-002
5.843350e+002,1.408673e-002
5.848171e+002,1.407445e-002
5.852993e+002,1.405693e-002
5.857814e+002,1.403821e-002
5.862635e+002,1.402290e-002
5.867457e+002,1.401467e-002
5.872278e+002,1.401467e-002
5.877099e+002,1.402155e-002
5.881920e+002,1.403206e-002
5.886741e+002,1.404284e-002
5.891563e+002,1.405140e-002
5.896384e+002,1.405695e-002
5.901205e+002,1.405981e-002
5.906027e+002,1.406069e-002
5.910848e+002,1.405963e-002
5.915669e+002,1.405618e-002
5.920490e+002,1.404960e-002
5.925311e+002,1.403996e-002
5.930133e+002,1.402847e-002
5.934954e+002,1.401758e-002
5.939775e+002,1.400993e-002
5.944597e+002,1.400729e-002
5.949418e+002,1.400929e-002
5.954239e+002,1.401437e-002
5.959060e+002,1.401998e-002
5.963882e+002,1.402432e-002
5.968702e+002,1.402726e-002
5.973524e+002,1.403057e-002
5.978345e+002,1.403716e-002
5.983167e+002,1.405008e-002
5.987988e+002,1.407063e-002
5.992809e+002,1.409839e-002
5.997630e+002,1.413107e-002
6.002451e+002,1.416570e-002
6.007273e+002,1.419965e-002
6.012094e+002,1.423156e-002
6.016915e+002,1.426097e-002
6.021736e+002,1.428780e-002
6.026558e+002,1.431154e-002
6.031379e+002,1.433143e-002
6.036200e+002,1.434635e-002
6.041022e+002,1.435605e-002
6.045842e+002,1.436125e-002
6.050664e+002,1.436364e-002
6.055485e+002,1.436500e-002
6.060306e+002,1.436638e-002
6.065128e+002,1.436692e-002
6.069949e+002,1.436479e-002
6.074770e+002,1.435743e-002
6.079591e+002,1.434332e-002
6.084413e+002,1.432255e-002
6.089234e+002,1.429719e-002
6.094055e+002,1.427009e-002
6.098876e+002,1.424365e-002
6.103698e+002,1.421835e-002
6.108519e+002,1.419271e-002
6.113340e+002,1.416391e-002
6.118162e+002,1.412943e-002
6.122983e+002,1.408875e-002
6.127804e+002,1.404339e-002
6.132625e+002,1.399728e-002
6.137446e+002,1.395500e-002
6.142267e+002,1.392003e-002
6.147089e+002,1.389416e-002
6.151910e+002,1.387703e-002
6.156731e+002,1.386651e-002
6.161553e+002,1.386047e-002
6.166374e+002,1.385701e-002
6.171195e+002,1.385527e-002
6.176016e+002,1.385497e-002
6.180837e+002,1.385667e-002
6.185659e+002,1.386044e-002
6.190480e+002,1.386672e-002
6.195302e+002,1.387606e-002
6.200123e+002,1.388936e-002
6.204944e+002,1.390789e-002
6.209765e+002,1.393231e-002
6.214586e+002,1.396216e-002
6.219407e+002,1.399545e-002
6.224229e+002,1.402857e-002
6.229050e+002,1.405755e-002
6.233871e+002,1.407918e-002
6.238693e+002,1.409204e-002
6.243514e+002,1.409668e-002
6.248335e+002,1.409544e-002
6.253156e+002,1.409150e-002
6.257977e+002,1.408736e-002
6.262798e+002,1.408473e-002
6.267620e+002,1.408407e-002
6.272441e+002,1.408538e-002
6.277263e+002,1.408884e-002
6.282084e+002,1.409507e-002
6.286905e+002,1.410454e-002
6.291726e+002,1.411740e-002
6.296547e+002,1.413301e-002
6.301368e+002,1.414989e-002
6.306190e+002,1.416661e-002
6.311011e+002,1.418226e-002
6.315833e+002,1.419737e-002
6.320654e+002,1.421328e-002
6.325475e+002,1.423180e-002
6.330296e+002,1.425360e-002
6.335117e+002,1.427794e-002
6.339939e+002,1.430251e-002
6.344760e+002,1.432457e-002
6.349581e+002,1.434199e-002
6.354402e+002,1.435467e-002
6.359224e+002,1.436430e-002
6.364045e+002,1.437348e-002
6.368866e+002,1.438455e-002
6.373687e+002,1.439804e-002
6.378508e+002,1.441254e-002
6.383330e+002,1.442560e-002
6.388151e+002,1.443488e-002
6.392972e+002,1.443969e-002
6.397794e+002,1.444129e-002
6.402615e+002,1.444245e-002
6.407436e+002,1.444612e-002
6.412257e+002,1.445401e-002
6.417079e+002,1.446602e-002
6.421899e+002,1.448032e-002
6.426721e+002,1.449442e-002
6.431542e+002,1.450689e-002
6.436364e+002,1.451751e-002
6.441185e+002,1.452733e-002
6.446006e+002,1.453843e-002
6.450827e+002,1.455181e-002
6.455648e+002,1.456769e-002
6.460470e+002,1.458468e-002
6.465291e+002,1.460127e-002
6.470112e+002,1.461625e-002
6.474933e+002,1.462962e-002
6.479755e+002,1.464228e-002
6.484576e+002,1.465573e-002
6.489397e+002,1.467100e-002
6.494219e+002,1.468856e-002
6.499040e+002,1.470808e-002
6.503861e+002,1.472929e-002
6.508682e+002,1.475215e-002
6.513503e+002,1.477727e-002
6.518325e+002,1.480539e-002
6.523146e+002,1.483667e-002
6.527968e+002,1.487030e-002
6.532788e+002,1.490444e-002
6.537610e+002,1.493727e-002
6.542431e+002,1.496768e-002
6.547252e+002,1.499616e-002
6.552073e+002,1.502482e-002
6.556895e+002,1.505640e-002
6.561716e+002,1.509312e-002
6.566537e+002,1.513523e-002
6.571359e+002,1.518060e-002
6.576179e+002,1.522561e-002
6.581001e+002,1.526571e-002
6.585822e+002,1.529745e-002
6.590643e+002,1.531941e-002
6.595464e+002,1.533241e-002
6.600286e+002,1.533952e-002
6.605107e+002,1.534454e-002
6.609928e+002,1.535178e-002
6.614750e+002,1.536476e-002
6.619571e+002,1.538612e-002
6.624392e+002,1.541731e-002
6.629213e+002,1.545803e-002
6.634034e+002,1.550638e-002
6.638856e+002,1.555914e-002
6.643677e+002,1.561240e-002
6.648499e+002,1.566310e-002
6.653320e+002,1.570947e-002
6.658141e+002,1.575172e-002
6.662962e+002,1.579261e-002
6.667783e+002,1.583653e-002
6.672605e+002,1.588875e-002
6.677426e+002,1.595152e-002
6.682247e+002,1.602068e-002
6.687068e+002,1.608701e-002
6.691890e+002,1.614269e-002
6.696711e+002,1.618674e-002
6.701532e+002,1.622335e-002
6.706353e+002,1.625821e-002
6.711174e+002,1.629581e-002
6.715996e+002,1.633877e-002
6.720817e+002,1.638710e-002
6.725638e+002,1.643955e-002
6.730460e+002,1.649387e-002
6.735281e+002,1.654887e-002
6.740102e+002,1.660509e-002
6.744923e+002,1.666484e-002
6.749745e+002,1.673111e-002
6.754565e+002,1.680598e-002
6.759387e+002,1.688949e-002
6.764208e+002,1.697911e-002
6.769030e+002,1.707073e-002
6.773851e+002,1.716056e-002
6.778672e+002,1.724638e-002
6.783493e+002,1.732774e-002
6.788314e+002,1.740603e-002
6.793136e+002,1.748281e-002
6.797957e+002,1.755906e-002
6.802778e+002,1.763520e-002
6.807599e+002,1.771135e-002
6.812421e+002,1.778816e-002
6.817242e+002,1.786701e-002
6.822063e+002,1.794979e-002
6.826885e+002,1.803797e-002
6.831705e+002,1.813101e-002
6.836527e+002,1.822671e-002
6.841348e+002,1.832188e-002
6.846169e+002,1.841351e-002
6.850991e+002,1.850080e-002
6.855812e+002,1.858540e-002
6.860634e+002,1.867131e-002
6.865454e+002,1.876228e-002
6.870276e+002,1.886085e-002
6.875096e+002,1.896665e-002
6.879918e+002,1.907677e-002
6.884739e+002,1.918676e-002
6.889561e+002,1.929298e-002
6.894382e+002,1.939348e-002
6.899203e+002,1.948876e-002
6.904025e+002,1.958045e-002
6.908845e+002,1.967028e-002
6.913667e+002,1.975874e-002
6.918488e+002,1.984519e-002
6.923309e+002,1.992817e-002
6.928130e+002,2.000700e-002
6.932952e+002,2.008181e-002
6.937773e+002,2.015376e-002
6.942594e+002,2.022428e-002
6.947416e+002,2.029454e-002
6.952236e+002,2.036465e-002
6.957058e+002,2.043426e-002
6.961879e+002,2.050291e-002
6.966700e+002,2.057076e-002
6.971522e+002,2.063833e-002
6.976343e+002,2.070646e-002
6.981165e+002,2.077544e-002
6.985985e+002,2.084420e-002
6.990807e+002,2.091026e-002
6.995628e+002,2.097157e-002
7.000449e+002,2.102644e-002
7.005270e+002,2.107525e-002
7.010092e+002,2.112013e-002
7.014913e+002,2.116439e-002
7.019734e+002,2.121083e-002
7.024556e+002,2.126116e-002
7.029377e+002,2.131541e-002
7.034198e+002,2.137273e-002
7.039019e+002,2.143222e-002
7.043840e+002,2.149440e-002
7.048662e+002,2.156103e-002
7.053483e+002,2.163478e-002
7.058304e+002,2.171846e-002
7.063125e+002,2.181343e-002
7.067947e+002,2.191946e-002
7.072768e+002,2.203521e-002
7.077589e+002,2.215894e-002
7.082410e+002,2.228951e-002
7.087231e+002,2.242656e-002
7.092053e+002,2.257037e-002
7.096874e+002,2.272078e-002
7.101696e+002,2.287723e-002
7.106517e+002,2.303825e-002
7.111338e+002,2.320241e-002
7.116159e+002,2.336950e-002
7.120980e+002,2.354078e-002
7.125802e+002,2.371908e-002
7.130623e+002,2.390782e-002
7.135444e+002,2.410928e-002
7.140265e+002,2.432471e-002
7.145087e+002,2.455365e-002
7.149908e+002,2.479568e-002
7.154729e+002,2.505160e-002
7.159550e+002,2.532385e-002
7.164371e+002,2.561619e-002
7.169193e+002,2.593208e-002
7.174014e+002,2.627202e-002
7.178835e+002,2.663246e-002
7.183657e+002,2.700497e-002
7.188478e+002,2.737731e-002
7.193299e+002,2.773579e-002
7.198120e+002,2.806742e-002
7.202942e+002,2.836085e-002
7.207762e+002,2.860688e-002
7.212584e+002,2.879710e-002
7.217405e+002,2.892438e-002
7.222227e+002,2.898278e-002
7.227048e+002,2.896959e-002
7.231869e+002,2.888645e-002
7.236691e+002,2.873963e-002
7.241511e+002,2.853916e-002
7.246333e+002,2.829587e-002
7.251154e+002,2.801992e-002
7.255975e+002,2.771954e-002
7.260797e+002,2.740030e-002
7.265618e+002,2.706697e-002
7.270439e+002,2.672405e-002
7.275260e+002,2.637666e-002
7.280082e+002,2.602982e-002
7.284902e+002,2.568753e-002
7.289724e+002,2.535188e-002
7.294545e+002,2.502291e-002
7.299366e+002,2.469916e-002
7.304188e+002,2.437941e-002
7.309009e+002,2.406347e-002
7.313831e+002,2.375325e-002
7.318651e+002,2.345183e-002
7.323473e+002,2.316215e-002
7.328293e+002,2.288580e-002
7.333115e+002,2.262203e-002
7.337936e+002,2.236764e-002
7.342758e+002,2.211864e-002
7.347579e+002,2.187112e-002
7.352400e+002,2.162320e-002
7.357222e+002,2.137507e-002
7.362042e+002,2.112836e-002
7.366864e+002,2.088537e-002
7.371685e+002,2.064777e-002
7.376506e+002,2.041597e-002
7.381328e+002,2.018944e-002
7.386149e+002,1.996706e-002
7.390970e+002,1.974870e-002
7.395791e+002,1.953511e-002
7.400613e+002,1.932797e-002
7.405434e+002,1.912922e-002
7.410255e+002,1.893960e-002
7.415076e+002,1.875897e-002
7.419897e+002,1.858546e-002
7.424719e+002,1.841654e-002
7.429540e+002,1.825017e-002
7.434362e+002,1.808556e-002
7.439182e+002,1.792327e-002
7.444004e+002,1.776521e-002
7.448825e+002,1.761292e-002
7.453646e+002,1.746737e-002
7.458467e+002,1.732817e-002
7.463289e+002,1.719431e-002
7.468110e+002,1.706444e-002
7.472931e+002,1.693810e-002
7.477753e+002,1.681590e-002
7.482574e+002,1.669901e-002
7.487395e+002,1.658843e-002
7.492216e+002,1.648444e-002
7.497037e+002,1.638628e-002
7.501859e+002,1.629264e-002
7.506680e+002,1.620254e-002
7.511501e+002,1.611642e-002
7.516322e+002,1.603611e-002
7.521144e+002,1.596411e-002
7.525965e+002,1.590260e-002
7.530786e+002,1.585215e-002
7.535608e+002,1.581096e-002
7.540428e+002,1.577580e-002
7.545250e+002,1.574318e-002
7.550071e+002,1.571030e-002
7.554893e+002,1.567682e-002
7.559714e+002,1.564400e-002
7.564535e+002,1.561394e-002
7.569356e+002,1.558844e-002
7.574177e+002,1.556779e-002
7.578999e+002,1.555111e-002
7.583820e+002,1.553674e-002
7.588641e+002,1.552319e-002
7.593463e+002,1.551026e-002
7.598284e+002,1.549837e-002
7.603105e+002,1.548869e-002
7.607926e+002,1.548170e-002
7.612748e+002,1.547756e-002
7.617568e+002,1.547562e-002
7.622390e+002,1.547528e-002
7.627211e+002,1.547676e-002
7.632032e+002,1.548063e-002
7.636854e+002,1.548746e-002
7.641675e+002,1.549716e-002
7.646496e+002,1.550768e-002
7.651317e+002,1.551579e-002
7.656139e+002,1.551775e-002
7.660959e+002,1.551100e-002
7.665781e+002,1.549503e-002
7.670602e+002,1.547160e-002
7.675424e+002,1.544377e-002
7.680245e+002,1.541420e-002
7.685066e+002,1.538351e-002
7.689888e+002,1.535002e-002
7.694708e+002,1.531039e-002
7.699530e+002,1.526153e-002
7.704351e+002,1.520200e-002
7.709172e+002,1.513349e-002
7.713994e+002,1.505983e-002
7.718815e+002,1.498584e-002
7.723636e+002,1.491551e-002
7.728457e+002,1.485065e-002
7.733279e+002,1.479063e-002
7.738099e+002,1.473384e-002
7.742921e+002,1.467853e-002
7.747742e+002,1.462428e-002
7.752563e+002,1.457211e-002
7.757385e+002,1.452353e-002
7.762206e+002,1.447980e-002
7.767028e+002,1.444086e-002
7.771848e+002,1.440621e-002
7.776670e+002,1.437511e-002
7.781491e+002,1.434840e-002
7.786312e+002,1.432835e-002
7.791133e+002,1.431824e-002
7.795955e+002,1.432114e-002
7.800776e+002,1.433733e-002
7.805597e+002,1.436465e-002
7.810419e+002,1.439853e-002
7.815239e+002,1.443383e-002
7.820061e+002,1.446737e-002
7.824882e+002,1.449853e-002
7.829703e+002,1.452948e-002
7.834525e+002,1.456354e-002
7.839346e+002,1.460287e-002
7.844167e+002,1.464764e-002
7.848988e+002,1.469555e-002
7.853810e+002,1.474361e-002
7.858631e+002,1.478978e-002
7.863452e+002,1.483428e-002
7.868273e+002,1.487957e-002
7.873094e+002,1.492863e-002
7.877916e+002,1.498402e-002
7.882737e+002,1.504575e-002
7.887559e+002,1.511179e-002
7.892380e+002,1.517957e-002
7.897201e+002,1.524705e-002
7.902022e+002,1.531464e-002
7.906843e+002,1.538465e-002
7.911665e+002,1.546027e-002
7.916486e+002,1.554367e-002
7.921307e+002,1.563514e-002
7.926128e+002,1.573267e-002
7.930950e+002,1.583336e-002
7.935771e+002,1.593517e-002
7.940592e+002,1.603750e-002
7.945413e+002,1.614185e-002
7.950234e+002,1.624993e-002
7.955056e+002,1.636269e-002
7.959877e+002,1.647920e-002
7.964698e+002,1.659734e-002
7.969520e+002,1.671456e-002
7.974341e+002,1.682992e-002
7.979162e+002,1.694475e-002
7.983983e+002,1.706218e-002
7.988805e+002,1.718584e-002
7.993625e+002,1.731844e-002
7.998447e+002,1.746134e-002
8.003268e+002,1.761520e-002
8.008090e+002,1.778216e-002
8.012911e+002,1.796755e-002
8.017732e+002,1.818064e-002
8.022553e+002,1.843392e-002
8.027374e+002,1.874030e-002
8.032196e+002,1.911006e-002
8.037017e+002,1.954882e-002
8.041838e+002,2.005550e-002
8.046660e+002,2.062352e-002
8.051481e+002,2.124113e-002
8.056302e+002,2.189198e-002
8.061123e+002,2.255441e-002
8.065945e+002,2.320115e-002
8.070765e+002,2.379917e-002
8.075587e+002,2.431315e-002
8.080408e+002,2.470984e-002
8.085229e+002,2.496364e-002
8.090051e+002,2.506050e-002
8.094872e+002,2.499906e-002
8.099694e+002,2.478980e-002
8.104514e+002,2.445193e-002
8.109336e+002,2.401112e-002
8.114156e+002,2.349547e-002
8.118978e+002,2.293413e-002
8.123799e+002,2.235443e-002
8.128621e+002,2.178121e-002
8.133442e+002,2.123567e-002
8.138263e+002,2.073412e-002
8.143085e+002,2.028801e-002
8.147905e+002,1.990250e-002
8.152727e+002,1.957678e-002
8.157548e+002,1.930522e-002
8.162369e+002,1.907846e-002
8.167191e+002,1.888705e-002
8.172012e+002,1.872182e-002
8.176833e+002,1.857550e-002
8.181654e+002,1.844168e-002
8.186476e+002,1.831461e-002
8.191296e+002,1.818857e-002
8.196118e+002,1.805908e-002
8.200939e+002,1.792435e-002
8.205760e+002,1.778638e-002
8.210582e+002,1.765121e-002
8.215403e+002,1.752683e-002
8.220225e+002,1.742053e-002
8.225045e+002,1.733552e-002
8.229867e+002,1.727021e-002
8.234688e+002,1.721842e-002
8.239509e+002,1.717299e-002
8.244330e+002,1.712850e-002
8.249152e+002,1.708416e-002
8.253973e+002,1.704320e-002
8.258794e+002,1.701086e-002
8.263616e+002,1.699096e-002
8.268437e+002,1.698439e-002
8.273258e+002,1.698854e-002
8.278079e+002,1.699991e-002
8.282900e+002,1.701712e-002
8.287722e+002,1.704321e-002
8.292543e+002,1.708461e-002
8.297365e+002,1.714946e-002
8.302185e+002,1.724281e-002
8.307007e+002,1.736530e-002
8.311828e+002,1.751282e-002
8.316649e+002,1.767977e-002
8.321470e+002,1.786350e-002
8.326292e+002,1.806756e-002
8.331113e+002,1.830223e-002
8.335934e+002,1.858372e-002
8.340756e+002,1.893252e-002
8.345577e+002,1.937361e-002
8.350398e+002,1.994034e-002
8.355219e+002,2.067802e-002
8.360040e+002,2.164633e-002
8.364862e+002,2.291319e-002
8.369683e+002,2.453892e-002
8.374504e+002,2.655130e-002
8.379325e+002,2.891712e-002
8.384147e+002,3.152287e-002
8.388968e+002,3.417205e-002
8.393789e+002,3.660636e-002
8.398610e+002,3.854753e-002
8.403431e+002,3.975124e-002
8.408253e+002,4.005741e-002
8.413074e+002,3.942717e-002
8.417896e+002,3.795300e-002
8.422717e+002,3.583742e-002
8.427538e+002,3.334652e-002
8.432359e+002,3.075121e-002
8.437180e+002,2.827635e-002
8.442002e+002,2.607211e-002
8.446823e+002,2.420962e-002
8.451644e+002,2.269518e-002
8.456465e+002,2.149297e-002
8.461287e+002,2.054869e-002
8.466108e+002,1.980626e-002
8.470929e+002,1.921823e-002
8.475751e+002,1.874811e-002
8.480571e+002,1.836881e-002
8.485393e+002,1.805974e-002
8.490214e+002,1.780467e-002
8.495035e+002,1.759008e-002
8.499857e+002,1.740555e-002
8.504678e+002,1.724353e-002
8.509499e+002,1.709931e-002
8.514320e+002,1.697021e-002
8.519142e+002,1.685468e-002
8.523962e+002,1.675188e-002
8.528784e+002,1.666116e-002
8.533605e+002,1.658198e-002
8.538427e+002,1.651399e-002
8.543248e+002,1.645637e-002
8.548069e+002,1.640805e-002
8.552891e+002,1.636716e-002
8.557711e+002,1.633126e-002
8.562533e+002,1.629798e-002
8.567354e+002,1.626540e-002
8.572175e+002,1.623239e-002
8.576996e+002,1.619991e-002
8.581818e+002,1.616924e-002
8.586639e+002,1.614288e-002
8.591460e+002,1.612258e-002
8.596282e+002,1.611025e-002
8.601102e+002,1.610622e-002
8.605924e+002,1.611036e-002
8.610745e+002,1.612198e-002
8.615566e+002,1.614033e-002
8.620388e+002,1.616422e-002
8.625209e+002,1.619305e-002
8.630031e+002,1.622586e-002
8.634851e+002,1.626164e-002
8.639673e+002,1.629891e-002
8.644494e+002,1.633660e-002
8.649315e+002,1.637329e-002
8.654136e+002,1.640814e-002
8.658958e+002,1.644120e-002
8.663779e+002,1.647285e-002
8.668600e+002,1.650422e-002
8.673422e+002,1.653571e-002
8.678242e+002,1.656717e-002
8.683064e+002,1.659693e-002
8.687885e+002,1.662293e-002
8.692706e+002,1.664263e-002
8.697527e+002,1.665445e-002
8.702349e+002,1.665859e-002
8.707170e+002,1.665640e-002
8.711991e+002,1.665057e-002
8.716813e+002,1.664330e-002
8.721634e+002,1.663590e-002
8.726455e+002,1.662776e-002
8.731276e+002,1.661718e-002
8.736097e+002,1.660167e-002
8.740919e+002,1.657991e-002
8.745740e+002,1.655182e-002
8.750562e+002,1.651907e-002
8.755382e+002,1.648393e-002
8.760204e+002,1.644843e-002
8.765025e+002,1.641317e-002
8.769846e+002,1.637745e-002
8.774668e+002,1.633911e-002
8.779489e+002,1.629684e-002
8.784310e+002,1.625000e-002
8.789131e+002,1.619990e-002
8.793953e+002,1.614936e-002
8.798774e+002,1.610177e-002
8.803595e+002,1.605963e-002
8.808416e+002,1.602435e-002
8.813237e+002,1.599591e-002
8.818059e+002,1.597353e-002
8.822880e+002,1.595718e-002
8.827701e+002,1.594711e-002
8.832523e+002,1.594466e-002
8.837344e+002,1.595098e-002
8.842165e+002,1.596589e-002
8.846986e+002,1.598795e-002
8.851808e+002,1.601433e-002
8.856628e+002,1.604172e-002
8.861450e+002,1.606772e-002
8.866271e+002,1.609140e-002
8.871093e+002,1.611346e-002
8.875914e+002,1.613598e-002
8.880735e+002,1.616110e-002
8.885556e+002,1.619146e-002
8.890377e+002,1.622949e-002
8.895199e+002,1.627822e-002
8.900020e+002,1.634192e-002
8.904841e+002,1.642579e-002
8.909662e+002,1.653589e-002
8.914484e+002,1.667818e-002
8.919305e+002,1.685792e-002
8.924126e+002,1.707952e-002
8.928948e+002,1.734678e-002
8.933768e+002,1.766434e-002
8.938590e+002,1.803683e-002
8.943411e+002,1.846893e-002
8.948232e+002,1.896200e-002
8.953054e+002,1.951187e-002
8.957875e+002,2.010541e-002
8.962697e+002,2.072028e-002
8.967517e+002,2.132626e-002
8.972339e+002,2.188885e-002
8.977159e+002,2.237272e-002
8.981981e+002,2.274577e-002
8.986802e+002,2.298158e-002
8.991624e+002,2.306167e-002
8.996445e+002,2.297788e-002
9.001266e+002,2.273396e-002
9.006088e+002,2.234604e-002
9.010908e+002,2.184136e-002
9.015730e+002,2.125448e-002
9.020551e+002,2.062263e-002
9.025372e+002,1.998152e-002
9.030193e+002,1.936094e-002
9.035015e+002,1.878323e-002
9.039836e+002,1.826184e-002
9.044657e+002,1.780203e-002
9.049479e+002,1.740335e-002
9.054299e+002,1.706146e-002
9.059121e+002,1.677111e-002
9.063942e+002,1.652729e-002
9.068763e+002,1.632569e-002
9.073585e+002,1.616157e-002
9.078406e+002,1.602944e-002
9.083228e+002,1.592331e-002
9.088048e+002,1.583674e-002
9.092870e+002,1.576406e-002
9.097691e+002,1.570123e-002
9.102512e+002,1.564591e-002
9.107333e+002,1.559663e-002
9.112155e+002,1.555215e-002
9.116976e+002,1.551081e-002
9.121797e+002,1.547064e-002
9.126619e+002,1.543014e-002
9.131440e+002,1.538885e-002
9.136261e+002,1.534772e-002
9.141082e+002,1.530822e-002
9.145903e+002,1.527183e-002
9.150724e+002,1.523845e-002
9.155546e+002,1.520683e-002
9.160367e+002,1.517479e-002
9.165189e+002,1.514056e-002
9.170010e+002,1.510460e-002
9.174831e+002,1.506922e-002
9.179652e+002,1.503816e-002
9.184473e+002,1.501471e-002
9.189294e+002,1.500008e-002
9.194116e+002,1.499248e-002
9.198937e+002,1.498749e-002
9.203759e+002,1.498066e-002
9.208580e+002,1.496903e-002
9.213401e+002,1.495262e-002
9.218222e+002,1.493401e-002
9.223043e+002,1.491739e-002
9.227864e+002,1.490618e-002
9.232686e+002,1.490146e-002
9.237507e+002,1.490190e-002
9.242328e+002,1.490517e-002
9.247150e+002,1.490903e-002
9.251971e+002,1.491318e-002
9.256792e+002,1.491920e-002
9.261613e+002,1.493037e-002
9.266434e+002,1.494876e-002
9.271255e+002,1.497519e-002
9.276077e+002,1.500881e-002
9.280898e+002,1.504780e-002
9.285720e+002,1.509126e-002
9.290541e+002,1.513991e-002
9.295362e+002,1.519689e-002
9.300183e+002,1.526544e-002
9.305004e+002,1.534816e-002
9.309826e+002,1.544564e-002
9.314647e+002,1.555594e-002
9.319468e+002,1.567622e-002
9.324290e+002,1.580366e-002
9.329111e+002,1.593768e-002
9.333932e+002,1.607960e-002
9.338753e+002,1.623249e-002
9.343574e+002,1.639973e-002
9.348396e+002,1.658387e-002
9.353217e+002,1.678617e-002
9.358038e+002,1.700644e-002
9.362859e+002,1.724333e-002
9.367681e+002,1.749383e-002
9.372502e+002,1.775248e-002
9.377323e+002,1.801114e-002
9.382144e+002,1.825848e-002
9.386966e+002,1.848140e-002
9.391787e+002,1.866742e-002
9.396608e+002,1.880778e-002
9.401429e+002,1.889919e-002
9.406251e+002,1.894397e-002
9.411072e+002,1.894898e-002
9.415893e+002,1.892333e-002
9.420714e+002,1.887597e-002
9.425536e+002,1.881470e-002
9.430357e+002,1.874587e-002
9.435178e+002,1.867548e-002
9.439999e+002,1.861007e-002
9.444821e+002,1.855663e-002
9.449642e+002,1.852211e-002
9.454463e+002,1.851128e-002
9.459284e+002,1.852534e-002
9.464106e+002,1.856142e-002
9.468927e+002,1.861348e-002
9.473748e+002,1.867469e-002
9.478569e+002,1.873981e-002
9.483391e+002,1.880716e-002
9.488212e+002,1.887810e-002
9.493033e+002,1.895579e-002
9.497855e+002,1.904335e-002
9.502676e+002,1.914219e-002
9.507497e+002,1.925174e-002
9.512318e+002,1.937069e-002
9.517139e+002,1.949767e-002
9.521960e+002,1.963282e-002
9.526782e+002,1.977684e-002
9.531603e+002,1.993121e-002
9.536425e+002,2.009580e-002
9.541246e+002,2.026950e-002
9.546067e+002,2.045001e-002
9.550888e+002,2.063561e-002
9.555709e+002,2.082636e-002
9.560530e+002,2.102427e-002
9.565352e+002,2.123246e-002
9.570173e+002,2.145406e-002
9.574995e+002,2.168989e-002
9.579816e+002,2.193861e-002
9.584637e+002,2.219686e-002
9.589458e+002,2.246151e-002
9.594279e+002,2.273089e-002
9.599100e+002,2.300573e-002
9.603922e+002,2.328894e-002
9.608743e+002,2.358430e-002
9.613564e+002,2.389538e-002
9.618386e+002,2.422565e-002
9.623207e+002,2.457897e-002
9.628028e+002,2.496162e-002
9.632849e+002,2.538299e-002
9.637670e+002,2.585609e-002
9.642491e+002,2.639674e-002
9.647313e+002,2.702245e-002
9.652134e+002,2.775193e-002
9.656956e+002,2.860632e-002
9.661777e+002,2.961086e-002
9.666598e+002,3.079647e-002
9.671419e+002,3.219818e-002
9.676240e+002,3.385003e-002
9.681061e+002,3.577455e-002
9.685883e+002,3.797002e-002
9.690704e+002,4.039774e-002
9.695526e+002,4.297580e-002
9.700347e+002,4.558069e-002
9.705168e+002,4.805832e-002
9.709989e+002,5.024162e-002
9.714810e+002,5.197139e-002
9.719631e+002,5.311840e-002
9.724453e+002,5.360203e-002
9.729274e+002,5.340293e-002
9.734095e+002,5.256704e-002
9.738917e+002,5.119517e-002
9.743738e+002,4.942326e-002
9.748559e+002,4.739641e-002
9.753380e+002,4.524664e-002
9.758201e+002,4.307906e-002
9.763023e+002,4.096825e-002
9.767844e+002,3.896200e-002
9.772665e+002,3.708860e-002
9.777487e+002,3.536431e-002
9.782308e+002,3.379837e-002
9.787129e+002,3.239549e-002
9.791950e+002,3.115640e-002
9.796771e+002,3.007760e-002
9.801593e+002,2.915146e-002
9.806414e+002,2.836650e-002
9.811235e+002,2.770878e-002
9.816057e+002,2.716366e-002
9.820878e+002,2.671734e-002
9.825699e+002,2.635811e-002
9.830520e+002,2.607685e-002
9.835342e+002,2.586599e-002
9.840163e+002,2.571991e-002
9.844984e+002,2.563334e-002
9.849805e+002,2.560222e-002
9.854626e+002,2.562384e-002
9.859448e+002,2.569760e-002
9.864269e+002,2.582533e-002
9.869090e+002,2.601074e-002
9.873912e+002,2.625834e-002
9.878733e+002,2.657333e-002
9.883554e+002,2.696044e-002
9.888375e+002,2.742493e-002
9.893196e+002,2.797451e-002
9.898018e+002,2.862022e-002
9.902839e+002,2.937740e-002
9.907660e+002,3.026587e-002
9.912482e+002,3.130807e-002
9.917303e+002,3.252643e-002
9.922124e+002,3.394083e-002
9.926945e+002,3.556570e-002
9.931766e+002,3.740585e-002
9.936588e+002,3.945188e-002
9.941409e+002,4.167315e-002
9.946230e+002,4.401175e-002
9.951052e+002,4.637634e-002
9.955873e+002,4.864372e-002
9.960694e+002,5.066838e-002
9.965515e+002,5.230138e-002
9.970336e+002,5.341445e-002
9.975157e+002,5.392258e-002
9.979979e+002,5.379804e-002
9.984800e+002,5.307280e-002
9.989622e+002,5.183058e-002
9.994443e+002,5.019291e-002
9.999264e+002,4.830058e-002
1.000409e+003,4.629642e-002
1.000891e+003,4.430832e-002
1.001373e+003,4.243731e-002
1.001855e+003,4.075156e-002
1.002337e+003,3.928607e-002
1.002819e+003,3.804798e-002
1.003301e+003,3.702496e-002
1.003783e+003,3.619263e-002
1.004266e+003,3.552273e-002
1.004748e+003,3.498823e-002
1.005230e+003,3.456562e-002
1.005712e+003,3.423665e-002
1.006194e+003,3.398670e-002
1.006676e+003,3.380382e-002
1.007158e+003,3.367718e-002
1.007640e+003,3.359667e-002
1.008122e+003,3.355353e-002
1.008605e+003,3.354052e-002
1.009087e+003,3.355364e-002
1.009569e+003,3.359091e-002
1.010051e+003,3.365197e-002
1.010533e+003,3.373645e-002
1.011015e+003,3.384320e-002
1.011497e+003,3.396962e-002
1.011979e+003,3.411241e-002
1.012462e+003,3.426895e-002
1.012944e+003,3.443812e-002
1.013426e+003,3.462049e-002
1.013908e+003,3.481734e-002
1.014390e+003,3.502884e-002
1.014872e+003,3.525341e-002
1.015354e+003,3.548680e-002
1.015836e+003,3.572439e-002
1.016319e+003,3.596148e-002
1.016801e+003,3.619601e-002
1.017283e+003,3.642827e-002
1.017765e+003,3.666012e-002
1.018247e+003,3.689314e-002
1.018729e+003,3.712773e-002
1.019211e+003,3.736171e-002
1.019693e+003,3.759184e-002
1.020176e+003,3.781478e-002
1.020658e+003,3.802907e-002
1.021140e+003,3.823473e-002
1.021622e+003,3.843274e-002
1.022104e+003,3.862340e-002
1.022586e+003,3.880569e-002
1.023068e+003,3.897639e-002
1.023550e+003,3.913285e-002
1.024033e+003,3.927306e-002
1.024515e+003,3.939845e-002
1.024997e+003,3.951282e-002
1.025479e+003,3.962076e-002
1.025961e+003,3.972597e-002
1.026443e+003,3.982998e-002
1.026925e+003,3.993110e-002
1.027407e+003,4.002629e-002
1.027890e+003,4.011258e-002
1.028372e+003,4.018907e-002
1.028854e+003,4.025659e-002
1.029336e+003,4.031676e-002
1.029818e+003,4.037046e-002
1.030300e+003,4.041674e-002
1.030782e+003,4.045239e-002
1.031264e+003,4.047390e-002
1.031747e+003,4.047895e-002
1.032229e+003,4.046788e-002
1.032711e+003,4.044323e-002
1.033193e+003,4.040906e-002
1.033675e+003,4.036814e-002
1.034157e+003,4.032126e-002
1.034639e+003,4.026667e-002
1.035121e+003,4.020134e-002
1.035604e+003,4.012273e-002
1.036086e+003,4.003097e-002
1.036568e+003,3.992836e-002
1.037050e+003,3.981961e-002
1.037532e+003,3.970964e-002
1.038014e+003,3.960294e-002
1.038496e+003,3.950362e-002
1.038979e+003,3.941526e-002
1.039461e+003,3.934237e-002
1.039943e+003,3.929043e-002
1.040425e+003,3.926457e-002
1.040907e+003,3.926772e-002
1.041389e+003,3.929852e-002
1.041871e+003,3.935022e-002
1.042353e+003,3.941097e-002
1.042835e+003,3.946663e-002
1.043318e+003,3.950407e-002
1.043800e+003,3.951452e-002
1.044282e+003,3.949467e-002
1.044764e+003,3.944694e-002
1.045246e+003,3.937690e-002
1.045728e+003,3.929177e-002
1.046210e+003,3.919832e-002
1.046692e+003,3.910301e-002
1.047175e+003,3.901209e-002
1.047657e+003,3.893233e-002
1.048139e+003,3.887051e-002
1.048621e+003,3.883197e-002
1.049103e+003,3.882033e-002
1.049585e+003,3.883590e-002
1.050067e+003,3.887545e-002
1.050549e+003,3.893438e-002
1.051031e+003,3.900816e-002
1.051514e+003,3.909456e-002
1.051996e+003,3.919356e-002
1.052478e+003,3.930706e-002
1.052960e+003,3.943652e-002
1.053442e+003,3.958172e-002
1.053924e+003,3.973903e-002
1.054406e+003,3.990302e-002
1.054889e+003,4.006754e-002
1.055371e+003,4.022765e-002
1.055853e+003,4.038068e-002
1.056335e+003,4.052573e-002
1.056817e+003,4.066278e-002
1.057299e+003,4.079205e-002
1.057781e+003,4.091285e-002
1.058263e+003,4.102496e-002
1.058746e+003,4.112900e-002
1.059228e+003,4.122734e-002
1.059710e+003,4.132327e-002
1.060192e+003,4.141977e-002
1.060674e+003,4.151772e-002
1.061156e+003,4.161574e-002
1.061638e+003,4.170984e-002
1.062120e+003,4.179624e-002
1.062603e+003,4.187282e-002
1.063085e+003,4.194072e-002
1.063567e+003,4.200428e-002
1.064049e+003,4.206888e-002
1.064531e+003,4.213914e-002
1.065013e+003,4.221683e-002
1.065495e+003,4.230107e-002
1.065977e+003,4.238923e-002
1.066460e+003,4.247954e-002
1.066942e+003,4.257202e-002
1.067424e+003,4.266979e-002
1.067906e+003,4.277694e-002
1.068388e+003,4.289774e-002
1.068870e+003,4.303446e-002
1.069352e+003,4.318712e-002
1.069834e+003,4.335487e-002
1.070317e+003,4.353729e-002
1.070799e+003,4.373512e-002
1.071281e+003,4.395033e-002
1.071763e+003,4.418463e-002
1.072245e+003,4.443822e-002
1.072727e+003,4.470867e-002
1.073209e+003,4.499183e-002
1.073691e+003,4.528392e-002
1.074174e+003,4.558337e-002
1.074656e+003,4.589247e-002
1.075138e+003,4.621629e-002
1.075620e+003,4.656027e-002
1.076102e+003,4.692717e-002
1.076584e+003,4.731579e-002
1.077066e+003,4.772078e-002
1.077548e+003,4.813502e-002
1.078031e+003,4.855309e-002
1.078513e+003,4.897270e-002
1.078995e+003,4.939450e-002
1.079477e+003,4.982037e-002
1.079959e+003,5.024979e-002
1.080441e+003,5.067896e-002
1.080923e+003,5.110040e-002
1.081406e+003,5.150635e-002
1.081888e+003,5.189157e-002
1.082370e+003,5.225573e-002
1.082852e+003,5.260331e-002
1.083334e+003,5.294089e-002
1.083816e+003,5.327390e-002
1.084298e+003,5.360500e-002
1.084780e+003,5.393351e-002
1.085262e+003,5.425760e-002
1.085745e+003,5.457738e-002
1.086227e+003,5.489559e-002
1.086709e+003,5.521695e-002
1.087191e+003,5.554583e-002
1.087673e+003,5.588295e-002
1.088155e+003,5.622450e-002
1.088637e+003,5.656319e-002
1.089119e+003,5.689124e-002
1.089602e+003,5.720480e-002
1.090084e+003,5.750442e-002
1.090566e+003,5.779486e-002
1.091048e+003,5.808129e-002
1.091530e+003,5.836549e-002
1.092012e+003,5.864359e-002
1.092494e+003,5.890741e-002
1.092976e+003,5.914746e-002
1.093458e+003,5.935701e-002
1.093941e+003,5.953461e-002
1.094423e+003,5.968343e-002
1.094905e+003,5.980865e-002
1.095387e+003,5.991390e-002
1.095869e+003,5.999983e-002
1.096351e+003,6.006476e-002
1.096833e+003,6.010677e-002
1.097316e+003,6.012683e-002
1.097798e+003,6.013001e-002
1.098280e+003,6.012232e-002
1.098762e+003,6.010799e-002
1.099244e+003,6.008576e-002
1.099726e+003,6.004702e-002
1.100208e+003,5.997819e-002
1.100690e+003,5.986416e-002
1.101173e+003,5.969366e-002
1.101655e+003,5.946128e-002
1.102137e+003,5.916804e-002
1.102619e+003,5.881898e-002
1.103101e+003,5.842047e-002
1.103583e+003,5.797877e-002
1.104065e+003,5.750084e-002
1.104547e+003,5.699691e-002
1.105030e+003,5.648120e-002
1.105512e+003,5.597245e-002
1.105994e+003,5.549088e-002
1.106476e+003,5.505497e-002
1.106958e+003,5.467766e-002
1.107440e+003,5.436532e-002
1.107922e+003,5.411823e-002
1.108404e+003,5.393428e-002
1.108886e+003,5.381084e-002
1.109369e+003,5.374751e-002
1.109851e+003,5.374526e-002
1.110333e+003,5.380451e-002
1.110815e+003,5.392253e-002
1.111297e+003,5.409254e-002
1.111779e+003,5.430371e-002
1.112261e+003,5.454436e-002
1.112744e+003,5.480495e-002
1.113226e+003,5.507855e-002
1.113708e+003,5.536151e-002
1.114190e+003,5.565015e-002
1.114672e+003,5.593811e-002
1.115154e+003,5.621504e-002
1.115636e+003,5.646732e-002
1.116118e+003,5.668215e-002
1.116601e+003,5.684993e-002
1.117083e+003,5.696728e-002
1.117565e+003,5.703489e-002
1.118047e+003,5.705529e-002
1.118529e+003,5.702855e-002
1.119011e+003,5.695133e-002
1.119493e+003,5.681715e-002
1.119975e+003,5.662020e-002
1.120458e+003,5.635857e-002
1.120940e+003,5.603670e-002
1.121422e+003,5.566420e-002
1.121904e+003,5.525328e-002
1.122386e+003,5.481504e-002
1.122868e+003,5.435888e-002
1.123350e+003,5.389100e-002
1.123832e+003,5.341818e-002
1.124314e+003,5.294945e-002
1.124797e+003,5.249741e-002
1.125279e+003,5.207739e-002
1.125761e+003,5.170548e-002
1.126243e+003,5.139492e-002
1.126725e+003,5.115565e-002
1.127207e+003,5.099277e-002
1.127689e+003,5.090989e-002
1.128172e+003,5.091033e-002
1.128654e+003,5.099885e-002
1.129136e+003,5.118211e-002
1.129618e+003,5.146616e-002
1.130100e+003,5.185439e-002
1.130582e+003,5.234558e-002
1.131064e+003,5.293405e-002
1.131546e+003,5.361162e-002
1.132029e+003,5.437079e-002
1.132511e+003,5.520677e-002
1.132993e+003,5.611793e-002
1.133475e+003,5.710309e-002
1.133957e+003,5.815837e-002
1.134439e+003,5.927527e-002
1.134921e+003,6.043970e-002
1.135403e+003,6.163535e-002
1.135885e+003,6.284804e-002
1.136368e+003,6.406854e-002
1.136850e+003,6.529302e-002
1.137332e+003,6.652012e-002
1.137814e+003,6.774673e-002
1.138296e+003,6.896523e-002
1.138778e+003,7.016297e-002
1.139260e+003,7.132702e-002
1.139742e+003,7.244700e-002
1.140225e+003,7.351915e-002
1.140707e+003,7.454594e-002
1.141189e+003,7.553262e-002
1.141671e+003,7.648275e-002
1.142153e+003,7.739612e-002
1.142635e+003,7.826895e-002
1.143117e+003,7.909823e-002
1.143599e+003,7.988627e-002
1.144082e+003,8.064232e-002
1.144564e+003,8.138131e-002
1.145046e+003,8.211856e-002
1.145528e+003,8.286545e-002
1.146010e+003,8.362584e-002
1.146492e+003,8.439779e-002
1.146974e+003,8.517812e-002
1.147457e+003,8.596613e-002
1.147939e+003,8.676592e-002
1.148421e+003,8.758425e-002
1.148903e+003,8.842428e-002
1.149385e+003,8.928217e-002
1.149867e+003,9.014378e-002
1.150349e+003,9.098901e-002
1.150831e+003,9.179720e-002
1.151313e+003,9.255538e-002
1.151796e+003,9.326118e-002
1.152278e+003,9.392130e-002
1.152760e+003,9.454583e-002
1.153242e+003,9.514267e-002
1.153724e+003,9.571400e-002
1.154206e+003,9.625750e-002
1.154688e+003,9.677226e-002
1.155170e+003,9.726239e-002
1.155653e+003,9.773976e-002
1.156135e+003,9.821941e-002
1.156617e+003,9.871382e-002
1.157099e+003,9.922797e-002
1.157581e+003,9.975664e-002
1.158063e+003,1.002893e-001
1.158545e+003,1.008164e-001
1.159027e+003,1.013373e-001
1.159510e+003,1.018618e-001
1.159992e+003,1.024068e-001
1.160474e+003,1.029900e-001
1.160956e+003,1.036212e-001
1.161438e+003,1.043001e-001
1.161920e+003,1.050174e-001
1.162402e+003,1.057612e-001
1.162885e+003,1.065212e-001
1.163367e+003,1.072899e-001
1.163849e+003,1.080574e-001
1.164331e+003,1.088027e-001
1.164813e+003,1.094862e-001
1.165295e+003,1.100480e-001
1.165777e+003,1.104143e-001
1.166259e+003,1.105099e-001
1.166741e+003,1.102729e-001
1.167224e+003,1.096641e-001
1.167706e+003,1.086693e-001
1.168188e+003,1.072968e-001
1.168670e+003,1.055731e-001
1.169152e+003,1.035399e-001
1.169634e+003,1.012544e-001
1.170116e+003,9.878858e-002
1.170598e+003,9.622493e-002
1.171081e+003,9.364796e-002
1.171563e+003,9.113234e-002
1.172045e+003,8.873378e-002
1.172527e+003,8.648377e-002
1.173009e+003,8.439220e-002
1.173491e+003,8.245376e-002
1.173973e+003,8.065690e-002
1.174455e+003,7.899075e-002
1.174938e+003,7.744780e-002
1.175420e+003,7.602295e-002
1.175902e+003,7.470978e-002
1.176384e+003,7.349769e-002
1.176866e+003,7.237147e-002
1.177348e+003,7.131394e-002
1.177830e+003,7.030986e-002
1.178313e+003,6.934994e-002
1.178795e+003,6.843076e-002
1.179277e+003,6.755394e-002
1.179759e+003,6.672159e-002
1.180241e+003,6.593362e-002
1.180723e+003,6.518555e-002
1.181205e+003,6.447057e-002
1.181687e+003,6.378179e-002
1.182169e+003,6.311516e-002
1.182652e+003,6.247073e-002
1.183134e+003,6.185055e-002
1.183616e+003,6.125665e-002
1.184098e+003,6.068813e-002
1.184580e+003,6.014082e-002
1.185062e+003,5.960817e-002
1.185544e+003,5.908519e-002
1.186026e+003,5.856982e-002
1.186509e+003,5.806461e-002
1.186991e+003,5.757461e-002
1.187473e+003,5.710470e-002
1.187955e+003,5.665511e-002
1.188437e+003,5.622281e-002
1.188919e+003,5.580013e-002
1.189401e+003,5.537922e-002
1.189883e+003,5.495539e-002
1.190366e+003,5.452834e-002
1.190848e+003,5.410190e-002
1.191330e+003,5.368210e-002
1.191812e+003,5.327316e-002
1.192294e+003,5.287634e-002
1.192776e+003,5.248973e-002
1.193258e+003,5.211006e-002
1.193740e+003,5.173526e-002
1.194223e+003,5.136539e-002
1.194705e+003,5.100339e-002
1.195187e+003,5.065290e-002
1.195669e+003,5.031586e-002
1.196151e+003,4.999201e-002
1.196633e+003,4.967835e-002
1.197115e+003,4.937183e-002
1.197597e+003,4.907040e-002
1.198080e+003,4.877624e-002
1.198562e+003,4.849362e-002
1.199044e+003,4.822840e-002
1.199526e+003,4.798454e-002
1.200008e+003,4.776327e-002
1.200490e+003,4.756235e-002
1.200972e+003,4.737795e-002
1.201454e+003,4.720685e-002
1.201937e+003,4.704838e-002
1.202419e+003,4.690535e-002
1.202901e+003,4.678138e-002
1.203383e+003,4.667995e-002
1.203865e+003,4.660180e-002
1.204347e+003,4.654421e-002
1.204829e+003,4.650307e-002
1.205312e+003,4.647436e-002
1.205794e+003,4.645606e-002
1.206276e+003,4.644874e-002
1.206758e+003,4.645428e-002
1.207240e+003,4.647415e-002
1.207722e+003,4.650763e-002
1.208204e+003,4.655138e-002
1.208686e+003,4.660138e-002
1.209168e+003,4.665466e-002
1.209651e+003,4.671067e-002
1.210133e+003,4.677245e-002
1.210615e+003,4.684427e-002
1.211097e+003,4.692974e-002
1.211579e+003,4.702946e-002
1.212061e+003,4.714092e-002
1.212543e+003,4.726004e-002
1.213025e+003,4.738331e-002
1.213508e+003,4.751030e-002
1.213990e+003,4.764355e-002
1.214472e+003,4.778761e-002
1.214954e+003,4.794574e-002
1.215436e+003,4.811805e-002
1.215918e+003,4.830059e-002
1.216400e+003,4.848662e-002
1.216882e+003,4.866934e-002
1.217365e+003,4.884437e-002
1.217847e+003,4.901014e-002
1.218329e+003,4.916739e-002
1.218811e+003,4.931649e-002
1.219293e+003,4.945622e-002
1.219775e+003,4.958326e-002
1.220257e+003,4.969353e-002
1.220740e+003,4.978533e-002
1.221222e+003,4.986073e-002
1.221704e+003,4.992625e-002
1.222186e+003,4.999019e-002
1.222668e+003,5.006048e-002
1.223150e+003,5.014158e-002
1.223632e+003,5.023412e-002
1.224114e+003,5.033626e-002
1.224596e+003,5.044552e-002
1.225079e+003,5.056175e-002
1.225561e+003,5.068709e-002
1.226043e+003,5.082464e-002
1.226525e+003,5.097605e-002
1.227007e+003,5.113941e-002
1.227489e+003,5.130924e-002
1.227971e+003,5.147849e-002
1.228453e+003,5.164173e-002
1.228936e+003,5.179672e-002
1.229418e+003,5.194579e-002
1.229900e+003,5.209361e-002
1.230382e+003,5.224424e-002
1.230864e+003,5.239892e-002
1.231346e+003,5.255484e-002
1.231828e+003,5.270746e-002
1.232310e+003,5.285269e-002
1.232792e+003,5.298939e-002
1.233275e+003,5.312002e-002
1.233757e+003,5.324779e-002
1.234239e+003,5.337528e-002
1.234721e+003,5.350131e-002
1.235203e+003,5.362080e-002
1.235685e+003,5.372686e-002
1.236167e+003,5.381401e-002
1.236650e+003,5.388033e-002
1.237132e+003,5.392826e-002
1.237614e+003,5.396220e-002
1.238096e+003,5.398545e-002
1.238578e+003,5.399798e-002
1.239060e+003,5.399575e-002
1.239542e+003,5.397268e-002
1.240024e+003,5.392382e-002
1.240507e+003,5.384794e-002
1.240989e+003,5.374732e-002
1.241471e+003,5.362673e-002
1.241953e+003,5.349017e-002
1.242435e+003,5.333814e-002
1.242917e+003,5.316805e-002
1.243399e+003,5.297574e-002
1.243881e+003,5.275778e-002
1.244364e+003,5.251526e-002
1.244846e+003,5.225322e-002
1.245328e+003,5.197883e-002
1.245810e+003,5.169953e-002
1.246292e+003,5.141993e-002
1.246774e+003,5.114185e-002
1.247256e+003,5.086580e-002
1.247738e+003,5.059407e-002
1.248220e+003,5.033290e-002
1.248703e+003,5.009276e-002
1.249185e+003,4.988772e-002
1.249667e+003,4.973206e-002
1.250149e+003,4.963744e-002
1.250631e+003,4.961150e-002
1.251113e+003,4.965647e-002
1.251595e+003,4.976985e-002
1.252078e+003,4.994408e-002
1.252560e+003,5.016525e-002
1.253042e+003,5.041239e-002
1.253524e+003,5.065579e-002
1.254006e+003,5.085884e-002
1.254488e+003,5.098251e-002
1.254970e+003,5.099256e-002
1.255452e+003,5.086819e-002
1.255935e+003,5.060643e-002
1.256417e+003,5.022258e-002
1.256899e+003,4.974551e-002
1.257381e+003,4.920939e-002
1.257863e+003,4.864570e-002
1.258345e+003,4.807921e-002
1.258827e+003,4.752646e-002
1.259309e+003,4.699734e-002
1.259792e+003,4.649829e-002
1.260274e+003,4.603441e-002
1.260756e+003,4.560985e-002
1.261238e+003,4.522650e-002
1.261720e+003,4.488195e-002
1.262202e+003,4.456957e-002
1.262684e+003,4.427985e-002
1.263166e+003,4.400345e-002
1.263648e+003,4.373387e-002
1.264131e+003,4.346881e-002
1.264613e+003,4.321007e-002
1.265095e+003,4.296077e-002
1.265577e+003,4.272233e-002
1.266059e+003,4.249323e-002
1.266541e+003,4.226977e-002
1.267023e+003,4.204780e-002
1.267505e+003,4.182604e-002
1.267988e+003,4.160696e-002
1.268470e+003,4.139632e-002
1.268952e+003,4.120065e-002
1.269434e+003,4.102465e-002
1.269916e+003,4.086927e-002
1.270398e+003,4.073228e-002
1.270880e+003,4.061052e-002
1.271363e+003,4.050257e-002
1.271845e+003,4.041028e-002
1.272327e+003,4.033793e-002
1.272809e+003,4.028993e-002
1.273291e+003,4.026753e-002
1.273773e+003,4.026716e-002
1.274255e+003,4.028109e-002
1.274737e+003,4.030014e-002
1.275219e+003,4.031765e-002
1.275702e+003,4.033040e-002
1.276184e+003,4.033918e-002
1.276666e+003,4.034613e-002
1.277148e+003,4.035209e-002
1.277630e+003,4.035398e-002
1.278112e+003,4.034567e-002
1.278594e+003,4.031993e-002
1.279076e+003,4.027165e-002
1.279559e+003,4.020001e-002
1.280041e+003,4.010756e-002
1.280523e+003,3.999905e-002
1.281005e+003,3.987820e-002
1.281487e+003,3.974571e-002
1.281969e+003,3.959964e-002
1.282451e+003,3.943791e-002
1.282933e+003,3.926086e-002
1.283416e+003,3.907286e-002
1.283898e+003,3.888229e-002
1.284380e+003,3.869862e-002
1.284862e+003,3.852919e-002
1.285344e+003,3.837730e-002
1.285826e+003,3.824243e-002
1.286308e+003,3.812242e-002
1.286791e+003,3.801745e-002
1.287273e+003,3.793121e-002
1.287755e+003,3.787163e-002
1.288237e+003,3.784749e-002
1.288719e+003,3.786490e-002
1.289201e+003,3.792436e-002
1.289683e+003,3.802150e-002
1.290165e+003,3.814831e-002
1.290647e+003,3.829781e-002
1.291130e+003,3.846628e-002
1.291612e+003,3.865251e-002
1.292094e+003,3.885597e-002
1.292576e+003,3.907297e-002
1.293058e+003,3.929534e-002
1.293540e+003,3.951008e-002
1.294022e+003,3.970373e-002
1.294504e+003,3.986616e-002
1.294987e+003,3.999341e-002
1.295469e+003,4.008831e-002
1.295951e+003,4.015816e-002
1.296433e+003,4.021088e-002
1.296915e+003,4.025260e-002
1.297397e+003,4.028774e-002
1.297879e+003,4.032091e-002
1.298361e+003,4.035996e-002
1.298844e+003,4.041873e-002
1.299326e+003,4.051616e-002
1.299808e+003,4.067161e-002
1.300290e+003,4.090061e-002
1.300772e+003,4.120795e-002
1.301254e+003,4.158491e-002
1.301736e+003,4.200850e-002
1.302219e+003,4.244385e-002
1.302701e+003,4.284839e-002
1.303183e+003,4.317560e-002
1.303665e+003,4.338000e-002
1.304147e+003,4.342250e-002
1.304629e+003,4.327695e-002
1.305111e+003,4.293603e-002
1.305593e+003,4.241573e-002
1.306075e+003,4.175464e-002
1.306558e+003,4.100775e-002
1.307040e+003,4.023746e-002
1.307522e+003,3.950188e-002
1.308004e+003,3.884481e-002
1.308486e+003,3.828952e-002
1.308968e+003,3.783872e-002
1.309450e+003,3.748053e-002
1.309932e+003,3.719770e-002
1.310415e+003,3.697532e-002
1.310897e+003,3.680429e-002
1.311379e+003,3.668068e-002
1.311861e+003,3.660132e-002
1.312343e+003,3.656010e-002
1.312825e+003,3.654654e-002
1.313307e+003,3.654837e-002
1.313789e+003,3.655640e-002
1.314272e+003,3.656772e-002
1.314754e+003,3.658615e-002
1.315236e+003,3.661853e-002
1.315718e+003,3.666849e-002
1.316200e+003,3.673346e-002
1.316682e+003,3.680450e-002
1.317164e+003,3.686988e-002
1.317646e+003,3.692050e-002
1.318129e+003,3.695524e-002
1.318611e+003,3.698106e-002
1.319093e+003,3.700908e-002
1.319575e+003,3.704873e-002
1.320057e+003,3.710286e-002
1.320539e+003,3.716757e-002
1.321021e+003,3.723644e-002
1.321503e+003,3.730591e-002
1.321986e+003,3.737871e-002
1.322468e+003,3.746302e-002
1.322950e+003,3.756697e-002
1.323432e+003,3.769392e-002
1.323914e+003,3.783746e-002
1.324396e+003,3.798277e-002
1.324878e+003,3.811244e-002
1.325360e+003,3.821340e-002
1.325843e+003,3.828279e-002
1.326325e+003,3.832672e-002
1.326807e+003,3.835654e-002
1.327289e+003,3.838096e-002
1.327771e+003,3.839993e-002
1.328253e+003,3.840484e-002
1.328735e+003,3.838269e-002
1.329218e+003,3.832309e-002
1.329700e+003,3.822468e-002
1.330182e+003,3.809601e-002
1.330664e+003,3.795249e-002
1.331146e+003,3.780890e-002
1.331628e+003,3.767489e-002
1.332110e+003,3.755254e-002
1.332592e+003,3.743960e-002
1.333074e+003,3.733516e-002
1.333557e+003,3.724429e-002
1.334039e+003,3.717790e-002
1.334521e+003,3.715017e-002
1.335003e+003,3.717095e-002
1.335485e+003,3.724128e-002
1.335967e+003,3.735230e-002
1.336449e+003,3.749061e-002
1.336931e+003,3.764554e-002
1.337414e+003,3.781697e-002
1.337896e+003,3.801571e-002
1.338378e+003,3.825761e-002
1.338860e+003,3.855180e-002
1.339342e+003,3.889003e-002
1.339824e+003,3.924558e-002
1.340306e+003,3.958532e-002
1.340788e+003,3.988762e-002
1.341271e+003,4.015215e-002
1.341753e+003,4.039731e-002
1.342235e+003,4.064858e-002
1.342717e+003,4.092775e-002
1.343199e+003,4.124362e-002
1.343681e+003,4.159301e-002
1.344163e+003,4.196455e-002
1.344646e+003,4.234879e-002
1.345128e+003,4.274373e-002
1.345610e+003,4.315845e-002
1.346092e+003,4.360673e-002
1.346574e+003,4.409952e-002
1.347056e+003,4.463779e-002
1.347538e+003,4.521206e-002
1.348020e+003,4.580921e-002
1.348502e+003,4.642190e-002
1.348985e+003,4.705524e-002
1.349467e+003,4.772799e-002
1.349949e+003,4.846286e-002
1.350431e+003,4.927811e-002
1.350913e+003,5.017990e-002
1.351395e+003,5.116498e-002
1.351877e+003,5.223041e-002
1.352359e+003,5.338413e-002
1.352842e+003,5.464996e-002
1.353324e+003,5.606132e-002
1.353806e+003,5.764458e-002
1.354288e+003,5.939957e-002
1.354770e+003,6.128529e-002
1.355252e+003,6.322336e-002
1.355734e+003,6.511443e-002
1.356216e+003,6.686398e-002
1.356698e+003,6.839880e-002
1.357181e+003,6.967112e-002
1.357663e+003,7.064989e-002
1.358145e+003,7.131121e-002
1.358627e+003,7.163374e-002
1.359109e+003,7.160325e-002
1.359591e+003,7.122287e-002
1.360073e+003,7.052343e-002
1.360556e+003,6.956656e-002
1.361038e+003,6.844199e-002
1.361520e+003,6.725688e-002
1.362002e+003,6.611798e-002
1.362484e+003,6.511305e-002
1.362966e+003,6.429704e-002
1.363448e+003,6.369455e-002
1.363930e+003,6.331597e-002
1.364413e+003,6.317689e-002
1.364895e+003,6.330618e-002
1.365377e+003,6.374535e-002
1.365859e+003,6.454270e-002
1.366341e+003,6.575308e-002
1.366823e+003,6.744143e-002
1.367305e+003,6.968813e-002
1.367787e+003,7.259086e-002
1.368270e+003,7.625315e-002
1.368752e+003,8.075807e-002
1.369234e+003,8.614092e-002
1.369716e+003,9.237968e-002
1.370198e+003,9.941739e-002
1.370680e+003,1.072120e-001
1.371162e+003,1.157891e-001
1.371644e+003,1.252699e-001
1.372126e+003,1.358384e-001
1.372609e+003,1.476206e-001
1.373091e+003,1.604643e-001
1.373573e+003,1.736920e-001
1.374055e+003,1.860198e-001
1.374537e+003,1.958487e-001
1.375019e+003,2.018665e-001
1.375501e+003,2.035302e-001
1.375984e+003,2.010792e-001
1.376466e+003,1.951922e-001
1.376948e+003,1.866396e-001
1.377430e+003,1.761288e-001
1.377912e+003,1.643145e-001
1.378394e+003,1.518530e-001
1.378876e+003,1.394012e-001
1.379358e+003,1.275337e-001
1.379841e+003,1.166394e-001
1.380323e+003,1.068690e-001
1.380805e+003,9.817438e-002
1.381287e+003,9.040704e-002
1.381769e+003,8.342120e-002
1.382251e+003,7.713519e-002
1.382733e+003,7.153373e-002
1.383215e+003,6.662738e-002
1.383698e+003,6.240351e-002
1.384180e+003,5.879834e-002
1.384662e+003,5.570400e-002
1.385144e+003,5.299574e-002
1.385626e+003,5.056505e-002
1.386108e+003,4.834724e-002
1.386590e+003,4.632988e-002
1.387072e+003,4.453788e-002
1.387554e+003,4.299938e-002
1.388037e+003,4.171422e-002
1.388519e+003,4.065160e-002
1.389001e+003,3.976646e-002
1.389483e+003,3.902047e-002
1.389965e+003,3.838946e-002
1.390447e+003,3.785972e-002
1.390929e+003,3.741800e-002
1.391411e+003,3.704743e-002
1.391894e+003,3.672623e-002
1.392376e+003,3.643405e-002
1.392858e+003,3.615905e-002
1.393340e+003,3.590349e-002
1.393822e+003,3.568308e-002
1.394304e+003,3.551776e-002
1.394786e+003,3.541660e-002
1.395269e+003,3.536915e-002
1.395751e+003,3.535092e-002
1.396233e+003,3.533964e-002
1.396715e+003,3.532899e-002
1.397197e+003,3.532955e-002
1.397679e+003,3.536035e-002
1.398161e+003,3.543584e-002
1.398643e+003,3.555360e-002
1.399125e+003,3.569243e-002
1.399608e+003,3.582155e-002
1.400090e+003,3.591868e-002
1.400572e+003,3.597939e-002
1.401054e+003,3.601586e-002
1.401536e+003,3.604432e-002
1.402018e+003,3.607535e-002
1.402500e+003,3.610754e-002
1.402982e+003,3.612882e-002
1.403465e+003,3.612051e-002
1.403947e+003,3.606802e-002
1.404429e+003,3.596972e-002
1.404911e+003,3.584082e-002
1.405393e+003,3.570533e-002
1.405875e+003,3.558449e-002
1.406357e+003,3.548710e-002
1.406839e+003,3.541103e-002
1.407322e+003,3.535138e-002
1.407804e+003,3.530883e-002
1.408286e+003,3.529338e-002
1.408768e+003,3.532188e-002
1.409250e+003,3.541238e-002
1.409732e+003,3.557542e-002
1.410214e+003,3.580865e-002
1.410697e+003,3.609892e-002
1.411179e+003,3.642771e-002
1.411661e+003,3.678107e-002
1.412143e+003,3.715279e-002
1.412625e+003,3.754383e-002
1.413107e+003,3.795419e-002
1.413589e+003,3.837670e-002
1.414071e+003,3.879516e-002
1.414553e+003,3.918855e-002
1.415036e+003,3.953807e-002
1.415518e+003,3.983571e-002
1.416000e+003,4.008606e-002
1.416482e+003,4.030227e-002
1.416964e+003,4.049728e-002
1.417446e+003,4.067165e-002
1.417928e+003,4.080489e-002
1.418410e+003,4.086326e-002
1.418893e+003,4.082345e-002
1.419375e+003,4.069860e-002
1.419857e+003,4.053625e-002
1.420339e+003,4.038734e-002
1.420821e+003,4.027872e-002
1.421303e+003,4.021156e-002
1.421785e+003,4.017090e-002
1.422267e+003,4.014304e-002
1.422750e+003,4.012404e-002
1.423232e+003,4.012813e-002
1.423714e+003,4.018164e-002
1.424196e+003,4.031122e-002
1.424678e+003,4.052534e-002
1.425160e+003,4.080925e-002
1.425642e+003,4.113774e-002
1.426125e+003,4.149474e-002
1.426607e+003,4.188690e-002
1.427089e+003,4.234765e-002
1.427571e+003,4.293026e-002
1.428053e+003,4.369582e-002
1.428535e+003,4.469314e-002
1.429017e+003,4.594374e-002
1.429499e+003,4.743830e-002
1.429981e+003,4.914930e-002
1.430464e+003,5.105053e-002
1.430946e+003,5.312386e-002
1.431428e+003,5.534945e-002
1.431910e+003,5.768857e-002
1.432392e+003,6.007642e-002
1.432874e+003,6.243171e-002
1.433356e+003,6.467354e-002
1.433838e+003,6.673709e-002
1.434321e+003,6.857748e-002
1.434803e+003,7.016302e-002
1.435285e+003,7.146545e-002
1.435767e+003,7.245781e-002
1.436249e+003,7.313336e-002
1.436731e+003,7.353786e-002
1.437213e+003,7.377859e-002
1.437696e+003,7.398731e-002
1.438177e+003,7.427313e-002
1.438660e+003,7.470742e-002
1.439142e+003,7.533369e-002
1.439624e+003,7.618262e-002
1.440106e+003,7.727884e-002
1.440588e+003,7.864393e-002
1.441070e+003,8.029560e-002
1.441552e+003,8.224965e-002
1.442035e+003,8.451825e-002
1.442517e+003,8.710714e-002
1.442999e+003,9.000693e-002
1.443481e+003,9.318855e-002
1.443963e+003,9.660600e-002
1.444445e+003,1.002116e-001
1.444927e+003,1.039775e-001
1.445409e+003,1.079129e-001
1.445892e+003,1.120606e-001
1.446374e+003,1.164641e-001
1.446856e+003,1.211078e-001
1.447338e+003,1.258552e-001
1.447820e+003,1.304442e-001
1.448302e+003,1.345709e-001
1.448784e+003,1.380246e-001
1.449266e+003,1.407719e-001
1.449749e+003,1.429321e-001
1.450231e+003,1.446907e-001
1.450713e+003,1.462132e-001
1.451195e+003,1.475965e-001
1.451677e+003,1.488665e-001
1.452159e+003,1.500015e-001
1.452641e+003,1.509748e-001
1.453124e+003,1.517892e-001
1.453605e+003,1.524859e-001
1.454088e+003,1.531273e-001
1.454570e+003,1.537655e-001
1.455052e+003,1.544073e-001
1.455534e+003,1.549832e-001
1.456016e+003,1.553336e-001
1.456498e+003,1.552592e-001
1.456980e+003,1.546735e-001
1.457463e+003,1.537309e-001
1.457945e+003,1.527107e-001
1.458427e+003,1.517683e-001
1.458909e+003,1.508792e-001
1.459391e+003,1.499505e-001
1.459873e+003,1.489193e-001
1.460355e+003,1.477806e-001
1.460837e+003,1.465653e-001
1.461320e+003,1.453049e-001
1.461802e+003,1.439931e-001
1.462284e+003,1.425603e-001
1.462766e+003,1.408639e-001
1.463248e+003,1.387072e-001
1.463730e+003,1.359036e-001
1.464212e+003,1.323836e-001
1.464694e+003,1.282792e-001
1.465177e+003,1.238856e-001
1.465659e+003,1.194926e-001
1.466141e+003,1.152334e-001
1.466623e+003,1.110758e-001
1.467105e+003,1.069172e-001
1.467587e+003,1.026829e-001
1.468069e+003,9.836996e-002
1.468552e+003,9.403765e-002
1.469033e+003,8.976131e-002
1.469516e+003,8.557742e-002
1.469998e+003,8.144128e-002
1.470480e+003,7.721073e-002
1.470962e+003,7.267330e-002
1.471444e+003,6.765005e-002
1.471926e+003,6.217424e-002
1.472408e+003,5.663133e-002
1.472891e+003,5.162926e-002
1.473373e+003,4.761055e-002
1.473855e+003,4.460223e-002
1.474337e+003,4.232539e-002
1.474819e+003,4.044679e-002
1.475301e+003,3.873615e-002
1.475783e+003,3.710318e-002
1.476265e+003,3.556281e-002
1.476748e+003,3.417110e-002
1.477230e+003,3.296557e-002
1.477712e+003,3.193774e-002
1.478194e+003,3.104330e-002
1.478676e+003,3.022863e-002
1.479158e+003,2.945517e-002
1.479640e+003,2.870927e-002
1.480122e+003,2.799810e-002
1.480604e+003,2.733706e-002
1.481087e+003,2.673516e-002
1.481569e+003,2.618733e-002
1.482051e+003,2.567744e-002
1.482533e+003,2.519256e-002
1.483015e+003,2.473219e-002
1.483497e+003,2.430846e-002
1.483979e+003,2.393816e-002
1.484461e+003,2.363074e-002
1.484944e+003,2.338098e-002
1.485426e+003,2.316732e-002
1.485908e+003,2.295976e-002
1.486390e+003,2.273469e-002
1.486872e+003,2.248752e-002
1.487354e+003,2.223849e-002
1.487836e+003,2.202251e-002
1.488319e+003,2.186873e-002
1.488801e+003,2.177709e-002
1.489283e+003,2.171193e-002
1.489765e+003,2.162182e-002
1.490247e+003,2.147705e-002
1.490729e+003,2.129188e-002
1.491211e+003,2.110849e-002
1.491693e+003,2.096393e-002
1.492176e+003,2.087134e-002
1.492658e+003,2.082062e-002
1.493140e+003,2.078908e-002
1.493622e+003,2.075440e-002
1.494104e+003,2.070222e-002
1.494586e+003,2.063252e-002
1.495068e+003,2.056181e-002
1.495550e+003,2.051739e-002
1.496032e+003,2.052130e-002
1.496515e+003,2.057336e-002
1.496997e+003,2.064516e-002
1.497479e+003,2.069735e-002
1.497961e+003,2.070775e-002
1.498443e+003,2.068326e-002
1.498925e+003,2.065095e-002
1.499407e+003,2.063774e-002
1.499890e+003,2.065464e-002
1.500372e+003,2.069248e-002
1.500854e+003,2.073018e-002
1.501336e+003,2.074814e-002
1.501818e+003,2.073785e-002
1.502300e+003,2.070587e-002
1.502782e+003,2.067011e-002
1.503264e+003,2.065186e-002
1.503747e+003,2.066969e-002
1.504229e+003,2.073316e-002
1.504711e+003,2.084296e-002
1.505193e+003,2.099223e-002
1.505675e+003,2.117398e-002
1.506157e+003,2.139023e-002
1.506639e+003,2.164827e-002
1.507121e+003,2.193486e-002
1.507604e+003,2.220083e-002
1.508086e+003,2.239669e-002
1.508568e+003,2.250632e-002
1.509050e+003,2.254321e-002
1.509532e+003,2.253618e-002
1.510014e+003,2.251868e-002
1.510496e+003,2.252177e-002
1.510979e+003,2.256627e-002
1.511460e+003,2.265599e-002
1.511943e+003,2.277643e-002
1.512425e+003,2.290236e-002
1.512907e+003,2.301027e-002
1.513389e+003,2.308943e-002
1.513871e+003,2.314640e-002
1.514353e+003,2.320081e-002
1.514835e+003,2.327792e-002
1.515318e+003,2.339588e-002
1.515800e+003,2.355478e-002
1.516282e+003,2.372798e-002
1.516764e+003,2.387314e-002
1.517246e+003,2.395887e-002
1.517728e+003,2.398656e-002
1.518210e+003,2.398494e-002
1.518692e+003,2.398959e-002
1.519175e+003,2.402576e-002
1.519657e+003,2.410159e-002
1.520139e+003,2.420845e-002
1.520621e+003,2.432250e-002
1.521103e+003,2.441519e-002
1.521585e+003,2.447315e-002
1.522067e+003,2.450953e-002
1.522549e+003,2.454902e-002
1.523031e+003,2.460577e-002
1.523514e+003,2.467638e-002
1.523996e+003,2.474950e-002
1.524478e+003,2.481501e-002
1.524960e+003,2.487196e-002
1.525442e+003,2.492968e-002
1.525924e+003,2.500429e-002
1.526406e+003,2.510736e-002
1.526888e+003,2.523653e-002
1.527371e+003,2.537452e-002
1.527853e+003,2.549852e-002
1.528335e+003,2.559261e-002
1.528817e+003,2.565491e-002
1.529299e+003,2.569629e-002
1.529781e+003,2.573495e-002
1.530263e+003,2.578833e-002
1.530746e+003,2.586891e-002
1.531228e+003,2.598103e-002
1.531710e+003,2.612348e-002
1.532192e+003,2.628960e-002
1.532674e+003,2.646964e-002
1.533156e+003,2.665143e-002
1.533638e+003,2.682215e-002
1.534120e+003,2.697227e-002
1.534603e+003,2.709650e-002
1.535085e+003,2.719280e-002
1.535567e+003,2.726171e-002
1.536049e+003,2.730642e-002
1.536531e+003,2.733319e-002
1.537013e+003,2.735561e-002
1.537495e+003,2.739460e-002
1.537977e+003,2.748141e-002
1.538459e+003,2.765167e-002
1.538942e+003,2.793032e-002
1.539424e+003,2.829848e-002
1.539906e+003,2.867089e-002
1.540388e+003,2.893920e-002
1.540870e+003,2.906476e-002
1.541352e+003,2.909860e-002
1.541834e+003,2.911230e-002
1.542316e+003,2.914483e-002
1.542799e+003,2.919783e-002
1.543281e+003,2.925220e-002
1.543763e+003,2.928597e-002
1.544245e+003,2.928737e-002
1.544727e+003,2.926096e-002
1.545209e+003,2.922372e-002
1.545691e+003,2.919336e-002
1.546174e+003,2.917892e-002
1.546656e+003,2.917978e-002
1.547138e+003,2.918930e-002
1.547620e+003,2.920033e-002
1.548102e+003,2.920953e-002
1.548584e+003,2.921771e-002
1.549066e+003,2.923036e-002
1.549548e+003,2.925205e-002
1.550031e+003,2.928202e-002
1.550513e+003,2.931216e-002
1.550995e+003,2.933051e-002
1.551477e+003,2.932905e-002
1.551959e+003,2.930739e-002
1.552441e+003,2.927292e-002
1.552923e+003,2.923940e-002
1.553405e+003,2.922058e-002
1.553887e+003,2.922395e-002
1.554370e+003,2.924534e-002
1.554852e+003,2.926968e-002
1.555334e+003,2.927973e-002
1.555816e+003,2.926662e-002
1.556298e+003,2.923504e-002
1.556780e+003,2.920451e-002
1.557262e+003,2.920466e-002
1.557744e+003,2.926480e-002
1.558227e+003,2.937576e-002
1.558709e+003,2.943701e-002
1.559191e+003,2.931312e-002
1.559673e+003,2.901223e-002
1.560155e+003,2.866135e-002
1.560637e+003,2.834769e-002
1.561119e+003,2.809205e-002
1.561602e+003,2.788240e-002
1.562083e+003,2.769861e-002
1.562566e+003,2.751929e-002
1.563048e+003,2.732767e-002
1.563530e+003,2.711348e-002
1.564012e+003,2.687822e-002
1.564494e+003,2.663448e-002
1.564976e+003,2.640222e-002
1.565458e+003,2.619706e-002
1.565941e+003,2.602364e-002
1.566423e+003,2.587513e-002
1.566905e+003,2.573976e-002
1.567387e+003,2.560784e-002
1.567869e+003,2.547677e-002
1.568351e+003,2.535234e-002
1.568833e+003,2.524539e-002
1.569315e+003,2.516299e-002
1.569798e+003,2.509850e-002
1.570280e+003,2.503470e-002
1.570762e+003,2.495524e-002
1.571244e+003,2.485766e-002
1.571726e+003,2.474972e-002
1.572208e+003,2.464513e-002
1.572690e+003,2.455615e-002
1.573172e+003,2.449133e-002
1.573655e+003,2.445349e-002
1.574137e+003,2.443958e-002
1.574619e+003,2.444155e-002
1.575101e+003,2.445017e-002
1.575583e+003,2.445711e-002
1.576065e+003,2.445913e-002
1.576547e+003,2.445502e-002
1.577030e+003,2.444209e-002
1.577511e+003,2.441473e-002
1.577994e+003,2.436758e-002
1.578476e+003,2.430073e-002
1.578958e+003,2.421932e-002
1.579440e+003,2.413390e-002
1.579922e+003,2.405674e-002
1.580404e+003,2.399868e-002
1.580886e+003,2.396374e-002
1.581369e+003,2.394772e-002
1.581851e+003,2.393993e-002
1.582333e+003,2.392812e-002
1.582815e+003,2.390516e-002
1.583297e+003,2.387285e-002
1.583779e+003,2.383948e-002
1.584261e+003,2.381511e-002
1.584743e+003,2.380485e-002
1.585226e+003,2.380601e-002
1.585708e+003,2.380949e-002
1.586190e+003,2.380553e-002
1.586672e+003,2.378936e-002
1.587154e+003,2.376382e-002
1.587636e+003,2.373783e-002
1.588118e+003,2.372107e-002
1.588600e+003,2.371847e-002
1.589083e+003,2.372648e-002
1.589565e+003,2.373575e-002
1.590047e+003,2.373554e-002
1.590529e+003,2.372146e-002
1.591011e+003,2.369695e-002
1.591493e+003,2.367232e-002
1.591975e+003,2.365924e-002
1.592458e+003,2.366329e-002
1.592939e+003,2.368176e-002
1.593422e+003,2.370543e-002
1.593904e+003,2.372260e-002
1.594386e+003,2.372650e-002
1.594868e+003,2.371880e-002
1.595350e+003,2.370742e-002
1.595832e+003,2.370151e-002
1.596314e+003,2.370495e-002
1.596797e+003,2.371386e-002
1.597279e+003,2.371938e-002
1.597761e+003,2.371317e-002
1.598243e+003,2.369309e-002
1.598725e+003,2.366472e-002
1.599207e+003,2.363929e-002
1.599689e+003,2.362773e-002
1.600171e+003,2.363517e-002
1.600654e+003,2.365766e-002
1.601136e+003,2.368427e-002
1.601618e+003,2.370320e-002
1.602100e+003,2.370842e-002
1.602582e+003,2.370264e-002
1.603064e+003,2.369653e-002
1.603546e+003,2.370085e-002
1.604028e+003,2.372118e-002
1.604510e+003,2.375465e-002
1.604993e+003,2.379249e-002
1.605475e+003,2.382601e-002
1.605957e+003,2.385260e-002
1.606439e+003,2.387810e-002
1.606921e+003,2.391381e-002
1.607403e+003,2.397059e-002
1.607885e+003,2.405260e-002
1.608367e+003,2.415222e-002
1.608850e+003,2.425542e-002
1.609332e+003,2.434855e-002
1.609814e+003,2.442671e-002
1.610296e+003,2.449513e-002
1.610778e+003,2.456620e-002
1.611260e+003,2.464959e-002
1.611742e+003,2.474808e-002
1.612225e+003,2.485389e-002
1.612707e+003,2.495589e-002
1.613189e+003,2.504451e-002
1.613671e+003,2.511893e-002
1.614153e+003,2.519014e-002
1.614635e+003,2.528096e-002
1.615117e+003,2.542012e-002
1.615599e+003,2.563023e-002
1.616082e+003,2.590929e-002
1.616564e+003,2.621826e-002
1.617046e+003,2.649850e-002
1.617528e+003,2.671180e-002
1.618010e+003,2.685978e-002
1.618492e+003,2.697042e-002
1.618974e+003,2.707171e-002
1.619456e+003,2.718088e-002
1.619938e+003,2.730274e-002
1.620421e+003,2.743585e-002
1.620903e+003,2.757888e-002
1.621385e+003,2.773594e-002
1.621867e+003,2.791973e-002
1.622349e+003,2.814568e-002
1.622831e+003,2.841936e-002
1.623313e+003,2.872416e-002
1.623796e+003,2.902320e-002
1.624278e+003,2.927930e-002
1.624760e+003,2.947622e-002
1.625242e+003,2.962311e-002
1.625724e+003,2.974633e-002
1.626206e+003,2.987774e-002
1.626688e+003,3.004411e-002
1.627170e+003,3.025647e-002
1.627653e+003,3.050465e-002
1.628135e+003,3.076184e-002
1.628617e+003,3.099762e-002
1.629099e+003,3.119598e-002
1.629581e+003,3.136024e-002
1.630063e+003,3.150627e-002
1.630545e+003,3.165055e-002
1.631027e+003,3.180109e-002
1.631510e+003,3.195491e-002
1.631992e+003,3.210273e-002
1.632474e+003,3.223498e-002
1.632956e+003,3.234994e-002
1.633438e+003,3.246113e-002
1.633920e+003,3.259812e-002
1.634402e+003,3.280344e-002
1.634885e+003,3.311227e-002
1.635366e+003,3.351571e-002
1.635849e+003,3.393993e-002
1.636331e+003,3.428726e-002
1.636813e+003,3.451595e-002
1.637295e+003,3.465557e-002
1.637777e+003,3.476213e-002
1.638259e+003,3.487816e-002
1.638741e+003,3.502131e-002
1.639224e+003,3.518859e-002
1.639706e+003,3.536564e-002
1.640188e+003,3.553746e-002
1.640670e+003,3.569569e-002
1.641152e+003,3.584351e-002
1.641634e+003,3.599117e-002
1.642116e+003,3.615020e-002
1.642598e+003,3.632470e-002
1.643081e+003,3.651040e-002
1.643563e+003,3.669605e-002
1.644045e+003,3.687195e-002
1.644527e+003,3.703856e-002
1.645009e+003,3.721511e-002
1.645491e+003,3.743978e-002
1.645973e+003,3.775426e-002
1.646455e+003,3.816491e-002
1.646938e+003,3.860695e-002
1.647420e+003,3.897243e-002
1.647902e+003,3.919195e-002
1.648384e+003,3.927553e-002
1.648866e+003,3.927905e-002
1.649348e+003,3.926018e-002
1.649830e+003,3.925825e-002
1.650313e+003,3.929318e-002
1.650794e+003,3.936949e-002
1.651277e+003,3.948047e-002
1.651759e+003,3.960951e-002
1.652241e+003,3.973170e-002
1.652723e+003,3.982057e-002
1.653205e+003,3.986241e-002
1.653687e+003,3.986291e-002
1.654169e+003,3.982645e-002
1.654652e+003,3.974371e-002
1.655134e+003,3.960514e-002
1.655616e+003,3.941162e-002
1.656098e+003,3.917476e-002
1.656580e+003,3.891381e-002
1.657062e+003,3.864901e-002
1.657544e+003,3.839645e-002
1.658026e+003,3.816186e-002
1.658509e+003,3.793832e-002
1.658991e+003,3.771212e-002
1.659473e+003,3.746772e-002
1.659955e+003,3.719732e-002
1.660437e+003,3.690394e-002
1.660919e+003,3.659962e-002
1.661401e+003,3.629886e-002
1.661883e+003,3.600834e-002
1.662365e+003,3.572183e-002
1.662848e+003,3.542415e-002
1.663330e+003,3.510555e-002
1.663812e+003,3.477308e-002
1.664294e+003,3.444797e-002
1.664776e+003,3.415284e-002
1.665258e+003,3.390160e-002
1.665740e+003,3.369529e-002
1.666222e+003,3.352281e-002
1.666705e+003,3.336398e-002
1.667187e+003,3.319427e-002
1.667669e+003,3.299339e-002
1.668151e+003,3.275422e-002
1.668633e+003,3.248857e-002
1.669115e+003,3.222210e-002
1.669597e+003,3.197733e-002
1.670080e+003,3.175528e-002
1.670562e+003,3.153813e-002
1.671044e+003,3.130763e-002
1.671526e+003,3.106049e-002
1.672008e+003,3.080894e-002
1.672490e+003,3.057180e-002
1.672972e+003,3.036320e-002
1.673454e+003,3.018656e-002
1.673937e+003,3.002888e-002
1.674419e+003,2.986247e-002
1.674901e+003,2.965832e-002
1.675383e+003,2.940739e-002
1.675865e+003,2.913138e-002
1.676347e+003,2.886816e-002
1.676829e+003,2.864514e-002
1.677311e+003,2.846728e-002
1.677793e+003,2.832037e-002
1.678276e+003,2.818047e-002
1.678758e+003,2.802468e-002
1.679240e+003,2.783963e-002
1.679722e+003,2.762909e-002
1.680204e+003,2.741340e-002
1.680686e+003,2.721951e-002
1.681168e+003,2.706734e-002
1.681650e+003,2.695941e-002
1.682133e+003,2.687906e-002
1.682615e+003,2.679064e-002
1.683097e+003,2.664827e-002
1.683579e+003,2.641718e-002
1.684061e+003,2.611379e-002
1.684543e+003,2.581053e-002
1.685025e+003,2.556805e-002
1.685508e+003,2.538575e-002
1.685990e+003,2.522832e-002
1.686472e+003,2.506458e-002
1.686954e+003,2.488177e-002
1.687436e+003,2.468339e-002
1.687918e+003,2.448241e-002
1.688400e+003,2.429404e-002
1.688882e+003,2.412613e-002
1.689365e+003,2.397378e-002
1.689847e+003,2.382236e-002
1.690329e+003,2.365728e-002
1.690811e+003,2.347549e-002
1.691293e+003,2.328717e-002
1.691775e+003,2.310989e-002
1.692257e+003,2.296102e-002
1.692739e+003,2.284813e-002
1.693221e+003,2.276772e-002
1.693704e+003,2.270613e-002
1.694186e+003,2.264208e-002
1.694668e+003,2.255606e-002
1.695150e+003,2.244155e-002
1.695632e+003,2.231467e-002
1.696114e+003,2.220783e-002
1.696596e+003,2.214289e-002
1.697078e+003,2.211325e-002
1.697561e+003,2.209322e-002
1.698043e+003,2.205532e-002
1.698525e+003,2.198464e-002
1.699007e+003,2.188452e-002
1.699489e+003,2.177716e-002
1.699971e+003,2.169337e-002
1.700453e+003,2.164422e-002
1.700936e+003,2.160701e-002
1.701417e+003,2.154783e-002
1.701900e+003,2.145112e-002
1.702382e+003,2.132435e-002
1.702864e+003,2.118847e-002
1.703346e+003,2.106746e-002
1.703828e+003,2.098090e-002
1.704310e+003,2.093612e-002
1.704792e+003,2.092095e-002
1.705275e+003,2.090432e-002
1.705757e+003,2.085384e-002
1.706239e+003,2.075903e-002
1.706721e+003,2.063899e-002
1.707203e+003,2.052763e-002
1.707685e+003,2.045304e-002
1.708167e+003,2.042496e-002
1.708649e+003,2.043403e-002
1.709132e+003,2.045831e-002
1.709614e+003,2.047620e-002
1.710096e+003,2.047708e-002
1.710578e+003,2.046689e-002
1.711060e+003,2.046514e-002
1.711542e+003,2.049498e-002
1.712024e+003,2.057231e-002
1.712506e+003,2.069822e-002
1.712989e+003,2.086006e-002
1.713471e+003,2.103755e-002
1.713953e+003,2.121495e-002
1.714435e+003,2.139307e-002
1.714917e+003,2.159554e-002
1.715399e+003,2.186249e-002
1.715881e+003,2.223272e-002
1.716364e+003,2.271957e-002
1.716845e+003,2.329288e-002
1.717328e+003,2.388255e-002
1.717810e+003,2.441567e-002
1.718292e+003,2.486199e-002
1.718774e+003,2.524276e-002
1.719256e+003,2.559870e-002
1.719738e+003,2.596084e-002
1.720220e+003,2.634354e-002
1.720703e+003,2.675305e-002
1.721185e+003,2.719796e-002
1.721667e+003,2.769671e-002
1.722149e+003,2.827770e-002
1.722631e+003,2.897272e-002
1.723113e+003,2.980130e-002
1.723595e+003,3.075885e-002
1.724077e+003,3.181375e-002
1.724560e+003,3.292049e-002
1.725042e+003,3.404226e-002
1.725524e+003,3.516721e-002
1.726006e+003,3.631262e-002
1.726488e+003,3.751988e-002
1.726970e+003,3.884113e-002
1.727452e+003,4.032823e-002
1.727934e+003,4.202055e-002
1.728417e+003,4.393426e-002
1.728899e+003,4.605320e-002
1.729381e+003,4.832645e-002
1.729863e+003,5.067786e-002
1.730345e+003,5.303099e-002
1.730827e+003,5.534623e-002
1.731309e+003,5.765663e-002
1.731792e+003,6.010430e-002
1.732273e+003,6.297361e-002
1.732756e+003,6.669410e-002
1.733238e+003,7.171085e-002
1.733720e+003,7.811184e-002
1.734202e+003,8.524352e-002
1.734684e+003,9.196541e-002
1.735166e+003,9.748763e-002
1.735648e+003,1.017665e-001
1.736131e+003,1.052131e-001
1.736613e+003,1.083229e-001
1.737095e+003,1.115247e-001
1.737577e+003,1.151608e-001
1.738059e+003,1.194759e-001
1.738541e+003,1.245612e-001
1.739023e+003,1.302705e-001
1.739505e+003,1.362056e-001
1.739988e+003,1.418695e-001
1.740470e+003,1.469038e-001
1.740952e+003,1.512149e-001
1.741434e+003,1.549099e-001
1.741916e+003,1.581510e-001
1.742398e+003,1.610447e-001
1.742880e+003,1.636061e-001
1.743362e+003,1.657810e-001
1.743844e+003,1.675003e-001
1.744327e+003,1.687268e-001
1.744809e+003,1.694641e-001
1.745291e+003,1.697289e-001
1.745773e+003,1.695154e-001
1.746255e+003,1.687799e-001
1.746737e+003,1.674556e-001
1.747219e+003,1.654923e-001
1.747702e+003,1.628968e-001
1.748184e+003,1.597382e-001
1.748666e+003,1.561055e-001
1.749148e+003,1.520382e-001
1.749630e+003,1.474929e-001
1.750112e+003,1.423910e-001
1.750594e+003,1.367352e-001
1.751076e+003,1.307049e-001
1.751559e+003,1.246366e-001
1.752041e+003,1.188810e-001
1.752523e+003,1.136515e-001
1.753005e+003,1.089683e-001
1.753487e+003,1.047017e-001
1.753969e+003,1.006422e-001
1.754451e+003,9.656269e-002
1.754933e+003,9.226240e-002
1.755416e+003,8.761523e-002
1.755898e+003,8.262014e-002
1.756380e+003,7.743364e-002
1.756862e+003,7.233151e-002
1.757344e+003,6.759489e-002
1.757826e+003,6.339321e-002
1.758308e+003,5.974385e-002
1.758791e+003,5.655267e-002
1.759272e+003,5.367899e-002
1.759755e+003,5.097841e-002
1.760237e+003,4.832816e-002
1.760719e+003,4.564369e-002
1.761201e+003,4.290336e-002
1.761683e+003,4.016598e-002
1.762165e+003,3.755743e-002
1.762647e+003,3.521533e-002
1.763130e+003,3.322420e-002
1.763612e+003,3.158849e-002
1.764094e+003,3.024994e-002
1.764576e+003,2.912168e-002
1.765058e+003,2.811471e-002
1.765540e+003,2.715623e-002
1.766022e+003,2.619831e-002
1.766504e+003,2.522639e-002
1.766987e+003,2.425911e-002
1.767469e+003,2.333901e-002
1.767951e+003,2.251187e-002
1.768433e+003,2.180212e-002
1.768915e+003,2.120291e-002
1.769397e+003,2.068519e-002
1.769879e+003,2.021337e-002
1.770361e+003,1.975849e-002
1.770844e+003,1.930533e-002
1.771326e+003,1.885038e-002
1.771808e+003,1.839924e-002
1.772290e+003,1.795811e-002
1.772772e+003,1.753117e-002
1.773254e+003,1.712113e-002
1.773736e+003,1.673234e-002
1.774219e+003,1.637260e-002
1.774700e+003,1.605048e-002
1.775183e+003,1.577064e-002
1.775665e+003,1.553194e-002
1.776147e+003,1.532572e-002
1.776629e+003,1.514009e-002
1.777111e+003,1.496467e-002
1.777593e+003,1.479448e-002
1.778075e+003,1.463114e-002
1.778558e+003,1.448023e-002
1.779040e+003,1.434482e-002
1.779522e+003,1.422132e-002
1.780004e+003,1.409800e-002
1.780486e+003,1.395974e-002
1.780968e+003,1.379819e-002
1.781450e+003,1.361735e-002
1.781932e+003,1.343207e-002
1.782415e+003,1.326134e-002
1.782897e+003,1.311843e-002
1.783379e+003,1.300689e-002
1.783861e+003,1.291833e-002
1.784343e+003,1.283658e-002
1.784825e+003,1.274499e-002
1.785307e+003,1.263455e-002
1.785789e+003,1.250794e-002
1.786271e+003,1.237606e-002
1.786754e+003,1.225128e-002
1.787236e+003,1.214059e-002
1.787718e+003,1.204375e-002
1.788200e+003,1.195632e-002
1.788682e+003,1.187240e-002
1.789164e+003,1.179006e-002
1.789646e+003,1.171203e-002
1.790128e+003,1.164528e-002
1.790611e+003,1.159638e-002
1.791093e+003,1.156469e-002
1.791575e+003,1.153918e-002
1.792057e+003,1.150029e-002
1.792539e+003,1.143195e-002
1.793021e+003,1.133260e-002
1.793503e+003,1.121518e-002
1.793986e+003,1.109706e-002
1.794468e+003,1.099137e-002
1.794950e+003,1.090252e-002
1.795432e+003,1.082721e-002
1.795914e+003,1.075765e-002
1.796396e+003,1.068831e-002
1.796878e+003,1.061615e-002
1.797360e+003,1.054481e-002
1.797843e+003,1.048008e-002
1.798325e+003,1.042679e-002
1.798807e+003,1.038549e-002
1.799289e+003,1.035039e-002
1.799771e+003,1.031135e-002
1.800253e+003,1.025887e-002
1.800735e+003,1.018896e-002
1.801217e+003,1.010547e-002
1.801699e+003,1.001789e-002
1.802182e+003,9.935053e-003
1.802664e+003,9.860766e-003
1.803146e+003,9.793590e-003
1.803628e+003,9.729099e-003
1.804110e+003,9.663977e-003
1.804592e+003,9.598036e-003
1.805074e+003,9.534243e-003
1.805556e+003,9.476902e-003
1.806039e+003,9.429283e-003
1.806521e+003,9.391030e-003
1.807003e+003,9.356999e-003
1.807485e+003,9.320404e-003
1.807967e+003,9.274758e-003
1.808449e+003,9.217389e-003
1.808931e+003,9.149502e-003
1.809414e+003,9.076488e-003
1.809896e+003,9.003139e-003
1.810378e+003,8.932548e-003
1.810860e+003,8.863623e-003
1.811342e+003,8.792783e-003
1.811824e+003,8.716695e-003
1.812306e+003,8.633225e-003
1.812788e+003,8.543099e-003
1.813271e+003,8.447471e-003
1.813753e+003,8.347367e-003
1.814235e+003,8.243337e-003
1.814717e+003,8.136772e-003
1.815199e+003,8.032595e-003
1.815681e+003,7.940590e-003
1.816163e+003,7.874742e-003
1.816645e+003,7.849051e-003
1.817127e+003,7.872782e-003
1.817610e+003,7.944157e-003
1.818092e+003,8.050934e-003
1.818574e+003,8.173670e-003
1.819056e+003,8.290946e-003
1.819538e+003,8.386120e-003
1.820020e+003,8.450206e-003
1.820502e+003,8.482564e-003
1.820984e+003,8.489628e-003
1.821467e+003,8.480163e-003
1.821949e+003,8.461357e-003
1.822431e+003,8.438327e-003
1.822913e+003,8.413151e-003
1.823395e+003,8.388326e-003
1.823877e+003,8.366052e-003
1.824359e+003,8.350547e-003
1.824842e+003,8.345054e-003
1.825323e+003,8.349401e-003
1.825806e+003,8.360104e-003
1.826288e+003,8.371668e-003
1.826770e+003,8.380362e-003
1.827252e+003,8.385265e-003
1.827734e+003,8.388886e-003
1.828216e+003,8.394956e-003
1.828698e+003,8.405864e-003
1.829181e+003,8.418433e-003
1.829663e+003,8.424388e-003
1.830145e+003,8.412819e-003
1.830627e+003,8.377705e-003
1.831109e+003,8.321602e-003
1.831591e+003,8.253455e-003
1.832073e+003,8.183804e-003
1.832555e+003,8.119521e-003
1.833038e+003,8.063124e-003
1.833520e+003,8.011977e-003
1.834002e+003,7.960990e-003
1.834484e+003,7.905374e-003
1.834966e+003,7.844390e-003
1.835448e+003,7.781412e-003
1.835930e+003,7.723873e-003
1.836412e+003,7.679885e-003
1.836895e+003,7.653079e-003
1.837377e+003,7.641873e-003
1.837859e+003,7.638591e-003
1.838341e+003,7.634075e-003
1.838823e+003,7.620515e-003
1.839305e+003,7.595626e-003
1.839787e+003,7.561677e-003
1.840270e+003,7.524574e-003
1.840751e+003,7.489726e-003
1.841234e+003,7.462253e-003
1.841716e+003,7.443881e-003
1.842198e+003,7.435787e-003
1.842680e+003,7.437733e-003
1.843162e+003,7.448432e-003
1.843644e+003,7.466473e-003
1.844126e+003,7.486929e-003
1.844609e+003,7.503199e-003
1.845091e+003,7.509481e-003
1.845573e+003,7.501813e-003
1.846055e+003,7.480372e-003
1.846537e+003,7.449720e-003
1.847019e+003,7.415529e-003
1.847501e+003,7.383424e-003
1.847983e+003,7.357357e-003
1.848466e+003,7.336963e-003
1.848948e+003,7.319711e-003
1.849430e+003,7.300903e-003
1.849912e+003,7.278065e-003
1.850394e+003,7.251935e-003
1.850876e+003,7.226349e-003
1.851358e+003,7.206816e-003
1.851840e+003,7.198105e-003
1.852323e+003,7.201465e-003
1.852805e+003,7.214241e-003
1.853287e+003,7.229999e-003
1.853769e+003,7.241795e-003
1.854251e+003,7.244918e-003
1.854733e+003,7.237688e-003
1.855215e+003,7.222078e-003
1.855698e+003,7.201558e-003
1.856179e+003,7.179229e-003
1.856662e+003,7.156949e-003
1.857144e+003,7.135774e-003
1.857626e+003,7.115210e-003
1.858108e+003,7.095814e-003
1.858590e+003,7.077962e-003
1.859072e+003,7.061404e-003
1.859554e+003,7.044465e-003
1.860037e+003,7.024469e-003
1.860519e+003,6.998369e-003
1.861001e+003,6.965291e-003
1.861483e+003,6.927528e-003
1.861965e+003,6.891118e-003
1.862447e+003,6.864585e-003
1.862929e+003,6.854284e-003
1.863411e+003,6.862783e-003
1.863894e+003,6.887106e-003
1.864376e+003,6.919852e-003
1.864858e+003,6.952304e-003
1.865340e+003,6.977229e-003
1.865822e+003,6.991629e-003
1.866304e+003,6.998176e-003
1.866786e+003,7.001855e-003
1.867268e+003,7.008969e-003
1.867750e+003,7.019954e-003
1.868233e+003,7.030820e-003
1.868715e+003,7.031823e-003
1.869197e+003,7.015394e-003
1.869679e+003,6.981088e-003
1.870161e+003,6.935388e-003
1.870643e+003,6.887980e-003
1.871125e+003,6.846113e-003
1.871608e+003,6.813107e-003
1.872090e+003,6.788341e-003
1.872572e+003,6.768503e-003
1.873054e+003,6.749719e-003
1.873536e+003,6.729924e-003
1.874018e+003,6.709242e-003
1.874500e+003,6.689238e-003
1.874982e+003,6.671478e-003
1.875465e+003,6.656402e-003
1.875947e+003,6.642511e-003
1.876429e+003,6.628044e-003
1.876911e+003,6.611190e-003
1.877393e+003,6.593134e-003
1.877875e+003,6.576448e-003
1.878357e+003,6.564711e-003
1.878839e+003,6.561375e-003
1.879322e+003,6.566574e-003
1.879804e+003,6.578619e-003
1.880286e+003,6.593306e-003
1.880768e+003,6.606809e-003
1.881250e+003,6.616105e-003
1.881732e+003,6.620378e-003
1.882214e+003,6.619559e-003
1.882697e+003,6.615845e-003
1.883178e+003,6.609931e-003
1.883661e+003,6.604197e-003
1.884143e+003,6.600224e-003
1.884625e+003,6.600717e-003
1.885107e+003,6.607820e-003
1.885589e+003,6.623682e-003
1.886071e+003,6.646669e-003
1.886553e+003,6.672882e-003
1.887036e+003,6.695643e-003
1.887518e+003,6.708388e-003
1.888000e+003,6.704552e-003
1.888482e+003,6.682480e-003
1.888964e+003,6.646893e-003
1.889446e+003,6.606810e-003
1.889928e+003,6.573461e-003
1.890410e+003,6.555059e-003
1.890893e+003,6.554079e-003
1.891375e+003,6.567625e-003
1.891857e+003,6.589964e-003
1.892339e+003,6.615662e-003
1.892821e+003,6.639855e-003
1.893303e+003,6.657483e-003
1.893785e+003,6.663163e-003
1.894267e+003,6.651382e-003
1.894750e+003,6.617444e-003
1.895232e+003,6.560257e-003
1.895714e+003,6.484368e-003
1.896196e+003,6.400405e-003
1.896678e+003,6.322868e-003
1.897160e+003,6.265377e-003
1.897642e+003,6.236811e-003
1.898125e+003,6.238841e-003
1.898606e+003,6.265526e-003
1.899089e+003,6.306366e-003
1.899571e+003,6.349193e-003
1.900053e+003,6.384493e-003
1.900535e+003,6.407564e-003
1.901017e+003,6.418520e-003
1.901499e+003,6.419958e-003
1.901981e+003,6.416060e-003
1.902464e+003,6.408855e-003
1.902946e+003,6.400886e-003
1.903428e+003,6.392718e-003
1.903910e+003,6.386963e-003
1.904392e+003,6.387818e-003
1.904874e+003,6.398466e-003
1.905356e+003,6.421017e-003
1.905838e+003,6.453382e-003
1.906321e+003,6.489900e-003
1.906803e+003,6.524718e-003
1.907285e+003,6.550509e-003
1.907767e+003,6.563059e-003
1.908249e+003,6.562807e-003
1.908731e+003,6.551587e-003
1.909213e+003,6.532457e-003
1.909695e+003,6.508213e-003
1.910177e+003,6.477834e-003
1.910660e+003,6.440932e-003
1.911142e+003,6.397695e-003
1.911624e+003,6.350991e-003
1.912106e+003,6.306435e-003
1.912588e+003,6.270608e-003
1.913070e+003,6.247792e-003
1.913552e+003,6.240231e-003
1.914034e+003,6.245127e-003
1.914517e+003,6.259866e-003
1.914999e+003,6.280877e-003
1.915481e+003,6.307208e-003
1.915963e+003,6.339116e-003
1.916445e+003,6.377822e-003
1.916927e+003,6.421735e-003
1.917409e+003,6.464519e-003
1.917892e+003,6.495797e-003
1.918374e+003,6.506910e-003
1.918856e+003,6.493487e-003
1.919338e+003,6.458201e-003
1.919820e+003,6.407387e-003
1.920302e+003,6.349305e-003
1.920784e+003,6.286771e-003
1.921266e+003,6.219721e-003
1.921749e+003,6.142764e-003
1.922231e+003,6.051276e-003
1.922713e+003,5.944545e-003
1.923195e+003,5.828469e-003
1.923677e+003,5.715559e-003
1.924159e+003,5.619809e-003
1.924641e+003,5.550020e-003
1.925123e+003,5.510188e-003
1.925605e+003,5.496283e-003
1.926088e+003,5.504018e-003
1.926570e+003,5.527115e-003
1.927052e+003,5.561471e-003
1.927534e+003,5.602404e-003
1.928016e+003,5.646703e-003
1.928498e+003,5.686071e-003
1.928980e+003,5.712590e-003
1.929462e+003,5.717171e-003
1.929945e+003,5.695551e-003
1.930427e+003,5.649641e-003
1.930909e+003,5.588511e-003
1.931391e+003,5.526131e-003
1.931873e+003,5.476931e-003
1.932355e+003,5.448846e-003
1.932837e+003,5.442793e-003
1.933320e+003,5.448535e-003
1.933802e+003,5.456924e-003
1.934284e+003,5.458671e-003
1.934766e+003,5.450547e-003
1.935248e+003,5.435319e-003
1.935730e+003,5.420017e-003
1.936212e+003,5.408583e-003
1.936694e+003,5.402373e-003
1.937177e+003,5.396870e-003
1.937659e+003,5.388522e-003
1.938141e+003,5.374674e-003
1.938623e+003,5.358104e-003
1.939105e+003,5.347474e-003
1.939587e+003,5.351844e-003
1.940069e+003,5.376981e-003
1.940551e+003,5.426269e-003
1.941033e+003,5.493967e-003
1.941516e+003,5.572324e-003
1.941998e+003,5.652993e-003
1.942480e+003,5.728461e-003
1.942962e+003,5.795351e-003
1.943444e+003,5.853005e-003
1.943926e+003,5.898238e-003
1.944408e+003,5.929999e-003
1.944890e+003,5.944644e-003
1.945373e+003,5.942936e-003
1.945855e+003,5.927009e-003
1.946337e+003,5.900616e-003
1.946819e+003,5.868495e-003
1.947301e+003,5.829928e-003
1.947783e+003,5.777500e-003
1.948265e+003,5.702888e-003
1.948748e+003,5.597695e-003
1.949229e+003,5.466136e-003
1.949712e+003,5.325951e-003
1.950194e+003,5.206590e-003
1.950676e+003,5.141805e-003
1.951158e+003,5.155500e-003
1.951640e+003,5.247668e-003
1.952122e+003,5.394634e-003
1.952604e+003,5.553288e-003
1.953087e+003,5.679149e-003
1.953569e+003,5.734183e-003
1.954051e+003,5.703527e-003
1.954533e+003,5.593518e-003
1.955015e+003,5.430074e-003
1.955497e+003,5.245848e-003
1.955979e+003,5.073437e-003
1.956461e+003,4.936379e-003
1.956944e+003,4.853468e-003
1.957426e+003,4.839269e-003
1.957908e+003,4.906294e-003
1.958390e+003,5.063304e-003
1.958872e+003,5.301598e-003
1.959354e+003,5.593397e-003
1.959836e+003,5.899299e-003
1.960318e+003,6.172618e-003
1.960801e+003,6.379779e-003
1.961283e+003,6.506740e-003
1.961765e+003,6.562313e-003
1.962247e+003,6.572443e-003
1.962729e+003,6.567832e-003
1.963211e+003,6.564594e-003
1.963693e+003,6.566469e-003
1.964176e+003,6.558703e-003
1.964657e+003,6.523971e-003
1.965140e+003,6.452220e-003
1.965622e+003,6.346845e-003
1.966104e+003,6.228829e-003
1.966586e+003,6.130002e-003
1.967068e+003,6.073212e-003
1.967550e+003,6.069317e-003
1.968032e+003,6.112640e-003
1.968515e+003,6.189556e-003
1.968997e+003,6.287218e-003
1.969479e+003,6.395984e-003
1.969961e+003,6.509353e-003
1.970443e+003,6.611475e-003
1.970925e+003,6.675484e-003
1.971407e+003,6.674353e-003
1.971889e+003,6.581630e-003
1.972372e+003,6.397477e-003
1.972854e+003,6.146378e-003
1.973336e+003,5.888910e-003
1.973818e+003,5.703022e-003
1.974300e+003,5.665563e-003
1.974782e+003,5.829190e-003
1.975264e+003,6.214405e-003
1.975746e+003,6.813154e-003
1.976229e+003,7.602917e-003
1.976711e+003,8.552010e-003
1.977193e+003,9.614569e-003
1.977675e+003,1.071624e-002
1.978157e+003,1.175115e-002
1.978639e+003,1.259912e-002
1.979121e+003,1.315429e-002
1.979604e+003,1.335886e-002
1.980085e+003,1.321626e-002
1.980568e+003,1.278682e-002
1.981050e+003,1.217169e-002
1.981532e+003,1.149635e-002
1.982014e+003,1.087455e-002
1.982496e+003,1.037948e-002
1.982978e+003,1.003222e-002
1.983460e+003,9.800510e-003
1.983943e+003,9.630573e-003
1.984425e+003,9.469693e-003
1.984907e+003,9.289951e-003
1.985389e+003,9.093138e-003
1.985871e+003,8.903524e-003
1.986353e+003,8.743907e-003
1.986835e+003,8.632651e-003
1.987317e+003,8.559126e-003
1.987800e+003,8.509652e-003
1.988282e+003,8.465411e-003
1.988764e+003,8.419552e-003
1.989246e+003,8.378732e-003
1.989728e+003,8.358395e-003
1.990210e+003,8.365947e-003
1.990692e+003,8.401208e-003
1.991174e+003,8.441884e-003
1.991656e+003,8.463519e-003
1.992139e+003,8.442971e-003
1.992621e+003,8.370547e-003
1.993103e+003,8.257087e-003
1.993585e+003,8.125652e-003
1.994067e+003,7.996637e-003
1.994549e+003,7.883854e-003
1.995031e+003,7.786103e-003
1.995514e+003,7.699658e-003
1.995996e+003,7.618982e-003
1.996478e+003,7.543546e-003
1.996960e+003,7.478826e-003
1.997442e+003,7.430565e-003
1.997924e+003,7.396572e-003
1.998406e+003,7.368772e-003
1.998888e+003,7.335216e-003
1.999371e+003,7.288215e-003
1.999853e+003,7.229034e-003
2.000335e+003,7.169292e-003
2.000817e+003,7.126837e-003
2.001299e+003,7.108096e-003
2.001781e+003,7.100580e-003
2.002263e+003,7.078011e-003
2.002745e+003,6.998033e-003
2.003228e+003,6.835800e-003
2.003710e+003,6.591301e-003
2.004192e+003,6.303340e-003
2.004674e+003,6.043630e-003
2.005156e+003,5.895235e-003
2.005638e+003,5.919937e-003
2.006120e+003,6.139092e-003
2.006603e+003,6.514200e-003
2.007084e+003,6.974983e-003
2.007567e+003,7.431464e-003
2.008049e+003,7.805557e-003
2.008531e+003,8.048998e-003
2.009013e+003,8.149159e-003
2.009495e+003,8.126181e-003
2.009977e+003,8.027640e-003
2.010459e+003,7.898879e-003
2.010942e+003,7.787959e-003
2.011424e+003,7.734488e-003
2.011906e+003,7.759208e-003
2.012388e+003,7.866895e-003
2.012870e+003,8.032866e-003
2.013352e+003,8.205681e-003
2.013834e+003,8.325054e-003
2.014316e+003,8.332842e-003
2.014799e+003,8.201604e-003
2.015281e+003,7.935611e-003
2.015763e+003,7.583939e-003
2.016245e+003,7.222475e-003
2.016727e+003,6.929281e-003
2.017209e+003,6.754582e-003
2.017691e+003,6.709510e-003
2.018173e+003,6.757811e-003
2.018656e+003,6.856358e-003
2.019138e+003,6.963998e-003
2.019620e+003,7.061380e-003
2.020102e+003,7.148359e-003
2.020584e+003,7.226678e-003
2.021066e+003,7.286741e-003
2.021548e+003,7.309552e-003
2.022031e+003,7.268398e-003
2.022512e+003,7.152227e-003
2.022995e+003,6.971828e-003
2.023477e+003,6.775435e-003
2.023959e+003,6.627370e-003
2.024441e+003,6.589884e-003
2.024923e+003,6.686773e-003
2.025405e+003,6.900589e-003
2.025887e+003,7.172756e-003
2.026370e+003,7.440599e-003
2.026852e+003,7.657432e-003
2.027334e+003,7.813761e-003
2.027816e+003,7.935206e-003
2.028298e+003,8.065678e-003
2.028780e+003,8.237143e-003
2.029262e+003,8.451014e-003
2.029744e+003,8.675903e-003
2.030227e+003,8.865280e-003
2.030709e+003,8.980419e-003
2.031191e+003,9.008456e-003
2.031673e+003,8.976659e-003
2.032155e+003,8.934441e-003
2.032637e+003,8.934517e-003
2.033119e+003,9.012314e-003
2.033601e+003,9.164291e-003
2.034083e+003,9.361661e-003
2.034566e+003,9.564141e-003
2.035048e+003,9.734038e-003
2.035530e+003,9.853438e-003
2.036012e+003,9.922012e-003
2.036494e+003,9.947017e-003
2.036976e+003,9.943366e-003
2.037458e+003,9.911583e-003
2.037940e+003,9.853361e-003
2.038423e+003,9.768413e-003
2.038905e+003,9.661713e-003
2.039387e+003,9.544182e-003
2.039869e+003,9.434056e-003
2.040351e+003,9.342750e-003
2.040833e+003,9.274502e-003
2.041315e+003,9.223317e-003
2.041798e+003,9.184547e-003
2.042280e+003,9.158547e-003
2.042762e+003,9.152707e-003
2.043244e+003,9.175319e-003
2.043726e+003,9.234550e-003
2.044208e+003,9.318862e-003
2.044690e+003,9.407602e-003
2.045172e+003,9.476939e-003
2.045655e+003,9.518704e-003
2.046137e+003,9.553154e-003
2.046619e+003,9.632934e-003
2.047101e+003,9.829066e-003
2.047583e+003,1.019846e-002
2.048065e+003,1.075032e-002
2.048547e+003,1.143051e-002
2.049029e+003,1.211718e-002
2.049511e+003,1.266575e-002
2.049994e+003,1.294609e-002
2.050476e+003,1.288468e-002
2.050958e+003,1.249052e-002
2.051440e+003,1.184800e-002
2.051922e+003,1.109109e-002
2.052404e+003,1.036337e-002
2.052886e+003,9.778787e-003
2.053368e+003,9.399331e-003
2.053851e+003,9.226457e-003
2.054333e+003,9.206959e-003
2.054815e+003,9.258307e-003
2.055297e+003,9.294058e-003
2.055779e+003,9.250605e-003
2.056261e+003,9.101818e-003
2.056743e+003,8.859649e-003
2.057226e+003,8.563822e-003
2.057708e+003,8.263272e-003
2.058190e+003,8.001286e-003
2.058672e+003,7.806617e-003
2.059154e+003,7.688832e-003
2.059636e+003,7.638322e-003
2.060118e+003,7.638044e-003
2.060600e+003,7.667238e-003
2.061083e+003,7.713805e-003
2.061565e+003,7.771625e-003
2.062047e+003,7.840230e-003
2.062529e+003,7.920106e-003
2.063011e+003,8.007822e-003
2.063493e+003,8.093582e-003
2.063975e+003,8.168419e-003
2.064457e+003,8.221895e-003
2.064939e+003,8.253023e-003
2.065422e+003,8.268002e-003
2.065904e+003,8.278431e-003
2.066386e+003,8.296809e-003
2.066868e+003,8.330541e-003
2.067350e+003,8.378117e-003
2.067832e+003,8.435537e-003
2.068314e+003,8.492502e-003
2.068796e+003,8.546936e-003
2.069279e+003,8.599113e-003
2.069761e+003,8.655747e-003
2.070243e+003,8.723976e-003
2.070725e+003,8.807488e-003
2.071207e+003,8.900606e-003
2.071689e+003,8.995441e-003
2.072171e+003,9.079232e-003
2.072654e+003,9.143850e-003
2.073135e+003,9.189073e-003
2.073618e+003,9.218349e-003
2.074100e+003,9.241460e-003
2.074582e+003,9.264790e-003
2.075064e+003,9.287923e-003
2.075546e+003,9.307452e-003
2.076028e+003,9.313506e-003
2.076510e+003,9.300237e-003
2.076993e+003,9.265613e-003
2.077475e+003,9.215118e-003
2.077957e+003,9.158691e-003
2.078439e+003,9.105928e-003
2.078921e+003,9.062465e-003
2.079403e+003,9.028311e-003
2.079885e+003,9.000054e-003
2.080367e+003,8.972343e-003
2.080850e+003,8.940791e-003
2.081332e+003,8.904068e-003
2.081814e+003,8.861618e-003
2.082296e+003,8.810929e-003
2.082778e+003,8.745722e-003
2.083260e+003,8.661884e-003
2.083742e+003,8.555431e-003
2.084224e+003,8.433257e-003
2.084707e+003,8.309579e-003
2.085189e+003,8.207124e-003
2.085671e+003,8.147726e-003
2.086153e+003,8.145981e-003
2.086635e+003,8.198794e-003
2.087117e+003,8.286665e-003
2.087599e+003,8.377308e-003
2.088082e+003,8.436714e-003
2.088563e+003,8.438032e-003
2.089046e+003,8.370047e-003
2.089528e+003,8.236920e-003
2.090010e+003,8.056167e-003
2.090492e+003,7.848467e-003
2.090974e+003,7.633104e-003
2.091456e+003,7.421324e-003
2.091938e+003,7.220608e-003
2.092421e+003,7.037518e-003
2.092903e+003,6.883588e-003
2.093385e+003,6.776781e-003
2.093867e+003,6.737663e-003
2.094349e+003,6.782559e-003
2.094831e+003,6.917275e-003
2.095313e+003,7.130231e-003
2.095795e+003,7.397307e-003
2.096278e+003,7.684194e-003
2.096760e+003,7.955324e-003
2.097242e+003,8.182481e-003
2.097724e+003,8.349682e-003
2.098206e+003,8.453481e-003
2.098688e+003,8.504486e-003
2.099170e+003,8.519849e-003
2.099652e+003,8.519698e-003
2.100135e+003,8.520952e-003
2.100617e+003,8.534289e-003
2.101099e+003,8.560634e-003
2.101581e+003,8.595635e-003
2.102063e+003,8.630159e-003
2.102545e+003,8.655207e-003
2.103027e+003,8.665212e-003
2.103510e+003,8.662484e-003
2.103991e+003,8.654828e-003
2.104474e+003,8.651180e-003
2.104956e+003,8.658512e-003
2.105438e+003,8.678244e-003
2.105920e+003,8.703548e-003
2.106402e+003,8.723438e-003
2.106884e+003,8.725715e-003
2.107366e+003,8.704097e-003
2.107849e+003,8.657579e-003
2.108331e+003,8.592567e-003
2.108813e+003,8.518995e-003
2.109295e+003,8.445887e-003
2.109777e+003,8.378046e-003
2.110259e+003,8.318854e-003
2.110741e+003,8.268459e-003
2.111223e+003,8.230961e-003
2.111706e+003,8.211167e-003
2.112188e+003,8.215019e-003
2.112670e+003,8.243946e-003
2.113152e+003,8.291255e-003
2.113634e+003,8.338234e-003
2.114116e+003,8.361556e-003
2.114598e+003,8.336382e-003
2.115080e+003,8.249039e-003
2.115563e+003,8.100490e-003
2.116045e+003,7.906918e-003
2.116527e+003,7.695337e-003
2.117009e+003,7.494174e-003
2.117491e+003,7.324577e-003
2.117973e+003,7.193408e-003
2.118455e+003,7.093815e-003
2.118938e+003,7.012300e-003
2.119420e+003,6.933230e-003
2.119902e+003,6.844790e-003
2.120384e+003,6.742375e-003
2.120866e+003,6.627396e-003
2.121348e+003,6.501266e-003
2.121830e+003,6.366741e-003
2.122312e+003,6.222405e-003
2.122794e+003,6.070803e-003
2.123277e+003,5.913848e-003
2.123759e+003,5.757911e-003
2.124241e+003,5.610141e-003
2.124723e+003,5.475644e-003
2.125205e+003,5.351658e-003
2.125687e+003,5.232306e-003
2.126169e+003,5.104841e-003
2.126651e+003,4.962952e-003
2.127134e+003,4.804443e-003
2.127616e+003,4.636040e-003
2.128098e+003,4.469079e-003
2.128580e+003,4.310152e-003
2.129062e+003,4.155431e-003
2.129544e+003,3.992020e-003
2.130026e+003,3.796815e-003
2.130509e+003,3.553445e-003
2.130990e+003,3.260286e-003
2.131473e+003,2.937116e-003
2.131955e+003,2.624824e-003
2.132437e+003,2.373627e-003
2.132919e+003,2.226162e-003
2.133401e+003,2.207463e-003
2.133883e+003,2.311442e-003
2.134365e+003,2.513404e-003
2.134848e+003,2.776798e-003
2.135330e+003,3.066082e-003
2.135812e+003,3.358711e-003
2.136294e+003,3.642539e-003
2.136776e+003,3.911507e-003
2.137258e+003,4.161327e-003
2.137740e+003,4.379868e-003
2.138222e+003,4.554203e-003
2.138705e+003,4.668251e-003
2.139187e+003,4.715679e-003
2.139669e+003,4.697290e-003
2.140151e+003,4.624798e-003
2.140633e+003,4.510586e-003
2.141115e+003,4.371886e-003
2.141597e+003,4.217604e-003
2.142079e+003,4.059786e-003
2.142562e+003,3.909622e-003
2.143044e+003,3.786366e-003
2.143526e+003,3.714195e-003
2.144008e+003,3.712178e-003
2.144490e+003,3.785710e-003
2.144972e+003,3.919160e-003
2.145454e+003,4.076677e-003
2.145937e+003,4.212793e-003
2.146418e+003,4.285756e-003
2.146901e+003,4.273069e-003
2.147383e+003,4.177109e-003
2.147865e+003,4.027150e-003
2.148347e+003,3.858849e-003
2.148829e+003,3.711376e-003
2.149311e+003,3.600748e-003
2.149793e+003,3.527263e-003
2.150276e+003,3.474775e-003
2.150758e+003,3.422768e-003
2.151240e+003,3.356361e-003
2.151722e+003,3.274116e-003
2.152204e+003,3.177674e-003
2.152686e+003,3.073256e-003
2.153168e+003,2.954488e-003
2.153650e+003,2.807481e-003
2.154133e+003,2.604961e-003
2.154615e+003,2.324666e-003
2.155097e+003,1.963610e-003
2.155579e+003,1.552380e-003
2.156061e+003,1.166611e-003
2.156543e+003,9.330949e-004
2.157025e+003,9.986241e-004
2.157507e+003,1.515318e-003
2.157990e+003,2.589764e-003
2.158472e+003,4.230792e-003
2.158954e+003,6.307652e-003
2.159436e+003,8.555891e-003
2.159918e+003,1.063839e-002
2.160400e+003,1.226978e-002
2.160882e+003,1.327826e-002
2.161365e+003,1.365203e-002
2.161846e+003,1.350043e-002
2.162329e+003,1.300430e-002
2.162811e+003,1.236676e-002
2.163293e+003,1.177741e-002
2.163775e+003,1.136435e-002
2.164257e+003,1.118697e-002
2.164739e+003,1.122902e-002
2.165221e+003,1.142765e-002
2.165704e+003,1.169746e-002
2.166186e+003,1.195111e-002
2.166668e+003,1.211927e-002
2.167150e+003,1.216575e-002
2.167632e+003,1.208115e-002
2.168114e+003,1.188980e-002
2.168596e+003,1.162993e-002
2.169078e+003,1.134704e-002
2.169561e+003,1.107829e-002
2.170043e+003,1.084608e-002
2.170525e+003,1.065208e-002
2.171007e+003,1.047928e-002
2.171489e+003,1.029733e-002
2.171971e+003,1.008436e-002
2.172453e+003,9.822166e-003
2.172935e+003,9.528439e-003
2.173417e+003,9.236273e-003
2.173900e+003,8.996716e-003
2.174382e+003,8.854561e-003
2.174864e+003,8.836956e-003
2.175346e+003,8.931756e-003
2.175828e+003,9.099030e-003
2.176310e+003,9.275147e-003
2.176792e+003,9.400887e-003
2.177274e+003,9.436340e-003
2.177757e+003,9.366571e-003
2.178239e+003,9.203705e-003
2.178721e+003,8.983873e-003
2.179203e+003,8.747162e-003
2.179685e+003,8.540866e-003
2.180167e+003,8.402375e-003
2.180649e+003,8.373981e-003
2.181132e+003,8.486955e-003
2.181614e+003,8.761507e-003
2.182096e+003,9.194521e-003
2.182578e+003,9.753953e-003
2.183060e+003,1.036910e-002
2.183542e+003,1.095819e-002
2.184024e+003,1.143299e-002
2.184506e+003,1.173673e-002
2.184989e+003,1.184759e-002
2.185471e+003,1.178509e-002
2.185953e+003,1.160078e-002
2.186435e+003,1.136312e-002
2.186917e+003,1.113025e-002
2.187399e+003,1.094463e-002
2.187881e+003,1.081483e-002
2.188363e+003,1.073207e-002
2.188845e+003,1.067554e-002
2.189328e+003,1.062595e-002
2.189810e+003,1.057055e-002
2.190292e+003,1.050669e-002
2.190774e+003,1.043208e-002
2.191256e+003,1.035320e-002
2.191738e+003,1.026620e-002
2.192220e+003,1.017536e-002
2.192702e+003,1.008596e-002
2.193185e+003,1.000916e-002
2.193667e+003,9.958842e-003
2.194149e+003,9.949643e-003
2.194631e+003,9.984676e-003
2.195113e+003,1.006015e-002
2.195595e+003,1.015743e-002
2.196077e+003,1.025512e-002
2.196560e+003,1.033337e-002
2.197042e+003,1.037663e-002
2.197524e+003,1.038141e-002
2.198006e+003,1.035166e-002
2.198488e+003,1.029311e-002
2.198970e+003,1.021457e-002
2.199452e+003,1.011730e-002
2.199934e+003,1.000402e-002
2.200417e+003,9.873821e-003
2.200899e+003,9.732313e-003
2.201381e+003,9.587600e-003
2.201863e+003,9.452348e-003
2.202345e+003,9.335698e-003
2.202827e+003,9.248123e-003
2.203309e+003,9.187197e-003
2.203791e+003,9.149324e-003
2.204273e+003,9.124337e-003
2.204756e+003,9.102731e-003
2.205238e+003,9.077946e-003
2.205720e+003,9.047762e-003
2.206202e+003,9.013952e-003
2.206684e+003,8.987652e-003
2.207166e+003,8.980389e-003
2.207648e+003,9.006570e-003
2.208130e+003,9.077371e-003
2.208613e+003,9.195345e-003
2.209095e+003,9.353518e-003
2.209577e+003,9.536779e-003
2.210059e+003,9.717415e-003
2.210541e+003,9.874628e-003
2.211023e+003,9.988851e-003
2.211505e+003,1.005619e-002
2.211988e+003,1.008445e-002
2.212469e+003,1.008873e-002
2.212952e+003,1.008381e-002
2.213434e+003,1.008134e-002
2.213916e+003,1.007760e-002
2.214398e+003,1.006378e-002
2.214880e+003,1.002615e-002
2.215362e+003,9.953865e-003
2.215844e+003,9.846914e-003
2.216327e+003,9.716487e-003
2.216809e+003,9.580677e-003
2.217291e+003,9.459522e-003
2.217773e+003,9.367113e-003
2.218255e+003,9.310667e-003
2.218737e+003,9.285450e-003
2.219219e+003,9.284496e-003
2.219701e+003,9.298171e-003
2.220184e+003,9.318241e-003
2.220666e+003,9.339283e-003
2.221148e+003,9.358925e-003
2.221630e+003,9.373294e-003
2.222112e+003,9.382242e-003
2.222594e+003,9.385691e-003
2.223076e+003,9.388098e-003
2.223558e+003,9.398319e-003
2.224041e+003,9.423647e-003
2.224523e+003,9.468117e-003
2.225005e+003,9.531666e-003
2.225487e+003,9.601426e-003
2.225969e+003,9.663251e-003
2.226451e+003,9.698278e-003
2.226933e+003,9.698220e-003
2.227416e+003,9.665207e-003
2.227897e+003,9.612497e-003
2.228380e+003,9.560066e-003
2.228862e+003,9.531034e-003
2.229344e+003,9.538020e-003
2.229826e+003,9.585747e-003
2.230308e+003,9.666787e-003
2.230790e+003,9.766905e-003
2.231272e+003,9.868346e-003
2.231755e+003,9.956092e-003
2.232237e+003,1.001758e-002
2.232719e+003,1.004583e-002
2.233201e+003,1.003723e-002
2.233683e+003,9.997074e-003
2.234165e+003,9.931620e-003
2.234647e+003,9.858589e-003
2.235129e+003,9.796525e-003
2.235612e+003,9.765492e-003
2.236094e+003,9.779647e-003
2.236576e+003,9.842466e-003
2.237058e+003,9.942758e-003
2.237540e+003,1.005891e-002
2.238022e+003,1.016223e-002
2.238504e+003,1.022835e-002
2.238986e+003,1.024315e-002
2.239469e+003,1.020592e-002
2.239951e+003,1.012816e-002
2.240433e+003,1.003073e-002
2.240915e+003,9.933719e-003
2.241397e+003,9.854754e-003
2.241879e+003,9.800897e-003
2.242361e+003,9.774712e-003
2.242844e+003,9.773284e-003
2.243326e+003,9.790328e-003
2.243808e+003,9.820368e-003
2.244290e+003,9.858760e-003
2.244772e+003,9.898972e-003
2.245254e+003,9.936420e-003
2.245736e+003,9.966144e-003
2.246218e+003,9.984749e-003
2.246700e+003,9.992382e-003
2.247183e+003,9.992121e-003
2.247665e+003,9.988545e-003
2.248147e+003,9.986700e-003
2.248629e+003,9.988541e-003
2.249111e+003,9.996629e-003
2.249593e+003,1.000713e-002
2.250075e+003,1.001756e-002
2.250557e+003,1.002355e-002
2.251040e+003,1.002170e-002
2.251522e+003,1.001013e-002
2.252004e+003,9.988906e-003
2.252486e+003,9.960733e-003
2.252968e+003,9.934587e-003
2.253450e+003,9.920572e-003
2.253932e+003,9.933482e-003
2.254415e+003,9.984657e-003
2.254896e+003,1.008084e-002
2.255379e+003,1.021665e-002
2.255861e+003,1.037512e-002
2.256343e+003,1.053042e-002
2.256825e+003,1.065657e-002
2.257307e+003,1.073037e-002
2.257789e+003,1.074469e-002
2.258271e+003,1.070591e-002
2.258754e+003,1.063216e-002
2.259236e+003,1.054544e-002
2.259718e+003,1.046475e-002
2.260200e+003,1.039855e-002
2.260682e+003,1.034733e-002
2.261164e+003,1.030297e-002
2.261646e+003,1.025784e-002
2.262128e+003,1.020815e-002
2.262611e+003,1.015783e-002
2.263093e+003,1.011582e-002
2.263575e+003,1.009342e-002
2.264057e+003,1.009648e-002
2.264539e+003,1.012820e-002
2.265021e+003,1.018351e-002
2.265503e+003,1.025629e-002
2.265985e+003,1.033890e-002
2.266468e+003,1.042549e-002
2.266950e+003,1.051190e-002
2.267432e+003,1.059304e-002
2.267914e+003,1.066305e-002
2.268396e+003,1.071668e-002
2.268878e+003,1.074928e-002
2.269360e+003,1.076198e-002
2.269843e+003,1.076092e-002
2.270324e+003,1.075606e-002
2.270807e+003,1.075841e-002
2.271289e+003,1.077577e-002
2.271771e+003,1.080902e-002
2.272253e+003,1.085334e-002
2.272735e+003,1.089858e-002
2.273217e+003,1.093859e-002
2.273699e+003,1.097009e-002
2.274182e+003,1.099779e-002
2.274664e+003,1.102893e-002
2.275146e+003,1.107220e-002
2.275628e+003,1.113075e-002
2.276110e+003,1.120175e-002
2.276592e+003,1.127691e-002
2.277074e+003,1.134562e-002
2.277556e+003,1.140069e-002
2.278039e+003,1.144014e-002
2.278521e+003,1.146822e-002
2.279003e+003,1.149235e-002
2.279485e+003,1.152198e-002
2.279967e+003,1.156538e-002
2.280449e+003,1.162662e-002
2.280931e+003,1.170861e-002
2.281413e+003,1.181236e-002
2.281896e+003,1.193691e-002
2.282378e+003,1.207897e-002
2.282860e+003,1.223237e-002
2.283342e+003,1.238525e-002
2.283824e+003,1.252534e-002
2.284306e+003,1.263851e-002
2.284788e+003,1.271579e-002
2.285271e+003,1.275583e-002
2.285752e+003,1.276358e-002
2.286235e+003,1.274947e-002
2.286717e+003,1.272568e-002
2.287199e+003,1.270080e-002
2.287681e+003,1.267654e-002
2.288163e+003,1.264857e-002
2.288645e+003,1.260830e-002
2.289127e+003,1.254889e-002
2.289610e+003,1.246657e-002
2.290092e+003,1.236363e-002
2.290574e+003,1.224843e-002
2.291056e+003,1.213143e-002
2.291538e+003,1.202178e-002
2.292020e+003,1.192531e-002
2.292502e+003,1.184372e-002
2.292984e+003,1.177371e-002
2.293467e+003,1.171090e-002
2.293949e+003,1.164953e-002
2.294431e+003,1.158522e-002
2.294913e+003,1.151511e-002
2.295395e+003,1.143952e-002
2.295877e+003,1.136020e-002
2.296359e+003,1.128178e-002
2.296841e+003,1.121080e-002
2.297323e+003,1.115342e-002
2.297806e+003,1.111480e-002
2.298288e+003,1.109534e-002
2.298770e+003,1.109089e-002
2.299252e+003,1.109376e-002
2.299734e+003,1.109339e-002
2.300216e+003,1.108107e-002
2.300698e+003,1.105364e-002
2.301180e+003,1.101279e-002
2.301663e+003,1.096636e-002
2.302145e+003,1.092493e-002
2.302627e+003,1.089698e-002
2.303109e+003,1.088815e-002
2.303591e+003,1.089761e-002
2.304073e+003,1.092034e-002
2.304555e+003,1.094965e-002
2.305038e+003,1.097789e-002
2.305520e+003,1.100011e-002
2.306002e+003,1.101330e-002
2.306484e+003,1.101645e-002
2.306966e+003,1.101033e-002
2.307448e+003,1.099617e-002
2.307930e+003,1.097736e-002
2.308412e+003,1.095893e-002
2.308895e+003,1.094784e-002
2.309377e+003,1.095097e-002
2.309859e+003,1.097407e-002
2.310341e+003,1.101754e-002
2.310823e+003,1.107852e-002
2.311305e+003,1.114735e-002
2.311787e+003,1.121512e-002
2.312269e+003,1.127441e-002
2.312751e+003,1.132217e-002
2.313234e+003,1.136135e-002
2.313716e+003,1.139908e-002
2.314198e+003,1.144240e-002
2.314680e+003,1.149746e-002
2.315162e+003,1.156495e-002
2.315644e+003,1.164312e-002
2.316126e+003,1.172815e-002
2.316608e+003,1.181633e-002
2.317091e+003,1.190673e-002
2.317573e+003,1.200051e-002
2.318055e+003,1.210049e-002
2.318537e+003,1.221124e-002
2.319019e+003,1.233815e-002
2.319501e+003,1.248925e-002
2.319983e+003,1.267585e-002
2.320466e+003,1.290874e-002
2.320948e+003,1.319539e-002
2.321430e+003,1.353181e-002
2.321912e+003,1.389500e-002
2.322394e+003,1.424263e-002
2.322876e+003,1.451548e-002
2.323358e+003,1.465111e-002
2.323840e+003,1.459962e-002
2.324323e+003,1.433913e-002
2.324805e+003,1.388076e-002
2.325287e+003,1.326744e-002
2.325769e+003,1.256388e-002
2.326251e+003,1.184267e-002
2.326733e+003,1.117062e-002
2.327215e+003,1.059715e-002
2.327697e+003,1.014927e-002
2.328179e+003,9.829926e-003
2.328662e+003,9.623880e-003
2.329144e+003,9.504726e-003
2.329626e+003,9.443350e-003
2.330108e+003,9.416235e-003
2.330590e+003,9.405868e-003
2.331072e+003,9.401735e-003
2.331554e+003,9.398143e-003
2.332036e+003,9.391665e-003
2.332519e+003,9.380265e-003
2.333001e+003,9.364261e-003
2.333483e+003,9.345595e-003
2.333965e+003,9.327933e-003
2.334447e+003,9.315499e-003
2.334929e+003,9.310786e-003
2.335411e+003,9.313568e-003
2.335894e+003,9.319786e-003
2.336375e+003,9.324053e-003
2.336858e+003,9.320975e-003
2.337340e+003,9.307502e-003
2.337822e+003,9.285266e-003
2.338304e+003,9.258407e-003
2.338786e+003,9.234117e-003
2.339268e+003,9.218658e-003
2.339750e+003,9.216490e-003
2.340233e+003,9.228873e-003
2.340715e+003,9.254803e-003
2.341197e+003,9.290840e-003
2.341679e+003,9.333708e-003
2.342161e+003,9.377922e-003
2.342643e+003,9.419728e-003
2.343125e+003,9.453795e-003
2.343607e+003,9.475962e-003
2.344090e+003,9.483791e-003
2.344572e+003,9.478451e-003
2.345054e+003,9.463615e-003
2.345536e+003,9.446658e-003
2.346018e+003,9.434006e-003
2.346500e+003,9.429588e-003
2.346982e+003,9.433488e-003
2.347464e+003,9.441862e-003
2.347947e+003,9.448120e-003
2.348429e+003,9.446527e-003
2.348911e+003,9.433147e-003
2.349393e+003,9.407193e-003
2.349875e+003,9.370384e-003
2.350357e+003,9.327900e-003
2.350839e+003,9.287053e-003
2.351322e+003,9.253970e-003
2.351803e+003,9.231100e-003
2.352286e+003,9.217105e-003
2.352768e+003,9.205936e-003
2.353250e+003,9.190985e-003
2.353732e+003,9.167450e-003
2.354214e+003,9.135486e-003
2.354696e+003,9.100988e-003
2.355178e+003,9.073090e-003
2.355661e+003,9.059355e-003
2.356143e+003,9.063807e-003
2.356625e+003,9.083310e-003
2.357107e+003,9.111407e-003
2.357589e+003,9.138020e-003
2.358071e+003,9.155575e-003
2.358553e+003,9.159261e-003
2.359035e+003,9.147963e-003
2.359518e+003,9.122699e-003
2.360000e+003,9.085116e-003
2.360482e+003,9.033394e-003
2.360964e+003,8.966580e-003
2.361446e+003,8.881195e-003
2.361928e+003,8.777549e-003
2.362410e+003,8.659502e-003
2.362892e+003,8.533687e-003
2.363375e+003,8.410123e-003
2.363857e+003,8.298366e-003
2.364339e+003,8.204740e-003
2.364821e+003,8.133117e-003
2.365303e+003,8.083194e-003
2.365785e+003,8.052843e-003
2.366267e+003,8.038995e-003
2.366750e+003,8.037077e-003
2.367232e+003,8.043458e-003
2.367714e+003,8.053795e-003
2.368196e+003,8.063422e-003
2.368678e+003,8.070204e-003
2.369160e+003,8.072638e-003
2.369642e+003,8.073410e-003
2.370124e+003,8.077348e-003
2.370606e+003,8.089678e-003
2.371089e+003,8.115078e-003
2.371571e+003,8.154113e-003
2.372053e+003,8.203225e-003
2.372535e+003,8.255925e-003
2.373017e+003,8.302384e-003
2.373499e+003,8.335546e-003
2.373981e+003,8.350246e-003
2.374463e+003,8.345991e-003
2.374946e+003,8.326267e-003
2.375428e+003,8.296854e-003
2.375910e+003,8.264256e-003
2.376392e+003,8.234979e-003
2.376874e+003,8.212278e-003
2.377356e+003,8.198619e-003
2.377838e+003,8.193532e-003
2.378321e+003,8.195908e-003
2.378802e+003,8.203608e-003
2.379285e+003,8.213932e-003
2.379767e+003,8.225212e-003
2.380249e+003,8.237056e-003
2.380731e+003,8.248186e-003
2.381213e+003,8.259717e-003
2.381695e+003,8.271731e-003
2.382177e+003,8.285341e-003
2.382660e+003,8.300468e-003
2.383142e+003,8.316633e-003
2.383624e+003,8.332329e-003
2.384106e+003,8.345800e-003
2.384588e+003,8.355691e-003
2.385070e+003,8.361524e-003
2.385552e+003,8.362974e-003
2.386034e+003,8.361398e-003
2.386517e+003,8.358463e-003
2.386999e+003,8.355368e-003
2.387481e+003,8.353627e-003
2.387963e+003,8.354595e-003
2.388445e+003,8.358437e-003
2.388927e+003,8.365550e-003
2.389409e+003,8.375858e-003
2.389891e+003,8.388883e-003
2.390374e+003,8.403591e-003
2.390856e+003,8.418224e-003
2.391338e+003,8.430946e-003
2.391820e+003,8.440394e-003
2.392302e+003,8.446411e-003
2.392784e+003,8.449792e-003
2.393266e+003,8.452614e-003
2.393749e+003,8.457756e-003
2.394230e+003,8.466576e-003
2.394713e+003,8.479719e-003
2.395195e+003,8.495991e-003
2.395677e+003,8.512826e-003
2.396159e+003,8.527188e-003
2.396641e+003,8.536909e-003
2.397123e+003,8.541108e-003
2.397605e+003,8.540023e-003
2.398088e+003,8.534530e-003
2.398570e+003,8.525830e-003
2.399052e+003,8.514239e-003
2.399534e+003,8.500000e-003
2.400016e+003,8.482707e-003
2.400498e+003,8.462839e-003
2.400980e+003,8.441682e-003
2.401462e+003,8.420995e-003
2.401945e+003,8.402952e-003
2.402427e+003,8.388588e-003
2.402909e+003,8.378472e-003
2.403391e+003,8.373089e-003
2.403873e+003,8.372682e-003
2.404355e+003,8.378698e-003
2.404837e+003,8.395239e-003
2.405319e+003,8.426246e-003
2.405802e+003,8.475509e-003
2.406284e+003,8.544568e-003
2.406766e+003,8.630382e-003
2.407248e+003,8.726452e-003
2.407730e+003,8.822648e-003
2.408212e+003,8.909232e-003
2.408694e+003,8.977748e-003
2.409177e+003,9.024391e-003
2.409658e+003,9.048667e-003
2.410141e+003,9.054746e-003
2.410623e+003,9.047776e-003
2.411105e+003,9.033550e-003
2.411587e+003,9.015770e-003
2.412069e+003,8.997097e-003
2.412551e+003,8.979142e-003
2.413033e+003,8.963115e-003
2.413516e+003,8.949985e-003
2.413998e+003,8.941203e-003
2.414480e+003,8.937988e-003
2.414962e+003,8.941064e-003
2.415444e+003,8.949467e-003
2.415926e+003,8.962880e-003
2.416408e+003,8.978799e-003
2.416890e+003,8.995292e-003
2.417373e+003,9.010659e-003
2.417855e+003,9.023202e-003
2.418337e+003,9.032357e-003
2.418819e+003,9.037632e-003
2.419301e+003,9.038869e-003
2.419783e+003,9.037516e-003
2.420265e+003,9.036080e-003
2.420747e+003,9.038044e-003
2.421229e+003,9.046559e-003
2.421712e+003,9.064224e-003
2.422194e+003,9.091205e-003
2.422676e+003,9.125969e-003
2.423158e+003,9.164069e-003
2.423640e+003,9.201294e-003
2.424122e+003,9.234075e-003
2.424604e+003,9.261118e-003
2.425086e+003,9.282981e-003
2.425569e+003,9.304206e-003
2.426051e+003,9.329492e-003
2.426533e+003,9.363388e-003
2.427015e+003,9.407034e-003
2.427497e+003,9.459381e-003
2.427979e+003,9.517272e-003
2.428461e+003,9.574293e-003
2.428944e+003,9.625167e-003
2.429426e+003,9.665584e-003
2.429908e+003,9.693422e-003
2.430390e+003,9.709163e-003
2.430872e+003,9.714665e-003
2.431354e+003,9.713989e-003
2.431836e+003,9.710468e-003
2.432318e+003,9.707351e-003
2.432801e+003,9.706671e-003
2.433283e+003,9.709571e-003
2.433765e+003,9.716215e-003
2.434247e+003,9.727094e-003
2.434729e+003,9.740338e-003
2.435211e+003,9.755621e-003
2.435693e+003,9.771157e-003
2.436175e+003,9.784658e-003
2.436657e+003,9.793359e-003
2.437140e+003,9.794319e-003
2.437622e+003,9.785333e-003
2.438104e+003,9.766477e-003
2.438586e+003,9.738643e-003
2.439068e+003,9.705823e-003
2.439550e+003,9.673808e-003
2.440032e+003,9.648222e-003
2.440514e+003,9.633645e-003
2.440997e+003,9.632529e-003
2.441479e+003,9.644146e-003
2.441961e+003,9.665811e-003
2.442443e+003,9.692953e-003
2.442925e+003,9.720763e-003
2.443407e+003,9.746702e-003
2.443889e+003,9.768731e-003
2.444372e+003,9.787005e-003
2.444854e+003,9.803243e-003
2.445336e+003,9.818017e-003
2.445818e+003,9.833938e-003
2.446300e+003,9.851666e-003
2.446782e+003,9.872674e-003
2.447264e+003,9.897455e-003
2.447746e+003,9.926829e-003
2.448229e+003,9.960226e-003
2.448711e+003,9.996175e-003
2.449193e+003,1.003116e-002
2.449675e+003,1.006206e-002
2.450157e+003,1.008486e-002
2.450639e+003,1.009741e-002
2.451121e+003,1.010063e-002
2.451604e+003,1.009679e-002
2.452085e+003,1.009140e-002
2.452568e+003,1.008928e-002
2.453050e+003,1.009364e-002
2.453532e+003,1.010621e-002
2.454014e+003,1.012404e-002
2.454496e+003,1.014212e-002
2.454978e+003,1.015528e-002
2.455460e+003,1.015826e-002
2.455943e+003,1.014868e-002
2.456425e+003,1.012766e-002
2.456907e+003,1.009710e-002
2.457389e+003,1.006226e-002
2.457871e+003,1.002634e-002
2.458353e+003,9.991960e-003
2.458835e+003,9.959711e-003
2.459317e+003,9.928435e-003
2.459800e+003,9.895172e-003
2.460282e+003,9.858360e-003
2.460764e+003,9.815937e-003
2.461246e+003,9.769054e-003
2.461728e+003,9.719524e-003
2.462210e+003,9.671373e-003
2.462692e+003,9.628887e-003
2.463174e+003,9.596183e-003
2.463656e+003,9.576069e-003
2.464139e+003,9.568059e-003
2.464621e+003,9.571166e-003
2.465103e+003,9.580787e-003
2.465585e+003,9.592222e-003
2.466067e+003,9.600527e-003
2.466549e+003,9.602323e-003
2.467031e+003,9.596116e-003
2.467513e+003,9.583556e-003
2.467996e+003,9.566286e-003
2.468478e+003,9.548267e-003
2.468960e+003,9.533130e-003
2.469442e+003,9.523350e-003
2.469924e+003,9.519678e-003
2.470406e+003,9.521618e-003
2.470888e+003,9.527276e-003
2.471371e+003,9.533597e-003
2.471853e+003,9.538678e-003
2.472335e+003,9.540785e-003
2.472817e+003,9.539424e-003
2.473299e+003,9.535413e-003
2.473781e+003,9.530161e-003
2.474263e+003,9.526062e-003
2.474745e+003,9.524856e-003
2.475228e+003,9.527209e-003
2.475710e+003,9.534030e-003
2.476192e+003,9.544332e-003
2.476674e+003,9.557946e-003
2.477156e+003,9.574298e-003
2.477638e+003,9.593308e-003
2.478120e+003,9.615554e-003
2.478602e+003,9.640877e-003
2.479084e+003,9.668693e-003
2.479567e+003,9.697017e-003
2.480049e+003,9.723200e-003
2.480531e+003,9.745243e-003
2.481013e+003,9.760826e-003
2.481495e+003,9.770353e-003
2.481977e+003,9.776568e-003
2.482459e+003,9.782785e-003
2.482941e+003,9.793317e-003
2.483424e+003,9.810830e-003
2.483906e+003,9.835493e-003
2.484388e+003,9.865313e-003
2.484870e+003,9.895811e-003
2.485352e+003,9.922164e-003
2.485834e+003,9.941297e-003
2.486316e+003,9.951706e-003
2.486799e+003,9.955631e-003
2.487281e+003,9.956731e-003
2.487763e+003,9.960406e-003
2.488245e+003,9.971322e-003
2.488727e+003,9.991899e-003
2.489209e+003,1.002205e-002
2.489691e+003,1.005972e-002
2.490173e+003,1.010105e-002
2.490656e+003,1.014141e-002
2.491138e+003,1.017721e-002
2.491620e+003,1.020584e-002
2.492102e+003,1.022632e-002
2.492584e+003,1.023956e-002
2.493066e+003,1.024637e-002
2.493548e+003,1.024894e-002
2.494030e+003,1.024933e-002
2.494512e+003,1.024890e-002
2.494995e+003,1.024796e-002
2.495477e+003,1.024735e-002
2.495959e+003,1.024666e-002
2.496441e+003,1.024538e-002
2.496923e+003,1.024477e-002
2.497405e+003,1.024508e-002
2.497887e+003,1.024848e-002
2.498370e+003,1.025789e-002
2.498852e+003,1.027567e-002
2.499334e+003,1.030332e-002
2.499816e+003,1.034076e-002
2.500298e+003,1.038491e-002
2.500780e+003,1.043142e-002
2.501262e+003,1.047435e-002
2.501744e+003,1.050775e-002
2.502227e+003,1.052736e-002
2.502709e+003,1.053232e-002
2.503191e+003,1.052480e-002
2.503673e+003,1.051024e-002
2.504155e+003,1.049509e-002
2.504637e+003,1.048454e-002
2.505119e+003,1.048287e-002
2.505601e+003,1.049000e-002
2.506083e+003,1.050376e-002
2.506566e+003,1.051920e-002
2.507048e+003,1.053179e-002
2.507530e+003,1.053893e-002
2.508012e+003,1.053987e-002
2.508494e+003,1.053585e-002
2.508976e+003,1.052906e-002
2.509458e+003,1.052303e-002
2.509940e+003,1.051900e-002
2.510423e+003,1.051749e-002
2.510905e+003,1.051767e-002
2.511387e+003,1.051985e-002
2.511869e+003,1.052414e-002
2.512351e+003,1.053247e-002
2.512833e+003,1.054777e-002
2.513315e+003,1.057334e-002
2.513798e+003,1.061044e-002
2.514280e+003,1.065916e-002
2.514762e+003,1.071682e-002
2.515244e+003,1.077880e-002
2.515726e+003,1.084089e-002
2.516208e+003,1.089737e-002
2.516690e+003,1.094578e-002
2.517172e+003,1.098427e-002
2.517655e+003,1.101325e-002
2.518137e+003,1.103500e-002
2.518619e+003,1.105144e-002
2.519101e+003,1.106713e-002
2.519583e+003,1.108410e-002
2.520065e+003,1.110494e-002
2.520547e+003,1.113018e-002
2.521029e+003,1.115982e-002
2.521511e+003,1.119040e-002
2.521994e+003,1.121888e-002
2.522476e+003,1.124070e-002
2.522958e+003,1.125290e-002
2.523440e+003,1.125395e-002
2.523922e+003,1.124343e-002
2.524404e+003,1.122597e-002
2.524886e+003,1.120606e-002
2.525368e+003,1.119070e-002
2.525851e+003,1.118590e-002
2.526333e+003,1.119649e-002
2.526815e+003,1.122561e-002
2.527297e+003,1.127158e-002
2.527779e+003,1.133102e-002
2.528261e+003,1.139818e-002
2.528743e+003,1.146563e-002
2.529226e+003,1.152684e-002
2.529708e+003,1.157707e-002
2.530190e+003,1.161350e-002
2.530672e+003,1.163750e-002
2.531154e+003,1.165183e-002
2.531636e+003,1.165990e-002
2.532118e+003,1.166611e-002
2.532600e+003,1.167274e-002
2.533083e+003,1.168073e-002
2.533565e+003,1.169118e-002
2.534047e+003,1.170521e-002
2.534529e+003,1.172500e-002
2.535011e+003,1.175228e-002
2.535493e+003,1.178882e-002
2.535975e+003,1.183480e-002
2.536457e+003,1.188700e-002
2.536939e+003,1.193872e-002
2.537422e+003,1.198271e-002
2.537904e+003,1.201186e-002
2.538386e+003,1.202281e-002
2.538868e+003,1.201659e-002
2.539350e+003,1.199897e-002
2.539832e+003,1.197862e-002
2.540314e+003,1.196404e-002
2.540796e+003,1.196104e-002
2.541279e+003,1.197199e-002
2.541761e+003,1.199410e-002
2.542243e+003,1.202430e-002
2.542725e+003,1.205784e-002
2.543207e+003,1.209284e-002
2.543689e+003,1.212981e-002
2.544171e+003,1.217013e-002
2.544654e+003,1.221540e-002
2.545135e+003,1.226572e-002
2.545618e+003,1.231973e-002
2.546100e+003,1.237453e-002
2.546582e+003,1.242662e-002
2.547064e+003,1.247429e-002
2.547546e+003,1.251857e-002
2.548028e+003,1.256030e-002
2.548510e+003,1.260197e-002
2.548993e+003,1.264468e-002
2.549475e+003,1.268885e-002
2.549957e+003,1.273150e-002
2.550439e+003,1.277127e-002
2.550921e+003,1.280532e-002
2.551403e+003,1.283340e-002
2.551885e+003,1.285532e-002
2.552367e+003,1.287272e-002
2.552850e+003,1.288722e-002
2.553332e+003,1.289890e-002
2.553814e+003,1.290827e-002
2.554296e+003,1.291516e-002
2.554778e+003,1.291888e-002
2.555260e+003,1.292132e-002
2.555742e+003,1.292350e-002
2.556224e+003,1.292825e-002
2.556707e+003,1.293712e-002
2.557189e+003,1.295019e-002
2.557671e+003,1.296772e-002
2.558153e+003,1.298629e-002
2.558635e+003,1.300426e-002
2.559117e+003,1.301941e-002
2.559599e+003,1.303095e-002
2.560082e+003,1.303976e-002
2.560563e+003,1.304780e-002
2.561046e+003,1.305764e-002
2.561528e+003,1.307281e-002
2.562010e+003,1.309665e-002
2.562492e+003,1.313099e-002
2.562974e+003,1.317668e-002
2.563456e+003,1.323383e-002
2.563938e+003,1.329916e-002
2.564421e+003,1.336960e-002
2.564903e+003,1.344075e-002
2.565385e+003,1.351065e-002
2.565867e+003,1.357644e-002
2.566349e+003,1.363804e-002
2.566831e+003,1.369803e-002
2.567313e+003,1.375744e-002
2.567795e+003,1.381911e-002
2.568278e+003,1.388366e-002
2.568760e+003,1.395133e-002
2.569242e+003,1.402274e-002
2.569724e+003,1.409797e-002
2.570206e+003,1.417764e-002
2.570688e+003,1.426320e-002
2.571170e+003,1.435597e-002
2.571652e+003,1.445663e-002
2.572135e+003,1.456320e-002
2.572617e+003,1.467199e-002
2.573099e+003,1.477797e-002
2.573581e+003,1.487597e-002
2.574063e+003,1.496208e-002
2.574545e+003,1.503569e-002
2.575027e+003,1.509826e-002
2.575510e+003,1.515393e-002
2.575991e+003,1.520756e-002
2.576474e+003,1.526311e-002
2.576956e+003,1.532361e-002
2.577438e+003,1.538934e-002
2.577920e+003,1.545855e-002
2.578402e+003,1.552849e-002
2.578884e+003,1.559534e-002
2.579366e+003,1.565537e-002
2.579849e+003,1.570597e-002
2.580331e+003,1.574567e-002
2.580813e+003,1.577393e-002
2.581295e+003,1.579223e-002
2.581777e+003,1.580143e-002
2.582259e+003,1.580369e-002
2.582741e+003,1.580039e-002
2.583223e+003,1.579136e-002
2.583706e+003,1.577486e-002
2.584188e+003,1.574941e-002
2.584670e+003,1.571422e-002
2.585152e+003,1.566911e-002
2.585634e+003,1.561678e-002
2.586116e+003,1.556174e-002
2.586598e+003,1.550903e-002
2.587080e+003,1.546447e-002
2.587563e+003,1.543041e-002
2.588045e+003,1.540737e-002
2.588527e+003,1.539259e-002
2.589009e+003,1.538024e-002
2.589491e+003,1.536510e-002
2.589973e+003,1.534221e-002
2.590455e+003,1.531026e-002
2.590938e+003,1.526986e-002
2.591419e+003,1.522509e-002
2.591902e+003,1.518075e-002
2.592384e+003,1.514257e-002
2.592866e+003,1.511525e-002
2.593348e+003,1.510012e-002
2.593830e+003,1.509753e-002
2.594312e+003,1.510417e-002
2.594794e+003,1.511613e-002
2.595277e+003,1.512913e-002
2.595759e+003,1.513953e-002
2.596241e+003,1.514556e-002
2.596723e+003,1.514768e-002
2.597205e+003,1.514788e-002
2.597687e+003,1.515095e-002
2.598169e+003,1.516092e-002
2.598651e+003,1.518136e-002
2.599134e+003,1.521490e-002
2.599616e+003,1.526172e-002
2.600098e+003,1.532088e-002
2.600580e+003,1.538906e-002
2.601062e+003,1.546250e-002
2.601544e+003,1.553843e-002
2.602026e+003,1.561299e-002
2.602508e+003,1.568373e-002
2.602990e+003,1.574811e-002
2.603473e+003,1.580518e-002
2.603955e+003,1.585526e-002
2.604437e+003,1.589933e-002
2.604919e+003,1.594088e-002
2.605401e+003,1.598331e-002
2.605883e+003,1.603024e-002
2.606365e+003,1.608505e-002
2.606847e+003,1.614901e-002
2.607330e+003,1.622158e-002
2.607812e+003,1.630181e-002
2.608294e+003,1.638759e-002
2.608776e+003,1.647762e-002
2.609258e+003,1.657032e-002
2.609740e+003,1.666464e-002
2.610222e+003,1.675891e-002
2.610705e+003,1.685191e-002
2.611187e+003,1.694065e-002
2.611669e+003,1.702266e-002
2.612151e+003,1.709512e-002
2.612633e+003,1.715716e-002
2.613115e+003,1.720902e-002
2.613597e+003,1.725220e-002
2.614079e+003,1.728792e-002
2.614562e+003,1.731759e-002
2.615044e+003,1.734137e-002
2.615526e+003,1.735847e-002
2.616008e+003,1.736845e-002
2.616490e+003,1.737165e-002
2.616972e+003,1.737133e-002
2.617454e+003,1.737109e-002
2.617936e+003,1.737658e-002
2.618418e+003,1.739212e-002
2.618901e+003,1.741955e-002
2.619383e+003,1.745810e-002
2.619865e+003,1.750327e-002
2.620347e+003,1.754952e-002
2.620829e+003,1.759111e-002
2.621311e+003,1.762380e-002
2.621793e+003,1.764575e-002
2.622276e+003,1.765747e-002
2.622758e+003,1.766125e-002
2.623240e+003,1.766105e-002
2.623722e+003,1.765917e-002
2.624204e+003,1.765774e-002
2.624686e+003,1.765878e-002
2.625168e+003,1.766255e-002
2.625650e+003,1.766986e-002
2.626133e+003,1.768053e-002
2.626615e+003,1.769447e-002
2.627097e+003,1.771133e-002
2.627579e+003,1.772970e-002
2.628061e+003,1.774923e-002
2.628543e+003,1.776885e-002
2.629025e+003,1.778848e-002
2.629507e+003,1.780820e-002
2.629990e+003,1.782925e-002
2.630472e+003,1.785102e-002
2.630954e+003,1.787440e-002
2.631436e+003,1.789822e-002
2.631918e+003,1.792152e-002
2.632400e+003,1.794385e-002
2.632882e+003,1.796486e-002
2.633364e+003,1.798561e-002
2.633846e+003,1.800779e-002
2.634329e+003,1.803263e-002
2.634811e+003,1.806094e-002
2.635293e+003,1.809370e-002
2.635775e+003,1.812904e-002
2.636257e+003,1.816554e-002
2.636739e+003,1.820180e-002
2.637221e+003,1.823611e-002
2.637704e+003,1.826946e-002
2.638186e+003,1.830291e-002
2.638668e+003,1.833806e-002
2.639150e+003,1.837784e-002
2.639632e+003,1.842342e-002
2.640114e+003,1.847541e-002
2.640596e+003,1.853427e-002
2.641078e+003,1.859795e-002
2.641561e+003,1.866468e-002
2.642043e+003,1.873135e-002
2.642525e+003,1.879503e-002
2.643007e+003,1.885374e-002
2.643489e+003,1.890597e-002
2.643971e+003,1.895181e-002
2.644453e+003,1.899357e-002
2.644935e+003,1.903401e-002
2.645417e+003,1.907616e-002
2.645900e+003,1.912340e-002
2.646382e+003,1.917700e-002
2.646864e+003,1.923605e-002
2.647346e+003,1.929815e-002
2.647828e+003,1.935904e-002
2.648310e+003,1.941584e-002
2.648792e+003,1.946597e-002
2.649274e+003,1.950826e-002
2.649757e+003,1.954467e-002
2.650239e+003,1.957788e-002
2.650721e+003,1.961092e-002
2.651203e+003,1.964657e-002
2.651685e+003,1.968679e-002
2.652167e+003,1.973202e-002
2.652649e+003,1.978202e-002
2.653132e+003,1.983579e-002
2.653614e+003,1.989146e-002
2.654096e+003,1.994848e-002
2.654578e+003,2.000401e-002
2.655060e+003,2.005679e-002
2.655542e+003,2.010430e-002
2.656024e+003,2.014440e-002
2.656506e+003,2.017547e-002
2.656989e+003,2.019705e-002
2.657471e+003,2.020869e-002
2.657953e+003,2.021217e-002
2.658435e+003,2.020840e-002
2.658917e+003,2.019799e-002
2.659399e+003,2.018139e-002
2.659881e+003,2.015832e-002
2.660363e+003,2.012761e-002
2.660845e+003,2.008838e-002
2.661328e+003,2.003944e-002
2.661810e+003,1.998116e-002
2.662292e+003,1.991459e-002
2.662774e+003,1.984101e-002
2.663256e+003,1.976425e-002
2.663738e+003,1.968703e-002
2.664220e+003,1.961275e-002
2.664702e+003,1.954608e-002
2.665185e+003,1.948980e-002
2.665667e+003,1.944724e-002
2.666149e+003,1.941914e-002
2.666631e+003,1.940612e-002
2.667113e+003,1.940675e-002
2.667595e+003,1.941817e-002
2.668077e+003,1.943723e-002
2.668560e+003,1.946044e-002
2.669042e+003,1.948545e-002
2.669524e+003,1.950947e-002
2.670006e+003,1.953181e-002
2.670488e+003,1.955171e-002
2.670970e+003,1.957027e-002
2.671452e+003,1.958848e-002
2.671934e+003,1.960759e-002
2.672417e+003,1.962932e-002
2.672899e+003,1.965475e-002
2.673381e+003,1.968496e-002
2.673863e+003,1.971996e-002
2.674345e+003,1.975993e-002
2.674827e+003,1.980253e-002
2.675309e+003,1.984703e-002
2.675791e+003,1.989083e-002
2.676273e+003,1.993149e-002
2.676756e+003,1.996747e-002
2.677238e+003,1.999643e-002
2.677720e+003,2.001691e-002
2.678202e+003,2.002773e-002
2.678684e+003,2.002872e-002
2.679166e+003,2.002077e-002
2.679648e+003,2.000585e-002
2.680130e+003,1.998705e-002
2.680613e+003,1.996814e-002
2.681095e+003,1.995240e-002
2.681577e+003,1.994224e-002
2.682059e+003,1.993860e-002
2.682541e+003,1.993956e-002
2.683023e+003,1.994350e-002
2.683505e+003,1.994791e-002
2.683988e+003,1.995022e-002
2.684469e+003,1.994955e-002
2.684952e+003,1.994635e-002
2.685434e+003,1.994115e-002
2.685916e+003,1.993468e-002
2.686398e+003,1.992757e-002
2.686880e+003,1.991947e-002
2.687362e+003,1.990991e-002
2.687844e+003,1.989790e-002
2.688327e+003,1.988335e-002
2.688809e+003,1.986625e-002
2.689291e+003,1.984842e-002
2.689773e+003,1.983050e-002
2.690255e+003,1.981374e-002
2.690737e+003,1.979871e-002
2.691219e+003,1.978511e-002
2.691701e+003,1.977251e-002
2.692184e+003,1.976017e-002
2.692666e+003,1.974829e-002
2.693148e+003,1.973622e-002
2.693630e+003,1.972423e-002
2.694112e+003,1.971287e-002
2.694594e+003,1.970278e-002
2.695076e+003,1.969468e-002
2.695558e+003,1.968994e-002
2.696041e+003,1.969000e-002
2.696523e+003,1.969598e-002
2.697005e+003,1.970932e-002
2.697487e+003,1.973002e-002
2.697969e+003,1.975755e-002
2.698451e+003,1.979036e-002
2.698933e+003,1.982645e-002
2.699416e+003,1.986456e-002
2.699897e+003,1.990378e-002
2.700380e+003,1.994519e-002
2.700862e+003,1.999008e-002
2.701344e+003,2.003963e-002
2.701826e+003,2.009548e-002
2.702308e+003,2.015736e-002
2.702790e+003,2.022455e-002
2.703272e+003,2.029523e-002
2.703755e+003,2.036885e-002
2.704237e+003,2.044542e-002
2.704719e+003,2.052530e-002
2.705201e+003,2.061014e-002
2.705683e+003,2.070113e-002
2.706165e+003,2.079828e-002
2.706647e+003,2.090021e-002
2.707129e+003,2.100510e-002
2.707612e+003,2.111004e-002
2.708094e+003,2.121293e-002
2.708576e+003,2.131320e-002
2.709058e+003,2.141233e-002
2.709540e+003,2.151279e-002
2.710022e+003,2.161767e-002
2.710504e+003,2.173148e-002
2.710986e+003,2.185696e-002
2.711469e+003,2.199585e-002
2.711951e+003,2.214918e-002
2.712433e+003,2.231504e-002
2.712915e+003,2.249189e-002
2.713397e+003,2.267670e-002
2.713879e+003,2.286674e-002
2.714361e+003,2.306064e-002
2.714844e+003,2.325766e-002
2.715325e+003,2.345873e-002
2.715808e+003,2.366623e-002
2.716290e+003,2.388257e-002
2.716772e+003,2.410978e-002
2.717254e+003,2.434776e-002
2.717736e+003,2.459433e-002
2.718218e+003,2.484444e-002
2.718700e+003,2.509101e-002
2.719183e+003,2.532565e-002
2.719665e+003,2.554081e-002
2.720147e+003,2.572927e-002
2.720629e+003,2.588595e-002
2.721111e+003,2.600722e-002
2.721593e+003,2.609111e-002
2.722075e+003,2.613723e-002
2.722557e+003,2.614600e-002
2.723040e+003,2.611964e-002
2.723522e+003,2.606079e-002
2.724004e+003,2.597352e-002
2.724486e+003,2.586222e-002
2.724968e+003,2.573160e-002
2.725450e+003,2.558647e-002
2.725932e+003,2.543051e-002
2.726414e+003,2.526768e-002
2.726896e+003,2.510140e-002
2.727379e+003,2.493472e-002
2.727861e+003,2.477142e-002
2.728343e+003,2.461389e-002
2.728825e+003,2.446482e-002
2.729307e+003,2.432551e-002
2.729789e+003,2.419631e-002
2.730271e+003,2.407622e-002
2.730753e+003,2.396432e-002
2.731236e+003,2.385838e-002
2.731718e+003,2.375686e-002
2.732200e+003,2.365798e-002
2.732682e+003,2.356130e-002
2.733164e+003,2.346615e-002
2.733646e+003,2.337209e-002
2.734128e+003,2.327948e-002
2.734611e+003,2.318805e-002
2.735093e+003,2.309834e-002
2.735575e+003,2.301018e-002
2.736057e+003,2.292328e-002
2.736539e+003,2.283766e-002
2.737021e+003,2.275137e-002
2.737503e+003,2.266357e-002
2.737985e+003,2.257205e-002
2.738468e+003,2.247578e-002
2.738950e+003,2.237496e-002
2.739432e+003,2.226986e-002
2.739914e+003,2.216297e-002
2.740396e+003,2.205697e-002
2.740878e+003,2.195530e-002
2.741360e+003,2.186137e-002
2.741842e+003,2.177759e-002
2.742324e+003,2.170562e-002
2.742807e+003,2.164623e-002
2.743289e+003,2.159820e-002
2.743771e+003,2.156090e-002
2.744253e+003,2.153191e-002
2.744735e+003,2.150911e-002
2.745217e+003,2.149002e-002
2.745699e+003,2.147258e-002
2.746182e+003,2.145578e-002
2.746664e+003,2.143990e-002
2.747146e+003,2.142522e-002
2.747628e+003,2.141332e-002
2.748110e+003,2.140494e-002
2.748592e+003,2.140053e-002
2.749074e+003,2.139955e-002
2.749556e+003,2.139978e-002
2.750039e+003,2.139964e-002
2.750521e+003,2.139866e-002
2.751003e+003,2.139647e-002
2.751485e+003,2.139456e-002
2.751967e+003,2.139626e-002
2.752449e+003,2.140485e-002
2.752931e+003,2.142299e-002
2.753413e+003,2.145200e-002
2.753896e+003,2.149190e-002
2.754378e+003,2.154082e-002
2.754860e+003,2.159580e-002
2.755342e+003,2.165359e-002
2.755824e+003,2.171289e-002
2.756306e+003,2.177128e-002
2.756788e+003,2.182894e-002
2.757270e+003,2.188645e-002
2.757752e+003,2.194444e-002
2.758235e+003,2.200356e-002
2.758717e+003,2.206449e-002
2.759199e+003,2.212682e-002
2.759681e+003,2.219105e-002
2.760163e+003,2.225623e-002
2.760645e+003,2.232255e-002
2.761127e+003,2.238918e-002
2.761610e+003,2.245612e-002
2.762092e+003,2.252326e-002
2.762574e+003,2.259080e-002
2.763056e+003,2.265865e-002
2.763538e+003,2.272699e-002
2.764020e+003,2.279536e-002
2.764502e+003,2.286384e-002
2.764984e+003,2.293114e-002
2.765467e+003,2.299660e-002
2.765949e+003,2.305918e-002
2.766431e+003,2.311786e-002
2.766913e+003,2.317255e-002
2.767395e+003,2.322296e-002
2.767877e+003,2.327057e-002
2.768359e+003,2.331718e-002
2.768841e+003,2.336493e-002
2.769323e+003,2.341633e-002
2.769806e+003,2.347375e-002
2.770288e+003,2.353802e-002
2.770770e+003,2.361019e-002
2.771252e+003,2.369005e-002
2.771734e+003,2.377754e-002
2.772216e+003,2.387209e-002
2.772698e+003,2.397333e-002
2.773180e+003,2.408098e-002
2.773663e+003,2.419581e-002
2.774145e+003,2.431706e-002
2.774627e+003,2.444446e-002
2.775109e+003,2.457690e-002
2.775591e+003,2.471286e-002
2.776073e+003,2.485114e-002
2.776555e+003,2.499061e-002
2.777038e+003,2.513220e-002
2.777520e+003,2.527696e-002
2.778002e+003,2.542771e-002
2.778484e+003,2.558671e-002
2.778966e+003,2.575631e-002
2.779448e+003,2.593729e-002
2.779930e+003,2.612927e-002
2.780412e+003,2.633001e-002
2.780895e+003,2.653754e-002
2.781377e+003,2.674978e-002
2.781859e+003,2.696507e-002
2.782341e+003,2.718243e-002
2.782823e+003,2.740396e-002
2.783305e+003,2.763043e-002
2.783787e+003,2.786370e-002
2.784269e+003,2.810627e-002
2.784751e+003,2.835868e-002
2.785234e+003,2.862239e-002
2.785716e+003,2.889749e-002
2.786198e+003,2.918343e-002
2.786680e+003,2.947938e-002
2.787162e+003,2.978401e-002
2.787644e+003,3.009573e-002
2.788126e+003,3.041294e-002
2.788608e+003,3.073413e-002
2.789091e+003,3.105817e-002
2.789573e+003,3.138344e-002
2.790055e+003,3.170881e-002
2.790537e+003,3.203220e-002
2.791019e+003,3.235141e-002
2.791501e+003,3.266415e-002
2.791983e+003,3.296739e-002
2.792466e+003,3.325930e-002
2.792948e+003,3.353796e-002
2.793430e+003,3.380306e-002
2.793912e+003,3.405565e-002
2.794394e+003,3.429762e-002
2.794876e+003,3.453103e-002
2.795358e+003,3.475876e-002
2.795840e+003,3.498365e-002
2.796323e+003,3.520836e-002
2.796805e+003,3.543520e-002
2.797287e+003,3.566778e-002
2.797769e+003,3.590908e-002
2.798251e+003,3.616254e-002
2.798733e+003,3.643257e-002
2.799215e+003,3.672388e-002
2.799697e+003,3.704116e-002
2.800179e+003,3.738810e-002
2.800662e+003,3.776829e-002
2.801144e+003,3.818281e-002
2.801626e+003,3.863163e-002
2.802108e+003,3.911268e-002
2.802590e+003,3.962142e-002
2.803072e+003,4.015282e-002
2.803554e+003,4.070123e-002
2.804036e+003,4.125998e-002
2.804519e+003,4.182397e-002
2.805001e+003,4.238831e-002
2.805483e+003,4.294876e-002
2.805965e+003,4.350243e-002
2.806447e+003,4.404641e-002
2.806929e+003,4.457933e-002
2.807411e+003,4.510030e-002
2.807894e+003,4.560998e-002
2.808375e+003,4.611066e-002
2.808858e+003,4.660465e-002
2.809340e+003,4.709649e-002
2.809822e+003,4.758995e-002
2.810304e+003,4.808987e-002
2.810786e+003,4.860003e-002
2.811268e+003,4.912376e-002
2.811750e+003,4.966362e-002
2.812233e+003,5.022088e-002
2.812715e+003,5.079644e-002
2.813197e+003,5.138996e-002
2.813679e+003,5.200195e-002
2.814161e+003,5.263335e-002
2.814643e+003,5.328611e-002
2.815125e+003,5.396460e-002
2.815607e+003,5.467351e-002
2.816090e+003,5.541890e-002
2.816572e+003,5.620683e-002
2.817054e+003,5.704068e-002
2.817536e+003,5.792421e-002
2.818018e+003,5.885873e-002
2.818500e+003,5.984527e-002
2.818982e+003,6.088524e-002
2.819464e+003,6.198135e-002
2.819947e+003,6.313763e-002
2.820429e+003,6.435960e-002
2.820911e+003,6.565358e-002
2.821393e+003,6.702667e-002
2.821875e+003,6.848606e-002
2.822357e+003,7.004043e-002
2.822839e+003,7.169914e-002
2.823322e+003,7.347342e-002
2.823803e+003,7.537721e-002
2.824286e+003,7.742589e-002
2.824768e+003,7.963585e-002
2.825250e+003,8.202665e-002
2.825732e+003,8.461954e-002
2.826214e+003,8.743868e-002
2.826696e+003,9.051339e-002
2.827178e+003,9.387645e-002
2.827661e+003,9.756576e-002
2.828143e+003,1.016218e-001
2.828625e+003,1.060843e-001
2.829107e+003,1.109927e-001
2.829589e+003,1.163802e-001
2.830071e+003,1.222734e-001
2.830553e+003,1.286876e-001
2.831035e+003,1.356243e-001
2.831518e+003,1.430667e-001
2.832000e+003,1.509732e-001
2.832482e+003,1.592721e-001
2.832964e+003,1.678597e-001
2.833446e+003,1.766001e-001
2.833928e+003,1.853305e-001
2.834410e+003,1.938710e-001
2.834892e+003,2.020379e-001
2.835375e+003,2.096569e-001
2.835857e+003,2.165730e-001
2.836339e+003,2.226584e-001
2.836821e+003,2.278200e-001
2.837303e+003,2.320008e-001
2.837785e+003,2.351812e-001
2.838267e+003,2.373804e-001
2.838750e+003,2.386533e-001
2.839231e+003,2.390871e-001
2.839714e+003,2.387937e-001
2.840196e+003,2.379032e-001
2.840678e+003,2.365590e-001
2.841160e+003,2.349103e-001
2.841642e+003,2.331107e-001
2.842124e+003,2.313127e-001
2.842606e+003,2.296623e-001
2.843089e+003,2.282942e-001
2.843571e+003,2.273228e-001
2.844053e+003,2.268369e-001
2.844535e+003,2.268969e-001
2.845017e+003,2.275317e-001
2.845499e+003,2.287433e-001
2.845981e+003,2.305088e-001
2.846463e+003,2.327851e-001
2.846946e+003,2.355118e-001
2.847428e+003,2.386135e-001
2.847910e+003,2.420003e-001
2.848392e+003,2.455702e-001
2.848874e+003,2.492123e-001
2.849356e+003,2.528116e-001
2.849838e+003,2.562542e-001
2.850320e+003,2.594333e-001
2.850802e+003,2.622530e-001
2.851285e+003,2.646307e-001
2.851767e+003,2.664984e-001
2.852249e+003,2.678039e-001
2.852731e+003,2.685148e-001
2.853213e+003,2.686227e-001
2.853695e+003,2.681452e-001
2.854177e+003,2.671291e-001
2.854659e+003,2.656454e-001
2.855142e+003,2.637856e-001
2.855624e+003,2.616542e-001
2.856106e+003,2.593640e-001
2.856588e+003,2.570308e-001
2.857070e+003,2.547731e-001
2.857552e+003,2.527103e-001
2.858034e+003,2.509604e-001
2.858517e+003,2.496353e-001
2.858999e+003,2.488325e-001
2.859481e+003,2.486264e-001
2.859963e+003,2.490601e-001
2.860445e+003,2.501358e-001
2.860927e+003,2.518139e-001
2.861409e+003,2.540085e-001
2.861891e+003,2.565919e-001
2.862374e+003,2.594000e-001
2.862856e+003,2.622429e-001
2.863338e+003,2.649184e-001
2.863820e+003,2.672302e-001
2.864302e+003,2.690088e-001
2.864784e+003,2.701288e-001
2.865266e+003,2.705237e-001
2.865748e+003,2.701912e-001
2.866230e+003,2.691887e-001
2.866713e+003,2.676180e-001
2.867195e+003,2.656074e-001
2.867677e+003,2.632922e-001
2.868159e+003,2.607989e-001
2.868641e+003,2.582345e-001
2.869123e+003,2.556835e-001
2.869605e+003,2.532075e-001
2.870088e+003,2.508496e-001
2.870570e+003,2.486386e-001
2.871052e+003,2.465939e-001
2.871534e+003,2.447312e-001
2.872016e+003,2.430662e-001
2.872498e+003,2.416136e-001
2.872980e+003,2.403879e-001
2.873462e+003,2.393975e-001
2.873945e+003,2.386380e-001
2.874427e+003,2.380869e-001
2.874909e+003,2.376998e-001
2.875391e+003,2.374145e-001
2.875873e+003,2.371562e-001
2.876355e+003,2.368512e-001
2.876837e+003,2.364377e-001
2.877319e+003,2.358759e-001
2.877802e+003,2.351509e-001
2.878284e+003,2.342710e-001
2.878766e+003,2.332630e-001
2.879248e+003,2.321631e-001
2.879730e+003,2.310143e-001
2.880212e+003,2.298601e-001
2.880694e+003,2.287439e-001
2.881176e+003,2.277067e-001
2.881658e+003,2.267861e-001
2.882141e+003,2.260122e-001
2.882623e+003,2.254046e-001
2.883105e+003,2.249728e-001
2.883587e+003,2.247160e-001
2.884069e+003,2.246276e-001
2.884551e+003,2.246986e-001
2.885033e+003,2.249226e-001
2.885516e+003,2.252962e-001
2.885998e+003,2.258193e-001
2.886480e+003,2.264924e-001
2.886962e+003,2.273153e-001
2.887444e+003,2.282864e-001
2.887926e+003,2.294048e-001
2.888408e+003,2.306728e-001
2.888890e+003,2.320992e-001
2.889373e+003,2.336989e-001
2.889855e+003,2.354904e-001
2.890337e+003,2.374932e-001
2.890819e+003,2.397251e-001
2.891301e+003,2.421989e-001
2.891783e+003,2.449246e-001
2.892265e+003,2.479117e-001
2.892747e+003,2.511697e-001
2.893229e+003,2.547098e-001
2.893712e+003,2.585436e-001
2.894194e+003,2.626806e-001
2.894676e+003,2.671247e-001
2.895158e+003,2.718720e-001
2.895640e+003,2.769141e-001
2.896122e+003,2.822370e-001
2.896604e+003,2.878261e-001
2.897086e+003,2.936669e-001
2.897569e+003,2.997455e-001
2.898051e+003,3.060471e-001
2.898533e+003,3.125550e-001
2.899015e+003,3.192501e-001
2.899497e+003,3.261126e-001
2.899979e+003,3.331258e-001
2.900461e+003,3.402739e-001
2.900944e+003,3.475459e-001
2.901426e+003,3.549277e-001
2.901908e+003,3.624012e-001
2.902390e+003,3.699416e-001
2.902872e+003,3.775151e-001
2.903354e+003,3.850835e-001
2.903836e+003,3.926105e-001
2.904318e+003,4.000666e-001
2.904801e+003,4.074338e-001
2.905283e+003,4.147078e-001
2.905765e+003,4.218974e-001
2.906247e+003,4.290274e-001
2.906729e+003,4.361383e-001
2.907211e+003,4.432922e-001
2.907693e+003,4.505746e-001
2.908175e+003,4.580941e-001
2.908657e+003,4.659765e-001
2.909140e+003,4.743538e-001
2.909622e+003,4.833511e-001
2.910104e+003,4.930737e-001
2.910586e+003,5.035939e-001
2.911068e+003,5.149466e-001
2.911550e+003,5.271221e-001
2.912032e+003,5.400610e-001
2.912514e+003,5.536478e-001
2.912997e+003,5.677029e-001
2.913479e+003,5.819796e-001
2.913961e+003,5.961663e-001
2.914443e+003,6.099006e-001
2.914925e+003,6.227973e-001
2.915407e+003,6.344806e-001
2.915889e+003,6.446205e-001
2.916372e+003,6.529622e-001
2.916854e+003,6.593411e-001
2.917336e+003,6.636909e-001
2.917818e+003,6.660368e-001
2.918300e+003,6.664834e-001
2.918782e+003,6.652029e-001
2.919264e+003,6.624140e-001
2.919746e+003,6.583595e-001
2.920229e+003,6.532800e-001
2.920711e+003,6.473881e-001
2.921193e+003,6.408504e-001
2.921675e+003,6.337793e-001
2.922157e+003,6.262347e-001
2.922639e+003,6.182375e-001
2.923121e+003,6.097854e-001
2.923603e+003,6.008660e-001
2.924085e+003,5.914668e-001
2.924568e+003,5.815768e-001
2.925050e+003,5.711894e-001
2.925532e+003,5.603053e-001
2.926014e+003,5.489366e-001
2.926496e+003,5.371156e-001
2.926978e+003,5.248963e-001
2.927460e+003,5.123572e-001
2.927942e+003,4.995948e-001
2.928425e+003,4.867111e-001
2.928907e+003,4.738065e-001
2.929389e+003,4.609718e-001
2.929871e+003,4.482862e-001
2.930353e+003,4.358200e-001
2.930835e+003,4.236377e-001
2.931317e+003,4.117988e-001
2.931800e+003,4.003603e-001
2.932281e+003,3.893712e-001
2.932764e+003,3.788718e-001
2.933246e+003,3.688938e-001
2.933728e+003,3.594595e-001
2.934210e+003,3.505885e-001
2.934692e+003,3.422997e-001
2.935174e+003,3.346131e-001
2.935656e+003,3.275512e-001
2.936139e+003,3.211368e-001
2.936621e+003,3.153927e-001
2.937103e+003,3.103414e-001
2.937585e+003,3.060081e-001
2.938067e+003,3.024229e-001
2.938549e+003,2.996230e-001
2.939031e+003,2.976536e-001
2.939513e+003,2.965650e-001
2.939996e+003,2.964053e-001
2.940478e+003,2.972147e-001
2.940960e+003,2.990204e-001
2.941442e+003,3.018303e-001
2.941924e+003,3.056329e-001
2.942406e+003,3.103968e-001
2.942888e+003,3.160689e-001
2.943370e+003,3.225735e-001
2.943853e+003,3.298089e-001
2.944335e+003,3.376432e-001
2.944817e+003,3.459116e-001
2.945299e+003,3.544152e-001
2.945781e+003,3.629289e-001
2.946263e+003,3.712057e-001
2.946745e+003,3.789870e-001
2.947228e+003,3.860138e-001
2.947709e+003,3.920345e-001
2.948192e+003,3.968196e-001
2.948674e+003,4.001759e-001
2.949156e+003,4.019653e-001
2.949638e+003,4.021234e-001
2.950120e+003,4.006729e-001
2.950602e+003,3.977278e-001
2.951084e+003,3.934843e-001
2.951567e+003,3.881987e-001
2.952049e+003,3.821666e-001
2.952531e+003,3.756934e-001
2.953013e+003,3.690746e-001
2.953495e+003,3.625805e-001
2.953977e+003,3.564428e-001
2.954459e+003,3.508464e-001
2.954941e+003,3.459211e-001
2.955424e+003,3.417385e-001
2.955906e+003,3.383067e-001
2.956388e+003,3.355737e-001
2.956870e+003,3.334327e-001
2.957352e+003,3.317295e-001
2.957834e+003,3.302730e-001
2.958316e+003,3.288465e-001
2.958798e+003,3.272196e-001
2.959281e+003,3.251607e-001
2.959763e+003,3.224525e-001
2.960245e+003,3.189118e-001
2.960727e+003,3.144091e-001
2.961209e+003,3.088838e-001
2.961691e+003,3.023535e-001
2.962173e+003,2.949089e-001
2.962656e+003,2.866996e-001
2.963137e+003,2.779092e-001
2.963620e+003,2.687300e-001
2.964102e+003,2.593408e-001
2.964584e+003,2.498932e-001
2.965066e+003,2.405058e-001
2.965548e+003,2.312641e-001
2.966030e+003,2.222248e-001
2.966512e+003,2.134209e-001
2.966995e+003,2.048684e-001
2.967477e+003,1.965711e-001
2.967959e+003,1.885274e-001
2.968441e+003,1.807365e-001
2.968923e+003,1.732005e-001
2.969405e+003,1.659281e-001
2.969887e+003,1.589312e-001
2.970369e+003,1.522237e-001
2.970852e+003,1.458163e-001
2.971334e+003,1.397146e-001
2.971816e+003,1.339181e-001
2.972298e+003,1.284212e-001
2.972780e+003,1.232163e-001
2.973262e+003,1.182947e-001
2.973744e+003,1.136486e-001
2.974226e+003,1.092709e-001
2.974708e+003,1.051510e-001
2.975191e+003,1.012772e-001
2.975673e+003,9.763382e-002
2.976155e+003,9.420273e-002
2.976637e+003,9.096709e-002
2.977119e+003,8.791169e-002
2.977601e+003,8.502513e-002
2.978083e+003,8.229893e-002
2.978565e+003,7.972793e-002
2.979048e+003,7.730625e-002
2.979530e+003,7.502802e-002
2.980012e+003,7.288524e-002
2.980494e+003,7.086895e-002
2.980976e+003,6.897039e-002
2.981458e+003,6.718285e-002
2.981940e+003,6.550085e-002
2.982423e+003,6.392141e-002
2.982905e+003,6.244183e-002
2.983387e+003,6.105923e-002
2.983869e+003,5.976877e-002
2.984351e+003,5.856476e-002
2.984833e+003,5.744057e-002
2.985315e+003,5.638892e-002
2.985797e+003,5.540272e-002
2.986280e+003,5.447836e-002
2.986762e+003,5.361225e-002
2.987244e+003,5.280365e-002
2.987726e+003,5.205167e-002
2.988208e+003,5.135673e-002
2.988690e+003,5.071859e-002
2.989172e+003,5.013638e-002
2.989654e+003,4.961113e-002
2.990136e+003,4.914201e-002
2.990619e+003,4.873002e-002
2.991101e+003,4.837645e-002
2.991583e+003,4.808304e-002
2.992065e+003,4.785110e-002
2.992547e+003,4.768178e-002
2.993029e+003,4.757373e-002
2.993511e+003,4.752625e-002
2.993994e+003,4.753555e-002
2.994476e+003,4.759878e-002
2.994958e+003,4.771216e-002
2.995440e+003,4.787152e-002
2.995922e+003,4.807398e-002
2.996404e+003,4.831694e-002
2.996886e+003,4.859690e-002
2.997368e+003,4.891156e-002
2.997851e+003,4.925539e-002
2.998333e+003,4.962230e-002
2.998815e+003,5.000442e-002
2.999297e+003,5.039285e-002
2.999779e+003,5.077728e-002
3.000261e+003,5.114882e-002
3.000743e+003,5.149894e-002
3.001225e+003,5.182101e-002
3.001708e+003,5.211046e-002
3.002190e+003,5.236308e-002
3.002672e+003,5.257501e-002
3.003154e+003,5.274239e-002
3.003636e+003,5.286184e-002
3.004118e+003,5.292829e-002
3.004600e+003,5.293657e-002
3.005082e+003,5.288254e-002
3.005564e+003,5.276192e-002
3.006047e+003,5.257127e-002
3.006529e+003,5.231070e-002
3.007011e+003,5.198083e-002
3.007493e+003,5.158596e-002
3.007975e+003,5.113189e-002
3.008457e+003,5.062582e-002
3.008939e+003,5.007545e-002
3.009422e+003,4.948630e-002
3.009904e+003,4.886245e-002
3.010386e+003,4.820547e-002
3.010868e+003,4.751676e-002
3.011350e+003,4.679738e-002
3.011832e+003,4.605005e-002
3.012314e+003,4.528018e-002
3.012796e+003,4.449546e-002
3.013279e+003,4.370341e-002
3.013761e+003,4.291254e-002
3.014243e+003,4.212879e-002
3.014725e+003,4.135693e-002
3.015207e+003,4.060064e-002
3.015689e+003,3.986174e-002
3.016171e+003,3.914373e-002
3.016653e+003,3.844987e-002
3.017135e+003,3.778312e-002
3.017618e+003,3.714633e-002
3.018100e+003,3.654121e-002
3.018582e+003,3.596723e-002
3.019064e+003,3.542416e-002
3.019546e+003,3.490929e-002
3.020028e+003,3.442065e-002
3.020510e+003,3.395751e-002
3.020992e+003,3.351935e-002
3.021475e+003,3.310563e-002
3.021957e+003,3.271716e-002
3.022439e+003,3.235354e-002
3.022921e+003,3.201339e-002
3.023403e+003,3.169529e-002
3.023885e+003,3.139574e-002
3.024367e+003,3.111319e-002
3.024850e+003,3.084386e-002
3.025332e+003,3.058701e-002
3.025814e+003,3.034162e-002
3.026296e+003,3.010892e-002
3.026778e+003,2.988952e-002
3.027260e+003,2.968651e-002
3.027742e+003,2.950070e-002
3.028224e+003,2.933312e-002
3.028707e+003,2.918439e-002
3.029189e+003,2.905266e-002
3.029671e+003,2.893537e-002
3.030153e+003,2.882914e-002
3.030635e+003,2.873006e-002
3.031117e+003,2.863486e-002
3.031599e+003,2.854097e-002
3.032081e+003,2.844767e-002
3.032563e+003,2.835619e-002
3.033046e+003,2.826788e-002
3.033528e+003,2.818468e-002
3.034010e+003,2.810843e-002
3.034492e+003,2.803977e-002
3.034974e+003,2.797838e-002
3.035456e+003,2.792293e-002
3.035938e+003,2.787209e-002
3.036420e+003,2.782462e-002
3.036903e+003,2.777971e-002
3.037385e+003,2.773736e-002
3.037867e+003,2.769807e-002
3.038349e+003,2.766268e-002
3.038831e+003,2.763047e-002
3.039313e+003,2.760184e-002
3.039795e+003,2.757547e-002
3.040278e+003,2.755011e-002
3.040760e+003,2.752517e-002
3.041242e+003,2.750072e-002
3.041724e+003,2.747709e-002
3.042206e+003,2.745499e-002
3.042688e+003,2.743587e-002
3.043170e+003,2.742087e-002
3.043652e+003,2.741049e-002
3.044135e+003,2.740566e-002
3.044617e+003,2.740589e-002
3.045099e+003,2.741187e-002
3.045581e+003,2.742281e-002
3.046063e+003,2.743828e-002
3.046545e+003,2.745715e-002
3.047027e+003,2.747820e-002
3.047509e+003,2.749925e-002
3.047991e+003,2.751844e-002
3.048474e+003,2.753404e-002
3.048956e+003,2.754448e-002
3.049438e+003,2.754935e-002
3.049920e+003,2.754927e-002
3.050402e+003,2.754485e-002
3.050884e+003,2.753734e-002
3.051366e+003,2.752868e-002
3.051848e+003,2.752106e-002
3.052331e+003,2.751725e-002
3.052813e+003,2.752046e-002
3.053295e+003,2.753358e-002
3.053777e+003,2.755890e-002
3.054259e+003,2.759704e-002
3.054741e+003,2.764646e-002
3.055223e+003,2.770291e-002
3.055706e+003,2.776074e-002
3.056188e+003,2.781392e-002
3.056670e+003,2.785782e-002
3.057152e+003,2.789056e-002
3.057634e+003,2.791265e-002
3.058116e+003,2.792761e-002
3.058598e+003,2.793946e-002
3.059080e+003,2.795256e-002
3.059563e+003,2.796908e-002
3.060045e+003,2.798902e-002
3.060527e+003,2.801124e-002
3.061009e+003,2.803378e-002
3.061491e+003,2.805539e-002
3.061973e+003,2.807546e-002
3.062455e+003,2.809553e-002
3.062937e+003,2.811737e-002
3.063419e+003,2.814253e-002
3.063902e+003,2.817278e-002
3.064384e+003,2.820770e-002
3.064866e+003,2.824575e-002
3.065348e+003,2.828463e-002
3.065830e+003,2.832146e-002
3.066312e+003,2.835341e-002
3.066794e+003,2.837760e-002
3.067276e+003,2.839223e-002
3.067759e+003,2.839679e-002
3.068241e+003,2.839160e-002
3.068723e+003,2.837913e-002
3.069205e+003,2.836302e-002
3.069687e+003,2.834753e-002
3.070169e+003,2.833587e-002
3.070651e+003,2.833055e-002
3.071134e+003,2.833105e-002
3.071615e+003,2.833363e-002
3.072098e+003,2.833454e-002
3.072580e+003,2.832838e-002
3.073062e+003,2.831182e-002
3.073544e+003,2.828391e-002
3.074026e+003,2.824767e-002
3.074508e+003,2.820580e-002
3.074990e+003,2.816422e-002
3.075473e+003,2.812649e-002
3.075955e+003,2.809478e-002
3.076437e+003,2.806982e-002
3.076919e+003,2.805101e-002
3.077401e+003,2.803770e-002
3.077883e+003,2.802971e-002
3.078365e+003,2.802784e-002
3.078847e+003,2.803463e-002
3.079330e+003,2.805090e-002
3.079812e+003,2.807728e-002
3.080294e+003,2.811232e-002
3.080776e+003,2.815226e-002
3.081258e+003,2.819306e-002
3.081740e+003,2.823021e-002
3.082222e+003,2.825915e-002
3.082704e+003,2.827828e-002
3.083187e+003,2.828708e-002
3.083669e+003,2.828722e-002
3.084151e+003,2.828278e-002
3.084633e+003,2.827770e-002
3.085115e+003,2.827659e-002
3.085597e+003,2.828382e-002
3.086079e+003,2.830161e-002
3.086562e+003,2.833026e-002
3.087043e+003,2.836770e-002
3.087526e+003,2.840996e-002
3.088008e+003,2.845160e-002
3.088490e+003,2.848772e-002
3.088972e+003,2.851537e-002
3.089454e+003,2.853331e-002
3.089936e+003,2.854299e-002
3.090418e+003,2.854713e-002
3.090901e+003,2.854886e-002
3.091383e+003,2.855176e-002
3.091865e+003,2.855725e-002
3.092347e+003,2.856704e-002
3.092829e+003,2.858081e-002
3.093311e+003,2.859846e-002
3.093793e+003,2.861894e-002
3.094275e+003,2.864214e-002
3.094758e+003,2.866861e-002
3.095240e+003,2.869727e-002
3.095722e+003,2.872857e-002
3.096204e+003,2.876030e-002
3.096686e+003,2.879244e-002
3.097168e+003,2.882387e-002
3.097650e+003,2.885416e-002
3.098132e+003,2.888382e-002
3.098615e+003,2.891411e-002
3.099097e+003,2.894600e-002
3.099579e+003,2.898051e-002
3.100061e+003,2.901850e-002
3.100543e+003,2.905965e-002
3.101025e+003,2.910354e-002
3.101507e+003,2.914850e-002
3.101990e+003,2.919315e-002
3.102471e+003,2.923645e-002
3.102954e+003,2.927777e-002
3.103436e+003,2.931815e-002
3.103918e+003,2.935739e-002
3.104400e+003,2.939749e-002
3.104882e+003,2.943907e-002
3.105364e+003,2.948265e-002
3.105846e+003,2.952720e-002
3.106329e+003,2.957113e-002
3.106811e+003,2.961286e-002
3.107293e+003,2.965114e-002
3.107775e+003,2.968532e-002
3.108257e+003,2.971687e-002
3.108739e+003,2.974781e-002
3.109221e+003,2.978117e-002
3.109703e+003,2.981781e-002
3.110186e+003,2.985963e-002
3.110668e+003,2.990577e-002
3.111150e+003,2.995562e-002
3.111632e+003,3.000780e-002
3.112114e+003,3.006158e-002
3.112596e+003,3.011655e-002
3.113078e+003,3.017268e-002
3.113560e+003,3.023031e-002
3.114042e+003,3.028860e-002
3.114525e+003,3.034637e-002
3.115007e+003,3.040237e-002
3.115489e+003,3.045574e-002
3.115971e+003,3.050724e-002
3.116453e+003,3.055811e-002
3.116935e+003,3.061164e-002
3.117417e+003,3.066984e-002
3.117900e+003,3.073429e-002
3.118382e+003,3.080542e-002
3.118864e+003,3.088113e-002
3.119346e+003,3.095854e-002
3.119828e+003,3.103567e-002
3.120310e+003,3.110965e-002
3.120792e+003,3.117995e-002
3.121274e+003,3.124732e-002
3.121757e+003,3.131131e-002
3.122239e+003,3.137279e-002
3.122721e+003,3.143175e-002
3.123203e+003,3.148776e-002
3.123685e+003,3.154092e-002
3.124167e+003,3.159336e-002
3.124649e+003,3.164646e-002
3.125131e+003,3.170349e-002
3.125614e+003,3.176626e-002
3.126096e+003,3.183521e-002
3.126578e+003,3.190894e-002
3.127060e+003,3.198420e-002
3.127542e+003,3.205724e-002
3.128024e+003,3.212342e-002
3.128506e+003,3.218176e-002
3.128988e+003,3.223279e-002
3.129470e+003,3.227917e-002
3.129953e+003,3.232578e-002
3.130435e+003,3.237760e-002
3.130917e+003,3.243932e-002
3.131399e+003,3.251264e-002
3.131881e+003,3.259779e-002
3.132363e+003,3.269243e-002
3.132845e+003,3.279209e-002
3.133328e+003,3.289148e-002
3.133810e+003,3.298664e-002
3.134292e+003,3.307514e-002
3.134774e+003,3.315642e-002
3.135256e+003,3.323263e-002
3.135738e+003,3.330706e-002
3.136220e+003,3.338321e-002
3.136702e+003,3.346353e-002
3.137185e+003,3.354869e-002
3.137667e+003,3.363749e-002
3.138149e+003,3.372708e-002
3.138631e+003,3.381402e-002
3.139113e+003,3.389727e-002
3.139595e+003,3.397595e-002
3.140077e+003,3.405221e-002
3.140559e+003,3.412903e-002
3.141042e+003,3.420950e-002
3.141524e+003,3.429545e-002
3.142006e+003,3.438666e-002
3.142488e+003,3.448121e-002
3.142970e+003,3.457493e-002
3.143452e+003,3.466399e-002
3.143934e+003,3.474528e-002
3.144417e+003,3.481751e-002
3.144898e+003,3.488100e-002
3.145381e+003,3.493905e-002
3.145863e+003,3.499478e-002
3.146345e+003,3.505245e-002
3.146827e+003,3.511527e-002
3.147309e+003,3.518559e-002
3.147791e+003,3.526354e-002
3.148273e+003,3.534763e-002
3.148756e+003,3.543419e-002
3.149238e+003,3.552015e-002
3.149720e+003,3.560142e-002
3.150202e+003,3.567640e-002
3.150684e+003,3.574466e-002
3.151166e+003,3.580822e-002
3.151648e+003,3.587136e-002
3.152130e+003,3.593754e-002
3.152613e+003,3.600984e-002
3.153095e+003,3.609022e-002
3.153577e+003,3.617717e-002
3.154059e+003,3.626779e-002
3.154541e+003,3.635802e-002
3.155023e+003,3.644388e-002
3.155505e+003,3.652376e-002
3.155987e+003,3.659818e-002
3.156469e+003,3.666929e-002
3.156952e+003,3.674075e-002
3.157434e+003,3.681697e-002
3.157916e+003,3.689976e-002
3.158398e+003,3.699011e-002
3.158880e+003,3.708533e-002
3.159362e+003,3.718284e-002
3.159844e+003,3.727705e-002
3.160326e+003,3.736485e-002
3.160809e+003,3.744384e-002
3.161291e+003,3.751445e-002
3.161773e+003,3.757961e-002
3.162255e+003,3.764370e-002
3.162737e+003,3.771051e-002
3.163219e+003,3.778392e-002
3.163701e+003,3.786435e-002
3.164184e+003,3.795106e-002
3.164666e+003,3.804146e-002
3.165148e+003,3.813276e-002
3.165630e+003,3.822269e-002
3.166112e+003,3.831103e-002
3.166594e+003,3.839897e-002
3.167076e+003,3.848866e-002
3.167558e+003,3.858195e-002
3.168041e+003,3.868045e-002
3.168523e+003,3.878428e-002
3.169005e+003,3.889246e-002
3.169487e+003,3.900414e-002
3.169969e+003,3.911726e-002
3.170451e+003,3.923119e-002
3.170933e+003,3.934656e-002
3.171415e+003,3.946294e-002
3.171897e+003,3.958023e-002
3.172380e+003,3.969941e-002
3.172862e+003,3.982058e-002
3.173344e+003,3.994341e-002
3.173826e+003,4.006780e-002
3.174308e+003,4.019420e-002
3.174790e+003,4.032182e-002
3.175272e+003,4.044918e-002
3.175754e+003,4.057408e-002
3.176237e+003,4.069427e-002
3.176719e+003,4.080756e-002
3.177201e+003,4.091351e-002
3.177683e+003,4.101279e-002
3.178165e+003,4.110731e-002
3.178647e+003,4.120057e-002
3.179129e+003,4.129484e-002
3.179612e+003,4.139142e-002
3.180094e+003,4.149010e-002
3.180576e+003,4.159012e-002
3.181058e+003,4.168995e-002
3.181540e+003,4.178884e-002
3.182022e+003,4.188732e-002
3.182504e+003,4.198607e-002
3.182986e+003,4.208604e-002
3.183469e+003,4.218843e-002
3.183951e+003,4.229261e-002
3.184433e+003,4.239747e-002
3.184915e+003,4.250247e-002
3.185397e+003,4.260687e-002
3.185879e+003,4.271075e-002
3.186361e+003,4.281533e-002
3.186843e+003,4.292091e-002
3.187325e+003,4.302731e-002
3.187808e+003,4.313417e-002
3.188290e+003,4.323955e-002
3.188772e+003,4.334158e-002
3.189254e+003,4.344049e-002
3.189736e+003,4.353670e-002
3.190218e+003,4.363262e-002
3.190700e+003,4.373206e-002
3.191182e+003,4.383700e-002
3.191665e+003,4.394830e-002
3.192147e+003,4.406521e-002
3.192629e+003,4.418512e-002
3.193111e+003,4.430386e-002
3.193593e+003,4.441795e-002
3.194075e+003,4.452530e-002
3.194557e+003,4.462492e-002
3.195040e+003,4.471760e-002
3.195521e+003,4.480592e-002
3.196004e+003,4.489230e-002
3.196486e+003,4.498003e-002
3.196968e+003,4.507031e-002
3.197450e+003,4.516433e-002
3.197932e+003,4.526133e-002
3.198414e+003,4.535871e-002
3.198896e+003,4.545392e-002
3.199379e+003,4.554468e-002
3.199861e+003,4.562999e-002
3.200343e+003,4.571072e-002
3.200825e+003,4.578929e-002
3.201307e+003,4.586909e-002
3.201789e+003,4.595286e-002
3.202271e+003,4.604171e-002
3.202753e+003,4.613442e-002
3.203236e+003,4.622782e-002
3.203718e+003,4.631665e-002
3.204200e+003,4.639749e-002
3.204682e+003,4.646826e-002
3.205164e+003,4.653015e-002
3.205646e+003,4.658768e-002
3.206128e+003,4.664543e-002
3.206610e+003,4.670947e-002
3.207093e+003,4.678308e-002
3.207575e+003,4.686717e-002
3.208057e+003,4.695996e-002
3.208539e+003,4.705719e-002
3.209021e+003,4.715323e-002
3.209503e+003,4.724315e-002
3.209985e+003,4.732441e-002
3.210468e+003,4.739590e-002
3.210949e+003,4.746026e-002
3.211432e+003,4.752067e-002
3.211914e+003,4.758219e-002
3.212396e+003,4.764903e-002
3.212878e+003,4.772283e-002
3.213360e+003,4.780370e-002
3.213842e+003,4.788812e-002
3.214324e+003,4.797081e-002
3.214807e+003,4.804900e-002
3.215289e+003,4.811917e-002
3.215771e+003,4.818208e-002
3.216253e+003,4.824160e-002
3.216735e+003,4.830123e-002
3.217217e+003,4.836464e-002
3.217699e+003,4.843403e-002
3.218181e+003,4.850685e-002
3.218664e+003,4.858027e-002
3.219146e+003,4.865027e-002
3.219628e+003,4.871423e-002
3.220110e+003,4.877267e-002
3.220592e+003,4.882815e-002
3.221074e+003,4.888553e-002
3.221556e+003,4.894778e-002
3.222038e+003,4.901625e-002
3.222521e+003,4.909071e-002
3.223003e+003,4.916718e-002
3.223485e+003,4.924346e-002
3.223967e+003,4.931644e-002
3.224449e+003,4.938602e-002
3.224931e+003,4.945317e-002
3.225413e+003,4.952057e-002
3.225896e+003,4.958932e-002
3.226377e+003,4.966120e-002
3.226860e+003,4.973586e-002
3.227342e+003,4.981254e-002
3.227824e+003,4.989168e-002
3.228306e+003,4.997307e-002
3.228788e+003,5.005703e-002
3.229270e+003,5.014323e-002
3.229752e+003,5.023169e-002
3.230235e+003,5.032105e-002
3.230717e+003,5.041024e-002
3.231199e+003,5.049777e-002
3.231681e+003,5.058501e-002
3.232163e+003,5.067161e-002
3.232645e+003,5.075978e-002
3.233127e+003,5.085057e-002
3.233609e+003,5.094324e-002
3.234092e+003,5.103706e-002
3.234574e+003,5.113059e-002
3.235056e+003,5.122225e-002
3.235538e+003,5.131206e-002
3.236020e+003,5.140100e-002
3.236502e+003,5.149141e-002
3.236984e+003,5.158531e-002
3.237466e+003,5.168347e-002
3.237948e+003,5.178588e-002
3.238431e+003,5.189102e-002
3.238913e+003,5.199640e-002
3.239395e+003,5.210004e-002
3.239877e+003,5.219981e-002
3.240359e+003,5.229538e-002
3.240841e+003,5.238653e-002
3.241323e+003,5.247436e-002
3.241806e+003,5.256122e-002
3.242288e+003,5.264878e-002
3.242770e+003,5.274059e-002
3.243252e+003,5.283824e-002
3.243734e+003,5.294296e-002
3.244216e+003,5.305285e-002
3.244698e+003,5.316478e-002
3.245180e+003,5.327395e-002
3.245663e+003,5.337680e-002
3.246145e+003,5.347176e-002
3.246627e+003,5.356105e-002
3.247109e+003,5.365047e-002
3.247591e+003,5.374551e-002
3.248073e+003,5.385222e-002
3.248555e+003,5.397160e-002
3.249037e+003,5.410186e-002
3.249520e+003,5.423755e-002
3.250002e+003,5.437161e-002
3.250484e+003,5.449979e-002
3.250966e+003,5.462128e-002
3.251448e+003,5.473834e-002
3.251930e+003,5.485512e-002
3.252412e+003,5.497529e-002
3.252894e+003,5.510033e-002
3.253376e+003,5.522932e-002
3.253859e+003,5.535847e-002
3.254341e+003,5.548510e-002
3.254823e+003,5.560672e-002
3.255305e+003,5.572334e-002
3.255787e+003,5.583629e-002
3.256269e+003,5.594704e-002
3.256751e+003,5.605547e-002
3.257234e+003,5.616101e-002
3.257716e+003,5.626311e-002
3.258198e+003,5.636119e-002
3.258680e+003,5.645818e-002
3.259162e+003,5.655869e-002
3.259644e+003,5.666745e-002
3.260126e+003,5.678781e-002
3.260608e+003,5.692048e-002
3.261091e+003,5.706175e-002
3.261573e+003,5.720679e-002
3.262055e+003,5.734906e-002
3.262537e+003,5.748473e-002
3.263019e+003,5.761215e-002
3.263501e+003,5.773192e-002
3.263983e+003,5.784578e-002
3.264465e+003,5.795505e-002
3.264948e+003,5.806008e-002
3.265430e+003,5.815963e-002
3.265912e+003,5.825412e-002
3.266394e+003,5.834426e-002
3.266876e+003,5.843272e-002
3.267358e+003,5.852314e-002
3.267840e+003,5.861855e-002
3.268323e+003,5.872031e-002
3.268804e+003,5.882718e-002
3.269287e+003,5.893623e-002
3.269769e+003,5.904409e-002
3.270251e+003,5.914836e-002
3.270733e+003,5.924769e-002
3.271215e+003,5.934401e-002
3.271697e+003,5.943799e-002
3.272179e+003,5.953085e-002
3.272662e+003,5.962285e-002
3.273144e+003,5.971352e-002
3.273626e+003,5.980308e-002
3.274108e+003,5.989211e-002
3.274590e+003,5.998220e-002
3.275072e+003,6.007423e-002
3.275554e+003,6.016764e-002
3.276036e+003,6.025950e-002
3.276519e+003,6.034562e-002
3.277001e+003,6.042088e-002
3.277483e+003,6.048280e-002
3.277965e+003,6.053261e-002
3.278447e+003,6.057517e-002
3.278929e+003,6.061787e-002
3.279411e+003,6.066817e-002
3.279893e+003,6.073084e-002
3.280375e+003,6.080692e-002
3.280858e+003,6.089470e-002
3.281340e+003,6.099001e-002
3.281822e+003,6.108817e-002
3.282304e+003,6.118558e-002
3.282786e+003,6.128019e-002
3.283268e+003,6.137050e-002
3.283750e+003,6.145381e-002
3.284232e+003,6.152816e-002
3.284715e+003,6.159048e-002
3.285197e+003,6.163999e-002
3.285679e+003,6.167756e-002
3.286161e+003,6.170776e-002
3.286643e+003,6.173614e-002
3.287125e+003,6.176805e-002
3.287607e+003,6.180658e-002
3.288090e+003,6.185227e-002
3.288572e+003,6.190163e-002
3.289054e+003,6.195008e-002
3.289536e+003,6.199399e-002
3.290018e+003,6.203131e-002
3.290500e+003,6.206158e-002
3.290982e+003,6.208718e-002
3.291464e+003,6.211018e-002
3.291947e+003,6.213272e-002
3.292429e+003,6.215686e-002
3.292911e+003,6.218363e-002
3.293393e+003,6.221541e-002
3.293875e+003,6.225393e-002
3.294357e+003,6.230112e-002
3.294839e+003,6.235562e-002
3.295321e+003,6.241550e-002
3.295803e+003,6.247573e-002
3.296286e+003,6.253052e-002
3.296768e+003,6.257514e-002
3.297250e+003,6.260747e-002
3.297732e+003,6.262873e-002
3.298214e+003,6.264279e-002
3.298696e+003,6.265492e-002
3.299178e+003,6.266807e-002
3.299660e+003,6.268375e-002
3.300143e+003,6.270089e-002
3.300625e+003,6.271690e-002
3.301107e+003,6.273019e-002
3.301589e+003,6.273991e-002
3.302071e+003,6.274713e-002
3.302553e+003,6.275424e-002
3.303035e+003,6.276146e-002
3.303518e+003,6.276982e-002
3.304000e+003,6.277795e-002
3.304482e+003,6.278425e-002
3.304964e+003,6.278803e-002
3.305446e+003,6.279043e-002
3.305928e+003,6.279319e-002
3.306410e+003,6.279857e-002
3.306892e+003,6.280750e-002
3.307375e+003,6.282021e-002
3.307857e+003,6.283348e-002
3.308339e+003,6.284619e-002
3.308821e+003,6.285592e-002
3.309303e+003,6.286325e-002
3.309785e+003,6.286920e-002
3.310267e+003,6.287663e-002
3.310749e+003,6.288592e-002
3.311231e+003,6.289714e-002
3.311714e+003,6.290939e-002
3.312196e+003,6.291981e-002
3.312678e+003,6.292771e-002
3.313160e+003,6.293228e-002
3.313642e+003,6.293558e-002
3.314124e+003,6.293900e-002
3.314606e+003,6.294392e-002
3.315088e+003,6.294894e-002
3.315571e+003,6.295327e-002
3.316053e+003,6.295462e-002
3.316535e+003,6.295114e-002
3.317017e+003,6.294250e-002
3.317499e+003,6.293076e-002
3.317981e+003,6.291819e-002
3.318463e+003,6.290769e-002
3.318946e+003,6.290166e-002
3.319427e+003,6.290048e-002
3.319910e+003,6.290408e-002
3.320392e+003,6.291299e-002
3.320874e+003,6.292627e-002
3.321356e+003,6.294460e-002
3.321838e+003,6.296685e-002
3.322320e+003,6.299208e-002
3.322802e+003,6.301835e-002
3.323285e+003,6.304394e-002
3.323767e+003,6.306713e-002
3.324249e+003,6.308812e-002
3.324731e+003,6.310833e-002
3.325213e+003,6.312968e-002
3.325695e+003,6.315335e-002
3.326177e+003,6.317966e-002
3.326659e+003,6.320654e-002
3.327142e+003,6.323068e-002
3.327624e+003,6.324836e-002
3.328106e+003,6.325776e-002
3.328588e+003,6.325781e-002
3.329070e+003,6.324945e-002
3.329552e+003,6.323523e-002
3.330034e+003,6.321672e-002
3.330516e+003,6.319659e-002
3.330999e+003,6.317668e-002
3.331481e+003,6.315826e-002
3.331963e+003,6.314480e-002
3.332445e+003,6.313929e-002
3.332927e+003,6.314392e-002
3.333409e+003,6.316032e-002
3.333891e+003,6.318653e-002
3.334374e+003,6.321992e-002
3.334855e+003,6.325584e-002
3.335338e+003,6.329072e-002
3.335820e+003,6.332354e-002
3.336302e+003,6.335453e-002
3.336784e+003,6.338609e-002
3.337266e+003,6.342043e-002
3.337748e+003,6.345720e-002
3.338230e+003,6.349445e-002
3.338713e+003,6.352790e-002
3.339195e+003,6.355349e-002
3.339677e+003,6.356844e-002
3.340159e+003,6.357345e-002
3.340641e+003,6.357026e-002
3.341123e+003,6.356301e-002
3.341605e+003,6.355426e-002
3.342087e+003,6.354629e-002
3.342570e+003,6.353869e-002
3.343052e+003,6.352911e-002
3.343534e+003,6.351686e-002
3.344016e+003,6.350194e-002
3.344498e+003,6.348424e-002
3.344980e+003,6.346664e-002
3.345462e+003,6.344996e-002
3.345944e+003,6.343490e-002
3.346427e+003,6.342029e-002
3.346909e+003,6.340475e-002
3.347391e+003,6.338724e-002
3.347873e+003,6.336741e-002
3.348355e+003,6.334756e-002
3.348837e+003,6.332909e-002
3.349319e+003,6.331457e-002
3.349802e+003,6.330479e-002
3.350283e+003,6.329976e-002
3.350766e+003,6.329843e-002
3.351248e+003,6.329964e-002
3.351730e+003,6.330331e-002
3.352212e+003,6.330789e-002
3.352694e+003,6.331433e-002
3.353176e+003,6.332226e-002
3.353658e+003,6.333113e-002
3.354141e+003,6.333908e-002
3.354623e+003,6.334308e-002
3.355105e+003,6.333999e-002
3.355587e+003,6.332807e-002
3.356069e+003,6.330582e-002
3.356551e+003,6.327415e-002
3.357033e+003,6.323421e-002
3.357515e+003,6.319007e-002
3.357998e+003,6.314570e-002
3.358480e+003,6.310527e-002
3.358962e+003,6.307180e-002
3.359444e+003,6.304668e-002
3.359926e+003,6.303038e-002
3.360408e+003,6.301920e-002
3.360890e+003,6.300975e-002
3.361372e+003,6.299798e-002
3.361854e+003,6.298201e-002
3.362337e+003,6.296184e-002
3.362819e+003,6.294017e-002
3.363301e+003,6.292032e-002
3.363783e+003,6.290515e-002
3.364265e+003,6.289496e-002
3.364747e+003,6.288768e-002
3.365229e+003,6.287935e-002
3.365712e+003,6.286623e-002
3.366194e+003,6.284532e-002
3.366676e+003,6.281799e-002
3.367158e+003,6.278645e-002
3.367640e+003,6.275538e-002
3.368122e+003,6.272696e-002
3.368604e+003,6.270215e-002
3.369086e+003,6.267850e-002
3.369569e+003,6.265204e-002
3.370051e+003,6.261906e-002
3.370533e+003,6.257720e-002
3.371015e+003,6.252763e-002
3.371497e+003,6.247374e-002
3.371979e+003,6.242064e-002
3.372461e+003,6.237313e-002
3.372943e+003,6.233434e-002
3.373426e+003,6.230570e-002
3.373908e+003,6.228556e-002
3.374390e+003,6.227264e-002
3.374872e+003,6.226299e-002
3.375354e+003,6.225392e-002
3.375836e+003,6.224156e-002
3.376318e+003,6.222256e-002
3.376800e+003,6.219490e-002
3.377282e+003,6.215754e-002
3.377765e+003,6.211166e-002
3.378247e+003,6.205910e-002
3.378729e+003,6.200373e-002
3.379211e+003,6.194798e-002
3.379693e+003,6.189504e-002
3.380175e+003,6.184417e-002
3.380657e+003,6.179586e-002
3.381140e+003,6.174918e-002
3.381622e+003,6.170387e-002
3.382104e+003,6.166159e-002
3.382586e+003,6.162223e-002
3.383068e+003,6.158741e-002
3.383550e+003,6.155551e-002
3.384032e+003,6.152371e-002
3.384514e+003,6.148896e-002
3.384997e+003,6.144943e-002
3.385479e+003,6.140461e-002
3.385961e+003,6.135838e-002
3.386443e+003,6.131447e-002
3.386925e+003,6.127699e-002
3.387407e+003,6.124839e-002
3.387889e+003,6.122667e-002
3.388371e+003,6.120834e-002
3.388854e+003,6.118815e-002
3.389336e+003,6.116255e-002
3.389818e+003,6.113004e-002
3.390300e+003,6.109272e-002
3.390782e+003,6.105362e-002
3.391264e+003,6.101534e-002
3.391746e+003,6.097833e-002
3.392229e+003,6.094236e-002
3.392710e+003,6.090487e-002
3.393193e+003,6.086290e-002
3.393675e+003,6.081789e-002
3.394157e+003,6.077179e-002
3.394639e+003,6.072967e-002
3.395121e+003,6.069399e-002
3.395603e+003,6.066626e-002
3.396085e+003,6.064603e-002
3.396568e+003,6.062895e-002
3.397050e+003,6.060942e-002
3.397532e+003,6.058494e-002
3.398014e+003,6.055260e-002
3.398496e+003,6.051169e-002
3.398978e+003,6.046489e-002
3.399460e+003,6.041338e-002
3.399942e+003,6.035917e-002
3.400425e+003,6.030387e-002
3.400907e+003,6.024904e-002
3.401389e+003,6.019630e-002
3.401871e+003,6.014671e-002
3.402353e+003,6.010111e-002
3.402835e+003,6.005890e-002
3.403317e+003,6.001856e-002
3.403799e+003,5.997761e-002
3.404281e+003,5.993489e-002
3.404764e+003,5.989016e-002
3.405246e+003,5.984471e-002
3.405728e+003,5.980184e-002
3.406210e+003,5.976388e-002
3.406692e+003,5.973097e-002
3.407174e+003,5.970134e-002
3.407656e+003,5.966994e-002
3.408138e+003,5.963242e-002
3.408621e+003,5.958535e-002
3.409103e+003,5.952851e-002
3.409585e+003,5.946331e-002
3.410067e+003,5.939351e-002
3.410549e+003,5.932285e-002
3.411031e+003,5.925277e-002
3.411513e+003,5.918338e-002
3.411996e+003,5.911434e-002
3.412478e+003,5.904420e-002
3.412960e+003,5.897405e-002
3.413442e+003,5.890566e-002
3.413924e+003,5.884064e-002
3.414406e+003,5.877927e-002
3.414888e+003,5.872047e-002
3.415370e+003,5.866117e-002
3.415853e+003,5.859799e-002
3.416335e+003,5.852902e-002
3.416817e+003,5.845649e-002
3.417299e+003,5.838429e-002
3.417781e+003,5.831844e-002
3.418263e+003,5.826459e-002
3.418745e+003,5.822415e-002
3.419227e+003,5.819501e-002
3.419709e+003,5.817058e-002
3.420192e+003,5.814271e-002
3.420674e+003,5.810400e-002
3.421156e+003,5.805031e-002
3.421638e+003,5.798210e-002
3.422120e+003,5.790279e-002
3.422602e+003,5.781733e-002
3.423084e+003,5.773115e-002
3.423566e+003,5.764670e-002
3.424049e+003,5.756554e-002
3.424531e+003,5.748708e-002
3.425013e+003,5.740871e-002
3.425495e+003,5.732857e-002
3.425977e+003,5.724367e-002
3.426459e+003,5.715296e-002
3.426941e+003,5.705729e-002
3.427424e+003,5.695854e-002
3.427906e+003,5.686224e-002
3.428388e+003,5.677334e-002
3.428870e+003,5.669764e-002
3.429352e+003,5.663562e-002
3.429834e+003,5.658609e-002
3.430316e+003,5.654211e-002
3.430798e+003,5.649550e-002
3.431281e+003,5.643837e-002
3.431763e+003,5.636647e-002
3.432245e+003,5.628121e-002
3.432727e+003,5.618623e-002
3.433209e+003,5.609054e-002
3.433691e+003,5.600131e-002
3.434173e+003,5.592399e-002
3.434655e+003,5.585954e-002
3.435137e+003,5.580487e-002
3.435620e+003,5.575527e-002
3.436102e+003,5.570483e-002
3.436584e+003,5.564860e-002
3.437066e+003,5.558334e-002
3.437548e+003,5.550838e-002
3.438030e+003,5.542455e-002
3.438512e+003,5.533418e-002
3.438994e+003,5.524144e-002
3.439477e+003,5.515126e-002
3.439959e+003,5.506769e-002
3.440441e+003,5.499380e-002
3.440923e+003,5.492947e-002
3.441405e+003,5.487176e-002
3.441887e+003,5.481343e-002
3.442369e+003,5.474857e-002
3.442852e+003,5.467248e-002
3.443333e+003,5.458439e-002
3.443816e+003,5.448919e-002
3.444298e+003,5.439385e-002
3.444780e+003,5.430737e-002
3.445262e+003,5.423471e-002
3.445744e+003,5.417802e-002
3.446226e+003,5.413350e-002
3.446708e+003,5.409372e-002
3.447191e+003,5.405071e-002
3.447673e+003,5.399977e-002
3.448155e+003,5.393910e-002
3.448637e+003,5.387035e-002
3.449119e+003,5.379733e-002
3.449601e+003,5.372369e-002
3.450083e+003,5.365040e-002
3.450565e+003,5.357814e-002
3.451048e+003,5.350611e-002
3.451530e+003,5.343490e-002
3.452012e+003,5.336401e-002
3.452494e+003,5.329418e-002
3.452976e+003,5.322457e-002
3.453458e+003,5.315351e-002
3.453940e+003,5.307853e-002
3.454422e+003,5.299688e-002
3.454905e+003,5.290810e-002
3.455387e+003,5.281421e-002
3.455869e+003,5.271839e-002
3.456351e+003,5.262659e-002
3.456833e+003,5.254234e-002
3.457315e+003,5.246817e-002
3.457797e+003,5.240277e-002
3.458280e+003,5.234398e-002
3.458761e+003,5.228709e-002
3.459244e+003,5.222910e-002
3.459726e+003,5.216730e-002
3.460208e+003,5.210181e-002
3.460690e+003,5.203238e-002
3.461172e+003,5.195973e-002
3.461654e+003,5.188457e-002
3.462136e+003,5.180738e-002
3.462619e+003,5.173004e-002
3.463101e+003,5.165459e-002
3.463583e+003,5.158303e-002
3.464065e+003,5.151705e-002
3.464547e+003,5.145638e-002
3.465029e+003,5.139856e-002
3.465511e+003,5.134024e-002
3.465993e+003,5.127740e-002
3.466476e+003,5.120741e-002
3.466958e+003,5.112920e-002
3.467440e+003,5.104408e-002
3.467922e+003,5.095502e-002
3.468404e+003,5.086486e-002
3.468886e+003,5.077635e-002
3.469368e+003,5.069020e-002
3.469850e+003,5.060700e-002
3.470333e+003,5.052628e-002
3.470815e+003,5.044803e-002
3.471297e+003,5.037048e-002
3.471779e+003,5.029255e-002
3.472261e+003,5.021104e-002
3.472743e+003,5.012177e-002
3.473225e+003,5.002178e-002
3.473708e+003,4.990939e-002
3.474189e+003,4.978508e-002
3.474672e+003,4.965361e-002
3.475154e+003,4.951997e-002
3.475636e+003,4.938940e-002
3.476118e+003,4.926547e-002
3.476600e+003,4.914805e-002
3.477082e+003,4.903561e-002
3.477564e+003,4.892625e-002
3.478047e+003,4.881661e-002
3.478529e+003,4.870779e-002
3.479011e+003,4.860014e-002
3.479493e+003,4.849413e-002
3.479975e+003,4.839072e-002
3.480457e+003,4.828693e-002
3.480939e+003,4.818014e-002
3.481421e+003,4.806856e-002
3.481904e+003,4.794969e-002
3.482386e+003,4.782461e-002
3.482868e+003,4.769533e-002
3.483350e+003,4.756377e-002
3.483832e+003,4.743027e-002
3.484314e+003,4.729484e-002
3.484796e+003,4.715677e-002
3.485278e+003,4.701653e-002
3.485760e+003,4.687625e-002
3.486243e+003,4.674120e-002
3.486725e+003,4.661505e-002
3.487207e+003,4.650116e-002
3.487689e+003,4.639736e-002
3.488171e+003,4.629914e-002
3.488653e+003,4.619793e-002
3.489135e+003,4.608739e-002
3.489618e+003,4.596349e-002
3.490100e+003,4.582788e-002
3.490582e+003,4.568520e-002
3.491064e+003,4.554262e-002
3.491546e+003,4.540502e-002
3.492028e+003,4.527504e-002
3.492510e+003,4.515228e-002
3.492992e+003,4.503476e-002
3.493475e+003,4.492007e-002
3.493957e+003,4.480821e-002
3.494439e+003,4.469897e-002
3.494921e+003,4.459303e-002
3.495403e+003,4.449100e-002
3.495885e+003,4.439004e-002
3.496367e+003,4.428666e-002
3.496849e+003,4.417729e-002
3.497332e+003,4.406063e-002
3.497814e+003,4.393892e-002
3.498296e+003,4.381601e-002
3.498778e+003,4.369725e-002
3.499260e+003,4.358800e-002
3.499742e+003,4.349067e-002
3.500224e+003,4.340607e-002
3.500706e+003,4.333257e-002
3.501188e+003,4.326752e-002
3.501671e+003,4.320806e-002
3.502153e+003,4.314907e-002
3.502635e+003,4.308457e-002
3.503117e+003,4.300656e-002
3.503599e+003,4.290668e-002
3.504081e+003,4.277990e-002
3.504563e+003,4.262600e-002
3.505046e+003,4.245093e-002
3.505528e+003,4.226533e-002
3.506010e+003,4.208256e-002
3.506492e+003,4.191564e-002
3.506974e+003,4.177294e-002
3.507456e+003,4.165864e-002
3.507938e+003,4.157084e-002
3.508420e+003,4.150237e-002
3.508903e+003,4.144296e-002
3.509385e+003,4.138510e-002
3.509867e+003,4.132314e-002
3.510349e+003,4.125520e-002
3.510831e+003,4.118247e-002
3.511313e+003,4.110529e-002
3.511795e+003,4.102284e-002
3.512277e+003,4.093283e-002
3.512760e+003,4.083169e-002
3.513242e+003,4.071857e-002
3.513724e+003,4.059299e-002
3.514206e+003,4.045855e-002
3.514688e+003,4.031976e-002
3.515170e+003,4.018202e-002
3.515652e+003,4.004954e-002
3.516135e+003,3.992527e-002
3.516616e+003,3.980875e-002
3.517099e+003,3.969795e-002
3.517581e+003,3.958796e-002
3.518063e+003,3.947365e-002
3.518545e+003,3.934985e-002
3.519027e+003,3.921419e-002
3.519509e+003,3.906714e-002
3.519991e+003,3.891456e-002
3.520474e+003,3.876363e-002
3.520956e+003,3.862452e-002
3.521438e+003,3.850512e-002
3.521920e+003,3.840928e-002
3.522402e+003,3.833292e-002
3.522884e+003,3.826695e-002
3.523366e+003,3.819953e-002
3.523848e+003,3.811964e-002
3.524331e+003,3.802275e-002
3.524813e+003,3.791253e-002
3.525295e+003,3.779703e-002
3.525777e+003,3.768509e-002
3.526259e+003,3.758547e-002
3.526741e+003,3.749888e-002
3.527223e+003,3.742220e-002
3.527705e+003,3.734671e-002
3.528188e+003,3.726365e-002
3.528670e+003,3.716607e-002
3.529152e+003,3.704992e-002
3.529634e+003,3.691540e-002
3.530116e+003,3.676373e-002
3.530598e+003,3.659766e-002
3.531080e+003,3.642161e-002
3.531563e+003,3.624026e-002
3.532044e+003,3.606033e-002
3.532527e+003,3.589030e-002
3.533009e+003,3.573859e-002
3.533491e+003,3.561081e-002
3.533973e+003,3.550829e-002
3.534455e+003,3.542768e-002
3.534937e+003,3.536168e-002
3.535419e+003,3.529998e-002
3.535902e+003,3.523082e-002
3.536384e+003,3.514823e-002
3.536866e+003,3.504775e-002
3.537348e+003,3.493010e-002
3.537830e+003,3.479540e-002
3.538312e+003,3.464617e-002
3.538794e+003,3.448252e-002
3.539276e+003,3.430661e-002
3.539759e+003,3.412192e-002
3.540241e+003,3.393469e-002
3.540723e+003,3.375221e-002
3.541205e+003,3.358279e-002
3.541687e+003,3.343301e-002
3.542169e+003,3.330610e-002
3.542651e+003,3.320197e-002
3.543133e+003,3.311819e-002
3.543615e+003,3.305096e-002
3.544098e+003,3.299619e-002
3.544580e+003,3.295052e-002
3.545062e+003,3.290941e-002
3.545544e+003,3.286707e-002
3.546026e+003,3.281477e-002
3.546508e+003,3.274469e-002
3.546990e+003,3.265022e-002
3.547472e+003,3.252932e-002
3.547955e+003,3.238523e-002
3.548437e+003,3.222478e-002
3.548919e+003,3.205686e-002
3.549401e+003,3.188939e-002
3.549883e+003,3.172850e-002
3.550365e+003,3.157899e-002
3.550847e+003,3.144314e-002
3.551330e+003,3.132180e-002
3.551812e+003,3.121472e-002
3.552294e+003,3.111759e-002
3.552776e+003,3.102561e-002
3.553258e+003,3.093107e-002
3.553740e+003,3.082752e-002
3.554222e+003,3.070952e-002
3.554704e+003,3.057600e-002
3.555187e+003,3.042888e-002
3.555669e+003,3.027453e-002
3.556151e+003,3.012015e-002
3.556633e+003,2.997403e-002
3.557115e+003,2.984074e-002
3.557597e+003,2.972173e-002
3.558079e+003,2.961483e-002
3.558561e+003,2.951381e-002
3.559043e+003,2.941203e-002
3.559526e+003,2.930507e-002
3.560008e+003,2.918787e-002
3.560490e+003,2.905994e-002
3.560972e+003,2.892057e-002
3.561454e+003,2.877120e-002
3.561936e+003,2.861362e-002
3.562418e+003,2.845217e-002
3.562900e+003,2.829430e-002
3.563383e+003,2.814927e-002
3.563865e+003,2.802875e-002
3.564347e+003,2.794306e-002
3.564829e+003,2.790187e-002
3.565311e+003,2.790504e-002
3.565793e+003,2.794009e-002
3.566275e+003,2.798068e-002
3.566758e+003,2.799120e-002
3.567240e+003,2.794396e-002
3.567722e+003,2.782954e-002
3.568204e+003,2.766082e-002
3.568686e+003,2.745825e-002
3.569168e+003,2.724097e-002
3.569650e+003,2.702197e-002
3.570132e+003,2.680884e-002
3.570615e+003,2.660423e-002
3.571097e+003,2.641151e-002
3.571579e+003,2.623176e-002
3.572061e+003,2.606462e-002
3.572543e+003,2.591129e-002
3.573025e+003,2.577033e-002
3.573507e+003,2.563887e-002
3.573989e+003,2.551519e-002
3.574471e+003,2.539763e-002
3.574954e+003,2.528656e-002
3.575436e+003,2.518160e-002
3.575918e+003,2.508276e-002
3.576400e+003,2.498848e-002
3.576882e+003,2.489622e-002
3.577364e+003,2.480154e-002
3.577846e+003,2.470105e-002
3.578328e+003,2.459199e-002
3.578811e+003,2.447375e-002
3.579293e+003,2.434766e-002
3.579775e+003,2.421492e-002
3.580257e+003,2.407673e-002
3.580739e+003,2.393406e-002
3.581221e+003,2.378654e-002
3.581703e+003,2.363370e-002
3.582186e+003,2.347697e-002
3.582667e+003,2.332130e-002
3.583150e+003,2.317091e-002
3.583632e+003,2.303471e-002
3.584114e+003,2.292006e-002
3.584596e+003,2.283455e-002
3.585078e+003,2.278555e-002
3.585560e+003,2.277692e-002
3.586042e+003,2.280531e-002
3.586525e+003,2.285745e-002
3.587007e+003,2.290708e-002
3.587489e+003,2.292150e-002
3.587971e+003,2.287849e-002
3.588453e+003,2.277334e-002
3.588935e+003,2.261918e-002
3.589417e+003,2.243724e-002
3.589899e+003,2.224803e-002
3.590382e+003,2.206725e-002
3.590864e+003,2.190550e-002
3.591346e+003,2.176870e-002
3.591828e+003,2.165685e-002
3.592310e+003,2.156599e-002
3.592792e+003,2.148994e-002
3.593274e+003,2.141907e-002
3.593756e+003,2.134771e-002
3.594239e+003,2.127258e-002
3.594721e+003,2.119273e-002
3.595203e+003,2.111153e-002
3.595685e+003,2.102971e-002
3.596167e+003,2.094799e-002
3.596649e+003,2.086492e-002
3.597131e+003,2.077870e-002
3.597614e+003,2.068968e-002
3.598095e+003,2.059992e-002
3.598578e+003,2.051219e-002
3.599060e+003,2.042975e-002
3.599542e+003,2.035154e-002
3.600024e+003,2.027511e-002
3.600506e+003,2.019347e-002
3.600988e+003,2.009900e-002
3.601470e+003,1.998553e-002
3.601953e+003,1.985331e-002
3.602435e+003,1.970487e-002
3.602917e+003,1.954672e-002
3.603399e+003,1.938662e-002
3.603881e+003,1.923206e-002
3.604363e+003,1.909076e-002
3.604845e+003,1.896854e-002
3.605327e+003,1.887120e-002
3.605810e+003,1.880432e-002
3.606292e+003,1.876814e-002
3.606774e+003,1.875952e-002
3.607256e+003,1.876589e-002
3.607738e+003,1.877058e-002
3.608220e+003,1.875361e-002
3.608702e+003,1.870251e-002
3.609184e+003,1.861727e-002
3.609667e+003,1.850732e-002
3.610149e+003,1.838549e-002
3.610631e+003,1.826630e-002
3.611113e+003,1.815991e-002
3.611595e+003,1.807058e-002
3.612077e+003,1.799793e-002
3.612559e+003,1.793519e-002
3.613042e+003,1.787268e-002
3.613524e+003,1.780253e-002
3.614006e+003,1.771977e-002
3.614488e+003,1.762717e-002
3.614970e+003,1.753104e-002
3.615452e+003,1.744011e-002
3.615934e+003,1.736393e-002
3.616416e+003,1.731088e-002
3.616898e+003,1.728907e-002
3.617381e+003,1.730156e-002
3.617863e+003,1.734289e-002
3.618345e+003,1.739648e-002
3.618827e+003,1.743614e-002
3.619309e+003,1.743471e-002
3.619791e+003,1.737627e-002
3.620273e+003,1.726130e-002
3.620755e+003,1.710520e-002
3.621238e+003,1.692784e-002
3.621720e+003,1.674549e-002
3.622202e+003,1.656929e-002
3.622684e+003,1.640374e-002
3.623166e+003,1.624653e-002
3.623648e+003,1.609318e-002
3.624130e+003,1.593835e-002
3.624612e+003,1.577972e-002
3.625094e+003,1.561841e-002
3.625577e+003,1.546313e-002
3.626059e+003,1.532882e-002
3.626541e+003,1.523731e-002
3.627023e+003,1.521397e-002
3.627505e+003,1.528177e-002
3.627987e+003,1.543809e-002
3.628469e+003,1.563392e-002
3.628952e+003,1.578465e-002
3.629434e+003,1.582148e-002
3.629916e+003,1.573879e-002
3.630398e+003,1.557395e-002
3.630880e+003,1.537361e-002
3.631362e+003,1.517349e-002
3.631844e+003,1.499533e-002
3.632326e+003,1.485031e-002
3.632809e+003,1.474208e-002
3.633291e+003,1.466444e-002
3.633773e+003,1.460539e-002
3.634255e+003,1.455032e-002
3.634737e+003,1.448893e-002
3.635219e+003,1.441706e-002
3.635701e+003,1.433728e-002
3.636183e+003,1.425627e-002
3.636666e+003,1.417986e-002
3.637148e+003,1.411145e-002
3.637630e+003,1.405009e-002
3.638112e+003,1.399114e-002
3.638594e+003,1.393072e-002
3.639076e+003,1.386517e-002
3.639558e+003,1.379730e-002
3.640041e+003,1.373161e-002
3.640522e+003,1.367174e-002
3.641005e+003,1.361745e-002
3.641487e+003,1.356327e-002
3.641969e+003,1.349825e-002
3.642451e+003,1.341240e-002
3.642933e+003,1.330024e-002
3.643415e+003,1.316468e-002
3.643897e+003,1.301680e-002
3.644380e+003,1.287535e-002
3.644862e+003,1.276200e-002
3.645344e+003,1.269964e-002
3.645826e+003,1.270839e-002
3.646308e+003,1.280117e-002
3.646790e+003,1.297804e-002
3.647272e+003,1.322090e-002
3.647754e+003,1.349726e-002
3.648237e+003,1.376814e-002
3.648719e+003,1.399424e-002
3.649201e+003,1.414382e-002
3.649683e+003,1.419437e-002
3.650165e+003,1.413536e-002
3.650647e+003,1.397882e-002
3.651129e+003,1.375428e-002
3.651611e+003,1.349677e-002
3.652094e+003,1.323838e-002
3.652576e+003,1.300070e-002
3.653058e+003,1.279997e-002
3.653540e+003,1.264595e-002
3.654022e+003,1.254523e-002
3.654504e+003,1.249697e-002
3.654986e+003,1.249215e-002
3.655469e+003,1.250966e-002
3.655950e+003,1.252133e-002
3.656433e+003,1.250185e-002
3.656915e+003,1.244354e-002
3.657397e+003,1.235468e-002
3.657879e+003,1.225346e-002
3.658361e+003,1.215699e-002
3.658843e+003,1.207601e-002
3.659325e+003,1.201517e-002
3.659808e+003,1.197289e-002
3.660290e+003,1.194197e-002
3.660772e+003,1.191347e-002
3.661254e+003,1.187911e-002
3.661736e+003,1.183153e-002
3.662218e+003,1.176989e-002
3.662700e+003,1.169356e-002
3.663182e+003,1.160633e-002
3.663665e+003,1.151334e-002
3.664147e+003,1.141752e-002
3.664629e+003,1.132241e-002
3.665111e+003,1.122997e-002
3.665593e+003,1.114240e-002
3.666075e+003,1.106436e-002
3.666557e+003,1.100110e-002
3.667039e+003,1.096327e-002
3.667521e+003,1.096337e-002
3.668004e+003,1.101547e-002
3.668486e+003,1.112671e-002
3.668968e+003,1.128353e-002
3.669450e+003,1.144519e-002
3.669932e+003,1.155227e-002
3.670414e+003,1.156163e-002
3.670896e+003,1.147236e-002
3.671378e+003,1.131570e-002
3.671861e+003,1.113278e-002
3.672343e+003,1.096345e-002
3.672825e+003,1.084235e-002
3.673307e+003,1.080628e-002
3.673789e+003,1.089337e-002
3.674271e+003,1.112918e-002
3.674753e+003,1.148552e-002
3.675236e+003,1.185565e-002
3.675718e+003,1.209919e-002
3.676200e+003,1.215232e-002
3.676682e+003,1.205154e-002
3.677164e+003,1.187488e-002
3.677646e+003,1.168346e-002
3.678128e+003,1.151436e-002
3.678610e+003,1.138009e-002
3.679093e+003,1.127907e-002
3.679575e+003,1.119914e-002
3.680057e+003,1.112620e-002
3.680539e+003,1.104882e-002
3.681021e+003,1.096332e-002
3.681503e+003,1.087276e-002
3.681985e+003,1.078403e-002
3.682467e+003,1.070376e-002
3.682949e+003,1.063587e-002
3.683432e+003,1.058001e-002
3.683914e+003,1.053176e-002
3.684396e+003,1.048669e-002
3.684878e+003,1.044283e-002
3.685360e+003,1.040216e-002
3.685842e+003,1.037488e-002
3.686324e+003,1.037550e-002
3.686806e+003,1.042088e-002
3.687289e+003,1.052714e-002
3.687771e+003,1.069900e-002
3.688253e+003,1.092358e-002
3.688735e+003,1.116868e-002
3.689217e+003,1.139431e-002
3.689699e+003,1.157090e-002
3.690181e+003,1.168412e-002
3.690664e+003,1.173627e-002
3.691146e+003,1.173214e-002
3.691628e+003,1.168167e-002
3.692110e+003,1.159386e-002
3.692592e+003,1.147892e-002
3.693074e+003,1.134954e-002
3.693556e+003,1.121631e-002
3.694038e+003,1.108885e-002
3.694521e+003,1.097542e-002
3.695003e+003,1.087689e-002
3.695485e+003,1.079201e-002
3.695967e+003,1.071439e-002
3.696449e+003,1.063626e-002
3.696931e+003,1.055319e-002
3.697413e+003,1.046393e-002
3.697895e+003,1.037194e-002
3.698377e+003,1.028696e-002
3.698860e+003,1.021811e-002
3.699342e+003,1.017664e-002
3.699824e+003,1.016970e-002
3.700306e+003,1.020052e-002
3.700788e+003,1.026256e-002
3.701270e+003,1.034116e-002
3.701752e+003,1.041522e-002
3.702234e+003,1.046572e-002
3.702717e+003,1.048104e-002
3.703199e+003,1.045943e-002
3.703681e+003,1.040546e-002
3.704163e+003,1.032899e-002
3.704645e+003,1.023953e-002
3.705127e+003,1.014635e-002
3.705609e+003,1.005711e-002
3.706092e+003,9.979581e-003
3.706573e+003,9.918228e-003
3.707056e+003,9.878116e-003
3.707538e+003,9.861355e-003
3.708020e+003,9.871043e-003
3.708502e+003,9.910406e-003
3.708984e+003,9.983785e-003
3.709466e+003,1.009429e-002
3.709948e+003,1.024430e-002
3.710431e+003,1.042318e-002
3.710913e+003,1.060993e-002
3.711395e+003,1.077694e-002
3.711877e+003,1.089622e-002
3.712359e+003,1.095497e-002
3.712841e+003,1.095305e-002
3.713323e+003,1.090146e-002
3.713805e+003,1.081479e-002
3.714288e+003,1.070568e-002
3.714770e+003,1.058676e-002
3.715252e+003,1.046634e-002
3.715734e+003,1.035233e-002
3.716216e+003,1.025082e-002
3.716698e+003,1.016738e-002
3.717180e+003,1.010475e-002
3.717662e+003,1.006466e-002
3.718145e+003,1.004464e-002
3.718627e+003,1.004247e-002
3.719109e+003,1.005394e-002
3.719591e+003,1.007992e-002
3.720073e+003,1.011981e-002
3.720555e+003,1.017483e-002
3.721037e+003,1.024278e-002
3.721520e+003,1.031831e-002
3.722001e+003,1.039114e-002
3.722484e+003,1.044972e-002
3.722966e+003,1.048732e-002
3.723448e+003,1.050420e-002
3.723930e+003,1.050830e-002
3.724412e+003,1.050916e-002
3.724894e+003,1.051512e-002
3.725376e+003,1.052915e-002
3.725859e+003,1.054294e-002
3.726341e+003,1.054443e-002
3.726823e+003,1.052068e-002
3.727305e+003,1.046623e-002
3.727787e+003,1.038480e-002
3.728269e+003,1.028469e-002
3.728751e+003,1.017872e-002
3.729233e+003,1.007771e-002
3.729716e+003,9.989851e-003
3.730198e+003,9.922247e-003
3.730680e+003,9.878259e-003
3.731162e+003,9.860754e-003
3.731644e+003,9.871607e-003
3.732126e+003,9.914685e-003
3.732608e+003,9.997724e-003
3.733090e+003,1.013107e-002
3.733573e+003,1.032472e-002
3.734055e+003,1.058045e-002
3.734537e+003,1.087852e-002
3.735019e+003,1.117374e-002
3.735501e+003,1.140351e-002
3.735983e+003,1.152342e-002
3.736465e+003,1.152615e-002
3.736948e+003,1.144297e-002
3.737430e+003,1.131126e-002
3.737912e+003,1.116431e-002
3.738394e+003,1.102108e-002
3.738876e+003,1.089004e-002
3.739358e+003,1.077058e-002
3.739840e+003,1.066108e-002
3.740322e+003,1.056116e-002
3.740804e+003,1.047320e-002
3.741287e+003,1.040406e-002
3.741769e+003,1.036697e-002
3.742251e+003,1.037929e-002
3.742733e+003,1.046100e-002
3.743215e+003,1.062189e-002
3.743697e+003,1.084115e-002
3.744179e+003,1.105250e-002
3.744661e+003,1.117747e-002
3.745144e+003,1.117454e-002
3.745626e+003,1.106389e-002
3.746108e+003,1.089249e-002
3.746590e+003,1.070681e-002
3.747072e+003,1.054048e-002
3.747554e+003,1.041962e-002
3.748036e+003,1.036521e-002
3.748518e+003,1.039505e-002
3.749000e+003,1.051690e-002
3.749483e+003,1.072108e-002
3.749965e+003,1.097575e-002
3.750447e+003,1.123366e-002
3.750929e+003,1.144786e-002
3.751411e+003,1.158741e-002
3.751893e+003,1.164236e-002
3.752375e+003,1.162382e-002
3.752858e+003,1.154754e-002
3.753340e+003,1.143593e-002
3.753822e+003,1.130413e-002
3.754304e+003,1.116718e-002
3.754786e+003,1.103458e-002
3.755268e+003,1.091562e-002
3.755750e+003,1.081667e-002
3.756232e+003,1.074502e-002
3.756715e+003,1.070530e-002
3.757197e+003,1.070066e-002
3.757679e+003,1.073023e-002
3.758161e+003,1.079040e-002
3.758643e+003,1.087014e-002
3.759125e+003,1.095253e-002
3.759607e+003,1.101677e-002
3.760089e+003,1.104277e-002
3.760572e+003,1.101922e-002
3.761054e+003,1.094799e-002
3.761536e+003,1.084086e-002
3.762018e+003,1.071778e-002
3.762500e+003,1.059869e-002
3.762982e+003,1.050417e-002
3.763464e+003,1.045042e-002
3.763947e+003,1.044699e-002
3.764428e+003,1.048888e-002
3.764911e+003,1.055877e-002
3.765393e+003,1.062756e-002
3.765875e+003,1.067300e-002
3.766357e+003,1.068756e-002
3.766839e+003,1.067975e-002
3.767321e+003,1.066969e-002
3.767803e+003,1.067884e-002
3.768286e+003,1.072244e-002
3.768768e+003,1.080086e-002
3.769250e+003,1.089591e-002
3.769732e+003,1.097614e-002
3.770214e+003,1.101100e-002
3.770696e+003,1.098612e-002
3.771178e+003,1.090903e-002
3.771660e+003,1.080022e-002
3.772143e+003,1.068234e-002
3.772625e+003,1.057449e-002
3.773107e+003,1.048689e-002
3.773589e+003,1.042317e-002
3.774071e+003,1.037882e-002
3.774553e+003,1.034818e-002
3.775035e+003,1.032269e-002
3.775517e+003,1.029858e-002
3.776000e+003,1.027597e-002
3.776482e+003,1.025852e-002
3.776964e+003,1.025429e-002
3.777446e+003,1.027134e-002
3.777928e+003,1.031435e-002
3.778410e+003,1.038118e-002
3.778892e+003,1.045861e-002
3.779375e+003,1.052964e-002
3.779856e+003,1.057560e-002
3.780339e+003,1.058906e-002
3.780821e+003,1.057427e-002
3.781303e+003,1.054182e-002
3.781785e+003,1.050659e-002
3.782267e+003,1.047918e-002
3.782749e+003,1.046777e-002
3.783231e+003,1.047617e-002
3.783714e+003,1.049946e-002
3.784196e+003,1.052957e-002
3.784678e+003,1.055451e-002
3.785160e+003,1.056608e-002
3.785642e+003,1.056061e-002
3.786124e+003,1.053897e-002
3.786606e+003,1.050774e-002
3.787088e+003,1.047220e-002
3.787571e+003,1.043489e-002
3.788053e+003,1.039908e-002
3.788535e+003,1.036478e-002
3.789017e+003,1.033363e-002
3.789499e+003,1.030664e-002
3.789981e+003,1.028584e-002
3.790463e+003,1.027085e-002
3.790945e+003,1.026229e-002
3.791427e+003,1.025627e-002
3.791910e+003,1.024822e-002
3.792392e+003,1.023409e-002
3.792874e+003,1.021175e-002
3.793356e+003,1.018219e-002
3.793838e+003,1.014996e-002
3.794320e+003,1.012355e-002
3.794802e+003,1.011067e-002
3.795284e+003,1.011537e-002
3.795767e+003,1.013614e-002
3.796249e+003,1.016211e-002
3.796731e+003,1.017935e-002
3.797213e+003,1.017773e-002
3.797695e+003,1.015686e-002
3.798177e+003,1.012789e-002
3.798659e+003,1.011031e-002
3.799142e+003,1.012932e-002
3.799624e+003,1.021294e-002
3.800106e+003,1.038123e-002
3.800588e+003,1.062778e-002
3.801070e+003,1.089927e-002
3.801552e+003,1.110988e-002
3.802034e+003,1.119221e-002
3.802516e+003,1.114073e-002
3.802999e+003,1.099372e-002
3.803481e+003,1.080559e-002
3.803963e+003,1.062047e-002
3.804445e+003,1.047224e-002
3.804927e+003,1.038641e-002
3.805409e+003,1.037923e-002
3.805891e+003,1.045300e-002
3.806373e+003,1.058582e-002
3.806855e+003,1.073163e-002
3.807338e+003,1.084207e-002
3.807820e+003,1.089069e-002
3.808302e+003,1.088050e-002
3.808784e+003,1.082993e-002
3.809266e+003,1.075876e-002
3.809748e+003,1.068109e-002
3.810230e+003,1.060011e-002
3.810712e+003,1.051402e-002
3.811195e+003,1.041928e-002
3.811677e+003,1.031333e-002
3.812159e+003,1.020038e-002
3.812641e+003,1.008969e-002
3.813123e+003,9.997154e-003
3.813605e+003,9.940703e-003
3.814087e+003,9.940435e-003
3.814570e+003,1.000590e-002
3.815052e+003,1.012939e-002
3.815534e+003,1.027479e-002
3.816016e+003,1.039403e-002
3.816498e+003,1.044943e-002
3.816980e+003,1.043713e-002
3.817462e+003,1.037990e-002
3.817944e+003,1.031349e-002
3.818427e+003,1.027252e-002
3.818909e+003,1.029228e-002
3.819391e+003,1.040132e-002
3.819873e+003,1.061203e-002
3.820355e+003,1.089748e-002
3.820837e+003,1.117860e-002
3.821319e+003,1.136078e-002
3.821801e+003,1.139536e-002
3.822283e+003,1.129784e-002
3.822766e+003,1.112036e-002
3.823248e+003,1.091364e-002
3.823730e+003,1.071468e-002
3.824212e+003,1.054859e-002
3.824694e+003,1.043183e-002
3.825176e+003,1.037026e-002
3.825658e+003,1.036060e-002
3.826140e+003,1.038487e-002
3.826623e+003,1.041935e-002
3.827105e+003,1.044197e-002
3.827587e+003,1.044176e-002
3.828069e+003,1.042227e-002
3.828551e+003,1.039716e-002
3.829033e+003,1.038072e-002
3.829515e+003,1.038547e-002
3.829998e+003,1.041437e-002
3.830479e+003,1.046114e-002
3.830962e+003,1.050960e-002
3.831444e+003,1.053813e-002
3.831926e+003,1.053281e-002
3.832408e+003,1.048980e-002
3.832890e+003,1.041648e-002
3.833372e+003,1.032973e-002
3.833854e+003,1.024718e-002
3.834337e+003,1.018225e-002
3.834819e+003,1.014659e-002
3.835301e+003,1.014659e-002
3.835783e+003,1.018750e-002
3.836265e+003,1.027217e-002
3.836747e+003,1.039933e-002
3.837229e+003,1.056313e-002
3.837711e+003,1.074644e-002
3.838194e+003,1.092366e-002
3.838676e+003,1.106421e-002
3.839158e+003,1.114755e-002
3.839640e+003,1.116740e-002
3.840122e+003,1.113549e-002
3.840604e+003,1.107194e-002
3.841086e+003,1.099915e-002
3.841568e+003,1.093378e-002
3.842051e+003,1.088543e-002
3.842533e+003,1.085399e-002
3.843015e+003,1.083139e-002
3.843497e+003,1.080545e-002
3.843979e+003,1.076411e-002
3.844461e+003,1.069982e-002
3.844943e+003,1.061424e-002
3.845426e+003,1.051299e-002
3.845907e+003,1.040480e-002
3.846390e+003,1.029774e-002
3.846872e+003,1.019708e-002
3.847354e+003,1.010473e-002
3.847836e+003,1.001839e-002
3.848318e+003,9.934470e-003
3.848800e+003,9.849380e-003
3.849282e+003,9.761192e-003
3.849765e+003,9.674785e-003
3.850247e+003,9.602218e-003
3.850729e+003,9.566978e-003
3.851211e+003,9.607575e-003
3.851693e+003,9.769488e-003
3.852175e+003,1.008824e-002
3.852657e+003,1.054021e-002
3.853139e+003,1.100822e-002
3.853622e+003,1.134535e-002
3.854104e+003,1.148435e-002
3.854586e+003,1.146521e-002
3.855068e+003,1.135951e-002
3.855550e+003,1.122344e-002
3.856032e+003,1.108581e-002
3.856514e+003,1.095548e-002
3.856996e+003,1.082951e-002
3.857479e+003,1.070402e-002
3.857961e+003,1.057543e-002
3.858443e+003,1.044810e-002
3.858925e+003,1.032847e-002
3.859407e+003,1.022837e-002
3.859889e+003,1.015798e-002
3.860371e+003,1.012682e-002
3.860854e+003,1.013696e-002
3.861336e+003,1.018624e-002
3.861818e+003,1.026772e-002
3.862300e+003,1.037356e-002
3.862782e+003,1.049565e-002
3.863264e+003,1.062720e-002
3.863746e+003,1.075414e-002
3.864228e+003,1.085638e-002
3.864710e+003,1.090826e-002
3.865193e+003,1.089506e-002
3.865675e+003,1.081816e-002
3.866157e+003,1.069575e-002
3.866639e+003,1.055745e-002
3.867121e+003,1.043614e-002
3.867603e+003,1.036524e-002
3.868085e+003,1.037633e-002
3.868567e+003,1.048622e-002
3.869050e+003,1.068181e-002
3.869532e+003,1.090522e-002
3.870014e+003,1.107734e-002
3.870496e+003,1.114740e-002
3.870978e+003,1.111909e-002
3.871460e+003,1.103254e-002
3.871942e+003,1.093423e-002
3.872424e+003,1.085849e-002
3.872906e+003,1.082200e-002
3.873389e+003,1.082141e-002
3.873871e+003,1.083425e-002
3.874353e+003,1.083031e-002
3.874835e+003,1.078772e-002
3.875317e+003,1.070170e-002
3.875799e+003,1.058608e-002
3.876281e+003,1.045931e-002
3.876764e+003,1.034158e-002
3.877246e+003,1.025019e-002
3.877728e+003,1.019962e-002
3.878210e+003,1.020102e-002
3.878692e+003,1.025866e-002
3.879174e+003,1.036702e-002
3.879656e+003,1.050451e-002
3.880138e+003,1.063325e-002
3.880621e+003,1.071635e-002
3.881103e+003,1.073192e-002
3.881585e+003,1.068484e-002
3.882067e+003,1.059621e-002
3.882549e+003,1.049629e-002
3.883031e+003,1.041513e-002
3.883513e+003,1.037900e-002
3.883995e+003,1.040489e-002
3.884478e+003,1.049334e-002
3.884960e+003,1.062081e-002
3.885442e+003,1.074158e-002
3.885924e+003,1.080900e-002
3.886406e+003,1.080192e-002
3.886888e+003,1.073171e-002
3.887370e+003,1.062727e-002
3.887853e+003,1.051957e-002
3.888334e+003,1.043687e-002
3.888817e+003,1.039862e-002
3.889299e+003,1.041716e-002
3.889781e+003,1.049535e-002
3.890263e+003,1.062221e-002
3.890745e+003,1.076948e-002
3.891227e+003,1.090200e-002
3.891709e+003,1.098680e-002
3.892192e+003,1.100945e-002
3.892674e+003,1.097434e-002
3.893156e+003,1.089702e-002
3.893638e+003,1.079436e-002
3.894120e+003,1.068143e-002
3.894602e+003,1.056822e-002
3.895084e+003,1.046369e-002
3.895566e+003,1.037251e-002
3.896049e+003,1.030054e-002
3.896531e+003,1.025272e-002
3.897013e+003,1.023411e-002
3.897495e+003,1.024733e-002
3.897977e+003,1.029278e-002
3.898459e+003,1.036488e-002
3.898941e+003,1.045377e-002
3.899423e+003,1.054802e-002
3.899906e+003,1.063735e-002
3.900388e+003,1.071670e-002
3.900870e+003,1.079100e-002
3.901352e+003,1.086779e-002
3.901834e+003,1.095774e-002
3.902316e+003,1.106568e-002
3.902798e+003,1.118824e-002
3.903281e+003,1.130861e-002
3.903762e+003,1.140299e-002
3.904245e+003,1.144920e-002
3.904727e+003,1.143654e-002
3.905209e+003,1.136956e-002
3.905691e+003,1.126466e-002
3.906173e+003,1.114228e-002
3.906655e+003,1.102196e-002
3.907137e+003,1.091609e-002
3.907620e+003,1.083221e-002
3.908102e+003,1.077165e-002
3.908584e+003,1.073336e-002
3.909066e+003,1.071291e-002
3.909548e+003,1.070380e-002
3.910030e+003,1.069861e-002
3.910512e+003,1.069171e-002
3.910994e+003,1.067490e-002
3.911477e+003,1.064609e-002
3.911959e+003,1.060449e-002
3.912441e+003,1.055336e-002
3.912923e+003,1.050104e-002
3.913405e+003,1.045693e-002
3.913887e+003,1.043121e-002
3.914369e+003,1.043106e-002
3.914851e+003,1.045936e-002
3.915333e+003,1.051273e-002
3.915816e+003,1.058192e-002
3.916298e+003,1.065360e-002
3.916780e+003,1.071681e-002
3.917262e+003,1.076542e-002
3.917744e+003,1.080241e-002
3.918226e+003,1.083352e-002
3.918708e+003,1.086374e-002
3.919190e+003,1.089448e-002
3.919673e+003,1.092170e-002
3.920155e+003,1.093847e-002
3.920637e+003,1.093994e-002
3.921119e+003,1.092691e-002
3.921601e+003,1.090445e-002
3.922083e+003,1.088211e-002
3.922565e+003,1.086985e-002
3.923048e+003,1.087328e-002
3.923530e+003,1.089084e-002
3.924012e+003,1.091351e-002
3.924494e+003,1.092610e-002
3.924976e+003,1.091619e-002
3.925458e+003,1.087917e-002
3.925940e+003,1.082160e-002
3.926422e+003,1.075446e-002
3.926905e+003,1.069240e-002
3.927387e+003,1.064749e-002
3.927869e+003,1.062706e-002
3.928351e+003,1.063360e-002
3.928833e+003,1.066425e-002
3.929315e+003,1.071443e-002
3.929797e+003,1.077667e-002
3.930279e+003,1.084405e-002
3.930761e+003,1.091275e-002
3.931244e+003,1.097754e-002
3.931726e+003,1.103513e-002
3.932208e+003,1.107950e-002
3.932690e+003,1.110669e-002
3.933172e+003,1.111317e-002
3.933654e+003,1.109958e-002
3.934136e+003,1.106669e-002
3.934618e+003,1.101976e-002
3.935101e+003,1.096298e-002
3.935583e+003,1.089975e-002
3.936065e+003,1.083376e-002
3.936547e+003,1.076591e-002
3.937029e+003,1.069805e-002
3.937511e+003,1.063293e-002
3.937993e+003,1.057397e-002
3.938476e+003,1.052616e-002
3.938958e+003,1.049554e-002
3.939440e+003,1.048881e-002
3.939922e+003,1.051190e-002
3.940404e+003,1.056586e-002
3.940886e+003,1.064901e-002
3.941368e+003,1.075281e-002
3.941850e+003,1.085954e-002
3.942333e+003,1.094882e-002
3.942815e+003,1.100130e-002
3.943297e+003,1.100712e-002
3.943779e+003,1.096704e-002
3.944261e+003,1.089130e-002
3.944743e+003,1.079740e-002
3.945225e+003,1.070283e-002
3.945707e+003,1.062244e-002
3.946189e+003,1.056769e-002
3.946672e+003,1.054490e-002
3.947154e+003,1.055343e-002
3.947636e+003,1.058670e-002
3.948118e+003,1.063367e-002
3.948600e+003,1.068170e-002
3.949082e+003,1.072224e-002
3.949564e+003,1.074963e-002
3.950046e+003,1.076687e-002
3.950529e+003,1.077794e-002
3.951011e+003,1.078953e-002
3.951493e+003,1.080494e-002
3.951975e+003,1.082471e-002
3.952457e+003,1.084474e-002
3.952939e+003,1.085925e-002
3.953421e+003,1.086149e-002
3.953904e+003,1.084713e-002
3.954385e+003,1.081575e-002
3.954868e+003,1.077263e-002
3.955350e+003,1.072739e-002
3.955832e+003,1.069071e-002
3.956314e+003,1.067157e-002
3.956796e+003,1.067525e-002
3.957278e+003,1.069885e-002
3.957760e+003,1.073617e-002
3.958243e+003,1.077668e-002
3.958725e+003,1.081059e-002
3.959207e+003,1.083237e-002
3.959689e+003,1.083950e-002
3.960171e+003,1.083501e-002
3.960653e+003,1.082524e-002
3.961135e+003,1.081665e-002
3.961617e+003,1.081519e-002
3.962100e+003,1.082205e-002
3.962582e+003,1.083632e-002
3.963064e+003,1.085455e-002
3.963546e+003,1.087200e-002
3.964028e+003,1.088469e-002
3.964510e+003,1.088998e-002
3.964992e+003,1.088443e-002
3.965474e+003,1.087054e-002
3.965957e+003,1.084925e-002
3.966439e+003,1.082597e-002
3.966921e+003,1.080745e-002
3.967403e+003,1.079897e-002
3.967885e+003,1.080439e-002
3.968367e+003,1.082594e-002
3.968849e+003,1.085968e-002
3.969332e+003,1.090018e-002
3.969813e+003,1.093883e-002
3.970296e+003,1.096981e-002
3.970778e+003,1.098915e-002
3.971260e+003,1.099618e-002
3.971742e+003,1.099460e-002
3.972224e+003,1.098945e-002
3.972706e+003,1.098362e-002
3.973188e+003,1.098019e-002
3.973671e+003,1.097980e-002
3.974153e+003,1.098126e-002
3.974635e+003,1.098432e-002
3.975117e+003,1.098910e-002
3.975599e+003,1.099640e-002
3.976081e+003,1.100820e-002
3.976563e+003,1.102320e-002
3.977045e+003,1.103952e-002
3.977528e+003,1.105412e-002
3.978010e+003,1.106289e-002
3.978492e+003,1.106397e-002
3.978974e+003,1.105721e-002
3.979456e+003,1.104541e-002
3.979938e+003,1.103348e-002
3.980420e+003,1.102539e-002
3.980902e+003,1.102567e-002
3.981385e+003,1.103417e-002
3.981867e+003,1.105078e-002
3.982349e+003,1.107190e-002
3.982831e+003,1.109529e-002
3.983313e+003,1.111736e-002
3.983795e+003,1.113757e-002
3.984277e+003,1.115419e-002
3.984760e+003,1.116724e-002
3.985242e+003,1.117696e-002
3.985724e+003,1.118509e-002
3.986206e+003,1.119389e-002
3.986688e+003,1.120641e-002
3.987170e+003,1.122638e-002
3.987652e+003,1.125341e-002
3.988134e+003,1.128669e-002
3.988616e+003,1.132117e-002
3.989099e+003,1.135128e-002
3.989581e+003,1.137075e-002
3.990063e+003,1.137825e-002
3.990545e+003,1.137563e-002
3.991027e+003,1.136941e-002
3.991509e+003,1.136759e-002
3.991991e+003,1.137629e-002
3.992473e+003,1.139724e-002
3.992956e+003,1.142512e-002
3.993438e+003,1.145287e-002
3.993920e+003,1.146877e-002
3.994402e+003,1.146602e-002
3.994884e+003,1.144049e-002
3.995366e+003,1.139577e-002
3.995848e+003,1.133944e-002
3.996330e+003,1.128176e-002
3.996813e+003,1.123194e-002
3.997295e+003,1.119663e-002
3.997777e+003,1.117759e-002
3.998259e+003,1.117534e-002
3.998741e+003,1.118562e-002
3.999223e+003,1.120484e-002
3.999705e+003,1.122873e-002
4.000188e+003,1.125396e-002
