3.996813e+002,0.000000e+000
4.001635e+002,6.458723e-002
4.006456e+002,6.510963e-002
4.011277e+002,6.578182e-002
4.016098e+002,6.635137e-002
4.020919e+002,6.663065e-002
4.025741e+002,6.658686e-002
4.030562e+002,6.635263e-002
4.035383e+002,6.614121e-002
4.040204e+002,6.613802e-002
4.045026e+002,6.641671e-002
4.049847e+002,6.691378e-002
4.054668e+002,6.745759e-002
4.059489e+002,6.785700e-002
4.064311e+002,6.800606e-002
4.069132e+002,6.794388e-002
4.073953e+002,6.781713e-002
4.078774e+002,6.778384e-002
4.083596e+002,6.792659e-002
4.088417e+002,6.822041e-002
4.093238e+002,6.855679e-002
4.098059e+002,6.881492e-002
4.102881e+002,6.894029e-002
4.107702e+002,6.898231e-002
4.112523e+002,6.905800e-002
4.117344e+002,6.927599e-002
4.122166e+002,6.966881e-002
4.126987e+002,7.017040e-002
4.131808e+002,7.064472e-002
4.136629e+002,7.095885e-002
4.141451e+002,7.106143e-002
4.146272e+002,7.101563e-002
4.151093e+002,7.095923e-002
4.155914e+002,7.103279e-002
4.160736e+002,7.131600e-002
4.165557e+002,7.179876e-002
4.170378e+002,7.237044e-002
4.175200e+002,7.283981e-002
4.180021e+002,7.300955e-002
4.184842e+002,7.282859e-002
4.189663e+002,7.249071e-002
4.194484e+002,7.229289e-002
4.199306e+002,7.236926e-002
4.204127e+002,7.262610e-002
4.208948e+002,7.287220e-002
4.213770e+002,7.296725e-002
4.218591e+002,7.288601e-002
4.223412e+002,7.271066e-002
4.228233e+002,7.257736e-002
4.233055e+002,7.260322e-002
4.237876e+002,7.282352e-002
4.242697e+002,7.316505e-002
4.247518e+002,7.347791e-002
4.252339e+002,7.361928e-002
4.257161e+002,7.353909e-002
4.261982e+002,7.330555e-002
4.266803e+002,7.305497e-002
4.271624e+002,7.290807e-002
4.276446e+002,7.290880e-002
4.281267e+002,7.301127e-002
4.286088e+002,7.311018e-002
4.290909e+002,7.310236e-002
4.295731e+002,7.294831e-002
4.300552e+002,7.270051e-002
4.305373e+002,7.247541e-002
4.310194e+002,7.238791e-002
4.315016e+002,7.248843e-002
4.319837e+002,7.273848e-002
4.324658e+002,7.303224e-002
4.329479e+002,7.325828e-002
4.334301e+002,7.335850e-002
4.339122e+002,7.335668e-002
4.343943e+002,7.333702e-002
4.348764e+002,7.338905e-002
4.353586e+002,7.355224e-002
4.358407e+002,7.379049e-002
4.363228e+002,7.400999e-002
4.368049e+002,7.411902e-002
4.372870e+002,7.408820e-002
4.377692e+002,7.397191e-002
4.382513e+002,7.387263e-002
4.387334e+002,7.388268e-002
4.392155e+002,7.403940e-002
4.396977e+002,7.431230e-002
4.401798e+002,7.461888e-002
4.406619e+002,7.486622e-002
4.411440e+002,7.500045e-002
4.416262e+002,7.504132e-002
4.421083e+002,7.507368e-002
4.425904e+002,7.519582e-002
4.430725e+002,7.545841e-002
4.435547e+002,7.583622e-002
4.440368e+002,7.624587e-002
4.445189e+002,7.659977e-002
4.450010e+002,7.685732e-002
4.454832e+002,7.704669e-002
4.459653e+002,7.724148e-002
4.464474e+002,7.751396e-002
4.469295e+002,7.788824e-002
4.474117e+002,7.832309e-002
4.478938e+002,7.873044e-002
4.483759e+002,7.902742e-002
4.488580e+002,7.918513e-002
4.493401e+002,7.924802e-002
4.498223e+002,7.930677e-002
4.503044e+002,7.945236e-002
4.507865e+002,7.973173e-002
4.512687e+002,8.012699e-002
4.517508e+002,8.056215e-002
4.522329e+002,8.094261e-002
4.527150e+002,8.121044e-002
4.531971e+002,8.137984e-002
4.536793e+002,8.152233e-002
4.541614e+002,8.171652e-002
4.546435e+002,8.200125e-002
4.551257e+002,8.235846e-002
4.556078e+002,8.272394e-002
4.560899e+002,8.302096e-002
4.565720e+002,8.320589e-002
4.570542e+002,8.330303e-002
4.575363e+002,8.340022e-002
4.580184e+002,8.358981e-002
4.585005e+002,8.389787e-002
4.589827e+002,8.426631e-002
4.594648e+002,8.459440e-002
4.599469e+002,8.480710e-002
4.604290e+002,8.489581e-002
4.609112e+002,8.492026e-002
4.613933e+002,8.497272e-002
4.618754e+002,8.512965e-002
4.623575e+002,8.540857e-002
4.628397e+002,8.575586e-002
4.633218e+002,8.607095e-002
4.638039e+002,8.626268e-002
4.642860e+002,8.629889e-002
4.647682e+002,8.622526e-002
4.652503e+002,8.613749e-002
4.657324e+002,8.613150e-002
4.662145e+002,8.625577e-002
4.666967e+002,8.648998e-002
4.671788e+002,8.675656e-002
4.676609e+002,8.696742e-002
4.681430e+002,8.707764e-002
4.686252e+002,8.711396e-002
4.691073e+002,8.715406e-002
4.695894e+002,8.727725e-002
4.700715e+002,8.751802e-002
4.705536e+002,8.784660e-002
4.710358e+002,8.817977e-002
4.715179e+002,8.842213e-002
4.720000e+002,8.852373e-002
4.724821e+002,8.851978e-002
4.729643e+002,8.851095e-002
4.734464e+002,8.859424e-002
4.739285e+002,8.879923e-002
4.744106e+002,8.907688e-002
4.748928e+002,8.933426e-002
4.753749e+002,8.949160e-002
4.758570e+002,8.952365e-002
4.763391e+002,8.947326e-002
4.768213e+002,8.942702e-002
4.773034e+002,8.946912e-002
4.777855e+002,8.963544e-002
4.782676e+002,8.989630e-002
4.787498e+002,9.017336e-002
4.792319e+002,9.038726e-002
4.797140e+002,9.050211e-002
4.801961e+002,9.054635e-002
4.806783e+002,9.059133e-002
4.811604e+002,9.070769e-002
4.816425e+002,9.092178e-002
4.821246e+002,9.119682e-002
4.826068e+002,9.144869e-002
4.830889e+002,9.159148e-002
4.835710e+002,9.158973e-002
4.840531e+002,9.148548e-002
4.845352e+002,9.137827e-002
4.850174e+002,9.136990e-002
4.854995e+002,9.150910e-002
4.859816e+002,9.177058e-002
4.864637e+002,9.207454e-002
4.869459e+002,9.233530e-002
4.874280e+002,9.250759e-002
4.879101e+002,9.260616e-002
4.883922e+002,9.268858e-002
4.888744e+002,9.281668e-002
4.893565e+002,9.301683e-002
4.898386e+002,9.326278e-002
4.903207e+002,9.348796e-002
4.908029e+002,9.362344e-002
4.912850e+002,9.364100e-002
4.917671e+002,9.357498e-002
4.922492e+002,9.350525e-002
4.927314e+002,9.351104e-002
4.932135e+002,9.362572e-002
4.936956e+002,9.382039e-002
4.941777e+002,9.402210e-002
4.946599e+002,9.415871e-002
4.951420e+002,9.419806e-002
4.956241e+002,9.416435e-002
4.961062e+002,9.412151e-002
4.965884e+002,9.413450e-002
4.970705e+002,9.423287e-002
4.975526e+002,9.439505e-002
4.980347e+002,9.456251e-002
4.985169e+002,9.467649e-002
4.989990e+002,9.471411e-002
4.994811e+002,9.470358e-002
4.999633e+002,9.471035e-002
5.004454e+002,9.480262e-002
5.009275e+002,9.501356e-002
5.014096e+002,9.531951e-002
5.018917e+002,9.564666e-002
5.023739e+002,9.591149e-002
5.028560e+002,9.607046e-002
5.033381e+002,9.614440e-002
5.038203e+002,9.620006e-002
5.043024e+002,9.630576e-002
5.047845e+002,9.649399e-002
5.052666e+002,9.674939e-002
5.057487e+002,9.702092e-002
5.062309e+002,9.725370e-002
5.067130e+002,9.742305e-002
5.071951e+002,9.755224e-002
5.076772e+002,9.769754e-002
5.081594e+002,9.791228e-002
5.086415e+002,9.821168e-002
5.091236e+002,9.856279e-002
5.096057e+002,9.890173e-002
5.100879e+002,9.916954e-002
5.105700e+002,9.934463e-002
5.110521e+002,9.945692e-002
5.115342e+002,9.957033e-002
5.120164e+002,9.974749e-002
5.124985e+002,1.000144e-001
5.129806e+002,1.003478e-001
5.134627e+002,1.006883e-001
5.139448e+002,1.009753e-001
5.144270e+002,1.011793e-001
5.149091e+002,1.013193e-001
5.153912e+002,1.014520e-001
5.158734e+002,1.016395e-001
5.163555e+002,1.019121e-001
5.168376e+002,1.022487e-001
5.173197e+002,1.025841e-001
5.178019e+002,1.028470e-001
5.182840e+002,1.030035e-001
5.187661e+002,1.030765e-001
5.192482e+002,1.031286e-001
5.197303e+002,1.032206e-001
5.202125e+002,1.033756e-001
5.206946e+002,1.035690e-001
5.211767e+002,1.037452e-001
5.216588e+002,1.038535e-001
5.221410e+002,1.038770e-001
5.226231e+002,1.038431e-001
5.231052e+002,1.038074e-001
5.235873e+002,1.038238e-001
5.240695e+002,1.039149e-001
5.245516e+002,1.040593e-001
5.250337e+002,1.042001e-001
5.255159e+002,1.042783e-001
5.259980e+002,1.042696e-001
5.264801e+002,1.042028e-001
5.269622e+002,1.041433e-001
5.274443e+002,1.041523e-001
5.279265e+002,1.042520e-001
5.284086e+002,1.044168e-001
5.288907e+002,1.045896e-001
5.293728e+002,1.047142e-001
5.298550e+002,1.047629e-001
5.303371e+002,1.047508e-001
5.308192e+002,1.047231e-001
5.313013e+002,1.047288e-001
5.317834e+002,1.047911e-001
5.322656e+002,1.048956e-001
5.327477e+002,1.050002e-001
5.332299e+002,1.050616e-001
5.337120e+002,1.050625e-001
5.341941e+002,1.050229e-001
5.346762e+002,1.049884e-001
5.351583e+002,1.050021e-001
5.356404e+002,1.050787e-001
5.361226e+002,1.051939e-001
5.366047e+002,1.052977e-001
5.370868e+002,1.053435e-001
5.375690e+002,1.053168e-001
5.380511e+002,1.052454e-001
5.385332e+002,1.051851e-001
5.390153e+002,1.051898e-001
5.394974e+002,1.052824e-001
5.399796e+002,1.054446e-001
5.404617e+002,1.056269e-001
5.409438e+002,1.057769e-001
5.414260e+002,1.058674e-001
5.419081e+002,1.059103e-001
5.423902e+002,1.059461e-001
5.428723e+002,1.060184e-001
5.433544e+002,1.061462e-001
5.438365e+002,1.063134e-001
5.443187e+002,1.064770e-001
5.448008e+002,1.065920e-001
5.452830e+002,1.066383e-001
5.457651e+002,1.066346e-001
5.462472e+002,1.066272e-001
5.467293e+002,1.066631e-001
5.472114e+002,1.067621e-001
5.476936e+002,1.069050e-001
5.481757e+002,1.070465e-001
5.486578e+002,1.071412e-001
5.491400e+002,1.071717e-001
5.496221e+002,1.071595e-001
5.501042e+002,1.071530e-001
5.505863e+002,1.071998e-001
5.510684e+002,1.073187e-001
5.515505e+002,1.074899e-001
5.520327e+002,1.076642e-001
5.525148e+002,1.077905e-001
5.529969e+002,1.078424e-001
5.534791e+002,1.078302e-001
5.539612e+002,1.077932e-001
5.544433e+002,1.077750e-001
5.549254e+002,1.077991e-001
5.554076e+002,1.078576e-001
5.558896e+002,1.079181e-001
5.563718e+002,1.079484e-001
5.568539e+002,1.079375e-001
5.573361e+002,1.079065e-001
5.578182e+002,1.078974e-001
5.583003e+002,1.079497e-001
5.587825e+002,1.080772e-001
5.592645e+002,1.082606e-001
5.597467e+002,1.084555e-001
5.602288e+002,1.086180e-001
5.607109e+002,1.087271e-001
5.611931e+002,1.087956e-001
5.616752e+002,1.088596e-001
5.621573e+002,1.089558e-001
5.626394e+002,1.090987e-001
5.631216e+002,1.092719e-001
5.636037e+002,1.094377e-001
5.640858e+002,1.095606e-001
5.645679e+002,1.096290e-001
5.650500e+002,1.096648e-001
5.655322e+002,1.097110e-001
5.660143e+002,1.098085e-001
5.664965e+002,1.099719e-001
5.669785e+002,1.101812e-001
5.674607e+002,1.103908e-001
5.679428e+002,1.105559e-001
5.684249e+002,1.106574e-001
5.689070e+002,1.107143e-001
5.693892e+002,1.107716e-001
5.698713e+002,1.108745e-001
5.703534e+002,1.110425e-001
5.708356e+002,1.112597e-001
5.713177e+002,1.114844e-001
5.717998e+002,1.116735e-001
5.722819e+002,1.118063e-001
5.727640e+002,1.118953e-001
5.732462e+002,1.119757e-001
5.737283e+002,1.120846e-001
5.742104e+002,1.122376e-001
5.746925e+002,1.124191e-001
5.751747e+002,1.125900e-001
5.756568e+002,1.127098e-001
5.761389e+002,1.127626e-001
5.766210e+002,1.127679e-001
5.771031e+002,1.127701e-001
5.775853e+002,1.128116e-001
5.780674e+002,1.129083e-001
5.785496e+002,1.130422e-001
5.790317e+002,1.131705e-001
5.795138e+002,1.132503e-001
5.799959e+002,1.132623e-001
5.804780e+002,1.132221e-001
5.809601e+002,1.131726e-001
5.814423e+002,1.131583e-001
5.819244e+002,1.132005e-001
5.824066e+002,1.132869e-001
5.828887e+002,1.133791e-001
5.833708e+002,1.134375e-001
5.838529e+002,1.134423e-001
5.843350e+002,1.134057e-001
5.848171e+002,1.133628e-001
5.852993e+002,1.133507e-001
5.857814e+002,1.133850e-001
5.862635e+002,1.134519e-001
5.867457e+002,1.135145e-001
5.872278e+002,1.135377e-001
5.877099e+002,1.135073e-001
5.881920e+002,1.134404e-001
5.886741e+002,1.133757e-001
5.891563e+002,1.133530e-001
5.896384e+002,1.133915e-001
5.901205e+002,1.134802e-001
5.906027e+002,1.135840e-001
5.910848e+002,1.136647e-001
5.915669e+002,1.137025e-001
5.920490e+002,1.137087e-001
5.925311e+002,1.137175e-001
5.930133e+002,1.137634e-001
5.934954e+002,1.138602e-001
5.939775e+002,1.139923e-001
5.944597e+002,1.141246e-001
5.949418e+002,1.142236e-001
5.954239e+002,1.142759e-001
5.959060e+002,1.142966e-001
5.963882e+002,1.143189e-001
5.968702e+002,1.143750e-001
5.973524e+002,1.144758e-001
5.978345e+002,1.146046e-001
5.983167e+002,1.147259e-001
5.987988e+002,1.148060e-001
5.992809e+002,1.148328e-001
5.997630e+002,1.148250e-001
6.002451e+002,1.148217e-001
6.007273e+002,1.148603e-001
6.012094e+002,1.149549e-001
6.016915e+002,1.150890e-001
6.021736e+002,1.152239e-001
6.026558e+002,1.153228e-001
6.031379e+002,1.153693e-001
6.036200e+002,1.153773e-001
6.041022e+002,1.153805e-001
6.045842e+002,1.154143e-001
6.050664e+002,1.154932e-001
6.055485e+002,1.156037e-001
6.060306e+002,1.157116e-001
6.065128e+002,1.157822e-001
6.069949e+002,1.158001e-001
6.074770e+002,1.157781e-001
6.079591e+002,1.157494e-001
6.084413e+002,1.157478e-001
6.089234e+002,1.157884e-001
6.094055e+002,1.158596e-001
6.098876e+002,1.159293e-001
6.103698e+002,1.159642e-001
6.108519e+002,1.159485e-001
6.113340e+002,1.158925e-001
6.118162e+002,1.158248e-001
6.122983e+002,1.157756e-001
6.127804e+002,1.157583e-001
6.132625e+002,1.157629e-001
6.137446e+002,1.157628e-001
6.142267e+002,1.157333e-001
6.147089e+002,1.156674e-001
6.151910e+002,1.155826e-001
6.156731e+002,1.155129e-001
6.161553e+002,1.154898e-001
6.166374e+002,1.155231e-001
6.171195e+002,1.155955e-001
6.176016e+002,1.156689e-001
6.180837e+002,1.157073e-001
6.185659e+002,1.156942e-001
6.190480e+002,1.156413e-001
6.195302e+002,1.155802e-001
6.200123e+002,1.155432e-001
6.204944e+002,1.155448e-001
6.209765e+002,1.155746e-001
6.214586e+002,1.156034e-001
6.219407e+002,1.156011e-001
6.224229e+002,1.155528e-001
6.229050e+002,1.154676e-001
6.233871e+002,1.153717e-001
6.238693e+002,1.152929e-001
6.243514e+002,1.152437e-001
6.248335e+002,1.152145e-001
6.253156e+002,1.151789e-001
6.257977e+002,1.151107e-001
6.262798e+002,1.149990e-001
6.267620e+002,1.148553e-001
6.272441e+002,1.147052e-001
6.277263e+002,1.145714e-001
6.282084e+002,1.144602e-001
6.286905e+002,1.143562e-001
6.291726e+002,1.142312e-001
6.296547e+002,1.140610e-001
6.301368e+002,1.138403e-001
6.306190e+002,1.135888e-001
6.311011e+002,1.133408e-001
6.315833e+002,1.131291e-001
6.320654e+002,1.129673e-001
6.325475e+002,1.128443e-001
6.330296e+002,1.127309e-001
6.335117e+002,1.125974e-001
6.339939e+002,1.124298e-001
6.344760e+002,1.122382e-001
6.349581e+002,1.120491e-001
6.354402e+002,1.118897e-001
6.359224e+002,1.117704e-001
6.364045e+002,1.116793e-001
6.368866e+002,1.115887e-001
6.373687e+002,1.114716e-001
6.378508e+002,1.113179e-001
6.383330e+002,1.111401e-001
6.388151e+002,1.109666e-001
6.392972e+002,1.108260e-001
6.397794e+002,1.107308e-001
6.402615e+002,1.106718e-001
6.407436e+002,1.106237e-001
6.412257e+002,1.105607e-001
6.417079e+002,1.104712e-001
6.421899e+002,1.103649e-001
6.426721e+002,1.102655e-001
6.431542e+002,1.101960e-001
6.436364e+002,1.101639e-001
6.441185e+002,1.101565e-001
6.446006e+002,1.101466e-001
6.450827e+002,1.101100e-001
6.455648e+002,1.100389e-001
6.460470e+002,1.099489e-001
6.465291e+002,1.098705e-001
6.470112e+002,1.098328e-001
6.474933e+002,1.098474e-001
6.479755e+002,1.099024e-001
6.484576e+002,1.099684e-001
6.489397e+002,1.100161e-001
6.494219e+002,1.100327e-001
6.499040e+002,1.100297e-001
6.503861e+002,1.100349e-001
6.508682e+002,1.100761e-001
6.513503e+002,1.101637e-001
6.518325e+002,1.102843e-001
6.523146e+002,1.104062e-001
6.527968e+002,1.104978e-001
6.532788e+002,1.105428e-001
6.537610e+002,1.105502e-001
6.542431e+002,1.105472e-001
6.547252e+002,1.105638e-001
6.552073e+002,1.106163e-001
6.556895e+002,1.106993e-001
6.561716e+002,1.107903e-001
6.566537e+002,1.108643e-001
6.571359e+002,1.109083e-001
6.576179e+002,1.109291e-001
6.581001e+002,1.109469e-001
6.585822e+002,1.109813e-001
6.590643e+002,1.110376e-001
6.595464e+002,1.111016e-001
6.600286e+002,1.111461e-001
6.605107e+002,1.111467e-001
6.609928e+002,1.110965e-001
6.614750e+002,1.110107e-001
6.619571e+002,1.109190e-001
6.624392e+002,1.108501e-001
6.629213e+002,1.108168e-001
6.634034e+002,1.108102e-001
6.638856e+002,1.108065e-001
6.643677e+002,1.107809e-001
6.648499e+002,1.107194e-001
6.653320e+002,1.106238e-001
6.658141e+002,1.105068e-001
6.662962e+002,1.103824e-001
6.667783e+002,1.102540e-001
6.672605e+002,1.101059e-001
6.677426e+002,1.099084e-001
6.682247e+002,1.096461e-001
6.687068e+002,1.093460e-001
6.691890e+002,1.090667e-001
6.696711e+002,1.088558e-001
6.701532e+002,1.087246e-001
6.706353e+002,1.086533e-001
6.711174e+002,1.086074e-001
6.715996e+002,1.085509e-001
6.720817e+002,1.084588e-001
6.725638e+002,1.083250e-001
6.730460e+002,1.081645e-001
6.735281e+002,1.080063e-001
6.740102e+002,1.078779e-001
6.744923e+002,1.077905e-001
6.749745e+002,1.077342e-001
6.754565e+002,1.076833e-001
6.759387e+002,1.076119e-001
6.764208e+002,1.075079e-001
6.769030e+002,1.073788e-001
6.773851e+002,1.072467e-001
6.778672e+002,1.071333e-001
6.783493e+002,1.070479e-001
6.788314e+002,1.069818e-001
6.793136e+002,1.069152e-001
6.797957e+002,1.068301e-001
6.802778e+002,1.067227e-001
6.807599e+002,1.066071e-001
6.812421e+002,1.065075e-001
6.817242e+002,1.064438e-001
6.822063e+002,1.064197e-001
6.826885e+002,1.064199e-001
6.831705e+002,1.064169e-001
6.836527e+002,1.063876e-001
6.841348e+002,1.063247e-001
6.846169e+002,1.062426e-001
6.850991e+002,1.061685e-001
6.855812e+002,1.061276e-001
6.860634e+002,1.061299e-001
6.865454e+002,1.061657e-001
6.870276e+002,1.062118e-001
6.875096e+002,1.062458e-001
6.879918e+002,1.062594e-001
6.884739e+002,1.062637e-001
6.889561e+002,1.062840e-001
6.894382e+002,1.063449e-001
6.899203e+002,1.064581e-001
6.904025e+002,1.066174e-001
6.908845e+002,1.068042e-001
6.913667e+002,1.070006e-001
6.918488e+002,1.071997e-001
6.923309e+002,1.074102e-001
6.928130e+002,1.076496e-001
6.932952e+002,1.079320e-001
6.937773e+002,1.082566e-001
6.942594e+002,1.086048e-001
6.947416e+002,1.089471e-001
6.952236e+002,1.092560e-001
6.957058e+002,1.095194e-001
6.961879e+002,1.097448e-001
6.966700e+002,1.099526e-001
6.971522e+002,1.101625e-001
6.976343e+002,1.103799e-001
6.981165e+002,1.105918e-001
6.985985e+002,1.107721e-001
6.990807e+002,1.108963e-001
6.995628e+002,1.109546e-001
7.000449e+002,1.109565e-001
7.005270e+002,1.109249e-001
7.010092e+002,1.108820e-001
7.014913e+002,1.108361e-001
7.019734e+002,1.107772e-001
7.024556e+002,1.106837e-001
7.029377e+002,1.105358e-001
7.034198e+002,1.103293e-001
7.039019e+002,1.100807e-001
7.043840e+002,1.098207e-001
7.048662e+002,1.095794e-001
7.053483e+002,1.093729e-001
7.058304e+002,1.091978e-001
7.063125e+002,1.090369e-001
7.067947e+002,1.088734e-001
7.072768e+002,1.087029e-001
7.077589e+002,1.085394e-001
7.082410e+002,1.084092e-001
7.087231e+002,1.083380e-001
7.092053e+002,1.083395e-001
7.096874e+002,1.084104e-001
7.101696e+002,1.085365e-001
7.106517e+002,1.087062e-001
7.111338e+002,1.089201e-001
7.116159e+002,1.091980e-001
7.120980e+002,1.095710e-001
7.125802e+002,1.100701e-001
7.130623e+002,1.107136e-001
7.135444e+002,1.115020e-001
7.140265e+002,1.124219e-001
7.145087e+002,1.134569e-001
7.149908e+002,1.145946e-001
7.154729e+002,1.158288e-001
7.159550e+002,1.171472e-001
7.164371e+002,1.185144e-001
7.169193e+002,1.198558e-001
7.174014e+002,1.210549e-001
7.178835e+002,1.219667e-001
7.183657e+002,1.224497e-001
7.188478e+002,1.224040e-001
7.193299e+002,1.218038e-001
7.198120e+002,1.207067e-001
7.202942e+002,1.192362e-001
7.207762e+002,1.175458e-001
7.212584e+002,1.157826e-001
7.217405e+002,1.140614e-001
7.222227e+002,1.124579e-001
7.227048e+002,1.110133e-001
7.231869e+002,1.097448e-001
7.236691e+002,1.086542e-001
7.241511e+002,1.077334e-001
7.246333e+002,1.069680e-001
7.251154e+002,1.063425e-001
7.255975e+002,1.058448e-001
7.260797e+002,1.054704e-001
7.265618e+002,1.052220e-001
7.270439e+002,1.051010e-001
7.275260e+002,1.050932e-001
7.280082e+002,1.051548e-001
7.284902e+002,1.052061e-001
7.289724e+002,1.051397e-001
7.294545e+002,1.048422e-001
7.299366e+002,1.042260e-001
7.304188e+002,1.032570e-001
7.309009e+002,1.019676e-001
7.313831e+002,1.004474e-001
7.318651e+002,9.881677e-002
7.323473e+002,9.719478e-002
7.328293e+002,9.567562e-002
7.333115e+002,9.431631e-002
7.337936e+002,9.314004e-002
7.342758e+002,9.214443e-002
7.347579e+002,9.131404e-002
7.352400e+002,9.062710e-002
7.357222e+002,9.005941e-002
7.362042e+002,8.958427e-002
7.366864e+002,8.917421e-002
7.371685e+002,8.880259e-002
7.376506e+002,8.844865e-002
7.381328e+002,8.810174e-002
7.386149e+002,8.776180e-002
7.390970e+002,8.743607e-002
7.395791e+002,8.713200e-002
7.400613e+002,8.685185e-002
7.405434e+002,8.659039e-002
7.410255e+002,8.633707e-002
7.415076e+002,8.608317e-002
7.419897e+002,8.582570e-002
7.424719e+002,8.556992e-002
7.429540e+002,8.532564e-002
7.434362e+002,8.510096e-002
7.439182e+002,8.489639e-002
7.444004e+002,8.470352e-002
7.448825e+002,8.450779e-002
7.453646e+002,8.429559e-002
7.458467e+002,8.406001e-002
7.463289e+002,8.380356e-002
7.468110e+002,8.353483e-002
7.472931e+002,8.326283e-002
7.477753e+002,8.299128e-002
7.482574e+002,8.271679e-002
7.487395e+002,8.243118e-002
7.492216e+002,8.212745e-002
7.497037e+002,8.180386e-002
7.501859e+002,8.146597e-002
7.506680e+002,8.112336e-002
7.511501e+002,8.078429e-002
7.516322e+002,8.045099e-002
7.521144e+002,8.011997e-002
7.525965e+002,7.978450e-002
7.530786e+002,7.944105e-002
7.535608e+002,7.909240e-002
7.540428e+002,7.874866e-002
7.545250e+002,7.842249e-002
7.550071e+002,7.812317e-002
7.554893e+002,7.785196e-002
7.559714e+002,7.760228e-002
7.564535e+002,7.736278e-002
7.569356e+002,7.712435e-002
7.574177e+002,7.688389e-002
7.578999e+002,7.664601e-002
7.583820e+002,7.641906e-002
7.588641e+002,7.620990e-002
7.593463e+002,7.601886e-002
7.598284e+002,7.584020e-002
7.603105e+002,7.566432e-002
7.607926e+002,7.548356e-002
7.612748e+002,7.529593e-002
7.617568e+002,7.510598e-002
7.622390e+002,7.492110e-002
7.627211e+002,7.474720e-002
7.632032e+002,7.458418e-002
7.636854e+002,7.442633e-002
7.641675e+002,7.426490e-002
7.646496e+002,7.409316e-002
7.651317e+002,7.390975e-002
7.656139e+002,7.371855e-002
7.660959e+002,7.352524e-002
7.665781e+002,7.333266e-002
7.670602e+002,7.313778e-002
7.675424e+002,7.293280e-002
7.680245e+002,7.270858e-002
7.685066e+002,7.246090e-002
7.689888e+002,7.219315e-002
7.694708e+002,7.191565e-002
7.699530e+002,7.164128e-002
7.704351e+002,7.137958e-002
7.709172e+002,7.113270e-002
7.713994e+002,7.089576e-002
7.718815e+002,7.065988e-002
7.723636e+002,7.041886e-002
7.728457e+002,7.017125e-002
7.733279e+002,6.992107e-002
7.738099e+002,6.967460e-002
7.742921e+002,6.943556e-002
7.747742e+002,6.920255e-002
7.752563e+002,6.897033e-002
7.757385e+002,6.873272e-002
7.762206e+002,6.848799e-002
7.767028e+002,6.824010e-002
7.771848e+002,6.799835e-002
7.776670e+002,6.777176e-002
7.781491e+002,6.756458e-002
7.786312e+002,6.737372e-002
7.791133e+002,6.718998e-002
7.795955e+002,6.700300e-002
7.800776e+002,6.680645e-002
7.805597e+002,6.660179e-002
7.810419e+002,6.639701e-002
7.815239e+002,6.620202e-002
7.820061e+002,6.602366e-002
7.824882e+002,6.586150e-002
7.829703e+002,6.570908e-002
7.834525e+002,6.555702e-002
7.839346e+002,6.539843e-002
7.844167e+002,6.523202e-002
7.848988e+002,6.506226e-002
7.853810e+002,6.489553e-002
7.858631e+002,6.473628e-002
7.863452e+002,6.458368e-002
7.868273e+002,6.443255e-002
7.873094e+002,6.427640e-002
7.877916e+002,6.411197e-002
7.882737e+002,6.394097e-002
7.887559e+002,6.377003e-002
7.892380e+002,6.360631e-002
7.897201e+002,6.345379e-002
7.902022e+002,6.331088e-002
7.906843e+002,6.317169e-002
7.911665e+002,6.302909e-002
7.916486e+002,6.287938e-002
7.921307e+002,6.272390e-002
7.926128e+002,6.256805e-002
7.930950e+002,6.241820e-002
7.935771e+002,6.227664e-002
7.940592e+002,6.214126e-002
7.945413e+002,6.200637e-002
7.950234e+002,6.186636e-002
7.955056e+002,6.171963e-002
7.959877e+002,6.157057e-002
7.964698e+002,6.142688e-002
7.969520e+002,6.129586e-002
7.974341e+002,6.117974e-002
7.979162e+002,6.107432e-002
7.983983e+002,6.097125e-002
7.988805e+002,6.086178e-002
7.993625e+002,6.074271e-002
7.998447e+002,6.061731e-002
8.003268e+002,6.049433e-002
8.008090e+002,6.038294e-002
8.012911e+002,6.028801e-002
8.017732e+002,6.020789e-002
8.022553e+002,6.013608e-002
8.027374e+002,6.006411e-002
8.032196e+002,5.998827e-002
8.037017e+002,5.990963e-002
8.041838e+002,5.983401e-002
8.046660e+002,5.976830e-002
8.051481e+002,5.971535e-002
8.056302e+002,5.967254e-002
8.061123e+002,5.963360e-002
8.065945e+002,5.959110e-002
8.070765e+002,5.954203e-002
8.075587e+002,5.948846e-002
8.080408e+002,5.943665e-002
8.085229e+002,5.939288e-002
8.090051e+002,5.935930e-002
8.094872e+002,5.933195e-002
8.099694e+002,5.930285e-002
8.104514e+002,5.926391e-002
8.109336e+002,5.921151e-002
8.114156e+002,5.914875e-002
8.118978e+002,5.908417e-002
8.123799e+002,5.902744e-002
8.128621e+002,5.898469e-002
8.133442e+002,5.895578e-002
8.138263e+002,5.893506e-002
8.143085e+002,5.891440e-002
8.147905e+002,5.888734e-002
8.152727e+002,5.885160e-002
8.157548e+002,5.880866e-002
8.162369e+002,5.876123e-002
8.167191e+002,5.871041e-002
8.172012e+002,5.865418e-002
8.176833e+002,5.858860e-002
8.181654e+002,5.851049e-002
8.186476e+002,5.842036e-002
8.191296e+002,5.832265e-002
8.196118e+002,5.822409e-002
8.200939e+002,5.813012e-002
8.205760e+002,5.804192e-002
8.210582e+002,5.795577e-002
8.215403e+002,5.786634e-002
8.220225e+002,5.776979e-002
8.225045e+002,5.766738e-002
8.229867e+002,5.756610e-002
8.234688e+002,5.747556e-002
8.239509e+002,5.740342e-002
8.244330e+002,5.735156e-002
8.249152e+002,5.731532e-002
8.253973e+002,5.728616e-002
8.258794e+002,5.725582e-002
8.263616e+002,5.722118e-002
8.268437e+002,5.718461e-002
8.273258e+002,5.715223e-002
8.278079e+002,5.712976e-002
8.282900e+002,5.711791e-002
8.287722e+002,5.711144e-002
8.292543e+002,5.710135e-002
8.297365e+002,5.707845e-002
8.302185e+002,5.703831e-002
8.307007e+002,5.698223e-002
8.311828e+002,5.691646e-002
8.316649e+002,5.684793e-002
8.321470e+002,5.678104e-002
8.326292e+002,5.671598e-002
8.331113e+002,5.664989e-002
8.335934e+002,5.657967e-002
8.340756e+002,5.650539e-002
8.345577e+002,5.642978e-002
8.350398e+002,5.635759e-002
8.355219e+002,5.629161e-002
8.360040e+002,5.623047e-002
8.364862e+002,5.616946e-002
8.369683e+002,5.610290e-002
8.374504e+002,5.602689e-002
8.379325e+002,5.594370e-002
8.384147e+002,5.585950e-002
8.388968e+002,5.578253e-002
8.393789e+002,5.571792e-002
8.398610e+002,5.566521e-002
8.403431e+002,5.561836e-002
8.408253e+002,5.556934e-002
8.413074e+002,5.551196e-002
8.417896e+002,5.544539e-002
8.422717e+002,5.537375e-002
8.427538e+002,5.530378e-002
8.432359e+002,5.523932e-002
8.437180e+002,5.517964e-002
8.442002e+002,5.511884e-002
8.446823e+002,5.505003e-002
8.451644e+002,5.496946e-002
8.456465e+002,5.487988e-002
8.461287e+002,5.478946e-002
8.466108e+002,5.470802e-002
8.470929e+002,5.464166e-002
8.475751e+002,5.458835e-002
8.480571e+002,5.453907e-002
8.485393e+002,5.448115e-002
8.490214e+002,5.440396e-002
8.495035e+002,5.430349e-002
8.499857e+002,5.418220e-002
8.504678e+002,5.404698e-002
8.509499e+002,5.390309e-002
8.514320e+002,5.375095e-002
8.519142e+002,5.358504e-002
8.523962e+002,5.339834e-002
8.528784e+002,5.318670e-002
8.533605e+002,5.295301e-002
8.538427e+002,5.270723e-002
8.543248e+002,5.246328e-002
8.548069e+002,5.223269e-002
8.552891e+002,5.202048e-002
8.557711e+002,5.182419e-002
8.562533e+002,5.163703e-002
8.567354e+002,5.145246e-002
8.572175e+002,5.126849e-002
8.576996e+002,5.108810e-002
8.581818e+002,5.091687e-002
8.586639e+002,5.075938e-002
8.591460e+002,5.061570e-002
8.596282e+002,5.048162e-002
8.601102e+002,5.035187e-002
8.605924e+002,5.022417e-002
8.610745e+002,5.010145e-002
8.615566e+002,4.999097e-002
8.620388e+002,4.990076e-002
8.625209e+002,4.983451e-002
8.630031e+002,4.978857e-002
8.634851e+002,4.975330e-002
8.639673e+002,4.971657e-002
8.644494e+002,4.966965e-002
8.649315e+002,4.961043e-002
8.654136e+002,4.954362e-002
8.658958e+002,4.947778e-002
8.663779e+002,4.941991e-002
8.668600e+002,4.937217e-002
8.673422e+002,4.933101e-002
8.678242e+002,4.929008e-002
8.683064e+002,4.924446e-002
8.687885e+002,4.919308e-002
8.692706e+002,4.913926e-002
8.697527e+002,4.908765e-002
8.702349e+002,4.904105e-002
8.707170e+002,4.899736e-002
8.711991e+002,4.895082e-002
8.716813e+002,4.889521e-002
8.721634e+002,4.882730e-002
8.726455e+002,4.874945e-002
8.731276e+002,4.866835e-002
8.736097e+002,4.859173e-002
8.740919e+002,4.852384e-002
8.745740e+002,4.846319e-002
8.750562e+002,4.840339e-002
8.755382e+002,4.833690e-002
8.760204e+002,4.825949e-002
8.765025e+002,4.817275e-002
8.769846e+002,4.808320e-002
8.774668e+002,4.799923e-002
8.779489e+002,4.792619e-002
8.784310e+002,4.786435e-002
8.789131e+002,4.780947e-002
8.793953e+002,4.775622e-002
8.798774e+002,4.770193e-002
8.803595e+002,4.764878e-002
8.808416e+002,4.760239e-002
8.813237e+002,4.756835e-002
8.818059e+002,4.754803e-002
8.822880e+002,4.753689e-002
8.827701e+002,4.752594e-002
8.832523e+002,4.750646e-002
8.837344e+002,4.747350e-002
8.842165e+002,4.742905e-002
8.846986e+002,4.738013e-002
8.851808e+002,4.733481e-002
8.856628e+002,4.729781e-002
8.861450e+002,4.726765e-002
8.866271e+002,4.723812e-002
8.871093e+002,4.720202e-002
8.875914e+002,4.715573e-002
8.880735e+002,4.710148e-002
8.885556e+002,4.704629e-002
8.890377e+002,4.699831e-002
8.895199e+002,4.696209e-002
8.900020e+002,4.693576e-002
8.904841e+002,4.691299e-002
8.909662e+002,4.688620e-002
8.914484e+002,4.685084e-002
8.919305e+002,4.680885e-002
8.924126e+002,4.676599e-002
8.928948e+002,4.672972e-002
8.933768e+002,4.670357e-002
8.938590e+002,4.668500e-002
8.943411e+002,4.666634e-002
8.948232e+002,4.663878e-002
8.953054e+002,4.659628e-002
8.957875e+002,4.653890e-002
8.962697e+002,4.647157e-002
8.967517e+002,4.640130e-002
8.972339e+002,4.633188e-002
8.977159e+002,4.626272e-002
8.981981e+002,4.618866e-002
8.986802e+002,4.610395e-002
8.991624e+002,4.600602e-002
8.996445e+002,4.589796e-002
9.001266e+002,4.578708e-002
9.006088e+002,4.568228e-002
9.010908e+002,4.558923e-002
9.015730e+002,4.550896e-002
9.020551e+002,4.543800e-002
9.025372e+002,4.537208e-002
9.030193e+002,4.530922e-002
9.035015e+002,4.525197e-002
9.039836e+002,4.520530e-002
9.044657e+002,4.517373e-002
9.049479e+002,4.515781e-002
9.054299e+002,4.515262e-002
9.059121e+002,4.514994e-002
9.063942e+002,4.514190e-002
9.068763e+002,4.512451e-002
9.073585e+002,4.510000e-002
9.078406e+002,4.507460e-002
9.083228e+002,4.505542e-002
9.088048e+002,4.504605e-002
9.092870e+002,4.504548e-002
9.097691e+002,4.504958e-002
9.102512e+002,4.505490e-002
9.107333e+002,4.506176e-002
9.112155e+002,4.507522e-002
9.116976e+002,4.510314e-002
9.121797e+002,4.515187e-002
9.126619e+002,4.522177e-002
9.131440e+002,4.530735e-002
9.136261e+002,4.539809e-002
9.141082e+002,4.548467e-002
9.145903e+002,4.556237e-002
9.150724e+002,4.563401e-002
9.155546e+002,4.570719e-002
9.160367e+002,4.579104e-002
9.165189e+002,4.589079e-002
9.170010e+002,4.600534e-002
9.174831e+002,4.612836e-002
9.179652e+002,4.625185e-002
9.184473e+002,4.637012e-002
9.189294e+002,4.648203e-002
9.194116e+002,4.659005e-002
9.198937e+002,4.669781e-002
9.203759e+002,4.680577e-002
9.208580e+002,4.691025e-002
9.213401e+002,4.700461e-002
9.218222e+002,4.708273e-002
9.223043e+002,4.714262e-002
9.227864e+002,4.718838e-002
9.232686e+002,4.722832e-002
9.237507e+002,4.727106e-002
9.242328e+002,4.732179e-002
9.247150e+002,4.737983e-002
9.251971e+002,4.744055e-002
9.256792e+002,4.749858e-002
9.261613e+002,4.755181e-002
9.266434e+002,4.760349e-002
9.271255e+002,4.766134e-002
9.276077e+002,4.773336e-002
9.280898e+002,4.782408e-002
9.285720e+002,4.793219e-002
9.290541e+002,4.805139e-002
9.295362e+002,4.817400e-002
9.300183e+002,4.829403e-002
9.305004e+002,4.841039e-002
9.309826e+002,4.852554e-002
9.314647e+002,4.864263e-002
9.319468e+002,4.876256e-002
9.324290e+002,4.888155e-002
9.329111e+002,4.899225e-002
9.333932e+002,4.908692e-002
9.338753e+002,4.916090e-002
9.343574e+002,4.921410e-002
9.348396e+002,4.925072e-002
9.353217e+002,4.927616e-002
9.358038e+002,4.929350e-002
9.362859e+002,4.930184e-002
9.367681e+002,4.929703e-002
9.372502e+002,4.927459e-002
9.377323e+002,4.923328e-002
9.382144e+002,4.917594e-002
9.386966e+002,4.910977e-002
9.391787e+002,4.904206e-002
9.396608e+002,4.897704e-002
9.401429e+002,4.891490e-002
9.406251e+002,4.885254e-002
9.411072e+002,4.878636e-002
9.415893e+002,4.871638e-002
9.420714e+002,4.864687e-002
9.425536e+002,4.858518e-002
9.430357e+002,4.853826e-002
9.435178e+002,4.850885e-002
9.439999e+002,4.849401e-002
9.444821e+002,4.848639e-002
9.449642e+002,4.847792e-002
9.454463e+002,4.846369e-002
9.459284e+002,4.844355e-002
9.464106e+002,4.842139e-002
9.468927e+002,4.840232e-002
9.473748e+002,4.838872e-002
9.478569e+002,4.837912e-002
9.483391e+002,4.836899e-002
9.488212e+002,4.835413e-002
9.493033e+002,4.833306e-002
9.497855e+002,4.830907e-002
9.502676e+002,4.828821e-002
9.507497e+002,4.827629e-002
9.512318e+002,4.827572e-002
9.517139e+002,4.828363e-002
9.521960e+002,4.829430e-002
9.526782e+002,4.830159e-002
9.531603e+002,4.830249e-002
9.536425e+002,4.829905e-002
9.541246e+002,4.829637e-002
9.546067e+002,4.829987e-002
9.550888e+002,4.831161e-002
9.555709e+002,4.832952e-002
9.560530e+002,4.834853e-002
9.565352e+002,4.836433e-002
9.570173e+002,4.837631e-002
9.574995e+002,4.838885e-002
9.579816e+002,4.840864e-002
9.584637e+002,4.844243e-002
9.589458e+002,4.849243e-002
9.594279e+002,4.855518e-002
9.599100e+002,4.862321e-002
9.603922e+002,4.868911e-002
9.608743e+002,4.874898e-002
9.613564e+002,4.880412e-002
9.618386e+002,4.885962e-002
9.623207e+002,4.892135e-002
9.628028e+002,4.899151e-002
9.632849e+002,4.906729e-002
9.637670e+002,4.914216e-002
9.642491e+002,4.920874e-002
9.647313e+002,4.926329e-002
9.652134e+002,4.930687e-002
9.656956e+002,4.934465e-002
9.661777e+002,4.938351e-002
9.666598e+002,4.942746e-002
9.671419e+002,4.947652e-002
9.676240e+002,4.952712e-002
9.681061e+002,4.957496e-002
9.685883e+002,4.961832e-002
9.690704e+002,4.965989e-002
9.695526e+002,4.970549e-002
9.700347e+002,4.976190e-002
9.705168e+002,4.983274e-002
9.709989e+002,4.991706e-002
9.714810e+002,5.001032e-002
9.719631e+002,5.010701e-002
9.724453e+002,5.020325e-002
9.729274e+002,5.029931e-002
9.734095e+002,5.039822e-002
9.738917e+002,5.050446e-002
9.743738e+002,5.062017e-002
9.748559e+002,5.074502e-002
9.753380e+002,5.087610e-002
9.758201e+002,5.101126e-002
9.763023e+002,5.115116e-002
9.767844e+002,5.130005e-002
9.772665e+002,5.146432e-002
9.777487e+002,5.164945e-002
9.782308e+002,5.185747e-002
9.787129e+002,5.208511e-002
9.791950e+002,5.232614e-002
9.796771e+002,5.257370e-002
9.801593e+002,5.282440e-002
9.806414e+002,5.307938e-002
9.811235e+002,5.334276e-002
9.816057e+002,5.361956e-002
9.820878e+002,5.391182e-002
9.825699e+002,5.421700e-002
9.830520e+002,5.452915e-002
9.835342e+002,5.484185e-002
9.840163e+002,5.515149e-002
9.844984e+002,5.545916e-002
9.849805e+002,5.576987e-002
9.854626e+002,5.608972e-002
9.859448e+002,5.642252e-002
9.864269e+002,5.676735e-002
9.869090e+002,5.711924e-002
9.873912e+002,5.747199e-002
9.878733e+002,5.782082e-002
9.883554e+002,5.816509e-002
9.888375e+002,5.850809e-002
9.893196e+002,5.885476e-002
9.898018e+002,5.920818e-002
9.902839e+002,5.956797e-002
9.907660e+002,5.993000e-002
9.912482e+002,6.028871e-002
9.917303e+002,6.063994e-002
9.922124e+002,6.098313e-002
9.926945e+002,6.132125e-002
9.931766e+002,6.165851e-002
9.936588e+002,6.199727e-002
9.941409e+002,6.233618e-002
9.946230e+002,6.266992e-002
9.951052e+002,6.299214e-002
9.955873e+002,6.329852e-002
9.960694e+002,6.358934e-002
9.965515e+002,6.386939e-002
9.970336e+002,6.414606e-002
9.975157e+002,6.442624e-002
9.979979e+002,6.471315e-002
9.984800e+002,6.500619e-002
9.989622e+002,6.530249e-002
9.994443e+002,6.559962e-002
9.999264e+002,6.589802e-002
1.000409e+003,6.620047e-002
1.000891e+003,6.651039e-002
1.001373e+003,6.682892e-002
1.001855e+003,6.715347e-002
1.002337e+003,6.747780e-002
1.002819e+003,6.779521e-002
1.003301e+003,6.810244e-002
1.003783e+003,6.840193e-002
1.004266e+003,6.870164e-002
1.004748e+003,6.901287e-002
1.005230e+003,6.934483e-002
1.005712e+003,6.970154e-002
1.006194e+003,7.008083e-002
1.006676e+003,7.047632e-002
1.007158e+003,7.088132e-002
1.007640e+003,7.129233e-002
1.008122e+003,7.171023e-002
1.008605e+003,7.213891e-002
1.009087e+003,7.258182e-002
1.009569e+003,7.303849e-002
1.010051e+003,7.350410e-002
1.010533e+003,7.397042e-002
1.011015e+003,7.443055e-002
1.011497e+003,7.488137e-002
1.011979e+003,7.532569e-002
1.012462e+003,7.576976e-002
1.012944e+003,7.622022e-002
1.013426e+003,7.667916e-002
1.013908e+003,7.714280e-002
1.014390e+003,7.760286e-002
1.014872e+003,7.804959e-002
1.015354e+003,7.847665e-002
1.015836e+003,7.888335e-002
1.016319e+003,7.927359e-002
1.016801e+003,7.965330e-002
1.017283e+003,8.002569e-002
1.017765e+003,8.038965e-002
1.018247e+003,8.074012e-002
1.018729e+003,8.107127e-002
1.019211e+003,8.138021e-002
1.019693e+003,8.166898e-002
1.020176e+003,8.194374e-002
1.020658e+003,8.221129e-002
1.021140e+003,8.247492e-002
1.021622e+003,8.273229e-002
1.022104e+003,8.297630e-002
1.022586e+003,8.319855e-002
1.023068e+003,8.339366e-002
1.023550e+003,8.356205e-002
1.024033e+003,8.370940e-002
1.024515e+003,8.384407e-002
1.024997e+003,8.397195e-002
1.025479e+003,8.409451e-002
1.025961e+003,8.420829e-002
1.026443e+003,8.430801e-002
1.026925e+003,8.438957e-002
1.027407e+003,8.445223e-002
1.027890e+003,8.449816e-002
1.028372e+003,8.452914e-002
1.028854e+003,8.454406e-002
1.029336e+003,8.453706e-002
1.029818e+003,8.449995e-002
1.030300e+003,8.442567e-002
1.030782e+003,8.431228e-002
1.031264e+003,8.416519e-002
1.031747e+003,8.399545e-002
1.032229e+003,8.381532e-002
1.032711e+003,8.363358e-002
1.033193e+003,8.345297e-002
1.033675e+003,8.327143e-002
1.034157e+003,8.308569e-002
1.034639e+003,8.289579e-002
1.035121e+003,8.270673e-002
1.035604e+003,8.252809e-002
1.036086e+003,8.236957e-002
1.036568e+003,8.223751e-002
1.037050e+003,8.213199e-002
1.037532e+003,8.204846e-002
1.038014e+003,8.198099e-002
1.038496e+003,8.192619e-002
1.038979e+003,8.188522e-002
1.039461e+003,8.186305e-002
1.039943e+003,8.186471e-002
1.040425e+003,8.189237e-002
1.040907e+003,8.194330e-002
1.041389e+003,8.201154e-002
1.041871e+003,8.209112e-002
1.042353e+003,8.217943e-002
1.042835e+003,8.227935e-002
1.043318e+003,8.239711e-002
1.043800e+003,8.253879e-002
1.044282e+003,8.270652e-002
1.044764e+003,8.289607e-002
1.045246e+003,8.309933e-002
1.045728e+003,8.330714e-002
1.046210e+003,8.351392e-002
1.046692e+003,8.371951e-002
1.047175e+003,8.392875e-002
1.047657e+003,8.414712e-002
1.048139e+003,8.437760e-002
1.048621e+003,8.461756e-002
1.049103e+003,8.486053e-002
1.049585e+003,8.509887e-002
1.050067e+003,8.532729e-002
1.050549e+003,8.554554e-002
1.051031e+003,8.575668e-002
1.051514e+003,8.596439e-002
1.051996e+003,8.616874e-002
1.052478e+003,8.636445e-002
1.052960e+003,8.654284e-002
1.053442e+003,8.669490e-002
1.053924e+003,8.681643e-002
1.054406e+003,8.690932e-002
1.054889e+003,8.698076e-002
1.055371e+003,8.703927e-002
1.055853e+003,8.708957e-002
1.056335e+003,8.713032e-002
1.056817e+003,8.715484e-002
1.057299e+003,8.715533e-002
1.057781e+003,8.712693e-002
1.058263e+003,8.707108e-002
1.058746e+003,8.699475e-002
1.059228e+003,8.690764e-002
1.059710e+003,8.681685e-002
1.060192e+003,8.672594e-002
1.060674e+003,8.663482e-002
1.061156e+003,8.654284e-002
1.061638e+003,8.645287e-002
1.062120e+003,8.637211e-002
1.062603e+003,8.631151e-002
1.063085e+003,8.628137e-002
1.063567e+003,8.628830e-002
1.064049e+003,8.633353e-002
1.064531e+003,8.641486e-002
1.065013e+003,8.653016e-002
1.065495e+003,8.668125e-002
1.065977e+003,8.687484e-002
1.066460e+003,8.712087e-002
1.066942e+003,8.742829e-002
1.067424e+003,8.780105e-002
1.067906e+003,8.823656e-002
1.068388e+003,8.872793e-002
1.068870e+003,8.926810e-002
1.069352e+003,8.985349e-002
1.069834e+003,9.048622e-002
1.070317e+003,9.117223e-002
1.070799e+003,9.191663e-002
1.071281e+003,9.271909e-002
1.071763e+003,9.357131e-002
1.072245e+003,9.445852e-002
1.072727e+003,9.536350e-002
1.073209e+003,9.627192e-002
1.073691e+003,9.717586e-002
1.074174e+003,9.807383e-002
1.074656e+003,9.896726e-002
1.075138e+003,9.985545e-002
1.075620e+003,1.007325e-001
1.076102e+003,1.015861e-001
1.076584e+003,1.024023e-001
1.077066e+003,1.031701e-001
1.077548e+003,1.038851e-001
1.078031e+003,1.045500e-001
1.078513e+003,1.051708e-001
1.078995e+003,1.057512e-001
1.079477e+003,1.062886e-001
1.079959e+003,1.067746e-001
1.080441e+003,1.071986e-001
1.080923e+003,1.075541e-001
1.081406e+003,1.078434e-001
1.081888e+003,1.080780e-001
1.082370e+003,1.082734e-001
1.082852e+003,1.084434e-001
1.083334e+003,1.085943e-001
1.083816e+003,1.087254e-001
1.084298e+003,1.088323e-001
1.084780e+003,1.089132e-001
1.085262e+003,1.089733e-001
1.085745e+003,1.090260e-001
1.086227e+003,1.090877e-001
1.086709e+003,1.091718e-001
1.087191e+003,1.092840e-001
1.087673e+003,1.094219e-001
1.088155e+003,1.095778e-001
1.088637e+003,1.097451e-001
1.089119e+003,1.099228e-001
1.089602e+003,1.101151e-001
1.090084e+003,1.103285e-001
1.090566e+003,1.105654e-001
1.091048e+003,1.108209e-001
1.091530e+003,1.110828e-001
1.092012e+003,1.113361e-001
1.092494e+003,1.115697e-001
1.092976e+003,1.117801e-001
1.093458e+003,1.119725e-001
1.093941e+003,1.121553e-001
1.094423e+003,1.123337e-001
1.094905e+003,1.125056e-001
1.095387e+003,1.126604e-001
1.095869e+003,1.127844e-001
1.096351e+003,1.128680e-001
1.096833e+003,1.129105e-001
1.097316e+003,1.129218e-001
1.097798e+003,1.129166e-001
1.098280e+003,1.129075e-001
1.098762e+003,1.128988e-001
1.099244e+003,1.128847e-001
1.099726e+003,1.128534e-001
1.100208e+003,1.127934e-001
1.100690e+003,1.126993e-001
1.101173e+003,1.125740e-001
1.101655e+003,1.124258e-001
1.102137e+003,1.122629e-001
1.102619e+003,1.120891e-001
1.103101e+003,1.119024e-001
1.103583e+003,1.116989e-001
1.104065e+003,1.114773e-001
1.104547e+003,1.112436e-001
1.105030e+003,1.110112e-001
1.105512e+003,1.107977e-001
1.105994e+003,1.106187e-001
1.106476e+003,1.104839e-001
1.106958e+003,1.103969e-001
1.107440e+003,1.103576e-001
1.107922e+003,1.103672e-001
1.108404e+003,1.104304e-001
1.108886e+003,1.105558e-001
1.109369e+003,1.107513e-001
1.109851e+003,1.110190e-001
1.110333e+003,1.113528e-001
1.110815e+003,1.117386e-001
1.111297e+003,1.121592e-001
1.111779e+003,1.126001e-001
1.112261e+003,1.130535e-001
1.112744e+003,1.135186e-001
1.113226e+003,1.139982e-001
1.113708e+003,1.144918e-001
1.114190e+003,1.149918e-001
1.114672e+003,1.154824e-001
1.115154e+003,1.159443e-001
1.115636e+003,1.163597e-001
1.116118e+003,1.167183e-001
1.116601e+003,1.170185e-001
1.117083e+003,1.172639e-001
1.117565e+003,1.174575e-001
1.118047e+003,1.175974e-001
1.118529e+003,1.176753e-001
1.119011e+003,1.176803e-001
1.119493e+003,1.176048e-001
1.119975e+003,1.174491e-001
1.120458e+003,1.172218e-001
1.120940e+003,1.169372e-001
1.121422e+003,1.166079e-001
1.121904e+003,1.162420e-001
1.122386e+003,1.158416e-001
1.122868e+003,1.154067e-001
1.123350e+003,1.149411e-001
1.123832e+003,1.144552e-001
1.124314e+003,1.139665e-001
1.124797e+003,1.134943e-001
1.125279e+003,1.130543e-001
1.125761e+003,1.126548e-001
1.126243e+003,1.122965e-001
1.126725e+003,1.119775e-001
1.127207e+003,1.116981e-001
1.127689e+003,1.114653e-001
1.128172e+003,1.112911e-001
1.128654e+003,1.111897e-001
1.129136e+003,1.111716e-001
1.129618e+003,1.112396e-001
1.130100e+003,1.113896e-001
1.130582e+003,1.116148e-001
1.131064e+003,1.119099e-001
1.131546e+003,1.122760e-001
1.132029e+003,1.127201e-001
1.132511e+003,1.132513e-001
1.132993e+003,1.138756e-001
1.133475e+003,1.145924e-001
1.133957e+003,1.153932e-001
1.134439e+003,1.162655e-001
1.134921e+003,1.171966e-001
1.135403e+003,1.181780e-001
1.135885e+003,1.192058e-001
1.136368e+003,1.202785e-001
1.136850e+003,1.213913e-001
1.137332e+003,1.225336e-001
1.137814e+003,1.236883e-001
1.138296e+003,1.248354e-001
1.138778e+003,1.259586e-001
1.139260e+003,1.270494e-001
1.139742e+003,1.281089e-001
1.140225e+003,1.291442e-001
1.140707e+003,1.301616e-001
1.141189e+003,1.311613e-001
1.141671e+003,1.321360e-001
1.142153e+003,1.330741e-001
1.142635e+003,1.339665e-001
1.143117e+003,1.348134e-001
1.143599e+003,1.356262e-001
1.144082e+003,1.364229e-001
1.144564e+003,1.372221e-001
1.145046e+003,1.380342e-001
1.145528e+003,1.388594e-001
1.146010e+003,1.396893e-001
1.146492e+003,1.405139e-001
1.146974e+003,1.413288e-001
1.147457e+003,1.421373e-001
1.147939e+003,1.429494e-001
1.148421e+003,1.437739e-001
1.148903e+003,1.446130e-001
1.149385e+003,1.454586e-001
1.149867e+003,1.462958e-001
1.150349e+003,1.471086e-001
1.150831e+003,1.478889e-001
1.151313e+003,1.486378e-001
1.151796e+003,1.493641e-001
1.152278e+003,1.500771e-001
1.152760e+003,1.507794e-001
1.153242e+003,1.514641e-001
1.153724e+003,1.521169e-001
1.154206e+003,1.527244e-001
1.154688e+003,1.532801e-001
1.155170e+003,1.537894e-001
1.155653e+003,1.542648e-001
1.156135e+003,1.547188e-001
1.156617e+003,1.551561e-001
1.157099e+003,1.555702e-001
1.157581e+003,1.559462e-001
1.158063e+003,1.562689e-001
1.158545e+003,1.565305e-001
1.159027e+003,1.567349e-001
1.159510e+003,1.568941e-001
1.159992e+003,1.570202e-001
1.160474e+003,1.571183e-001
1.160956e+003,1.571828e-001
1.161438e+003,1.572004e-001
1.161920e+003,1.571589e-001
1.162402e+003,1.570540e-001
1.162885e+003,1.568930e-001
1.163367e+003,1.566915e-001
1.163849e+003,1.564647e-001
1.164331e+003,1.562210e-001
1.164813e+003,1.559568e-001
1.165295e+003,1.556622e-001
1.165777e+003,1.553266e-001
1.166259e+003,1.549470e-001
1.166741e+003,1.545306e-001
1.167224e+003,1.540902e-001
1.167706e+003,1.536372e-001
1.168188e+003,1.531729e-001
1.168670e+003,1.526871e-001
1.169152e+003,1.521616e-001
1.169634e+003,1.515784e-001
1.170116e+003,1.509270e-001
1.170598e+003,1.502087e-001
1.171081e+003,1.494310e-001
1.171563e+003,1.486019e-001
1.172045e+003,1.477230e-001
1.172527e+003,1.467872e-001
1.173009e+003,1.457842e-001
1.173491e+003,1.447070e-001
1.173973e+003,1.435588e-001
1.174455e+003,1.423551e-001
1.174938e+003,1.411186e-001
1.175420e+003,1.398707e-001
1.175902e+003,1.386252e-001
1.176384e+003,1.373858e-001
1.176866e+003,1.361506e-001
1.177348e+003,1.349182e-001
1.177830e+003,1.336937e-001
1.178313e+003,1.324893e-001
1.178795e+003,1.313205e-001
1.179277e+003,1.301995e-001
1.179759e+003,1.291310e-001
1.180241e+003,1.281113e-001
1.180723e+003,1.271327e-001
1.181205e+003,1.261887e-001
1.181687e+003,1.252797e-001
1.182169e+003,1.244111e-001
1.182652e+003,1.235915e-001
1.183134e+003,1.228257e-001
1.183616e+003,1.221113e-001
1.184098e+003,1.214393e-001
1.184580e+003,1.207984e-001
1.185062e+003,1.201794e-001
1.185544e+003,1.195800e-001
1.186026e+003,1.190041e-001
1.186509e+003,1.184573e-001
1.186991e+003,1.179432e-001
1.187473e+003,1.174584e-001
1.187955e+003,1.169941e-001
1.188437e+003,1.165392e-001
1.188919e+003,1.160855e-001
1.189401e+003,1.156308e-001
1.189883e+003,1.151789e-001
1.190366e+003,1.147361e-001
1.190848e+003,1.143067e-001
1.191330e+003,1.138899e-001
1.191812e+003,1.134810e-001
1.192294e+003,1.130743e-001
1.192776e+003,1.126679e-001
1.193258e+003,1.122647e-001
1.193740e+003,1.118729e-001
1.194223e+003,1.115011e-001
1.194705e+003,1.111547e-001
1.195187e+003,1.108333e-001
1.195669e+003,1.105322e-001
1.196151e+003,1.102455e-001
1.196633e+003,1.099707e-001
1.197115e+003,1.097113e-001
1.197597e+003,1.094749e-001
1.198080e+003,1.092694e-001
1.198562e+003,1.090992e-001
1.199044e+003,1.089634e-001
1.199526e+003,1.088562e-001
1.200008e+003,1.087713e-001
1.200490e+003,1.087055e-001
1.200972e+003,1.086603e-001
1.201454e+003,1.086409e-001
1.201937e+003,1.086519e-001
1.202419e+003,1.086934e-001
1.202901e+003,1.087598e-001
1.203383e+003,1.088405e-001
1.203865e+003,1.089255e-001
1.204347e+003,1.090082e-001
1.204829e+003,1.090888e-001
1.205312e+003,1.091726e-001
1.205794e+003,1.092663e-001
1.206276e+003,1.093736e-001
1.206758e+003,1.094923e-001
1.207240e+003,1.096164e-001
1.207722e+003,1.097389e-001
1.208204e+003,1.098565e-001
1.208686e+003,1.099717e-001
1.209168e+003,1.100919e-001
1.209651e+003,1.102256e-001
1.210133e+003,1.103790e-001
1.210615e+003,1.105529e-001
1.211097e+003,1.107437e-001
1.211579e+003,1.109473e-001
1.212061e+003,1.111626e-001
1.212543e+003,1.113933e-001
1.213025e+003,1.116475e-001
1.213508e+003,1.119337e-001
1.213990e+003,1.122564e-001
1.214472e+003,1.126147e-001
1.214954e+003,1.130035e-001
1.215436e+003,1.134160e-001
1.215918e+003,1.138491e-001
1.216400e+003,1.143043e-001
1.216882e+003,1.147881e-001
1.217365e+003,1.153070e-001
1.217847e+003,1.158646e-001
1.218329e+003,1.164582e-001
1.218811e+003,1.170802e-001
1.219293e+003,1.177213e-001
1.219775e+003,1.183753e-001
1.220257e+003,1.190404e-001
1.220740e+003,1.197212e-001
1.221222e+003,1.204235e-001
1.221704e+003,1.211518e-001
1.222186e+003,1.219050e-001
1.222668e+003,1.226773e-001
1.223150e+003,1.234612e-001
1.223632e+003,1.242511e-001
1.224114e+003,1.250459e-001
1.224596e+003,1.258499e-001
1.225079e+003,1.266684e-001
1.225561e+003,1.275041e-001
1.226043e+003,1.283540e-001
1.226525e+003,1.292094e-001
1.227007e+003,1.300608e-001
1.227489e+003,1.309005e-001
1.227971e+003,1.317280e-001
1.228453e+003,1.325495e-001
1.228936e+003,1.333734e-001
1.229418e+003,1.342064e-001
1.229900e+003,1.350484e-001
1.230382e+003,1.358927e-001
1.230864e+003,1.367297e-001
1.231346e+003,1.375514e-001
1.231828e+003,1.383562e-001
1.232310e+003,1.391502e-001
1.232792e+003,1.399417e-001
1.233275e+003,1.407372e-001
1.233757e+003,1.415352e-001
1.234239e+003,1.423257e-001
1.234721e+003,1.430936e-001
1.235203e+003,1.438250e-001
1.235685e+003,1.445123e-001
1.236167e+003,1.451566e-001
1.236650e+003,1.457642e-001
1.237132e+003,1.463399e-001
1.237614e+003,1.468824e-001
1.238096e+003,1.473822e-001
1.238578e+003,1.478246e-001
1.239060e+003,1.481965e-001
1.239542e+003,1.484917e-001
1.240024e+003,1.487131e-001
1.240507e+003,1.488700e-001
1.240989e+003,1.489713e-001
1.241471e+003,1.490200e-001
1.241953e+003,1.490120e-001
1.242435e+003,1.489397e-001
1.242917e+003,1.487971e-001
1.243399e+003,1.485867e-001
1.243881e+003,1.483187e-001
1.244364e+003,1.480084e-001
1.244846e+003,1.476687e-001
1.245328e+003,1.473040e-001
1.245810e+003,1.469106e-001
1.246292e+003,1.464808e-001
1.246774e+003,1.460096e-001
1.247256e+003,1.455005e-001
1.247738e+003,1.449664e-001
1.248220e+003,1.444251e-001
1.248703e+003,1.438925e-001
1.249185e+003,1.433766e-001
1.249667e+003,1.428774e-001
1.250149e+003,1.423903e-001
1.250631e+003,1.419135e-001
1.251113e+003,1.414516e-001
1.251595e+003,1.410162e-001
1.252078e+003,1.406213e-001
1.252560e+003,1.402768e-001
1.253042e+003,1.399827e-001
1.253524e+003,1.397304e-001
1.254006e+003,1.395058e-001
1.254488e+003,1.392979e-001
1.254970e+003,1.391018e-001
1.255452e+003,1.389223e-001
1.255935e+003,1.387677e-001
1.256417e+003,1.386440e-001
1.256899e+003,1.385503e-001
1.257381e+003,1.384781e-001
1.257863e+003,1.384145e-001
1.258345e+003,1.383484e-001
1.258827e+003,1.382763e-001
1.259309e+003,1.382019e-001
1.259792e+003,1.381340e-001
1.260274e+003,1.380793e-001
1.260756e+003,1.380385e-001
1.261238e+003,1.380054e-001
1.261720e+003,1.379704e-001
1.262202e+003,1.379268e-001
1.262684e+003,1.378737e-001
1.263166e+003,1.378178e-001
1.263648e+003,1.377674e-001
1.264131e+003,1.377283e-001
1.264613e+003,1.376993e-001
1.265095e+003,1.376716e-001
1.265577e+003,1.376348e-001
1.266059e+003,1.375809e-001
1.266541e+003,1.375103e-001
1.267023e+003,1.374312e-001
1.267505e+003,1.373551e-001
1.267988e+003,1.372915e-001
1.268470e+003,1.372425e-001
1.268952e+003,1.372041e-001
1.269434e+003,1.371694e-001
1.269916e+003,1.371348e-001
1.270398e+003,1.371039e-001
1.270880e+003,1.370877e-001
1.271363e+003,1.370991e-001
1.271845e+003,1.371468e-001
1.272327e+003,1.372315e-001
1.272809e+003,1.373444e-001
1.273291e+003,1.374742e-001
1.273773e+003,1.376114e-001
1.274255e+003,1.377540e-001
1.274737e+003,1.379063e-001
1.275219e+003,1.380751e-001
1.275702e+003,1.382636e-001
1.276184e+003,1.384666e-001
1.276666e+003,1.386709e-001
1.277148e+003,1.388603e-001
1.277630e+003,1.390216e-001
1.278112e+003,1.391504e-001
1.278594e+003,1.392507e-001
1.279076e+003,1.393316e-001
1.279559e+003,1.394001e-001
1.280041e+003,1.394560e-001
1.280523e+003,1.394933e-001
1.281005e+003,1.395014e-001
1.281487e+003,1.394745e-001
1.281969e+003,1.394140e-001
1.282451e+003,1.393308e-001
1.282933e+003,1.392399e-001
1.283416e+003,1.391541e-001
1.283898e+003,1.390794e-001
1.284380e+003,1.390144e-001
1.284862e+003,1.389538e-001
1.285344e+003,1.388940e-001
1.285826e+003,1.388377e-001
1.286308e+003,1.387949e-001
1.286791e+003,1.387777e-001
1.287273e+003,1.387953e-001
1.287755e+003,1.388494e-001
1.288237e+003,1.389332e-001
1.288719e+003,1.390362e-001
1.289201e+003,1.391494e-001
1.289683e+003,1.392704e-001
1.290165e+003,1.394032e-001
1.290647e+003,1.395543e-001
1.291130e+003,1.397266e-001
1.291612e+003,1.399159e-001
1.292094e+003,1.401107e-001
1.292576e+003,1.402970e-001
1.293058e+003,1.404644e-001
1.293540e+003,1.406107e-001
1.294022e+003,1.407422e-001
1.294504e+003,1.408688e-001
1.294987e+003,1.409986e-001
1.295469e+003,1.411321e-001
1.295951e+003,1.412628e-001
1.296433e+003,1.413806e-001
1.296915e+003,1.414788e-001
1.297397e+003,1.415571e-001
1.297879e+003,1.416230e-001
1.298361e+003,1.416864e-001
1.298844e+003,1.417531e-001
1.299326e+003,1.418206e-001
1.299808e+003,1.418782e-001
1.300290e+003,1.419122e-001
1.300772e+003,1.419120e-001
1.301254e+003,1.418753e-001
1.301736e+003,1.418085e-001
1.302219e+003,1.417226e-001
1.302701e+003,1.416262e-001
1.303183e+003,1.415220e-001
1.303665e+003,1.414062e-001
1.304147e+003,1.412728e-001
1.304629e+003,1.411192e-001
1.305111e+003,1.409502e-001
1.305593e+003,1.407769e-001
1.306075e+003,1.406119e-001
1.306558e+003,1.404627e-001
1.307040e+003,1.403289e-001
1.307522e+003,1.402021e-001
1.308004e+003,1.400712e-001
1.308486e+003,1.399292e-001
1.308968e+003,1.397759e-001
1.309450e+003,1.396181e-001
1.309932e+003,1.394631e-001
1.310415e+003,1.393129e-001
1.310897e+003,1.391603e-001
1.311379e+003,1.389904e-001
1.311861e+003,1.387868e-001
1.312343e+003,1.385382e-001
1.312825e+003,1.382445e-001
1.313307e+003,1.379166e-001
1.313789e+003,1.375692e-001
1.314272e+003,1.372129e-001
1.314754e+003,1.368492e-001
1.315236e+003,1.364701e-001
1.315718e+003,1.360637e-001
1.316200e+003,1.356213e-001
1.316682e+003,1.351406e-001
1.317164e+003,1.346281e-001
1.317646e+003,1.340926e-001
1.318129e+003,1.335406e-001
1.318611e+003,1.329724e-001
1.319093e+003,1.323844e-001
1.319575e+003,1.317724e-001
1.320057e+003,1.311373e-001
1.320539e+003,1.304870e-001
1.321021e+003,1.298324e-001
1.321503e+003,1.291821e-001
1.321986e+003,1.285384e-001
1.322468e+003,1.278955e-001
1.322950e+003,1.272444e-001
1.323432e+003,1.265785e-001
1.323914e+003,1.258980e-001
1.324396e+003,1.252122e-001
1.324878e+003,1.245344e-001
1.325360e+003,1.238774e-001
1.325843e+003,1.232461e-001
1.326325e+003,1.226388e-001
1.326807e+003,1.220490e-001
1.327289e+003,1.214724e-001
1.327771e+003,1.209110e-001
1.328253e+003,1.203737e-001
1.328735e+003,1.198730e-001
1.329218e+003,1.194187e-001
1.329700e+003,1.190132e-001
1.330182e+003,1.186520e-001
1.330664e+003,1.183260e-001
1.331146e+003,1.180281e-001
1.331628e+003,1.177562e-001
1.332110e+003,1.175145e-001
1.332592e+003,1.173095e-001
1.333074e+003,1.171462e-001
1.333557e+003,1.170246e-001
1.334039e+003,1.169392e-001
1.334521e+003,1.168836e-001
1.335003e+003,1.168521e-001
1.335485e+003,1.168444e-001
1.335967e+003,1.168640e-001
1.336449e+003,1.169160e-001
1.336931e+003,1.170026e-001
1.337414e+003,1.171197e-001
1.337896e+003,1.172575e-001
1.338378e+003,1.174014e-001
1.338860e+003,1.175386e-001
1.339342e+003,1.176612e-001
1.339824e+003,1.177677e-001
1.340306e+003,1.178609e-001
1.340788e+003,1.179427e-001
1.341271e+003,1.180121e-001
1.341753e+003,1.180660e-001
1.342235e+003,1.181024e-001
1.342717e+003,1.181240e-001
1.343199e+003,1.181376e-001
1.343681e+003,1.181538e-001
1.344163e+003,1.181818e-001
1.344646e+003,1.182254e-001
1.345128e+003,1.182811e-001
1.345610e+003,1.183392e-001
1.346092e+003,1.183889e-001
1.346574e+003,1.184243e-001
1.347056e+003,1.184460e-001
1.347538e+003,1.184611e-001
1.348020e+003,1.184782e-001
1.348502e+003,1.185029e-001
1.348985e+003,1.185334e-001
1.349467e+003,1.185632e-001
1.349949e+003,1.185842e-001
1.350431e+003,1.185932e-001
1.350913e+003,1.185932e-001
1.351395e+003,1.185936e-001
1.351877e+003,1.186048e-001
1.352359e+003,1.186333e-001
1.352842e+003,1.186793e-001
1.353324e+003,1.187380e-001
1.353806e+003,1.188033e-001
1.354288e+003,1.188738e-001
1.354770e+003,1.189538e-001
1.355252e+003,1.190526e-001
1.355734e+003,1.191796e-001
1.356216e+003,1.193388e-001
1.356698e+003,1.195271e-001
1.357181e+003,1.197360e-001
1.357663e+003,1.199569e-001
1.358145e+003,1.201851e-001
1.358627e+003,1.204224e-001
1.359109e+003,1.206763e-001
1.359591e+003,1.209573e-001
1.360073e+003,1.212751e-001
1.360556e+003,1.216376e-001
1.361038e+003,1.220508e-001
1.361520e+003,1.225207e-001
1.362002e+003,1.230527e-001
1.362484e+003,1.236483e-001
1.362966e+003,1.242998e-001
1.363448e+003,1.249893e-001
1.363930e+003,1.256927e-001
1.364413e+003,1.263879e-001
1.364895e+003,1.270597e-001
1.365377e+003,1.277024e-001
1.365859e+003,1.283162e-001
1.366341e+003,1.289029e-001
1.366823e+003,1.294612e-001
1.367305e+003,1.299829e-001
1.367787e+003,1.304525e-001
1.368270e+003,1.308508e-001
1.368752e+003,1.311639e-001
1.369234e+003,1.313915e-001
1.369716e+003,1.315513e-001
1.370198e+003,1.316763e-001
1.370680e+003,1.318072e-001
1.371162e+003,1.319858e-001
1.371644e+003,1.322517e-001
1.372126e+003,1.326419e-001
1.372609e+003,1.331915e-001
1.373091e+003,1.339316e-001
1.373573e+003,1.348798e-001
1.374055e+003,1.360245e-001
1.374537e+003,1.373180e-001
1.375019e+003,1.386885e-001
1.375501e+003,1.400638e-001
1.375984e+003,1.413938e-001
1.376466e+003,1.426547e-001
1.376948e+003,1.438397e-001
1.377430e+003,1.449488e-001
1.377912e+003,1.459805e-001
1.378394e+003,1.469304e-001
1.378876e+003,1.477956e-001
1.379358e+003,1.485792e-001
1.379841e+003,1.492952e-001
1.380323e+003,1.499669e-001
1.380805e+003,1.506230e-001
1.381287e+003,1.512911e-001
1.381769e+003,1.519910e-001
1.382251e+003,1.527314e-001
1.382733e+003,1.535084e-001
1.383215e+003,1.543100e-001
1.383698e+003,1.551208e-001
1.384180e+003,1.559299e-001
1.384662e+003,1.567349e-001
1.385144e+003,1.575416e-001
1.385626e+003,1.583603e-001
1.386108e+003,1.591999e-001
1.386590e+003,1.600585e-001
1.387072e+003,1.609190e-001
1.387554e+003,1.617534e-001
1.388037e+003,1.625348e-001
1.388519e+003,1.632487e-001
1.389001e+003,1.638976e-001
1.389483e+003,1.644953e-001
1.389965e+003,1.650606e-001
1.390447e+003,1.656109e-001
1.390929e+003,1.661598e-001
1.391411e+003,1.667151e-001
1.391894e+003,1.672804e-001
1.392376e+003,1.678566e-001
1.392858e+003,1.684424e-001
1.393340e+003,1.690341e-001
1.393822e+003,1.696234e-001
1.394304e+003,1.701958e-001
1.394786e+003,1.707293e-001
1.395269e+003,1.712005e-001
1.395751e+003,1.715916e-001
1.396233e+003,1.718943e-001
1.396715e+003,1.721080e-001
1.397197e+003,1.722355e-001
1.397679e+003,1.722797e-001
1.398161e+003,1.722431e-001
1.398643e+003,1.721281e-001
1.399125e+003,1.719380e-001
1.399608e+003,1.716767e-001
1.400090e+003,1.713476e-001
1.400572e+003,1.709516e-001
1.401054e+003,1.704862e-001
1.401536e+003,1.699458e-001
1.402018e+003,1.693196e-001
1.402500e+003,1.685936e-001
1.402982e+003,1.677484e-001
1.403465e+003,1.667654e-001
1.403947e+003,1.656329e-001
1.404429e+003,1.643605e-001
1.404911e+003,1.629843e-001
1.405393e+003,1.615638e-001
1.405875e+003,1.601638e-001
1.406357e+003,1.588350e-001
1.406839e+003,1.576018e-001
1.407322e+003,1.564644e-001
1.407804e+003,1.554069e-001
1.408286e+003,1.544081e-001
1.408768e+003,1.534520e-001
1.409250e+003,1.525355e-001
1.409732e+003,1.516706e-001
1.410214e+003,1.508794e-001
1.410697e+003,1.501850e-001
1.411179e+003,1.496012e-001
1.411661e+003,1.491246e-001
1.412143e+003,1.487379e-001
1.412625e+003,1.484161e-001
1.413107e+003,1.481366e-001
1.413589e+003,1.478839e-001
1.414071e+003,1.476506e-001
1.414553e+003,1.474325e-001
1.415036e+003,1.472241e-001
1.415518e+003,1.470139e-001
1.416000e+003,1.467825e-001
1.416482e+003,1.465015e-001
1.416964e+003,1.461338e-001
1.417446e+003,1.456366e-001
1.417928e+003,1.449711e-001
1.418410e+003,1.441267e-001
1.418893e+003,1.431440e-001
1.419375e+003,1.421117e-001
1.419857e+003,1.411236e-001
1.420339e+003,1.402324e-001
1.420821e+003,1.394414e-001
1.421303e+003,1.387231e-001
1.421785e+003,1.380402e-001
1.422267e+003,1.373599e-001
1.422750e+003,1.366627e-001
1.423232e+003,1.359492e-001
1.423714e+003,1.352458e-001
1.424196e+003,1.345976e-001
1.424678e+003,1.340508e-001
1.425160e+003,1.336330e-001
1.425642e+003,1.333476e-001
1.426125e+003,1.331842e-001
1.426607e+003,1.331320e-001
1.427089e+003,1.331921e-001
1.427571e+003,1.333778e-001
1.428053e+003,1.337110e-001
1.428535e+003,1.342127e-001
1.429017e+003,1.348918e-001
1.429499e+003,1.357393e-001
1.429981e+003,1.367304e-001
1.430464e+003,1.378333e-001
1.430946e+003,1.390169e-001
1.431428e+003,1.402524e-001
1.431910e+003,1.415127e-001
1.432392e+003,1.427723e-001
1.432874e+003,1.440121e-001
1.433356e+003,1.452276e-001
1.433838e+003,1.464367e-001
1.434321e+003,1.476841e-001
1.434803e+003,1.490387e-001
1.435285e+003,1.505784e-001
1.435767e+003,1.523496e-001
1.436249e+003,1.543079e-001
1.436731e+003,1.562959e-001
1.437213e+003,1.581141e-001
1.437696e+003,1.596373e-001
1.438177e+003,1.608588e-001
1.438660e+003,1.618470e-001
1.439142e+003,1.626850e-001
1.439624e+003,1.634385e-001
1.440106e+003,1.641505e-001
1.440588e+003,1.648452e-001
1.441070e+003,1.655352e-001
1.441552e+003,1.662256e-001
1.442035e+003,1.669144e-001
1.442517e+003,1.675949e-001
1.442999e+003,1.682563e-001
1.443481e+003,1.688864e-001
1.443963e+003,1.694789e-001
1.444445e+003,1.700373e-001
1.444927e+003,1.705778e-001
1.445409e+003,1.711278e-001
1.445892e+003,1.717203e-001
1.446374e+003,1.723832e-001
1.446856e+003,1.731298e-001
1.447338e+003,1.739494e-001
1.447820e+003,1.748113e-001
1.448302e+003,1.756812e-001
1.448784e+003,1.765436e-001
1.449266e+003,1.774133e-001
1.449749e+003,1.783265e-001
1.450231e+003,1.793248e-001
1.450713e+003,1.804365e-001
1.451195e+003,1.816640e-001
1.451677e+003,1.829792e-001
1.452159e+003,1.843299e-001
1.452641e+003,1.856569e-001
1.453124e+003,1.869141e-001
1.453605e+003,1.880800e-001
1.454088e+003,1.891550e-001
1.454570e+003,1.901437e-001
1.455052e+003,1.910326e-001
1.455534e+003,1.917688e-001
1.456016e+003,1.922536e-001
1.456498e+003,1.923884e-001
1.456980e+003,1.921872e-001
1.457463e+003,1.918495e-001
1.457945e+003,1.916347e-001
1.458427e+003,1.916652e-001
1.458909e+003,1.919028e-001
1.459391e+003,1.922463e-001
1.459873e+003,1.926063e-001
1.460355e+003,1.929255e-001
1.460837e+003,1.931693e-001
1.461320e+003,1.933118e-001
1.461802e+003,1.933198e-001
1.462284e+003,1.931437e-001
1.462766e+003,1.927198e-001
1.463248e+003,1.919866e-001
1.463730e+003,1.909203e-001
1.464212e+003,1.895751e-001
1.464694e+003,1.880865e-001
1.465177e+003,1.866055e-001
1.465659e+003,1.852013e-001
1.466141e+003,1.838208e-001
1.466623e+003,1.823377e-001
1.467105e+003,1.806323e-001
1.467587e+003,1.786480e-001
1.468069e+003,1.764064e-001
1.468552e+003,1.739865e-001
1.469033e+003,1.714847e-001
1.469516e+003,1.689684e-001
1.469998e+003,1.664329e-001
1.470480e+003,1.637732e-001
1.470962e+003,1.607810e-001
1.471444e+003,1.572014e-001
1.471926e+003,1.528814e-001
1.472408e+003,1.479657e-001
1.472891e+003,1.429238e-001
1.473373e+003,1.382710e-001
1.473855e+003,1.342529e-001
1.474337e+003,1.308129e-001
1.474819e+003,1.277712e-001
1.475301e+003,1.249902e-001
1.475783e+003,1.224392e-001
1.476265e+003,1.201763e-001
1.476748e+003,1.182817e-001
1.477230e+003,1.167925e-001
1.477712e+003,1.156773e-001
1.478194e+003,1.148570e-001
1.478676e+003,1.142464e-001
1.479158e+003,1.137879e-001
1.479640e+003,1.134627e-001
1.480122e+003,1.132835e-001
1.480604e+003,1.132729e-001
1.481087e+003,1.134388e-001
1.481569e+003,1.137595e-001
1.482051e+003,1.141905e-001
1.482533e+003,1.146878e-001
1.483015e+003,1.152292e-001
1.483497e+003,1.158223e-001
1.483979e+003,1.164932e-001
1.484461e+003,1.172726e-001
1.484944e+003,1.181803e-001
1.485426e+003,1.192173e-001
1.485908e+003,1.203676e-001
1.486390e+003,1.216078e-001
1.486872e+003,1.229262e-001
1.487354e+003,1.243408e-001
1.487836e+003,1.259088e-001
1.488319e+003,1.277169e-001
1.488801e+003,1.298484e-001
1.489283e+003,1.323249e-001
1.489765e+003,1.350571e-001
1.490247e+003,1.378551e-001
1.490729e+003,1.405179e-001
1.491211e+003,1.429277e-001
1.491693e+003,1.450734e-001
1.492176e+003,1.470144e-001
1.492658e+003,1.488352e-001
1.493140e+003,1.506221e-001
1.493622e+003,1.524576e-001
1.494104e+003,1.544254e-001
1.494586e+003,1.566108e-001
1.495068e+003,1.590908e-001
1.495550e+003,1.619072e-001
1.496032e+003,1.650257e-001
1.496515e+003,1.683180e-001
1.496997e+003,1.715957e-001
1.497479e+003,1.746935e-001
1.497961e+003,1.775383e-001
1.498443e+003,1.801573e-001
1.498925e+003,1.826314e-001
1.499407e+003,1.850446e-001
1.499890e+003,1.874519e-001
1.500372e+003,1.898695e-001
1.500854e+003,1.922816e-001
1.501336e+003,1.946543e-001
1.501818e+003,1.969512e-001
1.502300e+003,1.991444e-001
1.502782e+003,2.012214e-001
1.503264e+003,2.031889e-001
1.503747e+003,2.050811e-001
1.504229e+003,2.069765e-001
1.504711e+003,2.090328e-001
1.505193e+003,2.115466e-001
1.505675e+003,2.150119e-001
1.506157e+003,2.200123e-001
1.506639e+003,2.266516e-001
1.507121e+003,2.338545e-001
1.507604e+003,2.400107e-001
1.508086e+003,2.444932e-001
1.508568e+003,2.477329e-001
1.509050e+003,2.503802e-001
1.509532e+003,2.528887e-001
1.510014e+003,2.555040e-001
1.510496e+003,2.583327e-001
1.510979e+003,2.613913e-001
1.511460e+003,2.646276e-001
1.511943e+003,2.679403e-001
1.512425e+003,2.712068e-001
1.512907e+003,2.743181e-001
1.513389e+003,2.772093e-001
1.513871e+003,2.798711e-001
1.514353e+003,2.823443e-001
1.514835e+003,2.847050e-001
1.515318e+003,2.870379e-001
1.515800e+003,2.893929e-001
1.516282e+003,2.917366e-001
1.516764e+003,2.939337e-001
1.517246e+003,2.958121e-001
1.517728e+003,2.972718e-001
1.518210e+003,2.983375e-001
1.518692e+003,2.991317e-001
1.519175e+003,2.998248e-001
1.519657e+003,3.006113e-001
1.520139e+003,3.017007e-001
1.520621e+003,3.032754e-001
1.521103e+003,3.053771e-001
1.521585e+003,3.077988e-001
1.522067e+003,3.101760e-001
1.522549e+003,3.122617e-001
1.523031e+003,3.140614e-001
1.523514e+003,3.157390e-001
1.523996e+003,3.174823e-001
1.524478e+003,3.194322e-001
1.524960e+003,3.216605e-001
1.525442e+003,3.241662e-001
1.525924e+003,3.268858e-001
1.526406e+003,3.297262e-001
1.526888e+003,3.326043e-001
1.527371e+003,3.354646e-001
1.527853e+003,3.382673e-001
1.528335e+003,3.409613e-001
1.528817e+003,3.434814e-001
1.529299e+003,3.457696e-001
1.529781e+003,3.478061e-001
1.530263e+003,3.496329e-001
1.530746e+003,3.513580e-001
1.531228e+003,3.531426e-001
1.531710e+003,3.551732e-001
1.532192e+003,3.576044e-001
1.532674e+003,3.604613e-001
1.533156e+003,3.635406e-001
1.533638e+003,3.664470e-001
1.534120e+003,3.688402e-001
1.534603e+003,3.706494e-001
1.535085e+003,3.720271e-001
1.535567e+003,3.731659e-001
1.536049e+003,3.741848e-001
1.536531e+003,3.751133e-001
1.537013e+003,3.759190e-001
1.537495e+003,3.765483e-001
1.537977e+003,3.769740e-001
1.538459e+003,3.772480e-001
1.538942e+003,3.775285e-001
1.539424e+003,3.780005e-001
1.539906e+003,3.786444e-001
1.540388e+003,3.790703e-001
1.540870e+003,3.788106e-001
1.541352e+003,3.777712e-001
1.541834e+003,3.762339e-001
1.542316e+003,3.745486e-001
1.542799e+003,3.729130e-001
1.543281e+003,3.713126e-001
1.543763e+003,3.695696e-001
1.544245e+003,3.674705e-001
1.544727e+003,3.649219e-001
1.545209e+003,3.620329e-001
1.545691e+003,3.590498e-001
1.546174e+003,3.562026e-001
1.546656e+003,3.535876e-001
1.547138e+003,3.511325e-001
1.547620e+003,3.486219e-001
1.548102e+003,3.457522e-001
1.548584e+003,3.422256e-001
1.549066e+003,3.378950e-001
1.549548e+003,3.329014e-001
1.550031e+003,3.276762e-001
1.550513e+003,3.227229e-001
1.550995e+003,3.183361e-001
1.551477e+003,3.144832e-001
1.551959e+003,3.108848e-001
1.552441e+003,3.071763e-001
1.552923e+003,3.030614e-001
1.553405e+003,2.984353e-001
1.553887e+003,2.934547e-001
1.554370e+003,2.884951e-001
1.554852e+003,2.839755e-001
1.555334e+003,2.801555e-001
1.555816e+003,2.770420e-001
1.556298e+003,2.744348e-001
1.556780e+003,2.719969e-001
1.557262e+003,2.692494e-001
1.557744e+003,2.654742e-001
1.558227e+003,2.597674e-001
1.558709e+003,2.519291e-001
1.559191e+003,2.437316e-001
1.559673e+003,2.374605e-001
1.560155e+003,2.334798e-001
1.560637e+003,2.309477e-001
1.561119e+003,2.291270e-001
1.561602e+003,2.276216e-001
1.562083e+003,2.262262e-001
1.562566e+003,2.248000e-001
1.563048e+003,2.232205e-001
1.563530e+003,2.213895e-001
1.564012e+003,2.192778e-001
1.564494e+003,2.169646e-001
1.564976e+003,2.146314e-001
1.565458e+003,2.124849e-001
1.565941e+003,2.106557e-001
1.566423e+003,2.091480e-001
1.566905e+003,2.078531e-001
1.567387e+003,2.066037e-001
1.567869e+003,2.052274e-001
1.568351e+003,2.036023e-001
1.568833e+003,2.017168e-001
1.569315e+003,1.997036e-001
1.569798e+003,1.977851e-001
1.570280e+003,1.961317e-001
1.570762e+003,1.947674e-001
1.571244e+003,1.936098e-001
1.571726e+003,1.925665e-001
1.572208e+003,1.915867e-001
1.572690e+003,1.906611e-001
1.573172e+003,1.897966e-001
1.573655e+003,1.889859e-001
1.574137e+003,1.881830e-001
1.574619e+003,1.872905e-001
1.575101e+003,1.861830e-001
1.575583e+003,1.847847e-001
1.576065e+003,1.831729e-001
1.576547e+003,1.815850e-001
1.577030e+003,1.802595e-001
1.577511e+003,1.792702e-001
1.577994e+003,1.785280e-001
1.578476e+003,1.778871e-001
1.578958e+003,1.772330e-001
1.579440e+003,1.765128e-001
1.579922e+003,1.757325e-001
1.580404e+003,1.749362e-001
1.580886e+003,1.741769e-001
1.581369e+003,1.734854e-001
1.581851e+003,1.728542e-001
1.582333e+003,1.722436e-001
1.582815e+003,1.716098e-001
1.583297e+003,1.709357e-001
1.583779e+003,1.702434e-001
1.584261e+003,1.695824e-001
1.584743e+003,1.690004e-001
1.585226e+003,1.685146e-001
1.585708e+003,1.681008e-001
1.586190e+003,1.677085e-001
1.586672e+003,1.672942e-001
1.587154e+003,1.668483e-001
1.587636e+003,1.664045e-001
1.588118e+003,1.660216e-001
1.588600e+003,1.657519e-001
1.589083e+003,1.656091e-001
1.589565e+003,1.655606e-001
1.590047e+003,1.655457e-001
1.590529e+003,1.655129e-001
1.591011e+003,1.654515e-001
1.591493e+003,1.653965e-001
1.591975e+003,1.654082e-001
1.592458e+003,1.655353e-001
1.592939e+003,1.657850e-001
1.593422e+003,1.661163e-001
1.593904e+003,1.664635e-001
1.594386e+003,1.667741e-001
1.594868e+003,1.670419e-001
1.595350e+003,1.673110e-001
1.595832e+003,1.676469e-001
1.596314e+003,1.680952e-001
1.596797e+003,1.686538e-001
1.597279e+003,1.692746e-001
1.597761e+003,1.698960e-001
1.598243e+003,1.704825e-001
1.598725e+003,1.710495e-001
1.599207e+003,1.716592e-001
1.599689e+003,1.723914e-001
1.600171e+003,1.733033e-001
1.600654e+003,1.743992e-001
1.601136e+003,1.756297e-001
1.601618e+003,1.769225e-001
1.602100e+003,1.782265e-001
1.602582e+003,1.795432e-001
1.603064e+003,1.809241e-001
1.603546e+003,1.824337e-001
1.604028e+003,1.841053e-001
1.604510e+003,1.859185e-001
1.604993e+003,1.878112e-001
1.605475e+003,1.897207e-001
1.605957e+003,1.916269e-001
1.606439e+003,1.935746e-001
1.606921e+003,1.956589e-001
1.607403e+003,1.979789e-001
1.607885e+003,2.005815e-001
1.608367e+003,2.034275e-001
1.608850e+003,2.064081e-001
1.609332e+003,2.094051e-001
1.609814e+003,2.123548e-001
1.610296e+003,2.152722e-001
1.610778e+003,2.182216e-001
1.611260e+003,2.212567e-001
1.611742e+003,2.243701e-001
1.612225e+003,2.274844e-001
1.612707e+003,2.304886e-001
1.613189e+003,2.332988e-001
1.613671e+003,2.359143e-001
1.614153e+003,2.384509e-001
1.614635e+003,2.411463e-001
1.615117e+003,2.443246e-001
1.615599e+003,2.482871e-001
1.616082e+003,2.531107e-001
1.616564e+003,2.584670e-001
1.617046e+003,2.637155e-001
1.617528e+003,2.683143e-001
1.618010e+003,2.721309e-001
1.618492e+003,2.753674e-001
1.618974e+003,2.783129e-001
1.619456e+003,2.811831e-001
1.619938e+003,2.840913e-001
1.620421e+003,2.870889e-001
1.620903e+003,2.902287e-001
1.621385e+003,2.936181e-001
1.621867e+003,2.974370e-001
1.622349e+003,3.018701e-001
1.622831e+003,3.069570e-001
1.623313e+003,3.124480e-001
1.623796e+003,3.178544e-001
1.624278e+003,3.227071e-001
1.624760e+003,3.268019e-001
1.625242e+003,3.302468e-001
1.625724e+003,3.333566e-001
1.626206e+003,3.365091e-001
1.626688e+003,3.400198e-001
1.627170e+003,3.440329e-001
1.627653e+003,3.484512e-001
1.628135e+003,3.529685e-001
1.628617e+003,3.572277e-001
1.629099e+003,3.610156e-001
1.629581e+003,3.643459e-001
1.630063e+003,3.673897e-001
1.630545e+003,3.703376e-001
1.631027e+003,3.732931e-001
1.631510e+003,3.762423e-001
1.631992e+003,3.790837e-001
1.632474e+003,3.817052e-001
1.632956e+003,3.840686e-001
1.633438e+003,3.862854e-001
1.633920e+003,3.886546e-001
1.634402e+003,3.916320e-001
1.634885e+003,3.956492e-001
1.635366e+003,4.007360e-001
1.635849e+003,4.062094e-001
1.636331e+003,4.110226e-001
1.636813e+003,4.146155e-001
1.637295e+003,4.172112e-001
1.637777e+003,4.193775e-001
1.638259e+003,4.215771e-001
1.638741e+003,4.240164e-001
1.639224e+003,4.266799e-001
1.639706e+003,4.294230e-001
1.640188e+003,4.320815e-001
1.640670e+003,4.345663e-001
1.641152e+003,4.369076e-001
1.641634e+003,4.392268e-001
1.642116e+003,4.416496e-001
1.642598e+003,4.442218e-001
1.643081e+003,4.468693e-001
1.643563e+003,4.494249e-001
1.644045e+003,4.517075e-001
1.644527e+003,4.536270e-001
1.645009e+003,4.552871e-001
1.645491e+003,4.570261e-001
1.645973e+003,4.593107e-001
1.646455e+003,4.623922e-001
1.646938e+003,4.658969e-001
1.647420e+003,4.689207e-001
1.647902e+003,4.707586e-001
1.648384e+003,4.713998e-001
1.648866e+003,4.713161e-001
1.649348e+003,4.710417e-001
1.649830e+003,4.709499e-001
1.650313e+003,4.711976e-001
1.650794e+003,4.717117e-001
1.651277e+003,4.721368e-001
1.651759e+003,4.717232e-001
1.652241e+003,4.693051e-001
1.652723e+003,4.639259e-001
1.653205e+003,4.564010e-001
1.653687e+003,4.494278e-001
1.654169e+003,4.446554e-001
1.654652e+003,4.415051e-001
1.655134e+003,4.387572e-001
1.655616e+003,4.356222e-001
1.656098e+003,4.318217e-001
1.656580e+003,4.273989e-001
1.657062e+003,4.225518e-001
1.657544e+003,4.175067e-001
1.658026e+003,4.124289e-001
1.658509e+003,4.073710e-001
1.658991e+003,4.022712e-001
1.659473e+003,3.969983e-001
1.659955e+003,3.914137e-001
1.660437e+003,3.854195e-001
1.660919e+003,3.789754e-001
1.661401e+003,3.720913e-001
1.661883e+003,3.648265e-001
1.662365e+003,3.573104e-001
1.662848e+003,3.497657e-001
1.663330e+003,3.424837e-001
1.663812e+003,3.357350e-001
1.664294e+003,3.296871e-001
1.664776e+003,3.243793e-001
1.665258e+003,3.197461e-001
1.665740e+003,3.156418e-001
1.666222e+003,3.118540e-001
1.666705e+003,3.081095e-001
1.667187e+003,3.040917e-001
1.667669e+003,2.994934e-001
1.668151e+003,2.941170e-001
1.668633e+003,2.879954e-001
1.669115e+003,2.814618e-001
1.669597e+003,2.750532e-001
1.670080e+003,2.692498e-001
1.670562e+003,2.642492e-001
1.671044e+003,2.599620e-001
1.671526e+003,2.561781e-001
1.672008e+003,2.527117e-001
1.672490e+003,2.494379e-001
1.672972e+003,2.462559e-001
1.673454e+003,2.430350e-001
1.673937e+003,2.395865e-001
1.674419e+003,2.357074e-001
1.674901e+003,2.313168e-001
1.675383e+003,2.265997e-001
1.675865e+003,2.219696e-001
1.676347e+003,2.178221e-001
1.676829e+003,2.143248e-001
1.677311e+003,2.113995e-001
1.677793e+003,2.088185e-001
1.678276e+003,2.063060e-001
1.678758e+003,2.036156e-001
1.679240e+003,2.006072e-001
1.679722e+003,1.973083e-001
1.680204e+003,1.939149e-001
1.680686e+003,1.907012e-001
1.681168e+003,1.878804e-001
1.681650e+003,1.854865e-001
1.682133e+003,1.833092e-001
1.682615e+003,1.808594e-001
1.683097e+003,1.774116e-001
1.683579e+003,1.723455e-001
1.684061e+003,1.659006e-001
1.684543e+003,1.594593e-001
1.685025e+003,1.543764e-001
1.685508e+003,1.508861e-001
1.685990e+003,1.484274e-001
1.686472e+003,1.463512e-001
1.686954e+003,1.442122e-001
1.687436e+003,1.417817e-001
1.687918e+003,1.389980e-001
1.688400e+003,1.359182e-001
1.688882e+003,1.326687e-001
1.689365e+003,1.293894e-001
1.689847e+003,1.261847e-001
1.690329e+003,1.231071e-001
1.690811e+003,1.201797e-001
1.691293e+003,1.174261e-001
1.691775e+003,1.148823e-001
1.692257e+003,1.125823e-001
1.692739e+003,1.105293e-001
1.693221e+003,1.086691e-001
1.693704e+003,1.068669e-001
1.694186e+003,1.049048e-001
1.694668e+003,1.025239e-001
1.695150e+003,9.955474e-002
1.695632e+003,9.611534e-002
1.696114e+003,9.266984e-002
1.696596e+003,8.975870e-002
1.697078e+003,8.763189e-002
1.697561e+003,8.615998e-002
1.698043e+003,8.499837e-002
1.698525e+003,8.374719e-002
1.699007e+003,8.204875e-002
1.699489e+003,7.970619e-002
1.699971e+003,7.686891e-002
1.700453e+003,7.405999e-002
1.700936e+003,7.180474e-002
1.701417e+003,7.023051e-002
1.701900e+003,6.912449e-002
1.702382e+003,6.821363e-002
1.702864e+003,6.731421e-002
1.703346e+003,6.634542e-002
1.703828e+003,6.529672e-002
1.704310e+003,6.419550e-002
1.704792e+003,6.307867e-002
1.705275e+003,6.197116e-002
1.705757e+003,6.087756e-002
1.706239e+003,5.979705e-002
1.706721e+003,5.874725e-002
1.707203e+003,5.776655e-002
1.707685e+003,5.689952e-002
1.708167e+003,5.617175e-002
1.708649e+003,5.557631e-002
1.709132e+003,5.507052e-002
1.709614e+003,5.459205e-002
1.710096e+003,5.408668e-002
1.710578e+003,5.353644e-002
1.711060e+003,5.296682e-002
1.711542e+003,5.243476e-002
1.712024e+003,5.199958e-002
1.712506e+003,5.169396e-002
1.712989e+003,5.150611e-002
1.713471e+003,5.137946e-002
1.713953e+003,5.123621e-002
1.714435e+003,5.101723e-002
1.714917e+003,5.072117e-002
1.715399e+003,5.041899e-002
1.715881e+003,5.022434e-002
1.716364e+003,5.022993e-002
1.716845e+003,5.043442e-002
1.717328e+003,5.071938e-002
1.717810e+003,5.092330e-002
1.718292e+003,5.096978e-002
1.718774e+003,5.091469e-002
1.719256e+003,5.087238e-002
1.719738e+003,5.092879e-002
1.720220e+003,5.110986e-002
1.720703e+003,5.139500e-002
1.721185e+003,5.174259e-002
1.721667e+003,5.211566e-002
1.722149e+003,5.250165e-002
1.722631e+003,5.292167e-002
1.723113e+003,5.342185e-002
1.723595e+003,5.404788e-002
1.724077e+003,5.481514e-002
1.724560e+003,5.569448e-002
1.725042e+003,5.662825e-002
1.725524e+003,5.756373e-002
1.726006e+003,5.848155e-002
1.726488e+003,5.940944e-002
1.726970e+003,6.041500e-002
1.727452e+003,6.158257e-002
1.727934e+003,6.298491e-002
1.728417e+003,6.465356e-002
1.728899e+003,6.656029e-002
1.729381e+003,6.862048e-002
1.729863e+003,7.072422e-002
1.730345e+003,7.278404e-002
1.730827e+003,7.477829e-002
1.731309e+003,7.677606e-002
1.731792e+003,7.894620e-002
1.732273e+003,8.156567e-002
1.732756e+003,8.500662e-002
1.733238e+003,8.962311e-002
1.733720e+003,9.544390e-002
1.734202e+003,1.018683e-001
1.734684e+003,1.079110e-001
1.735166e+003,1.129190e-001
1.735648e+003,1.168803e-001
1.736131e+003,1.201487e-001
1.736613e+003,1.231298e-001
1.737095e+003,1.261659e-001
1.737577e+003,1.295345e-001
1.738059e+003,1.334515e-001
1.738541e+003,1.380270e-001
1.739023e+003,1.431853e-001
1.739505e+003,1.486215e-001
1.739988e+003,1.538970e-001
1.740470e+003,1.586425e-001
1.740952e+003,1.626998e-001
1.741434e+003,1.661074e-001
1.741916e+003,1.689930e-001
1.742398e+003,1.714762e-001
1.742880e+003,1.736200e-001
1.743362e+003,1.754242e-001
1.743844e+003,1.768476e-001
1.744327e+003,1.778367e-001
1.744809e+003,1.783483e-001
1.745291e+003,1.783506e-001
1.745773e+003,1.778159e-001
1.746255e+003,1.767154e-001
1.746737e+003,1.750269e-001
1.747219e+003,1.727516e-001
1.747702e+003,1.699240e-001
1.748184e+003,1.665992e-001
1.748666e+003,1.628157e-001
1.749148e+003,1.585611e-001
1.749630e+003,1.537752e-001
1.750112e+003,1.484145e-001
1.750594e+003,1.425487e-001
1.751076e+003,1.364132e-001
1.751559e+003,1.303512e-001
1.752041e+003,1.246697e-001
1.752523e+003,1.195211e-001
1.753005e+003,1.148852e-001
1.753487e+003,1.106246e-001
1.753969e+003,1.065529e-001
1.754451e+003,1.024792e-001
1.754933e+003,9.823717e-002
1.755416e+003,9.371169e-002
1.755898e+003,8.888125e-002
1.756380e+003,8.385522e-002
1.756862e+003,7.886337e-002
1.757344e+003,7.417228e-002
1.757826e+003,6.997608e-002
1.758308e+003,6.633730e-002
1.758791e+003,6.319943e-002
1.759272e+003,6.043284e-002
1.759755e+003,5.787620e-002
1.760237e+003,5.536830e-002
1.760719e+003,5.278442e-002
1.761201e+003,5.008132e-002
1.761683e+003,4.733412e-002
1.762165e+003,4.471573e-002
1.762647e+003,4.241043e-002
1.763130e+003,4.051603e-002
1.763612e+003,3.901342e-002
1.764094e+003,3.780299e-002
1.764576e+003,3.676393e-002
1.765058e+003,3.579484e-002
1.765540e+003,3.483491e-002
1.766022e+003,3.386578e-002
1.766504e+003,3.290517e-002
1.766987e+003,3.199044e-002
1.767469e+003,3.115565e-002
1.767951e+003,3.041182e-002
1.768433e+003,2.974476e-002
1.768915e+003,2.912888e-002
1.769397e+003,2.854766e-002
1.769879e+003,2.800295e-002
1.770361e+003,2.751079e-002
1.770844e+003,2.708304e-002
1.771326e+003,2.670781e-002
1.771808e+003,2.634130e-002
1.772290e+003,2.592807e-002
1.772772e+003,2.544593e-002
1.773254e+003,2.492881e-002
1.773736e+003,2.443997e-002
1.774219e+003,2.403336e-002
1.774700e+003,2.372680e-002
1.775183e+003,2.350272e-002
1.775665e+003,2.332091e-002
1.776147e+003,2.313904e-002
1.776629e+003,2.293080e-002
1.777111e+003,2.269703e-002
1.777593e+003,2.246169e-002
1.778075e+003,2.225716e-002
1.778558e+003,2.210485e-002
1.779040e+003,2.200087e-002
1.779522e+003,2.191505e-002
1.780004e+003,2.180517e-002
1.780486e+003,2.164306e-002
1.780968e+003,2.143364e-002
1.781450e+003,2.121257e-002
1.781932e+003,2.102373e-002
1.782415e+003,2.089192e-002
1.782897e+003,2.081066e-002
1.783379e+003,2.074716e-002
1.783861e+003,2.066037e-002
1.784343e+003,2.052157e-002
1.784825e+003,2.033300e-002
1.785307e+003,2.012701e-002
1.785789e+003,1.994726e-002
1.786271e+003,1.982117e-002
1.786754e+003,1.974636e-002
1.787236e+003,1.969404e-002
1.787718e+003,1.962882e-002
1.788200e+003,1.952705e-002
1.788682e+003,1.938950e-002
1.789164e+003,1.924012e-002
1.789646e+003,1.911597e-002
1.790128e+003,1.904878e-002
1.790611e+003,1.904461e-002
1.791093e+003,1.907223e-002
1.791575e+003,1.907585e-002
1.792057e+003,1.900851e-002
1.792539e+003,1.886787e-002
1.793021e+003,1.869974e-002
1.793503e+003,1.856179e-002
1.793986e+003,1.848339e-002
1.794468e+003,1.845469e-002
1.794950e+003,1.843930e-002
1.795432e+003,1.839839e-002
1.795914e+003,1.831000e-002
1.796396e+003,1.818013e-002
1.796878e+003,1.803859e-002
1.797360e+003,1.792331e-002
1.797843e+003,1.785894e-002
1.798325e+003,1.784178e-002
1.798807e+003,1.784217e-002
1.799289e+003,1.781878e-002
1.799771e+003,1.774278e-002
1.800253e+003,1.761665e-002
1.800735e+003,1.747523e-002
1.801217e+003,1.736476e-002
1.801699e+003,1.731215e-002
1.802182e+003,1.730885e-002
1.802664e+003,1.731775e-002
1.803146e+003,1.729832e-002
1.803628e+003,1.722786e-002
1.804110e+003,1.711265e-002
1.804592e+003,1.698156e-002
1.805074e+003,1.686973e-002
1.805556e+003,1.679912e-002
1.806039e+003,1.676716e-002
1.806521e+003,1.674969e-002
1.807003e+003,1.671501e-002
1.807485e+003,1.664405e-002
1.807967e+003,1.654086e-002
1.808449e+003,1.643323e-002
1.808931e+003,1.635566e-002
1.809414e+003,1.632843e-002
1.809896e+003,1.634301e-002
1.810378e+003,1.636267e-002
1.810860e+003,1.634400e-002
1.811342e+003,1.626164e-002
1.811824e+003,1.612399e-002
1.812306e+003,1.596881e-002
1.812788e+003,1.583711e-002
1.813271e+003,1.575036e-002
1.813753e+003,1.570010e-002
1.814235e+003,1.565626e-002
1.814717e+003,1.558732e-002
1.815199e+003,1.547859e-002
1.815681e+003,1.534307e-002
1.816163e+003,1.521946e-002
1.816645e+003,1.515270e-002
1.817127e+003,1.516660e-002
1.817610e+003,1.524896e-002
1.818092e+003,1.535601e-002
1.818574e+003,1.543602e-002
1.819056e+003,1.545573e-002
1.819538e+003,1.541704e-002
1.820020e+003,1.535213e-002
1.820502e+003,1.530318e-002
1.820984e+003,1.529727e-002
1.821467e+003,1.533098e-002
1.821949e+003,1.537344e-002
1.822431e+003,1.538595e-002
1.822913e+003,1.534297e-002
1.823395e+003,1.524896e-002
1.823877e+003,1.514020e-002
1.824359e+003,1.506688e-002
1.824842e+003,1.506131e-002
1.825323e+003,1.511454e-002
1.825806e+003,1.518038e-002
1.826288e+003,1.520820e-002
1.826770e+003,1.517137e-002
1.827252e+003,1.508114e-002
1.827734e+003,1.497792e-002
1.828216e+003,1.491163e-002
1.828698e+003,1.491513e-002
1.829181e+003,1.497995e-002
1.829663e+003,1.505260e-002
1.830145e+003,1.506609e-002
1.830627e+003,1.498667e-002
1.831109e+003,1.483674e-002
1.831591e+003,1.467434e-002
1.832073e+003,1.455430e-002
1.832555e+003,1.450062e-002
1.833038e+003,1.450017e-002
1.833520e+003,1.451493e-002
1.834002e+003,1.450303e-002
1.834484e+003,1.444104e-002
1.834966e+003,1.433811e-002
1.835448e+003,1.423266e-002
1.835930e+003,1.417175e-002
1.836412e+003,1.418309e-002
1.836895e+003,1.425688e-002
1.837377e+003,1.435062e-002
1.837859e+003,1.441273e-002
1.838341e+003,1.441143e-002
1.838823e+003,1.435187e-002
1.839305e+003,1.427038e-002
1.839787e+003,1.421219e-002
1.840270e+003,1.420530e-002
1.840751e+003,1.424646e-002
1.841234e+003,1.430522e-002
1.841716e+003,1.434133e-002
1.842198e+003,1.432589e-002
1.842680e+003,1.426158e-002
1.843162e+003,1.418698e-002
1.843644e+003,1.415829e-002
1.844126e+003,1.420634e-002
1.844609e+003,1.430487e-002
1.845091e+003,1.438554e-002
1.845573e+003,1.438338e-002
1.846055e+003,1.427798e-002
1.846537e+003,1.409906e-002
1.847019e+003,1.390663e-002
1.847501e+003,1.375960e-002
1.847983e+003,1.368969e-002
1.848466e+003,1.368841e-002
1.848948e+003,1.371503e-002
1.849430e+003,1.372384e-002
1.849912e+003,1.369064e-002
1.850394e+003,1.362536e-002
1.850876e+003,1.356485e-002
1.851358e+003,1.354873e-002
1.851840e+003,1.359394e-002
1.852323e+003,1.368163e-002
1.852805e+003,1.376569e-002
1.853287e+003,1.379719e-002
1.853769e+003,1.375386e-002
1.854251e+003,1.365363e-002
1.854733e+003,1.354656e-002
1.855215e+003,1.348807e-002
1.855698e+003,1.350802e-002
1.856179e+003,1.359434e-002
1.856662e+003,1.370067e-002
1.857144e+003,1.377157e-002
1.857626e+003,1.377383e-002
1.858108e+003,1.371491e-002
1.858590e+003,1.363642e-002
1.859072e+003,1.359084e-002
1.859554e+003,1.360733e-002
1.860037e+003,1.367586e-002
1.860519e+003,1.375258e-002
1.861001e+003,1.378694e-002
1.861483e+003,1.375237e-002
1.861965e+003,1.366181e-002
1.862447e+003,1.356135e-002
1.862929e+003,1.350348e-002
1.863411e+003,1.351564e-002
1.863894e+003,1.358608e-002
1.864376e+003,1.366982e-002
1.864858e+003,1.371514e-002
1.865340e+003,1.369090e-002
1.865822e+003,1.360674e-002
1.866304e+003,1.351090e-002
1.866786e+003,1.346766e-002
1.867268e+003,1.351864e-002
1.867750e+003,1.365220e-002
1.868233e+003,1.379846e-002
1.868715e+003,1.386960e-002
1.869197e+003,1.381956e-002
1.869679e+003,1.367808e-002
1.870161e+003,1.352578e-002
1.870643e+003,1.344091e-002
1.871125e+003,1.345377e-002
1.871608e+003,1.353996e-002
1.872090e+003,1.364014e-002
1.872572e+003,1.369376e-002
1.873054e+003,1.366736e-002
1.873536e+003,1.357032e-002
1.874018e+003,1.344900e-002
1.874500e+003,1.336110e-002
1.874982e+003,1.334293e-002
1.875465e+003,1.338768e-002
1.875947e+003,1.345216e-002
1.876429e+003,1.348324e-002
1.876911e+003,1.345010e-002
1.877393e+003,1.336331e-002
1.877875e+003,1.327010e-002
1.878357e+003,1.322689e-002
1.878839e+003,1.326496e-002
1.879322e+003,1.337103e-002
1.879804e+003,1.349381e-002
1.880286e+003,1.357297e-002
1.880768e+003,1.357170e-002
1.881250e+003,1.349792e-002
1.881732e+003,1.339730e-002
1.882214e+003,1.332714e-002
1.882697e+003,1.332136e-002
1.883178e+003,1.337259e-002
1.883661e+003,1.343521e-002
1.884143e+003,1.345673e-002
1.884625e+003,1.340794e-002
1.885107e+003,1.330623e-002
1.885589e+003,1.320454e-002
1.886071e+003,1.316385e-002
1.886553e+003,1.321771e-002
1.887036e+003,1.335276e-002
1.887518e+003,1.351530e-002
1.888000e+003,1.363705e-002
1.888482e+003,1.366916e-002
1.888964e+003,1.361086e-002
1.889446e+003,1.350976e-002
1.889928e+003,1.343408e-002
1.890410e+003,1.342452e-002
1.890893e+003,1.346966e-002
1.891375e+003,1.352011e-002
1.891857e+003,1.352451e-002
1.892339e+003,1.346212e-002
1.892821e+003,1.335354e-002
1.893303e+003,1.325353e-002
1.893785e+003,1.322119e-002
1.894267e+003,1.328305e-002
1.894750e+003,1.341309e-002
1.895232e+003,1.354130e-002
1.895714e+003,1.359391e-002
1.896196e+003,1.353554e-002
1.896678e+003,1.339122e-002
1.897160e+003,1.323013e-002
1.897642e+003,1.312717e-002
1.898125e+003,1.312259e-002
1.898606e+003,1.320179e-002
1.899089e+003,1.330637e-002
1.899571e+003,1.337052e-002
1.900053e+003,1.335574e-002
1.900535e+003,1.327606e-002
1.901017e+003,1.318783e-002
1.901499e+003,1.315661e-002
1.901981e+003,1.321738e-002
1.902464e+003,1.334949e-002
1.902946e+003,1.348860e-002
1.903428e+003,1.356152e-002
1.903910e+003,1.352795e-002
1.904392e+003,1.340336e-002
1.904874e+003,1.325281e-002
1.905356e+003,1.315334e-002
1.905838e+003,1.315295e-002
1.906321e+003,1.324349e-002
1.906803e+003,1.336767e-002
1.907285e+003,1.345378e-002
1.907767e+003,1.345641e-002
1.908249e+003,1.338360e-002
1.908731e+003,1.329334e-002
1.909213e+003,1.325813e-002
1.909695e+003,1.331619e-002
1.910177e+003,1.344678e-002
1.910660e+003,1.357977e-002
1.911142e+003,1.364036e-002
1.911624e+003,1.359429e-002
1.912106e+003,1.346396e-002
1.912588e+003,1.331820e-002
1.913070e+003,1.323165e-002
1.913552e+003,1.324258e-002
1.914034e+003,1.333169e-002
1.914517e+003,1.343245e-002
1.914999e+003,1.347118e-002
1.915481e+003,1.340446e-002
1.915963e+003,1.324662e-002
1.916445e+003,1.306603e-002
1.916927e+003,1.295029e-002
1.917409e+003,1.295374e-002
1.917892e+003,1.305756e-002
1.918374e+003,1.317694e-002
1.918856e+003,1.321934e-002
1.919338e+003,1.314144e-002
1.919820e+003,1.297526e-002
1.920302e+003,1.280431e-002
1.920784e+003,1.271976e-002
1.921266e+003,1.277104e-002
1.921749e+003,1.293888e-002
1.922231e+003,1.314145e-002
1.922713e+003,1.327542e-002
1.923195e+003,1.327538e-002
1.923677e+003,1.315671e-002
1.924159e+003,1.300297e-002
1.924641e+003,1.291166e-002
1.925123e+003,1.293414e-002
1.925605e+003,1.305143e-002
1.926088e+003,1.319083e-002
1.926570e+003,1.326969e-002
1.927052e+003,1.324447e-002
1.927534e+003,1.313605e-002
1.928016e+003,1.302228e-002
1.928498e+003,1.299471e-002
1.928980e+003,1.310099e-002
1.929462e+003,1.331573e-002
1.929945e+003,1.355045e-002
1.930427e+003,1.370492e-002
1.930909e+003,1.371771e-002
1.931391e+003,1.360450e-002
1.931873e+003,1.344644e-002
1.932355e+003,1.334688e-002
1.932837e+003,1.336888e-002
1.933320e+003,1.349882e-002
1.933802e+003,1.365919e-002
1.934284e+003,1.375523e-002
1.934766e+003,1.373403e-002
1.935248e+003,1.361584e-002
1.935730e+003,1.348346e-002
1.936212e+003,1.343251e-002
1.936694e+003,1.351163e-002
1.937177e+003,1.368858e-002
1.937659e+003,1.386930e-002
1.938141e+003,1.395384e-002
1.938623e+003,1.389553e-002
1.939105e+003,1.373322e-002
1.939587e+003,1.357681e-002
1.940069e+003,1.354948e-002
1.940551e+003,1.371641e-002
1.941033e+003,1.404509e-002
1.941516e+003,1.440403e-002
1.941998e+003,1.463221e-002
1.942480e+003,1.462524e-002
1.942962e+003,1.440606e-002
1.943444e+003,1.411230e-002
1.943926e+003,1.390879e-002
1.944408e+003,1.388519e-002
1.944890e+003,1.401312e-002
1.945373e+003,1.417192e-002
1.945855e+003,1.422763e-002
1.946337e+003,1.410629e-002
1.946819e+003,1.384064e-002
1.947301e+003,1.355330e-002
1.947783e+003,1.339030e-002
1.948265e+003,1.343204e-002
1.948748e+003,1.364670e-002
1.949229e+003,1.390852e-002
1.949712e+003,1.407445e-002
1.950194e+003,1.405744e-002
1.950676e+003,1.388087e-002
1.951158e+003,1.366601e-002
1.951640e+003,1.356096e-002
1.952122e+003,1.365311e-002
1.952604e+003,1.391222e-002
1.953087e+003,1.420719e-002
1.953569e+003,1.438192e-002
1.954051e+003,1.433826e-002
1.954533e+003,1.409220e-002
1.955015e+003,1.376663e-002
1.955497e+003,1.352127e-002
1.955979e+003,1.344914e-002
1.956461e+003,1.352833e-002
1.956944e+003,1.363531e-002
1.957426e+003,1.363062e-002
1.957908e+003,1.344448e-002
1.958390e+003,1.314051e-002
1.958872e+003,1.288559e-002
1.959354e+003,1.286543e-002
1.959836e+003,1.316551e-002
1.960318e+003,1.370925e-002
1.960801e+003,1.428683e-002
1.961283e+003,1.467140e-002
1.961765e+003,1.473268e-002
1.962247e+003,1.451783e-002
1.962729e+003,1.422370e-002
1.963211e+003,1.409115e-002
1.963693e+003,1.426146e-002
1.964176e+003,1.470231e-002
1.964657e+003,1.522644e-002
1.965140e+003,1.559714e-002
1.965622e+003,1.565059e-002
1.966104e+003,1.538820e-002
1.966586e+003,1.498637e-002
1.967068e+003,1.468875e-002
1.967550e+003,1.465170e-002
1.968032e+003,1.484298e-002
1.968515e+003,1.507156e-002
1.968997e+003,1.512472e-002
1.969479e+003,1.489412e-002
1.969961e+003,1.445361e-002
1.970443e+003,1.402584e-002
1.970925e+003,1.385975e-002
1.971407e+003,1.408231e-002
1.971889e+003,1.462034e-002
1.972372e+003,1.523001e-002
1.972854e+003,1.563007e-002
1.973336e+003,1.564828e-002
1.973818e+003,1.531761e-002
1.974300e+003,1.487114e-002
1.974782e+003,1.461563e-002
1.975264e+003,1.475981e-002
1.975746e+003,1.530905e-002
1.976229e+003,1.607210e-002
1.976711e+003,1.679498e-002
1.977193e+003,1.729680e-002
1.977675e+003,1.757132e-002
1.978157e+003,1.776455e-002
1.978639e+003,1.806060e-002
1.979121e+003,1.853378e-002
1.979604e+003,1.908866e-002
1.980085e+003,1.951595e-002
1.980568e+003,1.962134e-002
1.981050e+003,1.933317e-002
1.981532e+003,1.875254e-002
1.982014e+003,1.810469e-002
1.982496e+003,1.762783e-002
1.982978e+003,1.744061e-002
1.983460e+003,1.748998e-002
1.983943e+003,1.759540e-002
1.984425e+003,1.756082e-002
1.984907e+003,1.728645e-002
1.985389e+003,1.682317e-002
1.985871e+003,1.635013e-002
1.986353e+003,1.607464e-002
1.986835e+003,1.610410e-002
1.987317e+003,1.639472e-002
1.987800e+003,1.676925e-002
1.988282e+003,1.702552e-002
1.988764e+003,1.703979e-002
1.989246e+003,1.682635e-002
1.989728e+003,1.652192e-002
1.990210e+003,1.629843e-002
1.990692e+003,1.625438e-002
1.991174e+003,1.635292e-002
1.991656e+003,1.644807e-002
1.992139e+003,1.638666e-002
1.992621e+003,1.610606e-002
1.993103e+003,1.569480e-002
1.993585e+003,1.533908e-002
1.994067e+003,1.521791e-002
1.994549e+003,1.539049e-002
1.995031e+003,1.576875e-002
1.995514e+003,1.616157e-002
1.995996e+003,1.637708e-002
1.996478e+003,1.631362e-002
1.996960e+003,1.601124e-002
1.997442e+003,1.562687e-002
1.997924e+003,1.534329e-002
1.998406e+003,1.525945e-002
1.998888e+003,1.533256e-002
1.999371e+003,1.541353e-002
1.999853e+003,1.534488e-002
2.000335e+003,1.505963e-002
2.000817e+003,1.463179e-002
2.001299e+003,1.425047e-002
2.001781e+003,1.411313e-002
2.002263e+003,1.430542e-002
2.002745e+003,1.475152e-002
2.003228e+003,1.524709e-002
2.003710e+003,1.557296e-002
2.004192e+003,1.560625e-002
2.004674e+003,1.539181e-002
2.005156e+003,1.511965e-002
2.005638e+003,1.501842e-002
2.006120e+003,1.520863e-002
2.006603e+003,1.562875e-002
2.007084e+003,1.606546e-002
2.007567e+003,1.628609e-002
2.008049e+003,1.617193e-002
2.008531e+003,1.580565e-002
2.009013e+003,1.542594e-002
2.009495e+003,1.529899e-002
2.009977e+003,1.554967e-002
2.010459e+003,1.609654e-002
2.010942e+003,1.669515e-002
2.011424e+003,1.708265e-002
2.011906e+003,1.710931e-002
2.012388e+003,1.682434e-002
2.012870e+003,1.644750e-002
2.013352e+003,1.624801e-002
2.013834e+003,1.638718e-002
2.014316e+003,1.683509e-002
2.014799e+003,1.739238e-002
2.015281e+003,1.782154e-002
2.015763e+003,1.796889e-002
2.016245e+003,1.786144e-002
2.016727e+003,1.768861e-002
2.017209e+003,1.768813e-002
2.017691e+003,1.797489e-002
2.018173e+003,1.846299e-002
2.018656e+003,1.890585e-002
2.019138e+003,1.904225e-002
2.019620e+003,1.873329e-002
2.020102e+003,1.805281e-002
2.020584e+003,1.724763e-002
2.021066e+003,1.662100e-002
2.021548e+003,1.636273e-002
2.022031e+003,1.646098e-002
2.022512e+003,1.672325e-002
2.022995e+003,1.690598e-002
2.023477e+003,1.684378e-002
2.023959e+003,1.654214e-002
2.024441e+003,1.616517e-002
2.024923e+003,1.592993e-002
2.025405e+003,1.596236e-002
2.025887e+003,1.622177e-002
2.026370e+003,1.653215e-002
2.026852e+003,1.669753e-002
2.027334e+003,1.662065e-002
2.027816e+003,1.637226e-002
2.028298e+003,1.615339e-002
2.028780e+003,1.617708e-002
2.029262e+003,1.652670e-002
2.029744e+003,1.709787e-002
2.030227e+003,1.764785e-002
2.030709e+003,1.794115e-002
2.031191e+003,1.786746e-002
2.031673e+003,1.752136e-002
2.032155e+003,1.715497e-002
2.032637e+003,1.704911e-002
2.033119e+003,1.734103e-002
2.033601e+003,1.796073e-002
2.034083e+003,1.866588e-002
2.034566e+003,1.918891e-002
2.035048e+003,1.937664e-002
2.035530e+003,1.926232e-002
2.036012e+003,1.903759e-002
2.036494e+003,1.893021e-002
2.036976e+003,1.906116e-002
2.037458e+003,1.938041e-002
2.037940e+003,1.970510e-002
2.038423e+003,1.983727e-002
2.038905e+003,1.967519e-002
2.039387e+003,1.927023e-002
2.039869e+003,1.880361e-002
2.040351e+003,1.848603e-002
2.040833e+003,1.843268e-002
2.041315e+003,1.860528e-002
2.041798e+003,1.884370e-002
2.042280e+003,1.897217e-002
2.042762e+003,1.889671e-002
2.043244e+003,1.866185e-002
2.043726e+003,1.841255e-002
2.044208e+003,1.831428e-002
2.044690e+003,1.844075e-002
2.045172e+003,1.873933e-002
2.045655e+003,1.906494e-002
2.046137e+003,1.927553e-002
2.046619e+003,1.931825e-002
2.047101e+003,1.926687e-002
2.047583e+003,1.928305e-002
2.048065e+003,1.951911e-002
2.048547e+003,2.001188e-002
2.049029e+003,2.065230e-002
2.049511e+003,2.122921e-002
2.049994e+003,2.154187e-002
2.050476e+003,2.149209e-002
2.050958e+003,2.112860e-002
2.051440e+003,2.060821e-002
2.051922e+003,2.011751e-002
2.052404e+003,1.977987e-002
2.052886e+003,1.961095e-002
2.053368e+003,1.953168e-002
2.053851e+003,1.943256e-002
2.054333e+003,1.923505e-002
2.054815e+003,1.894270e-002
2.055297e+003,1.863236e-002
2.055779e+003,1.841037e-002
2.056261e+003,1.834256e-002
2.056743e+003,1.841998e-002
2.057226e+003,1.857058e-002
2.057708e+003,1.870281e-002
2.058190e+003,1.876277e-002
2.058672e+003,1.875707e-002
2.059154e+003,1.874598e-002
2.059636e+003,1.879916e-002
2.060118e+003,1.894306e-002
2.060600e+003,1.913734e-002
2.061083e+003,1.929288e-002
2.061565e+003,1.932691e-002
2.062047e+003,1.920613e-002
2.062529e+003,1.897395e-002
2.063011e+003,1.873196e-002
2.063493e+003,1.858806e-002
2.063975e+003,1.859631e-002
2.064457e+003,1.873315e-002
2.064939e+003,1.890703e-002
2.065422e+003,1.902104e-002
2.065904e+003,1.902192e-002
2.066386e+003,1.893342e-002
2.066868e+003,1.883370e-002
2.067350e+003,1.881081e-002
2.067832e+003,1.890091e-002
2.068314e+003,1.906967e-002
2.068796e+003,1.922536e-002
2.069279e+003,1.927608e-002
2.069761e+003,1.917421e-002
2.070243e+003,1.895047e-002
2.070725e+003,1.869615e-002
2.071207e+003,1.852142e-002
2.071689e+003,1.849406e-002
2.072171e+003,1.861268e-002
2.072654e+003,1.881201e-002
2.073135e+003,1.900839e-002
2.073618e+003,1.914285e-002
2.074100e+003,1.921118e-002
2.074582e+003,1.925553e-002
2.075064e+003,1.933229e-002
2.075546e+003,1.947001e-002
2.076028e+003,1.964626e-002
2.076510e+003,1.980118e-002
2.076993e+003,1.987606e-002
2.077475e+003,1.984570e-002
2.077957e+003,1.973988e-002
2.078439e+003,1.962734e-002
2.078921e+003,1.957980e-002
2.079403e+003,1.962771e-002
2.079885e+003,1.974693e-002
2.080367e+003,1.986939e-002
2.080850e+003,1.992488e-002
2.081332e+003,1.987789e-002
2.081814e+003,1.974656e-002
2.082296e+003,1.959078e-002
2.082778e+003,1.947925e-002
2.083260e+003,1.944687e-002
2.083742e+003,1.947994e-002
2.084224e+003,1.952516e-002
2.084707e+003,1.952820e-002
2.085189e+003,1.946346e-002
2.085671e+003,1.935486e-002
2.086153e+003,1.925800e-002
2.086635e+003,1.923095e-002
2.087117e+003,1.929487e-002
2.087599e+003,1.941883e-002
2.088082e+003,1.953351e-002
2.088563e+003,1.956885e-002
2.089046e+003,1.948985e-002
2.089528e+003,1.931518e-002
2.090010e+003,1.910638e-002
2.090492e+003,1.893424e-002
2.090974e+003,1.883957e-002
2.091456e+003,1.881314e-002
2.091938e+003,1.880722e-002
2.092421e+003,1.877198e-002
2.092903e+003,1.868584e-002
2.093385e+003,1.857446e-002
2.093867e+003,1.849865e-002
2.094349e+003,1.852055e-002
2.094831e+003,1.866104e-002
2.095313e+003,1.888845e-002
2.095795e+003,1.912551e-002
2.096278e+003,1.929456e-002
2.096760e+003,1.935649e-002
2.097242e+003,1.932956e-002
2.097724e+003,1.927735e-002
2.098206e+003,1.927127e-002
2.098688e+003,1.934985e-002
2.099170e+003,1.949569e-002
2.099652e+003,1.964986e-002
2.100135e+003,1.974887e-002
2.100617e+003,1.976251e-002
2.101099e+003,1.971120e-002
2.101581e+003,1.965318e-002
2.102063e+003,1.965221e-002
2.102545e+003,1.973466e-002
2.103027e+003,1.987449e-002
2.103510e+003,2.000349e-002
2.103991e+003,2.005383e-002
2.104474e+003,1.999178e-002
2.104956e+003,1.983961e-002
2.105438e+003,1.966366e-002
2.105920e+003,1.954077e-002
2.106402e+003,1.951295e-002
2.106884e+003,1.957161e-002
2.107366e+003,1.966262e-002
2.107849e+003,1.972400e-002
2.108331e+003,1.972166e-002
2.108813e+003,1.966820e-002
2.109295e+003,1.961514e-002
2.109777e+003,1.962084e-002
2.110259e+003,1.971126e-002
2.110741e+003,1.986426e-002
2.111223e+003,2.001722e-002
2.111706e+003,2.010411e-002
2.112188e+003,2.008831e-002
2.112670e+003,1.998300e-002
2.113152e+003,1.984159e-002
2.113634e+003,1.972525e-002
2.114116e+003,1.966720e-002
2.114598e+003,1.965358e-002
2.115080e+003,1.963207e-002
2.115563e+003,1.954696e-002
2.116045e+003,1.937195e-002
2.116527e+003,1.912973e-002
2.117009e+003,1.888059e-002
2.117491e+003,1.869462e-002
2.117973e+003,1.860986e-002
2.118455e+003,1.861460e-002
2.118938e+003,1.865437e-002
2.119420e+003,1.866442e-002
2.119902e+003,1.860502e-002
2.120384e+003,1.848157e-002
2.120866e+003,1.834003e-002
2.121348e+003,1.823758e-002
2.121830e+003,1.820587e-002
2.122312e+003,1.822945e-002
2.122794e+003,1.825425e-002
2.123277e+003,1.821993e-002
2.123759e+003,1.809424e-002
2.124241e+003,1.789344e-002
2.124723e+003,1.767638e-002
2.125205e+003,1.751194e-002
2.125687e+003,1.743466e-002
2.126169e+003,1.742771e-002
2.126651e+003,1.742548e-002
2.127134e+003,1.735100e-002
2.127616e+003,1.715662e-002
2.128098e+003,1.685268e-002
2.128580e+003,1.649959e-002
2.129062e+003,1.618173e-002
2.129544e+003,1.595571e-002
2.130026e+003,1.582470e-002
2.130509e+003,1.573601e-002
2.130990e+003,1.562201e-002
2.131473e+003,1.543759e-002
2.131955e+003,1.519583e-002
2.132437e+003,1.496205e-002
2.132919e+003,1.482884e-002
2.133401e+003,1.485769e-002
2.133883e+003,1.504701e-002
2.134365e+003,1.532991e-002
2.134848e+003,1.561324e-002
2.135330e+003,1.582416e-002
2.135812e+003,1.594709e-002
2.136294e+003,1.602263e-002
2.136776e+003,1.611680e-002
2.137258e+003,1.626506e-002
2.137740e+003,1.644665e-002
2.138222e+003,1.659107e-002
2.138705e+003,1.662468e-002
2.139187e+003,1.651968e-002
2.139669e+003,1.631754e-002
2.140151e+003,1.611209e-002
2.140633e+003,1.600416e-002
2.141115e+003,1.602855e-002
2.141597e+003,1.613547e-002
2.142079e+003,1.620403e-002
2.142562e+003,1.611421e-002
2.143044e+003,1.580859e-002
2.143526e+003,1.534018e-002
2.144008e+003,1.484941e-002
2.144490e+003,1.450078e-002
2.144972e+003,1.439620e-002
2.145454e+003,1.452138e-002
2.145937e+003,1.475347e-002
2.146418e+003,1.494033e-002
2.146901e+003,1.497115e-002
2.147383e+003,1.484054e-002
2.147865e+003,1.464071e-002
2.148347e+003,1.450806e-002
2.148829e+003,1.452636e-002
2.149311e+003,1.467849e-002
2.149793e+003,1.484859e-002
2.150276e+003,1.489405e-002
2.150758e+003,1.472406e-002
2.151240e+003,1.435169e-002
2.151722e+003,1.389529e-002
2.152204e+003,1.350829e-002
2.152686e+003,1.328845e-002
2.153168e+003,1.322268e-002
2.153650e+003,1.318331e-002
2.154133e+003,1.302304e-002
2.154615e+003,1.264829e-002
2.155097e+003,1.209295e-002
2.155579e+003,1.151883e-002
2.156061e+003,1.114858e-002
2.156543e+003,1.115136e-002
2.157025e+003,1.157844e-002
2.157507e+003,1.234389e-002
2.157990e+003,1.331459e-002
2.158472e+003,1.439035e-002
2.158954e+003,1.555626e-002
2.159436e+003,1.685554e-002
2.159918e+003,1.829416e-002
2.160400e+003,1.975726e-002
2.160882e+003,2.100616e-002
2.161365e+003,2.177325e-002
2.161846e+003,2.190479e-002
2.162329e+003,2.143295e-002
2.162811e+003,2.059138e-002
2.163293e+003,1.972464e-002
2.163775e+003,1.915029e-002
2.164257e+003,1.901193e-002
2.164739e+003,1.923987e-002
2.165221e+003,1.960669e-002
2.165704e+003,1.986695e-002
2.166186e+003,1.987167e-002
2.166668e+003,1.963569e-002
2.167150e+003,1.930593e-002
2.167632e+003,1.907302e-002
2.168114e+003,1.904560e-002
2.168596e+003,1.920103e-002
2.169078e+003,1.940418e-002
2.169561e+003,1.949354e-002
2.170043e+003,1.937096e-002
2.170525e+003,1.904725e-002
2.171007e+003,1.863685e-002
2.171489e+003,1.828513e-002
2.171971e+003,1.808288e-002
2.172453e+003,1.802357e-002
2.172935e+003,1.801781e-002
2.173417e+003,1.796514e-002
2.173900e+003,1.782532e-002
2.174382e+003,1.764861e-002
2.174864e+003,1.755759e-002
2.175346e+003,1.767237e-002
2.175828e+003,1.802578e-002
2.176310e+003,1.853168e-002
2.176792e+003,1.901526e-002
2.177274e+003,1.931211e-002
2.177757e+003,1.933590e-002
2.178239e+003,1.913078e-002
2.178721e+003,1.883716e-002
2.179203e+003,1.862141e-002
2.179685e+003,1.858133e-002
2.180167e+003,1.869883e-002
2.180649e+003,1.886120e-002
2.181132e+003,1.893969e-002
2.181614e+003,1.886401e-002
2.182096e+003,1.866877e-002
2.182578e+003,1.847333e-002
2.183060e+003,1.841074e-002
2.183542e+003,1.854007e-002
2.184024e+003,1.880499e-002
2.184506e+003,1.906263e-002
2.184989e+003,1.916996e-002
2.185471e+003,1.904955e-002
2.185953e+003,1.873774e-002
2.186435e+003,1.836216e-002
2.186917e+003,1.807592e-002
2.187399e+003,1.796814e-002
2.187881e+003,1.803091e-002
2.188363e+003,1.816828e-002
2.188845e+003,1.826684e-002
2.189328e+003,1.825733e-002
2.189810e+003,1.815425e-002
2.190292e+003,1.804035e-002
2.190774e+003,1.801651e-002
2.191256e+003,1.813073e-002
2.191738e+003,1.835169e-002
2.192220e+003,1.857975e-002
2.192702e+003,1.871216e-002
2.193185e+003,1.869560e-002
2.193667e+003,1.855814e-002
2.194149e+003,1.839144e-002
2.194631e+003,1.830274e-002
2.195113e+003,1.834799e-002
2.195595e+003,1.850814e-002
2.196077e+003,1.870022e-002
2.196560e+003,1.883913e-002
2.197042e+003,1.888358e-002
2.197524e+003,1.886307e-002
2.198006e+003,1.885978e-002
2.198488e+003,1.895984e-002
2.198970e+003,1.919420e-002
2.199452e+003,1.951775e-002
2.199934e+003,1.982316e-002
2.200417e+003,2.000699e-002
2.200899e+003,2.001353e-002
2.201381e+003,1.986226e-002
2.201863e+003,1.963482e-002
2.202345e+003,1.943066e-002
2.202827e+003,1.930301e-002
2.203309e+003,1.924355e-002
2.203791e+003,1.918779e-002
2.204273e+003,1.907164e-002
2.204756e+003,1.887082e-002
2.205238e+003,1.862347e-002
2.205720e+003,1.840781e-002
2.206202e+003,1.830170e-002
2.206684e+003,1.832962e-002
2.207166e+003,1.844829e-002
2.207648e+003,1.856761e-002
2.208130e+003,1.860986e-002
2.208613e+003,1.854707e-002
2.209095e+003,1.842157e-002
2.209577e+003,1.831962e-002
2.210059e+003,1.832168e-002
2.210541e+003,1.844610e-002
2.211023e+003,1.863640e-002
2.211505e+003,1.878631e-002
2.211988e+003,1.879811e-002
2.212469e+003,1.863551e-002
2.212952e+003,1.834402e-002
2.213434e+003,1.802865e-002
2.213916e+003,1.780052e-002
2.214398e+003,1.771710e-002
2.214880e+003,1.775594e-002
2.215362e+003,1.783032e-002
2.215844e+003,1.785162e-002
2.216327e+003,1.777180e-002
2.216809e+003,1.761482e-002
2.217291e+003,1.745831e-002
2.217773e+003,1.739065e-002
2.218255e+003,1.745146e-002
2.218737e+003,1.761195e-002
2.219219e+003,1.778563e-002
2.219701e+003,1.788367e-002
2.220184e+003,1.786125e-002
2.220666e+003,1.774026e-002
2.221148e+003,1.759975e-002
2.221630e+003,1.753078e-002
2.222112e+003,1.758070e-002
2.222594e+003,1.773144e-002
2.223076e+003,1.790801e-002
2.223558e+003,1.802824e-002
2.224041e+003,1.804701e-002
2.224523e+003,1.798229e-002
2.225005e+003,1.790522e-002
2.225487e+003,1.790016e-002
2.225969e+003,1.801472e-002
2.226451e+003,1.823382e-002
2.226933e+003,1.848850e-002
2.227416e+003,1.869729e-002
2.227897e+003,1.880738e-002
2.228380e+003,1.882004e-002
2.228862e+003,1.878473e-002
2.229344e+003,1.876913e-002
2.229826e+003,1.881184e-002
2.230308e+003,1.890286e-002
2.230790e+003,1.898941e-002
2.231272e+003,1.901115e-002
2.231755e+003,1.893699e-002
2.232237e+003,1.878248e-002
2.232719e+003,1.860809e-002
2.233201e+003,1.848608e-002
2.233683e+003,1.845877e-002
2.234165e+003,1.852333e-002
2.234647e+003,1.863292e-002
2.235129e+003,1.873267e-002
2.235612e+003,1.878603e-002
2.236094e+003,1.879431e-002
2.236576e+003,1.878937e-002
2.237058e+003,1.880793e-002
2.237540e+003,1.886217e-002
2.238022e+003,1.892688e-002
2.238504e+003,1.895387e-002
2.238986e+003,1.890281e-002
2.239469e+003,1.876942e-002
2.239951e+003,1.859415e-002
2.240433e+003,1.844547e-002
2.240915e+003,1.838761e-002
2.241397e+003,1.844258e-002
2.241879e+003,1.857790e-002
2.242361e+003,1.872110e-002
2.242844e+003,1.879853e-002
2.243326e+003,1.877060e-002
2.243808e+003,1.864981e-002
2.244290e+003,1.849200e-002
2.244772e+003,1.836712e-002
2.245254e+003,1.832027e-002
2.245736e+003,1.835105e-002
2.246218e+003,1.842036e-002
2.246700e+003,1.847909e-002
2.247183e+003,1.849505e-002
2.247665e+003,1.847093e-002
2.248147e+003,1.843739e-002
2.248629e+003,1.843231e-002
2.249111e+003,1.846785e-002
2.249593e+003,1.852491e-002
2.250075e+003,1.855783e-002
2.250557e+003,1.852532e-002
2.251040e+003,1.841513e-002
2.251522e+003,1.825732e-002
2.252004e+003,1.811018e-002
2.252486e+003,1.803727e-002
2.252968e+003,1.806942e-002
2.253450e+003,1.819362e-002
2.253932e+003,1.835958e-002
2.254415e+003,1.851041e-002
2.254896e+003,1.860962e-002
2.255379e+003,1.865778e-002
2.255861e+003,1.868637e-002
2.256343e+003,1.873472e-002
2.256825e+003,1.881921e-002
2.257307e+003,1.892487e-002
2.257789e+003,1.900801e-002
2.258271e+003,1.902786e-002
2.258754e+003,1.896813e-002
2.259236e+003,1.884809e-002
2.259718e+003,1.871619e-002
2.260200e+003,1.862569e-002
2.260682e+003,1.860600e-002
2.261164e+003,1.864974e-002
2.261646e+003,1.872101e-002
2.262128e+003,1.878131e-002
2.262611e+003,1.881221e-002
2.263093e+003,1.882799e-002
2.263575e+003,1.886801e-002
2.264057e+003,1.897335e-002
2.264539e+003,1.915863e-002
2.265021e+003,1.939966e-002
2.265503e+003,1.964077e-002
2.265985e+003,1.982022e-002
2.266468e+003,1.989892e-002
2.266950e+003,1.987679e-002
2.267432e+003,1.978841e-002
2.267914e+003,1.968774e-002
2.268396e+003,1.961785e-002
2.268878e+003,1.959557e-002
2.269360e+003,1.960916e-002
2.269843e+003,1.963535e-002
2.270324e+003,1.965456e-002
2.270807e+003,1.966411e-002
2.271289e+003,1.967450e-002
2.271771e+003,1.970041e-002
2.272253e+003,1.974484e-002
2.272735e+003,1.979213e-002
2.273217e+003,1.981800e-002
2.273699e+003,1.980298e-002
2.274182e+003,1.974968e-002
2.274664e+003,1.968167e-002
2.275146e+003,1.963709e-002
2.275628e+003,1.964779e-002
2.276110e+003,1.972211e-002
2.276592e+003,1.983726e-002
2.277074e+003,1.995278e-002
2.277556e+003,2.003154e-002
2.278039e+003,2.005797e-002
2.278521e+003,2.004503e-002
2.279003e+003,2.002747e-002
2.279485e+003,2.004249e-002
2.279967e+003,2.010817e-002
2.280449e+003,2.021754e-002
2.280931e+003,2.034199e-002
2.281413e+003,2.045116e-002
2.281896e+003,2.053012e-002
2.282378e+003,2.058657e-002
2.282860e+003,2.064460e-002
2.283342e+003,2.072992e-002
2.283824e+003,2.085284e-002
2.284306e+003,2.099932e-002
2.284788e+003,2.113838e-002
2.285271e+003,2.123729e-002
2.285752e+003,2.127914e-002
2.286235e+003,2.126978e-002
2.286717e+003,2.123332e-002
2.287199e+003,2.119908e-002
2.287681e+003,2.118404e-002
2.288163e+003,2.118680e-002
2.288645e+003,2.118824e-002
2.289127e+003,2.116605e-002
2.289610e+003,2.110875e-002
2.290092e+003,2.102259e-002
2.290574e+003,2.092741e-002
2.291056e+003,2.084716e-002
2.291538e+003,2.079534e-002
2.292020e+003,2.076769e-002
2.292502e+003,2.074561e-002
2.292984e+003,2.070847e-002
2.293467e+003,2.064493e-002
2.293949e+003,2.056105e-002
2.294431e+003,2.047721e-002
2.294913e+003,2.041678e-002
2.295395e+003,2.039506e-002
2.295877e+003,2.041014e-002
2.296359e+003,2.044627e-002
2.296841e+003,2.048248e-002
2.297323e+003,2.050481e-002
2.297806e+003,2.051129e-002
2.298288e+003,2.051062e-002
2.298770e+003,2.051555e-002
2.299252e+003,2.053120e-002
2.299734e+003,2.055106e-002
2.300216e+003,2.056120e-002
2.300698e+003,2.054863e-002
2.301180e+003,2.051285e-002
2.301663e+003,2.046585e-002
2.302145e+003,2.042841e-002
2.302627e+003,2.042031e-002
2.303109e+003,2.044740e-002
2.303591e+003,2.049718e-002
2.304073e+003,2.054448e-002
2.304555e+003,2.056468e-002
2.305038e+003,2.054661e-002
2.305520e+003,2.049828e-002
2.306002e+003,2.044516e-002
2.306484e+003,2.041684e-002
2.306966e+003,2.043343e-002
2.307448e+003,2.049513e-002
2.307930e+003,2.058410e-002
2.308412e+003,2.067562e-002
2.308895e+003,2.074835e-002
2.309377e+003,2.079619e-002
2.309859e+003,2.082656e-002
2.310341e+003,2.085505e-002
2.310823e+003,2.089052e-002
2.311305e+003,2.093312e-002
2.311787e+003,2.097072e-002
2.312269e+003,2.099035e-002
2.312751e+003,2.098636e-002
2.313234e+003,2.096780e-002
2.313716e+003,2.095331e-002
2.314198e+003,2.096362e-002
2.314680e+003,2.100973e-002
2.315162e+003,2.108539e-002
2.315644e+003,2.117143e-002
2.316126e+003,2.124677e-002
2.316608e+003,2.129831e-002
2.317091e+003,2.132893e-002
2.317573e+003,2.135565e-002
2.318055e+003,2.140081e-002
2.318537e+003,2.147919e-002
2.319019e+003,2.159308e-002
2.319501e+003,2.173208e-002
2.319983e+003,2.188436e-002
2.320466e+003,2.204622e-002
2.320948e+003,2.222508e-002
2.321430e+003,2.243448e-002
2.321912e+003,2.268067e-002
2.322394e+003,2.294772e-002
2.322876e+003,2.319408e-002
2.323358e+003,2.336174e-002
2.323840e+003,2.339763e-002
2.324323e+003,2.327394e-002
2.324805e+003,2.299826e-002
2.325287e+003,2.261089e-002
2.325769e+003,2.216994e-002
2.326251e+003,2.173263e-002
2.326733e+003,2.134132e-002
2.327215e+003,2.101564e-002
2.327697e+003,2.075686e-002
2.328179e+003,2.055724e-002
2.328662e+003,2.040717e-002
2.329144e+003,2.030296e-002
2.329626e+003,2.024488e-002
2.330108e+003,2.022937e-002
2.330590e+003,2.024585e-002
2.331072e+003,2.027510e-002
2.331554e+003,2.029702e-002
2.332036e+003,2.029815e-002
2.332519e+003,2.027987e-002
2.333001e+003,2.025307e-002
2.333483e+003,2.023557e-002
2.333965e+003,2.023879e-002
2.334447e+003,2.026223e-002
2.334929e+003,2.029278e-002
2.335411e+003,2.031394e-002
2.335894e+003,2.031403e-002
2.336375e+003,2.029224e-002
2.336858e+003,2.026001e-002
2.337340e+003,2.023299e-002
2.337822e+003,2.022199e-002
2.338304e+003,2.022600e-002
2.338786e+003,2.023349e-002
2.339268e+003,2.023181e-002
2.339750e+003,2.021470e-002
2.340233e+003,2.018778e-002
2.340715e+003,2.016766e-002
2.341197e+003,2.017117e-002
2.341679e+003,2.020541e-002
2.342161e+003,2.026181e-002
2.342643e+003,2.031920e-002
2.343125e+003,2.035506e-002
2.343607e+003,2.035727e-002
2.344090e+003,2.032952e-002
2.344572e+003,2.029004e-002
2.345054e+003,2.025997e-002
2.345536e+003,2.025161e-002
2.346018e+003,2.026275e-002
2.346500e+003,2.027929e-002
2.346982e+003,2.028615e-002
2.347464e+003,2.027706e-002
2.347947e+003,2.025496e-002
2.348429e+003,2.023063e-002
2.348911e+003,2.021628e-002
2.349393e+003,2.021861e-002
2.349875e+003,2.023586e-002
2.350357e+003,2.025757e-002
2.350839e+003,2.026951e-002
2.351322e+003,2.026087e-002
2.351803e+003,2.023172e-002
2.352286e+003,2.019469e-002
2.352768e+003,2.017060e-002
2.353250e+003,2.017609e-002
2.353732e+003,2.021371e-002
2.354214e+003,2.026901e-002
2.354696e+003,2.031868e-002
2.355178e+003,2.034378e-002
2.355661e+003,2.033823e-002
2.356143e+003,2.031627e-002
2.356625e+003,2.030091e-002
2.357107e+003,2.031136e-002
2.357589e+003,2.035233e-002
2.358071e+003,2.041117e-002
2.358553e+003,2.046684e-002
2.359035e+003,2.050189e-002
2.359518e+003,2.051214e-002
2.360000e+003,2.050692e-002
2.360482e+003,2.049930e-002
2.360964e+003,2.049495e-002
2.361446e+003,2.048428e-002
2.361928e+003,2.044671e-002
2.362410e+003,2.036424e-002
2.362892e+003,2.023537e-002
2.363375e+003,2.007849e-002
2.363857e+003,1.992781e-002
2.364339e+003,1.981934e-002
2.364821e+003,1.977209e-002
2.365303e+003,1.978244e-002
2.365785e+003,1.982810e-002
2.366267e+003,1.988058e-002
2.366750e+003,1.992069e-002
2.367232e+003,1.994346e-002
2.367714e+003,1.995713e-002
2.368196e+003,1.997239e-002
2.368678e+003,1.999270e-002
2.369160e+003,2.000917e-002
2.369642e+003,2.000780e-002
2.370124e+003,1.998096e-002
2.370606e+003,1.993313e-002
2.371089e+003,1.988312e-002
2.371571e+003,1.985560e-002
2.372053e+003,1.986885e-002
2.372535e+003,1.992298e-002
2.373017e+003,2.000046e-002
2.373499e+003,2.007284e-002
2.373981e+003,2.011550e-002
2.374463e+003,2.011790e-002
2.374946e+003,2.008893e-002
2.375428e+003,2.004911e-002
2.375910e+003,2.002195e-002
2.376392e+003,2.002088e-002
2.376874e+003,2.004494e-002
2.377356e+003,2.008049e-002
2.377838e+003,2.011300e-002
2.378321e+003,2.013186e-002
2.378802e+003,2.013787e-002
2.379285e+003,2.013914e-002
2.379767e+003,2.014563e-002
2.380249e+003,2.016113e-002
2.380731e+003,2.018251e-002
2.381213e+003,2.019931e-002
2.381695e+003,2.020283e-002
2.382177e+003,2.019067e-002
2.382660e+003,2.016964e-002
2.383142e+003,2.015343e-002
2.383624e+003,2.015452e-002
2.384106e+003,2.017801e-002
2.384588e+003,2.021810e-002
2.385070e+003,2.026039e-002
2.385552e+003,2.028955e-002
2.386034e+003,2.029632e-002
2.386517e+003,2.028203e-002
2.386999e+003,2.025734e-002
2.387481e+003,2.023691e-002
2.387963e+003,2.023082e-002
2.388445e+003,2.024048e-002
2.388927e+003,2.025901e-002
2.389409e+003,2.027618e-002
2.389891e+003,2.028520e-002
2.390374e+003,2.028711e-002
2.390856e+003,2.028983e-002
2.391338e+003,2.030394e-002
2.391820e+003,2.033510e-002
2.392302e+003,2.038059e-002
2.392784e+003,2.042957e-002
2.393266e+003,2.046984e-002
2.393749e+003,2.049427e-002
2.394230e+003,2.050422e-002
2.394713e+003,2.050891e-002
2.395195e+003,2.052017e-002
2.395677e+003,2.054535e-002
2.396159e+003,2.058115e-002
2.396641e+003,2.061744e-002
2.397123e+003,2.064128e-002
2.397605e+003,2.064470e-002
2.398088e+003,2.062883e-002
2.398570e+003,2.060485e-002
2.399052e+003,2.058605e-002
2.399534e+003,2.058305e-002
2.400016e+003,2.059822e-002
2.400498e+003,2.062434e-002
2.400980e+003,2.065283e-002
2.401462e+003,2.067815e-002
2.401945e+003,2.070049e-002
2.402427e+003,2.072681e-002
2.402909e+003,2.076500e-002
2.403391e+003,2.081661e-002
2.403873e+003,2.087555e-002
2.404355e+003,2.092924e-002
2.404837e+003,2.096693e-002
2.405319e+003,2.098569e-002
2.405802e+003,2.099388e-002
2.406284e+003,2.100858e-002
2.406766e+003,2.104623e-002
2.407248e+003,2.111572e-002
2.407730e+003,2.121047e-002
2.408212e+003,2.131301e-002
2.408694e+003,2.140248e-002
2.409177e+003,2.146388e-002
2.409658e+003,2.149491e-002
2.410141e+003,2.150492e-002
2.410623e+003,2.150987e-002
2.411105e+003,2.152094e-002
2.411587e+003,2.154074e-002
2.412069e+003,2.156202e-002
2.412551e+003,2.157432e-002
2.413033e+003,2.157194e-002
2.413516e+003,2.155813e-002
2.413998e+003,2.154390e-002
2.414480e+003,2.154412e-002
2.414962e+003,2.156648e-002
2.415444e+003,2.160779e-002
2.415926e+003,2.165468e-002
2.416408e+003,2.169185e-002
2.416890e+003,2.170935e-002
2.417373e+003,2.170894e-002
2.417855e+003,2.170320e-002
2.418337e+003,2.170868e-002
2.418819e+003,2.173616e-002
2.419301e+003,2.178469e-002
2.419783e+003,2.184166e-002
2.420265e+003,2.188990e-002
2.420747e+003,2.191646e-002
2.421229e+003,2.191935e-002
2.421712e+003,2.190913e-002
2.422194e+003,2.190259e-002
2.422676e+003,2.191523e-002
2.423158e+003,2.195172e-002
2.423640e+003,2.200652e-002
2.424122e+003,2.206749e-002
2.424604e+003,2.212308e-002
2.425086e+003,2.216875e-002
2.425569e+003,2.220698e-002
2.426051e+003,2.224571e-002
2.426533e+003,2.228971e-002
2.427015e+003,2.233669e-002
2.427497e+003,2.237834e-002
2.427979e+003,2.240448e-002
2.428461e+003,2.241057e-002
2.428944e+003,2.240072e-002
2.429426e+003,2.238716e-002
2.429908e+003,2.238642e-002
2.430390e+003,2.240904e-002
2.430872e+003,2.245519e-002
2.431354e+003,2.251536e-002
2.431836e+003,2.257663e-002
2.432318e+003,2.262853e-002
2.432801e+003,2.266802e-002
2.433283e+003,2.270150e-002
2.433765e+003,2.273772e-002
2.434247e+003,2.278211e-002
2.434729e+003,2.283345e-002
2.435211e+003,2.288381e-002
2.435693e+003,2.292446e-002
2.436175e+003,2.295193e-002
2.436657e+003,2.297091e-002
2.437140e+003,2.299230e-002
2.437622e+003,2.302730e-002
2.438104e+003,2.307974e-002
2.438586e+003,2.314269e-002
2.439068e+003,2.320071e-002
2.439550e+003,2.323859e-002
2.440032e+003,2.324938e-002
2.440514e+003,2.323869e-002
2.440997e+003,2.322236e-002
2.441479e+003,2.321918e-002
2.441961e+003,2.324096e-002
2.442443e+003,2.328716e-002
2.442925e+003,2.334405e-002
2.443407e+003,2.339476e-002
2.443889e+003,2.342678e-002
2.444372e+003,2.343852e-002
2.444854e+003,2.344057e-002
2.445336e+003,2.344851e-002
2.445818e+003,2.347583e-002
2.446300e+003,2.352488e-002
2.446782e+003,2.358754e-002
2.447264e+003,2.365080e-002
2.447746e+003,2.370539e-002
2.448229e+003,2.374788e-002
2.448711e+003,2.378516e-002
2.449193e+003,2.382827e-002
2.449675e+003,2.388476e-002
2.450157e+003,2.395448e-002
2.450639e+003,2.402962e-002
2.451121e+003,2.409947e-002
2.451604e+003,2.415689e-002
2.452085e+003,2.420303e-002
2.452568e+003,2.424586e-002
2.453050e+003,2.429612e-002
2.453532e+003,2.435961e-002
2.454014e+003,2.443237e-002
2.454496e+003,2.450283e-002
2.454978e+003,2.455733e-002
2.455460e+003,2.458813e-002
2.455943e+003,2.459654e-002
2.456425e+003,2.459329e-002
2.456907e+003,2.459253e-002
2.457389e+003,2.460361e-002
2.457871e+003,2.462644e-002
2.458353e+003,2.465135e-002
2.458835e+003,2.466645e-002
2.459317e+003,2.466378e-002
2.459800e+003,2.464459e-002
2.460282e+003,2.461856e-002
2.460764e+003,2.459985e-002
2.461246e+003,2.459858e-002
2.461728e+003,2.461575e-002
2.462210e+003,2.464386e-002
2.462692e+003,2.467266e-002
2.463174e+003,2.469544e-002
2.463656e+003,2.471247e-002
2.464139e+003,2.473143e-002
2.464621e+003,2.476176e-002
2.465103e+003,2.480807e-002
2.465585e+003,2.486618e-002
2.466067e+003,2.492239e-002
2.466549e+003,2.496282e-002
2.467031e+003,2.497891e-002
2.467513e+003,2.497216e-002
2.467996e+003,2.495569e-002
2.468478e+003,2.494566e-002
2.468960e+003,2.495548e-002
2.469442e+003,2.498857e-002
2.469924e+003,2.503827e-002
2.470406e+003,2.509318e-002
2.470888e+003,2.514442e-002
2.471371e+003,2.518982e-002
2.471853e+003,2.523464e-002
2.472335e+003,2.528795e-002
2.472817e+003,2.535547e-002
2.473299e+003,2.543400e-002
2.473781e+003,2.551417e-002
2.474263e+003,2.558311e-002
2.474745e+003,2.563294e-002
2.475228e+003,2.566364e-002
2.475710e+003,2.568275e-002
2.476192e+003,2.570288e-002
2.476674e+003,2.573259e-002
2.477156e+003,2.577358e-002
2.477638e+003,2.582031e-002
2.478120e+003,2.586528e-002
2.478602e+003,2.590489e-002
2.479084e+003,2.594173e-002
2.479567e+003,2.598440e-002
2.480049e+003,2.604257e-002
2.480531e+003,2.611954e-002
2.481013e+003,2.621011e-002
2.481495e+003,2.630131e-002
2.481977e+003,2.637956e-002
2.482459e+003,2.643611e-002
2.482941e+003,2.647278e-002
2.483424e+003,2.649900e-002
2.483906e+003,2.652717e-002
2.484388e+003,2.656539e-002
2.484870e+003,2.661148e-002
2.485352e+003,2.665732e-002
2.485834e+003,2.669263e-002
2.486316e+003,2.671250e-002
2.486799e+003,2.672174e-002
2.487281e+003,2.673140e-002
2.487763e+003,2.675466e-002
2.488245e+003,2.679779e-002
2.488727e+003,2.685599e-002
2.489209e+003,2.691530e-002
2.489691e+003,2.696103e-002
2.490173e+003,2.698520e-002
2.490656e+003,2.699067e-002
2.491138e+003,2.699320e-002
2.491620e+003,2.701154e-002
2.492102e+003,2.706071e-002
2.492584e+003,2.714131e-002
2.493066e+003,2.724244e-002
2.493548e+003,2.734626e-002
2.494030e+003,2.743494e-002
2.494512e+003,2.749933e-002
2.494995e+003,2.754026e-002
2.495477e+003,2.756483e-002
2.495959e+003,2.758238e-002
2.496441e+003,2.759594e-002
2.496923e+003,2.760500e-002
2.497405e+003,2.760668e-002
2.497887e+003,2.760157e-002
2.498370e+003,2.759560e-002
2.498852e+003,2.760050e-002
2.499334e+003,2.762740e-002
2.499816e+003,2.768167e-002
2.500298e+003,2.775823e-002
2.500780e+003,2.784401e-002
2.501262e+003,2.792318e-002
2.501744e+003,2.798563e-002
2.502227e+003,2.803016e-002
2.502709e+003,2.806389e-002
2.503191e+003,2.809909e-002
2.503673e+003,2.814162e-002
2.504155e+003,2.819131e-002
2.504637e+003,2.823908e-002
2.505119e+003,2.827501e-002
2.505601e+003,2.829357e-002
2.506083e+003,2.829859e-002
2.506566e+003,2.830267e-002
2.507048e+003,2.832082e-002
2.507530e+003,2.836319e-002
2.508012e+003,2.842860e-002
2.508494e+003,2.850540e-002
2.508976e+003,2.857854e-002
2.509458e+003,2.863628e-002
2.509940e+003,2.867534e-002
2.510423e+003,2.870296e-002
2.510905e+003,2.873222e-002
2.511387e+003,2.877285e-002
2.511869e+003,2.882734e-002
2.512351e+003,2.888869e-002
2.512833e+003,2.894519e-002
2.513315e+003,2.898674e-002
2.513798e+003,2.900949e-002
2.514280e+003,2.901806e-002
2.514762e+003,2.902302e-002
2.515244e+003,2.903440e-002
2.515726e+003,2.905855e-002
2.516208e+003,2.909536e-002
2.516690e+003,2.914230e-002
2.517172e+003,2.919791e-002
2.517655e+003,2.926236e-002
2.518137e+003,2.933953e-002
2.518619e+003,2.943156e-002
2.519101e+003,2.953477e-002
2.519583e+003,2.963975e-002
2.520065e+003,2.973276e-002
2.520547e+003,2.980213e-002
2.521029e+003,2.984466e-002
2.521511e+003,2.986684e-002
2.521994e+003,2.988235e-002
2.522476e+003,2.990584e-002
2.522958e+003,2.994618e-002
2.523440e+003,3.000054e-002
2.523922e+003,3.005887e-002
2.524404e+003,3.010889e-002
2.524886e+003,3.014319e-002
2.525368e+003,3.016262e-002
2.525851e+003,3.017629e-002
2.526333e+003,3.019513e-002
2.526815e+003,3.022447e-002
2.527297e+003,3.026209e-002
2.527779e+003,3.029722e-002
2.528261e+003,3.031936e-002
2.528743e+003,3.032419e-002
2.529226e+003,3.031525e-002
2.529708e+003,3.030517e-002
2.530190e+003,3.030810e-002
2.530672e+003,3.033206e-002
2.531154e+003,3.037457e-002
2.531636e+003,3.042356e-002
2.532118e+003,3.046515e-002
2.532600e+003,3.048984e-002
2.533083e+003,3.049824e-002
2.533565e+003,3.049938e-002
2.534047e+003,3.050700e-002
2.534529e+003,3.053033e-002
2.535011e+003,3.056964e-002
2.535493e+003,3.061657e-002
2.535975e+003,3.066128e-002
2.536457e+003,3.069675e-002
2.536939e+003,3.072488e-002
2.537422e+003,3.075492e-002
2.537904e+003,3.079796e-002
2.538386e+003,3.086072e-002
2.538868e+003,3.093890e-002
2.539350e+003,3.102136e-002
2.539832e+003,3.109304e-002
2.540314e+003,3.114569e-002
2.540796e+003,3.117975e-002
2.541279e+003,3.120610e-002
2.541761e+003,3.123871e-002
2.542243e+003,3.128814e-002
2.542725e+003,3.135509e-002
2.543207e+003,3.143013e-002
2.543689e+003,3.149991e-002
2.544171e+003,3.155385e-002
2.544654e+003,3.158924e-002
2.545135e+003,3.161258e-002
2.545618e+003,3.163445e-002
2.546100e+003,3.166397e-002
2.546582e+003,3.170097e-002
2.547064e+003,3.173866e-002
2.547546e+003,3.176769e-002
2.548028e+003,3.178196e-002
2.548510e+003,3.178336e-002
2.548993e+003,3.178165e-002
2.549475e+003,3.179105e-002
2.549957e+003,3.182192e-002
2.550439e+003,3.187517e-002
2.550921e+003,3.194296e-002
2.551403e+003,3.201209e-002
2.551885e+003,3.207218e-002
2.552367e+003,3.211845e-002
2.552850e+003,3.215483e-002
2.553332e+003,3.218956e-002
2.553814e+003,3.223022e-002
2.554296e+003,3.227769e-002
2.554778e+003,3.232657e-002
2.555260e+003,3.236903e-002
2.555742e+003,3.240085e-002
2.556224e+003,3.242292e-002
2.556707e+003,3.244369e-002
2.557189e+003,3.247423e-002
2.557671e+003,3.252146e-002
2.558153e+003,3.258546e-002
2.558635e+003,3.265734e-002
2.559117e+003,3.272680e-002
2.559599e+003,3.278424e-002
2.560082e+003,3.282807e-002
2.560563e+003,3.286327e-002
2.561046e+003,3.289908e-002
2.561528e+003,3.294374e-002
2.562010e+003,3.299830e-002
2.562492e+003,3.305830e-002
2.562974e+003,3.311639e-002
2.563456e+003,3.316760e-002
2.563938e+003,3.321244e-002
2.564421e+003,3.325712e-002
2.564903e+003,3.331039e-002
2.565385e+003,3.337893e-002
2.565867e+003,3.346220e-002
2.566349e+003,3.355358e-002
2.566831e+003,3.364402e-002
2.567313e+003,3.372593e-002
2.567795e+003,3.379707e-002
2.568278e+003,3.385990e-002
2.568760e+003,3.391943e-002
2.569242e+003,3.397854e-002
2.569724e+003,3.403503e-002
2.570206e+003,3.408322e-002
2.570688e+003,3.411771e-002
2.571170e+003,3.413817e-002
2.571652e+003,3.415054e-002
2.572135e+003,3.416573e-002
2.572617e+003,3.419489e-002
2.573099e+003,3.424455e-002
2.573581e+003,3.431226e-002
2.574063e+003,3.438905e-002
2.574545e+003,3.446402e-002
2.575027e+003,3.452996e-002
2.575510e+003,3.458606e-002
2.575991e+003,3.463823e-002
2.576474e+003,3.469490e-002
2.576956e+003,3.475978e-002
2.577438e+003,3.483078e-002
2.577920e+003,3.490021e-002
2.578402e+003,3.495883e-002
2.578884e+003,3.500310e-002
2.579366e+003,3.503653e-002
2.579849e+003,3.506866e-002
2.580331e+003,3.511218e-002
2.580813e+003,3.517415e-002
2.581295e+003,3.525292e-002
2.581777e+003,3.533922e-002
2.582259e+003,3.541973e-002
2.582741e+003,3.548455e-002
2.583223e+003,3.553005e-002
2.583706e+003,3.556098e-002
2.584188e+003,3.558520e-002
2.584670e+003,3.561182e-002
2.585152e+003,3.564295e-002
2.585634e+003,3.567675e-002
2.586116e+003,3.570941e-002
2.586598e+003,3.573818e-002
2.587080e+003,3.576608e-002
2.587563e+003,3.580010e-002
2.588045e+003,3.584846e-002
2.588527e+003,3.591625e-002
2.589009e+003,3.600176e-002
2.589491e+003,3.609715e-002
2.589973e+003,3.619338e-002
2.590455e+003,3.628334e-002
2.590938e+003,3.636440e-002
2.591419e+003,3.643910e-002
2.591902e+003,3.651215e-002
2.592384e+003,3.658478e-002
2.592866e+003,3.665557e-002
2.593348e+003,3.671779e-002
2.593830e+003,3.676696e-002
2.594312e+003,3.680390e-002
2.594794e+003,3.683535e-002
2.595277e+003,3.687338e-002
2.595759e+003,3.692973e-002
2.596241e+003,3.700940e-002
2.596723e+003,3.710829e-002
2.597205e+003,3.721417e-002
2.597687e+003,3.731209e-002
2.598169e+003,3.739119e-002
2.598651e+003,3.744832e-002
2.599134e+003,3.748803e-002
2.599616e+003,3.752179e-002
2.600098e+003,3.755947e-002
2.600580e+003,3.760608e-002
2.601062e+003,3.766126e-002
2.601544e+003,3.772118e-002
2.602026e+003,3.778406e-002
2.602508e+003,3.784937e-002
2.602990e+003,3.792247e-002
2.603473e+003,3.800738e-002
2.603955e+003,3.810614e-002
2.604437e+003,3.821469e-002
2.604919e+003,3.832470e-002
2.605401e+003,3.842717e-002
2.605883e+003,3.851683e-002
2.606365e+003,3.859480e-002
2.606847e+003,3.866675e-002
2.607330e+003,3.874112e-002
2.607812e+003,3.882187e-002
2.608294e+003,3.890651e-002
2.608776e+003,3.898679e-002
2.609258e+003,3.905180e-002
2.609740e+003,3.909616e-002
2.610222e+003,3.912066e-002
2.610705e+003,3.913425e-002
2.611187e+003,3.915044e-002
2.611669e+003,3.918131e-002
2.612151e+003,3.923334e-002
2.612633e+003,3.930537e-002
2.613115e+003,3.939151e-002
2.613597e+003,3.948440e-002
2.614079e+003,3.957903e-002
2.614562e+003,3.967478e-002
2.615044e+003,3.977309e-002
2.615526e+003,3.987620e-002
2.616008e+003,3.998302e-002
2.616490e+003,4.009007e-002
2.616972e+003,4.019304e-002
2.617454e+003,4.028985e-002
2.617936e+003,4.038166e-002
2.618418e+003,4.047288e-002
2.618901e+003,4.056872e-002
2.619383e+003,4.067181e-002
2.619865e+003,4.078087e-002
2.620347e+003,4.088962e-002
2.620829e+003,4.099256e-002
2.621311e+003,4.108510e-002
2.621793e+003,4.116841e-002
2.622276e+003,4.124733e-002
2.622758e+003,4.132826e-002
2.623240e+003,4.141635e-002
2.623722e+003,4.151068e-002
2.624204e+003,4.160634e-002
2.624686e+003,4.169706e-002
2.625168e+003,4.177815e-002
2.625650e+003,4.184901e-002
2.626133e+003,4.191338e-002
2.626615e+003,4.197760e-002
2.627097e+003,4.204599e-002
2.627579e+003,4.211928e-002
2.628061e+003,4.219406e-002
2.628543e+003,4.226624e-002
2.629025e+003,4.233311e-002
2.629507e+003,4.239576e-002
2.629990e+003,4.245951e-002
2.630472e+003,4.253089e-002
2.630954e+003,4.261415e-002
2.631436e+003,4.270831e-002
2.631918e+003,4.280829e-002
2.632400e+003,4.290595e-002
2.632882e+003,4.299552e-002
2.633364e+003,4.307451e-002
2.633846e+003,4.314610e-002
2.634329e+003,4.321555e-002
2.634811e+003,4.328829e-002
2.635293e+003,4.336649e-002
2.635775e+003,4.344808e-002
2.636257e+003,4.352906e-002
2.636739e+003,4.360500e-002
2.637221e+003,4.367489e-002
2.637704e+003,4.374035e-002
2.638186e+003,4.380547e-002
2.638668e+003,4.387369e-002
2.639150e+003,4.394677e-002
2.639632e+003,4.402305e-002
2.640114e+003,4.409982e-002
2.640596e+003,4.417479e-002
2.641078e+003,4.424706e-002
2.641561e+003,4.431837e-002
2.642043e+003,4.439124e-002
2.642525e+003,4.446652e-002
2.643007e+003,4.454318e-002
2.643489e+003,4.461732e-002
2.643971e+003,4.468566e-002
2.644453e+003,4.474591e-002
2.644935e+003,4.479972e-002
2.645417e+003,4.485118e-002
2.645900e+003,4.490621e-002
2.646382e+003,4.496820e-002
2.646864e+003,4.503786e-002
2.647346e+003,4.511210e-002
2.647828e+003,4.518757e-002
2.648310e+003,4.526050e-002
2.648792e+003,4.532992e-002
2.649274e+003,4.539770e-002
2.649757e+003,4.546632e-002
2.650239e+003,4.553782e-002
2.650721e+003,4.561125e-002
2.651203e+003,4.568417e-002
2.651685e+003,4.575336e-002
2.652167e+003,4.581802e-002
2.652649e+003,4.587967e-002
2.653132e+003,4.594170e-002
2.653614e+003,4.600871e-002
2.654096e+003,4.608250e-002
2.654578e+003,4.616063e-002
2.655060e+003,4.623816e-002
2.655542e+003,4.630828e-002
2.656024e+003,4.636699e-002
2.656506e+003,4.641380e-002
2.656989e+003,4.645256e-002
2.657471e+003,4.648922e-002
2.657953e+003,4.652947e-002
2.658435e+003,4.657533e-002
2.658917e+003,4.662496e-002
2.659399e+003,4.667470e-002
2.659881e+003,4.671996e-002
2.660363e+003,4.675780e-002
2.660845e+003,4.678813e-002
2.661328e+003,4.681387e-002
2.661810e+003,4.683759e-002
2.662292e+003,4.686013e-002
2.662774e+003,4.688074e-002
2.663256e+003,4.689750e-002
2.663738e+003,4.690912e-002
2.664220e+003,4.691604e-002
2.664702e+003,4.692104e-002
2.665185e+003,4.692861e-002
2.665667e+003,4.694289e-002
2.666149e+003,4.696547e-002
2.666631e+003,4.699558e-002
2.667113e+003,4.703076e-002
2.667595e+003,4.706826e-002
2.668077e+003,4.710669e-002
2.668560e+003,4.714588e-002
2.669042e+003,4.718727e-002
2.669524e+003,4.723218e-002
2.670006e+003,4.728081e-002
2.670488e+003,4.733128e-002
2.670970e+003,4.738085e-002
2.671452e+003,4.742803e-002
2.671934e+003,4.747164e-002
2.672417e+003,4.751277e-002
2.672899e+003,4.755298e-002
2.673381e+003,4.759377e-002
2.673863e+003,4.763503e-002
2.674345e+003,4.767612e-002
2.674827e+003,4.771546e-002
2.675309e+003,4.775362e-002
2.675791e+003,4.779179e-002
2.676273e+003,4.783311e-002
2.676756e+003,4.787989e-002
2.677238e+003,4.793335e-002
2.677720e+003,4.799126e-002
2.678202e+003,4.804910e-002
2.678684e+003,4.810280e-002
2.679166e+003,4.814930e-002
2.679648e+003,4.818749e-002
2.680130e+003,4.821957e-002
2.680613e+003,4.824888e-002
2.681095e+003,4.827692e-002
2.681577e+003,4.830486e-002
2.682059e+003,4.833023e-002
2.682541e+003,4.835124e-002
2.683023e+003,4.836696e-002
2.683505e+003,4.837845e-002
2.683988e+003,4.838954e-002
2.684469e+003,4.840315e-002
2.684952e+003,4.842214e-002
2.685434e+003,4.844585e-002
2.685916e+003,4.847088e-002
2.686398e+003,4.849442e-002
2.686880e+003,4.851381e-002
2.687362e+003,4.852928e-002
2.687844e+003,4.854374e-002
2.688327e+003,4.856146e-002
2.688809e+003,4.858447e-002
2.689291e+003,4.861362e-002
2.689773e+003,4.864566e-002
2.690255e+003,4.867723e-002
2.690737e+003,4.870604e-002
2.691219e+003,4.873094e-002
2.691701e+003,4.875482e-002
2.692184e+003,4.878020e-002
2.692666e+003,4.880903e-002
2.693148e+003,4.884094e-002
2.693630e+003,4.887304e-002
2.694112e+003,4.890152e-002
2.694594e+003,4.892471e-002
2.695076e+003,4.894295e-002
2.695558e+003,4.896019e-002
2.696041e+003,4.898170e-002
2.696523e+003,4.901104e-002
2.697005e+003,4.904954e-002
2.697487e+003,4.909466e-002
2.697969e+003,4.914306e-002
2.698451e+003,4.919044e-002
2.698933e+003,4.923597e-002
2.699416e+003,4.928059e-002
2.699897e+003,4.932689e-002
2.700380e+003,4.937722e-002
2.700862e+003,4.943244e-002
2.701344e+003,4.949017e-002
2.701826e+003,4.954739e-002
2.702308e+003,4.960237e-002
2.702790e+003,4.965503e-002
2.703272e+003,4.970743e-002
2.703755e+003,4.976331e-002
2.704237e+003,4.982426e-002
2.704719e+003,4.989083e-002
2.705201e+003,4.996004e-002
2.705683e+003,5.002938e-002
2.706165e+003,5.009602e-002
2.706647e+003,5.016055e-002
2.707129e+003,5.022620e-002
2.707612e+003,5.029675e-002
2.708094e+003,5.037605e-002
2.708576e+003,5.046483e-002
2.709058e+003,5.056123e-002
2.709540e+003,5.066190e-002
2.710022e+003,5.076466e-002
2.710504e+003,5.086821e-002
2.710986e+003,5.097463e-002
2.711469e+003,5.108576e-002
2.711951e+003,5.120287e-002
2.712433e+003,5.132423e-002
2.712915e+003,5.144539e-002
2.713397e+003,5.156066e-002
2.713879e+003,5.166686e-002
2.714361e+003,5.176316e-002
2.714844e+003,5.185385e-002
2.715325e+003,5.194476e-002
2.715808e+003,5.204238e-002
2.716290e+003,5.215067e-002
2.716772e+003,5.226992e-002
2.717254e+003,5.239731e-002
2.717736e+003,5.252966e-002
2.718218e+003,5.266384e-002
2.718700e+003,5.279892e-002
2.719183e+003,5.293502e-002
2.719665e+003,5.307211e-002
2.720147e+003,5.321021e-002
2.720629e+003,5.334582e-002
2.721111e+003,5.347696e-002
2.721593e+003,5.360174e-002
2.722075e+003,5.372024e-002
2.722557e+003,5.383474e-002
2.723040e+003,5.394956e-002
2.723522e+003,5.406736e-002
2.724004e+003,5.418891e-002
2.724486e+003,5.431266e-002
2.724968e+003,5.443542e-002
2.725450e+003,5.455532e-002
2.725932e+003,5.467214e-002
2.726414e+003,5.478863e-002
2.726896e+003,5.490837e-002
2.727379e+003,5.503451e-002
2.727861e+003,5.516744e-002
2.728343e+003,5.530467e-002
2.728825e+003,5.544207e-002
2.729307e+003,5.557496e-002
2.729789e+003,5.570081e-002
2.730271e+003,5.581913e-002
2.730753e+003,5.593188e-002
2.731236e+003,5.604213e-002
2.731718e+003,5.615129e-002
2.732200e+003,5.625992e-002
2.732682e+003,5.636679e-002
2.733164e+003,5.647169e-002
2.733646e+003,5.657436e-002
2.734128e+003,5.667671e-002
2.734611e+003,5.678041e-002
2.735093e+003,5.688721e-002
2.735575e+003,5.699622e-002
2.736057e+003,5.710489e-002
2.736539e+003,5.721087e-002
2.737021e+003,5.731163e-002
2.737503e+003,5.740760e-002
2.737985e+003,5.750034e-002
2.738468e+003,5.759304e-002
2.738950e+003,5.768796e-002
2.739432e+003,5.778520e-002
2.739914e+003,5.788239e-002
2.740396e+003,5.797779e-002
2.740878e+003,5.806943e-002
2.741360e+003,5.815852e-002
2.741842e+003,5.824811e-002
2.742324e+003,5.834214e-002
2.742807e+003,5.844460e-002
2.743289e+003,5.855608e-002
2.743771e+003,5.867476e-002
2.744253e+003,5.879711e-002
2.744735e+003,5.892009e-002
2.745217e+003,5.904265e-002
2.745699e+003,5.916515e-002
2.746182e+003,5.929049e-002
2.746664e+003,5.942074e-002
2.747146e+003,5.955584e-002
2.747628e+003,5.969435e-002
2.748110e+003,5.983233e-002
2.748592e+003,5.996599e-002
2.749074e+003,6.009297e-002
2.749556e+003,6.021264e-002
2.750039e+003,6.032699e-002
2.750521e+003,6.043735e-002
2.751003e+003,6.054585e-002
2.751485e+003,6.065400e-002
2.751967e+003,6.076296e-002
2.752449e+003,6.087515e-002
2.752931e+003,6.099311e-002
2.753413e+003,6.111920e-002
2.753896e+003,6.125447e-002
2.754378e+003,6.139708e-002
2.754860e+003,6.154227e-002
2.755342e+003,6.168279e-002
2.755824e+003,6.181358e-002
2.756306e+003,6.193317e-002
2.756788e+003,6.204404e-002
2.757270e+003,6.215218e-002
2.757752e+003,6.226574e-002
2.758235e+003,6.238994e-002
2.758717e+003,6.252662e-002
2.759199e+003,6.267288e-002
2.759681e+003,6.282432e-002
2.760163e+003,6.297600e-002
2.760645e+003,6.312535e-002
2.761127e+003,6.327274e-002
2.761610e+003,6.342136e-002
2.762092e+003,6.357303e-002
2.762574e+003,6.372891e-002
2.763056e+003,6.388678e-002
2.763538e+003,6.404377e-002
2.764020e+003,6.419724e-002
2.764502e+003,6.434692e-002
2.764984e+003,6.449434e-002
2.765467e+003,6.464221e-002
2.765949e+003,6.479228e-002
2.766431e+003,6.494415e-002
2.766913e+003,6.509472e-002
2.767395e+003,6.523986e-002
2.767877e+003,6.537759e-002
2.768359e+003,6.550898e-002
2.768841e+003,6.563830e-002
2.769323e+003,6.577203e-002
2.769806e+003,6.591658e-002
2.770288e+003,6.607466e-002
2.770770e+003,6.624613e-002
2.771252e+003,6.642754e-002
2.771734e+003,6.661506e-002
2.772216e+003,6.680501e-002
2.772698e+003,6.699551e-002
2.773180e+003,6.718543e-002
2.773663e+003,6.737427e-002
2.774145e+003,6.755902e-002
2.774627e+003,6.773774e-002
2.775109e+003,6.790757e-002
2.775591e+003,6.806873e-002
2.776073e+003,6.822471e-002
2.776555e+003,6.838161e-002
2.777038e+003,6.854659e-002
2.777520e+003,6.872566e-002
2.778002e+003,6.891972e-002
2.778484e+003,6.912558e-002
2.778966e+003,6.933796e-002
2.779448e+003,6.955114e-002
2.779930e+003,6.976208e-002
2.780412e+003,6.997047e-002
2.780895e+003,7.017869e-002
2.781377e+003,7.038981e-002
2.781859e+003,7.060460e-002
2.782341e+003,7.082141e-002
2.782823e+003,7.103735e-002
2.783305e+003,7.124989e-002
2.783787e+003,7.145919e-002
2.784269e+003,7.166744e-002
2.784751e+003,7.188007e-002
2.785234e+003,7.210211e-002
2.785716e+003,7.233555e-002
2.786198e+003,7.257977e-002
2.786680e+003,7.283128e-002
2.787162e+003,7.308528e-002
2.787644e+003,7.333763e-002
2.788126e+003,7.358620e-002
2.788608e+003,7.383057e-002
2.789091e+003,7.407005e-002
2.789573e+003,7.430407e-002
2.790055e+003,7.453090e-002
2.790537e+003,7.474892e-002
2.791019e+003,7.495866e-002
2.791501e+003,7.516260e-002
2.791983e+003,7.536705e-002
2.792466e+003,7.557916e-002
2.792948e+003,7.580586e-002
2.793430e+003,7.605030e-002
2.793912e+003,7.631203e-002
2.794394e+003,7.658750e-002
2.794876e+003,7.687239e-002
2.795358e+003,7.716256e-002
2.795840e+003,7.745479e-002
2.796323e+003,7.774746e-002
2.796805e+003,7.803941e-002
2.797287e+003,7.832795e-002
2.797769e+003,7.860982e-002
2.798251e+003,7.888345e-002
2.798733e+003,7.914791e-002
2.799215e+003,7.940598e-002
2.799697e+003,7.966328e-002
2.800179e+003,7.992656e-002
2.800662e+003,8.020069e-002
2.801144e+003,8.048737e-002
2.801626e+003,8.078381e-002
2.802108e+003,8.108677e-002
2.802590e+003,8.139148e-002
2.803072e+003,8.169598e-002
2.803554e+003,8.200094e-002
2.804036e+003,8.230905e-002
2.804519e+003,8.262359e-002
2.805001e+003,8.294576e-002
2.805483e+003,8.327482e-002
2.805965e+003,8.360892e-002
2.806447e+003,8.394659e-002
2.806929e+003,8.428887e-002
2.807411e+003,8.463813e-002
2.807894e+003,8.499816e-002
2.808375e+003,8.537088e-002
2.808858e+003,8.575670e-002
2.809340e+003,8.615086e-002
2.809822e+003,8.654897e-002
2.810304e+003,8.694664e-002
2.810786e+003,8.734334e-002
2.811268e+003,8.774120e-002
2.811750e+003,8.814494e-002
2.812233e+003,8.855994e-002
2.812715e+003,8.898794e-002
2.813197e+003,8.942744e-002
2.813679e+003,8.987516e-002
2.814161e+003,9.032693e-002
2.814643e+003,9.078138e-002
2.815125e+003,9.124019e-002
2.815607e+003,9.170824e-002
2.816090e+003,9.219120e-002
2.816572e+003,9.269284e-002
2.817054e+003,9.321426e-002
2.817536e+003,9.375370e-002
2.818018e+003,9.430908e-002
2.818500e+003,9.487942e-002
2.818982e+003,9.546494e-002
2.819464e+003,9.606809e-002
2.819947e+003,9.669244e-002
2.820429e+003,9.733979e-002
2.820911e+003,9.800985e-002
2.821393e+003,9.870237e-002
2.821875e+003,9.941667e-002
2.822357e+003,1.001536e-001
2.822839e+003,1.009169e-001
2.823322e+003,1.017105e-001
2.823803e+003,1.025387e-001
2.824286e+003,1.034028e-001
2.824768e+003,1.043020e-001
2.825250e+003,1.052343e-001
2.825732e+003,1.061999e-001
2.826214e+003,1.072005e-001
2.826696e+003,1.082423e-001
2.827178e+003,1.093339e-001
2.827661e+003,1.104830e-001
2.828143e+003,1.116933e-001
2.828625e+003,1.129667e-001
2.829107e+003,1.143000e-001
2.829589e+003,1.156897e-001
2.830071e+003,1.171342e-001
2.830553e+003,1.186356e-001
2.831035e+003,1.201982e-001
2.831518e+003,1.218296e-001
2.832000e+003,1.235358e-001
2.832482e+003,1.253221e-001
2.832964e+003,1.271925e-001
2.833446e+003,1.291522e-001
2.833928e+003,1.312106e-001
2.834410e+003,1.333812e-001
2.834892e+003,1.356832e-001
2.835375e+003,1.381374e-001
2.835857e+003,1.407656e-001
2.836339e+003,1.435865e-001
2.836821e+003,1.466183e-001
2.837303e+003,1.498784e-001
2.837785e+003,1.533871e-001
2.838267e+003,1.571679e-001
2.838750e+003,1.612498e-001
2.839231e+003,1.656638e-001
2.839714e+003,1.704412e-001
2.840196e+003,1.756110e-001
2.840678e+003,1.811965e-001
2.841160e+003,1.872169e-001
2.841642e+003,1.936846e-001
2.842124e+003,2.006056e-001
2.842606e+003,2.079781e-001
2.843089e+003,2.157869e-001
2.843571e+003,2.239988e-001
2.844053e+003,2.325579e-001
2.844535e+003,2.413830e-001
2.845017e+003,2.503681e-001
2.845499e+003,2.593843e-001
2.845981e+003,2.682891e-001
2.846463e+003,2.769334e-001
2.846946e+003,2.851724e-001
2.847428e+003,2.928735e-001
2.847910e+003,2.999257e-001
2.848392e+003,3.062448e-001
2.848874e+003,3.117780e-001
2.849356e+003,3.165022e-001
2.849838e+003,3.204215e-001
2.850320e+003,3.235542e-001
2.850802e+003,3.259234e-001
2.851285e+003,3.275455e-001
2.851767e+003,3.284231e-001
2.852249e+003,3.285463e-001
2.852731e+003,3.279014e-001
2.853213e+003,3.264793e-001
2.853695e+003,3.242875e-001
2.854177e+003,3.213544e-001
2.854659e+003,3.177308e-001
2.855142e+003,3.134823e-001
2.855624e+003,3.086862e-001
2.856106e+003,3.034242e-001
2.856588e+003,2.977830e-001
2.857070e+003,2.918522e-001
2.857552e+003,2.857238e-001
2.858034e+003,2.794902e-001
2.858517e+003,2.732394e-001
2.858999e+003,2.670481e-001
2.859481e+003,2.609804e-001
2.859963e+003,2.550878e-001
2.860445e+003,2.494121e-001
2.860927e+003,2.439895e-001
2.861409e+003,2.388549e-001
2.861891e+003,2.340416e-001
2.862374e+003,2.295794e-001
2.862856e+003,2.254905e-001
2.863338e+003,2.217871e-001
2.863820e+003,2.184727e-001
2.864302e+003,2.155431e-001
2.864784e+003,2.129898e-001
2.865266e+003,2.108028e-001
2.865748e+003,2.089706e-001
2.866230e+003,2.074772e-001
2.866713e+003,2.062995e-001
2.867195e+003,2.054051e-001
2.867677e+003,2.047526e-001
2.868159e+003,2.042931e-001
2.868641e+003,2.039743e-001
2.869123e+003,2.037440e-001
2.869605e+003,2.035506e-001
2.870088e+003,2.033440e-001
2.870570e+003,2.030772e-001
2.871052e+003,2.027049e-001
2.871534e+003,2.021898e-001
2.872016e+003,2.015064e-001
2.872498e+003,2.006451e-001
2.872980e+003,1.996166e-001
2.873462e+003,1.984481e-001
2.873945e+003,1.971803e-001
2.874427e+003,1.958588e-001
2.874909e+003,1.945284e-001
2.875391e+003,1.932299e-001
2.875873e+003,1.919975e-001
2.876355e+003,1.908603e-001
2.876837e+003,1.898431e-001
2.877319e+003,1.889667e-001
2.877802e+003,1.882451e-001
2.878284e+003,1.876860e-001
2.878766e+003,1.872885e-001
2.879248e+003,1.870471e-001
2.879730e+003,1.869539e-001
2.880212e+003,1.870013e-001
2.880694e+003,1.871868e-001
2.881176e+003,1.875110e-001
2.881658e+003,1.879757e-001
2.882141e+003,1.885813e-001
2.882623e+003,1.893239e-001
2.883105e+003,1.901958e-001
2.883587e+003,1.911868e-001
2.884069e+003,1.922888e-001
2.884551e+003,1.934973e-001
2.885033e+003,1.948123e-001
2.885516e+003,1.962366e-001
2.885998e+003,1.977718e-001
2.886480e+003,1.994156e-001
2.886962e+003,2.011620e-001
2.887444e+003,2.030023e-001
2.887926e+003,2.049261e-001
2.888408e+003,2.069267e-001
2.888890e+003,2.089985e-001
2.889373e+003,2.111403e-001
2.889855e+003,2.133488e-001
2.890337e+003,2.156202e-001
2.890819e+003,2.179487e-001
2.891301e+003,2.203270e-001
2.891783e+003,2.227499e-001
2.892265e+003,2.252138e-001
2.892747e+003,2.277183e-001
2.893229e+003,2.302633e-001
2.893712e+003,2.328454e-001
2.894194e+003,2.354582e-001
2.894676e+003,2.380935e-001
2.895158e+003,2.407437e-001
2.895640e+003,2.434054e-001
2.896122e+003,2.460836e-001
2.896604e+003,2.487898e-001
2.897086e+003,2.515393e-001
2.897569e+003,2.543478e-001
2.898051e+003,2.572252e-001
2.898533e+003,2.601762e-001
2.899015e+003,2.631997e-001
2.899497e+003,2.662949e-001
2.899979e+003,2.694623e-001
2.900461e+003,2.727070e-001
2.900944e+003,2.760389e-001
2.901426e+003,2.794666e-001
2.901908e+003,2.829978e-001
2.902390e+003,2.866376e-001
2.902872e+003,2.903897e-001
2.903354e+003,2.942593e-001
2.903836e+003,2.982559e-001
2.904318e+003,3.023930e-001
2.904801e+003,3.066881e-001
2.905283e+003,3.111572e-001
2.905765e+003,3.158123e-001
2.906247e+003,3.206617e-001
2.906729e+003,3.257113e-001
2.907211e+003,3.309660e-001
2.907693e+003,3.364346e-001
2.908175e+003,3.421295e-001
2.908657e+003,3.480631e-001
2.909140e+003,3.542449e-001
2.909622e+003,3.606736e-001
2.910104e+003,3.673391e-001
2.910586e+003,3.742196e-001
2.911068e+003,3.812859e-001
2.911550e+003,3.885034e-001
2.912032e+003,3.958337e-001
2.912514e+003,4.032335e-001
2.912997e+003,4.106499e-001
2.913479e+003,4.180216e-001
2.913961e+003,4.252788e-001
2.914443e+003,4.323488e-001
2.914925e+003,4.391659e-001
2.915407e+003,4.456764e-001
2.915889e+003,4.518430e-001
2.916372e+003,4.576425e-001
2.916854e+003,4.630583e-001
2.917336e+003,4.680746e-001
2.917818e+003,4.726723e-001
2.918300e+003,4.768267e-001
2.918782e+003,4.805142e-001
2.919264e+003,4.837146e-001
2.919746e+003,4.864143e-001
2.920229e+003,4.886044e-001
2.920711e+003,4.902751e-001
2.921193e+003,4.914142e-001
2.921675e+003,4.920055e-001
2.922157e+003,4.920335e-001
2.922639e+003,4.914891e-001
2.923121e+003,4.903765e-001
2.923603e+003,4.887144e-001
2.924085e+003,4.865338e-001
2.924568e+003,4.838685e-001
2.925050e+003,4.807517e-001
2.925532e+003,4.772118e-001
2.926014e+003,4.732745e-001
2.926496e+003,4.689670e-001
2.926978e+003,4.643222e-001
2.927460e+003,4.593785e-001
2.927942e+003,4.541756e-001
2.928425e+003,4.487500e-001
2.928907e+003,4.431289e-001
2.929389e+003,4.373308e-001
2.929871e+003,4.313710e-001
2.930353e+003,4.252659e-001
2.930835e+003,4.190386e-001
2.931317e+003,4.127190e-001
2.931800e+003,4.063419e-001
2.932281e+003,3.999362e-001
2.932764e+003,3.935258e-001
2.933246e+003,3.871246e-001
2.933728e+003,3.807425e-001
2.934210e+003,3.743894e-001
2.934692e+003,3.680807e-001
2.935174e+003,3.618375e-001
2.935656e+003,3.556832e-001
2.936139e+003,3.496378e-001
2.936621e+003,3.437159e-001
2.937103e+003,3.379244e-001
2.937585e+003,3.322669e-001
2.938067e+003,3.267479e-001
2.938549e+003,3.213762e-001
2.939031e+003,3.161674e-001
2.939513e+003,3.111390e-001
2.939996e+003,3.063069e-001
2.940478e+003,3.016807e-001
2.940960e+003,2.972662e-001
2.941442e+003,2.930650e-001
2.941924e+003,2.890811e-001
2.942406e+003,2.853221e-001
2.942888e+003,2.818011e-001
2.943370e+003,2.785331e-001
2.943853e+003,2.755311e-001
2.944335e+003,2.728020e-001
2.944817e+003,2.703474e-001
2.945299e+003,2.681631e-001
2.945781e+003,2.662449e-001
2.946263e+003,2.645890e-001
2.946745e+003,2.631956e-001
2.947228e+003,2.620628e-001
2.947709e+003,2.611874e-001
2.948192e+003,2.605560e-001
2.948674e+003,2.601504e-001
2.949156e+003,2.599448e-001
2.949638e+003,2.599092e-001
2.950120e+003,2.600140e-001
2.950602e+003,2.602288e-001
2.951084e+003,2.605227e-001
2.951567e+003,2.608613e-001
2.952049e+003,2.612069e-001
2.952531e+003,2.615197e-001
2.953013e+003,2.617613e-001
2.953495e+003,2.618990e-001
2.953977e+003,2.619098e-001
2.954459e+003,2.617797e-001
2.954941e+003,2.615014e-001
2.955424e+003,2.610700e-001
2.955906e+003,2.604797e-001
2.956388e+003,2.597231e-001
2.956870e+003,2.587922e-001
2.957352e+003,2.576835e-001
2.957834e+003,2.563976e-001
2.958316e+003,2.549422e-001
2.958798e+003,2.533273e-001
2.959281e+003,2.515631e-001
2.959763e+003,2.496565e-001
2.960245e+003,2.476123e-001
2.960727e+003,2.454362e-001
2.961209e+003,2.431358e-001
2.961691e+003,2.407247e-001
2.962173e+003,2.382208e-001
2.962656e+003,2.356417e-001
2.963137e+003,2.330016e-001
2.963620e+003,2.303072e-001
2.964102e+003,2.275616e-001
2.964584e+003,2.247665e-001
2.965066e+003,2.219279e-001
2.965548e+003,2.190585e-001
2.966030e+003,2.161784e-001
2.966512e+003,2.133107e-001
2.966995e+003,2.104773e-001
2.967477e+003,2.076927e-001
2.967959e+003,2.049658e-001
2.968441e+003,2.023010e-001
2.968923e+003,1.997010e-001
2.969405e+003,1.971700e-001
2.969887e+003,1.947155e-001
2.970369e+003,1.923437e-001
2.970852e+003,1.900579e-001
2.971334e+003,1.878561e-001
2.971816e+003,1.857317e-001
2.972298e+003,1.836770e-001
2.972780e+003,1.816836e-001
2.973262e+003,1.797489e-001
2.973744e+003,1.778736e-001
2.974226e+003,1.760600e-001
2.974708e+003,1.743097e-001
2.975191e+003,1.726211e-001
2.975673e+003,1.709907e-001
2.976155e+003,1.694135e-001
2.976637e+003,1.678885e-001
2.977119e+003,1.664169e-001
2.977601e+003,1.650037e-001
2.978083e+003,1.636522e-001
2.978565e+003,1.623618e-001
2.979048e+003,1.611261e-001
2.979530e+003,1.599343e-001
2.980012e+003,1.587739e-001
2.980494e+003,1.576367e-001
2.980976e+003,1.565197e-001
2.981458e+003,1.554278e-001
2.981940e+003,1.543693e-001
2.982423e+003,1.533522e-001
2.982905e+003,1.523803e-001
2.983387e+003,1.514545e-001
2.983869e+003,1.505722e-001
2.984351e+003,1.497303e-001
2.984833e+003,1.489279e-001
2.985315e+003,1.481675e-001
2.985797e+003,1.474522e-001
2.986280e+003,1.467838e-001
2.986762e+003,1.461609e-001
2.987244e+003,1.455805e-001
2.987726e+003,1.450388e-001
2.988208e+003,1.445354e-001
2.988690e+003,1.440739e-001
2.989172e+003,1.436614e-001
2.989654e+003,1.433068e-001
2.990136e+003,1.430165e-001
2.990619e+003,1.427922e-001
2.991101e+003,1.426317e-001
2.991583e+003,1.425298e-001
2.992065e+003,1.424827e-001
2.992547e+003,1.424896e-001
2.993029e+003,1.425550e-001
2.993511e+003,1.426844e-001
2.993994e+003,1.428834e-001
2.994476e+003,1.431536e-001
2.994958e+003,1.434931e-001
2.995440e+003,1.438962e-001
2.995922e+003,1.443558e-001
2.996404e+003,1.448652e-001
2.996886e+003,1.454187e-001
2.997368e+003,1.460109e-001
2.997851e+003,1.466351e-001
2.998333e+003,1.472822e-001
2.998815e+003,1.479413e-001
2.999297e+003,1.486018e-001
2.999779e+003,1.492554e-001
3.000261e+003,1.498961e-001
3.000743e+003,1.505217e-001
3.001225e+003,1.511293e-001
3.001708e+003,1.517144e-001
3.002190e+003,1.522680e-001
3.002672e+003,1.527790e-001
3.003154e+003,1.532362e-001
3.003636e+003,1.536307e-001
3.004118e+003,1.539588e-001
3.004600e+003,1.542206e-001
3.005082e+003,1.544189e-001
3.005564e+003,1.545547e-001
3.006047e+003,1.546274e-001
3.006529e+003,1.546342e-001
3.007011e+003,1.545731e-001
3.007493e+003,1.544460e-001
3.007975e+003,1.542598e-001
3.008457e+003,1.540247e-001
3.008939e+003,1.537515e-001
3.009422e+003,1.534469e-001
3.009904e+003,1.531116e-001
3.010386e+003,1.527410e-001
3.010868e+003,1.523290e-001
3.011350e+003,1.518732e-001
3.011832e+003,1.513783e-001
3.012314e+003,1.508553e-001
3.012796e+003,1.503195e-001
3.013279e+003,1.497840e-001
3.013761e+003,1.492577e-001
3.014243e+003,1.487423e-001
3.014725e+003,1.482367e-001
3.015207e+003,1.477407e-001
3.015689e+003,1.472564e-001
3.016171e+003,1.467921e-001
3.016653e+003,1.463579e-001
3.017135e+003,1.459636e-001
3.017618e+003,1.456134e-001
3.018100e+003,1.453063e-001
3.018582e+003,1.450366e-001
3.019064e+003,1.447983e-001
3.019546e+003,1.445875e-001
3.020028e+003,1.444064e-001
3.020510e+003,1.442593e-001
3.020992e+003,1.441532e-001
3.021475e+003,1.440909e-001
3.021957e+003,1.440717e-001
3.022439e+003,1.440898e-001
3.022921e+003,1.441371e-001
3.023403e+003,1.442045e-001
3.023885e+003,1.442846e-001
3.024367e+003,1.443738e-001
3.024850e+003,1.444692e-001
3.025332e+003,1.445699e-001
3.025814e+003,1.446762e-001
3.026296e+003,1.447904e-001
3.026778e+003,1.449162e-001
3.027260e+003,1.450575e-001
3.027742e+003,1.452177e-001
3.028224e+003,1.453981e-001
3.028707e+003,1.455946e-001
3.029189e+003,1.457985e-001
3.029671e+003,1.459998e-001
3.030153e+003,1.461886e-001
3.030635e+003,1.463602e-001
3.031117e+003,1.465162e-001
3.031599e+003,1.466633e-001
3.032081e+003,1.468096e-001
3.032563e+003,1.469609e-001
3.033046e+003,1.471178e-001
3.033528e+003,1.472771e-001
3.034010e+003,1.474321e-001
3.034492e+003,1.475783e-001
3.034974e+003,1.477152e-001
3.035456e+003,1.478469e-001
3.035938e+003,1.479802e-001
3.036420e+003,1.481215e-001
3.036903e+003,1.482745e-001
3.037385e+003,1.484399e-001
3.037867e+003,1.486179e-001
3.038349e+003,1.488072e-001
3.038831e+003,1.490095e-001
3.039313e+003,1.492268e-001
3.039795e+003,1.494606e-001
3.040278e+003,1.497083e-001
3.040760e+003,1.499638e-001
3.041242e+003,1.502171e-001
3.041724e+003,1.504598e-001
3.042206e+003,1.506871e-001
3.042688e+003,1.508978e-001
3.043170e+003,1.510975e-001
3.043652e+003,1.512920e-001
3.044135e+003,1.514857e-001
3.044617e+003,1.516780e-001
3.045099e+003,1.518659e-001
3.045581e+003,1.520448e-001
3.046063e+003,1.522149e-001
3.046545e+003,1.523805e-001
3.047027e+003,1.525517e-001
3.047509e+003,1.527396e-001
3.047991e+003,1.529510e-001
3.048474e+003,1.531854e-001
3.048956e+003,1.534344e-001
3.049438e+003,1.536848e-001
3.049920e+003,1.539236e-001
3.050402e+003,1.541426e-001
3.050884e+003,1.543412e-001
3.051366e+003,1.545240e-001
3.051848e+003,1.546991e-001
3.052331e+003,1.548726e-001
3.052813e+003,1.550484e-001
3.053295e+003,1.552268e-001
3.053777e+003,1.554074e-001
3.054259e+003,1.555895e-001
3.054741e+003,1.557747e-001
3.055223e+003,1.559635e-001
3.055706e+003,1.561556e-001
3.056188e+003,1.563459e-001
3.056670e+003,1.565280e-001
3.057152e+003,1.566942e-001
3.057634e+003,1.568399e-001
3.058116e+003,1.569661e-001
3.058598e+003,1.570798e-001
3.059080e+003,1.571892e-001
3.059563e+003,1.573033e-001
3.060045e+003,1.574256e-001
3.060527e+003,1.575560e-001
3.061009e+003,1.576895e-001
3.061491e+003,1.578197e-001
3.061973e+003,1.579423e-001
3.062455e+003,1.580552e-001
3.062937e+003,1.581588e-001
3.063419e+003,1.582540e-001
3.063902e+003,1.583402e-001
3.064384e+003,1.584145e-001
3.064866e+003,1.584736e-001
3.065348e+003,1.585146e-001
3.065830e+003,1.585369e-001
3.066312e+003,1.585419e-001
3.066794e+003,1.585318e-001
3.067276e+003,1.585073e-001
3.067759e+003,1.584670e-001
3.068241e+003,1.584080e-001
3.068723e+003,1.583281e-001
3.069205e+003,1.582297e-001
3.069687e+003,1.581179e-001
3.070169e+003,1.580027e-001
3.070651e+003,1.578948e-001
3.071134e+003,1.578011e-001
3.071615e+003,1.577230e-001
3.072098e+003,1.576581e-001
3.072580e+003,1.576004e-001
3.073062e+003,1.575455e-001
3.073544e+003,1.574916e-001
3.074026e+003,1.574418e-001
3.074508e+003,1.573998e-001
3.074990e+003,1.573690e-001
3.075473e+003,1.573479e-001
3.075955e+003,1.573311e-001
3.076437e+003,1.573104e-001
3.076919e+003,1.572787e-001
3.077401e+003,1.572317e-001
3.077883e+003,1.571710e-001
3.078365e+003,1.571002e-001
3.078847e+003,1.570241e-001
3.079330e+003,1.569447e-001
3.079812e+003,1.568634e-001
3.080294e+003,1.567791e-001
3.080776e+003,1.566921e-001
3.081258e+003,1.566056e-001
3.081740e+003,1.565247e-001
3.082222e+003,1.564556e-001
3.082704e+003,1.564014e-001
3.083187e+003,1.563608e-001
3.083669e+003,1.563284e-001
3.084151e+003,1.562967e-001
3.084633e+003,1.562593e-001
3.085115e+003,1.562143e-001
3.085597e+003,1.561631e-001
3.086079e+003,1.561107e-001
3.086562e+003,1.560614e-001
3.087043e+003,1.560157e-001
3.087526e+003,1.559717e-001
3.088008e+003,1.559255e-001
3.088490e+003,1.558742e-001
3.088972e+003,1.558163e-001
3.089454e+003,1.557551e-001
3.089936e+003,1.556950e-001
3.090418e+003,1.556397e-001
3.090901e+003,1.555890e-001
3.091383e+003,1.555415e-001
3.091865e+003,1.554936e-001
3.092347e+003,1.554419e-001
3.092829e+003,1.553882e-001
3.093311e+003,1.553369e-001
3.093793e+003,1.552947e-001
3.094275e+003,1.552679e-001
3.094758e+003,1.552601e-001
3.095240e+003,1.552719e-001
3.095722e+003,1.553007e-001
3.096204e+003,1.553451e-001
3.096686e+003,1.554034e-001
3.097168e+003,1.554753e-001
3.097650e+003,1.555596e-001
3.098132e+003,1.556534e-001
3.098615e+003,1.557488e-001
3.099097e+003,1.558383e-001
3.099579e+003,1.559134e-001
3.100061e+003,1.559723e-001
3.100543e+003,1.560178e-001
3.101025e+003,1.560590e-001
3.101507e+003,1.561072e-001
3.101990e+003,1.561714e-001
3.102471e+003,1.562540e-001
3.102954e+003,1.563539e-001
3.103436e+003,1.564661e-001
3.103918e+003,1.565878e-001
3.104400e+003,1.567167e-001
3.104882e+003,1.568574e-001
3.105364e+003,1.570130e-001
3.105846e+003,1.571864e-001
3.106329e+003,1.573742e-001
3.106811e+003,1.575697e-001
3.107293e+003,1.577630e-001
3.107775e+003,1.579475e-001
3.108257e+003,1.581203e-001
3.108739e+003,1.582849e-001
3.109221e+003,1.584487e-001
3.109703e+003,1.586189e-001
3.110186e+003,1.587983e-001
3.110668e+003,1.589873e-001
3.111150e+003,1.591826e-001
3.111632e+003,1.593814e-001
3.112114e+003,1.595826e-001
3.112596e+003,1.597886e-001
3.113078e+003,1.600029e-001
3.113560e+003,1.602276e-001
3.114042e+003,1.604609e-001
3.114525e+003,1.606988e-001
3.115007e+003,1.609354e-001
3.115489e+003,1.611686e-001
3.115971e+003,1.613990e-001
3.116453e+003,1.616334e-001
3.116935e+003,1.618789e-001
3.117417e+003,1.621398e-001
3.117900e+003,1.624145e-001
3.118382e+003,1.626959e-001
3.118864e+003,1.629737e-001
3.119346e+003,1.632405e-001
3.119828e+003,1.634924e-001
3.120310e+003,1.637336e-001
3.120792e+003,1.639718e-001
3.121274e+003,1.642153e-001
3.121757e+003,1.644696e-001
3.122239e+003,1.647374e-001
3.122721e+003,1.650158e-001
3.123203e+003,1.653035e-001
3.123685e+003,1.655997e-001
3.124167e+003,1.659072e-001
3.124649e+003,1.662299e-001
3.125131e+003,1.665699e-001
3.125614e+003,1.669248e-001
3.126096e+003,1.672883e-001
3.126578e+003,1.676525e-001
3.127060e+003,1.680106e-001
3.127542e+003,1.683601e-001
3.128024e+003,1.687039e-001
3.128506e+003,1.690475e-001
3.128988e+003,1.693959e-001
3.129470e+003,1.697519e-001
3.129953e+003,1.701133e-001
3.130435e+003,1.704773e-001
3.130917e+003,1.708412e-001
3.131399e+003,1.712056e-001
3.131881e+003,1.715742e-001
3.132363e+003,1.719513e-001
3.132845e+003,1.723390e-001
3.133328e+003,1.727341e-001
3.133810e+003,1.731304e-001
3.134292e+003,1.735211e-001
3.134774e+003,1.739030e-001
3.135256e+003,1.742784e-001
3.135738e+003,1.746557e-001
3.136220e+003,1.750452e-001
3.136702e+003,1.754536e-001
3.137185e+003,1.758816e-001
3.137667e+003,1.763218e-001
3.138149e+003,1.767638e-001
3.138631e+003,1.771974e-001
3.139113e+003,1.776190e-001
3.139595e+003,1.780300e-001
3.140077e+003,1.784388e-001
3.140559e+003,1.788525e-001
3.141042e+003,1.792752e-001
3.141524e+003,1.797060e-001
3.142006e+003,1.801399e-001
3.142488e+003,1.805709e-001
3.142970e+003,1.809973e-001
3.143452e+003,1.814209e-001
3.143934e+003,1.818459e-001
3.144417e+003,1.822770e-001
3.144898e+003,1.827137e-001
3.145381e+003,1.831536e-001
3.145863e+003,1.835907e-001
3.146345e+003,1.840212e-001
3.146827e+003,1.844474e-001
3.147309e+003,1.848755e-001
3.147791e+003,1.853150e-001
3.148273e+003,1.857731e-001
3.148756e+003,1.862519e-001
3.149238e+003,1.867460e-001
3.149720e+003,1.872460e-001
3.150202e+003,1.877422e-001
3.150684e+003,1.882286e-001
3.151166e+003,1.887056e-001
3.151648e+003,1.891767e-001
3.152130e+003,1.896474e-001
3.152613e+003,1.901190e-001
3.153095e+003,1.905896e-001
3.153577e+003,1.910532e-001
3.154059e+003,1.915058e-001
3.154541e+003,1.919463e-001
3.155023e+003,1.923801e-001
3.155505e+003,1.928142e-001
3.155987e+003,1.932560e-001
3.156469e+003,1.937084e-001
3.156952e+003,1.941700e-001
3.157434e+003,1.946355e-001
3.157916e+003,1.951014e-001
3.158398e+003,1.955659e-001
3.158880e+003,1.960330e-001
3.159362e+003,1.965085e-001
3.159844e+003,1.969969e-001
3.160326e+003,1.974982e-001
3.160809e+003,1.980080e-001
3.161291e+003,1.985187e-001
3.161773e+003,1.990245e-001
3.162255e+003,1.995239e-001
3.162737e+003,2.000204e-001
3.163219e+003,2.005219e-001
3.163701e+003,2.010330e-001
3.164184e+003,2.015540e-001
3.164666e+003,2.020793e-001
3.165148e+003,2.026001e-001
3.165630e+003,2.031091e-001
3.166112e+003,2.036031e-001
3.166594e+003,2.040873e-001
3.167076e+003,2.045691e-001
3.167558e+003,2.050572e-001
3.168041e+003,2.055551e-001
3.168523e+003,2.060618e-001
3.169005e+003,2.065710e-001
3.169487e+003,2.070776e-001
3.169969e+003,2.075786e-001
3.170451e+003,2.080771e-001
3.170933e+003,2.085783e-001
3.171415e+003,2.090871e-001
3.171897e+003,2.096028e-001
3.172380e+003,2.101209e-001
3.172862e+003,2.106329e-001
3.173344e+003,2.111325e-001
3.173826e+003,2.116178e-001
3.174308e+003,2.120939e-001
3.174790e+003,2.125693e-001
3.175272e+003,2.130532e-001
3.175754e+003,2.135488e-001
3.176237e+003,2.140553e-001
3.176719e+003,2.145663e-001
3.177201e+003,2.150746e-001
3.177683e+003,2.155759e-001
3.178165e+003,2.160709e-001
3.178647e+003,2.165634e-001
3.179129e+003,2.170565e-001
3.179612e+003,2.175492e-001
3.180094e+003,2.180387e-001
3.180576e+003,2.185188e-001
3.181058e+003,2.189854e-001
3.181540e+003,2.194390e-001
3.182022e+003,2.198863e-001
3.182504e+003,2.203359e-001
3.182986e+003,2.207942e-001
3.183469e+003,2.212634e-001
3.183951e+003,2.217388e-001
3.184433e+003,2.222131e-001
3.184915e+003,2.226785e-001
3.185397e+003,2.231331e-001
3.185879e+003,2.235796e-001
3.186361e+003,2.240241e-001
3.186843e+003,2.244712e-001
3.187325e+003,2.249213e-001
3.187808e+003,2.253692e-001
3.188290e+003,2.258080e-001
3.188772e+003,2.262332e-001
3.189254e+003,2.266449e-001
3.189736e+003,2.270513e-001
3.190218e+003,2.274621e-001
3.190700e+003,2.278856e-001
3.191182e+003,2.283218e-001
3.191665e+003,2.287658e-001
3.192147e+003,2.292068e-001
3.192629e+003,2.296353e-001
3.193111e+003,2.300475e-001
3.193593e+003,2.304470e-001
3.194075e+003,2.308429e-001
3.194557e+003,2.312440e-001
3.195040e+003,2.316550e-001
3.195521e+003,2.320743e-001
3.196004e+003,2.324957e-001
3.196486e+003,2.329118e-001
3.196968e+003,2.333199e-001
3.197450e+003,2.337230e-001
3.197932e+003,2.341270e-001
3.198414e+003,2.345374e-001
3.198896e+003,2.349550e-001
3.199379e+003,2.353768e-001
3.199861e+003,2.357938e-001
3.200343e+003,2.361992e-001
3.200825e+003,2.365892e-001
3.201307e+003,2.369681e-001
3.201789e+003,2.373420e-001
3.202271e+003,2.377182e-001
3.202753e+003,2.381001e-001
3.203236e+003,2.384879e-001
3.203718e+003,2.388767e-001
3.204200e+003,2.392623e-001
3.204682e+003,2.396420e-001
3.205164e+003,2.400177e-001
3.205646e+003,2.403917e-001
3.206128e+003,2.407658e-001
3.206610e+003,2.411379e-001
3.207093e+003,2.415034e-001
3.207575e+003,2.418583e-001
3.208057e+003,2.422004e-001
3.208539e+003,2.425350e-001
3.209021e+003,2.428704e-001
3.209503e+003,2.432165e-001
3.209985e+003,2.435798e-001
3.210468e+003,2.439595e-001
3.210949e+003,2.443511e-001
3.211432e+003,2.447479e-001
3.211914e+003,2.451466e-001
3.212396e+003,2.455486e-001
3.212878e+003,2.459603e-001
3.213360e+003,2.463882e-001
3.213842e+003,2.468314e-001
3.214324e+003,2.472807e-001
3.214807e+003,2.477217e-001
3.215289e+003,2.481393e-001
3.215771e+003,2.485244e-001
3.216253e+003,2.488797e-001
3.216735e+003,2.492189e-001
3.217217e+003,2.495597e-001
3.217699e+003,2.499172e-001
3.218181e+003,2.502977e-001
3.218664e+003,2.506985e-001
3.219146e+003,2.511104e-001
3.219628e+003,2.515250e-001
3.220110e+003,2.519386e-001
3.220592e+003,2.523555e-001
3.221074e+003,2.527832e-001
3.221556e+003,2.532280e-001
3.222038e+003,2.536892e-001
3.222521e+003,2.541601e-001
3.223003e+003,2.546311e-001
3.223485e+003,2.550946e-001
3.223967e+003,2.555502e-001
3.224449e+003,2.560046e-001
3.224931e+003,2.564680e-001
3.225413e+003,2.569485e-001
3.225896e+003,2.574466e-001
3.226377e+003,2.579586e-001
3.226860e+003,2.584752e-001
3.227342e+003,2.589919e-001
3.227824e+003,2.595109e-001
3.228306e+003,2.600409e-001
3.228788e+003,2.605948e-001
3.229270e+003,2.611795e-001
3.229752e+003,2.617933e-001
3.230235e+003,2.624253e-001
3.230717e+003,2.630602e-001
3.231199e+003,2.636842e-001
3.231681e+003,2.642924e-001
3.232163e+003,2.648901e-001
3.232645e+003,2.654884e-001
3.233127e+003,2.660980e-001
3.233609e+003,2.667238e-001
3.234092e+003,2.673623e-001
3.234574e+003,2.680064e-001
3.235056e+003,2.686505e-001
3.235538e+003,2.692939e-001
3.236020e+003,2.699448e-001
3.236502e+003,2.706136e-001
3.236984e+003,2.713104e-001
3.237466e+003,2.720349e-001
3.237948e+003,2.727817e-001
3.238431e+003,2.735389e-001
3.238913e+003,2.742976e-001
3.239395e+003,2.750541e-001
3.239877e+003,2.758127e-001
3.240359e+003,2.765829e-001
3.240841e+003,2.773722e-001
3.241323e+003,2.781826e-001
3.241806e+003,2.790114e-001
3.242288e+003,2.798534e-001
3.242770e+003,2.807050e-001
3.243252e+003,2.815693e-001
3.243734e+003,2.824540e-001
3.244216e+003,2.833661e-001
3.244698e+003,2.843052e-001
3.245180e+003,2.852612e-001
3.245663e+003,2.862155e-001
3.246145e+003,2.871470e-001
3.246627e+003,2.880452e-001
3.247109e+003,2.889127e-001
3.247591e+003,2.897646e-001
3.248073e+003,2.906241e-001
3.248555e+003,2.915116e-001
3.249037e+003,2.924344e-001
3.249520e+003,2.933895e-001
3.250002e+003,2.943634e-001
3.250484e+003,2.953430e-001
3.250966e+003,2.963214e-001
3.251448e+003,2.973023e-001
3.251930e+003,2.982961e-001
3.252412e+003,2.993124e-001
3.252894e+003,3.003547e-001
3.253376e+003,3.014171e-001
3.253859e+003,3.024869e-001
3.254341e+003,3.035513e-001
3.254823e+003,3.046033e-001
3.255305e+003,3.056447e-001
3.255787e+003,3.066820e-001
3.256269e+003,3.077228e-001
3.256751e+003,3.087662e-001
3.257234e+003,3.098076e-001
3.257716e+003,3.108376e-001
3.258198e+003,3.118483e-001
3.258680e+003,3.128403e-001
3.259162e+003,3.138222e-001
3.259644e+003,3.148052e-001
3.260126e+003,3.158000e-001
3.260608e+003,3.168099e-001
3.261091e+003,3.178312e-001
3.261573e+003,3.188569e-001
3.262055e+003,3.198819e-001
3.262537e+003,3.209074e-001
3.263019e+003,3.219399e-001
3.263501e+003,3.229858e-001
3.263983e+003,3.240462e-001
3.264465e+003,3.251125e-001
3.264948e+003,3.261697e-001
3.265430e+003,3.272010e-001
3.265912e+003,3.281978e-001
3.266394e+003,3.291633e-001
3.266876e+003,3.301112e-001
3.267358e+003,3.310594e-001
3.267840e+003,3.320198e-001
3.268323e+003,3.329903e-001
3.268804e+003,3.339586e-001
3.269287e+003,3.349048e-001
3.269769e+003,3.358141e-001
3.270251e+003,3.366812e-001
3.270733e+003,3.375145e-001
3.271215e+003,3.383282e-001
3.271697e+003,3.391357e-001
3.272179e+003,3.399406e-001
3.272662e+003,3.407357e-001
3.273144e+003,3.415074e-001
3.273626e+003,3.422442e-001
3.274108e+003,3.429416e-001
3.274590e+003,3.436058e-001
3.275072e+003,3.442482e-001
3.275554e+003,3.448780e-001
3.276036e+003,3.454956e-001
3.276519e+003,3.460951e-001
3.277001e+003,3.466652e-001
3.277483e+003,3.472000e-001
3.277965e+003,3.477024e-001
3.278447e+003,3.481852e-001
3.278929e+003,3.486648e-001
3.279411e+003,3.491531e-001
3.279893e+003,3.496495e-001
3.280375e+003,3.501448e-001
3.280858e+003,3.506215e-001
3.281340e+003,3.510651e-001
3.281822e+003,3.514698e-001
3.282304e+003,3.518391e-001
3.282786e+003,3.521834e-001
3.283268e+003,3.525098e-001
3.283750e+003,3.528194e-001
3.284232e+003,3.531047e-001
3.284715e+003,3.533542e-001
3.285197e+003,3.535616e-001
3.285679e+003,3.537262e-001
3.286161e+003,3.538595e-001
3.286643e+003,3.539746e-001
3.287125e+003,3.540824e-001
3.287607e+003,3.541838e-001
3.288090e+003,3.542715e-001
3.288572e+003,3.543334e-001
3.289054e+003,3.543596e-001
3.289536e+003,3.543481e-001
3.290018e+003,3.543052e-001
3.290500e+003,3.542395e-001
3.290982e+003,3.541567e-001
3.291464e+003,3.540547e-001
3.291947e+003,3.539243e-001
3.292429e+003,3.537565e-001
3.292911e+003,3.535464e-001
3.293393e+003,3.532998e-001
3.293875e+003,3.530310e-001
3.294357e+003,3.527551e-001
3.294839e+003,3.524820e-001
3.295321e+003,3.522083e-001
3.295803e+003,3.519221e-001
3.296286e+003,3.516064e-001
3.296768e+003,3.512493e-001
3.297250e+003,3.508487e-001
3.297732e+003,3.504146e-001
3.298214e+003,3.499603e-001
3.298696e+003,3.494979e-001
3.299178e+003,3.490289e-001
3.299660e+003,3.485498e-001
3.300143e+003,3.480507e-001
3.300625e+003,3.475279e-001
3.301107e+003,3.469835e-001
3.301589e+003,3.464285e-001
3.302071e+003,3.458741e-001
3.302553e+003,3.453273e-001
3.303035e+003,3.447836e-001
3.303518e+003,3.442326e-001
3.304000e+003,3.436593e-001
3.304482e+003,3.430555e-001
3.304964e+003,3.424224e-001
3.305446e+003,3.417692e-001
3.305928e+003,3.411077e-001
3.306410e+003,3.404450e-001
3.306892e+003,3.397778e-001
3.307375e+003,3.390940e-001
3.307857e+003,3.383809e-001
3.308339e+003,3.376317e-001
3.308821e+003,3.368518e-001
3.309303e+003,3.360572e-001
3.309785e+003,3.352676e-001
3.310267e+003,3.344976e-001
3.310749e+003,3.337488e-001
3.311231e+003,3.330123e-001
3.311714e+003,3.322734e-001
3.312196e+003,3.315203e-001
3.312678e+003,3.307491e-001
3.313160e+003,3.299673e-001
3.313642e+003,3.291864e-001
3.314124e+003,3.284163e-001
3.314606e+003,3.276589e-001
3.315088e+003,3.269102e-001
3.315571e+003,3.261609e-001
3.316053e+003,3.254063e-001
3.316535e+003,3.246469e-001
3.317017e+003,3.238915e-001
3.317499e+003,3.231488e-001
3.317981e+003,3.224235e-001
3.318463e+003,3.217112e-001
3.318946e+003,3.210014e-001
3.319427e+003,3.202815e-001
3.319910e+003,3.195451e-001
3.320392e+003,3.187950e-001
3.320874e+003,3.180433e-001
3.321356e+003,3.173035e-001
3.321838e+003,3.165856e-001
3.322320e+003,3.158884e-001
3.322802e+003,3.152032e-001
3.323285e+003,3.145179e-001
3.323767e+003,3.138228e-001
3.324249e+003,3.131178e-001
3.324731e+003,3.124103e-001
3.325213e+003,3.117105e-001
3.325695e+003,3.110244e-001
3.326177e+003,3.103491e-001
3.326659e+003,3.096763e-001
3.327142e+003,3.089969e-001
3.327624e+003,3.083055e-001
3.328106e+003,3.076074e-001
3.328588e+003,3.069164e-001
3.329070e+003,3.062463e-001
3.329552e+003,3.056056e-001
3.330034e+003,3.049905e-001
3.330516e+003,3.043891e-001
3.330999e+003,3.037855e-001
3.331481e+003,3.031678e-001
3.331963e+003,3.025344e-001
3.332445e+003,3.018933e-001
3.332927e+003,3.012566e-001
3.333409e+003,3.006351e-001
3.333891e+003,3.000305e-001
3.334374e+003,2.994381e-001
3.334855e+003,2.988491e-001
3.335338e+003,2.982588e-001
3.335820e+003,2.976684e-001
3.336302e+003,2.970859e-001
3.336784e+003,2.965195e-001
3.337266e+003,2.959715e-001
3.337748e+003,2.954340e-001
3.338230e+003,2.948940e-001
3.338713e+003,2.943375e-001
3.339195e+003,2.937582e-001
3.339677e+003,2.931612e-001
3.340159e+003,2.925628e-001
3.340641e+003,2.919798e-001
3.341123e+003,2.914244e-001
3.341605e+003,2.908951e-001
3.342087e+003,2.903798e-001
3.342570e+003,2.898606e-001
3.343052e+003,2.893241e-001
3.343534e+003,2.887660e-001
3.344016e+003,2.881945e-001
3.344498e+003,2.876229e-001
3.344980e+003,2.870645e-001
3.345462e+003,2.865240e-001
3.345944e+003,2.859991e-001
3.346427e+003,2.854817e-001
3.346909e+003,2.849661e-001
3.347391e+003,2.844521e-001
3.347873e+003,2.839460e-001
3.348355e+003,2.834559e-001
3.348837e+003,2.829850e-001
3.349319e+003,2.825276e-001
3.349802e+003,2.820697e-001
3.350283e+003,2.815948e-001
3.350766e+003,2.810924e-001
3.351248e+003,2.805609e-001
3.351730e+003,2.800111e-001
3.352212e+003,2.794586e-001
3.352694e+003,2.789176e-001
3.353176e+003,2.783933e-001
3.353658e+003,2.778831e-001
3.354141e+003,2.773772e-001
3.354623e+003,2.768674e-001
3.355105e+003,2.763505e-001
3.355587e+003,2.758318e-001
3.356069e+003,2.753204e-001
3.356551e+003,2.748240e-001
3.357033e+003,2.743426e-001
3.357515e+003,2.738711e-001
3.357998e+003,2.733988e-001
3.358480e+003,2.729177e-001
3.358962e+003,2.724237e-001
3.359444e+003,2.719195e-001
3.359926e+003,2.714092e-001
3.360408e+003,2.708972e-001
3.360890e+003,2.703823e-001
3.361372e+003,2.698606e-001
3.361854e+003,2.693299e-001
3.362337e+003,2.687922e-001
3.362819e+003,2.682562e-001
3.363301e+003,2.677359e-001
3.363783e+003,2.672422e-001
3.364265e+003,2.667792e-001
3.364747e+003,2.663388e-001
3.365229e+003,2.659059e-001
3.365712e+003,2.654627e-001
3.366194e+003,2.649980e-001
3.366676e+003,2.645115e-001
3.367158e+003,2.640132e-001
3.367640e+003,2.635169e-001
3.368122e+003,2.630331e-001
3.368604e+003,2.625634e-001
3.369086e+003,2.621015e-001
3.369569e+003,2.616355e-001
3.370051e+003,2.611569e-001
3.370533e+003,2.606639e-001
3.371015e+003,2.601618e-001
3.371497e+003,2.596594e-001
3.371979e+003,2.591636e-001
3.372461e+003,2.586750e-001
3.372943e+003,2.581887e-001
3.373426e+003,2.576986e-001
3.373908e+003,2.572019e-001
3.374390e+003,2.567030e-001
3.374872e+003,2.562124e-001
3.375354e+003,2.557391e-001
3.375836e+003,2.552890e-001
3.376318e+003,2.548582e-001
3.376800e+003,2.544354e-001
3.377282e+003,2.540078e-001
3.377765e+003,2.535685e-001
3.378247e+003,2.531178e-001
3.378729e+003,2.526651e-001
3.379211e+003,2.522216e-001
3.379693e+003,2.517944e-001
3.380175e+003,2.513831e-001
3.380657e+003,2.509803e-001
3.381140e+003,2.505770e-001
3.381622e+003,2.501688e-001
3.382104e+003,2.497569e-001
3.382586e+003,2.493514e-001
3.383068e+003,2.489619e-001
3.383550e+003,2.485934e-001
3.384032e+003,2.482405e-001
3.384514e+003,2.478923e-001
3.384997e+003,2.475343e-001
3.385479e+003,2.471589e-001
3.385961e+003,2.467677e-001
3.386443e+003,2.463716e-001
3.386925e+003,2.459833e-001
3.387407e+003,2.456112e-001
3.387889e+003,2.452536e-001
3.388371e+003,2.449028e-001
3.388854e+003,2.445471e-001
3.389336e+003,2.441805e-001
3.389818e+003,2.438043e-001
3.390300e+003,2.434291e-001
3.390782e+003,2.430675e-001
3.391264e+003,2.427271e-001
3.391746e+003,2.424064e-001
3.392229e+003,2.420945e-001
3.392710e+003,2.417775e-001
3.393193e+003,2.414456e-001
3.393675e+003,2.410987e-001
3.394157e+003,2.407463e-001
3.394639e+003,2.404008e-001
3.395121e+003,2.400710e-001
3.395603e+003,2.397561e-001
3.396085e+003,2.394493e-001
3.396568e+003,2.391390e-001
3.397050e+003,2.388188e-001
3.397532e+003,2.384902e-001
3.398014e+003,2.381648e-001
3.398496e+003,2.378546e-001
3.398978e+003,2.375679e-001
3.399460e+003,2.373022e-001
3.399942e+003,2.370463e-001
3.400425e+003,2.367844e-001
3.400907e+003,2.365050e-001
3.401389e+003,2.362068e-001
3.401871e+003,2.358988e-001
3.402353e+003,2.355951e-001
3.402835e+003,2.353090e-001
3.403317e+003,2.350436e-001
3.403799e+003,2.347954e-001
3.404281e+003,2.345519e-001
3.404764e+003,2.343053e-001
3.405246e+003,2.340504e-001
3.405728e+003,2.337902e-001
3.406210e+003,2.335309e-001
3.406692e+003,2.332780e-001
3.407174e+003,2.330298e-001
3.407656e+003,2.327802e-001
3.408138e+003,2.325211e-001
3.408621e+003,2.322481e-001
3.409103e+003,2.319633e-001
3.409585e+003,2.316758e-001
3.410067e+003,2.313956e-001
3.410549e+003,2.311285e-001
3.411031e+003,2.308720e-001
3.411513e+003,2.306188e-001
3.411996e+003,2.303572e-001
3.412478e+003,2.300819e-001
3.412960e+003,2.297949e-001
3.413442e+003,2.295060e-001
3.413924e+003,2.292261e-001
3.414406e+003,2.289619e-001
3.414888e+003,2.287109e-001
3.415370e+003,2.284644e-001
3.415853e+003,2.282114e-001
3.416335e+003,2.279457e-001
3.416817e+003,2.276686e-001
3.417299e+003,2.273913e-001
3.417781e+003,2.271247e-001
3.418263e+003,2.268763e-001
3.418745e+003,2.266434e-001
3.419227e+003,2.264166e-001
3.419709e+003,2.261827e-001
3.420192e+003,2.259341e-001
3.420674e+003,2.256716e-001
3.421156e+003,2.254056e-001
3.421638e+003,2.251480e-001
3.422120e+003,2.249065e-001
3.422602e+003,2.246777e-001
3.423084e+003,2.244501e-001
3.423566e+003,2.242118e-001
3.424049e+003,2.239553e-001
3.424531e+003,2.236823e-001
3.425013e+003,2.234048e-001
3.425495e+003,2.231353e-001
3.425977e+003,2.228830e-001
3.426459e+003,2.226459e-001
3.426941e+003,2.224140e-001
3.427424e+003,2.221737e-001
3.427906e+003,2.219148e-001
3.428388e+003,2.216368e-001
3.428870e+003,2.213488e-001
3.429352e+003,2.210620e-001
3.429834e+003,2.207858e-001
3.430316e+003,2.205200e-001
3.430798e+003,2.202588e-001
3.431281e+003,2.199920e-001
3.431763e+003,2.197164e-001
3.432245e+003,2.194355e-001
3.432727e+003,2.191615e-001
3.433209e+003,2.189064e-001
3.433691e+003,2.186768e-001
3.434173e+003,2.184661e-001
3.434655e+003,2.182607e-001
3.435137e+003,2.180423e-001
3.435620e+003,2.177991e-001
3.436102e+003,2.175289e-001
3.436584e+003,2.172417e-001
3.437066e+003,2.169517e-001
3.437548e+003,2.166708e-001
3.438030e+003,2.164007e-001
3.438512e+003,2.161350e-001
3.438994e+003,2.158632e-001
3.439477e+003,2.155790e-001
3.439959e+003,2.152834e-001
3.440441e+003,2.149879e-001
3.440923e+003,2.147056e-001
3.441405e+003,2.144466e-001
3.441887e+003,2.142096e-001
3.442369e+003,2.139845e-001
3.442852e+003,2.137550e-001
3.443333e+003,2.135098e-001
3.443816e+003,2.132457e-001
3.444298e+003,2.129704e-001
3.444780e+003,2.126950e-001
3.445262e+003,2.124287e-001
3.445744e+003,2.121720e-001
3.446226e+003,2.119186e-001
3.446708e+003,2.116562e-001
3.447191e+003,2.113771e-001
3.447673e+003,2.110830e-001
3.448155e+003,2.107847e-001
3.448637e+003,2.104948e-001
3.449119e+003,2.102215e-001
3.449601e+003,2.099630e-001
3.450083e+003,2.097107e-001
3.450565e+003,2.094534e-001
3.451048e+003,2.091837e-001
3.451530e+003,2.089025e-001
3.452012e+003,2.086191e-001
3.452494e+003,2.083441e-001
3.452976e+003,2.080855e-001
3.453458e+003,2.078405e-001
3.453940e+003,2.075987e-001
3.454422e+003,2.073467e-001
3.454905e+003,2.070754e-001
3.455387e+003,2.067838e-001
3.455869e+003,2.064803e-001
3.456351e+003,2.061768e-001
3.456833e+003,2.058824e-001
3.457315e+003,2.055964e-001
3.457797e+003,2.053134e-001
3.458280e+003,2.050241e-001
3.458761e+003,2.047236e-001
3.459244e+003,2.044145e-001
3.459726e+003,2.041057e-001
3.460208e+003,2.038068e-001
3.460690e+003,2.035210e-001
3.461172e+003,2.032409e-001
3.461654e+003,2.029524e-001
3.462136e+003,2.026405e-001
3.462619e+003,2.022978e-001
3.463101e+003,2.019300e-001
3.463583e+003,2.015545e-001
3.464065e+003,2.011902e-001
3.464547e+003,2.008515e-001
3.465029e+003,2.005387e-001
3.465511e+003,2.002446e-001
3.465993e+003,1.999541e-001
3.466476e+003,1.996565e-001
3.466958e+003,1.993480e-001
3.467440e+003,1.990338e-001
3.467922e+003,1.987211e-001
3.468404e+003,1.984144e-001
3.468886e+003,1.981089e-001
3.469368e+003,1.977949e-001
3.469850e+003,1.974592e-001
3.470333e+003,1.970982e-001
3.470815e+003,1.967154e-001
3.471297e+003,1.963245e-001
3.471779e+003,1.959403e-001
3.472261e+003,1.955713e-001
3.472743e+003,1.952140e-001
3.473225e+003,1.948566e-001
3.473708e+003,1.944841e-001
3.474189e+003,1.940875e-001
3.474672e+003,1.936691e-001
3.475154e+003,1.932441e-001
3.475636e+003,1.928303e-001
3.476118e+003,1.924416e-001
3.476600e+003,1.920798e-001
3.477082e+003,1.917369e-001
3.477564e+003,1.913973e-001
3.478047e+003,1.910498e-001
3.478529e+003,1.906876e-001
3.479011e+003,1.903143e-001
3.479493e+003,1.899348e-001
3.479975e+003,1.895537e-001
3.480457e+003,1.891656e-001
3.480939e+003,1.887628e-001
3.481421e+003,1.883361e-001
3.481904e+003,1.878851e-001
3.482386e+003,1.874198e-001
3.482868e+003,1.869598e-001
3.483350e+003,1.865230e-001
3.483832e+003,1.861194e-001
3.484314e+003,1.857447e-001
3.484796e+003,1.853862e-001
3.485278e+003,1.850254e-001
3.485760e+003,1.846503e-001
3.486243e+003,1.842564e-001
3.486725e+003,1.838517e-001
3.487207e+003,1.834467e-001
3.487689e+003,1.830502e-001
3.488171e+003,1.826600e-001
3.488653e+003,1.822682e-001
3.489135e+003,1.818631e-001
3.489618e+003,1.814384e-001
3.490100e+003,1.809958e-001
3.490582e+003,1.805461e-001
3.491064e+003,1.800998e-001
3.491546e+003,1.796642e-001
3.492028e+003,1.792366e-001
3.492510e+003,1.788097e-001
3.492992e+003,1.783744e-001
3.493475e+003,1.779270e-001
3.493957e+003,1.774748e-001
3.494439e+003,1.770305e-001
3.494921e+003,1.766073e-001
3.495403e+003,1.762104e-001
3.495885e+003,1.758313e-001
3.496367e+003,1.754534e-001
3.496849e+003,1.750583e-001
3.497332e+003,1.746366e-001
3.497814e+003,1.741929e-001
3.498296e+003,1.737427e-001
3.498778e+003,1.733048e-001
3.499260e+003,1.728912e-001
3.499742e+003,1.725020e-001
3.500224e+003,1.721246e-001
3.500706e+003,1.717404e-001
3.501188e+003,1.713328e-001
3.501671e+003,1.708937e-001
3.502153e+003,1.704296e-001
3.502635e+003,1.699542e-001
3.503117e+003,1.694816e-001
3.503599e+003,1.690178e-001
3.504081e+003,1.685619e-001
3.504563e+003,1.681061e-001
3.505046e+003,1.676477e-001
3.505528e+003,1.671893e-001
3.506010e+003,1.667379e-001
3.506492e+003,1.663003e-001
3.506974e+003,1.658795e-001
3.507456e+003,1.654667e-001
3.507938e+003,1.650496e-001
3.508420e+003,1.646137e-001
3.508903e+003,1.641521e-001
3.509385e+003,1.636684e-001
3.509867e+003,1.631784e-001
3.510349e+003,1.626980e-001
3.510831e+003,1.622373e-001
3.511313e+003,1.617929e-001
3.511795e+003,1.613549e-001
3.512277e+003,1.609092e-001
3.512760e+003,1.604486e-001
3.513242e+003,1.599752e-001
3.513724e+003,1.594993e-001
3.514206e+003,1.590316e-001
3.514688e+003,1.585785e-001
3.515170e+003,1.581359e-001
3.515652e+003,1.576922e-001
3.516135e+003,1.572338e-001
3.516616e+003,1.567535e-001
3.517099e+003,1.562533e-001
3.517581e+003,1.557472e-001
3.518063e+003,1.552501e-001
3.518545e+003,1.547729e-001
3.519027e+003,1.543145e-001
3.519509e+003,1.538659e-001
3.519991e+003,1.534143e-001
3.520474e+003,1.529493e-001
3.520956e+003,1.524688e-001
3.521438e+003,1.519795e-001
3.521920e+003,1.514908e-001
3.522402e+003,1.510115e-001
3.522884e+003,1.505397e-001
3.523366e+003,1.500701e-001
3.523848e+003,1.495925e-001
3.524331e+003,1.491035e-001
3.524813e+003,1.486049e-001
3.525295e+003,1.481062e-001
3.525777e+003,1.476162e-001
3.526259e+003,1.471376e-001
3.526741e+003,1.466649e-001
3.527223e+003,1.461877e-001
3.527705e+003,1.456969e-001
3.528188e+003,1.451916e-001
3.528670e+003,1.446798e-001
3.529152e+003,1.441758e-001
3.529634e+003,1.436888e-001
3.530116e+003,1.432197e-001
3.530598e+003,1.427565e-001
3.531080e+003,1.422858e-001
3.531563e+003,1.417940e-001
3.532044e+003,1.412800e-001
3.532527e+003,1.407529e-001
3.533009e+003,1.402298e-001
3.533491e+003,1.397253e-001
3.533973e+003,1.392449e-001
3.534455e+003,1.387814e-001
3.534937e+003,1.383189e-001
3.535419e+003,1.378378e-001
3.535902e+003,1.373293e-001
3.536384e+003,1.367966e-001
3.536866e+003,1.362563e-001
3.537348e+003,1.357256e-001
3.537830e+003,1.352151e-001
3.538312e+003,1.347224e-001
3.538794e+003,1.342365e-001
3.539276e+003,1.337423e-001
3.539759e+003,1.332319e-001
3.540241e+003,1.327062e-001
3.540723e+003,1.321766e-001
3.541205e+003,1.316560e-001
3.541687e+003,1.311541e-001
3.542169e+003,1.306691e-001
3.542651e+003,1.301938e-001
3.543133e+003,1.297151e-001
3.543615e+003,1.292226e-001
3.544098e+003,1.287135e-001
3.544580e+003,1.281933e-001
3.545062e+003,1.276679e-001
3.545544e+003,1.271420e-001
3.546026e+003,1.266094e-001
3.546508e+003,1.260641e-001
3.546990e+003,1.255021e-001
3.547472e+003,1.249305e-001
3.547955e+003,1.243632e-001
3.548437e+003,1.238181e-001
3.548919e+003,1.233053e-001
3.549401e+003,1.228235e-001
3.549883e+003,1.223584e-001
3.550365e+003,1.218899e-001
3.550847e+003,1.213977e-001
3.551330e+003,1.208733e-001
3.551812e+003,1.203240e-001
3.552294e+003,1.197711e-001
3.552776e+003,1.192381e-001
3.553258e+003,1.187396e-001
3.553740e+003,1.182710e-001
3.554222e+003,1.178172e-001
3.554704e+003,1.173578e-001
3.555187e+003,1.168793e-001
3.555669e+003,1.163800e-001
3.556151e+003,1.158675e-001
3.556633e+003,1.153541e-001
3.557115e+003,1.148489e-001
3.557597e+003,1.143533e-001
3.558079e+003,1.138624e-001
3.558561e+003,1.133680e-001
3.559043e+003,1.128665e-001
3.559526e+003,1.123603e-001
3.560008e+003,1.118571e-001
3.560490e+003,1.113658e-001
3.560972e+003,1.108906e-001
3.561454e+003,1.104266e-001
3.561936e+003,1.099644e-001
3.562418e+003,1.094940e-001
3.562900e+003,1.090128e-001
3.563383e+003,1.085252e-001
3.563865e+003,1.080414e-001
3.564347e+003,1.075694e-001
3.564829e+003,1.071103e-001
3.565311e+003,1.066491e-001
3.565793e+003,1.061625e-001
3.566275e+003,1.056263e-001
3.566758e+003,1.050373e-001
3.567240e+003,1.044205e-001
3.567722e+003,1.038152e-001
3.568204e+003,1.032514e-001
3.568686e+003,1.027342e-001
3.569168e+003,1.022477e-001
3.569650e+003,1.017710e-001
3.570132e+003,1.012873e-001
3.570615e+003,1.007907e-001
3.571097e+003,1.002853e-001
3.571579e+003,9.978304e-002
3.572061e+003,9.929259e-002
3.572543e+003,9.881744e-002
3.573025e+003,9.834936e-002
3.573507e+003,9.787628e-002
3.573989e+003,9.738529e-002
3.574471e+003,9.687278e-002
3.574954e+003,9.634620e-002
3.575436e+003,9.582065e-002
3.575918e+003,9.531192e-002
3.576400e+003,9.482550e-002
3.576882e+003,9.435599e-002
3.577364e+003,9.389142e-002
3.577846e+003,9.341804e-002
3.578328e+003,9.293035e-002
3.578811e+003,9.243322e-002
3.579293e+003,9.193890e-002
3.579775e+003,9.145908e-002
3.580257e+003,9.100016e-002
3.580739e+003,9.055635e-002
3.581221e+003,9.011758e-002
3.581703e+003,8.967315e-002
3.582186e+003,8.922034e-002
3.582667e+003,8.876488e-002
3.583150e+003,8.831923e-002
3.583632e+003,8.789334e-002
3.584114e+003,8.749180e-002
3.584596e+003,8.710572e-002
3.585078e+003,8.671951e-002
3.585560e+003,8.631382e-002
3.586042e+003,8.587601e-002
3.586525e+003,8.540643e-002
3.587007e+003,8.492333e-002
3.587489e+003,8.444965e-002
3.587971e+003,8.399907e-002
3.588453e+003,8.356408e-002
3.588935e+003,8.313160e-002
3.589417e+003,8.268959e-002
3.589899e+003,8.223781e-002
3.590382e+003,8.178629e-002
3.590864e+003,8.134896e-002
3.591346e+003,8.093782e-002
3.591828e+003,8.055439e-002
3.592310e+003,8.018936e-002
3.592792e+003,7.982444e-002
3.593274e+003,7.943748e-002
3.593756e+003,7.901581e-002
3.594239e+003,7.856020e-002
3.594721e+003,7.808732e-002
3.595203e+003,7.761648e-002
3.595685e+003,7.716205e-002
3.596167e+003,7.672427e-002
3.596649e+003,7.629401e-002
3.597131e+003,7.585951e-002
3.597614e+003,7.541501e-002
3.598095e+003,7.496125e-002
3.598578e+003,7.450838e-002
3.599060e+003,7.406504e-002
3.599542e+003,7.363646e-002
3.600024e+003,7.321863e-002
3.600506e+003,7.280443e-002
3.600988e+003,7.238673e-002
3.601470e+003,7.196590e-002
3.601953e+003,7.154984e-002
3.602435e+003,7.114839e-002
3.602917e+003,7.076742e-002
3.603399e+003,7.040592e-002
3.603881e+003,7.005353e-002
3.604363e+003,6.969938e-002
3.604845e+003,6.933385e-002
3.605327e+003,6.895645e-002
3.605810e+003,6.857456e-002
3.606292e+003,6.820213e-002
3.606774e+003,6.784993e-002
3.607256e+003,6.751828e-002
3.607738e+003,6.718912e-002
3.608220e+003,6.683750e-002
3.608702e+003,6.644244e-002
3.609184e+003,6.600223e-002
3.609667e+003,6.553171e-002
3.610149e+003,6.505573e-002
3.610631e+003,6.459524e-002
3.611113e+003,6.416018e-002
3.611595e+003,6.374595e-002
3.612077e+003,6.334292e-002
3.612559e+003,6.293628e-002
3.613042e+003,6.252193e-002
3.613524e+003,6.210507e-002
3.614006e+003,6.169956e-002
3.614488e+003,6.131683e-002
3.614970e+003,6.096099e-002
3.615452e+003,6.062506e-002
3.615934e+003,6.029957e-002
3.616416e+003,5.997469e-002
3.616898e+003,5.964468e-002
3.617381e+003,5.930855e-002
3.617863e+003,5.896708e-002
3.618345e+003,5.861624e-002
3.618827e+003,5.824696e-002
3.619309e+003,5.784646e-002
3.619791e+003,5.741322e-002
3.620273e+003,5.695775e-002
3.620755e+003,5.650152e-002
3.621238e+003,5.606744e-002
3.621720e+003,5.566956e-002
3.622202e+003,5.530834e-002
3.622684e+003,5.497396e-002
3.623166e+003,5.464801e-002
3.623648e+003,5.431458e-002
3.624130e+003,5.396437e-002
3.624612e+003,5.360159e-002
3.625094e+003,5.323929e-002
3.625577e+003,5.289823e-002
3.626059e+003,5.259380e-002
3.626541e+003,5.233183e-002
3.627023e+003,5.209791e-002
3.627505e+003,5.185911e-002
3.627987e+003,5.156738e-002
3.628469e+003,5.118744e-002
3.628952e+003,5.072939e-002
3.629434e+003,5.024701e-002
3.629916e+003,4.978899e-002
3.630398e+003,4.936908e-002
3.630880e+003,4.897201e-002
3.631362e+003,4.857878e-002
3.631844e+003,4.817686e-002
3.632326e+003,4.776651e-002
3.632809e+003,4.736050e-002
3.633291e+003,4.697742e-002
3.633773e+003,4.663019e-002
3.634255e+003,4.631839e-002
3.634737e+003,4.602518e-002
3.635219e+003,4.572785e-002
3.635701e+003,4.540670e-002
3.636183e+003,4.505528e-002
3.636666e+003,4.467832e-002
3.637148e+003,4.429005e-002
3.637630e+003,4.390526e-002
3.638112e+003,4.353310e-002
3.638594e+003,4.317233e-002
3.639076e+003,4.281452e-002
3.639558e+003,4.245162e-002
3.640041e+003,4.207930e-002
3.640522e+003,4.170138e-002
3.641005e+003,4.132742e-002
3.641487e+003,4.096721e-002
3.641969e+003,4.062579e-002
3.642451e+003,4.030133e-002
3.642933e+003,3.999021e-002
3.643415e+003,3.968984e-002
3.643897e+003,3.940381e-002
3.644380e+003,3.913929e-002
3.644862e+003,3.890742e-002
3.645344e+003,3.871390e-002
3.645826e+003,3.855673e-002
3.646308e+003,3.841576e-002
3.646790e+003,3.826164e-002
3.647272e+003,3.806120e-002
3.647754e+003,3.779884e-002
3.648237e+003,3.748830e-002
3.648719e+003,3.716450e-002
3.649201e+003,3.685367e-002
3.649683e+003,3.655124e-002
3.650165e+003,3.622614e-002
3.650647e+003,3.585945e-002
3.651129e+003,3.545687e-002
3.651611e+003,3.504700e-002
3.652094e+003,3.465839e-002
3.652576e+003,3.431158e-002
3.653058e+003,3.401199e-002
3.653540e+003,3.375306e-002
3.654022e+003,3.351711e-002
3.654504e+003,3.328051e-002
3.654986e+003,3.301866e-002
3.655469e+003,3.271660e-002
3.655950e+003,3.237681e-002
3.656433e+003,3.202106e-002
3.656915e+003,3.167259e-002
3.657397e+003,3.134548e-002
3.657879e+003,3.103628e-002
3.658361e+003,3.073669e-002
3.658843e+003,3.043955e-002
3.659325e+003,3.014462e-002
3.659808e+003,2.985832e-002
3.660290e+003,2.958990e-002
3.660772e+003,2.934494e-002
3.661254e+003,2.912108e-002
3.661736e+003,2.890732e-002
3.662218e+003,2.869007e-002
3.662700e+003,2.846020e-002
3.663182e+003,2.821658e-002
3.663665e+003,2.796788e-002
3.664147e+003,2.772717e-002
3.664629e+003,2.750448e-002
3.665111e+003,2.730461e-002
3.665593e+003,2.712349e-002
3.666075e+003,2.695619e-002
3.666557e+003,2.679701e-002
3.667039e+003,2.664782e-002
3.667521e+003,2.651416e-002
3.668004e+003,2.640495e-002
3.668486e+003,2.631722e-002
3.668968e+003,2.623243e-002
3.669450e+003,2.610635e-002
3.669932e+003,2.590226e-002
3.670414e+003,2.561484e-002
3.670896e+003,2.528179e-002
3.671378e+003,2.495182e-002
3.671861e+003,2.466359e-002
3.672343e+003,2.443292e-002
3.672825e+003,2.426387e-002
3.673307e+003,2.414880e-002
3.673789e+003,2.407757e-002
3.674271e+003,2.403203e-002
3.674753e+003,2.398661e-002
3.675236e+003,2.391188e-002
3.675718e+003,2.378979e-002
3.676200e+003,2.361946e-002
3.676682e+003,2.340855e-002
3.677164e+003,2.316016e-002
3.677646e+003,2.287911e-002
3.678128e+003,2.257145e-002
3.678610e+003,2.225228e-002
3.679093e+003,2.194570e-002
3.679575e+003,2.167445e-002
3.680057e+003,2.145186e-002
3.680539e+003,2.127546e-002
3.681021e+003,2.112672e-002
3.681503e+003,2.098363e-002
3.681985e+003,2.082916e-002
3.682467e+003,2.065649e-002
3.682949e+003,2.047007e-002
3.683432e+003,2.028362e-002
3.683914e+003,2.011037e-002
3.684396e+003,1.996046e-002
3.684878e+003,1.983401e-002
3.685360e+003,1.972843e-002
3.685842e+003,1.963804e-002
3.686324e+003,1.956209e-002
3.686806e+003,1.950282e-002
3.687289e+003,1.946369e-002
3.687771e+003,1.944410e-002
3.688253e+003,1.943006e-002
3.688735e+003,1.939425e-002
3.689217e+003,1.931488e-002
3.689699e+003,1.918415e-002
3.690181e+003,1.901911e-002
3.690664e+003,1.884527e-002
3.691146e+003,1.868390e-002
3.691628e+003,1.854069e-002
3.692110e+003,1.841007e-002
3.692592e+003,1.827956e-002
3.693074e+003,1.814272e-002
3.693556e+003,1.799916e-002
3.694038e+003,1.785645e-002
3.694521e+003,1.772769e-002
3.695003e+003,1.762417e-002
3.695485e+003,1.754823e-002
3.695967e+003,1.749283e-002
3.696449e+003,1.744137e-002
3.696931e+003,1.737851e-002
3.697413e+003,1.729545e-002
3.697895e+003,1.719677e-002
3.698377e+003,1.709621e-002
3.698860e+003,1.701136e-002
3.699342e+003,1.695721e-002
3.699824e+003,1.693911e-002
3.700306e+003,1.694986e-002
3.700788e+003,1.697277e-002
3.701270e+003,1.698750e-002
3.701752e+003,1.698140e-002
3.702234e+003,1.695275e-002
3.702717e+003,1.690995e-002
3.703199e+003,1.686081e-002
3.703681e+003,1.680844e-002
3.704163e+003,1.674850e-002
3.704645e+003,1.667663e-002
3.705127e+003,1.659259e-002
3.705609e+003,1.650048e-002
3.706092e+003,1.641181e-002
3.706573e+003,1.633926e-002
3.707056e+003,1.629286e-002
3.707538e+003,1.627674e-002
3.708020e+003,1.628382e-002
3.708502e+003,1.630443e-002
3.708984e+003,1.632754e-002
3.709466e+003,1.634828e-002
3.709948e+003,1.637077e-002
3.710431e+003,1.640482e-002
3.710913e+003,1.645328e-002
3.711395e+003,1.650611e-002
3.711877e+003,1.653894e-002
3.712359e+003,1.653277e-002
3.712841e+003,1.648035e-002
3.713323e+003,1.639138e-002
3.713805e+003,1.628362e-002
3.714288e+003,1.617485e-002
3.714770e+003,1.607587e-002
3.715252e+003,1.599056e-002
3.715734e+003,1.591691e-002
3.716216e+003,1.585232e-002
3.716698e+003,1.579356e-002
3.717180e+003,1.574213e-002
3.717662e+003,1.570052e-002
3.718145e+003,1.567319e-002
3.718627e+003,1.565992e-002
3.719109e+003,1.565785e-002
3.719591e+003,1.566025e-002
3.720073e+003,1.566228e-002
3.720555e+003,1.566431e-002
3.721037e+003,1.567020e-002
3.721520e+003,1.568879e-002
3.722001e+003,1.572594e-002
3.722484e+003,1.578053e-002
3.722966e+003,1.584275e-002
3.723448e+003,1.589849e-002
3.723930e+003,1.593794e-002
3.724412e+003,1.595658e-002
3.724894e+003,1.595777e-002
3.725376e+003,1.594812e-002
3.725859e+003,1.593210e-002
3.726341e+003,1.590848e-002
3.726823e+003,1.587025e-002
3.727305e+003,1.581070e-002
3.727787e+003,1.573130e-002
3.728269e+003,1.564003e-002
3.728751e+003,1.555149e-002
3.729233e+003,1.548376e-002
3.729716e+003,1.545195e-002
3.730198e+003,1.546456e-002
3.730680e+003,1.552059e-002
3.731162e+003,1.560548e-002
3.731644e+003,1.569739e-002
3.732126e+003,1.577633e-002
3.732608e+003,1.583632e-002
3.733090e+003,1.588733e-002
3.733573e+003,1.595172e-002
3.734055e+003,1.604212e-002
3.734537e+003,1.615242e-002
3.735019e+003,1.624800e-002
3.735501e+003,1.628898e-002
3.735983e+003,1.625532e-002
3.736465e+003,1.616576e-002
3.736948e+003,1.605918e-002
3.737430e+003,1.597008e-002
3.737912e+003,1.591285e-002
3.738394e+003,1.588363e-002
3.738876e+003,1.586679e-002
3.739358e+003,1.584444e-002
3.739840e+003,1.580444e-002
3.740322e+003,1.574440e-002
3.740804e+003,1.567409e-002
3.741287e+003,1.561116e-002
3.741769e+003,1.557524e-002
3.742251e+003,1.558563e-002
3.742733e+003,1.565075e-002
3.743215e+003,1.576898e-002
3.743697e+003,1.591518e-002
3.744179e+003,1.604565e-002
3.744661e+003,1.611826e-002
3.745144e+003,1.612410e-002
3.745626e+003,1.608443e-002
3.746108e+003,1.602659e-002
3.746590e+003,1.596735e-002
3.747072e+003,1.591661e-002
3.747554e+003,1.587728e-002
3.748036e+003,1.585475e-002
3.748518e+003,1.585415e-002
3.749000e+003,1.588266e-002
3.749483e+003,1.593814e-002
3.749965e+003,1.600795e-002
3.750447e+003,1.606385e-002
3.750929e+003,1.608098e-002
3.751411e+003,1.604777e-002
3.751893e+003,1.597325e-002
3.752375e+003,1.587750e-002
3.752858e+003,1.578172e-002
3.753340e+003,1.569673e-002
3.753822e+003,1.562554e-002
3.754304e+003,1.556450e-002
3.754786e+003,1.551098e-002
3.755268e+003,1.546386e-002
3.755750e+003,1.542476e-002
3.756232e+003,1.539722e-002
3.756715e+003,1.538499e-002
3.757197e+003,1.538810e-002
3.757679e+003,1.540302e-002
3.758161e+003,1.542058e-002
3.758643e+003,1.543299e-002
3.759125e+003,1.543472e-002
3.759607e+003,1.542413e-002
3.760089e+003,1.540397e-002
3.760572e+003,1.537840e-002
3.761054e+003,1.534980e-002
3.761536e+003,1.531931e-002
3.762018e+003,1.528693e-002
3.762500e+003,1.525579e-002
3.762982e+003,1.522955e-002
3.763464e+003,1.521413e-002
3.763947e+003,1.521369e-002
3.764428e+003,1.522886e-002
3.764911e+003,1.525196e-002
3.765393e+003,1.527016e-002
3.765875e+003,1.527048e-002
3.766357e+003,1.524989e-002
3.766839e+003,1.521644e-002
3.767321e+003,1.518513e-002
3.767803e+003,1.517396e-002
3.768286e+003,1.519607e-002
3.768768e+003,1.525410e-002
3.769250e+003,1.533434e-002
3.769732e+003,1.541031e-002
3.770214e+003,1.545541e-002
3.770696e+003,1.545613e-002
3.771178e+003,1.541749e-002
3.771660e+003,1.535537e-002
3.772143e+003,1.528732e-002
3.772625e+003,1.522568e-002
3.773107e+003,1.517614e-002
3.773589e+003,1.513808e-002
3.774071e+003,1.511098e-002
3.774553e+003,1.509297e-002
3.775035e+003,1.508442e-002
3.775517e+003,1.508748e-002
3.776000e+003,1.510292e-002
3.776482e+003,1.512985e-002
3.776964e+003,1.516324e-002
3.777446e+003,1.519625e-002
3.777928e+003,1.522042e-002
3.778410e+003,1.523033e-002
3.778892e+003,1.522519e-002
3.779375e+003,1.520894e-002
3.779856e+003,1.518698e-002
3.780339e+003,1.516326e-002
3.780821e+003,1.513978e-002
3.781303e+003,1.511579e-002
3.781785e+003,1.509305e-002
3.782267e+003,1.507664e-002
3.782749e+003,1.507438e-002
3.783231e+003,1.509149e-002
3.783714e+003,1.513188e-002
3.784196e+003,1.518847e-002
3.784678e+003,1.524812e-002
3.785160e+003,1.529209e-002
3.785642e+003,1.530835e-002
3.786124e+003,1.529535e-002
3.786606e+003,1.526045e-002
3.787088e+003,1.521591e-002
3.787571e+003,1.517314e-002
3.788053e+003,1.513922e-002
3.788535e+003,1.511442e-002
3.789017e+003,1.509594e-002
3.789499e+003,1.507936e-002
3.789981e+003,1.506189e-002
3.790463e+003,1.504467e-002
3.790945e+003,1.502985e-002
3.791427e+003,1.501832e-002
3.791910e+003,1.500869e-002
3.792392e+003,1.499817e-002
3.792874e+003,1.498372e-002
3.793356e+003,1.496647e-002
3.793838e+003,1.495265e-002
3.794320e+003,1.495442e-002
3.794802e+003,1.498411e-002
3.795284e+003,1.504781e-002
3.795767e+003,1.513718e-002
3.796249e+003,1.522796e-002
3.796731e+003,1.528881e-002
3.797213e+003,1.529977e-002
3.797695e+003,1.526094e-002
3.798177e+003,1.519150e-002
3.798659e+003,1.512064e-002
3.799142e+003,1.508229e-002
3.799624e+003,1.510351e-002
3.800106e+003,1.520061e-002
3.800588e+003,1.536103e-002
3.801070e+003,1.553511e-002
3.801552e+003,1.565610e-002
3.802034e+003,1.568174e-002
3.802516e+003,1.562331e-002
3.802999e+003,1.552035e-002
3.803481e+003,1.541266e-002
3.803963e+003,1.532557e-002
3.804445e+003,1.527216e-002
3.804927e+003,1.525934e-002
3.805409e+003,1.528889e-002
3.805891e+003,1.535561e-002
3.806373e+003,1.544323e-002
3.806855e+003,1.552629e-002
3.807338e+003,1.557843e-002
3.807820e+003,1.558626e-002
3.808302e+003,1.555372e-002
3.808784e+003,1.549428e-002
3.809266e+003,1.542490e-002
3.809748e+003,1.536034e-002
3.810230e+003,1.530992e-002
3.810712e+003,1.527897e-002
3.811195e+003,1.526523e-002
3.811677e+003,1.526385e-002
3.812159e+003,1.526743e-002
3.812641e+003,1.527357e-002
3.813123e+003,1.528571e-002
3.813605e+003,1.531340e-002
3.814087e+003,1.536955e-002
3.814570e+003,1.546155e-002
3.815052e+003,1.558039e-002
3.815534e+003,1.569492e-002
3.816016e+003,1.576136e-002
3.816498e+003,1.575340e-002
3.816980e+003,1.567597e-002
3.817462e+003,1.555908e-002
3.817944e+003,1.543884e-002
3.818427e+003,1.534680e-002
3.818909e+003,1.530749e-002
3.819391e+003,1.533791e-002
3.819873e+003,1.543898e-002
3.820355e+003,1.558965e-002
3.820837e+003,1.574268e-002
3.821319e+003,1.584565e-002
3.821801e+003,1.587820e-002
3.822283e+003,1.585489e-002
3.822766e+003,1.580229e-002
3.823248e+003,1.574212e-002
3.823730e+003,1.568592e-002
3.824212e+003,1.563955e-002
3.824694e+003,1.560531e-002
3.825176e+003,1.558515e-002
3.825658e+003,1.557726e-002
3.826140e+003,1.557705e-002
3.826623e+003,1.557543e-002
3.827105e+003,1.556318e-002
3.827587e+003,1.553416e-002
3.828069e+003,1.549041e-002
3.828551e+003,1.544204e-002
3.829033e+003,1.540250e-002
3.829515e+003,1.538651e-002
3.829998e+003,1.540394e-002
3.830479e+003,1.545507e-002
3.830962e+003,1.552671e-002
3.831444e+003,1.559607e-002
3.831926e+003,1.564020e-002
3.832408e+003,1.564627e-002
3.832890e+003,1.561658e-002
3.833372e+003,1.556572e-002
3.833854e+003,1.551421e-002
3.834337e+003,1.547833e-002
3.834819e+003,1.546822e-002
3.835301e+003,1.548261e-002
3.835783e+003,1.551585e-002
3.836265e+003,1.555873e-002
3.836747e+003,1.560419e-002
3.837229e+003,1.564812e-002
3.837711e+003,1.568731e-002
3.838194e+003,1.571791e-002
3.838676e+003,1.573131e-002
3.839158e+003,1.572057e-002
3.839640e+003,1.568864e-002
3.840122e+003,1.564437e-002
3.840604e+003,1.560420e-002
3.841086e+003,1.558509e-002
3.841568e+003,1.559591e-002
3.842051e+003,1.563616e-002
3.842533e+003,1.569365e-002
3.843015e+003,1.574819e-002
3.843497e+003,1.578089e-002
3.843979e+003,1.577927e-002
3.844461e+003,1.574550e-002
3.844943e+003,1.569102e-002
3.845426e+003,1.563074e-002
3.845907e+003,1.557726e-002
3.846390e+003,1.553637e-002
3.846872e+003,1.550706e-002
3.847354e+003,1.548520e-002
3.847836e+003,1.546617e-002
3.848318e+003,1.544738e-002
3.848800e+003,1.543053e-002
3.849282e+003,1.542049e-002
3.849765e+003,1.542396e-002
3.850247e+003,1.544843e-002
3.850729e+003,1.550072e-002
3.851211e+003,1.559191e-002
3.851693e+003,1.573196e-002
3.852175e+003,1.592760e-002
3.852657e+003,1.616429e-002
3.853139e+003,1.639217e-002
3.853622e+003,1.654909e-002
3.854104e+003,1.660649e-002
3.854586e+003,1.657620e-002
3.855068e+003,1.648913e-002
3.855550e+003,1.637108e-002
3.856032e+003,1.624063e-002
3.856514e+003,1.611106e-002
3.856996e+003,1.599166e-002
3.857479e+003,1.588849e-002
3.857961e+003,1.580337e-002
3.858443e+003,1.573540e-002
3.858925e+003,1.568419e-002
3.859407e+003,1.564872e-002
3.859889e+003,1.562834e-002
3.860371e+003,1.562461e-002
3.860854e+003,1.563779e-002
3.861336e+003,1.566816e-002
3.861818e+003,1.571416e-002
3.862300e+003,1.577141e-002
3.862782e+003,1.583966e-002
3.863264e+003,1.591542e-002
3.863746e+003,1.599289e-002
3.864228e+003,1.606184e-002
3.864710e+003,1.610819e-002
3.865193e+003,1.611874e-002
3.865675e+003,1.609100e-002
3.866157e+003,1.602925e-002
3.866639e+003,1.594911e-002
3.867121e+003,1.586870e-002
3.867603e+003,1.580794e-002
3.868085e+003,1.578818e-002
3.868567e+003,1.582443e-002
3.869050e+003,1.591440e-002
3.869532e+003,1.603068e-002
3.870014e+003,1.612563e-002
3.870496e+003,1.616649e-002
3.870978e+003,1.615050e-002
3.871460e+003,1.609889e-002
3.871942e+003,1.603743e-002
3.872424e+003,1.598489e-002
3.872906e+003,1.594854e-002
3.873389e+003,1.592526e-002
3.873871e+003,1.590107e-002
3.874353e+003,1.586650e-002
3.874835e+003,1.581599e-002
3.875317e+003,1.575716e-002
3.875799e+003,1.570183e-002
3.876281e+003,1.566035e-002
3.876764e+003,1.564052e-002
3.877246e+003,1.564584e-002
3.877728e+003,1.567696e-002
3.878210e+003,1.573520e-002
3.878692e+003,1.582109e-002
3.879174e+003,1.593348e-002
3.879656e+003,1.606432e-002
3.880138e+003,1.619703e-002
3.880621e+003,1.630667e-002
3.881103e+003,1.637271e-002
3.881585e+003,1.638565e-002
3.882067e+003,1.635418e-002
3.882549e+003,1.629554e-002
3.883031e+003,1.623418e-002
3.883513e+003,1.619267e-002
3.883995e+003,1.619039e-002
3.884478e+003,1.623463e-002
3.884960e+003,1.631281e-002
3.885442e+003,1.639140e-002
3.885924e+003,1.643608e-002
3.886406e+003,1.642928e-002
3.886888e+003,1.637787e-002
3.887370e+003,1.630395e-002
3.887853e+003,1.622884e-002
3.888334e+003,1.617076e-002
3.888817e+003,1.613894e-002
3.889299e+003,1.613717e-002
3.889781e+003,1.616311e-002
3.890263e+003,1.621066e-002
3.890745e+003,1.627059e-002
3.891227e+003,1.633028e-002
3.891709e+003,1.638008e-002
3.892192e+003,1.641284e-002
3.892674e+003,1.642556e-002
3.893156e+003,1.641874e-002
3.893638e+003,1.639654e-002
3.894120e+003,1.636509e-002
3.894602e+003,1.633245e-002
3.895084e+003,1.630646e-002
3.895566e+003,1.629362e-002
3.896049e+003,1.629564e-002
3.896531e+003,1.631212e-002
3.897013e+003,1.633852e-002
3.897495e+003,1.637001e-002
3.897977e+003,1.640294e-002
3.898459e+003,1.643641e-002
3.898941e+003,1.647249e-002
3.899423e+003,1.651288e-002
3.899906e+003,1.655707e-002
3.900388e+003,1.660036e-002
3.900870e+003,1.663700e-002
3.901352e+003,1.666412e-002
3.901834e+003,1.668668e-002
3.902316e+003,1.671368e-002
3.902798e+003,1.675375e-002
3.903281e+003,1.680924e-002
3.903762e+003,1.686998e-002
3.904245e+003,1.691714e-002
3.904727e+003,1.692968e-002
3.905209e+003,1.690066e-002
3.905691e+003,1.683661e-002
3.906173e+003,1.675425e-002
3.906655e+003,1.667252e-002
3.907137e+003,1.660608e-002
3.907620e+003,1.656106e-002
3.908102e+003,1.653773e-002
3.908584e+003,1.652800e-002
3.909066e+003,1.652468e-002
3.909548e+003,1.652018e-002
3.910030e+003,1.651266e-002
3.910512e+003,1.650371e-002
3.910994e+003,1.649449e-002
3.911477e+003,1.648697e-002
3.911959e+003,1.647801e-002
3.912441e+003,1.646381e-002
3.912923e+003,1.644175e-002
3.913405e+003,1.641340e-002
3.913887e+003,1.638504e-002
3.914369e+003,1.636676e-002
3.914851e+003,1.637009e-002
3.915333e+003,1.640105e-002
3.915816e+003,1.645941e-002
3.916298e+003,1.653468e-002
3.916780e+003,1.661246e-002
3.917262e+003,1.667925e-002
3.917744e+003,1.672994e-002
3.918226e+003,1.676517e-002
3.918708e+003,1.678940e-002
3.919190e+003,1.680458e-002
3.919673e+003,1.681084e-002
3.920155e+003,1.680242e-002
3.920637e+003,1.677850e-002
3.921119e+003,1.674226e-002
3.921601e+003,1.670114e-002
3.922083e+003,1.666815e-002
3.922565e+003,1.665498e-002
3.923048e+003,1.666792e-002
3.923530e+003,1.670463e-002
3.924012e+003,1.675434e-002
3.924494e+003,1.680066e-002
3.924976e+003,1.683214e-002
3.925458e+003,1.684537e-002
3.925940e+003,1.684850e-002
3.926422e+003,1.685135e-002
3.926905e+003,1.686472e-002
3.927387e+003,1.689124e-002
3.927869e+003,1.692840e-002
3.928351e+003,1.696966e-002
3.928833e+003,1.700750e-002
3.929315e+003,1.703747e-002
3.929797e+003,1.705876e-002
3.930279e+003,1.707480e-002
3.930761e+003,1.708939e-002
3.931244e+003,1.710267e-002
3.931726e+003,1.711134e-002
3.932208e+003,1.711002e-002
3.932690e+003,1.709646e-002
3.933172e+003,1.707222e-002
3.933654e+003,1.704391e-002
3.934136e+003,1.701835e-002
3.934618e+003,1.699989e-002
3.935101e+003,1.698841e-002
3.935583e+003,1.697983e-002
3.936065e+003,1.696860e-002
3.936547e+003,1.695000e-002
3.937029e+003,1.692335e-002
3.937511e+003,1.689104e-002
3.937993e+003,1.685897e-002
3.938476e+003,1.683218e-002
3.938958e+003,1.681526e-002
3.939440e+003,1.680967e-002
3.939922e+003,1.681621e-002
3.940404e+003,1.683659e-002
3.940886e+003,1.687136e-002
3.941368e+003,1.692130e-002
3.941850e+003,1.698312e-002
3.942333e+003,1.704787e-002
3.942815e+003,1.710207e-002
3.943297e+003,1.713148e-002
3.943779e+003,1.712922e-002
3.944261e+003,1.709660e-002
3.944743e+003,1.704351e-002
3.945225e+003,1.698367e-002
3.945707e+003,1.693174e-002
3.946189e+003,1.689618e-002
3.946672e+003,1.688107e-002
3.947154e+003,1.688327e-002
3.947636e+003,1.689497e-002
3.948118e+003,1.691025e-002
3.948600e+003,1.692407e-002
3.949082e+003,1.693618e-002
3.949564e+003,1.694948e-002
3.950046e+003,1.696398e-002
3.950529e+003,1.697808e-002
3.951011e+003,1.698610e-002
3.951493e+003,1.698367e-002
3.951975e+003,1.697054e-002
3.952457e+003,1.694960e-002
3.952939e+003,1.692918e-002
3.953421e+003,1.691828e-002
3.953904e+003,1.692471e-002
3.954385e+003,1.695072e-002
3.954868e+003,1.699342e-002
3.955350e+003,1.704525e-002
3.955832e+003,1.709909e-002
3.956314e+003,1.714673e-002
3.956796e+003,1.718563e-002
3.957278e+003,1.721381e-002
3.957760e+003,1.723021e-002
3.958243e+003,1.723457e-002
3.958725e+003,1.722540e-002
3.959207e+003,1.720338e-002
3.959689e+003,1.717169e-002
3.960171e+003,1.713495e-002
3.960653e+003,1.710058e-002
3.961135e+003,1.707496e-002
3.961617e+003,1.705954e-002
3.962100e+003,1.705286e-002
3.962582e+003,1.704884e-002
3.963064e+003,1.704243e-002
3.963546e+003,1.703070e-002
3.964028e+003,1.701487e-002
3.964510e+003,1.700009e-002
3.964992e+003,1.699048e-002
3.965474e+003,1.698870e-002
3.965957e+003,1.699276e-002
3.966439e+003,1.699867e-002
3.966921e+003,1.700140e-002
3.967403e+003,1.699895e-002
3.967885e+003,1.699319e-002
3.968367e+003,1.698914e-002
3.968849e+003,1.699253e-002
3.969332e+003,1.700536e-002
3.969813e+003,1.702549e-002
3.970296e+003,1.704589e-002
3.970778e+003,1.705793e-002
3.971260e+003,1.705774e-002
3.971742e+003,1.704479e-002
3.972224e+003,1.702506e-002
3.972706e+003,1.700785e-002
3.973188e+003,1.700167e-002
3.973671e+003,1.701131e-002
3.974153e+003,1.703652e-002
3.974635e+003,1.707197e-002
3.975117e+003,1.711275e-002
3.975599e+003,1.715208e-002
3.976081e+003,1.718716e-002
3.976563e+003,1.721386e-002
3.977045e+003,1.723098e-002
3.977528e+003,1.723547e-002
3.978010e+003,1.722504e-002
3.978492e+003,1.719930e-002
3.978974e+003,1.716051e-002
3.979456e+003,1.711531e-002
3.979938e+003,1.707091e-002
3.980420e+003,1.703568e-002
3.980902e+003,1.701363e-002
3.981385e+003,1.700490e-002
3.981867e+003,1.700603e-002
3.982349e+003,1.701182e-002
3.982831e+003,1.701934e-002
3.983313e+003,1.702753e-002
3.983795e+003,1.703879e-002
3.984277e+003,1.705499e-002
3.984760e+003,1.707652e-002
3.985242e+003,1.710112e-002
3.985724e+003,1.712493e-002
3.986206e+003,1.714474e-002
3.986688e+003,1.716016e-002
3.987170e+003,1.717371e-002
3.987652e+003,1.719140e-002
3.988134e+003,1.721697e-002
3.988616e+003,1.725135e-002
3.989099e+003,1.728988e-002
3.989581e+003,1.732428e-002
3.990063e+003,1.734601e-002
3.990545e+003,1.734917e-002
3.991027e+003,1.733417e-002
3.991509e+003,1.730554e-002
3.991991e+003,1.727089e-002
3.992473e+003,1.723704e-002
3.992956e+003,1.720598e-002
3.993438e+003,1.717826e-002
3.993920e+003,1.715307e-002
3.994402e+003,1.713161e-002
3.994884e+003,1.711576e-002
3.995366e+003,1.711181e-002
3.995848e+003,1.712284e-002
3.996330e+003,1.714951e-002
3.996813e+003,1.718796e-002
3.997295e+003,1.722829e-002
3.997777e+003,1.726194e-002
3.998259e+003,1.728262e-002
3.998741e+003,1.728778e-002
3.999223e+003,1.728157e-002
3.999705e+003,1.726919e-002
4.000188e+003,1.725682e-002
